com.samsung.shealth.calories_burned.details,7006011,4
active_calories_goal,version,extra_data,exercise_calories,total_exercise_calories,com.samsung.shealth.calories_burned.create_sh_ver,com.samsung.shealth.calories_burned.tef_calorie,com.samsung.shealth.calories_burned.active_time,com.samsung.shealth.calories_burned.rest_calorie,com.samsung.shealth.calories_burned.modify_sh_ver,com.samsung.shealth.calories_burned.update_time,com.samsung.shealth.calories_burned.create_time,com.samsung.shealth.calories_burned.active_calorie,com.samsung.shealth.calories_burned.deviceuuid,com.samsung.shealth.calories_burned.pkg_name,com.samsung.shealth.calories_burned.datauuid,com.samsung.shealth.calories_burned.day_time
,,20c2213d-8f0e-4913-a575-db6765f8df73.extra_data.json,,,,0.0,0,1638.7489,,2023-10-20 19:21:26.618,2023-10-20 19:21:24.107,0.0,487mnSNu6t,com.sec.android.app.shealth,20c2213d-8f0e-4913-a575-db6765f8df73,2023-09-23 00:00:00.000,
,,6898a5ca-9dc7-46f4-964d-e256ee578048.extra_data.json,,,,0.0,0,1638.7489,,2023-10-20 19:21:26.632,2023-10-20 19:21:24.112,0.0,487mnSNu6t,com.sec.android.app.shealth,6898a5ca-9dc7-46f4-964d-e256ee578048,2023-09-24 00:00:00.000,
,,28950e97-f039-4d3d-9b89-6315b61311df.extra_data.json,,,,0.0,0,1638.7489,,2023-10-20 19:21:26.638,2023-10-20 19:21:24.124,0.0,487mnSNu6t,com.sec.android.app.shealth,28950e97-f039-4d3d-9b89-6315b61311df,2023-09-25 00:00:00.000,
,,31fceb67-d6ba-4b86-911e-14de828e462e.extra_data.json,,,,0.0,0,1638.7489,,2023-10-20 19:21:26.645,2023-10-20 19:21:24.127,0.0,487mnSNu6t,com.sec.android.app.shealth,31fceb67-d6ba-4b86-911e-14de828e462e,2023-09-26 00:00:00.000,
,,0a1e0d66-b32e-48f9-b4c1-a897435808ac.extra_data.json,,,,0.0,0,1638.7489,,2023-10-20 19:21:26.652,2023-10-20 19:21:24.142,0.0,487mnSNu6t,com.sec.android.app.shealth,0a1e0d66-b32e-48f9-b4c1-a897435808ac,2023-09-27 00:00:00.000,
,,d4191965-6d3b-40b6-abad-d872f751c480.extra_data.json,,,,0.0,0,1638.7489,,2023-10-20 19:21:26.662,2023-10-20 19:21:24.147,0.0,487mnSNu6t,com.sec.android.app.shealth,d4191965-6d3b-40b6-abad-d872f751c480,2023-09-28 00:00:00.000,
,,d2539295-fbb0-4343-bb9c-a7e942ae7155.extra_data.json,,,,0.0,0,1638.7489,,2023-10-20 19:21:26.668,2023-10-20 19:21:24.158,0.0,487mnSNu6t,com.sec.android.app.shealth,d2539295-fbb0-4343-bb9c-a7e942ae7155,2023-09-29 00:00:00.000,
,,052ae09c-163b-415a-8e23-da2dc0e8440b.extra_data.json,,,,0.0,0,1638.7489,,2023-10-20 19:21:26.675,2023-10-20 19:21:24.166,0.0,487mnSNu6t,com.sec.android.app.shealth,052ae09c-163b-415a-8e23-da2dc0e8440b,2023-09-30 00:00:00.000,
,,e74a16a2-8337-4887-8c5f-0f70e18f14f5.extra_data.json,,,,0.0,0,1954.6788,,2023-10-28 03:23:20.551,2023-10-20 19:21:24.170,0.0,487mnSNu6t,com.sec.android.app.shealth,e74a16a2-8337-4887-8c5f-0f70e18f14f5,2023-10-01 00:00:00.000,
,,3095edaf-cc58-49af-b918-a514e4d6444a.extra_data.json,,,,0.0,0,1954.6788,,2023-10-28 03:23:20.564,2023-10-20 19:21:24.178,0.0,487mnSNu6t,com.sec.android.app.shealth,3095edaf-cc58-49af-b918-a514e4d6444a,2023-10-02 00:00:00.000,
,,eba5f14e-66e2-4869-81b6-d8851694e1f9.extra_data.json,,,,0.0,0,1954.6788,,2023-10-28 03:23:20.574,2023-10-20 19:21:24.205,0.0,487mnSNu6t,com.sec.android.app.shealth,eba5f14e-66e2-4869-81b6-d8851694e1f9,2023-10-03 00:00:00.000,
,,1d646616-849b-4e34-98c0-6a0621338713.extra_data.json,,,,0.0,0,1954.6788,,2023-10-28 03:23:20.583,2023-10-20 19:21:24.216,0.0,487mnSNu6t,com.sec.android.app.shealth,1d646616-849b-4e34-98c0-6a0621338713,2023-10-04 00:00:00.000,
,,da2b0f29-c4d6-4671-b58f-5069c1d00c3c.extra_data.json,,,,0.0,0,1954.6788,,2023-10-28 03:23:20.596,2023-10-20 19:21:24.225,0.0,487mnSNu6t,com.sec.android.app.shealth,da2b0f29-c4d6-4671-b58f-5069c1d00c3c,2023-10-05 00:00:00.000,
,,3e098585-942e-47a3-84f3-1a9891ccae15.extra_data.json,,,,0.0,0,1954.6788,,2023-10-28 03:23:20.623,2023-10-20 19:21:24.241,0.0,487mnSNu6t,com.sec.android.app.shealth,3e098585-942e-47a3-84f3-1a9891ccae15,2023-10-06 00:00:00.000,
,,eb5c6258-5b24-48ad-8b83-92c912fe391f.extra_data.json,,,,0.0,0,1954.6788,,2023-10-28 03:23:20.636,2023-10-20 19:21:24.250,0.0,487mnSNu6t,com.sec.android.app.shealth,eb5c6258-5b24-48ad-8b83-92c912fe391f,2023-10-07 00:00:00.000,
,,2a458438-3dd9-4155-b4b0-7a5ffe3207aa.extra_data.json,,,,0.0,0,1954.6788,,2023-10-28 03:23:20.644,2023-10-20 19:21:24.268,0.0,487mnSNu6t,com.sec.android.app.shealth,2a458438-3dd9-4155-b4b0-7a5ffe3207aa,2023-10-08 00:00:00.000,
,,866a6b1d-3a72-4073-8372-94c304f905dd.extra_data.json,,,,0.0,0,1954.6788,,2023-10-28 03:23:20.656,2023-10-20 19:21:24.273,0.0,487mnSNu6t,com.sec.android.app.shealth,866a6b1d-3a72-4073-8372-94c304f905dd,2023-10-09 00:00:00.000,
,,44cb601a-c2b4-4bfb-9306-1a00cf06c4e2.extra_data.json,,,,0.0,0,1954.6788,,2023-10-28 03:23:20.661,2023-10-20 19:21:24.282,0.0,487mnSNu6t,com.sec.android.app.shealth,44cb601a-c2b4-4bfb-9306-1a00cf06c4e2,2023-10-10 00:00:00.000,
,,8903189a-884f-4eda-bcfc-e78d7224971a.extra_data.json,,,,0.0,0,1954.6788,,2023-10-28 03:23:20.671,2023-10-20 19:21:24.287,0.0,487mnSNu6t,com.sec.android.app.shealth,8903189a-884f-4eda-bcfc-e78d7224971a,2023-10-11 00:00:00.000,
,,7a3697e4-f888-456f-b758-7298ff352eab.extra_data.json,,,,0.0,0,1954.6788,,2023-10-28 03:23:20.679,2023-10-20 19:21:24.294,0.0,487mnSNu6t,com.sec.android.app.shealth,7a3697e4-f888-456f-b758-7298ff352eab,2023-10-12 00:00:00.000,
,,0b2738f3-6987-470f-934d-87b451d1e0cd.extra_data.json,,,,0.0,0,1954.6788,,2023-10-28 03:23:20.692,2023-10-20 19:21:24.297,0.0,487mnSNu6t,com.sec.android.app.shealth,0b2738f3-6987-470f-934d-87b451d1e0cd,2023-10-13 00:00:00.000,
,,c233f9d0-f29e-4099-a331-a12bd198f7f8.extra_data.json,,,,0.0,0,1954.6788,,2023-10-28 03:23:20.704,2023-10-20 19:21:24.300,0.0,487mnSNu6t,com.sec.android.app.shealth,c233f9d0-f29e-4099-a331-a12bd198f7f8,2023-10-14 00:00:00.000,
,,3add5336-2036-4bf3-8f6e-0d6992d80ba5.extra_data.json,,,,0.0,0,1954.6788,,2023-10-28 03:23:20.712,2023-10-20 19:21:24.309,0.0,487mnSNu6t,com.sec.android.app.shealth,3add5336-2036-4bf3-8f6e-0d6992d80ba5,2023-10-15 00:00:00.000,
,,39e24bd9-b36c-49bb-8380-bd608ef001bd.extra_data.json,,,,0.0,0,1954.6788,,2023-10-28 03:23:20.722,2023-10-20 19:21:24.316,0.0,487mnSNu6t,com.sec.android.app.shealth,39e24bd9-b36c-49bb-8380-bd608ef001bd,2023-10-16 00:00:00.000,
,,fcdd297d-050c-465b-844b-f1ae6d620e84.extra_data.json,,,,0.0,0,1954.6788,,2023-10-28 03:23:20.731,2023-10-20 19:21:24.320,0.0,487mnSNu6t,com.sec.android.app.shealth,fcdd297d-050c-465b-844b-f1ae6d620e84,2023-10-17 00:00:00.000,
,,b23e1779-b850-4ebc-9cd9-ccd6a8ad9546.extra_data.json,,,,0.0,0,1954.6788,,2023-10-28 03:23:20.742,2023-10-20 19:21:24.353,0.0,487mnSNu6t,com.sec.android.app.shealth,b23e1779-b850-4ebc-9cd9-ccd6a8ad9546,2023-10-18 00:00:00.000,
,,b6fbe386-d415-47d1-8837-582b22236747.extra_data.json,,,,0.0,0,1954.6788,,2023-10-21 04:34:53.397,2023-10-20 19:21:24.396,0.0,487mnSNu6t,com.sec.android.app.shealth,b6fbe386-d415-47d1-8837-582b22236747,2023-10-19 00:00:00.000,
,,14a986d0-550a-4456-8566-4aae49ffa678.extra_data.json,,,,0.0,519592,1942.9237,,2023-10-28 03:23:20.755,2023-10-20 19:21:24.402,32.91,487mnSNu6t,com.sec.android.app.shealth,14a986d0-550a-4456-8566-4aae49ffa678,2023-10-20 00:00:00.000,
,,f99a8a1d-1a2b-42ce-904b-5837cbd8625f.extra_data.json,,,,0.0,3443370,1876.7775,,2023-10-28 03:23:20.772,2023-10-21 03:00:01.614,331.96777,487mnSNu6t,com.sec.android.app.shealth,f99a8a1d-1a2b-42ce-904b-5837cbd8625f,2023-10-21 00:00:00.000,
,,18283877-c9ee-4a39-bf6a-e1ac7e80f376.extra_data.json,,,,0.0,1635077,1917.6874,,2023-10-28 03:23:20.777,2023-10-22 03:20:46.994,121.33001,487mnSNu6t,com.sec.android.app.shealth,18283877-c9ee-4a39-bf6a-e1ac7e80f376,2023-10-22 00:00:00.000,
,,1962b871-043d-494d-9aab-1b2a30777143.extra_data.json,,,,0.0,1074793,1930.3632,,2023-10-28 03:23:20.786,2023-10-23 03:06:47.057,87.60001,487mnSNu6t,com.sec.android.app.shealth,1962b871-043d-494d-9aab-1b2a30777143,2023-10-23 00:00:00.000,
,,cfc3c4c2-b64d-4f5d-bdd8-ccbe3b949d81.extra_data.json,,,,0.0,4153026,1860.7224,,2023-10-28 03:23:20.797,2023-10-24 03:00:01.256,429.5041,487mnSNu6t,com.sec.android.app.shealth,cfc3c4c2-b64d-4f5d-bdd8-ccbe3b949d81,2023-10-24 00:00:00.000,
,,a626486e-d957-48d3-be52-b840453eca10.extra_data.json,,,,0.0,881904,1934.7269,,2023-10-28 03:23:20.816,2023-10-25 03:00:01.546,67.93001,487mnSNu6t,com.sec.android.app.shealth,a626486e-d957-48d3-be52-b840453eca10,2023-10-25 00:00:00.000,
,,20088883-e943-48c8-9366-4a6349a42802.extra_data.json,,,,0.0,3755102,1869.7249,,2023-10-28 03:23:20.835,2023-10-26 03:20:42.609,373.04846,487mnSNu6t,com.sec.android.app.shealth,20088883-e943-48c8-9366-4a6349a42802,2023-10-26 00:00:00.000,
,,591a701a-229b-4a7e-80bd-cf10b1ca01b0.extra_data.json,,,,0.0,1008750,1931.8572,,2023-10-28 03:23:20.851,2023-10-27 03:00:00.423,84.86999,487mnSNu6t,com.sec.android.app.shealth,591a701a-229b-4a7e-80bd-cf10b1ca01b0,2023-10-27 00:00:00.000,
,,66ba049c-4d07-4904-9fdd-2a41421ef8bc.extra_data.json,,,,0.0,3382416,1878.1564,,2023-10-29 03:01:15.890,2023-10-28 03:00:01.222,269.98105,487mnSNu6t,com.sec.android.app.shealth,66ba049c-4d07-4904-9fdd-2a41421ef8bc,2023-10-28 00:00:00.000,
,,175fb289-75a4-481c-8871-6823b9aeadd1.extra_data.json,,,,0.0,1295700,1925.3655,,2023-10-30 10:01:01.051,2023-10-29 03:00:00.714,99.49,487mnSNu6t,com.sec.android.app.shealth,175fb289-75a4-481c-8871-6823b9aeadd1,2023-10-29 00:00:00.000,
,,d188eeaa-9b10-4b1c-bb20-d938c87e3549.extra_data.json,,,,0.0,3791919,1868.892,,2023-10-31 11:54:10.067,2023-10-30 03:00:14.727,344.18207,487mnSNu6t,com.sec.android.app.shealth,d188eeaa-9b10-4b1c-bb20-d938c87e3549,2023-10-30 00:00:00.000,
,,b817608d-fd12-40ab-870e-21e36c744fd5.extra_data.json,,,,0.0,892298,1934.4918,,2023-11-01 09:38:10.972,2023-10-31 03:00:01.792,71.45001,487mnSNu6t,com.sec.android.app.shealth,b817608d-fd12-40ab-870e-21e36c744fd5,2023-10-31 00:00:00.000,
,,36f582f7-74ff-410a-af27-b4cf04117d2d.extra_data.json,,,,0.0,3792664,1868.8751,,2023-11-02 03:03:36.939,2023-11-01 03:00:06.345,271.1993,487mnSNu6t,com.sec.android.app.shealth,36f582f7-74ff-410a-af27-b4cf04117d2d,2023-11-01 00:00:00.000,
,,51669fd2-bfab-423d-8cb7-46e32cba280b.extra_data.json,,,,0.0,3071764,1885.1846,,2023-11-03 03:02:24.027,2023-11-02 03:00:01.999,300.6701,487mnSNu6t,com.sec.android.app.shealth,51669fd2-bfab-423d-8cb7-46e32cba280b,2023-11-02 00:00:00.000,
,,ba686e32-4729-4fad-b0fa-bcf6d1917084.extra_data.json,,,,0.0,3632938,1872.4886,,2023-11-04 04:34:05.865,2023-11-03 03:00:02.331,313.70056,487mnSNu6t,com.sec.android.app.shealth,ba686e32-4729-4fad-b0fa-bcf6d1917084,2023-11-03 00:00:00.000,
,,0f3f3ab3-4e95-4753-9cc3-0d7316714c50.extra_data.json,,,,0.0,2462634,1898.9652,,2023-11-05 03:08:50.717,2023-11-04 03:00:01.836,204.45023,487mnSNu6t,com.sec.android.app.shealth,0f3f3ab3-4e95-4753-9cc3-0d7316714c50,2023-11-04 00:00:00.000,
,,906d08ac-6e94-4ae1-82e1-032bb316a092.extra_data.json,,,,0.0,550275,1942.2296,,2023-11-06 09:50:05.577,2023-11-05 03:00:01.758,40.68,487mnSNu6t,com.sec.android.app.shealth,906d08ac-6e94-4ae1-82e1-032bb316a092,2023-11-05 00:00:00.000,
,,f926769a-f463-48c6-9a3e-ac8ee4562e56.extra_data.json,,,,0.0,3785464,1869.038,,2023-11-07 06:35:26.962,2023-11-06 03:00:01.544,357.3891,487mnSNu6t,com.sec.android.app.shealth,f926769a-f463-48c6-9a3e-ac8ee4562e56,2023-11-06 00:00:00.000,
,,c4a98752-e2cf-4a08-b184-fccd9aa5f8d3.extra_data.json,,,,0.0,3757492,1869.6709,,2023-11-08 03:00:00.370,2023-11-07 03:00:01.566,318.45007,487mnSNu6t,com.sec.android.app.shealth,c4a98752-e2cf-4a08-b184-fccd9aa5f8d3,2023-11-07 00:00:00.000,
,,b958f776-0c3f-4176-b9f5-d9b0c1c11918.extra_data.json,,,,0.0,3527463,1874.8749,,2023-11-09 03:01:47.515,2023-11-08 03:00:00.259,323.94022,487mnSNu6t,com.sec.android.app.shealth,b958f776-0c3f-4176-b9f5-d9b0c1c11918,2023-11-08 00:00:00.000,
,,292b08a0-465e-44a1-a5cc-4e8c885fa70f.extra_data.json,,,,0.0,1646965,1917.4185,,2023-11-10 03:00:00.976,2023-11-09 03:00:00.561,150.94662,487mnSNu6t,com.sec.android.app.shealth,292b08a0-465e-44a1-a5cc-4e8c885fa70f,2023-11-09 00:00:00.000,
,,8ade0215-5427-490f-9c06-7133ddf98362.extra_data.json,,,,0.0,3550881,1874.3451,,2023-11-11 18:21:01.075,2023-11-10 03:00:00.912,318.652,487mnSNu6t,com.sec.android.app.shealth,8ade0215-5427-490f-9c06-7133ddf98362,2023-11-10 00:00:00.000,
,,d4e26c0d-f53c-4d18-976b-67fc91e8141f.extra_data.json,,,,0.0,1818475,1913.5385,,2023-11-12 04:58:44.826,2023-11-11 03:00:01.937,145.88998,487mnSNu6t,com.sec.android.app.shealth,d4e26c0d-f53c-4d18-976b-67fc91e8141f,2023-11-11 00:00:00.000,
,,ab1bd7ad-e558-4f6f-9e37-e9cc2ce41d7e.extra_data.json,,,,0.0,3413791,1877.4465,,2023-11-13 03:00:00.994,2023-11-12 03:00:00.694,311.53687,487mnSNu6t,com.sec.android.app.shealth,ab1bd7ad-e558-4f6f-9e37-e9cc2ce41d7e,2023-11-12 00:00:00.000,
,,53637c8a-064f-42a6-8418-1212c9b29ce9.extra_data.json,,,,0.0,1652949,1917.2831,,2023-11-14 03:37:21.998,2023-11-13 03:00:00.562,125.890015,487mnSNu6t,com.sec.android.app.shealth,53637c8a-064f-42a6-8418-1212c9b29ce9,2023-11-13 00:00:00.000,
,,eed8c2b7-1179-459e-a7d2-985d6c7a5116.extra_data.json,,,,0.0,968081,1932.7773,,2023-11-15 08:11:10.383,2023-11-14 03:00:01.689,72.119995,487mnSNu6t,com.sec.android.app.shealth,eed8c2b7-1179-459e-a7d2-985d6c7a5116,2023-11-14 00:00:00.000,
,,6e6d2ff3-49d5-4b7a-b589-e8ef4441c3d1.extra_data.json,,,,0.0,370813,1946.2896,,2023-11-16 03:00:01.260,2023-11-15 03:00:01.745,54.396004,487mnSNu6t,com.sec.android.app.shealth,6e6d2ff3-49d5-4b7a-b589-e8ef4441c3d1,2023-11-15 00:00:00.000,
,,a04528cb-d08f-49ef-b9bc-0e0dfba85dda.extra_data.json,,,,0.0,1110021,1929.566,,2023-11-17 03:33:54.651,2023-11-16 03:00:00.746,82.35,487mnSNu6t,com.sec.android.app.shealth,a04528cb-d08f-49ef-b9bc-0e0dfba85dda,2023-11-16 00:00:00.000,
,,fc8e97a7-9234-48ec-b44e-143ac2455868.extra_data.json,,,,0.0,911099,1934.0665,,2023-11-18 20:42:12.659,2023-11-17 03:00:00.446,79.07998,487mnSNu6t,com.sec.android.app.shealth,fc8e97a7-9234-48ec-b44e-143ac2455868,2023-11-17 00:00:00.000,
,,20f267b6-b487-4885-a6bb-7c73f57a8ad8.extra_data.json,,,,0.0,927091,1933.7047,,2023-11-19 16:19:06.675,2023-11-18 03:00:02.544,82.24001,487mnSNu6t,com.sec.android.app.shealth,20f267b6-b487-4885-a6bb-7c73f57a8ad8,2023-11-18 00:00:00.000,
,,51517a00-49f0-4b9e-a015-a1cc5d1fcfa6.extra_data.json,,,,0.0,836059,2081.7053,,2023-11-20 09:59:34.904,2023-11-19 03:00:01.433,94.88001,487mnSNu6t,com.sec.android.app.shealth,51517a00-49f0-4b9e-a015-a1cc5d1fcfa6,2023-11-19 00:00:00.000,
,,23828c5a-9a83-4b45-b4d2-1a4bf818379b.extra_data.json,,,,0.0,3629147,2013.7516,,2023-11-21 09:27:00.825,2023-11-20 03:00:00.492,394.85483,487mnSNu6t,com.sec.android.app.shealth,23828c5a-9a83-4b45-b4d2-1a4bf818379b,2023-11-20 00:00:00.000,
,,ea702045-4c73-4925-bf02-fff9bf65b905.extra_data.json,,,,0.0,1855767,2056.8965,,2023-11-22 11:38:56.086,2023-11-21 03:00:00.476,161.58005,487mnSNu6t,com.sec.android.app.shealth,ea702045-4c73-4925-bf02-fff9bf65b905,2023-11-21 00:00:00.000,
,,e34ffccb-305a-4464-9f8d-5c15ae38ad3d.extra_data.json,,,,0.0,1392909,2068.1575,,2023-11-23 11:41:48.887,2023-11-22 03:00:02.685,134.5201,487mnSNu6t,com.sec.android.app.shealth,e34ffccb-305a-4464-9f8d-5c15ae38ad3d,2023-11-22 00:00:00.000,
,,899c03d7-8cfe-4567-b8fb-ad21b063b804.extra_data.json,,,,0.0,1184165,2073.2358,,2023-11-24 09:47:56.089,2023-11-23 03:00:00.730,110.27999,487mnSNu6t,com.sec.android.app.shealth,899c03d7-8cfe-4567-b8fb-ad21b063b804,2023-11-23 00:00:00.000,
,,66db1a4d-8b9a-4d88-a271-beb7a4948d7a.extra_data.json,,,,0.0,2662620,2037.2662,,2023-11-25 03:00:01.358,2023-11-24 03:00:00.919,238.1301,487mnSNu6t,com.sec.android.app.shealth,66db1a4d-8b9a-4d88-a271-beb7a4948d7a,2023-11-24 00:00:00.000,
,,99ac9c89-398c-4d20-8ba4-50e6f472c619.extra_data.json,,,,0.0,2268073,2046.8654,,2023-11-26 13:20:40.256,2023-11-25 03:00:01.131,207.92001,487mnSNu6t,com.sec.android.app.shealth,99ac9c89-398c-4d20-8ba4-50e6f472c619,2023-11-25 00:00:00.000,
,,365f349c-97fe-4671-9cd4-18916c5c7214.extra_data.json,,,,0.0,1301048,2070.3923,,2023-11-27 10:20:41.860,2023-11-26 03:00:01.515,107.32004,487mnSNu6t,com.sec.android.app.shealth,365f349c-97fe-4671-9cd4-18916c5c7214,2023-11-26 00:00:00.000,
,,336697da-9630-4773-afc2-8f3f95cdb649.extra_data.json,,,,0.0,1333047,2069.6138,,2023-11-28 10:02:15.376,2023-11-27 03:00:00.678,117.850044,487mnSNu6t,com.sec.android.app.shealth,336697da-9630-4773-afc2-8f3f95cdb649,2023-11-27 00:00:00.000,
,,cf50559c-1c99-433f-9551-eb243103be79.extra_data.json,,,,0.0,4327855,1996.7524,,2023-11-29 12:18:09.037,2023-11-28 03:00:00.337,497.9599,487mnSNu6t,com.sec.android.app.shealth,cf50559c-1c99-433f-9551-eb243103be79,2023-11-28 00:00:00.000,
,,a4357cfc-3509-4de4-8c9e-e12ff85de661.extra_data.json,,,,0.0,1328495,2069.7246,,2023-11-30 09:55:57.707,2023-11-29 03:00:00.851,110.23001,487mnSNu6t,com.sec.android.app.shealth,a4357cfc-3509-4de4-8c9e-e12ff85de661,2023-11-29 00:00:00.000,
,,ad2261d8-ddcc-4fdf-9d86-5cdd1b7331b8.extra_data.json,,170.0,,0.0,3776137,2010.1753,62600630,2023-12-27 21:18:52.615,2023-11-30 03:00:02.461,373.8078,487mnSNu6t,com.sec.android.app.shealth,ad2261d8-ddcc-4fdf-9d86-5cdd1b7331b8,2023-11-30 00:00:00.000,
,,f7a839ed-3422-4aa8-b32b-d9139bbd95c1.extra_data.json,,0.0,,0.0,1327929,2069.7383,62600630,2023-12-27 21:18:52.648,2023-12-01 03:00:06.021,134.53003,487mnSNu6t,com.sec.android.app.shealth,f7a839ed-3422-4aa8-b32b-d9139bbd95c1,2023-12-01 00:00:00.000,
,,3587cccd-a320-457e-b437-297ddd965621.extra_data.json,,0.0,,0.0,2753016,2035.067,62600630,2023-12-29 11:23:10.003,2023-12-02 03:00:01.548,231.16002,487mnSNu6t,com.sec.android.app.shealth,3587cccd-a320-457e-b437-297ddd965621,2023-12-02 00:00:00.000,
,,e4ee6070-141a-4d68-aa5a-69a519c24c32.extra_data.json,,0.0,,0.0,1145786,2074.1697,62600630,2023-12-30 12:16:28.769,2023-12-03 03:00:00.536,89.46001,487mnSNu6t,com.sec.android.app.shealth,e4ee6070-141a-4d68-aa5a-69a519c24c32,2023-12-03 00:00:00.000,
,,28716d56-c49d-47ed-9180-82c8152487f6.extra_data.json,,0.0,,0.0,2062935,2051.8562,62600630,2023-12-30 12:16:28.809,2023-12-04 03:00:00.329,205.75008,487mnSNu6t,com.sec.android.app.shealth,28716d56-c49d-47ed-9180-82c8152487f6,2023-12-04 00:00:00.000,
,,66a4f3a8-3f8a-47ed-ac12-9db4bb890768.extra_data.json,,0.0,,0.0,2403259,2043.5764,62600630,2023-12-30 12:16:28.826,2023-12-05 03:00:01.353,214.05,487mnSNu6t,com.sec.android.app.shealth,66a4f3a8-3f8a-47ed-ac12-9db4bb890768,2023-12-05 00:00:00.000,
,,5364b143-9631-4efc-b350-fe4fce9ff915.extra_data.json,,322.0,,0.0,4420515,1994.4982,62600630,2023-12-30 12:16:28.839,2023-12-06 03:00:00.844,504.93005,487mnSNu6t,com.sec.android.app.shealth,5364b143-9631-4efc-b350-fe4fce9ff915,2023-12-06 00:00:00.000,
,,11a06897-f824-42c3-bf6d-66c5653f6d5b.extra_data.json,,90.0,,0.0,2626918,2038.1349,62600630,2023-12-30 12:16:28.869,2023-12-07 03:00:01.039,252.76453,487mnSNu6t,com.sec.android.app.shealth,11a06897-f824-42c3-bf6d-66c5653f6d5b,2023-12-07 00:00:00.000,
,,2b252f6e-6d4e-4d53-b072-ce9c74d996c5.extra_data.json,,220.0,,0.0,4746176,1986.5751,62600630,2023-12-30 12:16:28.883,2023-12-08 03:00:00.774,512.50977,487mnSNu6t,com.sec.android.app.shealth,2b252f6e-6d4e-4d53-b072-ce9c74d996c5,2023-12-08 00:00:00.000,
,,a13b9493-dc14-4424-993d-dd7ba4baaf2a.extra_data.json,,0.0,,0.0,3638731,2013.5184,62600630,2023-12-30 12:16:28.896,2023-12-09 03:00:01.811,302.31018,487mnSNu6t,com.sec.android.app.shealth,a13b9493-dc14-4424-993d-dd7ba4baaf2a,2023-12-09 00:00:00.000,
,,40dbb3e8-1373-4a77-b203-9dff53c547b2.extra_data.json,,0.0,,0.0,1725721,2060.0603,62600630,2023-12-30 12:16:28.905,2023-12-10 03:48:59.960,174.12003,487mnSNu6t,com.sec.android.app.shealth,40dbb3e8-1373-4a77-b203-9dff53c547b2,2023-12-10 00:00:00.000,
,,426f4f46-2dca-4f2a-b07d-0c9516f2d61b.extra_data.json,,0.0,,0.0,1405286,2067.8562,62600630,2024-01-07 15:39:18.709,2023-12-11 03:00:00.817,151.87004,487mnSNu6t,com.sec.android.app.shealth,426f4f46-2dca-4f2a-b07d-0c9516f2d61b,2023-12-11 00:00:00.000,
,,aa4f27ca-b1a6-4bca-9662-95c38db10005.extra_data.json,,98.0,,0.0,4077160,2002.8517,62600630,2024-01-07 15:39:19.353,2023-12-12 03:00:01.671,382.55005,487mnSNu6t,com.sec.android.app.shealth,aa4f27ca-b1a6-4bca-9662-95c38db10005,2023-12-12 00:00:00.000,
,,98969426-2a7a-40b3-9d16-ad513a07d4bf.extra_data.json,,223.0,,0.0,3838587,2008.656,62600630,2024-01-07 15:39:19.504,2023-12-13 03:00:01.247,427.0514,487mnSNu6t,com.sec.android.app.shealth,98969426-2a7a-40b3-9d16-ad513a07d4bf,2023-12-13 00:00:00.000,
,,82f64c7f-f1a3-4147-b43b-31618ced63f1.extra_data.json,,0.0,,0.0,1836588,2057.363,62600630,2024-01-07 15:39:19.830,2023-12-14 03:00:02.101,148.56004,487mnSNu6t,com.sec.android.app.shealth,82f64c7f-f1a3-4147-b43b-31618ced63f1,2023-12-14 00:00:00.000,
,,6b86932c-003c-4fe8-b6ea-a336432f665e.extra_data.json,,0.0,,0.0,1990254,2053.6245,62600630,2024-01-12 00:58:15.569,2023-12-15 03:00:01.111,175.14005,487mnSNu6t,com.sec.android.app.shealth,6b86932c-003c-4fe8-b6ea-a336432f665e,2023-12-15 00:00:00.000,
,,2484b3d6-ec14-4741-bbe3-6823f0ffc70d.extra_data.json,,0.0,,0.0,1536183,2064.6716,62600630,2024-01-12 00:58:15.612,2023-12-16 03:09:59.979,133.37006,487mnSNu6t,com.sec.android.app.shealth,2484b3d6-ec14-4741-bbe3-6823f0ffc70d,2023-12-16 00:00:00.000,
,,abad40cd-5677-48fc-88b6-684ed3ccc758.extra_data.json,,0.0,,0.0,2193431,2048.6814,62600630,2024-01-12 00:58:15.689,2023-12-17 03:00:00.456,204.19008,487mnSNu6t,com.sec.android.app.shealth,abad40cd-5677-48fc-88b6-684ed3ccc758,2023-12-17 00:00:00.000,
,,b2f7902a-14d1-4c2b-a2b2-9ff53da6e8e7.extra_data.json,,64.93,,0.0,4360317,1995.9626,62600630,2024-01-12 00:58:15.897,2023-12-18 03:00:01.081,364.22995,487mnSNu6t,com.sec.android.app.shealth,b2f7902a-14d1-4c2b-a2b2-9ff53da6e8e7,2023-12-18 00:00:00.000,
,,4c6fa328-8ae0-4ab4-b860-775836367baa.extra_data.json,,0.0,,0.0,1425091,2067.3745,62600630,2024-01-12 00:58:15.970,2023-12-19 03:00:02.524,124.67001,487mnSNu6t,com.sec.android.app.shealth,4c6fa328-8ae0-4ab4-b860-775836367baa,2023-12-19 00:00:00.000,
,,dbd48988-ec0b-44ac-aeb5-d1619f9e2883.extra_data.json,,226.0,,0.0,4761052,1986.213,62600630,2024-01-12 00:58:16.008,2023-12-20 03:00:02.441,501.67484,487mnSNu6t,com.sec.android.app.shealth,dbd48988-ec0b-44ac-aeb5-d1619f9e2883,2023-12-20 00:00:00.000,
,,a62c1435-d01b-46eb-9f4f-11551eab0f05.extra_data.json,,129.0,,0.0,4203729,1999.7723,62600630,2024-01-12 00:58:16.060,2023-12-21 03:00:00.607,425.29105,487mnSNu6t,com.sec.android.app.shealth,a62c1435-d01b-46eb-9f4f-11551eab0f05,2023-12-21 00:00:00.000,
,,d91f7026-a6f1-4554-9f9d-8fb52e4f6f11.extra_data.json,,83.0,,0.0,3795293,2009.7092,62600630,2024-01-12 00:58:16.109,2023-12-22 03:00:00.795,339.06042,487mnSNu6t,com.sec.android.app.shealth,d91f7026-a6f1-4554-9f9d-8fb52e4f6f11,2023-12-22 00:00:00.000,
,,be74c0a3-848e-4bfe-ac02-552ca6f2bc82.extra_data.json,,0.0,,0.0,1878291,2056.3486,62600630,2024-01-12 00:58:16.134,2023-12-23 03:00:00.503,174.39001,487mnSNu6t,com.sec.android.app.shealth,be74c0a3-848e-4bfe-ac02-552ca6f2bc82,2023-12-23 00:00:00.000,
,,8604985c-d6b3-45f2-9bf8-706c4225429e.extra_data.json,,0.0,,0.0,2465569,2042.0604,62610110,2024-01-20 22:33:00.708,2023-12-24 03:00:01.367,196.47,487mnSNu6t,com.sec.android.app.shealth,8604985c-d6b3-45f2-9bf8-706c4225429e,2023-12-24 00:00:00.000,
,,a61b6756-c069-4ee2-891f-4b30087ed04b.extra_data.json,,91.0,,0.0,3003632,2028.9697,62610110,2024-01-20 22:33:00.722,2023-12-25 03:00:01.918,295.6272,487mnSNu6t,com.sec.android.app.shealth,a61b6756-c069-4ee2-891f-4b30087ed04b,2023-12-25 00:00:00.000,
,,05234914-cc0b-45bd-aca7-e77145fd16bf.extra_data.json,,0.0,,0.0,1462495,2066.4644,62610110,2024-01-20 22:33:00.731,2023-12-26 03:00:02.037,157.15999,487mnSNu6t,com.sec.android.app.shealth,05234914-cc0b-45bd-aca7-e77145fd16bf,2023-12-26 00:00:00.000,
,,0daa3791-3af4-4afc-b980-ed4838119571.extra_data.json,,169.0,,0.0,3034794,2028.2117,62610110,2024-01-23 17:23:43.605,2023-12-27 03:00:00.959,357.3476,487mnSNu6t,com.sec.android.app.shealth,0daa3791-3af4-4afc-b980-ed4838119571,2023-12-27 00:00:00.000,
,,1d87c6fb-9c02-4c9e-afbe-08022be6742d.extra_data.json,,0.0,62600630,0.0,1520564,2065.0518,62610110,2024-01-23 17:23:43.639,2023-12-28 03:00:01.604,143.38995,487mnSNu6t,com.sec.android.app.shealth,1d87c6fb-9c02-4c9e-afbe-08022be6742d,2023-12-28 00:00:00.000,
,,0ba758e6-8d4d-4ecc-ae2e-162e9907046c.extra_data.json,,0.0,62600630,0.0,1795231,2058.3691,62610110,2024-01-23 17:23:43.664,2023-12-29 03:00:01.264,147.04001,487mnSNu6t,com.sec.android.app.shealth,0ba758e6-8d4d-4ecc-ae2e-162e9907046c,2023-12-29 00:00:00.000,
,,cba040c0-363b-4965-8f04-bfb8c571ec3a.extra_data.json,,74.0,62600630,0.0,4454732,1993.6655,62610110,2024-01-27 01:39:19.450,2023-12-30 03:00:00.729,395.47833,487mnSNu6t,com.sec.android.app.shealth,cba040c0-363b-4965-8f04-bfb8c571ec3a,2023-12-30 00:00:00.000,
,,d0c3f263-5208-4ba6-9967-65b46605ec63.extra_data.json,,0.0,62600630,0.0,3787812,2009.8914,62610110,2024-01-27 01:39:19.528,2023-12-31 03:00:00.775,306.09998,487mnSNu6t,com.sec.android.app.shealth,d0c3f263-5208-4ba6-9967-65b46605ec63,2023-12-31 00:00:00.000,
,,d10efb82-4b5a-4295-a99c-0e3f1ac8825c.extra_data.json,,0.0,62600630,0.0,2555993,2039.8605,62610110,2024-01-27 01:39:19.615,2024-01-01 03:00:01.628,229.69005,487mnSNu6t,com.sec.android.app.shealth,d10efb82-4b5a-4295-a99c-0e3f1ac8825c,2024-01-01 00:00:00.000,
,,74850fb5-78bc-485d-8ede-b6a0be825c81.extra_data.json,,0.0,62600630,0.0,2460658,2042.1799,62610110,2024-01-27 01:39:19.714,2024-01-02 03:00:01.669,218.05003,487mnSNu6t,com.sec.android.app.shealth,74850fb5-78bc-485d-8ede-b6a0be825c81,2024-01-02 00:00:00.000,
,,ea100d63-a4c3-41ab-816b-145fdbf55f50.extra_data.json,,0.0,62600630,0.0,1246191,2071.727,62610110,2024-01-27 01:39:19.775,2024-01-03 03:00:01.837,114.99001,487mnSNu6t,com.sec.android.app.shealth,ea100d63-a4c3-41ab-816b-145fdbf55f50,2024-01-03 00:00:00.000,
,,d513c6bf-2151-464a-999f-32995b2fe639.extra_data.json,,245.0,62600630,0.0,5038566,1979.4613,62610110,2024-02-01 01:20:05.706,2024-01-04 03:00:00.909,508.4104,487mnSNu6t,com.sec.android.app.shealth,d513c6bf-2151-464a-999f-32995b2fe639,2024-01-04 00:00:00.000,
,,4deb0c5c-84ca-44ec-9082-c0113d89b6ba.extra_data.json,,156.0,62600630,0.0,3611431,2014.1825,62610110,2024-02-01 20:14:05.378,2024-01-05 03:00:01.505,354.57062,487mnSNu6t,com.sec.android.app.shealth,4deb0c5c-84ca-44ec-9082-c0113d89b6ba,2024-01-05 00:00:00.000,
,,c373d909-7d68-4ff7-b4c3-cdc3707ef93d.extra_data.json,,589.0,62600630,0.0,9727435,1865.3849,62610110,2024-02-01 20:14:05.413,2024-01-06 03:00:00.671,1007.489,487mnSNu6t,com.sec.android.app.shealth,c373d909-7d68-4ff7-b4c3-cdc3707ef93d,2024-01-06 00:00:00.000,
,,41dbfd09-0e49-42de-906c-c24bb6f932a0.extra_data.json,,0.0,62600630,0.0,935399,2079.2883,62620030,2024-02-03 15:33:19.789,2024-01-07 03:00:01.833,77.42999,487mnSNu6t,com.sec.android.app.shealth,41dbfd09-0e49-42de-906c-c24bb6f932a0,2024-01-07 00:00:00.000,
,,be5aa093-b9b7-47ed-9ef7-6bb5dfc502ff.extra_data.json,,438.0,62600630,0.0,5624430,1965.2078,62620030,2024-02-03 15:33:19.801,2024-01-08 03:00:00.806,652.1805,487mnSNu6t,com.sec.android.app.shealth,be5aa093-b9b7-47ed-9ef7-6bb5dfc502ff,2024-01-08 00:00:00.000,
,,a8eac375-398d-4f6b-a41d-6b74f1149074.extra_data.json,,0.0,62600630,0.0,3440880,2018.3319,62620030,2024-02-03 15:33:19.807,2024-01-09 03:00:01.106,299.57007,487mnSNu6t,com.sec.android.app.shealth,a8eac375-398d-4f6b-a41d-6b74f1149074,2024-01-09 00:00:00.000,
,,9574f8df-c0f7-4b8a-a99b-8f479251dc3c.extra_data.json,,326.90002,62600630,0.0,6280864,1949.2372,62620030,2024-02-06 13:28:22.107,2024-01-10 03:00:00.881,598.568,487mnSNu6t,com.sec.android.app.shealth,9574f8df-c0f7-4b8a-a99b-8f479251dc3c,2024-01-10 00:00:00.000,
,,d622a223-c922-4d4a-82ef-7e8d40602f76.extra_data.json,,284.0,62600630,0.0,5514472,1967.8829,62620030,2024-02-07 17:12:23.999,2024-01-11 03:00:00.494,596.80884,487mnSNu6t,com.sec.android.app.shealth,d622a223-c922-4d4a-82ef-7e8d40602f76,2024-01-11 00:00:00.000,
,,2612f7db-e477-4bf7-a6ac-3323f476d03f.extra_data.json,,420.0,62600630,0.0,6244057,1950.1327,62620030,2024-02-07 17:12:24.011,2024-01-12 03:00:01.199,692.4408,487mnSNu6t,com.sec.android.app.shealth,2612f7db-e477-4bf7-a6ac-3323f476d03f,2024-01-12 00:00:00.000,
,,f5ed6c24-957d-4c9f-8cd0-8f04bec2d612.extra_data.json,,0.0,62600630,0.0,1574919,2063.7292,62620030,2024-02-07 17:12:24.014,2024-01-13 03:00:01.192,127.49,487mnSNu6t,com.sec.android.app.shealth,f5ed6c24-957d-4c9f-8cd0-8f04bec2d612,2024-01-13 00:00:00.000,
,,00562eef-4bc7-4662-8f6f-1dd588735738.extra_data.json,,0.0,62600630,0.0,2970659,2029.7721,62620030,2024-02-07 17:12:24.018,2024-01-14 03:00:00.530,256.35004,487mnSNu6t,com.sec.android.app.shealth,00562eef-4bc7-4662-8f6f-1dd588735738,2024-01-14 00:00:00.000,
,,983cfd19-a88a-4464-a62a-9b78c03201bc.extra_data.json,,0.0,62600630,0.0,702337,2084.9585,62620030,2024-02-07 17:12:24.022,2024-01-15 03:00:01.761,63.16998,487mnSNu6t,com.sec.android.app.shealth,983cfd19-a88a-4464-a62a-9b78c03201bc,2024-01-15 00:00:00.000,
,,762c9cd7-4e7d-462b-bfbf-01c6697de9af.extra_data.json,,210.0,62600630,0.0,4153200,2001.0017,62620030,2024-02-07 17:12:24.026,2024-01-16 03:00:00.757,427.1613,487mnSNu6t,com.sec.android.app.shealth,762c9cd7-4e7d-462b-bfbf-01c6697de9af,2024-01-16 00:00:00.000,
,,2d5026b8-ba4a-426a-9582-867a5d95b5d0.extra_data.json,,143.55,62600630,0.0,4501930,1992.5173,62620030,2024-02-07 17:12:24.036,2024-01-17 03:00:01.004,398.24002,487mnSNu6t,com.sec.android.app.shealth,2d5026b8-ba4a-426a-9582-867a5d95b5d0,2024-01-17 00:00:00.000,
,,3f58baf8-cbe3-4faa-b4db-b4a4deafe2c6.extra_data.json,,0.0,62600630,0.0,2461881,2042.1501,62620030,2024-02-07 17:12:24.037,2024-01-18 03:00:01.166,207.39001,487mnSNu6t,com.sec.android.app.shealth,3f58baf8-cbe3-4faa-b4db-b4a4deafe2c6,2024-01-18 00:00:00.000,
,,05746ad8-dc52-434d-bbaf-2c6d5a3c8ed2.extra_data.json,,106.0,62600630,0.0,3935052,2006.309,62620030,2024-02-07 17:12:24.040,2024-01-19 03:00:00.650,360.51224,487mnSNu6t,com.sec.android.app.shealth,05746ad8-dc52-434d-bbaf-2c6d5a3c8ed2,2024-01-19 00:00:00.000,
,,9d2316ba-5895-4dd8-8b3f-2008ae2a39d6.extra_data.json,,219.0,62600630,0.0,4268808,1998.189,62620030,2024-02-16 16:18:34.048,2024-01-20 03:00:01.545,430.0068,487mnSNu6t,com.sec.android.app.shealth,9d2316ba-5895-4dd8-8b3f-2008ae2a39d6,2024-01-20 00:00:00.000,
,,c68959ef-6222-4d09-b2c6-2b5135e1b322.extra_data.json,,0.0,62610110,0.0,478873,2090.3953,62620030,2024-02-16 16:18:34.064,2024-01-21 03:00:01.797,48.98,487mnSNu6t,com.sec.android.app.shealth,c68959ef-6222-4d09-b2c6-2b5135e1b322,2024-01-21 00:00:00.000,
,,af5f7987-ede1-4f2b-9a3b-2972c427e9fe.extra_data.json,,0.0,62610110,0.0,1360154,2068.9543,62620030,2024-02-16 16:18:34.073,2024-01-22 03:00:00.443,147.06998,487mnSNu6t,com.sec.android.app.shealth,af5f7987-ede1-4f2b-9a3b-2972c427e9fe,2024-01-22 00:00:00.000,
,,f158e6e2-b6f5-4767-989c-bf23ee15c799.extra_data.json,,270.0,62610110,0.0,4045626,2003.6189,62620030,2024-02-16 16:18:34.089,2024-01-23 03:00:01.695,472.20502,487mnSNu6t,com.sec.android.app.shealth,f158e6e2-b6f5-4767-989c-bf23ee15c799,2024-01-23 00:00:00.000,
,,a2cbfa4d-c525-439c-a232-81a09066580e.extra_data.json,,158.34,62610110,0.0,4906321,1982.6788,62620030,2024-02-16 16:18:34.117,2024-01-24 03:00:16.630,418.46597,487mnSNu6t,com.sec.android.app.shealth,a2cbfa4d-c525-439c-a232-81a09066580e,2024-01-24 00:00:00.000,
,,70b881f4-9aa1-482a-9869-5aeaa974f45a.extra_data.json,,161.0,62610110,0.0,3438580,2018.388,62620030,2024-02-16 16:18:34.129,2024-01-25 03:00:02.201,393.86108,487mnSNu6t,com.sec.android.app.shealth,70b881f4-9aa1-482a-9869-5aeaa974f45a,2024-01-25 00:00:00.000,
,,6b6c615f-799d-4096-8d14-70469c2a3b31.extra_data.json,,0.0,62610110,0.0,1105818,2075.142,62620030,2024-02-16 16:18:34.140,2024-01-26 03:00:01.048,120.259995,487mnSNu6t,com.sec.android.app.shealth,6b6c615f-799d-4096-8d14-70469c2a3b31,2024-01-26 00:00:00.000,
,,2ad1d439-d9b5-41b2-bf8a-79e66e9907eb.extra_data.json,,0.0,62610110,0.0,964065,2078.5908,62620030,2024-02-16 16:18:34.149,2024-01-27 03:00:01.357,85.64995,487mnSNu6t,com.sec.android.app.shealth,2ad1d439-d9b5-41b2-bf8a-79e66e9907eb,2024-01-27 00:00:00.000,
,,98d2252f-3173-4ff6-b7be-d3551741e8c4.extra_data.json,,85.0,62610110,0.0,3700674,2012.0114,62620030,2024-02-16 16:18:34.162,2024-01-28 03:44:18.258,372.4052,487mnSNu6t,com.sec.android.app.shealth,98d2252f-3173-4ff6-b7be-d3551741e8c4,2024-01-28 00:00:00.000,
,,de63b83c-b842-4d18-93b1-84d9cd3e63e6.extra_data.json,,207.0,62610110,0.0,3979610,2005.225,62620030,2024-02-16 16:18:34.170,2024-01-29 03:00:01.045,417.27615,487mnSNu6t,com.sec.android.app.shealth,de63b83c-b842-4d18-93b1-84d9cd3e63e6,2024-01-29 00:00:00.000,
,,61bd3cb3-0d7e-405c-aaa6-806661c7e9f3.extra_data.json,,175.65,62610110,0.0,4022001,2004.1936,62620030,2024-02-26 23:42:09.651,2024-01-30 03:00:00.638,402.39966,487mnSNu6t,com.sec.android.app.shealth,61bd3cb3-0d7e-405c-aaa6-806661c7e9f3,2024-01-30 00:00:00.000,
,,0c55010d-ed49-4ec3-9cf0-81e48bf3f493.extra_data.json,,98.0,62610110,0.0,3373588,2019.9691,62620030,2024-02-27 09:54:01.456,2024-01-31 03:00:00.653,315.8432,487mnSNu6t,com.sec.android.app.shealth,0c55010d-ed49-4ec3-9cf0-81e48bf3f493,2024-01-31 00:00:00.000,
,,ba037a21-fc5b-4f51-951a-a7d28c726d14.extra_data.json,,572.5901,62610110,0.0,5199838,1975.5377,62620030,2024-02-27 09:54:01.476,2024-02-01 03:00:54.981,689.38055,487mnSNu6t,com.sec.android.app.shealth,ba037a21-fc5b-4f51-951a-a7d28c726d14,2024-02-01 00:00:00.000,
,,fb568efa-8057-4eea-9ff5-476673d78708.extra_data.json,,464.0,62610110,0.0,5656195,1964.435,62620030,2024-02-27 09:54:01.485,2024-02-02 03:00:02.360,656.0637,487mnSNu6t,com.sec.android.app.shealth,fb568efa-8057-4eea-9ff5-476673d78708,2024-02-02 00:00:00.000,
,,e345a94d-eb6b-41d6-8e37-29746198bb4b.extra_data.json,,0.0,62610110,0.0,634412,2086.611,62620030,2024-02-27 09:54:01.499,2024-02-03 03:11:04.531,63.78,487mnSNu6t,com.sec.android.app.shealth,e345a94d-eb6b-41d6-8e37-29746198bb4b,2024-02-03 00:00:00.000,
,,ccba05ee-70af-4865-9ff8-11a7a82445f9.extra_data.json,,0.0,62620030,0.0,1247340,2071.699,62620030,2024-02-27 09:54:01.512,2024-02-04 03:00:00.246,135.73003,487mnSNu6t,com.sec.android.app.shealth,ccba05ee-70af-4865-9ff8-11a7a82445f9,2024-02-04 00:00:00.000,
,,c9298086-113d-4a40-9404-65c7bcc68da7.extra_data.json,,547.0,62620030,0.0,6440639,1945.35,62620030,2024-02-27 09:54:01.531,2024-02-05 03:00:01.859,734.95276,487mnSNu6t,com.sec.android.app.shealth,c9298086-113d-4a40-9404-65c7bcc68da7,2024-02-05 00:00:00.000,
,,6421166c-4ec4-4e27-af59-a7b273b10a5b.extra_data.json,,201.0,62620030,0.0,4144772,2001.2068,62620030,2024-02-27 09:54:01.542,2024-02-06 03:00:00.454,422.92545,487mnSNu6t,com.sec.android.app.shealth,6421166c-4ec4-4e27-af59-a7b273b10a5b,2024-02-06 00:00:00.000,
,,a166024a-6f52-42ed-881e-e191c11f6e58.extra_data.json,,339.0,62620030,0.0,5777947,1961.4729,62620030,2024-02-27 09:54:01.559,2024-02-07 03:00:01.753,614.2849,487mnSNu6t,com.sec.android.app.shealth,a166024a-6f52-42ed-881e-e191c11f6e58,2024-02-07 00:00:00.000,
,,b49b0252-4031-48dd-a7ea-ba9c97fe0efe.extra_data.json,,105.0,62620030,0.0,4088817,2002.5681,62620030,2024-02-27 09:54:01.584,2024-02-08 03:00:00.945,403.28217,487mnSNu6t,com.sec.android.app.shealth,b49b0252-4031-48dd-a7ea-ba9c97fe0efe,2024-02-08 00:00:00.000,
,,b5cd0854-6ad8-4273-946d-0de4c0aec535.extra_data.json,,0.0,62620030,0.0,2090194,2051.193,62620030,2024-02-27 09:54:01.589,2024-02-09 03:00:00.526,178.65001,487mnSNu6t,com.sec.android.app.shealth,b5cd0854-6ad8-4273-946d-0de4c0aec535,2024-02-09 00:00:00.000,
,,6ab3dae2-a30a-4f74-82a1-de62614b4be1.extra_data.json,,0.0,62620030,0.0,1327907,2069.739,62620030,2024-02-27 09:54:01.595,2024-02-10 03:00:00.616,103.360016,487mnSNu6t,com.sec.android.app.shealth,6ab3dae2-a30a-4f74-82a1-de62614b4be1,2024-02-10 00:00:00.000,
,,abb70168-e3c8-4a98-9e39-c3994ecf83a1.extra_data.json,,0.0,62620030,0.0,2213913,2048.183,62620030,2024-02-27 09:54:01.609,2024-02-11 04:25:13.679,190.82,487mnSNu6t,com.sec.android.app.shealth,abb70168-e3c8-4a98-9e39-c3994ecf83a1,2024-02-11 00:00:00.000,
,,0dd15d5f-109b-4961-ae3d-95423ab0fb5e.extra_data.json,,0.0,62620030,0.0,652554,2086.1697,62620030,2024-02-27 09:54:01.628,2024-02-12 03:00:00.953,70.26002,487mnSNu6t,com.sec.android.app.shealth,0dd15d5f-109b-4961-ae3d-95423ab0fb5e,2024-02-12 00:00:00.000,
,,2e8b60da-3b2d-459e-8a75-be1857182816.extra_data.json,,667.7401,62620030,0.0,5559698,1961.4711,62650170,2024-03-11 23:15:42.752,2024-02-13 03:00:02.029,738.3463,487mnSNu6t,com.sec.android.app.shealth,2e8b60da-3b2d-459e-8a75-be1857182816,2024-02-13 00:00:00.000,
,,f39e0596-048c-4fa1-8eb1-85cd9f63cf31.extra_data.json,,0.0,62620030,0.0,1428278,2061.7139,62650170,2024-03-11 23:15:42.768,2024-02-14 03:00:02.494,117.480034,487mnSNu6t,com.sec.android.app.shealth,f39e0596-048c-4fa1-8eb1-85cd9f63cf31,2024-02-14 00:00:00.000,
,,44de558b-455e-4a8c-8510-bec17e015314.extra_data.json,,104.0,62620030,0.0,4972126,1975.7275,62650170,2024-03-11 23:15:42.782,2024-02-15 03:00:00.742,464.3204,487mnSNu6t,com.sec.android.app.shealth,44de558b-455e-4a8c-8510-bec17e015314,2024-02-15 00:00:00.000,
,,c8100baf-4614-4d52-8420-714ed5581698.extra_data.json,,230.0,62620030,0.0,4404444,1989.5015,62650170,2024-03-11 23:15:42.812,2024-02-16 03:00:01.278,463.5185,487mnSNu6t,com.sec.android.app.shealth,c8100baf-4614-4d52-8420-714ed5581698,2024-02-16 00:00:00.000,
,,f1097404-fb0c-4510-a50d-301d72844280.extra_data.json,,545.98004,62620030,0.0,5407905,1965.154,62650170,2024-03-11 23:15:42.824,2024-02-17 03:00:01.298,649.02,487mnSNu6t,com.sec.android.app.shealth,f1097404-fb0c-4510-a50d-301d72844280,2024-02-17 00:00:00.000,
,,e44a5ca1-f86f-4c8c-9df3-76181bb012da.extra_data.json,,0.0,62620030,0.0,2337629,2039.6497,62650170,2024-03-11 23:15:42.841,2024-02-18 03:24:03.465,206.11002,487mnSNu6t,com.sec.android.app.shealth,e44a5ca1-f86f-4c8c-9df3-76181bb012da,2024-02-18 00:00:00.000,
,,50d3da5d-149e-4241-8c41-0c0333425d44.extra_data.json,,0.0,62620030,0.0,1981429,2048.2922,62650170,2024-03-11 23:15:42.871,2024-02-19 03:00:47.275,169.0,487mnSNu6t,com.sec.android.app.shealth,50d3da5d-149e-4241-8c41-0c0333425d44,2024-02-19 00:00:00.000,
,,14993bce-416e-42bc-9444-9ffc66b710d1.extra_data.json,,840.61005,62620030,0.0,9286579,1871.0438,62650170,2024-03-11 23:15:42.877,2024-02-20 03:00:01.716,1133.5339,487mnSNu6t,com.sec.android.app.shealth,14993bce-416e-42bc-9444-9ffc66b710d1,2024-02-20 00:00:00.000,
,,9ea1e7d1-f027-4c80-b530-8e01759c79d0.extra_data.json,,0.0,62620030,0.0,1596489,2057.6326,62650170,2024-03-19 23:28:49.381,2024-02-21 03:54:48.874,133.96005,487mnSNu6t,com.sec.android.app.shealth,9ea1e7d1-f027-4c80-b530-8e01759c79d0,2024-02-21 00:00:00.000,
,,d7d8ed21-c4ac-4f56-bd23-979afc24d7ef.extra_data.json,,757.6101,62620030,0.0,6844681,1930.2928,62650170,2024-03-20 22:49:18.668,2024-02-22 03:00:02.209,866.91766,487mnSNu6t,com.sec.android.app.shealth,d7d8ed21-c4ac-4f56-bd23-979afc24d7ef,2024-02-22 00:00:00.000,
,,e3f4852c-b1d4-4e62-8ddf-e84834325999.extra_data.json,,897.6602,62620030,0.0,8254202,1896.0929,62650170,2024-03-20 22:49:18.681,2024-02-23 03:00:01.453,1100.9973,487mnSNu6t,com.sec.android.app.shealth,e3f4852c-b1d4-4e62-8ddf-e84834325999,2024-02-23 00:00:00.000,
,,462042f6-7929-415a-b27d-7bb3abea1edf.extra_data.json,,0.0,62620030,0.0,1841690,2051.683,62650170,2024-03-22 11:43:52.450,2024-02-24 03:00:00.619,149.09,487mnSNu6t,com.sec.android.app.shealth,462042f6-7929-415a-b27d-7bb3abea1edf,2024-02-24 00:00:00.000,
,,9bd91e8d-59b3-457c-8eab-6372427d85a1.extra_data.json,,0.0,62620030,0.0,1064617,2070.5376,62650170,2024-03-23 12:14:00.366,2024-02-25 03:44:39.890,109.729965,487mnSNu6t,com.sec.android.app.shealth,9bd91e8d-59b3-457c-8eab-6372427d85a1,2024-02-25 00:00:00.000,
,,a7bc2348-4f36-41df-9429-e75760f4dd0a.extra_data.json,,83.0,62620030,0.0,2618017,2032.8466,62650170,2024-03-23 12:14:00.388,2024-02-26 03:00:01.972,267.9693,487mnSNu6t,com.sec.android.app.shealth,a7bc2348-4f36-41df-9429-e75760f4dd0a,2024-02-26 00:00:00.000,
,,744a34b4-2fd8-402a-84db-455a0a05cf47.extra_data.json,,3.2810001,62620030,0.0,2976692,2024.1439,62650170,2024-03-23 12:14:00.413,2024-02-27 03:00:01.110,212.21107,487mnSNu6t,com.sec.android.app.shealth,744a34b4-2fd8-402a-84db-455a0a05cf47,2024-02-27 00:00:00.000,
,,784691e8-f673-4744-ac4e-8cbadb991634.extra_data.json,,0.0,62620030,0.0,1356615,2063.4526,62650170,2024-03-23 12:14:00.427,2024-02-28 03:00:00.386,118.10999,487mnSNu6t,com.sec.android.app.shealth,784691e8-f673-4744-ac4e-8cbadb991634,2024-02-28 00:00:00.000,
,,c5f336b3-b707-461e-8c82-ce2f2e2706c2.extra_data.json,,784.9403,62620030,0.0,6334317,1942.6759,62650170,2024-03-27 18:10:45.871,2024-02-29 03:00:02.134,865.93665,487mnSNu6t,com.sec.android.app.shealth,c5f336b3-b707-461e-8c82-ce2f2e2706c2,2024-02-29 00:00:00.000,
,,b4f34ffa-e443-4048-8645-5ac872713d4b.extra_data.json,,666.0801,62620030,0.0,6919604,1928.475,62650170,2024-03-27 18:10:46.620,2024-03-01 03:00:00.790,868.5752,487mnSNu6t,com.sec.android.app.shealth,b4f34ffa-e443-4048-8645-5ac872713d4b,2024-03-01 00:00:00.000,
,,7d92131d-31de-47d2-8956-1afdd19655be.extra_data.json,,802.3702,62620030,0.0,8093463,1899.9929,62650170,2024-03-27 18:10:47.230,2024-03-02 03:00:00.946,983.55334,487mnSNu6t,com.sec.android.app.shealth,7d92131d-31de-47d2-8956-1afdd19655be,2024-03-02 00:00:00.000,
,,8028597c-06c7-4b88-bc89-489380d927af.extra_data.json,,107.0,62620030,0.0,6023162,1950.2257,62650170,2024-03-27 18:10:47.574,2024-03-03 03:00:00.386,591.03503,487mnSNu6t,com.sec.android.app.shealth,8028597c-06c7-4b88-bc89-489380d927af,2024-03-03 00:00:00.000,
,,73d0337d-89b2-44c4-9065-b55cdd683284.extra_data.json,,0.0,62620030,0.0,456895,2085.283,62650170,2024-04-01 01:36:48.536,2024-03-04 03:00:01.261,23.289999,487mnSNu6t,com.sec.android.app.shealth,73d0337d-89b2-44c4-9065-b55cdd683284,2024-03-04 00:00:00.000,
,,e1905106-2969-4892-b99d-792d7351196c.extra_data.json,,0.0,62620030,0.0,577622,2082.3538,62660010,2024-04-01 17:24:33.733,2024-03-05 03:00:01.432,27.349997,487mnSNu6t,com.sec.android.app.shealth,e1905106-2969-4892-b99d-792d7351196c,2024-03-05 00:00:00.000,
,,bca3bd3c-05e4-4f71-b1f9-ee878a7210af.extra_data.json,,0.0,62620030,0.0,2246186,2041.8685,62660010,2024-04-01 17:24:33.748,2024-03-06 03:00:02.523,140.0101,487mnSNu6t,com.sec.android.app.shealth,bca3bd3c-05e4-4f71-b1f9-ee878a7210af,2024-03-06 00:00:00.000,
,,c654c663-5385-4019-b2e0-bb06288fd5b2.extra_data.json,,635.01,62620030,0.0,5716415,1957.6685,62660010,2024-04-01 17:24:33.766,2024-03-07 03:00:00.960,724.85657,487mnSNu6t,com.sec.android.app.shealth,c654c663-5385-4019-b2e0-bb06288fd5b2,2024-03-07 00:00:00.000,
,,651ba1a7-77ca-4d97-8356-fd75b6f7808b.extra_data.json,,0.0,62620030,0.0,2988238,2023.8636,62660010,2024-04-01 17:24:33.783,2024-03-08 03:00:00.951,205.13998,487mnSNu6t,com.sec.android.app.shealth,651ba1a7-77ca-4d97-8356-fd75b6f7808b,2024-03-08 00:00:00.000,
,,11854081-9567-458b-9b0f-d8023a408de2.extra_data.json,,0.0,62620030,0.0,1450108,2061.184,62660010,2024-04-05 22:53:16.291,2024-03-09 03:00:01.589,134.41995,487mnSNu6t,com.sec.android.app.shealth,11854081-9567-458b-9b0f-d8023a408de2,2024-03-09 00:00:00.000,
,,990f9d7e-f9ec-4591-844a-4c81c4dcd610.extra_data.json,,0.0,62620030,0.0,2289395,2040.8202,62660010,2024-04-05 22:53:16.311,2024-03-10 03:00:01.618,184.84001,487mnSNu6t,com.sec.android.app.shealth,990f9d7e-f9ec-4591-844a-4c81c4dcd610,2024-03-10 00:00:00.000,
,,75f496dc-ccec-4df1-b843-44be25b6d5d3.extra_data.json,,335.0,62620030,0.0,4302838,1991.9668,62660010,2024-04-07 22:31:01.210,2024-03-11 03:00:00.831,452.67084,487mnSNu6t,com.sec.android.app.shealth,75f496dc-ccec-4df1-b843-44be25b6d5d3,2024-03-11 00:00:00.000,
,,fc69cbbe-27be-4ee5-badb-6b35d47ee4b4.extra_data.json,,292.0,62650170,0.0,5121277,1972.1085,62660010,2024-04-07 22:31:01.245,2024-03-12 03:00:02.322,504.54633,487mnSNu6t,com.sec.android.app.shealth,fc69cbbe-27be-4ee5-badb-6b35d47ee4b4,2024-03-12 00:00:00.000,
,,e66106ef-46bb-40a7-b285-299e7d4f1189.extra_data.json,,242.0,62650170,0.0,4357985,1990.6288,62660010,2024-04-07 22:31:01.284,2024-03-13 03:00:02.944,430.42096,487mnSNu6t,com.sec.android.app.shealth,e66106ef-46bb-40a7-b285-299e7d4f1189,2024-03-13 00:00:00.000,
,,9cb3fbad-4439-4ac2-a12a-6b8534a58814.extra_data.json,,634.04016,62650170,0.0,6585326,1936.5856,62660010,2024-04-07 22:31:01.313,2024-03-14 03:00:00.892,798.6743,487mnSNu6t,com.sec.android.app.shealth,9cb3fbad-4439-4ac2-a12a-6b8534a58814,2024-03-14 00:00:00.000,
,,075c453b-5e14-4fee-babd-b8ae93ec0217.extra_data.json,,332.0,62650170,0.0,4651068,1983.5175,62660010,2024-04-07 22:31:01.328,2024-03-15 03:00:00.627,485.0183,487mnSNu6t,com.sec.android.app.shealth,075c453b-5e14-4fee-babd-b8ae93ec0217,2024-03-15 00:00:00.000,
,,892bc3fe-654b-4131-b970-3f65baf64530.extra_data.json,,152.70999,62650170,0.0,4567035,1985.5565,62660010,2024-04-13 02:20:15.594,2024-03-16 03:00:00.746,291.8845,487mnSNu6t,com.sec.android.app.shealth,892bc3fe-654b-4131-b970-3f65baf64530,2024-03-16 00:00:00.000,
,,10747bfa-cb42-4238-aaa3-97c635c2f55c.extra_data.json,,0.0,62650170,0.0,670042,2080.1113,62660010,2024-04-13 02:20:15.641,2024-03-17 03:00:01.054,67.46,487mnSNu6t,com.sec.android.app.shealth,10747bfa-cb42-4238-aaa3-97c635c2f55c,2024-03-17 00:00:00.000,
,,8c506091-a263-438d-8b62-c6812231aa6f.extra_data.json,,0.0,62650170,0.0,828146,2076.2751,62660010,2024-04-14 13:37:10.966,2024-03-18 03:00:01.594,51.949997,487mnSNu6t,com.sec.android.app.shealth,8c506091-a263-438d-8b62-c6812231aa6f,2024-03-18 00:00:00.000,
,,3922a59d-6cdf-47b0-934a-730bbe10a20c.extra_data.json,,175.0,62650170,0.0,3346716,2015.1656,62660010,2024-04-14 13:37:11.775,2024-03-19 03:00:01.856,325.596,487mnSNu6t,com.sec.android.app.shealth,3922a59d-6cdf-47b0-934a-730bbe10a20c,2024-03-19 00:00:00.000,
,,b6484be9-c610-4094-ad83-7ba876ef40a4.extra_data.json,,646.49,62650170,0.0,5782360,1956.0685,62660010,2024-04-17 00:32:02.889,2024-03-20 03:00:01.413,742.8268,487mnSNu6t,com.sec.android.app.shealth,b6484be9-c610-4094-ad83-7ba876ef40a4,2024-03-20 00:00:00.000,
,,a4b95a28-dcae-4fe8-b90e-48e5245941cf.extra_data.json,,1158.8999,62650170,0.0,11077844,1827.5814,62660010,2024-04-17 11:15:00.366,2024-03-21 03:00:02.023,1407.8033,487mnSNu6t,com.sec.android.app.shealth,a4b95a28-dcae-4fe8-b90e-48e5245941cf,2024-03-21 00:00:00.000,
,,abdbb3bd-fb4a-47fd-bb2b-1b304f8b4057.extra_data.json,,84.4,62650170,0.0,3194060,2018.8696,62660010,2024-04-17 11:15:00.394,2024-03-22 03:00:01.167,277.62167,487mnSNu6t,com.sec.android.app.shealth,abdbb3bd-fb4a-47fd-bb2b-1b304f8b4057,2024-03-22 00:00:00.000,
,,1dde9d04-22ae-42eb-9398-8cbabecfe597.extra_data.json,,697.16016,62650170,0.0,7818198,1906.6718,62660010,2024-04-17 11:15:00.433,2024-03-23 03:00:01.407,929.36053,487mnSNu6t,com.sec.android.app.shealth,1dde9d04-22ae-42eb-9398-8cbabecfe597,2024-03-23 00:00:00.000,
,,462875b4-58a6-4054-a784-3ea2f5e32e06.extra_data.json,,0.0,62650170,0.0,1538320,2059.0437,62660010,2024-04-17 11:15:00.461,2024-03-24 03:00:01.782,128.62997,487mnSNu6t,com.sec.android.app.shealth,462875b4-58a6-4054-a784-3ea2f5e32e06,2024-03-24 00:00:00.000,
,,68d2e0cd-b9e7-4198-9fbd-473932c6be6a.extra_data.json,,228.0,62650170,0.0,4686142,1982.6665,62660010,2024-04-21 09:49:19.595,2024-03-25 03:00:00.890,464.28772,487mnSNu6t,com.sec.android.app.shealth,68d2e0cd-b9e7-4198-9fbd-473932c6be6a,2024-03-25 00:00:00.000,
,,fc649d94-8157-424b-bb0f-7491ba3d2728.extra_data.json,,50.18,62650170,0.0,3458122,2012.4626,62660010,2024-04-22 11:16:04.247,2024-03-26 03:00:00.884,202.20535,487mnSNu6t,com.sec.android.app.shealth,fc649d94-8157-424b-bb0f-7491ba3d2728,2024-03-26 00:00:00.000,
,,9e486fee-583f-4210-8663-e1477f44cf32.extra_data.json,,577.56024,62650170,0.0,7647873,1910.8046,62660010,2024-04-22 11:16:04.270,2024-03-27 03:00:00.893,868.19775,487mnSNu6t,com.sec.android.app.shealth,9e486fee-583f-4210-8663-e1477f44cf32,2024-03-27 00:00:00.000,
,,bdcd41f2-6f55-4647-b40f-66baa0840627.extra_data.json,,990.90027,62650170,0.0,10248413,1847.7062,62660010,2024-04-22 11:16:04.281,2024-03-28 03:00:01.381,1207.7817,487mnSNu6t,com.sec.android.app.shealth,bdcd41f2-6f55-4647-b40f-66baa0840627,2024-03-28 00:00:00.000,
,,12c71a96-b2ac-416f-9863-498110ae7a4f.extra_data.json,,0.0,62650170,0.0,750864,2078.1504,62660010,2024-04-22 11:16:04.300,2024-03-29 03:00:02.047,69.87999,487mnSNu6t,com.sec.android.app.shealth,12c71a96-b2ac-416f-9863-498110ae7a4f,2024-03-29 00:00:00.000,
,,3ade4a37-0533-42b4-bc1e-b2ad4534c6e1.extra_data.json,,223.0,62650170,0.0,3333129,2015.4955,62660010,2024-04-22 11:16:04.319,2024-03-30 03:00:01.976,393.83405,487mnSNu6t,com.sec.android.app.shealth,3ade4a37-0533-42b4-bc1e-b2ad4534c6e1,2024-03-30 00:00:00.000,
,,1e8ab2bb-cc27-4718-a4c0-ba8a5e56bca2.extra_data.json,,0.0,62650170,0.0,2674582,2031.474,62660010,2024-04-22 11:16:04.340,2024-03-31 03:00:04.715,275.49002,487mnSNu6t,com.sec.android.app.shealth,1e8ab2bb-cc27-4718-a4c0-ba8a5e56bca2,2024-03-31 00:00:00.000,
,,7b3efa07-0a42-4df8-9461-815428de0638.extra_data.json,,75.27,62650170,0.0,1572861,2058.2056,62660010,2024-04-22 11:16:04.342,2024-04-01 03:00:00.550,165.89914,487mnSNu6t,com.sec.android.app.shealth,7b3efa07-0a42-4df8-9461-815428de0638,2024-04-01 00:00:00.000,
,,781ec939-25ea-462b-9b09-42912d9212a0.extra_data.json,,660.1701,62660010,0.0,7387434,1917.1237,62660010,2024-04-22 11:16:04.370,2024-04-02 03:00:01.236,859.0463,487mnSNu6t,com.sec.android.app.shealth,781ec939-25ea-462b-9b09-42912d9212a0,2024-04-02 00:00:00.000,
,,32ae339f-5e52-4893-a81a-8d6433d3a79e.extra_data.json,,725.3502,62660010,0.0,6013306,1950.465,62660010,2024-04-22 11:16:04.394,2024-04-03 03:00:01.175,809.79224,487mnSNu6t,com.sec.android.app.shealth,32ae339f-5e52-4893-a81a-8d6433d3a79e,2024-04-03 00:00:00.000,
,,aca83515-606a-4bc0-9b80-7115ebdc9bca.extra_data.json,,630.5502,62660010,0.0,5914461,1952.8632,62660010,2024-04-22 11:16:04.421,2024-04-04 03:12:53.806,758.2744,487mnSNu6t,com.sec.android.app.shealth,aca83515-606a-4bc0-9b80-7115ebdc9bca,2024-04-04 00:00:00.000,
,,a7af0921-6816-4e6f-946d-d407ecc7ceaa.extra_data.json,,231.99002,62660010,0.0,4988117,1975.3395,62660010,2024-04-22 11:16:04.454,2024-04-05 03:00:00.981,460.5291,487mnSNu6t,com.sec.android.app.shealth,a7af0921-6816-4e6f-946d-d407ecc7ceaa,2024-04-05 00:00:00.000,
,,605f03f8-7278-4b23-9743-2499b695f6d3.extra_data.json,,406.66016,62660010,0.0,6345575,1942.4028,62660010,2024-04-22 11:16:04.464,2024-04-06 03:00:01.626,712.0005,487mnSNu6t,com.sec.android.app.shealth,605f03f8-7278-4b23-9743-2499b695f6d3,2024-04-06 00:00:00.000,
,,7777c0db-bfa1-4cbf-9c72-84643ccacb16.extra_data.json,,0.0,62660010,0.0,1853917,2051.3862,62660010,2024-04-22 11:16:04.479,2024-04-07 03:00:00.885,175.29008,487mnSNu6t,com.sec.android.app.shealth,7777c0db-bfa1-4cbf-9c72-84643ccacb16,2024-04-07 00:00:00.000,
,,ce5eca73-8791-4a49-8ed4-acce8516ab8e.extra_data.json,,664.65015,62660010,0.0,6305921,1943.365,62660010,2024-04-22 11:16:04.498,2024-04-08 03:00:01.194,823.8247,487mnSNu6t,com.sec.android.app.shealth,ce5eca73-8791-4a49-8ed4-acce8516ab8e,2024-04-08 00:00:00.000,
,,3b5f1e9d-c8ec-4785-9862-aebb25df9f19.extra_data.json,,744.02,62660010,0.0,7854799,1905.7837,62660010,2024-04-22 11:16:04.515,2024-04-09 03:00:01.086,981.5136,487mnSNu6t,com.sec.android.app.shealth,3b5f1e9d-c8ec-4785-9862-aebb25df9f19,2024-04-09 00:00:00.000,
,,745a0689-05fd-45eb-816a-1a3f87eee58b.extra_data.json,,0.0,62660010,0.0,2296334,2040.6516,62660010,2024-04-22 11:16:04.529,2024-04-10 03:00:01.666,197.57999,487mnSNu6t,com.sec.android.app.shealth,745a0689-05fd-45eb-816a-1a3f87eee58b,2024-04-10 00:00:00.000,
,,100f0329-407c-4473-a533-e502a256ecd4.extra_data.json,,567.55,62660010,0.0,7042644,1925.4896,62660010,2024-04-22 11:16:04.537,2024-04-11 03:00:01.789,846.897,487mnSNu6t,com.sec.android.app.shealth,100f0329-407c-4473-a533-e502a256ecd4,2024-04-11 00:00:00.000,
,,82545305-c6ae-4639-90ad-2b71e16d0595.extra_data.json,,817.63,62660010,0.0,8829493,1882.1342,62660010,2024-04-22 11:16:04.545,2024-04-12 03:00:02.087,1087.7952,487mnSNu6t,com.sec.android.app.shealth,82545305-c6ae-4639-90ad-2b71e16d0595,2024-04-12 00:00:00.000,
,,836f4f6b-9d53-400b-8d26-a66afd6d73e3.extra_data.json,,526.64014,62660010,0.0,5764100,1956.5116,62660010,2024-04-22 11:16:04.555,2024-04-13 03:00:01.644,708.90283,487mnSNu6t,com.sec.android.app.shealth,836f4f6b-9d53-400b-8d26-a66afd6d73e3,2024-04-13 00:00:00.000,
,,ff131959-cda4-49ee-9a4c-43d34e12b568.extra_data.json,,0.0,62660010,0.0,2470869,2036.4169,62660010,2024-04-22 11:16:04.566,2024-04-14 03:07:19.504,234.76,487mnSNu6t,com.sec.android.app.shealth,ff131959-cda4-49ee-9a4c-43d34e12b568,2024-04-14 00:00:00.000,
,,57f98f47-2ac8-4db4-a364-df40b9fcd784.extra_data.json,,0.0,62660010,0.0,1046473,2070.9778,62660010,2024-04-22 11:16:04.575,2024-04-15 03:00:02.079,104.88998,487mnSNu6t,com.sec.android.app.shealth,57f98f47-2ac8-4db4-a364-df40b9fcd784,2024-04-15 00:00:00.000,
,,32d1ab3d-3e55-4bf3-9fc6-c8ae85c04615.extra_data.json,,656.5502,62660010,0.0,7350205,1918.0269,62660010,2024-04-22 11:16:04.584,2024-04-16 03:00:00.434,907.67126,487mnSNu6t,com.sec.android.app.shealth,32d1ab3d-3e55-4bf3-9fc6-c8ae85c04615,2024-04-16 00:00:00.000,
,,022f03b4-1440-4470-bf01-12dade038f67.extra_data.json,,271.0,62660010,0.0,5092106,1972.8165,62660010,2024-04-22 11:16:04.593,2024-04-17 03:00:01.063,496.91315,487mnSNu6t,com.sec.android.app.shealth,022f03b4-1440-4470-bf01-12dade038f67,2024-04-17 00:00:00.000,
,,4dfe7b4d-fedc-4847-b529-5ffd4acc4dbd.extra_data.json,,0.0,62660010,0.0,18009,2095.932,62660010,2024-04-22 11:16:04.604,2024-04-18 03:16:39.639,0.89,487mnSNu6t,com.sec.android.app.shealth,4dfe7b4d-fedc-4847-b529-5ffd4acc4dbd,2024-04-18 00:00:00.000,
,,a71274df-6f60-4372-9007-ea8d7d204e93.extra_data.json,,0.0,62660010,0.0,4669,2096.2556,62660010,2024-04-22 11:16:04.616,2024-04-19 03:00:01.302,0.22,487mnSNu6t,com.sec.android.app.shealth,a71274df-6f60-4372-9007-ea8d7d204e93,2024-04-19 00:00:00.000,
,,d3c6ef42-af81-4d36-9890-dccfae1a05f1.extra_data.json,,0.0,62660010,0.0,5336,2096.2395,62660010,2024-04-22 11:16:04.628,2024-04-20 03:00:00.381,0.26,487mnSNu6t,com.sec.android.app.shealth,d3c6ef42-af81-4d36-9890-dccfae1a05f1,2024-04-20 00:00:00.000,
,,efdda8cc-e697-45e6-8ab0-d235ca51e084.extra_data.json,,0.0,62660010,0.0,173420,2092.161,62660010,2024-04-23 09:50:22.612,2024-04-21 03:00:00.414,14.889999,487mnSNu6t,com.sec.android.app.shealth,efdda8cc-e697-45e6-8ab0-d235ca51e084,2024-04-21 00:00:00.000,
,,1e77228a-0aba-4fb5-a63e-a2bbc5c64538.extra_data.json,,0.0,62660010,0.0,1326843,2064.175,62660010,2024-04-24 09:46:47.050,2024-04-22 03:00:00.873,136.38002,487mnSNu6t,com.sec.android.app.shealth,1e77228a-0aba-4fb5-a63e-a2bbc5c64538,2024-04-22 00:00:00.000,
,,da7faafc-19be-41c2-8f29-fdca03942b88.extra_data.json,,0.0,62660010,0.0,2648945,2032.0962,62660010,2024-04-25 03:36:27.112,2024-04-23 03:00:02.513,178.42001,487mnSNu6t,com.sec.android.app.shealth,da7faafc-19be-41c2-8f29-fdca03942b88,2024-04-23 00:00:00.000,
,,9f6d7c68-25a4-46ee-80f9-0b8ced37ec6e.extra_data.json,,0.0,62660010,0.0,2111242,2045.1427,62660010,2024-04-26 05:16:30.245,2024-04-24 03:00:00.374,158.84012,487mnSNu6t,com.sec.android.app.shealth,9f6d7c68-25a4-46ee-80f9-0b8ced37ec6e,2024-04-24 00:00:00.000,
,,e8f4ff5f-d640-4c33-9fdb-14ed0da5a653.extra_data.json,,0.0,62660010,0.0,896567,2074.615,62660010,2024-04-27 04:01:08.386,2024-04-25 03:00:01.534,68.31,487mnSNu6t,com.sec.android.app.shealth,e8f4ff5f-d640-4c33-9fdb-14ed0da5a653,2024-04-25 00:00:00.000,
,,974c68d6-e9b2-4edf-910d-9486f402a304.extra_data.json,,0.0,62660010,0.0,2227584,2042.3198,62660010,2024-04-28 11:41:36.758,2024-04-26 03:00:00.538,169.23003,487mnSNu6t,com.sec.android.app.shealth,974c68d6-e9b2-4edf-910d-9486f402a304,2024-04-26 00:00:00.000,
,,f68a69b4-6b99-4567-b673-003719b5cc73.extra_data.json,,0.0,62660010,0.0,1065379,2070.519,62660010,2024-04-30 09:39:18.318,2024-04-27 03:00:00.763,109.11,487mnSNu6t,com.sec.android.app.shealth,f68a69b4-6b99-4567-b673-003719b5cc73,2024-04-27 00:00:00.000,
,,03717b14-5236-4b34-bd68-462ecd3daf5c.extra_data.json,,0.0,62660010,0.0,1246453,2066.1255,62660010,2024-04-30 09:39:18.334,2024-04-28 03:00:00.817,110.850006,487mnSNu6t,com.sec.android.app.shealth,03717b14-5236-4b34-bd68-462ecd3daf5c,2024-04-28 00:00:00.000,
,,494b1ad0-7a41-4677-8603-b60fa8289e41.extra_data.json,,51.01,62660010,0.0,4323932,1991.455,62660010,2024-05-01 03:55:34.867,2024-04-29 03:00:01.408,225.20297,487mnSNu6t,com.sec.android.app.shealth,494b1ad0-7a41-4677-8603-b60fa8289e41,2024-04-29 00:00:00.000,
,,f439138e-57e5-4ef7-b423-0cf573d27d63.extra_data.json,,784.88007,62660010,0.0,6964437,1927.387,62660010,2024-05-02 09:46:48.310,2024-04-30 03:00:00.864,949.11584,487mnSNu6t,com.sec.android.app.shealth,f439138e-57e5-4ef7-b423-0cf573d27d63,2024-04-30 00:00:00.000,
,,4ce8311c-fe5d-40d1-b5ea-567e807a642c.extra_data.json,,742.199,62660010,0.0,8580025,1888.1873,62660010,2024-05-03 11:46:22.681,2024-05-01 03:00:22.152,928.3085,487mnSNu6t,com.sec.android.app.shealth,4ce8311c-fe5d-40d1-b5ea-567e807a642c,2024-05-01 00:00:00.000,
,,2caf1bfb-12c3-4f0a-ba7c-699242780138.extra_data.json,,272.37,62660010,0.0,4404295,1989.5051,62660010,2024-05-04 12:26:29.052,2024-05-02 03:00:01.831,421.3923,487mnSNu6t,com.sec.android.app.shealth,2caf1bfb-12c3-4f0a-ba7c-699242780138,2024-05-02 00:00:00.000,
,,ecd14b64-2125-4a71-9ff8-d5f9ba09c75b.extra_data.json,,791.45013,62660010,0.0,6611029,1935.9619,62660010,2024-05-05 04:51:34.821,2024-05-03 03:00:00.815,917.343,487mnSNu6t,com.sec.android.app.shealth,ecd14b64-2125-4a71-9ff8-d5f9ba09c75b,2024-05-03 00:00:00.000,
,,cb607666-f180-4541-9d82-b357591c45fb.extra_data.json,,924.5702,62660010,0.0,7748199,1908.3702,62670070,2024-05-31 14:34:07.933,2024-05-04 03:00:01.119,1078.8031,487mnSNu6t,com.sec.android.app.shealth,cb607666-f180-4541-9d82-b357591c45fb,2024-05-04 00:00:00.000,
,,c1136fe1-4c0f-443d-9df5-8b382ace76f4.extra_data.json,,0.0,62660010,0.0,2694781,2030.9839,62670070,2024-06-01 19:15:20.287,2024-05-05 03:00:01.196,249.95996,487mnSNu6t,com.sec.android.app.shealth,c1136fe1-4c0f-443d-9df5-8b382ace76f4,2024-05-05 00:00:00.000,
,,fdcf0dcc-8ede-46e2-8f0b-ba1c3b5e68fb.extra_data.json,,786.8901,62660010,0.0,8432144,1891.7753,62670070,2024-06-01 19:15:20.941,2024-05-06 03:00:02.255,1066.3528,487mnSNu6t,com.sec.android.app.shealth,fdcf0dcc-8ede-46e2-8f0b-ba1c3b5e68fb,2024-05-06 00:00:00.000,
,,23d8622a-df63-413e-93b1-b79ddc6381d4.extra_data.json,,792.40027,62660010,0.0,7350590,1918.0176,62670070,2024-06-01 19:15:21.324,2024-05-07 03:00:01.474,948.51154,487mnSNu6t,com.sec.android.app.shealth,23d8622a-df63-413e-93b1-b79ddc6381d4,2024-05-07 00:00:00.000,
,,38709632-8666-4f06-9059-300cea3a024d.extra_data.json,,840.2603,62660010,0.0,8053221,1900.9692,62670070,2024-06-01 19:15:22.079,2024-05-08 03:00:00.864,1029.409,487mnSNu6t,com.sec.android.app.shealth,38709632-8666-4f06-9059-300cea3a024d,2024-05-08 00:00:00.000,
,,2e40192c-34f3-4e64-8eec-c703a65c3c64.extra_data.json,,707.04004,62660010,0.0,7193256,1921.8351,62670070,2024-06-01 19:15:22.506,2024-05-09 03:00:02.098,938.98016,487mnSNu6t,com.sec.android.app.shealth,2e40192c-34f3-4e64-8eec-c703a65c3c64,2024-05-09 00:00:00.000,
,,d1df6d9a-497a-4eab-951b-5715f6ac086d.extra_data.json,,849.6202,62660010,0.0,7222022,1921.1371,62670070,2024-06-06 16:15:09.713,2024-05-10 03:00:02.424,933.2458,487mnSNu6t,com.sec.android.app.shealth,d1df6d9a-497a-4eab-951b-5715f6ac086d,2024-05-10 00:00:00.000,
,,2ed78ab6-709b-4490-8614-ddb801b72366.extra_data.json,,759.3701,62660010,0.0,11516689,1816.9333,62670070,2024-06-06 16:15:09.740,2024-05-11 03:00:00.806,1152.6704,487mnSNu6t,com.sec.android.app.shealth,2ed78ab6-709b-4490-8614-ddb801b72366,2024-05-11 00:00:00.000,
,,7550548c-694f-41da-8dc5-83844171a73e.extra_data.json,,0.0,62660010,0.0,2914736,2025.6471,62670070,2024-06-06 16:15:09.761,2024-05-12 03:25:16.930,187.72002,487mnSNu6t,com.sec.android.app.shealth,7550548c-694f-41da-8dc5-83844171a73e,2024-05-12 00:00:00.000,
,,d5f91347-0649-4870-a0de-5fac7ce58bc9.extra_data.json,,817.5802,62660010,0.0,6889017,1929.217,62670070,2024-06-06 16:15:09.777,2024-05-13 03:31:42.636,936.2458,487mnSNu6t,com.sec.android.app.shealth,d5f91347-0649-4870-a0de-5fac7ce58bc9,2024-05-13 00:00:00.000,
,,f4ad1d6e-9bc2-4e33-87ae-0f9779b604ba.extra_data.json,,619.91003,62660010,0.0,5993536,1950.9446,62670070,2024-06-06 16:15:09.804,2024-05-14 03:00:01.119,754.0559,487mnSNu6t,com.sec.android.app.shealth,f4ad1d6e-9bc2-4e33-87ae-0f9779b604ba,2024-05-14 00:00:00.000,
,,2238fd64-f6e1-42b5-b884-9f6d935141b9.extra_data.json,,84.0,62660010,0.0,4108041,1996.6934,62670070,2024-06-06 16:15:09.808,2024-05-15 03:00:02.136,374.47647,487mnSNu6t,com.sec.android.app.shealth,2238fd64-f6e1-42b5-b884-9f6d935141b9,2024-05-15 00:00:00.000,
,,a4f711f5-2b46-4a33-a82a-35514ba4ae44.extra_data.json,,740.0801,62660010,0.0,7982370,1902.6885,62670070,2024-06-06 16:15:09.828,2024-05-16 03:00:02.509,926.5413,487mnSNu6t,com.sec.android.app.shealth,a4f711f5-2b46-4a33-a82a-35514ba4ae44,2024-05-16 00:00:00.000,
,,42535cc9-f750-41ec-a369-7c6e7b4fef9c.extra_data.json,,547.53,62660010,0.0,4993413,1975.2109,62670070,2024-06-06 16:15:09.842,2024-05-17 03:00:00.974,648.2472,487mnSNu6t,com.sec.android.app.shealth,42535cc9-f750-41ec-a369-7c6e7b4fef9c,2024-05-17 00:00:00.000,
,,589c60d9-687f-457b-9038-31ae3e187872.extra_data.json,,0.0,62660010,0.0,1673407,2055.766,62670070,2024-06-06 16:15:09.863,2024-05-18 03:07:10.359,87.310005,487mnSNu6t,com.sec.android.app.shealth,589c60d9-687f-457b-9038-31ae3e187872,2024-05-18 00:00:00.000,
,,8ce74df9-3cfd-4827-b6cf-d77c86633a0a.extra_data.json,,0.0,62660010,0.0,1418188,2061.9585,62670070,2024-06-06 16:15:09.882,2024-05-19 03:55:03.789,144.41,487mnSNu6t,com.sec.android.app.shealth,8ce74df9-3cfd-4827-b6cf-d77c86633a0a,2024-05-19 00:00:00.000,
,,5528cd65-be90-448b-af58-5d8f62e0b4f7.extra_data.json,,785.7801,62660010,0.0,6953196,1927.6597,62670070,2024-06-16 22:33:36.330,2024-05-20 03:00:02.092,929.5079,487mnSNu6t,com.sec.android.app.shealth,5528cd65-be90-448b-af58-5d8f62e0b4f7,2024-05-20 00:00:00.000,
,,bc0ec487-8251-4895-bb9f-9bd6a2a4f2ea.extra_data.json,,710.51013,62660010,0.0,8322282,1894.441,62670070,2024-06-17 11:43:50.114,2024-05-21 03:00:02.807,930.4057,487mnSNu6t,com.sec.android.app.shealth,bc0ec487-8251-4895-bb9f-9bd6a2a4f2ea,2024-05-21 00:00:00.000,
,,fa9ca0e7-2ece-4e47-b204-c06c431edc3f.extra_data.json,,920.72,62660010,0.0,8042370,1901.2327,62670070,2024-06-17 11:43:50.153,2024-05-22 03:17:49.783,1023.9564,487mnSNu6t,com.sec.android.app.shealth,fa9ca0e7-2ece-4e47-b204-c06c431edc3f,2024-05-22 00:00:00.000,
,,abbcc86b-37b7-418f-a975-b0dd818c90c7.extra_data.json,,0.0,62660010,0.0,2792401,2028.6154,62670070,2024-06-17 11:43:50.175,2024-05-23 03:00:00.709,243.24008,487mnSNu6t,com.sec.android.app.shealth,abbcc86b-37b7-418f-a975-b0dd818c90c7,2024-05-23 00:00:00.000,
,,d00ef563-3002-4f82-a92e-01b28aeba739.extra_data.json,,726.07,62660010,0.0,8030421,1901.5225,62670070,2024-06-17 11:43:50.192,2024-05-24 03:00:01.018,953.16833,487mnSNu6t,com.sec.android.app.shealth,d00ef563-3002-4f82-a92e-01b28aeba739,2024-05-24 00:00:00.000,
,,cfcbf0fa-3a83-4a01-862a-ea016fbb5e1d.extra_data.json,,0.0,62660010,0.0,419543,2086.1892,62670070,2024-06-22 01:06:19.894,2024-05-25 03:00:01.130,28.630001,487mnSNu6t,com.sec.android.app.shealth,cfcbf0fa-3a83-4a01-862a-ea016fbb5e1d,2024-05-25 00:00:00.000,
,,129c3314-fd4c-464f-9c68-385152c393aa.extra_data.json,,0.0,62660010,0.0,1091202,2069.8926,62670070,2024-06-22 12:35:51.796,2024-05-26 03:00:02.074,88.93999,487mnSNu6t,com.sec.android.app.shealth,129c3314-fd4c-464f-9c68-385152c393aa,2024-05-26 00:00:00.000,
,,fef0f0b3-bbc1-414a-942f-6c10a255c537.extra_data.json,,0.0,62660010,0.0,1078528,2070.2,62670070,2024-06-22 12:35:51.808,2024-05-27 03:00:00.522,87.7,487mnSNu6t,com.sec.android.app.shealth,fef0f0b3-bbc1-414a-942f-6c10a255c537,2024-05-27 00:00:00.000,
,,749c6075-13ac-49c4-9a2e-685f89e190ca.extra_data.json,,788.31006,62660010,0.0,7321503,1918.7234,62670070,2024-06-22 12:35:51.812,2024-05-28 03:00:00.786,980.9787,487mnSNu6t,com.sec.android.app.shealth,749c6075-13ac-49c4-9a2e-685f89e190ca,2024-05-28 00:00:00.000,
,,afadffc0-e1e6-4392-8730-6993f9d57de6.extra_data.json,,0.0,62660010,0.0,3055076,2022.2421,62670070,2024-06-22 12:35:51.825,2024-05-29 03:00:00.645,159.94997,487mnSNu6t,com.sec.android.app.shealth,afadffc0-e1e6-4392-8730-6993f9d57de6,2024-05-29 00:00:00.000,
,,c8e79758-8946-487b-a41f-75cc8ec5f19f.extra_data.json,,0.0,62660010,0.0,817396,2076.5361,62670070,2024-06-22 12:35:51.837,2024-05-30 03:00:00.807,95.09002,487mnSNu6t,com.sec.android.app.shealth,c8e79758-8946-487b-a41f-75cc8ec5f19f,2024-05-30 00:00:00.000,
,,6911da24-1e78-4c57-a897-e747d0342df6.extra_data.json,,891.8103,62660010,0.0,7835144,1906.2606,62670070,2024-06-28 02:01:19.474,2024-05-31 04:27:09.026,1007.8925,487mnSNu6t,com.sec.android.app.shealth,6911da24-1e78-4c57-a897-e747d0342df6,2024-05-31 00:00:00.000,
,,6de30dae-a30f-4c1f-b21a-ee401e339353.extra_data.json,,779.03,62670070,0.0,8716150,1884.8843,62670070,2024-06-28 16:24:27.483,2024-06-01 03:00:01.200,1007.12036,487mnSNu6t,com.sec.android.app.shealth,6de30dae-a30f-4c1f-b21a-ee401e339353,2024-06-01 00:00:00.000,
,,81113034-0876-46a6-ba34-298456f17e1e.extra_data.json,,0.0,62670070,0.0,1272235,2065.5,62670070,2024-06-29 22:58:22.939,2024-06-02 03:00:01.632,103.47001,487mnSNu6t,com.sec.android.app.shealth,81113034-0876-46a6-ba34-298456f17e1e,2024-06-02 00:00:00.000,
,,91113984-59ff-49b7-8986-c4fcebf2716f.extra_data.json,,671.8501,62670070,0.0,6193736,1946.087,62670070,2024-07-01 02:53:20.046,2024-06-03 03:00:00.888,893.52246,487mnSNu6t,com.sec.android.app.shealth,91113984-59ff-49b7-8986-c4fcebf2716f,2024-06-03 00:00:00.000,
,,65fdbb4a-91ec-401c-b20f-a974b51ca662.extra_data.json,,0.0,62670070,0.0,834417,2076.123,62670070,2024-07-01 02:53:20.060,2024-06-04 03:07:32.347,65.40001,487mnSNu6t,com.sec.android.app.shealth,65fdbb4a-91ec-401c-b20f-a974b51ca662,2024-06-04 00:00:00.000,
,,2d4b0bb6-0a3f-4ac6-a941-83651620c4ff.extra_data.json,,825.2101,62670070,0.0,8299491,1894.994,62670070,2024-07-02 23:17:24.315,2024-06-05 03:00:01.573,1069.4926,487mnSNu6t,com.sec.android.app.shealth,2d4b0bb6-0a3f-4ac6-a941-83651620c4ff,2024-06-05 00:00:00.000,
,,5f00d9dd-4066-489a-8e53-efdffe4feb9b.extra_data.json,,714.3301,62670070,0.0,7758569,1908.1187,62670070,2024-07-03 20:05:06.050,2024-06-06 03:00:01.134,972.78046,487mnSNu6t,com.sec.android.app.shealth,5f00d9dd-4066-489a-8e53-efdffe4feb9b,2024-06-06 00:00:00.000,
,,9dc9eab6-eaea-4aec-a43c-06024b56fbd5.extra_data.json,,723.54004,62670070,0.0,8236118,1896.5315,62670070,2024-07-03 20:05:06.729,2024-06-07 03:00:01.217,971.0956,487mnSNu6t,com.sec.android.app.shealth,9dc9eab6-eaea-4aec-a43c-06024b56fbd5,2024-06-07 00:00:00.000,
,,a5eccbed-775a-4d77-b39c-eb1f38c3f1e0.extra_data.json,,250.0,62670070,0.0,5617991,1960.0565,62670070,2024-07-03 20:05:06.991,2024-06-08 03:00:02.026,578.77124,487mnSNu6t,com.sec.android.app.shealth,a5eccbed-775a-4d77-b39c-eb1f38c3f1e0,2024-06-08 00:00:00.000,
,,9db39d73-a8c1-4ef4-8046-4e66ba1edbca.extra_data.json,,0.0,62670070,0.0,1520124,2059.485,62670070,2024-07-06 19:40:35.519,2024-06-09 03:00:01.992,135.16,487mnSNu6t,com.sec.android.app.shealth,9db39d73-a8c1-4ef4-8046-4e66ba1edbca,2024-06-09 00:00:00.000,
,,c6f6922a-137e-481e-83a5-2e8f7d60bdb4.extra_data.json,,0.0,62670070,0.0,2293573,2040.7186,62670070,2024-07-07 21:45:09.525,2024-06-10 03:10:52.373,183.89,487mnSNu6t,com.sec.android.app.shealth,c6f6922a-137e-481e-83a5-2e8f7d60bdb4,2024-06-10 00:00:00.000,
,,026905e7-3651-4c04-a7e9-f71ce65e230f.extra_data.json,,798.5801,62670070,0.0,8358747,1893.5563,62670070,2024-07-07 21:45:09.549,2024-06-11 03:00:00.863,1063.7874,487mnSNu6t,com.sec.android.app.shealth,026905e7-3651-4c04-a7e9-f71ce65e230f,2024-06-11 00:00:00.000,
,,b46ca596-589f-45ac-8dd0-1b4b8fb6f7be.extra_data.json,,691.14014,62670070,0.0,6560219,1937.195,62670070,2024-07-07 21:45:09.586,2024-06-12 03:00:00.884,813.8413,487mnSNu6t,com.sec.android.app.shealth,b46ca596-589f-45ac-8dd0-1b4b8fb6f7be,2024-06-12 00:00:00.000,
,,2727726a-3dd0-4ef3-a121-8fd802806b85.extra_data.json,,0.0,62670070,0.0,4096981,1996.9615,62670070,2024-07-07 21:45:09.600,2024-06-13 03:00:02.002,360.93008,487mnSNu6t,com.sec.android.app.shealth,2727726a-3dd0-4ef3-a121-8fd802806b85,2024-06-13 00:00:00.000,
,,8c295724-bbd4-4882-af3c-49b01c52093e.extra_data.json,,698.77,62670070,0.0,6369706,1941.8174,62670070,2024-07-11 13:25:17.539,2024-06-14 03:00:02.079,842.48456,487mnSNu6t,com.sec.android.app.shealth,8c295724-bbd4-4882-af3c-49b01c52093e,2024-06-14 00:00:00.000,
,,687462f8-577c-4e5c-9201-4fcf1186cf09.extra_data.json,,644.86017,62670070,0.0,7521386,1913.8735,62670070,2024-07-11 13:25:17.566,2024-06-15 03:00:00.779,896.42773,487mnSNu6t,com.sec.android.app.shealth,687462f8-577c-4e5c-9201-4fcf1186cf09,2024-06-15 00:00:00.000,
,,fb69a775-a0d0-4259-8540-9882acf0d358.extra_data.json,,87.0,62670070,0.0,3012997,2023.2628,62670070,2024-07-11 13:25:17.582,2024-06-16 03:00:00.650,294.69434,487mnSNu6t,com.sec.android.app.shealth,fb69a775-a0d0-4259-8540-9882acf0d358,2024-06-16 00:00:00.000,
,,fa1b994d-7617-4312-988d-5643f91a60e5.extra_data.json,,695.8102,62670070,0.0,7254262,1920.3549,62670070,2024-07-11 13:25:17.597,2024-06-17 03:05:07.394,900.41486,487mnSNu6t,com.sec.android.app.shealth,fa1b994d-7617-4312-988d-5643f91a60e5,2024-06-17 00:00:00.000,
,,35f7377b-5a87-46cd-8762-08671f5f728d.extra_data.json,,102.0,62670070,0.0,3199389,2018.7404,62701610,2024-07-15 18:38:07.369,2024-06-18 03:00:00.365,323.78503,487mnSNu6t,com.sec.android.app.shealth,35f7377b-5a87-46cd-8762-08671f5f728d,2024-06-18 00:00:00.000,
,,ca48b145-bafc-47bf-912e-96d88e34e797.extra_data.json,,172.58,62670070,0.0,4614975,1984.3933,62701610,2024-07-15 18:38:07.385,2024-06-19 03:00:11.371,413.60004,487mnSNu6t,com.sec.android.app.shealth,ca48b145-bafc-47bf-912e-96d88e34e797,2024-06-19 00:00:00.000,
,,f104be75-e87e-4872-a521-833abd3803be.extra_data.json,,0.0,62670070,0.0,1122792,2069.126,62701610,2024-07-17 15:03:18.753,2024-06-20 03:00:01.058,109.580025,487mnSNu6t,com.sec.android.app.shealth,f104be75-e87e-4872-a521-833abd3803be,2024-06-20 00:00:00.000,
,,7516fbc2-aefd-4470-9bcb-e1aca0a8318b.extra_data.json,,684.12,62670070,0.0,7139500,1923.1393,62701610,2024-07-18 11:34:38.760,2024-06-21 03:00:01.842,932.1628,487mnSNu6t,com.sec.android.app.shealth,7516fbc2-aefd-4470-9bcb-e1aca0a8318b,2024-06-21 00:00:00.000,
,,a4a56592-6fdb-45cd-a0f9-e6ecd8ea4c01.extra_data.json,,976.7504,62670070,0.0,10303790,1846.3625,62701610,2024-07-18 11:34:40.023,2024-06-22 03:32:34.073,1282.8774,487mnSNu6t,com.sec.android.app.shealth,a4a56592-6fdb-45cd-a0f9-e6ecd8ea4c01,2024-06-22 00:00:00.000,
,,bec19b6b-7b6e-4ff2-8f03-ecd267744815.extra_data.json,,0.0,62670070,0.0,2242327,2041.962,62701610,2024-07-18 11:34:40.117,2024-06-23 03:00:00.807,210.34004,487mnSNu6t,com.sec.android.app.shealth,bec19b6b-7b6e-4ff2-8f03-ecd267744815,2024-06-23 00:00:00.000,
,,2859d40f-ae4a-4903-8cc5-7f811682d021.extra_data.json,,0.0,62670070,0.0,1195890,2067.3525,62701610,2024-07-18 11:34:40.389,2024-06-24 03:00:00.981,115.07005,487mnSNu6t,com.sec.android.app.shealth,2859d40f-ae4a-4903-8cc5-7f811682d021,2024-06-24 00:00:00.000,
,,a66b6858-6aee-4041-961e-3cbdfbf88755.extra_data.json,,0.0,62670070,0.0,1090392,2069.912,62701610,2024-07-22 22:13:46.872,2024-06-25 03:00:02.228,98.47,487mnSNu6t,com.sec.android.app.shealth,a66b6858-6aee-4041-961e-3cbdfbf88755,2024-06-25 00:00:00.000,
,,dadbb2e3-70db-488b-9bf2-27d946921c0c.extra_data.json,,0.0,62670070,0.0,2904520,2025.895,62701610,2024-07-23 23:16:09.906,2024-06-26 03:00:01.012,245.08002,487mnSNu6t,com.sec.android.app.shealth,dadbb2e3-70db-488b-9bf2-27d946921c0c,2024-06-26 00:00:00.000,
,,52b2d3ab-6169-418b-b8a9-7e1aad4d792d.extra_data.json,,576.0101,62670070,0.0,7264404,1920.1089,62701610,2024-07-24 10:58:31.733,2024-06-27 03:00:01.307,878.977,487mnSNu6t,com.sec.android.app.shealth,52b2d3ab-6169-418b-b8a9-7e1aad4d792d,2024-06-27 00:00:00.000,
,,2cfc939c-5a58-4639-994d-48289d1bfa2c.extra_data.json,,0.0,62670070,0.0,2377495,2038.6825,62701610,2024-07-25 22:06:31.481,2024-06-28 03:00:01.185,193.82002,487mnSNu6t,com.sec.android.app.shealth,2cfc939c-5a58-4639-994d-48289d1bfa2c,2024-06-28 00:00:00.000,
,,34048545-c1e6-42f3-9ec1-05cd256d0b8f.extra_data.json,,0.0,62670070,0.0,1532696,2059.1802,62701610,2024-07-27 00:21:31.834,2024-06-29 03:00:01.044,116.530014,487mnSNu6t,com.sec.android.app.shealth,34048545-c1e6-42f3-9ec1-05cd256d0b8f,2024-06-29 00:00:00.000,
,,1ba2f6a2-6bee-4118-b060-792504e77f83.extra_data.json,,0.0,62670070,0.0,4098876,1996.9156,62701610,2024-07-27 18:31:37.900,2024-06-30 03:00:00.803,330.9699,487mnSNu6t,com.sec.android.app.shealth,1ba2f6a2-6bee-4118-b060-792504e77f83,2024-06-30 00:00:00.000,
,,848b9874-54a2-4b36-b782-c19cc607b1d7.extra_data.json,,0.0,62670070,0.0,1172154,2067.9282,62701610,2024-07-27 18:31:37.924,2024-07-01 03:00:01.659,108.310005,487mnSNu6t,com.sec.android.app.shealth,848b9874-54a2-4b36-b782-c19cc607b1d7,2024-07-01 00:00:00.000,
,,8f4c5ffd-f94a-4105-856d-b9399f7322a6.extra_data.json,,749.4901,62670070,0.0,7828501,1906.4218,62701610,2024-07-27 18:31:37.944,2024-07-02 03:00:02.431,985.0908,487mnSNu6t,com.sec.android.app.shealth,8f4c5ffd-f94a-4105-856d-b9399f7322a6,2024-07-02 00:00:00.000,
,,e221e4bd-9601-4acd-87ac-aac6661b624f.extra_data.json,,682.18,62670070,0.0,6408310,1940.8806,62701610,2024-07-31 00:39:17.792,2024-07-03 03:00:05.541,819.8192,487mnSNu6t,com.sec.android.app.shealth,e221e4bd-9601-4acd-87ac-aac6661b624f,2024-07-03 00:00:00.000,
,,ba203ec2-f90b-42d3-9cf9-2219db5ac171.extra_data.json,,780.8202,62670070,0.0,7646066,1910.8484,62701610,2024-07-31 23:55:22.586,2024-07-04 03:00:01.011,1010.48413,487mnSNu6t,com.sec.android.app.shealth,ba203ec2-f90b-42d3-9cf9-2219db5ac171,2024-07-04 00:00:00.000,
,,e126ed2d-d0e2-45b7-94de-d47926ee9d2f.extra_data.json,,554.57996,62670070,0.0,5675326,1958.6654,62701610,2024-07-31 23:55:22.611,2024-07-05 03:00:00.736,718.2982,487mnSNu6t,com.sec.android.app.shealth,e126ed2d-d0e2-45b7-94de-d47926ee9d2f,2024-07-05 00:00:00.000,
,,88834f25-90a8-4c3a-8a8b-1868da2a6c65.extra_data.json,,0.0,62670070,0.0,1510232,2059.7253,62701610,2024-07-31 23:55:22.626,2024-07-06 03:00:00.525,121.74999,487mnSNu6t,com.sec.android.app.shealth,88834f25-90a8-4c3a-8a8b-1868da2a6c65,2024-07-06 00:00:00.000,
,,59b95f22-9379-47d7-9b5d-babf2dd3c3f5.extra_data.json,,82.0,62670070,0.0,2203808,2042.8967,62701610,2024-07-31 23:55:22.639,2024-07-07 03:00:01.073,224.50523,487mnSNu6t,com.sec.android.app.shealth,59b95f22-9379-47d7-9b5d-babf2dd3c3f5,2024-07-07 00:00:00.000,
,,681483d9-2e3b-4c6e-bb23-39ef5732edfa.extra_data.json,,0.0,62670070,0.0,1198459,2067.29,62701610,2024-07-31 23:55:22.654,2024-07-08 03:00:01.071,87.21999,487mnSNu6t,com.sec.android.app.shealth,681483d9-2e3b-4c6e-bb23-39ef5732edfa,2024-07-08 00:00:00.000,
,,9865d450-7e3c-4e6f-b3d5-2527827b235c.extra_data.json,,0.0,62670070,0.0,2289105,2040.8271,62701610,2024-07-31 23:55:22.665,2024-07-09 03:00:01.757,146.35999,487mnSNu6t,com.sec.android.app.shealth,9865d450-7e3c-4e6f-b3d5-2527827b235c,2024-07-09 00:00:00.000,
,,62b2ec3e-344b-48e7-9cb3-f92ba4c8de97.extra_data.json,,696.04016,62670070,0.0,7832959,1906.3136,62710150,2024-08-07 02:20:36.667,2024-07-10 03:13:43.892,942.9061,487mnSNu6t,com.sec.android.app.shealth,62b2ec3e-344b-48e7-9cb3-f92ba4c8de97,2024-07-10 00:00:00.000,
,,c751930b-0349-4dff-8f76-93fcea1fce97.extra_data.json,,787.18,62670070,0.0,5944837,1952.1261,62710150,2024-08-07 23:56:04.932,2024-07-11 03:00:32.015,841.9298,487mnSNu6t,com.sec.android.app.shealth,c751930b-0349-4dff-8f76-93fcea1fce97,2024-07-11 00:00:00.000,
,,8fa8355d-0867-4f40-a04e-d6164c02c654.extra_data.json,,0.0,62670070,0.0,415092,2086.2974,62710150,2024-08-07 23:56:04.963,2024-07-12 03:00:00.765,52.120007,487mnSNu6t,com.sec.android.app.shealth,8fa8355d-0867-4f40-a04e-d6164c02c654,2024-07-12 00:00:00.000,
,,4a64546a-3c34-4b66-a77e-9dac4b47584c.extra_data.json,,0.0,62670070,0.0,237409,2090.6086,62710150,2024-08-07 23:56:04.980,2024-07-13 03:11:00.534,39.15,487mnSNu6t,com.sec.android.app.shealth,4a64546a-3c34-4b66-a77e-9dac4b47584c,2024-07-13 00:00:00.000,
,,ab16fcfc-8017-40ed-bb18-bac14fb8ec02.extra_data.json,,0.0,62670070,0.0,325496,2088.4712,62710150,2024-08-07 23:56:04.998,2024-07-14 03:00:02.551,25.38,487mnSNu6t,com.sec.android.app.shealth,ab16fcfc-8017-40ed-bb18-bac14fb8ec02,2024-07-14 00:00:00.000,
,,a938382e-503d-40c2-a24c-0aa8892e8737.extra_data.json,,0.0,62670070,0.0,694347,2079.5217,62710150,2024-08-07 23:56:05.009,2024-07-15 03:29:46.683,40.849995,487mnSNu6t,com.sec.android.app.shealth,a938382e-503d-40c2-a24c-0aa8892e8737,2024-07-15 00:00:00.000,
,,c96586df-7296-46aa-bb18-3773fc8906b6.extra_data.json,,0.0,62701610,0.0,1441380,2061.396,62710150,2024-08-07 23:56:05.020,2024-07-16 03:11:28.040,91.22999,487mnSNu6t,com.sec.android.app.shealth,c96586df-7296-46aa-bb18-3773fc8906b6,2024-07-16 00:00:00.000,
,,fdbb15bd-7352-4a47-84b3-0235a8e04d53.extra_data.json,,996.3141,62701610,0.0,10521796,1841.0731,62710150,2024-08-14 01:22:04.166,2024-07-17 03:00:01.992,1287.9172,487mnSNu6t,com.sec.android.app.shealth,fdbb15bd-7352-4a47-84b3-0235a8e04d53,2024-07-17 00:00:00.000,
,,59c66b48-4249-43c2-8ad1-24f51e381c86.extra_data.json,,0.0,62701610,0.0,1806813,2052.529,62710150,2024-08-14 15:14:47.553,2024-07-18 03:00:01.249,145.03004,487mnSNu6t,com.sec.android.app.shealth,59c66b48-4249-43c2-8ad1-24f51e381c86,2024-07-18 00:00:00.000,
,,8c6899ef-2bc6-4440-89e8-367c9f905f64.extra_data.json,,537.16,62701610,0.0,5441524,1964.3384,62710150,2024-08-14 15:14:47.581,2024-07-19 03:00:01.107,689.1,487mnSNu6t,com.sec.android.app.shealth,8c6899ef-2bc6-4440-89e8-367c9f905f64,2024-07-19 00:00:00.000,
,,fcf3046a-355b-429c-b76d-e26e2cf5c5ae.extra_data.json,,0.0,62701610,0.0,1337873,2063.9075,62710150,2024-08-14 15:14:47.603,2024-07-20 03:00:02.416,137.1,487mnSNu6t,com.sec.android.app.shealth,fcf3046a-355b-429c-b76d-e26e2cf5c5ae,2024-07-20 00:00:00.000,
,,21dc2400-6fb7-4a59-a3bf-308a8c074fad.extra_data.json,,0.0,62701610,0.0,929797,2073.8086,62710150,2024-08-14 15:14:47.617,2024-07-21 03:00:00.769,76.08,487mnSNu6t,com.sec.android.app.shealth,21dc2400-6fb7-4a59-a3bf-308a8c074fad,2024-07-21 00:00:00.000,
,,683c0737-4747-4e95-963e-9385022dcc89.extra_data.json,,710.47,62701610,0.0,6691613,1934.0067,62710150,2024-08-14 15:14:47.649,2024-07-22 04:57:22.369,900.0001,487mnSNu6t,com.sec.android.app.shealth,683c0737-4747-4e95-963e-9385022dcc89,2024-07-22 00:00:00.000,
,,82952437-e83e-42c2-ba32-fabdce0cae8e.extra_data.json,,665.99,62701610,0.0,5027900,1974.3741,62710150,2024-08-14 15:14:47.663,2024-07-23 03:00:01.931,717.6729,487mnSNu6t,com.sec.android.app.shealth,82952437-e83e-42c2-ba32-fabdce0cae8e,2024-07-23 00:00:00.000,
,,f20aef29-50bf-4a3c-bf81-62ceca8f6665.extra_data.json,,883.98,62701610,0.0,9155780,1874.2174,62710150,2024-08-14 15:14:47.674,2024-07-24 10:57:36.480,1133.7128,487mnSNu6t,com.sec.android.app.shealth,f20aef29-50bf-4a3c-bf81-62ceca8f6665,2024-07-24 00:00:00.000,
,,34bc71fe-5547-499d-9cf4-7e835060aec8.extra_data.json,,0.0,62701610,0.0,3349106,2015.1078,62710150,2024-08-14 15:14:47.686,2024-07-25 20:58:00.892,289.71008,487mnSNu6t,com.sec.android.app.shealth,34bc71fe-5547-499d-9cf4-7e835060aec8,2024-07-25 00:00:00.000,
,,66ea94d7-adf2-4285-a7bd-15a996d6f612.extra_data.json,,0.0,62701610,0.0,4438596,1988.673,62710150,2024-08-14 15:14:47.698,2024-07-26 03:00:11.177,418.6401,487mnSNu6t,com.sec.android.app.shealth,66ea94d7-adf2-4285-a7bd-15a996d6f612,2024-07-26 00:00:00.000,
,,e34a005c-4351-44ee-941b-7aefe52da7fc.extra_data.json,,0.0,62701610,0.0,2895256,2026.1198,62710150,2024-08-14 15:14:47.711,2024-07-27 03:35:07.611,237.3,487mnSNu6t,com.sec.android.app.shealth,e34a005c-4351-44ee-941b-7aefe52da7fc,2024-07-27 00:00:00.000,
,,c97ac334-3d73-4ac1-9e47-116a2ffbbd25.extra_data.json,,0.0,62701610,0.0,1715170,2054.753,62710150,2024-08-14 15:14:47.733,2024-07-28 03:00:00.542,173.83998,487mnSNu6t,com.sec.android.app.shealth,c97ac334-3d73-4ac1-9e47-116a2ffbbd25,2024-07-28 00:00:00.000,
,,0bedce3a-83ae-47fb-8e58-619d4e1f1638.extra_data.json,,0.0,62701610,0.0,2533428,2034.899,62710150,2024-08-14 15:14:47.757,2024-07-29 03:00:00.684,236.19,487mnSNu6t,com.sec.android.app.shealth,0bedce3a-83ae-47fb-8e58-619d4e1f1638,2024-07-29 00:00:00.000,
,,2a845cfe-bd53-478c-93da-5e0ae34b1e43.extra_data.json,,480.41,62701610,0.0,5549504,1961.7184,62710150,2024-08-14 15:14:47.759,2024-07-31 00:38:13.652,603.37964,487mnSNu6t,com.sec.android.app.shealth,2a845cfe-bd53-478c-93da-5e0ae34b1e43,2024-07-30 00:00:00.000,
,,fe8c13a0-54d7-4457-937d-ee486b801d1d.extra_data.json,,0.0,62701610,0.0,4059168,1997.8792,62710150,2024-08-14 15:14:47.794,2024-07-31 03:00:01.901,372.91003,487mnSNu6t,com.sec.android.app.shealth,fe8c13a0-54d7-4457-937d-ee486b801d1d,2024-07-31 00:00:00.000,
,,fd7cf882-3eb3-4b49-ad0e-5bb32393786c.extra_data.json,,740.31,62701610,0.0,7636374,1911.0835,62710150,2024-08-14 15:14:47.817,2024-08-01 03:00:01.534,963.00916,487mnSNu6t,com.sec.android.app.shealth,fd7cf882-3eb3-4b49-ad0e-5bb32393786c,2024-08-01 00:00:00.000,
,,970e4cc2-3032-4982-b670-0773dd0c0a57.extra_data.json,,869.58,62701610,0.0,9415565,1867.914,62710150,2024-08-14 15:14:47.834,2024-08-02 03:00:11.041,1187.8234,487mnSNu6t,com.sec.android.app.shealth,970e4cc2-3032-4982-b670-0773dd0c0a57,2024-08-02 00:00:00.000,
,,c938dcfe-7044-483b-82f5-fec28eeee85c.extra_data.json,,72.38,62701610,0.0,2896350,2026.0931,62710150,2024-08-14 15:14:47.849,2024-08-03 03:17:38.834,291.1797,487mnSNu6t,com.sec.android.app.shealth,c938dcfe-7044-483b-82f5-fec28eeee85c,2024-08-03 00:00:00.000,
,,a027d4e9-afd2-43bf-b443-ef4f4af43c0b.extra_data.json,,0.0,62701610,0.0,3554466,2010.125,62720090,2024-08-31 12:35:12.659,2024-08-04 03:00:02.040,299.77026,487mnSNu6t,com.sec.android.app.shealth,a027d4e9-afd2-43bf-b443-ef4f4af43c0b,2024-08-04 00:00:00.000,
,,d71c1286-cfd4-45d6-b4a5-414d4f83101d.extra_data.json,,693.51,62701610,0.0,6191244,1946.1473,62720090,2024-08-31 12:35:12.671,2024-08-05 03:00:02.975,841.7787,487mnSNu6t,com.sec.android.app.shealth,d71c1286-cfd4-45d6-b4a5-414d4f83101d,2024-08-05 00:00:00.000,
,,e761103e-bd83-4407-a9c8-2e3cd5734468.extra_data.json,,174.6,62701610,0.0,4618161,1984.316,62720090,2024-09-02 17:40:04.741,2024-08-06 03:00:01.657,431.32132,487mnSNu6t,com.sec.android.app.shealth,e761103e-bd83-4407-a9c8-2e3cd5734468,2024-08-06 00:00:00.000,
,,b53a1cf7-e378-4aed-86d4-b570db3632c1.extra_data.json,,0.0,62710150,0.0,2815542,2028.0538,62720090,2024-09-02 17:40:04.756,2024-08-07 03:00:01.050,264.51007,487mnSNu6t,com.sec.android.app.shealth,b53a1cf7-e378-4aed-86d4-b570db3632c1,2024-08-07 00:00:00.000,
,,cbc85ea5-e120-4aa0-8edd-040a83dddda9.extra_data.json,,413.78,62710150,0.0,5008275,1974.8506,62720090,2024-09-02 17:40:04.764,2024-08-08 03:00:01.582,621.1703,487mnSNu6t,com.sec.android.app.shealth,cbc85ea5-e120-4aa0-8edd-040a83dddda9,2024-08-08 00:00:00.000,
,,8d2b3e2f-ee80-4b30-bfeb-c3cdb27692db.extra_data.json,,581.6,62710150,0.0,6128196,1947.6774,62720090,2024-09-02 17:40:04.772,2024-08-09 03:00:01.969,755.23486,487mnSNu6t,com.sec.android.app.shealth,8d2b3e2f-ee80-4b30-bfeb-c3cdb27692db,2024-08-09 00:00:00.000,
,,634c9957-3234-48cb-9711-4b1d39fbadef.extra_data.json,,57.43,62710150,0.0,4014555,1998.9617,62720090,2024-09-02 17:40:04.778,2024-08-10 03:00:02.577,359.57468,487mnSNu6t,com.sec.android.app.shealth,634c9957-3234-48cb-9711-4b1d39fbadef,2024-08-10 00:00:00.000,
,,1c105450-e67f-4043-8edd-18ba7d29cad0.extra_data.json,,0.0,62710150,0.0,2225410,2042.3727,62720090,2024-09-02 17:40:04.787,2024-08-11 03:00:02.221,225.56001,487mnSNu6t,com.sec.android.app.shealth,1c105450-e67f-4043-8edd-18ba7d29cad0,2024-08-11 00:00:00.000,
,,0ac75d36-20ce-4fb2-8910-56d81ac2da61.extra_data.json,,375.89,62710150,0.0,4886258,1977.811,62720090,2024-09-02 17:40:04.793,2024-08-12 03:30:11.751,603.8682,487mnSNu6t,com.sec.android.app.shealth,0ac75d36-20ce-4fb2-8910-56d81ac2da61,2024-08-12 00:00:00.000,
,,6ce10769-eb78-4d07-8ed3-c9ef1d526f80.extra_data.json,,688.54004,62710150,0.0,7532505,1913.6038,62720090,2024-09-02 17:40:04.802,2024-08-13 03:00:01.698,929.80536,487mnSNu6t,com.sec.android.app.shealth,6ce10769-eb78-4d07-8ed3-c9ef1d526f80,2024-08-13 00:00:00.000,
,,9c9677ef-7882-4493-a7a0-a7867276a2d0.extra_data.json,,678.92004,62710150,0.0,6629846,1935.5054,62720090,2024-09-02 17:40:04.806,2024-08-14 03:00:01.586,846.9927,487mnSNu6t,com.sec.android.app.shealth,9c9677ef-7882-4493-a7a0-a7867276a2d0,2024-08-14 00:00:00.000,
,,6a454856-7d39-4841-961d-6c35b928d661.extra_data.json,,0.0,62710150,0.0,3354029,2014.9883,62720090,2024-09-11 23:11:09.331,2024-08-15 03:00:00.778,316.22003,487mnSNu6t,com.sec.android.app.shealth,6a454856-7d39-4841-961d-6c35b928d661,2024-08-15 00:00:00.000,
,,715c0f89-77b9-47ff-b1c3-bd56aecf6cdf.extra_data.json,,899.3,62710150,0.0,7836541,1906.2267,62720090,2024-09-11 23:11:09.353,2024-08-16 03:00:01.189,1058.77,487mnSNu6t,com.sec.android.app.shealth,715c0f89-77b9-47ff-b1c3-bd56aecf6cdf,2024-08-16 00:00:00.000,
,,f8fb5614-7813-4dec-b3f9-145130bb6599.extra_data.json,,729.41,62710150,0.0,5497659,1962.9763,62720090,2024-09-13 23:45:29.158,2024-08-17 03:00:02.580,801.5653,487mnSNu6t,com.sec.android.app.shealth,f8fb5614-7813-4dec-b3f9-145130bb6599,2024-08-17 00:00:00.000,
,,4f5e1a4e-7e10-40a9-a659-4c7c6edabd85.extra_data.json,,0.0,62710150,0.0,2966371,2024.3943,62720090,2024-09-13 23:45:29.228,2024-08-18 03:00:02.910,272.27008,487mnSNu6t,com.sec.android.app.shealth,4f5e1a4e-7e10-40a9-a659-4c7c6edabd85,2024-08-18 00:00:00.000,
,,753e0a51-8c55-4c1c-bf0b-3210670049d1.extra_data.json,,0.0,62710150,0.0,1170847,2067.96,62720090,2024-09-13 23:45:29.306,2024-08-19 03:00:00.880,97.150024,487mnSNu6t,com.sec.android.app.shealth,753e0a51-8c55-4c1c-bf0b-3210670049d1,2024-08-19 00:00:00.000,
,,9657e50d-4b6c-4fbd-95ec-444a64e358d5.extra_data.json,,790.8,62710150,0.0,7904413,1904.5798,62720090,2024-09-13 23:45:29.392,2024-08-20 03:00:01.190,1022.39844,487mnSNu6t,com.sec.android.app.shealth,9657e50d-4b6c-4fbd-95ec-444a64e358d5,2024-08-20 00:00:00.000,
,,a90539f9-8da0-4f3e-a37c-24a82b99460f.extra_data.json,,84.07,62710150,0.0,4439430,1988.6526,62720090,2024-09-13 23:45:29.752,2024-08-21 03:00:00.815,409.0101,487mnSNu6t,com.sec.android.app.shealth,a90539f9-8da0-4f3e-a37c-24a82b99460f,2024-08-21 00:00:00.000,
,,2cd840ae-fcce-4a68-ae52-d8c3d19c3bdb.extra_data.json,,651.3,62710150,0.0,5594237,1960.6329,62720090,2024-09-13 23:45:29.783,2024-08-22 03:00:01.794,763.23883,487mnSNu6t,com.sec.android.app.shealth,2cd840ae-fcce-4a68-ae52-d8c3d19c3bdb,2024-08-22 00:00:00.000,
,,4db96b0e-c764-4d07-a458-7e2d3b12486a.extra_data.json,,859.99,62710150,0.0,7030641,1925.7808,62720090,2024-09-13 23:45:29.897,2024-08-23 03:00:01.292,955.5967,487mnSNu6t,com.sec.android.app.shealth,4db96b0e-c764-4d07-a458-7e2d3b12486a,2024-08-23 00:00:00.000,
,,ac039d71-4ceb-42f7-9003-e33e712d9bf5.extra_data.json,,0.0,62710150,0.0,2257187,2041.6017,62720090,2024-09-21 02:48:05.096,2024-08-24 03:00:12.918,182.81009,487mnSNu6t,com.sec.android.app.shealth,ac039d71-4ceb-42f7-9003-e33e712d9bf5,2024-08-24 00:00:00.000,
,,9b513581-db39-4474-890f-61c0f072e854.extra_data.json,,0.0,62710150,0.0,2158564,2043.9946,62720090,2024-09-21 15:28:41.252,2024-08-25 03:00:01.081,181.49,487mnSNu6t,com.sec.android.app.shealth,9b513581-db39-4474-890f-61c0f072e854,2024-08-25 00:00:00.000,
,,b9e3101c-1232-4be4-b1b2-5e57f5adc970.extra_data.json,,658.06,62710150,0.0,6272223,1944.1826,62720090,2024-09-21 15:28:41.267,2024-08-26 03:00:00.654,871.25323,487mnSNu6t,com.sec.android.app.shealth,b9e3101c-1232-4be4-b1b2-5e57f5adc970,2024-08-26 00:00:00.000,
,,21bcbab1-954e-4538-bedb-2de23898c487.extra_data.json,,665.86,62710150,0.0,7468949,1915.1458,62720090,2024-09-21 15:28:41.279,2024-08-27 03:00:02.438,921.10956,487mnSNu6t,com.sec.android.app.shealth,21bcbab1-954e-4538-bedb-2de23898c487,2024-08-27 00:00:00.000,
,,22c70fe4-5dc7-407a-ab8d-1dceb9410049.extra_data.json,,0.0,62710150,0.0,2972207,2024.2527,62720090,2024-09-21 15:28:41.288,2024-08-28 03:00:01.607,262.09998,487mnSNu6t,com.sec.android.app.shealth,22c70fe4-5dc7-407a-ab8d-1dceb9410049,2024-08-28 00:00:00.000,
,,ae8a5591-5bca-4e42-b7a4-3e06f755f51a.extra_data.json,,661.03,62710150,0.0,6412968,1940.7677,62720090,2024-09-21 15:28:41.297,2024-08-29 03:00:10.334,840.6746,487mnSNu6t,com.sec.android.app.shealth,ae8a5591-5bca-4e42-b7a4-3e06f755f51a,2024-08-29 00:00:00.000,
,,a0d3f3c9-7864-4ff2-8015-32c2ec94ebd6.extra_data.json,,498.54,62710150,0.0,7934179,1903.8578,62720090,2024-09-26 21:04:55.019,2024-08-30 03:00:05.507,888.1118,487mnSNu6t,com.sec.android.app.shealth,a0d3f3c9-7864-4ff2-8015-32c2ec94ebd6,2024-08-30 00:00:00.000,
,,135ac446-8c14-4f4f-b46f-2ab31c0f48b6.extra_data.json,,640.04,62710150,0.0,6695154,1933.9209,62720090,2024-09-27 21:11:00.617,2024-08-31 03:11:49.841,847.5,487mnSNu6t,com.sec.android.app.shealth,135ac446-8c14-4f4f-b46f-2ab31c0f48b6,2024-08-31 00:00:00.000,
,,66738a45-8f87-466b-aa0d-dd1fab3b7622.extra_data.json,,0.0,62720090,0.0,2269415,2041.3048,62720090,2024-09-28 22:54:33.085,2024-09-01 03:00:01.376,177.6201,487mnSNu6t,com.sec.android.app.shealth,66738a45-8f87-466b-aa0d-dd1fab3b7622,2024-09-01 00:00:00.000,
,,6b5b992e-9d17-4c2c-b3d1-d6918d49c31f.extra_data.json,,672.08997,62720090,0.0,6174458,1946.5548,62720090,2024-09-28 22:54:33.108,2024-09-02 03:00:00.807,773.58,487mnSNu6t,com.sec.android.app.shealth,6b5b992e-9d17-4c2c-b3d1-d6918d49c31f,2024-09-02 00:00:00.000,
,,59187b5d-3296-44d8-b0b1-e599070a7b45.extra_data.json,,701.55,62720090,0.0,8398332,1892.5956,62720090,2024-09-28 22:54:33.126,2024-09-03 03:00:01.442,920.482,487mnSNu6t,com.sec.android.app.shealth,59187b5d-3296-44d8-b0b1-e599070a7b45,2024-09-03 00:00:00.000,
,,58fb844b-fbff-46ca-9eab-12698f5a16b8.extra_data.json,,118.71999,62720090,0.0,3845813,2003.0558,62720090,2024-09-28 22:54:33.143,2024-09-04 03:00:04.923,210.54785,487mnSNu6t,com.sec.android.app.shealth,58fb844b-fbff-46ca-9eab-12698f5a16b8,2024-09-04 00:00:00.000,
,,50df32f5-ddd3-41cc-84a4-2682d2fa4745.extra_data.json,,670.23,62720090,0.0,7977548,1902.8053,62720090,2024-09-28 22:54:33.158,2024-09-05 03:00:01.897,930.6687,487mnSNu6t,com.sec.android.app.shealth,50df32f5-ddd3-41cc-84a4-2682d2fa4745,2024-09-05 00:00:00.000,
,,3781af6c-d364-4793-9578-e285b5258f94.extra_data.json,,101.56,62720090,0.0,3614586,2008.6664,62720090,2024-09-28 22:54:33.175,2024-09-06 03:00:00.766,244.23999,487mnSNu6t,com.sec.android.app.shealth,3781af6c-d364-4793-9578-e285b5258f94,2024-09-06 00:00:00.000,
,,d0c1fcfa-3d69-41fb-8c7e-69703df05fd8.extra_data.json,,546.58,62720090,0.0,7132660,1923.3054,62720090,2024-09-28 22:54:33.185,2024-09-07 03:00:01.209,813.3337,487mnSNu6t,com.sec.android.app.shealth,d0c1fcfa-3d69-41fb-8c7e-69703df05fd8,2024-09-07 00:00:00.000,
,,288fa406-2353-4e12-981e-6a3c493c4c1a.extra_data.json,,0.0,62720090,0.0,1670530,2055.836,62720090,2024-09-28 22:54:33.195,2024-09-08 03:04:02.415,105.439995,487mnSNu6t,com.sec.android.app.shealth,288fa406-2353-4e12-981e-6a3c493c4c1a,2024-09-08 00:00:00.000,
,,ffe76291-3149-4d21-bc43-dc5f86d3e07c.extra_data.json,,552.5,62720090,0.0,5984134,1951.1726,62720090,2024-10-06 15:08:32.292,2024-09-09 03:00:00.907,725.719,487mnSNu6t,com.sec.android.app.shealth,ffe76291-3149-4d21-bc43-dc5f86d3e07c,2024-09-09 00:00:00.000,
,,1d0802fd-d9a3-4e32-b79c-fbbae8342a9e.extra_data.json,,218.79001,62720090,0.0,5743836,1957.003,62720090,2024-10-06 15:08:32.312,2024-09-10 03:00:00.681,304.94202,487mnSNu6t,com.sec.android.app.shealth,1d0802fd-d9a3-4e32-b79c-fbbae8342a9e,2024-09-10 00:00:00.000,
,,2423c16a-9ff5-4d9f-aca5-ac805a033bfe.extra_data.json,,170.0,62720090,0.0,6432878,1940.2845,62720090,2024-10-06 15:08:32.328,2024-09-11 03:00:01.985,583.22754,487mnSNu6t,com.sec.android.app.shealth,2423c16a-9ff5-4d9f-aca5-ac805a033bfe,2024-09-11 00:00:00.000,
,,51f79486-565d-4d47-8051-1288d784d42e.extra_data.json,,768.99,62720090,0.0,8009956,1902.0192,62720090,2024-10-06 15:08:32.341,2024-09-12 03:00:02.049,962.7194,487mnSNu6t,com.sec.android.app.shealth,51f79486-565d-4d47-8051-1288d784d42e,2024-09-12 00:00:00.000,
,,8cfb24a1-8939-44fd-ab1e-ba6f62d0a059.extra_data.json,,983.93,62720090,0.0,9708074,1860.8168,62720090,2024-10-06 15:08:32.350,2024-09-13 03:00:01.423,1193.9844,487mnSNu6t,com.sec.android.app.shealth,8cfb24a1-8939-44fd-ab1e-ba6f62d0a059,2024-09-13 00:00:00.000,
,,4d2e8afb-353c-4725-b1f3-c274e4ce3d5e.extra_data.json,,60.25,62720090,0.0,3046207,2022.4572,62720090,2024-10-06 15:08:32.363,2024-09-14 03:00:02.630,255.29999,487mnSNu6t,com.sec.android.app.shealth,4d2e8afb-353c-4725-b1f3-c274e4ce3d5e,2024-09-14 00:00:00.000,
,,58dd750b-5831-450b-8433-0d3f3a2b67f3.extra_data.json,,0.0,62720090,0.0,1079900,2070.1665,62720090,2024-10-12 13:12:37.294,2024-09-15 03:00:01.721,132.48999,487mnSNu6t,com.sec.android.app.shealth,58dd750b-5831-450b-8433-0d3f3a2b67f3,2024-09-15 00:00:00.000,
,,1cf15c1a-2da7-4a90-b93d-924c24009acc.extra_data.json,,0.0,62720090,0.0,1270627,2065.539,62720090,2024-10-12 13:12:37.913,2024-09-16 03:28:45.092,104.739975,487mnSNu6t,com.sec.android.app.shealth,1cf15c1a-2da7-4a90-b93d-924c24009acc,2024-09-16 00:00:00.000,
,,b8f69f19-7755-4fad-a8ba-cfa129423716.extra_data.json,,327.0,62720090,0.0,4611245,1984.4838,62720090,2024-10-14 23:11:15.321,2024-09-17 03:00:01.302,529.0404,487mnSNu6t,com.sec.android.app.shealth,b8f69f19-7755-4fad-a8ba-cfa129423716,2024-09-17 00:00:00.000,
,,648ab965-2329-4482-a559-6f9abef02144.extra_data.json,,105.0,62720090,0.0,3739613,2005.6326,62720090,2024-10-15 11:12:47.909,2024-09-18 03:08:09.492,353.50525,487mnSNu6t,com.sec.android.app.shealth,648ab965-2329-4482-a559-6f9abef02144,2024-09-18 00:00:00.000,
,,5939a004-37f4-4027-829c-71f8606e896d.extra_data.json,,436.19,62720090,0.0,6502223,1938.6019,62720090,2024-10-16 22:06:32.525,2024-09-19 03:00:02.545,735.0615,487mnSNu6t,com.sec.android.app.shealth,5939a004-37f4-4027-829c-71f8606e896d,2024-09-19 00:00:00.000,
,,6b3537b8-08c3-4ded-97f5-bab0919ace7d.extra_data.json,,0.0,62720090,0.0,3575394,2009.6173,62720090,2024-10-17 11:36:59.777,2024-09-20 03:00:00.745,316.50998,487mnSNu6t,com.sec.android.app.shealth,6b3537b8-08c3-4ded-97f5-bab0919ace7d,2024-09-20 00:00:00.000,
,,67591ee3-4535-465c-95b6-6ac6bdce44d9.extra_data.json,,0.0,62720090,0.0,1659140,2056.1123,62720090,2024-10-17 11:36:59.794,2024-09-21 03:00:01.768,139.55997,487mnSNu6t,com.sec.android.app.shealth,67591ee3-4535-465c-95b6-6ac6bdce44d9,2024-09-21 00:00:00.000,
,,1223e74c-69e5-4f40-8bac-42597d6f1f0b.extra_data.json,,0.0,62720090,0.0,1855657,2051.3442,62720090,2024-10-17 11:36:59.817,2024-09-22 03:00:02.132,160.74997,487mnSNu6t,com.sec.android.app.shealth,1223e74c-69e5-4f40-8bac-42597d6f1f0b,2024-09-22 00:00:00.000,
,,3bdd2b8b-bcfb-48a8-bb73-5842fd8902f2.extra_data.json,,858.68,62720090,0.0,7430206,1916.0858,62720090,2024-10-17 11:36:59.835,2024-09-23 03:47:04.081,967.10425,487mnSNu6t,com.sec.android.app.shealth,3bdd2b8b-bcfb-48a8-bb73-5842fd8902f2,2024-09-23 00:00:00.000,
,,f19fc568-18ff-4d28-80f5-a030fca07ef9.extra_data.json,,668.03,62720090,0.0,5301605,1967.7332,62720090,2024-10-17 11:36:59.849,2024-09-24 03:00:01.907,710.91797,487mnSNu6t,com.sec.android.app.shealth,f19fc568-18ff-4d28-80f5-a030fca07ef9,2024-09-24 00:00:00.000,
,,f4f30be3-9664-4764-b410-70f2130132b6.extra_data.json,,0.0,62720090,0.0,2454390,2036.8167,62720090,2024-10-17 11:36:59.864,2024-09-25 03:00:02.544,180.75003,487mnSNu6t,com.sec.android.app.shealth,f4f30be3-9664-4764-b410-70f2130132b6,2024-09-25 00:00:00.000,
,,e9048e37-6781-4a41-b998-58671b692565.extra_data.json,,532.33997,62720090,0.0,6954929,1927.6178,62720090,2024-10-17 11:36:59.874,2024-09-26 03:00:00.932,789.7857,487mnSNu6t,com.sec.android.app.shealth,e9048e37-6781-4a41-b998-58671b692565,2024-09-26 00:00:00.000,
,,3b3531aa-3765-449d-9723-fb137b3f03bf.extra_data.json,,551.49,62720090,0.0,6726198,1933.1675,62720090,2024-10-17 11:36:59.889,2024-09-27 03:00:02.145,783.0065,487mnSNu6t,com.sec.android.app.shealth,3b3531aa-3765-449d-9723-fb137b3f03bf,2024-09-27 00:00:00.000,
,,d9dc8d58-e507-4aa6-bcfc-43397e5a6b45.extra_data.json,,0.0,62720090,0.0,1808332,2052.4922,62810050,2024-10-25 11:34:16.322,2024-09-28 03:00:00.987,122.799995,487mnSNu6t,com.sec.android.app.shealth,d9dc8d58-e507-4aa6-bcfc-43397e5a6b45,2024-09-28 00:00:00.000,
,,d69e7321-cd90-40fe-9ad1-25d33f44eae2.extra_data.json,,0.0,62720090,0.0,930269,2073.797,62810050,2024-10-25 11:34:16.362,2024-09-29 03:00:01.187,92.06999,487mnSNu6t,com.sec.android.app.shealth,d69e7321-cd90-40fe-9ad1-25d33f44eae2,2024-09-29 00:00:00.000,
,,6fddad8e-2999-49aa-b92c-e1dfcce6aedf.extra_data.json,,649.0,62720090,0.0,7295638,1919.351,62810050,2024-10-25 11:34:16.397,2024-09-30 03:15:06.956,852.30237,487mnSNu6t,com.sec.android.app.shealth,6fddad8e-2999-49aa-b92c-e1dfcce6aedf,2024-09-30 00:00:00.000,
,,9ba60a4e-5e92-48ef-96ec-c377c13261cb.extra_data.json,,0.0,62720090,0.0,2181657,2043.4342,62810050,2024-10-25 11:34:16.425,2024-10-01 03:00:03.316,114.209984,487mnSNu6t,com.sec.android.app.shealth,9ba60a4e-5e92-48ef-96ec-c377c13261cb,2024-10-01 00:00:00.000,
,,64a835e4-3740-452b-a86c-d2be5ee80f51.extra_data.json,,476.0,62720090,0.0,7038085,1925.6,62810050,2024-10-25 11:34:16.440,2024-10-02 03:00:02.601,747.4613,487mnSNu6t,com.sec.android.app.shealth,64a835e4-3740-452b-a86c-d2be5ee80f51,2024-10-02 00:00:00.000,
,,1d5147b6-e8c8-432e-83b3-0ad264f7f6dd.extra_data.json,,457.0,62720090,0.0,4720920,1981.8228,62810050,2024-10-25 11:34:16.455,2024-10-03 03:00:02.313,562.70264,487mnSNu6t,com.sec.android.app.shealth,1d5147b6-e8c8-432e-83b3-0ad264f7f6dd,2024-10-03 00:00:00.000,
,,7e38e7da-3e16-472c-b9b9-2cf4af5749df.extra_data.json,,285.0,62720090,0.0,3928163,2001.0579,62810050,2024-10-25 11:34:16.464,2024-10-04 03:00:02.274,425.47937,487mnSNu6t,com.sec.android.app.shealth,7e38e7da-3e16-472c-b9b9-2cf4af5749df,2024-10-04 00:00:00.000,
,,74cf6123-7bcd-41f1-9092-b0bc21ca92f9.extra_data.json,,375.0,62720090,0.0,7136199,1923.2195,62810050,2024-11-01 23:55:39.331,2024-10-05 03:00:00.946,653.7116,487mnSNu6t,com.sec.android.app.shealth,74cf6123-7bcd-41f1-9092-b0bc21ca92f9,2024-10-05 00:00:00.000,
,,af4da541-f187-49f5-b87d-2db0489b0ca4.extra_data.json,,91.0,62720090,0.0,2674688,2031.4716,62810050,2024-11-03 02:52:13.283,2024-10-06 03:27:50.835,264.81097,487mnSNu6t,com.sec.android.app.shealth,af4da541-f187-49f5-b87d-2db0489b0ca4,2024-10-06 00:00:00.000,
,,291bf6b3-f2b9-4133-ad05-a1472f3fadf9.extra_data.json,,0.0,62720090,0.0,881320,2074.9849,62810050,2024-11-03 02:52:14.173,2024-10-07 03:11:12.765,92.50001,487mnSNu6t,com.sec.android.app.shealth,291bf6b3-f2b9-4133-ad05-a1472f3fadf9,2024-10-07 00:00:00.000,
,,a3171718-ac05-4339-bc7c-7c4e9c2891cb.extra_data.json,,132.0,62720090,0.0,3518756,2010.9916,62810050,2024-11-04 10:29:28.601,2024-10-08 03:00:01.847,351.64996,487mnSNu6t,com.sec.android.app.shealth,a3171718-ac05-4339-bc7c-7c4e9c2891cb,2024-10-08 00:00:00.000,
,,ccf116b5-cc46-431b-a4eb-5d8af194e6c8.extra_data.json,,0.0,62720090,0.0,386860,2086.9822,62810050,2024-11-04 10:29:28.627,2024-10-09 03:00:05.243,30.12,487mnSNu6t,com.sec.android.app.shealth,ccf116b5-cc46-431b-a4eb-5d8af194e6c8,2024-10-09 00:00:00.000,
,,e177cc97-860d-4f8a-aef6-d7458b71ed42.extra_data.json,,0.0,62720090,0.0,1812739,2052.3855,62810050,2024-11-04 10:29:28.645,2024-10-10 03:00:01.839,145.64,487mnSNu6t,com.sec.android.app.shealth,e177cc97-860d-4f8a-aef6-d7458b71ed42,2024-10-10 00:00:00.000,
,,d1cd519b-8cd0-428f-be62-f4d47432c1a2.extra_data.json,,0.0,62720090,0.0,2968139,2024.3514,62810050,2024-11-04 10:29:28.659,2024-10-11 03:00:11.763,269.01,487mnSNu6t,com.sec.android.app.shealth,d1cd519b-8cd0-428f-be62-f4d47432c1a2,2024-10-11 00:00:00.000,
,,8ede466a-2059-4904-b879-e51d8f612581.extra_data.json,,718.0,62720090,0.0,7054166,1925.2098,62820030,2024-11-08 10:13:22.728,2024-10-12 03:00:02.286,854.3595,487mnSNu6t,com.sec.android.app.shealth,8ede466a-2059-4904-b879-e51d8f612581,2024-10-12 00:00:00.000,
,,7d5c6d59-35f7-44ef-93fd-0837bfea7800.extra_data.json,,0.0,62720090,0.0,882968,2074.945,62820030,2024-11-09 13:54:23.911,2024-10-13 03:59:36.712,74.09,487mnSNu6t,com.sec.android.app.shealth,7d5c6d59-35f7-44ef-93fd-0837bfea7800,2024-10-13 00:00:00.000,
,,c6f00515-6ff3-4725-86eb-2710cb86848b.extra_data.json,,66.0,62720090,0.0,2095325,2045.5288,62820030,2024-11-11 01:28:51.137,2024-10-14 03:00:01.734,219.54002,487mnSNu6t,com.sec.android.app.shealth,c6f00515-6ff3-4725-86eb-2710cb86848b,2024-10-14 00:00:00.000,
,,af86acc1-c3a0-4d52-bdf2-555d2517542f.extra_data.json,,83.0,62720090,0.0,3222598,2018.1772,62820030,2024-11-11 01:28:51.153,2024-10-15 03:02:14.463,313.056,487mnSNu6t,com.sec.android.app.shealth,af86acc1-c3a0-4d52-bdf2-555d2517542f,2024-10-15 00:00:00.000,
,,5835d408-c6eb-4a1a-986a-bba7cbcc1bae.extra_data.json,,0.0,62720090,0.0,2229112,2042.2827,62820030,2024-11-11 01:28:51.162,2024-10-16 03:00:02.290,191.87003,487mnSNu6t,com.sec.android.app.shealth,5835d408-c6eb-4a1a-986a-bba7cbcc1bae,2024-10-16 00:00:00.000,
,,ea1fe4b5-c442-489a-a420-0ffa8aa589fd.extra_data.json,,632.0,62720090,0.0,5555488,1961.5731,62820030,2024-11-13 15:35:12.613,2024-10-17 03:00:01.970,714.5962,487mnSNu6t,com.sec.android.app.shealth,ea1fe4b5-c442-489a-a420-0ffa8aa589fd,2024-10-17 00:00:00.000,
,,8401b2d6-cca0-4389-80a5-fbc042031813.extra_data.json,,0.0,62720090,0.0,2610306,2033.0337,62820030,2024-11-13 15:35:12.639,2024-10-18 03:00:11.111,228.13997,487mnSNu6t,com.sec.android.app.shealth,8401b2d6-cca0-4389-80a5-fbc042031813,2024-10-18 00:00:00.000,
,,1a815002-14fe-4121-9b03-f60afe302abf.extra_data.json,,0.0,62720090,0.0,2210664,2042.7303,62820030,2024-11-13 15:35:12.645,2024-10-19 03:00:02.007,192.12988,487mnSNu6t,com.sec.android.app.shealth,1a815002-14fe-4121-9b03-f60afe302abf,2024-10-19 00:00:00.000,
,,40670dfa-b440-4534-80cc-96207002640f.extra_data.json,,0.0,62720090,0.0,2314093,2040.2207,62820030,2024-11-16 03:43:41.378,2024-10-20 03:00:02.409,229.98004,487mnSNu6t,com.sec.android.app.shealth,40670dfa-b440-4534-80cc-96207002640f,2024-10-20 00:00:00.000,
,,88349e13-33f6-4a72-8084-2924c5fe7f56.extra_data.json,,0.0,62720090,0.0,2458883,2036.7078,62820030,2024-11-17 22:11:24.008,2024-10-21 03:29:25.476,239.67001,487mnSNu6t,com.sec.android.app.shealth,88349e13-33f6-4a72-8084-2924c5fe7f56,2024-10-21 00:00:00.000,
,,0ad18635-3c2b-4b55-9745-1643e1b86574.extra_data.json,,628.0,62720090,0.0,5527502,1962.2521,62820030,2024-11-17 22:11:24.027,2024-10-22 03:00:01.399,716.4881,487mnSNu6t,com.sec.android.app.shealth,0ad18635-3c2b-4b55-9745-1643e1b86574,2024-10-22 00:00:00.000,
,,08ebfebe-8409-4b22-8508-daf45816c2ce.extra_data.json,,521.0,62720090,0.0,6327633,1942.8383,62820030,2024-11-20 02:03:53.391,2024-10-23 03:00:01.218,743.4624,487mnSNu6t,com.sec.android.app.shealth,08ebfebe-8409-4b22-8508-daf45816c2ce,2024-10-23 00:00:00.000,
,,50c334e6-5b73-4800-81f8-e459e339cae2.extra_data.json,,0.0,62720090,0.0,1226688,2066.6052,62820030,2024-11-20 13:09:53.123,2024-10-24 03:00:19.221,117.12001,487mnSNu6t,com.sec.android.app.shealth,50c334e6-5b73-4800-81f8-e459e339cae2,2024-10-24 00:00:00.000,
,,9971e632-dd8b-46f7-8b81-1affa5c8ba3d.extra_data.json,,724.0,62720090,0.0,7401894,1916.7728,62820030,2024-11-20 13:09:53.139,2024-10-25 03:00:01.257,915.4593,487mnSNu6t,com.sec.android.app.shealth,9971e632-dd8b-46f7-8b81-1affa5c8ba3d,2024-10-25 00:00:00.000,
,,beb4edb8-4bc1-46e4-a049-2bdc15a184ea.extra_data.json,,501.0,62810050,0.0,5723953,1957.4856,62820030,2024-11-20 13:09:53.147,2024-10-26 03:00:01.468,659.69824,487mnSNu6t,com.sec.android.app.shealth,beb4edb8-4bc1-46e4-a049-2bdc15a184ea,2024-10-26 00:00:00.000,
,,d8be3e18-db73-412d-b47a-361ac823a20e.extra_data.json,,0.0,62810050,0.0,1352018,2063.5642,62820030,2024-11-20 13:09:53.163,2024-10-27 03:00:00.863,90.07,487mnSNu6t,com.sec.android.app.shealth,d8be3e18-db73-412d-b47a-361ac823a20e,2024-10-27 00:00:00.000,
,,5ce9a23c-4ded-4e7e-97d4-c7f4384d6b2d.extra_data.json,,93.0,62810050,0.0,3442532,2012.8411,62820030,2024-11-25 00:06:05.987,2024-10-28 03:00:00.778,296.51935,487mnSNu6t,com.sec.android.app.shealth,5ce9a23c-4ded-4e7e-97d4-c7f4384d6b2d,2024-10-28 00:00:00.000,
,,b77d58c5-b5ed-4555-81e2-00a1cd7ecf51.extra_data.json,,47.0,62810050,0.0,2314317,2040.2153,62820030,2024-11-25 00:06:06.003,2024-10-29 03:07:53.969,129.75998,487mnSNu6t,com.sec.android.app.shealth,b77d58c5-b5ed-4555-81e2-00a1cd7ecf51,2024-10-29 00:00:00.000,
,,b6d4a037-8167-4d0c-b524-6a4a0f013a5b.extra_data.json,,0.0,62810050,0.0,2222247,2042.4493,62820030,2024-11-25 00:06:06.016,2024-10-30 03:00:01.907,166.87994,487mnSNu6t,com.sec.android.app.shealth,b6d4a037-8167-4d0c-b524-6a4a0f013a5b,2024-10-30 00:00:00.000,
,,0579b75d-4a08-43e9-896c-473e872d5c8c.extra_data.json,,619.0,62810050,0.0,6122044,1947.8264,62820030,2024-11-25 00:06:06.043,2024-10-31 03:00:01.330,740.12463,487mnSNu6t,com.sec.android.app.shealth,0579b75d-4a08-43e9-896c-473e872d5c8c,2024-10-31 00:00:00.000,
,,78ad5555-6b43-4d83-b6fb-7a2210a34128.extra_data.json,,452.0,62810050,0.0,6410442,1940.829,62820030,2024-11-25 00:06:06.070,2024-11-01 03:00:00.675,702.9132,487mnSNu6t,com.sec.android.app.shealth,78ad5555-6b43-4d83-b6fb-7a2210a34128,2024-11-01 00:00:00.000,
,,5ba0fae4-23cc-46f8-a668-66ab8540e46f.extra_data.json,,104.0,62810050,0.0,2717882,2030.4236,62820030,2024-11-29 22:34:09.877,2024-11-02 03:00:00.342,250.01935,487mnSNu6t,com.sec.android.app.shealth,5ba0fae4-23cc-46f8-a668-66ab8540e46f,2024-11-02 00:00:00.000,
,,9ade9038-b69a-47b4-a815-df506999c607.extra_data.json,,0.0,62810050,0.0,1365896,2063.2275,62820030,2024-11-29 22:34:09.890,2024-11-03 03:00:06.817,96.06999,487mnSNu6t,com.sec.android.app.shealth,9ade9038-b69a-47b4-a815-df506999c607,2024-11-03 00:00:00.000,
,,d68f17ad-53e3-46d1-84f9-1dd5c14d67af.extra_data.json,,0.0,62810050,0.0,1333959,2064.0022,62820030,2024-12-01 19:58:07.363,2024-11-04 03:00:02.165,110.119995,487mnSNu6t,com.sec.android.app.shealth,d68f17ad-53e3-46d1-84f9-1dd5c14d67af,2024-11-04 00:00:00.000,
,,dff98a47-e5a0-4c3e-8ca3-9730ca781741.extra_data.json,,790.0,62810050,0.0,7348828,1918.0603,62820030,2024-12-01 19:58:07.382,2024-11-05 03:00:00.794,876.38153,487mnSNu6t,com.sec.android.app.shealth,dff98a47-e5a0-4c3e-8ca3-9730ca781741,2024-11-05 00:00:00.000,
,,d410d50f-8c3d-4e30-a756-e0aa3e2872d4.extra_data.json,,117.0,62810050,0.0,3419611,2013.3971,62820030,2024-12-01 19:58:07.400,2024-11-06 03:00:01.074,327.30295,487mnSNu6t,com.sec.android.app.shealth,d410d50f-8c3d-4e30-a756-e0aa3e2872d4,2024-11-06 00:00:00.000,
,,81c2f51d-ae66-4811-bb9a-671046f9ae13.extra_data.json,,462.0,62810050,0.0,5353792,1966.467,62820030,2024-12-01 19:58:07.425,2024-11-07 03:00:01.077,611.8452,487mnSNu6t,com.sec.android.app.shealth,81c2f51d-ae66-4811-bb9a-671046f9ae13,2024-11-07 00:00:00.000,
,,0253b2e0-bec2-46cf-86d9-cda4331a63e2.extra_data.json,,405.0,62810050,0.0,6183684,1946.3309,62850050,2024-12-05 05:13:28.876,2024-11-08 03:00:02.092,644.40063,487mnSNu6t,com.sec.android.app.shealth,0253b2e0-bec2-46cf-86d9-cda4331a63e2,2024-11-08 00:00:00.000,
,,1bcf5308-517d-4217-baf8-14a1a74aebfe.extra_data.json,,0.0,62820030,0.0,1654462,2056.2258,62850050,2024-12-06 16:28:29.415,2024-11-09 03:00:02.091,145.48001,487mnSNu6t,com.sec.android.app.shealth,1bcf5308-517d-4217-baf8-14a1a74aebfe,2024-11-09 00:00:00.000,
,,1bcdba2c-cb73-44a0-979b-4fcbd1770e88.extra_data.json,,0.0,62820030,0.0,693013,2079.554,62850050,2024-12-06 16:28:29.428,2024-11-10 03:00:01.729,53.739994,487mnSNu6t,com.sec.android.app.shealth,1bcdba2c-cb73-44a0-979b-4fcbd1770e88,2024-11-10 00:00:00.000,
,,3fae1dad-252b-4187-9397-03d5a5f177d1.extra_data.json,,91.0,62820030,0.0,2418122,2037.6968,62850050,2024-12-06 16:28:29.435,2024-11-11 03:00:00.811,201.8548,487mnSNu6t,com.sec.android.app.shealth,3fae1dad-252b-4187-9397-03d5a5f177d1,2024-11-11 00:00:00.000,
,,2ea64225-21b9-4c95-89d6-cb060cc2add4.extra_data.json,,0.0,62820030,0.0,3516503,2011.0461,62850050,2024-12-09 16:38:14.815,2024-11-12 03:00:02.400,250.31001,487mnSNu6t,com.sec.android.app.shealth,2ea64225-21b9-4c95-89d6-cb060cc2add4,2024-11-12 00:00:00.000,
,,f177f7f5-13eb-4d55-a0bb-4db8de225d5b.extra_data.json,,604.0,62820030,0.0,7814702,1906.7566,62850050,2024-12-09 16:38:14.838,2024-11-13 03:09:32.859,904.57776,487mnSNu6t,com.sec.android.app.shealth,f177f7f5-13eb-4d55-a0bb-4db8de225d5b,2024-11-13 00:00:00.000,
,,ccb4c599-871b-4456-851b-2b7112129b4d.extra_data.json,,638.0,62820030,0.0,5966504,1951.6005,62850050,2024-12-09 16:38:14.853,2024-11-14 03:09:12.819,737.7395,487mnSNu6t,com.sec.android.app.shealth,ccb4c599-871b-4456-851b-2b7112129b4d,2024-11-14 00:00:00.000,
,,25af87d5-4aea-421a-9aad-2c003399491a.extra_data.json,,163.0,62820030,0.0,4311947,1991.7458,62850050,2024-12-12 20:34:12.058,2024-11-15 03:00:01.504,394.25037,487mnSNu6t,com.sec.android.app.shealth,25af87d5-4aea-421a-9aad-2c003399491a,2024-11-15 00:00:00.000,
,,c7a5ee6c-b83d-4d7f-9eec-04a9d72ae40f.extra_data.json,,774.0,62820030,0.0,8189617,1897.6599,62850050,2024-12-13 10:43:10.827,2024-11-16 03:42:40.303,1084.2932,487mnSNu6t,com.sec.android.app.shealth,c7a5ee6c-b83d-4d7f-9eec-04a9d72ae40f,2024-11-16 00:00:00.000,
,,76cdbc96-97ad-4e91-b370-5ceb81ed8605.extra_data.json,,0.0,62820030,0.0,2253297,2041.6959,62850050,2024-12-13 10:43:10.839,2024-11-17 03:00:01.027,194.61,487mnSNu6t,com.sec.android.app.shealth,76cdbc96-97ad-4e91-b370-5ceb81ed8605,2024-11-17 00:00:00.000,
,,f9cd29c2-7542-4481-b45a-1f241e751c3e.extra_data.json,,0.0,62820030,0.0,3198093,2018.7719,62850050,2024-12-13 10:43:10.848,2024-11-18 03:07:23.843,246.49,487mnSNu6t,com.sec.android.app.shealth,f9cd29c2-7542-4481-b45a-1f241e751c3e,2024-11-18 00:00:00.000,
,,75643134-af1a-40fe-a84e-9b5f961d8d16.extra_data.json,,736.0,62820030,0.0,6478263,1939.1833,62850050,2024-12-13 10:43:10.852,2024-11-19 03:00:01.005,818.76526,487mnSNu6t,com.sec.android.app.shealth,75643134-af1a-40fe-a84e-9b5f961d8d16,2024-11-19 00:00:00.000,
,,6a523cc8-1261-4f17-87e8-805aea0f9235.extra_data.json,,0.0,62820030,0.0,2830845,2027.6825,62850050,2024-12-13 10:43:10.855,2024-11-20 03:08:56.766,252.94998,487mnSNu6t,com.sec.android.app.shealth,6a523cc8-1261-4f17-87e8-805aea0f9235,2024-11-20 00:00:00.000,
,,6d73372f-a1a1-4f43-837f-a89a2609eb81.extra_data.json,,0.0,62820030,0.0,2716925,2030.4467,62850050,2024-12-13 10:43:10.858,2024-11-21 03:00:02.333,237.72,487mnSNu6t,com.sec.android.app.shealth,6d73372f-a1a1-4f43-837f-a89a2609eb81,2024-11-21 00:00:00.000,
,,735473e5-dc75-4464-bdcf-0b7a96361bb7.extra_data.json,,357.0,62820030,0.0,4295835,1992.1368,62850050,2024-12-19 21:03:56.334,2024-11-22 03:00:02.046,522.16144,487mnSNu6t,com.sec.android.app.shealth,735473e5-dc75-4464-bdcf-0b7a96361bb7,2024-11-22 00:00:00.000,
,,3310678e-d094-4c83-943e-a3a1e0c027f3.extra_data.json,,0.0,62820030,0.0,1754695,2053.7937,62850050,2024-12-20 16:02:10.746,2024-11-23 03:00:01.346,142.27,487mnSNu6t,com.sec.android.app.shealth,3310678e-d094-4c83-943e-a3a1e0c027f3,2024-11-23 00:00:00.000,
,,874bc116-2794-4448-bdc1-8158f8d5c6d8.extra_data.json,,0.0,62820030,0.0,142738,2092.9055,62850050,2024-12-20 16:02:10.763,2024-11-24 03:00:01.276,11.08,487mnSNu6t,com.sec.android.app.shealth,874bc116-2794-4448-bdc1-8158f8d5c6d8,2024-11-24 00:00:00.000,
,,19627295-8a32-4266-b9e1-a991fc5c80b6.extra_data.json,,0.0,62820030,0.0,1177839,2067.7903,62850050,2024-12-20 16:02:10.780,2024-11-25 03:11:40.273,126.48,487mnSNu6t,com.sec.android.app.shealth,19627295-8a32-4266-b9e1-a991fc5c80b6,2024-11-25 00:00:00.000,
,,31aa80e1-c550-4cd1-a55f-166ab0ef5312.extra_data.json,,623.0,62820030,0.0,4834327,1979.071,62850050,2024-12-20 16:02:10.793,2024-11-26 03:00:01.032,653.0823,487mnSNu6t,com.sec.android.app.shealth,31aa80e1-c550-4cd1-a55f-166ab0ef5312,2024-11-26 00:00:00.000,
,,9555ba4b-1a33-40e3-b4fe-8d169e93ceb0.extra_data.json,,545.0,62820030,0.0,6702213,1933.7495,62850050,2024-12-20 16:02:10.806,2024-11-27 03:00:01.035,750.50104,487mnSNu6t,com.sec.android.app.shealth,9555ba4b-1a33-40e3-b4fe-8d169e93ceb0,2024-11-27 00:00:00.000,
,,acb768ae-d24e-4e38-a4d4-74285653b9da.extra_data.json,,599.0,62820030,0.0,7365412,1917.6581,62850050,2024-12-20 16:02:10.821,2024-11-28 03:00:00.759,851.5503,487mnSNu6t,com.sec.android.app.shealth,acb768ae-d24e-4e38-a4d4-74285653b9da,2024-11-28 00:00:00.000,
,,b674f7b4-24f9-4a5e-b7c2-7b64cef8ecb6.extra_data.json,,0.0,62820030,0.0,1373276,2142.1526,62850050,2024-12-20 16:02:10.832,2024-11-29 03:00:00.618,136.22,487mnSNu6t,com.sec.android.app.shealth,b674f7b4-24f9-4a5e-b7c2-7b64cef8ecb6,2024-11-29 00:00:00.000,
,,48ac17b9-0f7a-4402-a778-7a960651dd2d.extra_data.json,,0.0,62820030,0.0,111389,2173.9443,62850050,2024-12-20 16:02:10.844,2024-11-30 03:00:00.819,9.95,487mnSNu6t,com.sec.android.app.shealth,48ac17b9-0f7a-4402-a778-7a960651dd2d,2024-11-30 00:00:00.000,
,,77fd7243-4b1d-4328-b8ec-770f726e8827.extra_data.json,,0.0,62820030,0.0,1398431,2141.5188,62850050,2024-12-20 16:02:10.860,2024-12-01 03:00:01.940,116.479996,487mnSNu6t,com.sec.android.app.shealth,77fd7243-4b1d-4328-b8ec-770f726e8827,2024-12-01 00:00:00.000,
,,e6a38d9e-f3e1-4727-82a4-4d91bad1818d.extra_data.json,,0.0,62820030,0.0,784161,2156.9946,62850050,2024-12-20 16:02:10.882,2024-12-02 03:00:00.773,94.05,487mnSNu6t,com.sec.android.app.shealth,e6a38d9e-f3e1-4727-82a4-4d91bad1818d,2024-12-02 00:00:00.000,
,,9352577f-d73a-4aea-ab78-58d8aa40b641.extra_data.json,,0.0,62820030,0.0,309082,2168.9639,62850050,2024-12-20 16:02:10.895,2024-12-03 03:00:00.981,21.07,487mnSNu6t,com.sec.android.app.shealth,9352577f-d73a-4aea-ab78-58d8aa40b641,2024-12-03 00:00:00.000,
,,1fec6933-7721-4ade-bd0f-27cb50331d58.extra_data.json,,0.0,62820030,0.0,3417737,2090.6448,62850050,2024-12-20 16:02:10.909,2024-12-04 03:00:01.063,260.0,487mnSNu6t,com.sec.android.app.shealth,1fec6933-7721-4ade-bd0f-27cb50331d58,2024-12-04 00:00:00.000,
,,c0883c58-5501-4944-8a9f-bc805587e7cf.extra_data.json,,0.0,62820030,0.0,1338762,2143.0222,62850050,2024-12-20 16:02:10.918,2024-12-05 03:00:00.738,89.750015,487mnSNu6t,com.sec.android.app.shealth,c0883c58-5501-4944-8a9f-bc805587e7cf,2024-12-05 00:00:00.000,
,,9478798f-047d-48ab-a2f3-e024530fa6f0.extra_data.json,,95.0,62850050,0.0,3412234,2090.7834,62850050,2024-12-20 16:02:10.926,2024-12-06 03:00:02.052,336.74774,487mnSNu6t,com.sec.android.app.shealth,9478798f-047d-48ab-a2f3-e024530fa6f0,2024-12-06 00:00:00.000,
,,68b3e705-a160-4b95-a8a7-301b28ece017.extra_data.json,,0.0,62850050,0.0,505719,2164.0098,62850050,2024-12-20 16:02:10.936,2024-12-07 03:00:02.550,24.659998,487mnSNu6t,com.sec.android.app.shealth,68b3e705-a160-4b95-a8a7-301b28ece017,2024-12-07 00:00:00.000,
,,72e3d93a-cb82-4449-b83e-73ca7bb63c74.extra_data.json,,0.0,62850050,0.0,1522399,2138.3955,62850050,2024-12-20 16:02:10.943,2024-12-08 03:00:01.152,140.00998,487mnSNu6t,com.sec.android.app.shealth,72e3d93a-cb82-4449-b83e-73ca7bb63c74,2024-12-08 00:00:00.000,
,,6eac7273-3fa5-4466-9b73-8efdfae57e8f.extra_data.json,,0.0,62850050,0.0,827257,2155.909,62850050,2025-01-05 18:44:22.692,2024-12-09 03:00:01.189,109.899994,487mnSNu6t,com.sec.android.app.shealth,6eac7273-3fa5-4466-9b73-8efdfae57e8f,2024-12-09 00:00:00.000,
,,0c0e5ba4-c766-45b8-b398-5f86c5146ff2.extra_data.json,,127.0,62850050,0.0,4712422,2058.0266,62850050,2025-01-06 18:47:49.405,2024-12-10 03:00:02.022,501.98636,487mnSNu6t,com.sec.android.app.shealth,0c0e5ba4-c766-45b8-b398-5f86c5146ff2,2024-12-10 00:00:00.000,
,,cc0c6074-75ab-402f-9167-749cf7a3cb09.extra_data.json,,0.0,62850050,0.0,1563309,2137.365,62850050,2025-01-06 18:47:49.419,2024-12-11 03:00:01.109,139.44997,487mnSNu6t,com.sec.android.app.shealth,cc0c6074-75ab-402f-9167-749cf7a3cb09,2024-12-11 00:00:00.000,
,,e0204705-23a1-4a1d-a8a1-448835238bc9.extra_data.json,,0.0,62850050,0.0,1772676,2132.0903,62850050,2025-01-06 18:47:49.434,2024-12-12 03:00:01.685,162.90001,487mnSNu6t,com.sec.android.app.shealth,e0204705-23a1-4a1d-a8a1-448835238bc9,2024-12-12 00:00:00.000,
,,164ecd01-4807-49e5-ac2f-d8468920548a.extra_data.json,,0.0,62850050,0.0,2668302,2109.526,62850050,2025-01-06 18:47:49.458,2024-12-13 03:00:02.287,210.87003,487mnSNu6t,com.sec.android.app.shealth,164ecd01-4807-49e5-ac2f-d8468920548a,2024-12-13 00:00:00.000,
,,127687d7-a97c-4dea-a713-eb47acf6dcf7.extra_data.json,,0.0,62850050,0.0,3651644,2084.7517,62850050,2025-01-06 18:47:49.498,2024-12-14 03:00:02.998,210.10004,487mnSNu6t,com.sec.android.app.shealth,127687d7-a97c-4dea-a713-eb47acf6dcf7,2024-12-14 00:00:00.000,
,,97a705a7-de12-4e42-8675-c1d2b96e5e2f.extra_data.json,,0.0,62850050,0.0,1149506,2147.7903,62850050,2025-01-11 18:28:26.605,2024-12-15 03:21:03.598,54.720013,487mnSNu6t,com.sec.android.app.shealth,97a705a7-de12-4e42-8675-c1d2b96e5e2f,2024-12-15 00:00:00.000,
,,251363b1-53f5-4158-9d9a-e933616dcbe1.extra_data.json,,0.0,62850050,0.0,745970,2157.957,62850050,2025-01-11 18:28:26.618,2024-12-16 03:00:15.189,45.680004,487mnSNu6t,com.sec.android.app.shealth,251363b1-53f5-4158-9d9a-e933616dcbe1,2024-12-16 00:00:00.000,
,,b97efbba-841e-4ff5-8af0-efe65dc53cd1.extra_data.json,,0.0,62850050,0.0,1243145,2145.4312,62850050,2025-01-11 18:28:26.633,2024-12-17 03:00:01.265,97.40001,487mnSNu6t,com.sec.android.app.shealth,b97efbba-841e-4ff5-8af0-efe65dc53cd1,2024-12-17 00:00:00.000,
,,321123ab-e97b-47dd-902d-9fbdc5c67781.extra_data.json,,0.0,62850050,0.0,444889,2165.5422,62850050,2025-01-11 18:28:26.647,2024-12-18 03:00:01.045,20.929998,487mnSNu6t,com.sec.android.app.shealth,321123ab-e97b-47dd-902d-9fbdc5c67781,2024-12-18 00:00:00.000,
,,9359f75e-05f9-4e9a-91ce-cf84ce6c30fd.extra_data.json,,0.0,62850050,0.0,2523787,2113.1667,62850050,2025-01-11 18:28:26.656,2024-12-19 03:00:00.714,139.51003,487mnSNu6t,com.sec.android.app.shealth,9359f75e-05f9-4e9a-91ce-cf84ce6c30fd,2024-12-19 00:00:00.000,
,,f39b9e6a-6919-42e0-be0c-388664556e32.extra_data.json,,103.0,62850050,0.0,3503586,2088.482,62900750,2025-01-16 11:31:08.083,2024-12-20 03:00:02.164,299.21533,487mnSNu6t,com.sec.android.app.shealth,f39b9e6a-6919-42e0-be0c-388664556e32,2024-12-20 00:00:00.000,
,,2bd1d129-2ab2-410a-bcf7-2aff0bdb010b.extra_data.json,,0.0,62850050,0.0,941454,2153.0317,62900750,2025-01-16 11:31:09.636,2024-12-21 03:30:15.580,114.53001,487mnSNu6t,com.sec.android.app.shealth,2bd1d129-2ab2-410a-bcf7-2aff0bdb010b,2024-12-21 00:00:00.000,
,,ac22dd8d-8e1b-49ad-a57a-7a5d6d519217.extra_data.json,,0.0,62850050,0.0,2185375,2121.6926,62900750,2025-01-16 11:31:11.158,2024-12-22 03:35:41.747,180.53001,487mnSNu6t,com.sec.android.app.shealth,ac22dd8d-8e1b-49ad-a57a-7a5d6d519217,2024-12-22 00:00:00.000,
,,ace51006-e970-4646-98b3-3c0d58ded9ce.extra_data.json,,0.0,62850050,0.0,4470419,2064.1238,62900750,2025-01-20 02:59:54.081,2024-12-23 03:40:12.911,271.77994,487mnSNu6t,com.sec.android.app.shealth,ace51006-e970-4646-98b3-3c0d58ded9ce,2024-12-23 00:00:00.000,
,,b9704b0c-c37f-4f88-939d-18b8ab654134.extra_data.json,,0.0,62850050,0.0,2378249,2116.8335,62900750,2025-01-20 02:59:54.103,2024-12-24 03:00:00.862,144.19005,487mnSNu6t,com.sec.android.app.shealth,b9704b0c-c37f-4f88-939d-18b8ab654134,2024-12-24 00:00:00.000,
,,295c274b-4f61-4c1c-8566-9244eae0c84c.extra_data.json,,0.0,62850050,0.0,2825107,2105.5754,62900750,2025-01-20 02:59:54.127,2024-12-25 03:00:02.151,235.17998,487mnSNu6t,com.sec.android.app.shealth,295c274b-4f61-4c1c-8566-9244eae0c84c,2024-12-25 00:00:00.000,
,,ff741255-f222-4aa6-af6f-1d6b024fecae.extra_data.json,,0.0,62850050,0.0,1475163,2139.5857,62900750,2025-01-20 02:59:54.146,2024-12-26 03:00:04.796,142.78004,487mnSNu6t,com.sec.android.app.shealth,ff741255-f222-4aa6-af6f-1d6b024fecae,2024-12-26 00:00:00.000,
,,4d7db5f5-6628-4213-9dea-c8c1e1e75e32.extra_data.json,,0.0,62850050,0.0,1389486,2141.7441,62900750,2025-01-20 02:59:54.179,2024-12-27 03:00:02.337,96.91001,487mnSNu6t,com.sec.android.app.shealth,4d7db5f5-6628-4213-9dea-c8c1e1e75e32,2024-12-27 00:00:00.000,
,,83448c6a-bae3-4508-bda8-627eaf2ae683.extra_data.json,,0.0,62850050,0.0,795920,2156.6985,62900750,2025-01-20 02:59:54.202,2024-12-28 03:00:02.044,84.56001,487mnSNu6t,com.sec.android.app.shealth,83448c6a-bae3-4508-bda8-627eaf2ae683,2024-12-28 00:00:00.000,
,,2b84d40e-2a9e-454b-a0fa-113bfa127a6d.extra_data.json,,0.0,62850050,0.0,1406134,2141.3247,62900750,2025-01-20 02:59:54.220,2024-12-29 03:00:00.897,105.02001,487mnSNu6t,com.sec.android.app.shealth,2b84d40e-2a9e-454b-a0fa-113bfa127a6d,2024-12-29 00:00:00.000,
,,ba81853f-4e31-4af4-bb0d-3d49c053c956.extra_data.json,,0.0,62850050,0.0,3326539,2092.9424,62900750,2025-01-20 02:59:54.233,2024-12-30 03:00:01.587,221.37003,487mnSNu6t,com.sec.android.app.shealth,ba81853f-4e31-4af4-bb0d-3d49c053c956,2024-12-30 00:00:00.000,
,,3b60ad8a-b859-4eb8-911e-30d96b67ab78.extra_data.json,,0.0,62850050,0.0,1221373,2145.9795,62900750,2025-01-20 02:59:54.248,2024-12-31 03:00:15.054,83.32001,487mnSNu6t,com.sec.android.app.shealth,3b60ad8a-b859-4eb8-911e-30d96b67ab78,2024-12-31 00:00:00.000,
,,55d1e167-b9ee-4421-b649-9590a7e87f26.extra_data.json,,0.0,62850050,0.0,2075705,2124.4558,62900750,2025-01-20 02:59:54.260,2025-01-01 03:00:00.718,217.05998,487mnSNu6t,com.sec.android.app.shealth,55d1e167-b9ee-4421-b649-9590a7e87f26,2025-01-01 00:00:00.000,
,,1cb6df31-3ba3-4e91-9aea-e88807505912.extra_data.json,,0.0,62850050,0.0,410872,2166.3994,62900750,2025-01-20 02:59:54.273,2025-01-02 03:00:01.465,19.300001,487mnSNu6t,com.sec.android.app.shealth,1cb6df31-3ba3-4e91-9aea-e88807505912,2025-01-02 00:00:00.000,
,,19833629-42df-4d4d-bf8c-88e421536120.extra_data.json,,0.0,62850050,0.0,1128132,2148.3289,62900750,2025-01-20 02:59:54.283,2025-01-03 03:00:01.181,61.269997,487mnSNu6t,com.sec.android.app.shealth,19833629-42df-4d4d-bf8c-88e421536120,2025-01-03 00:00:00.000,
,,17e5d8fa-742a-4585-a6ed-d01d69180357.extra_data.json,,0.0,62850050,0.0,1627859,2135.7388,62900750,2025-01-20 02:59:54.295,2025-01-04 03:00:01.916,163.09,487mnSNu6t,com.sec.android.app.shealth,17e5d8fa-742a-4585-a6ed-d01d69180357,2025-01-04 00:00:00.000,
,,6687a1f3-75bd-4db2-9df0-2dbcce41ac83.extra_data.json,,68.0,62850050,0.0,2571313,2111.9695,62900750,2025-01-20 02:59:54.304,2025-01-05 03:06:44.386,272.06433,487mnSNu6t,com.sec.android.app.shealth,6687a1f3-75bd-4db2-9df0-2dbcce41ac83,2025-01-05 00:00:00.000,
,,b73b840e-9fbb-4d05-a9a6-8400a6447310.extra_data.json,,0.0,62850050,0.0,1611805,2136.143,62900750,2025-01-20 02:59:54.316,2025-01-06 03:58:53.833,169.85997,487mnSNu6t,com.sec.android.app.shealth,b73b840e-9fbb-4d05-a9a6-8400a6447310,2025-01-06 00:00:00.000,
,,1550a086-91ac-4132-b21d-635f9d10bf9e.extra_data.json,,0.0,62850050,0.0,2249242,2120.0837,62900750,2025-01-20 02:59:54.324,2025-01-07 03:00:05.241,203.53,487mnSNu6t,com.sec.android.app.shealth,1550a086-91ac-4132-b21d-635f9d10bf9e,2025-01-07 00:00:00.000,
,,1d4616f6-40f7-4d53-8ea6-0b3104307fda.extra_data.json,,0.0,62850050,0.0,916191,2153.6682,62900750,2025-01-20 02:59:54.336,2025-01-08 03:00:23.075,78.509995,487mnSNu6t,com.sec.android.app.shealth,1d4616f6-40f7-4d53-8ea6-0b3104307fda,2025-01-08 00:00:00.000,
,,6f39146c-4443-4e8a-874c-4cdd2e4b2ee1.extra_data.json,,0.0,62850050,0.0,2665801,2109.5889,62900750,2025-01-20 02:59:54.352,2025-01-09 03:00:11.886,266.01,487mnSNu6t,com.sec.android.app.shealth,6f39146c-4443-4e8a-874c-4cdd2e4b2ee1,2025-01-09 00:00:00.000,
,,b24790f0-5937-4c82-8f20-477740870fe3.extra_data.json,,0.0,62850050,0.0,3461986,2089.53,62900750,2025-01-20 02:59:54.363,2025-01-10 03:00:19.575,323.11996,487mnSNu6t,com.sec.android.app.shealth,b24790f0-5937-4c82-8f20-477740870fe3,2025-01-10 00:00:00.000,
,,fbda6917-7af2-4de5-b250-1476bd2dee9f.extra_data.json,,90.0,62850050,0.0,2060166,2124.8472,62900750,2025-01-20 02:59:54.375,2025-01-11 11:13:54.302,208.16402,487mnSNu6t,com.sec.android.app.shealth,fbda6917-7af2-4de5-b250-1476bd2dee9f,2025-01-11 00:00:00.000,
,,f6794725-b1a1-4c90-be43-b16ec4c68849.extra_data.json,,0.0,62850050,0.0,2504407,2113.655,62900750,2025-01-20 02:59:54.384,2025-01-12 03:00:01.931,186.21,487mnSNu6t,com.sec.android.app.shealth,f6794725-b1a1-4c90-be43-b16ec4c68849,2025-01-12 00:00:00.000,
,,3cfbe370-8135-47db-9970-cd3c3611100d.extra_data.json,,0.0,62850050,0.0,1151449,2147.7412,62900750,2025-02-09 15:31:37.603,2025-01-13 03:00:03.200,89.72001,487mnSNu6t,com.sec.android.app.shealth,3cfbe370-8135-47db-9970-cd3c3611100d,2025-01-13 00:00:00.000,
,,7648cc05-c3a7-470e-9674-bdc17fc61037.extra_data.json,,0.0,62850050,0.0,1543077,2137.8745,62920010,2025-02-10 11:16:15.156,2025-01-14 03:00:02.613,149.80997,487mnSNu6t,com.sec.android.app.shealth,7648cc05-c3a7-470e-9674-bdc17fc61037,2025-01-14 00:00:00.000,
,,760367e9-37e8-4793-9aad-bbea454e2b62.extra_data.json,,0.0,62850050,0.0,1165101,2147.3972,62920010,2025-02-10 11:16:15.173,2025-01-15 03:00:09.750,132.32002,487mnSNu6t,com.sec.android.app.shealth,760367e9-37e8-4793-9aad-bbea454e2b62,2025-01-15 00:00:00.000,
,,5e2c64f4-8ca1-4064-b687-6e472a05c487.extra_data.json,,42.0,62850050,0.0,2686372,2109.0708,62920010,2025-02-10 11:16:15.190,2025-01-16 03:00:01.864,277.58398,487mnSNu6t,com.sec.android.app.shealth,5e2c64f4-8ca1-4064-b687-6e472a05c487,2025-01-16 00:00:00.000,
,,5ae7662e-057f-4260-8525-7c8f1fdf70fe.extra_data.json,,0.0,62900750,0.0,1431210,2140.693,62920010,2025-02-10 11:16:15.214,2025-01-17 03:00:01.523,131.05,487mnSNu6t,com.sec.android.app.shealth,5ae7662e-057f-4260-8525-7c8f1fdf70fe,2025-01-17 00:00:00.000,
,,c439fb93-34f9-4764-b806-e70d45d23915.extra_data.json,,0.0,62900750,0.0,703655,2159.023,62920010,2025-02-10 11:16:15.227,2025-01-18 03:00:00.725,61.909996,487mnSNu6t,com.sec.android.app.shealth,c439fb93-34f9-4764-b806-e70d45d23915,2025-01-18 00:00:00.000,
,,d7b6ced4-f456-43eb-aad1-c634a63af5e4.extra_data.json,,0.0,62900750,0.0,1084542,2149.427,62920010,2025-02-15 04:47:55.706,2025-01-19 13:42:05.759,95.01,487mnSNu6t,com.sec.android.app.shealth,d7b6ced4-f456-43eb-aad1-c634a63af5e4,2025-01-19 00:00:00.000,
,,4f916e03-ae16-416e-88d9-dae477e6fee4.extra_data.json,,0.0,62900750,0.0,1207242,2146.3357,62920010,2025-02-16 13:32:59.841,2025-01-20 03:00:00.528,92.44002,487mnSNu6t,com.sec.android.app.shealth,4f916e03-ae16-416e-88d9-dae477e6fee4,2025-01-20 00:00:00.000,
,,dd2d3006-a92f-4de5-90e2-2de15c8b990f.extra_data.json,,0.0,62900750,0.0,1008769,2151.336,62920010,2025-02-16 13:32:59.852,2025-01-21 03:00:01.505,56.700005,487mnSNu6t,com.sec.android.app.shealth,dd2d3006-a92f-4de5-90e2-2de15c8b990f,2025-01-21 00:00:00.000,
,,afc26ca3-aaa6-42be-b564-bb4ad364e036.extra_data.json,,0.0,62900750,0.0,2250348,2120.0557,62920010,2025-02-18 12:37:15.583,2025-01-22 03:00:07.770,133.62003,487mnSNu6t,com.sec.android.app.shealth,afc26ca3-aaa6-42be-b564-bb4ad364e036,2025-01-22 00:00:00.000,
,,3219754f-4d39-4cf9-b861-d64e4827b2a0.extra_data.json,,0.0,62900750,0.0,2764100,2107.1125,62920010,2025-02-19 22:35:55.385,2025-01-23 03:43:23.350,230.52995,487mnSNu6t,com.sec.android.app.shealth,3219754f-4d39-4cf9-b861-d64e4827b2a0,2025-01-23 00:00:00.000,
,,516a3979-c125-4456-9949-06215f3a33e0.extra_data.json,,0.0,62900750,0.0,1719161,2133.4385,62920010,2025-02-19 22:35:55.405,2025-01-24 03:00:01.038,150.22,487mnSNu6t,com.sec.android.app.shealth,516a3979-c125-4456-9949-06215f3a33e0,2025-01-24 00:00:00.000,
,,d7598f40-fd8f-43d8-8fc5-e32b13a7e75b.extra_data.json,,0.0,62900750,0.0,1278992,2144.528,62930070,2025-02-21 11:00:36.427,2025-01-25 03:00:01.123,91.30001,487mnSNu6t,com.sec.android.app.shealth,d7598f40-fd8f-43d8-8fc5-e32b13a7e75b,2025-01-25 00:00:00.000,
,,041bad41-bba1-4b72-a969-6ad4b2102206.extra_data.json,,139.0,62900750,0.0,3809847,2080.7659,62930070,2025-02-21 11:00:36.457,2025-01-26 03:00:02.569,256.21332,487mnSNu6t,com.sec.android.app.shealth,041bad41-bba1-4b72-a969-6ad4b2102206,2025-01-26 00:00:00.000,
,,bf730ed3-e205-4c61-bb5d-56e4435bcf1d.extra_data.json,,710.0,62900750,0.0,5965414,2026.4589,62930070,2025-02-21 11:00:36.475,2025-01-27 03:00:01.523,820.87946,487mnSNu6t,com.sec.android.app.shealth,bf730ed3-e205-4c61-bb5d-56e4435bcf1d,2025-01-27 00:00:00.000,
,,8c712c7a-f14f-4912-99f3-495ba728402e.extra_data.json,,0.0,62900750,0.0,854621,2155.2195,62930070,2025-02-21 11:00:36.492,2025-01-28 03:00:01.244,101.149994,487mnSNu6t,com.sec.android.app.shealth,8c712c7a-f14f-4912-99f3-495ba728402e,2025-01-28 00:00:00.000,
,,e39ec1cf-b61e-4af8-922a-4419a1668ad4.extra_data.json,,0.0,62900750,0.0,2617495,2110.806,62930070,2025-02-21 11:00:36.507,2025-01-29 03:00:11.039,125.28,487mnSNu6t,com.sec.android.app.shealth,e39ec1cf-b61e-4af8-922a-4419a1668ad4,2025-01-29 00:00:00.000,
,,9c88cf8a-cd6b-465a-a879-b5e74e0156a2.extra_data.json,,650.0,62900750,0.0,6717642,2007.5073,62930070,2025-02-27 00:14:04.371,2025-01-30 03:00:01.192,858.09375,487mnSNu6t,com.sec.android.app.shealth,9c88cf8a-cd6b-465a-a879-b5e74e0156a2,2025-01-30 00:00:00.000,
,,dd737ac9-165f-46a0-8d92-a3027e15c226.extra_data.json,,0.0,62900750,0.0,2436620,2115.3628,62930070,2025-02-27 00:14:04.416,2025-01-31 03:00:01.402,143.43002,487mnSNu6t,com.sec.android.app.shealth,dd737ac9-165f-46a0-8d92-a3027e15c226,2025-01-31 00:00:00.000,
,,f5b6427f-1122-4292-9cf4-245bab45b5b5.extra_data.json,,0.0,62900750,0.0,610305,2155.738,62930070,2025-02-28 19:00:38.910,2025-02-01 03:00:02.192,30.77,487mnSNu6t,com.sec.android.app.shealth,f5b6427f-1122-4292-9cf4-245bab45b5b5,2025-02-01 00:00:00.000,
,,3d930e25-a3d6-49f1-bd3f-39db57eb999a.extra_data.json,,88.0,62900750,0.0,2204493,2115.679,62930070,2025-02-28 19:00:38.927,2025-02-02 03:00:06.569,141.68,487mnSNu6t,com.sec.android.app.shealth,3d930e25-a3d6-49f1-bd3f-39db57eb999a,2025-02-02 00:00:00.000,
,,b4ee6e31-90b9-4004-a99c-6a291282b30a.extra_data.json,,0.0,62900750,0.0,1648339,2129.654,62930070,2025-02-28 19:00:38.942,2025-02-03 03:00:01.666,170.41003,487mnSNu6t,com.sec.android.app.shealth,b4ee6e31-90b9-4004-a99c-6a291282b30a,2025-02-03 00:00:00.000,
,,aeac6124-da9e-4033-bc02-681cfa18ef48.extra_data.json,,710.0,62900750,0.0,5896977,2022.8936,62930070,2025-02-28 19:00:38.951,2025-02-04 03:00:02.638,783.5344,487mnSNu6t,com.sec.android.app.shealth,aeac6124-da9e-4033-bc02-681cfa18ef48,2025-02-04 00:00:00.000,
,,3ea9b6b9-79d1-497b-9912-34b7c44857d1.extra_data.json,,0.0,62900750,0.0,2928181,2097.494,62930070,2025-03-04 23:03:51.868,2025-02-05 03:00:02.384,168.06004,487mnSNu6t,com.sec.android.app.shealth,3ea9b6b9-79d1-497b-9912-34b7c44857d1,2025-02-05 00:00:00.000,
,,f308d9c5-11e2-4942-8c27-e387b4f8708f.extra_data.json,,0.0,62900750,0.0,934431,2147.5933,62930070,2025-03-04 23:03:51.894,2025-02-06 03:00:02.336,51.05999,487mnSNu6t,com.sec.android.app.shealth,f308d9c5-11e2-4942-8c27-e387b4f8708f,2025-02-06 00:00:00.000,
,,3fceeb4f-8a3a-4eb3-a373-5de4f8ae4bee.extra_data.json,,664.0,62900750,0.0,7134662,1991.7927,62930070,2025-03-04 23:03:51.924,2025-02-07 03:00:01.203,877.7875,487mnSNu6t,com.sec.android.app.shealth,3fceeb4f-8a3a-4eb3-a373-5de4f8ae4bee,2025-02-07 00:00:00.000,
,,0eefacf6-3d9d-4707-a11a-0639138d3546.extra_data.json,,0.0,62900750,0.0,3111336,2092.8916,62930070,2025-03-04 23:03:51.940,2025-02-08 03:00:01.199,268.23993,487mnSNu6t,com.sec.android.app.shealth,0eefacf6-3d9d-4707-a11a-0639138d3546,2025-02-08 00:00:00.000,
,,2fc2cafb-aa9b-4715-b881-56f3646fa817.extra_data.json,,0.0,62900750,0.0,1494597,2133.5173,62930070,2025-03-04 23:03:51.967,2025-02-09 03:00:02.066,138.83998,487mnSNu6t,com.sec.android.app.shealth,2fc2cafb-aa9b-4715-b881-56f3646fa817,2025-02-09 00:00:00.000,
,,9b32a695-5028-43fa-8051-922bf420da2b.extra_data.json,,547.0,62900750,0.0,5512260,2032.5609,62930070,2025-03-04 23:03:52.111,2025-02-10 03:00:02.350,722.1109,487mnSNu6t,com.sec.android.app.shealth,9b32a695-5028-43fa-8051-922bf420da2b,2025-02-10 00:00:00.000,
,,814cfed3-31ee-4bb1-9901-ebd640edbaeb.extra_data.json,,645.0,62920010,0.0,6510843,2007.4683,62930070,2025-03-04 23:03:52.150,2025-02-11 03:00:02.888,826.478,487mnSNu6t,com.sec.android.app.shealth,814cfed3-31ee-4bb1-9901-ebd640edbaeb,2025-02-11 00:00:00.000,
,,3a16372a-dff2-45c3-804b-bf4ea6de73b4.extra_data.json,,711.0,62920010,0.0,7957532,1971.1155,62930070,2025-03-04 23:03:52.187,2025-02-12 03:00:01.344,890.0871,487mnSNu6t,com.sec.android.app.shealth,3a16372a-dff2-45c3-804b-bf4ea6de73b4,2025-02-12 00:00:00.000,
,,06601d76-8474-41b0-901c-8d4f6543958b.extra_data.json,,0.0,62920010,0.0,2407036,2110.5894,62930070,2025-03-04 23:03:52.202,2025-02-13 03:00:08.479,168.79999,487mnSNu6t,com.sec.android.app.shealth,06601d76-8474-41b0-901c-8d4f6543958b,2025-02-13 00:00:00.000,
,,92f4b0ef-a4b9-47e5-8668-8edf26eae9b9.extra_data.json,,723.0,62920010,0.0,6515298,2007.3563,62930070,2025-03-04 23:03:52.214,2025-02-14 03:00:01.289,809.4423,487mnSNu6t,com.sec.android.app.shealth,92f4b0ef-a4b9-47e5-8668-8edf26eae9b9,2025-02-14 00:00:00.000,
,,41c3938b-4b7d-424e-9cfb-84e5a375458b.extra_data.json,,0.0,62920010,0.0,695547,2153.596,62930070,2025-03-04 23:03:52.225,2025-02-15 04:47:48.299,42.12,487mnSNu6t,com.sec.android.app.shealth,41c3938b-4b7d-424e-9cfb-84e5a375458b,2025-02-15 00:00:00.000,
,,87cc1469-e2db-4081-8e7a-86b03c5e676d.extra_data.json,,0.0,62920010,0.0,1105082,2143.3052,62930070,2025-03-04 23:03:52.247,2025-02-16 03:00:01.244,68.01,487mnSNu6t,com.sec.android.app.shealth,87cc1469-e2db-4081-8e7a-86b03c5e676d,2025-02-16 00:00:00.000,
,,241bc942-b0ee-4fe8-8dab-9370517afa43.extra_data.json,,0.0,62920010,0.0,1186277,2141.2646,62930070,2025-03-04 23:03:52.264,2025-02-17 03:00:01.027,94.80999,487mnSNu6t,com.sec.android.app.shealth,241bc942-b0ee-4fe8-8dab-9370517afa43,2025-02-17 00:00:00.000,
,,91f89112-cb96-4c3c-91dd-cb3cbec0dae4.extra_data.json,,62.0,62920010,0.0,2176026,2116.3943,62930070,2025-03-17 20:18:06.287,2025-02-18 03:00:00.738,130.262,487mnSNu6t,com.sec.android.app.shealth,91f89112-cb96-4c3c-91dd-cb3cbec0dae4,2025-02-18 00:00:00.000,
,,b7bee791-5901-483a-8f03-b2a890e04c60.extra_data.json,,0.0,62920010,0.0,2667487,2104.0447,62930070,2025-03-17 20:18:06.309,2025-02-19 03:00:08.340,139.86003,487mnSNu6t,com.sec.android.app.shealth,b7bee791-5901-483a-8f03-b2a890e04c60,2025-02-19 00:00:00.000,
,,1d5a6756-fe08-4aad-b1d1-50120d9ae5d1.extra_data.json,,248.0,62920010,0.0,4452102,2059.2007,62930070,2025-03-17 20:18:06.323,2025-02-20 03:00:01.776,459.9403,487mnSNu6t,com.sec.android.app.shealth,1d5a6756-fe08-4aad-b1d1-50120d9ae5d1,2025-02-20 00:00:00.000,
,,3bf43287-f2e6-4ec2-a854-85359b63dd37.extra_data.json,,0.0,62920010,0.0,3147272,2091.9885,62930070,2025-03-17 20:18:06.349,2025-02-21 03:00:01.106,249.06998,487mnSNu6t,com.sec.android.app.shealth,3bf43287-f2e6-4ec2-a854-85359b63dd37,2025-02-21 00:00:00.000,
,,f2802870-0b6a-4dfe-aaf7-809287e5b3e6.extra_data.json,,0.0,62930070,0.0,166083,2166.9006,62930070,2025-03-17 20:18:06.377,2025-02-22 03:00:02.251,7.91,487mnSNu6t,com.sec.android.app.shealth,f2802870-0b6a-4dfe-aaf7-809287e5b3e6,2025-02-22 00:00:00.000,
,,493a2b6f-f123-4ba7-8811-0b777f7a8858.extra_data.json,,0.0,62930070,0.0,990295,2146.1895,62930070,2025-03-17 20:18:06.403,2025-02-23 03:00:01.573,103.99,487mnSNu6t,com.sec.android.app.shealth,493a2b6f-f123-4ba7-8811-0b777f7a8858,2025-02-23 00:00:00.000,
,,d851643c-ebd0-4887-8317-b81072ac32b9.extra_data.json,,102.0,62930070,0.0,3336810,2087.2258,62930070,2025-03-17 20:18:06.431,2025-02-24 03:00:06.063,197.9415,487mnSNu6t,com.sec.android.app.shealth,d851643c-ebd0-4887-8317-b81072ac32b9,2025-02-24 00:00:00.000,
,,a40ce82e-2293-40c2-88be-85157b86e536.extra_data.json,,0.0,62930070,0.0,879773,2148.9666,62930070,2025-03-17 20:18:06.456,2025-02-25 03:00:01.731,64.14001,487mnSNu6t,com.sec.android.app.shealth,a40ce82e-2293-40c2-88be-85157b86e536,2025-02-25 00:00:00.000,
,,5b209905-4b7d-4286-be8a-8c0332141ac9.extra_data.json,,271.0,62930070,0.0,4111974,2067.7473,62930070,2025-03-25 17:07:19.677,2025-02-26 03:00:02.990,459.57745,487mnSNu6t,com.sec.android.app.shealth,5b209905-4b7d-4286-be8a-8c0332141ac9,2025-02-26 00:00:00.000,
,,53b1d264-959d-40b0-a2f0-4cfb52e477c1.extra_data.json,,0.0,62930070,0.0,3786412,2075.928,62930070,2025-03-25 17:07:19.690,2025-02-27 03:00:01.872,222.09996,487mnSNu6t,com.sec.android.app.shealth,53b1d264-959d-40b0-a2f0-4cfb52e477c1,2025-02-27 00:00:00.000,
,,8784fa49-7105-4721-9882-6b32f0d88713.extra_data.json,,747.0,62930070,0.0,6988891,1995.4558,62930070,2025-03-25 17:07:19.696,2025-02-28 03:00:10.649,839.1563,487mnSNu6t,com.sec.android.app.shealth,8784fa49-7105-4721-9882-6b32f0d88713,2025-02-28 00:00:00.000,
,,13dffc11-fb60-4d52-b240-b63ff84031a7.extra_data.json,,331.0,62930070,0.0,4248375,2064.3198,62930070,2025-03-25 17:07:19.705,2025-03-01 03:00:23.010,479.69482,487mnSNu6t,com.sec.android.app.shealth,13dffc11-fb60-4d52-b240-b63ff84031a7,2025-03-01 00:00:00.000,
,,61140df0-1c73-4a87-89cd-6b0eb868c424.extra_data.json,,0.0,62930070,0.0,1083208,2143.8547,62930070,2025-03-25 17:07:19.711,2025-03-02 03:00:05.375,51.559994,487mnSNu6t,com.sec.android.app.shealth,61140df0-1c73-4a87-89cd-6b0eb868c424,2025-03-02 00:00:00.000,
,,81abd7e1-a526-4a0d-a904-d54e37d5e4ec.extra_data.json,,0.0,62930070,0.0,2499966,2108.2542,62930070,2025-03-25 17:07:19.719,2025-03-03 03:00:21.932,170.79997,487mnSNu6t,com.sec.android.app.shealth,81abd7e1-a526-4a0d-a904-d54e37d5e4ec,2025-03-03 00:00:00.000,
,,9be258d7-0fa4-4235-9d6e-c5f4e23000a1.extra_data.json,,0.0,62930070,0.0,2099241,2118.3237,62930070,2025-03-25 17:07:19.725,2025-03-04 03:00:02.438,177.59,487mnSNu6t,com.sec.android.app.shealth,9be258d7-0fa4-4235-9d6e-c5f4e23000a1,2025-03-04 00:00:00.000,
,,ee60a184-a692-44b1-a404-4efc40d94106.extra_data.json,,202.0,62930070,0.0,2777230,2101.287,62930070,2025-03-25 17:07:19.732,2025-03-05 03:00:02.322,335.77246,487mnSNu6t,com.sec.android.app.shealth,ee60a184-a692-44b1-a404-4efc40d94106,2025-03-05 00:00:00.000,
,,d81c1a5a-77f6-4135-99e5-68fc0c26e02e.extra_data.json,,640.0,62930070,0.0,7292010,1987.839,62950170,2025-04-02 04:48:34.193,2025-03-06 03:29:23.468,897.28064,487mnSNu6t,com.sec.android.app.shealth,d81c1a5a-77f6-4135-99e5-68fc0c26e02e,2025-03-06 00:00:00.000,
,,5356524e-98e8-4439-9893-79aa509e271f.extra_data.json,,0.0,62930070,0.0,3876564,2073.6628,62950170,2025-04-02 04:48:34.211,2025-03-07 03:00:02.487,389.91,487mnSNu6t,com.sec.android.app.shealth,5356524e-98e8-4439-9893-79aa509e271f,2025-03-07 00:00:00.000,
,,23cdf8ca-ba78-4e81-8f1d-c332e8b47e6b.extra_data.json,,390.0,62930070,0.0,5184373,2040.7999,62950170,2025-04-02 04:48:34.224,2025-03-08 03:00:01.747,644.3,487mnSNu6t,com.sec.android.app.shealth,23cdf8ca-ba78-4e81-8f1d-c332e8b47e6b,2025-03-08 00:00:00.000,
,,49df48d1-9b8d-4089-8d1c-6724f4b6e355.extra_data.json,,0.0,62930070,0.0,3055540,2094.2937,62950170,2025-04-02 04:48:34.267,2025-03-09 03:00:03.674,288.58997,487mnSNu6t,com.sec.android.app.shealth,49df48d1-9b8d-4089-8d1c-6724f4b6e355,2025-03-09 00:00:00.000,
,,5c408dcf-a9aa-4649-92d1-364748db5951.extra_data.json,,0.0,62930070,0.0,374854,2161.6543,62950170,2025-04-02 04:48:34.311,2025-03-10 03:00:00.790,32.929996,487mnSNu6t,com.sec.android.app.shealth,5c408dcf-a9aa-4649-92d1-364748db5951,2025-03-10 00:00:00.000,
,,af15585f-24d2-4c10-9db8-d9df4d93de85.extra_data.json,,0.0,62930070,0.0,2006597,2120.6516,62950170,2025-04-02 04:48:34.331,2025-03-11 03:00:02.476,215.86002,487mnSNu6t,com.sec.android.app.shealth,af15585f-24d2-4c10-9db8-d9df4d93de85,2025-03-11 00:00:00.000,
,,b53ca716-f5a9-459a-afac-c108327e4eb1.extra_data.json,,0.0,62930070,0.0,785709,2151.3303,62950170,2025-04-02 04:48:34.345,2025-03-12 03:00:02.466,78.17,487mnSNu6t,com.sec.android.app.shealth,b53ca716-f5a9-459a-afac-c108327e4eb1,2025-03-12 00:00:00.000,
,,fb2d3129-82db-4a0b-b40b-7299f823a90e.extra_data.json,,0.0,62930070,0.0,2209501,2115.553,62950170,2025-04-02 04:48:34.366,2025-03-13 03:00:04.069,205.64001,487mnSNu6t,com.sec.android.app.shealth,fb2d3129-82db-4a0b-b40b-7299f823a90e,2025-03-13 00:00:00.000,
,,d1ded9de-8812-4ede-915a-40d933274df0.extra_data.json,,470.0,62930070,0.0,6213207,2014.9473,62950170,2025-04-02 04:48:34.388,2025-03-14 03:00:01.078,755.02014,487mnSNu6t,com.sec.android.app.shealth,d1ded9de-8812-4ede-915a-40d933274df0,2025-03-14 00:00:00.000,
,,6fb37377-aa31-4d69-b372-64a7226c32f7.extra_data.json,,0.0,62930070,0.0,362848,2161.956,62950170,2025-04-02 04:48:34.405,2025-03-15 03:46:23.299,31.719997,487mnSNu6t,com.sec.android.app.shealth,6fb37377-aa31-4d69-b372-64a7226c32f7,2025-03-15 00:00:00.000,
,,404d504a-95b3-4dc9-85e2-5c1fa1eb8e4b.extra_data.json,,0.0,62930070,0.0,1415947,2135.4937,62950170,2025-04-02 04:48:34.419,2025-03-16 03:00:03.299,170.61,487mnSNu6t,com.sec.android.app.shealth,404d504a-95b3-4dc9-85e2-5c1fa1eb8e4b,2025-03-16 00:00:00.000,
,,9a65773a-35f1-4058-9f22-d7408e7eb71b.extra_data.json,,0.0,62930070,0.0,1146377,2142.2676,62950170,2025-04-02 04:48:34.437,2025-03-17 03:00:07.277,129.95999,487mnSNu6t,com.sec.android.app.shealth,9a65773a-35f1-4058-9f22-d7408e7eb71b,2025-03-17 00:00:00.000,
,,cceef59d-09a6-4e00-a6dd-c2cb111ae30a.extra_data.json,,0.0,62930070,0.0,3647475,2079.4194,62950170,2025-04-02 04:48:34.448,2025-03-18 03:00:01.246,264.03,487mnSNu6t,com.sec.android.app.shealth,cceef59d-09a6-4e00-a6dd-c2cb111ae30a,2025-03-18 00:00:00.000,
,,31f4f65e-6d76-4d33-8014-56099b732a01.extra_data.json,,0.0,62930070,0.0,2542257,2107.1917,62950170,2025-04-02 04:48:34.463,2025-03-19 03:00:01.331,190.87997,487mnSNu6t,com.sec.android.app.shealth,31f4f65e-6d76-4d33-8014-56099b732a01,2025-03-19 00:00:00.000,
,,bde7bce1-f788-4e48-8683-4643bdf293a5.extra_data.json,,0.0,62930070,0.0,3081098,2093.6516,62950170,2025-04-02 04:48:34.473,2025-03-20 03:00:01.189,216.41,487mnSNu6t,com.sec.android.app.shealth,bde7bce1-f788-4e48-8683-4643bdf293a5,2025-03-20 00:00:00.000,
,,cee238b5-fdac-49da-9722-750d185ddbec.extra_data.json,,635.0,62930070,0.0,7618932,1979.6241,62950170,2025-04-02 04:48:34.485,2025-03-21 03:00:01.469,895.16565,487mnSNu6t,com.sec.android.app.shealth,cee238b5-fdac-49da-9722-750d185ddbec,2025-03-21 00:00:00.000,
,,d3d6f9c0-c415-4bf8-b7ea-ff4d4685c531.extra_data.json,,0.0,62930070,0.0,817680,2150.527,62950170,2025-04-02 04:48:34.489,2025-03-22 03:00:02.739,53.72,487mnSNu6t,com.sec.android.app.shealth,d3d6f9c0-c415-4bf8-b7ea-ff4d4685c531,2025-03-22 00:00:00.000,
,,9724d665-47e3-48ee-a6ff-af70f8bc5d07.extra_data.json,,0.0,62930070,0.0,2403979,2110.6663,62950170,2025-04-02 04:48:34.497,2025-03-23 03:00:01.685,203.95,487mnSNu6t,com.sec.android.app.shealth,9724d665-47e3-48ee-a6ff-af70f8bc5d07,2025-03-23 00:00:00.000,
,,ad1a7baa-d52c-4e47-a4d3-0991493765cc.extra_data.json,,0.0,62930070,0.0,868481,2149.2505,62950170,2025-04-02 04:48:34.507,2025-03-24 03:00:01.463,94.29001,487mnSNu6t,com.sec.android.app.shealth,ad1a7baa-d52c-4e47-a4d3-0991493765cc,2025-03-24 00:00:00.000,
,,d38a288e-0460-4176-b0e0-67228482edcb.extra_data.json,,581.0,62930070,0.0,6082388,2018.2346,62950170,2025-04-02 04:48:34.519,2025-03-25 03:00:02.240,746.5553,487mnSNu6t,com.sec.android.app.shealth,d38a288e-0460-4176-b0e0-67228482edcb,2025-03-25 00:00:00.000,
,,4c76e812-fe32-42d7-bdcf-b08cbe6e2022.extra_data.json,,638.0,62930070,0.0,6735804,2001.8153,62950170,2025-04-02 04:48:34.536,2025-03-26 03:00:08.519,771.8159,487mnSNu6t,com.sec.android.app.shealth,4c76e812-fe32-42d7-bdcf-b08cbe6e2022,2025-03-26 00:00:00.000,
,,8e750e67-98a2-4ed6-8e98-242838b91a1e.extra_data.json,,82.0,62930070,0.0,3216179,2090.257,62950170,2025-04-02 04:48:34.553,2025-03-27 03:00:02.215,279.02026,487mnSNu6t,com.sec.android.app.shealth,8e750e67-98a2-4ed6-8e98-242838b91a1e,2025-03-27 00:00:00.000,
,,83868412-2134-46f0-983f-39260f379430.extra_data.json,,0.0,62930070,0.0,2982528,2096.1284,62950170,2025-04-02 04:48:34.563,2025-03-28 03:00:11.506,162.56999,487mnSNu6t,com.sec.android.app.shealth,83868412-2134-46f0-983f-39260f379430,2025-03-28 00:00:00.000,
,,8be28a09-09c5-482c-b39c-9a8509fb2311.extra_data.json,,0.0,62930070,0.0,1587829,2131.1746,62950170,2025-04-02 04:48:34.578,2025-03-29 03:00:01.814,93.49,487mnSNu6t,com.sec.android.app.shealth,8be28a09-09c5-482c-b39c-9a8509fb2311,2025-03-29 00:00:00.000,
,,d5fffc11-b23f-4984-b5a8-2cef43ebe61c.extra_data.json,,0.0,62930070,0.0,995804,2146.051,62950170,2025-04-02 04:48:34.591,2025-03-30 03:00:01.189,91.709984,487mnSNu6t,com.sec.android.app.shealth,d5fffc11-b23f-4984-b5a8-2cef43ebe61c,2025-03-30 00:00:00.000,
,,e6232d94-5d65-4949-92b3-5154f30a7018.extra_data.json,,542.0,62930070,0.0,6031796,2019.5059,62950170,2025-04-02 04:48:34.606,2025-03-31 03:03:34.142,689.3485,487mnSNu6t,com.sec.android.app.shealth,e6232d94-5d65-4949-92b3-5154f30a7018,2025-03-31 00:00:00.000,
,,c7eb3526-6845-4a73-9cf3-b7861aaf0f81.extra_data.json,,0.0,62930070,0.0,3403730,2085.5444,62950170,2025-04-03 22:24:49.284,2025-04-01 03:00:03.675,248.58992,487mnSNu6t,com.sec.android.app.shealth,c7eb3526-6845-4a73-9cf3-b7861aaf0f81,2025-04-01 00:00:00.000,
,,0a1e7830-3a5a-4f86-a7d6-bcb3bb5902fd.extra_data.json,,0.0,62930070,0.0,2800265,2100.7083,62950170,2025-04-04 11:42:53.552,2025-04-02 03:00:03.642,194.93997,487mnSNu6t,com.sec.android.app.shealth,0a1e7830-3a5a-4f86-a7d6-bcb3bb5902fd,2025-04-02 00:00:00.000,
,,9d4846b4-ede6-4c45-b91a-fd887a0ef072.extra_data.json,,0.0,62950170,0.0,441554,2159.9785,62950170,2025-04-05 03:00:05.664,2025-04-03 03:00:30.669,20.769997,487mnSNu6t,com.sec.android.app.shealth,9d4846b4-ede6-4c45-b91a-fd887a0ef072,2025-04-03 00:00:00.000,
,,00d51829-f565-482b-ba70-6b69781c1b28.extra_data.json,,609.0,62950170,0.0,5893066,2022.992,62950170,2025-05-01 16:34:40.922,2025-04-04 03:00:39.051,750.94,487mnSNu6t,com.sec.android.app.shealth,00d51829-f565-482b-ba70-6b69781c1b28,2025-04-04 00:00:00.000,
,,de2f0a0a-04c2-4a15-994c-f46d4645efb8.extra_data.json,,468.0,62950170,0.0,4174546,2066.175,62950170,2025-05-01 16:34:40.961,2025-04-05 03:00:00.949,564.5389,487mnSNu6t,com.sec.android.app.shealth,de2f0a0a-04c2-4a15-994c-f46d4645efb8,2025-04-05 00:00:00.000,
,,80514309-1074-4eb9-ae1d-733a3742cad1.extra_data.json,,0.0,62950170,0.0,1917945,2122.8794,62950170,2025-05-01 16:34:40.982,2025-04-06 03:14:25.628,183.41,487mnSNu6t,com.sec.android.app.shealth,80514309-1074-4eb9-ae1d-733a3742cad1,2025-04-06 00:00:00.000,
,,74c4777f-eacf-41ce-9c2d-091fbed2a17c.extra_data.json,,0.0,62950170,0.0,881863,2148.914,62950170,2025-05-01 16:34:41.004,2025-04-07 03:00:04.672,86.84998,487mnSNu6t,com.sec.android.app.shealth,74c4777f-eacf-41ce-9c2d-091fbed2a17c,2025-04-07 00:00:00.000,
,,899d786a-f02a-4dbb-840b-048f75c1041a.extra_data.json,,0.0,62950170,0.0,1475113,2134.0068,62950170,2025-05-01 16:34:41.017,2025-04-08 03:13:24.029,93.960014,487mnSNu6t,com.sec.android.app.shealth,899d786a-f02a-4dbb-840b-048f75c1041a,2025-04-08 00:00:00.000,
,,656e13b7-bcee-44ad-af84-8e013054e23e.extra_data.json,,79.0,62950170,0.0,2707080,2103.0498,62950170,2025-05-01 16:34:41.039,2025-04-09 03:00:02.056,237.86583,487mnSNu6t,com.sec.android.app.shealth,656e13b7-bcee-44ad-af84-8e013054e23e,2025-04-09 00:00:00.000,
,,6d510b2c-97fe-4660-a499-983f4739ba3b.extra_data.json,,0.0,62950170,0.0,2141377,2117.265,62950170,2025-05-01 16:34:41.064,2025-04-10 03:50:08.289,102.580025,487mnSNu6t,com.sec.android.app.shealth,6d510b2c-97fe-4660-a499-983f4739ba3b,2025-04-10 00:00:00.000,
,,4894a58f-0711-4dce-a9a4-848e4c4f3120.extra_data.json,,0.0,62950170,0.0,2454684,2109.392,62950170,2025-05-01 16:34:41.105,2025-04-11 03:00:01.017,162.15002,487mnSNu6t,com.sec.android.app.shealth,4894a58f-0711-4dce-a9a4-848e4c4f3120,2025-04-11 00:00:00.000,
,,91ee2e14-5d7a-4536-abde-3640fe4b7510.extra_data.json,,0.0,62950170,0.0,965079,2146.823,62950170,2025-05-01 16:34:41.137,2025-04-12 03:28:18.712,123.30001,487mnSNu6t,com.sec.android.app.shealth,91ee2e14-5d7a-4536-abde-3640fe4b7510,2025-04-12 00:00:00.000,
,,a2748dbb-d450-4efd-b394-80390ceabc09.extra_data.json,,0.0,62950170,0.0,184092,2166.4478,62950170,2025-05-10 13:45:46.735,2025-04-13 03:00:02.730,8.72,487mnSNu6t,com.sec.android.app.shealth,a2748dbb-d450-4efd-b394-80390ceabc09,2025-04-13 00:00:00.000,
,,1154eb8e-aefa-4db7-8f26-cda0ebf1bd11.extra_data.json,,0.0,62950170,0.0,1414012,2135.5422,62950170,2025-05-10 13:45:46.769,2025-04-14 03:06:44.437,110.549995,487mnSNu6t,com.sec.android.app.shealth,1154eb8e-aefa-4db7-8f26-cda0ebf1bd11,2025-04-14 00:00:00.000,
,,3524e8fb-ece8-4424-af25-3cd1ccd7ca80.extra_data.json,,671.0,62950170,0.0,6139057,2016.8105,62950170,2025-05-10 13:45:46.796,2025-04-15 03:00:04.564,757.63104,487mnSNu6t,com.sec.android.app.shealth,3524e8fb-ece8-4424-af25-3cd1ccd7ca80,2025-04-15 00:00:00.000,
,,fb5209f3-3658-44f6-b5c0-b810674c5c70.extra_data.json,,0.0,62950170,0.0,2777357,2101.284,62950170,2025-05-10 13:45:46.810,2025-04-16 03:00:01.782,234.54002,487mnSNu6t,com.sec.android.app.shealth,fb5209f3-3658-44f6-b5c0-b810674c5c70,2025-04-16 00:00:00.000,
,,c7b7e8d3-7a07-4150-b2e0-b01de324e6ce.extra_data.json,,0.0,62950170,0.0,3053160,2094.3535,62950170,2025-05-10 13:45:46.830,2025-04-17 03:00:01.992,191.4,487mnSNu6t,com.sec.android.app.shealth,c7b7e8d3-7a07-4150-b2e0-b01de324e6ce,2025-04-17 00:00:00.000,
,,e5b087b6-78e1-4a52-a567-9d38f0b62524.extra_data.json,,0.0,62950170,0.0,1866723,2124.1665,62950170,2025-05-10 13:45:46.841,2025-04-18 03:00:02.319,144.77,487mnSNu6t,com.sec.android.app.shealth,e5b087b6-78e1-4a52-a567-9d38f0b62524,2025-04-18 00:00:00.000,
,,087960b1-117d-4acd-8043-f42a5f8f9dfb.extra_data.json,,0.0,62950170,0.0,1949801,2122.0789,62950170,2025-05-16 14:55:18.657,2025-04-19 04:30:43.328,187.10997,487mnSNu6t,com.sec.android.app.shealth,087960b1-117d-4acd-8043-f42a5f8f9dfb,2025-04-19 00:00:00.000,
,,29e956ce-74dd-4ca3-84b7-d7cddaa127de.extra_data.json,,0.0,62950170,0.0,2351688,2111.9802,62950170,2025-05-17 13:26:57.870,2025-04-20 03:35:28.865,202.81006,487mnSNu6t,com.sec.android.app.shealth,29e956ce-74dd-4ca3-84b7-d7cddaa127de,2025-04-20 00:00:00.000,
,,adb3e6e8-1e4c-4afe-96da-2fdfd582c655.extra_data.json,,0.0,62950170,0.0,1196100,2141.018,62950170,2025-05-17 13:26:57.890,2025-04-21 03:00:02.022,126.61003,487mnSNu6t,com.sec.android.app.shealth,adb3e6e8-1e4c-4afe-96da-2fdfd582c655,2025-04-21 00:00:00.000,
,,1d73d1ad-b747-4c64-9c00-fefdb9c74587.extra_data.json,,17.0,62950170,0.0,1072498,2144.124,62950170,2025-05-20 01:33:55.508,2025-04-22 03:00:01.741,69.21979,487mnSNu6t,com.sec.android.app.shealth,1d73d1ad-b747-4c64-9c00-fefdb9c74587,2025-04-22 00:00:00.000,
,,1b719fc7-a2ce-4a31-89b8-9b93c8c3167f.extra_data.json,,0.0,62950170,0.0,1693241,2128.526,62950170,2025-05-20 03:05:16.849,2025-04-23 03:04:52.673,188.24998,487mnSNu6t,com.sec.android.app.shealth,1b719fc7-a2ce-4a31-89b8-9b93c8c3167f,2025-04-23 00:00:00.000,
,,ee13ec68-dbfb-44ca-9793-36951e3f1ee1.extra_data.json,,0.0,62950170,0.0,2123615,2117.7112,62950170,2025-05-20 03:05:17.083,2025-04-24 03:01:01.720,158.09998,487mnSNu6t,com.sec.android.app.shealth,ee13ec68-dbfb-44ca-9793-36951e3f1ee1,2025-04-24 00:00:00.000,
,,de66dba9-363d-4678-8a9f-3deb8b20267a.extra_data.json,,0.0,62950170,0.0,2314100,2112.9248,62950170,2025-05-22 19:44:46.630,2025-04-25 03:00:36.363,112.09998,487mnSNu6t,com.sec.android.app.shealth,de66dba9-363d-4678-8a9f-3deb8b20267a,2025-04-25 00:00:00.000,
,,28e9f886-bee1-4995-a7f1-d21b7b1859c6.extra_data.json,,0.0,62950170,0.0,3705051,2077.9727,62950170,2025-05-22 19:44:46.657,2025-04-26 03:00:00.495,391.34006,487mnSNu6t,com.sec.android.app.shealth,28e9f886-bee1-4995-a7f1-d21b7b1859c6,2025-04-26 00:00:00.000,
,,4f21496c-580e-4326-91e0-ceb6afd30314.extra_data.json,,0.0,62950170,0.0,1203525,2140.8313,62950170,2025-05-22 19:44:46.745,2025-04-27 03:00:05.890,83.59002,487mnSNu6t,com.sec.android.app.shealth,4f21496c-580e-4326-91e0-ceb6afd30314,2025-04-27 00:00:00.000,
,,9962c301-311f-4539-b21e-03bf6003ac0f.extra_data.json,,0.0,62950170,0.0,914236,2148.1006,62950170,2025-05-25 11:01:49.554,2025-04-28 03:00:11.371,93.37002,487mnSNu6t,com.sec.android.app.shealth,9962c301-311f-4539-b21e-03bf6003ac0f,2025-04-28 00:00:00.000,
,,f4345b82-22dd-497c-b0cc-42c6a4be7f1c.extra_data.json,,0.0,62950170,0.0,2573269,2106.412,62950170,2025-05-26 18:39:06.139,2025-04-29 03:01:30.904,204.07005,487mnSNu6t,com.sec.android.app.shealth,f4345b82-22dd-497c-b0cc-42c6a4be7f1c,2025-04-29 00:00:00.000,
,,2a84ee57-73ce-4d97-b2c8-fc5c13621ad8.extra_data.json,,0.0,62950170,0.0,475030,2159.1372,62950170,2025-05-26 18:39:06.167,2025-04-30 03:00:14.509,39.600006,487mnSNu6t,com.sec.android.app.shealth,2a84ee57-73ce-4d97-b2c8-fc5c13621ad8,2025-04-30 00:00:00.000,
,,58c149bd-46d9-41a7-8cc1-e08e67ebaccd.extra_data.json,,174.0,62950170,0.0,1968533,2121.6082,62950170,2025-05-26 18:39:06.188,2025-05-01 03:24:23.270,233.939,487mnSNu6t,com.sec.android.app.shealth,58c149bd-46d9-41a7-8cc1-e08e67ebaccd,2025-05-01 00:00:00.000,
,,cc73d11c-fa11-46ab-90dd-b9838a026055.extra_data.json,,759.0,62950170,0.0,7373360,1985.7948,62950170,2025-05-29 23:09:34.462,2025-05-02 03:00:01.847,881.23486,487mnSNu6t,com.sec.android.app.shealth,cc73d11c-fa11-46ab-90dd-b9838a026055,2025-05-02 00:00:00.000,
,,62e29eca-ede6-4c06-8059-505d8f475f8f.extra_data.json,,177.0,62950170,0.0,4499146,2058.0186,62950170,2025-05-29 23:09:34.474,2025-05-03 03:00:02.960,245.77533,487mnSNu6t,com.sec.android.app.shealth,62e29eca-ede6-4c06-8059-505d8f475f8f,2025-05-03 00:00:00.000,
,,45056c20-106e-4659-99da-e773e5dd6d70.extra_data.json,,0.0,62950170,0.0,2211670,2115.4985,63010030,2025-05-31 23:44:34.697,2025-05-04 03:00:09.661,206.27,487mnSNu6t,com.sec.android.app.shealth,45056c20-106e-4659-99da-e773e5dd6d70,2025-05-04 00:00:00.000,
,,91066594-2218-41f7-8ff2-1e70469f4874.extra_data.json,,0.0,62950170,0.0,1118559,2142.9666,63010030,2025-05-31 23:44:34.709,2025-05-05 03:00:05.964,52.630005,487mnSNu6t,com.sec.android.app.shealth,91066594-2218-41f7-8ff2-1e70469f4874,2025-05-05 00:00:00.000,
,,2d0c376b-4da6-49d2-83c5-1e5d9e1755ae.extra_data.json,,879.0,62950170,0.0,8271282,1963.2317,63010030,2025-06-02 16:27:17.659,2025-05-06 03:00:01.330,1014.77136,487mnSNu6t,com.sec.android.app.shealth,2d0c376b-4da6-49d2-83c5-1e5d9e1755ae,2025-05-06 00:00:00.000,
,,01f233cb-e9b0-4160-8a0a-7f5e11d4850d.extra_data.json,,0.0,62950170,0.0,1778614,2126.3804,63010030,2025-06-02 16:27:17.718,2025-05-07 03:00:27.318,163.16,487mnSNu6t,com.sec.android.app.shealth,01f233cb-e9b0-4160-8a0a-7f5e11d4850d,2025-05-07 00:00:00.000,
,,374e26cb-684f-4857-b4db-a237c2bfda6f.extra_data.json,,864.0,62950170,0.0,7308471,1987.4253,63010030,2025-06-02 16:27:17.754,2025-05-08 03:00:00.985,1084.1517,487mnSNu6t,com.sec.android.app.shealth,374e26cb-684f-4857-b4db-a237c2bfda6f,2025-05-08 00:00:00.000,
,,7e82f14d-a06f-4dde-b60e-af2e7401a398.extra_data.json,,704.0,62950170,0.0,8379958,1960.5007,63010030,2025-06-02 16:27:17.772,2025-05-09 03:00:00.881,947.4559,487mnSNu6t,com.sec.android.app.shealth,7e82f14d-a06f-4dde-b60e-af2e7401a398,2025-05-09 00:00:00.000,
,,1fb10a86-caed-4bcc-86ea-1af2e618cbc0.extra_data.json,,630.0,62950170,0.0,6533413,2006.901,63010030,2025-06-02 16:27:17.803,2025-05-10 03:00:01.009,807.30005,487mnSNu6t,com.sec.android.app.shealth,1fb10a86-caed-4bcc-86ea-1af2e618cbc0,2025-05-10 00:00:00.000,
,,f776d252-1a35-4922-a515-beb0e91a7540.extra_data.json,,0.0,62950170,0.0,3311610,2087.8591,63010030,2025-06-02 16:27:17.818,2025-05-11 03:00:01.848,333.8999,487mnSNu6t,com.sec.android.app.shealth,f776d252-1a35-4922-a515-beb0e91a7540,2025-05-11 00:00:00.000,
,,1250479e-ae81-416c-86e8-907e52dfe306.extra_data.json,,539.0,62950170,0.0,5774621,2025.968,63010030,2025-06-02 16:27:17.843,2025-05-12 03:00:09.079,742.68134,487mnSNu6t,com.sec.android.app.shealth,1250479e-ae81-416c-86e8-907e52dfe306,2025-05-12 00:00:00.000,
,,faaa01c6-6585-45b9-b17b-32e41cf10c30.extra_data.json,,694.0,62950170,0.0,6804754,2000.0829,63010030,2025-06-02 16:27:17.857,2025-05-13 03:00:02.618,888.9899,487mnSNu6t,com.sec.android.app.shealth,faaa01c6-6585-45b9-b17b-32e41cf10c30,2025-05-13 00:00:00.000,
,,4a809a0f-b95d-4cd2-8194-3b47bd695390.extra_data.json,,884.0,62950170,0.0,9100945,1942.3838,63010030,2025-06-02 16:27:17.871,2025-05-14 03:49:41.326,1269.1145,487mnSNu6t,com.sec.android.app.shealth,4a809a0f-b95d-4cd2-8194-3b47bd695390,2025-05-14 00:00:00.000,
,,0ad08857-b7d5-4c0f-861f-59b3b9d26f81.extra_data.json,,728.0,62950170,0.0,6135633,2016.8966,63010030,2025-06-02 16:27:17.900,2025-05-15 03:00:52.506,821.2228,487mnSNu6t,com.sec.android.app.shealth,0ad08857-b7d5-4c0f-861f-59b3b9d26f81,2025-05-15 00:00:00.000,
,,8fed1676-9a6f-47c5-a86b-41338ed2adc0.extra_data.json,,0.0,62950170,0.0,2009787,2120.5715,63010030,2025-06-02 16:27:17.916,2025-05-16 03:00:02.016,186.16,487mnSNu6t,com.sec.android.app.shealth,8fed1676-9a6f-47c5-a86b-41338ed2adc0,2025-05-16 00:00:00.000,
,,e2802aaf-cb79-4654-98f2-f1340e06a8a2.extra_data.json,,0.0,62950170,0.0,2168939,2116.5725,63010030,2025-06-14 02:27:48.934,2025-05-17 03:00:00.837,188.60999,487mnSNu6t,com.sec.android.app.shealth,e2802aaf-cb79-4654-98f2-f1340e06a8a2,2025-05-17 00:00:00.000,
,,f32c8301-280b-4b29-899c-8ee2c6813273.extra_data.json,,0.0,62950170,0.0,1060923,2144.4148,63010030,2025-06-14 03:01:08.221,2025-05-18 03:00:01.726,91.22,487mnSNu6t,com.sec.android.app.shealth,f32c8301-280b-4b29-899c-8ee2c6813273,2025-05-18 00:00:00.000,
,,4dbbe2ce-31f6-44a0-b88f-a7e25ab00e35.extra_data.json,,726.0,62950170,0.0,5189201,2040.6787,63010030,2025-06-14 03:01:08.237,2025-05-19 03:38:14.356,748.8513,487mnSNu6t,com.sec.android.app.shealth,4dbbe2ce-31f6-44a0-b88f-a7e25ab00e35,2025-05-19 00:00:00.000,
,,f69ac571-abcc-46b6-aa68-e22f1e635a2a.extra_data.json,,0.0,62950170,0.0,2073693,2118.9656,63010030,2025-06-14 03:01:08.251,2025-05-20 03:00:24.160,177.74994,487mnSNu6t,com.sec.android.app.shealth,f69ac571-abcc-46b6-aa68-e22f1e635a2a,2025-05-20 00:00:00.000,
,,ccb3523e-f13a-4b42-8a0a-2fa68de86543.extra_data.json,,96.0,62950170,0.0,2846980,2099.5344,63010030,2025-06-14 03:01:08.269,2025-05-21 03:00:02.722,151.64749,487mnSNu6t,com.sec.android.app.shealth,ccb3523e-f13a-4b42-8a0a-2fa68de86543,2025-05-21 00:00:00.000,
,,412220a1-0313-463d-99f5-0fdd910c4fbb.extra_data.json,,689.0,62950170,0.0,6736093,2001.808,63010030,2025-06-14 03:01:08.284,2025-05-22 03:00:02.781,905.3454,487mnSNu6t,com.sec.android.app.shealth,412220a1-0313-463d-99f5-0fdd910c4fbb,2025-05-22 00:00:00.000,
,,306a9d62-2038-4b59-86cb-562ef96d0db9.extra_data.json,,518.0,62950170,0.0,7276639,1988.2252,63010030,2025-06-14 03:01:08.294,2025-05-23 03:00:03.443,886.0387,487mnSNu6t,com.sec.android.app.shealth,306a9d62-2038-4b59-86cb-562ef96d0db9,2025-05-23 00:00:00.000,
,,79fb10e4-6e74-4ca4-b63f-7bf854562855.extra_data.json,,120.0,62950170,0.0,3940156,2072.0647,63010030,2025-06-14 03:01:08.303,2025-05-24 03:00:01.975,403.02927,487mnSNu6t,com.sec.android.app.shealth,79fb10e4-6e74-4ca4-b63f-7bf854562855,2025-05-24 00:00:00.000,
,,13fbad0e-7950-49d8-bd99-2e0385b9162a.extra_data.json,,0.0,62950170,0.0,1930118,2122.5735,63010030,2025-06-14 03:01:08.320,2025-05-25 03:00:01.405,173.98001,487mnSNu6t,com.sec.android.app.shealth,13fbad0e-7950-49d8-bd99-2e0385b9162a,2025-05-25 00:00:00.000,
,,298a9d8f-2d89-4857-b79a-8a37bcce29ed.extra_data.json,,806.0,62950170,0.0,7572798,1980.7832,63010030,2025-06-14 03:01:08.332,2025-05-26 04:07:49.274,997.0907,487mnSNu6t,com.sec.android.app.shealth,298a9d8f-2d89-4857-b79a-8a37bcce29ed,2025-05-26 00:00:00.000,
,,0f7d6b67-dcd1-4ed3-bc9f-98e69c25a96e.extra_data.json,,0.0,62950170,0.0,1804039,2125.7417,63010030,2025-06-14 03:01:08.342,2025-05-27 03:00:04.488,171.29001,487mnSNu6t,com.sec.android.app.shealth,0f7d6b67-dcd1-4ed3-bc9f-98e69c25a96e,2025-05-27 00:00:00.000,
,,555ae181-ba94-4cdc-88bc-59017175660f.extra_data.json,,580.0,62950170,0.0,5925803,2022.1693,63010030,2025-06-14 03:01:08.364,2025-05-28 03:00:19.039,773.38794,487mnSNu6t,com.sec.android.app.shealth,555ae181-ba94-4cdc-88bc-59017175660f,2025-05-28 00:00:00.000,
,,28241af1-3f29-4489-8040-c7c1b15131ac.extra_data.json,,70.0,62950170,0.0,3640792,2079.5874,63020270,2025-06-25 15:35:42.941,2025-05-29 03:00:48.613,329.2199,487mnSNu6t,com.sec.android.app.shealth,28241af1-3f29-4489-8040-c7c1b15131ac,2025-05-29 00:00:00.000,
,,72a348de-89df-4f5e-9b97-9c697f70c49a.extra_data.json,,649.0,62950170,0.0,7430821,1984.3508,63020270,2025-06-25 15:35:42.961,2025-05-30 03:00:01.388,931.7932,487mnSNu6t,com.sec.android.app.shealth,72a348de-89df-4f5e-9b97-9c697f70c49a,2025-05-30 00:00:00.000,
,,bddcd2ec-5b01-44e5-a152-96a9fcaa8d49.extra_data.json,,0.0,62950170,0.0,2109867,2118.057,63020270,2025-06-25 15:35:42.978,2025-05-31 03:00:01.280,194.61003,487mnSNu6t,com.sec.android.app.shealth,bddcd2ec-5b01-44e5-a152-96a9fcaa8d49,2025-05-31 00:00:00.000,
,,0b5ca842-bc46-4a76-b74d-00b1bdb2b984.extra_data.json,,0.0,63010030,0.0,1164582,2141.81,63020270,2025-06-25 15:35:42.997,2025-06-01 03:00:02.818,102.060005,487mnSNu6t,com.sec.android.app.shealth,0b5ca842-bc46-4a76-b74d-00b1bdb2b984,2025-06-01 00:00:00.000,
,,5c89a5db-8952-4f6d-b394-2295ae1b683c.extra_data.json,,0.0,63010030,0.0,1214277,2140.5613,63020270,2025-06-25 15:35:43.015,2025-06-02 03:59:23.275,137.61996,487mnSNu6t,com.sec.android.app.shealth,5c89a5db-8952-4f6d-b394-2295ae1b683c,2025-06-02 00:00:00.000,
,,a7f1f4b8-74e2-488f-b1da-36ba21846e66.extra_data.json,,714.0,63010030,0.0,5681224,2028.3151,63020270,2025-06-25 15:35:43.031,2025-06-03 03:00:01.363,820.97296,487mnSNu6t,com.sec.android.app.shealth,a7f1f4b8-74e2-488f-b1da-36ba21846e66,2025-06-03 00:00:00.000,
,,daa32243-5da0-476e-ae2b-39b8072af691.extra_data.json,,82.0,63010030,0.0,3807531,2075.3977,63020270,2025-07-01 15:55:51.495,2025-06-04 03:00:01.675,342.09702,487mnSNu6t,com.sec.android.app.shealth,daa32243-5da0-476e-ae2b-39b8072af691,2025-06-04 00:00:00.000,
,,e0f732f7-ee36-4d6a-ad47-634ace455250.extra_data.json,,103.0,63010030,0.0,4916065,2047.5421,63020270,2025-07-01 15:55:51.514,2025-06-05 03:00:01.048,328.59003,487mnSNu6t,com.sec.android.app.shealth,e0f732f7-ee36-4d6a-ad47-634ace455250,2025-06-05 00:00:00.000,
,,7d0092c3-5f37-4bb9-b8cb-fc90cadf5478.extra_data.json,,600.0,63010030,0.0,6471278,2008.4624,63020270,2025-07-01 15:55:51.529,2025-06-06 03:00:01.602,745.31506,487mnSNu6t,com.sec.android.app.shealth,7d0092c3-5f37-4bb9-b8cb-fc90cadf5478,2025-06-06 00:00:00.000,
,,cb04460c-0fac-4447-a519-7b7709167998.extra_data.json,,0.0,63010030,0.0,1145816,2142.2815,63020270,2025-07-01 15:55:51.547,2025-06-07 03:00:01.037,55.309998,487mnSNu6t,com.sec.android.app.shealth,cb04460c-0fac-4447-a519-7b7709167998,2025-06-07 00:00:00.000,
,,f00a110b-fae1-48bd-b252-7c9c4d731a42.extra_data.json,,0.0,63010030,0.0,443555,2159.9282,63020270,2025-07-05 19:13:17.172,2025-06-08 03:00:00.771,21.039999,487mnSNu6t,com.sec.android.app.shealth,f00a110b-fae1-48bd-b252-7c9c4d731a42,2025-06-08 00:00:00.000,
,,7e9e0c2a-8513-4deb-ad8f-edb85523951d.extra_data.json,,0.0,63010030,0.0,969121,2146.7217,63020270,2025-07-06 15:15:47.073,2025-06-09 03:00:00.541,45.550003,487mnSNu6t,com.sec.android.app.shealth,7e9e0c2a-8513-4deb-ad8f-edb85523951d,2025-06-09 00:00:00.000,
,,75d8c82b-3fbd-4114-a282-51bd546de240.extra_data.json,,0.0,63010030,0.0,460230,2159.509,63020270,2025-07-06 15:15:47.092,2025-06-10 03:00:01.982,21.62,487mnSNu6t,com.sec.android.app.shealth,75d8c82b-3fbd-4114-a282-51bd546de240,2025-06-10 00:00:00.000,
,,a1db480b-355c-468f-9969-efa842a3b2ff.extra_data.json,,390.0,63010030,0.0,5946908,2021.6388,63020270,2025-07-06 15:15:47.138,2025-06-11 03:00:04.249,644.7292,487mnSNu6t,com.sec.android.app.shealth,a1db480b-355c-468f-9969-efa842a3b2ff,2025-06-11 00:00:00.000,
,,e761f2f7-d1af-4d87-b0a5-bdce15de4856.extra_data.json,,0.0,63010030,0.0,1472602,2134.07,63020310,2025-07-09 10:19:45.546,2025-06-12 03:00:00.961,100.02999,487mnSNu6t,com.sec.android.app.shealth,e761f2f7-d1af-4d87-b0a5-bdce15de4856,2025-06-12 00:00:00.000,
,,08760ba9-29fd-4ad3-86a2-ba9adbe9a6c3.extra_data.json,,0.0,63010030,0.0,2288087,2113.5784,63020310,2025-07-09 10:19:45.562,2025-06-13 03:24:49.268,112.27997,487mnSNu6t,com.sec.android.app.shealth,08760ba9-29fd-4ad3-86a2-ba9adbe9a6c3,2025-06-13 00:00:00.000,
,,124be25c-ab0a-490e-bc9f-6c528a9860b2.extra_data.json,,527.0,63010030,0.0,7770856,1975.8064,63020310,2025-07-09 10:19:45.575,2025-06-14 03:00:01.667,842.99774,487mnSNu6t,com.sec.android.app.shealth,124be25c-ab0a-490e-bc9f-6c528a9860b2,2025-06-14 00:00:00.000,
,,f68b52d1-1543-41ce-bd65-8b579e1664f7.extra_data.json,,0.0,63010030,0.0,1211018,2140.643,63020310,2025-07-09 10:19:45.593,2025-06-15 03:00:05.300,66.2,487mnSNu6t,com.sec.android.app.shealth,f68b52d1-1543-41ce-bd65-8b579e1664f7,2025-06-15 00:00:00.000,
,,b27a498b-b2e1-4ea0-a5e9-7d1d90369d33.extra_data.json,,0.0,63010030,0.0,1024735,2145.324,63020310,2025-07-09 10:19:45.619,2025-06-16 03:00:02.323,76.48,487mnSNu6t,com.sec.android.app.shealth,b27a498b-b2e1-4ea0-a5e9-7d1d90369d33,2025-06-16 00:00:00.000,
,,1891015c-a7a2-4c2f-94f6-7f6b119185cb.extra_data.json,,728.0,63010030,0.0,7696591,1977.6725,63020310,2025-07-09 10:19:45.718,2025-06-17 03:00:01.346,994.04443,487mnSNu6t,com.sec.android.app.shealth,1891015c-a7a2-4c2f-94f6-7f6b119185cb,2025-06-17 00:00:00.000,
,,9654cfa9-c32c-45d5-8980-350ff655e348.extra_data.json,,0.0,63010030,0.0,2560193,2106.741,63020310,2025-07-09 10:19:45.720,2025-06-18 03:00:01.180,123.98999,487mnSNu6t,com.sec.android.app.shealth,9654cfa9-c32c-45d5-8980-350ff655e348,2025-06-18 00:00:00.000,
,,ea756452-bb34-4ba3-93c4-d1244b5e9a1f.extra_data.json,,0.0,63010030,0.0,2115578,2117.9133,63020310,2025-07-09 10:19:45.721,2025-06-19 03:00:01.397,145.64003,487mnSNu6t,com.sec.android.app.shealth,ea756452-bb34-4ba3-93c4-d1244b5e9a1f,2025-06-19 00:00:00.000,
,,b04ec4d2-5290-4cbe-8986-c1d84934e255.extra_data.json,,0.0,63010030,0.0,1436286,2134.9824,63020310,2025-07-09 10:19:45.722,2025-06-20 03:00:01.820,96.42999,487mnSNu6t,com.sec.android.app.shealth,b04ec4d2-5290-4cbe-8986-c1d84934e255,2025-06-20 00:00:00.000,
,,8a8a00df-cf08-444c-9e32-412a82fc9e29.extra_data.json,,0.0,63010030,0.0,2157848,2116.851,63030110,2025-07-18 19:46:08.722,2025-06-21 03:00:00.928,175.48994,487mnSNu6t,com.sec.android.app.shealth,8a8a00df-cf08-444c-9e32-412a82fc9e29,2025-06-21 00:00:00.000,
,,f9212dbc-ecb6-47e2-a19c-c14011e7f8c2.extra_data.json,,0.0,63010030,0.0,1268622,2139.1956,63030110,2025-07-19 11:46:07.766,2025-06-22 03:00:07.573,117.71,487mnSNu6t,com.sec.android.app.shealth,f9212dbc-ecb6-47e2-a19c-c14011e7f8c2,2025-06-22 00:00:00.000,
,,894b9b99-7bb0-43b2-9391-9e30c4493a34.extra_data.json,,0.0,63010030,0.0,1302437,2138.346,63030110,2025-07-19 11:46:07.846,2025-06-23 03:00:05.431,125.399994,487mnSNu6t,com.sec.android.app.shealth,894b9b99-7bb0-43b2-9391-9e30c4493a34,2025-06-23 00:00:00.000,
,,e0cad791-2e45-476f-9c41-6c9a93cece78.extra_data.json,,0.0,63010030,0.0,1446676,2134.7217,63030110,2025-07-19 11:46:07.891,2025-06-24 03:00:23.753,136.13998,487mnSNu6t,com.sec.android.app.shealth,e0cad791-2e45-476f-9c41-6c9a93cece78,2025-06-24 00:00:00.000,
,,fb7a85d2-55ce-49aa-82ef-8ba2298e296e.extra_data.json,,0.0,63010030,0.0,2811486,2100.4263,63030110,2025-07-19 11:46:08.027,2025-06-25 03:00:04.873,196.05998,487mnSNu6t,com.sec.android.app.shealth,fb7a85d2-55ce-49aa-82ef-8ba2298e296e,2025-06-25 00:00:00.000,
,,8cd7add4-aa84-4fde-8802-29cdaa05a43d.extra_data.json,,335.0,63020270,0.0,4867573,2048.7605,63030110,2025-07-19 11:46:08.243,2025-06-26 03:00:00.541,541.89,487mnSNu6t,com.sec.android.app.shealth,8cd7add4-aa84-4fde-8802-29cdaa05a43d,2025-06-26 00:00:00.000,
,,1381ddc7-bbcb-46bf-a8af-650826907e72.extra_data.json,,496.0,63020270,0.0,4222461,2064.971,63030110,2025-07-19 11:46:08.358,2025-06-27 03:00:01.114,588.1647,487mnSNu6t,com.sec.android.app.shealth,1381ddc7-bbcb-46bf-a8af-650826907e72,2025-06-27 00:00:00.000,
,,5a5b4329-87c2-4d3c-b6d3-d768a6cdabc8.extra_data.json,,0.0,63020270,0.0,1217219,2140.4873,63030110,2025-07-19 11:46:08.407,2025-06-28 03:00:03.561,125.539986,487mnSNu6t,com.sec.android.app.shealth,5a5b4329-87c2-4d3c-b6d3-d768a6cdabc8,2025-06-28 00:00:00.000,
,,088fe04d-2089-4c0d-b28a-2969a0a5ea0c.extra_data.json,,0.0,63020270,0.0,1129827,2142.6833,63030110,2025-07-19 11:46:08.468,2025-06-29 03:00:02.116,102.41999,487mnSNu6t,com.sec.android.app.shealth,088fe04d-2089-4c0d-b28a-2969a0a5ea0c,2025-06-29 00:00:00.000,
,,9d9245d9-2cd6-4258-af3c-d47b58478890.extra_data.json,,0.0,63020270,0.0,803733,2150.8774,63030110,2025-07-19 11:46:08.541,2025-06-30 03:00:01.075,48.079998,487mnSNu6t,com.sec.android.app.shealth,9d9245d9-2cd6-4258-af3c-d47b58478890,2025-06-30 00:00:00.000,
,,e2f326c7-ecb8-4625-a136-1a3c225bc980.extra_data.json,,0.0,63020270,0.0,2003526,2120.7288,63030110,2025-07-19 11:46:08.612,2025-07-01 03:00:00.875,175.60999,487mnSNu6t,com.sec.android.app.shealth,e2f326c7-ecb8-4625-a136-1a3c225bc980,2025-07-01 00:00:00.000,
,,1212cf0c-b560-4c73-8ee1-a9d5c4e11ac8.extra_data.json,,347.0,63020270,0.0,5270326,2038.6401,63030110,2025-07-19 11:46:08.710,2025-07-02 03:00:02.778,576.04,487mnSNu6t,com.sec.android.app.shealth,1212cf0c-b560-4c73-8ee1-a9d5c4e11ac8,2025-07-02 00:00:00.000,
,,26acdfbb-1c24-458b-8f12-27a16e4f8b19.extra_data.json,,0.0,63020270,0.0,3829241,2074.852,63030110,2025-07-19 11:46:08.739,2025-07-03 03:00:01.690,308.2199,487mnSNu6t,com.sec.android.app.shealth,26acdfbb-1c24-458b-8f12-27a16e4f8b19,2025-07-03 00:00:00.000,
,,0d711de1-1774-44fc-b3d9-d3d3a158afc5.extra_data.json,,0.0,63020270,0.0,2127752,2117.6072,63030110,2025-07-19 11:46:08.764,2025-07-04 03:00:01.005,112.999985,487mnSNu6t,com.sec.android.app.shealth,0d711de1-1774-44fc-b3d9-d3d3a158afc5,2025-07-04 00:00:00.000,
,,17430169-4c0a-47fc-9a9f-16510d139d4f.extra_data.json,,0.0,63020270,0.0,837085,2150.0393,63030110,2025-07-19 11:46:08.785,2025-07-05 03:00:08.155,50.04,487mnSNu6t,com.sec.android.app.shealth,17430169-4c0a-47fc-9a9f-16510d139d4f,2025-07-05 00:00:00.000,
,,9c0678d0-ba85-4e5d-aa22-f2dd4d02632b.extra_data.json,,0.0,63020270,0.0,1571010,2131.5972,63030110,2025-07-19 11:46:08.804,2025-07-06 03:00:31.047,145.08002,487mnSNu6t,com.sec.android.app.shealth,9c0678d0-ba85-4e5d-aa22-f2dd4d02632b,2025-07-06 00:00:00.000,
,,66314453-e451-434b-99e7-60aa7da40c9a.extra_data.json,,0.0,63020270,0.0,1031152,2145.1628,63030110,2025-07-19 11:46:08.855,2025-07-07 03:00:01.101,78.78001,487mnSNu6t,com.sec.android.app.shealth,66314453-e451-434b-99e7-60aa7da40c9a,2025-07-07 00:00:00.000,
,,3b95d47c-15e1-4c0b-a823-708123f9822e.extra_data.json,,0.0,63020270,0.0,1066215,2144.2817,63030110,2025-07-19 11:46:08.907,2025-07-08 03:56:43.403,81.6,487mnSNu6t,com.sec.android.app.shealth,3b95d47c-15e1-4c0b-a823-708123f9822e,2025-07-08 00:00:00.000,
,,3b30928f-8d83-414e-9ffa-672f30d8db9f.extra_data.json,,643.0,63020270,0.0,7175216,1990.7738,63030110,2025-07-19 11:46:08.927,2025-07-09 03:00:01.294,912.5046,487mnSNu6t,com.sec.android.app.shealth,3b30928f-8d83-414e-9ffa-672f30d8db9f,2025-07-09 00:00:00.000,
,,10942aa5-48bc-4661-8d39-b2e94491a894.extra_data.json,,199.0,63020310,0.0,3627364,2079.9248,63030110,2025-07-19 11:46:08.946,2025-07-10 03:00:00.911,341.38702,487mnSNu6t,com.sec.android.app.shealth,10942aa5-48bc-4661-8d39-b2e94491a894,2025-07-10 00:00:00.000,
,,d86f33c4-c729-4f68-ba5a-727dffe7ad6f.extra_data.json,,353.0,63020310,0.0,5511431,2032.5817,63030110,2025-07-19 11:46:09.001,2025-07-11 03:00:04.673,603.37524,487mnSNu6t,com.sec.android.app.shealth,d86f33c4-c729-4f68-ba5a-727dffe7ad6f,2025-07-11 00:00:00.000,
,,6cc3ab1b-6144-4a41-bdec-cb2ebb718d34.extra_data.json,,0.0,63020310,0.0,1057085,2144.5112,63030110,2025-07-19 11:46:09.021,2025-07-12 03:00:00.846,84.02999,487mnSNu6t,com.sec.android.app.shealth,6cc3ab1b-6144-4a41-bdec-cb2ebb718d34,2025-07-12 00:00:00.000,
,,a12cc4d7-c375-492c-bbde-0b6dc5cbf6ac.extra_data.json,,0.0,63020310,0.0,1328446,2137.6924,63030110,2025-07-19 11:46:09.038,2025-07-13 03:00:00.932,148.23,487mnSNu6t,com.sec.android.app.shealth,a12cc4d7-c375-492c-bbde-0b6dc5cbf6ac,2025-07-13 00:00:00.000,
,,406480f3-c9bc-45a3-a42e-96d9f2d05fc7.extra_data.json,,0.0,63020310,0.0,1370864,2136.6265,63030110,2025-07-19 11:46:09.057,2025-07-14 03:00:01.942,150.08,487mnSNu6t,com.sec.android.app.shealth,406480f3-c9bc-45a3-a42e-96d9f2d05fc7,2025-07-14 00:00:00.000,
,,a16a24da-fc68-4092-bbb6-3d27823e5a20.extra_data.json,,0.0,63020310,0.0,772386,2151.6653,63030110,2025-07-19 11:46:09.073,2025-07-15 03:00:13.781,36.490005,487mnSNu6t,com.sec.android.app.shealth,a16a24da-fc68-4092-bbb6-3d27823e5a20,2025-07-15 00:00:00.000,
,,6976a3b5-7ed1-44d0-bd3b-a13c761114c7.extra_data.json,,264.0,63020310,0.0,4617196,2055.052,63030110,2025-07-19 11:46:09.086,2025-07-16 03:00:00.594,508.02026,487mnSNu6t,com.sec.android.app.shealth,6976a3b5-7ed1-44d0-bd3b-a13c761114c7,2025-07-16 00:00:00.000,
,,9483e5f0-30e3-47ee-9c96-4e9a8b05a4cd.extra_data.json,,0.0,63020310,0.0,2854719,2099.3398,63030110,2025-08-13 16:58:00.015,2025-07-17 03:00:00.826,197.23004,487mnSNu6t,com.sec.android.app.shealth,9483e5f0-30e3-47ee-9c96-4e9a8b05a4cd,2025-07-17 00:00:00.000,
,,60dac060-f77a-4822-92bd-f5f3821f6be8.extra_data.json,,648.0,63020310,0.0,7878922,1973.091,63030110,2025-08-13 16:58:00.044,2025-07-18 03:00:01.670,966.9223,487mnSNu6t,com.sec.android.app.shealth,60dac060-f77a-4822-92bd-f5f3821f6be8,2025-07-18 00:00:00.000,
,,c896b67d-d4c3-48ac-9a0c-448ece584c7f.extra_data.json,,0.0,63030110,0.0,3032347,2094.8765,63030110,2025-08-13 16:58:00.077,2025-07-19 03:00:01.685,291.55994,487mnSNu6t,com.sec.android.app.shealth,c896b67d-d4c3-48ac-9a0c-448ece584c7f,2025-07-19 00:00:00.000,
,,04dad99c-cde1-49bc-9dd4-4511b2d05e1a.extra_data.json,,0.0,63030110,0.0,2151953,2116.9993,63030110,2025-08-13 16:58:00.094,2025-07-20 05:14:41.509,203.91,487mnSNu6t,com.sec.android.app.shealth,04dad99c-cde1-49bc-9dd4-4511b2d05e1a,2025-07-20 00:00:00.000,
,,cc0b7261-c22a-4b75-b8b7-0eacad2aa655.extra_data.json,,734.0,63030110,0.0,6811275,1999.9191,63030110,2025-08-13 16:58:00.119,2025-07-21 03:00:11.638,964.5123,487mnSNu6t,com.sec.android.app.shealth,cc0b7261-c22a-4b75-b8b7-0eacad2aa655,2025-07-21 00:00:00.000,
,,652fb9d0-dcc2-4a43-8896-ab1273bff03c.extra_data.json,,0.0,63030110,0.0,971653,2146.658,63030110,2025-08-13 16:58:00.133,2025-07-22 03:00:00.964,99.02998,487mnSNu6t,com.sec.android.app.shealth,652fb9d0-dcc2-4a43-8896-ab1273bff03c,2025-07-22 00:00:00.000,
,,81890a29-2031-42c2-ae18-350edb8f646d.extra_data.json,,637.0,63030110,0.0,7563570,1981.0151,63030110,2025-08-20 02:35:14.205,2025-07-23 03:00:00.870,986.836,487mnSNu6t,com.sec.android.app.shealth,81890a29-2031-42c2-ae18-350edb8f646d,2025-07-23 00:00:00.000,
,,5ca924fb-455d-47cb-85eb-dc9ee93affc1.extra_data.json,,0.0,63030110,0.0,2795721,2100.8225,63030110,2025-08-20 02:35:14.233,2025-07-24 03:00:02.168,281.46994,487mnSNu6t,com.sec.android.app.shealth,5ca924fb-455d-47cb-85eb-dc9ee93affc1,2025-07-24 00:00:00.000,
,,00ba0a54-1174-42ab-ad18-17dcd1821262.extra_data.json,,725.0,63030110,0.0,7700270,1977.5801,63030110,2025-08-20 02:35:14.256,2025-07-25 03:00:01.605,1047.9723,487mnSNu6t,com.sec.android.app.shealth,00ba0a54-1174-42ab-ad18-17dcd1821262,2025-07-25 00:00:00.000,
,,e91af184-29a0-4ad3-a9f8-fabbf21abf6f.extra_data.json,,1223.0,63030110,0.0,10279201,1912.7764,63030110,2025-08-20 02:35:14.273,2025-07-26 03:00:01.734,1387.3647,487mnSNu6t,com.sec.android.app.shealth,e91af184-29a0-4ad3-a9f8-fabbf21abf6f,2025-07-26 00:00:00.000,
,,3c87dc8e-ecf5-474c-90bb-7486ce213a82.extra_data.json,,899.0,63030110,0.0,8475873,1958.0907,63030110,2025-08-20 02:35:14.290,2025-07-27 03:01:42.487,1062.7698,487mnSNu6t,com.sec.android.app.shealth,3c87dc8e-ecf5-474c-90bb-7486ce213a82,2025-07-27 00:00:00.000,
,,2095e254-6187-487b-93bf-9515a232643e.extra_data.json,,424.0,63030110,0.0,4268095,2063.8245,63030110,2025-08-20 02:35:14.304,2025-07-28 03:00:23.133,544.0458,487mnSNu6t,com.sec.android.app.shealth,2095e254-6187-487b-93bf-9515a232643e,2025-07-28 00:00:00.000,
,,b92c9b66-4c53-43fc-8806-2bf3e8364851.extra_data.json,,0.0,63030110,0.0,1223008,2140.3418,63030110,2025-08-20 02:35:14.350,2025-07-29 03:01:34.775,109.91001,487mnSNu6t,com.sec.android.app.shealth,b92c9b66-4c53-43fc-8806-2bf3e8364851,2025-07-29 00:00:00.000,
,,1ea33338-aad0-413a-bb97-ae15a8a8c4b9.extra_data.json,,0.0,63030110,0.0,2544386,2107.1382,63030110,2025-08-20 02:35:14.379,2025-07-30 03:14:30.719,259.27002,487mnSNu6t,com.sec.android.app.shealth,1ea33338-aad0-413a-bb97-ae15a8a8c4b9,2025-07-30 00:00:00.000,
,,888283e7-2a45-4610-968b-d4264ac15367.extra_data.json,,0.0,63030110,0.0,1751939,2127.0508,63030110,2025-08-20 02:35:14.430,2025-07-31 03:00:01.846,164.55002,487mnSNu6t,com.sec.android.app.shealth,888283e7-2a45-4610-968b-d4264ac15367,2025-07-31 00:00:00.000,
,,0cba3162-fc79-47f2-849d-ce1bf78fe724.extra_data.json,,377.0,63030110,0.0,6669010,2003.4939,63030110,2025-08-20 02:35:14.478,2025-08-01 03:00:02.271,773.255,487mnSNu6t,com.sec.android.app.shealth,0cba3162-fc79-47f2-849d-ce1bf78fe724,2025-08-01 00:00:00.000,
,,b3a29150-b062-4c03-85cc-e7a699506739.extra_data.json,,598.0,63030110,0.0,6301949,2012.7173,63030110,2025-08-29 19:15:03.493,2025-08-02 03:00:47.147,804.07214,487mnSNu6t,com.sec.android.app.shealth,b3a29150-b062-4c03-85cc-e7a699506739,2025-08-02 00:00:00.000,
,,e2ec9e5b-6306-42b1-8c0b-35493908c38a.extra_data.json,,0.0,63030110,0.0,702454,2153.4224,63030110,2025-08-29 19:15:03.557,2025-08-03 03:00:01.262,62.640007,487mnSNu6t,com.sec.android.app.shealth,e2ec9e5b-6306-42b1-8c0b-35493908c38a,2025-08-03 00:00:00.000,
,,26b76c1e-a804-4e34-8dbb-e1980bdb8abb.extra_data.json,,0.0,63030110,0.0,877772,2149.0168,63030110,2025-08-29 19:15:03.592,2025-08-04 03:01:25.687,77.079994,487mnSNu6t,com.sec.android.app.shealth,26b76c1e-a804-4e34-8dbb-e1980bdb8abb,2025-08-04 00:00:00.000,
,,8a0603fb-976e-451a-8b39-e60a01a34392.extra_data.json,,0.0,63030110,0.0,1297627,2138.4668,63030110,2025-09-01 20:38:24.867,2025-08-05 03:00:52.598,131.29001,487mnSNu6t,com.sec.android.app.shealth,8a0603fb-976e-451a-8b39-e60a01a34392,2025-08-05 00:00:00.000,
,,45ee414c-04e5-41dc-835b-cb60c0463ab5.extra_data.json,,0.0,63030110,0.0,2434797,2109.8918,63030110,2025-09-02 11:05:26.733,2025-08-06 03:00:01.448,227.37001,487mnSNu6t,com.sec.android.app.shealth,45ee414c-04e5-41dc-835b-cb60c0463ab5,2025-08-06 00:00:00.000,
,,01798c7f-5292-424b-91ad-e7ab84b66342.extra_data.json,,0.0,63030110,0.0,2620043,2105.237,63030110,2025-09-02 11:05:26.753,2025-08-07 03:00:01.176,247.75003,487mnSNu6t,com.sec.android.app.shealth,01798c7f-5292-424b-91ad-e7ab84b66342,2025-08-07 00:00:00.000,
,,40e46314-3f4e-44f9-8cb3-c07a693c45f8.extra_data.json,,543.0,63030110,0.0,4528638,2057.2773,63030110,2025-09-02 11:05:26.769,2025-08-08 03:00:01.772,624.7281,487mnSNu6t,com.sec.android.app.shealth,40e46314-3f4e-44f9-8cb3-c07a693c45f8,2025-08-08 00:00:00.000,
,,628b8a32-3934-402f-aab7-6c31585dd857.extra_data.json,,400.0,63030110,0.0,5662763,2028.779,63030110,2025-09-02 11:05:26.780,2025-08-09 03:05:09.304,677.8263,487mnSNu6t,com.sec.android.app.shealth,628b8a32-3934-402f-aab7-6c31585dd857,2025-08-09 00:00:00.000,
,,b77d30e8-56f9-4aed-bb9c-50c8b5e3b4ee.extra_data.json,,0.0,63030110,0.0,1141237,2142.3965,63030110,2025-09-02 11:05:26.815,2025-08-10 03:00:02.067,99.89,487mnSNu6t,com.sec.android.app.shealth,b77d30e8-56f9-4aed-bb9c-50c8b5e3b4ee,2025-08-10 00:00:00.000,
,,6b37e775-7915-4e3b-b141-1209fccb1231.extra_data.json,,0.0,63030110,0.0,684342,2153.8774,63030110,2025-09-02 11:05:26.839,2025-08-11 03:00:00.636,60.24,487mnSNu6t,com.sec.android.app.shealth,6b37e775-7915-4e3b-b141-1209fccb1231,2025-08-11 00:00:00.000,
,,ec30a8b2-d6ca-49b5-a624-3e6dfc14644e.extra_data.json,,0.0,63030110,0.0,956478,2147.0393,63030110,2025-09-02 11:05:26.861,2025-08-12 03:00:00.838,83.82,487mnSNu6t,com.sec.android.app.shealth,ec30a8b2-d6ca-49b5-a624-3e6dfc14644e,2025-08-12 00:00:00.000,
,,1f3533df-9f3c-4794-8463-5ebe31116e26.extra_data.json,,0.0,63030110,0.0,2914725,2097.832,63030110,2025-09-02 11:05:26.882,2025-08-13 04:06:34.563,268.10004,487mnSNu6t,com.sec.android.app.shealth,1f3533df-9f3c-4794-8463-5ebe31116e26,2025-08-13 00:00:00.000,
,,b8966a4b-e4e3-4911-b978-a80d54a30fcd.extra_data.json,,0.0,63030110,0.0,2992881,2095.8682,63030110,2025-09-10 23:06:30.688,2025-08-14 03:00:01.185,168.62997,487mnSNu6t,com.sec.android.app.shealth,b8966a4b-e4e3-4911-b978-a80d54a30fcd,2025-08-14 00:00:00.000,
,,359a3699-1a54-48c3-99b3-ae00cf9ac472.extra_data.json,,0.0,63030110,0.0,2917311,2097.767,63030110,2025-09-10 23:06:30.708,2025-08-15 03:00:01.070,156.57999,487mnSNu6t,com.sec.android.app.shealth,359a3699-1a54-48c3-99b3-ae00cf9ac472,2025-08-15 00:00:00.000,
,,317e57ed-4b86-4d1e-b398-dfeb0d233400.extra_data.json,,585.0,63030110,0.0,6973149,1995.8513,63030110,2025-09-10 23:06:30.726,2025-08-16 03:00:03.077,781.8256,487mnSNu6t,com.sec.android.app.shealth,317e57ed-4b86-4d1e-b398-dfeb0d233400,2025-08-16 00:00:00.000,
,,813bf95c-49d8-442d-88ee-1670550238ce.extra_data.json,,0.0,63030110,0.0,572953,2156.6765,63030110,2025-09-10 23:06:30.743,2025-08-17 03:00:20.863,28.620003,487mnSNu6t,com.sec.android.app.shealth,813bf95c-49d8-442d-88ee-1670550238ce,2025-08-17 00:00:00.000,
,,25475a58-81d8-48ee-a968-d6a27aaa66b7.extra_data.json,,0.0,63030110,0.0,1054527,2144.5754,63030110,2025-09-10 23:06:30.756,2025-08-18 03:00:02.167,51.06,487mnSNu6t,com.sec.android.app.shealth,25475a58-81d8-48ee-a968-d6a27aaa66b7,2025-08-18 00:00:00.000,
,,efbe4a5f-15d2-45e0-93a9-45b72b875c32.extra_data.json,,0.0,63030110,0.0,1818032,2125.39,63030110,2025-09-10 23:06:30.765,2025-08-19 03:00:07.920,145.96,487mnSNu6t,com.sec.android.app.shealth,efbe4a5f-15d2-45e0-93a9-45b72b875c32,2025-08-19 00:00:00.000,
,,b8703909-a728-46fc-9eed-9351037b2886.extra_data.json,,103.0,63030110,0.0,4299100,2063.0452,63030110,2025-09-16 23:16:25.036,2025-08-20 03:00:01.629,240.42133,487mnSNu6t,com.sec.android.app.shealth,b8703909-a728-46fc-9eed-9351037b2886,2025-08-20 00:00:00.000,
,,6b671a52-7d56-419c-bbe7-34d8d72af162.extra_data.json,,0.0,63030110,0.0,3034376,2094.8254,63030110,2025-09-17 21:45:29.330,2025-08-21 03:00:02.418,231.71002,487mnSNu6t,com.sec.android.app.shealth,6b671a52-7d56-419c-bbe7-34d8d72af162,2025-08-21 00:00:00.000,
,,3b63252a-930d-4657-af9c-88bfdf8c6d5a.extra_data.json,,52.0,63030110,0.0,3435914,2084.7356,63030110,2025-09-17 21:45:29.373,2025-08-22 03:00:01.023,213.467,487mnSNu6t,com.sec.android.app.shealth,3b63252a-930d-4657-af9c-88bfdf8c6d5a,2025-08-22 00:00:00.000,
,,2259124c-df06-4004-b695-98522a98a286.extra_data.json,,605.0,63030110,0.0,6712102,2002.4109,63030110,2025-09-17 21:45:29.405,2025-08-23 03:00:01.378,733.268,487mnSNu6t,com.sec.android.app.shealth,2259124c-df06-4004-b695-98522a98a286,2025-08-23 00:00:00.000,
,,c1b91f00-a415-4bb0-a5af-0034c78f2218.extra_data.json,,0.0,63030110,0.0,1144422,2142.3164,63030110,2025-09-17 21:45:29.429,2025-08-24 03:00:01.949,56.219994,487mnSNu6t,com.sec.android.app.shealth,c1b91f00-a415-4bb0-a5af-0034c78f2218,2025-08-24 00:00:00.000,
,,6d85a136-ac3c-4bb3-b8a7-1e74bb48f0a8.extra_data.json,,0.0,63030110,0.0,1100682,2143.4158,63030110,2025-09-21 15:26:43.277,2025-08-25 03:00:00.604,64.99999,487mnSNu6t,com.sec.android.app.shealth,6d85a136-ac3c-4bb3-b8a7-1e74bb48f0a8,2025-08-25 00:00:00.000,
,,1d09f28b-8874-4ea4-8713-9829486ace0f.extra_data.json,,447.0,63030110,0.0,4996207,2045.5282,63030110,2025-09-23 00:23:34.380,2025-08-26 03:00:00.868,604.7192,487mnSNu6t,com.sec.android.app.shealth,1d09f28b-8874-4ea4-8713-9829486ace0f,2025-08-26 00:00:00.000,
,,3f94a5c1-43c5-4c56-8525-7b2801fc3afe.extra_data.json,,92.0,63030110,0.0,4252947,2064.205,63030110,2025-09-23 22:39:48.758,2025-08-27 03:00:01.181,284.53336,487mnSNu6t,com.sec.android.app.shealth,3f94a5c1-43c5-4c56-8525-7b2801fc3afe,2025-08-27 00:00:00.000,
,,989c183f-9135-4459-95da-576e9ad89baf.extra_data.json,,407.0,63030110,0.0,6519300,2007.2559,63051050,2025-09-25 00:26:55.065,2025-08-28 03:00:01.401,657.00525,487mnSNu6t,com.sec.android.app.shealth,989c183f-9135-4459-95da-576e9ad89baf,2025-08-28 00:00:00.000,
,,9b2e6a08-d2e6-4a04-8003-3c713b4e3622.extra_data.json,,0.0,63030110,0.0,2551069,2106.97,63051050,2025-09-25 00:26:55.079,2025-08-29 03:00:01.657,191.87999,487mnSNu6t,com.sec.android.app.shealth,9b2e6a08-d2e6-4a04-8003-3c713b4e3622,2025-08-29 00:00:00.000,
,,253f9bb1-4bf9-4414-a3d4-5545d59e0e8c.extra_data.json,,49.0,63030110,0.0,3186206,2091.0103,63051050,2025-09-25 00:26:55.094,2025-08-30 03:00:10.335,155.04001,487mnSNu6t,com.sec.android.app.shealth,253f9bb1-4bf9-4414-a3d4-5545d59e0e8c,2025-08-30 00:00:00.000,
,,d4131e91-f508-4a46-a2c5-320836e1d243.extra_data.json,,0.0,63030110,0.0,1703901,2128.2578,63051050,2025-09-27 21:31:28.773,2025-08-31 03:00:01.790,219.04002,487mnSNu6t,com.sec.android.app.shealth,d4131e91-f508-4a46-a2c5-320836e1d243,2025-08-31 00:00:00.000,
,,774f306d-0597-4f1e-b45a-0932ffd004c4.extra_data.json,,0.0,63030110,0.0,1018509,2145.4805,63051050,2025-09-27 21:31:28.794,2025-09-01 03:00:15.285,61.09999,487mnSNu6t,com.sec.android.app.shealth,774f306d-0597-4f1e-b45a-0932ffd004c4,2025-09-01 00:00:00.000,
,,0d458be7-a09f-419c-b2d8-f78e0f8c43f9.extra_data.json,,0.0,63030110,0.0,1369046,2136.672,63051050,2025-09-27 21:31:28.812,2025-09-02 03:00:01.275,112.42999,487mnSNu6t,com.sec.android.app.shealth,0d458be7-a09f-419c-b2d8-f78e0f8c43f9,2025-09-02 00:00:00.000,
,,a87b7f4f-b2d6-4e17-848c-4af23f5b119d.extra_data.json,,0.0,63030110,0.0,2949899,2096.9482,63051050,2025-09-27 21:31:28.827,2025-09-03 03:00:06.345,213.74,487mnSNu6t,com.sec.android.app.shealth,a87b7f4f-b2d6-4e17-848c-4af23f5b119d,2025-09-03 00:00:00.000,
,,b74e97fa-73e7-4f7e-8071-a4df7a9e8ea2.extra_data.json,,0.0,63030110,0.0,2844215,2099.6038,63051050,2025-09-27 21:31:28.841,2025-09-04 03:00:00.398,138.87001,487mnSNu6t,com.sec.android.app.shealth,b74e97fa-73e7-4f7e-8071-a4df7a9e8ea2,2025-09-04 00:00:00.000,
,,49770fb7-a64e-4506-89e5-a64187eb8332.extra_data.json,,0.0,63030110,0.0,907120,2148.2795,63051050,2025-09-27 21:31:28.859,2025-09-05 03:00:01.716,42.43,487mnSNu6t,com.sec.android.app.shealth,49770fb7-a64e-4506-89e5-a64187eb8332,2025-09-05 00:00:00.000,
,,4fac880a-b0b9-4d2d-9910-150e84c98c75.extra_data.json,,0.0,63030110,0.0,1214740,2140.5498,63051050,2025-10-03 16:47:13.030,2025-09-06 03:00:00.995,70.10999,487mnSNu6t,com.sec.android.app.shealth,4fac880a-b0b9-4d2d-9910-150e84c98c75,2025-09-06 00:00:00.000,
,,4b8cbbc7-b168-4bd3-8c04-7ebc2f4195b9.extra_data.json,,0.0,63030110,0.0,1043369,2144.856,63051050,2025-10-03 16:47:14.013,2025-09-07 03:00:15.596,104.04,487mnSNu6t,com.sec.android.app.shealth,4b8cbbc7-b168-4bd3-8c04-7ebc2f4195b9,2025-09-07 00:00:00.000,
,,001159de-2e3e-4483-840e-6ab5c744b444.extra_data.json,,0.0,63030110,0.0,1982751,2121.251,63051050,2025-10-03 16:47:15.286,2025-09-08 03:00:02.276,97.58999,487mnSNu6t,com.sec.android.app.shealth,001159de-2e3e-4483-840e-6ab5c744b444,2025-09-08 00:00:00.000,
,,884ef974-4aa0-42ba-942c-b106424c7223.extra_data.json,,0.0,63030110,0.0,406870,2160.8499,63051050,2025-10-06 22:54:38.412,2025-09-09 03:00:01.622,19.529997,487mnSNu6t,com.sec.android.app.shealth,884ef974-4aa0-42ba-942c-b106424c7223,2025-09-09 00:00:00.000,
,,f3be3aab-942b-4faf-8349-8928fbee6ac3.extra_data.json,,611.0,63030110,0.0,6023732,2019.7085,63051050,2025-10-07 22:55:35.268,2025-09-10 03:00:00.912,821.2683,487mnSNu6t,com.sec.android.app.shealth,f3be3aab-942b-4faf-8349-8928fbee6ac3,2025-09-10 00:00:00.000,
,,ed75d676-0839-46b3-a4c7-f36f8b03941f.extra_data.json,,0.0,63030110,0.0,2845669,2099.5674,63051050,2025-10-08 23:10:39.438,2025-09-11 03:00:01.859,261.48007,487mnSNu6t,com.sec.android.app.shealth,ed75d676-0839-46b3-a4c7-f36f8b03941f,2025-09-11 00:00:00.000,
,,109158f5-11cd-48cb-8690-73e8d00e6b9e.extra_data.json,,0.0,63030110,0.0,2286813,2113.6104,63051050,2025-10-09 11:51:20.033,2025-09-12 03:00:00.740,214.24,487mnSNu6t,com.sec.android.app.shealth,109158f5-11cd-48cb-8690-73e8d00e6b9e,2025-09-12 00:00:00.000,
,,5b1362eb-f374-486c-ae8b-5e4002363589.extra_data.json,,443.0,63030110,0.0,5049263,2044.1951,63051050,2025-10-09 11:51:20.048,2025-09-13 03:00:02.200,688.17596,487mnSNu6t,com.sec.android.app.shealth,5b1362eb-f374-486c-ae8b-5e4002363589,2025-09-13 00:00:00.000,
,,e5a2eabb-27a1-4aee-ad0c-47e74bfc42fc.extra_data.json,,0.0,63030110,0.0,606542,2155.8325,63051050,2025-10-09 11:51:20.057,2025-09-14 03:06:57.729,60.849995,487mnSNu6t,com.sec.android.app.shealth,e5a2eabb-27a1-4aee-ad0c-47e74bfc42fc,2025-09-14 00:00:00.000,
,,16cfef94-75cb-4d95-a1c5-5fda605fbd2e.extra_data.json,,0.0,63030110,0.0,1187316,2141.2388,63051050,2025-10-09 11:51:20.069,2025-09-15 03:00:21.134,132.08,487mnSNu6t,com.sec.android.app.shealth,16cfef94-75cb-4d95-a1c5-5fda605fbd2e,2025-09-15 00:00:00.000,
,,ff92b40f-e8d4-4ebc-9b33-546df46b440b.extra_data.json,,722.0,63030110,0.0,6994246,1995.3212,63051050,2025-10-09 11:51:20.078,2025-09-16 03:00:01.571,909.99585,487mnSNu6t,com.sec.android.app.shealth,ff92b40f-e8d4-4ebc-9b33-546df46b440b,2025-09-16 00:00:00.000,
,,46edec30-0070-4c69-9c7f-eed20ab7712a.extra_data.json,,413.0,63030110,0.0,6292796,2012.9473,63051050,2025-10-09 11:51:20.085,2025-09-17 03:00:01.056,694.6411,487mnSNu6t,com.sec.android.app.shealth,46edec30-0070-4c69-9c7f-eed20ab7712a,2025-09-17 00:00:00.000,
,,b34acb0a-2066-4e53-9640-55e471300522.extra_data.json,,451.0,63030110,0.0,6259259,2013.7902,63051050,2025-10-09 11:51:20.092,2025-09-18 03:00:03.176,759.9846,487mnSNu6t,com.sec.android.app.shealth,b34acb0a-2066-4e53-9640-55e471300522,2025-09-18 00:00:00.000,
,,b791b6ed-6c3d-4a87-8764-ed929306d000.extra_data.json,,0.0,63030110,0.0,2388402,2111.0576,63051050,2025-10-09 11:51:20.100,2025-09-19 03:00:00.911,221.70998,487mnSNu6t,com.sec.android.app.shealth,b791b6ed-6c3d-4a87-8764-ed929306d000,2025-09-19 00:00:00.000,
,,db1c9a1d-d2c0-416e-b37a-43c69a2f1654.extra_data.json,,0.0,63030110,0.0,768294,2151.7678,63051050,2025-10-09 11:51:20.109,2025-09-20 03:00:00.924,69.52,487mnSNu6t,com.sec.android.app.shealth,db1c9a1d-d2c0-416e-b37a-43c69a2f1654,2025-09-20 00:00:00.000,
,,1568090b-7fad-417f-bb31-c12d86adee1c.extra_data.json,,0.0,63030110,0.0,726363,2152.8218,63051050,2025-10-18 17:22:37.613,2025-09-21 03:00:01.914,63.480003,487mnSNu6t,com.sec.android.app.shealth,1568090b-7fad-417f-bb31-c12d86adee1c,2025-09-21 00:00:00.000,
,,b71be95b-84dd-4d44-b6c6-fd0d957edb26.extra_data.json,,0.0,63030110,0.0,735701,2152.587,63051050,2025-10-18 17:22:37.633,2025-09-22 03:05:29.076,61.819996,487mnSNu6t,com.sec.android.app.shealth,b71be95b-84dd-4d44-b6c6-fd0d957edb26,2025-09-22 00:00:00.000,
,,1cbf50b1-8035-47cd-9ec0-b3f4a5508cf3.extra_data.json,,732.0,63030110,0.0,7859390,1973.5817,63051050,2025-10-18 17:22:37.661,2025-09-23 03:00:00.814,970.7197,487mnSNu6t,com.sec.android.app.shealth,1cbf50b1-8035-47cd-9ec0-b3f4a5508cf3,2025-09-23 00:00:00.000,
,,5042fe2d-f7f1-4197-9255-41a9a7469a25.extra_data.json,,0.0,63030110,0.0,3243143,2089.5796,63051050,2025-10-18 17:22:37.674,2025-09-24 03:00:02.021,273.19995,487mnSNu6t,com.sec.android.app.shealth,5042fe2d-f7f1-4197-9255-41a9a7469a25,2025-09-24 00:00:00.000,
,,298f7f9e-3c39-4a67-bb9a-447524f5f311.extra_data.json,,0.0,63051050,0.0,2544252,2107.1414,63051050,2025-10-18 17:22:37.698,2025-09-25 03:00:08.202,222.28008,487mnSNu6t,com.sec.android.app.shealth,298f7f9e-3c39-4a67-bb9a-447524f5f311,2025-09-25 00:00:00.000,
,,03cd3536-6719-4705-b9a2-cbdc5639e1f1.extra_data.json,,0.0,63051050,0.0,2504174,2108.1484,63051050,2025-10-18 17:22:37.727,2025-09-26 03:00:02.160,180.31,487mnSNu6t,com.sec.android.app.shealth,03cd3536-6719-4705-b9a2-cbdc5639e1f1,2025-09-26 00:00:00.000,
,,c0692934-7489-4a17-86e1-5c110e92c448.extra_data.json,,0.0,63051050,0.0,1075994,2144.0361,63051050,2025-10-18 17:22:37.744,2025-09-27 03:00:01.699,91.97999,487mnSNu6t,com.sec.android.app.shealth,c0692934-7489-4a17-86e1-5c110e92c448,2025-09-27 00:00:00.000,
,,b98e2f69-515f-4789-a297-a58c443c1ae1.extra_data.json,,0.0,63051050,0.0,1395535,2136.0066,63051050,2025-10-25 13:26:26.075,2025-09-28 03:00:00.986,148.11,487mnSNu6t,com.sec.android.app.shealth,b98e2f69-515f-4789-a297-a58c443c1ae1,2025-09-28 00:00:00.000,
,,da0b5f95-1ba5-4e6d-b867-ced8b3fb36d8.extra_data.json,,0.0,63051050,0.0,2331489,2112.4878,63051050,2025-10-25 13:26:26.110,2025-09-29 03:00:49.470,162.15997,487mnSNu6t,com.sec.android.app.shealth,da0b5f95-1ba5-4e6d-b867-ced8b3fb36d8,2025-09-29 00:00:00.000,
,,5ba7e037-4228-48d3-892c-b36204f844f3.extra_data.json,,0.0,63051050,0.0,792393,2151.1624,63051050,2025-10-25 13:26:26.148,2025-09-30 03:00:06.153,49.579994,487mnSNu6t,com.sec.android.app.shealth,5ba7e037-4228-48d3-892c-b36204f844f3,2025-09-30 00:00:00.000,
,,188d8b73-ec4c-4708-80a4-03c572016070.extra_data.json,,0.0,63051050,0.0,3358374,2086.684,63051050,2025-10-28 20:16:29.798,2025-10-01 03:00:06.955,296.08994,487mnSNu6t,com.sec.android.app.shealth,188d8b73-ec4c-4708-80a4-03c572016070,2025-10-01 00:00:00.000,
,,a7a0f765-5009-4e8b-8d0e-9fabdf05ceaf.extra_data.json,,721.0,63051050,0.0,5516690,2032.4496,63051050,2025-10-28 20:16:29.876,2025-10-02 03:00:02.788,825.60986,487mnSNu6t,com.sec.android.app.shealth,a7a0f765-5009-4e8b-8d0e-9fabdf05ceaf,2025-10-02 00:00:00.000,
,,166531bb-4da3-498b-983a-b51f49cee2b1.extra_data.json,,428.0,63051050,0.0,6910658,1997.4216,63051050,2025-10-28 20:16:29.886,2025-10-03 03:00:01.109,745.62354,487mnSNu6t,com.sec.android.app.shealth,166531bb-4da3-498b-983a-b51f49cee2b1,2025-10-03 00:00:00.000,
,,5efb281c-b89a-4fa6-b3b2-3f30d84c7e5b.extra_data.json,,0.0,63051050,0.0,1305493,2138.269,63051050,2025-10-28 20:16:29.918,2025-10-04 03:00:02.945,135.62997,487mnSNu6t,com.sec.android.app.shealth,5efb281c-b89a-4fa6-b3b2-3f30d84c7e5b,2025-10-04 00:00:00.000,
,,9113ac22-f876-439d-9f8a-3d2d135ae447.extra_data.json,,0.0,63051050,0.0,1845366,2124.7031,63051050,2025-11-01 21:43:11.679,2025-10-05 03:00:03.742,186.84003,487mnSNu6t,com.sec.android.app.shealth,9113ac22-f876-439d-9f8a-3d2d135ae447,2025-10-05 00:00:00.000,
,,2506d712-623d-4b52-a418-f5cc09e8c638.extra_data.json,,530.0,63051050,0.0,5242201,2039.3469,63051050,2025-11-01 21:43:11.696,2025-10-06 03:17:38.550,722.36664,487mnSNu6t,com.sec.android.app.shealth,2506d712-623d-4b52-a418-f5cc09e8c638,2025-10-06 00:00:00.000,
,,268d04f6-9173-42b1-98f0-9f9da95ea2d6.extra_data.json,,593.0,63051050,0.0,5488087,2033.1682,63051050,2025-11-01 21:43:11.713,2025-10-07 03:00:02.988,722.42834,487mnSNu6t,com.sec.android.app.shealth,268d04f6-9173-42b1-98f0-9f9da95ea2d6,2025-10-07 00:00:00.000,
,,9ce5e66b-ad00-4fb2-88d9-f039481adfea.extra_data.json,,500.0,63051050,0.0,4524622,2057.3782,63051050,2025-11-01 21:43:11.728,2025-10-08 03:00:01.096,578.2941,487mnSNu6t,com.sec.android.app.shealth,9ce5e66b-ad00-4fb2-88d9-f039481adfea,2025-10-08 00:00:00.000,
,,7ecb001c-6fcb-4cf1-b9db-34cc510682c4.extra_data.json,,382.0,63051050,0.0,5455323,2033.9916,63051050,2025-11-01 21:43:11.741,2025-10-09 03:00:01.534,678.4641,487mnSNu6t,com.sec.android.app.shealth,7ecb001c-6fcb-4cf1-b9db-34cc510682c4,2025-10-09 00:00:00.000,
,,a2126922-cf6a-4855-9827-48bbc18ffc89.extra_data.json,,0.0,63051050,0.0,2573858,2106.3975,63051050,2025-11-01 21:43:11.748,2025-10-10 03:00:00.868,239.06998,487mnSNu6t,com.sec.android.app.shealth,a2126922-cf6a-4855-9827-48bbc18ffc89,2025-10-10 00:00:00.000,
,,59a194c5-f20e-48da-b21d-433e7436d858.extra_data.json,,0.0,63051050,0.0,1614933,2130.4934,63051050,2025-11-01 21:43:11.762,2025-10-11 03:00:01.006,144.37997,487mnSNu6t,com.sec.android.app.shealth,59a194c5-f20e-48da-b21d-433e7436d858,2025-10-11 00:00:00.000,
,,3d2770ff-1251-47da-af2b-7b78da064315.extra_data.json,,0.0,63051050,0.0,1520082,2132.877,63051050,2025-11-01 21:43:11.764,2025-10-12 03:00:00.971,139.54999,487mnSNu6t,com.sec.android.app.shealth,3d2770ff-1251-47da-af2b-7b78da064315,2025-10-12 00:00:00.000,
,,0a9afcc2-bddb-4fd3-b5bc-904e1ad372f6.extra_data.json,,0.0,63051050,0.0,591225,2156.2175,63051050,2025-11-01 21:43:11.769,2025-10-13 03:14:21.823,53.340004,487mnSNu6t,com.sec.android.app.shealth,0a9afcc2-bddb-4fd3-b5bc-904e1ad372f6,2025-10-13 00:00:00.000,
,,1b8f09b2-d3ec-4aca-b531-ba0ce5a3e6a5.extra_data.json,,345.0,63051050,0.0,4073667,2068.7102,63051050,2025-11-10 13:03:27.749,2025-10-14 03:00:01.463,491.28857,487mnSNu6t,com.sec.android.app.shealth,1b8f09b2-d3ec-4aca-b531-ba0ce5a3e6a5,2025-10-14 00:00:00.000,
,,7bf5c550-c18e-4931-a214-7fedf51c1a2b.extra_data.json,,0.0,63051050,0.0,2788960,2100.9924,63051050,2025-11-10 13:03:27.764,2025-10-15 03:00:01.141,264.24,487mnSNu6t,com.sec.android.app.shealth,7bf5c550-c18e-4931-a214-7fedf51c1a2b,2025-10-15 00:00:00.000,
,,ef550a2d-ab76-443c-9a1b-8616366f0c5a.extra_data.json,,0.0,63051050,0.0,2274152,2113.9285,63051050,2025-11-10 13:03:27.774,2025-10-16 03:00:01.975,217.82999,487mnSNu6t,com.sec.android.app.shealth,ef550a2d-ab76-443c-9a1b-8616366f0c5a,2025-10-16 00:00:00.000,
,,ec0b3436-f473-467e-af53-e64f935fb058.extra_data.json,,0.0,63051050,0.0,1997335,2120.8845,63051050,2025-11-10 13:03:27.788,2025-10-17 03:00:00.518,185.99998,487mnSNu6t,com.sec.android.app.shealth,ec0b3436-f473-467e-af53-e64f935fb058,2025-10-17 00:00:00.000,
,,be0df2b6-3bfb-4b83-ad47-2774cd2eef41.extra_data.json,,0.0,63051050,0.0,1683880,2128.761,63051050,2025-11-10 13:03:27.798,2025-10-18 03:00:12.075,150.64998,487mnSNu6t,com.sec.android.app.shealth,be0df2b6-3bfb-4b83-ad47-2774cd2eef41,2025-10-18 00:00:00.000,
,,e15073ba-1151-4dcf-887f-f4dd8cb41e44.extra_data.json,,115.0,63051050,0.0,3703033,2078.0234,63051050,2025-11-10 13:03:27.805,2025-10-19 03:00:02.426,385.12985,487mnSNu6t,com.sec.android.app.shealth,e15073ba-1151-4dcf-887f-f4dd8cb41e44,2025-10-19 00:00:00.000,
,,fd882faa-17a1-4f0e-9e74-5cdbbb24f28c.extra_data.json,,0.0,63051050,0.0,1442721,2134.8208,63051050,2025-11-10 13:03:27.814,2025-10-20 03:31:53.411,67.540016,487mnSNu6t,com.sec.android.app.shealth,fd882faa-17a1-4f0e-9e74-5cdbbb24f28c,2025-10-20 00:00:00.000,
,,915a1b30-e242-4345-babf-c36ad19af928.extra_data.json,,0.0,63051050,0.0,987160,2146.2683,63051050,2025-11-10 13:03:27.822,2025-10-21 03:00:08.696,46.65001,487mnSNu6t,com.sec.android.app.shealth,915a1b30-e242-4345-babf-c36ad19af928,2025-10-21 00:00:00.000,
,,62dbbf05-563b-4391-8dd6-9487499e4ac3.extra_data.json,,816.0,63051050,0.0,8221356,1964.4861,63060070,2025-11-18 22:23:38.930,2025-10-22 03:00:02.803,994.8108,487mnSNu6t,com.sec.android.app.shealth,62dbbf05-563b-4391-8dd6-9487499e4ac3,2025-10-22 00:00:00.000,
,,e88a9087-f403-4021-bded-ac44c5e37c83.extra_data.json,,872.0,63051050,0.0,9056685,1943.4958,63060070,2025-11-18 22:23:38.959,2025-10-23 03:00:51.187,1084.8323,487mnSNu6t,com.sec.android.app.shealth,e88a9087-f403-4021-bded-ac44c5e37c83,2025-10-23 00:00:00.000,
,,6d13c27b-78e3-4fa8-9516-b4aa1792422d.extra_data.json,,467.0,63051050,0.0,5695534,2027.9554,63060070,2025-11-18 22:23:38.981,2025-10-24 03:00:04.767,667.93774,487mnSNu6t,com.sec.android.app.shealth,6d13c27b-78e3-4fa8-9516-b4aa1792422d,2025-10-24 00:00:00.000,
,,7eaf8072-1123-4919-b07e-5a0fe704eda3.extra_data.json,,389.0,63051050,0.0,5239044,2039.4263,63060070,2025-11-18 22:23:39.003,2025-10-25 03:00:02.334,625.22766,487mnSNu6t,com.sec.android.app.shealth,7eaf8072-1123-4919-b07e-5a0fe704eda3,2025-10-25 00:00:00.000,
,,fe9e7193-ce56-4104-867f-902a5139e966.extra_data.json,,0.0,63051050,0.0,1482206,2133.8286,63060070,2025-11-22 03:56:38.177,2025-10-26 03:00:00.875,130.27003,487mnSNu6t,com.sec.android.app.shealth,fe9e7193-ce56-4104-867f-902a5139e966,2025-10-26 00:00:00.000,
,,19ad07f9-5e0b-43ca-bd6a-e0920d025b95.extra_data.json,,0.0,63051050,0.0,1183925,2141.324,63060070,2025-11-23 23:15:13.050,2025-10-27 03:00:04.909,103.74001,487mnSNu6t,com.sec.android.app.shealth,19ad07f9-5e0b-43ca-bd6a-e0920d025b95,2025-10-27 00:00:00.000,
,,1ccaee98-e480-40dc-8fdf-ee78aff502fd.extra_data.json,,513.0,63051050,0.0,4874225,2048.5935,63060070,2025-11-23 23:15:13.066,2025-10-28 03:00:01.321,657.53,487mnSNu6t,com.sec.android.app.shealth,1ccaee98-e480-40dc-8fdf-ee78aff502fd,2025-10-28 00:00:00.000,
,,6f0b7f2d-8663-4dce-8f73-a20424648d59.extra_data.json,,668.0,63051050,0.0,6456753,2008.8274,63060070,2025-11-23 23:15:13.079,2025-10-29 03:00:01.443,873.85864,487mnSNu6t,com.sec.android.app.shealth,6f0b7f2d-8663-4dce-8f73-a20424648d59,2025-10-29 00:00:00.000,
,,ca7f045d-4da5-4c11-9ad6-f4ef8fbd1a67.extra_data.json,,0.0,63051050,0.0,831749,2150.1733,63060070,2025-11-23 23:15:13.097,2025-10-30 03:00:02.469,72.91999,487mnSNu6t,com.sec.android.app.shealth,ca7f045d-4da5-4c11-9ad6-f4ef8fbd1a67,2025-10-30 00:00:00.000,
,,32c2e451-5c58-456f-83c8-73335837c63c.extra_data.json,,0.0,63051050,0.0,1764184,2126.7432,63060070,2025-11-23 23:15:13.111,2025-10-31 03:00:00.985,155.9,487mnSNu6t,com.sec.android.app.shealth,32c2e451-5c58-456f-83c8-73335837c63c,2025-10-31 00:00:00.000,
,,cddfc838-911f-404c-9cc8-e1e03f17d20b.extra_data.json,,462.0,63051050,0.0,5593760,2030.5128,63060070,2025-11-23 23:15:13.120,2025-11-01 03:00:01.665,685.197,487mnSNu6t,com.sec.android.app.shealth,cddfc838-911f-404c-9cc8-e1e03f17d20b,2025-11-01 00:00:00.000,
,,4ce720dc-3bb6-4d86-a269-d6b060f86e0f.extra_data.json,,100.0,63051050,0.0,2414856,2110.3928,63060070,2025-11-23 23:15:13.132,2025-11-02 03:00:02.785,162.32999,487mnSNu6t,com.sec.android.app.shealth,4ce720dc-3bb6-4d86-a269-d6b060f86e0f,2025-11-02 00:00:00.000,
,,c96793b8-fc85-40ac-9110-a410470eac82.extra_data.json,,0.0,63051050,0.0,3028797,2094.9656,63060070,2025-11-23 23:15:13.143,2025-11-03 03:00:01.187,274.34003,487mnSNu6t,com.sec.android.app.shealth,c96793b8-fc85-40ac-9110-a410470eac82,2025-11-03 00:00:00.000,
,,dd41def0-b75f-41ae-9073-e38443025621.extra_data.json,,0.0,63051050,0.0,1572717,2131.5542,63060070,2025-11-23 23:15:13.152,2025-11-04 03:00:01.287,143.58998,487mnSNu6t,com.sec.android.app.shealth,dd41def0-b75f-41ae-9073-e38443025621,2025-11-04 00:00:00.000,
,,1d4482f7-6dc9-44b3-beed-26c4298b5a29.extra_data.json,,339.0,63051050,0.0,4328738,2062.3005,63060070,2025-11-23 23:15:13.163,2025-11-05 03:00:01.361,484.04755,487mnSNu6t,com.sec.android.app.shealth,1d4482f7-6dc9-44b3-beed-26c4298b5a29,2025-11-05 00:00:00.000,
,,55764671-9204-4989-bc2f-4ea095430c80.extra_data.json,,0.0,63051050,0.0,2975176,2096.313,63060070,2025-11-23 23:15:13.174,2025-11-06 03:00:02.190,231.86002,487mnSNu6t,com.sec.android.app.shealth,55764671-9204-4989-bc2f-4ea095430c80,2025-11-06 00:00:00.000,
,,88e913ae-cccf-403b-a9d8-2d9be9199b61.extra_data.json,,0.0,63051050,0.0,2220309,2115.2815,63060070,2025-12-04 21:00:34.350,2025-11-07 03:00:01.483,175.26997,487mnSNu6t,com.sec.android.app.shealth,88e913ae-cccf-403b-a9d8-2d9be9199b61,2025-11-07 00:00:00.000,
,,6995ef8a-50be-4185-a8a0-35156fb0d5cd.extra_data.json,,0.0,63051050,0.0,2689561,2103.49,63060070,2025-12-04 21:00:34.367,2025-11-08 03:00:01.030,263.02,487mnSNu6t,com.sec.android.app.shealth,6995ef8a-50be-4185-a8a0-35156fb0d5cd,2025-11-08 00:00:00.000,
,,02dbb8f6-beac-4a0d-b376-a735191a7345.extra_data.json,,0.0,63051050,0.0,1189260,2141.1897,63060070,2025-12-04 21:00:34.384,2025-11-09 03:00:00.713,103.91002,487mnSNu6t,com.sec.android.app.shealth,02dbb8f6-beac-4a0d-b376-a735191a7345,2025-11-09 00:00:00.000,
,,d6e88e41-f7a2-4e1e-93f0-7fffc1f664f9.extra_data.json,,0.0,63051050,0.0,2595000,2105.8662,63060070,2025-12-04 21:00:34.402,2025-11-10 03:00:02.296,217.32004,487mnSNu6t,com.sec.android.app.shealth,d6e88e41-f7a2-4e1e-93f0-7fffc1f664f9,2025-11-10 00:00:00.000,
,,70f92590-1495-4890-96a9-05723c583322.extra_data.json,,0.0,63051050,0.0,984617,2146.3323,63060070,2025-12-04 21:00:34.421,2025-11-11 03:00:13.000,68.90001,487mnSNu6t,com.sec.android.app.shealth,70f92590-1495-4890-96a9-05723c583322,2025-11-11 00:00:00.000,
,,440569d7-c7e7-4ac4-9f39-81f6af24c903.extra_data.json,,0.0,63051050,0.0,1269162,2139.1821,63060070,2025-12-04 21:00:34.426,2025-11-12 03:00:00.811,84.590004,487mnSNu6t,com.sec.android.app.shealth,440569d7-c7e7-4ac4-9f39-81f6af24c903,2025-11-12 00:00:00.000,
,,72b24824-2399-4573-999d-a9b71d2d01c1.extra_data.json,,104.0,63051050,0.0,3031880,2094.8882,63060070,2025-12-04 21:00:34.446,2025-11-13 03:00:06.424,287.64368,487mnSNu6t,com.sec.android.app.shealth,72b24824-2399-4573-999d-a9b71d2d01c1,2025-11-13 00:00:00.000,
,,8b3432d6-badb-4f5a-84f3-c7f8dae6f954.extra_data.json,,0.0,63051050,0.0,3115452,2092.788,63060070,2025-12-04 21:00:34.455,2025-11-14 03:00:00.890,224.07996,487mnSNu6t,com.sec.android.app.shealth,8b3432d6-badb-4f5a-84f3-c7f8dae6f954,2025-11-14 00:00:00.000,
,,e9ac4281-1254-4b7f-8303-acdff7ee9ee0.extra_data.json,,103.0,63060070,0.0,3569623,2081.3757,63060070,2025-12-04 21:00:34.466,2025-11-15 03:00:01.770,340.09235,487mnSNu6t,com.sec.android.app.shealth,e9ac4281-1254-4b7f-8303-acdff7ee9ee0,2025-11-15 00:00:00.000,
,,9fc44ad8-cd78-4261-8150-b7215db845d6.extra_data.json,,0.0,63060070,0.0,1022903,2145.37,63060070,2025-12-04 21:00:34.479,2025-11-16 03:00:02.003,94.44999,487mnSNu6t,com.sec.android.app.shealth,9fc44ad8-cd78-4261-8150-b7215db845d6,2025-11-16 00:00:00.000,
,,47ee261f-287f-4722-8c09-faf82a574241.extra_data.json,,0.0,63060070,0.0,2608587,2105.525,63060070,2025-12-04 21:00:34.487,2025-11-17 03:00:02.838,246.92996,487mnSNu6t,com.sec.android.app.shealth,47ee261f-287f-4722-8c09-faf82a574241,2025-11-17 00:00:00.000,
,,57c1264e-a1ee-4408-a083-c29baed3f540.extra_data.json,,0.0,63060070,0.0,521594,2157.967,63060070,2025-12-04 21:00:34.497,2025-11-18 03:00:00.840,40.629997,487mnSNu6t,com.sec.android.app.shealth,57c1264e-a1ee-4408-a083-c29baed3f540,2025-11-18 00:00:00.000,
,,13f5674d-9782-460b-9513-54543a6c87d8.extra_data.json,,0.0,63060070,0.0,4004049,2070.4595,63060070,2025-12-04 21:00:34.512,2025-11-19 03:00:01.130,318.57013,487mnSNu6t,com.sec.android.app.shealth,13f5674d-9782-460b-9513-54543a6c87d8,2025-11-19 00:00:00.000,
,,5e48af36-953d-4aa1-8092-6d67fc82d5f7.extra_data.json,,435.0,63060070,0.0,5144839,2041.7933,63060070,2025-12-04 21:00:34.532,2025-11-20 03:00:02.134,590.46545,487mnSNu6t,com.sec.android.app.shealth,5e48af36-953d-4aa1-8092-6d67fc82d5f7,2025-11-20 00:00:00.000,
,,8f3a8864-abd3-4f1a-ab7c-8b008b712c96.extra_data.json,,0.0,63060070,0.0,1967004,2121.6465,63060070,2025-12-04 21:00:34.546,2025-11-21 03:00:01.164,170.79001,487mnSNu6t,com.sec.android.app.shealth,8f3a8864-abd3-4f1a-ab7c-8b008b712c96,2025-11-21 00:00:00.000,
,,139c3c13-d372-4ca6-a6f1-f86aa07d7a30.extra_data.json,,540.0,63060070,0.0,6724494,2002.0995,63070030,2025-12-19 05:47:24.645,2025-11-22 03:00:00.869,879.3009,487mnSNu6t,com.sec.android.app.shealth,139c3c13-d372-4ca6-a6f1-f86aa07d7a30,2025-11-22 00:00:00.000,
,,50447450-5a5a-4dcf-8c2e-adc995375083.extra_data.json,,0.0,63060070,0.0,770111,2151.7224,63070030,2025-12-19 05:47:24.661,2025-11-23 03:00:00.752,68.770004,487mnSNu6t,com.sec.android.app.shealth,50447450-5a5a-4dcf-8c2e-adc995375083,2025-11-23 00:00:00.000,
,,1660e4ce-b108-458b-90a3-ef93e4d9bb30.extra_data.json,,0.0,63060070,0.0,2296073,2113.3777,63070030,2025-12-21 21:47:57.467,2025-11-24 03:00:01.249,124.079994,487mnSNu6t,com.sec.android.app.shealth,1660e4ce-b108-458b-90a3-ef93e4d9bb30,2025-11-24 00:00:00.000,
,,36876a16-9f42-4170-b320-de73cc5516ba.extra_data.json,,0.0,63060070,0.0,1680827,2128.838,63070030,2025-12-21 21:47:57.491,2025-11-25 03:00:06.217,123.98001,487mnSNu6t,com.sec.android.app.shealth,36876a16-9f42-4170-b320-de73cc5516ba,2025-11-25 00:00:00.000,
,,bda202cb-961e-4aee-829d-fb1eff0b2ab4.extra_data.json,,0.0,63060070,0.0,1855962,2124.437,63070030,2025-12-21 21:47:57.524,2025-11-26 03:00:00.996,150.26001,487mnSNu6t,com.sec.android.app.shealth,bda202cb-961e-4aee-829d-fb1eff0b2ab4,2025-11-26 00:00:00.000,
,,afdcbdc6-c923-4ef2-99ab-ca04429bf7d8.extra_data.json,,0.0,63060070,0.0,2506863,2108.0808,63070030,2025-12-21 21:47:57.541,2025-11-27 03:00:01.341,120.82001,487mnSNu6t,com.sec.android.app.shealth,afdcbdc6-c923-4ef2-99ab-ca04429bf7d8,2025-11-27 00:00:00.000,
,,98d98ac9-4f4b-493c-b6de-0b5152752072.extra_data.json,,0.0,63060070,0.0,3696268,2078.1934,63070030,2025-12-21 21:47:57.556,2025-11-28 03:42:19.944,256.35004,487mnSNu6t,com.sec.android.app.shealth,98d98ac9-4f4b-493c-b6de-0b5152752072,2025-11-28 00:00:00.000,
,,a219156e-c38c-4a1b-9048-253658d33d27.extra_data.json,,0.0,63060070,0.0,2822290,2100.1548,63070030,2025-12-21 21:47:57.577,2025-11-29 03:00:02.127,171.65,487mnSNu6t,com.sec.android.app.shealth,a219156e-c38c-4a1b-9048-253658d33d27,2025-11-29 00:00:00.000,
,,b399787a-ef2b-45cb-bce1-e1eb567db39d.extra_data.json,,0.0,63060070,0.0,1015972,2145.5444,63070030,2025-12-27 23:07:02.446,2025-11-30 03:00:05.875,61.270004,487mnSNu6t,com.sec.android.app.shealth,b399787a-ef2b-45cb-bce1-e1eb567db39d,2025-11-30 00:00:00.000,
,,ed123d25-0585-42c9-9e0d-ff0715d11e32.extra_data.json,,0.0,63060070,0.0,2724482,2102.6125,63070030,2025-12-27 23:07:02.469,2025-12-01 03:00:00.977,219.25008,487mnSNu6t,com.sec.android.app.shealth,ed123d25-0585-42c9-9e0d-ff0715d11e32,2025-12-01 00:00:00.000,
,,d190baaa-cc9c-4924-aa16-185e74d9020f.extra_data.json,,0.0,63060070,0.0,2354823,2111.9014,63070030,2025-12-27 23:07:02.499,2025-12-02 03:00:01.706,148.90996,487mnSNu6t,com.sec.android.app.shealth,d190baaa-cc9c-4924-aa16-185e74d9020f,2025-12-02 00:00:00.000,
,,b321cbf7-ce3b-4b16-aa1e-5dbcae2812a8.extra_data.json,,203.0,63060070,0.0,2478117,2108.8032,63070030,2025-12-27 23:07:02.521,2025-12-03 03:00:02.059,260.78198,487mnSNu6t,com.sec.android.app.shealth,b321cbf7-ce3b-4b16-aa1e-5dbcae2812a8,2025-12-03 00:00:00.000,
,,98274a91-a1bb-4747-8919-03c2dd7c5fa2.extra_data.json,,287.0,63060070,0.0,5020355,2044.9215,63070030,2025-12-27 23:07:02.539,2025-12-04 03:00:02.044,531.6621,487mnSNu6t,com.sec.android.app.shealth,98274a91-a1bb-4747-8919-03c2dd7c5fa2,2025-12-04 00:00:00.000,
,,42ca2402-ca92-4b55-9c9f-84e086348bda.extra_data.json,,79.0,63060070,0.0,3276278,2088.7468,63070030,2025-12-27 23:07:02.552,2025-12-05 03:00:00.665,252.74461,487mnSNu6t,com.sec.android.app.shealth,42ca2402-ca92-4b55-9c9f-84e086348bda,2025-12-05 00:00:00.000,
,,e7853a6d-91e0-44ba-9bba-9d080f6add01.extra_data.json,,307.0,63060070,0.0,5802048,2025.2789,63070030,2025-12-27 23:07:02.563,2025-12-06 03:00:02.379,591.35345,487mnSNu6t,com.sec.android.app.shealth,e7853a6d-91e0-44ba-9bba-9d080f6add01,2025-12-06 00:00:00.000,
,,9d35bb49-4e2d-4c11-8fb0-dd3bb2db7f8e.extra_data.json,,214.0,63060070,0.0,5475766,2033.4778,63070030,2025-12-27 23:07:02.571,2025-12-07 03:00:01.340,525.92175,487mnSNu6t,com.sec.android.app.shealth,9d35bb49-4e2d-4c11-8fb0-dd3bb2db7f8e,2025-12-07 00:00:00.000,
,,b41a8666-b1af-4845-9010-87dcca98fcfb.extra_data.json,,0.0,63060070,0.0,2864258,2099.1003,63070030,2025-12-27 23:07:02.579,2025-12-08 03:00:01.257,237.07004,487mnSNu6t,com.sec.android.app.shealth,b41a8666-b1af-4845-9010-87dcca98fcfb,2025-12-08 00:00:00.000,
,,a42489fc-b9f6-47c8-910a-90c3a788b990.extra_data.json,,0.0,63060070,0.0,666459,2154.327,63070030,2025-12-27 23:07:02.587,2025-12-09 03:00:03.154,35.97,487mnSNu6t,com.sec.android.app.shealth,a42489fc-b9f6-47c8-910a-90c3a788b990,2025-12-09 00:00:00.000,
,,c45d4f04-38a1-4494-8ca9-99209f728433.extra_data.json,,0.0,63060070,0.0,693013,2153.6597,63070030,2026-01-06 03:15:17.788,2025-12-10 03:00:01.553,32.730003,487mnSNu6t,com.sec.android.app.shealth,c45d4f04-38a1-4494-8ca9-99209f728433,2025-12-10 00:00:00.000,
,,5e4119ae-a634-4fdf-9110-98dda9cbbb13.extra_data.json,,0.0,63060070,0.0,1065593,2144.2974,63070030,2026-01-06 03:15:17.825,2025-12-11 03:00:03.192,68.979996,487mnSNu6t,com.sec.android.app.shealth,5e4119ae-a634-4fdf-9110-98dda9cbbb13,2025-12-11 00:00:00.000,
,,0c46612d-fc71-4b6e-a3da-45f039f9ac10.extra_data.json,,0.0,63060070,0.0,2865884,2099.0593,63070030,2026-01-06 03:15:17.877,2025-12-12 03:00:09.264,191.26999,487mnSNu6t,com.sec.android.app.shealth,0c46612d-fc71-4b6e-a3da-45f039f9ac10,2025-12-12 00:00:00.000,
,,72b38a07-9220-4267-b975-b130123ed5fd.extra_data.json,,432.0,63060070,0.0,5413288,2035.0477,63070030,2026-01-06 03:15:17.889,2025-12-13 03:04:47.778,657.7333,487mnSNu6t,com.sec.android.app.shealth,72b38a07-9220-4267-b975-b130123ed5fd,2025-12-13 00:00:00.000,
,,cd9f48a8-d581-4082-9a9e-1800c6b76f09.extra_data.json,,0.0,63060070,0.0,1586043,2131.2195,63070030,2026-01-06 03:15:17.921,2025-12-14 03:15:01.707,144.84003,487mnSNu6t,com.sec.android.app.shealth,cd9f48a8-d581-4082-9a9e-1800c6b76f09,2025-12-14 00:00:00.000,
,,49fccf31-8175-4532-9ca8-37e6f50b13cc.extra_data.json,,0.0,63060070,0.0,749041,2152.2517,63070030,2026-01-06 03:15:17.959,2025-12-15 03:00:01.870,35.179996,487mnSNu6t,com.sec.android.app.shealth,49fccf31-8175-4532-9ca8-37e6f50b13cc,2025-12-15 00:00:00.000,
,,ba461fb3-cdea-4203-942d-522e4470dc20.extra_data.json,,415.0,63060070,0.0,4201051,2065.5093,63070030,2026-01-06 03:15:17.974,2025-12-16 03:00:00.834,490.8,487mnSNu6t,com.sec.android.app.shealth,ba461fb3-cdea-4203-942d-522e4470dc20,2025-12-16 00:00:00.000,
,,cdf43258-a3a5-47dd-9deb-d55b40ec2695.extra_data.json,,522.0,63060070,0.0,4414310,2060.1501,63070030,2026-01-06 03:15:18.017,2025-12-17 03:00:01.183,579.1935,487mnSNu6t,com.sec.android.app.shealth,cdf43258-a3a5-47dd-9deb-d55b40ec2695,2025-12-17 00:00:00.000,
,,427f40fd-2527-4177-9273-b0d5ee9ca781.extra_data.json,,85.0,63060070,0.0,2789249,2100.985,63070030,2026-01-06 03:15:18.043,2025-12-18 03:00:03.279,300.8922,487mnSNu6t,com.sec.android.app.shealth,427f40fd-2527-4177-9273-b0d5ee9ca781,2025-12-18 00:00:00.000,
,,4d445dbb-703e-4979-8861-fe9a7570fb16.extra_data.json,,0.0,63060070,0.0,3140914,2092.1484,63070030,2026-01-06 03:15:18.047,2025-12-19 03:00:03.210,326.29996,487mnSNu6t,com.sec.android.app.shealth,4d445dbb-703e-4979-8861-fe9a7570fb16,2025-12-19 00:00:00.000,
,,74f04404-6a50-4678-95dc-4d3d7a9a0789.extra_data.json,,0.0,63070030,0.0,1193035,2141.095,63070030,2026-01-16 10:33:59.675,2025-12-20 03:00:02.785,86.930016,487mnSNu6t,com.sec.android.app.shealth,74f04404-6a50-4678-95dc-4d3d7a9a0789,2025-12-20 00:00:00.000,
,,c3bf1f39-ed60-4b43-a2ec-3d1a7908856e.extra_data.json,,0.0,63070030,0.0,1774348,2126.4875,63070030,2026-01-16 10:33:59.691,2025-12-21 03:51:48.594,135.00003,487mnSNu6t,com.sec.android.app.shealth,c3bf1f39-ed60-4b43-a2ec-3d1a7908856e,2025-12-21 00:00:00.000,
,,2001b25a-48af-4a6c-8e2c-52a462d52f03.extra_data.json,,388.0,63070030,0.0,6435462,2009.3624,63070030,2026-01-18 23:20:03.452,2025-12-22 03:39:09.832,673.1023,487mnSNu6t,com.sec.android.app.shealth,2001b25a-48af-4a6c-8e2c-52a462d52f03,2025-12-22 00:00:00.000,
,,90e8ab76-5530-46df-8541-cc2831fdd989.extra_data.json,,0.0,63070030,0.0,1260132,2139.4092,63070030,2026-01-18 23:20:04.263,2025-12-23 03:00:05.000,76.82,487mnSNu6t,com.sec.android.app.shealth,90e8ab76-5530-46df-8541-cc2831fdd989,2025-12-23 00:00:00.000,
,,f4c37332-09aa-4c7b-b3e8-c5b3b3ef8a90.extra_data.json,,0.0,63070030,0.0,2457445,2109.3228,63070030,2026-01-18 23:20:04.879,2025-12-24 03:00:01.950,122.42,487mnSNu6t,com.sec.android.app.shealth,f4c37332-09aa-4c7b-b3e8-c5b3b3ef8a90,2025-12-24 00:00:00.000,
,,8193da31-23a9-40b0-af45-3ff51fbcc2bc.extra_data.json,,0.0,63070030,0.0,1946973,2122.15,63070030,2026-01-18 23:20:05.566,2025-12-25 03:00:14.605,159.30995,487mnSNu6t,com.sec.android.app.shealth,8193da31-23a9-40b0-af45-3ff51fbcc2bc,2025-12-25 00:00:00.000,
,,671bf804-9592-4403-99b7-2664185f29b3.extra_data.json,,0.0,63070030,0.0,204102,2165.945,63070030,2026-01-18 23:20:05.928,2025-12-26 03:00:01.217,17.779999,487mnSNu6t,com.sec.android.app.shealth,671bf804-9592-4403-99b7-2664185f29b3,2025-12-26 00:00:00.000,
,,f6ce5b3f-8fcf-41ac-9467-f71850dd8be6.extra_data.json,,0.0,63070030,0.0,1467965,2134.1865,63070030,2026-01-18 23:20:06.216,2025-12-27 03:00:01.375,171.73001,487mnSNu6t,com.sec.android.app.shealth,f6ce5b3f-8fcf-41ac-9467-f71850dd8be6,2025-12-27 00:00:00.000,
,,f0b04acc-26f6-47ee-8793-c1827ef6eed4.extra_data.json,,0.0,63070030,0.0,977906,2146.501,63070030,2026-01-18 23:20:06.519,2025-12-28 03:00:02.286,98.42002,487mnSNu6t,com.sec.android.app.shealth,f0b04acc-26f6-47ee-8793-c1827ef6eed4,2025-12-28 00:00:00.000,
,,560c063f-ecfa-4c38-b51f-c8fbd1532aa8.extra_data.json,,0.0,63070030,0.0,1898534,2123.3672,63070030,2026-01-18 23:20:06.538,2025-12-29 03:12:51.890,138.70998,487mnSNu6t,com.sec.android.app.shealth,560c063f-ecfa-4c38-b51f-c8fbd1532aa8,2025-12-29 00:00:00.000,
,,b3e16b5f-0ced-4168-9f9b-710616516faf.extra_data.json,,0.0,63070030,0.0,1053193,2144.6091,63070030,2026-01-18 23:20:07.143,2025-12-30 03:00:02.199,50.170002,487mnSNu6t,com.sec.android.app.shealth,b3e16b5f-0ced-4168-9f9b-710616516faf,2025-12-30 00:00:00.000,
,,eaf9a898-5a09-4f78-9ca9-f0d3fcf5c5c6.extra_data.json,,0.0,63070030,0.0,1876802,2123.9133,63070030,2026-01-18 23:20:09.529,2025-12-31 03:00:01.345,115.73001,487mnSNu6t,com.sec.android.app.shealth,eaf9a898-5a09-4f78-9ca9-f0d3fcf5c5c6,2025-12-31 00:00:00.000,
,,b577d007-31ed-4c1e-b07e-ecaa4235343d.extra_data.json,,142.0,63070030,0.0,3341624,2087.105,63070030,2026-01-28 10:52:35.587,2026-01-01 03:00:01.516,356.09045,487mnSNu6t,com.sec.android.app.shealth,b577d007-31ed-4c1e-b07e-ecaa4235343d,2026-01-01 00:00:00.000,
,,09ac845e-358b-4d90-a049-8044d98f0840.extra_data.json,,0.0,63070030,0.0,2604605,2105.6248,63070030,2026-01-29 11:04:06.072,2026-01-02 03:00:01.473,121.199974,487mnSNu6t,com.sec.android.app.shealth,09ac845e-358b-4d90-a049-8044d98f0840,2026-01-02 00:00:00.000,
,,3d2f3093-f679-4bbc-8866-4b24c7d1bedd.extra_data.json,,0.0,63070030,0.0,813073,2150.6428,63070030,2026-01-29 11:04:06.097,2026-01-03 03:00:01.163,38.73,487mnSNu6t,com.sec.android.app.shealth,3d2f3093-f679-4bbc-8866-4b24c7d1bedd,2026-01-03 00:00:00.000,
,,a65e6b61-5722-4414-ad33-57f645feaf44.extra_data.json,,0.0,63070030,0.0,4298058,2063.0715,63070030,2026-01-29 11:04:06.128,2026-01-04 03:00:00.880,355.57,487mnSNu6t,com.sec.android.app.shealth,a65e6b61-5722-4414-ad33-57f645feaf44,2026-01-04 00:00:00.000,
,,d48432e1-a168-45bc-bd48-a39abe29f471.extra_data.json,,0.0,63070030,0.0,990495,2146.1846,63070030,2026-01-29 11:04:06.181,2026-01-05 03:00:03.176,87.149994,487mnSNu6t,com.sec.android.app.shealth,d48432e1-a168-45bc-bd48-a39abe29f471,2026-01-05 00:00:00.000,
,,d866600b-7960-4821-8cea-a0b376a3b9a4.extra_data.json,,377.0,63070030,0.0,7461059,1983.5912,63070030,2026-01-29 11:04:06.217,2026-01-06 03:00:01.513,739.1118,487mnSNu6t,com.sec.android.app.shealth,d866600b-7960-4821-8cea-a0b376a3b9a4,2026-01-06 00:00:00.000,
,,da24621f-d0a3-4551-8012-42f14c4dc14d.extra_data.json,,0.0,63070030,0.0,3006198,2095.5334,63070030,2026-01-29 11:04:06.234,2026-01-07 03:00:01.407,233.38004,487mnSNu6t,com.sec.android.app.shealth,da24621f-d0a3-4551-8012-42f14c4dc14d,2026-01-07 00:00:00.000,
,,9c25cb7b-2f3e-4e24-b459-e1db99e30431.extra_data.json,,0.0,63070030,0.0,2117605,2117.8623,63070030,2026-02-04 11:52:41.818,2026-01-08 03:00:01.266,101.68,487mnSNu6t,com.sec.android.app.shealth,9c25cb7b-2f3e-4e24-b459-e1db99e30431,2026-01-08 00:00:00.000,
,,29eb9ece-ff41-4e03-bcd6-9e63884ee142.extra_data.json,,0.0,63070030,0.0,2859229,2099.2266,63070030,2026-02-05 06:03:37.504,2026-01-09 03:00:01.082,235.27,487mnSNu6t,com.sec.android.app.shealth,29eb9ece-ff41-4e03-bcd6-9e63884ee142,2026-01-09 00:00:00.000,
,,61e93196-d1d5-46c9-99d1-2339715ac3ad.extra_data.json,,0.0,63070030,0.0,3792651,2075.7715,63070030,2026-02-05 06:03:37.530,2026-01-10 03:00:49.288,307.21997,487mnSNu6t,com.sec.android.app.shealth,61e93196-d1d5-46c9-99d1-2339715ac3ad,2026-01-10 00:00:00.000,
,,5bc5e6db-cc72-4c9c-9df2-83d7d27c2abe.extra_data.json,,0.0,63070030,0.0,2217994,2115.3398,63070030,2026-02-05 06:03:37.569,2026-01-11 03:00:02.368,131.38,487mnSNu6t,com.sec.android.app.shealth,5bc5e6db-cc72-4c9c-9df2-83d7d27c2abe,2026-01-11 00:00:00.000,
,,e353f793-00f3-4cfa-8d16-26e5b1db1a36.extra_data.json,,0.0,63070030,0.0,1125229,2142.7988,63070030,2026-02-05 06:03:37.606,2026-01-12 03:42:50.846,53.050007,487mnSNu6t,com.sec.android.app.shealth,e353f793-00f3-4cfa-8d16-26e5b1db1a36,2026-01-12 00:00:00.000,
,,74f15b3e-e21d-4d75-89cc-ae52768f3db3.extra_data.json,,0.0,63070030,0.0,2299213,2113.2988,63070030,2026-02-05 06:03:37.648,2026-01-13 03:00:11.465,194.09998,487mnSNu6t,com.sec.android.app.shealth,74f15b3e-e21d-4d75-89cc-ae52768f3db3,2026-01-13 00:00:00.000,
,,572067b0-f2af-444e-9a68-731529557fa5.extra_data.json,,0.0,63070030,0.0,2828074,2100.0095,63070030,2026-02-05 06:03:37.702,2026-01-14 03:00:00.613,220.88995,487mnSNu6t,com.sec.android.app.shealth,572067b0-f2af-444e-9a68-731529557fa5,2026-01-14 00:00:00.000,
,,eccc365e-ff31-4f3e-b017-c4601a61f543.extra_data.json,,0.0,63070030,0.0,1535344,2132.4934,63070030,2026-02-05 06:03:37.775,2026-01-15 03:00:01.155,137.96997,487mnSNu6t,com.sec.android.app.shealth,eccc365e-ff31-4f3e-b017-c4601a61f543,2026-01-15 00:00:00.000,
,,fb0a0cbd-3338-43c9-b87e-4520e265d093.extra_data.json,,424.0,63070030,0.0,6772446,2000.8945,63070030,2026-02-05 06:03:37.891,2026-01-16 03:00:00.739,708.2085,487mnSNu6t,com.sec.android.app.shealth,fb0a0cbd-3338-43c9-b87e-4520e265d093,2026-01-16 00:00:00.000,
,,fbd9551b-f394-4eb7-9f2e-a3939ec9fd7c.extra_data.json,,0.0,63070030,0.0,3110050,2092.924,63070030,2026-02-13 10:40:44.883,2026-01-17 03:00:03.113,219.88998,487mnSNu6t,com.sec.android.app.shealth,fbd9551b-f394-4eb7-9f2e-a3939ec9fd7c,2026-01-17 00:00:00.000,
,,025771a1-ef5f-46e0-a517-df973bad74d4.extra_data.json,,218.0,63070030,0.0,3156873,2091.7473,63070030,2026-02-14 17:02:16.032,2026-01-18 03:03:54.870,323.72998,487mnSNu6t,com.sec.android.app.shealth,025771a1-ef5f-46e0-a517-df973bad74d4,2026-01-18 00:00:00.000,
,,9cd98750-fa65-4a39-bb0d-aa5b2531b3a4.extra_data.json,,0.0,63070030,0.0,1489574,2133.6436,63070030,2026-02-14 17:02:16.048,2026-01-19 03:00:04.960,126.61001,487mnSNu6t,com.sec.android.app.shealth,9cd98750-fa65-4a39-bb0d-aa5b2531b3a4,2026-01-19 00:00:00.000,
,,2b825348-6f25-495a-9dc4-261ca508de54.extra_data.json,,34.0,63070030,0.0,2419913,2110.2659,63070030,2026-02-14 17:02:16.072,2026-01-20 03:00:03.573,116.6,487mnSNu6t,com.sec.android.app.shealth,2b825348-6f25-495a-9dc4-261ca508de54,2026-01-20 00:00:00.000,
,,2ab9c526-b62b-4bf5-97e7-53fa6ff1a797.extra_data.json,,0.0,63070030,0.0,3251437,2089.371,63070030,2026-02-14 17:02:16.087,2026-01-21 03:07:54.640,262.32,487mnSNu6t,com.sec.android.app.shealth,2ab9c526-b62b-4bf5-97e7-53fa6ff1a797,2026-01-21 00:00:00.000,
,,895b8d3d-789a-4407-a91f-7ebd759502bb.extra_data.json,,0.0,63070030,0.0,2802056,2100.6633,63070030,2026-02-14 17:02:16.094,2026-01-22 03:00:01.248,149.67003,487mnSNu6t,com.sec.android.app.shealth,895b8d3d-789a-4407-a91f-7ebd759502bb,2026-01-22 00:00:00.000,
,,f9b2d414-f452-44d3-9f25-237f5142989e.extra_data.json,,386.0,63070030,0.0,6402028,2010.2025,63070030,2026-02-19 10:36:56.037,2026-01-23 03:00:19.656,640.80585,487mnSNu6t,com.sec.android.app.shealth,f9b2d414-f452-44d3-9f25-237f5142989e,2026-01-23 00:00:00.000,
,,02e32961-1ea3-4311-b7be-822d6aaa820e.extra_data.json,,0.0,63070030,0.0,1342123,2137.3489,63070030,2026-02-19 10:36:56.102,2026-01-24 03:00:02.051,106.24999,487mnSNu6t,com.sec.android.app.shealth,02e32961-1ea3-4311-b7be-822d6aaa820e,2026-01-24 00:00:00.000,
,,cfd794b7-1db9-47d4-9285-ed9ca3d78c2c.extra_data.json,,34.0,63070030,0.0,2898849,2098.231,63070030,2026-02-19 10:36:56.295,2026-01-25 03:56:36.510,140.16333,487mnSNu6t,com.sec.android.app.shealth,cfd794b7-1db9-47d4-9285-ed9ca3d78c2c,2026-01-25 00:00:00.000,
,,7ad9ea19-b8c7-4010-a5fb-e1a2cd8d6057.extra_data.json,,0.0,63070030,0.0,1022391,2145.383,63070030,2026-02-19 10:36:56.365,2026-01-26 03:00:02.009,50.429996,487mnSNu6t,com.sec.android.app.shealth,7ad9ea19-b8c7-4010-a5fb-e1a2cd8d6057,2026-01-26 00:00:00.000,
,,67552433-635e-4d60-96de-3b064ece02da.extra_data.json,,0.0,63070030,0.0,2448022,2109.5593,63070030,2026-02-19 10:36:56.371,2026-01-27 03:00:01.583,189.86005,487mnSNu6t,com.sec.android.app.shealth,67552433-635e-4d60-96de-3b064ece02da,2026-01-27 00:00:00.000,
,,292cc5b7-b6b5-42e4-8622-38143ec19ef7.extra_data.json,,0.0,63070030,0.0,2787991,2101.0166,63070030,2026-02-19 10:36:56.443,2026-01-28 03:00:02.594,197.58,487mnSNu6t,com.sec.android.app.shealth,292cc5b7-b6b5-42e4-8622-38143ec19ef7,2026-01-28 00:00:00.000,
,,bbef1518-bce8-442d-8f80-dab0ee4c9ecb.extra_data.json,,400.0,63070030,0.0,5910250,2022.56,63070030,2026-02-19 10:36:56.496,2026-01-29 03:00:03.188,725.61084,487mnSNu6t,com.sec.android.app.shealth,bbef1518-bce8-442d-8f80-dab0ee4c9ecb,2026-01-29 00:00:00.000,
,,3879e0f3-c735-432b-adea-baeb5eccc493.extra_data.json,,458.0,63070030,0.0,6725760,2002.0677,63070030,2026-02-26 11:39:51.401,2026-01-30 03:00:01.955,802.04614,487mnSNu6t,com.sec.android.app.shealth,3879e0f3-c735-432b-adea-baeb5eccc493,2026-01-30 00:00:00.000,
,,059708c1-d0e2-40da-9d40-ae7409827a10.extra_data.json,,170.0,63070030,0.0,4107275,2067.8655,63070030,2026-02-26 11:39:51.442,2026-01-31 03:00:02.200,433.53656,487mnSNu6t,com.sec.android.app.shealth,059708c1-d0e2-40da-9d40-ae7409827a10,2026-01-31 00:00:00.000,
,,e385323e-4c03-46fe-893d-5771609845b9.extra_data.json,,0.0,63070030,0.0,729698,2147.1086,63070030,2026-02-28 20:22:01.785,2026-02-01 03:00:03.861,63.74999,487mnSNu6t,com.sec.android.app.shealth,e385323e-4c03-46fe-893d-5771609845b9,2026-02-01 00:00:00.000,
,,77e173c6-dbdb-4972-83bd-52a215a092e6.extra_data.json,,0.0,63070030,0.0,2429738,2104.5015,63070030,2026-02-28 20:22:01.808,2026-02-02 03:00:01.865,260.65002,487mnSNu6t,com.sec.android.app.shealth,77e173c6-dbdb-4972-83bd-52a215a092e6,2026-02-02 00:00:00.000,
,,d00b0386-bd8e-4650-824b-b5bddb4fcace.extra_data.json,,0.0,63070030,0.0,946591,2141.6729,63070030,2026-02-28 20:22:01.843,2026-02-03 03:00:01.929,89.549995,487mnSNu6t,com.sec.android.app.shealth,d00b0386-bd8e-4650-824b-b5bddb4fcace,2026-02-03 00:00:00.000,
,,561919f1-7655-4c09-a84c-eb227aa8e8eb.extra_data.json,,0.0,63070030,0.0,3600133,2075.1685,63070030,2026-03-03 16:36:32.138,2026-02-04 03:00:01.451,369.46994,487mnSNu6t,com.sec.android.app.shealth,561919f1-7655-4c09-a84c-eb227aa8e8eb,2026-02-04 00:00:00.000,
,,97717c3a-0128-4579-95eb-42af3526bed5.extra_data.json,,0.0,63070030,0.0,3617117,2074.7427,63070030,2026-03-03 16:36:32.155,2026-02-05 03:00:03.240,208.73997,487mnSNu6t,com.sec.android.app.shealth,97717c3a-0128-4579-95eb-42af3526bed5,2026-02-05 00:00:00.000,
,,342e4617-8913-4139-bc5f-506ebb25df32.extra_data.json,,0.0,63070030,0.0,1221944,2134.7717,63070030,2026-03-03 16:36:32.165,2026-02-06 03:00:02.079,57.3,487mnSNu6t,com.sec.android.app.shealth,342e4617-8913-4139-bc5f-506ebb25df32,2026-02-06 00:00:00.000,
,,e1a13255-e20b-4727-a68f-1fee6efd2c0c.extra_data.json,,0.0,63070030,0.0,1760730,2121.2686,63070030,2026-03-06 19:53:40.150,2026-02-07 03:00:03.366,85.150024,487mnSNu6t,com.sec.android.app.shealth,e1a13255-e20b-4727-a68f-1fee6efd2c0c,2026-02-07 00:00:00.000,
,,6432d8f6-af39-4f24-bf8d-a0856d80b1bd.extra_data.json,,0.0,63070030,0.0,2621752,2099.6892,63070030,2026-03-06 19:53:40.199,2026-02-08 03:00:00.577,231.11995,487mnSNu6t,com.sec.android.app.shealth,6432d8f6-af39-4f24-bf8d-a0856d80b1bd,2026-02-08 00:00:00.000,
,,862c5ba5-1b0e-4f84-9bc6-567b53c88d93.extra_data.json,,0.0,63070030,0.0,1550493,2126.5374,63070030,2026-03-06 19:53:40.219,2026-02-09 03:00:01.699,111.12001,487mnSNu6t,com.sec.android.app.shealth,862c5ba5-1b0e-4f84-9bc6-567b53c88d93,2026-02-09 00:00:00.000,
,,daffce00-4b85-4162-b64d-6c1967fd66de.extra_data.json,,769.0,63070030,0.0,6511228,2002.2092,63070030,2026-03-06 19:53:40.236,2026-02-10 03:00:01.207,876.73126,487mnSNu6t,com.sec.android.app.shealth,daffce00-4b85-4162-b64d-6c1967fd66de,2026-02-10 00:00:00.000,
,,6e271800-f40c-4209-8aa8-6b70280d7596.extra_data.json,,176.0,63070030,0.0,6193815,2010.1644,63070030,2026-03-06 19:53:40.249,2026-02-11 03:00:03.357,409.63593,487mnSNu6t,com.sec.android.app.shealth,6e271800-f40c-4209-8aa8-6b70280d7596,2026-02-11 00:00:00.000,
,,34cea98a-3182-493b-bf4e-3ce32fb9c0f9.extra_data.json,,0.0,63070030,0.0,1850181,2119.0266,63070030,2026-03-06 19:53:40.265,2026-02-12 03:00:04.268,165.33002,487mnSNu6t,com.sec.android.app.shealth,34cea98a-3182-493b-bf4e-3ce32fb9c0f9,2026-02-12 00:00:00.000,
,,89b0f530-c9d1-45e8-b5e8-e483931f95c0.extra_data.json,,0.0,63070030,0.0,3768457,2070.95,63070030,2026-03-06 19:53:40.276,2026-02-13 03:00:01.179,281.90994,487mnSNu6t,com.sec.android.app.shealth,89b0f530-c9d1-45e8-b5e8-e483931f95c0,2026-02-13 00:00:00.000,
,,ac84cdd1-c1af-41ba-8bf2-e097c9bc0a2b.extra_data.json,,0.0,63070030,0.0,1819374,2119.7986,63070030,2026-03-06 19:53:40.291,2026-02-14 03:45:17.150,176.23001,487mnSNu6t,com.sec.android.app.shealth,ac84cdd1-c1af-41ba-8bf2-e097c9bc0a2b,2026-02-14 00:00:00.000,
,,1b250191-e06a-4da8-ad5a-06e33de85e96.extra_data.json,,0.0,63070030,0.0,2956758,2091.293,63070030,2026-03-06 19:53:40.302,2026-02-15 03:00:02.615,276.44995,487mnSNu6t,com.sec.android.app.shealth,1b250191-e06a-4da8-ad5a-06e33de85e96,2026-02-15 00:00:00.000,
,,2ed60992-99a0-4172-b551-0a41337efd3a.extra_data.json,,733.0,63070030,0.0,6094013,2012.6656,63070030,2026-03-06 19:53:40.321,2026-02-16 03:10:50.722,825.1946,487mnSNu6t,com.sec.android.app.shealth,2ed60992-99a0-4172-b551-0a41337efd3a,2026-02-16 00:00:00.000,
,,42e7c20f-f4eb-457f-8b1e-6bb1613254ea.extra_data.json,,842.0,63070030,0.0,6342492,2006.4381,63070030,2026-03-06 19:53:40.336,2026-02-17 03:00:01.864,917.1689,487mnSNu6t,com.sec.android.app.shealth,42e7c20f-f4eb-457f-8b1e-6bb1613254ea,2026-02-17 00:00:00.000,
,,053bf7fe-cf90-49b5-8465-13ea19895641.extra_data.json,,0.0,63070030,0.0,2679940,2098.231,63070030,2026-03-06 19:53:40.348,2026-02-18 03:00:00.865,262.38995,487mnSNu6t,com.sec.android.app.shealth,053bf7fe-cf90-49b5-8465-13ea19895641,2026-02-18 00:00:00.000,
,,bdc202b7-9eca-416b-ade6-202978365125.extra_data.json,,220.0,63070030,0.0,5129122,2036.8483,63070030,2026-03-06 19:53:40.359,2026-02-19 03:00:02.025,532.08777,487mnSNu6t,com.sec.android.app.shealth,bdc202b7-9eca-416b-ade6-202978365125,2026-02-19 00:00:00.000,
,,9cf27de3-5592-476b-b7cb-9db53ce72fdf.extra_data.json,,0.0,63070030,0.0,3027504,2089.52,63070030,2026-03-06 19:53:40.374,2026-02-20 03:00:01.283,275.14996,487mnSNu6t,com.sec.android.app.shealth,9cf27de3-5592-476b-b7cb-9db53ce72fdf,2026-02-20 00:00:00.000,
,,001f3661-d7e2-42ac-b3b9-4469ff8997b9.extra_data.json,,432.0,63070030,0.0,4692176,2047.7992,63070030,2026-03-06 19:53:40.391,2026-02-21 03:00:02.185,620.86487,487mnSNu6t,com.sec.android.app.shealth,001f3661-d7e2-42ac-b3b9-4469ff8997b9,2026-02-21 00:00:00.000,
,,05c3546b-a28d-40a8-b43a-42ca7579a0ef.extra_data.json,,0.0,63070030,0.0,451559,2154.0796,63070030,2026-03-06 19:53:40.401,2026-02-22 03:00:01.884,39.54,487mnSNu6t,com.sec.android.app.shealth,05c3546b-a28d-40a8-b43a-42ca7579a0ef,2026-02-22 00:00:00.000,
,,78d81c15-ca53-443f-be33-cde85da68627.extra_data.json,,495.0,63070030,0.0,7245339,1983.8108,63070030,2026-03-06 19:53:40.433,2026-02-23 03:00:03.081,854.01,487mnSNu6t,com.sec.android.app.shealth,78d81c15-ca53-443f-be33-cde85da68627,2026-02-23 00:00:00.000,
,,8a8c26b9-d477-4bdb-8b6d-5bf16de89a3b.extra_data.json,,0.0,63070030,0.0,1271150,2133.5386,63070030,2026-03-06 19:53:40.445,2026-02-24 03:00:01.027,121.409996,487mnSNu6t,com.sec.android.app.shealth,8a8c26b9-d477-4bdb-8b6d-5bf16de89a3b,2026-02-24 00:00:00.000,
,,bb223021-1237-440c-ac97-93b82f62de13.extra_data.json,,0.0,63070030,0.0,296148,2157.9746,63070030,2026-03-06 19:53:40.466,2026-02-25 03:00:00.995,25.94,487mnSNu6t,com.sec.android.app.shealth,bb223021-1237-440c-ac97-93b82f62de13,2026-02-25 00:00:00.000,
,,d920b190-8348-467a-b6d3-b1db33e6e0bb.extra_data.json,,650.0,63070030,0.0,7052590,1988.6414,63070030,2026-03-06 19:53:40.526,2026-02-26 03:00:01.012,869.11316,487mnSNu6t,com.sec.android.app.shealth,d920b190-8348-467a-b6d3-b1db33e6e0bb,2026-02-26 00:00:00.000,
,,71082415-8f4f-4f1f-9e9f-0d7a07c50a02.extra_data.json,,99.0,63070030,0.0,4152005,2061.3372,63070030,2026-03-06 19:53:40.547,2026-02-27 03:00:02.658,234.04547,487mnSNu6t,com.sec.android.app.shealth,71082415-8f4f-4f1f-9e9f-0d7a07c50a02,2026-02-27 00:00:00.000,
,,efb0f530-7232-4ab1-b715-2a0fff04373e.extra_data.json,,100.0,63070030,0.0,1934024,2116.9253,63070030,2026-03-06 19:53:40.563,2026-02-28 03:00:00.894,198.88597,487mnSNu6t,com.sec.android.app.shealth,efb0f530-7232-4ab1-b715-2a0fff04373e,2026-02-28 00:00:00.000,
,,cba2415e-8adf-436b-b00e-a27362c41f77.extra_data.json,,0.0,63070030,0.0,494247,2153.0095,63070030,2026-03-06 19:53:40.580,2026-03-01 03:00:01.690,36.95,487mnSNu6t,com.sec.android.app.shealth,cba2415e-8adf-436b-b00e-a27362c41f77,2026-03-01 00:00:00.000,
,,3869c4c9-2adc-45b1-9373-43e1a98cbe1b.extra_data.json,,0.0,63070030,0.0,2903356,2092.6313,63070030,2026-03-06 19:53:40.586,2026-03-02 03:00:00.614,216.26996,487mnSNu6t,com.sec.android.app.shealth,3869c4c9-2adc-45b1-9373-43e1a98cbe1b,2026-03-02 00:00:00.000,
,,c8c98105-0d7a-4318-b7e0-c7325de84c6d.extra_data.json,,0.0,63070030,0.0,703379,2147.7683,63070030,2026-03-06 19:53:40.593,2026-03-03 03:02:50.179,60.690002,487mnSNu6t,com.sec.android.app.shealth,c8c98105-0d7a-4318-b7e0-c7325de84c6d,2026-03-03 00:00:00.000,
,,57ab901f-4bfa-491f-b287-7e5ea445ccf1.extra_data.json,,427.0,63070030,0.0,8009471,1964.6595,63070030,2026-03-06 19:53:40.604,2026-03-04 03:00:01.923,778.97925,487mnSNu6t,com.sec.android.app.shealth,57ab901f-4bfa-491f-b287-7e5ea445ccf1,2026-03-04 00:00:00.000,
,,49f9a1b4-4952-4de6-896e-e8907b01a79e.extra_data.json,,200.0,63070030,0.0,5188052,2035.3715,63070030,2026-03-06 19:53:40.642,2026-03-05 03:00:01.591,521.86816,487mnSNu6t,com.sec.android.app.shealth,49f9a1b4-4952-4de6-896e-e8907b01a79e,2026-03-05 00:00:00.000,
,,1c813047-2e0e-45bb-a1b8-7b889e2e3a35.extra_data.json,,485.0,63070030,0.0,7557081,1975.9977,63110130,2026-03-07 12:43:33.335,2026-03-06 03:00:01.722,860.979,487mnSNu6t,com.sec.android.app.shealth,1c813047-2e0e-45bb-a1b8-7b889e2e3a35,2026-03-06 00:00:00.000,
,,83ba5426-b12b-42f9-8277-97775a7ba10b.extra_data.json,,0.0,63110130,0.0,1124902,2137.2039,63110130,2026-03-09 17:56:20.629,2026-03-07 03:00:15.488,120.38,487mnSNu6t,com.sec.android.app.shealth,83ba5426-b12b-42f9-8277-97775a7ba10b,2026-03-07 00:00:00.000,
,,69027e35-f140-48ec-8658-b3ab083368a6.extra_data.json,,0.0,63110130,0.0,897115,2142.9128,63110130,2026-03-09 03:00:03.862,2026-03-08 03:00:02.685,43.329994,487mnSNu6t,com.sec.android.app.shealth,69027e35-f140-48ec-8658-b3ab083368a6,2026-03-08 00:00:00.000,
,,0ce13115-3be5-439f-9271-96c8a56fb781.extra_data.json,,0.0,63110130,0.0,289478,2158.1416,63110130,2026-03-10 03:00:02.945,2026-03-09 03:00:01.521,24.46,487mnSNu6t,com.sec.android.app.shealth,0ce13115-3be5-439f-9271-96c8a56fb781,2026-03-09 00:00:00.000,
,,d04075cf-3e6b-4444-9cf3-944f57f3b472.extra_data.json,,0.0,63110130,0.0,3384705,2080.5676,63110130,2026-03-11 03:00:05.688,2026-03-10 03:00:01.165,275.70993,487mnSNu6t,com.sec.android.app.shealth,d04075cf-3e6b-4444-9cf3-944f57f3b472,2026-03-10 00:00:00.000,
,,8c1cfe72-675e-4764-a873-773e468ad565.extra_data.json,,0.0,63110130,0.0,736982,2146.926,63110130,2026-03-12 10:30:45.090,2026-03-11 03:00:02.233,76.579994,487mnSNu6t,com.sec.android.app.shealth,8c1cfe72-675e-4764-a873-773e468ad565,2026-03-11 00:00:00.000,
,,2578ae8a-b01d-4732-99ee-a76a8110816f.extra_data.json,,0.0,63110130,0.0,3233892,2084.3474,63110130,2026-03-13 10:25:56.088,2026-03-12 03:00:03.176,264.34998,487mnSNu6t,com.sec.android.app.shealth,2578ae8a-b01d-4732-99ee-a76a8110816f,2026-03-12 00:00:00.000,
,,a0acc5b9-8cfb-4288-8147-50605598cecf.extra_data.json,,0.0,63110130,0.0,2710984,2097.4526,63110130,2026-03-18 18:29:48.937,2026-03-13 03:00:02.271,174.2,487mnSNu6t,com.sec.android.app.shealth,a0acc5b9-8cfb-4288-8147-50605598cecf,2026-03-13 00:00:00.000,
,,2792bcc4-d11f-4d58-b38e-5c4e895bd5c7.extra_data.json,,0.0,63110130,0.0,569558,2151.122,63110130,2026-03-15 03:00:02.111,2026-03-14 03:00:02.277,26.849998,487mnSNu6t,com.sec.android.app.shealth,2792bcc4-d11f-4d58-b38e-5c4e895bd5c7,2026-03-14 00:00:00.000,
,,6d159a2c-3c03-48f6-a1e1-0c56adb83ee6.extra_data.json,,0.0,63110130,0.0,1057135,2138.9023,63110130,2026-03-16 03:01:01.877,2026-03-15 03:00:00.860,50.039997,487mnSNu6t,com.sec.android.app.shealth,6d159a2c-3c03-48f6-a1e1-0c56adb83ee6,2026-03-15 00:00:00.000,
,,7b5bda27-14c4-4a09-be31-13a3e49965fa.extra_data.json,,0.0,63110130,0.0,467567,2153.6782,63110130,2026-03-17 03:00:01.688,2026-03-16 03:01:00.865,22.12,487mnSNu6t,com.sec.android.app.shealth,7b5bda27-14c4-4a09-be31-13a3e49965fa,2026-03-16 00:00:00.000,
,,eff00f87-3a09-46ed-a0f6-d55174c8a450.extra_data.json,,0.0,63110130,0.0,2837517,2094.2815,63110130,2026-03-18 03:00:06.347,2026-03-17 03:00:00.936,135.91,487mnSNu6t,com.sec.android.app.shealth,eff00f87-3a09-46ed-a0f6-d55174c8a450,2026-03-17 00:00:00.000,
,,a5011cd6-ca45-4877-a189-900b705a630c.extra_data.json,,375.0,63110130,0.0,6091020,2012.7406,63110130,2026-03-19 10:55:05.436,2026-03-18 03:00:03.557,578.08203,487mnSNu6t,com.sec.android.app.shealth,a5011cd6-ca45-4877-a189-900b705a630c,2026-03-18 00:00:00.000,
,,01254cf8-9f2a-4d1f-be61-5845bda3c9cf.extra_data.json,,417.0,63110130,0.0,5155299,2036.1923,63110130,2026-03-21 03:58:39.330,2026-03-19 03:00:02.913,597.15814,487mnSNu6t,com.sec.android.app.shealth,01254cf8-9f2a-4d1f-be61-5845bda3c9cf,2026-03-19 00:00:00.000,
,,5d649566-c340-4fb9-aa77-2c52b91d73aa.extra_data.json,,0.0,63110130,0.0,2961653,2091.1704,63110130,2026-03-21 03:28:43.237,2026-03-20 03:00:07.140,275.78003,487mnSNu6t,com.sec.android.app.shealth,5d649566-c340-4fb9-aa77-2c52b91d73aa,2026-03-20 00:00:00.000,
,,a917d98a-6051-4c78-8ca9-f326e5a8e110.extra_data.json,,0.0,63110130,0.0,1441855,2129.2603,63110130,2026-03-22 03:00:03.643,2026-03-21 03:28:42.689,88.85999,487mnSNu6t,com.sec.android.app.shealth,a917d98a-6051-4c78-8ca9-f326e5a8e110,2026-03-21 00:00:00.000,
,,8ea64da4-a62b-41df-adae-aaa743d46097.extra_data.json,,0.0,63110130,0.0,3192018,2085.397,63110130,2026-03-23 18:50:14.306,2026-03-22 03:00:01.665,206.97997,487mnSNu6t,com.sec.android.app.shealth,8ea64da4-a62b-41df-adae-aaa743d46097,2026-03-22 00:00:00.000,
,,a8204738-3439-46b3-b66d-8b534e74b9ad.extra_data.json,,512.0,63110130,0.0,7395579,1980.0453,63110130,2026-03-24 11:21:37.925,2026-03-23 03:00:02.775,708.9276,487mnSNu6t,com.sec.android.app.shealth,a8204738-3439-46b3-b66d-8b534e74b9ad,2026-03-23 00:00:00.000,
,,3de49f11-b455-4933-a69d-44f168ffe91c.extra_data.json,,264.0,63110130,0.0,4589424,2050.3745,63110130,2026-03-25 10:14:12.648,2026-03-24 03:00:03.758,502.8794,487mnSNu6t,com.sec.android.app.shealth,3de49f11-b455-4933-a69d-44f168ffe91c,2026-03-24 00:00:00.000,
,,4f10d7e1-d064-4e86-b85c-2c5096d78fca.extra_data.json,,0.0,63110130,0.0,2683480,2098.142,63130130,2026-03-27 20:08:32.328,2026-03-25 03:00:01.875,150.09998,487mnSNu6t,com.sec.android.app.shealth,4f10d7e1-d064-4e86-b85c-2c5096d78fca,2026-03-25 00:00:00.000,
,,63be5c3c-370b-400d-ae34-3c7975053699.extra_data.json,,0.0,63110130,0.0,1442391,2129.2468,63110130,2026-03-27 03:00:19.373,2026-03-26 03:00:02.220,106.68001,487mnSNu6t,com.sec.android.app.shealth,63be5c3c-370b-400d-ae34-3c7975053699,2026-03-26 00:00:00.000,
,,057ddcd8-6902-4f59-9b10-4f9027f80f3a.extra_data.json,,0.0,63110130,0.0,3650097,2073.9163,63130130,2026-03-28 03:00:03.679,2026-03-27 03:00:03.313,326.3099,487mnSNu6t,com.sec.android.app.shealth,057ddcd8-6902-4f59-9b10-4f9027f80f3a,2026-03-27 00:00:00.000,
,,69c7b7eb-f65c-4766-8109-dfd730e107ea.extra_data.json,,0.0,63130130,0.0,1228607,2134.6047,63130130,2026-03-30 03:39:46.389,2026-03-28 03:00:02.207,93.58001,487mnSNu6t,com.sec.android.app.shealth,69c7b7eb-f65c-4766-8109-dfd730e107ea,2026-03-28 00:00:00.000,
,,d216b62d-2ab6-42e6-a229-70ae779ebab0.extra_data.json,,0.0,63130130,0.0,648147,2149.1526,63130130,2026-03-30 03:39:45.531,2026-03-29 03:00:01.739,53.74999,487mnSNu6t,com.sec.android.app.shealth,d216b62d-2ab6-42e6-a229-70ae779ebab0,2026-03-29 00:00:00.000,
,,85468f50-bc2c-494f-9489-b59476ad7d96.extra_data.json,,0.0,63130130,0.0,2781686,2095.6807,63130130,2026-03-31 10:31:04.113,2026-03-30 03:00:03.200,212.09,487mnSNu6t,com.sec.android.app.shealth,85468f50-bc2c-494f-9489-b59476ad7d96,2026-03-30 00:00:00.000,
,,79080b75-357a-4c8e-8fc5-324759a42d8a.extra_data.json,,97.0,63130130,0.0,3322918,2082.1162,63130130,2026-04-02 13:40:04.659,2026-03-31 03:00:05.434,365.59927,487mnSNu6t,com.sec.android.app.shealth,79080b75-357a-4c8e-8fc5-324759a42d8a,2026-03-31 00:00:00.000,
,,4c18066b-e1c6-4c55-872a-399721957011.extra_data.json,,0.0,63130130,0.0,3218462,2084.7341,63130130,2026-04-02 03:00:15.249,2026-04-01 03:00:02.811,300.08002,487mnSNu6t,com.sec.android.app.shealth,4c18066b-e1c6-4c55-872a-399721957011,2026-04-01 00:00:00.000,
,,2b6d082c-9b21-46f2-aba3-6f9b4eedd2ff.extra_data.json,,231.0,63130130,0.0,2714853,2097.3557,63130130,2026-04-03 03:00:06.290,2026-04-02 03:00:13.664,325.36813,487mnSNu6t,com.sec.android.app.shealth,2b6d082c-9b21-46f2-aba3-6f9b4eedd2ff,2026-04-02 00:00:00.000,
,,9b842cfa-551b-4087-865b-ab847fb738b7.extra_data.json,,0.0,63130130,0.0,2921054,2092.1877,63130130,2026-04-05 01:46:05.158,2026-04-03 03:00:02.987,298.94998,487mnSNu6t,com.sec.android.app.shealth,9b842cfa-551b-4087-865b-ab847fb738b7,2026-04-03 00:00:00.000,
,,61b64537-d28b-4ea9-b11a-ebb525da8ebd.extra_data.json,,0.0,63130130,0.0,4603237,2050.028,63130130,2026-04-05 14:52:11.879,2026-04-04 03:00:01.518,459.52014,487mnSNu6t,com.sec.android.app.shealth,61b64537-d28b-4ea9-b11a-ebb525da8ebd,2026-04-04 00:00:00.000,
,,5e396f85-1ab5-475b-a004-e967626c2de7.extra_data.json,,0.0,63130130,0.0,1122948,2137.253,63130130,2026-04-06 03:00:03.648,2026-04-05 03:00:02.695,103.229996,487mnSNu6t,com.sec.android.app.shealth,5e396f85-1ab5-475b-a004-e967626c2de7,2026-04-05 00:00:00.000,
,,dcd3ab84-5e0f-42dd-a7d1-a2c02b1454f3.extra_data.json,,0.0,63130130,0.0,3093185,2087.8738,63130130,2026-04-07 19:04:23.702,2026-04-06 03:00:03.450,315.3101,487mnSNu6t,com.sec.android.app.shealth,dcd3ab84-5e0f-42dd-a7d1-a2c02b1454f3,2026-04-06 00:00:00.000,
,,7d0cf74a-5652-4606-8e77-f022b0dc6d2b.extra_data.json,,0.0,63130130,0.0,1310655,2132.5483,63130130,2026-04-08 10:11:07.465,2026-04-07 03:00:01.245,114.08002,487mnSNu6t,com.sec.android.app.shealth,7d0cf74a-5652-4606-8e77-f022b0dc6d2b,2026-04-07 00:00:00.000,
,,71ea0f64-b5d4-4de6-bbad-b41bc283b6f2.extra_data.json,,520.0,63130130,0.0,6817213,1994.5405,63130130,2026-04-09 03:13:14.411,2026-04-08 03:00:01.470,805.4084,487mnSNu6t,com.sec.android.app.shealth,71ea0f64-b5d4-4de6-bbad-b41bc283b6f2,2026-04-08 00:00:00.000,
,,75dd612c-7edf-483e-a126-5954312becee.extra_data.json,,0.0,63130130,0.0,3597895,2075.2246,63130130,2026-04-11 17:19:01.476,2026-04-09 03:13:03.641,338.10007,487mnSNu6t,com.sec.android.app.shealth,75dd612c-7edf-483e-a126-5954312becee,2026-04-09 00:00:00.000,
,,b6bfea99-c9b2-461a-a518-5859f0d16fae.extra_data.json,,0.0,63130130,0.0,2336111,2106.848,63130130,2026-04-11 03:00:02.986,2026-04-10 03:00:03.557,218.81004,487mnSNu6t,com.sec.android.app.shealth,b6bfea99-c9b2-461a-a518-5859f0d16fae,2026-04-10 00:00:00.000,
,,dbee57b9-dfbd-4af8-90d3-19ee721f2456.extra_data.json,,0.0,63130130,0.0,2322482,2107.1897,63130130,2026-04-12 13:48:23.184,2026-04-11 03:00:02.204,226.51997,487mnSNu6t,com.sec.android.app.shealth,dbee57b9-dfbd-4af8-90d3-19ee721f2456,2026-04-11 00:00:00.000,
,,fc4eca60-1b65-4b3d-993f-c381875216a7.extra_data.json,,0.0,63130130,0.0,1604783,2125.1768,63130130,2026-04-13 03:00:07.944,2026-04-12 03:00:04.438,149.56999,487mnSNu6t,com.sec.android.app.shealth,fc4eca60-1b65-4b3d-993f-c381875216a7,2026-04-12 00:00:00.000,
,,235247f8-ba94-49f7-aa0b-b61d6f906c54.extra_data.json,,0.0,63130130,0.0,372186,2156.0688,63130130,2026-04-14 03:00:11.017,2026-04-13 03:00:02.226,32.799995,487mnSNu6t,com.sec.android.app.shealth,235247f8-ba94-49f7-aa0b-b61d6f906c54,2026-04-13 00:00:00.000,
,,17e76169-a9a7-470f-82ba-0de826a8892b.extra_data.json,,0.0,63130130,0.0,2854310,2093.8606,63130130,2026-04-15 03:00:28.514,2026-04-14 03:00:03.656,265.12997,487mnSNu6t,com.sec.android.app.shealth,17e76169-a9a7-470f-82ba-0de826a8892b,2026-04-14 00:00:00.000,
,,5de4b125-6cb9-4907-a38a-ca84ca8f74a9.extra_data.json,,0.0,63130130,0.0,933800,2141.9934,63130130,2026-04-16 03:00:05.379,2026-04-15 03:00:02.540,82.23002,487mnSNu6t,com.sec.android.app.shealth,5de4b125-6cb9-4907-a38a-ca84ca8f74a9,2026-04-15 00:00:00.000,
,,0065f225-2a5e-4bad-9216-95c7098e55b7.extra_data.json,,0.0,63130130,0.0,2888066,2093.0146,63130130,2026-04-17 03:00:04.552,2026-04-16 03:00:03.285,261.17,487mnSNu6t,com.sec.android.app.shealth,0065f225-2a5e-4bad-9216-95c7098e55b7,2026-04-16 00:00:00.000,
,,a560f66b-df67-4449-8939-6974ad2daab9.extra_data.json,,0.0,63130130,0.0,3006854,2090.0374,63130130,2026-04-19 19:47:49.540,2026-04-17 03:00:03.332,287.63995,487mnSNu6t,com.sec.android.app.shealth,a560f66b-df67-4449-8939-6974ad2daab9,2026-04-17 00:00:00.000,
,,9fa5cada-1863-4d98-8947-7c225b4c2c8b.extra_data.json,,0.0,63130130,0.0,1113193,2137.4973,63130130,2026-04-19 03:00:05.120,2026-04-18 03:00:02.826,97.76,487mnSNu6t,com.sec.android.app.shealth,9fa5cada-1863-4d98-8947-7c225b4c2c8b,2026-04-18 00:00:00.000,
,,ce7cbbe1-6beb-4c8d-992c-556c4a2e1b91.extra_data.json,,0.0,63130130,0.0,2454656,2103.877,63130130,2026-04-20 11:14:42.420,2026-04-19 03:00:02.752,213.56001,487mnSNu6t,com.sec.android.app.shealth,ce7cbbe1-6beb-4c8d-992c-556c4a2e1b91,2026-04-19 00:00:00.000,
,,88c3f4ee-1b49-4840-8cc8-ddf768c8aaee.extra_data.json,,0.0,63130130,0.0,1985836,2115.6267,63200010,2026-04-23 03:26:18.773,2026-04-20 03:00:03.046,186.3,487mnSNu6t,com.sec.android.app.shealth,88c3f4ee-1b49-4840-8cc8-ddf768c8aaee,2026-04-20 00:00:00.000,
,,83aef2d1-32bc-436c-a574-28baf092a62b.extra_data.json,,0.0,63130130,0.0,730231,2147.0952,63200010,2026-04-23 03:26:17.990,2026-04-21 03:00:03.147,58.11,487mnSNu6t,com.sec.android.app.shealth,83aef2d1-32bc-436c-a574-28baf092a62b,2026-04-21 00:00:00.000,
,,0b95981e-c1d9-47ba-a68d-d45a0145f2fb.extra_data.json,,0.0,63200010,0.0,2222084,2109.7058,63200010,2026-04-23 03:22:28.402,2026-04-22 03:00:05.940,205.90999,487mnSNu6t,com.sec.android.app.shealth,0b95981e-c1d9-47ba-a68d-d45a0145f2fb,2026-04-22 00:00:00.000,
,,0c78626b-4a9d-4c0b-8887-9ab503679eec.extra_data.json,,0.0,63200010,0.0,2917363,2092.2805,63200010,2026-04-24 03:00:05.121,2026-04-23 03:22:23.218,291.97998,487mnSNu6t,com.sec.android.app.shealth,0c78626b-4a9d-4c0b-8887-9ab503679eec,2026-04-23 00:00:00.000,
,,00eb43ca-960c-438c-907e-02e6303f9121.extra_data.json,,0.0,63200010,0.0,2788598,2095.5076,63200010,2026-04-29 11:59:03.829,2026-04-24 03:00:03.665,260.71,487mnSNu6t,com.sec.android.app.shealth,00eb43ca-960c-438c-907e-02e6303f9121,2026-04-24 00:00:00.000,
,,7d6b34d3-350a-49a7-ac19-97a33fa884da.extra_data.json,,0.0,63200010,0.0,424879,2154.748,63200010,2026-04-26 03:00:05.971,2026-04-25 03:00:02.979,37.409996,487mnSNu6t,com.sec.android.app.shealth,7d6b34d3-350a-49a7-ac19-97a33fa884da,2026-04-25 00:00:00.000,
,,05a53492-2cb5-4245-9e43-05e916f5ce76.extra_data.json,,0.0,63200010,0.0,388861,2155.651,63200010,2026-04-27 03:46:10.819,2026-04-26 03:00:03.880,34.010002,487mnSNu6t,com.sec.android.app.shealth,05a53492-2cb5-4245-9e43-05e916f5ce76,2026-04-26 00:00:00.000,
,,d7206a39-d965-4429-ac4f-ba304e3880bf.extra_data.json,,0.0,63200010,0.0,210772,2160.1143,63200010,2026-04-28 03:00:05.933,2026-04-27 03:46:06.171,15.259999,487mnSNu6t,com.sec.android.app.shealth,d7206a39-d965-4429-ac4f-ba304e3880bf,2026-04-27 00:00:00.000,
,,9684c574-f24f-43b5-ba5a-67ebe05b205a.extra_data.json,,94.0,63200010,0.0,2604462,2100.1223,63200010,2026-04-29 03:00:09.456,2026-04-28 03:00:03.108,137.89,487mnSNu6t,com.sec.android.app.shealth,9684c574-f24f-43b5-ba5a-67ebe05b205a,2026-04-28 00:00:00.000,
,,2cca453a-4759-4b7a-b57b-5b45f54d28eb.extra_data.json,,0.0,63200010,0.0,2146592,2111.598,63200010,2026-04-30 03:00:33.887,2026-04-29 03:00:05.935,139.87997,487mnSNu6t,com.sec.android.app.shealth,2cca453a-4759-4b7a-b57b-5b45f54d28eb,2026-04-29 00:00:00.000,
,,8e2ba8d8-9ed6-4651-ad96-c43cdd92f2a2.extra_data.json,,0.0,63200010,0.0,2898452,2092.7544,63200010,2026-05-01 03:00:12.714,2026-04-30 03:00:32.366,266.22003,487mnSNu6t,com.sec.android.app.shealth,8e2ba8d8-9ed6-4651-ad96-c43cdd92f2a2,2026-04-30 00:00:00.000,
,,b7ce9a07-5b36-496b-8bb0-84e7cb9778b2.extra_data.json,,66.0,63200010,0.0,1989001,2115.5474,63200010,2026-05-02 03:00:02.255,2026-05-01 03:00:01.481,184.13,487mnSNu6t,com.sec.android.app.shealth,b7ce9a07-5b36-496b-8bb0-84e7cb9778b2,2026-05-01 00:00:00.000,
,,4fee31bc-9bbc-421f-853a-2bc0c1d4ee55.extra_data.json,,0.0,63200010,0.0,637652,2149.4158,63200010,2026-05-03 03:00:05.463,2026-05-02 03:00:01.620,55.920002,487mnSNu6t,com.sec.android.app.shealth,4fee31bc-9bbc-421f-853a-2bc0c1d4ee55,2026-05-02 00:00:00.000,
,,5c50da09-7b54-4f12-84c4-d60cac30bac9.extra_data.json,,0.0,63200010,0.0,382191,2155.818,63200010,2026-05-04 03:00:02.267,2026-05-03 03:00:02.764,33.509995,487mnSNu6t,com.sec.android.app.shealth,5c50da09-7b54-4f12-84c4-d60cac30bac9,2026-05-03 00:00:00.000,
,,4e461d50-997d-417a-bc92-5a88201c698f.extra_data.json,,0.0,63200010,0.0,2817708,2094.7778,63200010,2026-05-05 03:00:06.815,2026-05-04 03:00:01.590,215.92996,487mnSNu6t,com.sec.android.app.shealth,4e461d50-997d-417a-bc92-5a88201c698f,2026-05-04 00:00:00.000,
,,7dca8e34-a730-45f8-b759-3eb920f2b1a2.extra_data.json,,0.0,63200010,0.0,660997,2148.8303,63200010,2026-05-06 03:24:04.345,2026-05-05 03:00:05.253,30.769997,487mnSNu6t,com.sec.android.app.shealth,7dca8e34-a730-45f8-b759-3eb920f2b1a2,2026-05-05 00:00:00.000,
,,59a16dc8-018f-4bdc-98ad-82a42aa4d9d4.extra_data.json,,0.0,63200010,0.0,3296077,2082.7888,63200010,2026-05-07 12:54:28.830,2026-05-06 03:23:55.669,222.72993,487mnSNu6t,com.sec.android.app.shealth,59a16dc8-018f-4bdc-98ad-82a42aa4d9d4,2026-05-06 00:00:00.000,
,,445c4012-55d0-4b4d-aaac-441db70b155c.extra_data.json,,0.0,63200010,0.0,4257136,2058.7024,63200010,2026-05-08 10:35:07.070,2026-05-07 03:00:02.862,360.99994,487mnSNu6t,com.sec.android.app.shealth,445c4012-55d0-4b4d-aaac-441db70b155c,2026-05-07 00:00:00.000,
,,3c6a446f-63b7-498d-ad97-1ebcce161a23.extra_data.json,,75.0,63200010,0.0,2585849,2100.5889,63200010,2026-05-09 03:00:08.636,2026-05-08 03:00:05.870,211.62671,487mnSNu6t,com.sec.android.app.shealth,3c6a446f-63b7-498d-ad97-1ebcce161a23,2026-05-08 00:00:00.000,
,,3208ba67-c5ef-4543-a95e-2f7ae6bf6648.extra_data.json,,0.0,63200010,0.0,743438,2146.7642,63200010,2026-05-10 03:00:03.241,2026-05-09 03:00:04.615,65.659996,487mnSNu6t,com.sec.android.app.shealth,3208ba67-c5ef-4543-a95e-2f7ae6bf6648,2026-05-09 00:00:00.000,
,,89cb6e6f-5a9c-44ed-9693-41adcabd2cd8.extra_data.json,,0.0,63200010,0.0,2447770,2104.0496,63200010,2026-05-11 03:00:02.833,2026-05-10 03:00:01.615,221.79001,487mnSNu6t,com.sec.android.app.shealth,89cb6e6f-5a9c-44ed-9693-41adcabd2cd8,2026-05-10 00:00:00.000,
,,41dceb26-83d8-4e59-8f4b-a83c344a82f4.extra_data.json,,0.0,63200010,0.0,747040,2146.674,63200010,2026-05-12 03:00:02.323,2026-05-11 03:00:02.241,65.43,487mnSNu6t,com.sec.android.app.shealth,41dceb26-83d8-4e59-8f4b-a83c344a82f4,2026-05-11 00:00:00.000,
,,7530fe47-ba91-4081-ab87-57be90bd3b3c.extra_data.json,,0.0,63200010,0.0,2897725,2092.7725,63200010,2026-05-13 03:00:02.997,2026-05-12 03:00:01.800,270.68005,487mnSNu6t,com.sec.android.app.shealth,7530fe47-ba91-4081-ab87-57be90bd3b3c,2026-05-12 00:00:00.000,
,,572adff7-824e-4120-8f96-4bfe77ee23f6.extra_data.json,,0.0,63200010,0.0,2449075,2104.0168,63200010,2026-05-14 10:30:05.483,2026-05-13 03:00:02.084,196.33002,487mnSNu6t,com.sec.android.app.shealth,572adff7-824e-4120-8f96-4bfe77ee23f6,2026-05-13 00:00:00.000,
,,ac832306-3430-4e8d-ace9-bf98746962e3.extra_data.json,,0.0,63200010,0.0,2579098,2100.7583,63200010,2026-05-17 17:09:48.943,2026-05-14 03:00:02.513,245.79001,487mnSNu6t,com.sec.android.app.shealth,ac832306-3430-4e8d-ace9-bf98746962e3,2026-05-14 00:00:00.000,
,,4b314652-7e00-4a18-b1aa-a6074f4da966.extra_data.json,,0.0,63200010,0.0,2171512,2110.9731,63200010,2026-05-16 03:00:03.051,2026-05-15 03:02:05.598,202.86003,487mnSNu6t,com.sec.android.app.shealth,4b314652-7e00-4a18-b1aa-a6074f4da966,2026-05-15 00:00:00.000,
,,2e6b8cc1-d683-4a03-9737-7fc3fc443daf.extra_data.json,,0.0,63200010,0.0,618309,2149.9001,63200010,2026-05-17 03:00:01.031,2026-05-16 03:00:02.530,54.13,487mnSNu6t,com.sec.android.app.shealth,2e6b8cc1-d683-4a03-9737-7fc3fc443daf,2026-05-16 00:00:00.000,
,,ce52cf3d-4149-4529-8310-51720654eee4.extra_data.json,,0.0,63200010,0.0,1151301,2136.5422,63200010,2026-05-18 03:00:05.340,2026-05-17 03:00:00.816,119.700005,487mnSNu6t,com.sec.android.app.shealth,ce52cf3d-4149-4529-8310-51720654eee4,2026-05-17 00:00:00.000,
,,b0ccbabe-4042-4b0d-b88d-46eb664f4d88.extra_data.json,,0.0,63200010,0.0,510922,2152.5918,63200010,2026-05-19 03:00:05.323,2026-05-18 03:00:02.652,44.98,487mnSNu6t,com.sec.android.app.shealth,b0ccbabe-4042-4b0d-b88d-46eb664f4d88,2026-05-18 00:00:00.000,
,,0febf4b8-44cc-4488-ba20-8f980b283cb3.extra_data.json,,0.0,63200010,0.0,2499945,2102.742,63200010,2026-05-23 23:19:20.041,2026-05-19 03:00:02.191,238.1,487mnSNu6t,com.sec.android.app.shealth,0febf4b8-44cc-4488-ba20-8f980b283cb3,2026-05-19 00:00:00.000,
,,b6fb02ff-38d1-4225-81d2-2d1334984226.extra_data.json,,0.0,63200010,0.0,2284115,2108.1511,63200010,2026-05-21 03:00:03.242,2026-05-20 03:00:05.443,214.77003,487mnSNu6t,com.sec.android.app.shealth,b6fb02ff-38d1-4225-81d2-2d1334984226,2026-05-20 00:00:00.000,
,,6ad54307-a26f-4c85-8ee7-96c6acf72b70.extra_data.json,,0.0,63200010,0.0,2187193,2110.5803,63200010,2026-05-22 03:00:13.667,2026-05-21 03:00:00.968,204.91995,487mnSNu6t,com.sec.android.app.shealth,6ad54307-a26f-4c85-8ee7-96c6acf72b70,2026-05-21 00:00:00.000,
,,86118108-b552-4f97-b715-562577a275bd.extra_data.json,,0.0,63200010,0.0,2400750,2105.228,63200010,2026-05-23 03:00:04.206,2026-05-22 03:00:11.037,223.63002,487mnSNu6t,com.sec.android.app.shealth,86118108-b552-4f97-b715-562577a275bd,2026-05-22 00:00:00.000,
,,cfd2abd4-3fd2-4599-8be2-08dce0b826f6.extra_data.json,,0.0,63200010,0.0,675399,2148.4695,63200010,2026-05-24 15:12:09.754,2026-05-23 03:00:02.224,57.27999,487mnSNu6t,com.sec.android.app.shealth,cfd2abd4-3fd2-4599-8be2-08dce0b826f6,2026-05-23 00:00:00.000,
,,a7e1003b-cf20-40a8-afb5-7f047bcdd3b6.extra_data.json,,0.0,63200010,0.0,2241439,2109.2207,63200010,2026-05-31 23:17:32.873,2026-05-24 03:00:01.870,174.96,487mnSNu6t,com.sec.android.app.shealth,a7e1003b-cf20-40a8-afb5-7f047bcdd3b6,2026-05-24 00:00:00.000,
,,bc45d9d6-1448-44c8-9793-0b8be7a7e836.extra_data.json,,0.0,63200010,0.0,2214066,2109.9067,63200010,2026-05-31 23:17:32.800,2026-05-25 03:00:05.573,117.080025,487mnSNu6t,com.sec.android.app.shealth,bc45d9d6-1448-44c8-9793-0b8be7a7e836,2026-05-25 00:00:00.000,
,,0b0519ff-8a5f-4949-82f1-d21369a984f5.extra_data.json,,0.0,63200010,0.0,520260,2152.358,63200010,2026-05-27 03:00:04.759,2026-05-26 03:00:00.846,24.359997,487mnSNu6t,com.sec.android.app.shealth,0b0519ff-8a5f-4949-82f1-d21369a984f5,2026-05-26 00:00:00.000,
,,93f2bbe5-0c66-46ed-a925-e05fc27d84c6.extra_data.json,,0.0,63200010,0.0,3096888,2087.781,63200010,2026-05-28 03:00:02.638,2026-05-27 03:00:04.171,150.14,487mnSNu6t,com.sec.android.app.shealth,93f2bbe5-0c66-46ed-a925-e05fc27d84c6,2026-05-27 00:00:00.000,
,,ed7168a1-84fe-487e-9303-18c8857697b5.extra_data.json,,0.0,63200010,0.0,3384942,2080.5618,63200010,2026-05-29 03:00:03.705,2026-05-28 03:00:01.799,320.29004,487mnSNu6t,com.sec.android.app.shealth,ed7168a1-84fe-487e-9303-18c8857697b5,2026-05-28 00:00:00.000,
,,0dfbbf89-ff8a-495a-918f-c3443a875555.extra_data.json,,0.0,63200010,0.0,2654270,2098.874,63200010,2026-05-30 03:00:03.270,2026-05-29 03:00:02.821,245.81993,487mnSNu6t,com.sec.android.app.shealth,0dfbbf89-ff8a-495a-918f-c3443a875555,2026-05-29 00:00:00.000,
,,95229c25-82ca-4a83-87b8-ab21b7f74982.extra_data.json,,0.0,63200010,0.0,820380,2144.836,63200010,2026-05-31 03:00:05.074,2026-05-30 03:00:02.693,72.45,487mnSNu6t,com.sec.android.app.shealth,95229c25-82ca-4a83-87b8-ab21b7f74982,2026-05-30 00:00:00.000,
,,51321d9b-ddae-47d8-8eb4-3048f013b4d7.extra_data.json,,0.0,63200010,0.0,1220873,2134.7986,63200010,2026-06-01 10:30:14.499,2026-05-31 03:00:01.341,102.43,487mnSNu6t,com.sec.android.app.shealth,51321d9b-ddae-47d8-8eb4-3048f013b4d7,2026-05-31 00:00:00.000,
,,272ba4f2-003b-406f-aa54-3ca1b668764c.extra_data.json,,0.0,63200010,0.0,3291646,2082.9,63200010,2026-06-02 11:51:08.721,2026-06-01 03:00:01.969,264.17996,487mnSNu6t,com.sec.android.app.shealth,272ba4f2-003b-406f-aa54-3ca1b668764c,2026-06-01 00:00:00.000,
,,41f0d1a1-082d-4fb2-bb1f-b2a9651099f8.extra_data.json,,0.0,63200010,0.0,2670676,2098.4631,63200010,2026-06-03 03:00:08.831,2026-06-02 03:00:07.864,151.95996,487mnSNu6t,com.sec.android.app.shealth,41f0d1a1-082d-4fb2-bb1f-b2a9651099f8,2026-06-02 00:00:00.000,
,,7d77ac32-3383-465d-9075-b0aab3b700e7.extra_data.json,,0.0,63200010,0.0,658966,2148.8813,63200010,2026-06-04 14:52:32.570,2026-06-03 03:00:06.979,58.38,487mnSNu6t,com.sec.android.app.shealth,7d77ac32-3383-465d-9075-b0aab3b700e7,2026-06-03 00:00:00.000,
,,77039e1e-0c95-4149-98ad-ce845b2afdfe.extra_data.json,,0.0,63200010,0.0,1464031,2128.7043,63200010,2026-06-05 03:00:02.221,2026-06-04 03:34:03.539,128.55002,487mnSNu6t,com.sec.android.app.shealth,77039e1e-0c95-4149-98ad-ce845b2afdfe,2026-06-04 00:00:00.000,
,,b04ebc32-9362-40fe-a7cd-ed0f19218ff7.extra_data.json,,0.0,63200010,0.0,909121,2142.6118,63200010,2026-06-06 03:00:08.824,2026-06-05 03:00:01.170,42.710007,487mnSNu6t,com.sec.android.app.shealth,b04ebc32-9362-40fe-a7cd-ed0f19218ff7,2026-06-05 00:00:00.000,
,,ee30329a-3cf5-4e75-98ea-42c1cba1d82a.extra_data.json,,0.0,63200010,0.0,3033006,2089.382,63200010,2026-06-07 03:00:05.015,2026-06-06 03:00:07.463,146.04996,487mnSNu6t,com.sec.android.app.shealth,ee30329a-3cf5-4e75-98ea-42c1cba1d82a,2026-06-06 00:00:00.000,
,,4b440377-561f-4ba4-8364-68b6c2d0ac3c.extra_data.json,,0.0,63200010,0.0,1165508,2136.1863,63200010,2026-06-08 03:10:03.278,2026-06-07 03:00:02.638,96.54001,487mnSNu6t,com.sec.android.app.shealth,4b440377-561f-4ba4-8364-68b6c2d0ac3c,2026-06-07 00:00:00.000,
,,4d6d30fa-d1bb-4d78-976e-aa53bc7bea30.extra_data.json,,0.0,63200010,0.0,3279718,2083.1987,63200010,2026-06-09 03:00:06.592,2026-06-08 03:09:59.001,266.02,487mnSNu6t,com.sec.android.app.shealth,4d6d30fa-d1bb-4d78-976e-aa53bc7bea30,2026-06-08 00:00:00.000,
,,5f779254-f78f-4780-9b69-4d68ef94b4d2.extra_data.json,,0.0,63200010,0.0,465566,2153.7285,63200010,2026-06-10 03:00:08.612,2026-06-09 03:00:03.368,21.86,487mnSNu6t,com.sec.android.app.shealth,5f779254-f78f-4780-9b69-4d68ef94b4d2,2026-06-09 00:00:00.000,
,,78c19f1e-fd92-4413-9758-df9b82ee0e95.extra_data.json,,0.0,63200010,0.0,2175180,2110.881,63200010,2026-06-11 03:00:04.788,2026-06-10 03:00:07.151,170.48,487mnSNu6t,com.sec.android.app.shealth,78c19f1e-fd92-4413-9758-df9b82ee0e95,2026-06-10 00:00:00.000,
,,8d8d6d0f-1195-4cef-b6fe-d54a067a0372.extra_data.json,,0.0,63200010,0.0,477566,2153.4277,63200010,2026-06-17 11:47:18.820,2026-06-11 03:00:02.571,44.03,487mnSNu6t,com.sec.android.app.shealth,8d8d6d0f-1195-4cef-b6fe-d54a067a0372,2026-06-11 00:00:00.000,
,,f63f2041-00e9-4057-a729-6fe75c955895.extra_data.json,,0.0,63200010,0.0,2165329,2111.1282,63200010,2026-06-13 03:00:15.224,2026-06-12 03:00:02.365,206.7,487mnSNu6t,com.sec.android.app.shealth,f63f2041-00e9-4057-a729-6fe75c955895,2026-06-12 00:00:00.000,
,,15241016-4553-4a1d-87cf-baec4d6ac0d7.extra_data.json,,0.0,63200010,0.0,1010445,2140.0723,63200010,2026-06-14 03:00:01.830,2026-06-13 03:00:14.051,92.07,487mnSNu6t,com.sec.android.app.shealth,15241016-4553-4a1d-87cf-baec4d6ac0d7,2026-06-13 00:00:00.000,
,,820b13b1-1cfa-4d62-92f3-6a0150a812a0.extra_data.json,,0.0,63200010,0.0,224779,2159.7632,63200010,2026-06-15 03:00:03.221,2026-06-14 03:00:01.604,19.87,487mnSNu6t,com.sec.android.app.shealth,820b13b1-1cfa-4d62-92f3-6a0150a812a0,2026-06-14 00:00:00.000,
,,b3e0f4ef-0911-45e1-9848-86cf625e8d27.extra_data.json,,0.0,63200010,0.0,2473483,2103.4053,63200010,2026-06-16 03:00:03.000,2026-06-15 03:00:02.460,231.68999,487mnSNu6t,com.sec.android.app.shealth,b3e0f4ef-0911-45e1-9848-86cf625e8d27,2026-06-15 00:00:00.000,
,,e524d924-7c3b-4d03-b576-a1351cc38b80.extra_data.json,,0.0,63200010,0.0,981157,2140.8064,63200010,2026-06-17 03:00:02.212,2026-06-16 03:00:02.005,85.99999,487mnSNu6t,com.sec.android.app.shealth,e524d924-7c3b-4d03-b576-a1351cc38b80,2026-06-16 00:00:00.000,
,,e1264bbf-1af5-4041-88a0-e1e3ad9c5109.extra_data.json,,0.0,63200010,0.0,2601704,2100.1917,63200010,2026-06-18 03:00:04.938,2026-06-17 03:00:01.656,246.41005,487mnSNu6t,com.sec.android.app.shealth,e1264bbf-1af5-4041-88a0-e1e3ad9c5109,2026-06-17 00:00:00.000,
,,ac15aad8-4b87-48e1-be8d-29b2ccc4ebb0.extra_data.json,,82.0,63200010,0.0,3090809,2087.9333,63200010,2026-06-22 23:48:56.752,2026-06-18 03:00:02.759,318.67523,487mnSNu6t,com.sec.android.app.shealth,ac15aad8-4b87-48e1-be8d-29b2ccc4ebb0,2026-06-18 00:00:00.000,
,,8c842d83-541e-497a-a789-8bc13aa6fab6.extra_data.json,,0.0,63200010,0.0,2559586,2101.2473,63200010,2026-06-20 03:00:22.481,2026-06-19 03:00:04.059,239.92995,487mnSNu6t,com.sec.android.app.shealth,8c842d83-541e-497a-a789-8bc13aa6fab6,2026-06-19 00:00:00.000,
,,e3929d31-201f-4abe-9674-ee774c288b62.extra_data.json,,0.0,63200010,0.0,708354,2147.6436,63200010,2026-06-21 03:00:05.425,2026-06-20 03:00:20.652,62.03999,487mnSNu6t,com.sec.android.app.shealth,e3929d31-201f-4abe-9674-ee774c288b62,2026-06-20 00:00:00.000,
,,55323aeb-2ed2-471c-95d7-ab448862487f.extra_data.json,,68.0,63200010,0.0,3026144,2089.554,63200010,2026-06-22 03:00:11.186,2026-06-21 03:00:03.960,297.474,487mnSNu6t,com.sec.android.app.shealth,55323aeb-2ed2-471c-95d7-ab448862487f,2026-06-21 00:00:00.000,
,,2938a97c-ba4d-4f75-b923-e3e6c7e30a70.extra_data.json,,0.0,63200010,0.0,1067867,2138.6333,63200010,2026-06-23 03:31:13.120,2026-06-22 03:00:02.692,92.920006,487mnSNu6t,com.sec.android.app.shealth,2938a97c-ba4d-4f75-b923-e3e6c7e30a70,2026-06-22 00:00:00.000,
,,1b1bf9b0-2909-4843-8679-04c9f3fa759e.extra_data.json,,0.0,63200010,0.0,2507487,2102.553,63200010,2026-06-24 03:00:05.577,2026-06-23 03:31:12.018,183.62,487mnSNu6t,com.sec.android.app.shealth,1b1bf9b0-2909-4843-8679-04c9f3fa759e,2026-06-23 00:00:00.000,
,,572a9e5b-a6c5-4696-861e-ed33b021bb6d.extra_data.json,,0.0,63200010,0.0,2125233,2112.133,63200010,2026-06-25 03:00:05.436,2026-06-24 03:00:03.935,151.37999,487mnSNu6t,com.sec.android.app.shealth,572a9e5b-a6c5-4696-861e-ed33b021bb6d,2026-06-24 00:00:00.000,
,,bcb5d507-9832-48aa-8f52-f04b446bd2ab.extra_data.json,,0.0,63200010,0.0,2330508,2106.9883,63200010,2026-06-26 03:00:09.242,2026-06-25 03:00:03.151,217.66003,487mnSNu6t,com.sec.android.app.shealth,bcb5d507-9832-48aa-8f52-f04b446bd2ab,2026-06-25 00:00:00.000,
,,82486fc3-3eba-4d55-8b3d-061967c9f5b6.extra_data.json,,0.0,63200010,0.0,2420363,2104.7366,63200010,2026-06-27 03:51:15.886,2026-06-26 03:00:02.519,220.71,487mnSNu6t,com.sec.android.app.shealth,82486fc3-3eba-4d55-8b3d-061967c9f5b6,2026-06-26 00:00:00.000,
,,9ac7652a-dd06-45c6-88da-728ba465cdab.extra_data.json,,0.0,63200010,0.0,1215941,2134.922,63200010,2026-06-28 03:00:15.270,2026-06-27 03:42:51.940,107.66998,487mnSNu6t,com.sec.android.app.shealth,9ac7652a-dd06-45c6-88da-728ba465cdab,2026-06-27 00:00:00.000,
,,2c451515-823e-48c3-800c-7844fdc6419e.extra_data.json,,0.0,63200010,0.0,3208487,2084.9841,63200010,2026-06-29 03:00:25.482,2026-06-28 03:00:04.009,296.13004,487mnSNu6t,com.sec.android.app.shealth,2c451515-823e-48c3-800c-7844fdc6419e,2026-06-28 00:00:00.000,
,,32b2ac8d-8cf3-45ae-82c0-0e219d1413b2.extra_data.json,,0.0,63200010,0.0,615641,2149.9673,63200010,2026-06-30 03:00:02.863,2026-06-29 03:00:03.138,54.2,487mnSNu6t,com.sec.android.app.shealth,32b2ac8d-8cf3-45ae-82c0-0e219d1413b2,2026-06-29 00:00:00.000,
,,17bc73e3-979b-4781-9104-c044469c5469.extra_data.json,,0.0,63200010,0.0,2922771,2092.145,63200010,2026-07-01 03:00:06.082,2026-06-30 03:00:01.466,275.93,487mnSNu6t,com.sec.android.app.shealth,17bc73e3-979b-4781-9104-c044469c5469,2026-06-30 00:00:00.000,
,,4d62375b-b6fa-4196-8a7e-a34df1653851.extra_data.json,,0.0,63200010,0.0,2856978,2093.794,70001070,2026-07-02 03:00:15.315,2026-07-01 03:00:02.567,267.6,487mnSNu6t,com.sec.android.app.shealth,4d62375b-b6fa-4196-8a7e-a34df1653851,2026-07-01 00:00:00.000,
,,cdd195b9-f914-44e3-877f-ab0a61ea9ad2.extra_data.json,,0.0,70001070,0.0,2432946,2104.4211,70001070,2026-07-03 03:00:04.747,2026-07-02 03:00:02.186,222.95001,487mnSNu6t,com.sec.android.app.shealth,cdd195b9-f914-44e3-877f-ab0a61ea9ad2,2026-07-02 00:00:00.000,
,,f7f0f695-1459-422d-a0e5-6c08b0d4a72b.extra_data.json,,0.0,70001070,0.0,422878,2154.7983,70001070,2026-07-04 03:00:09.771,2026-07-03 03:00:03.524,37.069996,487mnSNu6t,com.sec.android.app.shealth,f7f0f695-1459-422d-a0e5-6c08b0d4a72b,2026-07-03 00:00:00.000,
,,98442aa7-3e31-4b57-ba9c-730ec2be88a3.extra_data.json,,0.0,70001070,0.0,1315871,2132.4177,70001070,2026-07-05 03:00:02.754,2026-07-04 03:00:02.814,120.80002,487mnSNu6t,com.sec.android.app.shealth,98442aa7-3e31-4b57-ba9c-730ec2be88a3,2026-07-04 00:00:00.000,
,,af0bb038-2800-434b-92ea-fe1e409a7f7e.extra_data.json,,0.0,70001070,0.0,1726321,2122.1309,70001070,2026-07-06 12:05:25.186,2026-07-05 03:00:01.553,140.65,487mnSNu6t,com.sec.android.app.shealth,af0bb038-2800-434b-92ea-fe1e409a7f7e,2026-07-05 00:00:00.000,
,,f84fabec-f1e9-4afb-9254-4c20d366e949.extra_data.json,,554.0,70001070,0.0,5749540,2021.2992,70001070,2026-07-07 03:00:05.233,2026-07-06 03:17:22.069,670.84814,487mnSNu6t,com.sec.android.app.shealth,f84fabec-f1e9-4afb-9254-4c20d366e949,2026-07-06 00:00:00.000,
,,d0a3fccb-9bc8-4c01-b092-d0b450c53d17.extra_data.json,,705.0,70001070,0.0,7411931,1979.6355,70001070,2026-07-08 12:30:12.087,2026-07-07 03:00:02.016,850.97095,487mnSNu6t,com.sec.android.app.shealth,d0a3fccb-9bc8-4c01-b092-d0b450c53d17,2026-07-07 00:00:00.000,
,,81ed5304-3623-4943-808e-99887d9085c4.extra_data.json,,963.0,70001070,0.0,7838534,1968.9437,70001070,2026-07-09 12:55:03.302,2026-07-08 03:00:03.161,1079.9874,487mnSNu6t,com.sec.android.app.shealth,81ed5304-3623-4943-808e-99887d9085c4,2026-07-08 00:00:00.000,
,,e62c2b99-20a1-4c0c-81e2-a04427619f41.extra_data.json,,0.0,70001070,0.0,2310197,2107.4973,70001070,2026-07-10 08:57:40.233,2026-07-09 03:00:02.704,213.59998,487mnSNu6t,com.sec.android.app.shealth,e62c2b99-20a1-4c0c-81e2-a04427619f41,2026-07-09 00:00:00.000,
,,e204fd47-8186-46ad-8c28-741ae168914b.extra_data.json,,364.0,70001070,0.0,4713204,2047.2723,70001070,2026-07-11 03:00:04.171,2026-07-10 03:00:01.911,513.69885,487mnSNu6t,com.sec.android.app.shealth,e204fd47-8186-46ad-8c28-741ae168914b,2026-07-10 00:00:00.000,
,,8c3c5723-19a2-4a03-8906-73fa83b2e0aa.extra_data.json,,913.0,70001070,0.0,8535024,1951.4879,70001070,2026-07-12 03:00:29.898,2026-07-11 03:00:02.749,1077.1063,487mnSNu6t,com.sec.android.app.shealth,8c3c5723-19a2-4a03-8906-73fa83b2e0aa,2026-07-11 00:00:00.000,
,,28d35089-9d0d-4e69-950e-7fad51b3a8a3.extra_data.json,,0.0,70001070,0.0,1868784,2118.5603,70050090,2026-07-13 10:13:54.432,2026-07-12 03:00:01.414,171.76001,487mnSNu6t,com.sec.android.app.shealth,28d35089-9d0d-4e69-950e-7fad51b3a8a3,2026-07-12 00:00:00.000,
,,4c7d1bee-db47-4a7e-8dd4-4351f9f82319.extra_data.json,,1010.0,70001070,0.0,10060869,1913.2465,70050090,2026-07-15 00:33:38.708,2026-07-13 03:00:03.752,1273.4884,487mnSNu6t,com.sec.android.app.shealth,4c7d1bee-db47-4a7e-8dd4-4351f9f82319,2026-07-13 00:00:00.000,
,,6f1432ee-c1f6-47cc-9765-e613722ceb9f.extra_data.json,,0.0,70050090,0.0,1638640,2124.3284,70050090,2026-07-15 08:29:17.271,2026-07-14 03:00:00.606,162.87,487mnSNu6t,com.sec.android.app.shealth,6f1432ee-c1f6-47cc-9765-e613722ceb9f,2026-07-14 00:00:00.000,
,,ef8140f7-95ea-4264-81ed-80086725a6cb.extra_data.json,,0.0,70050090,0.0,1877063,2118.3528,70050090,2026-07-17 16:34:16.943,2026-07-15 03:00:05.050,165.86003,487mnSNu6t,com.sec.android.app.shealth,ef8140f7-95ea-4264-81ed-80086725a6cb,2026-07-15 00:00:00.000,
,,34459204-7f0a-469e-89d7-02e44e6035c3.extra_data.json,,0.0,70050090,0.0,136068,2161.9866,70050090,2026-07-17 03:03:30.924,2026-07-16 03:00:02.475,11.949999,487mnSNu6t,com.sec.android.app.shealth,34459204-7f0a-469e-89d7-02e44e6035c3,2026-07-16 00:00:00.000,
,,126d17e4-85d4-4c15-a35f-adaf3077104e.extra_data.json,,0.0,70050090,0.0,2929028,2091.988,70050090,2026-07-18 03:36:50.287,2026-07-17 03:03:28.090,230.34003,487mnSNu6t,com.sec.android.app.shealth,126d17e4-85d4-4c15-a35f-adaf3077104e,2026-07-17 00:00:00.000,
,,efbf99e3-aea8-40c7-8be7-7fe1335bc1ce.extra_data.json,,668.0,70050090,0.0,8839352,1943.8607,70050090,2026-07-19 12:24:45.379,2026-07-18 03:36:48.540,934.0491,487mnSNu6t,com.sec.android.app.shealth,efbf99e3-aea8-40c7-8be7-7fe1335bc1ce,2026-07-18 00:00:00.000,
,,cdd20033-2aad-4284-bef1-3235a7c5747f.extra_data.json,,328.0,70050090,0.0,6878667,1993.0005,70050090,2026-07-20 12:18:56.891,2026-07-19 03:00:00.713,675.93555,487mnSNu6t,com.sec.android.app.shealth,cdd20033-2aad-4284-bef1-3235a7c5747f,2026-07-19 00:00:00.000,
,,2875bed6-65c9-4399-9b1d-4391d5d33e28.extra_data.json,,0.0,70050090,0.0,461922,2153.8198,70050090,2026-07-21 03:21:27.860,2026-07-20 04:28:32.300,53.76001,487mnSNu6t,com.sec.android.app.shealth,2875bed6-65c9-4399-9b1d-4391d5d33e28,2026-07-20 00:00:00.000,
,,a4551bd7-63b4-4df1-8a95-d130c2960c93.extra_data.json,,0.0,70050090,0.0,1914292,2117.42,70050090,2026-07-22 11:40:27.824,2026-07-21 03:21:19.298,192.71994,487mnSNu6t,com.sec.android.app.shealth,a4551bd7-63b4-4df1-8a95-d130c2960c93,2026-07-21 00:00:00.000,
,,5603dc7b-36b2-4386-bac6-d454dc981c04.extra_data.json,,0.0,70050090,0.0,970882,2141.064,70050090,2026-07-23 03:00:43.424,2026-07-22 03:00:20.001,52.75999,487mnSNu6t,com.sec.android.app.shealth,5603dc7b-36b2-4386-bac6-d454dc981c04,2026-07-22 00:00:00.000,
,,7d93baf2-0ff8-4e83-aade-867485bb53dc.extra_data.json,,888.0,70050090,0.0,7139036,1986.4747,70050090,2026-07-24 03:00:04.515,2026-07-23 03:00:41.577,951.25397,487mnSNu6t,com.sec.android.app.shealth,7d93baf2-0ff8-4e83-aade-867485bb53dc,2026-07-23 00:00:00.000,
,,6b79c3d1-6d6f-44b1-a42a-4c1417bce2e7.extra_data.json,,590.0,70050090,0.0,5764149,2020.9329,70050090,2026-07-25 20:47:03.079,2026-07-24 03:00:01.580,693.2739,487mnSNu6t,com.sec.android.app.shealth,6b79c3d1-6d6f-44b1-a42a-4c1417bce2e7,2026-07-24 00:00:00.000,
,,4cdbf243-5a52-4ef6-9b00-8fab087ee72b.extra_data.json,,0.0,70050090,0.0,3023784,2089.6133,70050090,2026-07-26 13:58:42.719,2026-07-25 03:00:01.925,216.93997,487mnSNu6t,com.sec.android.app.shealth,4cdbf243-5a52-4ef6-9b00-8fab087ee72b,2026-07-25 00:00:00.000,
,,b7ab2f31-09f3-45fb-84c0-736ef0d22774.extra_data.json,,319.0,70050090,0.0,4692034,2047.8029,70050090,2026-07-27 18:14:30.584,2026-07-26 03:51:27.670,515.89087,487mnSNu6t,com.sec.android.app.shealth,b7ab2f31-09f3-45fb-84c0-736ef0d22774,2026-07-26 00:00:00.000,
,,b750fefa-de73-474a-8c12-db0d7548a872.extra_data.json,,890.0,70050090,0.0,7570014,1975.6735,70050090,2026-07-28 03:00:08.538,2026-07-27 03:00:03.959,978.675,487mnSNu6t,com.sec.android.app.shealth,b750fefa-de73-474a-8c12-db0d7548a872,2026-07-27 00:00:00.000,
,,70179c6f-f4cf-456b-9ee5-e7d9916648fd.extra_data.json,,43.0,70050090,0.0,5329575,2031.8243,70050090,2026-07-29 11:44:46.129,2026-07-28 03:00:03.151,350.40955,487mnSNu6t,com.sec.android.app.shealth,70179c6f-f4cf-456b-9ee5-e7d9916648fd,2026-07-28 00:00:00.000,
,,7a60f30e-ef40-40fb-b7ec-80fad7014a87.extra_data.json,,545.0,70050090,0.0,7038403,1988.9971,70050090,2026-07-30 09:55:46.485,2026-07-29 03:00:02.905,774.92004,487mnSNu6t,com.sec.android.app.shealth,7a60f30e-ef40-40fb-b7ec-80fad7014a87,2026-07-29 00:00:00.000,
,,0f619efb-a023-489a-a5a1-d7870d265c40.extra_data.json,,0.0,70050090,0.0,3055681,2088.8137,70050090,2026-08-01 16:33:40.968,2026-07-30 03:05:17.294,290.18,487mnSNu6t,com.sec.android.app.shealth,0f619efb-a023-489a-a5a1-d7870d265c40,2026-07-30 00:00:00.000,
,,8af1a3c4-21fe-41fe-960a-e05143e550cc.extra_data.json,,0.0,70050090,0.0,2560890,2101.2146,70050090,2026-08-01 03:06:54.431,2026-07-31 03:00:02.108,235.95003,487mnSNu6t,com.sec.android.app.shealth,8af1a3c4-21fe-41fe-960a-e05143e550cc,2026-07-31 00:00:00.000,
,,6b6ff2bb-d6b0-4a36-a9f5-e026b8193576.extra_data.json,,0.0,70050090,0.0,2731440,2096.9402,70050090,2026-08-02 06:45:55.590,2026-08-01 03:06:51.660,242.75998,487mnSNu6t,com.sec.android.app.shealth,6b6ff2bb-d6b0-4a36-a9f5-e026b8193576,2026-08-01 00:00:00.000,
,,b6bc423d-a9e1-4fd0-96bc-0f39f86549c8.extra_data.json,,93.0,70050090,0.0,2946427,2091.552,70060030,2026-08-04 20:53:25.927,2026-08-02 03:21:10.587,277.51932,487mnSNu6t,com.sec.android.app.shealth,b6bc423d-a9e1-4fd0-96bc-0f39f86549c8,2026-08-02 00:00:00.000,
,,360f4854-22d9-4a83-bf69-4ae98e371500.extra_data.json,,0.0,70060030,0.0,2918372,2092.2551,70060030,2026-08-04 03:00:02.696,2026-08-03 03:35:35.643,140.32,487mnSNu6t,com.sec.android.app.shealth,360f4854-22d9-4a83-bf69-4ae98e371500,2026-08-03 00:00:00.000,
,,1d920f68-502c-4d51-97a4-743c00c20803.extra_data.json,,707.0,70060030,0.0,7755022,1971.0367,70060030,2026-08-05 11:55:13.081,2026-08-04 03:00:01.384,924.2922,487mnSNu6t,com.sec.android.app.shealth,1d920f68-502c-4d51-97a4-743c00c20803,2026-08-04 00:00:00.000,
,,d61a2139-e11c-43a2-b3d9-b94aa3d7cd49.extra_data.json,,0.0,70060030,0.0,3375898,2080.7883,70060030,2026-08-06 10:45:51.829,2026-08-05 03:00:03.280,275.51004,487mnSNu6t,com.sec.android.app.shealth,d61a2139-e11c-43a2-b3d9-b94aa3d7cd49,2026-08-05 00:00:00.000,
,,1ef7e3c6-b6f5-45cf-9ce6-f9ce8e4e7af8.extra_data.json,,0.0,70060030,0.0,3325185,2082.0593,70060030,2026-08-07 03:03:51.974,2026-08-06 03:00:01.949,325.69003,487mnSNu6t,com.sec.android.app.shealth,1ef7e3c6-b6f5-45cf-9ce6-f9ce8e4e7af8,2026-08-06 00:00:00.000,
,,a076d853-4d72-4003-9a9f-bc05a805a11c.extra_data.json,,1017.0,70060030,0.0,8964456,1940.7253,70060030,2026-08-08 04:14:00.554,2026-08-07 03:03:50.527,1260.2236,487mnSNu6t,com.sec.android.app.shealth,a076d853-4d72-4003-9a9f-bc05a805a11c,2026-08-07 00:00:00.000,
,,0196c2be-78ff-4329-9540-068a0d4319f4.extra_data.json,,351.0,70060030,0.0,5921104,2016.9993,70060030,2026-08-10 03:28:11.760,2026-08-08 03:00:01.509,693.76074,487mnSNu6t,com.sec.android.app.shealth,0196c2be-78ff-4329-9540-068a0d4319f4,2026-08-08 00:00:00.000,
,,c9b3d891-d646-4d1d-b0a7-b363a7e3e74d.extra_data.json,,0.0,70060030,0.0,1758152,2121.333,70060030,2026-08-10 03:27:52.798,2026-08-09 03:00:01.694,156.72998,487mnSNu6t,com.sec.android.app.shealth,c9b3d891-d646-4d1d-b0a7-b363a7e3e74d,2026-08-09 00:00:00.000,
,,748922ea-6f35-421b-bbdd-b6b9b7be60e8.extra_data.json,,516.0,70060030,0.0,5104516,2037.4651,70060030,2026-08-11 10:21:33.294,2026-08-10 03:27:50.383,624.4906,487mnSNu6t,com.sec.android.app.shealth,748922ea-6f35-421b-bbdd-b6b9b7be60e8,2026-08-10 00:00:00.000,
,,7e7af732-a91e-461e-b91d-29537b2f6b69.extra_data.json,,0.0,70060030,0.0,2691747,2097.935,70060030,2026-08-12 03:02:39.212,2026-08-11 03:05:42.136,255.97002,487mnSNu6t,com.sec.android.app.shealth,7e7af732-a91e-461e-b91d-29537b2f6b69,2026-08-11 00:00:00.000,
,,f8681e4e-f645-4706-812c-8db4936e3357.extra_data.json,,484.0,70060030,0.0,6989625,1990.2195,70060030,2026-08-13 03:00:04.484,2026-08-12 03:02:35.185,826.5242,487mnSNu6t,com.sec.android.app.shealth,f8681e4e-f645-4706-812c-8db4936e3357,2026-08-12 00:00:00.000,
,,1d9fd315-8dfb-4f7d-9ccb-2eca9ea9a98d.extra_data.json,,88.0,70060030,0.0,3370560,2080.922,70060030,2026-08-14 14:35:56.834,2026-08-13 03:00:01.978,336.11038,487mnSNu6t,com.sec.android.app.shealth,1d9fd315-8dfb-4f7d-9ccb-2eca9ea9a98d,2026-08-13 00:00:00.000,
,,8d82c64e-4bea-4607-897a-8c50c81a15bb.extra_data.json,,773.0,70060030,0.0,8447952,1953.6702,70060030,2026-08-15 03:04:18.884,2026-08-14 03:00:02.062,1070.2808,487mnSNu6t,com.sec.android.app.shealth,8d82c64e-4bea-4607-897a-8c50c81a15bb,2026-08-14 00:00:00.000,
,,77747cfd-6506-49b2-8a50-2ee67ac31ae8.extra_data.json,,0.0,70060030,0.0,1086779,2138.1594,70060030,2026-08-16 03:12:34.107,2026-08-15 03:04:15.009,96.189995,487mnSNu6t,com.sec.android.app.shealth,77747cfd-6506-49b2-8a50-2ee67ac31ae8,2026-08-15 00:00:00.000,
,,a424e246-73fd-419f-bf3a-b6f75125a7f9.extra_data.json,,0.0,70060030,0.0,1632606,2124.4795,70060030,2026-08-17 10:33:49.510,2026-08-16 03:12:33.172,147.14001,487mnSNu6t,com.sec.android.app.shealth,a424e246-73fd-419f-bf3a-b6f75125a7f9,2026-08-16 00:00:00.000,
,,9c476f76-af62-4bb6-8ccb-efe3a2bc80cb.extra_data.json,,0.0,70060030,0.0,3377468,2080.749,70060030,2026-08-18 15:04:25.993,2026-08-17 04:08:57.135,316.81995,487mnSNu6t,com.sec.android.app.shealth,9c476f76-af62-4bb6-8ccb-efe3a2bc80cb,2026-08-17 00:00:00.000,
,,30452ec6-dbcd-4c67-976d-bd8390ec0e99.extra_data.json,,1050.0,70060030,0.0,8419675,1954.379,70060030,2026-08-19 10:35:53.922,2026-08-18 03:00:02.716,1193.1178,487mnSNu6t,com.sec.android.app.shealth,30452ec6-dbcd-4c67-976d-bd8390ec0e99,2026-08-18 00:00:00.000,
,,fdc2e124-0419-46a5-94fe-3ab4f58bc522.extra_data.json,,114.0,70060030,0.0,4630394,2049.3477,70060030,2026-08-20 03:00:07.999,2026-08-19 03:23:16.960,478.05777,487mnSNu6t,com.sec.android.app.shealth,fdc2e124-0419-46a5-94fe-3ab4f58bc522,2026-08-19 00:00:00.000,
,,f1edba58-e572-4356-9a34-b4bf953ed1ae.extra_data.json,,0.0,70060030,0.0,2741747,2096.682,70060030,2026-08-21 03:03:42.722,2026-08-20 03:00:01.366,273.16998,487mnSNu6t,com.sec.android.app.shealth,f1edba58-e572-4356-9a34-b4bf953ed1ae,2026-08-20 00:00:00.000,
,,436521c9-12a8-4c0b-bfa4-a805fd321de6.extra_data.json,,0.0,70060030,0.0,764382,2146.2393,70060030,2026-08-22 03:17:14.967,2026-08-21 03:03:37.642,66.94999,487mnSNu6t,com.sec.android.app.shealth,436521c9-12a8-4c0b-bfa4-a805fd321de6,2026-08-21 00:00:00.000,
,,2699226f-b63b-48ed-8182-b2f94002a942.extra_data.json,,71.0,70060030,0.0,1840293,2119.2744,70060030,2026-08-23 03:00:07.549,2026-08-22 03:17:10.002,172.936,487mnSNu6t,com.sec.android.app.shealth,2699226f-b63b-48ed-8182-b2f94002a942,2026-08-22 00:00:00.000,
,,12a9e635-4869-4aea-a36d-94b135aa78e6.extra_data.json,,0.0,70060030,0.0,1611409,2125.0107,70060030,2026-08-24 10:32:37.889,2026-08-23 03:00:06.262,156.19,487mnSNu6t,com.sec.android.app.shealth,12a9e635-4869-4aea-a36d-94b135aa78e6,2026-08-23 00:00:00.000,
,,33505955-b400-4442-88ca-aefd44d11f2d.extra_data.json,,0.0,70060030,0.0,3530126,2076.923,70060030,2026-08-25 03:07:38.626,2026-08-24 03:07:45.252,343.66003,487mnSNu6t,com.sec.android.app.shealth,33505955-b400-4442-88ca-aefd44d11f2d,2026-08-24 00:00:00.000,
,,7cce1adb-1cc5-4702-a5d2-3ec12b3bb108.extra_data.json,,0.0,70060030,0.0,2439136,2104.2659,70060030,2026-08-26 03:03:35.488,2026-08-25 03:07:37.201,261.11,487mnSNu6t,com.sec.android.app.shealth,7cce1adb-1cc5-4702-a5d2-3ec12b3bb108,2026-08-25 00:00:00.000,
,,174fea5f-7a14-4dee-941a-ff45145a844b.extra_data.json,,487.0,70060030,0.0,6015920,2014.6229,70060030,2026-08-27 11:49:56.603,2026-08-26 03:03:34.170,741.4591,487mnSNu6t,com.sec.android.app.shealth,174fea5f-7a14-4dee-941a-ff45145a844b,2026-08-26 00:00:00.000,
,,76c96195-8eff-422f-b9e2-7e6622b2c981.extra_data.json,,0.0,70060030,0.0,2729920,2096.9783,70060030,2026-08-28 03:00:03.561,2026-08-27 04:17:56.818,259.3099,487mnSNu6t,com.sec.android.app.shealth,76c96195-8eff-422f-b9e2-7e6622b2c981,2026-08-27 00:00:00.000,
,,f927be6a-cf68-4757-ade8-5bd905e4b1c5.extra_data.json,,0.0,70060030,0.0,2900790,2092.6958,70060030,2026-08-29 03:10:31.790,2026-08-28 03:00:01.785,271.20996,487mnSNu6t,com.sec.android.app.shealth,f927be6a-cf68-4757-ade8-5bd905e4b1c5,2026-08-28 00:00:00.000,
,,512aebde-2d2a-47f4-a0ef-36002c215611.extra_data.json,,63.0,70060030,0.0,2132975,2111.939,70060030,2026-08-30 03:00:02.779,2026-08-29 03:10:28.581,206.55333,487mnSNu6t,com.sec.android.app.shealth,512aebde-2d2a-47f4-a0ef-36002c215611,2026-08-29 00:00:00.000,
,,b2970531-694a-4eb5-8425-63ad8c2a7385.extra_data.json,,0.0,70060030,0.0,1506832,2127.6318,70060030,2026-08-31 10:31:23.051,2026-08-30 03:00:02.126,142.79997,487mnSNu6t,com.sec.android.app.shealth,b2970531-694a-4eb5-8425-63ad8c2a7385,2026-08-30 00:00:00.000,
,,8d14ce99-aad1-4fa5-88a7-e1e074b17f62.extra_data.json,,0.0,70060030,0.0,2438443,2104.2834,70060030,2026-09-01 20:41:12.951,2026-08-31 03:42:03.116,236.38995,487mnSNu6t,com.sec.android.app.shealth,8d14ce99-aad1-4fa5-88a7-e1e074b17f62,2026-08-31 00:00:00.000,
,,2a1c1d0c-ec53-4f7f-bd7c-8ceae5282932.extra_data.json,,682.0,70060030,0.0,7557528,1975.9865,70060030,2026-09-02 03:03:17.561,2026-09-01 03:13:02.846,961.54443,487mnSNu6t,com.sec.android.app.shealth,2a1c1d0c-ec53-4f7f-bd7c-8ceae5282932,2026-09-01 00:00:00.000,
,,5d7dfc77-11e2-4eb5-858f-a5cad4485911.extra_data.json,,0.0,70060030,0.0,2821249,2094.6892,70060030,2026-09-04 03:00:06.031,2026-09-02 03:03:11.377,270.15002,487mnSNu6t,com.sec.android.app.shealth,5d7dfc77-11e2-4eb5-858f-a5cad4485911,2026-09-02 00:00:00.000,
,,3066aa4b-548a-4ef9-a33d-ec6c8804cfea.extra_data.json,,0.0,70060030,0.0,2314857,2107.3806,70060030,2026-09-04 03:00:02.973,2026-09-03 03:36:20.987,211.57996,487mnSNu6t,com.sec.android.app.shealth,3066aa4b-548a-4ef9-a33d-ec6c8804cfea,2026-09-03 00:00:00.000,
,,769d99c2-9a7b-4f8a-a7a7-9ec49fa98682.extra_data.json,,535.0,70060030,0.0,6525156,2001.8604,70060030,2026-09-05 06:56:40.925,2026-09-04 03:00:02.384,719.63873,487mnSNu6t,com.sec.android.app.shealth,769d99c2-9a7b-4f8a-a7a7-9ec49fa98682,2026-09-04 00:00:00.000,
,,444ab5f7-d2df-4b20-9e1f-aac5a1de2cd8.extra_data.json,,0.0,70060030,0.0,1069848,2138.5837,70060030,2026-09-08 03:00:07.392,2026-09-05 03:29:53.038,102.21001,487mnSNu6t,com.sec.android.app.shealth,444ab5f7-d2df-4b20-9e1f-aac5a1de2cd8,2026-09-05 00:00:00.000,
,,cd9001d0-950b-4536-946a-57c36b02ef90.extra_data.json,,0.0,70060030,0.0,1466673,2128.6382,70060030,2026-09-07 03:02:19.356,2026-09-06 03:16:50.240,69.49,487mnSNu6t,com.sec.android.app.shealth,cd9001d0-950b-4536-946a-57c36b02ef90,2026-09-06 00:00:00.000,
,,0b826584-ebfe-4cee-9a0d-e2cefece6989.extra_data.json,,0.0,70060030,0.0,455561,2153.9792,70060030,2026-09-08 03:00:03.252,2026-09-07 03:02:18.163,21.449999,487mnSNu6t,com.sec.android.app.shealth,0b826584-ebfe-4cee-9a0d-e2cefece6989,2026-09-07 00:00:00.000,
,,5e9a9d26-2944-4414-94cf-a1a763948843.extra_data.json,,859.0,70060030,0.0,8181425,1960.3501,70060110,2026-09-09 10:34:18.033,2026-09-08 03:00:01.410,1076.0822,487mnSNu6t,com.sec.android.app.shealth,5e9a9d26-2944-4414-94cf-a1a763948843,2026-09-08 00:00:00.000,
,,1d09356f-e0dd-4ca2-b13c-efee1eaf6417.extra_data.json,,0.0,70060110,0.0,2604992,2100.1091,70060110,2026-09-10 10:48:51.961,2026-09-09 03:00:02.605,155.78,487mnSNu6t,com.sec.android.app.shealth,1d09356f-e0dd-4ca2-b13c-efee1eaf6417,2026-09-09 00:00:00.000,
,,c7e0fa45-c2e5-45dc-9998-d414379e5bd5.extra_data.json,,0.0,70060110,0.0,2467950,2103.5437,70060110,2026-09-11 03:07:44.637,2026-09-10 03:00:03.990,183.78998,487mnSNu6t,com.sec.android.app.shealth,c7e0fa45-c2e5-45dc-9998-d414379e5bd5,2026-09-10 00:00:00.000,
,,bc90be34-f98f-4abd-afb5-0f82fb825813.extra_data.json,,0.0,70060110,0.0,853760,2143.9993,70060110,2026-09-12 13:07:53.882,2026-09-11 03:07:37.832,40.140007,487mnSNu6t,com.sec.android.app.shealth,bc90be34-f98f-4abd-afb5-0f82fb825813,2026-09-11 00:00:00.000,
,,bc79b492-b12e-4873-95d2-6f398ab902d4.extra_data.json,,0.0,70060110,0.0,1156310,2136.4167,70060110,2026-09-13 12:46:45.863,2026-09-12 03:37:52.341,77.699974,487mnSNu6t,com.sec.android.app.shealth,bc79b492-b12e-4873-95d2-6f398ab902d4,2026-09-12 00:00:00.000,
,,b4c36034-5fd2-434c-984d-3eb999b00521.extra_data.json,,208.0,70060110,0.0,3882950,2068.0803,70060110,2026-09-14 10:10:41.328,2026-09-13 03:10:46.947,360.182,487mnSNu6t,com.sec.android.app.shealth,b4c36034-5fd2-434c-984d-3eb999b00521,2026-09-13 00:00:00.000,
,,4713dcfe-3270-4971-820b-8993c8a3efd7.extra_data.json,,1.0,70060110,0.0,3393099,2080.3574,70060110,2026-09-15 10:38:31.435,2026-09-14 04:05:16.074,269.07004,487mnSNu6t,com.sec.android.app.shealth,4713dcfe-3270-4971-820b-8993c8a3efd7,2026-09-14 00:00:00.000,
,,902d1db3-b3ea-49d8-ae47-773e2f0be424.extra_data.json,,437.0,70060110,0.0,6380398,2005.4882,70060110,2026-09-16 10:37:52.529,2026-09-15 03:00:01.920,754.7175,487mnSNu6t,com.sec.android.app.shealth,902d1db3-b3ea-49d8-ae47-773e2f0be424,2026-09-15 00:00:00.000,
,,1d234945-9ddb-44d0-9490-b2349660dade.extra_data.json,,0.0,70060110,0.0,2705482,2097.5906,70060110,2026-09-17 03:00:08.543,2026-09-16 03:12:56.720,288.36002,487mnSNu6t,com.sec.android.app.shealth,1d234945-9ddb-44d0-9490-b2349660dade,2026-09-16 00:00:00.000,
,,02368aaf-e080-4804-9384-0936439d2c86.extra_data.json,,0.0,70060110,0.0,3095044,2087.8274,70060110,2026-09-18 03:00:22.599,2026-09-17 03:00:05.332,288.02,487mnSNu6t,com.sec.android.app.shealth,02368aaf-e080-4804-9384-0936439d2c86,2026-09-17 00:00:00.000,
,,d8470c71-58b1-4bd7-8634-dabfeca9c504.extra_data.json,,491.0,70060110,0.0,5958717,2016.0565,70060110,2026-09-19 03:56:41.746,2026-09-18 03:00:01.989,708.31805,487mnSNu6t,com.sec.android.app.shealth,d8470c71-58b1-4bd7-8634-dabfeca9c504,2026-09-18 00:00:00.000,
,,bcc62c2b-0d22-4a9c-b6eb-9150bf759269.extra_data.json,,0.0,70060110,0.0,2237294,2109.3245,70060110,2026-09-20 14:25:59.683,2026-09-19 03:56:38.802,202.9,487mnSNu6t,com.sec.android.app.shealth,bcc62c2b-0d22-4a9c-b6eb-9150bf759269,2026-09-19 00:00:00.000,
,,a27f8ef9-047c-4c0b-a30e-d22afad26f32.extra_data.json,,0.0,70060110,0.0,1392156,1495.4633,70060110,2026-09-20 19:57:41.608,2026-09-20 03:09:30.111,126.79997,487mnSNu6t,com.sec.android.app.shealth,a27f8ef9-047c-4c0b-a30e-d22afad26f32,2026-09-20 00:00:00.000,
