com.samsung.shealth.exercise,7006011,17
live_data_internal,mission_value,race_target,subset_data,start_longitude,routine_datauuid,total_calorie,completion_status,pace_info_id,activity_type,pace_live_data,sensing_status,source_type,mission_type,ftp,tracking_status,program_id,title,reward_status,heart_rate_sample_count,start_latitude,mission_extra_value,program_schedule_id,heart_rate_deviceuuid,location_data_internal,custom_id,additional_internal,com.samsung.health.exercise.duration,com.samsung.health.exercise.additional,com.samsung.health.exercise.create_sh_ver,com.samsung.health.exercise.mean_caloricburn_rate,com.samsung.health.exercise.location_data,com.samsung.health.exercise.start_time,com.samsung.health.exercise.exercise_type,com.samsung.health.exercise.custom,com.samsung.health.exercise.max_altitude,com.samsung.health.exercise.incline_distance,com.samsung.health.exercise.mean_heart_rate,com.samsung.health.exercise.count_type,com.samsung.health.exercise.mean_rpm,com.samsung.health.exercise.min_altitude,com.samsung.health.exercise.modify_sh_ver,com.samsung.health.exercise.max_heart_rate,com.samsung.health.exercise.update_time,com.samsung.health.exercise.create_time,com.samsung.health.exercise.client_data_id,com.samsung.health.exercise.max_power,com.samsung.health.exercise.max_speed,com.samsung.health.exercise.mean_cadence,com.samsung.health.exercise.min_heart_rate,com.samsung.health.exercise.client_data_ver,com.samsung.health.exercise.count,com.samsung.health.exercise.distance,com.samsung.health.exercise.max_caloricburn_rate,com.samsung.health.exercise.calorie,com.samsung.health.exercise.max_cadence,com.samsung.health.exercise.decline_distance,com.samsung.health.exercise.vo2_max,com.samsung.health.exercise.time_offset,com.samsung.health.exercise.deviceuuid,com.samsung.health.exercise.max_rpm,com.samsung.health.exercise.comment,com.samsung.health.exercise.live_data,com.samsung.health.exercise.mean_power,com.samsung.health.exercise.mean_speed,com.samsung.health.exercise.pkg_name,com.samsung.health.exercise.altitude_gain,com.samsung.health.exercise.altitude_loss,com.samsung.health.exercise.exercise_custom_type,com.samsung.health.exercise.auxiliary_devices,com.samsung.health.exercise.end_time,com.samsung.health.exercise.datauuid,com.samsung.health.exercise.sweat_loss
85838649-3ac5-47da-9e3d-1954858a8a92.live_data_internal.json,,,,,,205.72739,,,,,85838649-3ac5-47da-9e3d-1954858a8a92.sensing_status.json,1,,,,,,,,,,,,85838649-3ac5-47da-9e3d-1954858a8a92.location_data_internal.json,,,1538549,,,,85838649-3ac5-47da-9e3d-1954858a8a92.com.samsung.health.exercise.location_data.json,2023-10-21 21:06:44.527,1001,,1009.638,151.734,118.0,30001,,994.179,,149.0,2023-10-21 21:50:54.246,2023-10-21 21:50:54.246,,,3.067,112.7036,86.0,,2890,2357.526,,180.728,129.53,145.779,39.07,UTC-0300,hriiVjEkYE,,,85838649-3ac5-47da-9e3d-1954858a8a92.com.samsung.health.exercise.live_data.json,,1.5323048,com.sec.android.app.shealth,10.044,,,,2023-10-21 21:50:48.090,85838649-3ac5-47da-9e3d-1954858a8a92,,
d176e723-4a73-4d2c-b942-ec9cd764c9b8.live_data_internal.json,,,,,,87.0,,,,,d176e723-4a73-4d2c-b942-ec9cd764c9b8.sensing_status.json,4,,,,,,,,,,,,,,,708711,,,,,2023-10-24 11:16:58.562,1001,,,,124.0,30001,,,,151.0,2023-10-24 11:30:08.384,2023-10-24 11:30:08.384,,,1.6944996,89.740395,110.0,,1060,873.92,,87.0,123.0,,,UTC-0300,hriiVjEkYE,,,d176e723-4a73-4d2c-b942-ec9cd764c9b8.com.samsung.health.exercise.live_data.json,,1.233112,com.sec.android.app.shealth,,,,,2023-10-24 11:28:47.273,d176e723-4a73-4d2c-b942-ec9cd764c9b8,,
5f8ff2da-b903-43ed-93d9-7331ae335630.live_data_internal.json,,,,,,101.00002,,,,,5f8ff2da-b903-43ed-93d9-7331ae335630.sensing_status.json,4,,,,,,,,,,,,,,,849089,,,,,2023-10-24 21:14:13.224,1001,,,,113.0,30001,,,,137.0,2023-10-24 21:29:43.263,2023-10-24 21:29:43.263,,,1.7140903,87.41133,72.0,,1237,988.47,,101.0,118.0,,,UTC-0300,hriiVjEkYE,,,5f8ff2da-b903-43ed-93d9-7331ae335630.com.samsung.health.exercise.live_data.json,,1.1641536,com.sec.android.app.shealth,,,,,2023-10-24 21:28:22.314,5f8ff2da-b903-43ed-93d9-7331ae335630,,
533ab955-7816-4f12-a484-571f914623a1.live_data_internal.json,,,,,,104.05913,,,,,533ab955-7816-4f12-a484-571f914623a1.sensing_status.json,1,,,,,,,,,,,,533ab955-7816-4f12-a484-571f914623a1.location_data_internal.json,,,834705,,,,533ab955-7816-4f12-a484-571f914623a1.com.samsung.health.exercise.location_data.json,2023-10-24 22:37:13.533,1001,,984.623,70.53,125.0,30001,,966.94,,147.0,2023-10-24 22:52:38.400,2023-10-24 22:52:38.400,,,1.931,111.56037,104.0,,1552,1287.903,,102.152,134.835,27.567,38.58,UTC-0300,hriiVjEkYE,,,533ab955-7816-4f12-a484-571f914623a1.com.samsung.health.exercise.live_data.json,,1.5429438,com.sec.android.app.shealth,15.086,,,,2023-10-24 22:52:32.536,533ab955-7816-4f12-a484-571f914623a1,,
38011cb6-60ee-42f0-ba52-53e43c0cd27c.live_data_internal.json,,,,,,96.784294,,,,,38011cb6-60ee-42f0-ba52-53e43c0cd27c.sensing_status.json,4,,,,,,,,,,,,,,,744736,,,,,2023-10-26 11:13:23.692,1001,,,,110.0,30001,,,,125.0,2023-10-26 11:27:43.887,2023-10-26 11:27:43.887,,,1.6668335,93.7782,100.0,,1164,944.24,,96.0,122.0,,,UTC-0300,hriiVjEkYE,,,38011cb6-60ee-42f0-ba52-53e43c0cd27c.com.samsung.health.exercise.live_data.json,,1.2678854,com.sec.android.app.shealth,,,,,2023-10-26 11:26:23.095,38011cb6-60ee-42f0-ba52-53e43c0cd27c,,
779dfa01-2470-4b60-9d68-148ec4223369.live_data_internal.json,,,,,,128.2149,,,,,779dfa01-2470-4b60-9d68-148ec4223369.sensing_status.json,4,,,,,,,,,,,,,,,1051257,,,,,2023-10-26 22:40:42.652,1001,,,,119.0,30001,,,,142.0,2023-10-26 23:00:28.415,2023-10-26 23:00:28.415,,,1.7015015,98.11113,91.0,,1719,1436.51,,127.0,124.0,,,UTC-0300,hriiVjEkYE,,,779dfa01-2470-4b60-9d68-148ec4223369.com.samsung.health.exercise.live_data.json,,1.366469,com.sec.android.app.shealth,,,,,2023-10-26 22:59:07.610,779dfa01-2470-4b60-9d68-148ec4223369,,
a8af24ff-ab72-4702-b8eb-87379d357076.live_data_internal.json,,,,,,96.00002,,,,,a8af24ff-ab72-4702-b8eb-87379d357076.sensing_status.json,4,,,,,,,,,,,,,,,888458,,,,,2023-10-28 22:30:10.006,1001,,,,105.0,30001,,,,116.0,2023-10-28 22:46:19.536,2023-10-28 22:46:19.536,,,1.6301636,93.39777,83.0,,1383,1097.89,,96.0,120.0,,,UTC-0300,hriiVjEkYE,,,a8af24ff-ab72-4702-b8eb-87379d357076.com.samsung.health.exercise.live_data.json,,1.2357253,com.sec.android.app.shealth,,,,,2023-10-28 22:44:58.465,a8af24ff-ab72-4702-b8eb-87379d357076,,
e13ed1e8-bef0-43f8-bbc3-b23c72389886.live_data_internal.json,,,,,,86.69688,,,,,e13ed1e8-bef0-43f8-bbc3-b23c72389886.sensing_status.json,4,,,,,,,,,,,,,,,656927,,,,,2023-10-30 11:15:51.390,1001,,,,108.0,30001,,,,120.0,2023-10-30 11:28:39.842,2023-10-30 11:28:39.842,,,1.6484996,100.28512,96.0,,1098,902.47,,86.0,121.0,,,UTC-0300,hriiVjEkYE,,,e13ed1e8-bef0-43f8-bbc3-b23c72389886.com.samsung.health.exercise.live_data.json,,1.3737751,com.sec.android.app.shealth,,,,,2023-10-30 11:27:19.120,e13ed1e8-bef0-43f8-bbc3-b23c72389886,,
9fdd5cb1-d911-4fd0-87a0-278fc944e174.live_data_internal.json,,,,,,80.00002,,,,,9fdd5cb1-d911-4fd0-87a0-278fc944e174.sensing_status.json,4,,,,,,,,,,,,,,,624152,,,,,2023-10-30 22:30:18.707,1001,,,,,30001,,,,,2023-10-30 22:42:03.702,2023-10-30 22:42:03.702,,,1.7519419,113.14552,,,1177,951.46,,80.0,127.0,,,UTC-0300,hriiVjEkYE,,,9fdd5cb1-d911-4fd0-87a0-278fc944e174.com.samsung.health.exercise.live_data.json,,1.5244044,com.sec.android.app.shealth,,,,,2023-10-30 22:40:42.860,9fdd5cb1-d911-4fd0-87a0-278fc944e174,,
f1a3d4a6-5b25-4daf-be7f-ed4da31227e0.live_data_internal.json,,,,,,81.0,,,,,f1a3d4a6-5b25-4daf-be7f-ed4da31227e0.sensing_status.json,4,,,,,,,,,,,,,,,616192,,,,,2023-11-01 11:25:02.044,1001,,,,125.0,30001,,,,161.0,2023-11-01 11:36:39.095,2023-11-01 11:36:39.095,,,1.7222222,101.36451,84.0,,1041,852.16,,81.0,125.0,,,UTC-0300,hriiVjEkYE,,,f1a3d4a6-5b25-4daf-be7f-ed4da31227e0.com.samsung.health.exercise.live_data.json,,1.3829455,com.sec.android.app.shealth,,,,,2023-11-01 11:35:18.236,f1a3d4a6-5b25-4daf-be7f-ed4da31227e0,,
,,,,,,,1,,,,,4,0,,0,,,,,,,,,,,,840000,,,,,2023-11-01 18:25:00.000,1001,,,,,30001,,,,,2023-11-01 18:42:56.204,2023-11-01 18:42:56.204,,,1.6636667,,,,1705,1328.77,,51.32,,,,UTC-0300,487mnSNu6t,,,db82af84-1d45-4f28-a9ff-2edb4cd59a6f.com.samsung.health.exercise.live_data.json,,1.581869,com.sec.android.app.shealth,,,,,2023-11-01 18:39:00.000,db82af84-1d45-4f28-a9ff-2edb4cd59a6f,,
e8513616-44b3-45d9-9081-7935e3b6a2ac.live_data_internal.json,,,,,,192.4693,,,,,e8513616-44b3-45d9-9081-7935e3b6a2ac.sensing_status.json,1,,,,,,,,,,,,e8513616-44b3-45d9-9081-7935e3b6a2ac.location_data_internal.json,,,1367653,,,,e8513616-44b3-45d9-9081-7935e3b6a2ac.com.samsung.health.exercise.location_data.json,2023-11-02 15:53:05.446,1001,,987.964,166.007,111.0,30001,,970.437,,131.0,2023-11-02 16:39:32.173,2023-11-02 16:39:32.173,,,1.852,113.58144,86.0,,2589,2114.884,,160.397,128.711,79.227,39.01,UTC-0300,hriiVjEkYE,,,e8513616-44b3-45d9-9081-7935e3b6a2ac.com.samsung.health.exercise.live_data.json,,1.5463601,com.sec.android.app.shealth,10.037,,,,2023-11-02 16:39:30.747,e8513616-44b3-45d9-9081-7935e3b6a2ac,,
cbccdef6-3cf5-41e6-918e-927fbfbdf18e.live_data_internal.json,,,,,,85.0,,,,,cbccdef6-3cf5-41e6-918e-927fbfbdf18e.sensing_status.json,4,,,,,,,,,,,,,,,806864,,,,,2023-11-03 20:50:16.830,1001,,,,104.0,30001,,,,110.0,2023-11-03 21:04:59.567,2023-11-03 21:04:59.567,,,1.4613342,81.79817,90.0,,1100,840.3,,85.0,112.0,,,UTC-0300,hriiVjEkYE,,,cbccdef6-3cf5-41e6-918e-927fbfbdf18e.com.samsung.health.exercise.live_data.json,,1.0414394,com.sec.android.app.shealth,,,,,2023-11-03 21:03:43.694,cbccdef6-3cf5-41e6-918e-927fbfbdf18e,,
833611b8-ea79-4248-bd34-685b998bf511.live_data_internal.json,,,,,,77.00276,,,,,833611b8-ea79-4248-bd34-685b998bf511.sensing_status.json,4,,,,,,,,,,,,,,,709086,,,,,2023-11-03 21:15:50.727,1001,,,,89.0,30001,,,,118.0,2023-11-03 21:28:55.642,2023-11-03 21:28:55.642,,,1.4306554,93.92373,50.0,,1110,856.86,,77.0,105.0,,,UTC-0300,hriiVjEkYE,,,833611b8-ea79-4248-bd34-685b998bf511.com.samsung.health.exercise.live_data.json,,1.2084006,com.sec.android.app.shealth,,,,,2023-11-03 21:27:39.935,833611b8-ea79-4248-bd34-685b998bf511,,
ccb3a4c4-757f-45a5-8883-e9df37065069.live_data_internal.json,,,,,,114.38152,,,,,ccb3a4c4-757f-45a5-8883-e9df37065069.sensing_status.json,4,,,,,,,,,,,,,,,979535,,,,,2023-11-06 22:33:30.680,1001,,,,107.0,30001,,,,123.0,2023-11-06 22:51:22.868,2023-11-06 22:51:22.868,,,1.6420003,103.64102,89.0,,1692,1319.1,,114.0,123.0,,,UTC-0300,hriiVjEkYE,,,ccb3a4c4-757f-45a5-8883-e9df37065069.com.samsung.health.exercise.live_data.json,,1.3466594,com.sec.android.app.shealth,,,,,2023-11-06 22:50:07.079,ccb3a4c4-757f-45a5-8883-e9df37065069,,
384e2496-44f8-4944-a24f-e529697ccd1f.live_data_internal.json,,,,,,104.0,,,,,384e2496-44f8-4944-a24f-e529697ccd1f.sensing_status.json,4,,,,,,,,,,,,,,,828259,,,,,2023-11-08 22:38:54.689,1001,,,,146.0,30001,,,,164.0,2023-11-08 22:53:58.535,2023-11-08 22:53:58.535,,,1.713501,114.529396,132.0,,1581,1285.15,,104.0,127.0,,,UTC-0300,hriiVjEkYE,,,384e2496-44f8-4944-a24f-e529697ccd1f.com.samsung.health.exercise.live_data.json,,1.5516282,com.sec.android.app.shealth,,,,,2023-11-08 22:52:42.948,384e2496-44f8-4944-a24f-e529697ccd1f,,
c35e7432-25f1-4365-943d-8a07053834f1.live_data_internal.json,,,,,,82.563576,,,,,c35e7432-25f1-4365-943d-8a07053834f1.sensing_status.json,4,,,,,,,,,,,,,,,737087,,,,,2023-11-09 16:02:47.129,1001,,,,100.0,30001,,,,113.0,2023-11-09 16:16:44.779,2023-11-09 16:16:44.779,,,1.5613332,75.94762,69.0,,933,730.85,,82.0,119.0,,,UTC-0300,hriiVjEkYE,,,c35e7432-25f1-4365-943d-8a07053834f1.com.samsung.health.exercise.live_data.json,,0.9915383,com.sec.android.app.shealth,,,,,2023-11-09 16:15:29.127,c35e7432-25f1-4365-943d-8a07053834f1,,
a6e116fc-6021-4f16-a507-10608f7535d4.live_data_internal.json,,,,,,128.40549,,,,,a6e116fc-6021-4f16-a507-10608f7535d4.sensing_status.json,4,,,,,,,,,,,,,,,1086418,,,,,2023-11-10 22:45:36.732,1001,,,,109.0,30001,,,,132.0,2023-11-10 23:06:01.493,2023-11-10 23:06:01.493,,,1.6560018,95.70902,90.0,,1733,1379.44,,127.0,124.0,,,UTC-0300,hriiVjEkYE,,,a6e116fc-6021-4f16-a507-10608f7535d4.com.samsung.health.exercise.live_data.json,,1.2697139,com.sec.android.app.shealth,,,,,2023-11-10 23:04:45.275,a6e116fc-6021-4f16-a507-10608f7535d4,,
18204ffa-d24a-49b7-a330-9528eb15342f.live_data_internal.json,,,,,,83.34958,,,,,18204ffa-d24a-49b7-a330-9528eb15342f.sensing_status.json,4,,,,,,,,,,,,,,,783526,,,,,2023-11-12 21:56:49.142,1001,,,,92.0,30001,,,,105.0,2023-11-12 22:11:29.205,2023-11-12 22:11:29.205,,,1.4139056,90.51391,64.0,,1182,888.15,,83.0,108.0,,,UTC-0300,hriiVjEkYE,,,18204ffa-d24a-49b7-a330-9528eb15342f.com.samsung.health.exercise.live_data.json,,1.1335298,com.sec.android.app.shealth,,,,,2023-11-12 22:10:08.120,18204ffa-d24a-49b7-a330-9528eb15342f,,
3ed2967e-04ba-44df-9403-c831f1d49542.live_data_internal.json,,,,,,86.0,,,,,3ed2967e-04ba-44df-9403-c831f1d49542.sensing_status.json,4,,,,,,,,,,,,,,,803895,,,,,2023-11-12 22:22:27.902,1001,,,,98.0,30001,,,,110.0,2023-11-12 22:37:07.386,2023-11-12 22:37:07.386,,,1.2869726,79.78654,85.0,,1069,772.6,,86.0,97.0,,,UTC-0300,hriiVjEkYE,,,3ed2967e-04ba-44df-9403-c831f1d49542.com.samsung.health.exercise.live_data.json,,0.9610707,com.sec.android.app.shealth,,,,,2023-11-12 22:35:51.797,3ed2967e-04ba-44df-9403-c831f1d49542,,
f2218f31-e4d9-4753-8acb-fde6d291411e.live_data_internal.json,,,,,,529.1903,,,,,f2218f31-e4d9-4753-8acb-fde6d291411e.sensing_status.json,1,,,,,,,,,,,,f2218f31-e4d9-4753-8acb-fde6d291411e.location_data_internal.json,,,24401,,,,f2218f31-e4d9-4753-8acb-fde6d291411e.com.samsung.health.exercise.location_data.json,2023-11-15 08:11:04.763,1001,,975.159,,85.0,30001,,974.807,,90.0,2023-11-15 14:29:05.565,2023-11-15 14:29:05.565,,,1.536,,80.0,,0,2.031,,16.646,35.815,,,UTC-0300,hriiVjEkYE,,,f2218f31-e4d9-4753-8acb-fde6d291411e.com.samsung.health.exercise.live_data.json,,0.083234295,com.sec.android.app.shealth,0.0,,,,2023-11-15 14:29:04.459,f2218f31-e4d9-4753-8acb-fde6d291411e,,
8fea7ecb-8875-48a2-9327-cac9514dc493.live_data_internal.json,,,,,,91.0,,,,,8fea7ecb-8875-48a2-9327-cac9514dc493.sensing_status.json,4,,,,,,,,,,,,,,,659506,,,,,2023-11-20 11:14:58.958,1001,,,,105.0,30001,,,,116.0,2023-11-20 11:27:14.059,2023-11-20 11:27:14.059,,,1.6210002,95.435074,97.0,,1049,845.54,,91.0,122.0,,,UTC-0300,hriiVjEkYE,,,8fea7ecb-8875-48a2-9327-cac9514dc493.com.samsung.health.exercise.live_data.json,,1.2820809,com.sec.android.app.shealth,,,,,2023-11-20 11:25:58.464,8fea7ecb-8875-48a2-9327-cac9514dc493,,
e66c7934-695c-4e00-9317-15f62258b2aa.live_data_internal.json,,,,,,115.0,,,,,e66c7934-695c-4e00-9317-15f62258b2aa.sensing_status.json,4,,,,,,,,,,,,,,,862019,,,,,2023-11-20 23:18:39.162,1001,,,,,30001,,,,,2023-11-20 23:34:16.751,2023-11-20 23:34:16.751,,,1.6341716,112.688934,,,1619,1263.38,,115.0,123.0,,,UTC-0300,hriiVjEkYE,,,e66c7934-695c-4e00-9317-15f62258b2aa.com.samsung.health.exercise.live_data.json,,1.4656057,com.sec.android.app.shealth,,,,,2023-11-20 23:33:01.180,e66c7934-695c-4e00-9317-15f62258b2aa,,
28eb436e-32d5-4113-837a-0b5feff57abf.live_data_internal.json,,,,,,93.00002,,,,,28eb436e-32d5-4113-837a-0b5feff57abf.sensing_status.json,4,,,,,,,,,,,,,,,675255,,,,,2023-11-28 11:22:49.286,1001,,,,117.0,30001,,,,125.0,2023-11-28 11:35:20.345,2023-11-28 11:35:20.345,,,1.6146667,100.139946,108.0,,1127,863.51,,93.0,122.0,,,UTC-0300,hriiVjEkYE,,,28eb436e-32d5-4113-837a-0b5feff57abf.com.samsung.health.exercise.live_data.json,,1.278791,com.sec.android.app.shealth,,,,,2023-11-28 11:34:04.542,28eb436e-32d5-4113-837a-0b5feff57abf,,
4e6365a8-2b36-4ff0-b4b5-51035d1427d3.live_data_internal.json,,,,,,105.322754,,,,,4e6365a8-2b36-4ff0-b4b5-51035d1427d3.sensing_status.json,4,,,,,,,,,,,,,,,780637,,,,,2023-11-28 20:58:08.819,1001,,,,120.0,30001,,,,142.0,2023-11-28 21:12:38.514,2023-11-28 21:12:38.514,,,1.5668335,92.770386,90.0,,1207,932.75,,105.0,119.0,,,UTC-0300,hriiVjEkYE,,,4e6365a8-2b36-4ff0-b4b5-51035d1427d3.com.samsung.health.exercise.live_data.json,,1.1948575,com.sec.android.app.shealth,,,,,2023-11-28 21:11:22.722,4e6365a8-2b36-4ff0-b4b5-51035d1427d3,,
be44d319-7b3d-443b-87c5-ceb5916c635b.live_data_internal.json,,,,,,131.81856,,,,,be44d319-7b3d-443b-87c5-ceb5916c635b.sensing_status.json,4,,,,,,,,,,,,,,,1010455,,,,,2023-11-28 22:31:28.399,1001,,,,122.0,30001,,,,156.0,2023-11-28 22:50:08.162,2023-11-28 22:50:08.162,,,1.6822989,100.46958,88.0,,1692,1332.61,,131.0,120.0,,,UTC-0300,hriiVjEkYE,,,be44d319-7b3d-443b-87c5-ceb5916c635b.com.samsung.health.exercise.live_data.json,,1.3188217,com.sec.android.app.shealth,,,,,2023-11-28 22:48:52.499,be44d319-7b3d-443b-87c5-ceb5916c635b,,
6c24693c-26a1-4fe8-948a-2623b3be9350.live_data_internal.json,,,,,,95.0,,,,,6c24693c-26a1-4fe8-948a-2623b3be9350.sensing_status.json,4,,,,,,,,,,,,,,,671348,,,,,2023-11-30 11:08:03.819,1001,,,,123.0,30001,,,,150.0,2023-11-30 11:20:31.066,2023-11-30 11:20:31.066,,,1.5796672,99.65025,104.0,,1115,868.34,,95.0,120.0,,,UTC-0300,hriiVjEkYE,,,6c24693c-26a1-4fe8-948a-2623b3be9350.com.samsung.health.exercise.live_data.json,,1.2934276,com.sec.android.app.shealth,,,,,2023-11-30 11:19:15.167,6c24693c-26a1-4fe8-948a-2623b3be9350,,
45b0654e-4351-41f6-84cb-f537d1c53ab5.live_data_internal.json,,,,,,75.0,,,,,45b0654e-4351-41f6-84cb-f537d1c53ab5.sensing_status.json,4,,,,,,,,,,,,,,,642012,,,,,2023-11-30 16:22:37.391,1001,,,,128.0,30001,,,,149.0,2023-11-30 16:34:35.142,2023-11-30 16:34:35.142,,,1.4166665,82.70873,75.0,,885,658.56,,75.0,99.0,,,UTC-0300,hriiVjEkYE,,,45b0654e-4351-41f6-84cb-f537d1c53ab5.com.samsung.health.exercise.live_data.json,,1.0257752,com.sec.android.app.shealth,,,,,2023-11-30 16:33:19.403,45b0654e-4351-41f6-84cb-f537d1c53ab5,,
bcb25338-78e9-4147-9639-cbc5f505b875.live_data_internal.json,,,,,,108.234085,,,,,bcb25338-78e9-4147-9639-cbc5f505b875.sensing_status.json,4,,,,,,,,,,,,,,,705399,,,,,2023-12-06 11:09:20.785,1001,,,,115.0,30001,,,,134.0,2023-12-06 11:24:34.834,2023-12-06 11:24:34.834,,,1.5833334,93.05372,96.0,,1094,892.84,,105.0,119.0,,,UTC-0300,hriiVjEkYE,,,bcb25338-78e9-4147-9639-cbc5f505b875.com.samsung.health.exercise.live_data.json,,1.2657235,com.sec.android.app.shealth,,,,,2023-12-06 11:23:19.114,bcb25338-78e9-4147-9639-cbc5f505b875,,
c505f221-30b3-426a-92f8-532e3a7db993.live_data_internal.json,,,,,,91.01044,,,,,c505f221-30b3-426a-92f8-532e3a7db993.sensing_status.json,4,,,,,,,,,,,,,,,687752,,,,,2023-12-06 20:51:07.609,1001,,,,109.0,30001,,,,122.0,2023-12-06 21:03:51.708,2023-12-06 21:03:51.708,,,1.5,99.27997,91.0,,1138,867.93,,91.0,109.0,,,UTC-0300,hriiVjEkYE,,,c505f221-30b3-426a-92f8-532e3a7db993.com.samsung.health.exercise.live_data.json,,1.261981,com.sec.android.app.shealth,,,,,2023-12-06 21:02:35.790,c505f221-30b3-426a-92f8-532e3a7db993,,
687d3bfd-9a91-4545-bb36-6a7cd7064c3a.live_data_internal.json,,,,,,127.94415,,,,,687d3bfd-9a91-4545-bb36-6a7cd7064c3a.sensing_status.json,4,,,,,,,,,,,,,,,962487,,,,,2023-12-06 22:36:34.739,1001,,,,123.0,30001,,,,149.0,2023-12-06 22:55:12.809,2023-12-06 22:55:12.809,,,1.6111112,100.98837,96.0,,1620,1288.46,,126.0,121.0,,,UTC-0300,hriiVjEkYE,,,687d3bfd-9a91-4545-bb36-6a7cd7064c3a.com.samsung.health.exercise.live_data.json,,1.3386778,com.sec.android.app.shealth,,,,,2023-12-06 22:53:57.136,687d3bfd-9a91-4545-bb36-6a7cd7064c3a,,
fa7f8463-fcc3-49d7-9d46-f0ec27ee4873.live_data_internal.json,,,,,,90.0,,,,,fa7f8463-fcc3-49d7-9d46-f0ec27ee4873.sensing_status.json,4,,,,,,,,,,,,,,,658523,,,,,2023-12-07 11:26:39.364,1001,,,,128.0,30001,,,,149.0,2023-12-07 11:38:53.742,2023-12-07 11:38:53.742,,,1.635,96.488655,114.0,,1059,843.46,,90.0,123.0,,,UTC-0300,hriiVjEkYE,,,fa7f8463-fcc3-49d7-9d46-f0ec27ee4873.com.samsung.health.exercise.live_data.json,,1.2808361,com.sec.android.app.shealth,,,,,2023-12-07 11:37:37.887,fa7f8463-fcc3-49d7-9d46-f0ec27ee4873,,
d239010b-def0-44ce-bab6-e81dfada7f2c.live_data_internal.json,,,,,,95.00002,,,,,d239010b-def0-44ce-bab6-e81dfada7f2c.sensing_status.json,4,,,,,,,,,,,,,,,688517,,,,,2023-12-08 21:08:41.251,1001,,,,108.0,30001,,,,131.0,2023-12-08 21:21:30.754,2023-12-08 21:21:30.754,,,1.581665,96.991066,87.0,,1113,866.53,,95.0,120.0,,,UTC-0300,hriiVjEkYE,,,d239010b-def0-44ce-bab6-e81dfada7f2c.com.samsung.health.exercise.live_data.json,,1.2585455,com.sec.android.app.shealth,,,,,2023-12-08 21:20:09.769,d239010b-def0-44ce-bab6-e81dfada7f2c,,
a3f27130-2394-47b3-a287-c2dea65572e1.live_data_internal.json,,,,,,125.0,,,,,a3f27130-2394-47b3-a287-c2dea65572e1.sensing_status.json,4,,,,,,,,,,,,,,,955250,,,,,2023-12-08 22:41:36.110,1001,,,,108.0,30001,,,,115.0,2023-12-08 22:58:47.010,2023-12-08 22:58:47.010,,,1.6495011,100.37163,101.0,,1598,1268.62,,125.0,124.0,,,UTC-0300,hriiVjEkYE,,,a3f27130-2394-47b3-a287-c2dea65572e1.com.samsung.health.exercise.live_data.json,,1.3280503,com.sec.android.app.shealth,,,,,2023-12-08 22:57:31.360,a3f27130-2394-47b3-a287-c2dea65572e1,,
5bb475fa-8957-4efb-bc83-f7aa7ade1cd3.live_data_internal.json,,,,,,98.619255,,,,,5bb475fa-8957-4efb-bc83-f7aa7ade1cd3.sensing_status.json,4,,,,,,,,,,,,,,,710306,,,,,2023-12-12 11:06:41.920,1001,,,,116.0,30001,,,,150.0,2023-12-12 11:20:13.560,2023-12-12 11:20:13.560,,,1.5805004,92.57981,95.0,,1096,856.41,,98.0,120.0,,,UTC-0300,hriiVjEkYE,,,5bb475fa-8957-4efb-bc83-f7aa7ade1cd3.com.samsung.health.exercise.live_data.json,,1.2056916,com.sec.android.app.shealth,,,,,2023-12-12 11:18:57.679,5bb475fa-8957-4efb-bc83-f7aa7ade1cd3,,
bbee5b68-6844-4df8-8ecb-7c2bc883cbe4.live_data_internal.json,,,,,,127.0,,,,,bbee5b68-6844-4df8-8ecb-7c2bc883cbe4.sensing_status.json,4,,,,,,,,,,,,,,,909370,,,,,2023-12-13 09:52:22.793,1001,,,,114.0,30001,,,,125.0,2023-12-13 10:08:48.113,2023-12-13 10:08:48.113,,,1.6763326,105.96347,89.0,,1606,1264.39,,127.0,126.0,,,UTC-0300,hriiVjEkYE,,,bbee5b68-6844-4df8-8ecb-7c2bc883cbe4.com.samsung.health.exercise.live_data.json,,1.3904022,com.sec.android.app.shealth,,,,,2023-12-13 10:07:32.163,bbee5b68-6844-4df8-8ecb-7c2bc883cbe4,,
c19b5e40-35b1-4111-94c6-2e8d797281f5.live_data_internal.json,,,,,,96.00002,,,,,c19b5e40-35b1-4111-94c6-2e8d797281f5.sensing_status.json,4,,,,,,,,,,,,,,,684608,,,,,2023-12-13 11:19:35.570,1001,,,,131.0,30001,,,,160.0,2023-12-13 11:32:15.852,2023-12-13 11:32:15.852,,,1.6131673,96.49319,111.0,,1101,857.79,,96.0,122.0,,,UTC-0300,hriiVjEkYE,,,c19b5e40-35b1-4111-94c6-2e8d797281f5.com.samsung.health.exercise.live_data.json,,1.2529652,com.sec.android.app.shealth,,,,,2023-12-13 11:31:00.179,c19b5e40-35b1-4111-94c6-2e8d797281f5,,
,,,,,,,1,,,,,4,0,,0,,,,,,,,,,,,660000,,,,,2023-12-19 01:29:00.000,1001,,,,,30001,,,,,2023-12-19 01:55:31.918,2023-12-19 01:55:31.918,,,1.5277778,,,,1298,1013.0,,64.93,,,,UTC-0300,487mnSNu6t,,,e6f6e525-cf8d-4a77-a58e-bce9503dcee1.com.samsung.health.exercise.live_data.json,,1.5277778,com.sec.android.app.shealth,,,,,2023-12-19 01:40:00.000,e6f6e525-cf8d-4a77-a58e-bce9503dcee1,,
afd8a768-72d1-49ce-8c2d-8666270adb72.live_data_internal.json,,,,,,95.1669,,,,,afd8a768-72d1-49ce-8c2d-8666270adb72.sensing_status.json,4,,,,,,,,,,,,,,,690341,,,,,2023-12-20 11:09:42.270,1001,,,,120.0,30001,,,,146.0,2023-12-20 11:22:35.340,2023-12-20 11:22:35.340,,,1.6501806,95.95258,105.0,,1104,860.92,,95.0,120.0,,,UTC-0300,hriiVjEkYE,,,afd8a768-72d1-49ce-8c2d-8666270adb72.com.samsung.health.exercise.live_data.json,,1.2470938,com.sec.android.app.shealth,,,,,2023-12-20 11:21:19.471,afd8a768-72d1-49ce-8c2d-8666270adb72,,
0c2cc957-04d9-485b-bf72-b8951d15bb32.live_data_internal.json,,,,,,131.54413,,,,,0c2cc957-04d9-485b-bf72-b8951d15bb32.sensing_status.json,4,,,,,,,,,,,,,,,1030931,,,,,2023-12-20 22:01:25.099,1001,,,,113.0,30001,,,,129.0,2023-12-20 22:20:14.161,2023-12-20 22:20:14.161,,,1.6079437,98.93969,88.0,,1700,1334.38,,131.0,120.0,,,UTC-0300,hriiVjEkYE,,,0c2cc957-04d9-485b-bf72-b8951d15bb32.com.samsung.health.exercise.live_data.json,,1.2943445,com.sec.android.app.shealth,,,,,2023-12-20 22:18:58.395,0c2cc957-04d9-485b-bf72-b8951d15bb32,,
68114809-4c72-4758-839e-70d697559bf7.live_data_internal.json,,,,,,129.90341,,,,,68114809-4c72-4758-839e-70d697559bf7.sensing_status.json,4,,,,,,,,,,,,,,,993183,,,,,2023-12-21 22:42:06.405,1001,,,,117.0,30001,,,,138.0,2023-12-21 23:00:32.431,2023-12-21 23:00:32.431,,,1.7218343,101.00858,101.0,,1672,1309.18,,129.0,129.0,,,UTC-0300,hriiVjEkYE,,,68114809-4c72-4758-839e-70d697559bf7.com.samsung.health.exercise.live_data.json,,1.318166,com.sec.android.app.shealth,,,,,2023-12-21 22:59:16.721,68114809-4c72-4758-839e-70d697559bf7,,
e86fbb24-640d-4dd5-bb39-54cd01c6465d.live_data_internal.json,,,,,,83.59147,,,,,e86fbb24-640d-4dd5-bb39-54cd01c6465d.sensing_status.json,4,,,,,,,,,,,,,,,723325,,,,,2023-12-22 23:34:31.356,1001,,,,96.0,30001,,,,114.0,2023-12-22 23:48:14.764,2023-12-22 23:48:14.764,,,1.5277778,67.521515,84.0,,814,604.91,,83.0,105.0,,,UTC-0300,hriiVjEkYE,,,e86fbb24-640d-4dd5-bb39-54cd01c6465d.com.samsung.health.exercise.live_data.json,,0.8362907,com.sec.android.app.shealth,,,,,2023-12-22 23:46:58.992,e86fbb24-640d-4dd5-bb39-54cd01c6465d,,
5ab79cb4-8524-4c24-9447-e0ed69b8375d.live_data_internal.json,,,,,,91.40844,,,,,5ab79cb4-8524-4c24-9447-e0ed69b8375d.sensing_status.json,4,,,,,,,,,,,,,,,732256,,,,,2023-12-25 19:38:07.298,1001,,,,101.0,30001,,,,116.0,2023-12-25 19:51:52.114,2023-12-25 19:51:52.114,,,1.6722907,98.73596,81.0,,1205,912.25,,91.0,109.0,,,UTC-0300,hriiVjEkYE,,,5ab79cb4-8524-4c24-9447-e0ed69b8375d.com.samsung.health.exercise.live_data.json,,1.2458075,com.sec.android.app.shealth,,,,,2023-12-25 19:50:36.342,5ab79cb4-8524-4c24-9447-e0ed69b8375d,,
dde65751-22fd-4da6-b30c-5e97e5ef011c.live_data_internal.json,,,,,,180.50688,,,,,dde65751-22fd-4da6-b30c-5e97e5ef011c.sensing_status.json,4,,,,,,,,,,,,,,,1008568,,,,,2023-12-27 15:26:22.867,1001,,,,99.0,30001,,,,111.0,2023-12-27 15:52:20.176,2023-12-27 15:52:20.176,,,2.1944444,73.232544,80.0,,1231,1111.19,,169.0,122.0,,,UTC-0300,hriiVjEkYE,,,dde65751-22fd-4da6-b30c-5e97e5ef011c.com.samsung.health.exercise.live_data.json,,1.1017501,com.sec.android.app.shealth,,,,,2023-12-27 15:51:04.400,dde65751-22fd-4da6-b30c-5e97e5ef011c,,
fc4d7cc3-5e34-45c9-850f-09a32091e6a1.live_data_internal.json,,0,,,,74.21361,,,,,fc4d7cc3-5e34-45c9-850f-09a32091e6a1.sensing_status.json,4,,,,,,,,,,,,,,,656059,,62600630,,,2023-12-30 17:02:22.405,1001,,,,116.0,30001,,,62600630,129.0,2023-12-30 17:13:28.768,2023-12-30 17:13:28.768,,,1.3611112,89.16881,96.0,,975,729.84,,74.0,107.0,,,UTC-0300,hriiVjEkYE,,,fc4d7cc3-5e34-45c9-850f-09a32091e6a1.com.samsung.health.exercise.live_data.json,,1.112461,com.sec.android.app.shealth,,,,,2023-12-30 17:13:27.244,fc4d7cc3-5e34-45c9-850f-09a32091e6a1,,
d0c59691-cf44-48c7-9143-fb89d6c98cff.live_data_internal.json,,0,,,,88.83833,,,,,d0c59691-cf44-48c7-9143-fb89d6c98cff.sensing_status.json,4,,,,,,,,,,,,,,,659843,,62600630,,,2024-01-04 15:14:42.492,1001,,,,102.0,30001,,,62600630,114.0,2024-01-04 15:27:32.698,2024-01-04 15:27:32.698,,,1.5833334,92.74933,87.0,,1020,798.07,,88.0,119.0,,,UTC-0300,hriiVjEkYE,,,d0c59691-cf44-48c7-9143-fb89d6c98cff.com.samsung.health.exercise.live_data.json,,1.2094847,com.sec.android.app.shealth,,,,,2024-01-04 15:26:16.793,d0c59691-cf44-48c7-9143-fb89d6c98cff,,
590dc6da-8293-49ce-b0f4-ece1a276531e.live_data_internal.json,,0,,,,157.39795,,,,,590dc6da-8293-49ce-b0f4-ece1a276531e.sensing_status.json,4,,,,,,,,,,,,,,,1261786,,62600630,,,2024-01-04 22:32:29.956,1001,,,,128.0,30001,,,62600630,136.0,2024-01-04 22:55:04.612,2024-01-04 22:55:04.612,,,1.669701,95.57881,111.0,,2010,1574.44,,157.0,124.0,,,UTC-0300,hriiVjEkYE,,,590dc6da-8293-49ce-b0f4-ece1a276531e.com.samsung.health.exercise.live_data.json,,1.2477868,com.sec.android.app.shealth,,,,,2024-01-04 22:53:48.099,590dc6da-8293-49ce-b0f4-ece1a276531e,,
f8ac8e4a-f1cd-4ef3-ab89-6e56c5cdafff.live_data_internal.json,,0,,,,156.53607,,,,,f8ac8e4a-f1cd-4ef3-ab89-6e56c5cdafff.sensing_status.json,4,,,,,,,,,,,,,,,1208898,,62600630,,,2024-01-05 23:00:44.950,1001,,,,116.0,30001,,,62600630,128.0,2024-01-05 23:22:32.029,2024-01-05 23:22:32.029,,,1.6625,106.31171,86.0,,2142,1682.72,,156.0,125.0,,,UTC-0300,hriiVjEkYE,,,f8ac8e4a-f1cd-4ef3-ab89-6e56c5cdafff.com.samsung.health.exercise.live_data.json,,1.3919455,com.sec.android.app.shealth,,,,,2024-01-05 23:21:15.882,f8ac8e4a-f1cd-4ef3-ab89-6e56c5cdafff,,
9f55a79c-c77e-454c-8ce0-4dd83b6b1379.live_data_internal.json,,0,,,,157.12091,,,,,9f55a79c-c77e-454c-8ce0-4dd83b6b1379.sensing_status.json,4,,,,,,,,,,,,,,,1222445,,62600630,,,2024-01-06 11:50:37.681,1001,,,,123.0,30001,,,62600630,138.0,2024-01-06 12:12:20.834,2024-01-06 12:12:20.834,,,1.6523377,100.9616,99.0,,2057,1613.72,,157.0,124.0,,,UTC-0300,hriiVjEkYE,,,9f55a79c-c77e-454c-8ce0-4dd83b6b1379.com.samsung.health.exercise.live_data.json,,1.3200758,com.sec.android.app.shealth,,,,,2024-01-06 12:11:05.096,9f55a79c-c77e-454c-8ce0-4dd83b6b1379,,
fa101389-de52-44e5-8a10-163f382afcc6.live_data_internal.json,,0,,,,243.80742,,,,,fa101389-de52-44e5-8a10-163f382afcc6.sensing_status.json,4,,,,,,,,,,,,,,,1869975,,62600630,,,2024-01-06 12:52:49.623,1001,,,,133.0,30001,,,62600630,146.0,2024-01-06 13:25:48.655,2024-01-06 13:25:48.655,,,1.623999,111.69133,114.0,,3481,2761.22,,243.0,122.0,,,UTC-0300,hriiVjEkYE,,,fa101389-de52-44e5-8a10-163f382afcc6.com.samsung.health.exercise.live_data.json,,1.476608,com.sec.android.app.shealth,,,,,2024-01-06 13:24:32.785,fa101389-de52-44e5-8a10-163f382afcc6,,
8d9540ac-c75c-4f29-8e4d-3bef65a9d56f.live_data_internal.json,,0,,,,97.00002,,,,,8d9540ac-c75c-4f29-8e4d-3bef65a9d56f.sensing_status.json,4,,,,,,,,,,,,,,,811709,,62600630,,,2024-01-06 21:47:15.291,1001,,,,105.0,30001,,,62600630,114.0,2024-01-06 22:02:02.814,2024-01-06 22:02:02.814,,,1.5,86.48419,82.0,,1170,889.23,,97.0,111.0,,,UTC-0300,hriiVjEkYE,,,8d9540ac-c75c-4f29-8e4d-3bef65a9d56f.com.samsung.health.exercise.live_data.json,,1.0955034,com.sec.android.app.shealth,,,,,2024-01-06 22:00:47.001,8d9540ac-c75c-4f29-8e4d-3bef65a9d56f,,
e17609af-1c13-4da8-bffa-4bb12084d597.live_data_internal.json,,0,,,,92.2894,,,,,e17609af-1c13-4da8-bffa-4bb12084d597.sensing_status.json,4,,,,,,,,,,,,,,,731036,,62600630,,,2024-01-06 22:11:56.646,1001,,,,106.0,30001,,,62600630,120.0,2024-01-06 22:25:29.990,2024-01-06 22:25:29.990,,,1.6111112,96.02811,56.0,,1170,915.44,,92.0,106.0,,,UTC-0300,hriiVjEkYE,,,e17609af-1c13-4da8-bffa-4bb12084d597.com.samsung.health.exercise.live_data.json,,1.2522502,com.sec.android.app.shealth,,,,,2024-01-06 22:24:19.577,e17609af-1c13-4da8-bffa-4bb12084d597,,
60e14921-7e64-4d8e-983b-9dde8341e59c.live_data_internal.json,,0,,,,103.0,,,,,60e14921-7e64-4d8e-983b-9dde8341e59c.sensing_status.json,4,,,,,,,,,,,,,,,772156,,62600630,,,2024-01-08 09:55:48.927,1001,,,,118.0,30001,,,62600630,127.0,2024-01-08 10:09:56.769,2024-01-08 10:09:56.769,,,1.6944444,117.80003,109.0,,1516,1182.36,,103.0,125.0,,,UTC-0300,hriiVjEkYE,,,60e14921-7e64-4d8e-983b-9dde8341e59c.com.samsung.health.exercise.live_data.json,,1.531245,com.sec.android.app.shealth,,,,,2024-01-08 10:08:41.082,60e14921-7e64-4d8e-983b-9dde8341e59c,,
44fe967f-eb4e-4482-905e-4ccdff800bbf.live_data_internal.json,,0,,,,112.48296,,,,,44fe967f-eb4e-4482-905e-4ccdff800bbf.sensing_status.json,4,,,,,,,,,,,,,,,790648,,62600630,,,2024-01-08 11:22:08.688,1001,,,,137.0,30001,,,62600630,161.0,2024-01-08 11:37:36.174,2024-01-08 11:37:36.174,,,1.75,92.05108,118.0,,1213,948.82,,111.0,122.0,,,UTC-0300,hriiVjEkYE,,,44fe967f-eb4e-4482-905e-4ccdff800bbf.com.samsung.health.exercise.live_data.json,,1.2000536,com.sec.android.app.shealth,,,,,2024-01-08 11:36:20.290,44fe967f-eb4e-4482-905e-4ccdff800bbf,,
c2985409-c610-48c8-90eb-b7b0a08c7eb8.live_data_internal.json,,0,,,,95.00002,,,,,c2985409-c610-48c8-90eb-b7b0a08c7eb8.sensing_status.json,4,,,,,,,,,,,,,,,700099,,62600630,,,2024-01-08 20:42:40.254,1001,,,,122.0,30001,,,62600630,138.0,2024-01-08 20:55:36.106,2024-01-08 20:55:36.106,,,1.5662482,97.01485,98.0,,1132,880.87,,95.0,116.0,,,UTC-0300,hriiVjEkYE,,,c2985409-c610-48c8-90eb-b7b0a08c7eb8.com.samsung.health.exercise.live_data.json,,1.2582078,com.sec.android.app.shealth,,,,,2024-01-08 20:54:20.354,c2985409-c610-48c8-90eb-b7b0a08c7eb8,,
c5822f25-3d83-44a7-ab60-3969f5d33096.live_data_internal.json,,0,,,,129.2503,,,,,c5822f25-3d83-44a7-ab60-3969f5d33096.sensing_status.json,4,,,,,,,,,,,,,,,992630,,62600630,,,2024-01-08 22:13:25.242,1001,,,,137.0,30001,,,62600630,161.0,2024-01-08 22:31:28.989,2024-01-08 22:31:28.989,,,1.6251627,107.83475,119.0,,1784,1390.45,,129.0,122.0,,,UTC-0300,hriiVjEkYE,,,c5822f25-3d83-44a7-ab60-3969f5d33096.com.samsung.health.exercise.live_data.json,,1.4007736,com.sec.android.app.shealth,,,,,2024-01-08 22:30:08.160,c5822f25-3d83-44a7-ab60-3969f5d33096,,
4cd0d2d9-ac1c-4164-a44d-65ce79816ff3.live_data_internal.json,,0,,,,96.32015,,,,,4cd0d2d9-ac1c-4164-a44d-65ce79816ff3.sensing_status.json,4,,,,,,,,,,,,,,,657255,,62600630,,,2024-01-10 11:06:11.065,1001,,,,126.0,30001,,,62600630,149.0,2024-01-10 11:19:18.304,2024-01-10 11:19:18.304,,,1.5595002,98.95702,111.0,,1084,869.21,,95.0,118.0,,,UTC-0300,hriiVjEkYE,,,4cd0d2d9-ac1c-4164-a44d-65ce79816ff3.com.samsung.health.exercise.live_data.json,,1.3224852,com.sec.android.app.shealth,,,,,2024-01-10 11:18:02.582,4cd0d2d9-ac1c-4164-a44d-65ce79816ff3,,
aad0c6eb-42c7-4be7-a86c-2547c1e6bc8a.live_data_internal.json,,0,,,,78.30798,,,,,aad0c6eb-42c7-4be7-a86c-2547c1e6bc8a.sensing_status.json,4,,,,,,,,,,,,,,,655358,,62600630,,,2024-01-10 16:26:40.144,1001,,,,110.0,30001,,,62600630,132.0,2024-01-10 16:39:04.034,2024-01-10 16:39:04.034,,,4.25,61.157413,83.0,,668,525.86,,78.0,92.0,,,UTC-0300,hriiVjEkYE,,,aad0c6eb-42c7-4be7-a86c-2547c1e6bc8a.com.samsung.health.exercise.live_data.json,,0.8024011,com.sec.android.app.shealth,,,,,2024-01-10 16:37:48.161,aad0c6eb-42c7-4be7-a86c-2547c1e6bc8a,,
,,,,,,,1,,,,,4,0,,0,,,,,,,,,,,,775000,,62600630,,,2024-01-10 22:31:05.000,1001,,,,,30001,,,62600630,,2024-01-10 22:55:01.783,2024-01-10 22:55:01.783,,,1.5833334,,,,1278,1006.37,,64.13,,,,UTC-0300,487mnSNu6t,,,2cabdde3-aee6-4d62-bb28-14067cd0ec55.com.samsung.health.exercise.live_data.json,,1.2985419,com.sec.android.app.shealth,,,,,2024-01-10 22:44:00.000,2cabdde3-aee6-4d62-bb28-14067cd0ec55,,
,,,,,,,1,,,,,4,0,,0,,,,,,,,,,,,900000,,62600630,,,2024-01-10 23:24:00.000,1001,,,,,30001,,,62600630,,2024-01-10 23:55:01.762,2024-01-10 23:55:01.762,,,1.5833334,,,,1795,1418.27,,89.770004,,,,UTC-0300,487mnSNu6t,,,73cadec5-541e-4010-a7e9-b0f3433c1210.com.samsung.health.exercise.live_data.json,,1.5758556,com.sec.android.app.shealth,,,,,2024-01-10 23:39:00.000,73cadec5-541e-4010-a7e9-b0f3433c1210,,
51ef5943-7fa2-42c1-9264-e015076ba55b.live_data_internal.json,,0,,,,142.73744,,,,,51ef5943-7fa2-42c1-9264-e015076ba55b.sensing_status.json,4,,,,,,,,,,,,,,,1063563,,62600630,,,2024-01-11 23:21:48.745,1001,,,,131.0,30001,,,62600630,152.0,2024-01-11 23:41:23.760,2024-01-11 23:41:23.760,,,1.6266683,109.95118,114.0,,1949,1541.98,,142.0,122.0,,,UTC-0300,hriiVjEkYE,,,51ef5943-7fa2-42c1-9264-e015076ba55b.com.samsung.health.exercise.live_data.json,,1.4498248,com.sec.android.app.shealth,,,,,2024-01-11 23:40:02.619,51ef5943-7fa2-42c1-9264-e015076ba55b,,
bcc4dcd9-ef48-475d-b942-b35441452e9c.live_data_internal.json,,0,,,,142.05664,,,,,bcc4dcd9-ef48-475d-b942-b35441452e9c.sensing_status.json,4,,,,,,,,,,,,,,,1062875,,62600630,,,2024-01-12 00:26:55.329,1001,,,,147.0,30001,,,62600630,157.0,2024-01-12 00:45:56.270,2024-01-12 00:45:56.270,,,1.6763346,109.9659,131.0,,1948,1565.06,,142.0,125.0,,,UTC-0300,hriiVjEkYE,,,bcc4dcd9-ef48-475d-b942-b35441452e9c.com.samsung.health.exercise.live_data.json,,1.472478,com.sec.android.app.shealth,,,,,2024-01-12 00:44:40.532,bcc4dcd9-ef48-475d-b942-b35441452e9c,,
ce328649-972c-4476-9897-08891897c3d7.live_data_internal.json,,0,,,,98.42659,,,,,ce328649-972c-4476-9897-08891897c3d7.sensing_status.json,4,,,,,,,,,,,,,,,670148,,62600630,,,2024-01-12 11:03:45.745,1001,,,,125.0,30001,,,62600630,145.0,2024-01-12 11:17:10.184,2024-01-12 11:17:10.184,,,1.5831665,99.5601,105.0,,1112,896.18,,97.0,120.0,,,UTC-0300,hriiVjEkYE,,,ce328649-972c-4476-9897-08891897c3d7.com.samsung.health.exercise.live_data.json,,1.3372867,com.sec.android.app.shealth,,,,,2024-01-12 11:15:54.530,ce328649-972c-4476-9897-08891897c3d7,,
d871d7f0-a756-42fe-a715-417b780cbbce.live_data_internal.json,,0,,,,101.00002,,,,,d871d7f0-a756-42fe-a715-417b780cbbce.sensing_status.json,4,,,,,,,,,,,,,,,773586,,62600630,,,2024-01-12 20:37:13.560,1001,,,,113.0,30001,,,62600630,130.0,2024-01-12 20:51:28.132,2024-01-12 20:51:28.132,,,1.6944444,93.92621,54.0,,1211,936.51,,101.0,118.0,,,UTC-0300,hriiVjEkYE,,,d871d7f0-a756-42fe-a715-417b780cbbce.com.samsung.health.exercise.live_data.json,,1.2106088,com.sec.android.app.shealth,,,,,2024-01-12 20:50:07.147,d871d7f0-a756-42fe-a715-417b780cbbce,,
c94bb42f-72f1-4f29-94a3-2eb6871fe120.live_data_internal.json,,0,,,,97.21529,,,,,c94bb42f-72f1-4f29-94a3-2eb6871fe120.sensing_status.json,4,,,,,,,,,,,,,,,712329,,62600630,,,2024-01-12 23:29:06.967,1001,,,,124.0,30001,,,62600630,144.0,2024-01-12 23:42:23.815,2024-01-12 23:42:23.815,,,1.7341634,110.005356,83.0,,1306,1033.39,,97.0,131.0,,,UTC-0300,hriiVjEkYE,,,c94bb42f-72f1-4f29-94a3-2eb6871fe120.com.samsung.health.exercise.live_data.json,,1.4507202,com.sec.android.app.shealth,,,,,2024-01-12 23:41:08.145,c94bb42f-72f1-4f29-94a3-2eb6871fe120,,
3650dfd2-387d-4ac8-ab5a-c16ee355e276.live_data_internal.json,,0,,,,126.26468,,,,,3650dfd2-387d-4ac8-ab5a-c16ee355e276.sensing_status.json,4,,,,,,,,,,,,,,,902703,,62600630,,,2024-01-13 00:24:57.404,1001,,,,144.0,30001,,,62600630,160.0,2024-01-13 00:42:07.800,2024-01-13 00:42:07.800,,,1.6791748,110.66763,104.0,,1665,1329.76,,125.0,126.0,,,UTC-0300,hriiVjEkYE,,,3650dfd2-387d-4ac8-ab5a-c16ee355e276.com.samsung.health.exercise.live_data.json,,1.473087,com.sec.android.app.shealth,,,,,2024-01-13 00:40:52.089,3650dfd2-387d-4ac8-ab5a-c16ee355e276,,
df93409c-7dd5-47c8-a253-be8f8b1d1b1f.live_data_internal.json,,0,,,,89.00002,,,,,df93409c-7dd5-47c8-a253-be8f8b1d1b1f.sensing_status.json,4,,,,,,,,,,,,,,,628325,,62600630,,,2024-01-16 11:04:27.056,1001,,,,119.0,30001,,,62600630,141.0,2024-01-16 11:16:11.097,2024-01-16 11:16:11.097,,,1.5355,103.32233,101.0,,1082,835.62,,89.0,117.0,,,UTC-0300,hriiVjEkYE,,,df93409c-7dd5-47c8-a253-be8f8b1d1b1f.com.samsung.health.exercise.live_data.json,,1.3299168,com.sec.android.app.shealth,,,,,2024-01-16 11:14:55.382,df93409c-7dd5-47c8-a253-be8f8b1d1b1f,,
0e52ca07-5ead-45bd-adff-dd0affa6ff4b.live_data_internal.json,,0,,,,121.000046,,,,,0e52ca07-5ead-45bd-adff-dd0affa6ff4b.sensing_status.json,4,,,,,,,,,,,,,,,949407,,62600630,,,2024-01-16 22:00:27.285,1001,,,,123.0,30001,,,62600630,143.0,2024-01-16 22:17:37.548,2024-01-16 22:17:37.548,,,1.6111112,107.94106,110.0,,1708,1326.13,,121.0,122.0,,,UTC-0300,hriiVjEkYE,,,0e52ca07-5ead-45bd-adff-dd0affa6ff4b.com.samsung.health.exercise.live_data.json,,1.3967983,com.sec.android.app.shealth,,,,,2024-01-16 22:16:16.694,0e52ca07-5ead-45bd-adff-dd0affa6ff4b,,
,,,,,,,1,,,,,4,0,,0,,,,,,,,,,,,659975,,62600630,,,2024-01-17 20:47:00.000,1001,,,,,30001,,,62600630,,2024-01-17 21:22:33.441,2024-01-17 21:22:33.441,,,1.3888888,,,,1143,877.83,,57.26,,,,UTC-0300,487mnSNu6t,,,27fd8f04-a033-4539-8bf7-230ee04fb75b.com.samsung.health.exercise.live_data.json,,1.3300958,com.sec.android.app.shealth,,,,,2024-01-17 20:58:00.000,27fd8f04-a033-4539-8bf7-230ee04fb75b,,
,,,,,,,1,,,,,4,0,,0,,,,,,,,,,,,959657,,62600630,,,2024-01-17 22:13:00.000,1001,,,,,30001,,,62600630,,2024-01-17 22:33:46.582,2024-01-17 22:33:46.582,,,1.6424999,,,,1722,1347.11,,86.29,,,,UTC-0300,487mnSNu6t,,,8a2522ba-c131-4e0d-b452-e3278134a994.com.samsung.health.exercise.live_data.json,,1.4037412,com.sec.android.app.shealth,,,,,2024-01-17 22:29:00.000,8a2522ba-c131-4e0d-b452-e3278134a994,,
1abce9a6-3d7a-4fe9-a4d8-87c0df627c24.live_data_internal.json,,0,,,,106.05715,,,,,1abce9a6-3d7a-4fe9-a4d8-87c0df627c24.sensing_status.json,4,,,,,,,,,,,,,,,793537,,62600630,,,2024-01-19 11:03:15.849,1001,,,,121.0,30001,,,62600630,143.0,2024-01-19 11:17:47.576,2024-01-19 11:17:47.576,,,1.580833,94.43794,103.0,,1249,967.63,,106.0,120.0,,,UTC-0300,hriiVjEkYE,,,1abce9a6-3d7a-4fe9-a4d8-87c0df627c24.com.samsung.health.exercise.live_data.json,,1.2193886,com.sec.android.app.shealth,,,,,2024-01-19 11:16:31.735,1abce9a6-3d7a-4fe9-a4d8-87c0df627c24,,
2d6efb40-65f9-4622-9978-6c9b0d3ff885.live_data_internal.json,,0,,,,221.34062,,,,,2d6efb40-65f9-4622-9978-6c9b0d3ff885.sensing_status.json,4,,,,,,,,,,,,,,,1836031,,62600630,,,2024-01-20 19:35:18.283,1001,,,,109.0,30001,,,62600630,115.0,2024-01-20 20:08:46.543,2024-01-20 20:08:46.543,,,1.6005152,86.992,104.0,,2662,2101.33,,219.0,102.0,,,UTC-0300,hriiVjEkYE,,,2d6efb40-65f9-4622-9978-6c9b0d3ff885.com.samsung.health.exercise.live_data.json,,1.144496,com.sec.android.app.shealth,,,,,2024-01-20 20:07:30.520,2d6efb40-65f9-4622-9978-6c9b0d3ff885,,
51144c1d-15f1-4f4a-a938-47a60e8f897c.live_data_internal.json,,0,,,,111.005745,,,,,51144c1d-15f1-4f4a-a938-47a60e8f897c.sensing_status.json,4,,,,,,,,,,,,,,,915967,,62610110,,,2024-01-24 01:00:28.206,1001,,,,95.0,30001,,,62610110,101.0,2024-01-24 01:17:00.154,2024-01-24 01:17:00.154,,,1.6944444,93.34398,87.0,,1425,1097.33,,111.0,109.0,,,UTC-0300,hriiVjEkYE,,,51144c1d-15f1-4f4a-a938-47a60e8f897c.com.samsung.health.exercise.live_data.json,,1.1980016,com.sec.android.app.shealth,,,,,2024-01-24 01:15:44.409,51144c1d-15f1-4f4a-a938-47a60e8f897c,,
c5fac2a8-8d10-4014-ade6-dc2af45d9534.live_data_internal.json,,0,,,,160.16196,,,,,c5fac2a8-8d10-4014-ade6-dc2af45d9534.sensing_status.json,4,,,,,,,,,,,,,,,1335739,,62610110,,,2024-01-24 01:18:53.582,1001,,,,96.0,30001,,,62610110,108.0,2024-01-24 01:43:12.898,2024-01-24 01:43:12.898,,,1.7777778,86.64866,81.0,,1929,1507.06,,159.0,122.0,,,UTC-0300,hriiVjEkYE,,,c5fac2a8-8d10-4014-ade6-dc2af45d9534.com.samsung.health.exercise.live_data.json,,1.1282594,com.sec.android.app.shealth,,,,,2024-01-24 01:41:57.081,c5fac2a8-8d10-4014-ade6-dc2af45d9534,,
,,,,,,,1,,,,,4,0,,0,,,,,,,,,,,,1908000,,62610110,,,2024-01-24 21:01:12.000,1001,,,,,30001,,,62610110,,2024-01-24 21:35:01.253,2024-01-24 21:35:01.253,,,2.0833333,,,,3162,2417.64,,158.34,,,,UTC-0300,487mnSNu6t,,,c8389489-1be2-4d61-bb0e-4823a4aa2420.com.samsung.health.exercise.live_data.json,,1.2671069,com.sec.android.app.shealth,,,,,2024-01-24 21:33:00.000,c8389489-1be2-4d61-bb0e-4823a4aa2420,,
6b9973c4-40c9-4916-80d6-cc8b0649972f.live_data_internal.json,,0,,,,83.02635,,,,,6b9973c4-40c9-4916-80d6-cc8b0649972f.sensing_status.json,4,,,,,,,,,,,,6b9973c4-40c9-4916-80d6-cc8b0649972f.location_data_internal.json,,,680174,,62610110,,6b9973c4-40c9-4916-80d6-cc8b0649972f.com.samsung.health.exercise.location_data.json,2024-01-25 22:36:47.063,1001,,,,93.0,30001,,,62610110,106.0,2024-01-25 22:50:05.375,2024-01-25 22:50:05.375,,,1.5,84.06673,76.0,,953,726.65,,82.0,101.0,,,UTC-0300,hriiVjEkYE,,,6b9973c4-40c9-4916-80d6-cc8b0649972f.com.samsung.health.exercise.live_data.json,,1.0683296,com.sec.android.app.shealth,,,,,2024-01-25 22:48:49.423,6b9973c4-40c9-4916-80d6-cc8b0649972f,,
b28da849-5801-4696-a8a7-c8a1b9c6a6d7.live_data_internal.json,,0,,,,79.00002,,,,,b28da849-5801-4696-a8a7-c8a1b9c6a6d7.sensing_status.json,4,,,,,,,,,,,,b28da849-5801-4696-a8a7-c8a1b9c6a6d7.location_data_internal.json,,,641891,,62610110,,b28da849-5801-4696-a8a7-c8a1b9c6a6d7.com.samsung.health.exercise.location_data.json,2024-01-26 00:48:32.633,1001,,,,108.0,30001,,,62610110,128.0,2024-01-26 01:00:30.460,2024-01-26 01:00:30.460,,,1.6388888,91.41739,98.0,,978,742.1,,79.0,109.0,,,UTC-0300,hriiVjEkYE,,,b28da849-5801-4696-a8a7-c8a1b9c6a6d7.com.samsung.health.exercise.live_data.json,,1.1561153,com.sec.android.app.shealth,,,,,2024-01-26 00:59:14.525,b28da849-5801-4696-a8a7-c8a1b9c6a6d7,,
fabbde7a-e145-45be-974d-f15a27de5be9.live_data_internal.json,,0,,,,85.65864,,,,,fabbde7a-e145-45be-974d-f15a27de5be9.sensing_status.json,4,,,,,,,,,,,,fabbde7a-e145-45be-974d-f15a27de5be9.location_data_internal.json,,,730881,,62610110,,fabbde7a-e145-45be-974d-f15a27de5be9.com.samsung.health.exercise.location_data.json,2024-01-28 21:22:05.110,1001,,,,109.0,30001,,,62610110,130.0,2024-01-28 21:35:58.979,2024-01-28 21:35:58.979,,,1.4444444,65.09952,95.0,,793,593.76,,85.0,108.0,,,UTC-0300,hriiVjEkYE,,,fabbde7a-e145-45be-974d-f15a27de5be9.com.samsung.health.exercise.live_data.json,,0.8123895,com.sec.android.app.shealth,,,,,2024-01-28 21:34:43.063,fabbde7a-e145-45be-974d-f15a27de5be9,,
191ec478-6f2f-45bc-9189-ed9b6d55cbdd.live_data_internal.json,,0,,,,95.0,,,,,191ec478-6f2f-45bc-9189-ed9b6d55cbdd.sensing_status.json,4,,,,,,,,,,,,191ec478-6f2f-45bc-9189-ed9b6d55cbdd.location_data_internal.json,,,696125,,62610110,,191ec478-6f2f-45bc-9189-ed9b6d55cbdd.com.samsung.health.exercise.location_data.json,2024-01-29 11:10:10.719,1001,,,,116.0,30001,,,62610110,154.0,2024-01-29 11:23:02.744,2024-01-29 11:23:02.744,,,1.6041666,92.224815,99.0,,1070,830.26,,95.0,121.0,,,UTC-0300,hriiVjEkYE,,,191ec478-6f2f-45bc-9189-ed9b6d55cbdd.com.samsung.health.exercise.live_data.json,,1.1926881,com.sec.android.app.shealth,,,,,2024-01-29 11:21:46.844,191ec478-6f2f-45bc-9189-ed9b6d55cbdd,,
1c04c728-7d8d-49cf-aced-c2ebee6cdb53.live_data_internal.json,,0,,,,112.00002,,,,,1c04c728-7d8d-49cf-aced-c2ebee6cdb53.sensing_status.json,4,,,,,,,,,,,,1c04c728-7d8d-49cf-aced-c2ebee6cdb53.location_data_internal.json,,,968726,,62610110,,1c04c728-7d8d-49cf-aced-c2ebee6cdb53.com.samsung.health.exercise.location_data.json,2024-01-29 22:39:58.056,1001,,,,112.0,30001,,,62610110,131.0,2024-01-29 22:56:12.540,2024-01-29 22:56:12.540,,,1.5277778,104.11613,99.0,,1681,1301.84,,112.0,116.0,,,UTC-0300,hriiVjEkYE,,,1c04c728-7d8d-49cf-aced-c2ebee6cdb53.com.samsung.health.exercise.live_data.json,,1.3438681,com.sec.android.app.shealth,,,,,2024-01-29 22:56:06.783,1c04c728-7d8d-49cf-aced-c2ebee6cdb53,,
aef53402-9250-4b1e-8719-32dbc9eed083.live_data_internal.json,,0,,,,88.0,,,,,aef53402-9250-4b1e-8719-32dbc9eed083.sensing_status.json,4,,,,,,,,,,,,aef53402-9250-4b1e-8719-32dbc9eed083.location_data_internal.json,,,664025,,62610110,,aef53402-9250-4b1e-8719-32dbc9eed083.com.samsung.health.exercise.location_data.json,2024-01-30 11:10:06.315,1001,,,,109.0,30001,,,62610110,133.0,2024-01-30 11:22:31.186,2024-01-30 11:22:31.186,,,1.5686666,96.41203,78.0,,1067,825.13,,88.0,119.0,,,UTC-0300,hriiVjEkYE,,,aef53402-9250-4b1e-8719-32dbc9eed083.com.samsung.health.exercise.live_data.json,,1.2426188,com.sec.android.app.shealth,,,,,2024-01-30 11:21:10.340,aef53402-9250-4b1e-8719-32dbc9eed083,,
,,,,,,,1,,,,,4,0,,0,,,,,,,,,,,,949000,,62610110,,,2024-01-30 22:15:11.000,1001,,,,,30001,,,62610110,,2024-01-30 22:35:01.650,2024-01-30 22:35:01.650,,,1.5277778,,,,1746,1360.74,,87.65,,,,UTC-0300,487mnSNu6t,,,4e4f6569-906c-4712-9a9a-dbde3fdaa6a8.com.samsung.health.exercise.live_data.json,,1.4338672,com.sec.android.app.shealth,,,,,2024-01-30 22:31:00.000,4e4f6569-906c-4712-9a9a-dbde3fdaa6a8,,
09b185b3-0e16-4ce3-8048-90c0d6dd101c.live_data_internal.json,,0,,,,99.23814,,,,,09b185b3-0e16-4ce3-8048-90c0d6dd101c.sensing_status.json,4,,,,,,,,,,,,09b185b3-0e16-4ce3-8048-90c0d6dd101c.location_data_internal.json,,,689613,,62610110,,09b185b3-0e16-4ce3-8048-90c0d6dd101c.com.samsung.health.exercise.location_data.json,2024-01-31 11:09:59.399,1001,,,,118.0,30001,,,62610110,140.0,2024-01-31 11:23:35.735,2024-01-31 11:23:35.735,,,1.6165004,94.487785,100.0,,1086,870.09,,98.0,122.0,,,UTC-0300,hriiVjEkYE,,,09b185b3-0e16-4ce3-8048-90c0d6dd101c.com.samsung.health.exercise.live_data.json,,1.2617078,com.sec.android.app.shealth,,,,,2024-01-31 11:22:19.903,09b185b3-0e16-4ce3-8048-90c0d6dd101c,,
d5b8f06b-7f71-4c40-a9f4-616bac64a4b3.live_data_internal.json,,0,,,,119.0,,,,,d5b8f06b-7f71-4c40-a9f4-616bac64a4b3.sensing_status.json,4,,,,,,,,,,,,d5b8f06b-7f71-4c40-a9f4-616bac64a4b3.location_data_internal.json,,,923250,,62610110,,d5b8f06b-7f71-4c40-a9f4-616bac64a4b3.com.samsung.health.exercise.location_data.json,2024-02-01 23:20:15.962,1001,,,,114.0,30001,,,62610110,123.0,2024-02-01 23:36:55.619,2024-02-01 23:36:55.619,,,1.6121663,110.08936,75.0,,1694,1324.03,,119.0,121.0,,,UTC-0300,hriiVjEkYE,,,d5b8f06b-7f71-4c40-a9f4-616bac64a4b3.com.samsung.health.exercise.live_data.json,,1.4340969,com.sec.android.app.shealth,,,,,2024-02-01 23:35:39.212,d5b8f06b-7f71-4c40-a9f4-616bac64a4b3,,
7a4e25c2-ab7f-4561-b5ab-561179452c25.live_data_internal.json,,0,,,,453.5901,,,,,7a4e25c2-ab7f-4561-b5ab-561179452c25.sensing_status.json,1,,,,,,,,,,,,,,,3163820,,62610110,,,2024-02-01 23:37:29.976,15002,,,,119.0,,,,62610110,148.0,2024-02-02 00:30:14.898,2024-02-02 00:30:14.898,,,,,80.0,,,0.0,,453.5901,,,,UTC-0300,hriiVjEkYE,,,7a4e25c2-ab7f-4561-b5ab-561179452c25.com.samsung.health.exercise.live_data.json,,0.0,com.sec.android.app.shealth,,,,,2024-02-02 00:30:13.796,7a4e25c2-ab7f-4561-b5ab-561179452c25,,
1021cefe-d544-4d0a-b31d-131b42d57326.live_data_internal.json,,0,,,,104.00002,,,,,1021cefe-d544-4d0a-b31d-131b42d57326.sensing_status.json,4,,,,,,,,,,,,1021cefe-d544-4d0a-b31d-131b42d57326.location_data_internal.json,,,824686,,62610110,,1021cefe-d544-4d0a-b31d-131b42d57326.com.samsung.health.exercise.location_data.json,2024-02-02 15:02:47.278,1001,,,,98.0,30001,,,62610110,109.0,2024-02-02 15:17:47.815,2024-02-02 15:17:47.815,,,1.5880005,81.63107,75.0,,1122,889.06,,104.0,120.0,,,UTC-0300,hriiVjEkYE,,,1021cefe-d544-4d0a-b31d-131b42d57326.com.samsung.health.exercise.live_data.json,,1.0780588,com.sec.android.app.shealth,,,,,2024-02-02 15:16:31.965,1021cefe-d544-4d0a-b31d-131b42d57326,,
03d3193d-902c-458a-bd19-e7b81febb1df.live_data_internal.json,,0,,,,101.67687,,,,,03d3193d-902c-458a-bd19-e7b81febb1df.sensing_status.json,4,,,,,,,,,,,,03d3193d-902c-458a-bd19-e7b81febb1df.location_data_internal.json,,,696647,,62610110,,03d3193d-902c-458a-bd19-e7b81febb1df.com.samsung.health.exercise.location_data.json,2024-02-02 15:30:48.514,1001,,,,123.0,30001,,,62610110,142.0,2024-02-02 15:45:31.084,2024-02-02 15:45:31.084,,,2.4444444,82.33726,100.0,,956,795.56,,99.0,125.0,,,UTC-0300,hriiVjEkYE,,,03d3193d-902c-458a-bd19-e7b81febb1df.com.samsung.health.exercise.live_data.json,,1.1419845,com.sec.android.app.shealth,,,,,2024-02-02 15:44:15.188,03d3193d-902c-458a-bd19-e7b81febb1df,,
952da93a-0e26-4c64-ba1e-7c3626d285e8.live_data_internal.json,,0,,,,141.28534,,,,,952da93a-0e26-4c64-ba1e-7c3626d285e8.sensing_status.json,4,,,,,,,,,,,,952da93a-0e26-4c64-ba1e-7c3626d285e8.location_data_internal.json,,,1099233,,62610110,,952da93a-0e26-4c64-ba1e-7c3626d285e8.com.samsung.health.exercise.location_data.json,2024-02-02 21:18:59.604,1001,,,,117.0,30001,,,62610110,135.0,2024-02-02 21:39:27.470,2024-02-02 21:39:27.470,,,1.6164998,98.03199,86.0,,1796,1412.52,,140.0,122.0,,,UTC-0300,hriiVjEkYE,,,952da93a-0e26-4c64-ba1e-7c3626d285e8.com.samsung.health.exercise.live_data.json,,1.2850051,com.sec.android.app.shealth,,,,,2024-02-02 21:38:11.668,952da93a-0e26-4c64-ba1e-7c3626d285e8,,
a262e0d1-084d-4713-876b-ec07ff631b70.live_data_internal.json,,0,,,,121.589836,,,,,a262e0d1-084d-4713-876b-ec07ff631b70.sensing_status.json,4,,,,,,,,,,,,a262e0d1-084d-4713-876b-ec07ff631b70.location_data_internal.json,,,942822,,62610110,,a262e0d1-084d-4713-876b-ec07ff631b70.com.samsung.health.exercise.location_data.json,2024-02-02 22:22:16.109,1001,,,,147.0,30001,,,62610110,162.0,2024-02-02 22:38:24.090,2024-02-02 22:38:24.090,,,1.6666666,109.649536,137.0,,1723,1365.97,,121.0,124.0,,,UTC-0300,hriiVjEkYE,,,a262e0d1-084d-4713-876b-ec07ff631b70.com.samsung.health.exercise.live_data.json,,1.44881,com.sec.android.app.shealth,,,,,2024-02-02 22:38:23.175,a262e0d1-084d-4713-876b-ec07ff631b70,,
9191ef90-8465-4cbe-a55d-8831f0f85f3d.live_data_internal.json,,0,,,,89.0,,,,,9191ef90-8465-4cbe-a55d-8831f0f85f3d.sensing_status.json,4,,,,,,,,,,,,9191ef90-8465-4cbe-a55d-8831f0f85f3d.location_data_internal.json,,,681164,,62620030,,9191ef90-8465-4cbe-a55d-8831f0f85f3d.com.samsung.health.exercise.location_data.json,2024-02-05 16:04:47.287,1001,,,,115.0,30001,,,62620030,127.0,2024-02-05 16:17:24.187,2024-02-05 16:17:24.187,,,1.6374971,107.19885,102.0,,1217,953.66,,89.0,122.0,,,UTC-0300,hriiVjEkYE,,,9191ef90-8465-4cbe-a55d-8831f0f85f3d.com.samsung.health.exercise.live_data.json,,1.4000446,com.sec.android.app.shealth,,,,,2024-02-05 16:16:08.451,9191ef90-8465-4cbe-a55d-8831f0f85f3d,,
4c130aae-7a3c-478e-b4c4-b3675ac1198c.live_data_internal.json,,0,,,,101.53535,,,,,4c130aae-7a3c-478e-b4c4-b3675ac1198c.sensing_status.json,4,,,,,,,,,,,,4c130aae-7a3c-478e-b4c4-b3675ac1198c.location_data_internal.json,,,755321,,62620030,,4c130aae-7a3c-478e-b4c4-b3675ac1198c.com.samsung.health.exercise.location_data.json,2024-02-05 16:23:10.594,1001,,,,117.0,30001,,,62620030,154.0,2024-02-05 16:37:31.498,2024-02-05 16:37:31.498,,,1.7119995,94.132164,55.0,,1185,980.65,,99.0,127.0,,,UTC-0300,hriiVjEkYE,,,4c130aae-7a3c-478e-b4c4-b3675ac1198c.com.samsung.health.exercise.live_data.json,,1.2983222,com.sec.android.app.shealth,,,,,2024-02-05 16:37:30.125,4c130aae-7a3c-478e-b4c4-b3675ac1198c,,
d7793ed7-f459-4dcf-a087-c32998bee538.live_data_internal.json,,0,,,,151.2965,,,,,d7793ed7-f459-4dcf-a087-c32998bee538.sensing_status.json,4,,,,,,,,,,,,d7793ed7-f459-4dcf-a087-c32998bee538.location_data_internal.json,,,1194659,,62620030,,d7793ed7-f459-4dcf-a087-c32998bee538.com.samsung.health.exercise.location_data.json,2024-02-05 22:33:56.729,1001,,,,123.0,30001,,,62620030,136.0,2024-02-05 22:55:19.650,2024-02-05 22:55:19.650,,,1.6266683,105.82099,98.0,,2107,1687.19,,151.0,122.0,,,UTC-0300,hriiVjEkYE,,,d7793ed7-f459-4dcf-a087-c32998bee538.com.samsung.health.exercise.live_data.json,,1.4122773,com.sec.android.app.shealth,,,,,2024-02-05 22:54:03.575,d7793ed7-f459-4dcf-a087-c32998bee538,,
590e308d-fd42-4f57-b8f0-c7b5a68c8201.live_data_internal.json,,0,,,,208.00003,,,,,590e308d-fd42-4f57-b8f0-c7b5a68c8201.sensing_status.json,4,,,,,,,,,,,,590e308d-fd42-4f57-b8f0-c7b5a68c8201.location_data_internal.json,,,1550899,,62620030,,590e308d-fd42-4f57-b8f0-c7b5a68c8201.com.samsung.health.exercise.location_data.json,2024-02-05 23:39:23.573,1001,,,,130.0,30001,,,62620030,136.0,2024-02-06 00:06:30.373,2024-02-06 00:06:30.373,,,1.677002,118.653755,121.0,,3067,2445.77,,208.0,125.0,,,UTC-0300,hriiVjEkYE,,,590e308d-fd42-4f57-b8f0-c7b5a68c8201.com.samsung.health.exercise.live_data.json,,1.5770015,com.sec.android.app.shealth,,,,,2024-02-06 00:05:14.473,590e308d-fd42-4f57-b8f0-c7b5a68c8201,,
050f6bf7-b6e8-4b7b-a6cb-b153e07c7d00.live_data_internal.json,,0,,,,103.42567,,,,,050f6bf7-b6e8-4b7b-a6cb-b153e07c7d00.sensing_status.json,4,,,,,,,,,,,,050f6bf7-b6e8-4b7b-a6cb-b153e07c7d00.location_data_internal.json,,,723661,,62620030,,050f6bf7-b6e8-4b7b-a6cb-b153e07c7d00.com.samsung.health.exercise.location_data.json,2024-02-06 11:20:18.934,1001,,,,124.0,30001,,,62620030,143.0,2024-02-06 11:34:36.922,2024-02-06 11:34:36.922,,,1.6131791,97.67004,97.0,,1178,921.16,,102.0,120.0,,,UTC-0300,hriiVjEkYE,,,050f6bf7-b6e8-4b7b-a6cb-b153e07c7d00.com.samsung.health.exercise.live_data.json,,1.2729164,com.sec.android.app.shealth,,,,,2024-02-06 11:33:21.194,050f6bf7-b6e8-4b7b-a6cb-b153e07c7d00,,
d49b1b06-95ff-4c86-9100-ce588acb4fe7.live_data_internal.json,,0,,,,99.0,,,,,d49b1b06-95ff-4c86-9100-ce588acb4fe7.sensing_status.json,4,,,,,,,,,,,,d49b1b06-95ff-4c86-9100-ce588acb4fe7.location_data_internal.json,,,774511,,62620030,,d49b1b06-95ff-4c86-9100-ce588acb4fe7.com.samsung.health.exercise.location_data.json,2024-02-06 20:58:55.089,1001,,,,113.0,30001,,,62620030,133.0,2024-02-06 21:13:05.711,2024-02-06 21:13:05.711,,,1.6108358,90.7153,91.0,,1171,925.12,,99.0,121.0,,,UTC-0300,hriiVjEkYE,,,d49b1b06-95ff-4c86-9100-ce588acb4fe7.com.samsung.health.exercise.live_data.json,,1.1944569,com.sec.android.app.shealth,,,,,2024-02-06 21:11:49.600,d49b1b06-95ff-4c86-9100-ce588acb4fe7,,
e622dc02-b731-4fa1-bc05-49ed58a4e6f6.live_data_internal.json,,0,,,,100.09572,,,,,e622dc02-b731-4fa1-bc05-49ed58a4e6f6.sensing_status.json,4,,,,,,,,,,,,e622dc02-b731-4fa1-bc05-49ed58a4e6f6.location_data_internal.json,,,695536,,62620030,,e622dc02-b731-4fa1-bc05-49ed58a4e6f6.com.samsung.health.exercise.location_data.json,2024-02-07 11:09:31.948,1001,,,,115.0,30001,,,62620030,136.0,2024-02-07 11:23:08.118,2024-02-07 11:23:08.118,,,1.5555556,96.09855,91.0,,1114,886.55,,99.0,118.0,,,UTC-0300,hriiVjEkYE,,,e622dc02-b731-4fa1-bc05-49ed58a4e6f6.com.samsung.health.exercise.live_data.json,,1.2746284,com.sec.android.app.shealth,,,,,2024-02-07 11:21:52.521,e622dc02-b731-4fa1-bc05-49ed58a4e6f6,,
844069de-c15b-46a5-8095-bd11a703fc1c.live_data_internal.json,,0,,,,98.16651,,,,,844069de-c15b-46a5-8095-bd11a703fc1c.sensing_status.json,4,,,,,,,,,,,,844069de-c15b-46a5-8095-bd11a703fc1c.location_data_internal.json,,,760328,,62620030,,844069de-c15b-46a5-8095-bd11a703fc1c.com.samsung.health.exercise.location_data.json,2024-02-07 21:35:01.494,1001,,,,116.0,30001,,,62620030,134.0,2024-02-07 21:49:04.320,2024-02-07 21:49:04.320,,,1.5699992,94.69598,94.0,,1200,939.77,,98.0,119.0,,,UTC-0300,hriiVjEkYE,,,844069de-c15b-46a5-8095-bd11a703fc1c.com.samsung.health.exercise.live_data.json,,1.236006,com.sec.android.app.shealth,,,,,2024-02-07 21:47:48.666,844069de-c15b-46a5-8095-bd11a703fc1c,,
284fe65a-a118-442c-8a8e-ce7b4361bdd2.live_data_internal.json,,0,,,,142.0,,,,,284fe65a-a118-442c-8a8e-ce7b4361bdd2.sensing_status.json,4,,,,,,,,,,,,284fe65a-a118-442c-8a8e-ce7b4361bdd2.location_data_internal.json,,,1084992,,62620030,,284fe65a-a118-442c-8a8e-ce7b4361bdd2.com.samsung.health.exercise.location_data.json,2024-02-07 22:44:04.383,1001,,,,127.0,30001,,,62620030,145.0,2024-02-07 23:03:30.441,2024-02-07 23:03:30.441,,,1.6595012,114.0285,111.0,,2062,1622.55,,142.0,126.0,,,UTC-0300,hriiVjEkYE,,,284fe65a-a118-442c-8a8e-ce7b4361bdd2.com.samsung.health.exercise.live_data.json,,1.495449,com.sec.android.app.shealth,,,,,2024-02-07 23:02:09.375,284fe65a-a118-442c-8a8e-ce7b4361bdd2,,
909a2c3f-038e-4783-b366-350bd73f8f4e.live_data_internal.json,,0,,,,105.00002,,,,,909a2c3f-038e-4783-b366-350bd73f8f4e.sensing_status.json,4,,,,,,,,,,,,909a2c3f-038e-4783-b366-350bd73f8f4e.location_data_internal.json,,,777684,,62620030,,909a2c3f-038e-4783-b366-350bd73f8f4e.com.samsung.health.exercise.location_data.json,2024-02-08 23:12:52.274,1001,,,,119.0,30001,,,62620030,123.0,2024-02-08 23:27:05.779,2024-02-08 23:27:05.779,,,1.6399983,115.11102,112.0,,1492,1214.01,,105.0,123.0,,,UTC-0300,hriiVjEkYE,,,909a2c3f-038e-4783-b366-350bd73f8f4e.com.samsung.health.exercise.live_data.json,,1.5610582,com.sec.android.app.shealth,,,,,2024-02-08 23:25:49.959,909a2c3f-038e-4783-b366-350bd73f8f4e,,
aa566959-18f4-4df7-976a-66dcd8198faf.live_data_internal.json,,0,,,,137.17046,,,,,aa566959-18f4-4df7-976a-66dcd8198faf.sensing_status.json,4,,,,,,,,,,,,aa566959-18f4-4df7-976a-66dcd8198faf.location_data_internal.json,,,1056380,,62620030,,aa566959-18f4-4df7-976a-66dcd8198faf.com.samsung.health.exercise.location_data.json,2024-02-13 20:48:14.958,1001,,,,117.0,30001,,,62620030,130.0,2024-02-13 21:07:14.475,2024-02-13 21:07:14.475,,,1.5936666,110.13083,80.0,,1939,1522.69,,137.0,121.0,,,UTC-0300,hriiVjEkYE,,,aa566959-18f4-4df7-976a-66dcd8198faf.com.samsung.health.exercise.live_data.json,,1.4414226,com.sec.android.app.shealth,,,,,2024-02-13 21:05:58.344,aa566959-18f4-4df7-976a-66dcd8198faf,,
f7164cd6-bee5-4385-a7f8-695389657d83.live_data_internal.json,,0,,,,357.74014,,,,,f7164cd6-bee5-4385-a7f8-695389657d83.sensing_status.json,1,,,,,,,,,,,,,,,2353574,,62620030,,,2024-02-13 21:14:13.638,15002,,,,124.0,,,,62620030,151.0,2024-02-13 21:53:28.615,2024-02-13 21:53:28.615,,,,,103.0,,,0.0,,357.74014,,,,UTC-0300,hriiVjEkYE,,,f7164cd6-bee5-4385-a7f8-695389657d83.com.samsung.health.exercise.live_data.json,,0.0,com.sec.android.app.shealth,,,,,2024-02-13 21:53:27.212,f7164cd6-bee5-4385-a7f8-695389657d83,,
8c0e1f55-6787-4112-909a-012c227f12a7.live_data_internal.json,,0,,,,173.9217,,,,,8c0e1f55-6787-4112-909a-012c227f12a7.sensing_status.json,4,,,,,,,,,,,,8c0e1f55-6787-4112-909a-012c227f12a7.location_data_internal.json,,,1283090,,62620030,,8c0e1f55-6787-4112-909a-012c227f12a7.com.samsung.health.exercise.location_data.json,2024-02-13 21:53:36.500,1001,,,,132.0,30001,,,62620030,138.0,2024-02-13 22:16:53.313,2024-02-13 22:16:53.313,,,1.6728352,119.19663,118.0,,2549,2010.06,,173.0,126.0,,,UTC-0300,hriiVjEkYE,,,8c0e1f55-6787-4112-909a-012c227f12a7.com.samsung.health.exercise.live_data.json,,1.5665777,com.sec.android.app.shealth,,,,,2024-02-13 22:15:37.475,8c0e1f55-6787-4112-909a-012c227f12a7,,
74eeafa0-0ac9-4102-b7c6-5528b0c0a919.live_data_internal.json,,0,,,,106.00882,,,,,74eeafa0-0ac9-4102-b7c6-5528b0c0a919.sensing_status.json,4,,,,,,,,,,,,74eeafa0-0ac9-4102-b7c6-5528b0c0a919.location_data_internal.json,,,694792,,62620030,,74eeafa0-0ac9-4102-b7c6-5528b0c0a919.com.samsung.health.exercise.location_data.json,2024-02-15 11:09:51.993,1001,,,,110.0,30001,,,62620030,140.0,2024-02-15 11:24:05.026,2024-02-15 11:24:05.026,,,1.5025004,102.5055,90.0,,1187,928.91,,104.0,115.0,,,UTC-0300,hriiVjEkYE,,,74eeafa0-0ac9-4102-b7c6-5528b0c0a919.com.samsung.health.exercise.live_data.json,,1.3369613,com.sec.android.app.shealth,,,,,2024-02-15 11:22:49.353,74eeafa0-0ac9-4102-b7c6-5528b0c0a919,,
c912472b-4077-4d76-98a9-317305518235.live_data_internal.json,,0,,,,101.24853,,,,,c912472b-4077-4d76-98a9-317305518235.sensing_status.json,4,,,,,,,,,,,,c912472b-4077-4d76-98a9-317305518235.location_data_internal.json,,,713646,,62620030,,c912472b-4077-4d76-98a9-317305518235.com.samsung.health.exercise.location_data.json,2024-02-16 11:15:18.930,1001,,,,109.0,30001,,,62620030,128.0,2024-02-16 11:29:19.725,2024-02-16 11:29:19.725,,,1.5833334,97.94772,95.0,,1165,940.7,,100.0,118.0,,,UTC-0300,hriiVjEkYE,,,c912472b-4077-4d76-98a9-317305518235.com.samsung.health.exercise.live_data.json,,1.3181605,com.sec.android.app.shealth,,,,,2024-02-16 11:28:03.894,c912472b-4077-4d76-98a9-317305518235,,
d4dd5bac-58e5-49e5-906b-da93d2c4c2f1.live_data_internal.json,,0,,,,131.36737,,,,,d4dd5bac-58e5-49e5-906b-da93d2c4c2f1.sensing_status.json,4,,,,,,,,,,,,d4dd5bac-58e5-49e5-906b-da93d2c4c2f1.location_data_internal.json,,,966452,,62620030,,d4dd5bac-58e5-49e5-906b-da93d2c4c2f1.com.samsung.health.exercise.location_data.json,2024-02-16 22:49:48.164,1001,,,,109.0,30001,,,62620030,128.0,2024-02-16 23:08:06.566,2024-02-16 23:08:06.566,,,1.6536702,102.80903,76.0,,1656,1334.18,,130.0,124.0,,,UTC-0300,hriiVjEkYE,,,d4dd5bac-58e5-49e5-906b-da93d2c4c2f1.com.samsung.health.exercise.live_data.json,,1.3804928,com.sec.android.app.shealth,,,,,2024-02-16 23:06:50.819,d4dd5bac-58e5-49e5-906b-da93d2c4c2f1,,
aa7b9a56-f507-4091-bc63-3b0ebd33158f.live_data_internal.json,,0,,,,545.98004,,,,,aa7b9a56-f507-4091-bc63-3b0ebd33158f.sensing_status.json,1,,,,,,,,,,,,,,,4163715,,62620030,,,2024-02-17 14:30:51.121,15002,,,,105.0,,,,62620030,135.0,2024-02-17 15:40:15.961,2024-02-17 15:40:15.961,,,,,78.0,,,0.0,,545.98004,,,,UTC-0300,hriiVjEkYE,,,aa7b9a56-f507-4091-bc63-3b0ebd33158f.com.samsung.health.exercise.live_data.json,,0.0,com.sec.android.app.shealth,,,,,2024-02-17 15:40:14.836,aa7b9a56-f507-4091-bc63-3b0ebd33158f,,
3671bf7e-8833-4952-b6c5-f8cfd072653c.live_data_internal.json,,0,,,,116.27777,,,,,3671bf7e-8833-4952-b6c5-f8cfd072653c.sensing_status.json,4,,,,,,,,,,,,3671bf7e-8833-4952-b6c5-f8cfd072653c.location_data_internal.json,,,895338,,62620030,,3671bf7e-8833-4952-b6c5-f8cfd072653c.com.samsung.health.exercise.location_data.json,2024-02-20 22:46:03.639,1001,,,,120.0,30001,,,62620030,129.0,2024-02-20 23:01:52.360,2024-02-20 23:01:52.360,,,1.5968343,113.655396,113.0,,1696,1339.59,,115.0,121.0,,,UTC-0300,hriiVjEkYE,,,3671bf7e-8833-4952-b6c5-f8cfd072653c.com.samsung.health.exercise.live_data.json,,1.4961835,com.sec.android.app.shealth,,,,,2024-02-20 23:01:51.497,3671bf7e-8833-4952-b6c5-f8cfd072653c,,
e35c84c4-89c4-4942-b79d-6a581432b577.live_data_internal.json,,0,,,,725.61005,,,,,e35c84c4-89c4-4942-b79d-6a581432b577.sensing_status.json,1,,,,,,,,,,,,,,,4998746,,62620030,,,2024-02-20 23:01:51.499,15002,,,,116.0,,,,62620030,146.0,2024-02-21 00:25:11.357,2024-02-21 00:25:11.357,,,,,92.0,,,0.0,,725.61005,,,,UTC-0300,hriiVjEkYE,,,e35c84c4-89c4-4942-b79d-6a581432b577.com.samsung.health.exercise.live_data.json,,0.0,com.sec.android.app.shealth,,,,,2024-02-21 00:25:10.245,e35c84c4-89c4-4942-b79d-6a581432b577,,
0b862e84-caec-40f3-8b7b-645c4a121559.live_data_internal.json,,0,,,,128.0,,,,,0b862e84-caec-40f3-8b7b-645c4a121559.sensing_status.json,4,,,,,,,,,,,,0b862e84-caec-40f3-8b7b-645c4a121559.location_data_internal.json,,,966264,,62620030,,0b862e84-caec-40f3-8b7b-645c4a121559.com.samsung.health.exercise.location_data.json,2024-02-22 16:20:11.015,1001,,,,108.0,30001,,,62620030,116.0,2024-02-22 16:37:33.007,2024-02-22 16:37:33.007,,,1.6741658,102.146,90.0,,1645,1297.97,,128.0,126.0,,,UTC-0300,hriiVjEkYE,,,0b862e84-caec-40f3-8b7b-645c4a121559.com.samsung.health.exercise.live_data.json,,1.3432871,com.sec.android.app.shealth,,,,,2024-02-22 16:36:17.279,0b862e84-caec-40f3-8b7b-645c4a121559,,
5822f6bb-5bde-4855-b944-64c6dee73fc4.live_data_internal.json,,0,,,,130.16125,,,,,5822f6bb-5bde-4855-b944-64c6dee73fc4.sensing_status.json,4,,,,,,,,,,,,5822f6bb-5bde-4855-b944-64c6dee73fc4.location_data_internal.json,,,1023810,,62620030,,5822f6bb-5bde-4855-b944-64c6dee73fc4.com.samsung.health.exercise.location_data.json,2024-02-22 23:19:34.680,1001,,,,118.0,30001,,,62620030,129.0,2024-02-22 23:37:26.932,2024-02-22 23:37:26.932,,,1.5800008,110.41112,105.0,,1884,1474.88,,129.0,120.0,,,UTC-0300,hriiVjEkYE,,,5822f6bb-5bde-4855-b944-64c6dee73fc4.com.samsung.health.exercise.live_data.json,,1.4405798,com.sec.android.app.shealth,,,,,2024-02-22 23:37:26.221,5822f6bb-5bde-4855-b944-64c6dee73fc4,,
0062c26c-5acd-4d0c-826f-39334d5ad67f.live_data_internal.json,,0,,,,500.6101,,,,,0062c26c-5acd-4d0c-826f-39334d5ad67f.sensing_status.json,1,,,,,,,,,,,,,,,3532831,,62620030,,,2024-02-22 23:37:26.222,15002,,,,113.0,,,,62620030,157.0,2024-02-23 00:36:19.711,2024-02-23 00:36:19.711,,,,,86.0,,,0.0,,500.6101,,,,UTC-0300,hriiVjEkYE,,,0062c26c-5acd-4d0c-826f-39334d5ad67f.com.samsung.health.exercise.live_data.json,,0.0,com.sec.android.app.shealth,,,,,2024-02-23 00:36:19.053,0062c26c-5acd-4d0c-826f-39334d5ad67f,,
b1e7761d-ad27-414b-aa0f-a7f1aed53513.live_data_internal.json,,0,,,,77.000046,,,,,b1e7761d-ad27-414b-aa0f-a7f1aed53513.sensing_status.json,4,,,,,,,,,,,,b1e7761d-ad27-414b-aa0f-a7f1aed53513.location_data_internal.json,,,628908,,62620030,,b1e7761d-ad27-414b-aa0f-a7f1aed53513.com.samsung.health.exercise.location_data.json,2024-02-23 10:57:15.471,1001,,,,114.0,30001,,,62620030,139.0,2024-02-23 11:07:47.782,2024-02-23 11:07:47.782,,,1.4833333,79.28027,94.0,,831,633.9,,77.0,114.0,,,UTC-0300,hriiVjEkYE,,,b1e7761d-ad27-414b-aa0f-a7f1aed53513.com.samsung.health.exercise.live_data.json,,1.0079376,com.sec.android.app.shealth,,,,,2024-02-23 11:07:44.381,b1e7761d-ad27-414b-aa0f-a7f1aed53513,,
f568345f-7438-4ec6-ab07-b373002b2712.live_data_internal.json,,0,,,,142.2557,,,,,f568345f-7438-4ec6-ab07-b373002b2712.sensing_status.json,4,,,,,,,,,,,,f568345f-7438-4ec6-ab07-b373002b2712.location_data_internal.json,,,1092203,,62620030,,f568345f-7438-4ec6-ab07-b373002b2712.com.samsung.health.exercise.location_data.json,2024-02-23 22:07:31.194,1001,,,,121.0,30001,,,62620030,129.0,2024-02-23 22:27:10.228,2024-02-23 22:27:10.228,,,1.5833334,109.86969,112.0,,2000,1558.73,,142.0,120.0,,,UTC-0300,hriiVjEkYE,,,f568345f-7438-4ec6-ab07-b373002b2712.com.samsung.health.exercise.live_data.json,,1.4271431,com.sec.android.app.shealth,,,,,2024-02-23 22:25:53.907,f568345f-7438-4ec6-ab07-b373002b2712,,
ee85f98d-2703-485c-8d61-a341dd75f419.live_data_internal.json,,0,,,,548.6602,,,,,ee85f98d-2703-485c-8d61-a341dd75f419.sensing_status.json,1,,,,,,,,,,,,,,,3283901,,62620030,,,2024-02-23 22:27:24.005,15002,,,,135.0,,,,62620030,169.0,2024-02-23 23:22:08.509,2024-02-23 23:22:08.509,,,,,108.0,,,0.0,,548.6602,,,,UTC-0300,hriiVjEkYE,,,ee85f98d-2703-485c-8d61-a341dd75f419.com.samsung.health.exercise.live_data.json,,0.0,com.sec.android.app.shealth,,,,,2024-02-23 23:22:07.906,ee85f98d-2703-485c-8d61-a341dd75f419,,
376f430f-124b-44a5-949f-2f92ccfca8e5.live_data_internal.json,,0,,,,131.94006,,,,,376f430f-124b-44a5-949f-2f92ccfca8e5.sensing_status.json,4,,,,,,,,,,,,376f430f-124b-44a5-949f-2f92ccfca8e5.location_data_internal.json,,,924196,,62620030,,376f430f-124b-44a5-949f-2f92ccfca8e5.com.samsung.health.exercise.location_data.json,2024-02-23 23:22:18.308,1001,,,,146.0,30001,,,62620030,154.0,2024-02-23 23:40:18.043,2024-02-23 23:40:18.043,,,1.6533366,109.58715,129.0,,1688,1390.06,,130.0,124.0,,,UTC-0300,hriiVjEkYE,,,376f430f-124b-44a5-949f-2f92ccfca8e5.com.samsung.health.exercise.live_data.json,,1.5040749,com.sec.android.app.shealth,,,,,2024-02-23 23:39:02.246,376f430f-124b-44a5-949f-2f92ccfca8e5,,
bd852816-a5ab-4feb-a0a8-112959dd0407.live_data_internal.json,,0,,,,83.0,,,,,bd852816-a5ab-4feb-a0a8-112959dd0407.sensing_status.json,4,,,,,,,,,,,,bd852816-a5ab-4feb-a0a8-112959dd0407.location_data_internal.json,,,615998,,62620030,,bd852816-a5ab-4feb-a0a8-112959dd0407.com.samsung.health.exercise.location_data.json,2024-02-26 11:04:39.272,1001,,,,113.0,30001,,,62620030,134.0,2024-02-26 11:16:10.971,2024-02-26 11:16:10.971,,,1.5708337,80.84442,90.0,,830,635.13,,83.0,120.0,,,UTC-0300,hriiVjEkYE,,,bd852816-a5ab-4feb-a0a8-112959dd0407.com.samsung.health.exercise.live_data.json,,1.0310585,com.sec.android.app.shealth,,,,,2024-02-26 11:14:55.269,bd852816-a5ab-4feb-a0a8-112959dd0407,,
30410f75-46bb-4c5c-a0e0-348a92cfe3dd.live_data_internal.json,,0,,,,2.43,,,,,30410f75-46bb-4c5c-a0e0-348a92cfe3dd.sensing_status.json,1,,,,,,,,,,,,,,,26745,,62620030,,,2024-02-27 23:40:24.947,15002,,,,66.0,,,,62620030,69.0,2024-02-27 23:40:52.830,2024-02-27 23:40:52.830,,,,,64.0,,,0.0,,2.43,,,,UTC-0300,hriiVjEkYE,,,30410f75-46bb-4c5c-a0e0-348a92cfe3dd.com.samsung.health.exercise.live_data.json,,0.0,com.sec.android.app.shealth,,,,,2024-02-27 23:40:51.692,30410f75-46bb-4c5c-a0e0-348a92cfe3dd,,
a3f36d35-b3ca-425e-a6ae-b37f9bc2ca36.live_data_internal.json,,0,,-49.340008,,1.3779956,,,,,a3f36d35-b3ca-425e-a6ae-b37f9bc2ca36.sensing_status.json,1,,,,,,,,-25.399937,,,,a3f36d35-b3ca-425e-a6ae-b37f9bc2ca36.location_data_internal.json,,,16176,,62620030,,a3f36d35-b3ca-425e-a6ae-b37f9bc2ca36.com.samsung.health.exercise.location_data.json,2024-02-27 23:41:05.940,1001,,,,70.0,30001,,,62620030,73.0,2024-02-27 23:41:44.762,2024-02-27 23:41:44.762,,,,,67.0,,0,0.0,,0.851,,,,UTC-0300,hriiVjEkYE,,,a3f36d35-b3ca-425e-a6ae-b37f9bc2ca36.com.samsung.health.exercise.live_data.json,,0.0,com.sec.android.app.shealth,0.0,,,,2024-02-27 23:41:43.777,a3f36d35-b3ca-425e-a6ae-b37f9bc2ca36,,
3a59bffe-708b-44eb-a8b3-9ff691c7440a.live_data_internal.json,,0,,,,110.25772,,,,,3a59bffe-708b-44eb-a8b3-9ff691c7440a.sensing_status.json,4,,,,,,,,,,,,3a59bffe-708b-44eb-a8b3-9ff691c7440a.location_data_internal.json,,,846554,,62620030,,3a59bffe-708b-44eb-a8b3-9ff691c7440a.com.samsung.health.exercise.location_data.json,2024-02-29 23:19:38.115,1001,,,,124.0,30001,,,62620030,140.0,2024-02-29 23:34:37.030,2024-02-29 23:34:37.030,,,1.5878336,113.826164,115.0,,1606,1211.09,,109.0,120.0,,,UTC-0300,hriiVjEkYE,,,3a59bffe-708b-44eb-a8b3-9ff691c7440a.com.samsung.health.exercise.live_data.json,,1.4306116,com.sec.android.app.shealth,,,,,2024-02-29 23:34:36.365,3a59bffe-708b-44eb-a8b3-9ff691c7440a,,
d51ae0a1-92fc-4db3-9a5a-889aba2faad4.live_data_internal.json,,0,,,,533.9403,,,,,d51ae0a1-92fc-4db3-9a5a-889aba2faad4.sensing_status.json,1,,,,,,,,,,,,,,,3300465,,62620030,,,2024-02-29 23:34:36.367,15002,,,,131.0,,,,62620030,155.0,2024-03-01 00:29:37.352,2024-03-01 00:29:37.352,,,,,103.0,,,0.0,,533.9403,,,,UTC-0300,hriiVjEkYE,,,d51ae0a1-92fc-4db3-9a5a-889aba2faad4.com.samsung.health.exercise.live_data.json,,0.0,com.sec.android.app.shealth,,,,,2024-03-01 00:29:36.832,d51ae0a1-92fc-4db3-9a5a-889aba2faad4,,
ca792ec0-6acb-48a4-b976-d95aafde1881.live_data_internal.json,,0,,,,143.43187,,,,,ca792ec0-6acb-48a4-b976-d95aafde1881.sensing_status.json,4,,,,,,,,,,,,ca792ec0-6acb-48a4-b976-d95aafde1881.location_data_internal.json,,,1068938,,62620030,,ca792ec0-6acb-48a4-b976-d95aafde1881.com.samsung.health.exercise.location_data.json,2024-03-01 00:31:11.347,1001,,,,135.0,30001,,,62620030,151.0,2024-03-01 00:51:15.046,2024-03-01 00:51:15.046,,,1.8333335,99.294815,109.0,,1769,1406.27,,142.0,125.0,,,UTC-0300,hriiVjEkYE,,,ca792ec0-6acb-48a4-b976-d95aafde1881.com.samsung.health.exercise.live_data.json,,1.3155768,com.sec.android.app.shealth,,,,,2024-03-01 00:49:59.139,ca792ec0-6acb-48a4-b976-d95aafde1881,,
ab8f3e8c-0795-42a4-83cb-82e28e1249fe.live_data_internal.json,,0,,,,137.8379,,,,,ab8f3e8c-0795-42a4-83cb-82e28e1249fe.sensing_status.json,4,,,,,,,,,,,,ab8f3e8c-0795-42a4-83cb-82e28e1249fe.location_data_internal.json,,,1014662,,62620030,,ab8f3e8c-0795-42a4-83cb-82e28e1249fe.com.samsung.health.exercise.location_data.json,2024-03-01 23:28:46.556,1001,,,,125.0,30001,,,62620030,135.0,2024-03-01 23:47:31.940,2024-03-01 23:47:31.940,,,1.6666666,110.69696,112.0,,1872,1493.61,,137.0,125.0,,,UTC-0300,hriiVjEkYE,,,ab8f3e8c-0795-42a4-83cb-82e28e1249fe.com.samsung.health.exercise.live_data.json,,1.4720272,com.sec.android.app.shealth,,,,,2024-03-01 23:46:15.658,ab8f3e8c-0795-42a4-83cb-82e28e1249fe,,
97cf9756-23d9-432c-81d5-2941295faed9.live_data_internal.json,,0,,,,529.0801,,,,,97cf9756-23d9-432c-81d5-2941295faed9.sensing_status.json,1,,,,,,,,,,,,,,,3300488,,62620030,,,2024-03-01 23:47:52.280,15002,,,,132.0,,,,62620030,153.0,2024-03-02 00:42:54.149,2024-03-02 00:42:54.149,,,,,96.0,,,0.0,,529.0801,,,,UTC-0300,hriiVjEkYE,,,97cf9756-23d9-432c-81d5-2941295faed9.com.samsung.health.exercise.live_data.json,,0.0,com.sec.android.app.shealth,,,,,2024-03-02 00:42:52.768,97cf9756-23d9-432c-81d5-2941295faed9,,
23caaeb4-aa29-4d21-a020-ec7af0fdd2a5.live_data_internal.json,,0,,,,104.02236,,,,,23caaeb4-aa29-4d21-a020-ec7af0fdd2a5.sensing_status.json,4,,,,,,,,,,,,23caaeb4-aa29-4d21-a020-ec7af0fdd2a5.location_data_internal.json,,,814606,,62620030,,23caaeb4-aa29-4d21-a020-ec7af0fdd2a5.com.samsung.health.exercise.location_data.json,2024-03-02 13:43:23.890,1001,,,,122.0,30001,,,62620030,129.0,2024-03-02 13:58:14.980,2024-03-02 13:58:14.980,,,1.5944998,105.40064,115.0,,1431,1120.19,,104.0,121.0,,,UTC-0300,hriiVjEkYE,,,23caaeb4-aa29-4d21-a020-ec7af0fdd2a5.com.samsung.health.exercise.live_data.json,,1.3751309,com.sec.android.app.shealth,,,,,2024-03-02 13:56:59.415,23caaeb4-aa29-4d21-a020-ec7af0fdd2a5,,
6b2975f6-531a-4abb-8298-6b79ad8bd960.live_data_internal.json,,0,,,,698.3702,,,,,6b2975f6-531a-4abb-8298-6b79ad8bd960.sensing_status.json,1,,,,,,,,,,,,,,,4806241,,62620030,,,2024-03-02 13:59:31.810,15002,,,,120.0,,,,62620030,145.0,2024-03-02 18:00:10.569,2024-03-02 18:00:10.569,,,,,95.0,,,0.0,,698.3702,,,,UTC-0300,hriiVjEkYE,,,6b2975f6-531a-4abb-8298-6b79ad8bd960.com.samsung.health.exercise.live_data.json,,0.0,com.sec.android.app.shealth,,,,,2024-03-02 15:19:38.051,6b2975f6-531a-4abb-8298-6b79ad8bd960,,
a972acbb-0508-485f-b8ad-86f4afcf2373.live_data_internal.json,,0,,,,109.28897,,,,,a972acbb-0508-485f-b8ad-86f4afcf2373.sensing_status.json,4,,,,,,,,,,,,a972acbb-0508-485f-b8ad-86f4afcf2373.location_data_internal.json,,,825960,,62620030,,a972acbb-0508-485f-b8ad-86f4afcf2373.com.samsung.health.exercise.location_data.json,2024-03-04 02:27:24.852,1001,,,,103.0,30001,,,62620030,119.0,2024-03-04 02:44:01.079,2024-03-04 02:44:01.079,,,1.4722222,81.35987,77.0,,1120,911.68,,107.0,103.0,,,UTC-0300,hriiVjEkYE,,,a972acbb-0508-485f-b8ad-86f4afcf2373.com.samsung.health.exercise.live_data.json,,1.1037822,com.sec.android.app.shealth,,,,,2024-03-04 02:42:45.150,a972acbb-0508-485f-b8ad-86f4afcf2373,,
c8c3a7fc-1999-414b-801f-b2ab3088a820.live_data_internal.json,,0,,,,151.089,,,,,c8c3a7fc-1999-414b-801f-b2ab3088a820.sensing_status.json,4,,,,,,,,,,,,c8c3a7fc-1999-414b-801f-b2ab3088a820.location_data_internal.json,,,1205314,,62620030,,c8c3a7fc-1999-414b-801f-b2ab3088a820.com.samsung.health.exercise.location_data.json,2024-03-07 23:37:08.593,1001,,,,122.0,30001,,,62620030,130.0,2024-03-07 23:58:33.387,2024-03-07 23:58:33.387,,,1.5800008,111.00842,82.0,,2230,1747.21,,151.0,120.0,,,UTC-0300,hriiVjEkYE,,,c8c3a7fc-1999-414b-801f-b2ab3088a820.com.samsung.health.exercise.live_data.json,,1.4495891,com.sec.android.app.shealth,,,,,2024-03-07 23:57:17.575,c8c3a7fc-1999-414b-801f-b2ab3088a820,,
034ace64-2fb7-4c31-bac6-88e497e17e2a.live_data_internal.json,,0,,,,484.01,,,,,034ace64-2fb7-4c31-bac6-88e497e17e2a.sensing_status.json,1,,,,,,,,,,,,,,,3104113,,62620030,,,2024-03-07 23:59:06.736,15002,,,,128.0,,,,62620030,147.0,2024-03-08 00:50:51.614,2024-03-08 00:50:51.614,,,,,91.0,,,0.0,,484.01,,,,UTC-0300,hriiVjEkYE,,,034ace64-2fb7-4c31-bac6-88e497e17e2a.com.samsung.health.exercise.live_data.json,,0.0,com.sec.android.app.shealth,,,,,2024-03-08 00:50:50.849,034ace64-2fb7-4c31-bac6-88e497e17e2a,,
cc0adb42-e31a-4082-afb2-70fe4bcaa3c4.live_data_internal.json,,0,,,,148.2479,,,,,cc0adb42-e31a-4082-afb2-70fe4bcaa3c4.sensing_status.json,4,,,,,,,,,,,,cc0adb42-e31a-4082-afb2-70fe4bcaa3c4.location_data_internal.json,,,1110561,,62620030,,cc0adb42-e31a-4082-afb2-70fe4bcaa3c4.com.samsung.health.exercise.location_data.json,2024-03-11 14:48:40.562,1001,,,,133.0,30001,,,62620030,149.0,2024-03-11 15:08:37.108,2024-03-11 15:08:37.108,,,1.6506662,113.02396,116.0,,2092,1658.12,,148.0,124.0,,,UTC-0300,hriiVjEkYE,,,cc0adb42-e31a-4082-afb2-70fe4bcaa3c4.com.samsung.health.exercise.live_data.json,,1.4930471,com.sec.android.app.shealth,,,,,2024-03-11 15:07:21.340,cc0adb42-e31a-4082-afb2-70fe4bcaa3c4,,
229b0bf3-0539-41bd-8fa1-992c6bceca68.live_data_internal.json,,0,,,,88.00002,,,,,229b0bf3-0539-41bd-8fa1-992c6bceca68.sensing_status.json,4,,,,,,,,,,,,,,,671361,,62650170,,,2024-03-11 23:09:48.609,1001,,,,104.0,30001,,,62650170,114.0,2024-03-11 23:22:15.694,2024-03-11 23:22:15.694,,,1.6166667,90.264404,82.0,,1010,781.06,,88.0,122.0,,,UTC-0300,hriiVjEkYE,,,229b0bf3-0539-41bd-8fa1-992c6bceca68.com.samsung.health.exercise.live_data.json,,1.1633979,com.sec.android.app.shealth,,,,,2024-03-11 23:20:59.971,229b0bf3-0539-41bd-8fa1-992c6bceca68,,
d4d8cbea-0c82-4e9c-b794-f8ddd34e6d26.live_data_internal.json,,0,,,,99.0,,,,,d4d8cbea-0c82-4e9c-b794-f8ddd34e6d26.sensing_status.json,4,,,,,,,,,,,,d4d8cbea-0c82-4e9c-b794-f8ddd34e6d26.location_data_internal.json,,,779300,,62650170,,d4d8cbea-0c82-4e9c-b794-f8ddd34e6d26.com.samsung.health.exercise.location_data.json,2024-03-11 23:23:44.219,1001,,,,116.0,30001,,,62650170,135.0,2024-03-11 23:37:59.294,2024-03-11 23:37:59.294,,,1.6792156,82.304634,86.0,,1069,853.6,,99.0,126.0,,,UTC-0300,hriiVjEkYE,,,d4d8cbea-0c82-4e9c-b794-f8ddd34e6d26.com.samsung.health.exercise.live_data.json,,1.0953419,com.sec.android.app.shealth,,,,,2024-03-11 23:36:43.519,d4d8cbea-0c82-4e9c-b794-f8ddd34e6d26,,
e66b7066-9ff3-4aa0-837a-5ddcb89eabb0.live_data_internal.json,,0,,,,94.985634,,,,,e66b7066-9ff3-4aa0-837a-5ddcb89eabb0.sensing_status.json,4,,,,,,,,,,,,e66b7066-9ff3-4aa0-837a-5ddcb89eabb0.location_data_internal.json,,,673936,,62650170,,e66b7066-9ff3-4aa0-837a-5ddcb89eabb0.com.samsung.health.exercise.location_data.json,2024-03-12 11:16:17.294,1001,,,,114.0,30001,,,62650170,135.0,2024-03-12 11:29:27.468,2024-03-12 11:29:27.468,,,1.6178335,103.36293,89.0,,1161,896.47,,94.0,122.0,,,UTC-0300,hriiVjEkYE,,,e66b7066-9ff3-4aa0-837a-5ddcb89eabb0.com.samsung.health.exercise.live_data.json,,1.3302006,com.sec.android.app.shealth,,,,,2024-03-12 11:28:11.852,e66b7066-9ff3-4aa0-837a-5ddcb89eabb0,,
2935c0fc-a502-482e-9456-454bea02323d.live_data_internal.json,,0,,,,86.00002,,,,,2935c0fc-a502-482e-9456-454bea02323d.sensing_status.json,4,,,,,,,,,,,,2935c0fc-a502-482e-9456-454bea02323d.location_data_internal.json,,,702013,,62650170,,2935c0fc-a502-482e-9456-454bea02323d.com.samsung.health.exercise.location_data.json,2024-03-12 20:54:27.228,1001,,,,105.0,30001,,,62650170,124.0,2024-03-12 21:07:24.895,2024-03-12 21:07:24.895,,,1.4722222,89.22912,85.0,,1044,785.44,,86.0,113.0,,,UTC-0300,hriiVjEkYE,,,2935c0fc-a502-482e-9456-454bea02323d.com.samsung.health.exercise.live_data.json,,1.1188397,com.sec.android.app.shealth,,,,,2024-03-12 21:06:09.242,2935c0fc-a502-482e-9456-454bea02323d,,
f6ff5971-bb75-4122-9997-423674d6e34d.live_data_internal.json,,0,,,,112.52798,,,,,f6ff5971-bb75-4122-9997-423674d6e34d.sensing_status.json,4,,,,,,,,,,,,f6ff5971-bb75-4122-9997-423674d6e34d.location_data_internal.json,,,831617,,62650170,,f6ff5971-bb75-4122-9997-423674d6e34d.com.samsung.health.exercise.location_data.json,2024-03-12 23:01:07.980,1001,,,,123.0,30001,,,62650170,142.0,2024-03-12 23:16:37.068,2024-03-12 23:16:37.068,,,1.6666666,110.0266,100.0,,1525,1207.57,,112.0,123.0,,,UTC-0300,hriiVjEkYE,,,f6ff5971-bb75-4122-9997-423674d6e34d.com.samsung.health.exercise.live_data.json,,1.4520746,com.sec.android.app.shealth,,,,,2024-03-12 23:15:21.357,f6ff5971-bb75-4122-9997-423674d6e34d,,
4e707655-9373-406e-84da-60c5f0c8e110.live_data_internal.json,,0,,,,133.0317,,,,,4e707655-9373-406e-84da-60c5f0c8e110.sensing_status.json,4,,,,,,,,,,,,4e707655-9373-406e-84da-60c5f0c8e110.location_data_internal.json,,,1062305,,62650170,,4e707655-9373-406e-84da-60c5f0c8e110.com.samsung.health.exercise.location_data.json,2024-03-13 09:54:54.596,1001,,,,109.0,30001,,,62650170,120.0,2024-03-13 10:14:35.637,2024-03-13 10:14:35.637,,,1.8333334,92.57228,83.0,,1639,1309.66,,132.0,124.0,,,UTC-0300,hriiVjEkYE,,,4e707655-9373-406e-84da-60c5f0c8e110.com.samsung.health.exercise.live_data.json,,1.2328475,com.sec.android.app.shealth,,,,,2024-03-13 10:13:19.421,4e707655-9373-406e-84da-60c5f0c8e110,,
b37c9130-1c79-40f9-bf4f-41db0b2e7ecb.live_data_internal.json,,0,,,,110.0,,,,,b37c9130-1c79-40f9-bf4f-41db0b2e7ecb.sensing_status.json,4,,,,,,,,,,,,b37c9130-1c79-40f9-bf4f-41db0b2e7ecb.location_data_internal.json,,,827760,,62650170,,b37c9130-1c79-40f9-bf4f-41db0b2e7ecb.com.samsung.health.exercise.location_data.json,2024-03-13 22:58:15.177,1001,,,,124.0,30001,,,62650170,145.0,2024-03-13 23:13:18.693,2024-03-13 23:13:18.693,,,1.6987638,114.7434,86.0,,1583,1247.49,,110.0,123.0,,,UTC-0300,hriiVjEkYE,,,b37c9130-1c79-40f9-bf4f-41db0b2e7ecb.com.samsung.health.exercise.live_data.json,,1.5070672,com.sec.android.app.shealth,,,,,2024-03-13 23:12:02.937,b37c9130-1c79-40f9-bf4f-41db0b2e7ecb,,
bcf9a6b6-e0db-47f7-a84f-667f3c61c4c1.live_data_internal.json,,0,,,,94.0,,,,,bcf9a6b6-e0db-47f7-a84f-667f3c61c4c1.sensing_status.json,4,,,,,,,,,,,,bcf9a6b6-e0db-47f7-a84f-667f3c61c4c1.location_data_internal.json,,,728612,,62650170,,bcf9a6b6-e0db-47f7-a84f-667f3c61c4c1.com.samsung.health.exercise.location_data.json,2024-03-14 23:25:59.156,1001,,,,117.0,30001,,,62650170,131.0,2024-03-14 23:39:23.676,2024-03-14 23:39:23.676,,,1.5508342,117.75815,101.0,,1430,1039.22,,94.0,118.0,,,UTC-0300,hriiVjEkYE,,,bcf9a6b6-e0db-47f7-a84f-667f3c61c4c1.com.samsung.health.exercise.live_data.json,,1.4263009,com.sec.android.app.shealth,,,,,2024-03-14 23:38:07.768,bcf9a6b6-e0db-47f7-a84f-667f3c61c4c1,,
05420787-b6b8-4365-bf5b-5ba1361ebab0.live_data_internal.json,,0,,,,540.04016,,,,,05420787-b6b8-4365-bf5b-5ba1361ebab0.sensing_status.json,1,,,,,,,,,,,,,,,3623710,,62650170,,,2024-03-14 23:40:53.176,15002,,,,122.0,,,,62650170,146.0,2024-03-15 00:41:18.326,2024-03-15 00:41:18.326,,,,,98.0,,,,,540.04016,,,,UTC-0300,hriiVjEkYE,,,05420787-b6b8-4365-bf5b-5ba1361ebab0.com.samsung.health.exercise.live_data.json,,,com.sec.android.app.shealth,,,,,2024-03-15 00:41:16.886,05420787-b6b8-4365-bf5b-5ba1361ebab0,,
cc8671f4-373e-4dcc-af42-c2a1788a01e8.live_data_internal.json,,0,,,,114.14929,,,,,cc8671f4-373e-4dcc-af42-c2a1788a01e8.sensing_status.json,4,,,,,,,,,,,,cc8671f4-373e-4dcc-af42-c2a1788a01e8.location_data_internal.json,,,798632,,62650170,,cc8671f4-373e-4dcc-af42-c2a1788a01e8.com.samsung.health.exercise.location_data.json,2024-03-15 11:10:27.276,1001,,,,113.0,30001,,,62650170,135.0,2024-03-15 11:25:49.041,2024-03-15 11:25:49.041,,,1.5536673,96.23957,92.0,,1281,1010.35,,113.0,118.0,,,UTC-0300,hriiVjEkYE,,,cc8671f4-373e-4dcc-af42-c2a1788a01e8.com.samsung.health.exercise.live_data.json,,1.2651007,com.sec.android.app.shealth,,,,,2024-03-15 11:24:33.275,cc8671f4-373e-4dcc-af42-c2a1788a01e8,,
126ca3a8-f03c-4694-b287-e637ee336a66.live_data_internal.json,,0,,,,90.14471,,,,,126ca3a8-f03c-4694-b287-e637ee336a66.sensing_status.json,4,,,,,,,,,,,,126ca3a8-f03c-4694-b287-e637ee336a66.location_data_internal.json,,,649332,,62650170,,126ca3a8-f03c-4694-b287-e637ee336a66.com.samsung.health.exercise.location_data.json,2024-03-15 21:07:50.174,1001,,,,109.0,30001,,,62650170,123.0,2024-03-15 21:20:01.340,2024-03-15 21:20:01.340,,,1.5386678,101.55052,54.0,,1099,862.67,,90.0,117.0,,,UTC-0300,hriiVjEkYE,,,126ca3a8-f03c-4694-b287-e637ee336a66.com.samsung.health.exercise.live_data.json,,1.32855,com.sec.android.app.shealth,,,,,2024-03-15 21:18:45.470,126ca3a8-f03c-4694-b287-e637ee336a66,,
bd615899-b622-48dd-ad60-13af8355ed19.live_data_internal.json,,0,,,,129.91054,,,,,bd615899-b622-48dd-ad60-13af8355ed19.sensing_status.json,4,,,,,,,,,,,,bd615899-b622-48dd-ad60-13af8355ed19.location_data_internal.json,,,953704,,62650170,,bd615899-b622-48dd-ad60-13af8355ed19.com.samsung.health.exercise.location_data.json,2024-03-15 22:40:07.172,1001,,,,120.0,30001,,,62650170,140.0,2024-03-15 22:57:54.125,2024-03-15 22:57:54.125,,,1.6324992,106.322296,49.0,,1690,1351.45,,129.0,123.0,,,UTC-0300,hriiVjEkYE,,,bd615899-b622-48dd-ad60-13af8355ed19.com.samsung.health.exercise.live_data.json,,1.4170539,com.sec.android.app.shealth,,,,,2024-03-15 22:56:38.403,bd615899-b622-48dd-ad60-13af8355ed19,,
,,,,,,,1,,,,,4,0,,0,,,,,,,,,,,,708000,,62650170,,,2024-03-16 11:22:12.000,1001,,,,,30001,,,62650170,,2024-03-16 11:55:01.919,2024-03-16 11:55:01.919,,,1.545,,,,1437,1105.77,,43.25,,,,UTC-0300,487mnSNu6t,,,484745fc-fdd8-41cd-b5b8-c4e55bccdba8.com.samsung.health.exercise.live_data.json,,1.545,com.sec.android.app.shealth,,,,,2024-03-16 11:34:00.000,484745fc-fdd8-41cd-b5b8-c4e55bccdba8,,
,,,,,,,1,,,,,4,0,,0,,,,,,,,,,,,1857000,,62650170,,,2024-03-16 13:16:03.000,1001,,,,,30001,,,62650170,,2024-03-16 13:52:02.890,2024-03-16 13:52:02.890,,,2.3333333,,,,3614,2806.04,,109.46,,,,UTC-0300,487mnSNu6t,,,72cb6849-1fe1-4930-9659-393fd4eb7e0b.com.samsung.health.exercise.live_data.json,,1.5110608,com.sec.android.app.shealth,,,,,2024-03-16 13:47:00.000,72cb6849-1fe1-4930-9659-393fd4eb7e0b,,
0a4c5162-5260-4af3-bd71-b28cd9bfead0.live_data_internal.json,,0,,,,85.0,,,,,0a4c5162-5260-4af3-bd71-b28cd9bfead0.sensing_status.json,4,,,,,,,,,,,,0a4c5162-5260-4af3-bd71-b28cd9bfead0.location_data_internal.json,,,674763,,62650170,,0a4c5162-5260-4af3-bd71-b28cd9bfead0.com.samsung.health.exercise.location_data.json,2024-03-19 11:12:37.889,1001,,,,122.0,30001,,,62650170,147.0,2024-03-19 11:24:00.464,2024-03-19 11:24:00.464,,,1.6266663,95.055595,102.0,,1069,833.71,,85.0,122.0,,,UTC-0300,hriiVjEkYE,,,0a4c5162-5260-4af3-bd71-b28cd9bfead0.com.samsung.health.exercise.live_data.json,,1.2355598,com.sec.android.app.shealth,,,,,2024-03-19 11:23:52.651,0a4c5162-5260-4af3-bd71-b28cd9bfead0,,
9d1f2eb3-d6a7-4ba5-84e4-b7701c4daeaa.live_data_internal.json,,0,,,,90.0,,,,,9d1f2eb3-d6a7-4ba5-84e4-b7701c4daeaa.sensing_status.json,4,,,,,,,,,,,,9d1f2eb3-d6a7-4ba5-84e4-b7701c4daeaa.location_data_internal.json,,,681137,,62650170,,9d1f2eb3-d6a7-4ba5-84e4-b7701c4daeaa.com.samsung.health.exercise.location_data.json,2024-03-19 21:01:20.450,1001,,,,108.0,30001,,,62650170,123.0,2024-03-19 21:13:57.422,2024-03-19 21:13:57.422,,,1.6111112,102.62253,78.0,,1165,903.02,,90.0,118.0,,,UTC-0300,hriiVjEkYE,,,9d1f2eb3-d6a7-4ba5-84e4-b7701c4daeaa.com.samsung.health.exercise.live_data.json,,1.3257538,com.sec.android.app.shealth,,,,,2024-03-19 21:12:41.587,9d1f2eb3-d6a7-4ba5-84e4-b7701c4daeaa,,
275a38cd-3ebe-49e9-9bb5-d43013299f4b.live_data_internal.json,,0,,,,131.33884,,,,,275a38cd-3ebe-49e9-9bb5-d43013299f4b.sensing_status.json,4,,,,,,,,,,,,275a38cd-3ebe-49e9-9bb5-d43013299f4b.location_data_internal.json,,,1029037,,62650170,,275a38cd-3ebe-49e9-9bb5-d43013299f4b.com.samsung.health.exercise.location_data.json,2024-03-20 22:57:47.832,1001,,,,113.0,30001,,,62650170,122.0,2024-03-20 23:16:26.771,2024-03-20 23:16:26.771,,,1.5585898,103.08668,106.0,,1768,1372.34,,131.0,116.0,,,UTC-0300,hriiVjEkYE,,,275a38cd-3ebe-49e9-9bb5-d43013299f4b.com.samsung.health.exercise.live_data.json,,1.3336158,com.sec.android.app.shealth,,,,,2024-03-20 23:15:10.834,275a38cd-3ebe-49e9-9bb5-d43013299f4b,,
911d2190-9f84-4ff8-8c11-a7ebe0582af6.live_data_internal.json,,0,,,,389.49002,,,,,911d2190-9f84-4ff8-8c11-a7ebe0582af6.sensing_status.json,1,,,,,,,,,,,,,,,2710740,,62650170,,,2024-03-20 23:16:58.093,15002,,,,118.0,,,,62650170,146.0,2024-03-21 00:02:09.614,2024-03-21 00:02:09.614,,,,,90.0,,,,,389.49002,,,,UTC-0300,hriiVjEkYE,,,911d2190-9f84-4ff8-8c11-a7ebe0582af6.com.samsung.health.exercise.live_data.json,,,com.sec.android.app.shealth,,,,,2024-03-21 00:02:08.833,911d2190-9f84-4ff8-8c11-a7ebe0582af6,,
5f67358a-ec97-42ed-ac7f-16cfbd66b33f.live_data_internal.json,,0,,,,126.09494,,,,,5f67358a-ec97-42ed-ac7f-16cfbd66b33f.sensing_status.json,4,,,,,,,,,,,,5f67358a-ec97-42ed-ac7f-16cfbd66b33f.location_data_internal.json,,,987521,,62650170,,5f67358a-ec97-42ed-ac7f-16cfbd66b33f.com.samsung.health.exercise.location_data.json,2024-03-21 00:02:22.939,1001,,,,115.0,30001,,,62650170,141.0,2024-03-21 00:20:10.026,2024-03-21 00:20:10.026,,,1.5703329,104.26108,53.0,,1716,1319.96,,126.0,119.0,,,UTC-0300,hriiVjEkYE,,,5f67358a-ec97-42ed-ac7f-16cfbd66b33f.com.samsung.health.exercise.live_data.json,,1.3366399,com.sec.android.app.shealth,,,,,2024-03-21 00:18:54.373,5f67358a-ec97-42ed-ac7f-16cfbd66b33f,,
bcafcb13-0a59-4aeb-810c-deae94ea92e7.live_data_internal.json,,0,,,,127.8714,,,,,bcafcb13-0a59-4aeb-810c-deae94ea92e7.sensing_status.json,4,,,,,,,,,,,,bcafcb13-0a59-4aeb-810c-deae94ea92e7.location_data_internal.json,,,948726,,62650170,,bcafcb13-0a59-4aeb-810c-deae94ea92e7.com.samsung.health.exercise.location_data.json,2024-03-21 09:52:30.785,1001,,,,110.0,30001,,,62650170,116.0,2024-03-21 10:10:11.249,2024-03-21 10:10:11.249,,,1.6388888,100.5559,101.0,,1590,1304.88,,127.0,122.0,,,UTC-0300,hriiVjEkYE,,,bcafcb13-0a59-4aeb-810c-deae94ea92e7.com.samsung.health.exercise.live_data.json,,1.3754023,com.sec.android.app.shealth,,,,,2024-03-21 10:08:55.425,bcafcb13-0a59-4aeb-810c-deae94ea92e7,,
f917c6a4-2a2c-41f6-bdde-0d06238339fb.live_data_internal.json,,0,,,,82.0,,,,,f917c6a4-2a2c-41f6-bdde-0d06238339fb.sensing_status.json,4,,,,,,,,,,,,f917c6a4-2a2c-41f6-bdde-0d06238339fb.location_data_internal.json,,,618246,,62650170,,f917c6a4-2a2c-41f6-bdde-0d06238339fb.com.samsung.health.exercise.location_data.json,2024-03-21 11:26:10.451,1001,,,,130.0,30001,,,62650170,154.0,2024-03-21 11:36:29.531,2024-03-21 11:36:29.531,,,1.6210002,107.62707,115.0,,1109,862.74,,82.0,122.0,,,UTC-0300,hriiVjEkYE,,,f917c6a4-2a2c-41f6-bdde-0d06238339fb.com.samsung.health.exercise.live_data.json,,1.395464,com.sec.android.app.shealth,,,,,2024-03-21 11:36:28.697,f917c6a4-2a2c-41f6-bdde-0d06238339fb,,
8025346a-6603-4943-add5-5c5474db8fac.live_data_internal.json,,0,,,,101.05076,,,,,8025346a-6603-4943-add5-5c5474db8fac.sensing_status.json,4,,,,,,,,,,,,8025346a-6603-4943-add5-5c5474db8fac.location_data_internal.json,,,798974,,62650170,,8025346a-6603-4943-add5-5c5474db8fac.com.samsung.health.exercise.location_data.json,2024-03-21 20:37:03.057,1001,,,,116.0,30001,,,62650170,136.0,2024-03-21 20:51:40.048,2024-03-21 20:51:40.048,,,1.5819987,88.38836,95.0,,1177,926.35,,101.0,120.0,,,UTC-0300,hriiVjEkYE,,,8025346a-6603-4943-add5-5c5474db8fac.com.samsung.health.exercise.live_data.json,,1.1594244,com.sec.android.app.shealth,,,,,2024-03-21 20:50:24.123,8025346a-6603-4943-add5-5c5474db8fac,,
9c784fc3-140d-4196-b99a-4bc524fd3f9c.live_data_internal.json,,0,,,,90.0,,,,,9c784fc3-140d-4196-b99a-4bc524fd3f9c.sensing_status.json,4,,,,,,,,,,,,9c784fc3-140d-4196-b99a-4bc524fd3f9c.location_data_internal.json,,,762157,,62650170,,9c784fc3-140d-4196-b99a-4bc524fd3f9c.com.samsung.health.exercise.location_data.json,2024-03-21 21:48:34.862,1001,,,,110.0,30001,,,62650170,124.0,2024-03-21 22:02:32.900,2024-03-21 22:02:32.900,,,1.4722222,91.55594,100.0,,1163,878.03,,90.0,108.0,,,UTC-0300,hriiVjEkYE,,,9c784fc3-140d-4196-b99a-4bc524fd3f9c.com.samsung.health.exercise.live_data.json,,1.1520331,com.sec.android.app.shealth,,,,,2024-03-21 22:01:17.019,9c784fc3-140d-4196-b99a-4bc524fd3f9c,,
6e90cff3-bfcd-4167-a4a3-c513004f47d1.live_data_internal.json,,0,,,,98.21352,,,,,6e90cff3-bfcd-4167-a4a3-c513004f47d1.sensing_status.json,4,,,,,,,,,,,,6e90cff3-bfcd-4167-a4a3-c513004f47d1.location_data_internal.json,,,832175,,62650170,,6e90cff3-bfcd-4167-a4a3-c513004f47d1.com.samsung.health.exercise.location_data.json,2024-03-21 22:09:16.712,1001,,,,106.0,30001,,,62650170,114.0,2024-03-21 22:24:33.526,2024-03-21 22:24:33.526,,,1.3611112,94.73969,100.0,,1314,987.63,,98.0,106.0,,,UTC-0300,hriiVjEkYE,,,6e90cff3-bfcd-4167-a4a3-c513004f47d1.com.samsung.health.exercise.live_data.json,,1.1868057,com.sec.android.app.shealth,,,,,2024-03-21 22:23:17.687,6e90cff3-bfcd-4167-a4a3-c513004f47d1,,
6bd68e3c-3428-48f0-b053-f63119d83b5c.live_data_internal.json,,0,,,,117.0165,,,,,6bd68e3c-3428-48f0-b053-f63119d83b5c.sensing_status.json,4,,,,,,,,,,,,6bd68e3c-3428-48f0-b053-f63119d83b5c.location_data_internal.json,,,884389,,62650170,,6bd68e3c-3428-48f0-b053-f63119d83b5c.com.samsung.health.exercise.location_data.json,2024-03-21 23:46:19.419,1001,,,,131.0,30001,,,62650170,153.0,2024-03-22 00:02:20.337,2024-03-22 00:02:20.337,,,1.6133301,110.72051,83.0,,1632,1277.17,,117.0,121.0,,,UTC-0300,hriiVjEkYE,,,6bd68e3c-3428-48f0-b053-f63119d83b5c.com.samsung.health.exercise.live_data.json,,1.4441271,com.sec.android.app.shealth,,,,,2024-03-22 00:01:04.488,6bd68e3c-3428-48f0-b053-f63119d83b5c,,
a971cd11-03b6-4eaf-bee0-9ce6169a294f.live_data_internal.json,,0,,,,543.8999,,,,,a971cd11-03b6-4eaf-bee0-9ce6169a294f.sensing_status.json,1,,,,,,,,,,,,,,,3485749,,62650170,,,2024-03-22 00:03:15.374,15002,,,,128.0,,,,62650170,153.0,2024-03-22 01:01:22.203,2024-03-22 01:01:22.203,,,,,83.0,,,,,543.8999,,,,UTC-0300,hriiVjEkYE,,,a971cd11-03b6-4eaf-bee0-9ce6169a294f.com.samsung.health.exercise.live_data.json,,,com.sec.android.app.shealth,,,,,2024-03-22 01:01:21.123,a971cd11-03b6-4eaf-bee0-9ce6169a294f,,
,,,,,,,1,,,,,4,0,,0,,,,,,,,,,,,883000,,62650170,,,2024-03-22 22:38:17.000,1001,,,,,30001,,,62650170,,2024-03-22 23:03:00.510,2024-03-22 23:03:00.510,,,1.5555556,,,,1684,1321.54,,84.4,,,,UTC-0300,487mnSNu6t,,,a4e8e2fe-1b31-4395-919e-8c624eea9581.com.samsung.health.exercise.live_data.json,,1.4966478,com.sec.android.app.shealth,,,,,2024-03-22 22:53:00.000,a4e8e2fe-1b31-4395-919e-8c624eea9581,,
bc9e867c-8a64-4452-b340-5c8f49048b44.live_data_internal.json,,0,,,,134.18698,,,,,bc9e867c-8a64-4452-b340-5c8f49048b44.sensing_status.json,4,,,,,,,,,,,,bc9e867c-8a64-4452-b340-5c8f49048b44.location_data_internal.json,,,985706,,62650170,,bc9e867c-8a64-4452-b340-5c8f49048b44.com.samsung.health.exercise.location_data.json,2024-03-23 12:26:30.324,1001,,,,120.0,30001,,,62650170,129.0,2024-03-23 12:44:19.880,2024-03-23 12:44:19.880,,,1.6666666,117.11404,106.0,,1924,1523.45,,134.0,125.0,,,UTC-0300,hriiVjEkYE,,,bc9e867c-8a64-4452-b340-5c8f49048b44.com.samsung.health.exercise.live_data.json,,1.5455419,com.sec.android.app.shealth,,,,,2024-03-23 12:43:03.736,bc9e867c-8a64-4452-b340-5c8f49048b44,,
2cd45400-e95d-40cf-b2d4-dae89780d66c.live_data_internal.json,,0,,,,463.16013,,,,,2cd45400-e95d-40cf-b2d4-dae89780d66c.sensing_status.json,1,,,,,,,,,,,,,,,3230537,,62650170,,,2024-03-23 12:45:00.955,15002,,,,117.0,,,,62650170,144.0,2024-03-23 13:38:52.272,2024-03-23 13:38:52.272,,,,,95.0,,,,,463.16013,,,,UTC-0300,hriiVjEkYE,,,2cd45400-e95d-40cf-b2d4-dae89780d66c.com.samsung.health.exercise.live_data.json,,,com.sec.android.app.shealth,,,,,2024-03-23 13:38:51.492,2cd45400-e95d-40cf-b2d4-dae89780d66c,,
c5f42f7f-091a-4fbf-9893-17189c997fca.live_data_internal.json,,0,,,,100.60195,,,,,c5f42f7f-091a-4fbf-9893-17189c997fca.sensing_status.json,4,,,,,,,,,,,,c5f42f7f-091a-4fbf-9893-17189c997fca.location_data_internal.json,,,759936,,62650170,,c5f42f7f-091a-4fbf-9893-17189c997fca.com.samsung.health.exercise.location_data.json,2024-03-23 13:39:01.313,1001,,,,116.0,30001,,,62650170,131.0,2024-03-23 13:53:21.874,2024-03-23 13:53:21.874,,,1.6666666,99.718925,84.0,,1263,998.63,,100.0,125.0,,,UTC-0300,hriiVjEkYE,,,c5f42f7f-091a-4fbf-9893-17189c997fca.com.samsung.health.exercise.live_data.json,,1.3140975,com.sec.android.app.shealth,,,,,2024-03-23 13:52:06.058,c5f42f7f-091a-4fbf-9893-17189c997fca,,
3de26edd-464e-4ed4-931b-a781e3b66062.live_data_internal.json,,0,,,,92.00002,,,,,3de26edd-464e-4ed4-931b-a781e3b66062.sensing_status.json,4,,,,,,,,,,,,,,,666218,,62650170,,,2024-03-25 11:20:33.126,1001,,,,114.0,30001,,,62650170,140.0,2024-03-25 11:32:55.251,2024-03-25 11:32:55.251,,,1.6944444,96.094666,89.0,,1067,833.23,,92.0,124.0,,,UTC-0300,hriiVjEkYE,,,3de26edd-464e-4ed4-931b-a781e3b66062.com.samsung.health.exercise.live_data.json,,1.2506866,com.sec.android.app.shealth,,,,,2024-03-25 11:31:39.345,3de26edd-464e-4ed4-931b-a781e3b66062,,
a6beb825-82bd-4d58-bc3e-d2f94aa832b7.live_data_internal.json,,0,,,,136.9375,,,,,a6beb825-82bd-4d58-bc3e-d2f94aa832b7.sensing_status.json,4,,,,,,,,,,,,a6beb825-82bd-4d58-bc3e-d2f94aa832b7.location_data_internal.json,,,1053831,,62650170,,a6beb825-82bd-4d58-bc3e-d2f94aa832b7.com.samsung.health.exercise.location_data.json,2024-03-25 23:18:18.538,1001,,,,114.0,30001,,,62650170,138.0,2024-03-25 23:37:46.813,2024-03-25 23:37:46.813,,,1.6666666,100.09195,97.0,,1758,1398.85,,136.0,122.0,,,UTC-0300,hriiVjEkYE,,,a6beb825-82bd-4d58-bc3e-d2f94aa832b7.com.samsung.health.exercise.live_data.json,,1.327395,com.sec.android.app.shealth,,,,,2024-03-25 23:36:31.007,a6beb825-82bd-4d58-bc3e-d2f94aa832b7,,
,,,,,,,1,,,,,4,0,,0,,,,,,,,,,,,886000,,62650170,,,2024-03-26 22:49:14.000,1001,,,,,30001,,,62650170,,2024-03-26 23:14:38.822,2024-03-26 23:14:38.822,,,1.6203334,,,,1668,1287.74,,50.18,,,,UTC-0300,487mnSNu6t,,,1f9f9f5a-e8db-4c48-9430-b56b439faff2.com.samsung.health.exercise.live_data.json,,1.4534311,com.sec.android.app.shealth,,,,,2024-03-26 23:04:00.000,1f9f9f5a-e8db-4c48-9430-b56b439faff2,,
8352e330-18f0-48fa-aef5-aa7c8a216a80.live_data_internal.json,,0,,,,100.0,,,,,8352e330-18f0-48fa-aef5-aa7c8a216a80.sensing_status.json,4,,,,,,,,,,,,8352e330-18f0-48fa-aef5-aa7c8a216a80.location_data_internal.json,,,760413,,62650170,,8352e330-18f0-48fa-aef5-aa7c8a216a80.com.samsung.health.exercise.location_data.json,2024-03-27 15:13:57.434,1001,,,,119.0,30001,,,62650170,131.0,2024-03-27 15:27:54.072,2024-03-27 15:27:54.072,,,1.6190002,115.20055,110.0,,1460,1086.6,,100.0,122.0,,,UTC-0300,hriiVjEkYE,,,8352e330-18f0-48fa-aef5-aa7c8a216a80.com.samsung.health.exercise.live_data.json,,1.4289602,com.sec.android.app.shealth,,,,,2024-03-27 15:26:37.847,8352e330-18f0-48fa-aef5-aa7c8a216a80,,
4a4566b3-5e71-46ad-a678-d41afde2ec82.live_data_internal.json,,0,,,,477.56024,,,,,4a4566b3-5e71-46ad-a678-d41afde2ec82.sensing_status.json,1,,,,,,,,,,,,,,,3257034,,62650170,,,2024-03-27 15:29:26.260,15002,,,,121.0,,,,62650170,156.0,2024-03-27 16:23:44.069,2024-03-27 16:23:44.069,,,,,85.0,,,,,477.56024,,,,UTC-0300,hriiVjEkYE,,,4a4566b3-5e71-46ad-a678-d41afde2ec82.com.samsung.health.exercise.live_data.json,,,com.sec.android.app.shealth,,,,,2024-03-27 16:23:43.294,4a4566b3-5e71-46ad-a678-d41afde2ec82,,
70e6b3dc-7c54-42d8-a450-607863d0ee6a.live_data_internal.json,,0,,,,131.75847,,,,,70e6b3dc-7c54-42d8-a450-607863d0ee6a.sensing_status.json,4,,,,,,,,,,,,70e6b3dc-7c54-42d8-a450-607863d0ee6a.location_data_internal.json,,,1043065,,62650170,,70e6b3dc-7c54-42d8-a450-607863d0ee6a.com.samsung.health.exercise.location_data.json,2024-03-28 03:10:55.181,1001,,,,112.0,30001,,,62650170,129.0,2024-03-28 03:30:46.561,2024-03-28 03:30:46.561,,,1.6111112,80.934555,86.0,,1407,1151.21,,130.0,110.0,,,UTC-0300,hriiVjEkYE,,,70e6b3dc-7c54-42d8-a450-607863d0ee6a.com.samsung.health.exercise.live_data.json,,1.10368,com.sec.android.app.shealth,,,,,2024-03-28 03:29:30.720,70e6b3dc-7c54-42d8-a450-607863d0ee6a,,
272e25fa-f71e-47ae-8941-42ed37bbff2f.live_data_internal.json,,0,,,,245.74533,,,,,272e25fa-f71e-47ae-8941-42ed37bbff2f.sensing_status.json,4,,,,,,,,,,,,272e25fa-f71e-47ae-8941-42ed37bbff2f.location_data_internal.json,,,1884373,,62650170,,272e25fa-f71e-47ae-8941-42ed37bbff2f.com.samsung.health.exercise.location_data.json,2024-03-28 14:51:37.807,1001,,,,122.0,30001,,,62650170,142.0,2024-03-28 15:24:49.060,2024-03-28 15:24:49.060,,,1.615332,112.58917,103.0,,3536,2802.76,,245.0,122.0,,,UTC-0300,hriiVjEkYE,,,272e25fa-f71e-47ae-8941-42ed37bbff2f.com.samsung.health.exercise.live_data.json,,1.48737,com.sec.android.app.shealth,,,,,2024-03-28 15:23:32.898,272e25fa-f71e-47ae-8941-42ed37bbff2f,,
2ba1d455-9976-49b4-b5ba-024ed83a011e.live_data_internal.json,,0,,,,120.0,,,,,2ba1d455-9976-49b4-b5ba-024ed83a011e.sensing_status.json,4,,,,,,,,,,,,2ba1d455-9976-49b4-b5ba-024ed83a011e.location_data_internal.json,,,918219,,62650170,,2ba1d455-9976-49b4-b5ba-024ed83a011e.com.samsung.health.exercise.location_data.json,2024-03-28 23:08:31.674,1001,,,,110.0,30001,,,62650170,120.0,2024-03-28 23:25:05.652,2024-03-28 23:25:05.652,,,1.603833,110.03911,102.0,,1684,1314.01,,120.0,121.0,,,UTC-0300,hriiVjEkYE,,,2ba1d455-9976-49b4-b5ba-024ed83a011e.com.samsung.health.exercise.live_data.json,,1.4310421,com.sec.android.app.shealth,,,,,2024-03-28 23:23:49.893,2ba1d455-9976-49b4-b5ba-024ed83a011e,,
f261b7f9-d900-4944-ad22-cdf36754fcee.live_data_internal.json,,0,,,,409.90024,,,,,f261b7f9-d900-4944-ad22-cdf36754fcee.sensing_status.json,1,,,,,,,,,,,,,,,3148831,,62650170,,,2024-03-28 23:26:16.657,15002,,,,105.0,,,,62650170,133.0,2024-03-29 00:18:46.952,2024-03-29 00:18:46.952,,,,,84.0,,,,,409.90024,,,,UTC-0300,hriiVjEkYE,,,f261b7f9-d900-4944-ad22-cdf36754fcee.com.samsung.health.exercise.live_data.json,,,com.sec.android.app.shealth,,,,,2024-03-29 00:18:45.488,f261b7f9-d900-4944-ad22-cdf36754fcee,,
990b7abb-dc3b-4c9f-bc03-0c4c7a698996.live_data_internal.json,,0,,,,86.29813,,,,,990b7abb-dc3b-4c9f-bc03-0c4c7a698996.sensing_status.json,4,,,,,,,,,,,,990b7abb-dc3b-4c9f-bc03-0c4c7a698996.location_data_internal.json,,,685535,,62650170,,990b7abb-dc3b-4c9f-bc03-0c4c7a698996.com.samsung.health.exercise.location_data.json,2024-03-29 00:18:54.659,1001,,,,115.0,30001,,,62650170,130.0,2024-03-29 00:31:48.068,2024-03-29 00:31:48.068,,,1.5543294,106.77792,94.0,,1220,887.02,,86.0,118.0,,,UTC-0300,hriiVjEkYE,,,990b7abb-dc3b-4c9f-bc03-0c4c7a698996.com.samsung.health.exercise.live_data.json,,1.2939092,com.sec.android.app.shealth,,,,,2024-03-29 00:30:32.481,990b7abb-dc3b-4c9f-bc03-0c4c7a698996,,
602f73fb-6a3a-40ad-9aa2-1023ed05192d.live_data_internal.json,,0,,,,225.49562,,,,,602f73fb-6a3a-40ad-9aa2-1023ed05192d.sensing_status.json,4,,,,,,,,,,,,602f73fb-6a3a-40ad-9aa2-1023ed05192d.location_data_internal.json,,,1782324,,62650170,,602f73fb-6a3a-40ad-9aa2-1023ed05192d.com.samsung.health.exercise.location_data.json,2024-03-31 00:21:37.375,1001,,,,106.0,30001,,,62650170,117.0,2024-03-31 00:54:18.486,2024-03-31 00:54:18.486,,,1.5106192,88.569756,85.0,,2631,2108.6,,223.0,113.0,,,UTC-0300,hriiVjEkYE,,,602f73fb-6a3a-40ad-9aa2-1023ed05192d.com.samsung.health.exercise.live_data.json,,1.1830622,com.sec.android.app.shealth,,,,,2024-03-31 00:53:02.554,602f73fb-6a3a-40ad-9aa2-1023ed05192d,,
e1f88e49-84a1-4b1e-90e2-bd4ca9e6a078.live_data_internal.json,,0,,,,75.27,,,,,e1f88e49-84a1-4b1e-90e2-bd4ca9e6a078.sensing_status.json,4,,,,,,,,,,,,,,,747934,,62650170,,,2024-04-01 04:00:42.765,0,,,,102.0,,,,62650170,109.0,2024-04-01 04:13:10.988,2024-04-01 04:13:10.988,,,,,96.0,,,,,75.27,,,,UTC-0300,hriiVjEkYE,,,e1f88e49-84a1-4b1e-90e2-bd4ca9e6a078.com.samsung.health.exercise.live_data.json,,,com.sec.android.app.shealth,,,,,2024-04-01 04:13:10.134,e1f88e49-84a1-4b1e-90e2-bd4ca9e6a078,,
6212a070-b2b8-47f9-ad5a-dce860a10fbe.live_data_internal.json,,0,,,,104.105354,,,,,6212a070-b2b8-47f9-ad5a-dce860a10fbe.sensing_status.json,4,,,,,,,,,,,,6212a070-b2b8-47f9-ad5a-dce860a10fbe.location_data_internal.json,,,805470,,62660010,,6212a070-b2b8-47f9-ad5a-dce860a10fbe.com.samsung.health.exercise.location_data.json,2024-04-02 22:26:49.585,1001,,,,115.0,30001,,,62660010,124.0,2024-04-02 22:41:37.839,2024-04-02 22:41:37.839,,,1.4820068,102.946106,78.0,,1382,1063.26,,104.0,114.0,,,UTC-0300,hriiVjEkYE,,,6212a070-b2b8-47f9-ad5a-dce860a10fbe.com.samsung.health.exercise.live_data.json,,1.3200492,com.sec.android.app.shealth,,,,,2024-04-02 22:40:19.397,6212a070-b2b8-47f9-ad5a-dce860a10fbe,,
2740585e-c33c-47a0-a90d-2e215d59839b.live_data_internal.json,,0,,,,556.1701,,,,,2740585e-c33c-47a0-a90d-2e215d59839b.sensing_status.json,1,,,,,,,,,,,,,,,3745243,,62660010,,,2024-04-02 22:41:59.518,15002,,,,121.0,,,,62660010,168.0,2024-04-02 23:44:25.559,2024-04-02 23:44:25.559,,,,,87.0,,,,,556.1701,,,,UTC-0300,hriiVjEkYE,,,2740585e-c33c-47a0-a90d-2e215d59839b.com.samsung.health.exercise.live_data.json,,,com.sec.android.app.shealth,,,,,2024-04-02 23:44:24.761,2740585e-c33c-47a0-a90d-2e215d59839b,,
24e4cf6e-f4c2-4dac-89a5-03ec73d34a06.live_data_internal.json,,0,,,,145.58174,,,,,24e4cf6e-f4c2-4dac-89a5-03ec73d34a06.sensing_status.json,4,,,,,,,,,,,,24e4cf6e-f4c2-4dac-89a5-03ec73d34a06.location_data_internal.json,,,1193797,,62660010,,24e4cf6e-f4c2-4dac-89a5-03ec73d34a06.com.samsung.health.exercise.location_data.json,2024-04-03 15:08:55.039,1001,,,,107.0,30001,,,62660010,117.0,2024-04-03 15:30:28.603,2024-04-03 15:30:28.603,,,1.5771668,85.592445,86.0,,1703,1386.39,,145.0,119.0,,,UTC-0300,hriiVjEkYE,,,24e4cf6e-f4c2-4dac-89a5-03ec73d34a06.com.samsung.health.exercise.live_data.json,,1.1613281,com.sec.android.app.shealth,,,,,2024-04-03 15:29:12.812,24e4cf6e-f4c2-4dac-89a5-03ec73d34a06,,
e266492a-256c-4160-b041-001f95edd118.live_data_internal.json,,0,,,,580.3502,,,,,e266492a-256c-4160-b041-001f95edd118.sensing_status.json,1,,,,,,,,,,,,,,,3931326,,62660010,,,2024-04-03 15:32:03.180,15002,,,,120.0,,,,62660010,147.0,2024-04-03 16:37:35.165,2024-04-03 16:37:35.165,,,,,89.0,,,,,580.3502,,,,UTC-0300,hriiVjEkYE,,,e266492a-256c-4160-b041-001f95edd118.com.samsung.health.exercise.live_data.json,,,com.sec.android.app.shealth,,,,,2024-04-03 16:37:34.506,e266492a-256c-4160-b041-001f95edd118,,
bba69a11-4341-4c3f-9f7d-69435b8be24c.live_data_internal.json,,0,,,,126.00002,,,,,bba69a11-4341-4c3f-9f7d-69435b8be24c.sensing_status.json,4,,,,,,,,,,,,bba69a11-4341-4c3f-9f7d-69435b8be24c.location_data_internal.json,,,972411,,62660010,,bba69a11-4341-4c3f-9f7d-69435b8be24c.com.samsung.health.exercise.location_data.json,2024-04-04 15:18:48.641,1001,,,,118.0,30001,,,62660010,131.0,2024-04-04 15:36:16.922,2024-04-04 15:36:16.922,,,1.5898336,102.05561,87.0,,1654,1296.6,,126.0,120.0,,,UTC-0300,hriiVjEkYE,,,bba69a11-4341-4c3f-9f7d-69435b8be24c.com.samsung.health.exercise.live_data.json,,1.3333868,com.sec.android.app.shealth,,,,,2024-04-04 15:35:01.053,bba69a11-4341-4c3f-9f7d-69435b8be24c,,
819d3916-fbfe-4cd0-8a86-4b42aa1df162.live_data_internal.json,,0,,,,372.5502,,,,,819d3916-fbfe-4cd0-8a86-4b42aa1df162.sensing_status.json,1,,,,,,,,,,,,,,,2744390,,62660010,,,2024-04-04 15:36:44.182,15002,,,,110.0,,,,62660010,131.0,2024-04-04 16:22:29.552,2024-04-04 16:22:29.552,,,,,93.0,,,,,372.5502,,,,UTC-0300,hriiVjEkYE,,,819d3916-fbfe-4cd0-8a86-4b42aa1df162.com.samsung.health.exercise.live_data.json,,,com.sec.android.app.shealth,,,,,2024-04-04 16:22:28.572,819d3916-fbfe-4cd0-8a86-4b42aa1df162,,
0f2910ce-ad15-4da7-a426-f45442c2a9e5.live_data_internal.json,,0,,,,135.56082,,,,,0f2910ce-ad15-4da7-a426-f45442c2a9e5.sensing_status.json,4,,,,,,,,,,,,0f2910ce-ad15-4da7-a426-f45442c2a9e5.location_data_internal.json,,,875762,,62660010,,0f2910ce-ad15-4da7-a426-f45442c2a9e5.com.samsung.health.exercise.location_data.json,2024-04-04 16:22:38.429,1001,,,,133.0,30001,,,62660010,154.0,2024-04-04 16:40:56.844,2024-04-04 16:40:56.844,,,1.6255004,100.301216,111.0,,1464,1219.55,,132.0,122.0,,,UTC-0300,hriiVjEkYE,,,0f2910ce-ad15-4da7-a426-f45442c2a9e5.com.samsung.health.exercise.live_data.json,,1.3925587,com.sec.android.app.shealth,,,,,2024-04-04 16:39:40.947,0f2910ce-ad15-4da7-a426-f45442c2a9e5,,
969b120d-26e3-4277-a4dc-debcddfb5d55.live_data_internal.json,,0,,,,142.22206,,,,,969b120d-26e3-4277-a4dc-debcddfb5d55.sensing_status.json,4,,,,,,,,,,,,969b120d-26e3-4277-a4dc-debcddfb5d55.location_data_internal.json,,,1144455,,62660010,,969b120d-26e3-4277-a4dc-debcddfb5d55.com.samsung.health.exercise.location_data.json,2024-04-05 22:43:03.375,1001,,,,119.0,30001,,,62660010,127.0,2024-04-05 23:03:33.137,2024-04-05 23:03:33.137,,,1.5931681,103.33303,84.0,,1971,1552.8,,142.0,121.0,,,UTC-0300,hriiVjEkYE,,,969b120d-26e3-4277-a4dc-debcddfb5d55.com.samsung.health.exercise.live_data.json,,1.356803,com.sec.android.app.shealth,,,,,2024-04-05 23:02:16.982,969b120d-26e3-4277-a4dc-debcddfb5d55,,
2063e38e-8b85-4879-8ae4-680529e486da.live_data_internal.json,,0,,,,89.99001,,,,,2063e38e-8b85-4879-8ae4-680529e486da.sensing_status.json,1,,,,,,,,,,,,,,,621508,,62660010,,,2024-04-05 23:03:54.857,15002,,,,121.0,,,,62660010,145.0,2024-04-06 03:53:42.660,2024-04-06 03:53:42.660,,,,,104.0,,,,,89.99001,,,,UTC-0300,hriiVjEkYE,,,2063e38e-8b85-4879-8ae4-680529e486da.com.samsung.health.exercise.live_data.json,,,com.sec.android.app.shealth,,,,,2024-04-05 23:14:16.365,2063e38e-8b85-4879-8ae4-680529e486da,,
0fe3d43b-140c-4f64-951e-eb8d978350a4.live_data_internal.json,,0,,,,406.66016,,,,,0fe3d43b-140c-4f64-951e-eb8d978350a4.sensing_status.json,1,,,,,,,,,,,,,,,2900576,,62660010,,,2024-04-06 14:15:51.624,15002,,,,116.0,,,,62660010,148.0,2024-04-06 15:04:13.472,2024-04-06 15:04:13.472,,,,,90.0,,,,,406.66016,,,,UTC-0300,hriiVjEkYE,,,0fe3d43b-140c-4f64-951e-eb8d978350a4.com.samsung.health.exercise.live_data.json,,,com.sec.android.app.shealth,,,,,2024-04-06 15:04:12.200,0fe3d43b-140c-4f64-951e-eb8d978350a4,,
c5a5eae5-da73-4a9e-9e40-a815cf714cb1.live_data_internal.json,,0,,,,134.38345,,,,,c5a5eae5-da73-4a9e-9e40-a815cf714cb1.sensing_status.json,4,,,,,,,,,,,,c5a5eae5-da73-4a9e-9e40-a815cf714cb1.location_data_internal.json,,,1054751,,62660010,,c5a5eae5-da73-4a9e-9e40-a815cf714cb1.com.samsung.health.exercise.location_data.json,2024-04-08 20:32:44.770,1001,,,,119.0,30001,,,62660010,127.0,2024-04-08 20:51:17.462,2024-04-08 20:51:17.462,,,1.5843343,109.732056,111.0,,1929,1512.8,,133.0,120.0,,,UTC-0300,hriiVjEkYE,,,c5a5eae5-da73-4a9e-9e40-a815cf714cb1.com.samsung.health.exercise.live_data.json,,1.4342723,com.sec.android.app.shealth,,,,,2024-04-08 20:51:16.539,c5a5eae5-da73-4a9e-9e40-a815cf714cb1,,
71fd4588-32bb-428e-bb46-210ed331965c.live_data_internal.json,,0,,,,550.0473,,,,,71fd4588-32bb-428e-bb46-210ed331965c.sensing_status.json,1,,,,,,,,,,,,,,,3707626,,62660010,,,2024-04-08 20:51:16.541,15002,,,,123.0,,,,62660010,140.0,2024-04-08 22:05:43.960,2024-04-08 22:05:43.960,,,,,90.0,,,,,531.65015,,,,UTC-0300,hriiVjEkYE,,,71fd4588-32bb-428e-bb46-210ed331965c.com.samsung.health.exercise.live_data.json,,,com.sec.android.app.shealth,,,,,2024-04-08 22:05:42.389,71fd4588-32bb-428e-bb46-210ed331965c,,
62b32a11-f289-44b2-8d55-e51717c460f2.live_data_internal.json,,0,,,,120.0,,,,,62b32a11-f289-44b2-8d55-e51717c460f2.sensing_status.json,4,,,,,,,,,,,,62b32a11-f289-44b2-8d55-e51717c460f2.location_data_internal.json,,,922115,,62660010,,62b32a11-f289-44b2-8d55-e51717c460f2.com.samsung.health.exercise.location_data.json,2024-04-09 21:00:44.765,1001,,,,117.0,30001,,,62660010,131.0,2024-04-09 21:17:24.285,2024-04-09 21:17:24.285,,,1.5555556,110.420074,89.0,,1697,1308.45,,120.0,118.0,,,UTC-0300,hriiVjEkYE,,,62b32a11-f289-44b2-8d55-e51717c460f2.com.samsung.health.exercise.live_data.json,,1.4189662,com.sec.android.app.shealth,,,,,2024-04-09 21:16:06.880,62b32a11-f289-44b2-8d55-e51717c460f2,,
a78648db-04f5-40c0-99cf-4493090139be.live_data_internal.json,,0,,,,624.02,,,,,a78648db-04f5-40c0-99cf-4493090139be.sensing_status.json,1,,,,,,,,,,,,,,,4071088,,62660010,,,2024-04-09 21:17:40.140,15002,,,,127.0,,,,62660010,148.0,2024-04-09 22:25:31.964,2024-04-09 22:25:31.964,,,,,93.0,,,,,624.02,,,,UTC-0300,hriiVjEkYE,,,a78648db-04f5-40c0-99cf-4493090139be.com.samsung.health.exercise.live_data.json,,,com.sec.android.app.shealth,,,,,2024-04-09 22:25:31.228,a78648db-04f5-40c0-99cf-4493090139be,,
23143bbe-16b8-4d1f-9416-34fb36df6aca.live_data_internal.json,,0,,,,111.0,,,,,23143bbe-16b8-4d1f-9416-34fb36df6aca.sensing_status.json,4,,,,,,,,,,,,23143bbe-16b8-4d1f-9416-34fb36df6aca.location_data_internal.json,,,833771,,62660010,,23143bbe-16b8-4d1f-9416-34fb36df6aca.com.samsung.health.exercise.location_data.json,2024-04-11 22:26:31.545,1001,,,,124.0,30001,,,62660010,128.0,2024-04-11 22:41:41.118,2024-04-11 22:41:41.118,,,1.5668335,116.57877,110.0,,1620,1245.29,,111.0,119.0,,,UTC-0300,hriiVjEkYE,,,23143bbe-16b8-4d1f-9416-34fb36df6aca.com.samsung.health.exercise.live_data.json,,1.4935637,com.sec.android.app.shealth,,,,,2024-04-11 22:40:25.316,23143bbe-16b8-4d1f-9416-34fb36df6aca,,
311c27cd-df8a-48a6-a4c8-ec98099be275.live_data_internal.json,,0,,,,320.55,,,,,311c27cd-df8a-48a6-a4c8-ec98099be275.sensing_status.json,1,,,,,,,,,,,,,,,2028587,,62660010,,,2024-04-11 22:42:18.114,15002,,,,131.0,,,,62660010,161.0,2024-04-11 23:16:07.736,2024-04-11 23:16:07.736,,,,,101.0,,,,,320.55,,,,UTC-0300,hriiVjEkYE,,,311c27cd-df8a-48a6-a4c8-ec98099be275.com.samsung.health.exercise.live_data.json,,,com.sec.android.app.shealth,,,,,2024-04-11 23:16:06.701,311c27cd-df8a-48a6-a4c8-ec98099be275,,
ee1bcc00-4391-47aa-8172-af016f9a0e74.live_data_internal.json,,0,,,,136.0,,,,,ee1bcc00-4391-47aa-8172-af016f9a0e74.sensing_status.json,4,,,,,,,,,,,,ee1bcc00-4391-47aa-8172-af016f9a0e74.location_data_internal.json,,,1041355,,62660010,,ee1bcc00-4391-47aa-8172-af016f9a0e74.com.samsung.health.exercise.location_data.json,2024-04-11 23:16:16.895,1001,,,,139.0,30001,,,62660010,145.0,2024-04-11 23:34:54.082,2024-04-11 23:34:54.082,,,1.5555556,115.11924,134.0,,1998,1554.11,,136.0,118.0,,,UTC-0300,hriiVjEkYE,,,ee1bcc00-4391-47aa-8172-af016f9a0e74.com.samsung.health.exercise.live_data.json,,1.4923922,com.sec.android.app.shealth,,,,,2024-04-11 23:33:38.250,ee1bcc00-4391-47aa-8172-af016f9a0e74,,
85f7a887-64c9-4d30-b037-414678f4aef3.live_data_internal.json,,0,,,,133.75229,,,,,85f7a887-64c9-4d30-b037-414678f4aef3.sensing_status.json,4,,,,,,,,,,,,85f7a887-64c9-4d30-b037-414678f4aef3.location_data_internal.json,,,1142224,,62660010,,85f7a887-64c9-4d30-b037-414678f4aef3.com.samsung.health.exercise.location_data.json,2024-04-12 21:44:29.534,1001,,,,118.0,30001,,,62660010,125.0,2024-04-12 22:04:03.669,2024-04-12 22:04:03.669,,,1.5668335,104.95314,107.0,,1998,1557.81,,133.0,119.0,,,UTC-0300,hriiVjEkYE,,,85f7a887-64c9-4d30-b037-414678f4aef3.com.samsung.health.exercise.live_data.json,,1.3638394,com.sec.android.app.shealth,,,,,2024-04-12 22:04:02.763,85f7a887-64c9-4d30-b037-414678f4aef3,,
e471a0d2-90e8-496c-b2d6-5dc7681ea87e.live_data_internal.json,,0,,,,684.63,,,,,e471a0d2-90e8-496c-b2d6-5dc7681ea87e.sensing_status.json,1,,,,,,,,,,,,,,,4718681,,62660010,,,2024-04-12 22:04:02.764,15002,,,,119.0,,,,62660010,141.0,2024-04-12 23:22:42.587,2024-04-12 23:22:42.587,,,,,86.0,,,,,684.63,,,,UTC-0300,hriiVjEkYE,,,e471a0d2-90e8-496c-b2d6-5dc7681ea87e.com.samsung.health.exercise.live_data.json,,,com.sec.android.app.shealth,,,,,2024-04-12 23:22:41.445,e471a0d2-90e8-496c-b2d6-5dc7681ea87e,,
b59520a0-feb6-4a41-914a-a4474f038d5b.live_data_internal.json,,0,,,,152.20122,,,,,b59520a0-feb6-4a41-914a-a4474f038d5b.sensing_status.json,4,,,,,,,,,,,,b59520a0-feb6-4a41-914a-a4474f038d5b.location_data_internal.json,,,1202536,,62660010,,b59520a0-feb6-4a41-914a-a4474f038d5b.com.samsung.health.exercise.location_data.json,2024-04-13 12:42:54.580,1001,,,,113.0,30001,,,62660010,123.0,2024-04-13 13:04:28.707,2024-04-13 13:04:28.707,,,1.5931661,100.587425,88.0,,2016,1577.12,,150.0,121.0,,,UTC-0300,hriiVjEkYE,,,b59520a0-feb6-4a41-914a-a4474f038d5b.com.samsung.health.exercise.live_data.json,,1.3114951,com.sec.android.app.shealth,,,,,2024-04-13 13:04:27.837,b59520a0-feb6-4a41-914a-a4474f038d5b,,
fdf5972d-6189-4580-9b36-2cf42e216b46.live_data_internal.json,,0,,,,376.6401,,,,,fdf5972d-6189-4580-9b36-2cf42e216b46.sensing_status.json,1,,,,,,,,,,,,,,,2750715,,62660010,,,2024-04-13 13:04:27.839,15002,,,,110.0,,,,62660010,136.0,2024-04-13 13:50:19.631,2024-04-13 13:50:19.631,,,,,54.0,,,,,376.6401,,,,UTC-0300,hriiVjEkYE,,,fdf5972d-6189-4580-9b36-2cf42e216b46.com.samsung.health.exercise.live_data.json,,,com.sec.android.app.shealth,,,,,2024-04-13 13:50:18.554,fdf5972d-6189-4580-9b36-2cf42e216b46,,
65bc6310-585a-42a8-b8b5-996a5c463b62.live_data_internal.json,,0,,,,91.25212,,,,,65bc6310-585a-42a8-b8b5-996a5c463b62.sensing_status.json,4,,,,,,,,,,,,65bc6310-585a-42a8-b8b5-996a5c463b62.location_data_internal.json,,,788634,,62660010,,65bc6310-585a-42a8-b8b5-996a5c463b62.com.samsung.health.exercise.location_data.json,2024-04-16 22:59:27.893,1001,,,,110.0,30001,,,62660010,126.0,2024-04-16 23:12:47.602,2024-04-16 23:12:47.602,,,1.6304505,104.23086,55.0,,1370,1069.75,,91.0,122.0,,,UTC-0300,hriiVjEkYE,,,65bc6310-585a-42a8-b8b5-996a5c463b62.com.samsung.health.exercise.live_data.json,,1.3564595,com.sec.android.app.shealth,,,,,2024-04-16 23:12:46.918,65bc6310-585a-42a8-b8b5-996a5c463b62,,
2f049689-9286-43fd-91dc-2a3225abca24.live_data_internal.json,,0,,,,470.55017,,,,,2f049689-9286-43fd-91dc-2a3225abca24.sensing_status.json,1,,,,,,,,,,,,,,,3024358,,62660010,,,2024-04-16 23:12:46.919,15002,,,,130.0,,,,62660010,157.0,2024-04-17 00:03:12.068,2024-04-17 00:03:12.068,,,,,103.0,,,,,470.55017,,,,UTC-0300,hriiVjEkYE,,,2f049689-9286-43fd-91dc-2a3225abca24.com.samsung.health.exercise.live_data.json,,,com.sec.android.app.shealth,,,,,2024-04-17 00:03:11.277,2f049689-9286-43fd-91dc-2a3225abca24,,
cc88ad4e-d19b-4cd7-b553-e0fa97d5abc8.live_data_internal.json,,0,,,,95.0,,,,,cc88ad4e-d19b-4cd7-b553-e0fa97d5abc8.sensing_status.json,4,,,,,,,,,,,,cc88ad4e-d19b-4cd7-b553-e0fa97d5abc8.location_data_internal.json,,,688181,,62660010,,cc88ad4e-d19b-4cd7-b553-e0fa97d5abc8.com.samsung.health.exercise.location_data.json,2024-04-17 00:03:21.433,1001,,,,142.0,30001,,,62660010,152.0,2024-04-17 00:16:05.358,2024-04-17 00:16:05.358,,,1.6666666,116.916916,114.0,,1341,1039.68,,95.0,125.0,,,UTC-0300,hriiVjEkYE,,,cc88ad4e-d19b-4cd7-b553-e0fa97d5abc8.com.samsung.health.exercise.live_data.json,,1.5107653,com.sec.android.app.shealth,,,,,2024-04-17 00:14:49.614,cc88ad4e-d19b-4cd7-b553-e0fa97d5abc8,,
a2c494f2-f783-4413-b30a-626cc8c30dbd.live_data_internal.json,,0,,,,272.88898,,,,,a2c494f2-f783-4413-b30a-626cc8c30dbd.sensing_status.json,4,,,,,,,,,,,,a2c494f2-f783-4413-b30a-626cc8c30dbd.location_data_internal.json,,,2117244,,62660010,,a2c494f2-f783-4413-b30a-626cc8c30dbd.com.samsung.health.exercise.location_data.json,2024-04-17 23:44:07.420,1001,,,,124.0,30001,,,62660010,154.0,2024-04-18 00:21:58.324,2024-04-18 00:21:58.324,,,1.9331768,103.94646,90.0,,3668,2937.76,,271.0,131.0,,,UTC-0300,hriiVjEkYE,,,a2c494f2-f783-4413-b30a-626cc8c30dbd.com.samsung.health.exercise.live_data.json,,1.3875397,com.sec.android.app.shealth,,,,,2024-04-18 00:20:42.516,a2c494f2-f783-4413-b30a-626cc8c30dbd,,
,,,,,,,1,,,,,4,0,,0,,,,,,,,,,,,882000,,62660010,,,2024-04-30 00:36:18.000,1001,,,,,30001,,,62660010,,2024-04-30 00:55:01.009,2024-04-30 00:55:01.009,,,1.4975,,,,1696,1297.91,,51.01,,,,UTC-0300,487mnSNu6t,,,cc53118e-fa1c-43c9-93b6-02ad03ccfe46.com.samsung.health.exercise.live_data.json,,1.4715533,com.sec.android.app.shealth,,,,,2024-04-30 00:51:00.000,cc53118e-fa1c-43c9-93b6-02ad03ccfe46,,
ce36ac4d-aba4-4247-89e5-d016e0167963.live_data_internal.json,,0,,,,94.28619,,,,,ce36ac4d-aba4-4247-89e5-d016e0167963.sensing_status.json,4,,,,,,,,,,,,ce36ac4d-aba4-4247-89e5-d016e0167963.location_data_internal.json,,,692416,,62660010,,ce36ac4d-aba4-4247-89e5-d016e0167963.com.samsung.health.exercise.location_data.json,2024-04-30 23:23:40.891,1001,,,,115.0,30001,,,62660010,134.0,2024-04-30 23:36:41.600,2024-04-30 23:36:41.600,,,1.6390015,116.37512,77.0,,1343,1015.07,,94.0,123.0,,,UTC-0300,hriiVjEkYE,,,ce36ac4d-aba4-4247-89e5-d016e0167963.com.samsung.health.exercise.live_data.json,,1.4659829,com.sec.android.app.shealth,,,,,2024-04-30 23:35:25.102,ce36ac4d-aba4-4247-89e5-d016e0167963,,
daa06d1f-05c8-414e-aa02-d155cb641a59.live_data_internal.json,,0,,,,690.88007,,,,,daa06d1f-05c8-414e-aa02-d155cb641a59.sensing_status.json,1,,,,,,,,,,,,,,,4299355,,62660010,,,2024-04-30 23:37:03.713,15002,,,,131.0,,,,62660010,172.0,2024-05-01 00:48:44.149,2024-05-01 00:48:44.149,,,,,93.0,,,,,690.88007,,,,UTC-0300,hriiVjEkYE,,,daa06d1f-05c8-414e-aa02-d155cb641a59.com.samsung.health.exercise.live_data.json,,,com.sec.android.app.shealth,,,,,2024-05-01 00:48:43.068,daa06d1f-05c8-414e-aa02-d155cb641a59,,
aac8276e-41f5-4e59-ac5b-9e25ec1ae3eb.live_data_internal.json,,0,,,,262.35425,,,,,aac8276e-41f5-4e59-ac5b-9e25ec1ae3eb.sensing_status.json,4,,,,,,,,,,,,aac8276e-41f5-4e59-ac5b-9e25ec1ae3eb.location_data_internal.json,,,2235284,,62660010,,aac8276e-41f5-4e59-ac5b-9e25ec1ae3eb.com.samsung.health.exercise.location_data.json,2024-05-01 19:51:51.291,1001,,,,116.0,30001,,,62660010,128.0,2024-05-01 20:30:37.379,2024-05-01 20:30:37.379,,,1.5351664,98.69887,107.0,,3677,2787.95,,262.0,117.0,,,UTC-0300,hriiVjEkYE,,,aac8276e-41f5-4e59-ac5b-9e25ec1ae3eb.com.samsung.health.exercise.live_data.json,,1.2472465,com.sec.android.app.shealth,,,,,2024-05-01 20:29:21.175,aac8276e-41f5-4e59-ac5b-9e25ec1ae3eb,,
b6580bb1-06e8-4df0-8618-617ecdc35265.live_data_internal.json,,0,,,,166.0,,,,,b6580bb1-06e8-4df0-8618-617ecdc35265.sensing_status.json,4,,,,,,,,,,,,b6580bb1-06e8-4df0-8618-617ecdc35265.location_data_internal.json,,,1512746,,62660010,,b6580bb1-06e8-4df0-8618-617ecdc35265.com.samsung.health.exercise.location_data.json,2024-05-01 20:34:05.557,1001,,,,110.0,30001,,,62660010,117.0,2024-05-01 20:59:57.055,2024-05-01 20:59:57.055,,,1.4166666,93.56495,89.0,,2359,1759.07,,166.0,104.0,,,UTC-0300,hriiVjEkYE,,,b6580bb1-06e8-4df0-8618-617ecdc35265.com.samsung.health.exercise.live_data.json,,1.1628324,com.sec.android.app.shealth,,,,,2024-05-01 20:59:18.303,b6580bb1-06e8-4df0-8618-617ecdc35265,,
a03f9b90-2a9c-4fb7-817a-528508b6ee0c.live_data_internal.json,,0,,-49.312622,,314.199,,,,,a03f9b90-2a9c-4fb7-817a-528508b6ee0c.sensing_status.json,1,,,,,,,,-25.431965,,,,a03f9b90-2a9c-4fb7-817a-528508b6ee0c.location_data_internal.json,,,2578956,,62660010,,a03f9b90-2a9c-4fb7-817a-528508b6ee0c.com.samsung.health.exercise.location_data.json,2024-05-01 21:09:46.790,1001,,890.697,32.539,118.0,30001,,887.39,62660010,125.0,2024-05-01 21:52:46.992,2024-05-01 21:52:46.992,,,2.11,111.417175,105.0,,4789,3634.05,,314.199,139.171,,35.47,UTC-0300,hriiVjEkYE,,,a03f9b90-2a9c-4fb7-817a-528508b6ee0c.com.samsung.health.exercise.live_data.json,,1.4091167,com.sec.android.app.shealth,0.0,,,,2024-05-01 21:52:45.746,a03f9b90-2a9c-4fb7-817a-528508b6ee0c,,
73198c96-1660-4c72-8afb-a80194f7c50b.live_data_internal.json,,0,,,,94.073395,,,,,73198c96-1660-4c72-8afb-a80194f7c50b.sensing_status.json,4,,,,,,,,,,,,73198c96-1660-4c72-8afb-a80194f7c50b.location_data_internal.json,,,708413,,62660010,,73198c96-1660-4c72-8afb-a80194f7c50b.com.samsung.health.exercise.location_data.json,2024-05-02 23:16:38.635,1001,,,,116.0,30001,,,62660010,128.0,2024-05-02 23:29:47.693,2024-05-02 23:29:47.693,,,1.6111112,114.59416,108.0,,1353,1010.84,,94.0,123.0,,,UTC-0300,hriiVjEkYE,,,73198c96-1660-4c72-8afb-a80194f7c50b.com.samsung.health.exercise.live_data.json,,1.4269078,com.sec.android.app.shealth,,,,,2024-05-02 23:28:30.073,73198c96-1660-4c72-8afb-a80194f7c50b,,
,,,,,,,1,,,,,4,0,,0,,,,,,,,,,,,900000,,62660010,,,2024-05-03 00:36:00.000,1001,,,,,30001,,,62660010,,2024-05-03 00:55:01.493,2024-05-03 00:55:01.493,,,1.6108335,,,,1718,1323.3,,51.63,,,,UTC-0300,487mnSNu6t,,,471e9c04-b287-4ded-b8f9-2f3b6d5e7ba3.com.samsung.health.exercise.live_data.json,,1.4703333,com.sec.android.app.shealth,,,,,2024-05-03 00:51:00.000,471e9c04-b287-4ded-b8f9-2f3b6d5e7ba3,,
174e02ef-b0fe-413a-a540-75bc4e10ce92.live_data_internal.json,,0,,,,126.74,,,,,174e02ef-b0fe-413a-a540-75bc4e10ce92.sensing_status.json,1,,,,,,,,,,,,,,,978114,,62660010,,,2024-05-02 23:30:07.694,15002,,,,108.0,,,,62660010,125.0,2024-05-03 01:11:09.040,2024-05-03 01:11:09.040,,,,,84.0,,,,,126.74,,,,UTC-0300,hriiVjEkYE,,,174e02ef-b0fe-413a-a540-75bc4e10ce92.com.samsung.health.exercise.live_data.json,,,com.sec.android.app.shealth,,,,,2024-05-02 23:46:25.808,174e02ef-b0fe-413a-a540-75bc4e10ce92,,
9693d423-3ea6-4dfa-a0b8-346983e102c8.live_data_internal.json,,0,,,,113.985535,,,,,9693d423-3ea6-4dfa-a0b8-346983e102c8.sensing_status.json,4,,,,,,,,,,,,9693d423-3ea6-4dfa-a0b8-346983e102c8.location_data_internal.json,,,826205,,62660010,,9693d423-3ea6-4dfa-a0b8-346983e102c8.com.samsung.health.exercise.location_data.json,2024-05-03 22:50:09.167,1001,,,,117.0,30001,,,62660010,124.0,2024-05-03 23:05:51.976,2024-05-03 23:05:51.976,,,1.6018331,109.07704,99.0,,1502,1175.56,,113.0,122.0,,,UTC-0300,hriiVjEkYE,,,9693d423-3ea6-4dfa-a0b8-346983e102c8.com.samsung.health.exercise.live_data.json,,1.4228431,com.sec.android.app.shealth,,,,,2024-05-03 23:04:35.990,9693d423-3ea6-4dfa-a0b8-346983e102c8,,
255598a3-340a-4c3c-934f-a924749ff637.live_data_internal.json,,0,,,,678.45013,,,,,255598a3-340a-4c3c-934f-a924749ff637.sensing_status.json,1,,,,,,,,,,,,,,,4342942,,62660010,,,2024-05-03 23:06:42.504,15002,,,,129.0,,,,62660010,150.0,2024-05-04 00:19:06.329,2024-05-04 00:19:06.329,,,,,101.0,,,,,678.45013,,,,UTC-0300,hriiVjEkYE,,,255598a3-340a-4c3c-934f-a924749ff637.com.samsung.health.exercise.live_data.json,,,com.sec.android.app.shealth,,,,,2024-05-04 00:19:05.446,255598a3-340a-4c3c-934f-a924749ff637,,
4094082d-a8d2-427d-a485-7036b2bebd3b.live_data_internal.json,,0,,,,109.0,,,,,4094082d-a8d2-427d-a485-7036b2bebd3b.sensing_status.json,4,,,,,,,,,,,,4094082d-a8d2-427d-a485-7036b2bebd3b.location_data_internal.json,,,808872,,62660010,,4094082d-a8d2-427d-a485-7036b2bebd3b.com.samsung.health.exercise.location_data.json,2024-05-04 13:18:03.871,1001,,,,116.0,30001,,,62660010,129.0,2024-05-04 13:32:48.554,2024-05-04 13:32:48.554,,,1.6195028,109.634155,87.0,,1478,1154.61,,109.0,123.0,,,UTC-0300,hriiVjEkYE,,,4094082d-a8d2-427d-a485-7036b2bebd3b.com.samsung.health.exercise.live_data.json,,1.4274323,com.sec.android.app.shealth,,,,,2024-05-04 13:31:32.743,4094082d-a8d2-427d-a485-7036b2bebd3b,,
c6c3ecef-6e26-4279-a9bc-43b397cde96e.live_data_internal.json,,0,,,,709.5702,,,,,c6c3ecef-6e26-4279-a9bc-43b397cde96e.sensing_status.json,1,,,,,,,,,,,,,,,4235355,,62660010,,,2024-05-04 13:33:56.698,15002,,,,135.0,,,,62660010,166.0,2024-05-04 14:44:32.984,2024-05-04 14:44:32.984,,,,,99.0,,,,,709.5702,,,,UTC-0300,hriiVjEkYE,,,c6c3ecef-6e26-4279-a9bc-43b397cde96e.com.samsung.health.exercise.live_data.json,,,com.sec.android.app.shealth,,,,,2024-05-04 14:44:32.053,c6c3ecef-6e26-4279-a9bc-43b397cde96e,,
63be47b4-4dc6-40aa-b2b2-fdf9f199fdee.live_data_internal.json,,0,,,,106.651886,,,,,63be47b4-4dc6-40aa-b2b2-fdf9f199fdee.sensing_status.json,4,,,,,,,,,,,,63be47b4-4dc6-40aa-b2b2-fdf9f199fdee.location_data_internal.json,,,784585,,62660010,,63be47b4-4dc6-40aa-b2b2-fdf9f199fdee.com.samsung.health.exercise.location_data.json,2024-05-04 14:44:42.651,1001,,,,139.0,30001,,,62660010,146.0,2024-05-04 14:59:29.865,2024-05-04 14:59:29.865,,,1.6569988,116.85158,124.0,,1528,1142.72,,106.0,125.0,,,UTC-0300,hriiVjEkYE,,,63be47b4-4dc6-40aa-b2b2-fdf9f199fdee.com.samsung.health.exercise.live_data.json,,1.4564642,com.sec.android.app.shealth,,,,,2024-05-04 14:58:14.103,63be47b4-4dc6-40aa-b2b2-fdf9f199fdee,,
9383c9a5-3763-407d-8536-2b9037689dd3.live_data_internal.json,,0,,,,116.17037,,,,,9383c9a5-3763-407d-8536-2b9037689dd3.sensing_status.json,4,,,,,,,,,,,,9383c9a5-3763-407d-8536-2b9037689dd3.location_data_internal.json,,,943631,,62660010,,9383c9a5-3763-407d-8536-2b9037689dd3.com.samsung.health.exercise.location_data.json,2024-05-06 19:30:09.471,1001,,,,107.0,30001,,,62660010,125.0,2024-05-06 19:46:42.255,2024-05-06 19:46:42.255,,,1.5833334,101.09884,95.0,,1590,1229.5,,115.0,120.0,,,UTC-0300,hriiVjEkYE,,,9383c9a5-3763-407d-8536-2b9037689dd3.com.samsung.health.exercise.live_data.json,,1.3029457,com.sec.android.app.shealth,,,,,2024-05-06 19:46:41.338,9383c9a5-3763-407d-8536-2b9037689dd3,,
b8af9361-73a4-4dbc-a47e-b96449e50912.live_data_internal.json,,0,,,,586.8901,,,,,b8af9361-73a4-4dbc-a47e-b96449e50912.sensing_status.json,1,,,,,,,,,,,,,,,4351722,,62660010,,,2024-05-06 19:46:41.339,15002,,,,108.0,,,,62660010,130.0,2024-05-06 20:59:13.959,2024-05-06 20:59:13.959,,,,,73.0,,,,,586.8901,,,,UTC-0300,hriiVjEkYE,,,b8af9361-73a4-4dbc-a47e-b96449e50912.com.samsung.health.exercise.live_data.json,,,com.sec.android.app.shealth,,,,,2024-05-06 20:59:13.061,b8af9361-73a4-4dbc-a47e-b96449e50912,,
a5486332-2256-4c02-a388-e0a25c1a66b2.live_data_internal.json,,0,,,,85.0,,,,,a5486332-2256-4c02-a388-e0a25c1a66b2.sensing_status.json,4,,,,,,,,,,,,a5486332-2256-4c02-a388-e0a25c1a66b2.location_data_internal.json,,,664184,,62660010,,a5486332-2256-4c02-a388-e0a25c1a66b2.com.samsung.health.exercise.location_data.json,2024-05-06 21:07:08.123,1001,,,,116.0,30001,,,62660010,135.0,2024-05-06 21:19:27.976,2024-05-06 21:19:27.976,,,1.5340006,97.20198,100.0,,1076,825.71,,85.0,118.0,,,UTC-0300,hriiVjEkYE,,,a5486332-2256-4c02-a388-e0a25c1a66b2.com.samsung.health.exercise.live_data.json,,1.2431947,com.sec.android.app.shealth,,,,,2024-05-06 21:18:12.306,a5486332-2256-4c02-a388-e0a25c1a66b2,,
6df2dc2e-d936-4776-be62-aded36891c47.live_data_internal.json,,0,,,,127.534935,,,,,6df2dc2e-d936-4776-be62-aded36891c47.sensing_status.json,4,,,,,,,,,,,,6df2dc2e-d936-4776-be62-aded36891c47.location_data_internal.json,,,971006,,62660010,,6df2dc2e-d936-4776-be62-aded36891c47.com.samsung.health.exercise.location_data.json,2024-05-07 19:46:54.638,1001,,,,120.0,30001,,,62660010,129.0,2024-05-07 20:04:43.464,2024-05-07 20:04:43.464,,,2.0,104.18061,111.0,,1686,1313.42,,127.0,122.0,,,UTC-0300,hriiVjEkYE,,,6df2dc2e-d936-4776-be62-aded36891c47.com.samsung.health.exercise.live_data.json,,1.3526385,com.sec.android.app.shealth,,,,,2024-05-07 20:03:27.691,6df2dc2e-d936-4776-be62-aded36891c47,,
1340915c-e285-43f2-93d1-4a92b5acb567.live_data_internal.json,,0,,,,588.40027,,,,,1340915c-e285-43f2-93d1-4a92b5acb567.sensing_status.json,1,,,,,,,,,,,,,,,3759305,,62660010,,,2024-05-07 20:06:20.603,15002,,,,130.0,,,,62660010,165.0,2024-05-07 21:09:00.933,2024-05-07 21:09:00.933,,,,,101.0,,,,,588.40027,,,,UTC-0300,hriiVjEkYE,,,1340915c-e285-43f2-93d1-4a92b5acb567.com.samsung.health.exercise.live_data.json,,,com.sec.android.app.shealth,,,,,2024-05-07 21:08:59.908,1340915c-e285-43f2-93d1-4a92b5acb567,,
e374e07d-bccc-4543-8591-8b895cacb9b0.live_data_internal.json,,0,,,,77.0,,,,,e374e07d-bccc-4543-8591-8b895cacb9b0.sensing_status.json,4,,,,,,,,,,,,e374e07d-bccc-4543-8591-8b895cacb9b0.location_data_internal.json,,,642473,,62660010,,e374e07d-bccc-4543-8591-8b895cacb9b0.com.samsung.health.exercise.location_data.json,2024-05-07 21:10:01.699,1001,,,,127.0,30001,,,62660010,149.0,2024-05-07 21:20:44.846,2024-05-07 21:20:44.846,,,3.6111112,90.30729,111.0,,967,764.2,,77.0,121.0,,,UTC-0300,hriiVjEkYE,,,e374e07d-bccc-4543-8591-8b895cacb9b0.com.samsung.health.exercise.live_data.json,,1.1894664,com.sec.android.app.shealth,,,,,2024-05-07 21:20:44.172,e374e07d-bccc-4543-8591-8b895cacb9b0,,
4d948ed8-95da-4480-a3ef-0c6504d93326.live_data_internal.json,,0,,,,114.4438,,,,,4d948ed8-95da-4480-a3ef-0c6504d93326.sensing_status.json,4,,,,,,,,,,,,4d948ed8-95da-4480-a3ef-0c6504d93326.location_data_internal.json,,,860981,,62660010,,4d948ed8-95da-4480-a3ef-0c6504d93326.com.samsung.health.exercise.location_data.json,2024-05-08 13:44:49.423,1001,,,,113.0,30001,,,62660010,123.0,2024-05-08 14:00:44.400,2024-05-08 14:00:44.400,,,1.5994995,113.382286,105.0,,1627,1223.81,,114.0,122.0,,,UTC-0300,hriiVjEkYE,,,4d948ed8-95da-4480-a3ef-0c6504d93326.com.samsung.health.exercise.live_data.json,,1.4214135,com.sec.android.app.shealth,,,,,2024-05-08 13:59:28.695,4d948ed8-95da-4480-a3ef-0c6504d93326,,
d3fbb15a-44ad-4969-b385-b38ce795bc7b.live_data_internal.json,,0,,,,726.2603,,,,,d3fbb15a-44ad-4969-b385-b38ce795bc7b.sensing_status.json,1,,,,,,,,,,,,,,,5048349,,62660010,,,2024-05-08 14:01:47.520,15002,,,,117.0,,,,62660010,159.0,2024-05-08 15:25:57.356,2024-05-08 15:25:57.356,,,,,90.0,,,,,726.2603,,,,UTC-0300,hriiVjEkYE,,,d3fbb15a-44ad-4969-b385-b38ce795bc7b.com.samsung.health.exercise.live_data.json,,,com.sec.android.app.shealth,,,,,2024-05-08 15:25:55.869,d3fbb15a-44ad-4969-b385-b38ce795bc7b,,
3fcb2a28-9306-412d-b63c-e741877b89ef.live_data_internal.json,,0,,,,138.1091,,,,,3fcb2a28-9306-412d-b63c-e741877b89ef.sensing_status.json,4,,,,,,,,,,,,3fcb2a28-9306-412d-b63c-e741877b89ef.location_data_internal.json,,,978437,,62660010,,3fcb2a28-9306-412d-b63c-e741877b89ef.com.samsung.health.exercise.location_data.json,2024-05-09 20:04:17.322,1001,,,,116.0,30001,,,62660010,136.0,2024-05-09 20:23:18.585,2024-05-09 20:23:18.585,,,1.6063313,104.18658,87.0,,1699,1325.21,,136.0,122.0,,,UTC-0300,hriiVjEkYE,,,3fcb2a28-9306-412d-b63c-e741877b89ef.com.samsung.health.exercise.live_data.json,,1.3544152,com.sec.android.app.shealth,,,,,2024-05-09 20:22:02.684,3fcb2a28-9306-412d-b63c-e741877b89ef,,
0bf25743-c64b-416e-8836-09a59ed8a5e1.live_data_internal.json,,0,,,,571.04004,,,,,0bf25743-c64b-416e-8836-09a59ed8a5e1.sensing_status.json,1,,,,,,,,,,,,,,,3606913,,62660010,,,2024-05-09 20:23:44.991,15002,,,,130.0,,,,62660010,151.0,2024-05-09 21:23:52.930,2024-05-09 21:23:52.930,,,,,107.0,,,,,571.04004,,,,UTC-0300,hriiVjEkYE,,,0bf25743-c64b-416e-8836-09a59ed8a5e1.com.samsung.health.exercise.live_data.json,,,com.sec.android.app.shealth,,,,,2024-05-09 21:23:51.904,0bf25743-c64b-416e-8836-09a59ed8a5e1,,
8c05a73a-def2-4d84-95be-aacdc125aeca.live_data_internal.json,,0,,,,120.72307,,,,,8c05a73a-def2-4d84-95be-aacdc125aeca.sensing_status.json,4,,,,,,,,,,,,8c05a73a-def2-4d84-95be-aacdc125aeca.location_data_internal.json,,,884261,,62660010,,8c05a73a-def2-4d84-95be-aacdc125aeca.com.samsung.health.exercise.location_data.json,2024-05-10 20:05:11.665,1001,,,,106.0,30001,,,62660010,119.0,2024-05-10 20:22:30.089,2024-05-10 20:22:30.089,,,1.5833334,90.991234,92.0,,1341,1116.57,,117.0,119.0,,,UTC-0300,hriiVjEkYE,,,8c05a73a-def2-4d84-95be-aacdc125aeca.com.samsung.health.exercise.live_data.json,,1.2627153,com.sec.android.app.shealth,,,,,2024-05-10 20:22:29.369,8c05a73a-def2-4d84-95be-aacdc125aeca,,
6823e571-983e-4944-8b8a-f77561dc5218.live_data_internal.json,,0,,,,601.6202,,,,,6823e571-983e-4944-8b8a-f77561dc5218.sensing_status.json,1,,,,,,,,,,,,,,,3863275,,62660010,,,2024-05-10 20:22:29.369,15002,,,,127.0,,,,62660010,160.0,2024-05-10 21:26:53.206,2024-05-10 21:26:53.206,,,,,95.0,,,,,601.6202,,,,UTC-0300,hriiVjEkYE,,,6823e571-983e-4944-8b8a-f77561dc5218.com.samsung.health.exercise.live_data.json,,,com.sec.android.app.shealth,,,,,2024-05-10 21:26:52.644,6823e571-983e-4944-8b8a-f77561dc5218,,
2c8b1888-6b6b-4a1e-9dc2-b035db1d03db.live_data_internal.json,,0,,,,131.4031,,,,,2c8b1888-6b6b-4a1e-9dc2-b035db1d03db.sensing_status.json,4,,,,,,,,,,,,2c8b1888-6b6b-4a1e-9dc2-b035db1d03db.location_data_internal.json,,,1045392,,62660010,,2c8b1888-6b6b-4a1e-9dc2-b035db1d03db.com.samsung.health.exercise.location_data.json,2024-05-10 21:27:37.068,1001,,,,127.0,30001,,,62660010,146.0,2024-05-10 21:46:34.939,2024-05-10 21:46:34.939,,,2.0240905,97.28409,108.0,,1695,1322.57,,131.0,121.0,,,UTC-0300,hriiVjEkYE,,,2c8b1888-6b6b-4a1e-9dc2-b035db1d03db.com.samsung.health.exercise.live_data.json,,1.2651427,com.sec.android.app.shealth,,,,,2024-05-10 21:45:19.074,2c8b1888-6b6b-4a1e-9dc2-b035db1d03db,,
61cdc7b6-74e7-4ad2-a8d5-73e85d6efac1.live_data_internal.json,,0,,,,91.58186,,,,,61cdc7b6-74e7-4ad2-a8d5-73e85d6efac1.sensing_status.json,4,,,,,,,,,,,,61cdc7b6-74e7-4ad2-a8d5-73e85d6efac1.location_data_internal.json,,,800854,,62660010,,61cdc7b6-74e7-4ad2-a8d5-73e85d6efac1.com.samsung.health.exercise.location_data.json,2024-05-11 12:07:11.057,1001,,,,115.0,30001,,,62660010,125.0,2024-05-11 12:20:57.041,2024-05-11 12:20:57.041,,,1.5931666,98.29507,105.0,,1312,1017.64,,91.0,121.0,,,UTC-0300,hriiVjEkYE,,,61cdc7b6-74e7-4ad2-a8d5-73e85d6efac1.com.samsung.health.exercise.live_data.json,,1.2706935,com.sec.android.app.shealth,,,,,2024-05-11 12:20:55.892,61cdc7b6-74e7-4ad2-a8d5-73e85d6efac1,,
7b3b2272-75d7-475e-b593-0907ae331f34.live_data_internal.json,,0,,,,668.3701,,,,,7b3b2272-75d7-475e-b593-0907ae331f34.sensing_status.json,1,,,,,,,,,,,,,,,4870239,,62660010,,,2024-05-11 12:20:55.893,15002,,,,113.0,,,,62660010,137.0,2024-05-11 13:42:06.796,2024-05-11 13:42:06.796,,,,,87.0,,,,,668.3701,,,,UTC-0300,hriiVjEkYE,,,7b3b2272-75d7-475e-b593-0907ae331f34.com.samsung.health.exercise.live_data.json,,,com.sec.android.app.shealth,,,,,2024-05-11 13:42:06.132,7b3b2272-75d7-475e-b593-0907ae331f34,,
518c9ebc-1f33-4557-96c7-9d99d1bec65a.live_data_internal.json,,0,,,,109.35944,,,,,518c9ebc-1f33-4557-96c7-9d99d1bec65a.sensing_status.json,4,,,,,,,,,,,,518c9ebc-1f33-4557-96c7-9d99d1bec65a.location_data_internal.json,,,846625,,62660010,,518c9ebc-1f33-4557-96c7-9d99d1bec65a.com.samsung.health.exercise.location_data.json,2024-05-13 13:48:39.680,1001,,,,110.0,30001,,,62660010,119.0,2024-05-13 14:04:18.768,2024-05-13 14:04:18.768,,,1.5700003,104.816185,102.0,,1479,1100.51,,109.0,120.0,,,UTC-0300,hriiVjEkYE,,,518c9ebc-1f33-4557-96c7-9d99d1bec65a.com.samsung.health.exercise.live_data.json,,1.299879,com.sec.android.app.shealth,,,,,2024-05-13 14:03:01.119,518c9ebc-1f33-4557-96c7-9d99d1bec65a,,
de718121-ed6a-4413-9507-0c229edaa0c0.live_data_internal.json,,0,,,,708.5802,,,,,de718121-ed6a-4413-9507-0c229edaa0c0.sensing_status.json,1,,,,,,,,,,,,,,,4632057,,62660010,,,2024-05-13 14:04:34.234,15002,,,,126.0,,,,62660010,153.0,2024-05-13 15:21:47.098,2024-05-13 15:21:47.098,,,,,82.0,,,,,708.5802,,,,UTC-0300,hriiVjEkYE,,,de718121-ed6a-4413-9507-0c229edaa0c0.com.samsung.health.exercise.live_data.json,,,com.sec.android.app.shealth,,,,,2024-05-13 15:21:46.291,de718121-ed6a-4413-9507-0c229edaa0c0,,
45b85f91-0b6e-4fe0-aa91-241b8fa3aab4.live_data_internal.json,,0,,,,124.67773,,,,,45b85f91-0b6e-4fe0-aa91-241b8fa3aab4.sensing_status.json,4,,,,,,,,,,,,45b85f91-0b6e-4fe0-aa91-241b8fa3aab4.location_data_internal.json,,,963657,,62660010,,45b85f91-0b6e-4fe0-aa91-241b8fa3aab4.com.samsung.health.exercise.location_data.json,2024-05-14 23:14:19.602,1001,,,,116.0,30001,,,62660010,126.0,2024-05-14 23:32:14.727,2024-05-14 23:32:14.727,,,1.5620016,97.752625,103.0,,1570,1231.72,,122.0,119.0,,,UTC-0300,hriiVjEkYE,,,45b85f91-0b6e-4fe0-aa91-241b8fa3aab4.com.samsung.health.exercise.live_data.json,,1.2781726,com.sec.android.app.shealth,,,,,2024-05-14 23:32:13.619,45b85f91-0b6e-4fe0-aa91-241b8fa3aab4,,
898f2396-1300-4892-b2bf-d5e1aecbe844.live_data_internal.json,,0,,,,497.91003,,,,,898f2396-1300-4892-b2bf-d5e1aecbe844.sensing_status.json,1,,,,,,,,,,,,,,,3448402,,62660010,,,2024-05-14 23:32:13.620,15002,,,,116.0,,,,62660010,135.0,2024-05-15 00:29:43.381,2024-05-15 00:29:43.381,,,,,55.0,,,,,497.91003,,,,UTC-0300,hriiVjEkYE,,,898f2396-1300-4892-b2bf-d5e1aecbe844.com.samsung.health.exercise.live_data.json,,,com.sec.android.app.shealth,,,,,2024-05-15 00:29:42.022,898f2396-1300-4892-b2bf-d5e1aecbe844,,
a5b3f0ce-2ac3-428c-a2ef-de2fcf15264a.live_data_internal.json,,0,,,,84.0,,,,,a5b3f0ce-2ac3-428c-a2ef-de2fcf15264a.sensing_status.json,4,,,,,,,,,,,,a5b3f0ce-2ac3-428c-a2ef-de2fcf15264a.location_data_internal.json,,,712817,,62660010,,a5b3f0ce-2ac3-428c-a2ef-de2fcf15264a.com.samsung.health.exercise.location_data.json,2024-05-15 15:13:27.433,1001,,,,104.0,30001,,,62660010,127.0,2024-05-15 15:26:36.030,2024-05-15 15:26:36.030,,,1.5,85.43567,86.0,,1015,759.66,,84.0,107.0,,,UTC-0300,hriiVjEkYE,,,a5b3f0ce-2ac3-428c-a2ef-de2fcf15264a.com.samsung.health.exercise.live_data.json,,1.0657153,com.sec.android.app.shealth,,,,,2024-05-15 15:25:20.250,a5b3f0ce-2ac3-428c-a2ef-de2fcf15264a,,
2b54d5ea-b09f-43f6-abcb-7b8c3d4d607c.live_data_internal.json,,0,,,,133.03423,,,,,2b54d5ea-b09f-43f6-abcb-7b8c3d4d607c.sensing_status.json,4,,,,,,,,,,,,2b54d5ea-b09f-43f6-abcb-7b8c3d4d607c.location_data_internal.json,,,984118,,62660010,,2b54d5ea-b09f-43f6-abcb-7b8c3d4d607c.com.samsung.health.exercise.location_data.json,2024-05-16 23:08:03.239,1001,,,,112.0,30001,,,62660010,128.0,2024-05-16 23:26:34.139,2024-05-16 23:26:34.139,,,1.5899984,104.68257,101.0,,1717,1361.63,,130.0,120.0,,,UTC-0300,hriiVjEkYE,,,2b54d5ea-b09f-43f6-abcb-7b8c3d4d607c.com.samsung.health.exercise.live_data.json,,1.3836044,com.sec.android.app.shealth,,,,,2024-05-16 23:26:32.410,2b54d5ea-b09f-43f6-abcb-7b8c3d4d607c,,
ee1dcb93-cd87-43ed-90dc-e8c743d89823.live_data_internal.json,,0,,,,466.08005,,,,,ee1dcb93-cd87-43ed-90dc-e8c743d89823.sensing_status.json,1,,,,,,,,,,,,,,,3178752,,62660010,,,2024-05-16 23:26:32.410,15002,,,,123.0,,,,62660010,145.0,2024-05-17 00:19:32.242,2024-05-17 00:19:32.242,,,,,98.0,,,,,466.08005,,,,UTC-0300,hriiVjEkYE,,,ee1dcb93-cd87-43ed-90dc-e8c743d89823.com.samsung.health.exercise.live_data.json,,,com.sec.android.app.shealth,,,,,2024-05-17 00:19:31.162,ee1dcb93-cd87-43ed-90dc-e8c743d89823,,
b6c3712b-2847-4833-909d-e9d60cf3a1d6.live_data_internal.json,,0,,,,146.11313,,,,,b6c3712b-2847-4833-909d-e9d60cf3a1d6.sensing_status.json,4,,,,,,,,,,,,b6c3712b-2847-4833-909d-e9d60cf3a1d6.location_data_internal.json,,,1054911,,62660010,,b6c3712b-2847-4833-909d-e9d60cf3a1d6.com.samsung.health.exercise.location_data.json,2024-05-17 00:27:05.557,1001,,,,133.0,30001,,,62660010,145.0,2024-05-17 00:47:23.332,2024-05-17 00:47:23.332,,,1.6388888,102.26455,117.0,,1798,1467.64,,144.0,120.0,,,UTC-0300,hriiVjEkYE,,,b6c3712b-2847-4833-909d-e9d60cf3a1d6.com.samsung.health.exercise.live_data.json,,1.3912454,com.sec.android.app.shealth,,,,,2024-05-17 00:46:07.559,b6c3712b-2847-4833-909d-e9d60cf3a1d6,,
320d5ed8-8f96-4b4b-96f0-132bbaf2da98.live_data_internal.json,,0,,,,136.33151,,,,,320d5ed8-8f96-4b4b-96f0-132bbaf2da98.sensing_status.json,4,,,,,,,,,,,,320d5ed8-8f96-4b4b-96f0-132bbaf2da98.location_data_internal.json,,,1038059,,62660010,,320d5ed8-8f96-4b4b-96f0-132bbaf2da98.com.samsung.health.exercise.location_data.json,2024-05-17 20:50:37.044,1001,,,,113.0,30001,,,62660010,133.0,2024-05-17 21:09:32.425,2024-05-17 21:09:32.425,,,1.6159993,99.589714,100.0,,1723,1367.98,,134.0,121.0,,,UTC-0300,hriiVjEkYE,,,320d5ed8-8f96-4b4b-96f0-132bbaf2da98.com.samsung.health.exercise.live_data.json,,1.317825,com.sec.android.app.shealth,,,,,2024-05-17 21:09:31.194,320d5ed8-8f96-4b4b-96f0-132bbaf2da98,,
640e548d-d78e-4d3d-adcc-8c25dce9046e.live_data_internal.json,,0,,,,413.53006,,,,,640e548d-d78e-4d3d-adcc-8c25dce9046e.sensing_status.json,1,,,,,,,,,,,,,,,2463959,,62660010,,,2024-05-17 21:09:31.194,15002,,,,138.0,,,,62660010,162.0,2024-05-17 21:50:36.068,2024-05-17 21:50:36.068,,,,,112.0,,,,,413.53006,,,,UTC-0300,hriiVjEkYE,,,640e548d-d78e-4d3d-adcc-8c25dce9046e.com.samsung.health.exercise.live_data.json,,,com.sec.android.app.shealth,,,,,2024-05-17 21:50:35.153,640e548d-d78e-4d3d-adcc-8c25dce9046e,,
6682279a-3270-4ddd-9fdc-faba8535fdfa.live_data_internal.json,,0,,,,131.5378,,,,,6682279a-3270-4ddd-9fdc-faba8535fdfa.sensing_status.json,4,,,,,,,,,,,,6682279a-3270-4ddd-9fdc-faba8535fdfa.location_data_internal.json,,,1023722,,62660010,,6682279a-3270-4ddd-9fdc-faba8535fdfa.com.samsung.health.exercise.location_data.json,2024-05-20 23:12:15.393,1001,,,,114.0,30001,,,62660010,135.0,2024-05-20 23:30:57.115,2024-05-20 23:30:57.115,,,1.6063334,99.05033,82.0,,1690,1314.35,,131.0,122.0,,,UTC-0300,hriiVjEkYE,,,6682279a-3270-4ddd-9fdc-faba8535fdfa.com.samsung.health.exercise.live_data.json,,1.2838935,com.sec.android.app.shealth,,,,,2024-05-20 23:29:41.280,6682279a-3270-4ddd-9fdc-faba8535fdfa,,
c906a9ea-ee28-4aeb-ac93-6e7aa72a794e.live_data_internal.json,,0,,,,549.7801,,,,,c906a9ea-ee28-4aeb-ac93-6e7aa72a794e.sensing_status.json,1,,,,,,,,,,,,,,,3506724,,62660010,,,2024-05-20 23:31:19.462,15002,,,,128.0,,,,62660010,161.0,2024-05-21 00:29:48.006,2024-05-21 00:29:48.006,,,,,68.0,,,,,549.7801,,,,UTC-0300,hriiVjEkYE,,,c906a9ea-ee28-4aeb-ac93-6e7aa72a794e.com.samsung.health.exercise.live_data.json,,,com.sec.android.app.shealth,,,,,2024-05-21 00:29:46.186,c906a9ea-ee28-4aeb-ac93-6e7aa72a794e,,
21741edc-2616-423f-af22-8c14ad9c0549.live_data_internal.json,,0,,,,105.04921,,,,,21741edc-2616-423f-af22-8c14ad9c0549.sensing_status.json,4,,,,,,,,,,,,21741edc-2616-423f-af22-8c14ad9c0549.location_data_internal.json,,,763717,,62660010,,21741edc-2616-423f-af22-8c14ad9c0549.com.samsung.health.exercise.location_data.json,2024-05-21 00:29:57.532,1001,,,,149.0,30001,,,62660010,164.0,2024-05-21 00:43:58.927,2024-05-21 00:43:58.927,,,1.6736654,119.49452,130.0,,1521,1130.75,,105.0,126.0,,,UTC-0300,hriiVjEkYE,,,21741edc-2616-423f-af22-8c14ad9c0549.com.samsung.health.exercise.live_data.json,,1.4805877,com.sec.android.app.shealth,,,,,2024-05-21 00:42:43.277,21741edc-2616-423f-af22-8c14ad9c0549,,
9973d829-e267-4af9-b924-0591f19021dd.live_data_internal.json,,0,,,,106.60867,,,,,9973d829-e267-4af9-b924-0591f19021dd.sensing_status.json,4,,,,,,,,,,,,9973d829-e267-4af9-b924-0591f19021dd.location_data_internal.json,,,794890,,62660010,,9973d829-e267-4af9-b924-0591f19021dd.com.samsung.health.exercise.location_data.json,2024-05-21 23:27:33.950,1001,,,,108.0,30001,,,62660010,136.0,2024-05-21 23:41:56.460,2024-05-21 23:41:56.460,,,1.7013777,117.29925,83.0,,1554,1173.61,,105.0,122.0,,,UTC-0300,hriiVjEkYE,,,9973d829-e267-4af9-b924-0591f19021dd.com.samsung.health.exercise.live_data.json,,1.4764433,com.sec.android.app.shealth,,,,,2024-05-21 23:41:55.140,9973d829-e267-4af9-b924-0591f19021dd,,
792a0fee-3aba-45d3-975f-6589a4d4f86b.live_data_internal.json,,0,,,,511.5101,,,,,792a0fee-3aba-45d3-975f-6589a4d4f86b.sensing_status.json,1,,,,,,,,,,,,,,,3611573,,62660010,,,2024-05-21 23:41:55.141,15002,,,,116.0,,,,62660010,132.0,2024-05-22 00:42:07.975,2024-05-22 00:42:07.975,,,,,97.0,,,,,511.5101,,,,UTC-0300,hriiVjEkYE,,,792a0fee-3aba-45d3-975f-6589a4d4f86b.com.samsung.health.exercise.live_data.json,,,com.sec.android.app.shealth,,,,,2024-05-22 00:42:06.714,792a0fee-3aba-45d3-975f-6589a4d4f86b,,
59d74684-8f9a-448e-bb04-50d88d7d35c4.live_data_internal.json,,0,,,,94.06037,,,,,59d74684-8f9a-448e-bb04-50d88d7d35c4.sensing_status.json,4,,,,,,,,,,,,59d74684-8f9a-448e-bb04-50d88d7d35c4.location_data_internal.json,,,696233,,62660010,,59d74684-8f9a-448e-bb04-50d88d7d35c4.com.samsung.health.exercise.location_data.json,2024-05-22 00:42:17.317,1001,,,,135.0,30001,,,62660010,157.0,2024-05-22 00:55:11.738,2024-05-22 00:55:11.738,,,1.9800215,113.41032,107.0,,1316,1020.38,,94.0,126.0,,,UTC-0300,hriiVjEkYE,,,59d74684-8f9a-448e-bb04-50d88d7d35c4.com.samsung.health.exercise.live_data.json,,1.4655727,com.sec.android.app.shealth,,,,,2024-05-22 00:53:56.038,59d74684-8f9a-448e-bb04-50d88d7d35c4,,
23f8caf4-bf2b-49ff-8962-3cfe5a24475d.live_data_internal.json,,0,,,,144.02684,,,,,23f8caf4-bf2b-49ff-8962-3cfe5a24475d.sensing_status.json,4,,,,,,,,,,,,23f8caf4-bf2b-49ff-8962-3cfe5a24475d.location_data_internal.json,,,889450,,62660010,,23f8caf4-bf2b-49ff-8962-3cfe5a24475d.com.samsung.health.exercise.location_data.json,2024-05-22 15:22:28.904,1001,,,,94.0,30001,,,62660010,110.0,2024-05-22 15:43:23.776,2024-05-22 15:43:23.776,,,1.5688335,76.76654,78.0,,1138,992.56,,137.0,120.0,,,UTC-0300,hriiVjEkYE,,,23f8caf4-bf2b-49ff-8962-3cfe5a24475d.com.samsung.health.exercise.live_data.json,,1.1159256,com.sec.android.app.shealth,,,,,2024-05-22 15:42:07.959,23f8caf4-bf2b-49ff-8962-3cfe5a24475d,,
e88518e6-4c49-4369-b0f9-f5e8f1e1048c.live_data_internal.json,,0,,,,88.17101,,,,,e88518e6-4c49-4369-b0f9-f5e8f1e1048c.sensing_status.json,4,,,,,,,,,,,,e88518e6-4c49-4369-b0f9-f5e8f1e1048c.location_data_internal.json,,,670358,,62660010,,e88518e6-4c49-4369-b0f9-f5e8f1e1048c.com.samsung.health.exercise.location_data.json,2024-05-22 15:43:50.847,1001,,,,105.0,30001,,,62660010,132.0,2024-05-22 15:56:23.887,2024-05-22 15:56:23.887,,,2.8888888,93.174095,86.0,,1041,810.29,,88.0,122.0,,,UTC-0300,hriiVjEkYE,,,e88518e6-4c49-4369-b0f9-f5e8f1e1048c.com.samsung.health.exercise.live_data.json,,1.2087423,com.sec.android.app.shealth,,,,,2024-05-22 15:55:08.253,e88518e6-4c49-4369-b0f9-f5e8f1e1048c,,
156c20c4-059e-4e8d-9352-c2aec24605c3.live_data_internal.json,,0,,,,121.02613,,,,,156c20c4-059e-4e8d-9352-c2aec24605c3.sensing_status.json,4,,,,,,,,,,,,156c20c4-059e-4e8d-9352-c2aec24605c3.location_data_internal.json,,,893450,,62660010,,156c20c4-059e-4e8d-9352-c2aec24605c3.com.samsung.health.exercise.location_data.json,2024-05-22 23:06:56.954,1001,,,,116.0,30001,,,62660010,133.0,2024-05-22 23:23:48.616,2024-05-22 23:23:48.616,,,1.579838,108.65745,107.0,,1618,1243.35,,120.0,120.0,,,UTC-0300,hriiVjEkYE,,,156c20c4-059e-4e8d-9352-c2aec24605c3.com.samsung.health.exercise.live_data.json,,1.3916279,com.sec.android.app.shealth,,,,,2024-05-22 23:22:32.695,156c20c4-059e-4e8d-9352-c2aec24605c3,,
c34e66d4-4d0e-490d-b21b-acfd3e8774bc.live_data_internal.json,,0,,,,462.72,,,,,c34e66d4-4d0e-490d-b21b-acfd3e8774bc.sensing_status.json,1,,,,,,,,,,,,,,,3220594,,62660010,,,2024-05-22 23:24:22.555,15002,,,,122.0,,,,62660010,137.0,2024-05-23 00:18:04.363,2024-05-23 00:18:04.363,,,,,100.0,,,,,462.72,,,,UTC-0300,hriiVjEkYE,,,c34e66d4-4d0e-490d-b21b-acfd3e8774bc.com.samsung.health.exercise.live_data.json,,,com.sec.android.app.shealth,,,,,2024-05-23 00:18:03.149,c34e66d4-4d0e-490d-b21b-acfd3e8774bc,,
d383c97b-0ed4-4b40-9a24-8ed776d53fa9.live_data_internal.json,,0,,,,113.81795,,,,,d383c97b-0ed4-4b40-9a24-8ed776d53fa9.sensing_status.json,4,,,,,,,,,,,,d383c97b-0ed4-4b40-9a24-8ed776d53fa9.location_data_internal.json,,,820944,,62660010,,d383c97b-0ed4-4b40-9a24-8ed776d53fa9.com.samsung.health.exercise.location_data.json,2024-05-23 00:18:17.538,1001,,,,129.0,30001,,,62660010,151.0,2024-05-23 00:33:47.900,2024-05-23 00:33:47.900,,,1.6235107,109.55681,86.0,,1499,1183.96,,113.0,123.0,,,UTC-0300,hriiVjEkYE,,,d383c97b-0ed4-4b40-9a24-8ed776d53fa9.com.samsung.health.exercise.live_data.json,,1.4421934,com.sec.android.app.shealth,,,,,2024-05-23 00:32:32.193,d383c97b-0ed4-4b40-9a24-8ed776d53fa9,,
fa1ae23a-c726-4463-aea3-63f197e3e3a8.live_data_internal.json,,0,,,,111.65972,,,,,fa1ae23a-c726-4463-aea3-63f197e3e3a8.sensing_status.json,4,,,,,,,,,,,,fa1ae23a-c726-4463-aea3-63f197e3e3a8.location_data_internal.json,,,840689,,62660010,,fa1ae23a-c726-4463-aea3-63f197e3e3a8.com.samsung.health.exercise.location_data.json,2024-05-24 23:11:37.072,1001,,,,110.0,30001,,,62660010,126.0,2024-05-24 23:27:28.401,2024-05-24 23:27:28.401,,,1.5716674,106.05586,100.0,,1486,1106.44,,109.0,120.0,,,UTC-0300,hriiVjEkYE,,,fa1ae23a-c726-4463-aea3-63f197e3e3a8.com.samsung.health.exercise.live_data.json,,1.3161108,com.sec.android.app.shealth,,,,,2024-05-24 23:27:27.379,fa1ae23a-c726-4463-aea3-63f197e3e3a8,,
490935fd-7a96-4c0f-acbd-b46a490e6048.live_data_internal.json,,0,,,,486.07,,,,,490935fd-7a96-4c0f-acbd-b46a490e6048.sensing_status.json,1,,,,,,,,,,,,,,,3450027,,62660010,,,2024-05-24 23:27:27.380,15002,,,,113.0,,,,62660010,136.0,2024-05-25 00:24:58.237,2024-05-25 00:24:58.237,,,,,79.0,,,,,486.07,,,,UTC-0300,hriiVjEkYE,,,490935fd-7a96-4c0f-acbd-b46a490e6048.com.samsung.health.exercise.live_data.json,,,com.sec.android.app.shealth,,,,,2024-05-25 00:24:57.407,490935fd-7a96-4c0f-acbd-b46a490e6048,,
e2583601-730a-42ab-819c-683bb1be5e4e.live_data_internal.json,,0,,,,131.08806,,,,,e2583601-730a-42ab-819c-683bb1be5e4e.sensing_status.json,4,,,,,,,,,,,,e2583601-730a-42ab-819c-683bb1be5e4e.location_data_internal.json,,,1002467,,62660010,,e2583601-730a-42ab-819c-683bb1be5e4e.com.samsung.health.exercise.location_data.json,2024-05-25 00:25:13.187,1001,,,,116.0,30001,,,62660010,134.0,2024-05-25 00:43:15.030,2024-05-25 00:43:15.030,,,1.8333334,105.93865,85.0,,1770,1371.4,,131.0,119.0,,,UTC-0300,hriiVjEkYE,,,e2583601-730a-42ab-819c-683bb1be5e4e.com.samsung.health.exercise.live_data.json,,1.3680252,com.sec.android.app.shealth,,,,,2024-05-25 00:41:59.283,e2583601-730a-42ab-819c-683bb1be5e4e,,
b17821d5-12f5-4f95-8173-7c604f27f37e.live_data_internal.json,,0,,,,118.47202,,,,,b17821d5-12f5-4f95-8173-7c604f27f37e.sensing_status.json,4,,,,,,,,,,,,b17821d5-12f5-4f95-8173-7c604f27f37e.location_data_internal.json,,,943563,,62660010,,b17821d5-12f5-4f95-8173-7c604f27f37e.com.samsung.health.exercise.location_data.json,2024-05-28 22:51:46.462,1001,,,,122.0,30001,,,62660010,134.0,2024-05-28 23:08:31.578,2024-05-28 23:08:31.578,,,1.5766683,89.02427,89.0,,1400,1106.41,,117.0,120.0,,,UTC-0300,hriiVjEkYE,,,b17821d5-12f5-4f95-8173-7c604f27f37e.com.samsung.health.exercise.live_data.json,,1.1725874,com.sec.android.app.shealth,,,,,2024-05-28 23:08:30.693,b17821d5-12f5-4f95-8173-7c604f27f37e,,
877ce0ed-312c-4edb-8310-6f24375795d6.live_data_internal.json,,0,,,,671.31006,,,,,877ce0ed-312c-4edb-8310-6f24375795d6.sensing_status.json,1,,,,,,,,,,,,,,,3642395,,62660010,,,2024-05-28 23:08:30.694,15002,,,,144.0,,,,62660010,173.0,2024-05-29 00:09:13.782,2024-05-29 00:09:13.782,,,,,108.0,,,,,671.31006,,,,UTC-0300,hriiVjEkYE,,,877ce0ed-312c-4edb-8310-6f24375795d6.com.samsung.health.exercise.live_data.json,,,com.sec.android.app.shealth,,,,,2024-05-29 00:09:13.089,877ce0ed-312c-4edb-8310-6f24375795d6,,
ff1c8424-5fda-4c70-836e-5cbc6a2be8d8.live_data_internal.json,,0,,,,98.08482,,,,,ff1c8424-5fda-4c70-836e-5cbc6a2be8d8.sensing_status.json,4,,,,,,,,,,,,ff1c8424-5fda-4c70-836e-5cbc6a2be8d8.location_data_internal.json,,,798663,,62670070,,ff1c8424-5fda-4c70-836e-5cbc6a2be8d8.com.samsung.health.exercise.location_data.json,2024-05-31 21:34:36.260,1001,,,,115.0,30001,,,62670070,124.0,2024-05-31 21:49:14.344,2024-05-31 21:49:14.344,,,1.6130005,101.644875,92.0,,1353,1056.67,,98.0,121.0,,,UTC-0300,hriiVjEkYE,,,ff1c8424-5fda-4c70-836e-5cbc6a2be8d8.com.samsung.health.exercise.live_data.json,,1.3230487,com.sec.android.app.shealth,,,,,2024-05-31 21:47:58.419,ff1c8424-5fda-4c70-836e-5cbc6a2be8d8,,
a30ae8c8-e187-42a5-8f13-9b8968056032.live_data_internal.json,,0,,,,793.8103,,,,,a30ae8c8-e187-42a5-8f13-9b8968056032.sensing_status.json,1,,,,,,,,,,,,,,,5325273,,62670070,,,2024-05-31 21:49:36.147,15002,,,,122.0,,,,62670070,151.0,2024-05-31 23:18:22.119,2024-05-31 23:18:22.119,,,,,86.0,,,,,793.8103,,,,UTC-0300,hriiVjEkYE,,,a30ae8c8-e187-42a5-8f13-9b8968056032.com.samsung.health.exercise.live_data.json,,,com.sec.android.app.shealth,,,,,2024-05-31 23:18:21.420,a30ae8c8-e187-42a5-8f13-9b8968056032,,
95ef666b-1787-4411-9896-0b416bb80388.live_data_internal.json,,0,,,,98.229485,,,,,95ef666b-1787-4411-9896-0b416bb80388.sensing_status.json,4,,,,,,,,,,,,95ef666b-1787-4411-9896-0b416bb80388.location_data_internal.json,,,864045,,62670070,,95ef666b-1787-4411-9896-0b416bb80388.com.samsung.health.exercise.location_data.json,2024-06-01 12:13:45.815,1001,,,,103.0,30001,,,62670070,114.0,2024-06-01 12:28:20.142,2024-06-01 12:28:20.142,,,1.6080002,100.89752,79.0,,1453,1126.37,,98.0,122.0,,,UTC-0300,hriiVjEkYE,,,95ef666b-1787-4411-9896-0b416bb80388.com.samsung.health.exercise.live_data.json,,1.3036011,com.sec.android.app.shealth,,,,,2024-06-01 12:28:19.318,95ef666b-1787-4411-9896-0b416bb80388,,
dfce7f15-b106-4f91-92f5-d69926f39203.live_data_internal.json,,0,,,,681.03,,,,,dfce7f15-b106-4f91-92f5-d69926f39203.sensing_status.json,1,,,,,,,,,,,,,,,4998611,,62670070,,,2024-06-01 12:28:19.319,15002,,,,111.0,,,,62670070,134.0,2024-06-01 13:51:38.632,2024-06-01 13:51:38.632,,,,,84.0,,,,,681.03,,,,UTC-0300,hriiVjEkYE,,,dfce7f15-b106-4f91-92f5-d69926f39203.com.samsung.health.exercise.live_data.json,,,com.sec.android.app.shealth,,,,,2024-06-01 13:51:37.930,dfce7f15-b106-4f91-92f5-d69926f39203,,
dc16a8c5-be99-4cb3-b4cb-fb58f7d261fc.live_data_internal.json,,0,,,,536.8501,,,,,dc16a8c5-be99-4cb3-b4cb-fb58f7d261fc.sensing_status.json,1,,,,,,,,,,,,,,,3288635,,62670070,,,2024-06-03 23:19:47.175,15002,,,,132.0,,,,62670070,167.0,2024-06-04 00:14:37.353,2024-06-04 00:14:37.353,,,,,89.0,,,,,536.8501,,,,UTC-0300,hriiVjEkYE,,,dc16a8c5-be99-4cb3-b4cb-fb58f7d261fc.com.samsung.health.exercise.live_data.json,,,com.sec.android.app.shealth,,,,,2024-06-04 00:14:35.810,dc16a8c5-be99-4cb3-b4cb-fb58f7d261fc,,
74276754-9685-4521-a5c8-29f2e98aaab5.live_data_internal.json,,0,,,,138.78816,,,,,74276754-9685-4521-a5c8-29f2e98aaab5.sensing_status.json,4,,,,,,,,,,,,74276754-9685-4521-a5c8-29f2e98aaab5.location_data_internal.json,,,938023,,62670070,,74276754-9685-4521-a5c8-29f2e98aaab5.com.samsung.health.exercise.location_data.json,2024-06-04 00:14:48.777,1001,,,,138.0,30001,,,62670070,149.0,2024-06-04 00:34:18.664,2024-06-04 00:34:18.664,,,1.6713338,101.06362,115.0,,1580,1321.94,,135.0,127.0,,,UTC-0300,hriiVjEkYE,,,74276754-9685-4521-a5c8-29f2e98aaab5.com.samsung.health.exercise.live_data.json,,1.409283,com.sec.android.app.shealth,,,,,2024-06-04 00:33:02.926,74276754-9685-4521-a5c8-29f2e98aaab5,,
e0a7874d-5d6b-4a75-a696-463caf6ea46b.live_data_internal.json,,0,,,,129.96404,,,,,e0a7874d-5d6b-4a75-a696-463caf6ea46b.sensing_status.json,4,,,,,,,,,,,,e0a7874d-5d6b-4a75-a696-463caf6ea46b.location_data_internal.json,,,956699,,62670070,,e0a7874d-5d6b-4a75-a696-463caf6ea46b.com.samsung.health.exercise.location_data.json,2024-06-05 23:17:19.840,1001,,,,116.0,30001,,,62670070,132.0,2024-06-05 23:35:12.009,2024-06-05 23:35:12.009,,,1.5931681,103.668976,110.0,,1653,1303.08,,129.0,121.0,,,UTC-0300,hriiVjEkYE,,,e0a7874d-5d6b-4a75-a696-463caf6ea46b.com.samsung.health.exercise.live_data.json,,1.3620585,com.sec.android.app.shealth,,,,,2024-06-05 23:33:56.271,e0a7874d-5d6b-4a75-a696-463caf6ea46b,,
764531a5-da23-4c4f-93d7-e99e368f4e30.live_data_internal.json,,0,,,,696.2101,,,,,764531a5-da23-4c4f-93d7-e99e368f4e30.sensing_status.json,1,,,,,,,,,,,,,,,4572535,,62670070,,,2024-06-05 23:35:43.530,15002,,,,126.0,,,,62670070,173.0,2024-06-06 00:51:57.382,2024-06-06 00:51:57.382,,,,,85.0,,,,,696.2101,,,,UTC-0300,hriiVjEkYE,,,764531a5-da23-4c4f-93d7-e99e368f4e30.com.samsung.health.exercise.live_data.json,,,com.sec.android.app.shealth,,,,,2024-06-06 00:51:56.065,764531a5-da23-4c4f-93d7-e99e368f4e30,,
b9075067-da40-48b5-b56b-6ea10a1edadc.live_data_internal.json,,0,,,,94.00002,,,,,b9075067-da40-48b5-b56b-6ea10a1edadc.sensing_status.json,4,,,,,,,,,,,,b9075067-da40-48b5-b56b-6ea10a1edadc.location_data_internal.json,,,756605,,62670070,,b9075067-da40-48b5-b56b-6ea10a1edadc.com.samsung.health.exercise.location_data.json,2024-06-06 23:24:22.943,1001,,,,117.0,30001,,,62670070,129.0,2024-06-06 23:38:15.288,2024-06-06 23:38:15.288,,,1.5556681,104.75744,102.0,,1321,1020.49,,94.0,119.0,,,UTC-0300,hriiVjEkYE,,,b9075067-da40-48b5-b56b-6ea10a1edadc.com.samsung.health.exercise.live_data.json,,1.3487751,com.sec.android.app.shealth,,,,,2024-06-06 23:36:59.549,b9075067-da40-48b5-b56b-6ea10a1edadc,,
764309f3-dd0b-46a3-bdd3-2754a838e5a6.live_data_internal.json,,0,,,,620.3301,,,,,764309f3-dd0b-46a3-bdd3-2754a838e5a6.sensing_status.json,1,,,,,,,,,,,,,,,4030416,,62670070,,,2024-06-06 23:44:58.047,15002,,,,129.0,,,,62670070,150.0,2024-06-07 00:52:08.994,2024-06-07 00:52:08.994,,,,,74.0,,,,,620.3301,,,,UTC-0300,hriiVjEkYE,,,764309f3-dd0b-46a3-bdd3-2754a838e5a6.com.samsung.health.exercise.live_data.json,,,com.sec.android.app.shealth,,,,,2024-06-07 00:52:08.463,764309f3-dd0b-46a3-bdd3-2754a838e5a6,,
2c98625f-75ab-4c9b-b9b4-6a2223624cdb.live_data_internal.json,,0,,,,130.0,,,,,2c98625f-75ab-4c9b-b9b4-6a2223624cdb.sensing_status.json,4,,,,,,,,,,,,2c98625f-75ab-4c9b-b9b4-6a2223624cdb.location_data_internal.json,,,1029720,,62670070,,2c98625f-75ab-4c9b-b9b4-6a2223624cdb.com.samsung.health.exercise.location_data.json,2024-06-07 22:46:18.374,1001,,,,107.0,30001,,,62670070,126.0,2024-06-07 23:04:43.988,2024-06-07 23:04:43.988,,,1.6699992,99.347404,56.0,,1705,1331.63,,130.0,127.0,,,UTC-0300,hriiVjEkYE,,,2c98625f-75ab-4c9b-b9b4-6a2223624cdb.com.samsung.health.exercise.live_data.json,,1.2931962,com.sec.android.app.shealth,,,,,2024-06-07 23:03:28.094,2c98625f-75ab-4c9b-b9b4-6a2223624cdb,,
dd8fcbd4-3353-4bc5-aa85-9b1fbf62de95.live_data_internal.json,,0,,,,442.54,,,,,dd8fcbd4-3353-4bc5-aa85-9b1fbf62de95.sensing_status.json,1,,,,,,,,,,,,,,,3398079,,62670070,,,2024-06-07 23:08:07.675,15002,,,,105.0,,,,62670070,126.0,2024-06-08 00:04:46.539,2024-06-08 00:04:46.539,,,,,84.0,,,,,442.54,,,,UTC-0300,hriiVjEkYE,,,dd8fcbd4-3353-4bc5-aa85-9b1fbf62de95.com.samsung.health.exercise.live_data.json,,,com.sec.android.app.shealth,,,,,2024-06-08 00:04:45.754,dd8fcbd4-3353-4bc5-aa85-9b1fbf62de95,,
640e0a8a-a19e-42d2-8f84-8728918f111c.live_data_internal.json,,0,,,,153.9434,,,,,640e0a8a-a19e-42d2-8f84-8728918f111c.sensing_status.json,4,,,,,,,,,,,,640e0a8a-a19e-42d2-8f84-8728918f111c.location_data_internal.json,,,1055191,,62670070,,640e0a8a-a19e-42d2-8f84-8728918f111c.com.samsung.health.exercise.location_data.json,2024-06-08 00:05:22.783,1001,,,,115.0,30001,,,62670070,136.0,2024-06-08 00:26:15.192,2024-06-08 00:26:15.192,,,1.7777778,98.143364,92.0,,1726,1437.43,,151.0,124.0,,,UTC-0300,hriiVjEkYE,,,640e0a8a-a19e-42d2-8f84-8728918f111c.com.samsung.health.exercise.live_data.json,,1.3622463,com.sec.android.app.shealth,,,,,2024-06-08 00:24:59.284,640e0a8a-a19e-42d2-8f84-8728918f111c,,
a86937a2-55b8-4bf7-83f0-969ab2787efe.live_data_internal.json,,0,,,,160.12505,,,,,a86937a2-55b8-4bf7-83f0-969ab2787efe.sensing_status.json,4,,,,,,,,,,,,a86937a2-55b8-4bf7-83f0-969ab2787efe.location_data_internal.json,,,1232820,,62670070,,a86937a2-55b8-4bf7-83f0-969ab2787efe.com.samsung.health.exercise.location_data.json,2024-06-08 20:51:18.228,1001,,,,126.0,30001,,,62670070,153.0,2024-06-08 21:15:15.635,2024-06-08 21:15:15.635,,,2.1388888,71.73797,86.0,,1474,1234.8,,157.0,110.0,,,UTC-0300,hriiVjEkYE,,,a86937a2-55b8-4bf7-83f0-969ab2787efe.com.samsung.health.exercise.live_data.json,,1.0016061,com.sec.android.app.shealth,,,,,2024-06-08 21:13:59.844,a86937a2-55b8-4bf7-83f0-969ab2787efe,,
493d06ee-0aba-47c9-8c41-b2228c4bc227.live_data_internal.json,,0,,,,93.0,,,,,493d06ee-0aba-47c9-8c41-b2228c4bc227.sensing_status.json,4,,,,,,,,,,,,493d06ee-0aba-47c9-8c41-b2228c4bc227.location_data_internal.json,,,786831,,62670070,,493d06ee-0aba-47c9-8c41-b2228c4bc227.com.samsung.health.exercise.location_data.json,2024-06-09 00:01:31.449,1001,,,,115.0,30001,,,62670070,129.0,2024-06-09 00:15:54.038,2024-06-09 00:15:54.038,,,1.3611112,81.82189,89.0,,1073,801.69,,93.0,105.0,,,UTC-0300,hriiVjEkYE,,,493d06ee-0aba-47c9-8c41-b2228c4bc227.com.samsung.health.exercise.live_data.json,,1.0188847,com.sec.android.app.shealth,,,,,2024-06-09 00:14:38.280,493d06ee-0aba-47c9-8c41-b2228c4bc227,,
fa01b3ef-ecf9-43eb-8e5a-aabbf9255835.live_data_internal.json,,0,,,,121.0,,,,,fa01b3ef-ecf9-43eb-8e5a-aabbf9255835.sensing_status.json,4,,,,,,,,,,,,fa01b3ef-ecf9-43eb-8e5a-aabbf9255835.location_data_internal.json,,,922191,,62670070,,fa01b3ef-ecf9-43eb-8e5a-aabbf9255835.com.samsung.health.exercise.location_data.json,2024-06-11 22:36:52.141,1001,,,,112.0,30001,,,62670070,127.0,2024-06-11 22:53:30.117,2024-06-11 22:53:30.117,,,1.6015015,109.56516,100.0,,1684,1300.84,,121.0,122.0,,,UTC-0300,hriiVjEkYE,,,fa01b3ef-ecf9-43eb-8e5a-aabbf9255835.com.samsung.health.exercise.live_data.json,,1.4105972,com.sec.android.app.shealth,,,,,2024-06-11 22:52:14.332,fa01b3ef-ecf9-43eb-8e5a-aabbf9255835,,
3005ab50-8b61-45b1-81c6-693e09f83478.live_data_internal.json,,0,,,,677.5801,,,,,3005ab50-8b61-45b1-81c6-693e09f83478.sensing_status.json,1,,,,,,,,,,,,,,,4548275,,62670070,,,2024-06-11 22:54:59.344,15002,,,,124.0,,,,62670070,153.0,2024-06-12 00:10:48.248,2024-06-12 00:10:48.248,,,,,93.0,,,,,677.5801,,,,UTC-0300,hriiVjEkYE,,,3005ab50-8b61-45b1-81c6-693e09f83478.com.samsung.health.exercise.live_data.json,,,com.sec.android.app.shealth,,,,,2024-06-12 00:10:47.619,3005ab50-8b61-45b1-81c6-693e09f83478,,
575f32a7-5c43-485d-bcf3-d41e1f04e3ad.live_data_internal.json,,0,,,,141.75647,,,,,575f32a7-5c43-485d-bcf3-d41e1f04e3ad.sensing_status.json,4,,,,,,,,,,,,575f32a7-5c43-485d-bcf3-d41e1f04e3ad.location_data_internal.json,,,1087050,,62670070,,575f32a7-5c43-485d-bcf3-d41e1f04e3ad.com.samsung.health.exercise.location_data.json,2024-06-12 22:50:42.699,1001,,,,103.0,30001,,,62670070,120.0,2024-06-12 23:10:36.936,2024-06-12 23:10:36.936,,,1.6063334,97.86118,83.0,,1773,1378.2,,141.0,122.0,,,UTC-0300,hriiVjEkYE,,,575f32a7-5c43-485d-bcf3-d41e1f04e3ad.com.samsung.health.exercise.live_data.json,,1.2678349,com.sec.android.app.shealth,,,,,2024-06-12 23:09:20.926,575f32a7-5c43-485d-bcf3-d41e1f04e3ad,,
7766538b-78ef-4936-868c-4b1e87b8ecff.live_data_internal.json,,0,,,,429.14014,,,,,7766538b-78ef-4936-868c-4b1e87b8ecff.sensing_status.json,1,,,,,,,,,,,,,,,3101655,,62670070,,,2024-06-12 23:11:14.087,15002,,,,116.0,,,,62670070,141.0,2024-06-13 00:02:56.841,2024-06-13 00:02:56.841,,,,,83.0,,,,,429.14014,,,,UTC-0300,hriiVjEkYE,,,7766538b-78ef-4936-868c-4b1e87b8ecff.com.samsung.health.exercise.live_data.json,,,com.sec.android.app.shealth,,,,,2024-06-13 00:02:55.742,7766538b-78ef-4936-868c-4b1e87b8ecff,,
faa5bcb5-a19f-465d-bf16-e17e3a605100.live_data_internal.json,,0,,,,121.40617,,,,,faa5bcb5-a19f-465d-bf16-e17e3a605100.sensing_status.json,4,,,,,,,,,,,,faa5bcb5-a19f-465d-bf16-e17e3a605100.location_data_internal.json,,,926199,,62670070,,faa5bcb5-a19f-465d-bf16-e17e3a605100.com.samsung.health.exercise.location_data.json,2024-06-13 00:03:07.074,1001,,,,112.0,30001,,,62670070,153.0,2024-06-13 00:20:05.803,2024-06-13 00:20:05.803,,,1.6026652,112.200516,55.0,,1732,1349.98,,121.0,123.0,,,UTC-0300,hriiVjEkYE,,,faa5bcb5-a19f-465d-bf16-e17e3a605100.com.samsung.health.exercise.live_data.json,,1.4575485,com.sec.android.app.shealth,,,,,2024-06-13 00:18:50.013,faa5bcb5-a19f-465d-bf16-e17e3a605100,,
3384381f-b900-43a2-91d3-01a8e9d81198.live_data_internal.json,,0,,,,96.88955,,,,,3384381f-b900-43a2-91d3-01a8e9d81198.sensing_status.json,4,,,,,,,,,,,,3384381f-b900-43a2-91d3-01a8e9d81198.location_data_internal.json,,,708604,,62670070,,3384381f-b900-43a2-91d3-01a8e9d81198.com.samsung.health.exercise.location_data.json,2024-06-14 22:54:25.211,1001,,,,110.0,30001,,,62670070,120.0,2024-06-14 23:07:32.311,2024-06-14 23:07:32.311,,,1.6389995,114.13991,104.0,,1348,1032.09,,95.0,124.0,,,UTC-0300,hriiVjEkYE,,,3384381f-b900-43a2-91d3-01a8e9d81198.com.samsung.health.exercise.live_data.json,,1.4565116,com.sec.android.app.shealth,,,,,2024-06-14 23:07:31.691,3384381f-b900-43a2-91d3-01a8e9d81198,,
8e3ac933-5cb9-436f-955b-db9b2b33badc.live_data_internal.json,,0,,,,456.77,,,,,8e3ac933-5cb9-436f-955b-db9b2b33badc.sensing_status.json,1,,,,,,,,,,,,,,,2911690,,62670070,,,2024-06-14 23:07:31.692,15002,,,,128.0,,,,62670070,165.0,2024-06-14 23:56:04.330,2024-06-14 23:56:04.330,,,,,45.0,,,,,456.77,,,,UTC-0300,hriiVjEkYE,,,8e3ac933-5cb9-436f-955b-db9b2b33badc.com.samsung.health.exercise.live_data.json,,,com.sec.android.app.shealth,,,,,2024-06-14 23:56:03.382,8e3ac933-5cb9-436f-955b-db9b2b33badc,,
9579fe80-3c8a-438f-a896-bfd64674ba7d.live_data_internal.json,,0,,,,150.93263,,,,,9579fe80-3c8a-438f-a896-bfd64674ba7d.sensing_status.json,4,,,,,,,,,,,,9579fe80-3c8a-438f-a896-bfd64674ba7d.location_data_internal.json,,,1009341,,62670070,,9579fe80-3c8a-438f-a896-bfd64674ba7d.com.samsung.health.exercise.location_data.json,2024-06-14 23:56:16.557,1001,,,,142.0,30001,,,62670070,156.0,2024-06-15 00:17:03.670,2024-06-15 00:17:03.670,,,1.6560059,102.89883,117.0,,1731,1382.1,,147.0,125.0,,,UTC-0300,hriiVjEkYE,,,9579fe80-3c8a-438f-a896-bfd64674ba7d.com.samsung.health.exercise.live_data.json,,1.3693093,com.sec.android.app.shealth,,,,,2024-06-15 00:15:47.978,9579fe80-3c8a-438f-a896-bfd64674ba7d,,
d675d886-7f04-4ce0-bbfe-df1dcbd4860d.live_data_internal.json,,0,,,,517.86017,,,,,d675d886-7f04-4ce0-bbfe-df1dcbd4860d.sensing_status.json,1,,,,,,,,,,,,,,,3618372,,62670070,,,2024-06-15 13:39:25.805,15002,,,,117.0,,,,62670070,139.0,2024-06-15 14:39:44.873,2024-06-15 14:39:44.873,,,,,94.0,,,,,517.86017,,,,UTC-0300,hriiVjEkYE,,,d675d886-7f04-4ce0-bbfe-df1dcbd4860d.com.samsung.health.exercise.live_data.json,,,com.sec.android.app.shealth,,,,,2024-06-15 14:39:44.177,d675d886-7f04-4ce0-bbfe-df1dcbd4860d,,
f17de31c-b4f3-4dbd-ae69-744826974493.live_data_internal.json,,0,,,,127.94293,,,,,f17de31c-b4f3-4dbd-ae69-744826974493.sensing_status.json,4,,,,,,,,,,,,f17de31c-b4f3-4dbd-ae69-744826974493.location_data_internal.json,,,954101,,62670070,,f17de31c-b4f3-4dbd-ae69-744826974493.com.samsung.health.exercise.location_data.json,2024-06-15 14:39:54.490,1001,,,,128.0,30001,,,62670070,144.0,2024-06-15 14:57:43.063,2024-06-15 14:57:43.063,,,1.6056682,107.15846,114.0,,1704,1296.31,,127.0,122.0,,,UTC-0300,hriiVjEkYE,,,f17de31c-b4f3-4dbd-ae69-744826974493.com.samsung.health.exercise.live_data.json,,1.3586717,com.sec.android.app.shealth,,,,,2024-06-15 14:56:27.453,f17de31c-b4f3-4dbd-ae69-744826974493,,
fea5d0d4-cddc-417d-987e-3c4af5c05b47.live_data_internal.json,,0,,,,88.64851,,,,,fea5d0d4-cddc-417d-987e-3c4af5c05b47.sensing_status.json,4,,,,,,,,,,,,fea5d0d4-cddc-417d-987e-3c4af5c05b47.location_data_internal.json,,,660958,,62670070,,fea5d0d4-cddc-417d-987e-3c4af5c05b47.com.samsung.health.exercise.location_data.json,2024-06-16 18:35:05.248,1001,,,,108.0,30001,,,62670070,123.0,2024-06-16 18:48:29.793,2024-06-16 18:48:29.793,,,1.8888888,93.04676,81.0,,1025,776.35,,87.0,117.0,,,UTC-0300,hriiVjEkYE,,,fea5d0d4-cddc-417d-987e-3c4af5c05b47.com.samsung.health.exercise.live_data.json,,1.174583,com.sec.android.app.shealth,,,,,2024-06-16 18:47:14.148,fea5d0d4-cddc-417d-987e-3c4af5c05b47,,
0e00213d-53c8-438c-a333-3746df141be6.live_data_internal.json,,0,,,,116.0,,,,,0e00213d-53c8-438c-a333-3746df141be6.sensing_status.json,4,,,,,,,,,,,,0e00213d-53c8-438c-a333-3746df141be6.location_data_internal.json,,,891009,,62670070,,0e00213d-53c8-438c-a333-3746df141be6.com.samsung.health.exercise.location_data.json,2024-06-17 22:55:50.469,1001,,,,108.0,30001,,,62670070,121.0,2024-06-17 23:11:57.077,2024-06-17 23:11:57.077,,,1.5506713,108.07972,87.0,,1605,1280.71,,116.0,119.0,,,UTC-0300,hriiVjEkYE,,,0e00213d-53c8-438c-a333-3746df141be6.com.samsung.health.exercise.live_data.json,,1.4373704,com.sec.android.app.shealth,,,,,2024-06-17 23:10:41.478,0e00213d-53c8-438c-a333-3746df141be6,,
bfda1341-b35b-4293-863b-91075e90a7f5.live_data_internal.json,,0,,,,461.81015,,,,,bfda1341-b35b-4293-863b-91075e90a7f5.sensing_status.json,1,,,,,,,,,,,,,,,3370983,,62670070,,,2024-06-17 23:14:10.596,15002,,,,110.0,,,,62670070,140.0,2024-06-18 00:10:22.284,2024-06-18 00:10:22.284,,,,,87.0,,,,,461.81015,,,,UTC-0300,hriiVjEkYE,,,bfda1341-b35b-4293-863b-91075e90a7f5.com.samsung.health.exercise.live_data.json,,,com.sec.android.app.shealth,,,,,2024-06-18 00:10:21.579,bfda1341-b35b-4293-863b-91075e90a7f5,,
e4817fbc-878b-419e-9eb1-147b3142d913.live_data_internal.json,,0,,,,118.0,,,,,e4817fbc-878b-419e-9eb1-147b3142d913.sensing_status.json,4,,,,,,,,,,,,e4817fbc-878b-419e-9eb1-147b3142d913.location_data_internal.json,,,911633,,62670070,,e4817fbc-878b-419e-9eb1-147b3142d913.com.samsung.health.exercise.location_data.json,2024-06-18 00:10:39.258,1001,,,,96.0,30001,,,62670070,116.0,2024-06-18 00:27:06.569,2024-06-18 00:27:06.569,,,1.571167,109.91265,68.0,,1670,1288.38,,118.0,120.0,,,UTC-0300,hriiVjEkYE,,,e4817fbc-878b-419e-9eb1-147b3142d913.com.samsung.health.exercise.live_data.json,,1.4132661,com.sec.android.app.shealth,,,,,2024-06-18 00:25:50.890,e4817fbc-878b-419e-9eb1-147b3142d913,,
d654584e-9e0d-44bc-8730-77b4042a256e.live_data_internal.json,,0,,,,103.27832,,,,,d654584e-9e0d-44bc-8730-77b4042a256e.sensing_status.json,4,,,,,,,,,,,,d654584e-9e0d-44bc-8730-77b4042a256e.location_data_internal.json,,,670835,,62670070,,d654584e-9e0d-44bc-8730-77b4042a256e.com.samsung.health.exercise.location_data.json,2024-06-18 16:46:36.781,1001,,,,121.0,30001,,,62670070,141.0,2024-06-18 16:59:56.118,2024-06-18 16:59:56.118,,,4.1944447,72.983665,88.0,,816,649.6,,102.0,105.0,,,UTC-0300,hriiVjEkYE,,,d654584e-9e0d-44bc-8730-77b4042a256e.com.samsung.health.exercise.live_data.json,,0.96834534,com.sec.android.app.shealth,,,,,2024-06-18 16:58:40.301,d654584e-9e0d-44bc-8730-77b4042a256e,,
,,,,,,,1,,,,,4,0,,0,,,,,,,,,,,,940000,,62670070,,,2024-06-19 23:10:20.000,1001,,,,,30001,,,62670070,,2024-06-19 23:30:55.764,2024-06-19 23:30:55.764,,,1.6944444,,,,1748,1395.97,,87.78,,,,UTC-0300,487mnSNu6t,,,79364c0d-6128-4dff-b98d-969625cb6346.com.samsung.health.exercise.live_data.json,,1.4850745,com.sec.android.app.shealth,,,,,2024-06-19 23:26:00.000,79364c0d-6128-4dff-b98d-969625cb6346,,
,,,,,,,1,,,,,4,0,,0,,,,,,,,,,,,900000,,62670070,,,2024-06-20 00:21:00.000,1001,,,,,30001,,,62670070,,2024-06-20 00:47:06.401,2024-06-20 00:47:06.401,,,1.6944444,,,,1694,1347.32,,84.8,,,,UTC-0300,487mnSNu6t,,,de7df835-ca74-4311-ab92-b5122c85d5e9.com.samsung.health.exercise.live_data.json,,1.4970222,com.sec.android.app.shealth,,,,,2024-06-20 00:36:00.000,de7df835-ca74-4311-ab92-b5122c85d5e9,,
bb6fea95-5779-47fb-b18f-be17cfe6a3c4.live_data_internal.json,,0,,,,97.50414,,,,,bb6fea95-5779-47fb-b18f-be17cfe6a3c4.sensing_status.json,4,,,,,,,,,,,,bb6fea95-5779-47fb-b18f-be17cfe6a3c4.location_data_internal.json,,,836621,,62670070,,bb6fea95-5779-47fb-b18f-be17cfe6a3c4.com.samsung.health.exercise.location_data.json,2024-06-21 22:34:22.549,1001,,,,118.0,30001,,,62670070,128.0,2024-06-21 22:49:21.883,2024-06-21 22:49:21.883,,,1.6063313,95.59885,100.0,,1333,1044.93,,96.0,122.0,,,UTC-0300,hriiVjEkYE,,,bb6fea95-5779-47fb-b18f-be17cfe6a3c4.com.samsung.health.exercise.live_data.json,,1.2489886,com.sec.android.app.shealth,,,,,2024-06-21 22:49:21.162,bb6fea95-5779-47fb-b18f-be17cfe6a3c4,,
e4d46b57-4516-4b36-81a2-a07ff5557db9.live_data_internal.json,,0,,,,449.12003,,,,,e4d46b57-4516-4b36-81a2-a07ff5557db9.sensing_status.json,1,,,,,,,,,,,,,,,2639278,,62670070,,,2024-06-21 22:49:21.162,15002,,,,138.0,,,,62670070,164.0,2024-06-21 23:33:21.408,2024-06-21 23:33:21.408,,,,,55.0,,,,,449.12003,,,,UTC-0300,hriiVjEkYE,,,e4d46b57-4516-4b36-81a2-a07ff5557db9.com.samsung.health.exercise.live_data.json,,,com.sec.android.app.shealth,,,,,2024-06-21 23:33:20.440,e4d46b57-4516-4b36-81a2-a07ff5557db9,,
4ea43d2c-c1b1-4e21-a49f-c19e678adb6e.live_data_internal.json,,0,,,,141.08887,,,,,4ea43d2c-c1b1-4e21-a49f-c19e678adb6e.sensing_status.json,4,,,,,,,,,,,,4ea43d2c-c1b1-4e21-a49f-c19e678adb6e.location_data_internal.json,,,982612,,62670070,,4ea43d2c-c1b1-4e21-a49f-c19e678adb6e.com.samsung.health.exercise.location_data.json,2024-06-21 23:33:30.266,1001,,,,140.0,30001,,,62670070,149.0,2024-06-21 23:52:34.653,2024-06-21 23:52:34.653,,,1.7050008,114.4297,117.0,,1874,1501.23,,139.0,128.0,,,UTC-0300,hriiVjEkYE,,,4ea43d2c-c1b1-4e21-a49f-c19e678adb6e.com.samsung.health.exercise.live_data.json,,1.5277953,com.sec.android.app.shealth,,,,,2024-06-21 23:51:18.969,4ea43d2c-c1b1-4e21-a49f-c19e678adb6e,,
429cdfd6-35d6-43f2-9ff7-6d85f4af63c9.live_data_internal.json,,0,,,,112.65839,,,,,429cdfd6-35d6-43f2-9ff7-6d85f4af63c9.sensing_status.json,4,,,,,,,,,,,,429cdfd6-35d6-43f2-9ff7-6d85f4af63c9.location_data_internal.json,,,811955,,62670070,,429cdfd6-35d6-43f2-9ff7-6d85f4af63c9.com.samsung.health.exercise.location_data.json,2024-06-22 13:20:46.948,1001,,,,112.0,30001,,,62670070,119.0,2024-06-22 13:35:28.154,2024-06-22 13:35:28.154,,,1.6063334,99.16806,93.0,,1342,1050.68,,111.0,122.0,,,UTC-0300,hriiVjEkYE,,,429cdfd6-35d6-43f2-9ff7-6d85f4af63c9.com.samsung.health.exercise.live_data.json,,1.2940127,com.sec.android.app.shealth,,,,,2024-06-22 13:35:27.252,429cdfd6-35d6-43f2-9ff7-6d85f4af63c9,,
1480fd1c-6fd2-4627-a644-67c7f2f50438.live_data_internal.json,,0,,,,865.7504,,,,,1480fd1c-6fd2-4627-a644-67c7f2f50438.sensing_status.json,1,,,,,,,,,,,,,,,5946446,,62670070,,,2024-06-22 13:35:27.254,15002,,,,118.0,,,,62670070,143.0,2024-06-22 15:14:34.411,2024-06-22 15:14:34.411,,,,,90.0,,,,,865.7504,,,,UTC-0300,hriiVjEkYE,,,1480fd1c-6fd2-4627-a644-67c7f2f50438.com.samsung.health.exercise.live_data.json,,,com.sec.android.app.shealth,,,,,2024-06-22 15:14:33.700,1480fd1c-6fd2-4627-a644-67c7f2f50438,,
cc8fa742-bb87-4d70-927d-5105dd685f4b.live_data_internal.json,,0,,,,120.52424,,,,,cc8fa742-bb87-4d70-927d-5105dd685f4b.sensing_status.json,4,,,,,,,,,,,,cc8fa742-bb87-4d70-927d-5105dd685f4b.location_data_internal.json,,,976280,,62670070,,cc8fa742-bb87-4d70-927d-5105dd685f4b.com.samsung.health.exercise.location_data.json,2024-06-27 22:43:18.517,1001,,,,104.0,30001,,,62670070,115.0,2024-06-27 23:00:38.752,2024-06-27 23:00:38.752,,,1.6133342,89.54398,53.0,,1457,1136.52,,119.0,121.0,,,UTC-0300,hriiVjEkYE,,,cc8fa742-bb87-4d70-927d-5105dd685f4b.com.samsung.health.exercise.live_data.json,,1.1641332,com.sec.android.app.shealth,,,,,2024-06-27 23:00:37.617,cc8fa742-bb87-4d70-927d-5105dd685f4b,,
71aa7cdb-0cdc-4c62-9e5c-5ba0132a107a.live_data_internal.json,,0,,,,457.01007,,,,,71aa7cdb-0cdc-4c62-9e5c-5ba0132a107a.sensing_status.json,1,,,,,,,,,,,,,,,3239670,,62670070,,,2024-06-27 23:00:37.618,15002,,,,114.0,,,,62670070,138.0,2024-06-27 23:54:38.198,2024-06-27 23:54:38.198,,,,,87.0,,,,,457.01007,,,,UTC-0300,hriiVjEkYE,,,71aa7cdb-0cdc-4c62-9e5c-5ba0132a107a.com.samsung.health.exercise.live_data.json,,,com.sec.android.app.shealth,,,,,2024-06-27 23:54:37.288,71aa7cdb-0cdc-4c62-9e5c-5ba0132a107a,,
0c5ae3fd-e8ab-455e-b6e2-eb28af492175.live_data_internal.json,,0,,,,88.36507,,,,,0c5ae3fd-e8ab-455e-b6e2-eb28af492175.sensing_status.json,4,,,,,,,,,,,,,,,682865,,62670070,,,2024-07-02 23:15:10.122,1001,,,,121.0,30001,,,62670070,128.0,2024-07-02 23:26:48.792,2024-07-02 23:26:48.792,,,1.6784993,114.48822,116.0,,1303,1018.59,,88.0,126.0,,,UTC-0300,hriiVjEkYE,,,0c5ae3fd-e8ab-455e-b6e2-eb28af492175.com.samsung.health.exercise.live_data.json,,1.4916419,com.sec.android.app.shealth,,,,,2024-07-02 23:26:48.033,0c5ae3fd-e8ab-455e-b6e2-eb28af492175,,
eb1bcbd2-df52-4530-a4e8-0277255a9503.live_data_internal.json,,0,,,,661.4901,,,,,eb1bcbd2-df52-4530-a4e8-0277255a9503.sensing_status.json,1,,,,,,,,,,,,,,,4433189,,62670070,,,2024-07-02 23:26:48.033,15002,,,,122.0,,,,62670070,154.0,2024-07-03 00:40:41.962,2024-07-03 00:40:41.962,,,,,93.0,,,,,661.4901,,,,UTC-0300,hriiVjEkYE,,,eb1bcbd2-df52-4530-a4e8-0277255a9503.com.samsung.health.exercise.live_data.json,,,com.sec.android.app.shealth,,,,,2024-07-03 00:40:41.222,eb1bcbd2-df52-4530-a4e8-0277255a9503,,
b9e5b393-f2f9-42f7-b9ac-56cd36780f29.live_data_internal.json,,0,,,,129.81918,,,,,b9e5b393-f2f9-42f7-b9ac-56cd36780f29.sensing_status.json,4,,,,,,,,,,,,b9e5b393-f2f9-42f7-b9ac-56cd36780f29.location_data_internal.json,,,960196,,62670070,,b9e5b393-f2f9-42f7-b9ac-56cd36780f29.com.samsung.health.exercise.location_data.json,2024-07-03 19:48:03.633,1001,,,,106.0,30001,,,62670070,114.0,2024-07-03 20:06:01.580,2024-07-03 20:06:01.580,,,1.6036662,108.29039,83.0,,1733,1355.01,,127.0,122.0,,,UTC-0300,hriiVjEkYE,,,b9e5b393-f2f9-42f7-b9ac-56cd36780f29.com.samsung.health.exercise.live_data.json,,1.4111806,com.sec.android.app.shealth,,,,,2024-07-03 20:06:00.019,b9e5b393-f2f9-42f7-b9ac-56cd36780f29,,
8be0327b-7794-4307-b013-240e29fe4089.live_data_internal.json,,0,,,,419.18,,,,,8be0327b-7794-4307-b013-240e29fe4089.sensing_status.json,1,,,,,,,,,,,,,,,2709810,,62670070,,,2024-07-03 20:06:00.021,15002,,,,127.0,,,,62670070,160.0,2024-07-03 20:51:10.984,2024-07-03 20:51:10.984,,,,,90.0,,,,,419.18,,,,UTC-0300,hriiVjEkYE,,,8be0327b-7794-4307-b013-240e29fe4089.com.samsung.health.exercise.live_data.json,,,com.sec.android.app.shealth,,,,,2024-07-03 20:51:09.831,8be0327b-7794-4307-b013-240e29fe4089,,
7727c6b3-10a7-44e4-bd61-bb4ad926b730.live_data_internal.json,,0,,,,137.3062,,,,,7727c6b3-10a7-44e4-bd61-bb4ad926b730.sensing_status.json,4,,,,,,,,,,,,7727c6b3-10a7-44e4-bd61-bb4ad926b730.location_data_internal.json,,,1017589,,62670070,,7727c6b3-10a7-44e4-bd61-bb4ad926b730.com.samsung.health.exercise.location_data.json,2024-07-03 20:51:38.117,1001,,,,139.0,30001,,,62670070,156.0,2024-07-03 21:10:45.289,2024-07-03 21:10:45.289,,,1.6069987,107.66626,129.0,,1826,1397.85,,136.0,122.0,,,UTC-0300,hriiVjEkYE,,,7727c6b3-10a7-44e4-bd61-bb4ad926b730.com.samsung.health.exercise.live_data.json,,1.3736882,com.sec.android.app.shealth,,,,,2024-07-03 21:09:29.540,7727c6b3-10a7-44e4-bd61-bb4ad926b730,,
d2274610-28c6-4315-8666-43a30811b86d.live_data_internal.json,,0,,,,123.61037,,,,,d2274610-28c6-4315-8666-43a30811b86d.sensing_status.json,4,,,,,,,,,,,,d2274610-28c6-4315-8666-43a30811b86d.location_data_internal.json,,,949277,,62670070,,d2274610-28c6-4315-8666-43a30811b86d.com.samsung.health.exercise.location_data.json,2024-07-04 20:40:17.706,1001,,,,110.0,30001,,,62670070,128.0,2024-07-04 20:57:13.998,2024-07-04 20:57:13.998,,,1.5490011,109.85203,85.0,,1738,1346.36,,122.0,119.0,,,UTC-0300,hriiVjEkYE,,,d2274610-28c6-4315-8666-43a30811b86d.com.samsung.health.exercise.live_data.json,,1.4183005,com.sec.android.app.shealth,,,,,2024-07-04 20:57:13.353,d2274610-28c6-4315-8666-43a30811b86d,,
100ee9f9-9013-4605-8747-c831db13fd79.live_data_internal.json,,0,,,,535.8202,,,,,100ee9f9-9013-4605-8747-c831db13fd79.sensing_status.json,1,,,,,,,,,,,,,,,3607484,,62670070,,,2024-07-04 20:57:13.354,15002,,,,123.0,,,,62670070,165.0,2024-07-04 21:57:22.001,2024-07-04 21:57:22.001,,,,,95.0,,,,,535.8202,,,,UTC-0300,hriiVjEkYE,,,100ee9f9-9013-4605-8747-c831db13fd79.com.samsung.health.exercise.live_data.json,,,com.sec.android.app.shealth,,,,,2024-07-04 21:57:20.838,100ee9f9-9013-4605-8747-c831db13fd79,,
ac0d8bd1-7ffb-4d0b-8521-eb707b133247.live_data_internal.json,,0,,,,123.93657,,,,,ac0d8bd1-7ffb-4d0b-8521-eb707b133247.sensing_status.json,4,,,,,,,,,,,,ac0d8bd1-7ffb-4d0b-8521-eb707b133247.location_data_internal.json,,,904601,,62670070,,ac0d8bd1-7ffb-4d0b-8521-eb707b133247.com.samsung.health.exercise.location_data.json,2024-07-04 21:57:30.225,1001,,,,130.0,30001,,,62670070,142.0,2024-07-04 22:14:28.931,2024-07-04 22:14:28.931,,,1.9210222,111.16503,113.0,,1676,1273.72,,123.0,123.0,,,UTC-0300,hriiVjEkYE,,,ac0d8bd1-7ffb-4d0b-8521-eb707b133247.com.samsung.health.exercise.live_data.json,,1.4080461,com.sec.android.app.shealth,,,,,2024-07-04 22:13:13.426,ac0d8bd1-7ffb-4d0b-8521-eb707b133247,,
767610b3-85a2-4533-8218-3dc16b447d44.live_data_internal.json,,0,,,,125.804436,,,,,767610b3-85a2-4533-8218-3dc16b447d44.sensing_status.json,4,,,,,,,,,,,,767610b3-85a2-4533-8218-3dc16b447d44.location_data_internal.json,,,989858,,62670070,,767610b3-85a2-4533-8218-3dc16b447d44.com.samsung.health.exercise.location_data.json,2024-07-05 20:52:41.926,1001,,,,116.0,30001,,,62670070,129.0,2024-07-05 21:09:45.666,2024-07-05 21:09:45.666,,,1.6183338,104.68169,110.0,,1727,1351.98,,125.0,123.0,,,UTC-0300,hriiVjEkYE,,,767610b3-85a2-4533-8218-3dc16b447d44.com.samsung.health.exercise.live_data.json,,1.3658323,com.sec.android.app.shealth,,,,,2024-07-05 21:09:44.938,767610b3-85a2-4533-8218-3dc16b447d44,,
72d05236-5088-44db-863a-abda8400ddee.live_data_internal.json,,0,,,,259.58,,,,,72d05236-5088-44db-863a-abda8400ddee.sensing_status.json,1,,,,,,,,,,,,,,,1869237,,62670070,,,2024-07-05 21:09:44.938,15002,,,,118.0,,,,62670070,139.0,2024-07-05 21:40:55.348,2024-07-05 21:40:55.348,,,,,74.0,,,,,259.58,,,,UTC-0300,hriiVjEkYE,,,72d05236-5088-44db-863a-abda8400ddee.com.samsung.health.exercise.live_data.json,,,com.sec.android.app.shealth,,,,,2024-07-05 21:40:54.175,72d05236-5088-44db-863a-abda8400ddee,,
ec87a424-3f8d-4d9f-a014-0ab4bd2a7eff.live_data_internal.json,,0,,,,175.81114,,,,,ec87a424-3f8d-4d9f-a014-0ab4bd2a7eff.sensing_status.json,4,,,,,,,,,,,,ec87a424-3f8d-4d9f-a014-0ab4bd2a7eff.location_data_internal.json,,,1141937,,62670070,,ec87a424-3f8d-4d9f-a014-0ab4bd2a7eff.com.samsung.health.exercise.location_data.json,2024-07-05 21:41:03.950,1001,,,,131.0,30001,,,62670070,156.0,2024-07-05 22:05:21.080,2024-07-05 22:05:21.080,,,3.7777777,90.16259,83.0,,1716,1474.1,,170.0,123.0,,,UTC-0300,hriiVjEkYE,,,ec87a424-3f8d-4d9f-a014-0ab4bd2a7eff.com.samsung.health.exercise.live_data.json,,1.2908767,com.sec.android.app.shealth,,,,,2024-07-05 22:04:05.388,ec87a424-3f8d-4d9f-a014-0ab4bd2a7eff,,
cf10aecc-d4fd-476c-9ef3-3295433a3d1f.live_data_internal.json,,0,,,,82.0,,,,,cf10aecc-d4fd-476c-9ef3-3295433a3d1f.sensing_status.json,4,,,,,,,,,,,,,,,682152,,62670070,,,2024-07-08 00:38:13.006,1001,,,,90.0,30001,,,62670070,102.0,2024-07-08 00:50:50.893,2024-07-08 00:50:50.893,,,1.4444444,77.22619,79.0,,878,662.58,,82.0,110.0,,,UTC-0300,hriiVjEkYE,,,cf10aecc-d4fd-476c-9ef3-3295433a3d1f.com.samsung.health.exercise.live_data.json,,0.9713085,com.sec.android.app.shealth,,,,,2024-07-08 00:49:35.158,cf10aecc-d4fd-476c-9ef3-3295433a3d1f,,
775494d3-1b37-4a18-8729-c317183da6f2.live_data_internal.json,,0,,,,109.80424,,,,,775494d3-1b37-4a18-8729-c317183da6f2.sensing_status.json,4,,,,,,,,,,,,775494d3-1b37-4a18-8729-c317183da6f2.location_data_internal.json,,,843151,,62670070,,775494d3-1b37-4a18-8729-c317183da6f2.com.samsung.health.exercise.location_data.json,2024-07-10 19:29:00.722,1001,,,,112.0,30001,,,62670070,121.0,2024-07-10 19:44:18.934,2024-07-10 19:44:18.934,,,1.7055013,84.39769,95.0,,1186,928.78,,108.0,130.0,,,UTC-0300,hriiVjEkYE,,,775494d3-1b37-4a18-8729-c317183da6f2.com.samsung.health.exercise.live_data.json,,1.1015583,com.sec.android.app.shealth,,,,,2024-07-10 19:44:18.233,775494d3-1b37-4a18-8729-c317183da6f2,,
64f9edc4-1b73-44c2-bf2f-ff780ec35f5e.live_data_internal.json,,0,,,,490.04016,,,,,64f9edc4-1b73-44c2-bf2f-ff780ec35f5e.sensing_status.json,1,,,,,,,,,,,,,,,3419468,,62670070,,,2024-07-10 19:44:18.234,15002,,,,118.0,,,,62670070,144.0,2024-07-10 20:41:18.342,2024-07-10 20:41:18.342,,,,,90.0,,,,,490.04016,,,,UTC-0300,hriiVjEkYE,,,64f9edc4-1b73-44c2-bf2f-ff780ec35f5e.com.samsung.health.exercise.live_data.json,,,com.sec.android.app.shealth,,,,,2024-07-10 20:41:17.702,64f9edc4-1b73-44c2-bf2f-ff780ec35f5e,,
784ecbd6-fd8c-4dbe-9749-e9f7c7a6fb7d.live_data_internal.json,,0,,,,98.00002,,,,,784ecbd6-fd8c-4dbe-9749-e9f7c7a6fb7d.sensing_status.json,4,,,,,,,,,,,,784ecbd6-fd8c-4dbe-9749-e9f7c7a6fb7d.location_data_internal.json,,,739401,,62670070,,784ecbd6-fd8c-4dbe-9749-e9f7c7a6fb7d.com.samsung.health.exercise.location_data.json,2024-07-10 20:41:31.752,1001,,,,131.0,30001,,,62670070,144.0,2024-07-10 20:55:06.805,2024-07-10 20:55:06.805,,,1.6773397,103.299835,55.0,,1273,994.15,,98.0,126.0,,,UTC-0300,hriiVjEkYE,,,784ecbd6-fd8c-4dbe-9749-e9f7c7a6fb7d.com.samsung.health.exercise.live_data.json,,1.3445343,com.sec.android.app.shealth,,,,,2024-07-10 20:53:51.154,784ecbd6-fd8c-4dbe-9749-e9f7c7a6fb7d,,
6caa50b5-12ee-4205-98c3-d08805e97dc6.live_data_internal.json,,0,,,,119.28228,,,,,6caa50b5-12ee-4205-98c3-d08805e97dc6.sensing_status.json,4,,,,,,,,,,,,6caa50b5-12ee-4205-98c3-d08805e97dc6.location_data_internal.json,,,962424,,62670070,,6caa50b5-12ee-4205-98c3-d08805e97dc6.com.samsung.health.exercise.location_data.json,2024-07-11 22:43:24.099,1001,,,,109.0,30001,,,62670070,123.0,2024-07-11 23:00:20.345,2024-07-11 23:00:20.345,,,1.6133342,93.20216,86.0,,1495,1171.0,,118.0,121.0,,,UTC-0300,hriiVjEkYE,,,6caa50b5-12ee-4205-98c3-d08805e97dc6.com.samsung.health.exercise.live_data.json,,1.2167194,com.sec.android.app.shealth,,,,,2024-07-11 23:00:19.371,6caa50b5-12ee-4205-98c3-d08805e97dc6,,
b5e4050e-dd47-447d-9a52-55c8c9d39c7b.live_data_internal.json,,0,,,,669.18,,,,,b5e4050e-dd47-447d-9a52-55c8c9d39c7b.sensing_status.json,1,,,,,,,,,,,,,,,4341808,,62670070,,,2024-07-11 23:00:19.373,15002,,,,126.0,,,,62670070,166.0,2024-07-12 00:12:41.870,2024-07-12 00:12:41.870,,,,,89.0,,,,,669.18,,,,UTC-0300,hriiVjEkYE,,,b5e4050e-dd47-447d-9a52-55c8c9d39c7b.com.samsung.health.exercise.live_data.json,,,com.sec.android.app.shealth,,,,,2024-07-12 00:12:41.181,b5e4050e-dd47-447d-9a52-55c8c9d39c7b,,
a7ad8f0f-d4fe-4fae-b8ed-9f09a140e15a.live_data_internal.json,,0,,-49.306046,,455.95822,,,,,a7ad8f0f-d4fe-4fae-b8ed-9f09a140e15a.sensing_status.json,1,,,,,,,,-25.389336,,,,a7ad8f0f-d4fe-4fae-b8ed-9f09a140e15a.location_data_internal.json,,,3876330,,62701610,,a7ad8f0f-d4fe-4fae-b8ed-9f09a140e15a.com.samsung.health.exercise.location_data.json,2024-07-17 19:32:09.234,1001,,909.016,209.192,99.0,30001,,901.363,62701610,113.0,2024-07-17 20:37:43.850,2024-07-17 20:37:43.850,,,1.686,105.548294,58.0,,6819,4881.738,,454.574,122.745,205.499,35.98,UTC-0300,hriiVjEkYE,,,a7ad8f0f-d4fe-4fae-b8ed-9f09a140e15a.com.samsung.health.exercise.live_data.json,,1.259371,com.sec.android.app.shealth,0.0,,,,2024-07-17 20:37:42.613,a7ad8f0f-d4fe-4fae-b8ed-9f09a140e15a,,
cbddec7d-b25d-4998-bea7-8dfe04905970.live_data_internal.json,,0,,,,541.74005,,,,,cbddec7d-b25d-4998-bea7-8dfe04905970.sensing_status.json,1,,,,,,,,,,,,,,,3899227,,62701610,,,2024-07-17 23:21:15.892,15002,,,,112.0,,,,62701610,137.0,2024-07-18 00:26:15.799,2024-07-18 00:26:15.799,,,,,88.0,,,,,541.74005,,,,UTC-0300,hriiVjEkYE,,,cbddec7d-b25d-4998-bea7-8dfe04905970.com.samsung.health.exercise.live_data.json,,,com.sec.android.app.shealth,,,,,2024-07-18 00:26:15.119,cbddec7d-b25d-4998-bea7-8dfe04905970,,
718c4c02-1153-443f-97e1-1e7d1fbd4955.live_data_internal.json,,0,,,,537.16,,,,,718c4c02-1153-443f-97e1-1e7d1fbd4955.sensing_status.json,1,,,,,,,,,,,,,,,3931379,,62701610,,,2024-07-19 23:31:07.045,15002,,,,115.0,,,,62701610,141.0,2024-07-20 00:36:59.795,2024-07-20 00:36:59.795,,,,,86.0,,,,,537.16,,,,UTC-0300,hriiVjEkYE,,,718c4c02-1153-443f-97e1-1e7d1fbd4955.com.samsung.health.exercise.live_data.json,,,com.sec.android.app.shealth,,,,,2024-07-20 00:36:38.424,718c4c02-1153-443f-97e1-1e7d1fbd4955,,
b829668e-80dc-4308-a306-f4412970f55b.live_data_internal.json,,0,,,,133.2536,,,,,b829668e-80dc-4308-a306-f4412970f55b.sensing_status.json,4,,,,,,,,,,,,b829668e-80dc-4308-a306-f4412970f55b.location_data_internal.json,,,943579,,62701610,,b829668e-80dc-4308-a306-f4412970f55b.com.samsung.health.exercise.location_data.json,2024-07-22 21:56:35.296,1001,,,,110.0,30001,,,62701610,121.0,2024-07-22 22:15:07.489,2024-07-22 22:15:07.489,,,1.6400005,103.202805,96.0,,1623,1311.19,,131.0,123.0,,,UTC-0300,hriiVjEkYE,,,b829668e-80dc-4308-a306-f4412970f55b.com.samsung.health.exercise.live_data.json,,1.3895922,com.sec.android.app.shealth,,,,,2024-07-22 22:13:51.755,b829668e-80dc-4308-a306-f4412970f55b,,
5a386727-bb93-4312-91eb-24502eb26dd2.live_data_internal.json,,0,,,,438.84537,,,,,5a386727-bb93-4312-91eb-24502eb26dd2.sensing_status.json,1,,,,,,,,,,,,,,,2831852,,62701610,,,2024-07-22 22:15:37.857,15002,,,,127.0,,,,62701610,150.0,2024-07-22 23:09:17.852,2024-07-22 23:09:17.852,,,,,84.0,,,,,429.47,,,,UTC-0300,hriiVjEkYE,,,5a386727-bb93-4312-91eb-24502eb26dd2.com.samsung.health.exercise.live_data.json,,,com.sec.android.app.shealth,,,,,2024-07-22 23:09:16.107,5a386727-bb93-4312-91eb-24502eb26dd2,,
d2f824b6-d022-495e-bb66-7d71959f5b60.live_data_internal.json,,0,,,,154.2237,,,,,d2f824b6-d022-495e-bb66-7d71959f5b60.sensing_status.json,4,,,,,,,,,,,,d2f824b6-d022-495e-bb66-7d71959f5b60.location_data_internal.json,,,1052516,,62701610,,d2f824b6-d022-495e-bb66-7d71959f5b60.com.samsung.health.exercise.location_data.json,2024-07-22 23:09:25.516,1001,,,,139.0,30001,,,62701610,154.0,2024-07-22 23:31:09.218,2024-07-22 23:31:09.218,,,1.5568318,103.409355,98.0,,1814,1443.56,,150.0,118.0,,,UTC-0300,hriiVjEkYE,,,d2f824b6-d022-495e-bb66-7d71959f5b60.com.samsung.health.exercise.live_data.json,,1.3715327,com.sec.android.app.shealth,,,,,2024-07-22 23:29:52.108,d2f824b6-d022-495e-bb66-7d71959f5b60,,
af49d6e6-f9ae-41cc-9f01-bcf130d0c8b0.live_data_internal.json,,0,,,,97.0,,,,,af49d6e6-f9ae-41cc-9f01-bcf130d0c8b0.sensing_status.json,4,,,,,,,,,,,,af49d6e6-f9ae-41cc-9f01-bcf130d0c8b0.location_data_internal.json,,,743219,,62701610,,af49d6e6-f9ae-41cc-9f01-bcf130d0c8b0.com.samsung.health.exercise.location_data.json,2024-07-23 23:14:11.868,1001,,,,110.0,30001,,,62701610,118.0,2024-07-23 23:27:53.003,2024-07-23 23:27:53.003,,,1.56,106.80567,94.0,,1323,1014.57,,97.0,120.0,,,UTC-0300,hriiVjEkYE,,,af49d6e6-f9ae-41cc-9f01-bcf130d0c8b0.com.samsung.health.exercise.live_data.json,,1.3651024,com.sec.android.app.shealth,,,,,2024-07-23 23:26:35.087,af49d6e6-f9ae-41cc-9f01-bcf130d0c8b0,,
b41c136f-5871-4045-a1b6-315e5b2828d3.live_data_internal.json,,0,,,,568.99,,,,,b41c136f-5871-4045-a1b6-315e5b2828d3.sensing_status.json,1,,,,,,,,,,,,,,,3635552,,62701610,,,2024-07-23 23:28:06.786,15002,,,,130.0,,,,62701610,158.0,2024-07-24 00:28:43.787,2024-07-24 00:28:43.787,,,,,105.0,,,,,568.99,,,,UTC-0300,hriiVjEkYE,,,b41c136f-5871-4045-a1b6-315e5b2828d3.com.samsung.health.exercise.live_data.json,,,com.sec.android.app.shealth,,,,,2024-07-24 00:28:42.338,b41c136f-5871-4045-a1b6-315e5b2828d3,,
c874d396-96df-43e9-b956-6a15742babdf.live_data_internal.json,,0,,,,92.3096,,,,,c874d396-96df-43e9-b956-6a15742babdf.sensing_status.json,4,,,,,,,,,,,,c874d396-96df-43e9-b956-6a15742babdf.location_data_internal.json,,,713189,,62701610,,c874d396-96df-43e9-b956-6a15742babdf.com.samsung.health.exercise.location_data.json,2024-07-24 11:14:00.507,1001,,,,119.0,30001,,,62701610,140.0,2024-07-24 11:27:22.169,2024-07-24 11:27:22.169,,,1.6005005,85.81175,104.0,,1020,789.67,,92.0,122.0,,,UTC-0300,hriiVjEkYE,,,c874d396-96df-43e9-b956-6a15742babdf.com.samsung.health.exercise.live_data.json,,1.1072379,com.sec.android.app.shealth,,,,,2024-07-24 11:26:06.456,c874d396-96df-43e9-b956-6a15742babdf,,
4b1688d0-cfcd-4351-9ef2-0aa9751b5cd7.live_data_internal.json,,0,,,,97.60145,,,,,4b1688d0-cfcd-4351-9ef2-0aa9751b5cd7.sensing_status.json,4,,,,,,,,,,,,4b1688d0-cfcd-4351-9ef2-0aa9751b5cd7.location_data_internal.json,,,874393,,62701610,,4b1688d0-cfcd-4351-9ef2-0aa9751b5cd7.com.samsung.health.exercise.location_data.json,2024-07-24 22:11:40.533,1001,,,,117.0,30001,,,62701610,126.0,2024-07-24 22:26:41.493,2024-07-24 22:26:41.493,,,1.5599976,96.478355,82.0,,1406,1077.11,,97.0,120.0,,,UTC-0300,hriiVjEkYE,,,4b1688d0-cfcd-4351-9ef2-0aa9751b5cd7.com.samsung.health.exercise.live_data.json,,1.2318374,com.sec.android.app.shealth,,,,,2024-07-24 22:26:39.714,4b1688d0-cfcd-4351-9ef2-0aa9751b5cd7,,
009c9a12-3f38-495c-ade7-371c29fd3c32.live_data_internal.json,,0,,,,694.98,,,,,009c9a12-3f38-495c-ade7-371c29fd3c32.sensing_status.json,1,,,,,,,,,,,,,,,4531298,,62701610,,,2024-07-24 22:26:39.715,15002,,,,125.0,,,,62701610,154.0,2024-07-24 23:42:16.281,2024-07-24 23:42:16.281,,,,,103.0,,,,,694.98,,,,UTC-0300,hriiVjEkYE,,,009c9a12-3f38-495c-ade7-371c29fd3c32.com.samsung.health.exercise.live_data.json,,,com.sec.android.app.shealth,,,,,2024-07-24 23:42:11.013,009c9a12-3f38-495c-ade7-371c29fd3c32,,
e7dd1a90-70b5-41cf-8f4e-64c58b5631b6.live_data_internal.json,,0,,,,106.0,,,,,e7dd1a90-70b5-41cf-8f4e-64c58b5631b6.sensing_status.json,4,,,,,,,,,,,,e7dd1a90-70b5-41cf-8f4e-64c58b5631b6.location_data_internal.json,,,787039,,62701610,,e7dd1a90-70b5-41cf-8f4e-64c58b5631b6.com.samsung.health.exercise.location_data.json,2024-07-30 23:02:45.097,1001,,,,104.0,30001,,,62701610,115.0,2024-07-30 23:17:08.091,2024-07-30 23:17:08.091,,,1.632666,118.24065,88.0,,1551,1206.17,,106.0,124.0,,,UTC-0300,hriiVjEkYE,,,e7dd1a90-70b5-41cf-8f4e-64c58b5631b6.com.samsung.health.exercise.live_data.json,,1.5325416,com.sec.android.app.shealth,,,,,2024-07-30 23:15:52.136,e7dd1a90-70b5-41cf-8f4e-64c58b5631b6,,
3f72a927-3b44-4a61-8a27-d13956c845b5.live_data_internal.json,,0,,,,374.41,,,,,3f72a927-3b44-4a61-8a27-d13956c845b5.sensing_status.json,1,,,,,,,,,,,,,,,3418179,,62701610,,,2024-07-30 23:23:45.868,15002,,,,125.0,,,,62701610,156.0,2024-07-31 00:21:21.808,2024-07-31 00:21:21.808,,,,,77.0,,,,,374.41,,,,UTC-0300,hriiVjEkYE,,,3f72a927-3b44-4a61-8a27-d13956c845b5.com.samsung.health.exercise.live_data.json,,,com.sec.android.app.shealth,,,,,2024-07-31 00:20:44.047,3f72a927-3b44-4a61-8a27-d13956c845b5,,
f02681a8-8dbe-4d15-9c83-08c937eeea70.live_data_internal.json,,0,,,,171.46385,,,,,f02681a8-8dbe-4d15-9c83-08c937eeea70.sensing_status.json,4,,,,,,,,,,,,f02681a8-8dbe-4d15-9c83-08c937eeea70.location_data_internal.json,,,1534813,,62701610,,f02681a8-8dbe-4d15-9c83-08c937eeea70.com.samsung.health.exercise.location_data.json,2024-08-01 15:06:18.701,1001,,,,99.0,30001,,,62701610,106.0,2024-08-01 15:33:28.624,2024-08-01 15:33:28.624,,,1.3349357,86.66853,91.0,,2217,1599.38,,171.0,105.0,,,UTC-0300,hriiVjEkYE,,,f02681a8-8dbe-4d15-9c83-08c937eeea70.com.samsung.health.exercise.live_data.json,,1.0420684,com.sec.android.app.shealth,,,,,2024-08-01 15:32:12.631,f02681a8-8dbe-4d15-9c83-08c937eeea70,,
7adf07aa-6a78-4654-b141-4fd8562a0c21.live_data_internal.json,,0,,,,438.31,,,,,7adf07aa-6a78-4654-b141-4fd8562a0c21.sensing_status.json,1,,,,,,,,,,,,,,,2786282,,62701610,,,2024-08-01 23:36:18.299,15002,,,,128.0,,,,62701610,155.0,2024-08-02 00:22:46.397,2024-08-02 00:22:46.397,,,,,98.0,,,,,438.31,,,,UTC-0300,hriiVjEkYE,,,7adf07aa-6a78-4654-b141-4fd8562a0c21.com.samsung.health.exercise.live_data.json,,,com.sec.android.app.shealth,,,,,2024-08-02 00:22:44.581,7adf07aa-6a78-4654-b141-4fd8562a0c21,,
2b3a1327-041e-44f3-b8c3-f80966f6ba9a.live_data_internal.json,,0,,,,131.13275,,,,,2b3a1327-041e-44f3-b8c3-f80966f6ba9a.sensing_status.json,4,,,,,,,,,,,,2b3a1327-041e-44f3-b8c3-f80966f6ba9a.location_data_internal.json,,,1018210,,62701610,,2b3a1327-041e-44f3-b8c3-f80966f6ba9a.com.samsung.health.exercise.location_data.json,2024-08-02 00:30:31.968,1001,,,,133.0,30001,,,62701610,154.0,2024-08-02 00:48:51.323,2024-08-02 00:48:51.323,,,1.5686686,105.95064,83.0,,1798,1430.71,,131.0,119.0,,,UTC-0300,hriiVjEkYE,,,2b3a1327-041e-44f3-b8c3-f80966f6ba9a.com.samsung.health.exercise.live_data.json,,1.4051226,com.sec.android.app.shealth,,,,,2024-08-02 00:47:35.649,2b3a1327-041e-44f3-b8c3-f80966f6ba9a,,
122cac70-0038-42ce-be77-5d515130812e.live_data_internal.json,,0,,,,95.289604,,,,,122cac70-0038-42ce-be77-5d515130812e.sensing_status.json,4,,,,,,,,,,,,122cac70-0038-42ce-be77-5d515130812e.location_data_internal.json,,,746782,,62701610,,122cac70-0038-42ce-be77-5d515130812e.com.samsung.health.exercise.location_data.json,2024-08-02 21:07:07.863,1001,,,,106.0,30001,,,62701610,116.0,2024-08-02 21:21:43.766,2024-08-02 21:21:43.766,,,1.4261678,91.67334,83.0,,1141,881.48,,94.0,110.0,,,UTC-0300,hriiVjEkYE,,,122cac70-0038-42ce-be77-5d515130812e.com.samsung.health.exercise.live_data.json,,1.1803713,com.sec.android.app.shealth,,,,,2024-08-02 21:20:27.795,122cac70-0038-42ce-be77-5d515130812e,,
76ba1919-78bd-4ce8-8612-142f830f0469.live_data_internal.json,,0,,,,93.73385,,,,,76ba1919-78bd-4ce8-8612-142f830f0469.sensing_status.json,4,,,,,,,,,,,,76ba1919-78bd-4ce8-8612-142f830f0469.location_data_internal.json,,,772480,,62701610,,76ba1919-78bd-4ce8-8612-142f830f0469.com.samsung.health.exercise.location_data.json,2024-08-02 21:51:23.356,1001,,,,115.0,30001,,,62701610,124.0,2024-08-02 22:05:28.613,2024-08-02 22:05:28.613,,,1.583335,92.81794,97.0,,1195,949.43,,92.0,119.0,,,UTC-0300,hriiVjEkYE,,,76ba1919-78bd-4ce8-8612-142f830f0469.com.samsung.health.exercise.live_data.json,,1.2290674,com.sec.android.app.shealth,,,,,2024-08-02 22:05:27.295,76ba1919-78bd-4ce8-8612-142f830f0469,,
32fbc4de-3c1f-48f0-81d4-624b20ff50ab.live_data_internal.json,,0,,,,683.58,,,,,32fbc4de-3c1f-48f0-81d4-624b20ff50ab.sensing_status.json,1,,,,,,,,,,,,,,,4342441,,62701610,,,2024-08-02 22:05:27.297,15002,,,,128.0,,,,62701610,160.0,2024-08-02 23:17:51.165,2024-08-02 23:17:51.165,,,,,94.0,,,,,683.58,,,,UTC-0300,hriiVjEkYE,,,32fbc4de-3c1f-48f0-81d4-624b20ff50ab.com.samsung.health.exercise.live_data.json,,,com.sec.android.app.shealth,,,,,2024-08-02 23:17:49.738,32fbc4de-3c1f-48f0-81d4-624b20ff50ab,,
,,,,,,,1,,,,,4,0,,0,,,,,,,,,,,,718000,,62701610,,,2024-08-03 14:21:02.000,1001,,,,,30001,,,62701610,,2024-08-03 14:42:36.244,2024-08-03 14:42:36.244,,,1.5175601,,,,1444,1132.53,,72.38,,,,UTC-0300,487mnSNu6t,,,aac429a8-aaf3-4bbd-a3de-8ccedd3de031.com.samsung.health.exercise.live_data.json,,1.5175601,com.sec.android.app.shealth,,,,,2024-08-03 14:33:00.000,aac429a8-aaf3-4bbd-a3de-8ccedd3de031,,
5afb4bd3-6b67-467f-b4e0-a5ee43b6ffce.live_data_internal.json,,0,,,,164.19702,,,,,5afb4bd3-6b67-467f-b4e0-a5ee43b6ffce.sensing_status.json,4,,,,,,,,,,,,5afb4bd3-6b67-467f-b4e0-a5ee43b6ffce.location_data_internal.json,,,1286390,,62701610,,5afb4bd3-6b67-467f-b4e0-a5ee43b6ffce.com.samsung.health.exercise.location_data.json,2024-08-05 22:58:11.034,1001,,,,110.0,30001,,,62701610,125.0,2024-08-05 23:20:28.043,2024-08-05 23:20:28.043,,,1.5926677,108.58294,96.0,,2328,1825.81,,163.0,120.0,,,UTC-0300,hriiVjEkYE,,,5afb4bd3-6b67-467f-b4e0-a5ee43b6ffce.com.samsung.health.exercise.live_data.json,,1.4193286,com.sec.android.app.shealth,,,,,2024-08-05 23:20:26.758,5afb4bd3-6b67-467f-b4e0-a5ee43b6ffce,,
dfa7a1fb-fc24-4823-bf23-3698e997c7d4.live_data_internal.json,,0,,,,402.51,,,,,dfa7a1fb-fc24-4823-bf23-3698e997c7d4.sensing_status.json,1,,,,,,,,,,,,,,,2455168,,62701610,,,2024-08-05 23:20:26.759,15002,,,,134.0,,,,62701610,163.0,2024-08-06 00:01:23.537,2024-08-06 00:01:23.537,,,,,104.0,,,,,402.51,,,,UTC-0300,hriiVjEkYE,,,dfa7a1fb-fc24-4823-bf23-3698e997c7d4.com.samsung.health.exercise.live_data.json,,,com.sec.android.app.shealth,,,,,2024-08-06 00:01:21.927,dfa7a1fb-fc24-4823-bf23-3698e997c7d4,,
19b9cec9-f1c7-42e9-807d-793a8a1ff8e2.live_data_internal.json,,0,,,,128.0,,,,,19b9cec9-f1c7-42e9-807d-793a8a1ff8e2.sensing_status.json,4,,,,,,,,,,,,19b9cec9-f1c7-42e9-807d-793a8a1ff8e2.location_data_internal.json,,,991665,,62701610,,19b9cec9-f1c7-42e9-807d-793a8a1ff8e2.com.samsung.health.exercise.location_data.json,2024-08-06 00:01:38.850,1001,,,,138.0,30001,,,62701610,150.0,2024-08-06 00:19:26.025,2024-08-06 00:19:26.025,,,1.609668,109.39178,126.0,,1808,1400.18,,128.0,121.0,,,UTC-0300,hriiVjEkYE,,,19b9cec9-f1c7-42e9-807d-793a8a1ff8e2.com.samsung.health.exercise.live_data.json,,1.4119487,com.sec.android.app.shealth,,,,,2024-08-06 00:18:10.515,19b9cec9-f1c7-42e9-807d-793a8a1ff8e2,,
,,,,,,,1,,,,,4,0,,0,,,,,,,,,,,,992000,,62701610,,,2024-08-06 22:59:28.000,1001,,,,,30001,,,62701610,,2024-08-06 23:23:23.537,2024-08-06 23:23:23.537,,,1.4722222,,,,1758,1366.15,,88.1,,,,UTC-0300,487mnSNu6t,,,2c7a293f-79b0-472b-ae24-bce7f0e63187.com.samsung.health.exercise.live_data.json,,1.3771673,com.sec.android.app.shealth,,,,,2024-08-06 23:16:00.000,2c7a293f-79b0-472b-ae24-bce7f0e63187,,
,,,,,,,1,,,,,4,0,,0,,,,,,,,,,,,875000,,62701610,,,2024-08-07 00:10:25.000,1001,,,,,30001,,,62701610,,2024-08-07 00:34:31.567,2024-08-07 00:34:31.567,,,1.5165001,,,,1728,1346.66,,86.5,,,,UTC-0300,487mnSNu6t,,,9237858c-c8cf-4301-93d6-13fca735d9f8.com.samsung.health.exercise.live_data.json,,1.5165001,com.sec.android.app.shealth,,,,,2024-08-07 00:25:00.000,9237858c-c8cf-4301-93d6-13fca735d9f8,,
283ba208-4ef2-4c45-b1d2-fd57391d0eb7.live_data_internal.json,,0,,,,95.196266,,,,,283ba208-4ef2-4c45-b1d2-fd57391d0eb7.sensing_status.json,4,,,,,,,,,,,,283ba208-4ef2-4c45-b1d2-fd57391d0eb7.location_data_internal.json,,,815124,,62710150,,283ba208-4ef2-4c45-b1d2-fd57391d0eb7.com.samsung.health.exercise.location_data.json,2024-08-08 14:27:06.903,1001,,,,110.0,30001,,,62710150,116.0,2024-08-08 14:42:06.158,2024-08-08 14:42:06.158,,,1.5469991,89.87589,88.0,,1221,929.16,,95.0,119.0,,,UTC-0300,hriiVjEkYE,,,283ba208-4ef2-4c45-b1d2-fd57391d0eb7.com.samsung.health.exercise.live_data.json,,1.1399001,com.sec.android.app.shealth,,,,,2024-08-08 14:40:50.116,283ba208-4ef2-4c45-b1d2-fd57391d0eb7,,
59577c6f-da6c-445d-8669-158f380c8d8a.live_data_internal.json,,0,,,,318.78,,,,,59577c6f-da6c-445d-8669-158f380c8d8a.sensing_status.json,1,,,,,,,,,,,,,,,1967121,,62710150,,,2024-08-08 15:12:51.653,15002,,,,132.0,,,,62710150,173.0,2024-08-08 15:45:45.572,2024-08-08 15:45:45.572,,,,,95.0,,,,,318.78,,,,UTC-0300,hriiVjEkYE,,,59577c6f-da6c-445d-8669-158f380c8d8a.com.samsung.health.exercise.live_data.json,,,com.sec.android.app.shealth,,,,,2024-08-08 15:45:38.774,59577c6f-da6c-445d-8669-158f380c8d8a,,
28b3730a-7052-46a9-a3d9-699c75b65014.live_data_internal.json,,0,,,,107.2568,,,,,28b3730a-7052-46a9-a3d9-699c75b65014.sensing_status.json,4,,,,,,,,,,,,28b3730a-7052-46a9-a3d9-699c75b65014.location_data_internal.json,,,796014,,62710150,,28b3730a-7052-46a9-a3d9-699c75b65014.com.samsung.health.exercise.location_data.json,2024-08-09 22:02:23.607,1001,,,,106.0,30001,,,62710150,113.0,2024-08-09 22:17:54.567,2024-08-09 22:17:54.567,,,1.6111112,95.35008,92.0,,1265,998.46,,104.0,120.0,,,UTC-0300,hriiVjEkYE,,,28b3730a-7052-46a9-a3d9-699c75b65014.com.samsung.health.exercise.live_data.json,,1.2543248,com.sec.android.app.shealth,,,,,2024-08-09 22:17:53.847,28b3730a-7052-46a9-a3d9-699c75b65014,,
82b10489-7011-40ec-b0bb-50cc7ec518fe.live_data_internal.json,,0,,,,477.6,,,,,82b10489-7011-40ec-b0bb-50cc7ec518fe.sensing_status.json,1,,,,,,,,,,,,,,,3288695,,62710150,,,2024-08-09 22:17:53.848,15002,,,,119.0,,,,62710150,144.0,2024-08-09 23:12:44.030,2024-08-09 23:12:44.030,,,,,94.0,,,,,477.6,,,,UTC-0300,hriiVjEkYE,,,82b10489-7011-40ec-b0bb-50cc7ec518fe.com.samsung.health.exercise.live_data.json,,,com.sec.android.app.shealth,,,,,2024-08-09 23:12:42.543,82b10489-7011-40ec-b0bb-50cc7ec518fe,,
,,,,,,,1,,,,,4,0,,0,,,,,,,,,,,,658000,,62710150,,,2024-08-10 13:20:02.000,1001,,,,,30001,,,62710150,,2024-08-10 13:39:23.945,2024-08-10 13:39:23.945,,,1.5795001,,,,1143,894.27,,57.43,,,,UTC-0300,487mnSNu6t,,,26500122-cfaf-4b24-9c12-8e32c8872a5b.com.samsung.health.exercise.live_data.json,,1.3590729,com.sec.android.app.shealth,,,,,2024-08-10 13:31:00.000,26500122-cfaf-4b24-9c12-8e32c8872a5b,,
5f8b614b-94e3-4665-846c-32fa4d7faae1.live_data_internal.json,,0,,,,126.07609,,,,,5f8b614b-94e3-4665-846c-32fa4d7faae1.sensing_status.json,4,,,,,,,,,,,,5f8b614b-94e3-4665-846c-32fa4d7faae1.location_data_internal.json,,,931944,,62710150,,5f8b614b-94e3-4665-846c-32fa4d7faae1.com.samsung.health.exercise.location_data.json,2024-08-12 15:05:05.588,1001,,,,93.0,30001,,,62710150,112.0,2024-08-12 15:22:39.959,2024-08-12 15:22:39.959,,,1.5599996,108.48292,55.0,,1685,1304.48,,125.0,120.0,,,UTC-0300,hriiVjEkYE,,,5f8b614b-94e3-4665-846c-32fa4d7faae1.com.samsung.health.exercise.live_data.json,,1.3997408,com.sec.android.app.shealth,,,,,2024-08-12 15:21:21.882,5f8b614b-94e3-4665-846c-32fa4d7faae1,,
173b90ca-5d26-4f06-83dc-531a406e24f6.live_data_internal.json,,0,,,,250.89,,,,,173b90ca-5d26-4f06-83dc-531a406e24f6.sensing_status.json,1,,,,,,,,,,,,,,,1665337,,62710150,,,2024-08-12 15:23:06.878,15002,,,,126.0,,,,62710150,158.0,2024-08-12 16:59:01.248,2024-08-12 16:59:01.248,,,,,75.0,,,,,250.89,,,,UTC-0300,hriiVjEkYE,,,173b90ca-5d26-4f06-83dc-531a406e24f6.com.samsung.health.exercise.live_data.json,,,com.sec.android.app.shealth,,,,,2024-08-12 15:50:52.215,173b90ca-5d26-4f06-83dc-531a406e24f6,,
dfbc59c2-5607-4f7d-967f-b945992bdf10.live_data_internal.json,,0,,,,109.62619,,,,,dfbc59c2-5607-4f7d-967f-b945992bdf10.sensing_status.json,4,,,,,,,,,,,,dfbc59c2-5607-4f7d-967f-b945992bdf10.location_data_internal.json,,,962790,,62710150,,dfbc59c2-5607-4f7d-967f-b945992bdf10.com.samsung.health.exercise.location_data.json,2024-08-13 22:10:35.254,1001,,,,118.0,30001,,,62710150,129.0,2024-08-13 22:27:05.657,2024-08-13 22:27:05.657,,,2.2500002,84.379776,90.0,,1354,1035.56,,109.0,119.0,,,UTC-0300,hriiVjEkYE,,,dfbc59c2-5607-4f7d-967f-b945992bdf10.com.samsung.health.exercise.live_data.json,,1.0755825,com.sec.android.app.shealth,,,,,2024-08-13 22:27:03.852,dfbc59c2-5607-4f7d-967f-b945992bdf10,,
4f5ebb15-ffa0-429e-8e78-3f219d45e04d.live_data_internal.json,,0,,,,461.54,,,,,4f5ebb15-ffa0-429e-8e78-3f219d45e04d.sensing_status.json,1,,,,,,,,,,,,,,,2985977,,62710150,,,2024-08-13 22:27:03.853,15002,,,,128.0,,,,62710150,154.0,2024-08-13 23:16:51.425,2024-08-13 23:16:51.425,,,,,106.0,,,,,461.54,,,,UTC-0300,hriiVjEkYE,,,4f5ebb15-ffa0-429e-8e78-3f219d45e04d.com.samsung.health.exercise.live_data.json,,,com.sec.android.app.shealth,,,,,2024-08-13 23:16:49.830,4f5ebb15-ffa0-429e-8e78-3f219d45e04d,,
73471c43-bc3d-4d0c-8bb0-8dd6c9a8e0b1.live_data_internal.json,,0,,,,118.0,,,,,73471c43-bc3d-4d0c-8bb0-8dd6c9a8e0b1.sensing_status.json,4,,,,,,,,,,,,73471c43-bc3d-4d0c-8bb0-8dd6c9a8e0b1.location_data_internal.json,,,890629,,62710150,,73471c43-bc3d-4d0c-8bb0-8dd6c9a8e0b1.com.samsung.health.exercise.location_data.json,2024-08-13 23:23:58.293,1001,,,,149.0,30001,,,62710150,157.0,2024-08-13 23:40:04.526,2024-08-13 23:40:04.526,,,1.6458334,107.58688,134.0,,1597,1293.74,,118.0,125.0,,,UTC-0300,hriiVjEkYE,,,73471c43-bc3d-4d0c-8bb0-8dd6c9a8e0b1.com.samsung.health.exercise.live_data.json,,1.4526137,com.sec.android.app.shealth,,,,,2024-08-13 23:38:48.921,73471c43-bc3d-4d0c-8bb0-8dd6c9a8e0b1,,
62a516df-a04a-4c47-adaa-8e7d39525bf5.live_data_internal.json,,0,,,,134.05338,,,,,62a516df-a04a-4c47-adaa-8e7d39525bf5.sensing_status.json,4,,,,,,,,,,,,62a516df-a04a-4c47-adaa-8e7d39525bf5.location_data_internal.json,,,1043486,,62710150,,62a516df-a04a-4c47-adaa-8e7d39525bf5.com.samsung.health.exercise.location_data.json,2024-08-14 15:11:32.000,1001,,,,109.0,30001,,,62710150,123.0,2024-08-14 15:29:50.760,2024-08-14 15:29:50.760,,,1.5890005,99.014275,104.0,,1722,1382.76,,133.0,122.0,,,UTC-0300,hriiVjEkYE,,,62a516df-a04a-4c47-adaa-8e7d39525bf5.com.samsung.health.exercise.live_data.json,,1.3251352,com.sec.android.app.shealth,,,,,2024-08-14 15:29:38.900,62a516df-a04a-4c47-adaa-8e7d39525bf5,,
c78faa46-d4ab-4587-990c-e9f15a2dfa83.live_data_internal.json,,0,,,,461.92,,,,,c78faa46-d4ab-4587-990c-e9f15a2dfa83.sensing_status.json,1,,,,,,,,,,,,,,,3103544,,62710150,,,2024-08-14 15:30:15.382,15002,,,,122.0,,,,62710150,148.0,2024-08-14 16:22:00.855,2024-08-14 16:22:00.855,,,,,87.0,,,,,461.92,,,,UTC-0300,hriiVjEkYE,,,c78faa46-d4ab-4587-990c-e9f15a2dfa83.com.samsung.health.exercise.live_data.json,,,com.sec.android.app.shealth,,,,,2024-08-14 16:21:58.926,c78faa46-d4ab-4587-990c-e9f15a2dfa83,,
fe052ed2-05e2-42ad-b599-0f7ffb2963be.live_data_internal.json,,0,,,,84.0,,,,,fe052ed2-05e2-42ad-b599-0f7ffb2963be.sensing_status.json,4,,,,,,,,,,,,fe052ed2-05e2-42ad-b599-0f7ffb2963be.location_data_internal.json,,,626909,,62710150,,fe052ed2-05e2-42ad-b599-0f7ffb2963be.com.samsung.health.exercise.location_data.json,2024-08-14 16:30:12.115,1001,,,,137.0,30001,,,62710150,155.0,2024-08-14 16:41:55.140,2024-08-14 16:41:55.140,,,1.6755005,103.36428,91.0,,1080,835.69,,84.0,126.0,,,UTC-0300,hriiVjEkYE,,,fe052ed2-05e2-42ad-b599-0f7ffb2963be.com.samsung.health.exercise.live_data.json,,1.3330324,com.sec.android.app.shealth,,,,,2024-08-14 16:40:39.024,fe052ed2-05e2-42ad-b599-0f7ffb2963be,,
43f66f79-3264-4f8a-a087-d3b54e390ee7.live_data_internal.json,,0,,,,140.19202,,,,,43f66f79-3264-4f8a-a087-d3b54e390ee7.sensing_status.json,4,,,,,,,,,,,,43f66f79-3264-4f8a-a087-d3b54e390ee7.location_data_internal.json,,,1072967,,62710150,,43f66f79-3264-4f8a-a087-d3b54e390ee7.com.samsung.health.exercise.location_data.json,2024-08-16 19:19:38.879,1001,,,,108.0,30001,,,62710150,122.0,2024-08-16 19:39:44.401,2024-08-16 19:39:44.401,,,1.5316671,98.30684,99.0,,1758,1416.98,,137.0,118.0,,,UTC-0300,hriiVjEkYE,,,43f66f79-3264-4f8a-a087-d3b54e390ee7.com.samsung.health.exercise.live_data.json,,1.3206184,com.sec.android.app.shealth,,,,,2024-08-16 19:39:43.402,43f66f79-3264-4f8a-a087-d3b54e390ee7,,
e4c54f2a-9ebb-4c1a-b681-ded663d0b069.live_data_internal.json,,0,,,,762.3,,,,,e4c54f2a-9ebb-4c1a-b681-ded663d0b069.sensing_status.json,1,,,,,,,,,,,,,,,5090158,,62710150,,,2024-08-16 19:39:43.403,15002,,,,122.0,,,,62710150,152.0,2024-08-16 21:04:34.956,2024-08-16 21:04:34.956,,,,,99.0,,,,,762.3,,,,UTC-0300,hriiVjEkYE,,,e4c54f2a-9ebb-4c1a-b681-ded663d0b069.com.samsung.health.exercise.live_data.json,,,com.sec.android.app.shealth,,,,,2024-08-16 21:04:33.561,e4c54f2a-9ebb-4c1a-b681-ded663d0b069,,
7fb34ae0-9e46-4ab3-91c9-14f67d747357.live_data_internal.json,,0,,,,136.57175,,,,,7fb34ae0-9e46-4ab3-91c9-14f67d747357.sensing_status.json,4,,,,,,,,,,,,7fb34ae0-9e46-4ab3-91c9-14f67d747357.location_data_internal.json,,,1059337,,62710150,,7fb34ae0-9e46-4ab3-91c9-14f67d747357.com.samsung.health.exercise.location_data.json,2024-08-17 13:55:10.500,1001,,,,117.0,30001,,,62710150,133.0,2024-08-17 14:13:55.492,2024-08-17 14:13:55.492,,,1.5973327,100.08147,107.0,,1767,1383.85,,135.0,122.0,,,UTC-0300,hriiVjEkYE,,,7fb34ae0-9e46-4ab3-91c9-14f67d747357.com.samsung.health.exercise.live_data.json,,1.3063359,com.sec.android.app.shealth,,,,,2024-08-17 14:13:54.615,7fb34ae0-9e46-4ab3-91c9-14f67d747357,,
03bb7f1f-0690-4ba3-a160-4b5a4f783995.live_data_internal.json,,0,,,,594.41,,,,,03bb7f1f-0690-4ba3-a160-4b5a4f783995.sensing_status.json,1,,,,,,,,,,,,,,,3606870,,62710150,,,2024-08-17 14:13:54.616,15002,,,,135.0,,,,62710150,160.0,2024-08-17 15:14:03.484,2024-08-17 15:14:03.484,,,,,95.0,,,,,594.41,,,,UTC-0300,hriiVjEkYE,,,03bb7f1f-0690-4ba3-a160-4b5a4f783995.com.samsung.health.exercise.live_data.json,,,com.sec.android.app.shealth,,,,,2024-08-17 15:14:01.486,03bb7f1f-0690-4ba3-a160-4b5a4f783995,,
3575a6ac-624d-4f5f-8b73-5086ba83e393.live_data_internal.json,,0,,,,131.04663,,,,,3575a6ac-624d-4f5f-8b73-5086ba83e393.sensing_status.json,4,,,,,,,,,,,,3575a6ac-624d-4f5f-8b73-5086ba83e393.location_data_internal.json,,,987023,,62710150,,3575a6ac-624d-4f5f-8b73-5086ba83e393.com.samsung.health.exercise.location_data.json,2024-08-20 23:12:05.340,1001,,,,109.0,30001,,,62710150,134.0,2024-08-20 23:29:50.167,2024-08-20 23:29:50.167,,,1.75,102.91553,83.0,,1693,1309.94,,131.0,123.0,,,UTC-0300,hriiVjEkYE,,,3575a6ac-624d-4f5f-8b73-5086ba83e393.com.samsung.health.exercise.live_data.json,,1.3271625,com.sec.android.app.shealth,,,,,2024-08-20 23:28:34.285,3575a6ac-624d-4f5f-8b73-5086ba83e393,,
00cdc444-6d6d-443b-86e5-4177671ff32d.live_data_internal.json,,0,,,,572.8,,,,,00cdc444-6d6d-443b-86e5-4177671ff32d.sensing_status.json,1,,,,,,,,,,,,,,,3608560,,62710150,,,2024-08-20 23:30:49.153,15002,,,,129.0,,,,62710150,159.0,2024-08-21 00:30:59.521,2024-08-21 00:30:59.521,,,,,91.0,,,,,572.8,,,,UTC-0300,hriiVjEkYE,,,00cdc444-6d6d-443b-86e5-4177671ff32d.com.samsung.health.exercise.live_data.json,,,com.sec.android.app.shealth,,,,,2024-08-21 00:30:57.713,00cdc444-6d6d-443b-86e5-4177671ff32d,,
18831ccd-8307-4977-a5ce-9fe65c17dc81.live_data_internal.json,,0,,,,87.0,,,,,18831ccd-8307-4977-a5ce-9fe65c17dc81.sensing_status.json,4,,,,,,,,,,,,18831ccd-8307-4977-a5ce-9fe65c17dc81.location_data_internal.json,,,655775,,62710150,,18831ccd-8307-4977-a5ce-9fe65c17dc81.com.samsung.health.exercise.location_data.json,2024-08-21 00:31:09.560,1001,,,,131.0,30001,,,62710150,150.0,2024-08-21 00:43:26.188,2024-08-21 00:43:26.188,,,3.7453055,86.73707,112.0,,948,741.99,,87.0,123.0,,,UTC-0300,hriiVjEkYE,,,18831ccd-8307-4977-a5ce-9fe65c17dc81.com.samsung.health.exercise.live_data.json,,1.1314703,com.sec.android.app.shealth,,,,,2024-08-21 00:42:05.335,18831ccd-8307-4977-a5ce-9fe65c17dc81,,
,,,,,,,1,,,,,4,0,,0,,,,,,,,,,,,840000,,62710150,,,2024-08-22 00:32:00.000,1001,,,,,30001,,,62710150,,2024-08-22 00:55:01.894,2024-08-22 00:55:01.894,,,1.5358334,,,,1681,1313.27,,84.07,,,,UTC-0300,487mnSNu6t,,,651470e6-a1e5-4e67-b533-330248003051.com.samsung.health.exercise.live_data.json,,1.5358334,com.sec.android.app.shealth,,,,,2024-08-22 00:46:00.000,651470e6-a1e5-4e67-b533-330248003051,,
ad73931f-e3f0-4f76-9b00-cca2d52f1188.live_data_internal.json,,0,,,,122.786385,,,,,ad73931f-e3f0-4f76-9b00-cca2d52f1188.sensing_status.json,4,,,,,,,,,,,,ad73931f-e3f0-4f76-9b00-cca2d52f1188.location_data_internal.json,,,909532,,62710150,,ad73931f-e3f0-4f76-9b00-cca2d52f1188.com.samsung.health.exercise.location_data.json,2024-08-22 15:07:03.899,1001,,,,110.0,30001,,,62710150,117.0,2024-08-22 15:24:01.519,2024-08-22 15:24:01.519,,,1.5770009,110.034615,101.0,,1668,1295.5,,122.0,121.0,,,UTC-0300,hriiVjEkYE,,,ad73931f-e3f0-4f76-9b00-cca2d52f1188.com.samsung.health.exercise.live_data.json,,1.424359,com.sec.android.app.shealth,,,,,2024-08-22 15:22:45.841,ad73931f-e3f0-4f76-9b00-cca2d52f1188,,
0c072d44-a49c-4d70-af8b-2ed705c416db.live_data_internal.json,,0,,,,388.3,,,,,0c072d44-a49c-4d70-af8b-2ed705c416db.sensing_status.json,1,,,,,,,,,,,,,,,2514429,,62710150,,,2024-08-22 15:26:06.163,15002,,,,127.0,,,,62710150,152.0,2024-08-22 16:08:03.424,2024-08-22 16:08:03.424,,,,,95.0,,,,,388.3,,,,UTC-0300,hriiVjEkYE,,,0c072d44-a49c-4d70-af8b-2ed705c416db.com.samsung.health.exercise.live_data.json,,,com.sec.android.app.shealth,,,,,2024-08-22 16:08:00.592,0c072d44-a49c-4d70-af8b-2ed705c416db,,
a107f5de-c007-48d2-af58-bde3979f0ffc.live_data_internal.json,,0,,,,144.56456,,,,,a107f5de-c007-48d2-af58-bde3979f0ffc.sensing_status.json,4,,,,,,,,,,,,a107f5de-c007-48d2-af58-bde3979f0ffc.location_data_internal.json,,,1002956,,62710150,,a107f5de-c007-48d2-af58-bde3979f0ffc.com.samsung.health.exercise.location_data.json,2024-08-22 16:08:18.440,1001,,,,135.0,30001,,,62710150,156.0,2024-08-22 16:28:44.087,2024-08-22 16:28:44.087,,,1.6388888,103.314606,110.0,,1727,1340.31,,141.0,124.0,,,UTC-0300,hriiVjEkYE,,,a107f5de-c007-48d2-af58-bde3979f0ffc.com.samsung.health.exercise.live_data.json,,1.3363597,com.sec.android.app.shealth,,,,,2024-08-22 16:27:28.306,a107f5de-c007-48d2-af58-bde3979f0ffc,,
85c6b7c6-11da-4a8e-87b6-b4a213b8d4b7.live_data_internal.json,,0,,,,119.71294,,,,,85c6b7c6-11da-4a8e-87b6-b4a213b8d4b7.sensing_status.json,4,,,,,,,,,,,,85c6b7c6-11da-4a8e-87b6-b4a213b8d4b7.location_data_internal.json,,,952771,,62710150,,85c6b7c6-11da-4a8e-87b6-b4a213b8d4b7.com.samsung.health.exercise.location_data.json,2024-08-23 22:56:28.548,1001,,,,112.0,30001,,,62710150,135.0,2024-08-23 23:14:06.609,2024-08-23 23:14:06.609,,,1.5951672,103.0258,89.0,,1636,1273.68,,119.0,122.0,,,UTC-0300,hriiVjEkYE,,,85c6b7c6-11da-4a8e-87b6-b4a213b8d4b7.com.samsung.health.exercise.live_data.json,,1.3368165,com.sec.android.app.shealth,,,,,2024-08-23 23:12:50.702,85c6b7c6-11da-4a8e-87b6-b4a213b8d4b7,,
5c933dc9-5c7a-4765-bb4f-dd1b84f268e3.live_data_internal.json,,0,,,,740.99,,,,,5c933dc9-5c7a-4765-bb4f-dd1b84f268e3.sensing_status.json,1,,,,,,,,,,,,,,,5041007,,62710150,,,2024-08-23 23:14:54.422,15002,,,,121.0,,,,62710150,148.0,2024-08-24 00:38:56.752,2024-08-24 00:38:56.752,,,,,76.0,,,,,740.99,,,,UTC-0300,hriiVjEkYE,,,5c933dc9-5c7a-4765-bb4f-dd1b84f268e3.com.samsung.health.exercise.live_data.json,,,com.sec.android.app.shealth,,,,,2024-08-24 00:38:55.429,5c933dc9-5c7a-4765-bb4f-dd1b84f268e3,,
9e153675-c00a-4290-9620-cacfdba8fe22.live_data_internal.json,,0,,,,79.44841,,,,,9e153675-c00a-4290-9620-cacfdba8fe22.sensing_status.json,4,,,,,,,,,,,,9e153675-c00a-4290-9620-cacfdba8fe22.location_data_internal.json,,,620204,,62710150,,9e153675-c00a-4290-9620-cacfdba8fe22.com.samsung.health.exercise.location_data.json,2024-08-26 23:21:53.228,1001,,,,109.0,30001,,,62710150,116.0,2024-08-26 23:33:14.252,2024-08-26 23:33:14.252,,,1.5470011,100.22509,101.0,,1036,785.16,,78.0,119.0,,,UTC-0300,hriiVjEkYE,,,9e153675-c00a-4290-9620-cacfdba8fe22.com.samsung.health.exercise.live_data.json,,1.2659706,com.sec.android.app.shealth,,,,,2024-08-26 23:33:13.127,9e153675-c00a-4290-9620-cacfdba8fe22,,
c3a62b75-0bcd-47f4-9d25-eb6fd65f2b0b.live_data_internal.json,,0,,,,580.06,,,,,c3a62b75-0bcd-47f4-9d25-eb6fd65f2b0b.sensing_status.json,1,,,,,,,,,,,,,,,3611619,,62710150,,,2024-08-26 23:33:13.127,15002,,,,128.0,,,,62710150,159.0,2024-08-27 00:33:26.463,2024-08-27 00:33:26.463,,,,,89.0,,,,,580.06,,,,UTC-0300,hriiVjEkYE,,,c3a62b75-0bcd-47f4-9d25-eb6fd65f2b0b.com.samsung.health.exercise.live_data.json,,,com.sec.android.app.shealth,,,,,2024-08-27 00:33:24.746,c3a62b75-0bcd-47f4-9d25-eb6fd65f2b0b,,
71a11c60-22b8-4427-8cf7-59d8e860fe2a.live_data_internal.json,,0,,,,81.0,,,,,71a11c60-22b8-4427-8cf7-59d8e860fe2a.sensing_status.json,4,,,,,,,,,,,,71a11c60-22b8-4427-8cf7-59d8e860fe2a.location_data_internal.json,,,645857,,62710150,,71a11c60-22b8-4427-8cf7-59d8e860fe2a.com.samsung.health.exercise.location_data.json,2024-08-27 23:05:14.589,1001,,,,114.0,30001,,,62710150,128.0,2024-08-27 23:17:16.251,2024-08-27 23:17:16.251,,,1.6006674,93.82882,84.0,,1010,773.66,,81.0,124.0,,,UTC-0300,hriiVjEkYE,,,71a11c60-22b8-4427-8cf7-59d8e860fe2a.com.samsung.health.exercise.live_data.json,,1.1978812,com.sec.android.app.shealth,,,,,2024-08-27 23:16:00.446,71a11c60-22b8-4427-8cf7-59d8e860fe2a,,
86e89e38-2bc1-45ec-bf9b-0ef5062793a7.live_data_internal.json,,0,,,,442.86,,,,,86e89e38-2bc1-45ec-bf9b-0ef5062793a7.sensing_status.json,1,,,,,,,,,,,,,,,2919563,,62710150,,,2024-08-27 23:17:46.230,15002,,,,125.0,,,,62710150,147.0,2024-08-28 00:06:27.367,2024-08-28 00:06:27.367,,,,,104.0,,,,,442.86,,,,UTC-0300,hriiVjEkYE,,,86e89e38-2bc1-45ec-bf9b-0ef5062793a7.com.samsung.health.exercise.live_data.json,,,com.sec.android.app.shealth,,,,,2024-08-28 00:06:25.793,86e89e38-2bc1-45ec-bf9b-0ef5062793a7,,
18d7c980-d65d-4059-a91e-da42cf941f4a.live_data_internal.json,,0,,,,145.36299,,,,,18d7c980-d65d-4059-a91e-da42cf941f4a.sensing_status.json,4,,,,,,,,,,,,18d7c980-d65d-4059-a91e-da42cf941f4a.location_data_internal.json,,,1030873,,62710150,,18d7c980-d65d-4059-a91e-da42cf941f4a.com.samsung.health.exercise.location_data.json,2024-08-28 00:14:09.636,1001,,,,149.0,30001,,,62710150,167.0,2024-08-28 00:34:54.713,2024-08-28 00:34:54.713,,,1.6970011,95.22026,125.0,,1636,1280.62,,142.0,129.0,,,UTC-0300,hriiVjEkYE,,,18d7c980-d65d-4059-a91e-da42cf941f4a.com.samsung.health.exercise.live_data.json,,1.2422674,com.sec.android.app.shealth,,,,,2024-08-28 00:33:39.112,18d7c980-d65d-4059-a91e-da42cf941f4a,,
4d101976-e393-4cd2-9e9a-44725576e763.live_data_internal.json,,0,,,,126.0,,,,,4d101976-e393-4cd2-9e9a-44725576e763.sensing_status.json,4,,,,,,,,,,,,4d101976-e393-4cd2-9e9a-44725576e763.location_data_internal.json,,,948214,,62710150,,4d101976-e393-4cd2-9e9a-44725576e763.com.samsung.health.exercise.location_data.json,2024-08-29 15:24:41.867,1001,,,,119.0,30001,,,62710150,137.0,2024-08-29 15:41:51.107,2024-08-29 15:41:51.107,,,1.6121663,112.56953,92.0,,1779,1380.13,,126.0,123.0,,,UTC-0300,hriiVjEkYE,,,4d101976-e393-4cd2-9e9a-44725576e763.com.samsung.health.exercise.live_data.json,,1.4555048,com.sec.android.app.shealth,,,,,2024-08-29 15:40:30.081,4d101976-e393-4cd2-9e9a-44725576e763,,
bc71055b-3fa7-4824-8cbe-18ca3223461b.live_data_internal.json,,0,,,,535.03,,,,,bc71055b-3fa7-4824-8cbe-18ca3223461b.sensing_status.json,1,,,,,,,,,,,,,,,3614839,,62710150,,,2024-08-29 15:41:51.774,15002,,,,123.0,,,,62710150,141.0,2024-08-29 16:42:08.544,2024-08-29 16:42:08.544,,,,,102.0,,,,,535.03,,,,UTC-0300,hriiVjEkYE,,,bc71055b-3fa7-4824-8cbe-18ca3223461b.com.samsung.health.exercise.live_data.json,,,com.sec.android.app.shealth,,,,,2024-08-29 16:42:06.613,bc71055b-3fa7-4824-8cbe-18ca3223461b,,
46edc25d-6c80-44aa-b337-1fcb2cdb395f.live_data_internal.json,,0,,,,498.54,,,,,46edc25d-6c80-44aa-b337-1fcb2cdb395f.sensing_status.json,1,,,,,,,,,,,,,,,3585419,,62710150,,,2024-08-30 23:41:07.358,15002,,,,118.0,,,,62710150,138.0,2024-08-31 03:20:19.516,2024-08-31 03:20:19.516,,,,,94.0,,,,,498.54,,,,UTC-0300,hriiVjEkYE,,,46edc25d-6c80-44aa-b337-1fcb2cdb395f.com.samsung.health.exercise.live_data.json,,,com.sec.android.app.shealth,,,,,2024-08-31 00:40:52.777,46edc25d-6c80-44aa-b337-1fcb2cdb395f,,
24d38daf-3387-4e69-8ad7-50301f70f231.live_data_internal.json,,0,,,,640.04,,,,,24d38daf-3387-4e69-8ad7-50301f70f231.sensing_status.json,1,,,,,,,,,,,,,,,4402130,,62720090,,,2024-08-31 13:55:07.921,15002,,,,121.0,,,,62720090,155.0,2024-08-31 15:08:31.610,2024-08-31 15:08:31.610,,,,,91.0,,,,,640.04,,,,UTC-0300,hriiVjEkYE,,,24d38daf-3387-4e69-8ad7-50301f70f231.com.samsung.health.exercise.live_data.json,,,com.sec.android.app.shealth,,,,,2024-08-31 15:08:30.051,24d38daf-3387-4e69-8ad7-50301f70f231,,
b88ccd62-d9a0-405c-a950-e9a0c4a5b3f4.live_data_internal.json,,0,,,,156.43102,,,,,b88ccd62-d9a0-405c-a950-e9a0c4a5b3f4.sensing_status.json,4,,,,,,,,,,,,b88ccd62-d9a0-405c-a950-e9a0c4a5b3f4.location_data_internal.json,,,1243304,,62720090,,b88ccd62-d9a0-405c-a950-e9a0c4a5b3f4.com.samsung.health.exercise.location_data.json,2024-09-02 23:08:04.286,1001,,,,108.0,30001,,,62720090,117.0,2024-09-02 23:31:02.330,2024-09-02 23:31:02.330,,,1.6700833,87.975266,83.0,,1823,1433.14,,155.0,122.0,,,UTC-0300,hriiVjEkYE,,,b88ccd62-d9a0-405c-a950-e9a0c4a5b3f4.com.samsung.health.exercise.live_data.json,,1.1526867,com.sec.android.app.shealth,,,,,2024-09-02 23:29:46.568,b88ccd62-d9a0-405c-a950-e9a0c4a5b3f4,,
37f70a11-f393-494a-b883-74560188eb62.live_data_internal.json,,0,,,,385.09,,,,,37f70a11-f393-494a-b883-74560188eb62.sensing_status.json,1,,,,,,,,,,,,,,,2454523,,62720090,,,2024-09-02 23:32:11.471,15002,,,,128.0,,,,62720090,161.0,2024-09-03 00:13:07.979,2024-09-03 00:13:07.979,,,,,82.0,,,,,385.09,,,,UTC-0300,hriiVjEkYE,,,37f70a11-f393-494a-b883-74560188eb62.com.samsung.health.exercise.live_data.json,,,com.sec.android.app.shealth,,,,,2024-09-03 00:13:05.994,37f70a11-f393-494a-b883-74560188eb62,,
81243c82-e703-4325-a8b9-f2d37fb7206c.live_data_internal.json,,0,,,,132.32658,,,,,81243c82-e703-4325-a8b9-f2d37fb7206c.sensing_status.json,4,,,,,,,,,,,,81243c82-e703-4325-a8b9-f2d37fb7206c.location_data_internal.json,,,1040076,,62720090,,81243c82-e703-4325-a8b9-f2d37fb7206c.com.samsung.health.exercise.location_data.json,2024-09-03 00:13:16.860,1001,,,,128.0,30001,,,62720090,146.0,2024-09-03 00:32:06.111,2024-09-03 00:32:06.111,,,1.6153361,102.16561,89.0,,1771,1342.42,,132.0,123.0,,,UTC-0300,hriiVjEkYE,,,81243c82-e703-4325-a8b9-f2d37fb7206c.com.samsung.health.exercise.live_data.json,,1.2906941,com.sec.android.app.shealth,,,,,2024-09-03 00:30:50.396,81243c82-e703-4325-a8b9-f2d37fb7206c,,
,,,,,,,1,,,,,4,0,,0,,,,,,,,,,,,639000,,62720090,,,2024-09-03 19:55:21.000,1001,,,,,30001,,,62720090,,2024-09-03 20:12:54.270,2024-09-03 20:12:54.270,,,1.5555556,,,,1323,1027.54,,39.72,,,,UTC-0300,487mnSNu6t,,,48d03057-2029-4dc7-9b57-0c38ad8aba2e.com.samsung.health.exercise.live_data.json,,1.5555556,com.sec.android.app.shealth,,,,,2024-09-03 20:06:00.000,48d03057-2029-4dc7-9b57-0c38ad8aba2e,,
b9e1215b-2290-4ef8-965f-8c136a416c0a.live_data_internal.json,,0,,,,131.28792,,,,,b9e1215b-2290-4ef8-965f-8c136a416c0a.sensing_status.json,4,,,,,,,,,,,,b9e1215b-2290-4ef8-965f-8c136a416c0a.location_data_internal.json,,,1104030,,62720090,,b9e1215b-2290-4ef8-965f-8c136a416c0a.com.samsung.health.exercise.location_data.json,2024-09-03 22:56:55.296,1001,,,,110.0,30001,,,62720090,126.0,2024-09-03 23:15:33.835,2024-09-03 23:15:33.835,,,1.5470011,100.4864,85.0,,1849,1440.42,,131.0,119.0,,,UTC-0300,hriiVjEkYE,,,b9e1215b-2290-4ef8-965f-8c136a416c0a.com.samsung.health.exercise.live_data.json,,1.3046929,com.sec.android.app.shealth,,,,,2024-09-03 23:15:31.192,b9e1215b-2290-4ef8-965f-8c136a416c0a,,
8df0708c-1ee4-4dad-bd7c-e12e84f39bc7.live_data_internal.json,,0,,,,405.83,,,,,8df0708c-1ee4-4dad-bd7c-e12e84f39bc7.sensing_status.json,1,,,,,,,,,,,,,,,2752158,,62720090,,,2024-09-03 23:15:31.193,15002,,,,123.0,,,,62720090,152.0,2024-09-04 00:01:25.571,2024-09-04 00:01:25.571,,,,,94.0,,,,,405.83,,,,UTC-0300,hriiVjEkYE,,,8df0708c-1ee4-4dad-bd7c-e12e84f39bc7.com.samsung.health.exercise.live_data.json,,,com.sec.android.app.shealth,,,,,2024-09-04 00:01:23.351,8df0708c-1ee4-4dad-bd7c-e12e84f39bc7,,
f98b646a-0ea5-4916-851e-903d9059a2f2.live_data_internal.json,,0,,,,125.0,,,,,f98b646a-0ea5-4916-851e-903d9059a2f2.sensing_status.json,4,,,,,,,,,,,,f98b646a-0ea5-4916-851e-903d9059a2f2.location_data_internal.json,,,963277,,62720090,,f98b646a-0ea5-4916-851e-903d9059a2f2.com.samsung.health.exercise.location_data.json,2024-09-04 00:09:18.023,1001,,,,104.0,30001,,,62720090,128.0,2024-09-04 00:26:36.955,2024-09-04 00:26:36.955,,,1.5828369,110.18637,69.0,,1769,1357.76,,125.0,121.0,,,UTC-0300,hriiVjEkYE,,,f98b646a-0ea5-4916-851e-903d9059a2f2.com.samsung.health.exercise.live_data.json,,1.4095219,com.sec.android.app.shealth,,,,,2024-09-04 00:25:21.300,f98b646a-0ea5-4916-851e-903d9059a2f2,,
,,,,,,,1,,,,,4,0,,0,,,,,,,,,,,,655000,,62720090,,,2024-09-04 11:49:05.000,1001,,,,,30001,,,62720090,,2024-09-04 12:03:13.167,2024-09-04 12:03:13.167,,,1.5555556,,,,1147,883.15,,34.57,,,,UTC-0300,487mnSNu6t,,,c24d279d-4445-47f1-8216-c2dea5a101b9.com.samsung.health.exercise.live_data.json,,1.3483206,com.sec.android.app.shealth,,,,,2024-09-04 12:00:00.000,c24d279d-4445-47f1-8216-c2dea5a101b9,,
,,,,,,,1,,,,,4,0,,0,,,,,,,,,,,,660000,,62720090,,,2024-09-04 21:38:00.000,1001,,,,,30001,,,62720090,,2024-09-04 22:14:41.293,2024-09-04 22:14:41.293,,,1.4875,,,,1114,848.11,,33.55,,,,UTC-0300,487mnSNu6t,,,b35942fe-7d2b-4f01-8e05-667a39494dec.com.samsung.health.exercise.live_data.json,,1.2850152,com.sec.android.app.shealth,,,,,2024-09-04 21:49:00.000,b35942fe-7d2b-4f01-8e05-667a39494dec,,
,,,,,,,1,,,,,4,0,,0,,,,,,,,,,,,887000,,62720090,,,2024-09-04 22:46:13.000,1001,,,,,30001,,,62720090,,2024-09-04 23:05:06.568,2024-09-04 23:05:06.568,,,1.5838333,,,,1682,1299.88,,50.6,,,,UTC-0300,487mnSNu6t,,,fc52a2fe-aa9c-4e29-b12c-bb176e4c3445.com.samsung.health.exercise.live_data.json,,1.4654791,com.sec.android.app.shealth,,,,,2024-09-04 23:01:00.000,fc52a2fe-aa9c-4e29-b12c-bb176e4c3445,,
d5a8f194-6889-48cc-8cb9-5112640389da.live_data_internal.json,,0,,,,97.058105,,,,,d5a8f194-6889-48cc-8cb9-5112640389da.sensing_status.json,4,,,,,,,,,,,,d5a8f194-6889-48cc-8cb9-5112640389da.location_data_internal.json,,,668903,,62720090,,d5a8f194-6889-48cc-8cb9-5112640389da.com.samsung.health.exercise.location_data.json,2024-09-05 11:20:10.286,1001,,,,115.0,30001,,,62720090,137.0,2024-09-05 11:33:18.519,2024-09-05 11:33:18.519,,,1.6220002,99.56601,83.0,,1110,847.95,,96.0,124.0,,,UTC-0300,hriiVjEkYE,,,d5a8f194-6889-48cc-8cb9-5112640389da.com.samsung.health.exercise.live_data.json,,1.2676725,com.sec.android.app.shealth,,,,,2024-09-05 11:32:02.798,d5a8f194-6889-48cc-8cb9-5112640389da,,
eadb346e-29e1-4e03-a048-24e60f542174.live_data_internal.json,,0,,,,487.23,,,,,eadb346e-29e1-4e03-a048-24e60f542174.sensing_status.json,1,,,,,,,,,,,,,,,3264843,,62720090,,,2024-09-05 23:30:07.518,15002,,,,122.0,,,,62720090,151.0,2024-09-06 00:24:34.267,2024-09-06 00:24:34.267,,,,,90.0,,,,,487.23,,,,UTC-0300,hriiVjEkYE,,,eadb346e-29e1-4e03-a048-24e60f542174.com.samsung.health.exercise.live_data.json,,,com.sec.android.app.shealth,,,,,2024-09-06 00:24:32.361,eadb346e-29e1-4e03-a048-24e60f542174,,
86cca184-c6e3-48ca-b4ef-694caad1b0c4.live_data_internal.json,,0,,,,87.0,,,,,86cca184-c6e3-48ca-b4ef-694caad1b0c4.sensing_status.json,4,,,,,,,,,,,,86cca184-c6e3-48ca-b4ef-694caad1b0c4.location_data_internal.json,,,719493,,62720090,,86cca184-c6e3-48ca-b4ef-694caad1b0c4.com.samsung.health.exercise.location_data.json,2024-09-06 00:24:47.057,1001,,,,147.0,30001,,,62720090,155.0,2024-09-06 00:38:02.202,2024-09-06 00:38:02.202,,,1.6944445,85.64365,131.0,,1027,824.07,,87.0,126.0,,,UTC-0300,hriiVjEkYE,,,86cca184-c6e3-48ca-b4ef-694caad1b0c4.com.samsung.health.exercise.live_data.json,,1.1453482,com.sec.android.app.shealth,,,,,2024-09-06 00:36:46.549,86cca184-c6e3-48ca-b4ef-694caad1b0c4,,
,,,,,,,1,,,,,4,0,,0,,,,,,,,,,,,900000,,62720090,,,2024-09-06 15:07:00.000,1001,,,,,30001,,,62720090,,2024-09-06 15:35:01.488,2024-09-06 15:35:01.488,,,1.5555556,,,,1639,1273.1,,49.31,,,,UTC-0300,487mnSNu6t,,,5d268971-6070-467d-ae68-b24cbc9b338a.com.samsung.health.exercise.live_data.json,,1.4145555,com.sec.android.app.shealth,,,,,2024-09-06 15:22:00.000,5d268971-6070-467d-ae68-b24cbc9b338a,,
,,,,,,,1,,,,,4,0,,0,,,,,,,,,,,,900000,,62720090,,,2024-09-06 16:23:00.000,1001,,,,,30001,,,62720090,,2024-09-06 16:43:45.063,2024-09-06 16:43:45.063,,,1.6051667,,,,1737,1353.5,,52.25,,,,UTC-0300,487mnSNu6t,,,b5ab3b09-6871-4aa3-b4a3-128b00343a36.com.samsung.health.exercise.live_data.json,,1.5038888,com.sec.android.app.shealth,,,,,2024-09-06 16:38:00.000,b5ab3b09-6871-4aa3-b4a3-128b00343a36,,
ace51d15-6747-4476-8aa0-0696a39465b9.live_data_internal.json,,0,,,,546.58,,,,,ace51d15-6747-4476-8aa0-0696a39465b9.sensing_status.json,1,,,,,,,,,,,,,,,3610884,,62720090,,,2024-09-07 13:33:52.907,15002,,,,126.0,,,,62720090,149.0,2024-09-07 14:34:05.197,2024-09-07 14:34:05.197,,,,,86.0,,,,,546.58,,,,UTC-0300,hriiVjEkYE,,,ace51d15-6747-4476-8aa0-0696a39465b9.com.samsung.health.exercise.live_data.json,,,com.sec.android.app.shealth,,,,,2024-09-07 14:34:03.791,ace51d15-6747-4476-8aa0-0696a39465b9,,
a7b2f9f2-bd8c-4507-8502-1389a97dff8e.live_data_internal.json,,0,,,,98.00002,,,,,a7b2f9f2-bd8c-4507-8502-1389a97dff8e.sensing_status.json,4,,,,,,,,,,,,a7b2f9f2-bd8c-4507-8502-1389a97dff8e.location_data_internal.json,,,748912,,62720090,,a7b2f9f2-bd8c-4507-8502-1389a97dff8e.com.samsung.health.exercise.location_data.json,2024-09-09 23:22:49.682,1001,,,,113.0,30001,,,62720090,123.0,2024-09-09 23:36:34.172,2024-09-09 23:36:34.172,,,1.5856669,119.61352,109.0,,1493,1090.15,,98.0,121.0,,,UTC-0300,hriiVjEkYE,,,a7b2f9f2-bd8c-4507-8502-1389a97dff8e.com.samsung.health.exercise.live_data.json,,1.4556451,com.sec.android.app.shealth,,,,,2024-09-09 23:35:18.595,a7b2f9f2-bd8c-4507-8502-1389a97dff8e,,
4b7d074e-1957-42fb-af8b-99f0af0efd14.live_data_internal.json,,0,,,,330.5,,,,,4b7d074e-1957-42fb-af8b-99f0af0efd14.sensing_status.json,1,,,,,,,,,,,,,,,2310330,,62720090,,,2024-09-09 23:36:56.194,15002,,,,118.0,,,,62720090,139.0,2024-09-10 00:15:28.148,2024-09-10 00:15:28.148,,,,,73.0,,,,,330.5,,,,UTC-0300,hriiVjEkYE,,,4b7d074e-1957-42fb-af8b-99f0af0efd14.com.samsung.health.exercise.live_data.json,,,com.sec.android.app.shealth,,,,,2024-09-10 00:15:26.524,4b7d074e-1957-42fb-af8b-99f0af0efd14,,
d331c511-b6ce-40f8-a751-509bf3d64615.live_data_internal.json,,0,,,,124.30113,,,,,d331c511-b6ce-40f8-a751-509bf3d64615.sensing_status.json,4,,,,,,,,,,,,d331c511-b6ce-40f8-a751-509bf3d64615.location_data_internal.json,,,929439,,62720090,,d331c511-b6ce-40f8-a751-509bf3d64615.com.samsung.health.exercise.location_data.json,2024-09-10 00:15:48.313,1001,,,,124.0,30001,,,62720090,140.0,2024-09-10 00:32:45.852,2024-09-10 00:32:45.852,,,1.6295003,112.71315,87.0,,1746,1334.03,,124.0,124.0,,,UTC-0300,hriiVjEkYE,,,d331c511-b6ce-40f8-a751-509bf3d64615.com.samsung.health.exercise.live_data.json,,1.4353067,com.sec.android.app.shealth,,,,,2024-09-10 00:31:30.163,d331c511-b6ce-40f8-a751-509bf3d64615,,
,,,,,,,1,,,,,4,0,,0,,,,,,,,,,,,687000,,62720090,,,2024-09-10 11:17:33.000,1001,,,,,30001,,,62720090,,2024-09-10 11:38:13.373,2024-09-10 11:38:13.373,,,1.5277778,,,,1197,917.06,,36.14,,,,UTC-0300,487mnSNu6t,,,c861a7ad-49f4-42fe-86fb-3e1869491bf8.com.samsung.health.exercise.live_data.json,,1.3348762,com.sec.android.app.shealth,,,,,2024-09-10 11:29:00.000,c861a7ad-49f4-42fe-86fb-3e1869491bf8,,
,,,,,,,1,,,,,4,0,,0,,,,,,,,,,,,652000,,62720090,,,2024-09-10 21:06:08.000,1001,,,,,30001,,,62720090,,2024-09-10 21:32:00.171,2024-09-10 21:32:00.171,,,1.5277778,,,,1144,880.6,,34.45,,,,UTC-0300,487mnSNu6t,,,0592b890-f8c3-4671-9194-6b7ad5c1265a.com.samsung.health.exercise.live_data.json,,1.3506136,com.sec.android.app.shealth,,,,,2024-09-10 21:17:00.000,0592b890-f8c3-4671-9194-6b7ad5c1265a,,
,,,,,,,1,,,,,4,0,,0,,,,,,,,,,,,990740,,62720090,,,2024-09-10 22:40:29.000,1001,,,,,30001,,,62720090,,2024-09-10 23:02:12.215,2024-09-10 23:02:12.215,,,1.6111112,,,,1746,1347.9,,52.61,,,,UTC-0300,487mnSNu6t,,,96fcb374-83f6-4a3c-9600-ae3a16218d09.com.samsung.health.exercise.live_data.json,,1.3604983,com.sec.android.app.shealth,,,,,2024-09-10 22:57:00.000,96fcb374-83f6-4a3c-9600-ae3a16218d09,,
,,,,,,,1,,,,,4,0,,0,,,,,,,,,,,,882000,,62720090,,,2024-09-10 23:25:18.000,1001,,,,,30001,,,62720090,,2024-09-10 23:48:13.077,2024-09-10 23:48:13.077,,,1.5541668,,,,1694,1311.75,,50.99,,,,UTC-0300,487mnSNu6t,,,1c2f0f88-e37f-403c-8323-79faa807b76d.com.samsung.health.exercise.live_data.json,,1.4872448,com.sec.android.app.shealth,,,,,2024-09-10 23:40:00.000,1c2f0f88-e37f-403c-8323-79faa807b76d,,
,,,,,,,1,,,,,4,0,,0,,,,,,,,,,,,780000,,62720090,,,2024-09-11 00:30:00.000,1001,,,,,30001,,,62720090,,2024-09-11 00:45:24.311,2024-09-11 00:45:24.311,,,1.4975,,,,1485,1136.13,,44.6,,,,UTC-0300,487mnSNu6t,,,41408e62-9892-497c-b34a-db304d93731c.com.samsung.health.exercise.live_data.json,,1.4565771,com.sec.android.app.shealth,,,,,2024-09-11 00:43:00.000,41408e62-9892-497c-b34a-db304d93731c,,
8fa9efd7-ba83-48e7-b0e6-d0ff2f7ceb73.live_data_internal.json,,0,,,,88.16868,,,,,8fa9efd7-ba83-48e7-b0e6-d0ff2f7ceb73.sensing_status.json,4,,,,,,,,,,,,,,,661076,,62720090,,,2024-09-11 11:25:01.302,1001,,,,123.0,30001,,,62720090,140.0,2024-09-11 11:37:25.138,2024-09-11 11:37:25.138,,,1.6388888,98.47582,107.0,,1085,843.74,,88.0,123.0,,,UTC-0300,hriiVjEkYE,,,8fa9efd7-ba83-48e7-b0e6-d0ff2f7ceb73.com.samsung.health.exercise.live_data.json,,1.2763132,com.sec.android.app.shealth,,,,,2024-09-11 11:36:09.330,8fa9efd7-ba83-48e7-b0e6-d0ff2f7ceb73,,
c3df9967-b65a-4113-bad2-8fa2bce060ba.live_data_internal.json,,0,,,,82.0,,,,,c3df9967-b65a-4113-bad2-8fa2bce060ba.sensing_status.json,4,,,,,,,,,,,,c3df9967-b65a-4113-bad2-8fa2bce060ba.location_data_internal.json,,,660187,,62720090,,c3df9967-b65a-4113-bad2-8fa2bce060ba.com.samsung.health.exercise.location_data.json,2024-09-11 22:11:34.779,1001,,,,107.0,30001,,,62720090,134.0,2024-09-11 22:23:50.737,2024-09-11 22:23:50.737,,,1.6716675,84.79416,78.0,,933,721.04,,82.0,128.0,,,UTC-0300,hriiVjEkYE,,,c3df9967-b65a-4113-bad2-8fa2bce060ba.com.samsung.health.exercise.live_data.json,,1.0921754,com.sec.android.app.shealth,,,,,2024-09-11 22:22:34.966,c3df9967-b65a-4113-bad2-8fa2bce060ba,,
e007de67-9f56-4426-b4b9-1306d7e73724.live_data_internal.json,,0,,,,153.46938,,,,,e007de67-9f56-4426-b4b9-1306d7e73724.sensing_status.json,4,,,,,,,,,,,,e007de67-9f56-4426-b4b9-1306d7e73724.location_data_internal.json,,,1210001,,62720090,,e007de67-9f56-4426-b4b9-1306d7e73724.com.samsung.health.exercise.location_data.json,2024-09-12 23:18:31.982,1001,,,,112.0,30001,,,62720090,125.0,2024-09-12 23:41:10.867,2024-09-12 23:41:10.867,,,2.8888888,89.99992,93.0,,1815,1433.17,,150.0,120.0,,,UTC-0300,hriiVjEkYE,,,e007de67-9f56-4426-b4b9-1306d7e73724.com.samsung.health.exercise.live_data.json,,1.1844372,com.sec.android.app.shealth,,,,,2024-09-12 23:41:04.970,e007de67-9f56-4426-b4b9-1306d7e73724,,
1b058140-b998-4229-87f7-2aadfa075221.live_data_internal.json,,0,,,,537.99,,,,,1b058140-b998-4229-87f7-2aadfa075221.sensing_status.json,1,,,,,,,,,,,,,,,3748226,,62720090,,,2024-09-12 23:41:04.971,15002,,,,118.0,,,,62720090,142.0,2024-09-13 00:43:35.681,2024-09-13 00:43:35.681,,,,,86.0,,,,,537.99,,,,UTC-0300,hriiVjEkYE,,,1b058140-b998-4229-87f7-2aadfa075221.com.samsung.health.exercise.live_data.json,,,com.sec.android.app.shealth,,,,,2024-09-13 00:43:33.197,1b058140-b998-4229-87f7-2aadfa075221,,
93b7c67d-2e69-49dc-8b51-995340a9f197.live_data_internal.json,,0,,,,81.0,,,,,93b7c67d-2e69-49dc-8b51-995340a9f197.sensing_status.json,4,,,,,,,,,,,,93b7c67d-2e69-49dc-8b51-995340a9f197.location_data_internal.json,,,650624,,62720090,,93b7c67d-2e69-49dc-8b51-995340a9f197.com.samsung.health.exercise.location_data.json,2024-09-13 00:43:46.336,1001,,,,125.0,30001,,,62720090,135.0,2024-09-13 00:55:52.466,2024-09-13 00:55:52.466,,,1.5555556,109.64858,110.0,,1189,867.23,,81.0,119.0,,,UTC-0300,hriiVjEkYE,,,93b7c67d-2e69-49dc-8b51-995340a9f197.com.samsung.health.exercise.live_data.json,,1.3329203,com.sec.android.app.shealth,,,,,2024-09-13 00:54:36.960,93b7c67d-2e69-49dc-8b51-995340a9f197,,
1c79c4cd-73a3-4f32-80ff-2828733ae2a9.live_data_internal.json,,0,,,,89.0,,,,,1c79c4cd-73a3-4f32-80ff-2828733ae2a9.sensing_status.json,4,,,,,,,,,,,,1c79c4cd-73a3-4f32-80ff-2828733ae2a9.location_data_internal.json,,,673040,,62720090,,1c79c4cd-73a3-4f32-80ff-2828733ae2a9.com.samsung.health.exercise.location_data.json,2024-09-13 11:23:49.407,1001,,,,117.0,30001,,,62720090,133.0,2024-09-13 11:36:18.255,2024-09-13 11:36:18.255,,,1.5756662,100.8261,103.0,,1131,865.42,,89.0,121.0,,,UTC-0300,hriiVjEkYE,,,1c79c4cd-73a3-4f32-80ff-2828733ae2a9.com.samsung.health.exercise.live_data.json,,1.2858374,com.sec.android.app.shealth,,,,,2024-09-13 11:35:02.447,1c79c4cd-73a3-4f32-80ff-2828733ae2a9,,
44255be7-f8db-4dda-b444-1bfda666d91c.live_data_internal.json,,0,,,,86.02615,,,,,44255be7-f8db-4dda-b444-1bfda666d91c.sensing_status.json,4,,,,,,,,,,,,44255be7-f8db-4dda-b444-1bfda666d91c.location_data_internal.json,,,681752,,62720090,,44255be7-f8db-4dda-b444-1bfda666d91c.com.samsung.health.exercise.location_data.json,2024-09-13 21:04:52.008,1001,,,,115.0,30001,,,62720090,128.0,2024-09-13 21:17:30.599,2024-09-13 21:17:30.599,,,1.5470011,100.50575,96.0,,1142,868.13,,86.0,119.0,,,UTC-0300,hriiVjEkYE,,,44255be7-f8db-4dda-b444-1bfda666d91c.com.samsung.health.exercise.live_data.json,,1.2733809,com.sec.android.app.shealth,,,,,2024-09-13 21:16:14.838,44255be7-f8db-4dda-b444-1bfda666d91c,,
a26c5af0-26f6-4181-b5fc-ca0c75bab56d.live_data_internal.json,,0,,,,123.04227,,,,,a26c5af0-26f6-4181-b5fc-ca0c75bab56d.sensing_status.json,4,,,,,,,,,,,,a26c5af0-26f6-4181-b5fc-ca0c75bab56d.location_data_internal.json,,,950006,,62720090,,a26c5af0-26f6-4181-b5fc-ca0c75bab56d.com.samsung.health.exercise.location_data.json,2024-09-13 22:27:40.391,1001,,,,121.0,30001,,,62720090,135.0,2024-09-13 22:44:47.849,2024-09-13 22:44:47.849,,,1.6779244,107.68353,106.0,,1705,1333.0,,123.0,126.0,,,UTC-0300,hriiVjEkYE,,,a26c5af0-26f6-4181-b5fc-ca0c75bab56d.com.samsung.health.exercise.live_data.json,,1.403149,com.sec.android.app.shealth,,,,,2024-09-13 22:43:32.139,a26c5af0-26f6-4181-b5fc-ca0c75bab56d,,
acdc558d-b8bf-4467-862b-63e1a76211f6.live_data_internal.json,,0,,,,138.91386,,,,,acdc558d-b8bf-4467-862b-63e1a76211f6.sensing_status.json,4,,,,,,,,,,,,acdc558d-b8bf-4467-862b-63e1a76211f6.location_data_internal.json,,,1110947,,62720090,,acdc558d-b8bf-4467-862b-63e1a76211f6.com.samsung.health.exercise.location_data.json,2024-09-13 23:22:21.241,1001,,,,116.0,30001,,,62720090,135.0,2024-09-13 23:42:45.450,2024-09-13 23:42:45.450,,,1.9701508,94.29793,90.0,,1746,1354.52,,138.0,124.0,,,UTC-0300,hriiVjEkYE,,,acdc558d-b8bf-4467-862b-63e1a76211f6.com.samsung.health.exercise.live_data.json,,1.219248,com.sec.android.app.shealth,,,,,2024-09-13 23:41:29.852,acdc558d-b8bf-4467-862b-63e1a76211f6,,
f0b319e8-4796-4f1d-bc17-75c7a613f764.live_data_internal.json,,0,,,,421.93,,,,,f0b319e8-4796-4f1d-bc17-75c7a613f764.sensing_status.json,1,,,,,,,,,,,,,,,2943657,,62720090,,,2024-09-13 23:47:25.475,15002,,,,120.0,,,,62720090,160.0,2024-09-14 00:36:30.518,2024-09-14 00:36:30.518,,,,,55.0,,,,,421.93,,,,UTC-0300,hriiVjEkYE,,,f0b319e8-4796-4f1d-bc17-75c7a613f764.com.samsung.health.exercise.live_data.json,,,com.sec.android.app.shealth,,,,,2024-09-14 00:36:29.132,f0b319e8-4796-4f1d-bc17-75c7a613f764,,
97358e92-74ae-4f13-970c-aeb8400c7b9a.live_data_internal.json,,0,,,,128.51695,,,,,97358e92-74ae-4f13-970c-aeb8400c7b9a.sensing_status.json,4,,,,,,,,,,,,97358e92-74ae-4f13-970c-aeb8400c7b9a.location_data_internal.json,,,914556,,62720090,,97358e92-74ae-4f13-970c-aeb8400c7b9a.com.samsung.health.exercise.location_data.json,2024-09-14 00:36:42.473,1001,,,,131.0,30001,,,62720090,147.0,2024-09-14 00:54:56.398,2024-09-14 00:54:56.398,,,2.4722223,109.49575,90.0,,1669,1282.01,,126.0,122.0,,,UTC-0300,hriiVjEkYE,,,97358e92-74ae-4f13-970c-aeb8400c7b9a.com.samsung.health.exercise.live_data.json,,1.401784,com.sec.android.app.shealth,,,,,2024-09-14 00:53:40.763,97358e92-74ae-4f13-970c-aeb8400c7b9a,,
,,,,,,,1,,,,,4,0,,0,,,,,,,,,,,,660000,,62720090,,,2024-09-14 13:14:00.000,1001,,,,,30001,,,62720090,,2024-09-14 13:35:00.368,2024-09-14 13:35:00.368,,,1.5555556,,,,1204,949.66003,,60.25,,,,UTC-0300,487mnSNu6t,,,26a69974-f0e2-44c3-8299-7459c05db411.com.samsung.health.exercise.live_data.json,,1.4388788,com.sec.android.app.shealth,,,,,2024-09-14 13:25:00.000,26a69974-f0e2-44c3-8299-7459c05db411,,
75f4a9f9-6579-4168-969b-80b161482068.live_data_internal.json,,0,,,,100.11083,,,,,75f4a9f9-6579-4168-969b-80b161482068.sensing_status.json,4,,,,,,,,,,,,75f4a9f9-6579-4168-969b-80b161482068.location_data_internal.json,,,718234,,62720090,,75f4a9f9-6579-4168-969b-80b161482068.com.samsung.health.exercise.location_data.json,2024-09-17 11:10:58.496,1001,,,,113.0,30001,,,62720090,138.0,2024-09-17 11:24:17.008,2024-09-17 11:24:17.008,,,1.6944996,96.90435,96.0,,1160,947.08,,100.0,126.0,,,UTC-0300,hriiVjEkYE,,,75f4a9f9-6579-4168-969b-80b161482068.com.samsung.health.exercise.live_data.json,,1.3186232,com.sec.android.app.shealth,,,,,2024-09-17 11:23:01.298,75f4a9f9-6579-4168-969b-80b161482068,,
e4d7fe4f-649c-43c6-b544-a438f36f4422.live_data_internal.json,,0,,,,91.0,,,,,e4d7fe4f-649c-43c6-b544-a438f36f4422.sensing_status.json,4,,,,,,,,,,,,e4d7fe4f-649c-43c6-b544-a438f36f4422.location_data_internal.json,,,651757,,62720090,,e4d7fe4f-649c-43c6-b544-a438f36f4422.com.samsung.health.exercise.location_data.json,2024-09-17 21:04:35.002,1001,,,,104.0,30001,,,62720090,119.0,2024-09-17 21:16:42.604,2024-09-17 21:16:42.604,,,1.5911661,105.5915,84.0,,1147,905.14,,91.0,120.0,,,UTC-0300,hriiVjEkYE,,,e4d7fe4f-649c-43c6-b544-a438f36f4422.com.samsung.health.exercise.live_data.json,,1.3887691,com.sec.android.app.shealth,,,,,2024-09-17 21:15:26.758,e4d7fe4f-649c-43c6-b544-a438f36f4422,,
e60511d2-2c15-4bd0-9380-1c8f69454d6b.live_data_internal.json,,0,,,,137.8417,,,,,e60511d2-2c15-4bd0-9380-1c8f69454d6b.sensing_status.json,4,,,,,,,,,,,,e60511d2-2c15-4bd0-9380-1c8f69454d6b.location_data_internal.json,,,977669,,62720090,,e60511d2-2c15-4bd0-9380-1c8f69454d6b.com.samsung.health.exercise.location_data.json,2024-09-17 22:27:45.758,1001,,,,117.0,30001,,,62720090,132.0,2024-09-17 22:46:35.016,2024-09-17 22:46:35.016,,,1.7222222,104.084305,98.0,,1696,1382.26,,136.0,127.0,,,UTC-0300,hriiVjEkYE,,,e60511d2-2c15-4bd0-9380-1c8f69454d6b.com.samsung.health.exercise.live_data.json,,1.4138323,com.sec.android.app.shealth,,,,,2024-09-17 22:45:19.331,e60511d2-2c15-4bd0-9380-1c8f69454d6b,,
00043410-14ce-4684-b03a-b60bc51bbb9f.live_data_internal.json,,0,,,,105.52708,,,,,00043410-14ce-4684-b03a-b60bc51bbb9f.sensing_status.json,4,,,,,,,,,,,,00043410-14ce-4684-b03a-b60bc51bbb9f.location_data_internal.json,,,672496,,62720090,,00043410-14ce-4684-b03a-b60bc51bbb9f.com.samsung.health.exercise.location_data.json,2024-09-18 11:19:07.971,1001,,,,120.0,30001,,,62720090,134.0,2024-09-18 11:31:58.249,2024-09-18 11:31:58.249,,,1.7222222,102.513626,93.0,,1149,901.89,,105.0,124.0,,,UTC-0300,hriiVjEkYE,,,00043410-14ce-4684-b03a-b60bc51bbb9f.com.samsung.health.exercise.live_data.json,,1.3411084,com.sec.android.app.shealth,,,,,2024-09-18 11:30:42.190,00043410-14ce-4684-b03a-b60bc51bbb9f,,
a803a6e9-bd9d-4ee7-ba13-d5492a41e61a.live_data_internal.json,,0,,,,436.19,,,,,a803a6e9-bd9d-4ee7-ba13-d5492a41e61a.sensing_status.json,1,,,,,,,,,,,,,,,3060617,,62720090,,,2024-09-19 15:29:45.314,15002,,,,116.0,,,,62720090,139.0,2024-09-19 16:20:47.717,2024-09-19 16:20:47.717,,,,,92.0,,,,,436.19,,,,UTC-0300,hriiVjEkYE,,,a803a6e9-bd9d-4ee7-ba13-d5492a41e61a.com.samsung.health.exercise.live_data.json,,,com.sec.android.app.shealth,,,,,2024-09-19 16:20:45.931,a803a6e9-bd9d-4ee7-ba13-d5492a41e61a,,
2c0ef0ae-cf19-4e03-a32e-17a09f37ddaa.live_data_internal.json,,0,,,,143.32709,,,,,2c0ef0ae-cf19-4e03-a32e-17a09f37ddaa.sensing_status.json,4,,,,,,,,,,,,2c0ef0ae-cf19-4e03-a32e-17a09f37ddaa.location_data_internal.json,,,1050290,,62720090,,2c0ef0ae-cf19-4e03-a32e-17a09f37ddaa.com.samsung.health.exercise.location_data.json,2024-09-23 23:10:27.523,1001,,,,116.0,30001,,,62720090,129.0,2024-09-23 23:30:08.569,2024-09-23 23:30:08.569,,,1.6400045,104.99957,103.0,,1838,1464.45,,142.0,123.0,,,UTC-0300,hriiVjEkYE,,,2c0ef0ae-cf19-4e03-a32e-17a09f37ddaa.com.samsung.health.exercise.live_data.json,,1.3943291,com.sec.android.app.shealth,,,,,2024-09-23 23:28:52.508,2c0ef0ae-cf19-4e03-a32e-17a09f37ddaa,,
26bd6f33-5ebb-443b-90d7-de0a07735d8e.live_data_internal.json,,0,,,,716.68,,,,,26bd6f33-5ebb-443b-90d7-de0a07735d8e.sensing_status.json,1,,,,,,,,,,,,,,,5044374,,62720090,,,2024-09-23 23:31:32.556,15002,,,,113.0,,,,62720090,143.0,2024-09-24 00:55:38.422,2024-09-24 00:55:38.422,,,,,87.0,,,,,716.68,,,,UTC-0300,hriiVjEkYE,,,26bd6f33-5ebb-443b-90d7-de0a07735d8e.com.samsung.health.exercise.live_data.json,,,com.sec.android.app.shealth,,,,,2024-09-24 00:55:36.930,26bd6f33-5ebb-443b-90d7-de0a07735d8e,,
a8d2fc46-be88-48c0-974a-4741fac8f0d6.live_data_internal.json,,0,,,,122.72213,,,,,a8d2fc46-be88-48c0-974a-4741fac8f0d6.sensing_status.json,4,,,,,,,,,,,,a8d2fc46-be88-48c0-974a-4741fac8f0d6.location_data_internal.json,,,912584,,62720090,,a8d2fc46-be88-48c0-974a-4741fac8f0d6.com.samsung.health.exercise.location_data.json,2024-09-24 23:09:54.639,1001,,,,103.0,30001,,,62720090,114.0,2024-09-24 23:26:19.046,2024-09-24 23:26:19.046,,,1.687482,110.784325,77.0,,1685,1331.74,,121.0,121.0,,,UTC-0300,hriiVjEkYE,,,a8d2fc46-be88-48c0-974a-4741fac8f0d6.com.samsung.health.exercise.live_data.json,,1.4593067,com.sec.android.app.shealth,,,,,2024-09-24 23:26:18.199,a8d2fc46-be88-48c0-974a-4741fac8f0d6,,
3d830d88-831d-4fe0-81a7-615467e04648.live_data_internal.json,,0,,,,416.03,,,,,3d830d88-831d-4fe0-81a7-615467e04648.sensing_status.json,1,,,,,,,,,,,,,,,2835736,,62720090,,,2024-09-24 23:26:18.200,15002,,,,121.0,,,,62720090,158.0,2024-09-25 00:13:35.300,2024-09-25 00:13:35.300,,,,,83.0,,,,,416.03,,,,UTC-0300,hriiVjEkYE,,,3d830d88-831d-4fe0-81a7-615467e04648.com.samsung.health.exercise.live_data.json,,,com.sec.android.app.shealth,,,,,2024-09-25 00:13:33.936,3d830d88-831d-4fe0-81a7-615467e04648,,
d83d36ff-fd7e-4127-9350-bef7c350aec2.live_data_internal.json,,0,,,,132.74852,,,,,d83d36ff-fd7e-4127-9350-bef7c350aec2.sensing_status.json,4,,,,,,,,,,,,d83d36ff-fd7e-4127-9350-bef7c350aec2.location_data_internal.json,,,963059,,62720090,,d83d36ff-fd7e-4127-9350-bef7c350aec2.com.samsung.health.exercise.location_data.json,2024-09-25 00:13:56.545,1001,,,,115.0,30001,,,62720090,138.0,2024-09-25 00:32:27.410,2024-09-25 00:32:27.410,,,1.6111112,106.348625,79.0,,1707,1324.89,,131.0,120.0,,,UTC-0300,hriiVjEkYE,,,d83d36ff-fd7e-4127-9350-bef7c350aec2.com.samsung.health.exercise.live_data.json,,1.3757101,com.sec.android.app.shealth,,,,,2024-09-25 00:31:11.668,d83d36ff-fd7e-4127-9350-bef7c350aec2,,
404e3b4a-1840-4d24-8815-f322adcdf7bd.live_data_internal.json,,0,,,,391.34,,,,,404e3b4a-1840-4d24-8815-f322adcdf7bd.sensing_status.json,1,,,,,,,,,,,,,,,2562492,,62720090,,,2024-09-26 22:40:38.008,15002,,,,127.0,,,,62720090,157.0,2024-09-26 23:23:22.072,2024-09-26 23:23:22.072,,,,,52.0,,,,,391.34,,,,UTC-0300,hriiVjEkYE,,,404e3b4a-1840-4d24-8815-f322adcdf7bd.com.samsung.health.exercise.live_data.json,,,com.sec.android.app.shealth,,,,,2024-09-26 23:23:20.500,404e3b4a-1840-4d24-8815-f322adcdf7bd,,
e15513ba-3f8d-4e1e-9187-6a08fc736c2b.live_data_internal.json,,0,,,,142.03458,,,,,e15513ba-3f8d-4e1e-9187-6a08fc736c2b.sensing_status.json,4,,,,,,,,,,,,e15513ba-3f8d-4e1e-9187-6a08fc736c2b.location_data_internal.json,,,1059762,,62720090,,e15513ba-3f8d-4e1e-9187-6a08fc736c2b.com.samsung.health.exercise.location_data.json,2024-09-26 23:38:10.692,1001,,,,149.0,30001,,,62720090,158.0,2024-09-26 23:57:48.737,2024-09-26 23:57:48.737,,,1.6666666,97.55021,128.0,,1723,1358.33,,141.0,125.0,,,UTC-0300,hriiVjEkYE,,,e15513ba-3f8d-4e1e-9187-6a08fc736c2b.com.samsung.health.exercise.live_data.json,,1.2817311,com.sec.android.app.shealth,,,,,2024-09-26 23:56:33.093,e15513ba-3f8d-4e1e-9187-6a08fc736c2b,,
e74b7079-80d9-4be8-9f90-c7014e07d5c0.live_data_internal.json,,0,,,,470.49,,,,,e74b7079-80d9-4be8-9f90-c7014e07d5c0.sensing_status.json,1,,,,,,,,,,,,,,,3311997,,62720090,,,2024-09-27 22:34:09.600,15002,,,,117.0,,,,62720090,139.0,2024-09-27 23:29:28.662,2024-09-27 23:29:28.662,,,,,92.0,,,,,470.49,,,,UTC-0300,hriiVjEkYE,,,e74b7079-80d9-4be8-9f90-c7014e07d5c0.com.samsung.health.exercise.live_data.json,,,com.sec.android.app.shealth,,,,,2024-09-27 23:29:21.597,e74b7079-80d9-4be8-9f90-c7014e07d5c0,,
6067470e-7bdd-4626-af6c-a21de4993b87.live_data_internal.json,,0,,,,81.0,,,,,6067470e-7bdd-4626-af6c-a21de4993b87.sensing_status.json,4,,,,,,,,,,,,6067470e-7bdd-4626-af6c-a21de4993b87.location_data_internal.json,,,624113,,62720090,,6067470e-7bdd-4626-af6c-a21de4993b87.com.samsung.health.exercise.location_data.json,2024-09-27 23:29:38.327,1001,,,,147.0,30001,,,62720090,156.0,2024-09-27 23:41:18.135,2024-09-27 23:41:18.135,,,1.6666666,94.9828,139.0,,988,726.39,,81.0,125.0,,,UTC-0300,hriiVjEkYE,,,6067470e-7bdd-4626-af6c-a21de4993b87.com.samsung.health.exercise.live_data.json,,1.1638758,com.sec.android.app.shealth,,,,,2024-09-27 23:40:02.440,6067470e-7bdd-4626-af6c-a21de4993b87,,
d41462d5-5443-49ce-a7c1-44972192f77a.live_data_internal.json,,0,,,,141.01634,,,,,d41462d5-5443-49ce-a7c1-44972192f77a.sensing_status.json,4,,,,,,,,,,,,d41462d5-5443-49ce-a7c1-44972192f77a.location_data_internal.json,,,1145805,,62720090,,d41462d5-5443-49ce-a7c1-44972192f77a.com.samsung.health.exercise.location_data.json,2024-09-30 23:20:29.827,1001,,,,101.0,30001,,,62720090,122.0,2024-09-30 23:40:59.843,2024-09-30 23:40:59.843,,,1.5555556,96.56093,52.0,,1844,1418.01,,139.0,118.0,,,UTC-0300,hriiVjEkYE,,,d41462d5-5443-49ce-a7c1-44972192f77a.com.samsung.health.exercise.live_data.json,,1.2375666,com.sec.android.app.shealth,,,,,2024-09-30 23:40:58.734,d41462d5-5443-49ce-a7c1-44972192f77a,,
72cdd2d7-1634-40d1-8f1f-12e7a077a254.live_data_internal.json,,0,,,,400.09,,,,,72cdd2d7-1634-40d1-8f1f-12e7a077a254.sensing_status.json,1,,,,,,,,,,,,,,,2653014,,62720090,,,2024-09-30 23:40:58.735,15002,,,,125.0,,,,62720090,156.0,2024-10-01 00:25:14.262,2024-10-01 00:25:14.262,,,,,94.0,,,,,400.09,,,,UTC-0300,hriiVjEkYE,,,72cdd2d7-1634-40d1-8f1f-12e7a077a254.com.samsung.health.exercise.live_data.json,,,com.sec.android.app.shealth,,,,,2024-10-01 00:25:11.749,72cdd2d7-1634-40d1-8f1f-12e7a077a254,,
b3df7101-bc2d-41ff-971c-75007320db37.live_data_internal.json,,0,,,,110.17166,,,,,b3df7101-bc2d-41ff-971c-75007320db37.sensing_status.json,4,,,,,,,,,,,,b3df7101-bc2d-41ff-971c-75007320db37.location_data_internal.json,,,844970,,62720090,,b3df7101-bc2d-41ff-971c-75007320db37.com.samsung.health.exercise.location_data.json,2024-10-01 00:25:23.233,1001,,,,134.0,30001,,,62720090,148.0,2024-10-01 00:40:50.959,2024-10-01 00:40:50.959,,,1.5846679,110.41812,120.0,,1555,1171.81,,110.0,121.0,,,UTC-0300,hriiVjEkYE,,,b3df7101-bc2d-41ff-971c-75007320db37.com.samsung.health.exercise.live_data.json,,1.3868067,com.sec.android.app.shealth,,,,,2024-10-01 00:39:35.278,b3df7101-bc2d-41ff-971c-75007320db37,,
d63b732b-3e9b-43f2-ae61-88c01e5551da.live_data_internal.json,,0,,,,81.28262,,,,,d63b732b-3e9b-43f2-ae61-88c01e5551da.sensing_status.json,4,,,,,,,,,,,,d63b732b-3e9b-43f2-ae61-88c01e5551da.location_data_internal.json,,,668107,,62720090,,d63b732b-3e9b-43f2-ae61-88c01e5551da.com.samsung.health.exercise.location_data.json,2024-10-02 22:17:48.452,1001,,,,110.0,30001,,,62720090,117.0,2024-10-02 22:30:27.135,2024-10-02 22:30:27.135,,,1.6666666,87.38121,71.0,,973,739.04,,81.0,119.0,,,UTC-0300,hriiVjEkYE,,,d63b732b-3e9b-43f2-ae61-88c01e5551da.com.samsung.health.exercise.live_data.json,,1.10617,com.sec.android.app.shealth,,,,,2024-10-02 22:29:08.207,d63b732b-3e9b-43f2-ae61-88c01e5551da,,
9de93707-fd78-415e-8d75-e5092a79f95f.live_data_internal.json,,0,,,,395.48,,,,,9de93707-fd78-415e-8d75-e5092a79f95f.sensing_status.json,1,,,,,,,,,,,,,,,2697760,,62720090,,,2024-10-02 22:30:46.124,15002,,,,121.0,,,,62720090,158.0,2024-10-02 23:15:45.312,2024-10-02 23:15:45.312,,,,,94.0,,,,,395.48,,,,UTC-0300,hriiVjEkYE,,,9de93707-fd78-415e-8d75-e5092a79f95f.com.samsung.health.exercise.live_data.json,,,com.sec.android.app.shealth,,,,,2024-10-02 23:15:43.884,9de93707-fd78-415e-8d75-e5092a79f95f,,
fba91f34-5502-4b71-ac41-1a9e81895162.live_data_internal.json,,0,,,,457.34,,,,,fba91f34-5502-4b71-ac41-1a9e81895162.sensing_status.json,1,,,,,,,,,,,,,,,3410568,,62720090,,,2024-10-03 23:41:07.718,15002,,,,107.0,,,,62720090,125.0,2024-10-04 00:38:00.006,2024-10-04 00:38:00.006,,,,,85.0,,,,,457.34,,,,UTC-0300,hriiVjEkYE,,,fba91f34-5502-4b71-ac41-1a9e81895162.com.samsung.health.exercise.live_data.json,,,com.sec.android.app.shealth,,,,,2024-10-04 00:37:58.286,fba91f34-5502-4b71-ac41-1a9e81895162,,
39ac0f81-f72a-4b77-9275-4f12b512709e.live_data_internal.json,,0,,,,285.07,,,,,39ac0f81-f72a-4b77-9275-4f12b512709e.sensing_status.json,1,,,,,,,,,,,,,,,2076634,,62720090,,,2024-10-04 23:24:46.532,15002,,,,112.0,,,,62720090,134.0,2024-10-04 23:59:24.848,2024-10-04 23:59:24.848,,,,,83.0,,,,,285.07,,,,UTC-0300,hriiVjEkYE,,,39ac0f81-f72a-4b77-9275-4f12b512709e.com.samsung.health.exercise.live_data.json,,,com.sec.android.app.shealth,,,,,2024-10-04 23:59:23.166,39ac0f81-f72a-4b77-9275-4f12b512709e,,
,,,,,,,1,,,,,4,0,,0,,,,,,,,,,,,833000,,62720090,,,2024-10-05 14:44:07.000,1001,,,,,30001,,,62720090,,2024-10-05 15:15:02.098,2024-10-05 15:15:02.098,,,1.6388888,,,,1595,1243.76,,48.14,,,,UTC-0300,487mnSNu6t,,,565bdb24-f56c-4b57-91d5-f6c958c9bf56.com.samsung.health.exercise.live_data.json,,1.4931092,com.sec.android.app.shealth,,,,,2024-10-05 14:58:00.000,565bdb24-f56c-4b57-91d5-f6c958c9bf56,,
0bca91d4-981b-4fcd-930b-611b7d7dfcc7.live_data_internal.json,,0,,,,327.1,,,,,0bca91d4-981b-4fcd-930b-611b7d7dfcc7.sensing_status.json,1,,,,,,,,,,,,,,,2480784,,62720090,,,2024-10-05 13:38:27.236,15002,,,,106.0,,,,62720090,130.0,2024-10-05 17:53:54.795,2024-10-05 17:53:54.795,,,,,81.0,,,,,327.1,,,,UTC-0300,hriiVjEkYE,,,0bca91d4-981b-4fcd-930b-611b7d7dfcc7.com.samsung.health.exercise.live_data.json,,,com.sec.android.app.shealth,,,,,2024-10-05 14:19:48.020,0bca91d4-981b-4fcd-930b-611b7d7dfcc7,,
049a5e1c-08ec-4c34-8b96-f88953142974.live_data_internal.json,,0,,,,91.0,,,,,049a5e1c-08ec-4c34-8b96-f88953142974.sensing_status.json,4,,,,,,,,,,,,049a5e1c-08ec-4c34-8b96-f88953142974.location_data_internal.json,,,746493,,62720090,,049a5e1c-08ec-4c34-8b96-f88953142974.com.samsung.health.exercise.location_data.json,2024-10-06 16:19:34.958,1001,,,,97.0,30001,,,62720090,110.0,2024-10-06 16:33:17.448,2024-10-06 16:33:17.448,,,1.5153544,81.902985,79.0,,1019,751.88,,91.0,111.0,,,UTC-0300,hriiVjEkYE,,,049a5e1c-08ec-4c34-8b96-f88953142974.com.samsung.health.exercise.live_data.json,,1.0072165,com.sec.android.app.shealth,,,,,2024-10-06 16:32:01.451,049a5e1c-08ec-4c34-8b96-f88953142974,,
903d616f-fb43-4870-a682-486c19795caa.live_data_internal.json,,0,,,,132.41922,,,,,903d616f-fb43-4870-a682-486c19795caa.sensing_status.json,4,,,,,,,,,,,,903d616f-fb43-4870-a682-486c19795caa.location_data_internal.json,,,901467,,62720090,,903d616f-fb43-4870-a682-486c19795caa.com.samsung.health.exercise.location_data.json,2024-10-08 16:13:04.879,1001,,,,118.0,30001,,,62720090,147.0,2024-10-08 16:29:39.457,2024-10-08 16:29:39.457,,,3.5833333,95.11164,105.0,,1429,1142.6,,132.0,176.0,,,UTC-0300,hriiVjEkYE,,,903d616f-fb43-4870-a682-486c19795caa.com.samsung.health.exercise.live_data.json,,1.2674896,com.sec.android.app.shealth,,,,,2024-10-08 16:28:23.624,903d616f-fb43-4870-a682-486c19795caa,,
9e6eacb4-06ed-4137-afcf-e95ad533368f.live_data_internal.json,,0,,,,718.17,,,,,9e6eacb4-06ed-4137-afcf-e95ad533368f.sensing_status.json,1,,,,,,,,,,,,,,,5357074,,62720090,,,2024-10-12 13:26:18.257,15002,,,,108.0,,,,62720090,151.0,2024-10-12 14:55:36.756,2024-10-12 14:55:36.756,,,,,74.0,,,,,718.17,,,,UTC-0300,hriiVjEkYE,,,9e6eacb4-06ed-4137-afcf-e95ad533368f.com.samsung.health.exercise.live_data.json,,,com.sec.android.app.shealth,,,,,2024-10-12 14:55:35.331,9e6eacb4-06ed-4137-afcf-e95ad533368f,,
,,,,,,,1,,,,,4,0,,0,,,,,,,,,,,,660000,,62720090,,,2024-10-14 23:55:00.000,1001,,,,,30001,,,62720090,,2024-10-15 00:13:50.365,2024-10-15 00:13:50.365,,,1.5788335,,,,1335,1045.51,,66.78,,,,UTC-0300,487mnSNu6t,,,76bae476-5b6c-448f-8243-6f623d445a15.com.samsung.health.exercise.live_data.json,,1.5788335,com.sec.android.app.shealth,,,,,2024-10-15 00:06:00.000,76bae476-5b6c-448f-8243-6f623d445a15,,
f5b4ff96-570a-4b3c-ba6a-b76a2904b609.live_data_internal.json,,0,,,,83.0,,,,,f5b4ff96-570a-4b3c-ba6a-b76a2904b609.sensing_status.json,4,,,,,,,,,,,,,,,649846,,62720090,,,2024-10-15 11:15:16.151,1001,,,,115.0,30001,,,62720090,127.0,2024-10-15 11:27:21.693,2024-10-15 11:27:21.693,,,1.3888888,72.478714,98.0,,785,583.5,,83.0,100.0,,,UTC-0300,hriiVjEkYE,,,f5b4ff96-570a-4b3c-ba6a-b76a2904b609.com.samsung.health.exercise.live_data.json,,0.89790505,com.sec.android.app.shealth,,,,,2024-10-15 11:26:05.997,f5b4ff96-570a-4b3c-ba6a-b76a2904b609,,
2803d367-eb09-4338-ac61-1c548cfa54a2.live_data_internal.json,,0,,,,126.904686,,,,,2803d367-eb09-4338-ac61-1c548cfa54a2.sensing_status.json,4,,,,,,,,,,,,2803d367-eb09-4338-ac61-1c548cfa54a2.location_data_internal.json,,,954328,,62720090,,2803d367-eb09-4338-ac61-1c548cfa54a2.com.samsung.health.exercise.location_data.json,2024-10-17 23:13:18.224,1001,,,,107.0,30001,,,62720090,120.0,2024-10-17 23:30:32.355,2024-10-17 23:30:32.355,,,1.6143336,110.96813,83.0,,1765,1390.75,,125.0,124.0,,,UTC-0300,hriiVjEkYE,,,2803d367-eb09-4338-ac61-1c548cfa54a2.com.samsung.health.exercise.live_data.json,,1.4573082,com.sec.android.app.shealth,,,,,2024-10-17 23:30:31.052,2803d367-eb09-4338-ac61-1c548cfa54a2,,
1c8e8b06-910d-457f-a74a-36c2d5867d61.live_data_internal.json,,0,,,,377.52,,,,,1c8e8b06-910d-457f-a74a-36c2d5867d61.sensing_status.json,1,,,,,,,,,,,,,,,2625320,,62720090,,,2024-10-17 23:30:31.053,15002,,,,117.0,,,,62720090,155.0,2024-10-18 00:14:17.941,2024-10-18 00:14:17.941,,,,,87.0,,,,,377.52,,,,UTC-0300,hriiVjEkYE,,,1c8e8b06-910d-457f-a74a-36c2d5867d61.com.samsung.health.exercise.live_data.json,,,com.sec.android.app.shealth,,,,,2024-10-18 00:14:16.373,1c8e8b06-910d-457f-a74a-36c2d5867d61,,
c4cba056-160b-4add-8488-a45009026288.live_data_internal.json,,0,,,,131.1525,,,,,c4cba056-160b-4add-8488-a45009026288.sensing_status.json,4,,,,,,,,,,,,c4cba056-160b-4add-8488-a45009026288.location_data_internal.json,,,957399,,62720090,,c4cba056-160b-4add-8488-a45009026288.com.samsung.health.exercise.location_data.json,2024-10-18 00:22:00.549,1001,,,,108.0,30001,,,62720090,150.0,2024-10-18 00:40:01.122,2024-10-18 00:40:01.122,,,1.6786662,106.35065,84.0,,1697,1358.43,,130.0,125.0,,,UTC-0300,hriiVjEkYE,,,c4cba056-160b-4add-8488-a45009026288.com.samsung.health.exercise.live_data.json,,1.4188756,com.sec.android.app.shealth,,,,,2024-10-18 00:38:45.447,c4cba056-160b-4add-8488-a45009026288,,
b297a515-92d2-4597-91b7-67b833d0e921.live_data_internal.json,,0,,,,126.89379,,,,,b297a515-92d2-4597-91b7-67b833d0e921.sensing_status.json,4,,,,,,,,,,,,b297a515-92d2-4597-91b7-67b833d0e921.location_data_internal.json,,,968104,,62720090,,b297a515-92d2-4597-91b7-67b833d0e921.com.samsung.health.exercise.location_data.json,2024-10-22 15:19:45.596,1001,,,,110.0,30001,,,62720090,122.0,2024-10-22 15:37:12.644,2024-10-22 15:37:12.644,,,1.6111112,108.7693,97.0,,1755,1352.86,,125.0,122.0,,,UTC-0300,hriiVjEkYE,,,b297a515-92d2-4597-91b7-67b833d0e921.com.samsung.health.exercise.live_data.json,,1.3974324,com.sec.android.app.shealth,,,,,2024-10-22 15:37:11.751,b297a515-92d2-4597-91b7-67b833d0e921,,
41f9a32d-abc8-4bc2-b348-7fb7fd875f85.live_data_internal.json,,0,,,,369.23,,,,,41f9a32d-abc8-4bc2-b348-7fb7fd875f85.sensing_status.json,1,,,,,,,,,,,,,,,2516292,,62720090,,,2024-10-22 15:37:11.753,15002,,,,119.0,,,,62720090,150.0,2024-10-22 16:19:09.660,2024-10-22 16:19:09.660,,,,,85.0,,,,,369.23,,,,UTC-0300,hriiVjEkYE,,,41f9a32d-abc8-4bc2-b348-7fb7fd875f85.com.samsung.health.exercise.live_data.json,,,com.sec.android.app.shealth,,,,,2024-10-22 16:19:08.045,41f9a32d-abc8-4bc2-b348-7fb7fd875f85,,
9b020006-79c9-4d62-963d-79e2409d8e53.live_data_internal.json,,0,,,,135.44133,,,,,9b020006-79c9-4d62-963d-79e2409d8e53.sensing_status.json,4,,,,,,,,,,,,9b020006-79c9-4d62-963d-79e2409d8e53.location_data_internal.json,,,1003119,,62720090,,9b020006-79c9-4d62-963d-79e2409d8e53.com.samsung.health.exercise.location_data.json,2024-10-22 16:19:34.061,1001,,,,144.0,30001,,,62720090,166.0,2024-10-22 16:38:32.600,2024-10-22 16:38:32.600,,,1.5908325,107.00624,117.0,,1789,1374.73,,134.0,122.0,,,UTC-0300,hriiVjEkYE,,,9b020006-79c9-4d62-963d-79e2409d8e53.com.samsung.health.exercise.live_data.json,,1.3704555,com.sec.android.app.shealth,,,,,2024-10-22 16:37:16.583,9b020006-79c9-4d62-963d-79e2409d8e53,,
9e31f2de-d954-43a7-92d3-1841bff276b0.live_data_internal.json,,0,,,,86.03232,,,,,9e31f2de-d954-43a7-92d3-1841bff276b0.sensing_status.json,4,,,,,,,,,,,,9e31f2de-d954-43a7-92d3-1841bff276b0.location_data_internal.json,,,765303,,62720090,,9e31f2de-d954-43a7-92d3-1841bff276b0.com.samsung.health.exercise.location_data.json,2024-10-23 22:32:58.553,1001,,,,110.0,30001,,,62720090,125.0,2024-10-23 22:45:46.578,2024-10-23 22:45:46.578,,,1.7161815,84.75075,76.0,,1081,852.08,,86.0,119.0,,,UTC-0300,hriiVjEkYE,,,9e31f2de-d954-43a7-92d3-1841bff276b0.com.samsung.health.exercise.live_data.json,,1.1133891,com.sec.android.app.shealth,,,,,2024-10-23 22:45:45.188,9e31f2de-d954-43a7-92d3-1841bff276b0,,
e90d0579-ff93-4837-9262-9cf6e49ba4a0.live_data_internal.json,,0,,,,435.35,,,,,e90d0579-ff93-4837-9262-9cf6e49ba4a0.sensing_status.json,1,,,,,,,,,,,,,,,2882675,,62720090,,,2024-10-23 22:45:45.188,15002,,,,125.0,,,,62720090,157.0,2024-10-23 23:33:49.381,2024-10-23 23:33:49.381,,,,,87.0,,,,,435.35,,,,UTC-0300,hriiVjEkYE,,,e90d0579-ff93-4837-9262-9cf6e49ba4a0.com.samsung.health.exercise.live_data.json,,,com.sec.android.app.shealth,,,,,2024-10-23 23:33:47.863,e90d0579-ff93-4837-9262-9cf6e49ba4a0,,
210811a8-76aa-4d78-8fa8-e5b199d1403c.live_data_internal.json,,0,,,,724.07,,,,,210811a8-76aa-4d78-8fa8-e5b199d1403c.sensing_status.json,1,,,,,,,,,,,,,,,4535442,,62810050,,,2024-10-25 23:38:49.731,15002,,,,130.0,,,,62810050,166.0,2024-10-26 00:54:26.945,2024-10-26 00:54:26.945,,,,,84.0,,,,,724.07,,,,UTC-0300,hriiVjEkYE,,,210811a8-76aa-4d78-8fa8-e5b199d1403c.com.samsung.health.exercise.live_data.json,,,com.sec.android.app.shealth,,,,,2024-10-26 00:54:25.173,210811a8-76aa-4d78-8fa8-e5b199d1403c,,
bf995dbb-cc45-4196-946e-8ff5987dd8f3.live_data_internal.json,,0,,,,501.09,,,,,bf995dbb-cc45-4196-946e-8ff5987dd8f3.sensing_status.json,1,,,,,,,,,,,,,,,3658044,,62810050,,,2024-10-26 13:48:19.211,15002,,,,110.0,,,,62810050,132.0,2024-10-26 14:49:19.301,2024-10-26 14:49:19.301,,,,,84.0,,,,,501.09,,,,UTC-0300,hriiVjEkYE,,,bf995dbb-cc45-4196-946e-8ff5987dd8f3.com.samsung.health.exercise.live_data.json,,,com.sec.android.app.shealth,,,,,2024-10-26 14:49:17.255,bf995dbb-cc45-4196-946e-8ff5987dd8f3,,
7cbecdcd-c8fc-4741-a206-b6f508dbd411.live_data_internal.json,,0,,,,94.057335,,,,,7cbecdcd-c8fc-4741-a206-b6f508dbd411.sensing_status.json,4,,,,,,,,,,,,7cbecdcd-c8fc-4741-a206-b6f508dbd411.location_data_internal.json,,,690125,,62810050,,7cbecdcd-c8fc-4741-a206-b6f508dbd411.com.samsung.health.exercise.location_data.json,2024-10-28 11:32:03.333,1001,,,,114.0,30001,,,62810050,136.0,2024-10-28 11:45:32.726,2024-10-28 11:45:32.726,,,1.6579872,94.59155,102.0,,1088,839.07,,93.0,124.0,,,UTC-0300,hriiVjEkYE,,,7cbecdcd-c8fc-4741-a206-b6f508dbd411.com.samsung.health.exercise.live_data.json,,1.2158232,com.sec.android.app.shealth,,,,,2024-10-28 11:44:17.035,7cbecdcd-c8fc-4741-a206-b6f508dbd411,,
,,,,,,,1,,,,,4,0,,0,,,,,,,,,,,,780000,,62810050,,,2024-10-29 23:07:00.000,1001,,,,,30001,,,62810050,,2024-10-29 23:35:00.832,2024-10-29 23:35:00.832,,,1.5277778,,,,1579,1221.94,,47.46,,,,UTC-0300,487mnSNu6t,,,17465233-6c24-4c28-b658-e337c86be799.com.samsung.health.exercise.live_data.json,,1.5277778,com.sec.android.app.shealth,,,,,2024-10-29 23:20:00.000,17465233-6c24-4c28-b658-e337c86be799,,
807b72be-14f9-4e77-8f78-60e6f724de80.live_data_internal.json,,0,,,,100.45397,,,,,807b72be-14f9-4e77-8f78-60e6f724de80.sensing_status.json,4,,,,,,,,,,,,807b72be-14f9-4e77-8f78-60e6f724de80.location_data_internal.json,,,789582,,62810050,,807b72be-14f9-4e77-8f78-60e6f724de80.com.samsung.health.exercise.location_data.json,2024-10-31 15:11:47.019,1001,,,,106.0,30001,,,62810050,113.0,2024-10-31 15:25:21.776,2024-10-31 15:25:21.776,,,1.5833334,116.49202,96.0,,1533,1140.43,,100.0,119.0,,,UTC-0300,hriiVjEkYE,,,807b72be-14f9-4e77-8f78-60e6f724de80.com.samsung.health.exercise.live_data.json,,1.4443467,com.sec.android.app.shealth,,,,,2024-10-31 15:25:15.311,807b72be-14f9-4e77-8f78-60e6f724de80,,
a5962128-d760-4a4e-ac03-0bba4b473997.live_data_internal.json,,0,,,,374.78,,,,,a5962128-d760-4a4e-ac03-0bba4b473997.sensing_status.json,1,,,,,,,,,,,,,,,2649712,,62810050,,,2024-10-31 15:25:35.301,15002,,,,119.0,,,,62810050,153.0,2024-10-31 16:09:46.339,2024-10-31 16:09:46.339,,,,,89.0,,,,,374.78,,,,UTC-0300,hriiVjEkYE,,,a5962128-d760-4a4e-ac03-0bba4b473997.com.samsung.health.exercise.live_data.json,,,com.sec.android.app.shealth,,,,,2024-10-31 16:09:45.013,a5962128-d760-4a4e-ac03-0bba4b473997,,
85090ff7-75d0-467a-917b-8c3a57aa5d13.live_data_internal.json,,0,,,,148.2572,,,,,85090ff7-75d0-467a-917b-8c3a57aa5d13.sensing_status.json,4,,,,,,,,,,,,85090ff7-75d0-467a-917b-8c3a57aa5d13.location_data_internal.json,,,1030070,,62810050,,85090ff7-75d0-467a-917b-8c3a57aa5d13.com.samsung.health.exercise.location_data.json,2024-10-31 16:17:59.561,1001,,,,101.0,30001,,,62810050,140.0,2024-10-31 16:38:39.715,2024-10-31 16:38:39.715,,,2.4133432,101.0611,72.0,,1735,1402.54,,145.0,121.0,,,UTC-0300,hriiVjEkYE,,,85090ff7-75d0-467a-917b-8c3a57aa5d13.com.samsung.health.exercise.live_data.json,,1.361597,com.sec.android.app.shealth,,,,,2024-10-31 16:37:23.874,85090ff7-75d0-467a-917b-8c3a57aa5d13,,
5a4a58e9-2f2f-447a-a17e-214eb7021a2f.live_data_internal.json,,0,,,,452.22,,,,,5a4a58e9-2f2f-447a-a17e-214eb7021a2f.sensing_status.json,1,,,,,,,,,,,,,,,3298139,,62810050,,,2024-11-01 22:24:07.240,15002,,,,114.0,,,,62810050,135.0,2024-11-01 23:19:07.292,2024-11-01 23:19:07.292,,,,,87.0,,,,,452.22,,,,UTC-0300,hriiVjEkYE,,,5a4a58e9-2f2f-447a-a17e-214eb7021a2f.com.samsung.health.exercise.live_data.json,,,com.sec.android.app.shealth,,,,,2024-11-01 23:19:05.379,5a4a58e9-2f2f-447a-a17e-214eb7021a2f,,
,,,,,,,1,,,,,4,0,,0,,,,,,,,,,,,959000,,62810050,,,2024-11-02 22:19:01.000,1001,,,,,30001,,,62810050,,2024-11-02 22:41:28.633,2024-11-02 22:41:28.633,,,2.75,,,,1912,1552.64,,104.98,,,,UTC-0300,487mnSNu6t,,,cfa69a38-f130-423c-b3b2-8e5aae87a5c2.com.samsung.health.exercise.live_data.json,,1.6190197,com.sec.android.app.shealth,,,,,2024-11-02 22:35:00.000,cfa69a38-f130-423c-b3b2-8e5aae87a5c2,,
7cbc2168-567f-449f-b61a-3e3e11ec16b1.live_data_internal.json,,0,,,,113.2189,,,,,7cbc2168-567f-449f-b61a-3e3e11ec16b1.sensing_status.json,4,,,,,,,,,,,,7cbc2168-567f-449f-b61a-3e3e11ec16b1.location_data_internal.json,,,852670,,62810050,,7cbc2168-567f-449f-b61a-3e3e11ec16b1.com.samsung.health.exercise.location_data.json,2024-11-05 23:05:49.778,1001,,,,102.0,30001,,,62810050,115.0,2024-11-05 23:21:27.344,2024-11-05 23:21:27.344,,,1.6975,117.09102,87.0,,1664,1248.54,,113.0,128.0,,,UTC-0300,hriiVjEkYE,,,7cbc2168-567f-449f-b61a-3e3e11ec16b1.com.samsung.health.exercise.live_data.json,,1.4642712,com.sec.android.app.shealth,,,,,2024-11-05 23:20:11.470,7cbc2168-567f-449f-b61a-3e3e11ec16b1,,
9b4da7fa-9e5a-448b-aa73-74194e9d8e9d.live_data_internal.json,,0,,,,677.98,,,,,9b4da7fa-9e5a-448b-aa73-74194e9d8e9d.sensing_status.json,1,,,,,,,,,,,,,,,5181984,,62810050,,,2024-11-05 23:24:04.236,15002,,,,105.0,,,,62810050,134.0,2024-11-06 00:50:27.431,2024-11-06 00:50:27.431,,,,,78.0,,,,,677.98,,,,UTC-0300,hriiVjEkYE,,,9b4da7fa-9e5a-448b-aa73-74194e9d8e9d.com.samsung.health.exercise.live_data.json,,,com.sec.android.app.shealth,,,,,2024-11-06 00:50:26.220,9b4da7fa-9e5a-448b-aa73-74194e9d8e9d,,
ce50289d-8a6a-43c8-9ddc-49d56c9d07c0.live_data_internal.json,,0,,,,117.0,,,,,ce50289d-8a6a-43c8-9ddc-49d56c9d07c0.sensing_status.json,4,,,,,,,,,,,,ce50289d-8a6a-43c8-9ddc-49d56c9d07c0.location_data_internal.json,,,520639,,62810050,,ce50289d-8a6a-43c8-9ddc-49d56c9d07c0.com.samsung.health.exercise.location_data.json,2024-11-06 23:09:34.080,1002,,,,101.0,30001,,,62810050,117.0,2024-11-06 23:19:30.304,2024-11-06 23:19:30.304,,,3.7663825,125.26914,78.0,,1087,1015.6,,117.0,172.0,,,UTC-0300,hriiVjEkYE,,,ce50289d-8a6a-43c8-9ddc-49d56c9d07c0.com.samsung.health.exercise.live_data.json,,1.9506799,com.sec.android.app.shealth,,,,,2024-11-06 23:18:14.718,ce50289d-8a6a-43c8-9ddc-49d56c9d07c0,,
f52a27c9-e83c-4fb1-8e8e-8aa3b795eae0.live_data_internal.json,,0,,,,462.63,,,,,f52a27c9-e83c-4fb1-8e8e-8aa3b795eae0.sensing_status.json,1,,,,,,,,,,,,,,,2833987,,62810050,,,2024-11-07 22:25:21.891,15002,,,,132.0,,,,62810050,166.0,2024-11-07 23:12:37.177,2024-11-07 23:12:37.177,,,,,96.0,,,,,462.63,,,,UTC-0300,hriiVjEkYE,,,f52a27c9-e83c-4fb1-8e8e-8aa3b795eae0.com.samsung.health.exercise.live_data.json,,,com.sec.android.app.shealth,,,,,2024-11-07 23:12:35.878,f52a27c9-e83c-4fb1-8e8e-8aa3b795eae0,,
966a5213-254c-4428-b620-cb104ff93e5f.live_data_internal.json,,0,,,,405.51,,,,,966a5213-254c-4428-b620-cb104ff93e5f.sensing_status.json,1,,,,,,,,,,,,,,,2764025,,62820030,,,2024-11-08 21:56:47.719,15002,,,,120.0,,,,62820030,154.0,2024-11-08 22:42:52.955,2024-11-08 22:42:52.955,,,,,86.0,,,,,405.51,,,,UTC-0300,hriiVjEkYE,,,966a5213-254c-4428-b620-cb104ff93e5f.com.samsung.health.exercise.live_data.json,,,com.sec.android.app.shealth,,,,,2024-11-08 22:42:51.744,966a5213-254c-4428-b620-cb104ff93e5f,,
9c21d9cf-c12f-477d-912d-069e96cf613b.live_data_internal.json,,0,,,,91.0,,,,,9c21d9cf-c12f-477d-912d-069e96cf613b.sensing_status.json,4,,,,,,,,,,,,,,,678518,,62820030,,,2024-11-11 14:14:17.475,1001,,,,118.0,30001,,,62820030,132.0,2024-11-11 14:26:51.668,2024-11-11 14:26:51.668,,,1.6145,112.03829,105.0,,1267,991.59,,91.0,122.0,,,UTC-0300,hriiVjEkYE,,,9c21d9cf-c12f-477d-912d-069e96cf613b.com.samsung.health.exercise.live_data.json,,1.4614056,com.sec.android.app.shealth,,,,,2024-11-11 14:25:35.993,9c21d9cf-c12f-477d-912d-069e96cf613b,,
692bf20a-6936-450b-8ce6-c4ef087443d8.live_data_internal.json,,0,,,,100.971344,,,,,692bf20a-6936-450b-8ce6-c4ef087443d8.sensing_status.json,4,,,,,,,,,,,,692bf20a-6936-450b-8ce6-c4ef087443d8.location_data_internal.json,,,795487,,62820030,,692bf20a-6936-450b-8ce6-c4ef087443d8.com.samsung.health.exercise.location_data.json,2024-11-13 23:09:27.412,1001,,,,102.0,30001,,,62820030,116.0,2024-11-13 23:23:23.486,2024-11-13 23:23:23.486,,,1.6133333,109.89494,82.0,,1457,1112.99,,100.0,121.0,,,UTC-0300,hriiVjEkYE,,,692bf20a-6936-450b-8ce6-c4ef087443d8.com.samsung.health.exercise.live_data.json,,1.3991303,com.sec.android.app.shealth,,,,,2024-11-13 23:23:22.932,692bf20a-6936-450b-8ce6-c4ef087443d8,,
7966c944-527c-407c-9ae6-016779b907c4.live_data_internal.json,,0,,,,374.2,,,,,7966c944-527c-407c-9ae6-016779b907c4.sensing_status.json,1,,,,,,,,,,,,,,,2617771,,62820030,,,2024-11-13 23:23:22.932,15002,,,,119.0,,,,62820030,148.0,2024-11-14 00:07:02.104,2024-11-14 00:07:02.104,,,,,88.0,,,,,374.2,,,,UTC-0300,hriiVjEkYE,,,7966c944-527c-407c-9ae6-016779b907c4.com.samsung.health.exercise.live_data.json,,,com.sec.android.app.shealth,,,,,2024-11-14 00:07:00.703,7966c944-527c-407c-9ae6-016779b907c4,,
4196da63-cfe5-40cc-ac67-0d7bf9cdf948.live_data_internal.json,,0,,,,130.92723,,,,,4196da63-cfe5-40cc-ac67-0d7bf9cdf948.sensing_status.json,4,,,,,,,,,,,,4196da63-cfe5-40cc-ac67-0d7bf9cdf948.location_data_internal.json,,,966010,,62820030,,4196da63-cfe5-40cc-ac67-0d7bf9cdf948.com.samsung.health.exercise.location_data.json,2024-11-14 00:07:33.828,1001,,,,105.0,30001,,,62820030,145.0,2024-11-14 00:25:33.775,2024-11-14 00:25:33.775,,,1.6388887,109.12931,75.0,,1757,1388.85,,130.0,121.0,,,UTC-0300,hriiVjEkYE,,,4196da63-cfe5-40cc-ac67-0d7bf9cdf948.com.samsung.health.exercise.live_data.json,,1.437718,com.sec.android.app.shealth,,,,,2024-11-14 00:24:18.053,4196da63-cfe5-40cc-ac67-0d7bf9cdf948,,
1b201c21-7459-49ad-bd0e-e74612687af8.live_data_internal.json,,0,,,,152.80548,,,,,1b201c21-7459-49ad-bd0e-e74612687af8.sensing_status.json,4,,,,,,,,,,,,1b201c21-7459-49ad-bd0e-e74612687af8.location_data_internal.json,,,1250990,,62820030,,1b201c21-7459-49ad-bd0e-e74612687af8.com.samsung.health.exercise.location_data.json,2024-11-14 15:06:55.888,1001,,,,103.0,30001,,,62820030,113.0,2024-11-14 15:28:20.996,2024-11-14 15:28:20.996,,,1.609,92.71058,77.0,,1933,1540.67,,152.0,121.0,,,UTC-0300,hriiVjEkYE,,,1b201c21-7459-49ad-bd0e-e74612687af8.com.samsung.health.exercise.live_data.json,,1.2315607,com.sec.android.app.shealth,,,,,2024-11-14 15:28:20.075,1b201c21-7459-49ad-bd0e-e74612687af8,,
a365940b-3d6c-4562-9ebb-d6deee2fb931.live_data_internal.json,,0,,,,352.35,,,,,a365940b-3d6c-4562-9ebb-d6deee2fb931.sensing_status.json,1,,,,,,,,,,,,,,,2476637,,62820030,,,2024-11-14 15:28:20.076,15002,,,,115.0,,,,62820030,145.0,2024-11-14 16:09:38.456,2024-11-14 16:09:38.456,,,,,83.0,,,,,352.35,,,,UTC-0300,hriiVjEkYE,,,a365940b-3d6c-4562-9ebb-d6deee2fb931.com.samsung.health.exercise.live_data.json,,,com.sec.android.app.shealth,,,,,2024-11-14 16:09:36.713,a365940b-3d6c-4562-9ebb-d6deee2fb931,,
3beab2cd-5059-4406-a449-ce2752ba906d.live_data_internal.json,,0,,,,134.34563,,,,,3beab2cd-5059-4406-a449-ce2752ba906d.sensing_status.json,4,,,,,,,,,,,,3beab2cd-5059-4406-a449-ce2752ba906d.location_data_internal.json,,,992913,,62820030,,3beab2cd-5059-4406-a449-ce2752ba906d.com.samsung.health.exercise.location_data.json,2024-11-14 16:16:07.263,1001,,,,121.0,30001,,,62820030,154.0,2024-11-14 16:34:09.959,2024-11-14 16:34:09.959,,,2.3590417,106.112015,88.0,,1756,1386.15,,134.0,125.0,,,UTC-0300,hriiVjEkYE,,,3beab2cd-5059-4406-a449-ce2752ba906d.com.samsung.health.exercise.live_data.json,,1.3960438,com.sec.android.app.shealth,,,,,2024-11-14 16:32:54.421,3beab2cd-5059-4406-a449-ce2752ba906d,,
0e244cac-fc94-4eb3-b04f-56610644f27c.live_data_internal.json,,0,,,,87.42279,,,,,0e244cac-fc94-4eb3-b04f-56610644f27c.sensing_status.json,4,,,,,,,,,,,,0e244cac-fc94-4eb3-b04f-56610644f27c.location_data_internal.json,,,742347,,62820030,,0e244cac-fc94-4eb3-b04f-56610644f27c.com.samsung.health.exercise.location_data.json,2024-11-16 00:44:02.077,1001,,,,89.0,30001,,,62820030,110.0,2024-11-16 00:57:57.526,2024-11-16 00:57:57.526,,,2.1111112,64.01319,54.0,,792,601.67,,87.0,105.0,,,UTC-0300,hriiVjEkYE,,,0e244cac-fc94-4eb3-b04f-56610644f27c.com.samsung.health.exercise.live_data.json,,0.810497,com.sec.android.app.shealth,,,,,2024-11-16 00:56:41.849,0e244cac-fc94-4eb3-b04f-56610644f27c,,
c2793dc2-de6c-4bc4-9142-1a6dbbd98b76.live_data_internal.json,,0,,,,76.0,,,,,c2793dc2-de6c-4bc4-9142-1a6dbbd98b76.sensing_status.json,4,,,,,,,,,,,,,,,657169,,62820030,,,2024-11-16 02:11:13.247,1001,,,,107.0,30001,,,62820030,115.0,2024-11-16 02:23:25.984,2024-11-16 02:23:25.984,,,2.3333333,76.1448,99.0,,834,637.15,,76.0,116.0,,,UTC-0300,hriiVjEkYE,,,c2793dc2-de6c-4bc4-9142-1a6dbbd98b76.com.samsung.health.exercise.live_data.json,,0.96953756,com.sec.android.app.shealth,,,,,2024-11-16 02:22:10.416,c2793dc2-de6c-4bc4-9142-1a6dbbd98b76,,
4027e93f-c862-48f9-ba56-46ffc27e61bb.live_data_internal.json,,0,,,,774.89,,,,,4027e93f-c862-48f9-ba56-46ffc27e61bb.sensing_status.json,1,,,,,,,,,,,,,,,4731222,,62820030,,,2024-11-16 13:24:37.743,15002,,,,129.0,,,,62820030,164.0,2024-11-16 14:43:30.821,2024-11-16 14:43:30.821,,,,,85.0,,,,,774.89,,,,UTC-0300,hriiVjEkYE,,,4027e93f-c862-48f9-ba56-46ffc27e61bb.com.samsung.health.exercise.live_data.json,,,com.sec.android.app.shealth,,,,,2024-11-16 14:43:28.965,4027e93f-c862-48f9-ba56-46ffc27e61bb,,
be9190e7-ec16-4ef8-86b8-3fb644ff55e3.live_data_internal.json,,0,,,,141.61948,,,,,be9190e7-ec16-4ef8-86b8-3fb644ff55e3.sensing_status.json,4,,,,,,,,,,,,be9190e7-ec16-4ef8-86b8-3fb644ff55e3.location_data_internal.json,,,1142134,,62820030,,be9190e7-ec16-4ef8-86b8-3fb644ff55e3.com.samsung.health.exercise.location_data.json,2024-11-19 22:39:58.092,1001,,,,103.0,30001,,,62820030,110.0,2024-11-19 23:00:41.439,2024-11-19 23:00:41.439,,,1.6666666,93.929436,93.0,,1788,1421.14,,141.0,123.0,,,UTC-0300,hriiVjEkYE,,,be9190e7-ec16-4ef8-86b8-3fb644ff55e3.com.samsung.health.exercise.live_data.json,,1.2442847,com.sec.android.app.shealth,,,,,2024-11-19 22:59:25.757,be9190e7-ec16-4ef8-86b8-3fb644ff55e3,,
6bb33e6c-367f-4313-9b86-abdb6dd62ee1.live_data_internal.json,,0,,,,472.0,,,,,6bb33e6c-367f-4313-9b86-abdb6dd62ee1.sensing_status.json,1,,,,,,,,,,,,,,,3568785,,62820030,,,2024-11-19 23:00:54.427,15002,,,,106.0,,,,62820030,126.0,2024-11-20 00:00:24.921,2024-11-20 00:00:24.921,,,,,79.0,,,,,472.0,,,,UTC-0300,hriiVjEkYE,,,6bb33e6c-367f-4313-9b86-abdb6dd62ee1.com.samsung.health.exercise.live_data.json,,,com.sec.android.app.shealth,,,,,2024-11-20 00:00:23.212,6bb33e6c-367f-4313-9b86-abdb6dd62ee1,,
f149df82-169f-45e1-a976-dbfbbdbfe5ac.live_data_internal.json,,0,,,,123.0,,,,,f149df82-169f-45e1-a976-dbfbbdbfe5ac.sensing_status.json,4,,,,,,,,,,,,f149df82-169f-45e1-a976-dbfbbdbfe5ac.location_data_internal.json,,,922839,,62820030,,f149df82-169f-45e1-a976-dbfbbdbfe5ac.com.samsung.health.exercise.location_data.json,2024-11-20 00:00:44.623,1001,,,,116.0,30001,,,62820030,137.0,2024-11-20 00:17:23.021,2024-11-20 00:17:23.021,,,1.6501667,116.445015,89.0,,1791,1376.02,,123.0,125.0,,,UTC-0300,hriiVjEkYE,,,f149df82-169f-45e1-a976-dbfbbdbfe5ac.com.samsung.health.exercise.live_data.json,,1.4910727,com.sec.android.app.shealth,,,,,2024-11-20 00:16:07.462,f149df82-169f-45e1-a976-dbfbbdbfe5ac,,
f08b242e-ad3c-464d-b3d2-8a0f7763ca49.live_data_internal.json,,0,,,,357.82,,,,,f08b242e-ad3c-464d-b3d2-8a0f7763ca49.sensing_status.json,1,,,,,,,,,,,,,,,2698954,,62820030,,,2024-11-22 23:29:55.015,15002,,,,104.0,,,,62820030,146.0,2024-11-23 00:14:55.504,2024-11-23 00:14:55.504,,,,,63.0,,,,,357.82,,,,UTC-0300,hriiVjEkYE,,,f08b242e-ad3c-464d-b3d2-8a0f7763ca49.com.samsung.health.exercise.live_data.json,,,com.sec.android.app.shealth,,,,,2024-11-23 00:14:53.969,f08b242e-ad3c-464d-b3d2-8a0f7763ca49,,
3fecf082-d042-41bb-91cd-83728c0a004d.live_data_internal.json,,0,,,,103.005,,,,,3fecf082-d042-41bb-91cd-83728c0a004d.sensing_status.json,4,,,,,,,,,,,,3fecf082-d042-41bb-91cd-83728c0a004d.location_data_internal.json,,,793956,,62820030,,3fecf082-d042-41bb-91cd-83728c0a004d.com.samsung.health.exercise.location_data.json,2024-11-26 23:24:21.814,1001,,,,109.0,30001,,,62820030,114.0,2024-11-26 23:38:51.692,2024-11-26 23:38:51.692,,,1.5991666,106.32831,100.0,,1407,1083.09,,103.0,120.0,,,UTC-0300,hriiVjEkYE,,,3fecf082-d042-41bb-91cd-83728c0a004d.com.samsung.health.exercise.live_data.json,,1.3641688,com.sec.android.app.shealth,,,,,2024-11-26 23:37:35.976,3fecf082-d042-41bb-91cd-83728c0a004d,,
c5059255-88bb-45d6-a2fa-718356fe8a22.live_data_internal.json,,0,,,,388.63,,,,,c5059255-88bb-45d6-a2fa-718356fe8a22.sensing_status.json,1,,,,,,,,,,,,,,,2581720,,62820030,,,2024-11-26 23:39:36.784,15002,,,,125.0,,,,62820030,153.0,2024-11-27 00:22:39.946,2024-11-27 00:22:39.946,,,,,81.0,,,,,388.63,,,,UTC-0300,hriiVjEkYE,,,c5059255-88bb-45d6-a2fa-718356fe8a22.com.samsung.health.exercise.live_data.json,,,com.sec.android.app.shealth,,,,,2024-11-27 00:22:38.504,c5059255-88bb-45d6-a2fa-718356fe8a22,,
d3ce6fe2-0227-41b9-96cd-60b146c7d2c4.live_data_internal.json,,0,,,,133.33348,,,,,d3ce6fe2-0227-41b9-96cd-60b146c7d2c4.sensing_status.json,4,,,,,,,,,,,,d3ce6fe2-0227-41b9-96cd-60b146c7d2c4.location_data_internal.json,,,1003803,,62820030,,d3ce6fe2-0227-41b9-96cd-60b146c7d2c4.com.samsung.health.exercise.location_data.json,2024-11-27 00:22:49.612,1001,,,,125.0,30001,,,62820030,136.0,2024-11-27 00:41:44.040,2024-11-27 00:41:44.040,,,1.5555556,107.94947,108.0,,1806,1393.7,,132.0,116.0,,,UTC-0300,hriiVjEkYE,,,d3ce6fe2-0227-41b9-96cd-60b146c7d2c4.com.samsung.health.exercise.live_data.json,,1.3884199,com.sec.android.app.shealth,,,,,2024-11-27 00:40:28.373,d3ce6fe2-0227-41b9-96cd-60b146c7d2c4,,
fa5e7a87-ef46-448a-a7b4-d643630e7304.live_data_internal.json,,0,,,,144.10925,,,,,fa5e7a87-ef46-448a-a7b4-d643630e7304.sensing_status.json,4,,,,,,,,,,,,fa5e7a87-ef46-448a-a7b4-d643630e7304.location_data_internal.json,,,1122004,,62820030,,fa5e7a87-ef46-448a-a7b4-d643630e7304.com.samsung.health.exercise.location_data.json,2024-11-27 16:14:19.623,1001,,,,125.0,30001,,,62820030,150.0,2024-11-27 16:34:21.696,2024-11-27 16:34:21.696,,,1.601609,97.753654,101.0,,1828,1424.94,,144.0,118.0,,,UTC-0300,hriiVjEkYE,,,fa5e7a87-ef46-448a-a7b4-d643630e7304.com.samsung.health.exercise.live_data.json,,1.2699953,com.sec.android.app.shealth,,,,,2024-11-27 16:33:06.130,fa5e7a87-ef46-448a-a7b4-d643630e7304,,
cd9635c1-6833-4356-85df-7bafa3382afb.live_data_internal.json,,0,,,,401.17,,,,,cd9635c1-6833-4356-85df-7bafa3382afb.sensing_status.json,1,,,,,,,,,,,,,,,2725488,,62820030,,,2024-11-27 23:15:11.693,15002,,,,121.0,,,,62820030,152.0,2024-11-28 00:00:39.100,2024-11-28 00:00:39.100,,,,,95.0,,,,,401.17,,,,UTC-0300,hriiVjEkYE,,,cd9635c1-6833-4356-85df-7bafa3382afb.com.samsung.health.exercise.live_data.json,,,com.sec.android.app.shealth,,,,,2024-11-28 00:00:37.181,cd9635c1-6833-4356-85df-7bafa3382afb,,
9b71a4d6-7e1e-4911-a439-fcf1e2c2f2ba.live_data_internal.json,,0,,,,599.28,,,,,9b71a4d6-7e1e-4911-a439-fcf1e2c2f2ba.sensing_status.json,1,,,,,,,,,,,,,,,3998110,,62820030,,,2024-11-28 23:14:56.808,15002,,,,119.0,,,,62820030,155.0,2024-11-29 00:21:36.354,2024-11-29 00:21:36.354,,,,,78.0,,,,,599.28,,,,UTC-0300,hriiVjEkYE,,,9b71a4d6-7e1e-4911-a439-fcf1e2c2f2ba.com.samsung.health.exercise.live_data.json,,,com.sec.android.app.shealth,,,,,2024-11-29 00:21:34.918,9b71a4d6-7e1e-4911-a439-fcf1e2c2f2ba,,
ed20b501-1dc6-400c-b397-f4a8a3fbcf33.live_data_internal.json,,0,,,,95.90741,,,,,ed20b501-1dc6-400c-b397-f4a8a3fbcf33.sensing_status.json,4,,,,,,,,,,,,ed20b501-1dc6-400c-b397-f4a8a3fbcf33.location_data_internal.json,,,712905,,62850050,,ed20b501-1dc6-400c-b397-f4a8a3fbcf33.com.samsung.health.exercise.location_data.json,2024-12-06 20:32:51.718,1001,,,,102.0,30001,,,62850050,118.0,2024-12-06 20:46:36.189,2024-12-06 20:46:36.189,,,1.555,73.64235,81.0,,875,698.86,,95.0,118.0,,,UTC-0300,hriiVjEkYE,,,ed20b501-1dc6-400c-b397-f4a8a3fbcf33.com.samsung.health.exercise.live_data.json,,0.9802989,com.sec.android.app.shealth,,,,,2024-12-06 20:45:20.640,ed20b501-1dc6-400c-b397-f4a8a3fbcf33,,
659181ce-d321-48af-a0a7-e5fdbd035f91.live_data_internal.json,,0,,,,131.02643,,,,,659181ce-d321-48af-a0a7-e5fdbd035f91.sensing_status.json,4,,,,,,,,,,,,659181ce-d321-48af-a0a7-e5fdbd035f91.location_data_internal.json,,,846556,,62850050,,659181ce-d321-48af-a0a7-e5fdbd035f91.com.samsung.health.exercise.location_data.json,2024-12-10 23:09:33.038,1001,,,,107.0,30001,,,62850050,114.0,2024-12-10 23:27:34.895,2024-12-10 23:27:34.895,,,2.1666667,93.48466,85.0,,1319,1105.11,,127.0,120.0,,,UTC-0300,hriiVjEkYE,,,659181ce-d321-48af-a0a7-e5fdbd035f91.com.samsung.health.exercise.live_data.json,,1.3054186,com.sec.android.app.shealth,,,,,2024-12-10 23:26:19.412,659181ce-d321-48af-a0a7-e5fdbd035f91,,
c8e2e04f-378f-4cb7-a7f0-633183ec883f.live_data_internal.json,,0,,,,103.25692,,,,,c8e2e04f-378f-4cb7-a7f0-633183ec883f.sensing_status.json,4,,,,,,,,,,,,c8e2e04f-378f-4cb7-a7f0-633183ec883f.location_data_internal.json,,,661994,,62850050,,c8e2e04f-378f-4cb7-a7f0-633183ec883f.com.samsung.health.exercise.location_data.json,2024-12-20 16:24:36.457,1001,,,,109.0,30001,,,62850050,135.0,2024-12-20 16:37:04.768,2024-12-20 16:37:04.768,,,3.7222223,82.296814,93.0,,908,748.92,,103.0,162.0,,,UTC-0300,hriiVjEkYE,,,c8e2e04f-378f-4cb7-a7f0-633183ec883f.com.samsung.health.exercise.live_data.json,,1.1313093,com.sec.android.app.shealth,,,,,2024-12-20 16:35:49.011,c8e2e04f-378f-4cb7-a7f0-633183ec883f,,
,,,,,,,1,,,,,4,0,,0,,,,,,,,,,,,643000,,62850050,,,2025-01-05 22:47:17.000,1001,,,,,30001,,,62850050,,2025-01-05 23:02:58.495,2025-01-05 23:02:58.495,,,1.3333334,,,,1138,865.42,,68.16,,,,UTC-0300,487mnSNu6t,,,b61f2ee9-802d-4c7b-ac07-993c7877f8e3.com.samsung.health.exercise.live_data.json,,1.3333334,com.sec.android.app.shealth,,,,,2025-01-05 22:58:00.000,b61f2ee9-802d-4c7b-ac07-993c7877f8e3,,
4e80a283-f69e-4ac1-b62c-cc76a0fa5524.live_data_internal.json,,0,,,,90.0,,,,,4e80a283-f69e-4ac1-b62c-cc76a0fa5524.sensing_status.json,4,,,,,,,,,,,,4e80a283-f69e-4ac1-b62c-cc76a0fa5524.location_data_internal.json,,,755091,,62850050,,4e80a283-f69e-4ac1-b62c-cc76a0fa5524.com.samsung.health.exercise.location_data.json,2025-01-12 02:29:06.117,1001,,,,103.0,30001,,,62850050,124.0,2025-01-12 02:42:56.644,2025-01-12 02:42:56.644,,,1.7563906,83.35419,92.0,,1049,781.33,,90.0,104.0,,,UTC-0300,hriiVjEkYE,,,4e80a283-f69e-4ac1-b62c-cc76a0fa5524.com.samsung.health.exercise.live_data.json,,1.0347495,com.sec.android.app.shealth,,,,,2025-01-12 02:41:41.208,4e80a283-f69e-4ac1-b62c-cc76a0fa5524,,
,,0,,,,42.09,,,,,bde1320e-d6ad-4dab-8322-789277c8c20c.sensing_status.json,1,,,,,,,,,,,,,,,425846,,62900750,,,2025-01-16 22:46:00.712,15002,,,,,,,,62900750,,2025-01-16 22:53:07.677,2025-01-16 22:53:07.677,,,,,,,,,,42.09,,,,UTC-0300,hriiVjEkYE,,,,,,com.sec.android.app.shealth,,,,,2025-01-16 22:53:06.558,bde1320e-d6ad-4dab-8322-789277c8c20c,,
,,,,,,,1,,,,,4,0,,0,,,,,,,,,,,,2608000,,62900750,,,2025-01-26 19:56:32.000,1001,,,,,30001,,,62900750,,2025-01-26 20:46:36.453,2025-01-26 20:46:36.453,,,1.3611112,,,,4628,3496.04,,139.19,,,,UTC-0300,487mnSNu6t,,,73d0b812-c666-4e28-badb-11393a242e15.com.samsung.health.exercise.live_data.json,,1.3405061,com.sec.android.app.shealth,,,,,2025-01-26 20:40:00.000,73d0b812-c666-4e28-badb-11393a242e15,,
9974c79a-4d60-4ecf-8843-66a90c355c1b.live_data_internal.json,,0,,,,142.40773,,,,,9974c79a-4d60-4ecf-8843-66a90c355c1b.sensing_status.json,4,,,,,,,,,,,,9974c79a-4d60-4ecf-8843-66a90c355c1b.location_data_internal.json,,,1030645,,62900750,,9974c79a-4d60-4ecf-8843-66a90c355c1b.com.samsung.health.exercise.location_data.json,2025-01-27 15:09:33.924,1001,,,,107.0,30001,,,62900750,125.0,2025-01-27 15:28:16.485,2025-01-27 15:28:16.485,,,1.6666666,101.47043,98.0,,1743,1370.32,,142.0,125.0,,,UTC-0300,hriiVjEkYE,,,9974c79a-4d60-4ecf-8843-66a90c355c1b.com.samsung.health.exercise.live_data.json,,1.3295751,com.sec.android.app.shealth,,,,,2025-01-27 15:27:00.753,9974c79a-4d60-4ecf-8843-66a90c355c1b,,
5a0dcd2f-3c87-4390-aa58-ab48eee18eff.live_data_internal.json,,0,,,,450.73,,,,,5a0dcd2f-3c87-4390-aa58-ab48eee18eff.sensing_status.json,1,,,,,,,,,,,,,,,3023188,,62900750,,,2025-01-27 15:29:27.167,15002,,,,123.0,,,,62900750,152.0,2025-01-27 16:19:51.710,2025-01-27 16:19:51.710,,,,,100.0,,,,,450.73,,,,UTC-0300,hriiVjEkYE,,,5a0dcd2f-3c87-4390-aa58-ab48eee18eff.com.samsung.health.exercise.live_data.json,,,com.sec.android.app.shealth,,,,,2025-01-27 16:19:50.355,5a0dcd2f-3c87-4390-aa58-ab48eee18eff,,
f73286b3-267c-47ee-bca3-4dc2f1ef8479.live_data_internal.json,,0,,,,118.0,,,,,f73286b3-267c-47ee-bca3-4dc2f1ef8479.sensing_status.json,4,,,,,,,,,,,,f73286b3-267c-47ee-bca3-4dc2f1ef8479.location_data_internal.json,,,826702,,62900750,,f73286b3-267c-47ee-bca3-4dc2f1ef8479.com.samsung.health.exercise.location_data.json,2025-01-27 16:20:06.501,1001,,,,128.0,30001,,,62900750,171.0,2025-01-27 16:35:09.057,2025-01-27 16:35:09.057,,,1.6611665,113.65643,76.0,,1566,1236.75,,118.0,124.0,,,UTC-0300,hriiVjEkYE,,,f73286b3-267c-47ee-bca3-4dc2f1ef8479.com.samsung.health.exercise.live_data.json,,1.4960046,com.sec.android.app.shealth,,,,,2025-01-27 16:33:53.203,f73286b3-267c-47ee-bca3-4dc2f1ef8479,,
f81c0530-6cbf-47d5-ac6d-f0d702ba6a16.live_data_internal.json,,0,,,,80.00002,,,,,f81c0530-6cbf-47d5-ac6d-f0d702ba6a16.sensing_status.json,4,,,,,,,,,,,,f81c0530-6cbf-47d5-ac6d-f0d702ba6a16.location_data_internal.json,,,664504,,62900750,,f81c0530-6cbf-47d5-ac6d-f0d702ba6a16.com.samsung.health.exercise.location_data.json,2025-01-30 22:11:52.288,1001,,,,98.0,30001,,,62900750,119.0,2025-01-30 22:24:12.196,2025-01-30 22:24:12.196,,,1.5358335,66.1847,82.0,,733,554.03,,80.0,117.0,,,UTC-0300,hriiVjEkYE,,,f81c0530-6cbf-47d5-ac6d-f0d702ba6a16.com.samsung.health.exercise.live_data.json,,0.8337497,com.sec.android.app.shealth,,,,,2025-01-30 22:22:56.793,f81c0530-6cbf-47d5-ac6d-f0d702ba6a16,,
103c1cc7-7df4-4c78-9b5f-a2d114b08ce0.live_data_internal.json,,0,,,,570.75,,,,,103c1cc7-7df4-4c78-9b5f-a2d114b08ce0.sensing_status.json,1,,,,,,,,,,,,,,,3608394,,62900750,,,2025-01-30 23:23:31.572,15002,,,,125.0,,,,62900750,159.0,2025-01-31 00:23:41.631,2025-01-31 00:23:41.631,,,,,95.0,,,,,570.75,,,,UTC-0300,hriiVjEkYE,,,103c1cc7-7df4-4c78-9b5f-a2d114b08ce0.com.samsung.health.exercise.live_data.json,,,com.sec.android.app.shealth,,,,,2025-01-31 00:23:39.966,103c1cc7-7df4-4c78-9b5f-a2d114b08ce0,,
4d5a0bda-700f-486b-9ccd-494511dcb0dc.live_data_internal.json,,0,,,,88.01,,,,,4d5a0bda-700f-486b-9ccd-494511dcb0dc.sensing_status.json,1,,,,,,,,,,,,,,,1351432,,62900750,,,2025-02-03 00:04:53.124,15002,,,,60.0,,,,62900750,70.0,2025-02-03 00:27:26.521,2025-02-03 00:27:26.521,,,,,53.0,,,,,88.01,,,,UTC-0300,hriiVjEkYE,,,4d5a0bda-700f-486b-9ccd-494511dcb0dc.com.samsung.health.exercise.live_data.json,,,com.sec.android.app.shealth,,,,,2025-02-03 00:27:24.556,4d5a0bda-700f-486b-9ccd-494511dcb0dc,,
f9821a62-8efc-40c6-9fc6-b98393784cb7.live_data_internal.json,,0,,,,136.30681,,,,,f9821a62-8efc-40c6-9fc6-b98393784cb7.sensing_status.json,4,,,,,,,,,,,,f9821a62-8efc-40c6-9fc6-b98393784cb7.location_data_internal.json,,,1004198,,62900750,,f9821a62-8efc-40c6-9fc6-b98393784cb7.com.samsung.health.exercise.location_data.json,2025-02-04 15:16:21.836,1001,,,,112.0,30001,,,62900750,128.0,2025-02-04 15:33:39.546,2025-02-04 15:33:39.546,,,1.6688333,102.46983,90.0,,1715,1346.45,,136.0,126.0,,,UTC-0300,hriiVjEkYE,,,f9821a62-8efc-40c6-9fc6-b98393784cb7.com.samsung.health.exercise.live_data.json,,1.3408211,com.sec.android.app.shealth,,,,,2025-02-04 15:33:18.212,f9821a62-8efc-40c6-9fc6-b98393784cb7,,
7876f050-0dae-4a48-b8df-8633a3d3fdb3.live_data_internal.json,,0,,,,438.32,,,,,7876f050-0dae-4a48-b8df-8633a3d3fdb3.sensing_status.json,1,,,,,,,,,,,,,,,3076155,,62900750,,,2025-02-04 15:34:14.725,15002,,,,116.0,,,,62900750,135.0,2025-02-04 16:25:31.953,2025-02-04 16:25:31.953,,,,,82.0,,,,,438.32,,,,UTC-0300,hriiVjEkYE,,,7876f050-0dae-4a48-b8df-8633a3d3fdb3.com.samsung.health.exercise.live_data.json,,,com.sec.android.app.shealth,,,,,2025-02-04 16:25:30.880,7876f050-0dae-4a48-b8df-8633a3d3fdb3,,
fe8c4f32-2a0f-4961-86f2-c973d1ef12a9.live_data_internal.json,,0,,,,136.53197,,,,,fe8c4f32-2a0f-4961-86f2-c973d1ef12a9.sensing_status.json,4,,,,,,,,,,,,fe8c4f32-2a0f-4961-86f2-c973d1ef12a9.location_data_internal.json,,,964697,,62900750,,fe8c4f32-2a0f-4961-86f2-c973d1ef12a9.com.samsung.health.exercise.location_data.json,2025-02-04 16:25:48.398,1001,,,,114.0,30001,,,62900750,157.0,2025-02-04 16:43:30.053,2025-02-04 16:43:30.053,,,1.6388888,109.340034,82.0,,1758,1368.03,,136.0,122.0,,,UTC-0300,hriiVjEkYE,,,fe8c4f32-2a0f-4961-86f2-c973d1ef12a9.com.samsung.health.exercise.live_data.json,,1.418093,com.sec.android.app.shealth,,,,,2025-02-04 16:42:14.210,fe8c4f32-2a0f-4961-86f2-c973d1ef12a9,,
dd120fc5-b265-45b4-9395-9619cc6e0daf.live_data_internal.json,,0,,,,664.74,,,,,dd120fc5-b265-45b4-9395-9619cc6e0daf.sensing_status.json,1,,,,,,,,,,,,,,,4456618,,62900750,,,2025-02-07 22:29:58.879,15002,,,,120.0,,,,62900750,144.0,2025-02-07 23:44:16.895,2025-02-07 23:44:16.895,,,,,85.0,,,,,664.74,,,,UTC-0300,hriiVjEkYE,,,dd120fc5-b265-45b4-9395-9619cc6e0daf.com.samsung.health.exercise.live_data.json,,,com.sec.android.app.shealth,,,,,2025-02-07 23:44:15.497,dd120fc5-b265-45b4-9395-9619cc6e0daf,,
01c0d68d-99b1-4db6-99b5-decb8f876e18.live_data_internal.json,,0,,,,547.07,,,,,01c0d68d-99b1-4db6-99b5-decb8f876e18.sensing_status.json,1,,,,,,,,,,,,,,,3606812,,62920010,,,2025-02-10 23:05:01.534,15002,,,,124.0,,,,62920010,159.0,2025-02-11 00:05:10.091,2025-02-11 00:05:10.091,,,,,78.0,,,,,547.07,,,,UTC-0300,hriiVjEkYE,,,01c0d68d-99b1-4db6-99b5-decb8f876e18.com.samsung.health.exercise.live_data.json,,,com.sec.android.app.shealth,,,,,2025-02-11 00:05:08.346,01c0d68d-99b1-4db6-99b5-decb8f876e18,,
20b70dbd-954b-4850-9e01-71bae3e19cb3.live_data_internal.json,,0,,,,645.69,,,,,20b70dbd-954b-4850-9e01-71bae3e19cb3.sensing_status.json,1,,,,,,,,,,,,,,,4107816,,62920010,,,2025-02-11 22:58:42.980,15002,,,,122.0,,,,62920010,161.0,2025-02-12 00:07:12.471,2025-02-12 00:07:12.471,,,,,92.0,,,,,645.69,,,,UTC-0300,hriiVjEkYE,,,20b70dbd-954b-4850-9e01-71bae3e19cb3.com.samsung.health.exercise.live_data.json,,,com.sec.android.app.shealth,,,,,2025-02-12 00:07:10.796,20b70dbd-954b-4850-9e01-71bae3e19cb3,,
f6e9146e-2bf7-479f-97f1-02ae6c73de13.live_data_internal.json,,0,,,,135.15137,,,,,f6e9146e-2bf7-479f-97f1-02ae6c73de13.sensing_status.json,4,,,,,,,,,,,,f6e9146e-2bf7-479f-97f1-02ae6c73de13.location_data_internal.json,,,1008667,,62920010,,f6e9146e-2bf7-479f-97f1-02ae6c73de13.com.samsung.health.exercise.location_data.json,2025-02-12 22:56:20.654,1001,,,,103.0,30001,,,62920010,116.0,2025-02-12 23:14:30.940,2025-02-12 23:14:30.940,,,1.4722222,105.64438,81.0,,1776,1362.31,,135.0,113.0,,,UTC-0300,hriiVjEkYE,,,f6e9146e-2bf7-479f-97f1-02ae6c73de13.com.samsung.health.exercise.live_data.json,,1.3506044,com.sec.android.app.shealth,,,,,2025-02-12 23:13:15.329,f6e9146e-2bf7-479f-97f1-02ae6c73de13,,
31dce412-483a-4b11-9e39-ce49970fd304.live_data_internal.json,,0,,,,470.17,,,,,31dce412-483a-4b11-9e39-ce49970fd304.sensing_status.json,1,,,,,,,,,,,,,,,3609532,,62920010,,,2025-02-12 23:15:33.726,15002,,,,103.0,,,,62920010,125.0,2025-02-13 00:15:44.663,2025-02-13 00:15:44.663,,,,,83.0,,,,,470.17,,,,UTC-0300,hriiVjEkYE,,,31dce412-483a-4b11-9e39-ce49970fd304.com.samsung.health.exercise.live_data.json,,,com.sec.android.app.shealth,,,,,2025-02-13 00:15:43.258,31dce412-483a-4b11-9e39-ce49970fd304,,
72f33fdd-ef85-4c9d-ba48-19d02203d98f.live_data_internal.json,,0,,,,106.63345,,,,,72f33fdd-ef85-4c9d-ba48-19d02203d98f.sensing_status.json,4,,,,,,,,,,,,72f33fdd-ef85-4c9d-ba48-19d02203d98f.location_data_internal.json,,,803470,,62920010,,72f33fdd-ef85-4c9d-ba48-19d02203d98f.com.samsung.health.exercise.location_data.json,2025-02-13 00:15:52.900,1001,,,,123.0,30001,,,62920010,141.0,2025-02-13 00:29:42.072,2025-02-13 00:29:42.072,,,1.6516666,109.92322,105.0,,1472,1103.86,,106.0,125.0,,,UTC-0300,hriiVjEkYE,,,72f33fdd-ef85-4c9d-ba48-19d02203d98f.com.samsung.health.exercise.live_data.json,,1.3738658,com.sec.android.app.shealth,,,,,2025-02-13 00:29:41.513,72f33fdd-ef85-4c9d-ba48-19d02203d98f,,
938cc100-373e-445e-afe0-d1008974c58f.live_data_internal.json,,0,,,,115.0,,,,,938cc100-373e-445e-afe0-d1008974c58f.sensing_status.json,4,,,,,,,,,,,,938cc100-373e-445e-afe0-d1008974c58f.location_data_internal.json,,,824252,,62920010,,938cc100-373e-445e-afe0-d1008974c58f.com.samsung.health.exercise.location_data.json,2025-02-14 22:48:53.848,1001,,,,101.0,30001,,,62920010,123.0,2025-02-14 23:03:53.627,2025-02-14 23:03:53.627,,,1.5668334,115.66851,74.0,,1589,1199.65,,115.0,119.0,,,UTC-0300,hriiVjEkYE,,,938cc100-373e-445e-afe0-d1008974c58f.com.samsung.health.exercise.live_data.json,,1.4554408,com.sec.android.app.shealth,,,,,2025-02-14 23:02:38.100,938cc100-373e-445e-afe0-d1008974c58f,,
54164a2e-ddcf-49d7-9d9e-7f0ac857eff7.live_data_internal.json,,0,,,,494.65,,,,,54164a2e-ddcf-49d7-9d9e-7f0ac857eff7.sensing_status.json,1,,,,,,,,,,,,,,,3606335,,62920010,,,2025-02-14 23:05:56.811,15002,,,,108.0,,,,62920010,141.0,2025-02-15 00:06:04.377,2025-02-15 00:06:04.377,,,,,86.0,,,,,494.65,,,,UTC-0300,hriiVjEkYE,,,54164a2e-ddcf-49d7-9d9e-7f0ac857eff7.com.samsung.health.exercise.live_data.json,,,com.sec.android.app.shealth,,,,,2025-02-15 00:06:03.146,54164a2e-ddcf-49d7-9d9e-7f0ac857eff7,,
3beae531-af4f-4df7-93b6-4d8c3b5afb6f.live_data_internal.json,,0,,,,114.0,,,,,3beae531-af4f-4df7-93b6-4d8c3b5afb6f.sensing_status.json,4,,,,,,,,,,,,3beae531-af4f-4df7-93b6-4d8c3b5afb6f.location_data_internal.json,,,829304,,62920010,,3beae531-af4f-4df7-93b6-4d8c3b5afb6f.com.samsung.health.exercise.location_data.json,2025-02-15 00:06:27.596,1001,,,,137.0,30001,,,62920010,150.0,2025-02-15 00:21:32.729,2025-02-15 00:21:32.729,,,1.5536667,103.46025,90.0,,1430,1116.5,,114.0,118.0,,,UTC-0300,hriiVjEkYE,,,3beae531-af4f-4df7-93b6-4d8c3b5afb6f.com.samsung.health.exercise.live_data.json,,1.3463097,com.sec.android.app.shealth,,,,,2025-02-15 00:20:16.900,3beae531-af4f-4df7-93b6-4d8c3b5afb6f,,
,,,,,,,1,,,,,4,0,,0,,,,,,,,,,,,1056000,,62920010,,,2025-02-18 14:27:24.000,1001,,,,,30001,,,62920010,,2025-02-18 14:45:41.116,2025-02-18 14:45:41.116,,,1.6388888,,,,2094,1629.96,,62.95,,,,UTC-0300,487mnSNu6t,,,5eff3b6e-916d-4a06-89ca-a1dbda1f7191.com.samsung.health.exercise.live_data.json,,1.5435227,com.sec.android.app.shealth,,,,,2025-02-18 14:45:00.000,5eff3b6e-916d-4a06-89ca-a1dbda1f7191,,
bb58e370-0806-4be1-81c7-5d827d1f1547.live_data_internal.json,,0,,,,100.0,,,,,bb58e370-0806-4be1-81c7-5d827d1f1547.sensing_status.json,4,,,,,,,,,,,,bb58e370-0806-4be1-81c7-5d827d1f1547.location_data_internal.json,,,721095,,62920010,,bb58e370-0806-4be1-81c7-5d827d1f1547.com.samsung.health.exercise.location_data.json,2025-02-20 21:39:28.375,1001,,,,102.0,30001,,,62920010,118.0,2025-02-20 21:52:44.868,2025-02-20 21:52:44.868,,,1.5833334,91.19465,64.0,,1096,850.15,,100.0,119.0,,,UTC-0300,hriiVjEkYE,,,bb58e370-0806-4be1-81c7-5d827d1f1547.com.samsung.health.exercise.live_data.json,,1.1789709,com.sec.android.app.shealth,,,,,2025-02-20 21:51:29.470,bb58e370-0806-4be1-81c7-5d827d1f1547,,
f1d9ab19-9aac-47c8-b8eb-45c46cab7a3a.live_data_internal.json,,0,,,,150.99472,,,,,f1d9ab19-9aac-47c8-b8eb-45c46cab7a3a.sensing_status.json,4,,,,,,,,,,,,f1d9ab19-9aac-47c8-b8eb-45c46cab7a3a.location_data_internal.json,,,1014102,,62920010,,f1d9ab19-9aac-47c8-b8eb-45c46cab7a3a.com.samsung.health.exercise.location_data.json,2025-02-20 22:51:02.894,1001,,,,115.0,30001,,,62920010,131.0,2025-02-20 23:11:11.568,2025-02-20 23:11:11.568,,,1.7577572,98.27415,95.0,,1661,1383.71,,148.0,123.0,,,UTC-0300,hriiVjEkYE,,,f1d9ab19-9aac-47c8-b8eb-45c46cab7a3a.com.samsung.health.exercise.live_data.json,,1.3644682,com.sec.android.app.shealth,,,,,2025-02-20 23:09:55.863,f1d9ab19-9aac-47c8-b8eb-45c46cab7a3a,,
,,,,,,,1,,,,,4,0,,0,,,,,,,,,,,,890000,,62930070,,,2025-02-24 23:13:10.000,1001,,,,,30001,,,62930070,,2025-02-24 23:34:20.475,2025-02-24 23:34:20.475,,,1.4846666,,,,1707,1307.38,,51.3,,,,UTC-0300,487mnSNu6t,,,4104f641-025e-4094-8ed3-d7291847d718.com.samsung.health.exercise.live_data.json,,1.4689664,com.sec.android.app.shealth,,,,,2025-02-24 23:28:00.000,4104f641-025e-4094-8ed3-d7291847d718,,
,,,,,,,1,,,,,4,0,,0,,,,,,,,,,,,882043,,62930070,,,2025-02-25 00:22:17.000,1001,,,,,30001,,,62930070,,2025-02-25 00:47:24.139,2025-02-25 00:47:24.139,,,1.5973333,,,,1716,1323.61,,51.6,,,,UTC-0300,487mnSNu6t,,,c8e9a80d-8466-493f-a754-218fc1abca97.com.samsung.health.exercise.live_data.json,,1.5006185,com.sec.android.app.shealth,,,,,2025-02-25 00:37:00.000,c8e9a80d-8466-493f-a754-218fc1abca97,,
79f9b5c3-68b2-4162-ad1b-af0723e5abc2.live_data_internal.json,,0,,,,115.0,,,,,79f9b5c3-68b2-4162-ad1b-af0723e5abc2.sensing_status.json,4,,,,,,,,,,,,79f9b5c3-68b2-4162-ad1b-af0723e5abc2.location_data_internal.json,,,932548,,62930070,,79f9b5c3-68b2-4162-ad1b-af0723e5abc2.com.samsung.health.exercise.location_data.json,2025-02-26 21:07:21.996,1001,,,,108.0,30001,,,62930070,127.0,2025-02-26 21:24:10.205,2025-02-26 21:24:10.205,,,2.6659875,85.89371,85.0,,1335,1028.94,,115.0,116.0,,,UTC-0300,hriiVjEkYE,,,79f9b5c3-68b2-4162-ad1b-af0723e5abc2.com.samsung.health.exercise.live_data.json,,1.1033641,com.sec.android.app.shealth,,,,,2025-02-26 21:22:54.544,79f9b5c3-68b2-4162-ad1b-af0723e5abc2,,
4d9f1760-b03f-44b5-82f2-cccf323208cb.live_data_internal.json,,0,,,,157.58897,,,,,4d9f1760-b03f-44b5-82f2-cccf323208cb.sensing_status.json,4,,,,,,,,,,,,4d9f1760-b03f-44b5-82f2-cccf323208cb.location_data_internal.json,,,1110745,,62930070,,4d9f1760-b03f-44b5-82f2-cccf323208cb.com.samsung.health.exercise.location_data.json,2025-02-26 22:47:30.108,1001,,,,112.0,30001,,,62930070,132.0,2025-02-26 23:08:19.646,2025-02-26 23:08:19.646,,,2.0183396,97.61016,85.0,,1807,1449.37,,156.0,118.0,,,UTC-0300,hriiVjEkYE,,,4d9f1760-b03f-44b5-82f2-cccf323208cb.com.samsung.health.exercise.live_data.json,,1.304863,com.sec.android.app.shealth,,,,,2025-02-26 23:07:03.923,4d9f1760-b03f-44b5-82f2-cccf323208cb,,
c9b0d458-1268-42dd-949a-d71567d24126.live_data_internal.json,,0,,,,167.931,,,,,c9b0d458-1268-42dd-949a-d71567d24126.sensing_status.json,4,,,,,,,,,,,,c9b0d458-1268-42dd-949a-d71567d24126.location_data_internal.json,,,1310697,,62930070,,c9b0d458-1268-42dd-949a-d71567d24126.com.samsung.health.exercise.location_data.json,2025-02-28 22:16:14.955,1001,,,,104.0,30001,,,62930070,115.0,2025-02-28 22:39:58.246,2025-02-28 22:39:58.246,,,2.3333333,87.38862,85.0,,1909,1502.93,,167.0,115.0,,,UTC-0300,hriiVjEkYE,,,c9b0d458-1268-42dd-949a-d71567d24126.com.samsung.health.exercise.live_data.json,,1.1466647,com.sec.android.app.shealth,,,,,2025-02-28 22:38:42.702,c9b0d458-1268-42dd-949a-d71567d24126,,
14d21b52-1d0e-4159-a55f-37a2f3ab14f2.live_data_internal.json,,0,,,,446.43,,,,,14d21b52-1d0e-4159-a55f-37a2f3ab14f2.sensing_status.json,1,,,,,,,,,,,,,,,3235399,,62930070,,,2025-02-28 22:40:01.969,15002,,,,106.0,,,,62930070,128.0,2025-02-28 23:33:58.456,2025-02-28 23:33:58.456,,,,,50.0,,,,,446.43,,,,UTC-0300,hriiVjEkYE,,,14d21b52-1d0e-4159-a55f-37a2f3ab14f2.com.samsung.health.exercise.live_data.json,,,com.sec.android.app.shealth,,,,,2025-02-28 23:33:57.368,14d21b52-1d0e-4159-a55f-37a2f3ab14f2,,
e877190b-633c-4b36-acf2-3650c2615bb6.live_data_internal.json,,0,,,,134.0,,,,,e877190b-633c-4b36-acf2-3650c2615bb6.sensing_status.json,4,,,,,,,,,,,,e877190b-633c-4b36-acf2-3650c2615bb6.location_data_internal.json,,,1015647,,62930070,,e877190b-633c-4b36-acf2-3650c2615bb6.com.samsung.health.exercise.location_data.json,2025-02-28 23:34:21.639,1001,,,,115.0,30001,,,62930070,130.0,2025-02-28 23:52:32.825,2025-02-28 23:52:32.825,,,1.4870001,107.576744,102.0,,1821,1386.97,,134.0,114.0,,,UTC-0300,hriiVjEkYE,,,e877190b-633c-4b36-acf2-3650c2615bb6.com.samsung.health.exercise.live_data.json,,1.3656024,com.sec.android.app.shealth,,,,,2025-02-28 23:51:17.285,e877190b-633c-4b36-acf2-3650c2615bb6,,
ed12cd7b-49e7-4ee2-afc2-fc8337c0ece7.live_data_internal.json,,0,,,,191.36,,,,,ed12cd7b-49e7-4ee2-afc2-fc8337c0ece7.sensing_status.json,1,,,,,,,,,,,,,,,1569253,,62930070,,,2025-03-01 15:49:18.245,15002,,,,74.0,,,,62930070,107.0,2025-03-01 16:15:28.491,2025-03-01 16:15:28.491,,,,,57.0,,,,,191.36,,,,UTC-0300,hriiVjEkYE,,,ed12cd7b-49e7-4ee2-afc2-fc8337c0ece7.com.samsung.health.exercise.live_data.json,,,com.sec.android.app.shealth,,,,,2025-03-01 16:15:27.498,ed12cd7b-49e7-4ee2-afc2-fc8337c0ece7,,
675ac820-2834-4f9c-b3d0-0b5c34dec31a.live_data_internal.json,,0,,,,140.00626,,,,,675ac820-2834-4f9c-b3d0-0b5c34dec31a.sensing_status.json,4,,,,,,,,,,,,675ac820-2834-4f9c-b3d0-0b5c34dec31a.location_data_internal.json,,,1175121,,62930070,,675ac820-2834-4f9c-b3d0-0b5c34dec31a.com.samsung.health.exercise.location_data.json,2025-03-02 00:24:13.074,1001,,,,113.0,30001,,,62930070,122.0,2025-03-02 00:44:10.668,2025-03-02 00:44:10.668,,,1.3888888,93.79459,94.0,,1837,1377.17,,140.0,107.0,,,UTC-0300,hriiVjEkYE,,,675ac820-2834-4f9c-b3d0-0b5c34dec31a.com.samsung.health.exercise.live_data.json,,1.1719389,com.sec.android.app.shealth,,,,,2025-03-02 00:43:48.444,675ac820-2834-4f9c-b3d0-0b5c34dec31a,,
,,,,,,,1,,,,,4,0,,0,,,,,,,,,,,,825000,,62930070,,,2025-03-05 23:20:15.000,1001,,,,,30001,,,62930070,,2025-03-05 23:37:06.215,2025-03-05 23:37:06.215,,,1.5,,,,1639,1285.75,,98.189995,,,,UTC-0300,487mnSNu6t,,,88c392dc-48a6-415c-973d-d9e3d34a32b3.com.samsung.health.exercise.live_data.json,,1.5,com.sec.android.app.shealth,,,,,2025-03-05 23:34:00.000,88c392dc-48a6-415c-973d-d9e3d34a32b3,,
,,,,,,,1,,,,,4,0,,0,,,,,,,,,,,,900000,,62930070,,,2025-03-06 00:32:00.000,1001,,,,,30001,,,62930070,,2025-03-06 00:52:03.659,2025-03-06 00:52:03.659,,,1.5277778,,,,1752,1368.08,,104.95,,,,UTC-0300,487mnSNu6t,,,6f6d7fd6-5198-484a-a38e-bd28ab6c32a1.com.samsung.health.exercise.live_data.json,,1.520089,com.sec.android.app.shealth,,,,,2025-03-06 00:47:00.000,6f6d7fd6-5198-484a-a38e-bd28ab6c32a1,,
a2edca2e-3336-459a-81c8-9be2992607d2.live_data_internal.json,,0,,,,132.09576,,,,,a2edca2e-3336-459a-81c8-9be2992607d2.sensing_status.json,4,,,,,,,,,,,,a2edca2e-3336-459a-81c8-9be2992607d2.location_data_internal.json,,,950037,,62930070,,a2edca2e-3336-459a-81c8-9be2992607d2.com.samsung.health.exercise.location_data.json,2025-03-06 22:49:35.588,1001,,,,110.0,30001,,,62930070,123.0,2025-03-06 23:06:44.778,2025-03-06 23:06:44.778,,,1.6228334,109.385216,93.0,,1732,1364.29,,132.0,123.0,,,UTC-0300,hriiVjEkYE,,,a2edca2e-3336-459a-81c8-9be2992607d2.com.samsung.health.exercise.live_data.json,,1.4360389,com.sec.android.app.shealth,,,,,2025-03-06 23:05:29.436,a2edca2e-3336-459a-81c8-9be2992607d2,,
2191a1cb-138b-469b-9f26-56f09f2b92af.live_data_internal.json,,0,,,,508.26,,,,,2191a1cb-138b-469b-9f26-56f09f2b92af.sensing_status.json,1,,,,,,,,,,,,,,,3607061,,62930070,,,2025-03-06 23:08:14.499,15002,,,,113.0,,,,62930070,139.0,2025-03-07 00:08:23.608,2025-03-07 00:08:23.608,,,,,92.0,,,,,508.26,,,,UTC-0300,hriiVjEkYE,,,2191a1cb-138b-469b-9f26-56f09f2b92af.com.samsung.health.exercise.live_data.json,,,com.sec.android.app.shealth,,,,,2025-03-07 00:08:21.560,2191a1cb-138b-469b-9f26-56f09f2b92af,,
a466ccb8-1e0e-4b0d-8afb-e150bca35e96.live_data_internal.json,,0,,,,390.84,,,,,a466ccb8-1e0e-4b0d-8afb-e150bca35e96.sensing_status.json,1,,,,,,,,,,,,,,,2470550,,62930070,,,2025-03-08 13:28:49.801,15002,,,,130.0,,,,62930070,159.0,2025-03-08 14:10:01.991,2025-03-08 14:10:01.991,,,,,84.0,,,,,390.84,,,,UTC-0300,hriiVjEkYE,,,a466ccb8-1e0e-4b0d-8afb-e150bca35e96.com.samsung.health.exercise.live_data.json,,,com.sec.android.app.shealth,,,,,2025-03-08 14:10:00.351,a466ccb8-1e0e-4b0d-8afb-e150bca35e96,,
782788ed-663d-4194-8860-6e602fe4df38.live_data_internal.json,,0,,,,470.76,,,,,782788ed-663d-4194-8860-6e602fe4df38.sensing_status.json,1,,,,,,,,,,,,,,,3508727,,62930070,,,2025-03-14 22:56:41.365,15002,,,,105.0,,,,62930070,126.0,2025-03-14 23:55:11.222,2025-03-14 23:55:11.222,,,,,55.0,,,,,470.76,,,,UTC-0300,hriiVjEkYE,,,782788ed-663d-4194-8860-6e602fe4df38.com.samsung.health.exercise.live_data.json,,,com.sec.android.app.shealth,,,,,2025-03-14 23:55:10.092,782788ed-663d-4194-8860-6e602fe4df38,,
59c2362d-3359-427f-be85-fe4cff44bd0a.live_data_internal.json,,0,,,,151.16444,,,,,59c2362d-3359-427f-be85-fe4cff44bd0a.sensing_status.json,4,,,,,,,,,,,,59c2362d-3359-427f-be85-fe4cff44bd0a.location_data_internal.json,,,1189622,,62930070,,59c2362d-3359-427f-be85-fe4cff44bd0a.com.samsung.health.exercise.location_data.json,2025-03-18 23:15:26.379,1001,,,,108.0,30001,,,62930070,124.0,2025-03-18 23:36:01.414,2025-03-18 23:36:01.414,,,1.6944444,93.559135,88.0,,1855,1448.43,,151.0,123.0,,,UTC-0300,hriiVjEkYE,,,59c2362d-3359-427f-be85-fe4cff44bd0a.com.samsung.health.exercise.live_data.json,,1.2175549,com.sec.android.app.shealth,,,,,2025-03-18 23:35:22.545,59c2362d-3359-427f-be85-fe4cff44bd0a,,
c6da1375-b11a-4741-a6ea-8f4eca2b8b89.live_data_internal.json,,0,,,,368.83,,,,,c6da1375-b11a-4741-a6ea-8f4eca2b8b89.sensing_status.json,1,,,,,,,,,,,,,,,2512838,,62930070,,,2025-03-18 23:36:10.800,15002,,,,119.0,,,,62930070,142.0,2025-03-19 00:18:04.638,2025-03-19 00:18:04.638,,,,,89.0,,,,,368.83,,,,UTC-0300,hriiVjEkYE,,,c6da1375-b11a-4741-a6ea-8f4eca2b8b89.com.samsung.health.exercise.live_data.json,,,com.sec.android.app.shealth,,,,,2025-03-19 00:18:03.638,c6da1375-b11a-4741-a6ea-8f4eca2b8b89,,
9c1e768f-70ee-4818-b1f6-604fb5779acc.live_data_internal.json,,0,,,,161.06473,,,,,9c1e768f-70ee-4818-b1f6-604fb5779acc.sensing_status.json,4,,,,,,,,,,,,9c1e768f-70ee-4818-b1f6-604fb5779acc.location_data_internal.json,,,1081202,,62930070,,9c1e768f-70ee-4818-b1f6-604fb5779acc.com.samsung.health.exercise.location_data.json,2025-03-19 00:25:16.056,1001,,,,103.0,30001,,,62930070,160.0,2025-03-19 00:46:00.029,2025-03-19 00:46:00.029,,,1.9883269,99.16741,63.0,,1787,1416.7,,157.0,123.0,,,UTC-0300,hriiVjEkYE,,,9c1e768f-70ee-4818-b1f6-604fb5779acc.com.samsung.health.exercise.live_data.json,,1.3103008,com.sec.android.app.shealth,,,,,2025-03-19 00:45:59.018,9c1e768f-70ee-4818-b1f6-604fb5779acc,,
97d0855a-ad92-499c-b5f0-6c8f97fb5eee.live_data_internal.json,,0,,,,104.0,,,,,97d0855a-ad92-499c-b5f0-6c8f97fb5eee.sensing_status.json,4,,,,,,,,,,,,97d0855a-ad92-499c-b5f0-6c8f97fb5eee.location_data_internal.json,,,639957,,62930070,,97d0855a-ad92-499c-b5f0-6c8f97fb5eee.com.samsung.health.exercise.location_data.json,2025-03-21 16:35:05.289,1001,,,,100.0,30001,,,62930070,109.0,2025-03-21 16:47:01.065,2025-03-21 16:47:01.065,,,3.676431,76.880165,84.0,,820,671.76,,104.0,173.0,,,UTC-0300,hriiVjEkYE,,,97d0855a-ad92-499c-b5f0-6c8f97fb5eee.com.samsung.health.exercise.live_data.json,,1.0496956,com.sec.android.app.shealth,,,,,2025-03-21 16:45:45.246,97d0855a-ad92-499c-b5f0-6c8f97fb5eee,,
b8ef88d5-3f3e-48ad-88d6-ae7e3b7034ee.live_data_internal.json,,0,,,,98.45633,,,,,b8ef88d5-3f3e-48ad-88d6-ae7e3b7034ee.sensing_status.json,4,,,,,,,,,,,,b8ef88d5-3f3e-48ad-88d6-ae7e3b7034ee.location_data_internal.json,,,710649,,62930070,,b8ef88d5-3f3e-48ad-88d6-ae7e3b7034ee.com.samsung.health.exercise.location_data.json,2025-03-21 21:52:07.169,1001,,,,104.0,30001,,,62930070,116.0,2025-03-21 22:06:51.219,2025-03-21 22:06:51.219,,,2.2426434,76.831184,87.0,,910,700.98,,96.0,118.0,,,UTC-0300,hriiVjEkYE,,,b8ef88d5-3f3e-48ad-88d6-ae7e3b7034ee.com.samsung.health.exercise.live_data.json,,0.9863941,com.sec.android.app.shealth,,,,,2025-03-21 22:05:35.570,b8ef88d5-3f3e-48ad-88d6-ae7e3b7034ee,,
c70d5fdd-04c8-4c79-a6d8-ae08046b41c3.live_data_internal.json,,0,,,,435.19,,,,,c70d5fdd-04c8-4c79-a6d8-ae08046b41c3.sensing_status.json,1,,,,,,,,,,,,,,,2868828,,62930070,,,2025-03-21 23:08:19.935,15002,,,,127.0,,,,62930070,157.0,2025-03-21 23:56:09.875,2025-03-21 23:56:09.875,,,,,92.0,,,,,435.19,,,,UTC-0300,hriiVjEkYE,,,c70d5fdd-04c8-4c79-a6d8-ae08046b41c3.com.samsung.health.exercise.live_data.json,,,com.sec.android.app.shealth,,,,,2025-03-21 23:56:08.763,c70d5fdd-04c8-4c79-a6d8-ae08046b41c3,,
956d16c9-974f-4096-9641-d07faf4580ea.live_data_internal.json,,0,,,,98.0,,,,,956d16c9-974f-4096-9641-d07faf4580ea.sensing_status.json,4,,,,,,,,,,,,956d16c9-974f-4096-9641-d07faf4580ea.location_data_internal.json,,,710726,,62930070,,956d16c9-974f-4096-9641-d07faf4580ea.com.samsung.health.exercise.location_data.json,2025-03-25 14:54:31.543,1001,,,,105.0,30001,,,62930070,113.0,2025-03-25 15:07:37.630,2025-03-25 15:07:37.630,,,1.5704999,85.771454,100.0,,1016,784.01,,98.0,119.0,,,UTC-0300,hriiVjEkYE,,,956d16c9-974f-4096-9641-d07faf4580ea.com.samsung.health.exercise.live_data.json,,1.1031115,com.sec.android.app.shealth,,,,,2025-03-25 15:06:22.269,956d16c9-974f-4096-9641-d07faf4580ea,,
581f76e3-5326-487d-be98-94443ed350bf.live_data_internal.json,,0,,,,365.55,,,,,581f76e3-5326-487d-be98-94443ed350bf.sensing_status.json,1,,,,,,,,,,,,,,,2693180,,62930070,,,2025-03-25 15:17:00.859,15002,,,,106.0,,,,62930070,126.0,2025-03-25 16:01:55.565,2025-03-25 16:01:55.565,,,,,85.0,,,,,365.55,,,,UTC-0300,hriiVjEkYE,,,581f76e3-5326-487d-be98-94443ed350bf.com.samsung.health.exercise.live_data.json,,,com.sec.android.app.shealth,,,,,2025-03-25 16:01:54.039,581f76e3-5326-487d-be98-94443ed350bf,,
d7d557c2-8401-4494-9e14-662faa574dca.live_data_internal.json,,0,,,,118.0,,,,,d7d557c2-8401-4494-9e14-662faa574dca.sensing_status.json,4,,,,,,,,,,,,d7d557c2-8401-4494-9e14-662faa574dca.location_data_internal.json,,,880173,,62930070,,d7d557c2-8401-4494-9e14-662faa574dca.com.samsung.health.exercise.location_data.json,2025-03-25 16:02:04.351,1001,,,,127.0,30001,,,62930070,174.0,2025-03-25 16:16:46.153,2025-03-25 16:16:46.153,,,1.663,108.455956,53.0,,1591,1265.28,,118.0,124.0,,,UTC-0300,hriiVjEkYE,,,d7d557c2-8401-4494-9e14-662faa574dca.com.samsung.health.exercise.live_data.json,,1.4375356,com.sec.android.app.shealth,,,,,2025-03-25 16:16:44.524,d7d557c2-8401-4494-9e14-662faa574dca,,
0248dd32-0f57-4155-839d-f4a966af40e7.live_data_internal.json,,0,,,,119.22832,,,,,0248dd32-0f57-4155-839d-f4a966af40e7.sensing_status.json,4,,,,,,,,,,,,0248dd32-0f57-4155-839d-f4a966af40e7.location_data_internal.json,,,883292,,62930070,,0248dd32-0f57-4155-839d-f4a966af40e7.com.samsung.health.exercise.location_data.json,2025-03-26 22:59:45.930,1001,,,,106.0,30001,,,62930070,115.0,2025-03-26 23:14:58.555,2025-03-26 23:14:58.555,,,1.6098334,113.57513,91.0,,1672,1278.18,,119.0,121.0,,,UTC-0300,hriiVjEkYE,,,0248dd32-0f57-4155-839d-f4a966af40e7.com.samsung.health.exercise.live_data.json,,1.447064,com.sec.android.app.shealth,,,,,2025-03-26 23:14:38.308,0248dd32-0f57-4155-839d-f4a966af40e7,,
09a9311c-d85d-4343-8426-a94c9532c2fa.live_data_internal.json,,0,,,,358.61,,,,,09a9311c-d85d-4343-8426-a94c9532c2fa.sensing_status.json,1,,,,,,,,,,,,,,,2555353,,62930070,,,2025-03-26 23:15:05.691,15002,,,,109.0,,,,62930070,130.0,2025-03-26 23:57:42.088,2025-03-26 23:57:42.088,,,,,82.0,,,,,358.61,,,,UTC-0300,hriiVjEkYE,,,09a9311c-d85d-4343-8426-a94c9532c2fa.com.samsung.health.exercise.live_data.json,,,com.sec.android.app.shealth,,,,,2025-03-26 23:57:41.044,09a9311c-d85d-4343-8426-a94c9532c2fa,,
4a198cdf-7bc0-4cfc-ab2d-87565df5e77a.live_data_internal.json,,0,,,,166.65964,,,,,4a198cdf-7bc0-4cfc-ab2d-87565df5e77a.sensing_status.json,4,,,,,,,,,,,,4a198cdf-7bc0-4cfc-ab2d-87565df5e77a.location_data_internal.json,,,1049576,,62930070,,4a198cdf-7bc0-4cfc-ab2d-87565df5e77a.com.samsung.health.exercise.location_data.json,2025-03-27 00:06:03.784,1001,,,,117.0,30001,,,62930070,139.0,2025-03-27 00:28:34.250,2025-03-27 00:28:34.250,,,1.823809,98.89708,98.0,,1730,1400.96,,161.0,122.0,,,UTC-0300,hriiVjEkYE,,,4a198cdf-7bc0-4cfc-ab2d-87565df5e77a.com.samsung.health.exercise.live_data.json,,1.3347865,com.sec.android.app.shealth,,,,,2025-03-27 00:27:18.591,4a198cdf-7bc0-4cfc-ab2d-87565df5e77a,,
d3373f64-e616-4504-848a-540630616761.live_data_internal.json,,0,,,,82.00005,,,,,d3373f64-e616-4504-848a-540630616761.sensing_status.json,4,,,,,,,,,,,,d3373f64-e616-4504-848a-540630616761.location_data_internal.json,,,621147,,62930070,,d3373f64-e616-4504-848a-540630616761.com.samsung.health.exercise.location_data.json,2025-03-27 15:53:45.189,1001,,,,108.0,30001,,,62930070,132.0,2025-03-27 16:05:21.930,2025-03-27 16:05:21.930,,,1.4722222,81.043625,94.0,,839,623.84,,82.0,109.0,,,UTC-0300,hriiVjEkYE,,,d3373f64-e616-4504-848a-540630616761.com.samsung.health.exercise.live_data.json,,1.0043356,com.sec.android.app.shealth,,,,,2025-03-27 16:04:06.338,d3373f64-e616-4504-848a-540630616761,,
c0d9825d-cba6-4790-971d-65d5144fc2de.live_data_internal.json,,0,,,,170.66226,,,,,c0d9825d-cba6-4790-971d-65d5144fc2de.sensing_status.json,4,,,,,,,,,,,,c0d9825d-cba6-4790-971d-65d5144fc2de.location_data_internal.json,,,1256881,,62930070,,c0d9825d-cba6-4790-971d-65d5144fc2de.com.samsung.health.exercise.location_data.json,2025-03-31 14:57:44.430,1001,,,,113.0,30001,,,62930070,131.0,2025-03-31 15:21:13.175,2025-03-31 15:21:13.175,,,1.6116667,83.349174,55.0,,1746,1450.97,,167.0,121.0,,,UTC-0300,hriiVjEkYE,,,c0d9825d-cba6-4790-971d-65d5144fc2de.com.samsung.health.exercise.live_data.json,,1.1544211,com.sec.android.app.shealth,,,,,2025-03-31 15:21:07.054,c0d9825d-cba6-4790-971d-65d5144fc2de,,
52d063fb-b996-4266-9b9a-854a7a520706.live_data_internal.json,,0,,,,375.78,,,,,52d063fb-b996-4266-9b9a-854a7a520706.sensing_status.json,1,,,,,,,,,,,,,,,2661676,,62930070,,,2025-03-31 15:21:22.998,15002,,,,111.0,,,,62930070,135.0,2025-03-31 16:05:46.023,2025-03-31 16:05:46.023,,,,,84.0,,,,,375.78,,,,UTC-0300,hriiVjEkYE,,,52d063fb-b996-4266-9b9a-854a7a520706.com.samsung.health.exercise.live_data.json,,,com.sec.android.app.shealth,,,,,2025-03-31 16:05:44.674,52d063fb-b996-4266-9b9a-854a7a520706,,
39f33190-3f87-4fca-9eb8-a06fc75b6fb8.live_data_internal.json,,0,,,,609.12,,,,,39f33190-3f87-4fca-9eb8-a06fc75b6fb8.sensing_status.json,1,,,,,,,,,,,,,,,4316378,,62950170,,,2025-04-04 23:07:07.197,15002,,,,109.0,,,,62950170,152.0,2025-04-05 00:19:05.029,2025-04-05 00:19:05.029,,,,,73.0,,,,,609.12,,,,UTC-0300,hriiVjEkYE,,,39f33190-3f87-4fca-9eb8-a06fc75b6fb8.com.samsung.health.exercise.live_data.json,,,com.sec.android.app.shealth,,,,,2025-04-05 00:19:03.575,39f33190-3f87-4fca-9eb8-a06fc75b6fb8,,
c6c93f7c-6d41-4c15-b1d1-7d159dd4405e.live_data_internal.json,,0,,,,468.9,,,,,c6c93f7c-6d41-4c15-b1d1-7d159dd4405e.sensing_status.json,1,,,,,,,,,,,,,,,2970370,,62950170,,,2025-04-05 14:05:00.024,15002,,,,128.0,,,,62950170,159.0,2025-04-05 14:54:31.763,2025-04-05 14:54:31.763,,,,,93.0,,,,,468.9,,,,UTC-0300,hriiVjEkYE,,,c6c93f7c-6d41-4c15-b1d1-7d159dd4405e.com.samsung.health.exercise.live_data.json,,,com.sec.android.app.shealth,,,,,2025-04-05 14:54:30.394,c6c93f7c-6d41-4c15-b1d1-7d159dd4405e,,
f437a6a4-bafe-4fd6-bd40-98099863f012.live_data_internal.json,,0,,,,79.0,,,,,f437a6a4-bafe-4fd6-bd40-98099863f012.sensing_status.json,4,,,,,,,,,,,,f437a6a4-bafe-4fd6-bd40-98099863f012.location_data_internal.json,,,625023,,62950170,,f437a6a4-bafe-4fd6-bd40-98099863f012.com.samsung.health.exercise.location_data.json,2025-04-09 21:39:13.875,1001,,,,94.0,30001,,,62950170,104.0,2025-04-09 21:50:54.612,2025-04-09 21:50:54.612,,,1.4918333,70.173416,70.0,,731,554.64,,79.0,114.0,,,UTC-0300,hriiVjEkYE,,,f437a6a4-bafe-4fd6-bd40-98099863f012.com.samsung.health.exercise.live_data.json,,0.8873913,com.sec.android.app.shealth,,,,,2025-04-09 21:49:38.897,f437a6a4-bafe-4fd6-bd40-98099863f012,,
de9c5e38-bd03-4dba-9b62-8a8a782788e2.live_data_internal.json,,0,,,,129.68748,,,,,de9c5e38-bd03-4dba-9b62-8a8a782788e2.sensing_status.json,4,,,,,,,,,,,,de9c5e38-bd03-4dba-9b62-8a8a782788e2.location_data_internal.json,,,973252,,62950170,,de9c5e38-bd03-4dba-9b62-8a8a782788e2.com.samsung.health.exercise.location_data.json,2025-04-15 15:17:22.770,1001,,,,109.0,30001,,,62950170,118.0,2025-04-15 15:34:14.523,2025-04-15 15:34:14.523,,,1.6198334,102.275665,93.0,,1659,1301.58,,129.0,122.0,,,UTC-0300,hriiVjEkYE,,,de9c5e38-bd03-4dba-9b62-8a8a782788e2.com.samsung.health.exercise.live_data.json,,1.3373514,com.sec.android.app.shealth,,,,,2025-04-15 15:34:03.381,de9c5e38-bd03-4dba-9b62-8a8a782788e2,,
3949d792-a4a1-46c8-beb6-3730c797b610.live_data_internal.json,,0,,,,426.22,,,,,3949d792-a4a1-46c8-beb6-3730c797b610.sensing_status.json,1,,,,,,,,,,,,,,,3091115,,62950170,,,2025-04-15 15:34:58.122,15002,,,,109.0,,,,62950170,133.0,2025-04-15 16:26:30.556,2025-04-15 16:26:30.556,,,,,90.0,,,,,426.22,,,,UTC-0300,hriiVjEkYE,,,3949d792-a4a1-46c8-beb6-3730c797b610.com.samsung.health.exercise.live_data.json,,,com.sec.android.app.shealth,,,,,2025-04-15 16:26:29.237,3949d792-a4a1-46c8-beb6-3730c797b610,,
14f781bf-eeea-4193-9bf3-064c6468beab.live_data_internal.json,,0,,,,116.0,,,,,14f781bf-eeea-4193-9bf3-064c6468beab.sensing_status.json,4,,,,,,,,,,,,14f781bf-eeea-4193-9bf3-064c6468beab.location_data_internal.json,,,797773,,62950170,,14f781bf-eeea-4193-9bf3-064c6468beab.com.samsung.health.exercise.location_data.json,2025-04-15 16:26:39.380,1001,,,,121.0,30001,,,62950170,157.0,2025-04-15 16:41:12.942,2025-04-15 16:41:12.942,,,1.7096666,122.44084,77.0,,1628,1244.49,,116.0,127.0,,,UTC-0300,hriiVjEkYE,,,14f781bf-eeea-4193-9bf3-064c6468beab.com.samsung.health.exercise.live_data.json,,1.559955,com.sec.android.app.shealth,,,,,2025-04-15 16:39:57.153,14f781bf-eeea-4193-9bf3-064c6468beab,,
2bfad1b2-5f33-4d09-9dd7-f0efd1493f8e.live_data_internal.json,,0,,,,17.17,,,,,2bfad1b2-5f33-4d09-9dd7-f0efd1493f8e.sensing_status.json,1,,,,,,,,,,,,,,,141667,,62950170,,,2025-04-22 03:29:16.758,15002,,,,72.0,,,,62950170,97.0,2025-04-22 03:31:39.440,2025-04-22 03:31:39.440,,,,,66.0,,,,,17.17,,,,UTC-0300,hriiVjEkYE,,,2bfad1b2-5f33-4d09-9dd7-f0efd1493f8e.com.samsung.health.exercise.live_data.json,,,com.sec.android.app.shealth,,,,,2025-04-22 03:31:38.425,2bfad1b2-5f33-4d09-9dd7-f0efd1493f8e,,
753c8407-74c7-4aeb-b2c7-b81aff06be90.live_data_internal.json,,0,,,,80.0,,,,,753c8407-74c7-4aeb-b2c7-b81aff06be90.sensing_status.json,4,,,,,,,,,,,,753c8407-74c7-4aeb-b2c7-b81aff06be90.location_data_internal.json,,,640090,,62950170,,753c8407-74c7-4aeb-b2c7-b81aff06be90.com.samsung.health.exercise.location_data.json,2025-05-02 00:07:09.214,1001,,,,93.0,30001,,,62950170,99.0,2025-05-02 00:19:04.999,2025-05-02 00:19:04.999,,,1.6070942,85.01929,82.0,,907,679.38,,80.0,108.0,,,UTC-0300,hriiVjEkYE,,,753c8407-74c7-4aeb-b2c7-b81aff06be90.com.samsung.health.exercise.live_data.json,,1.0613819,com.sec.android.app.shealth,,,,,2025-05-02 00:17:49.304,753c8407-74c7-4aeb-b2c7-b81aff06be90,,
bb3ee3a3-89a4-4e89-9891-fcfbbe9baa4d.live_data_internal.json,,0,,,,95.67316,,,,,bb3ee3a3-89a4-4e89-9891-fcfbbe9baa4d.sensing_status.json,4,,,,,,,,,,,,bb3ee3a3-89a4-4e89-9891-fcfbbe9baa4d.location_data_internal.json,,,689640,,62950170,,bb3ee3a3-89a4-4e89-9891-fcfbbe9baa4d.com.samsung.health.exercise.location_data.json,2025-05-02 01:24:08.834,1001,,,,96.0,30001,,,62950170,113.0,2025-05-02 01:38:00.551,2025-05-02 01:38:00.551,,,1.3251667,84.47886,78.0,,971,734.15,,94.0,105.0,,,UTC-0300,hriiVjEkYE,,,bb3ee3a3-89a4-4e89-9891-fcfbbe9baa4d.com.samsung.health.exercise.live_data.json,,1.064541,com.sec.android.app.shealth,,,,,2025-05-02 01:36:45.059,bb3ee3a3-89a4-4e89-9891-fcfbbe9baa4d,,
b7f6c08f-a0bd-42f4-adce-c982053c0cd2.live_data_internal.json,,0,,,,369.03604,,,,,b7f6c08f-a0bd-42f4-adce-c982053c0cd2.sensing_status.json,4,,,,,,,,,,,,b7f6c08f-a0bd-42f4-adce-c982053c0cd2.location_data_internal.json,,,3118062,,62950170,,b7f6c08f-a0bd-42f4-adce-c982053c0cd2.com.samsung.health.exercise.location_data.json,2025-05-02 19:05:19.220,1001,,,,98.0,30001,,,62950170,116.0,2025-05-02 19:58:34.332,2025-05-02 19:58:34.332,,,1.7222222,93.384926,83.0,,4853,3595.81,,369.0,106.0,,,UTC-0300,hriiVjEkYE,,,b7f6c08f-a0bd-42f4-adce-c982053c0cd2.com.samsung.health.exercise.live_data.json,,1.1532196,com.sec.android.app.shealth,,,,,2025-05-02 19:57:18.716,b7f6c08f-a0bd-42f4-adce-c982053c0cd2,,
bccd5984-bbd7-4d61-9e40-c9b30799e864.live_data_internal.json,,0,,,,313.5133,,,,,bccd5984-bbd7-4d61-9e40-c9b30799e864.sensing_status.json,4,,,,,,,,,,,,bccd5984-bbd7-4d61-9e40-c9b30799e864.location_data_internal.json,,,2572846,,62950170,,bccd5984-bbd7-4d61-9e40-c9b30799e864.com.samsung.health.exercise.location_data.json,2025-05-02 20:13:20.513,1001,,,,102.0,30001,,,62950170,118.0,2025-05-02 20:57:49.425,2025-05-02 20:57:49.425,,,1.4313823,97.05984,85.0,,4162,3136.89,,313.0,108.0,,,UTC-0300,hriiVjEkYE,,,bccd5984-bbd7-4d61-9e40-c9b30799e864.com.samsung.health.exercise.live_data.json,,1.2192296,com.sec.android.app.shealth,,,,,2025-05-02 20:56:33.786,bccd5984-bbd7-4d61-9e40-c9b30799e864,,
99661c8e-1dd2-4dff-8e1d-1756dba5c21b.live_data_internal.json,,0,,,,77.75837,,,,,99661c8e-1dd2-4dff-8e1d-1756dba5c21b.sensing_status.json,4,,,,,,,,,,,,99661c8e-1dd2-4dff-8e1d-1756dba5c21b.location_data_internal.json,,,639384,,62950170,,99661c8e-1dd2-4dff-8e1d-1756dba5c21b.com.samsung.health.exercise.location_data.json,2025-05-02 20:58:34.233,1001,,,,109.0,30001,,,62950170,120.0,2025-05-02 21:09:44.410,2025-05-02 21:09:44.410,,,1.4166666,88.77295,97.0,,946,704.2,,77.0,102.0,,,UTC-0300,hriiVjEkYE,,,99661c8e-1dd2-4dff-8e1d-1756dba5c21b.com.samsung.health.exercise.live_data.json,,1.1013726,com.sec.android.app.shealth,,,,,2025-05-02 21:09:43.797,99661c8e-1dd2-4dff-8e1d-1756dba5c21b,,
,,,,,,,1,,,,,4,0,,0,,,,,,,,,,,,3359000,,62950170,,,2025-05-03 19:11:01.000,1001,,,,,30001,,,62950170,,2025-05-03 20:15:03.719,2025-05-03 20:15:03.719,,,1.5079999,,,,5889,4484.49,,177.17,,,,UTC-0300,487mnSNu6t,,,b72d4be1-8af4-437d-bcb9-65f725463545.com.samsung.health.exercise.live_data.json,,1.335067,com.sec.android.app.shealth,,,,,2025-05-03 20:07:00.000,b72d4be1-8af4-437d-bcb9-65f725463545,,
,,,,,,,1,,,,,4,0,,0,,,,,,,,,,,,3295000,,62950170,,,2025-05-06 19:27:05.000,1001,,,,,30001,,,62950170,,2025-05-06 20:35:35.406,2025-05-06 20:35:35.406,,,1.4444444,,,,6134,4691.99,,184.23,,,,UTC-0300,487mnSNu6t,,,f02011ee-2092-4a4f-a8ee-be6ee44e3274.com.samsung.health.exercise.live_data.json,,1.4239727,com.sec.android.app.shealth,,,,,2025-05-06 20:22:00.000,f02011ee-2092-4a4f-a8ee-be6ee44e3274,,
,,,,,,,1,,,,,4,0,,0,,,,,,,,,,,,2460000,,62950170,,,2025-05-06 20:35:00.000,1001,,,,,30001,,,62950170,,2025-05-06 21:16:04.980,2025-05-06 21:16:04.980,,,1.4444444,,,,4561,3491.4,,137.07,,,,UTC-0300,487mnSNu6t,,,cce7a64c-c177-4c4f-a398-56500d1daa46.com.samsung.health.exercise.live_data.json,,1.4192683,com.sec.android.app.shealth,,,,,2025-05-06 21:16:00.000,cce7a64c-c177-4c4f-a398-56500d1daa46,,
11ca3c2b-5e0a-4f65-92b9-b49611336d0f.live_data_internal.json,,0,,-49.338505,,886.5516,,,,,11ca3c2b-5e0a-4f65-92b9-b49611336d0f.sensing_status.json,1,,,,,,,,-25.400904,,,,11ca3c2b-5e0a-4f65-92b9-b49611336d0f.location_data_internal.json,,,6480145,,62950170,,11ca3c2b-5e0a-4f65-92b9-b49611336d0f.com.samsung.health.exercise.location_data.json,2025-05-06 19:22:00.624,1001,,899.268,405.606,116.0,30001,,872.238,62950170,140.0,2025-05-06 21:15:43.148,2025-05-06 21:15:43.148,,,2.115,108.942,98.0,,11766,9274.334,,878.001,128.907,472.842,38.0,UTC-0300,hriiVjEkYE,,,11ca3c2b-5e0a-4f65-92b9-b49611336d0f.com.samsung.health.exercise.live_data.json,,1.4311924,com.sec.android.app.shealth,60.542,,,,2025-05-06 21:15:41.048,11ca3c2b-5e0a-4f65-92b9-b49611336d0f,,
5abc49f0-1d39-454e-85c8-8600fb7691d2.live_data_internal.json,,0,,,,126.912155,,,,,5abc49f0-1d39-454e-85c8-8600fb7691d2.sensing_status.json,4,,,,,,,,,,,,5abc49f0-1d39-454e-85c8-8600fb7691d2.location_data_internal.json,,,850043,,62950170,,5abc49f0-1d39-454e-85c8-8600fb7691d2.com.samsung.health.exercise.location_data.json,2025-05-08 19:15:03.592,1001,,,,120.0,30001,,,62950170,138.0,2025-05-08 19:30:55.009,2025-05-08 19:30:55.009,,,1.8333334,99.594955,110.0,,1411,1280.37,,126.0,119.0,,,UTC-0300,hriiVjEkYE,,,5abc49f0-1d39-454e-85c8-8600fb7691d2.com.samsung.health.exercise.live_data.json,,1.5062414,com.sec.android.app.shealth,,,,,2025-05-08 19:29:49.935,5abc49f0-1d39-454e-85c8-8600fb7691d2,,
54240d03-ce3c-4917-b565-c36964dddc71.live_data_internal.json,,0,,,,600.5,,,,,54240d03-ce3c-4917-b565-c36964dddc71.sensing_status.json,1,,,,,,,,,,,,,,,3369288,,62950170,,,2025-05-08 19:31:01.401,15002,,,,141.0,,,,62950170,171.0,2025-05-08 20:27:11.824,2025-05-08 20:27:11.824,,,,,72.0,,,,,600.5,,,,UTC-0300,hriiVjEkYE,,,54240d03-ce3c-4917-b565-c36964dddc71.com.samsung.health.exercise.live_data.json,,,com.sec.android.app.shealth,,,,,2025-05-08 20:27:10.689,54240d03-ce3c-4917-b565-c36964dddc71,,
7df805a5-1a3d-46e5-9e6e-60d237e08f57.live_data_internal.json,,0,,,,138.24306,,,,,7df805a5-1a3d-46e5-9e6e-60d237e08f57.sensing_status.json,4,,,,,,,,,,,,7df805a5-1a3d-46e5-9e6e-60d237e08f57.location_data_internal.json,,,977399,,62950170,,7df805a5-1a3d-46e5-9e6e-60d237e08f57.com.samsung.health.exercise.location_data.json,2025-05-08 20:27:27.364,1001,,,,134.0,30001,,,62950170,167.0,2025-05-08 20:44:16.618,2025-05-08 20:44:16.618,,,1.8333334,107.73492,92.0,,1755,1532.75,,138.0,118.0,,,UTC-0300,hriiVjEkYE,,,7df805a5-1a3d-46e5-9e6e-60d237e08f57.com.samsung.health.exercise.live_data.json,,1.5681927,com.sec.android.app.shealth,,,,,2025-05-08 20:43:54.436,7df805a5-1a3d-46e5-9e6e-60d237e08f57,,
5abbe0c9-6e60-49bd-ad73-6252f57cefd1.live_data_internal.json,,0,,,,98.38278,,,,,5abbe0c9-6e60-49bd-ad73-6252f57cefd1.sensing_status.json,4,,,,,,,,,,,,5abbe0c9-6e60-49bd-ad73-6252f57cefd1.location_data_internal.json,,,699871,,62950170,,5abbe0c9-6e60-49bd-ad73-6252f57cefd1.com.samsung.health.exercise.location_data.json,2025-05-09 20:11:08.458,1001,,,,95.0,30001,,,62950170,109.0,2025-05-09 20:25:38.662,2025-05-09 20:25:38.662,,,2.0277777,64.12611,82.0,,748,660.0,,96.0,107.0,,,UTC-0300,hriiVjEkYE,,,5abbe0c9-6e60-49bd-ad73-6252f57cefd1.com.samsung.health.exercise.live_data.json,,0.94303095,com.sec.android.app.shealth,,,,,2025-05-09 20:24:23.154,5abbe0c9-6e60-49bd-ad73-6252f57cefd1,,
5f9be80f-a0d5-4477-ae5c-62dc234850ab.live_data_internal.json,,0,,,,505.58,,,,,5f9be80f-a0d5-4477-ae5c-62dc234850ab.sensing_status.json,1,,,,,,,,,,,,,,,3462567,,62950170,,,2025-05-09 23:10:03.516,15002,,,,118.0,,,,62950170,144.0,2025-05-10 00:07:47.607,2025-05-10 00:07:47.607,,,,,94.0,,,,,505.58,,,,UTC-0300,hriiVjEkYE,,,5f9be80f-a0d5-4477-ae5c-62dc234850ab.com.samsung.health.exercise.live_data.json,,,com.sec.android.app.shealth,,,,,2025-05-10 00:07:46.083,5f9be80f-a0d5-4477-ae5c-62dc234850ab,,
2efdc344-1ac3-4f86-9ee3-aead7cacc709.live_data_internal.json,,0,,,,103.0,,,,,2efdc344-1ac3-4f86-9ee3-aead7cacc709.sensing_status.json,4,,,,,,,,,,,,2efdc344-1ac3-4f86-9ee3-aead7cacc709.location_data_internal.json,,,659401,,62950170,,2efdc344-1ac3-4f86-9ee3-aead7cacc709.com.samsung.health.exercise.location_data.json,2025-05-10 00:07:55.559,1001,,,,158.0,30001,,,62950170,163.0,2025-05-10 00:20:10.500,2025-05-10 00:20:10.500,,,1.9722222,112.01075,152.0,,1231,1107.82,,103.0,126.0,,,UTC-0300,hriiVjEkYE,,,2efdc344-1ac3-4f86-9ee3-aead7cacc709.com.samsung.health.exercise.live_data.json,,1.6800399,com.sec.android.app.shealth,,,,,2025-05-10 00:18:54.960,2efdc344-1ac3-4f86-9ee3-aead7cacc709,,
72df07e9-205a-4842-85f0-a42c55509b34.live_data_internal.json,,0,,,,630.44,,,,,72df07e9-205a-4842-85f0-a42c55509b34.sensing_status.json,1,,,,,,,,,,,,,,,4583243,,62950170,,,2025-05-10 13:47:11.493,15002,,,,107.0,,,,62950170,140.0,2025-05-10 15:03:35.806,2025-05-10 15:03:35.806,,,,,82.0,,,,,630.44,,,,UTC-0300,hriiVjEkYE,,,72df07e9-205a-4842-85f0-a42c55509b34.com.samsung.health.exercise.live_data.json,,,com.sec.android.app.shealth,,,,,2025-05-10 15:03:34.736,72df07e9-205a-4842-85f0-a42c55509b34,,
1372cd47-e589-4b31-8212-4be1c021ad90.live_data_internal.json,,0,,,,539.68,,,,,1372cd47-e589-4b31-8212-4be1c021ad90.sensing_status.json,1,,,,,,,,,,,,,,,3608907,,62950170,,,2025-05-12 23:14:12.155,15002,,,,122.0,,,,62950170,154.0,2025-05-13 00:14:22.417,2025-05-13 00:14:22.417,,,,,75.0,,,,,539.68,,,,UTC-0300,hriiVjEkYE,,,1372cd47-e589-4b31-8212-4be1c021ad90.com.samsung.health.exercise.live_data.json,,,com.sec.android.app.shealth,,,,,2025-05-13 00:14:21.062,1372cd47-e589-4b31-8212-4be1c021ad90,,
42cf8f60-4647-4239-aa7f-07a4cf8bbf8a.live_data_internal.json,,0,,,,694.05,,,,,42cf8f60-4647-4239-aa7f-07a4cf8bbf8a.sensing_status.json,1,,,,,,,,,,,,,,,4734835,,62950170,,,2025-05-13 23:15:37.061,15002,,,,114.0,,,,62950170,147.0,2025-05-14 00:34:33.153,2025-05-14 00:34:33.153,,,,,85.0,,,,,694.05,,,,UTC-0300,hriiVjEkYE,,,42cf8f60-4647-4239-aa7f-07a4cf8bbf8a.com.samsung.health.exercise.live_data.json,,,com.sec.android.app.shealth,,,,,2025-05-14 00:34:31.896,42cf8f60-4647-4239-aa7f-07a4cf8bbf8a,,
0cd68343-a576-4a76-8360-d07d9060a619.live_data_internal.json,,0,,,,155.69597,,,,,0cd68343-a576-4a76-8360-d07d9060a619.sensing_status.json,4,,,,,,,,,,,,0cd68343-a576-4a76-8360-d07d9060a619.location_data_internal.json,,,1071718,,62950170,,0cd68343-a576-4a76-8360-d07d9060a619.com.samsung.health.exercise.location_data.json,2025-05-14 18:18:23.149,1001,,,,100.0,30001,,,62950170,119.0,2025-05-14 18:37:58.229,2025-05-14 18:37:58.229,,,1.7222222,100.26891,83.0,,1791,1584.54,,155.0,114.0,,,UTC-0300,hriiVjEkYE,,,0cd68343-a576-4a76-8360-d07d9060a619.com.samsung.health.exercise.live_data.json,,1.4785047,com.sec.android.app.shealth,,,,,2025-05-14 18:36:42.564,0cd68343-a576-4a76-8360-d07d9060a619,,
15b88b05-c83f-46dd-bdb2-54a209fea36a.live_data_internal.json,,0,,,,514.79,,,,,15b88b05-c83f-46dd-bdb2-54a209fea36a.sensing_status.json,1,,,,,,,,,,,,,,,3294694,,62950170,,,2025-05-14 18:40:16.379,15002,,,,128.0,,,,62950170,159.0,2025-05-14 19:35:12.631,2025-05-14 19:35:12.631,,,,,95.0,,,,,514.79,,,,UTC-0300,hriiVjEkYE,,,15b88b05-c83f-46dd-bdb2-54a209fea36a.com.samsung.health.exercise.live_data.json,,,com.sec.android.app.shealth,,,,,2025-05-14 19:35:11.073,15b88b05-c83f-46dd-bdb2-54a209fea36a,,
c1e758ae-f413-419f-aad0-b0b49b0c8489.live_data_internal.json,,0,,,,137.58594,,,,,c1e758ae-f413-419f-aad0-b0b49b0c8489.sensing_status.json,4,,,,,,,,,,,,c1e758ae-f413-419f-aad0-b0b49b0c8489.location_data_internal.json,,,897891,,62950170,,c1e758ae-f413-419f-aad0-b0b49b0c8489.com.samsung.health.exercise.location_data.json,2025-05-14 19:35:22.606,1001,,,,131.0,30001,,,62950170,150.0,2025-05-14 19:51:59.574,2025-05-14 19:51:59.574,,,1.8406667,105.58075,118.0,,1580,1430.61,,137.0,122.0,,,UTC-0300,hriiVjEkYE,,,c1e758ae-f413-419f-aad0-b0b49b0c8489.com.samsung.health.exercise.live_data.json,,1.5933003,com.sec.android.app.shealth,,,,,2025-05-14 19:50:43.815,c1e758ae-f413-419f-aad0-b0b49b0c8489,,
da581d92-36d9-46f2-a4ec-16a0c3ebf1f6.live_data_internal.json,,0,,,,78.0,,,,,da581d92-36d9-46f2-a4ec-16a0c3ebf1f6.sensing_status.json,4,,,,,,,,,,,,da581d92-36d9-46f2-a4ec-16a0c3ebf1f6.location_data_internal.json,,,641939,,62950170,,da581d92-36d9-46f2-a4ec-16a0c3ebf1f6.com.samsung.health.exercise.location_data.json,2025-05-14 22:30:28.157,1001,,,,92.0,30001,,,62950170,104.0,2025-05-14 22:41:31.437,2025-05-14 22:41:31.437,,,1.6990001,71.22172,80.0,,762,639.0,,78.0,113.0,,,UTC-0300,hriiVjEkYE,,,da581d92-36d9-46f2-a4ec-16a0c3ebf1f6.com.samsung.health.exercise.live_data.json,,0.99542165,com.sec.android.app.shealth,,,,,2025-05-14 22:41:10.096,da581d92-36d9-46f2-a4ec-16a0c3ebf1f6,,
8d30fee5-4b5d-4c95-ad0f-34ae68dc5aed.live_data_internal.json,,0,,,,120.173965,,,,,8d30fee5-4b5d-4c95-ad0f-34ae68dc5aed.sensing_status.json,4,,,,,,,,,,,,8d30fee5-4b5d-4c95-ad0f-34ae68dc5aed.location_data_internal.json,,,812752,,62950170,,8d30fee5-4b5d-4c95-ad0f-34ae68dc5aed.com.samsung.health.exercise.location_data.json,2025-05-15 20:21:07.357,1001,,,,102.0,30001,,,62950170,120.0,2025-05-15 20:36:02.621,2025-05-15 20:36:02.621,,,1.8611112,102.61433,88.0,,1390,1254.05,,120.0,120.0,,,UTC-0300,hriiVjEkYE,,,8d30fee5-4b5d-4c95-ad0f-34ae68dc5aed.com.samsung.health.exercise.live_data.json,,1.5429677,com.sec.android.app.shealth,,,,,2025-05-15 20:34:47.032,8d30fee5-4b5d-4c95-ad0f-34ae68dc5aed,,
bd376377-9647-4d5a-8d4b-9a70f4c287f9.live_data_internal.json,,0,,,,468.91,,,,,bd376377-9647-4d5a-8d4b-9a70f4c287f9.sensing_status.json,1,,,,,,,,,,,,,,,3437220,,62950170,,,2025-05-15 20:37:24.167,15002,,,,107.0,,,,62950170,132.0,2025-05-15 21:34:43.359,2025-05-15 21:34:43.359,,,,,84.0,,,,,468.91,,,,UTC-0300,hriiVjEkYE,,,bd376377-9647-4d5a-8d4b-9a70f4c287f9.com.samsung.health.exercise.live_data.json,,,com.sec.android.app.shealth,,,,,2025-05-15 21:34:41.387,bd376377-9647-4d5a-8d4b-9a70f4c287f9,,
2ce64a89-7202-4951-afc0-6861bc58a1ac.live_data_internal.json,,0,,,,141.12152,,,,,2ce64a89-7202-4951-afc0-6861bc58a1ac.sensing_status.json,4,,,,,,,,,,,,2ce64a89-7202-4951-afc0-6861bc58a1ac.location_data_internal.json,,,922122,,62950170,,2ce64a89-7202-4951-afc0-6861bc58a1ac.com.samsung.health.exercise.location_data.json,2025-05-15 21:34:54.859,1001,,,,119.0,30001,,,62950170,139.0,2025-05-15 21:52:17.216,2025-05-15 21:52:17.216,,,1.8691666,106.51519,94.0,,1637,1450.73,,140.0,122.0,,,UTC-0300,hriiVjEkYE,,,2ce64a89-7202-4951-afc0-6861bc58a1ac.com.samsung.health.exercise.live_data.json,,1.5732516,com.sec.android.app.shealth,,,,,2025-05-15 21:51:01.613,2ce64a89-7202-4951-afc0-6861bc58a1ac,,
66b542bc-99b9-416e-b040-af3aa91e84d8.live_data_internal.json,,0,,,,160.34729,,,,,66b542bc-99b9-416e-b040-af3aa91e84d8.sensing_status.json,4,,,,,,,,,,,,66b542bc-99b9-416e-b040-af3aa91e84d8.location_data_internal.json,,,1059977,,62950170,,66b542bc-99b9-416e-b040-af3aa91e84d8.com.samsung.health.exercise.location_data.json,2025-05-19 22:46:48.538,1001,,,,112.0,30001,,,62950170,126.0,2025-05-19 23:06:23.452,2025-05-19 23:06:23.452,,,1.9166666,96.96436,93.0,,1713,1587.9,,159.0,123.0,,,UTC-0300,hriiVjEkYE,,,66b542bc-99b9-416e-b040-af3aa91e84d8.com.samsung.health.exercise.live_data.json,,1.4980513,com.sec.android.app.shealth,,,,,2025-05-19 23:05:22.132,66b542bc-99b9-416e-b040-af3aa91e84d8,,
90d03c64-96e2-4966-af5f-e68e313adca8.live_data_internal.json,,0,,,,409.55,,,,,90d03c64-96e2-4966-af5f-e68e313adca8.sensing_status.json,1,,,,,,,,,,,,,,,2652083,,62950170,,,2025-05-19 23:06:32.936,15002,,,,122.0,,,,62950170,155.0,2025-05-19 23:50:46.229,2025-05-19 23:50:46.229,,,,,85.0,,,,,409.55,,,,UTC-0300,hriiVjEkYE,,,90d03c64-96e2-4966-af5f-e68e313adca8.com.samsung.health.exercise.live_data.json,,,com.sec.android.app.shealth,,,,,2025-05-19 23:50:45.019,90d03c64-96e2-4966-af5f-e68e313adca8,,
618b318b-fb1d-4ef5-86af-a482c54bc62d.live_data_internal.json,,0,,,,158.3831,,,,,618b318b-fb1d-4ef5-86af-a482c54bc62d.sensing_status.json,4,,,,,,,,,,,,618b318b-fb1d-4ef5-86af-a482c54bc62d.location_data_internal.json,,,1109919,,62950170,,618b318b-fb1d-4ef5-86af-a482c54bc62d.com.samsung.health.exercise.location_data.json,2025-05-20 00:05:18.818,1001,,,,138.0,30001,,,62950170,158.0,2025-05-20 00:25:19.526,2025-05-20 00:25:19.526,,,1.9722222,92.43918,116.0,,1710,1536.7,,158.0,125.0,,,UTC-0300,hriiVjEkYE,,,618b318b-fb1d-4ef5-86af-a482c54bc62d.com.samsung.health.exercise.live_data.json,,1.3845155,com.sec.android.app.shealth,,,,,2025-05-20 00:24:03.983,618b318b-fb1d-4ef5-86af-a482c54bc62d,,
,,,,,,,1,,,,,4,0,,0,,,,,,,,,,,,875000,,62950170,,,2025-05-21 19:10:25.000,1001,,,,,30001,,,62950170,,2025-05-21 19:26:16.063,2025-05-21 19:26:16.063,,,1.5468334,,,,1655,1270.47,,49.77,,,,UTC-0300,487mnSNu6t,,,a5a5e730-ab7a-441f-9900-fbd5b8f37fde.com.samsung.health.exercise.live_data.json,,1.4519657,com.sec.android.app.shealth,,,,,2025-05-21 19:25:00.000,a5a5e730-ab7a-441f-9900-fbd5b8f37fde,,
,,,,,,,1,,,,,4,0,,0,,,,,,,,,,,,840000,,62950170,,,2025-05-21 20:26:00.000,1001,,,,,30001,,,62950170,,2025-05-21 20:41:49.426,2025-05-21 20:41:49.426,,,1.5,,,,1590,1221.38,,47.77,,,,UTC-0300,487mnSNu6t,,,f5f0be88-b53d-4721-8b36-403dd5184789.com.samsung.health.exercise.live_data.json,,1.4540238,com.sec.android.app.shealth,,,,,2025-05-21 20:40:00.000,f5f0be88-b53d-4721-8b36-403dd5184789,,
7349d398-0b81-4eea-bb5c-fdf1bb784fe2.live_data_internal.json,,0,,,,689.01,,,,,7349d398-0b81-4eea-bb5c-fdf1bb784fe2.sensing_status.json,1,,,,,,,,,,,,,,,4472776,,62950170,,,2025-05-22 19:48:53.598,15002,,,,123.0,,,,62950170,147.0,2025-05-22 21:03:27.490,2025-05-22 21:03:27.490,,,,,97.0,,,,,689.01,,,,UTC-0300,hriiVjEkYE,,,7349d398-0b81-4eea-bb5c-fdf1bb784fe2.com.samsung.health.exercise.live_data.json,,,com.sec.android.app.shealth,,,,,2025-05-22 21:03:26.374,7349d398-0b81-4eea-bb5c-fdf1bb784fe2,,
f9356c03-c1f1-49ab-8159-d210ea21ad28.live_data_internal.json,,0,,,,518.87,,,,,f9356c03-c1f1-49ab-8159-d210ea21ad28.sensing_status.json,1,,,,,,,,,,,,,,,3552536,,62950170,,,2025-05-23 23:24:04.403,15002,,,,115.0,,,,62950170,139.0,2025-05-24 00:23:18.303,2025-05-24 00:23:18.303,,,,,97.0,,,,,518.87,,,,UTC-0300,hriiVjEkYE,,,f9356c03-c1f1-49ab-8159-d210ea21ad28.com.samsung.health.exercise.live_data.json,,,com.sec.android.app.shealth,,,,,2025-05-24 00:23:16.939,f9356c03-c1f1-49ab-8159-d210ea21ad28,,
78331e56-32de-486e-bae5-89666484a8c1.live_data_internal.json,,0,,,,120.19743,,,,,78331e56-32de-486e-bae5-89666484a8c1.sensing_status.json,4,,,,,,,,,,,,78331e56-32de-486e-bae5-89666484a8c1.location_data_internal.json,,,1039111,,62950170,,78331e56-32de-486e-bae5-89666484a8c1.com.samsung.health.exercise.location_data.json,2025-05-24 04:52:25.528,1001,,,,95.0,30001,,,62950170,105.0,2025-05-24 05:10:14.439,2025-05-24 05:10:14.439,,,1.8333334,65.88325,84.0,,1141,931.58,,120.0,91.0,,,UTC-0300,hriiVjEkYE,,,78331e56-32de-486e-bae5-89666484a8c1.com.samsung.health.exercise.live_data.json,,0.8965164,com.sec.android.app.shealth,,,,,2025-05-24 05:09:52.496,78331e56-32de-486e-bae5-89666484a8c1,,
f5990bc4-b493-4be1-8f97-efbd24179d6d.live_data_internal.json,,0,,,,145.5742,,,,,f5990bc4-b493-4be1-8f97-efbd24179d6d.sensing_status.json,4,,,,,,,,,,,,f5990bc4-b493-4be1-8f97-efbd24179d6d.location_data_internal.json,,,920187,,62950170,,f5990bc4-b493-4be1-8f97-efbd24179d6d.com.samsung.health.exercise.location_data.json,2025-05-26 22:52:09.051,1001,,,,107.0,30001,,,62950170,117.0,2025-05-26 23:11:07.105,2025-05-26 23:11:07.105,,,1.8611112,93.37232,79.0,,1432,1328.46,,142.0,120.0,,,UTC-0300,hriiVjEkYE,,,f5990bc4-b493-4be1-8f97-efbd24179d6d.com.samsung.health.exercise.live_data.json,,1.4436847,com.sec.android.app.shealth,,,,,2025-05-26 23:09:51.477,f5990bc4-b493-4be1-8f97-efbd24179d6d,,
0f60bcee-d1f4-4118-8183-b928f49240b3.live_data_internal.json,,0,,,,520.67,,,,,0f60bcee-d1f4-4118-8183-b928f49240b3.sensing_status.json,1,,,,,,,,,,,,,,,3607880,,62950170,,,2025-05-26 23:17:17.102,15002,,,,116.0,,,,62950170,138.0,2025-05-27 00:17:26.053,2025-05-27 00:17:26.053,,,,,88.0,,,,,520.67,,,,UTC-0300,hriiVjEkYE,,,0f60bcee-d1f4-4118-8183-b928f49240b3.com.samsung.health.exercise.live_data.json,,,com.sec.android.app.shealth,,,,,2025-05-27 00:17:24.982,0f60bcee-d1f4-4118-8183-b928f49240b3,,
740e0291-8cac-4481-bff0-27a625fef2dd.live_data_internal.json,,0,,,,144.00003,,,,,740e0291-8cac-4481-bff0-27a625fef2dd.sensing_status.json,4,,,,,,,,,,,,740e0291-8cac-4481-bff0-27a625fef2dd.location_data_internal.json,,,1010867,,62950170,,740e0291-8cac-4481-bff0-27a625fef2dd.com.samsung.health.exercise.location_data.json,2025-05-27 00:29:03.131,1001,,,,118.0,30001,,,62950170,151.0,2025-05-27 00:46:17.971,2025-05-27 00:46:17.971,,,1.9722222,101.97187,80.0,,1718,1562.73,,144.0,123.0,,,UTC-0300,hriiVjEkYE,,,740e0291-8cac-4481-bff0-27a625fef2dd.com.samsung.health.exercise.live_data.json,,1.5459304,com.sec.android.app.shealth,,,,,2025-05-27 00:45:53.999,740e0291-8cac-4481-bff0-27a625fef2dd,,
8e9279ed-ca25-437a-87b0-3329e035937c.live_data_internal.json,,0,,,,580.54,,,,,8e9279ed-ca25-437a-87b0-3329e035937c.sensing_status.json,1,,,,,,,,,,,,,,,3329041,,62950170,,,2025-05-28 23:10:41.486,15002,,,,139.0,,,,62950170,170.0,2025-05-29 00:06:11.861,2025-05-29 00:06:11.861,,,,,97.0,,,,,580.54,,,,UTC-0300,hriiVjEkYE,,,8e9279ed-ca25-437a-87b0-3329e035937c.com.samsung.health.exercise.live_data.json,,,com.sec.android.app.shealth,,,,,2025-05-29 00:06:10.527,8e9279ed-ca25-437a-87b0-3329e035937c,,
74701c1a-191e-4c71-9047-ffc30a1079cd.live_data_internal.json,,0,,,,70.37,,,,,74701c1a-191e-4c71-9047-ffc30a1079cd.sensing_status.json,1,,,,,,,,,,,,,,,514828,,62950170,,,2025-05-29 23:12:16.423,15002,,,,110.0,,,,62950170,123.0,2025-05-30 02:14:37.915,2025-05-30 02:14:37.915,,,,,99.0,,,,,70.37,,,,UTC-0300,hriiVjEkYE,,,74701c1a-191e-4c71-9047-ffc30a1079cd.com.samsung.health.exercise.live_data.json,,,com.sec.android.app.shealth,,,,,2025-05-29 23:20:51.251,74701c1a-191e-4c71-9047-ffc30a1079cd,,
7fdb2563-e6b6-45b6-8e13-f946c1b032d2.live_data_internal.json,,0,,,,649.43,,,,,7fdb2563-e6b6-45b6-8e13-f946c1b032d2.sensing_status.json,1,,,,,,,,,,,,,,,4566834,,62950170,,,2025-05-30 23:30:49.954,15002,,,,112.0,,,,62950170,144.0,2025-05-31 00:46:58.047,2025-05-31 00:46:58.047,,,,,80.0,,,,,649.43,,,,UTC-0300,hriiVjEkYE,,,7fdb2563-e6b6-45b6-8e13-f946c1b032d2.com.samsung.health.exercise.live_data.json,,,com.sec.android.app.shealth,,,,,2025-05-31 00:46:56.788,7fdb2563-e6b6-45b6-8e13-f946c1b032d2,,
72bc524e-411e-4dca-a3e5-99a50b42cf01.live_data_internal.json,,0,,,,134.81572,,,,,72bc524e-411e-4dca-a3e5-99a50b42cf01.sensing_status.json,4,,,,,,,,,,,,72bc524e-411e-4dca-a3e5-99a50b42cf01.location_data_internal.json,,,487395,,63010030,,72bc524e-411e-4dca-a3e5-99a50b42cf01.com.samsung.health.exercise.location_data.json,2025-06-03 20:15:35.793,1002,,,,100.0,30001,,,63010030,111.0,2025-06-03 20:26:50.858,2025-06-03 20:26:50.858,,,3.1388888,103.037575,92.0,,837,812.78,,132.0,185.0,,,UTC-0300,hriiVjEkYE,,,72bc524e-411e-4dca-a3e5-99a50b42cf01.com.samsung.health.exercise.live_data.json,,1.6676003,com.sec.android.app.shealth,,,,,2025-06-03 20:25:35.242,72bc524e-411e-4dca-a3e5-99a50b42cf01,,
27e3ebf6-15a2-49ea-888b-09e181897a7c.live_data_internal.json,,0,,,,582.98,,,,,27e3ebf6-15a2-49ea-888b-09e181897a7c.sensing_status.json,1,,,,,,,,,,,,,,,3981699,,63010030,,,2025-06-03 23:24:19.292,15002,,,,117.0,,,,63010030,147.0,2025-06-04 00:30:42.801,2025-06-04 00:30:42.801,,,,,88.0,,,,,582.98,,,,UTC-0300,hriiVjEkYE,,,27e3ebf6-15a2-49ea-888b-09e181897a7c.com.samsung.health.exercise.live_data.json,,,com.sec.android.app.shealth,,,,,2025-06-04 00:30:40.991,27e3ebf6-15a2-49ea-888b-09e181897a7c,,
393bed98-f71c-4aaa-98cf-4dd97ff836f1.live_data_internal.json,,0,,,,82.0,,,,,393bed98-f71c-4aaa-98cf-4dd97ff836f1.sensing_status.json,4,,,,,,,,,,,,393bed98-f71c-4aaa-98cf-4dd97ff836f1.location_data_internal.json,,,617907,,63010030,,393bed98-f71c-4aaa-98cf-4dd97ff836f1.com.samsung.health.exercise.location_data.json,2025-06-04 11:45:24.737,1001,,,,107.0,30001,,,63010030,118.0,2025-06-04 11:56:58.388,2025-06-04 11:56:58.388,,,1.5555556,71.56417,88.0,,737,581.82,,82.0,103.0,,,UTC-0300,hriiVjEkYE,,,393bed98-f71c-4aaa-98cf-4dd97ff836f1.com.samsung.health.exercise.live_data.json,,0.94159806,com.sec.android.app.shealth,,,,,2025-06-04 11:55:42.644,393bed98-f71c-4aaa-98cf-4dd97ff836f1,,
,,,,,,,1,,,,,4,0,,0,,,,,,,,,,,,1020000,,63010030,,,2025-06-05 22:52:00.000,1001,,,,,30001,,,63010030,,2025-06-05 23:10:38.960,2025-06-05 23:10:38.960,,,1.5278333,,,,1762,1350.45,,52.97,,,,UTC-0300,487mnSNu6t,,,70e8c5be-1786-492a-b6d0-621cc4d64664.com.samsung.health.exercise.live_data.json,,1.3239706,com.sec.android.app.shealth,,,,,2025-06-05 23:09:00.000,70e8c5be-1786-492a-b6d0-621cc4d64664,,
,,,,,,,1,,,,,4,0,,0,,,,,,,,,,,,900000,,63010030,,,2025-06-06 00:03:00.000,1001,,,,,30001,,,63010030,,2025-06-06 00:20:33.469,2025-06-06 00:20:33.469,,,1.6111112,,,,1714,1326.88,,51.49,,,,UTC-0300,487mnSNu6t,,,033b7231-f011-4146-ac42-b766129bed0b.com.samsung.health.exercise.live_data.json,,1.4743111,com.sec.android.app.shealth,,,,,2025-06-06 00:18:00.000,033b7231-f011-4146-ac42-b766129bed0b,,
f579c65b-a1f3-467f-a126-5a1f8f80e31e.live_data_internal.json,,0,,,,506.81,,,,,f579c65b-a1f3-467f-a126-5a1f8f80e31e.sensing_status.json,1,,,,,,,,,,,,,,,3455557,,63010030,,,2025-06-06 23:14:15.971,15002,,,,118.0,,,,63010030,151.0,2025-06-07 00:11:53.111,2025-06-07 00:11:53.111,,,,,43.0,,,,,506.81,,,,UTC-0300,hriiVjEkYE,,,f579c65b-a1f3-467f-a126-5a1f8f80e31e.com.samsung.health.exercise.live_data.json,,,com.sec.android.app.shealth,,,,,2025-06-07 00:11:51.528,f579c65b-a1f3-467f-a126-5a1f8f80e31e,,
10979ba2-cc90-43d3-b9dc-0742d1663128.live_data_internal.json,,0,,,,94.0,,,,,10979ba2-cc90-43d3-b9dc-0742d1663128.sensing_status.json,4,,,,,,,,,,,,10979ba2-cc90-43d3-b9dc-0742d1663128.location_data_internal.json,,,642854,,63010030,,10979ba2-cc90-43d3-b9dc-0742d1663128.com.samsung.health.exercise.location_data.json,2025-06-07 00:12:06.011,1001,,,,146.0,30001,,,63010030,158.0,2025-06-07 00:24:04.418,2025-06-07 00:24:04.418,,,2.0,89.97377,118.0,,964,870.61,,94.0,125.0,,,UTC-0300,hriiVjEkYE,,,10979ba2-cc90-43d3-b9dc-0742d1663128.com.samsung.health.exercise.live_data.json,,1.3542888,com.sec.android.app.shealth,,,,,2025-06-07 00:22:48.865,10979ba2-cc90-43d3-b9dc-0742d1663128,,
d54fec7b-23f4-47fe-9221-ed0d3f2624ef.live_data_internal.json,,0,,,,390.51,,,,,d54fec7b-23f4-47fe-9221-ed0d3f2624ef.sensing_status.json,1,,,,,,,,,,,,,,,2715440,,63010030,,,2025-06-11 23:11:17.060,15002,,,,113.0,,,,63010030,138.0,2025-06-11 23:56:33.964,2025-06-11 23:56:33.964,,,,,87.0,,,,,390.51,,,,UTC-0300,hriiVjEkYE,,,d54fec7b-23f4-47fe-9221-ed0d3f2624ef.com.samsung.health.exercise.live_data.json,,,com.sec.android.app.shealth,,,,,2025-06-11 23:56:32.500,d54fec7b-23f4-47fe-9221-ed0d3f2624ef,,
6f7f2e94-5cd3-4ef4-b901-dd0d24cde669.live_data_internal.json,,0,,,,527.13,,,,,6f7f2e94-5cd3-4ef4-b901-dd0d24cde669.sensing_status.json,1,,,,,,,,,,,,,,,3608818,,63010030,,,2025-06-14 13:24:48.216,15002,,,,115.0,,,,63010030,142.0,2025-06-14 14:24:58.550,2025-06-14 14:24:58.550,,,,,89.0,,,,,527.13,,,,UTC-0300,hriiVjEkYE,,,6f7f2e94-5cd3-4ef4-b901-dd0d24cde669.com.samsung.health.exercise.live_data.json,,,com.sec.android.app.shealth,,,,,2025-06-14 14:24:57.034,6f7f2e94-5cd3-4ef4-b901-dd0d24cde669,,
8d4a04b1-02bf-4aa8-9e47-db8d13b083e7.live_data_internal.json,,0,,,,128.29814,,,,,8d4a04b1-02bf-4aa8-9e47-db8d13b083e7.sensing_status.json,4,,,,,,,,,,,,8d4a04b1-02bf-4aa8-9e47-db8d13b083e7.location_data_internal.json,,,870268,,63010030,,8d4a04b1-02bf-4aa8-9e47-db8d13b083e7.com.samsung.health.exercise.location_data.json,2025-06-17 23:16:18.859,1001,,,,101.0,30001,,,63010030,129.0,2025-06-17 23:32:16.636,2025-06-17 23:32:16.636,,,1.8553333,107.2773,83.0,,1556,1381.45,,128.0,121.0,,,UTC-0300,hriiVjEkYE,,,8d4a04b1-02bf-4aa8-9e47-db8d13b083e7.com.samsung.health.exercise.live_data.json,,1.5873845,com.sec.android.app.shealth,,,,,2025-06-17 23:31:00.992,8d4a04b1-02bf-4aa8-9e47-db8d13b083e7,,
0dd44c70-53a8-43ae-8472-05d7670bd1b2.live_data_internal.json,,0,,,,467.04,,,,,0dd44c70-53a8-43ae-8472-05d7670bd1b2.sensing_status.json,1,,,,,,,,,,,,,,,2868619,,63010030,,,2025-06-17 23:35:36.459,15002,,,,132.0,,,,63010030,160.0,2025-06-18 00:23:27.504,2025-06-18 00:23:27.504,,,,,51.0,,,,,467.04,,,,UTC-0300,hriiVjEkYE,,,0dd44c70-53a8-43ae-8472-05d7670bd1b2.com.samsung.health.exercise.live_data.json,,,com.sec.android.app.shealth,,,,,2025-06-18 00:23:25.078,0dd44c70-53a8-43ae-8472-05d7670bd1b2,,
96225640-2d3f-48c3-8808-31cd1c7e3298.live_data_internal.json,,0,,,,133.00003,,,,,96225640-2d3f-48c3-8808-31cd1c7e3298.sensing_status.json,4,,,,,,,,,,,,96225640-2d3f-48c3-8808-31cd1c7e3298.location_data_internal.json,,,918748,,63010030,,96225640-2d3f-48c3-8808-31cd1c7e3298.com.samsung.health.exercise.location_data.json,2025-06-18 00:23:35.291,1001,,,,134.0,30001,,,63010030,147.0,2025-06-18 00:39:15.173,2025-06-18 00:39:15.173,,,1.8788334,114.35127,126.0,,1751,1552.29,,133.0,122.0,,,UTC-0300,hriiVjEkYE,,,96225640-2d3f-48c3-8808-31cd1c7e3298.com.samsung.health.exercise.live_data.json,,1.6895711,com.sec.android.app.shealth,,,,,2025-06-18 00:38:54.040,96225640-2d3f-48c3-8808-31cd1c7e3298,,
a67d42c1-b0b6-4eaa-b0b1-a50dfae0ade1.live_data_internal.json,,0,,,,335.48,,,,,a67d42c1-b0b6-4eaa-b0b1-a50dfae0ade1.sensing_status.json,1,,,,,,,,,,,,,,,2325718,,63020270,,,2025-06-26 23:20:16.468,15002,,,,116.0,,,,63020270,154.0,2025-06-26 23:59:03.644,2025-06-26 23:59:03.644,,,,,85.0,,,,,335.48,,,,UTC-0300,hriiVjEkYE,,,a67d42c1-b0b6-4eaa-b0b1-a50dfae0ade1.com.samsung.health.exercise.live_data.json,,,com.sec.android.app.shealth,,,,,2025-06-26 23:59:02.186,a67d42c1-b0b6-4eaa-b0b1-a50dfae0ade1,,
a7020e11-b9b2-4a23-b29d-42bd8d9504b3.live_data_internal.json,,0,,,,496.07,,,,,a7020e11-b9b2-4a23-b29d-42bd8d9504b3.sensing_status.json,1,,,,,,,,,,,,,,,2887373,,63020270,,,2025-06-27 23:21:28.988,15002,,,,134.0,,,,63020270,170.0,2025-06-28 00:09:37.595,2025-06-28 00:09:37.595,,,,,86.0,,,,,496.07,,,,UTC-0300,hriiVjEkYE,,,a7020e11-b9b2-4a23-b29d-42bd8d9504b3.com.samsung.health.exercise.live_data.json,,,com.sec.android.app.shealth,,,,,2025-06-28 00:09:36.361,a7020e11-b9b2-4a23-b29d-42bd8d9504b3,,
dc15ad06-d20d-48fa-be67-6b68dab267d2.live_data_internal.json,,0,,,,347.49,,,,,dc15ad06-d20d-48fa-be67-6b68dab267d2.sensing_status.json,1,,,,,,,,,,,,,,,2435826,,63020270,,,2025-07-02 23:01:15.920,15002,,,,113.0,,,,63020270,145.0,2025-07-02 23:41:52.805,2025-07-02 23:41:52.805,,,,,82.0,,,,,347.49,,,,UTC-0300,hriiVjEkYE,,,dc15ad06-d20d-48fa-be67-6b68dab267d2.com.samsung.health.exercise.live_data.json,,,com.sec.android.app.shealth,,,,,2025-07-02 23:41:51.746,dc15ad06-d20d-48fa-be67-6b68dab267d2,,
7db641a4-04f5-4d58-a5eb-cb83da6ad578.live_data_internal.json,,0,,,,643.17,,,,,7db641a4-04f5-4d58-a5eb-cb83da6ad578.sensing_status.json,1,,,,,,,,,,,,,,,4443974,,63020310,,,2025-07-09 22:16:36.979,15002,,,,113.0,,,,63020310,152.0,2025-07-09 23:30:42.083,2025-07-09 23:30:42.083,,,,,79.0,,,,,643.17,,,,UTC-0300,hriiVjEkYE,,,7db641a4-04f5-4d58-a5eb-cb83da6ad578.com.samsung.health.exercise.live_data.json,,,com.sec.android.app.shealth,,,,,2025-07-09 23:30:40.953,7db641a4-04f5-4d58-a5eb-cb83da6ad578,,
c49b3fe4-e96c-4db9-8df2-1ff4e63dcea5.live_data_internal.json,,0,,,,109.94291,,,,,c49b3fe4-e96c-4db9-8df2-1ff4e63dcea5.sensing_status.json,4,,,,,,,,,,,,c49b3fe4-e96c-4db9-8df2-1ff4e63dcea5.location_data_internal.json,,,790604,,63020310,,c49b3fe4-e96c-4db9-8df2-1ff4e63dcea5.com.samsung.health.exercise.location_data.json,2025-07-10 16:05:40.077,1001,,,,110.0,30001,,,63020310,122.0,2025-07-10 16:22:03.359,2025-07-10 16:22:03.359,,,1.7777778,74.904755,90.0,,987,817.57,,107.0,105.0,,,UTC-0300,hriiVjEkYE,,,c49b3fe4-e96c-4db9-8df2-1ff4e63dcea5.com.samsung.health.exercise.live_data.json,,1.0341082,com.sec.android.app.shealth,,,,,2025-07-10 16:20:47.797,c49b3fe4-e96c-4db9-8df2-1ff4e63dcea5,,
1811b377-bc32-4f05-b547-4af5b8aee1ad.live_data_internal.json,,0,,,,92.0,,,,,1811b377-bc32-4f05-b547-4af5b8aee1ad.sensing_status.json,4,,,,,,,,,,,,1811b377-bc32-4f05-b547-4af5b8aee1ad.location_data_internal.json,,,671284,,63020310,,1811b377-bc32-4f05-b547-4af5b8aee1ad.com.samsung.health.exercise.location_data.json,2025-07-10 16:23:30.758,1001,,,,115.0,30001,,,63020310,140.0,2025-07-10 16:34:42.537,2025-07-10 16:34:42.537,,,1.6666666,102.96685,82.0,,1152,982.53,,92.0,111.0,,,UTC-0300,hriiVjEkYE,,,1811b377-bc32-4f05-b547-4af5b8aee1ad.com.samsung.health.exercise.live_data.json,,1.4636577,com.sec.android.app.shealth,,,,,2025-07-10 16:34:42.042,1811b377-bc32-4f05-b547-4af5b8aee1ad,,
91ab0ce8-d034-4d50-9388-69988d1af66c.live_data_internal.json,,0,,,,353.1,,,,,91ab0ce8-d034-4d50-9388-69988d1af66c.sensing_status.json,1,,,,,,,,,,,,,,,2391663,,63020310,,,2025-07-11 21:56:08.527,15002,,,,118.0,,,,63020310,154.0,2025-07-11 22:36:01.493,2025-07-11 22:36:01.493,,,,,93.0,,,,,353.1,,,,UTC-0300,hriiVjEkYE,,,91ab0ce8-d034-4d50-9388-69988d1af66c.com.samsung.health.exercise.live_data.json,,,com.sec.android.app.shealth,,,,,2025-07-11 22:36:00.190,91ab0ce8-d034-4d50-9388-69988d1af66c,,
402226e0-87ab-4fc0-b461-2ff30f5bf793.live_data_internal.json,,0,,,,264.23,,,,,402226e0-87ab-4fc0-b461-2ff30f5bf793.sensing_status.json,1,,,,,,,,,,,,,,,1531093,,63020310,,,2025-07-16 22:08:58.682,15002,,,,137.0,,,,63020310,169.0,2025-07-16 22:34:31.024,2025-07-16 22:34:31.024,,,,,91.0,,,,,264.23,,,,UTC-0300,hriiVjEkYE,,,402226e0-87ab-4fc0-b461-2ff30f5bf793.com.samsung.health.exercise.live_data.json,,,com.sec.android.app.shealth,,,,,2025-07-16 22:34:29.775,402226e0-87ab-4fc0-b461-2ff30f5bf793,,
5111c211-5251-44e7-a414-ed6a22cfb7f3.live_data_internal.json,,0,,,,113.094986,,,,,5111c211-5251-44e7-a414-ed6a22cfb7f3.sensing_status.json,4,,,,,,,,,,,,5111c211-5251-44e7-a414-ed6a22cfb7f3.location_data_internal.json,,,753809,,63030110,,5111c211-5251-44e7-a414-ed6a22cfb7f3.com.samsung.health.exercise.location_data.json,2025-07-18 23:00:34.173,1001,,,,112.0,30001,,,63030110,124.0,2025-07-18 23:14:27.126,2025-07-18 23:14:27.126,,,1.8553333,112.78719,100.0,,1417,1232.76,,113.0,121.0,,,UTC-0300,hriiVjEkYE,,,5111c211-5251-44e7-a414-ed6a22cfb7f3.com.samsung.health.exercise.live_data.json,,1.6353744,com.sec.android.app.shealth,,,,,2025-07-18 23:13:11.762,5111c211-5251-44e7-a414-ed6a22cfb7f3,,
bb4e417d-1efb-481d-8d43-9c38d6add245.live_data_internal.json,,0,,,,535.79,,,,,bb4e417d-1efb-481d-8d43-9c38d6add245.sensing_status.json,1,,,,,,,,,,,,,,,3611893,,63030110,,,2025-07-18 23:18:39.421,15002,,,,122.0,,,,63030110,148.0,2025-07-19 00:18:52.612,2025-07-19 00:18:52.612,,,,,98.0,,,,,535.79,,,,UTC-0300,hriiVjEkYE,,,bb4e417d-1efb-481d-8d43-9c38d6add245.com.samsung.health.exercise.live_data.json,,,com.sec.android.app.shealth,,,,,2025-07-19 00:18:51.314,bb4e417d-1efb-481d-8d43-9c38d6add245,,
0aad1108-2e00-4556-bc54-dfc3c1d64238.live_data_internal.json,,0,,,,143.89728,,,,,0aad1108-2e00-4556-bc54-dfc3c1d64238.sensing_status.json,4,,,,,,,,,,,,0aad1108-2e00-4556-bc54-dfc3c1d64238.location_data_internal.json,,,909340,,63030110,,0aad1108-2e00-4556-bc54-dfc3c1d64238.com.samsung.health.exercise.location_data.json,2025-07-21 23:05:06.191,1001,,,,113.0,30001,,,63030110,121.0,2025-07-21 23:22:06.783,2025-07-21 23:22:06.783,,,1.9203333,111.245514,95.0,,1686,1538.88,,143.0,124.0,,,UTC-0300,hriiVjEkYE,,,0aad1108-2e00-4556-bc54-dfc3c1d64238.com.samsung.health.exercise.live_data.json,,1.6923043,com.sec.android.app.shealth,,,,,2025-07-21 23:20:51.239,0aad1108-2e00-4556-bc54-dfc3c1d64238,,
4e672e5c-4c2d-4918-8ef8-75f391cce518.live_data_internal.json,,0,,,,591.93,,,,,4e672e5c-4c2d-4918-8ef8-75f391cce518.sensing_status.json,1,,,,,,,,,,,,,,,3952158,,63030110,,,2025-07-21 23:23:51.520,15002,,,,123.0,,,,63030110,153.0,2025-07-22 00:29:45.393,2025-07-22 00:29:45.393,,,,,93.0,,,,,591.93,,,,UTC-0300,hriiVjEkYE,,,4e672e5c-4c2d-4918-8ef8-75f391cce518.com.samsung.health.exercise.live_data.json,,,com.sec.android.app.shealth,,,,,2025-07-22 00:29:43.678,4e672e5c-4c2d-4918-8ef8-75f391cce518,,
22bd8c90-582a-4837-b35c-1f0d343d04e6.live_data_internal.json,,0,,,,122.98508,,,,,22bd8c90-582a-4837-b35c-1f0d343d04e6.sensing_status.json,4,,,,,,,,,,,,22bd8c90-582a-4837-b35c-1f0d343d04e6.location_data_internal.json,,,803008,,63030110,,22bd8c90-582a-4837-b35c-1f0d343d04e6.com.samsung.health.exercise.location_data.json,2025-07-23 22:58:06.583,1001,,,,104.0,30001,,,63030110,118.0,2025-07-23 23:12:57.169,2025-07-23 23:12:57.169,,,1.9216666,109.68758,79.0,,1468,1333.62,,122.0,124.0,,,UTC-0300,hriiVjEkYE,,,22bd8c90-582a-4837-b35c-1f0d343d04e6.com.samsung.health.exercise.live_data.json,,1.6607804,com.sec.android.app.shealth,,,,,2025-07-23 23:12:08.793,22bd8c90-582a-4837-b35c-1f0d343d04e6,,
c02e14d5-e759-477c-a413-19e0950a5c9b.live_data_internal.json,,0,,,,352.96,,,,,c02e14d5-e759-477c-a413-19e0950a5c9b.sensing_status.json,1,,,,,,,,,,,,,,,2401801,,63030110,,,2025-07-23 23:13:09.718,15002,,,,116.0,,,,63030110,141.0,2025-07-23 23:53:13.121,2025-07-23 23:53:13.121,,,,,75.0,,,,,352.96,,,,UTC-0300,hriiVjEkYE,,,c02e14d5-e759-477c-a413-19e0950a5c9b.com.samsung.health.exercise.live_data.json,,,com.sec.android.app.shealth,,,,,2025-07-23 23:53:11.519,c02e14d5-e759-477c-a413-19e0950a5c9b,,
16ee42bd-7f14-4a5e-8910-00cc018c75ff.live_data_internal.json,,0,,,,163.0,,,,,16ee42bd-7f14-4a5e-8910-00cc018c75ff.sensing_status.json,4,,,,,,,,,,,,16ee42bd-7f14-4a5e-8910-00cc018c75ff.location_data_internal.json,,,1095237,,63030110,,16ee42bd-7f14-4a5e-8910-00cc018c75ff.com.samsung.health.exercise.location_data.json,2025-07-24 00:00:58.784,1001,,,,126.0,30001,,,63030110,155.0,2025-07-24 00:20:29.668,2025-07-24 00:20:29.668,,,1.9215,101.84097,110.0,,1859,1675.62,,163.0,124.0,,,UTC-0300,hriiVjEkYE,,,16ee42bd-7f14-4a5e-8910-00cc018c75ff.com.samsung.health.exercise.live_data.json,,1.5299153,com.sec.android.app.shealth,,,,,2025-07-24 00:19:14.020,16ee42bd-7f14-4a5e-8910-00cc018c75ff,,
eea871c3-61c6-4a6a-bde2-70a4ecaa197e.live_data_internal.json,,0,,,,173.76367,,,,,eea871c3-61c6-4a6a-bde2-70a4ecaa197e.sensing_status.json,4,,,,,,,,,,,,eea871c3-61c6-4a6a-bde2-70a4ecaa197e.location_data_internal.json,,,1154896,,63030110,,eea871c3-61c6-4a6a-bde2-70a4ecaa197e.com.samsung.health.exercise.location_data.json,2025-07-25 22:43:29.251,1001,,,,101.0,30001,,,63030110,117.0,2025-07-25 23:04:14.504,2025-07-25 23:04:14.504,,,1.84,91.644615,78.0,,1764,1647.23,,172.0,120.0,,,UTC-0300,hriiVjEkYE,,,eea871c3-61c6-4a6a-bde2-70a4ecaa197e.com.samsung.health.exercise.live_data.json,,1.4263016,com.sec.android.app.shealth,,,,,2025-07-25 23:03:54.334,eea871c3-61c6-4a6a-bde2-70a4ecaa197e,,
dd56744c-6973-4722-b9ca-99e41c3998bb.live_data_internal.json,,0,,,,414.21,,,,,dd56744c-6973-4722-b9ca-99e41c3998bb.sensing_status.json,1,,,,,,,,,,,,,,,2417724,,63030110,,,2025-07-25 23:09:31.667,15002,,,,137.0,,,,63030110,163.0,2025-07-25 23:49:50.849,2025-07-25 23:49:50.849,,,,,99.0,,,,,414.21,,,,UTC-0300,hriiVjEkYE,,,dd56744c-6973-4722-b9ca-99e41c3998bb.com.samsung.health.exercise.live_data.json,,,com.sec.android.app.shealth,,,,,2025-07-25 23:49:49.391,dd56744c-6973-4722-b9ca-99e41c3998bb,,
282f1878-d5ff-424b-8fff-c2644ff8c559.live_data_internal.json,,0,,,,139.00003,,,,,282f1878-d5ff-424b-8fff-c2644ff8c559.sensing_status.json,4,,,,,,,,,,,,282f1878-d5ff-424b-8fff-c2644ff8c559.location_data_internal.json,,,958591,,63030110,,282f1878-d5ff-424b-8fff-c2644ff8c559.com.samsung.health.exercise.location_data.json,2025-07-25 23:50:06.287,1001,,,,115.0,30001,,,63030110,146.0,2025-07-26 00:06:29.080,2025-07-26 00:06:29.080,,,2.0,109.911316,80.0,,1756,1583.55,,139.0,129.0,,,UTC-0300,hriiVjEkYE,,,282f1878-d5ff-424b-8fff-c2644ff8c559.com.samsung.health.exercise.live_data.json,,1.6519558,com.sec.android.app.shealth,,,,,2025-07-26 00:06:04.879,282f1878-d5ff-424b-8fff-c2644ff8c559,,
7340a124-3240-4a9a-bdd6-05aeae31055d.live_data_internal.json,,0,,,,152.7996,,,,,7340a124-3240-4a9a-bdd6-05aeae31055d.sensing_status.json,4,,,,,,,,,,,,7340a124-3240-4a9a-bdd6-05aeae31055d.location_data_internal.json,,,1031380,,63030110,,7340a124-3240-4a9a-bdd6-05aeae31055d.com.samsung.health.exercise.location_data.json,2025-07-26 13:56:19.168,1001,,,,121.0,30001,,,63030110,135.0,2025-07-26 14:14:39.003,2025-07-26 14:14:39.003,,,1.9033333,101.398125,110.0,,1743,1570.9,,152.0,123.0,,,UTC-0300,hriiVjEkYE,,,7340a124-3240-4a9a-bdd6-05aeae31055d.com.samsung.health.exercise.live_data.json,,1.523105,com.sec.android.app.shealth,,,,,2025-07-26 14:14:02.369,7340a124-3240-4a9a-bdd6-05aeae31055d,,
5c1effca-5f29-40c1-8754-f0c1054d2649.live_data_internal.json,,0,,,,398.78,,,,,5c1effca-5f29-40c1-8754-f0c1054d2649.sensing_status.json,1,,,,,,,,,,,,,,,2760781,,63030110,,,2025-07-26 14:14:45.501,15002,,,,116.0,,,,63030110,137.0,2025-07-26 15:00:47.515,2025-07-26 15:00:47.515,,,,,90.0,,,,,398.78,,,,UTC-0300,hriiVjEkYE,,,5c1effca-5f29-40c1-8754-f0c1054d2649.com.samsung.health.exercise.live_data.json,,,com.sec.android.app.shealth,,,,,2025-07-26 15:00:46.282,5c1effca-5f29-40c1-8754-f0c1054d2649,,
443333c1-4c79-41cc-8f2b-6185e3718ccc.live_data_internal.json,,0,,,,145.6225,,,,,443333c1-4c79-41cc-8f2b-6185e3718ccc.sensing_status.json,4,,,,,,,,,,,,443333c1-4c79-41cc-8f2b-6185e3718ccc.location_data_internal.json,,,879634,,63030110,,443333c1-4c79-41cc-8f2b-6185e3718ccc.com.samsung.health.exercise.location_data.json,2025-07-26 15:00:56.949,1001,,,,125.0,30001,,,63030110,148.0,2025-07-26 15:18:36.504,2025-07-26 15:18:36.504,,,1.93,111.86471,94.0,,1640,1468.3,,143.0,125.0,,,UTC-0300,hriiVjEkYE,,,443333c1-4c79-41cc-8f2b-6185e3718ccc.com.samsung.health.exercise.live_data.json,,1.6692171,com.sec.android.app.shealth,,,,,2025-07-26 15:17:20.948,443333c1-4c79-41cc-8f2b-6185e3718ccc,,
dc761adf-5824-4883-923c-8433b11efe80.live_data_internal.json,,0,,,,153.16467,,,,,dc761adf-5824-4883-923c-8433b11efe80.sensing_status.json,4,,,,,,,,,,,,dc761adf-5824-4883-923c-8433b11efe80.location_data_internal.json,,,1127995,,63030110,,dc761adf-5824-4883-923c-8433b11efe80.com.samsung.health.exercise.location_data.json,2025-07-26 20:14:46.011,1001,,,,111.0,30001,,,63030110,119.0,2025-07-26 20:35:35.826,2025-07-26 20:35:35.826,,,1.616792,97.0749,92.0,,1825,1551.77,,152.0,109.0,,,UTC-0300,hriiVjEkYE,,,dc761adf-5824-4883-923c-8433b11efe80.com.samsung.health.exercise.live_data.json,,1.3756888,com.sec.android.app.shealth,,,,,2025-07-26 20:34:20.355,dc761adf-5824-4883-923c-8433b11efe80,,
1f6647a4-2e87-44b6-8800-92402c8acae2.live_data_internal.json,,0,,,,249.00003,,,,,1f6647a4-2e87-44b6-8800-92402c8acae2.sensing_status.json,4,,,,,,,,,,,,1f6647a4-2e87-44b6-8800-92402c8acae2.location_data_internal.json,,,1846726,,63030110,,1f6647a4-2e87-44b6-8800-92402c8acae2.com.samsung.health.exercise.location_data.json,2025-07-26 20:47:27.011,1001,,,,112.0,30001,,,63030110,120.0,2025-07-26 21:19:29.330,2025-07-26 21:19:29.330,,,1.6508335,104.84501,90.0,,3227,2754.17,,249.0,112.0,,,UTC-0300,hriiVjEkYE,,,1f6647a4-2e87-44b6-8800-92402c8acae2.com.samsung.health.exercise.live_data.json,,1.4913799,com.sec.android.app.shealth,,,,,2025-07-26 21:18:13.738,1f6647a4-2e87-44b6-8800-92402c8acae2,,
73467416-a5e7-42d7-a7f2-2c8040a4d977.live_data_internal.json,,0,,,,129.75533,,,,,73467416-a5e7-42d7-a7f2-2c8040a4d977.sensing_status.json,4,,,,,,,,,,,,73467416-a5e7-42d7-a7f2-2c8040a4d977.location_data_internal.json,,,932138,,63030110,,73467416-a5e7-42d7-a7f2-2c8040a4d977.com.samsung.health.exercise.location_data.json,2025-07-26 23:56:55.578,1001,,,,101.0,30001,,,63030110,122.0,2025-07-27 00:14:13.355,2025-07-27 00:14:13.355,,,2.0018334,85.67401,82.0,,1331,1212.32,,129.0,132.0,,,UTC-0300,hriiVjEkYE,,,73467416-a5e7-42d7-a7f2-2c8040a4d977.com.samsung.health.exercise.live_data.json,,1.3005799,com.sec.android.app.shealth,,,,,2025-07-27 00:12:57.775,73467416-a5e7-42d7-a7f2-2c8040a4d977,,
,,,,,,,1,,,,,4,0,,0,,,,,,,,,,,,840000,,63030110,,,2025-07-27 21:05:00.000,1001,,,,,30001,,,63030110,,2025-07-27 21:35:03.882,2025-07-27 21:35:03.882,,,1.5277778,,,,1643,1289.55,,98.53,,,,UTC-0300,487mnSNu6t,,,7b99b9e5-0480-4b61-a8ed-ce9f1e233b1b.com.samsung.health.exercise.live_data.json,,1.5277778,com.sec.android.app.shealth,,,,,2025-07-27 21:19:00.000,7b99b9e5-0480-4b61-a8ed-ce9f1e233b1b,,
0bdbda5b-f819-4207-b9d7-013b5ae60b52.live_data_internal.json,,0,,,,805.36304,,,,,0bdbda5b-f819-4207-b9d7-013b5ae60b52.sensing_status.json,1,,,,,,,,,,,,0bdbda5b-f819-4207-b9d7-013b5ae60b52.location_data_internal.json,,,6083639,,63030110,,0bdbda5b-f819-4207-b9d7-013b5ae60b52.com.samsung.health.exercise.location_data.json,2025-07-27 19:19:52.358,1001,,962.578,159.167,110.0,30001,,956.418,63030110,122.0,2025-07-28 16:39:00.580,2025-07-28 16:39:00.580,,,2.352,108.862465,85.0,,11038,8022.678,,801.048,148.362,177.316,,UTC-0300,hriiVjEkYE,,,0bdbda5b-f819-4207-b9d7-013b5ae60b52.com.samsung.health.exercise.live_data.json,,1.3187301,com.sec.android.app.shealth,12.184,,,,2025-07-27 21:04:07.718,0bdbda5b-f819-4207-b9d7-013b5ae60b52,,
959b99f0-24da-49e0-853f-cbdf673330f1.live_data_internal.json,,0,,,,424.51,,,,,959b99f0-24da-49e0-853f-cbdf673330f1.sensing_status.json,1,,,,,,,,,,,,,,,2932660,,63030110,,,2025-07-28 22:48:33.982,15002,,,,114.0,,,,63030110,138.0,2025-07-28 23:37:28.188,2025-07-28 23:37:28.188,,,,,76.0,,,,,424.51,,,,UTC-0300,hriiVjEkYE,,,959b99f0-24da-49e0-853f-cbdf673330f1.com.samsung.health.exercise.live_data.json,,,com.sec.android.app.shealth,,,,,2025-07-28 23:37:26.642,959b99f0-24da-49e0-853f-cbdf673330f1,,
1af86c55-376c-43d1-bf5e-2e00fb6f30fa.live_data_internal.json,,0,,,,377.88,,,,,1af86c55-376c-43d1-bf5e-2e00fb6f30fa.sensing_status.json,1,,,,,,,,,,,,,,,2645485,,63030110,,,2025-08-01 23:42:09.246,15002,,,,112.0,,,,63030110,137.0,2025-08-02 00:26:16.443,2025-08-02 00:26:16.443,,,,,90.0,,,,,377.88,,,,UTC-0300,hriiVjEkYE,,,1af86c55-376c-43d1-bf5e-2e00fb6f30fa.com.samsung.health.exercise.live_data.json,,,com.sec.android.app.shealth,,,,,2025-08-02 00:26:14.731,1af86c55-376c-43d1-bf5e-2e00fb6f30fa,,
cfd119c7-76f6-422d-8bdc-5c3fe8bc0b9d.live_data_internal.json,,0,,,,391.13,,,,,cfd119c7-76f6-422d-8bdc-5c3fe8bc0b9d.sensing_status.json,1,,,,,,,,,,,,,,,2613888,,63030110,,,2025-08-02 14:05:08.184,15002,,,,121.0,,,,63030110,151.0,2025-08-02 14:48:43.433,2025-08-02 14:48:43.433,,,,,98.0,,,,,391.13,,,,UTC-0300,hriiVjEkYE,,,cfd119c7-76f6-422d-8bdc-5c3fe8bc0b9d.com.samsung.health.exercise.live_data.json,,,com.sec.android.app.shealth,,,,,2025-08-02 14:48:42.072,cfd119c7-76f6-422d-8bdc-5c3fe8bc0b9d,,
e3953b56-253c-48a3-bbd0-df673a67a04a.live_data_internal.json,,0,,,,105.00002,,,,,e3953b56-253c-48a3-bbd0-df673a67a04a.sensing_status.json,4,,,,,,,,,,,,e3953b56-253c-48a3-bbd0-df673a67a04a.location_data_internal.json,,,788443,,63030110,,e3953b56-253c-48a3-bbd0-df673a67a04a.com.samsung.health.exercise.location_data.json,2025-08-02 16:03:28.451,1001,,,,111.0,30001,,,63030110,119.0,2025-08-02 16:17:52.511,2025-08-02 16:17:52.511,,,1.4921668,87.66645,93.0,,1152,868.42,,105.0,116.0,,,UTC-0300,hriiVjEkYE,,,e3953b56-253c-48a3-bbd0-df673a67a04a.com.samsung.health.exercise.live_data.json,,1.1014366,com.sec.android.app.shealth,,,,,2025-08-02 16:16:36.895,e3953b56-253c-48a3-bbd0-df673a67a04a,,
9f36233e-1be2-4f6a-9d10-4927638aa187.live_data_internal.json,,0,,,,103.35361,,,,,9f36233e-1be2-4f6a-9d10-4927638aa187.sensing_status.json,4,,,,,,,,,,,,9f36233e-1be2-4f6a-9d10-4927638aa187.location_data_internal.json,,,757528,,63030110,,9f36233e-1be2-4f6a-9d10-4927638aa187.com.samsung.health.exercise.location_data.json,2025-08-02 16:22:34.652,1001,,,,106.0,30001,,,63030110,126.0,2025-08-02 16:37:21.786,2025-08-02 16:37:21.786,,,1.479,87.91754,70.0,,1110,874.0,,102.0,117.0,,,UTC-0300,hriiVjEkYE,,,9f36233e-1be2-4f6a-9d10-4927638aa187.com.samsung.health.exercise.live_data.json,,1.1537527,com.sec.android.app.shealth,,,,,2025-08-02 16:36:06.048,9f36233e-1be2-4f6a-9d10-4927638aa187,,
ec3d36cf-4503-4b45-84eb-470dab905cd8.live_data_internal.json,,0,,,,543.66,,,,,ec3d36cf-4503-4b45-84eb-470dab905cd8.sensing_status.json,1,,,,,,,,,,,,,,,3633273,,63030110,,,2025-08-08 23:09:31.772,15002,,,,120.0,,,,63030110,149.0,2025-08-09 00:10:06.681,2025-08-09 00:10:06.681,,,,,87.0,,,,,543.66,,,,UTC-0300,hriiVjEkYE,,,ec3d36cf-4503-4b45-84eb-470dab905cd8.com.samsung.health.exercise.live_data.json,,,com.sec.android.app.shealth,,,,,2025-08-09 00:10:05.045,ec3d36cf-4503-4b45-84eb-470dab905cd8,,
9bd4facb-bd4e-4d1a-9df5-cc1c8e9d37dc.live_data_internal.json,,0,,,,400.04,,,,,9bd4facb-bd4e-4d1a-9df5-cc1c8e9d37dc.sensing_status.json,1,,,,,,,,,,,,,,,2974247,,63030110,,,2025-08-09 13:49:38.574,15002,,,,105.0,,,,63030110,137.0,2025-08-09 14:39:13.856,2025-08-09 14:39:13.856,,,,,82.0,,,,,400.04,,,,UTC-0300,hriiVjEkYE,,,9bd4facb-bd4e-4d1a-9df5-cc1c8e9d37dc.com.samsung.health.exercise.live_data.json,,,com.sec.android.app.shealth,,,,,2025-08-09 14:39:12.821,9bd4facb-bd4e-4d1a-9df5-cc1c8e9d37dc,,
9bb18dd0-2427-4a0b-8d90-4f1146414ba9.live_data_internal.json,,0,,,,585.59,,,,,9bb18dd0-2427-4a0b-8d90-4f1146414ba9.sensing_status.json,1,,,,,,,,,,,,,,,3326300,,63030110,,,2025-08-16 14:13:29.294,15002,,,,140.0,,,,63030110,180.0,2025-08-16 15:08:56.699,2025-08-16 15:08:56.699,,,,,103.0,,,,,585.59,,,,UTC-0300,hriiVjEkYE,,,9bb18dd0-2427-4a0b-8d90-4f1146414ba9.com.samsung.health.exercise.live_data.json,,,com.sec.android.app.shealth,,,,,2025-08-16 15:08:55.594,9bb18dd0-2427-4a0b-8d90-4f1146414ba9,,
,,,,,,,1,,,,,4,0,,0,,,,,,,,,,,,938000,,63030110,,,2025-08-20 23:05:22.000,1001,,,,,30001,,,63030110,,2025-08-20 23:34:33.066,2025-08-20 23:34:33.066,,,1.5,,,,1721,1322.92,,51.79,,,,UTC-0300,487mnSNu6t,,,a348ee78-be92-4a51-b7d8-5bfd9c925609.com.samsung.health.exercise.live_data.json,,1.4103624,com.sec.android.app.shealth,,,,,2025-08-20 23:21:00.000,a348ee78-be92-4a51-b7d8-5bfd9c925609,,
,,,,,,,1,,,,,4,0,,0,,,,,,,,,,,,899595,,63030110,,,2025-08-21 00:10:00.000,1001,,,,,30001,,,63030110,,2025-08-21 00:31:29.026,2025-08-21 00:31:29.026,,,1.5651667,,,,1732,1330.05,,52.02,,,,UTC-0300,487mnSNu6t,,,ff002ac7-6bff-479c-a17d-0dae00ccd9b5.com.samsung.health.exercise.live_data.json,,1.4784987,com.sec.android.app.shealth,,,,,2025-08-21 00:25:00.000,ff002ac7-6bff-479c-a17d-0dae00ccd9b5,,
,,,,,,,1,,,,,4,0,,0,,,,,,,,,,,,942000,,63030110,,,2025-08-22 18:26:18.000,1001,,,,,30001,,,63030110,,2025-08-22 18:44:26.190,2025-08-22 18:44:26.190,,,1.4722222,,,,1743,1337.74,,52.42,,,,UTC-0300,487mnSNu6t,,,b77a2e02-5247-4c67-a1e8-c2e6f90cc866.com.samsung.health.exercise.live_data.json,,1.4201062,com.sec.android.app.shealth,,,,,2025-08-22 18:42:00.000,b77a2e02-5247-4c67-a1e8-c2e6f90cc866,,
bc0ed17f-ee9c-4efb-a84d-9b94e3a1582e.live_data_internal.json,,0,,-49.3144,,611.1985,,,,,bc0ed17f-ee9c-4efb-a84d-9b94e3a1582e.sensing_status.json,1,,,,,,,,-25.430294,,,,bc0ed17f-ee9c-4efb-a84d-9b94e3a1582e.location_data_internal.json,,,4754279,,63030110,,bc0ed17f-ee9c-4efb-a84d-9b94e3a1582e.com.samsung.health.exercise.location_data.json,2025-08-23 20:32:23.755,1001,,962.792,28.637,112.0,30001,,951.715,63030110,122.0,2025-08-23 21:55:08.828,2025-08-23 21:55:08.828,,,1.946,111.49956,89.0,,8835,6780.996,,605.959,127.748,18.468,37.81,UTC-0300,hriiVjEkYE,,,bc0ed17f-ee9c-4efb-a84d-9b94e3a1582e.com.samsung.health.exercise.live_data.json,,1.4262934,com.sec.android.app.shealth,0.0,,,,2025-08-23 21:55:06.544,bc0ed17f-ee9c-4efb-a84d-9b94e3a1582e,,
2d66b8e6-903c-4088-b7ea-790d603eaeba.live_data_internal.json,,0,,,,447.66,,,,,2d66b8e6-903c-4088-b7ea-790d603eaeba.sensing_status.json,1,,,,,,,,,,,,,,,2854167,,63030110,,,2025-08-26 23:18:17.272,15002,,,,129.0,,,,63030110,161.0,2025-08-27 00:05:52.987,2025-08-27 00:05:52.987,,,,,85.0,,,,,447.66,,,,UTC-0300,hriiVjEkYE,,,2d66b8e6-903c-4088-b7ea-790d603eaeba.com.samsung.health.exercise.live_data.json,,,com.sec.android.app.shealth,,,,,2025-08-27 00:05:51.439,2d66b8e6-903c-4088-b7ea-790d603eaeba,,
,,,,,,,1,,,,,4,0,,0,,,,,,,,,,,,832000,,63030110,,,2025-08-27 22:40:08.000,1001,,,,,30001,,,63030110,,2025-08-27 23:15:00.979,2025-08-27 23:15:00.979,,,1.6111112,,,,1632,1271.53,,49.09,,,,UTC-0300,487mnSNu6t,,,2bf9c7b4-ae41-4d80-aa5f-bf174ed4c62a.com.samsung.health.exercise.live_data.json,,1.5282812,com.sec.android.app.shealth,,,,,2025-08-27 22:54:00.000,2bf9c7b4-ae41-4d80-aa5f-bf174ed4c62a,,
,,,,,,,1,,,,,4,0,,0,,,,,,,,,,,,692000,,63030110,,,2025-08-27 23:28:28.000,1001,,,,,30001,,,63030110,,2025-08-27 23:54:12.970,2025-08-27 23:54:12.970,,,1.5606667,,,,1436,1108.39,,43.13,,,,UTC-0300,487mnSNu6t,,,b616a0c6-bdc0-4340-97a7-9e44c447ca21.com.samsung.health.exercise.live_data.json,,1.5606667,com.sec.android.app.shealth,,,,,2025-08-27 23:40:00.000,b616a0c6-bdc0-4340-97a7-9e44c447ca21,,
ff209bd1-1753-405b-8eb7-7f2ffb6f3aeb.live_data_internal.json,,0,,,,407.64,,,,,ff209bd1-1753-405b-8eb7-7f2ffb6f3aeb.sensing_status.json,1,,,,,,,,,,,,,,,2875180,,63030110,,,2025-08-28 22:22:47.851,15002,,,,112.0,,,,63030110,141.0,2025-08-28 23:10:44.299,2025-08-28 23:10:44.299,,,,,88.0,,,,,407.64,,,,UTC-0300,hriiVjEkYE,,,ff209bd1-1753-405b-8eb7-7f2ffb6f3aeb.com.samsung.health.exercise.live_data.json,,,com.sec.android.app.shealth,,,,,2025-08-28 23:10:43.031,ff209bd1-1753-405b-8eb7-7f2ffb6f3aeb,,
,,,,,,,1,,,,,4,0,,0,,,,,,,,,,,,960000,,63030110,,,2025-08-30 13:54:00.000,1001,,,,,30001,,,63030110,,2025-08-30 14:14:21.392,2025-08-30 14:14:21.392,,,1.5641667,,,,1652,1279.76,,49.68,,,,UTC-0300,487mnSNu6t,,,8e9df125-875f-458d-a0b9-3ae0397514ce.com.samsung.health.exercise.live_data.json,,1.3330834,com.sec.android.app.shealth,,,,,2025-08-30 14:10:00.000,8e9df125-875f-458d-a0b9-3ae0397514ce,,
7ba9dab2-14d6-4945-a33f-566525eefa98.live_data_internal.json,,0,,,,138.16324,,,,,7ba9dab2-14d6-4945-a33f-566525eefa98.sensing_status.json,4,,,,,,,,,,,,7ba9dab2-14d6-4945-a33f-566525eefa98.location_data_internal.json,,,988734,,63030110,,7ba9dab2-14d6-4945-a33f-566525eefa98.com.samsung.health.exercise.location_data.json,2025-09-10 22:55:50.460,1001,,,,118.0,30001,,,63030110,135.0,2025-09-10 23:13:41.213,2025-09-10 23:13:41.213,,,1.6333333,105.95367,107.0,,1746,1371.89,,138.0,124.0,,,UTC-0300,hriiVjEkYE,,,7ba9dab2-14d6-4945-a33f-566525eefa98.com.samsung.health.exercise.live_data.json,,1.3875219,com.sec.android.app.shealth,,,,,2025-09-10 23:12:25.690,7ba9dab2-14d6-4945-a33f-566525eefa98,,
f6bf3e78-b1ad-42bd-8752-d6dec1c569ed.live_data_internal.json,,0,,,,473.55,,,,,f6bf3e78-b1ad-42bd-8752-d6dec1c569ed.sensing_status.json,1,,,,,,,,,,,,,,,3048836,,63030110,,,2025-09-10 23:15:27.027,15002,,,,126.0,,,,63030110,158.0,2025-09-11 00:06:19.181,2025-09-11 00:06:19.181,,,,,84.0,,,,,473.55,,,,UTC-0300,hriiVjEkYE,,,f6bf3e78-b1ad-42bd-8752-d6dec1c569ed.com.samsung.health.exercise.live_data.json,,,com.sec.android.app.shealth,,,,,2025-09-11 00:06:15.863,f6bf3e78-b1ad-42bd-8752-d6dec1c569ed,,
c4ef6f1c-aa29-4643-ba17-e9ae778e425e.live_data_internal.json,,0,,,,443.62,,,,,c4ef6f1c-aa29-4643-ba17-e9ae778e425e.sensing_status.json,1,,,,,,,,,,,,,,,2790900,,63030110,,,2025-09-13 14:14:11.004,15002,,,,127.0,,,,63030110,167.0,2025-09-13 15:00:43.041,2025-09-13 15:00:43.041,,,,,73.0,,,,,443.62,,,,UTC-0300,hriiVjEkYE,,,c4ef6f1c-aa29-4643-ba17-e9ae778e425e.com.samsung.health.exercise.live_data.json,,,com.sec.android.app.shealth,,,,,2025-09-13 15:00:41.904,c4ef6f1c-aa29-4643-ba17-e9ae778e425e,,
823a83fe-6368-4148-9aa7-092599f41c56.live_data_internal.json,,0,,,,128.93138,,,,,823a83fe-6368-4148-9aa7-092599f41c56.sensing_status.json,4,,,,,,,,,,,,823a83fe-6368-4148-9aa7-092599f41c56.location_data_internal.json,,,884028,,63030110,,823a83fe-6368-4148-9aa7-092599f41c56.com.samsung.health.exercise.location_data.json,2025-09-16 22:58:57.177,1001,,,,108.0,30001,,,63030110,125.0,2025-09-16 23:16:12.651,2025-09-16 23:16:12.651,,,1.5641667,110.42637,76.0,,1627,1223.74,,127.0,120.0,,,UTC-0300,hriiVjEkYE,,,823a83fe-6368-4148-9aa7-092599f41c56.com.samsung.health.exercise.live_data.json,,1.3842773,com.sec.android.app.shealth,,,,,2025-09-16 23:14:58.066,823a83fe-6368-4148-9aa7-092599f41c56,,
f193596d-48ee-4f34-b5fa-192b9771f615.live_data_internal.json,,0,,,,476.95,,,,,f193596d-48ee-4f34-b5fa-192b9771f615.sensing_status.json,1,,,,,,,,,,,,,,,3382361,,63030110,,,2025-09-16 23:16:45.722,15002,,,,114.0,,,,63030110,137.0,2025-09-17 00:13:09.540,2025-09-17 00:13:09.540,,,,,82.0,,,,,476.95,,,,UTC-0300,hriiVjEkYE,,,f193596d-48ee-4f34-b5fa-192b9771f615.com.samsung.health.exercise.live_data.json,,,com.sec.android.app.shealth,,,,,2025-09-17 00:13:08.083,f193596d-48ee-4f34-b5fa-192b9771f615,,
a3384a33-65c7-4585-a1c9-4c4f197a81e3.live_data_internal.json,,0,,,,119.0,,,,,a3384a33-65c7-4585-a1c9-4c4f197a81e3.sensing_status.json,4,,,,,,,,,,,,a3384a33-65c7-4585-a1c9-4c4f197a81e3.location_data_internal.json,,,911503,,63030110,,a3384a33-65c7-4585-a1c9-4c4f197a81e3.com.samsung.health.exercise.location_data.json,2025-09-17 00:13:33.221,1001,,,,105.0,30001,,,63030110,138.0,2025-09-17 00:28:46.805,2025-09-17 00:28:46.805,,,1.5555556,113.15377,56.0,,1719,1313.36,,119.0,119.0,,,UTC-0300,hriiVjEkYE,,,a3384a33-65c7-4585-a1c9-4c4f197a81e3.com.samsung.health.exercise.live_data.json,,1.4408729,com.sec.android.app.shealth,,,,,2025-09-17 00:28:44.724,a3384a33-65c7-4585-a1c9-4c4f197a81e3,,
459f2e15-eb6d-4b9e-b18a-bc24cbccb44e.live_data_internal.json,,0,,,,413.32,,,,,459f2e15-eb6d-4b9e-b18a-bc24cbccb44e.sensing_status.json,1,,,,,,,,,,,,,,,2984719,,63030110,,,2025-09-17 22:43:53.206,15002,,,,109.0,,,,63030110,135.0,2025-09-17 23:33:38.946,2025-09-17 23:33:38.946,,,,,88.0,,,,,413.32,,,,UTC-0300,hriiVjEkYE,,,459f2e15-eb6d-4b9e-b18a-bc24cbccb44e.com.samsung.health.exercise.live_data.json,,,com.sec.android.app.shealth,,,,,2025-09-17 23:33:37.925,459f2e15-eb6d-4b9e-b18a-bc24cbccb44e,,
456b4b4d-9a53-4453-9ece-e0ac614fc729.live_data_internal.json,,0,,,,348.02,,,,,456b4b4d-9a53-4453-9ece-e0ac614fc729.sensing_status.json,1,,,,,,,,,,,,,,,2583635,,63030110,,,2025-09-18 22:43:10.486,15002,,,,107.0,,,,63030110,140.0,2025-09-18 23:26:15.473,2025-09-18 23:26:15.473,,,,,86.0,,,,,348.02,,,,UTC-0300,hriiVjEkYE,,,456b4b4d-9a53-4453-9ece-e0ac614fc729.com.samsung.health.exercise.live_data.json,,,com.sec.android.app.shealth,,,,,2025-09-18 23:26:14.121,456b4b4d-9a53-4453-9ece-e0ac614fc729,,
857d56fc-cf13-498e-9b95-db38de876e27.live_data_internal.json,,0,,,,103.2796,,,,,857d56fc-cf13-498e-9b95-db38de876e27.sensing_status.json,4,,,,,,,,,,,,857d56fc-cf13-498e-9b95-db38de876e27.location_data_internal.json,,,756039,,63030110,,857d56fc-cf13-498e-9b95-db38de876e27.com.samsung.health.exercise.location_data.json,2025-09-18 23:58:51.248,1001,,,,115.0,30001,,,63030110,125.0,2025-09-19 00:12:53.718,2025-09-19 00:12:53.718,,,1.5960001,100.947174,104.0,,1272,971.31,,103.0,122.0,,,UTC-0300,hriiVjEkYE,,,857d56fc-cf13-498e-9b95-db38de876e27.com.samsung.health.exercise.live_data.json,,1.2847353,com.sec.android.app.shealth,,,,,2025-09-19 00:11:38.414,857d56fc-cf13-498e-9b95-db38de876e27,,
6b2a8744-73c4-4e48-96e1-7d33cb7ff73e.live_data_internal.json,,0,,,,140.5646,,,,,6b2a8744-73c4-4e48-96e1-7d33cb7ff73e.sensing_status.json,4,,,,,,,,,,,,6b2a8744-73c4-4e48-96e1-7d33cb7ff73e.location_data_internal.json,,,993751,,63030110,,6b2a8744-73c4-4e48-96e1-7d33cb7ff73e.com.samsung.health.exercise.location_data.json,2025-09-23 22:20:39.946,1001,,,,102.0,30001,,,63030110,112.0,2025-09-23 22:39:31.546,2025-09-23 22:39:31.546,,,1.5606667,103.30555,90.0,,1711,1326.93,,139.0,120.0,,,UTC-0300,hriiVjEkYE,,,6b2a8744-73c4-4e48-96e1-7d33cb7ff73e.com.samsung.health.exercise.live_data.json,,1.3352742,com.sec.android.app.shealth,,,,,2025-09-23 22:38:15.962,6b2a8744-73c4-4e48-96e1-7d33cb7ff73e,,
713f8aa8-02ed-4231-b9e2-1bbef6f04045.live_data_internal.json,,0,,,,428.23,,,,,713f8aa8-02ed-4231-b9e2-1bbef6f04045.sensing_status.json,1,,,,,,,,,,,,,,,3152034,,63030110,,,2025-09-23 22:41:28.249,15002,,,,107.0,,,,63030110,134.0,2025-09-23 23:34:01.738,2025-09-23 23:34:01.738,,,,,80.0,,,,,428.23,,,,UTC-0300,hriiVjEkYE,,,713f8aa8-02ed-4231-b9e2-1bbef6f04045.com.samsung.health.exercise.live_data.json,,,com.sec.android.app.shealth,,,,,2025-09-23 23:34:00.283,713f8aa8-02ed-4231-b9e2-1bbef6f04045,,
98befb30-f2b5-48ab-869c-4fc1842f9644.live_data_internal.json,,0,,,,171.46907,,,,,98befb30-f2b5-48ab-869c-4fc1842f9644.sensing_status.json,4,,,,,,,,,,,,98befb30-f2b5-48ab-869c-4fc1842f9644.location_data_internal.json,,,1049239,,63030110,,98befb30-f2b5-48ab-869c-4fc1842f9644.com.samsung.health.exercise.location_data.json,2025-09-23 23:34:09.301,1001,,,,115.0,30001,,,63030110,137.0,2025-09-23 23:57:11.573,2025-09-23 23:57:11.573,,,1.7156609,89.20751,93.0,,1560,1318.8,,165.0,122.0,,,UTC-0300,hriiVjEkYE,,,98befb30-f2b5-48ab-869c-4fc1842f9644.com.samsung.health.exercise.live_data.json,,1.256911,com.sec.android.app.shealth,,,,,2025-09-23 23:55:55.983,98befb30-f2b5-48ab-869c-4fc1842f9644,,
a78e1975-d0b2-4dd8-a617-a89e7caf3689.live_data_internal.json,,0,,,,721.65,,,,,a78e1975-d0b2-4dd8-a617-a89e7caf3689.sensing_status.json,1,,,,,,,,,,,,,,,4037423,,63051050,,,2025-10-02 23:17:12.063,15002,,,,139.0,,,,63051050,179.0,2025-10-03 00:24:31.438,2025-10-03 00:24:31.438,,,,,102.0,,,,,721.65,,,,UTC-0300,hriiVjEkYE,,,a78e1975-d0b2-4dd8-a617-a89e7caf3689.com.samsung.health.exercise.live_data.json,,,com.sec.android.app.shealth,,,,,2025-10-03 00:24:29.486,a78e1975-d0b2-4dd8-a617-a89e7caf3689,,
e6dc4d0b-64c1-4034-bfa1-c449db15ff67.live_data_internal.json,,0,,,,67.0,,,,,e6dc4d0b-64c1-4034-bfa1-c449db15ff67.sensing_status.json,4,,,,,,,,,,,,e6dc4d0b-64c1-4034-bfa1-c449db15ff67.location_data_internal.json,,,627575,,63051050,,e6dc4d0b-64c1-4034-bfa1-c449db15ff67.com.samsung.health.exercise.location_data.json,2025-10-03 20:51:49.591,1001,,,,98.0,30001,,,63051050,113.0,2025-10-03 21:02:30.576,2025-10-03 21:02:30.576,,,1.599659,66.73306,73.0,,698,525.95,,67.0,115.0,,,UTC-0300,hriiVjEkYE,,,e6dc4d0b-64c1-4034-bfa1-c449db15ff67.com.samsung.health.exercise.live_data.json,,0.8380672,com.sec.android.app.shealth,,,,,2025-10-03 21:02:17.166,e6dc4d0b-64c1-4034-bfa1-c449db15ff67,,
22f18378-6dd6-45ec-92c5-553867809496.live_data_internal.json,,0,,,,361.66,,,,,22f18378-6dd6-45ec-92c5-553867809496.sensing_status.json,1,,,,,,,,,,,,,,,2593491,,63051050,,,2025-10-03 22:08:50.318,15002,,,,115.0,,,,63051050,145.0,2025-10-03 22:52:05.057,2025-10-03 22:52:05.057,,,,,74.0,,,,,361.66,,,,UTC-0300,hriiVjEkYE,,,22f18378-6dd6-45ec-92c5-553867809496.com.samsung.health.exercise.live_data.json,,,com.sec.android.app.shealth,,,,,2025-10-03 22:52:03.809,22f18378-6dd6-45ec-92c5-553867809496,,
bd9c9074-586a-4dfb-a276-8daf28d91008.live_data_internal.json,,0,,,,530.36,,,,,bd9c9074-586a-4dfb-a276-8daf28d91008.sensing_status.json,1,,,,,,,,,,,,,,,3443342,,63051050,,,2025-10-06 22:54:30.849,15002,,,,125.0,,,,63051050,150.0,2025-10-06 23:51:56.760,2025-10-06 23:51:56.760,,,,,81.0,,,,,530.36,,,,UTC-0300,hriiVjEkYE,,,bd9c9074-586a-4dfb-a276-8daf28d91008.com.samsung.health.exercise.live_data.json,,,com.sec.android.app.shealth,,,,,2025-10-06 23:51:54.191,bd9c9074-586a-4dfb-a276-8daf28d91008,,
bdd9bddb-8a65-4733-8080-c557f4b5a40a.live_data_internal.json,,0,,,,593.83,,,,,bdd9bddb-8a65-4733-8080-c557f4b5a40a.sensing_status.json,1,,,,,,,,,,,,,,,3891808,,63051050,,,2025-10-07 22:58:59.216,15002,,,,120.0,,,,63051050,150.0,2025-10-08 00:03:52.163,2025-10-08 00:03:52.163,,,,,84.0,,,,,593.83,,,,UTC-0300,hriiVjEkYE,,,bdd9bddb-8a65-4733-8080-c557f4b5a40a.com.samsung.health.exercise.live_data.json,,,com.sec.android.app.shealth,,,,,2025-10-08 00:03:51.024,bdd9bddb-8a65-4733-8080-c557f4b5a40a,,
420473a6-ccf2-4134-9e6e-c5576c98f9ce.live_data_internal.json,,0,,,,347.4,,,,,420473a6-ccf2-4134-9e6e-c5576c98f9ce.sensing_status.json,1,,,,,,,,,,,,,,,2473620,,63051050,,,2025-10-08 22:44:02.001,15002,,,,114.0,,,,63051050,139.0,2025-10-08 23:25:17.072,2025-10-08 23:25:17.072,,,,,84.0,,,,,347.4,,,,UTC-0300,hriiVjEkYE,,,420473a6-ccf2-4134-9e6e-c5576c98f9ce.com.samsung.health.exercise.live_data.json,,,com.sec.android.app.shealth,,,,,2025-10-08 23:25:15.621,420473a6-ccf2-4134-9e6e-c5576c98f9ce,,
96f943f0-5ad7-432a-b3d1-b354346fe3e7.live_data_internal.json,,0,,,,155.63286,,,,,96f943f0-5ad7-432a-b3d1-b354346fe3e7.sensing_status.json,4,,,,,,,,,,,,96f943f0-5ad7-432a-b3d1-b354346fe3e7.location_data_internal.json,,,1078992,,63051050,,96f943f0-5ad7-432a-b3d1-b354346fe3e7.com.samsung.health.exercise.location_data.json,2025-10-08 23:33:11.793,1001,,,,144.0,30001,,,63051050,159.0,2025-10-08 23:54:11.053,2025-10-08 23:54:11.053,,,1.6194999,89.86166,114.0,,1616,1326.41,,153.0,123.0,,,UTC-0300,hriiVjEkYE,,,96f943f0-5ad7-432a-b3d1-b354346fe3e7.com.samsung.health.exercise.live_data.json,,1.2293049,com.sec.android.app.shealth,,,,,2025-10-08 23:52:55.562,96f943f0-5ad7-432a-b3d1-b354346fe3e7,,
ce63ff26-01c8-4728-b628-297ca4fee220.live_data_internal.json,,0,,,,382.87,,,,,ce63ff26-01c8-4728-b628-297ca4fee220.sensing_status.json,1,,,,,,,,,,,,,,,2536624,,63051050,,,2025-10-09 23:07:08.594,15002,,,,120.0,,,,63051050,169.0,2025-10-09 23:49:26.490,2025-10-09 23:49:26.490,,,,,83.0,,,,,382.87,,,,UTC-0300,hriiVjEkYE,,,ce63ff26-01c8-4728-b628-297ca4fee220.com.samsung.health.exercise.live_data.json,,,com.sec.android.app.shealth,,,,,2025-10-09 23:49:25.218,ce63ff26-01c8-4728-b628-297ca4fee220,,
39b2beb2-98e2-489e-ac43-b023467c9586.live_data_internal.json,,0,,,,345.2,,,,,39b2beb2-98e2-489e-ac43-b023467c9586.sensing_status.json,1,,,,,,,,,,,,,,,2564457,,63051050,,,2025-10-14 23:17:06.176,15002,,,,104.0,,,,63051050,128.0,2025-10-14 23:59:53.049,2025-10-14 23:59:53.049,,,,,70.0,,,,,345.2,,,,UTC-0300,hriiVjEkYE,,,39b2beb2-98e2-489e-ac43-b023467c9586.com.samsung.health.exercise.live_data.json,,,com.sec.android.app.shealth,,,,,2025-10-14 23:59:50.633,39b2beb2-98e2-489e-ac43-b023467c9586,,
2071ac8a-878d-4eb9-9e51-a8d380d8f8b1.live_data_internal.json,,0,,,,117.29079,,,,,2071ac8a-878d-4eb9-9e51-a8d380d8f8b1.sensing_status.json,4,,,,,,,,,,,,2071ac8a-878d-4eb9-9e51-a8d380d8f8b1.location_data_internal.json,,,828202,,63051050,,2071ac8a-878d-4eb9-9e51-a8d380d8f8b1.com.samsung.health.exercise.location_data.json,2025-10-19 17:49:07.879,1001,,,,96.0,30001,,,63051050,105.0,2025-10-19 18:05:42.980,2025-10-19 18:05:42.980,,,1.75,89.68826,78.0,,1238,966.71,,115.0,108.0,,,UTC-0300,hriiVjEkYE,,,2071ac8a-878d-4eb9-9e51-a8d380d8f8b1.com.samsung.health.exercise.live_data.json,,1.1672394,com.sec.android.app.shealth,,,,,2025-10-19 18:04:27.245,2071ac8a-878d-4eb9-9e51-a8d380d8f8b1,,
77432fc6-0b6f-4bc5-b4d3-5223f8f7a040.live_data_internal.json,,0,,,,102.98668,,,,,77432fc6-0b6f-4bc5-b4d3-5223f8f7a040.sensing_status.json,4,,,,,,,,,,,,77432fc6-0b6f-4bc5-b4d3-5223f8f7a040.location_data_internal.json,,,733771,,63051050,,77432fc6-0b6f-4bc5-b4d3-5223f8f7a040.com.samsung.health.exercise.location_data.json,2025-10-22 19:20:09.011,1001,,,,108.0,30001,,,63051050,112.0,2025-10-22 19:33:48.759,2025-10-22 19:33:48.759,,,1.5836667,108.75327,96.0,,1330,1029.05,,102.0,121.0,,,UTC-0300,hriiVjEkYE,,,77432fc6-0b6f-4bc5-b4d3-5223f8f7a040.com.samsung.health.exercise.live_data.json,,1.4024131,com.sec.android.app.shealth,,,,,2025-10-22 19:33:02.048,77432fc6-0b6f-4bc5-b4d3-5223f8f7a040,,
7260d17f-60c4-4e8e-933c-94798fae3196.live_data_internal.json,,0,,,,434.71,,,,,7260d17f-60c4-4e8e-933c-94798fae3196.sensing_status.json,1,,,,,,,,,,,,,,,2995512,,63051050,,,2025-10-22 19:33:57.822,15002,,,,117.0,,,,63051050,141.0,2025-10-22 20:23:54.507,2025-10-22 20:23:54.507,,,,,88.0,,,,,434.71,,,,UTC-0300,hriiVjEkYE,,,7260d17f-60c4-4e8e-933c-94798fae3196.com.samsung.health.exercise.live_data.json,,,com.sec.android.app.shealth,,,,,2025-10-22 20:23:53.334,7260d17f-60c4-4e8e-933c-94798fae3196,,
78340a22-a818-42de-bf96-64c8c66ef58e.live_data_internal.json,,0,,,,282.46375,,,,,78340a22-a818-42de-bf96-64c8c66ef58e.sensing_status.json,4,,,,,,,,,,,,78340a22-a818-42de-bf96-64c8c66ef58e.location_data_internal.json,,,2025819,,63051050,,78340a22-a818-42de-bf96-64c8c66ef58e.com.samsung.health.exercise.location_data.json,2025-10-22 20:24:14.591,1001,,,,122.0,30001,,,63051050,139.0,2025-10-22 20:59:39.208,2025-10-22 20:59:39.208,,,1.6111112,112.54707,87.0,,3800,3019.56,,280.0,122.0,,,UTC-0300,hriiVjEkYE,,,78340a22-a818-42de-bf96-64c8c66ef58e.com.samsung.health.exercise.live_data.json,,1.490538,com.sec.android.app.shealth,,,,,2025-10-22 20:59:38.457,78340a22-a818-42de-bf96-64c8c66ef58e,,
1cd6d8a0-a555-4725-97cd-769428bccc1f.live_data_internal.json,,0,,,,92.86803,,,,,1cd6d8a0-a555-4725-97cd-769428bccc1f.sensing_status.json,4,,,,,,,,,,,,1cd6d8a0-a555-4725-97cd-769428bccc1f.location_data_internal.json,,,763493,,63051050,,1cd6d8a0-a555-4725-97cd-769428bccc1f.com.samsung.health.exercise.location_data.json,2025-10-23 17:48:52.527,1001,,,,103.0,30001,,,63051050,114.0,2025-10-23 18:03:26.234,2025-10-23 18:03:26.234,,,1.4722222,77.328804,94.0,,984,819.37,,92.0,109.0,,,UTC-0300,hriiVjEkYE,,,1cd6d8a0-a555-4725-97cd-769428bccc1f.com.samsung.health.exercise.live_data.json,,1.073186,com.sec.android.app.shealth,,,,,2025-10-23 18:02:10.564,1cd6d8a0-a555-4725-97cd-769428bccc1f,,
23fad529-446a-4be7-8112-b11b9bcb5465.live_data_internal.json,,0,,,,123.1271,,,,,23fad529-446a-4be7-8112-b11b9bcb5465.sensing_status.json,4,,,,,,,,,,,,23fad529-446a-4be7-8112-b11b9bcb5465.location_data_internal.json,,,918624,,63051050,,23fad529-446a-4be7-8112-b11b9bcb5465.com.samsung.health.exercise.location_data.json,2025-10-23 19:57:08.277,1001,,,,108.0,30001,,,63051050,120.0,2025-10-23 20:12:51.378,2025-10-23 20:12:51.378,,,1.6111112,110.774376,84.0,,1696,1318.32,,123.0,121.0,,,UTC-0300,hriiVjEkYE,,,23fad529-446a-4be7-8112-b11b9bcb5465.com.samsung.health.exercise.live_data.json,,1.4351028,com.sec.android.app.shealth,,,,,2025-10-23 20:12:31.959,23fad529-446a-4be7-8112-b11b9bcb5465,,
129cc187-23f8-4e0a-85f5-2c253d3d63ba.live_data_internal.json,,0,,,,321.36,,,,,129cc187-23f8-4e0a-85f5-2c253d3d63ba.sensing_status.json,1,,,,,,,,,,,,,,,2305191,,63051050,,,2025-10-23 20:12:59.208,15002,,,,115.0,,,,63051050,139.0,2025-10-23 20:51:25.681,2025-10-23 20:51:25.681,,,,,86.0,,,,,321.36,,,,UTC-0300,hriiVjEkYE,,,129cc187-23f8-4e0a-85f5-2c253d3d63ba.com.samsung.health.exercise.live_data.json,,,com.sec.android.app.shealth,,,,,2025-10-23 20:51:24.399,129cc187-23f8-4e0a-85f5-2c253d3d63ba,,
511df1f3-94b1-4d63-ad1a-c1ebff8f58d2.live_data_internal.json,,0,,,,337.4334,,,,,511df1f3-94b1-4d63-ad1a-c1ebff8f58d2.sensing_status.json,4,,,,,,,,,,,,511df1f3-94b1-4d63-ad1a-c1ebff8f58d2.location_data_internal.json,,,2412736,,63051050,,511df1f3-94b1-4d63-ad1a-c1ebff8f58d2.com.samsung.health.exercise.location_data.json,2025-10-23 20:58:28.242,1001,,,,127.0,30001,,,63051050,153.0,2025-10-23 21:40:53.896,2025-10-23 21:40:53.896,,,2.0987613,108.698166,81.0,,4371,3436.82,,336.0,124.0,,,UTC-0300,hriiVjEkYE,,,511df1f3-94b1-4d63-ad1a-c1ebff8f58d2.com.samsung.health.exercise.live_data.json,,1.4244492,com.sec.android.app.shealth,,,,,2025-10-23 21:39:38.022,511df1f3-94b1-4d63-ad1a-c1ebff8f58d2,,
d5e1bcbf-7982-48f6-bdd1-4626c850f0ce.live_data_internal.json,,0,,,,467.32,,,,,d5e1bcbf-7982-48f6-bdd1-4626c850f0ce.sensing_status.json,1,,,,,,,,,,,,,,,3135140,,63051050,,,2025-10-24 11:34:15.857,15002,,,,119.0,,,,63051050,158.0,2025-10-24 12:26:32.391,2025-10-24 12:26:32.391,,,,,88.0,,,,,467.32,,,,UTC-0300,hriiVjEkYE,,,d5e1bcbf-7982-48f6-bdd1-4626c850f0ce.com.samsung.health.exercise.live_data.json,,,com.sec.android.app.shealth,,,,,2025-10-24 12:26:30.997,d5e1bcbf-7982-48f6-bdd1-4626c850f0ce,,
e0065f31-0d13-4bb7-84d1-cca5dcff1266.live_data_internal.json,,0,,,,389.36,,,,,e0065f31-0d13-4bb7-84d1-cca5dcff1266.sensing_status.json,1,,,,,,,,,,,,,,,2636178,,63051050,,,2025-10-25 14:14:11.628,15002,,,,120.0,,,,63051050,150.0,2025-10-25 14:58:08.905,2025-10-25 14:58:08.905,,,,,95.0,,,,,389.36,,,,UTC-0300,hriiVjEkYE,,,e0065f31-0d13-4bb7-84d1-cca5dcff1266.com.samsung.health.exercise.live_data.json,,,com.sec.android.app.shealth,,,,,2025-10-25 14:58:07.806,e0065f31-0d13-4bb7-84d1-cca5dcff1266,,
acf03523-cd38-412d-8497-bc2d75afabf6.live_data_internal.json,,0,,,,513.31,,,,,acf03523-cd38-412d-8497-bc2d75afabf6.sensing_status.json,1,,,,,,,,,,,,,,,3611172,,63051050,,,2025-10-28 19:29:37.368,15002,,,,114.0,,,,63051050,140.0,2025-10-28 20:29:49.657,2025-10-28 20:29:49.657,,,,,87.0,,,,,513.31,,,,UTC-0300,hriiVjEkYE,,,acf03523-cd38-412d-8497-bc2d75afabf6.com.samsung.health.exercise.live_data.json,,,com.sec.android.app.shealth,,,,,2025-10-28 20:29:48.540,acf03523-cd38-412d-8497-bc2d75afabf6,,
a3912d1b-6e4e-494b-9c8d-78ba8c66d316.live_data_internal.json,,0,,,,668.81,,,,,a3912d1b-6e4e-494b-9c8d-78ba8c66d316.sensing_status.json,1,,,,,,,,,,,,,,,4207341,,63051050,,,2025-10-29 14:39:05.797,15002,,,,126.0,,,,63051050,171.0,2025-10-29 15:49:15.125,2025-10-29 15:49:15.125,,,,,87.0,,,,,668.81,,,,UTC-0300,hriiVjEkYE,,,a3912d1b-6e4e-494b-9c8d-78ba8c66d316.com.samsung.health.exercise.live_data.json,,,com.sec.android.app.shealth,,,,,2025-10-29 15:49:13.138,a3912d1b-6e4e-494b-9c8d-78ba8c66d316,,
8dd48a1b-a8a7-44b7-8dc5-37f6023cc081.live_data_internal.json,,0,,,,372.25,,,,,8dd48a1b-a8a7-44b7-8dc5-37f6023cc081.sensing_status.json,1,,,,,,,,,,,,,,,2697603,,63051050,,,2025-11-01 13:25:26.004,15002,,,,112.0,,,,63051050,139.0,2025-11-01 14:10:25.015,2025-11-01 14:10:25.015,,,,,81.0,,,,,372.25,,,,UTC-0300,hriiVjEkYE,,,8dd48a1b-a8a7-44b7-8dc5-37f6023cc081.com.samsung.health.exercise.live_data.json,,,com.sec.android.app.shealth,,,,,2025-11-01 14:10:23.607,8dd48a1b-a8a7-44b7-8dc5-37f6023cc081,,
fa145e18-df3b-4830-b6a1-91d9a7c13630.live_data_internal.json,,0,,,,90.00002,,,,,fa145e18-df3b-4830-b6a1-91d9a7c13630.sensing_status.json,4,,,,,,,,,,,,fa145e18-df3b-4830-b6a1-91d9a7c13630.location_data_internal.json,,,729850,,63051050,,fa145e18-df3b-4830-b6a1-91d9a7c13630.com.samsung.health.exercise.location_data.json,2025-11-01 14:19:46.290,1001,,,,134.0,30001,,,63051050,146.0,2025-11-01 14:33:11.597,2025-11-01 14:33:11.597,,,1.8055556,60.83442,121.0,,740,569.61,,90.0,103.0,,,UTC-0300,hriiVjEkYE,,,fa145e18-df3b-4830-b6a1-91d9a7c13630.com.samsung.health.exercise.live_data.json,,0.780448,com.sec.android.app.shealth,,,,,2025-11-01 14:31:56.141,fa145e18-df3b-4830-b6a1-91d9a7c13630,,
aa752f87-edfd-4d19-aaf7-b477677d0eba.live_data_internal.json,,0,,,,100.52,,,,,aa752f87-edfd-4d19-aaf7-b477677d0eba.sensing_status.json,1,,,,,,,,,,,,,,,1402087,,63051050,,,2025-11-02 04:41:26.647,15002,,,,98.0,,,,63051050,111.0,2025-11-02 05:04:49.241,2025-11-02 05:04:49.241,,,,,85.0,,,,,100.52,,,,UTC-0300,hriiVjEkYE,,,aa752f87-edfd-4d19-aaf7-b477677d0eba.com.samsung.health.exercise.live_data.json,,,com.sec.android.app.shealth,,,,,2025-11-02 05:04:48.734,aa752f87-edfd-4d19-aaf7-b477677d0eba,,
471a3713-7370-4665-98da-a748c102038e.live_data_internal.json,,0,,,,339.76,,,,,471a3713-7370-4665-98da-a748c102038e.sensing_status.json,1,,,,,,,,,,,,,,,2478013,,63051050,,,2025-11-05 23:18:08.313,15002,,,,106.0,,,,63051050,135.0,2025-11-05 23:59:27.738,2025-11-05 23:59:27.738,,,,,74.0,,,,,339.76,,,,UTC-0300,hriiVjEkYE,,,471a3713-7370-4665-98da-a748c102038e.com.samsung.health.exercise.live_data.json,,,com.sec.android.app.shealth,,,,,2025-11-05 23:59:26.326,471a3713-7370-4665-98da-a748c102038e,,
2ef4d141-3f2b-455d-bf9d-00c37dfcde1d.live_data_internal.json,,0,,,,104.0,,,,,2ef4d141-3f2b-455d-bf9d-00c37dfcde1d.sensing_status.json,4,,,,,,,,,,,,2ef4d141-3f2b-455d-bf9d-00c37dfcde1d.location_data_internal.json,,,643382,,63051050,,2ef4d141-3f2b-455d-bf9d-00c37dfcde1d.com.samsung.health.exercise.location_data.json,2025-11-13 15:36:35.342,1001,,,,101.0,30001,,,63051050,114.0,2025-11-13 15:48:12.196,2025-11-13 15:48:12.196,,,3.5382185,85.423584,85.0,,916,762.57,,104.0,190.0,,,UTC-0300,hriiVjEkYE,,,2ef4d141-3f2b-455d-bf9d-00c37dfcde1d.com.samsung.health.exercise.live_data.json,,1.1852523,com.sec.android.app.shealth,,,,,2025-11-13 15:47:18.724,2ef4d141-3f2b-455d-bf9d-00c37dfcde1d,,
,,,,,,,1,,,,,4,0,,0,,,,,,,,,,,,1006000,,63060070,,,2025-11-15 13:51:14.000,1001,,,,,30001,,,63060070,,2025-11-15 14:11:00.167,2025-11-15 14:11:00.167,,,1.5277778,,,,1722,1353.72,,103.119995,,,,UTC-0300,487mnSNu6t,,,ef1d7da6-3db8-47d8-9023-c7bd2c017b50.com.samsung.health.exercise.live_data.json,,1.3456461,com.sec.android.app.shealth,,,,,2025-11-15 14:08:00.000,ef1d7da6-3db8-47d8-9023-c7bd2c017b50,,
52476ce5-4d22-4f08-b048-14af2e9a61ea.live_data_internal.json,,0,,,,435.46,,,,,52476ce5-4d22-4f08-b048-14af2e9a61ea.sensing_status.json,1,,,,,,,,,,,,,,,2983373,,63060070,,,2025-11-20 13:19:06.277,15002,,,,118.0,,,,63060070,151.0,2025-11-20 14:08:50.987,2025-11-20 14:08:50.987,,,,,86.0,,,,,435.46,,,,UTC-0300,hriiVjEkYE,,,52476ce5-4d22-4f08-b048-14af2e9a61ea.com.samsung.health.exercise.live_data.json,,,com.sec.android.app.shealth,,,,,2025-11-20 14:08:49.650,52476ce5-4d22-4f08-b048-14af2e9a61ea,,
ec0b909c-aca3-420c-8a44-ef0a7d55045d.live_data_internal.json,,0,,,,320.79,,,,,ec0b909c-aca3-420c-8a44-ef0a7d55045d.sensing_status.json,1,,,,,,,,,,,,,,,2118605,,63060070,,,2025-11-22 13:52:34.592,15002,,,,123.0,,,,63060070,151.0,2025-11-22 14:27:54.625,2025-11-22 14:27:54.625,,,,,89.0,,,,,320.79,,,,UTC-0300,hriiVjEkYE,,,ec0b909c-aca3-420c-8a44-ef0a7d55045d.com.samsung.health.exercise.live_data.json,,,com.sec.android.app.shealth,,,,,2025-11-22 14:27:53.197,ec0b909c-aca3-420c-8a44-ef0a7d55045d,,
a8711a6f-b0c5-422a-ab65-7816f0de6ee3.live_data_internal.json,,0,,,,223.87085,,,,,a8711a6f-b0c5-422a-ab65-7816f0de6ee3.sensing_status.json,4,,,,,,,,,,,,a8711a6f-b0c5-422a-ab65-7816f0de6ee3.location_data_internal.json,,,1456905,,63060070,,a8711a6f-b0c5-422a-ab65-7816f0de6ee3.com.samsung.health.exercise.location_data.json,2025-11-22 14:38:09.996,1001,,,,119.0,30001,,,63060070,137.0,2025-11-22 15:06:16.572,2025-11-22 15:06:16.572,,,1.6944444,99.9928,63.0,,2428,2046.57,,220.0,125.0,,,UTC-0300,hriiVjEkYE,,,a8711a6f-b0c5-422a-ab65-7816f0de6ee3.com.samsung.health.exercise.live_data.json,,1.4047381,com.sec.android.app.shealth,,,,,2025-11-22 15:05:00.945,a8711a6f-b0c5-422a-ab65-7816f0de6ee3,,
,,,,,,,1,,,,,4,0,,0,,,,,,,,,,,,875663,,63060070,,,2025-12-03 22:42:24.000,1001,,,,,30001,,,63060070,,2025-12-03 22:59:05.054,2025-12-03 22:59:05.054,,,1.5,,,,1619,1269.71,,97.03,,,,UTC-0300,487mnSNu6t,,,abbc4e78-402e-4696-a8ed-7359f3a4f47b.com.samsung.health.exercise.live_data.json,,1.4499985,com.sec.android.app.shealth,,,,,2025-12-03 22:57:00.000,abbc4e78-402e-4696-a8ed-7359f3a4f47b,,
,,,,,,,1,,,,,4,0,,0,,,,,,,,,,,,960000,,63060070,,,2025-12-03 23:52:00.000,1001,,,,,30001,,,63060070,,2025-12-04 00:12:51.695,2025-12-04 00:12:51.695,,,1.5243332,,,,1785,1389.82,,106.99,,,,UTC-0300,487mnSNu6t,,,30208d2a-0876-4f62-9665-ec8837027843.com.samsung.health.exercise.live_data.json,,1.4477291,com.sec.android.app.shealth,,,,,2025-12-04 00:08:00.000,30208d2a-0876-4f62-9665-ec8837027843,,
17df5794-6b4d-4bb2-9cca-cc0060a2036a.live_data_internal.json,,0,,,,131.11324,,,,,17df5794-6b4d-4bb2-9cca-cc0060a2036a.sensing_status.json,4,,,,,,,,,,,,17df5794-6b4d-4bb2-9cca-cc0060a2036a.location_data_internal.json,,,727007,,63060070,,17df5794-6b4d-4bb2-9cca-cc0060a2036a.com.samsung.health.exercise.location_data.json,2025-12-04 16:05:05.822,1001,,,,118.0,30001,,,63060070,136.0,2025-12-04 16:19:52.719,2025-12-04 16:19:52.719,,,3.6166177,76.75304,107.0,,930,745.29,,129.0,144.0,,,UTC-0300,hriiVjEkYE,,,17df5794-6b4d-4bb2-9cca-cc0060a2036a.com.samsung.health.exercise.live_data.json,,1.0251483,com.sec.android.app.shealth,,,,,2025-12-04 16:18:36.927,17df5794-6b4d-4bb2-9cca-cc0060a2036a,,
acb2fb3c-2913-4c12-87ad-e93181616efb.live_data_internal.json,,0,,,,158.1,,,,,acb2fb3c-2913-4c12-87ad-e93181616efb.sensing_status.json,1,,,,,,,,,,,,,,,1297546,,63060070,,,2025-12-05 00:31:33.076,15002,,,,79.0,,,,63060070,105.0,2025-12-05 00:53:11.947,2025-12-05 00:53:11.947,,,,,55.0,,,,,158.1,,,,UTC-0300,hriiVjEkYE,,,acb2fb3c-2913-4c12-87ad-e93181616efb.com.samsung.health.exercise.live_data.json,,,com.sec.android.app.shealth,,,,,2025-12-05 00:53:10.622,acb2fb3c-2913-4c12-87ad-e93181616efb,,
,,0,,,,79.0,,,,,e143b5d4-b1d2-4086-8f03-676a7b08a617.sensing_status.json,4,,,,,,,,,,,,,,,606060,,63060070,,,2025-12-05 16:48:34.171,1001,,,,,30001,,,63060070,,2025-12-05 23:13:36.746,2025-12-05 23:13:36.746,,,,72.66608,,,734,586.67,,79.0,,,,UTC-0300,hriiVjEkYE,,,,,0.96800643,com.sec.android.app.shealth,,,,,2025-12-05 16:58:40.231,e143b5d4-b1d2-4086-8f03-676a7b08a617,,
61b4fd78-e323-4cc9-b189-5c27734bbd86.live_data_internal.json,,0,,,,307.51,,,,,61b4fd78-e323-4cc9-b189-5c27734bbd86.sensing_status.json,1,,,,,,,,,,,,,,,2143816,,63060070,,,2025-12-06 14:20:04.482,15002,,,,115.0,,,,63060070,151.0,2025-12-06 14:55:49.718,2025-12-06 14:55:49.718,,,,,85.0,,,,,307.51,,,,UTC-0300,hriiVjEkYE,,,61b4fd78-e323-4cc9-b189-5c27734bbd86.com.samsung.health.exercise.live_data.json,,,com.sec.android.app.shealth,,,,,2025-12-06 14:55:48.298,61b4fd78-e323-4cc9-b189-5c27734bbd86,,
14cac27a-cf6b-4ddb-847e-7aa4dd0daa59.live_data_internal.json,,0,,,,215.2173,,,,,14cac27a-cf6b-4ddb-847e-7aa4dd0daa59.sensing_status.json,4,,,,,,,,,,,,,,,1053306,,63060070,,,2025-12-07 13:06:19.944,0,,,,186.0,,,,63060070,196.0,2025-12-07 13:24:18.019,2025-12-07 13:24:18.019,,,,,157.0,,,,,214.6,,,,UTC-0300,hriiVjEkYE,,,14cac27a-cf6b-4ddb-847e-7aa4dd0daa59.com.samsung.health.exercise.live_data.json,,,com.sec.android.app.shealth,,,,,2025-12-07 13:24:17.816,14cac27a-cf6b-4ddb-847e-7aa4dd0daa59,,
56c694d9-f564-4197-be84-4bdad95a1f3e.live_data_internal.json,,0,,,,432.09,,,,,56c694d9-f564-4197-be84-4bdad95a1f3e.sensing_status.json,1,,,,,,,,,,,,,,,2574400,,63060070,,,2025-12-13 14:16:40.935,15002,,,,136.0,,,,63060070,160.0,2025-12-13 14:59:36.676,2025-12-13 14:59:36.676,,,,,112.0,,,,,432.09,,,,UTC-0300,hriiVjEkYE,,,56c694d9-f564-4197-be84-4bdad95a1f3e.com.samsung.health.exercise.live_data.json,,,com.sec.android.app.shealth,,,,,2025-12-13 14:59:35.335,56c694d9-f564-4197-be84-4bdad95a1f3e,,
62669f4f-8a31-41f1-a9aa-50156dbbee32.live_data_internal.json,,0,,,,415.37,,,,,62669f4f-8a31-41f1-a9aa-50156dbbee32.sensing_status.json,1,,,,,,,,,,,,,,,3272731,,63060070,,,2025-12-16 15:51:15.852,15002,,,,98.0,,,,63060070,115.0,2025-12-16 16:45:50.127,2025-12-16 16:45:50.127,,,,,73.0,,,,,415.37,,,,UTC-0300,hriiVjEkYE,,,62669f4f-8a31-41f1-a9aa-50156dbbee32.com.samsung.health.exercise.live_data.json,,,com.sec.android.app.shealth,,,,,2025-12-16 16:45:48.583,62669f4f-8a31-41f1-a9aa-50156dbbee32,,
9a3f7fca-2b4d-4a17-8f5a-1e5ab225b48c.live_data_internal.json,,0,,,,391.56,,,,,9a3f7fca-2b4d-4a17-8f5a-1e5ab225b48c.sensing_status.json,1,,,,,,,,,,,,,,,2746424,,63060070,,,2025-12-17 22:49:49.078,15002,,,,113.0,,,,63060070,140.0,2025-12-17 23:35:36.956,2025-12-17 23:35:36.956,,,,,79.0,,,,,391.56,,,,UTC-0300,hriiVjEkYE,,,9a3f7fca-2b4d-4a17-8f5a-1e5ab225b48c.com.samsung.health.exercise.live_data.json,,,com.sec.android.app.shealth,,,,,2025-12-17 23:35:35.502,9a3f7fca-2b4d-4a17-8f5a-1e5ab225b48c,,
0cbdf026-1288-4274-a6a6-791f3da39e90.live_data_internal.json,,0,,,,131.73196,,,,,0cbdf026-1288-4274-a6a6-791f3da39e90.sensing_status.json,4,,,,,,,,,,,,0cbdf026-1288-4274-a6a6-791f3da39e90.location_data_internal.json,,,966865,,63060070,,0cbdf026-1288-4274-a6a6-791f3da39e90.com.samsung.health.exercise.location_data.json,2025-12-17 23:35:44.538,1001,,,,108.0,30001,,,63060070,134.0,2025-12-17 23:52:40.152,2025-12-17 23:52:40.152,,,1.6804999,110.33598,53.0,,1778,1345.94,,131.0,125.0,,,UTC-0300,hriiVjEkYE,,,0cbdf026-1288-4274-a6a6-791f3da39e90.com.samsung.health.exercise.live_data.json,,1.3920661,com.sec.android.app.shealth,,,,,2025-12-17 23:52:20.532,0cbdf026-1288-4274-a6a6-791f3da39e90,,
c13abef9-db00-4fb7-a4a2-8981ccbdd2f0.live_data_internal.json,,0,,,,85.0,,,,,c13abef9-db00-4fb7-a4a2-8981ccbdd2f0.sensing_status.json,4,,,,,,,,,,,,c13abef9-db00-4fb7-a4a2-8981ccbdd2f0.location_data_internal.json,,,624709,,63060070,,c13abef9-db00-4fb7-a4a2-8981ccbdd2f0.com.samsung.health.exercise.location_data.json,2025-12-18 15:56:31.061,1001,,,,102.0,30001,,,63060070,111.0,2025-12-18 16:08:11.336,2025-12-18 16:08:11.336,,,1.5656668,99.40628,87.0,,1035,788.22,,85.0,120.0,,,UTC-0300,hriiVjEkYE,,,c13abef9-db00-4fb7-a4a2-8981ccbdd2f0.com.samsung.health.exercise.live_data.json,,1.2617395,com.sec.android.app.shealth,,,,,2025-12-18 16:06:55.769,c13abef9-db00-4fb7-a4a2-8981ccbdd2f0,,
b14703aa-3ff5-4f17-af58-64377da340b6.live_data_internal.json,,0,,,,166.8167,,,,,b14703aa-3ff5-4f17-af58-64377da340b6.sensing_status.json,4,,,,,,,,,,,,b14703aa-3ff5-4f17-af58-64377da340b6.location_data_internal.json,,,1203836,,63070030,,b14703aa-3ff5-4f17-af58-64377da340b6.com.samsung.health.exercise.location_data.json,2025-12-22 22:26:51.725,1001,,,,91.0,30001,,,63070030,105.0,2025-12-22 22:50:43.225,2025-12-22 22:50:43.225,,,1.5,84.230736,77.0,,1690,1296.86,,163.0,110.0,,,UTC-0300,hriiVjEkYE,,,b14703aa-3ff5-4f17-af58-64377da340b6.com.samsung.health.exercise.live_data.json,,1.0772729,com.sec.android.app.shealth,,,,,2025-12-22 22:49:27.450,b14703aa-3ff5-4f17-af58-64377da340b6,,
9b8c4831-5c51-4053-a4b4-45b030e7effc.live_data_internal.json,,0,,,,228.26254,,,,,9b8c4831-5c51-4053-a4b4-45b030e7effc.sensing_status.json,4,,,,,,,,,,,,9b8c4831-5c51-4053-a4b4-45b030e7effc.location_data_internal.json,,,1764627,,63070030,,9b8c4831-5c51-4053-a4b4-45b030e7effc.com.samsung.health.exercise.location_data.json,2025-12-22 23:46:51.370,1001,,,,86.0,30001,,,63070030,101.0,2025-12-23 00:19:41.431,2025-12-23 00:19:41.431,,,1.6944443,77.14945,64.0,,2269,1794.94,,225.0,115.0,,,UTC-0300,hriiVjEkYE,,,9b8c4831-5c51-4053-a4b4-45b030e7effc.com.samsung.health.exercise.live_data.json,,1.0171782,com.sec.android.app.shealth,,,,,2025-12-23 00:18:25.833,9b8c4831-5c51-4053-a4b4-45b030e7effc,,
572c097e-5d0e-4c8c-ad07-07d1d5c6f155.live_data_internal.json,,0,,,,143.71864,,,,,572c097e-5d0e-4c8c-ad07-07d1d5c6f155.sensing_status.json,4,,,,,,,,,,,,572c097e-5d0e-4c8c-ad07-07d1d5c6f155.location_data_internal.json,,,908774,,63070030,,572c097e-5d0e-4c8c-ad07-07d1d5c6f155.com.samsung.health.exercise.location_data.json,2026-01-01 17:23:27.970,1001,,,,90.0,30001,,,63070030,100.0,2026-01-01 17:41:00.903,2026-01-01 17:41:00.903,,,3.5,70.64462,53.0,,1070,919.11,,142.0,177.0,,,UTC-0300,hriiVjEkYE,,,572c097e-5d0e-4c8c-ad07-07d1d5c6f155.com.samsung.health.exercise.live_data.json,,1.0113735,com.sec.android.app.shealth,,,,,2026-01-01 17:39:45.139,572c097e-5d0e-4c8c-ad07-07d1d5c6f155,,
e123bfd8-54a9-477d-a306-f8e22c65bf4c.live_data_internal.json,,0,,,,125.87632,,,,,e123bfd8-54a9-477d-a306-f8e22c65bf4c.sensing_status.json,4,,,,,,,,,,,,e123bfd8-54a9-477d-a306-f8e22c65bf4c.location_data_internal.json,,,900886,,63070030,,e123bfd8-54a9-477d-a306-f8e22c65bf4c.com.samsung.health.exercise.location_data.json,2026-01-06 23:36:28.256,1001,,,,91.0,30001,,,63070030,107.0,2026-01-06 23:53:59.502,2026-01-06 23:53:59.502,,,1.5908333,85.31601,69.0,,1281,993.69,,124.0,121.0,,,UTC-0300,hriiVjEkYE,,,e123bfd8-54a9-477d-a306-f8e22c65bf4c.com.samsung.health.exercise.live_data.json,,1.1030141,com.sec.android.app.shealth,,,,,2026-01-06 23:52:43.812,e123bfd8-54a9-477d-a306-f8e22c65bf4c,,
1687f3fc-48da-488c-8d8b-bcab3ce1ef4c.live_data_internal.json,,0,,,,91.08104,,,,,1687f3fc-48da-488c-8d8b-bcab3ce1ef4c.sensing_status.json,4,,,,,,,,,,,,1687f3fc-48da-488c-8d8b-bcab3ce1ef4c.location_data_internal.json,,,698284,,63070030,,1687f3fc-48da-488c-8d8b-bcab3ce1ef4c.com.samsung.health.exercise.location_data.json,2026-01-06 23:55:06.781,1001,,,,93.0,30001,,,63070030,102.0,2026-01-07 00:08:03.858,2026-01-07 00:08:03.858,,,1.5308332,89.36192,74.0,,1040,794.98,,91.0,118.0,,,UTC-0300,hriiVjEkYE,,,1687f3fc-48da-488c-8d8b-bcab3ce1ef4c.com.samsung.health.exercise.live_data.json,,1.1384766,com.sec.android.app.shealth,,,,,2026-01-07 00:06:48.290,1687f3fc-48da-488c-8d8b-bcab3ce1ef4c,,
0e57583c-f5c7-4865-b737-35a9b932eeca.live_data_internal.json,,0,,,,162.21223,,,,,0e57583c-f5c7-4865-b737-35a9b932eeca.sensing_status.json,4,,,,,,,,,,,,0e57583c-f5c7-4865-b737-35a9b932eeca.location_data_internal.json,,,1402768,,63070030,,0e57583c-f5c7-4865-b737-35a9b932eeca.com.samsung.health.exercise.location_data.json,2026-01-07 01:43:41.751,1001,,,,94.0,30001,,,63070030,105.0,2026-01-07 02:08:28.698,2026-01-07 02:08:28.698,,,1.8333334,78.44491,84.0,,1834,1346.44,,162.0,106.0,,,UTC-0300,hriiVjEkYE,,,0e57583c-f5c7-4865-b737-35a9b932eeca.com.samsung.health.exercise.live_data.json,,0.9598451,com.sec.android.app.shealth,,,,,2026-01-07 02:07:12.965,0e57583c-f5c7-4865-b737-35a9b932eeca,,
ba7a4cf5-e1f4-49f6-ac75-d932a9d66970.live_data_internal.json,,0,,,,424.23,,,,,ba7a4cf5-e1f4-49f6-ac75-d932a9d66970.sensing_status.json,1,,,,,,,,,,,,,,,3295757,,63070030,,,2026-01-16 21:40:45.376,15002,,,,101.0,,,,63070030,124.0,2026-01-16 22:35:42.650,2026-01-16 22:35:42.650,,,,,71.0,,,,,424.23,,,,UTC-0300,hriiVjEkYE,,,ba7a4cf5-e1f4-49f6-ac75-d932a9d66970.com.samsung.health.exercise.live_data.json,,,com.sec.android.app.shealth,,,,,2026-01-16 22:35:41.133,ba7a4cf5-e1f4-49f6-ac75-d932a9d66970,,
682e9885-1887-4ebb-b72c-9ff55d63eeee.live_data_internal.json,,0,,,,218.68,,,,,682e9885-1887-4ebb-b72c-9ff55d63eeee.sensing_status.json,1,,,,,,,,,,,,,,,1806767,,63070030,,,2026-01-18 20:28:26.383,15002,,,,73.0,,,,63070030,112.0,2026-01-18 20:58:34.520,2026-01-18 20:58:34.520,,,,,58.0,,,,,218.68,,,,UTC-0300,hriiVjEkYE,,,682e9885-1887-4ebb-b72c-9ff55d63eeee.com.samsung.health.exercise.live_data.json,,,com.sec.android.app.shealth,,,,,2026-01-18 20:58:33.150,682e9885-1887-4ebb-b72c-9ff55d63eeee,,
,,,,,,,1,,,,,4,0,,0,,,,,,,,,,,,720000,,63070030,,,2026-01-20 23:11:00.000,1001,,,,,30001,,,63070030,,2026-01-20 23:35:17.445,2026-01-20 23:35:17.445,,,1.3055556,,,,1131,843.99,,34.03,,,,UTC-0300,487mnSNu6t,,,69b198aa-9a6f-4fd7-b6a3-bf81693cc37d.com.samsung.health.exercise.live_data.json,,1.1722084,com.sec.android.app.shealth,,,,,2026-01-20 23:23:00.000,69b198aa-9a6f-4fd7-b6a3-bf81693cc37d,,
4d209f2c-c715-4538-be3d-52100b9df1c1.live_data_internal.json,,0,,,,386.62,,,,,4d209f2c-c715-4538-be3d-52100b9df1c1.sensing_status.json,1,,,,,,,,,,,,,,,2954160,,63070030,,,2026-01-23 23:42:08.692,15002,,,,104.0,,,,63070030,129.0,2026-01-24 00:31:24.111,2026-01-24 00:31:24.111,,,,,79.0,,,,,386.62,,,,UTC-0300,hriiVjEkYE,,,4d209f2c-c715-4538-be3d-52100b9df1c1.com.samsung.health.exercise.live_data.json,,,com.sec.android.app.shealth,,,,,2026-01-24 00:31:22.852,4d209f2c-c715-4538-be3d-52100b9df1c1,,
,,,,,,,1,,,,,4,0,,0,,,,,,,,,,,,710000,,63070030,,,2026-01-25 20:08:10.000,1001,,,,,30001,,,63070030,,2026-01-25 20:26:31.261,2026-01-25 20:26:31.261,,,1.3055556,,,,1132,841.55005,,34.04,,,,UTC-0300,487mnSNu6t,,,0abdc370-52ba-4356-9fbc-a6666a9103a6.com.samsung.health.exercise.live_data.json,,1.1852818,com.sec.android.app.shealth,,,,,2026-01-25 20:20:00.000,0abdc370-52ba-4356-9fbc-a6666a9103a6,,
21a6bb52-30ef-4bc4-b5a7-92834b39e237.live_data_internal.json,,0,,,,400.79,,,,,21a6bb52-30ef-4bc4-b5a7-92834b39e237.sensing_status.json,1,,,,,,,,,,,,,,,2665027,,63070030,,,2026-01-29 21:36:35.658,15002,,,,119.0,,,,63070030,154.0,2026-01-29 22:21:02.079,2026-01-29 22:21:02.079,,,,,85.0,,,,,400.79,,,,UTC-0300,hriiVjEkYE,,,21a6bb52-30ef-4bc4-b5a7-92834b39e237.com.samsung.health.exercise.live_data.json,,,com.sec.android.app.shealth,,,,,2026-01-29 22:21:00.685,21a6bb52-30ef-4bc4-b5a7-92834b39e237,,
168850f1-2623-4559-ae14-275aa6f8ff24.live_data_internal.json,,0,,,,458.77,,,,,168850f1-2623-4559-ae14-275aa6f8ff24.sensing_status.json,1,,,,,,,,,,,,,,,3470365,,63070030,,,2026-01-30 21:47:17.506,15002,,,,104.0,,,,63070030,130.0,2026-01-30 22:45:09.203,2026-01-30 22:45:09.203,,,,,78.0,,,,,458.77,,,,UTC-0300,hriiVjEkYE,,,168850f1-2623-4559-ae14-275aa6f8ff24.com.samsung.health.exercise.live_data.json,,,com.sec.android.app.shealth,,,,,2026-01-30 22:45:07.871,168850f1-2623-4559-ae14-275aa6f8ff24,,
b1711388-f696-4769-bf99-b4df52e16a48.live_data_internal.json,,0,,,,93.27548,,,,,b1711388-f696-4769-bf99-b4df52e16a48.sensing_status.json,4,,,,,,,,,,,,b1711388-f696-4769-bf99-b4df52e16a48.location_data_internal.json,,,694927,,63070030,,b1711388-f696-4769-bf99-b4df52e16a48.com.samsung.health.exercise.location_data.json,2026-01-31 23:45:14.168,1001,,,,92.0,30001,,,63070030,101.0,2026-01-31 23:58:15.481,2026-01-31 23:58:15.481,,,1.5665,97.65054,83.0,,1131,855.58,,93.0,120.0,,,UTC-0300,hriiVjEkYE,,,b1711388-f696-4769-bf99-b4df52e16a48.com.samsung.health.exercise.live_data.json,,1.2311797,com.sec.android.app.shealth,,,,,2026-01-31 23:57:00.058,b1711388-f696-4769-bf99-b4df52e16a48,,
bf199f7f-9109-4be5-a731-f838e3cfe6eb.live_data_internal.json,,0,,,,77.0,,,,,bf199f7f-9109-4be5-a731-f838e3cfe6eb.sensing_status.json,4,,,,,,,,,,,,bf199f7f-9109-4be5-a731-f838e3cfe6eb.location_data_internal.json,,,606078,,63070030,,bf199f7f-9109-4be5-a731-f838e3cfe6eb.com.samsung.health.exercise.location_data.json,2026-02-01 00:04:18.068,1001,,,,110.0,30001,,,63070030,119.0,2026-02-01 00:14:25.394,2026-02-01 00:14:25.394,,,1.5783331,105.33298,96.0,,1064,827.0,,77.0,121.0,,,UTC-0300,hriiVjEkYE,,,bf199f7f-9109-4be5-a731-f838e3cfe6eb.com.samsung.health.exercise.live_data.json,,1.3645108,com.sec.android.app.shealth,,,,,2026-02-01 00:14:24.146,bf199f7f-9109-4be5-a731-f838e3cfe6eb,,
04eb6c8d-f47b-4ae1-9d03-5d640d35e2bc.live_data_internal.json,,0,,,,769.36,,,,,04eb6c8d-f47b-4ae1-9d03-5d640d35e2bc.sensing_status.json,1,,,,,,,,,,,,,,,4919100,,63070030,,,2026-02-10 22:39:12.147,15002,,,,124.0,,,,63070030,158.0,2026-02-11 00:01:12.865,2026-02-11 00:01:12.865,,,,,80.0,,,,,769.36,,,,UTC-0300,hriiVjEkYE,,,04eb6c8d-f47b-4ae1-9d03-5d640d35e2bc.com.samsung.health.exercise.live_data.json,,,com.sec.android.app.shealth,,,,,2026-02-11 00:01:11.247,04eb6c8d-f47b-4ae1-9d03-5d640d35e2bc,,
160280df-0f90-4c18-8044-587cdfea72a9.live_data_internal.json,,0,,,,76.0,,,,,160280df-0f90-4c18-8044-587cdfea72a9.sensing_status.json,4,,,,,,,,,,,,160280df-0f90-4c18-8044-587cdfea72a9.location_data_internal.json,,,628995,,63070030,,160280df-0f90-4c18-8044-587cdfea72a9.com.samsung.health.exercise.location_data.json,2026-02-11 15:50:13.137,1001,,,,93.0,30001,,,63070030,99.0,2026-02-11 16:01:57.339,2026-02-11 16:01:57.339,,,1.2718334,87.37749,76.0,,916,658.43,,76.0,103.0,,,UTC-0300,hriiVjEkYE,,,160280df-0f90-4c18-8044-587cdfea72a9.com.samsung.health.exercise.live_data.json,,1.0467969,com.sec.android.app.shealth,,,,,2026-02-11 16:00:42.131,160280df-0f90-4c18-8044-587cdfea72a9,,
,,,,,,,1,,,,,4,0,,0,,,,,,,,,,,,946000,,63070030,,,2026-02-11 23:01:14.000,1001,,,,,30001,,,63070030,,2026-02-11 23:18:52.692,2026-02-11 23:18:52.692,,,1.4444444,,,,1687,1290.75,,50.760002,,,,UTC-0300,487mnSNu6t,,,ca24239c-980d-4cd9-b37d-7c5a41f5513c.com.samsung.health.exercise.live_data.json,,1.3644291,com.sec.android.app.shealth,,,,,2026-02-11 23:17:00.000,ca24239c-980d-4cd9-b37d-7c5a41f5513c,,
,,,,,,,1,,,,,4,0,,0,,,,,,,,,,,,900000,,63070030,,,2026-02-12 00:14:00.000,1001,,,,,30001,,,63070030,,2026-02-12 00:33:30.155,2026-02-12 00:33:30.155,,,1.5665,,,,1697,1298.98,,50.99,,,,UTC-0300,487mnSNu6t,,,4c050ede-47d4-4fd9-9f5d-32f249a3bed9.com.samsung.health.exercise.live_data.json,,1.4433111,com.sec.android.app.shealth,,,,,2026-02-12 00:29:00.000,4c050ede-47d4-4fd9-9f5d-32f249a3bed9,,
d7343c99-f1cc-4fe3-9aae-52604bb6425d.live_data_internal.json,,0,,,,121.47523,,,,,d7343c99-f1cc-4fe3-9aae-52604bb6425d.sensing_status.json,4,,,,,,,,,,,,d7343c99-f1cc-4fe3-9aae-52604bb6425d.location_data_internal.json,,,891712,,63070030,,d7343c99-f1cc-4fe3-9aae-52604bb6425d.com.samsung.health.exercise.location_data.json,2026-02-16 15:17:15.135,1001,,,,102.0,30001,,,63070030,119.0,2026-02-16 15:33:06.277,2026-02-16 15:33:06.277,,,1.5886667,184.76819,58.0,,2746,1279.55,,120.0,122.0,,,UTC-0300,hriiVjEkYE,,,d7343c99-f1cc-4fe3-9aae-52604bb6425d.com.samsung.health.exercise.live_data.json,,1.4349365,com.sec.android.app.shealth,,,,,2026-02-16 15:33:05.555,d7343c99-f1cc-4fe3-9aae-52604bb6425d,,
a43cee07-eaed-4596-82a0-b0d0fd81f4b0.live_data_internal.json,,0,,,,613.96,,,,,a43cee07-eaed-4596-82a0-b0d0fd81f4b0.sensing_status.json,1,,,,,,,,,,,,,,,4174638,,63070030,,,2026-02-16 15:33:05.556,15002,,,,116.0,,,,63070030,163.0,2026-02-16 16:42:41.964,2026-02-16 16:42:41.964,,,,,83.0,,,,,613.96,,,,UTC-0300,hriiVjEkYE,,,a43cee07-eaed-4596-82a0-b0d0fd81f4b0.com.samsung.health.exercise.live_data.json,,,com.sec.android.app.shealth,,,,,2026-02-16 16:42:40.194,a43cee07-eaed-4596-82a0-b0d0fd81f4b0,,
e70abffc-de15-4b69-af0c-df01921a90ee.live_data_internal.json,,0,,,,148.87483,,,,,e70abffc-de15-4b69-af0c-df01921a90ee.sensing_status.json,4,,,,,,,,,,,,e70abffc-de15-4b69-af0c-df01921a90ee.location_data_internal.json,,,1117158,,63070030,,e70abffc-de15-4b69-af0c-df01921a90ee.com.samsung.health.exercise.location_data.json,2026-02-17 15:26:28.120,1001,,,,106.0,30001,,,63070030,121.0,2026-02-17 15:46:55.990,2026-02-17 15:46:55.990,,,1.547,156.28944,89.0,,2910,1395.95,,148.0,119.0,,,UTC-0300,hriiVjEkYE,,,e70abffc-de15-4b69-af0c-df01921a90ee.com.samsung.health.exercise.live_data.json,,1.2495546,com.sec.android.app.shealth,,,,,2026-02-17 15:45:40.093,e70abffc-de15-4b69-af0c-df01921a90ee,,
2bc97372-f08d-499e-934e-4db8f01cb1d0.live_data_internal.json,,0,,,,694.02,,,,,2bc97372-f08d-499e-934e-4db8f01cb1d0.sensing_status.json,1,,,,,,,,,,,,,,,4401481,,63070030,,,2026-02-17 15:47:55.624,15002,,,,125.0,,,,63070030,168.0,2026-02-17 17:01:19.490,2026-02-17 17:01:19.490,,,,,85.0,,,,,694.02,,,,UTC-0300,hriiVjEkYE,,,2bc97372-f08d-499e-934e-4db8f01cb1d0.com.samsung.health.exercise.live_data.json,,,com.sec.android.app.shealth,,,,,2026-02-17 17:01:17.105,2bc97372-f08d-499e-934e-4db8f01cb1d0,,
0e0a8ac0-ec25-4de9-98e2-20a65308e85f.live_data_internal.json,,0,,,,220.01,,,,,0e0a8ac0-ec25-4de9-98e2-20a65308e85f.sensing_status.json,1,,,,,,,,,,,,,,,1805928,,63070030,,,2026-02-19 16:32:41.128,15002,,,,85.0,,,,63070030,103.0,2026-02-19 17:02:49.795,2026-02-19 17:02:49.795,,,,,77.0,,,,,220.01,,,,UTC-0300,hriiVjEkYE,,,0e0a8ac0-ec25-4de9-98e2-20a65308e85f.com.samsung.health.exercise.live_data.json,,,com.sec.android.app.shealth,,,,,2026-02-19 17:02:47.056,0e0a8ac0-ec25-4de9-98e2-20a65308e85f,,
abc4da04-bdfb-4c71-8fa3-0be36f9b2f6a.live_data_internal.json,,0,,,,378.75,,,,,abc4da04-bdfb-4c71-8fa3-0be36f9b2f6a.sensing_status.json,1,,,,,,,,,,,,,,,2491321,,63070030,,,2026-02-21 14:19:55.587,15002,,,,122.0,,,,63070030,157.0,2026-02-21 15:01:28.014,2026-02-21 15:01:28.014,,,,,85.0,,,,,378.75,,,,UTC-0300,hriiVjEkYE,,,abc4da04-bdfb-4c71-8fa3-0be36f9b2f6a.com.samsung.health.exercise.live_data.json,,,com.sec.android.app.shealth,,,,,2026-02-21 15:01:26.908,abc4da04-bdfb-4c71-8fa3-0be36f9b2f6a,,
86c374ca-02f7-475c-be44-9dc132c714c6.live_data_internal.json,,0,,,,54.56,,,,,86c374ca-02f7-475c-be44-9dc132c714c6.sensing_status.json,1,,,,,,,,,,,,,,,383835,,63070030,,,2026-02-22 02:30:02.145,15002,,,,109.0,,,,63070030,120.0,2026-02-22 02:36:27.017,2026-02-22 02:36:27.017,,,,,96.0,,,,,54.56,,,,UTC-0300,hriiVjEkYE,,,86c374ca-02f7-475c-be44-9dc132c714c6.com.samsung.health.exercise.live_data.json,,,com.sec.android.app.shealth,,,,,2026-02-22 02:36:25.980,86c374ca-02f7-475c-be44-9dc132c714c6,,
075b29ef-8dac-43ba-8864-51ae140e598d.live_data_internal.json,,0,,,,495.56,,,,,075b29ef-8dac-43ba-8864-51ae140e598d.sensing_status.json,1,,,,,,,,,,,,,,,3484036,,63070030,,,2026-02-23 21:54:26.934,15002,,,,112.0,,,,63070030,142.0,2026-02-23 22:52:32.545,2026-02-23 22:52:32.545,,,,,52.0,,,,,495.56,,,,UTC-0300,hriiVjEkYE,,,075b29ef-8dac-43ba-8864-51ae140e598d.com.samsung.health.exercise.live_data.json,,,com.sec.android.app.shealth,,,,,2026-02-23 22:52:30.970,075b29ef-8dac-43ba-8864-51ae140e598d,,
68f118ff-e7be-43e2-a0cd-867d3cbc9c1b.live_data_internal.json,,0,,,,650.41,,,,,68f118ff-e7be-43e2-a0cd-867d3cbc9c1b.sensing_status.json,1,,,,,,,,,,,,,,,4239125,,63070030,,,2026-02-26 22:28:17.840,15002,,,,122.0,,,,63070030,158.0,2026-02-26 23:38:58.432,2026-02-26 23:38:58.432,,,,,72.0,,,,,650.41,,,,UTC-0300,hriiVjEkYE,,,68f118ff-e7be-43e2-a0cd-867d3cbc9c1b.com.samsung.health.exercise.live_data.json,,,com.sec.android.app.shealth,,,,,2026-02-26 23:38:56.965,68f118ff-e7be-43e2-a0cd-867d3cbc9c1b,,
,,,,,,,1,,,,,4,0,,0,,,,,,,,,,,,881000,,63070030,,,2026-02-27 21:50:19.000,1001,,,,,30001,,,63070030,,2026-02-27 22:06:37.964,2026-02-27 22:06:37.964,,,1.5571667,,,,1653,1268.9401,,49.71,,,,UTC-0300,487mnSNu6t,,,03a5681c-c68c-45d0-a699-4d1ea54e2888.com.samsung.health.exercise.live_data.json,,1.4403405,com.sec.android.app.shealth,,,,,2026-02-27 22:05:00.000,03a5681c-c68c-45d0-a699-4d1ea54e2888,,
,,,,,,,1,,,,,4,0,,0,,,,,,,,,,,,890000,,63070030,,,2026-02-27 23:15:10.000,1001,,,,,30001,,,63070030,,2026-02-27 23:35:01.090,2026-02-27 23:35:01.090,,,1.5525,,,,1681,1292.84,,50.55,,,,UTC-0300,487mnSNu6t,,,37b26345-ec09-46d4-a84c-54119cf1b73d.com.samsung.health.exercise.live_data.json,,1.4526291,com.sec.android.app.shealth,,,,,2026-02-27 23:30:00.000,37b26345-ec09-46d4-a84c-54119cf1b73d,,
,,,,,,,1,,,,,4,0,,0,,,,,,,,,,,,888000,,63070030,,,2026-02-28 14:56:12.000,1001,,,,,30001,,,63070030,,2026-02-28 15:15:16.463,2026-02-28 15:15:16.463,,,1.5451667,,,,1676,1308.45,,100.409996,,,,UTC-0300,487mnSNu6t,,,4e5f46ce-0ff8-4986-a045-b3a096f16fa0.com.samsung.health.exercise.live_data.json,,1.4734796,com.sec.android.app.shealth,,,,,2026-02-28 15:11:00.000,4e5f46ce-0ff8-4986-a045-b3a096f16fa0,,
b59ccd46-29d4-4abb-a032-3e1c6a54152b.live_data_internal.json,,0,,,,427.44,,,,,b59ccd46-29d4-4abb-a032-3e1c6a54152b.sensing_status.json,1,,,,,,,,,,,,,,,3372650,,63070030,,,2026-03-04 22:56:14.283,15002,,,,101.0,,,,63070030,129.0,2026-03-04 23:52:28.203,2026-03-04 23:52:28.203,,,,,79.0,,,,,427.44,,,,UTC-0300,hriiVjEkYE,,,b59ccd46-29d4-4abb-a032-3e1c6a54152b.com.samsung.health.exercise.live_data.json,,,com.sec.android.app.shealth,,,,,2026-03-04 23:52:26.933,b59ccd46-29d4-4abb-a032-3e1c6a54152b,,
,,,,,,,1,,,,,4,0,,0,,,,,,,,,,,,837000,,63070030,,,2026-03-05 23:03:03.000,1001,,,,,30001,,,63070030,,2026-03-05 23:19:10.216,2026-03-05 23:19:10.216,,,1.5,,,,1649,1294.19,,98.76,,,,UTC-0300,487mnSNu6t,,,1baef494-5222-4295-917f-7a4a97cf6bef.com.samsung.health.exercise.live_data.json,,1.5,com.sec.android.app.shealth,,,,,2026-03-05 23:17:00.000,1baef494-5222-4295-917f-7a4a97cf6bef,,
,,,,,,,1,,,,,4,0,,0,,,,,,,,,,,,895000,,63070030,,,2026-03-06 00:28:05.000,1001,,,,,30001,,,63070030,,2026-03-06 00:50:37.572,2026-03-06 00:50:37.572,,,1.6111667,,,,1705,1332.78,,102.06,,,,UTC-0300,487mnSNu6t,,,4598672d-0b74-4095-886f-0753479d6f64.com.samsung.health.exercise.live_data.json,,1.4891397,com.sec.android.app.shealth,,,,,2026-03-06 00:43:00.000,4598672d-0b74-4095-886f-0753479d6f64,,
80b053f4-75e1-4e2f-b1be-bf1fdfe6fde5.live_data_internal.json,,0,,,,485.04,,,,,80b053f4-75e1-4e2f-b1be-bf1fdfe6fde5.sensing_status.json,1,,,,,,,,,,,,,,,3683848,,63070030,,,2026-03-06 22:18:22.514,15002,,,,104.0,,,,63070030,132.0,2026-03-06 23:19:47.523,2026-03-06 23:19:47.523,,,,,78.0,,,,,485.04,,,,UTC-0300,hriiVjEkYE,,,80b053f4-75e1-4e2f-b1be-bf1fdfe6fde5.com.samsung.health.exercise.live_data.json,,,com.sec.android.app.shealth,,,,,2026-03-06 23:19:46.362,80b053f4-75e1-4e2f-b1be-bf1fdfe6fde5,,
31dae948-59c9-40bd-82ec-1ce39dbdbc40.live_data_internal.json,,0,,,,375.57,,,,,31dae948-59c9-40bd-82ec-1ce39dbdbc40.sensing_status.json,1,,,,,,,,,,,,,,,2861121,,63110130,,,2026-03-18 22:41:08.700,15002,,,,104.0,,,,63110130,122.0,2026-03-18 23:28:51.032,2026-03-18 23:28:51.032,,,,,86.0,,,,,375.57,,,,UTC-0300,hriiVjEkYE,,,31dae948-59c9-40bd-82ec-1ce39dbdbc40.com.samsung.health.exercise.live_data.json,,,com.sec.android.app.shealth,,,,,2026-03-18 23:28:49.821,31dae948-59c9-40bd-82ec-1ce39dbdbc40,,
671e5cd3-8fc1-42c9-bfe8-b97532fc4137.live_data_internal.json,,0,,,,102.00002,,,,,671e5cd3-8fc1-42c9-bfe8-b97532fc4137.sensing_status.json,4,,,,,,,,,,,,671e5cd3-8fc1-42c9-bfe8-b97532fc4137.location_data_internal.json,,,682998,,63110130,,671e5cd3-8fc1-42c9-bfe8-b97532fc4137.com.samsung.health.exercise.location_data.json,2026-03-19 11:57:31.142,1001,,,,123.0,30001,,,63110130,151.0,2026-03-19 12:10:09.513,2026-03-19 12:10:09.513,,,1.686,101.90366,109.0,,1160,918.42,,102.0,126.0,,,UTC-0300,hriiVjEkYE,,,671e5cd3-8fc1-42c9-bfe8-b97532fc4137.com.samsung.health.exercise.live_data.json,,1.3446891,com.sec.android.app.shealth,,,,,2026-03-19 12:08:54.141,671e5cd3-8fc1-42c9-bfe8-b97532fc4137,,
c761f0ce-354d-4019-94a8-0d19519efe1f.live_data_internal.json,,0,,,,128.0,,,,,c761f0ce-354d-4019-94a8-0d19519efe1f.sensing_status.json,4,,,,,,,,,,,,c761f0ce-354d-4019-94a8-0d19519efe1f.location_data_internal.json,,,975031,,63110130,,c761f0ce-354d-4019-94a8-0d19519efe1f.com.samsung.health.exercise.location_data.json,2026-03-19 21:00:54.106,1001,,,,99.0,30001,,,63110130,120.0,2026-03-19 21:18:25.404,2026-03-19 21:18:25.404,,,2.228191,85.04345,69.0,,1382,1049.74,,128.0,115.0,,,UTC-0300,hriiVjEkYE,,,c761f0ce-354d-4019-94a8-0d19519efe1f.com.samsung.health.exercise.live_data.json,,1.0766221,com.sec.android.app.shealth,,,,,2026-03-19 21:17:09.137,c761f0ce-354d-4019-94a8-0d19519efe1f,,
a65775fe-c441-4eb0-9a61-d8aacd0972f7.live_data_internal.json,,0,,,,96.00002,,,,,a65775fe-c441-4eb0-9a61-d8aacd0972f7.sensing_status.json,4,,,,,,,,,,,,a65775fe-c441-4eb0-9a61-d8aacd0972f7.location_data_internal.json,,,744971,,63110130,,a65775fe-c441-4eb0-9a61-d8aacd0972f7.com.samsung.health.exercise.location_data.json,2026-03-19 21:51:18.112,1001,,,,99.0,30001,,,63110130,106.0,2026-03-19 22:04:59.414,2026-03-19 22:04:59.414,,,1.4230161,99.46696,91.0,,1235,937.48,,96.0,110.0,,,UTC-0300,hriiVjEkYE,,,a65775fe-c441-4eb0-9a61-d8aacd0972f7.com.samsung.health.exercise.live_data.json,,1.2584114,com.sec.android.app.shealth,,,,,2026-03-19 22:03:43.084,a65775fe-c441-4eb0-9a61-d8aacd0972f7,,
998eee8f-d69a-48e0-9210-635102078c73.live_data_internal.json,,0,,,,91.0,,,,,998eee8f-d69a-48e0-9210-635102078c73.sensing_status.json,4,,,,,,,,,,,,998eee8f-d69a-48e0-9210-635102078c73.location_data_internal.json,,,732984,,63110130,,998eee8f-d69a-48e0-9210-635102078c73.com.samsung.health.exercise.location_data.json,2026-03-19 22:34:04.076,1001,,,,102.0,30001,,,63110130,112.0,2026-03-19 22:47:33.380,2026-03-19 22:47:33.380,,,1.4722222,135.63734,88.0,,1657,761.9,,91.0,114.0,,,UTC-0300,hriiVjEkYE,,,998eee8f-d69a-48e0-9210-635102078c73.com.samsung.health.exercise.live_data.json,,1.0394497,com.sec.android.app.shealth,,,,,2026-03-19 22:46:17.060,998eee8f-d69a-48e0-9210-635102078c73,,
41204c07-21ae-461c-b855-de011e44822e.live_data_internal.json,,0,,,,0.28528604,,,,,41204c07-21ae-461c-b855-de011e44822e.sensing_status.json,1,,,,,,,,,,,,,,,11383,,63110130,,,2026-03-20 00:43:42.599,15002,,,,,,,,63110130,,2026-03-20 00:43:55.767,2026-03-20 00:43:55.767,,,,,,,,,,0.28528604,,,,UTC-0300,hriiVjEkYE,,,41204c07-21ae-461c-b855-de011e44822e.com.samsung.health.exercise.live_data.json,,,com.sec.android.app.shealth,,,,,2026-03-20 00:43:53.982,41204c07-21ae-461c-b855-de011e44822e,,
f35f8596-8219-4252-a6ce-22dc6f7ec33a.live_data_internal.json,,0,,,,512.36,,,,,f35f8596-8219-4252-a6ce-22dc6f7ec33a.sensing_status.json,1,,,,,,,,,,,,,,,4007332,,63110130,,,2026-03-23 23:14:29.569,15002,,,,100.0,,,,63110130,129.0,2026-03-24 00:21:18.323,2026-03-24 00:21:18.323,,,,,68.0,,,,,512.36,,,,UTC-0300,hriiVjEkYE,,,f35f8596-8219-4252-a6ce-22dc6f7ec33a.com.samsung.health.exercise.live_data.json,,,com.sec.android.app.shealth,,,,,2026-03-24 00:21:16.901,f35f8596-8219-4252-a6ce-22dc6f7ec33a,,
a0524e94-ba1b-4914-aafe-e96afc6e07ce.live_data_internal.json,,0,,,,264.9,,,,,a0524e94-ba1b-4914-aafe-e96afc6e07ce.sensing_status.json,1,,,,,,,,,,,,,,,2129651,,63110130,,,2026-03-24 23:22:44.430,15002,,,,97.0,,,,63110130,116.0,2026-03-24 23:58:15.829,2026-03-24 23:58:15.829,,,,,77.0,,,,,264.9,,,,UTC-0300,hriiVjEkYE,,,a0524e94-ba1b-4914-aafe-e96afc6e07ce.com.samsung.health.exercise.live_data.json,,,com.sec.android.app.shealth,,,,,2026-03-24 23:58:14.081,a0524e94-ba1b-4914-aafe-e96afc6e07ce,,
c0bf27d2-eff7-4a8b-a8cd-7b7ee73d266c.live_data_internal.json,,0,,,,97.6213,,,,,c0bf27d2-eff7-4a8b-a8cd-7b7ee73d266c.sensing_status.json,4,,,,,,,,,,,,c0bf27d2-eff7-4a8b-a8cd-7b7ee73d266c.location_data_internal.json,,,691206,,63130130,,c0bf27d2-eff7-4a8b-a8cd-7b7ee73d266c.com.samsung.health.exercise.location_data.json,2026-03-31 13:31:40.109,1001,,,,123.0,30001,,,63130130,150.0,2026-03-31 13:44:51.642,2026-03-31 13:44:51.642,,,1.7922229,84.37427,110.0,,972,756.83,,97.0,123.0,,,UTC-0300,hriiVjEkYE,,,c0bf27d2-eff7-4a8b-a8cd-7b7ee73d266c.com.samsung.health.exercise.live_data.json,,1.0949414,com.sec.android.app.shealth,,,,,2026-03-31 13:43:36.105,c0bf27d2-eff7-4a8b-a8cd-7b7ee73d266c,,
1b118fba-908d-4743-a498-baca5d086976.live_data_internal.json,,0,,,,231.55,,,,,1b118fba-908d-4743-a498-baca5d086976.sensing_status.json,1,,,,,,,,,,,,,,,1710895,,63130130,,,2026-04-02 23:32:48.110,15002,,,,109.0,,,,63130130,130.0,2026-04-03 00:01:20.150,2026-04-03 00:01:20.150,,,,,52.0,,,,,231.55,,,,UTC-0300,hriiVjEkYE,,,1b118fba-908d-4743-a498-baca5d086976.com.samsung.health.exercise.live_data.json,,,com.sec.android.app.shealth,,,,,2026-04-03 00:01:19.005,1b118fba-908d-4743-a498-baca5d086976,,
922850e4-6e68-4b42-b973-2b37dfb0421c.live_data_internal.json,,0,,,,520.94,,,,,922850e4-6e68-4b42-b973-2b37dfb0421c.sensing_status.json,1,,,,,,,,,,,,,,,3999531,,63130130,,,2026-04-08 22:41:35.129,15002,,,,102.0,,,,63130130,119.0,2026-04-08 23:48:16.629,2026-04-08 23:48:16.629,,,,,78.0,,,,,520.94,,,,UTC-0300,hriiVjEkYE,,,922850e4-6e68-4b42-b973-2b37dfb0421c.com.samsung.health.exercise.live_data.json,,,com.sec.android.app.shealth,,,,,2026-04-08 23:48:14.660,922850e4-6e68-4b42-b973-2b37dfb0421c,,
,,,,,,,1,,,,,4,0,,0,,,,,,,,,,,,1680000,,63200010,,,2026-04-28 15:58:00.000,1001,,,,,30001,,,63200010,,2026-04-28 16:29:57.003,2026-04-28 16:29:57.003,,,1.5555556,,,,3145,2425.25,,94.48,,,,UTC-0300,487mnSNu6t,,,75aceac9-d8bb-4f54-8014-ddffc22bbf2c.com.samsung.health.exercise.live_data.json,,1.4436013,com.sec.android.app.shealth,,,,,2026-04-28 16:26:00.000,75aceac9-d8bb-4f54-8014-ddffc22bbf2c,,
,,,,,,,1,,,,,4,0,,0,,,,,,,,,,,,720000,,63200010,,,2026-05-01 21:51:00.000,1001,,,,,30001,,,63200010,,2026-05-01 22:15:02.031,2026-05-01 22:15:02.031,,,1.5833334,,,,1107,857.52,,66.25,,,,UTC-0300,487mnSNu6t,,,ed25d5a3-620f-4eaa-b73e-eed6c369ef29.com.samsung.health.exercise.live_data.json,,1.191,com.sec.android.app.shealth,,,,,2026-05-01 22:03:00.000,ed25d5a3-620f-4eaa-b73e-eed6c369ef29,,
d9101d67-a706-4d6d-ba33-9679f4c8d68e.live_data_internal.json,,0,,,,75.0,,,,,d9101d67-a706-4d6d-ba33-9679f4c8d68e.sensing_status.json,4,,,,,,,,,,,,d9101d67-a706-4d6d-ba33-9679f4c8d68e.location_data_internal.json,,,621350,,63200010,,d9101d67-a706-4d6d-ba33-9679f4c8d68e.com.samsung.health.exercise.location_data.json,2026-05-08 21:11:22.009,1001,,,,85.0,30001,,,63200010,99.0,2026-05-08 21:22:59.543,2026-05-08 21:22:59.543,,,2.277442,111.24165,66.0,,1152,594.94,,75.0,115.0,,,UTC-0300,hriiVjEkYE,,,d9101d67-a706-4d6d-ba33-9679f4c8d68e.com.samsung.health.exercise.live_data.json,,0.9574958,com.sec.android.app.shealth,,,,,2026-05-08 21:21:43.359,d9101d67-a706-4d6d-ba33-9679f4c8d68e,,
fc9e15be-95bc-4f85-ad3e-1af91e71ba67.live_data_internal.json,,0,,,,82.0,,,,,fc9e15be-95bc-4f85-ad3e-1af91e71ba67.sensing_status.json,4,,,,,,,,,,,,fc9e15be-95bc-4f85-ad3e-1af91e71ba67.location_data_internal.json,,,624837,,63200010,,fc9e15be-95bc-4f85-ad3e-1af91e71ba67.com.samsung.health.exercise.location_data.json,2026-06-18 15:56:52.438,1001,,,,95.0,30001,,,63200010,120.0,2026-06-18 16:08:32.767,2026-06-18 16:08:32.767,,,1.4272469,78.45246,50.0,,817,608.91,,82.0,101.0,,,UTC-0300,hriiVjEkYE,,,fc9e15be-95bc-4f85-ad3e-1af91e71ba67.com.samsung.health.exercise.live_data.json,,0.97451013,com.sec.android.app.shealth,,,,,2026-06-18 16:07:17.275,fc9e15be-95bc-4f85-ad3e-1af91e71ba67,,
,,,,,,,1,,,,,4,0,,0,,,,,,,,,,,,624000,,63200010,,,2026-06-21 16:40:36.000,1001,,,,,30001,,,63200010,,2026-06-21 16:55:19.718,2026-06-21 16:55:19.718,,,1.5361667,,,,1147,893.14,,68.63,,,,UTC-0300,487mnSNu6t,,,7c6f73ea-e7f9-4423-9d32-245fb2155073.com.samsung.health.exercise.live_data.json,,1.4313141,com.sec.android.app.shealth,,,,,2026-06-21 16:51:00.000,7c6f73ea-e7f9-4423-9d32-245fb2155073,,
3009178c-130f-470b-8e45-7c29d03528bd.live_data_internal.json,,0,,,,554.29,,,,,3009178c-130f-470b-8e45-7c29d03528bd.sensing_status.json,1,,,,,,,,,,,,,,,3802491,,70001070,,,2026-07-06 22:18:26.526,15002,,,,118.0,,,,70001070,140.0,2026-07-07 02:13:11.030,2026-07-07 02:13:11.030,,,,,77.0,,,,,554.29,,,,UTC-0300,hriiVjEkYE,,,3009178c-130f-470b-8e45-7c29d03528bd.com.samsung.health.exercise.live_data.json,,,com.sec.android.app.shealth,,,,,2026-07-06 23:21:49.017,3009178c-130f-470b-8e45-7c29d03528bd,,
0cb95b5e-78f0-4030-8d0b-ac80d5c8e6cc.live_data_internal.json,,0,,,,145.54227,,,,,0cb95b5e-78f0-4030-8d0b-ac80d5c8e6cc.sensing_status.json,4,,,,,,,,,,,,0cb95b5e-78f0-4030-8d0b-ac80d5c8e6cc.location_data_internal.json,,,1194616,,70001070,,0cb95b5e-78f0-4030-8d0b-ac80d5c8e6cc.com.samsung.health.exercise.location_data.json,2026-07-07 15:11:40.022,1001,,,,91.0,30001,,,70001070,104.0,2026-07-07 15:33:40.423,2026-07-07 15:33:40.423,,,2.7658274,76.99545,78.0,,1533,939.79,,143.0,105.0,,,UTC-0300,hriiVjEkYE,,,0cb95b5e-78f0-4030-8d0b-ac80d5c8e6cc.com.samsung.health.exercise.live_data.json,,0.78668797,com.sec.android.app.shealth,,,,,2026-07-07 15:33:16.075,0cb95b5e-78f0-4030-8d0b-ac80d5c8e6cc,,
47142085-6177-4084-8fe8-b1b2da8faef3.live_data_internal.json,,0,,,,562.62,,,,,47142085-6177-4084-8fe8-b1b2da8faef3.sensing_status.json,1,,,,,,,,,,,,,,,4280828,,70001070,,,2026-07-07 23:13:22.976,15002,,,,105.0,,,,70001070,133.0,2026-07-08 00:24:44.961,2026-07-08 00:24:44.961,,,,,74.0,,,,,562.62,,,,UTC-0300,hriiVjEkYE,,,47142085-6177-4084-8fe8-b1b2da8faef3.com.samsung.health.exercise.live_data.json,,,com.sec.android.app.shealth,,,,,2026-07-08 00:24:43.804,47142085-6177-4084-8fe8-b1b2da8faef3,,
e64e7032-8e9a-4198-88df-a0818c9f635d.live_data_internal.json,,0,,,,133.88359,,,,,e64e7032-8e9a-4198-88df-a0818c9f635d.sensing_status.json,4,,,,,,,,,,,,e64e7032-8e9a-4198-88df-a0818c9f635d.location_data_internal.json,,,969017,,70001070,,e64e7032-8e9a-4198-88df-a0818c9f635d.com.samsung.health.exercise.location_data.json,2026-07-08 22:14:59.145,1001,,,,108.0,30001,,,70001070,125.0,2026-07-08 22:32:24.098,2026-07-08 22:32:24.098,,,1.5991666,167.11781,95.0,,2699,1317.31,,132.0,122.0,,,UTC-0300,hriiVjEkYE,,,e64e7032-8e9a-4198-88df-a0818c9f635d.com.samsung.health.exercise.live_data.json,,1.3594292,com.sec.android.app.shealth,,,,,2026-07-08 22:32:23.318,e64e7032-8e9a-4198-88df-a0818c9f635d,,
2f91f696-2881-4e47-bca9-dda16d610345.live_data_internal.json,,0,,,,831.55,,,,,2f91f696-2881-4e47-bca9-dda16d610345.sensing_status.json,1,,,,,,,,,,,,,,,5408025,,70001070,,,2026-07-08 22:32:23.319,15002,,,,125.0,,,,70001070,156.0,2026-07-09 00:02:32.548,2026-07-09 00:02:32.548,,,,,92.0,,,,,831.55,,,,UTC-0300,hriiVjEkYE,,,2f91f696-2881-4e47-bca9-dda16d610345.com.samsung.health.exercise.live_data.json,,,com.sec.android.app.shealth,,,,,2026-07-09 00:02:31.344,2f91f696-2881-4e47-bca9-dda16d610345,,
f8524cc9-504d-4cbd-8341-420dfb63c619.live_data_internal.json,,0,,,,194.45763,,,,,f8524cc9-504d-4cbd-8341-420dfb63c619.sensing_status.json,4,,,,,,,,,,,,f8524cc9-504d-4cbd-8341-420dfb63c619.location_data_internal.json,,,1387472,,70001070,,f8524cc9-504d-4cbd-8341-420dfb63c619.com.samsung.health.exercise.location_data.json,2026-07-10 11:27:42.167,1001,,,,117.0,30001,,,70001070,141.0,2026-07-10 11:53:42.468,2026-07-10 11:53:42.468,,,1.7161335,142.57584,76.0,,3297,1787.85,,192.0,125.0,,,UTC-0300,hriiVjEkYE,,,f8524cc9-504d-4cbd-8341-420dfb63c619.com.samsung.health.exercise.live_data.json,,1.2885665,com.sec.android.app.shealth,,,,,2026-07-10 11:52:27.699,f8524cc9-504d-4cbd-8341-420dfb63c619,,
,,,,,,,1,,,,,4,0,,0,,,,,,,,,,,,934000,,70001070,,,2026-07-10 14:13:26.000,1001,,,,,30001,,,70001070,,2026-07-10 14:32:59.042,2026-07-10 14:32:59.042,,,1.5,,,,1669,1299.22,,100.03,,,,UTC-0300,487mnSNu6t,,,c99d972b-2ae1-46d9-9a06-0645a6a32aad.com.samsung.health.exercise.live_data.json,,1.3910279,com.sec.android.app.shealth,,,,,2026-07-10 14:29:00.000,c99d972b-2ae1-46d9-9a06-0645a6a32aad,,
,,,,,,,1,,,,,4,0,,0,,,,,,,,,,,,780000,,70001070,,,2026-07-10 15:56:00.000,1001,,,,,30001,,,70001070,,2026-07-10 16:14:30.046,2026-07-10 16:14:30.046,,,1.5555556,,,,1217,949.63,,72.85,,,,UTC-0300,487mnSNu6t,,,c9d33a82-c91e-4490-aac9-17796561be38.com.samsung.health.exercise.live_data.json,,1.2174743,com.sec.android.app.shealth,,,,,2026-07-10 16:09:00.000,c9d33a82-c91e-4490-aac9-17796561be38,,
2c250b50-17f2-4299-844a-11c8b959b814.live_data_internal.json,,0,,,,152.68848,,,,,2c250b50-17f2-4299-844a-11c8b959b814.sensing_status.json,4,,,,,,,,,,,,2c250b50-17f2-4299-844a-11c8b959b814.location_data_internal.json,,,1121631,,70001070,,2c250b50-17f2-4299-844a-11c8b959b814.com.samsung.health.exercise.location_data.json,2026-07-11 13:38:23.121,1001,,,,114.0,30001,,,70001070,135.0,2026-07-11 13:59:27.438,2026-07-11 13:59:27.438,,,1.547,134.42924,103.0,,2513,1360.53,,151.0,119.0,,,UTC-0300,hriiVjEkYE,,,2c250b50-17f2-4299-844a-11c8b959b814.com.samsung.health.exercise.live_data.json,,1.2129925,com.sec.android.app.shealth,,,,,2026-07-11 13:58:12.123,2c250b50-17f2-4299-844a-11c8b959b814,,
578e5e11-ea27-48d2-9703-bbdbee1dc181.live_data_internal.json,,0,,,,436.66,,,,,578e5e11-ea27-48d2-9703-bbdbee1dc181.sensing_status.json,1,,,,,,,,,,,,,,,3235830,,70001070,,,2026-07-11 14:00:42.306,15002,,,,106.0,,,,70001070,133.0,2026-07-11 14:54:39.345,2026-07-11 14:54:39.345,,,,,86.0,,,,,436.66,,,,UTC-0300,hriiVjEkYE,,,578e5e11-ea27-48d2-9703-bbdbee1dc181.com.samsung.health.exercise.live_data.json,,,com.sec.android.app.shealth,,,,,2026-07-11 14:54:38.136,578e5e11-ea27-48d2-9703-bbdbee1dc181,,
7b4e8950-53d6-410a-9688-b06ad255b331.live_data_internal.json,,0,,,,136.86684,,,,,7b4e8950-53d6-410a-9688-b06ad255b331.sensing_status.json,4,,,,,,,,,,,,7b4e8950-53d6-410a-9688-b06ad255b331.location_data_internal.json,,,995450,,70001070,,7b4e8950-53d6-410a-9688-b06ad255b331.com.samsung.health.exercise.location_data.json,2026-07-11 14:55:05.071,1001,,,,131.0,30001,,,70001070,148.0,2026-07-11 15:13:30.375,2026-07-11 15:13:30.375,,,1.660466,154.72398,112.0,,2567,1349.9,,136.0,120.0,,,UTC-0300,hriiVjEkYE,,,7b4e8950-53d6-410a-9688-b06ad255b331.com.samsung.health.exercise.live_data.json,,1.3560702,com.sec.android.app.shealth,,,,,2026-07-11 15:12:15.108,7b4e8950-53d6-410a-9688-b06ad255b331,,
621fa926-8c46-49b9-9f43-65e6299892f7.live_data_internal.json,,0,,,,106.281746,,,,,621fa926-8c46-49b9-9f43-65e6299892f7.sensing_status.json,4,,,,,,,,,,,,621fa926-8c46-49b9-9f43-65e6299892f7.location_data_internal.json,,,804282,,70001070,,621fa926-8c46-49b9-9f43-65e6299892f7.com.samsung.health.exercise.location_data.json,2026-07-11 15:40:32.649,1001,,,,102.0,30001,,,70001070,113.0,2026-07-11 15:56:03.497,2026-07-11 15:56:03.497,,,1.5028334,90.714455,87.0,,1216,778.13,,105.0,116.0,,,UTC-0300,hriiVjEkYE,,,621fa926-8c46-49b9-9f43-65e6299892f7.com.samsung.health.exercise.live_data.json,,0.96748406,com.sec.android.app.shealth,,,,,2026-07-11 15:54:48.073,621fa926-8c46-49b9-9f43-65e6299892f7,,
9c0e8766-1041-4cb9-9d15-36e1399e0a2a.live_data_internal.json,,0,,,,85.0,,,,,9c0e8766-1041-4cb9-9d15-36e1399e0a2a.sensing_status.json,4,,,,,,,,,,,,9c0e8766-1041-4cb9-9d15-36e1399e0a2a.location_data_internal.json,,,648958,,70001070,,9c0e8766-1041-4cb9-9d15-36e1399e0a2a.com.samsung.health.exercise.location_data.json,2026-07-11 15:57:46.122,1001,,,,119.0,30001,,,70001070,134.0,2026-07-11 16:09:03.749,2026-07-11 16:09:03.749,,,1.5599998,95.13713,94.0,,1029,807.02,,85.0,120.0,,,UTC-0300,hriiVjEkYE,,,9c0e8766-1041-4cb9-9d15-36e1399e0a2a.com.samsung.health.exercise.live_data.json,,1.2435628,com.sec.android.app.shealth,,,,,2026-07-11 16:08:35.080,9c0e8766-1041-4cb9-9d15-36e1399e0a2a,,
5b78c680-77bf-40c5-ae85-e590992aeb23.live_data_internal.json,,0,,,,1010.16,,,,,5b78c680-77bf-40c5-ae85-e590992aeb23.sensing_status.json,1,,,,,,,,,,,,,,,7207961,,70050090,,,2026-07-13 11:30:54.611,15002,,,,111.0,,,,70050090,152.0,2026-07-13 13:31:04.299,2026-07-13 13:31:04.299,,,,,69.0,,,,,1010.16,,,,UTC-0300,hriiVjEkYE,,,5b78c680-77bf-40c5-ae85-e590992aeb23.com.samsung.health.exercise.live_data.json,,,com.sec.android.app.shealth,,,,,2026-07-13 13:31:02.572,5b78c680-77bf-40c5-ae85-e590992aeb23,,
1ce91eab-ba7d-44c1-adac-6e246ce20871.live_data_internal.json,,0,,,,156.11855,,,,,1ce91eab-ba7d-44c1-adac-6e246ce20871.sensing_status.json,4,,,,,,,,,,,,1ce91eab-ba7d-44c1-adac-6e246ce20871.location_data_internal.json,,,1144514,,70050090,,1ce91eab-ba7d-44c1-adac-6e246ce20871.com.samsung.health.exercise.location_data.json,2026-07-18 16:08:08.126,1001,,,,108.0,30001,,,70050090,123.0,2026-07-18 16:30:32.568,2026-07-18 16:30:32.568,,,1.3333334,92.31866,98.0,,1761,1314.58,,153.0,105.0,,,UTC-0300,hriiVjEkYE,,,1ce91eab-ba7d-44c1-adac-6e246ce20871.com.samsung.health.exercise.live_data.json,,1.1485922,com.sec.android.app.shealth,,,,,2026-07-18 16:29:17.071,1ce91eab-ba7d-44c1-adac-6e246ce20871,,
7ca21a4f-15d8-42de-bbe1-1f68ace5ee01.live_data_internal.json,,0,,,,130.0,,,,,7ca21a4f-15d8-42de-bbe1-1f68ace5ee01.sensing_status.json,4,,,,,,,,,,,,7ca21a4f-15d8-42de-bbe1-1f68ace5ee01.location_data_internal.json,,,1032993,,70050090,,7ca21a4f-15d8-42de-bbe1-1f68ace5ee01.com.samsung.health.exercise.location_data.json,2026-07-18 17:26:29.121,1001,,,,126.0,30001,,,70050090,137.0,2026-07-18 17:44:57.504,2026-07-18 17:44:57.504,,,1.4471668,103.15655,114.0,,1776,1350.61,,130.0,113.0,,,UTC-0300,hriiVjEkYE,,,7ca21a4f-15d8-42de-bbe1-1f68ace5ee01.com.samsung.health.exercise.live_data.json,,1.3074725,com.sec.android.app.shealth,,,,,2026-07-18 17:43:42.114,7ca21a4f-15d8-42de-bbe1-1f68ace5ee01,,
2d82fa76-a397-4506-b43d-6de8559f1dc7.live_data_internal.json,,0,,,,388.71222,,,,,2d82fa76-a397-4506-b43d-6de8559f1dc7.sensing_status.json,4,,,,,,,,,,,,2d82fa76-a397-4506-b43d-6de8559f1dc7.location_data_internal.json,,,2938821,,70050090,,2d82fa76-a397-4506-b43d-6de8559f1dc7.com.samsung.health.exercise.location_data.json,2026-07-18 20:40:32.133,1001,,,,116.0,30001,,,70050090,131.0,2026-07-18 21:33:14.610,2026-07-18 21:33:14.610,,,1.5,116.4957,96.0,,5706,3903.25,,385.0,115.0,,,UTC-0300,hriiVjEkYE,,,2d82fa76-a397-4506-b43d-6de8559f1dc7.com.samsung.health.exercise.live_data.json,,1.3281686,com.sec.android.app.shealth,,,,,2026-07-18 21:31:59.073,2d82fa76-a397-4506-b43d-6de8559f1dc7,,
3947192d-912c-4438-8840-4a4f5824cf87.live_data_internal.json,,0,,,,89.58118,,,,,3947192d-912c-4438-8840-4a4f5824cf87.sensing_status.json,4,,,,,,,,,,,,3947192d-912c-4438-8840-4a4f5824cf87.location_data_internal.json,,,690317,,70050090,,3947192d-912c-4438-8840-4a4f5824cf87.com.samsung.health.exercise.location_data.json,2026-07-19 14:34:09.181,1001,,,,98.0,30001,,,70050090,113.0,2026-07-19 14:47:18.477,2026-07-19 14:47:18.477,,,1.5053333,111.0794,89.0,,1278,709.77,,89.0,117.0,,,UTC-0300,hriiVjEkYE,,,3947192d-912c-4438-8840-4a4f5824cf87.com.samsung.health.exercise.live_data.json,,1.0281798,com.sec.android.app.shealth,,,,,2026-07-19 14:46:02.687,3947192d-912c-4438-8840-4a4f5824cf87,,
a5022eb0-fd42-46d1-87bd-de6498436ef1.live_data_internal.json,,0,,,,78.0,,,,,a5022eb0-fd42-46d1-87bd-de6498436ef1.sensing_status.json,4,,,,,,,,,,,,a5022eb0-fd42-46d1-87bd-de6498436ef1.location_data_internal.json,,,628933,,70050090,,a5022eb0-fd42-46d1-87bd-de6498436ef1.com.samsung.health.exercise.location_data.json,2026-07-19 15:20:26.150,1001,,,,90.0,30001,,,70050090,101.0,2026-07-19 15:32:10.295,2026-07-19 15:32:10.295,,,1.7970545,71.74055,72.0,,752,563.38,,78.0,105.0,,,UTC-0300,hriiVjEkYE,,,a5022eb0-fd42-46d1-87bd-de6498436ef1.com.samsung.health.exercise.live_data.json,,0.89577115,com.sec.android.app.shealth,,,,,2026-07-19 15:30:55.083,a5022eb0-fd42-46d1-87bd-de6498436ef1,,
b8f1df68-b393-4010-85ed-a084ccfa7d6b.live_data_internal.json,,0,,,,86.0,,,,,b8f1df68-b393-4010-85ed-a084ccfa7d6b.sensing_status.json,4,,,,,,,,,,,,b8f1df68-b393-4010-85ed-a084ccfa7d6b.location_data_internal.json,,,728921,,70050090,,b8f1df68-b393-4010-85ed-a084ccfa7d6b.com.samsung.health.exercise.location_data.json,2026-07-19 19:19:55.139,1001,,,,96.0,30001,,,70050090,104.0,2026-07-19 19:33:19.426,2026-07-19 19:33:19.426,,,1.3611112,146.9295,90.0,,1785,828.68,,86.0,103.0,,,UTC-0300,hriiVjEkYE,,,b8f1df68-b393-4010-85ed-a084ccfa7d6b.com.samsung.health.exercise.live_data.json,,1.1368585,com.sec.android.app.shealth,,,,,2026-07-19 19:32:04.060,b8f1df68-b393-4010-85ed-a084ccfa7d6b,,
d1a85c53-0d3e-4b57-9065-3d11a39917c4.live_data_internal.json,,0,,,,75.00002,,,,,d1a85c53-0d3e-4b57-9065-3d11a39917c4.sensing_status.json,4,,,,,,,,,,,,d1a85c53-0d3e-4b57-9065-3d11a39917c4.location_data_internal.json,,,617235,,70050090,,d1a85c53-0d3e-4b57-9065-3d11a39917c4.com.samsung.health.exercise.location_data.json,2026-07-19 20:54:13.133,1001,,,,95.0,30001,,,70050090,105.0,2026-07-19 21:05:46.434,2026-07-19 21:05:46.434,,,1.335,78.73825,80.0,,810,606.5,,75.0,106.0,,,UTC-0300,hriiVjEkYE,,,d1a85c53-0d3e-4b57-9065-3d11a39917c4.com.samsung.health.exercise.live_data.json,,0.98260796,com.sec.android.app.shealth,,,,,2026-07-19 21:04:30.369,d1a85c53-0d3e-4b57-9065-3d11a39917c4,,
73c13136-60ac-4ba4-b3e9-adf160a9701e.live_data_internal.json,,0,,,,135.1821,,,,,73c13136-60ac-4ba4-b3e9-adf160a9701e.sensing_status.json,4,,,,,,,,,,,,73c13136-60ac-4ba4-b3e9-adf160a9701e.location_data_internal.json,,,975327,,70050090,,73c13136-60ac-4ba4-b3e9-adf160a9701e.com.samsung.health.exercise.location_data.json,2026-07-23 19:46:00.134,1001,,,,108.0,30001,,,70050090,118.0,2026-07-23 20:04:23.728,2026-07-23 20:04:23.728,,,1.5833334,102.91932,90.0,,1673,1294.69,,132.0,120.0,,,UTC-0300,hriiVjEkYE,,,73c13136-60ac-4ba4-b3e9-adf160a9701e.com.samsung.health.exercise.live_data.json,,1.3274419,com.sec.android.app.shealth,,,,,2026-07-23 20:04:22.428,73c13136-60ac-4ba4-b3e9-adf160a9701e,,
fb854c71-2727-403c-b14a-983bfa589596.live_data_internal.json,,0,,,,756.33,,,,,fb854c71-2727-403c-b14a-983bfa589596.sensing_status.json,1,,,,,,,,,,,,,,,5408453,,70050090,,,2026-07-23 20:04:22.429,15002,,,,112.0,,,,70050090,147.0,2026-07-23 21:34:33.557,2026-07-23 21:34:33.557,,,,,86.0,,,,,756.33,,,,UTC-0300,hriiVjEkYE,,,fb854c71-2727-403c-b14a-983bfa589596.com.samsung.health.exercise.live_data.json,,,com.sec.android.app.shealth,,,,,2026-07-23 21:34:30.882,fb854c71-2727-403c-b14a-983bfa589596,,
f11f6d21-b8e2-427c-88e2-7d34f467b5b8.live_data_internal.json,,0,,,,590.13,,,,,f11f6d21-b8e2-427c-88e2-7d34f467b5b8.sensing_status.json,1,,,,,,,,,,,,,,,4345872,,70050090,,,2026-07-24 22:54:12.808,15002,,,,108.0,,,,70050090,133.0,2026-07-25 00:06:39.899,2026-07-25 00:06:39.899,,,,,87.0,,,,,590.13,,,,UTC-0300,hriiVjEkYE,,,f11f6d21-b8e2-427c-88e2-7d34f467b5b8.com.samsung.health.exercise.live_data.json,,,com.sec.android.app.shealth,,,,,2026-07-25 00:06:38.680,f11f6d21-b8e2-427c-88e2-7d34f467b5b8,,
8f1cdc57-e08c-48af-b03a-413c8693156b.live_data_internal.json,,0,,,,136.0,,,,,8f1cdc57-e08c-48af-b03a-413c8693156b.sensing_status.json,4,,,,,,,,,,,,8f1cdc57-e08c-48af-b03a-413c8693156b.location_data_internal.json,,,1082059,,70050090,,8f1cdc57-e08c-48af-b03a-413c8693156b.com.samsung.health.exercise.location_data.json,2026-07-26 19:14:08.132,1001,,,,101.0,30001,,,70050090,110.0,2026-07-26 19:33:25.796,2026-07-26 19:33:25.796,,,1.3888888,133.57867,79.0,,2409,1347.35,,136.0,109.0,,,UTC-0300,hriiVjEkYE,,,8f1cdc57-e08c-48af-b03a-413c8693156b.com.samsung.health.exercise.live_data.json,,1.2451724,com.sec.android.app.shealth,,,,,2026-07-26 19:32:10.191,8f1cdc57-e08c-48af-b03a-413c8693156b,,
1f190756-876f-426f-9ac5-96ea4031f7ed.live_data_internal.json,,0,,,,186.74817,,,,,1f190756-876f-426f-9ac5-96ea4031f7ed.sensing_status.json,4,,,,,,,,,,,,1f190756-876f-426f-9ac5-96ea4031f7ed.location_data_internal.json,,,1351459,,70050090,,1f190756-876f-426f-9ac5-96ea4031f7ed.com.samsung.health.exercise.location_data.json,2026-07-26 19:46:49.065,1001,,,,99.0,30001,,,70050090,117.0,2026-07-26 20:13:05.351,2026-07-26 20:13:05.351,,,1.5833334,106.55151,75.0,,2400,1681.31,,183.0,120.0,,,UTC-0300,hriiVjEkYE,,,1f190756-876f-426f-9ac5-96ea4031f7ed.com.samsung.health.exercise.live_data.json,,1.2440704,com.sec.android.app.shealth,,,,,2026-07-26 20:11:50.077,1f190756-876f-426f-9ac5-96ea4031f7ed,,
88b48406-1b2a-4a80-ba41-1a8810d7b9bf.live_data_internal.json,,0,,,,119.247765,,,,,88b48406-1b2a-4a80-ba41-1a8810d7b9bf.sensing_status.json,4,,,,,,,,,,,,88b48406-1b2a-4a80-ba41-1a8810d7b9bf.location_data_internal.json,,,895657,,70050090,,88b48406-1b2a-4a80-ba41-1a8810d7b9bf.com.samsung.health.exercise.location_data.json,2026-07-27 22:21:51.148,1001,,,,102.0,30001,,,70050090,112.0,2026-07-27 22:38:11.464,2026-07-27 22:38:11.464,,,1.5033332,107.652824,90.0,,1607,1161.01,,119.0,117.0,,,UTC-0300,hriiVjEkYE,,,88b48406-1b2a-4a80-ba41-1a8810d7b9bf.com.samsung.health.exercise.live_data.json,,1.2962663,com.sec.android.app.shealth,,,,,2026-07-27 22:36:56.691,88b48406-1b2a-4a80-ba41-1a8810d7b9bf,,
10d7cf74-5dbc-42b2-bc87-679cce7d3f6c.live_data_internal.json,,0,,,,655.75,,,,,10d7cf74-5dbc-42b2-bc87-679cce7d3f6c.sensing_status.json,1,,,,,,,,,,,,,,,4317570,,70050090,,,2026-07-27 22:45:11.599,15002,,,,122.0,,,,70050090,155.0,2026-07-27 23:57:11.095,2026-07-27 23:57:11.095,,,,,86.0,,,,,655.75,,,,UTC-0300,hriiVjEkYE,,,10d7cf74-5dbc-42b2-bc87-679cce7d3f6c.com.samsung.health.exercise.live_data.json,,,com.sec.android.app.shealth,,,,,2026-07-27 23:57:09.169,10d7cf74-5dbc-42b2-bc87-679cce7d3f6c,,
5cf40686-6f5b-4b02-acf9-ebc31532c544.live_data_internal.json,,0,,,,116.40609,,,,,5cf40686-6f5b-4b02-acf9-ebc31532c544.sensing_status.json,4,,,,,,,,,,,,5cf40686-6f5b-4b02-acf9-ebc31532c544.location_data_internal.json,,,870815,,70050090,,5cf40686-6f5b-4b02-acf9-ebc31532c544.com.samsung.health.exercise.location_data.json,2026-07-27 23:57:33.123,1001,,,,131.0,30001,,,70050090,149.0,2026-07-28 00:12:21.195,2026-07-28 00:12:21.195,,,1.59,178.04012,106.0,,2584,1257.05,,116.0,122.0,,,UTC-0300,hriiVjEkYE,,,5cf40686-6f5b-4b02-acf9-ebc31532c544.com.samsung.health.exercise.live_data.json,,1.4435328,com.sec.android.app.shealth,,,,,2026-07-28 00:12:20.141,5cf40686-6f5b-4b02-acf9-ebc31532c544,,
,,,,,,,1,,,,,4,0,,0,,,,,,,,,,,,886000,,70050090,,,2026-07-29 00:25:14.000,1001,,,,,30001,,,70050090,,2026-07-29 00:50:19.803,2026-07-29 00:50:19.803,,,1.5277778,,,,1448,1107.37,,43.75,,,,UTC-0300,487mnSNu6t,,,9ee2607c-ac85-4581-b495-21411469fa0d.com.samsung.health.exercise.live_data.json,,1.2498533,com.sec.android.app.shealth,,,,,2026-07-29 00:40:00.000,9ee2607c-ac85-4581-b495-21411469fa0d,,
e995740b-085a-4368-aae5-02e832f6ac00.live_data_internal.json,,0,,,,545.4,,,,,e995740b-085a-4368-aae5-02e832f6ac00.sensing_status.json,1,,,,,,,,,,,,,,,4352172,,70050090,,,2026-07-29 22:42:35.396,15002,,,,97.0,,,,70050090,131.0,2026-07-29 23:55:09.285,2026-07-29 23:55:09.285,,,,,73.0,,,,,545.4,,,,UTC-0300,hriiVjEkYE,,,e995740b-085a-4368-aae5-02e832f6ac00.com.samsung.health.exercise.live_data.json,,,com.sec.android.app.shealth,,,,,2026-07-29 23:55:07.568,e995740b-085a-4368-aae5-02e832f6ac00,,
1b2a934e-924c-4700-ad79-00abbdeb0f83.live_data_internal.json,,0,,,,93.0,,,,,1b2a934e-924c-4700-ad79-00abbdeb0f83.sensing_status.json,4,,,,,,,,,,,,1b2a934e-924c-4700-ad79-00abbdeb0f83.location_data_internal.json,,,812223,,70050090,,1b2a934e-924c-4700-ad79-00abbdeb0f83.com.samsung.health.exercise.location_data.json,2026-08-02 06:40:48.160,1001,,,,102.0,30001,,,70050090,116.0,2026-08-02 06:55:35.448,2026-08-02 06:55:35.448,,,1.4444444,94.18595,86.0,,1275,683.44,,93.0,95.0,,,UTC-0300,hriiVjEkYE,,,1b2a934e-924c-4700-ad79-00abbdeb0f83.com.samsung.health.exercise.live_data.json,,0.8414438,com.sec.android.app.shealth,,,,,2026-08-02 06:54:20.383,1b2a934e-924c-4700-ad79-00abbdeb0f83,,
b8d86187-1602-4877-bd33-94c41b0ac305.live_data_internal.json,,0,,,,129.09218,,,,,b8d86187-1602-4877-bd33-94c41b0ac305.sensing_status.json,4,,,,,,,,,,,,b8d86187-1602-4877-bd33-94c41b0ac305.location_data_internal.json,,,925369,,70060030,,b8d86187-1602-4877-bd33-94c41b0ac305.com.samsung.health.exercise.location_data.json,2026-08-04 23:04:24.136,1001,,,,106.0,30001,,,70060030,113.0,2026-08-04 23:20:52.240,2026-08-04 23:20:52.240,,,1.6051666,119.17408,94.0,,1838,1293.75,,128.0,123.0,,,UTC-0300,hriiVjEkYE,,,b8d86187-1602-4877-bd33-94c41b0ac305.com.samsung.health.exercise.live_data.json,,1.3980908,com.sec.android.app.shealth,,,,,2026-08-04 23:20:33.083,b8d86187-1602-4877-bd33-94c41b0ac305,,
1587ebbb-4573-4367-8a9f-b8bb9fc4f245.live_data_internal.json,,0,,,,456.7413,,,,,1587ebbb-4573-4367-8a9f-b8bb9fc4f245.sensing_status.json,1,,,,,,,,,,,,,,,3440966,,70060030,,,2026-08-04 23:21:53.433,15002,,,,106.0,,,,70060030,130.0,2026-08-05 00:19:18.537,2026-08-05 00:19:18.537,,,,,79.0,,,,,456.67,,,,UTC-0300,hriiVjEkYE,,,1587ebbb-4573-4367-8a9f-b8bb9fc4f245.com.samsung.health.exercise.live_data.json,,,com.sec.android.app.shealth,,,,,2026-08-05 00:19:17.244,1587ebbb-4573-4367-8a9f-b8bb9fc4f245,,
77d398c6-3eae-47c1-ab5b-a571dfc8e321.live_data_internal.json,,0,,,,124.67142,,,,,77d398c6-3eae-47c1-ab5b-a571dfc8e321.sensing_status.json,4,,,,,,,,,,,,77d398c6-3eae-47c1-ab5b-a571dfc8e321.location_data_internal.json,,,868239,,70060030,,77d398c6-3eae-47c1-ab5b-a571dfc8e321.com.samsung.health.exercise.location_data.json,2026-08-05 00:19:29.132,1001,,,,125.0,30001,,,70060030,143.0,2026-08-05 00:35:35.563,2026-08-05 00:35:35.563,,,1.6111112,173.52364,100.0,,2511,1259.6,,123.0,121.0,,,UTC-0300,hriiVjEkYE,,,77d398c6-3eae-47c1-ab5b-a571dfc8e321.com.samsung.health.exercise.live_data.json,,1.4507526,com.sec.android.app.shealth,,,,,2026-08-05 00:35:04.061,77d398c6-3eae-47c1-ab5b-a571dfc8e321,,
daa572b3-6928-45f7-9bc4-bac24792c951.live_data_internal.json,,0,,,,167.67255,,,,,daa572b3-6928-45f7-9bc4-bac24792c951.sensing_status.json,4,,,,,,,,,,,,daa572b3-6928-45f7-9bc4-bac24792c951.location_data_internal.json,,,1172527,,70060030,,daa572b3-6928-45f7-9bc4-bac24792c951.com.samsung.health.exercise.location_data.json,2026-08-07 22:09:42.117,1001,,,,100.0,30001,,,70060030,112.0,2026-08-07 22:32:54.552,2026-08-07 22:32:54.552,,,1.6069998,96.458336,54.0,,1885,1382.62,,163.0,121.0,,,UTC-0300,hriiVjEkYE,,,daa572b3-6928-45f7-9bc4-bac24792c951.com.samsung.health.exercise.live_data.json,,1.1791797,com.sec.android.app.shealth,,,,,2026-08-07 22:32:21.080,daa572b3-6928-45f7-9bc4-bac24792c951,,
964e123a-e7a1-436d-8c8a-32a6f12069d4.live_data_internal.json,,0,,,,725.81744,,,,,964e123a-e7a1-436d-8c8a-32a6f12069d4.sensing_status.json,1,,,,,,,,,,,,,,,4581337,,70060030,,,2026-08-07 22:33:03.941,15002,,,,129.0,,,,70060030,166.0,2026-08-07 23:49:31.316,2026-08-07 23:49:31.316,,,,,81.0,,,,,725.7,,,,UTC-0300,hriiVjEkYE,,,964e123a-e7a1-436d-8c8a-32a6f12069d4.com.samsung.health.exercise.live_data.json,,,com.sec.android.app.shealth,,,,,2026-08-07 23:49:29.963,964e123a-e7a1-436d-8c8a-32a6f12069d4,,
d66df5cb-6c3d-4616-a6d3-b02eac21112e.live_data_internal.json,,0,,,,130.27536,,,,,d66df5cb-6c3d-4616-a6d3-b02eac21112e.sensing_status.json,4,,,,,,,,,,,,d66df5cb-6c3d-4616-a6d3-b02eac21112e.location_data_internal.json,,,948273,,70060030,,d66df5cb-6c3d-4616-a6d3-b02eac21112e.com.samsung.health.exercise.location_data.json,2026-08-07 23:49:42.103,1001,,,,135.0,30001,,,70060030,155.0,2026-08-08 00:06:23.245,2026-08-08 00:06:23.245,,,1.6325,119.395996,99.0,,1887,1316.41,,129.0,124.0,,,UTC-0300,hriiVjEkYE,,,d66df5cb-6c3d-4616-a6d3-b02eac21112e.com.samsung.health.exercise.live_data.json,,1.3882184,com.sec.android.app.shealth,,,,,2026-08-08 00:06:21.263,d66df5cb-6c3d-4616-a6d3-b02eac21112e,,
6c43327c-9849-47af-8cfb-ea00428c4052.live_data_internal.json,,0,,,,351.89136,,,,,6c43327c-9849-47af-8cfb-ea00428c4052.sensing_status.json,1,,,,,,,,,,,,,,,2335853,,70060030,,,2026-08-08 14:18:53.366,15002,,,,123.0,,,,70060030,143.0,2026-08-08 14:57:54.411,2026-08-08 14:57:54.411,,,,,90.0,,,,,351.79,,,,UTC-0300,hriiVjEkYE,,,6c43327c-9849-47af-8cfb-ea00428c4052.com.samsung.health.exercise.live_data.json,,,com.sec.android.app.shealth,,,,,2026-08-08 14:57:53.263,6c43327c-9849-47af-8cfb-ea00428c4052,,
7bafd03f-b979-4249-966c-9e4a008e6ecb.live_data_internal.json,,0,,,,516.16,,,,,7bafd03f-b979-4249-966c-9e4a008e6ecb.sensing_status.json,1,,,,,,,,,,,,,,,3903016,,70060030,,,2026-08-10 23:03:39.144,15002,,,,105.0,,,,70060030,133.0,2026-08-11 00:08:43.938,2026-08-11 00:08:43.938,,,,,85.0,,,,,516.16,,,,UTC-0300,hriiVjEkYE,,,7bafd03f-b979-4249-966c-9e4a008e6ecb.com.samsung.health.exercise.live_data.json,,,com.sec.android.app.shealth,,,,,2026-08-11 00:08:42.160,7bafd03f-b979-4249-966c-9e4a008e6ecb,,
ec64e342-3c94-4815-bcbe-5fc4070d95f9.live_data_internal.json,,0,,,,484.81,,,,,ec64e342-3c94-4815-bcbe-5fc4070d95f9.sensing_status.json,1,,,,,,,,,,,,,,,3422171,,70060030,,,2026-08-12 22:19:01.989,15002,,,,113.0,,,,70060030,138.0,2026-08-12 23:16:05.796,2026-08-12 23:16:05.796,,,,,86.0,,,,,484.81,,,,UTC-0300,hriiVjEkYE,,,ec64e342-3c94-4815-bcbe-5fc4070d95f9.com.samsung.health.exercise.live_data.json,,,com.sec.android.app.shealth,,,,,2026-08-12 23:16:04.160,ec64e342-3c94-4815-bcbe-5fc4070d95f9,,
ad1e4d0a-c8af-427b-a102-8596069c04ed.live_data_internal.json,,0,,,,88.621925,,,,,ad1e4d0a-c8af-427b-a102-8596069c04ed.sensing_status.json,4,,,,,,,,,,,,ad1e4d0a-c8af-427b-a102-8596069c04ed.location_data_internal.json,,,678301,,70060030,,ad1e4d0a-c8af-427b-a102-8596069c04ed.com.samsung.health.exercise.location_data.json,2026-08-13 16:36:25.982,1001,,,,101.0,30001,,,70060030,121.0,2026-08-13 16:48:33.283,2026-08-13 16:48:33.283,,,3.9444444,67.04987,87.0,,758,588.61,,88.0,96.0,,,UTC-0300,hriiVjEkYE,,,ad1e4d0a-c8af-427b-a102-8596069c04ed.com.samsung.health.exercise.live_data.json,,0.867771,com.sec.android.app.shealth,,,,,2026-08-13 16:48:09.098,ad1e4d0a-c8af-427b-a102-8596069c04ed,,
2d35792d-1f7f-4d29-ab16-de87b2fe8268.live_data_internal.json,,0,,,,98.328064,,,,,2d35792d-1f7f-4d29-ab16-de87b2fe8268.sensing_status.json,4,,,,,,,,,,,,,,,731355,,70060030,,,2026-08-14 16:34:34.632,1001,,,,102.0,30001,,,70060030,121.0,2026-08-14 16:48:15.308,2026-08-14 16:48:15.308,,,3.8333333,65.303444,82.0,,796,627.35,,98.0,111.0,,,UTC-0300,hriiVjEkYE,,,2d35792d-1f7f-4d29-ab16-de87b2fe8268.com.samsung.health.exercise.live_data.json,,0.85779136,com.sec.android.app.shealth,,,,,2026-08-14 16:46:59.077,2d35792d-1f7f-4d29-ab16-de87b2fe8268,,
35f6217c-9636-4687-8a1e-01f14db2636b.live_data_internal.json,,0,,,,675.11,,,,,35f6217c-9636-4687-8a1e-01f14db2636b.sensing_status.json,1,,,,,,,,,,,,,,,4536311,,70060030,,,2026-08-14 22:11:07.105,15002,,,,122.0,,,,70060030,150.0,2026-08-14 23:26:44.732,2026-08-14 23:26:44.732,,,,,49.0,,,,,675.11,,,,UTC-0300,hriiVjEkYE,,,35f6217c-9636-4687-8a1e-01f14db2636b.com.samsung.health.exercise.live_data.json,,,com.sec.android.app.shealth,,,,,2026-08-14 23:26:43.416,35f6217c-9636-4687-8a1e-01f14db2636b,,
98360fd8-dea3-4d23-87f6-220059699f08.live_data_internal.json,,0,,,,143.94394,,,,,98360fd8-dea3-4d23-87f6-220059699f08.sensing_status.json,4,,,,,,,,,,,,98360fd8-dea3-4d23-87f6-220059699f08.location_data_internal.json,,,1004220,,70060030,,98360fd8-dea3-4d23-87f6-220059699f08.com.samsung.health.exercise.location_data.json,2026-08-18 15:05:15.048,1001,,,,113.0,30001,,,70060030,129.0,2026-08-18 15:23:57.642,2026-08-18 15:23:57.642,,,1.7201666,102.2286,103.0,,1711,1330.69,,141.0,131.0,,,UTC-0300,hriiVjEkYE,,,98360fd8-dea3-4d23-87f6-220059699f08.com.samsung.health.exercise.live_data.json,,1.325098,com.sec.android.app.shealth,,,,,2026-08-18 15:23:56.732,98360fd8-dea3-4d23-87f6-220059699f08,,
c39135ff-c015-438e-98b3-74e884259406.live_data_internal.json,,0,,,,690.3,,,,,c39135ff-c015-438e-98b3-74e884259406.sensing_status.json,1,,,,,,,,,,,,,,,4495811,,70060030,,,2026-08-18 15:23:56.733,15002,,,,126.0,,,,70060030,173.0,2026-08-18 16:38:54.319,2026-08-18 16:38:54.319,,,,,92.0,,,,,690.3,,,,UTC-0300,hriiVjEkYE,,,c39135ff-c015-438e-98b3-74e884259406.com.samsung.health.exercise.live_data.json,,,com.sec.android.app.shealth,,,,,2026-08-18 16:38:52.544,c39135ff-c015-438e-98b3-74e884259406,,
33cab441-0e8e-4bfd-aa24-af9078fc8525.live_data_internal.json,,0,,,,137.33955,,,,,33cab441-0e8e-4bfd-aa24-af9078fc8525.sensing_status.json,4,,,,,,,,,,,,33cab441-0e8e-4bfd-aa24-af9078fc8525.location_data_internal.json,,,938876,,70060030,,33cab441-0e8e-4bfd-aa24-af9078fc8525.com.samsung.health.exercise.location_data.json,2026-08-18 20:56:38.154,1001,,,,103.0,30001,,,70060030,118.0,2026-08-18 21:17:06.406,2026-08-18 21:17:06.406,,,1.5833334,75.72885,77.0,,1185,912.21,,132.0,120.0,,,UTC-0300,hriiVjEkYE,,,33cab441-0e8e-4bfd-aa24-af9078fc8525.com.samsung.health.exercise.live_data.json,,0.971598,com.sec.android.app.shealth,,,,,2026-08-18 21:15:50.080,33cab441-0e8e-4bfd-aa24-af9078fc8525,,
04d0c366-f0d5-40b1-a201-338376ee115f.live_data_internal.json,,0,,,,87.0,,,,,04d0c366-f0d5-40b1-a201-338376ee115f.sensing_status.json,4,,,,,,,,,,,,04d0c366-f0d5-40b1-a201-338376ee115f.location_data_internal.json,,,631920,,70060030,,04d0c366-f0d5-40b1-a201-338376ee115f.com.samsung.health.exercise.location_data.json,2026-08-18 21:17:35.161,1001,,,,105.0,30001,,,70060030,113.0,2026-08-18 21:29:23.240,2026-08-18 21:29:23.240,,,1.5636667,180.78238,101.0,,1904,755.85,,87.0,120.0,,,UTC-0300,hriiVjEkYE,,,04d0c366-f0d5-40b1-a201-338376ee115f.com.samsung.health.exercise.live_data.json,,1.1961166,com.sec.android.app.shealth,,,,,2026-08-18 21:28:07.080,04d0c366-f0d5-40b1-a201-338376ee115f,,
c66c24ae-cfa7-40ed-9f2e-502947608a83.live_data_internal.json,,0,,,,114.63185,,,,,c66c24ae-cfa7-40ed-9f2e-502947608a83.sensing_status.json,4,,,,,,,,,,,,c66c24ae-cfa7-40ed-9f2e-502947608a83.location_data_internal.json,,,719832,,70060030,,c66c24ae-cfa7-40ed-9f2e-502947608a83.com.samsung.health.exercise.location_data.json,2026-08-19 16:33:03.027,1001,,,,107.0,30001,,,70060030,128.0,2026-08-19 16:46:43.374,2026-08-19 16:46:43.374,,,3.4444444,66.34882,94.0,,796,645.01,,114.0,120.0,,,UTC-0300,hriiVjEkYE,,,c66c24ae-cfa7-40ed-9f2e-502947608a83.com.samsung.health.exercise.live_data.json,,0.89605635,com.sec.android.app.shealth,,,,,2026-08-19 16:45:28.070,c66c24ae-cfa7-40ed-9f2e-502947608a83,,
,,,,,,,1,,,,,4,0,,0,,,,,,,,,,,,834000,,70060030,,,2026-08-22 15:01:06.000,1001,,,,,30001,,,70060030,,2026-08-22 15:35:01.524,2026-08-22 15:35:01.524,,,1.5,,,,1199,934.11,,71.67,,,,UTC-0300,487mnSNu6t,,,fde90e9e-0de2-4e03-baf0-2970c72b70d9.com.samsung.health.exercise.live_data.json,,1.1200359,com.sec.android.app.shealth,,,,,2026-08-22 15:15:00.000,fde90e9e-0de2-4e03-baf0-2970c72b70d9,,
852e9dfb-b3d9-4a8b-a11a-f63f007da9f6.live_data_internal.json,,0,,,,487.86,,,,,852e9dfb-b3d9-4a8b-a11a-f63f007da9f6.sensing_status.json,1,,,,,,,,,,,,,,,3320479,,70060030,,,2026-08-26 22:24:57.763,15002,,,,118.0,,,,70060030,147.0,2026-08-26 23:20:19.920,2026-08-26 23:20:19.920,,,,,74.0,,,,,487.86,,,,UTC-0300,hriiVjEkYE,,,852e9dfb-b3d9-4a8b-a11a-f63f007da9f6.com.samsung.health.exercise.live_data.json,,,com.sec.android.app.shealth,,,,,2026-08-26 23:20:18.242,852e9dfb-b3d9-4a8b-a11a-f63f007da9f6,,
,,,,,,,1,,,,,4,0,,0,,,,,,,,,,,,650000,,70060030,,,2026-08-29 21:03:10.000,1001,,,,,30001,,,70060030,,2026-08-29 21:25:33.014,2026-08-29 21:25:33.014,,,1.5,,,,1068,831.6,,63.920002,,,,UTC-0300,487mnSNu6t,,,a36b2fa8-62ba-4dc8-bacd-8b40e0e0b1d1.com.samsung.health.exercise.live_data.json,,1.2793845,com.sec.android.app.shealth,,,,,2026-08-29 21:14:00.000,a36b2fa8-62ba-4dc8-bacd-8b40e0e0b1d1,,
4df0744b-f107-4121-b7ab-f0699e6aab73.live_data_internal.json,,0,,,,682.49,,,,,4df0744b-f107-4121-b7ab-f0699e6aab73.sensing_status.json,1,,,,,,,,,,,,,,,4550812,,70060030,,,2026-09-01 22:28:43.472,15002,,,,117.0,,,,70060030,153.0,2026-09-01 23:44:36.605,2026-09-01 23:44:36.605,,,,,85.0,,,,,682.49,,,,UTC-0300,hriiVjEkYE,,,4df0744b-f107-4121-b7ab-f0699e6aab73.com.samsung.health.exercise.live_data.json,,,com.sec.android.app.shealth,,,,,2026-09-01 23:44:34.284,4df0744b-f107-4121-b7ab-f0699e6aab73,,
3360a694-5078-45f3-bf8f-adb48b44b5f5.live_data_internal.json,,0,,,,123.30726,,,,,3360a694-5078-45f3-bf8f-adb48b44b5f5.sensing_status.json,4,,,,,,,,,,,,3360a694-5078-45f3-bf8f-adb48b44b5f5.location_data_internal.json,,,899946,,70060030,,3360a694-5078-45f3-bf8f-adb48b44b5f5.com.samsung.health.exercise.location_data.json,2026-09-04 15:22:29.119,1001,,,,115.0,30001,,,70060030,126.0,2026-09-04 15:38:21.653,2026-09-04 15:38:21.653,,,1.6458334,184.21106,101.0,,2763,1266.91,,122.0,125.0,,,UTC-0300,hriiVjEkYE,,,3360a694-5078-45f3-bf8f-adb48b44b5f5.com.samsung.health.exercise.live_data.json,,1.4077623,com.sec.android.app.shealth,,,,,2026-09-04 15:38:21.225,3360a694-5078-45f3-bf8f-adb48b44b5f5,,
a802c428-7120-4a28-b2cd-66900bd4c2e2.live_data_internal.json,,0,,,,413.51346,,,,,a802c428-7120-4a28-b2cd-66900bd4c2e2.sensing_status.json,1,,,,,,,,,,,,,,,3014889,,70060030,,,2026-09-04 15:38:21.226,15002,,,,108.0,,,,70060030,147.0,2026-09-04 16:28:46.678,2026-09-04 16:28:46.678,,,,,82.0,,,,,413.4,,,,UTC-0300,hriiVjEkYE,,,a802c428-7120-4a28-b2cd-66900bd4c2e2.com.samsung.health.exercise.live_data.json,,,com.sec.android.app.shealth,,,,,2026-09-04 16:28:40.642,a802c428-7120-4a28-b2cd-66900bd4c2e2,,
1c53f37e-d8d3-4e01-a519-b61d07585124.live_data_internal.json,,0,,,,859.84,,,,,1c53f37e-d8d3-4e01-a519-b61d07585124.sensing_status.json,1,,,,,,,,,,,,,,,5312590,,70060030,,,2026-09-08 21:26:44.330,15002,,,,130.0,,,,70060030,160.0,2026-09-08 22:55:23.131,2026-09-08 22:55:23.131,,,,,88.0,,,,,859.84,,,,UTC-0300,hriiVjEkYE,,,1c53f37e-d8d3-4e01-a519-b61d07585124.com.samsung.health.exercise.live_data.json,,,com.sec.android.app.shealth,,,,,2026-09-08 22:55:16.920,1c53f37e-d8d3-4e01-a519-b61d07585124,,
59202915-af70-4480-808f-1a5df9442102.live_data_internal.json,,0,,,,81.00002,,,,,59202915-af70-4480-808f-1a5df9442102.sensing_status.json,4,,,,,,,,,,,,59202915-af70-4480-808f-1a5df9442102.location_data_internal.json,,,672931,,70060110,,59202915-af70-4480-808f-1a5df9442102.com.samsung.health.exercise.location_data.json,2026-09-13 13:51:56.127,1001,,,,101.0,30001,,,70060110,120.0,2026-09-13 14:04:25.069,2026-09-13 14:04:25.069,,,2.4166667,76.50115,87.0,,858,583.39,,81.0,106.0,,,UTC-0300,hriiVjEkYE,,,59202915-af70-4480-808f-1a5df9442102.com.samsung.health.exercise.live_data.json,,0.86693877,com.sec.android.app.shealth,,,,,2026-09-13 14:03:09.059,59202915-af70-4480-808f-1a5df9442102,,
4eeb2f8d-6008-4511-a472-f379c75a47bd.live_data_internal.json,,0,,,,127.96964,,,,,4eeb2f8d-6008-4511-a472-f379c75a47bd.sensing_status.json,4,,,,,,,,,,,,4eeb2f8d-6008-4511-a472-f379c75a47bd.location_data_internal.json,,,1072951,,70060110,,4eeb2f8d-6008-4511-a472-f379c75a47bd.com.samsung.health.exercise.location_data.json,2026-09-13 14:20:55.104,1001,,,,93.0,30001,,,70060110,102.0,2026-09-13 14:40:42.237,2026-09-13 14:40:42.237,,,1.7777778,74.8776,82.0,,1339,997.65,,127.0,112.0,,,UTC-0300,hriiVjEkYE,,,4eeb2f8d-6008-4511-a472-f379c75a47bd.com.samsung.health.exercise.live_data.json,,0.92981875,com.sec.android.app.shealth,,,,,2026-09-13 14:39:26.744,4eeb2f8d-6008-4511-a472-f379c75a47bd,,
c14a4735-471f-40bc-89ea-a6c3e4d3b51d.live_data_internal.json,,0,,,,1.3410767,,,,,c14a4735-471f-40bc-89ea-a6c3e4d3b51d.sensing_status.json,1,,,,,,,,,,,,,,,10574,,70060110,,,2026-09-15 00:08:30.551,15002,,,,79.0,,,,70060110,81.0,2026-09-15 00:08:47.766,2026-09-15 00:08:47.766,,,,,77.0,,,,,1.21,,,,UTC-0300,hriiVjEkYE,,,c14a4735-471f-40bc-89ea-a6c3e4d3b51d.com.samsung.health.exercise.live_data.json,,,com.sec.android.app.shealth,,,,,2026-09-15 00:08:46.355,c14a4735-471f-40bc-89ea-a6c3e4d3b51d,,
454311f3-e453-48b6-86dd-d4b94bd9cc87.live_data_internal.json,,0,,,,437.78,,,,,454311f3-e453-48b6-86dd-d4b94bd9cc87.sensing_status.json,1,,,,,,,,,,,,,,,3048893,,70060110,,,2026-09-15 23:00:29.236,15002,,,,116.0,,,,70060110,145.0,2026-09-15 23:51:19.760,2026-09-15 23:51:19.760,,,,,92.0,,,,,437.78,,,,UTC-0300,hriiVjEkYE,,,454311f3-e453-48b6-86dd-d4b94bd9cc87.com.samsung.health.exercise.live_data.json,,,com.sec.android.app.shealth,,,,,2026-09-15 23:51:18.129,454311f3-e453-48b6-86dd-d4b94bd9cc87,,
188b5a44-e368-4e9b-b33a-a7e713e7cd1f.live_data_internal.json,,0,,,,491.97,,,,,188b5a44-e368-4e9b-b33a-a7e713e7cd1f.sensing_status.json,1,,,,,,,,,,,,,,,3589692,,70060110,,,2026-09-18 15:23:34.401,15002,,,,108.0,,,,70060110,146.0,2026-09-18 16:23:25.255,2026-09-18 16:23:25.255,,,,,83.0,,,,,491.97,,,,UTC-0300,hriiVjEkYE,,,188b5a44-e368-4e9b-b33a-a7e713e7cd1f.com.samsung.health.exercise.live_data.json,,,com.sec.android.app.shealth,,,,,2026-09-18 16:23:24.093,188b5a44-e368-4e9b-b33a-a7e713e7cd1f,,
