com.samsung.shealth.activity.day_summary,7006011,6
movement_type,create_sh_ver,energy_type,exercise_time,step_count,exercise_calorie_target,active_time,target,others_time,modify_sh_ver,update_time,floors_target,create_time,floor_count,dynamic_active_time_target,exercise_time_target,goal,longest_active_time,score,move_hourly_count,duration_type,move_hourly_target,distance,dynamic_active_time,calorie,extra_data,deviceuuid,run_time,pkg_name,walk_time,longest_idle_time,datauuid,day_time
,,,,781,,519592,90,0,,2023-10-21 02:15:39.360,,2023-10-20 19:21:25.973,,,,-1,35351,8,,,,585.42,,32.91,2530855b-fb39-42df-add0-c758f3568ab3.extra_data.json,487mnSNu6t,2000,com.sec.android.app.shealth,517592,51360000,2530855b-fb39-42df-add0-c758f3568ab3,2023-10-20 00:00:00.000,
,,,,0,,0,90,0,,2023-10-20 19:21:26.012,,2023-10-20 19:21:26.012,,,,-1,0,0,,,,0.0,,0.0,1161167a-f48a-48aa-ab54-81ba2ff25a43.extra_data.json,487mnSNu6t,0,com.sec.android.app.shealth,0,-1,1161167a-f48a-48aa-ab54-81ba2ff25a43,2023-09-23 00:00:00.000,
,,,,0,,0,90,0,,2023-10-20 19:21:26.035,,2023-10-20 19:21:26.035,,,,-1,0,0,,,,0.0,,0.0,e2dba4d5-5803-476d-a3e7-c6b8a7d9a033.extra_data.json,487mnSNu6t,0,com.sec.android.app.shealth,0,-1,e2dba4d5-5803-476d-a3e7-c6b8a7d9a033,2023-09-24 00:00:00.000,
,,,,0,,0,90,0,,2023-10-20 19:21:26.062,,2023-10-20 19:21:26.062,,,,-1,0,0,,,,0.0,,0.0,c5e6be12-efdd-4d7c-a374-9a4a142acb8c.extra_data.json,487mnSNu6t,0,com.sec.android.app.shealth,0,-1,c5e6be12-efdd-4d7c-a374-9a4a142acb8c,2023-09-25 00:00:00.000,
,,,,0,,0,90,0,,2023-10-20 19:21:26.093,,2023-10-20 19:21:26.093,,,,-1,0,0,,,,0.0,,0.0,fe7f5a68-bb10-4c27-a0f4-d8ba28255f92.extra_data.json,487mnSNu6t,0,com.sec.android.app.shealth,0,-1,fe7f5a68-bb10-4c27-a0f4-d8ba28255f92,2023-09-26 00:00:00.000,
,,,,0,,0,90,0,,2023-10-20 19:21:26.125,,2023-10-20 19:21:26.125,,,,-1,0,0,,,,0.0,,0.0,4f95ac06-cbe2-46f1-a5ee-748e8aa9aae5.extra_data.json,487mnSNu6t,0,com.sec.android.app.shealth,0,-1,4f95ac06-cbe2-46f1-a5ee-748e8aa9aae5,2023-09-27 00:00:00.000,
,,,,0,,0,90,0,,2023-10-20 19:21:26.144,,2023-10-20 19:21:26.144,,,,-1,0,0,,,,0.0,,0.0,2448c3b5-e78b-436c-9ea4-e41f7e73c720.extra_data.json,487mnSNu6t,0,com.sec.android.app.shealth,0,-1,2448c3b5-e78b-436c-9ea4-e41f7e73c720,2023-09-28 00:00:00.000,
,,,,0,,0,90,0,,2023-10-20 19:21:26.170,,2023-10-20 19:21:26.170,,,,-1,0,0,,,,0.0,,0.0,663a01d4-6d27-4fd2-a720-7cf4efd69aed.extra_data.json,487mnSNu6t,0,com.sec.android.app.shealth,0,-1,663a01d4-6d27-4fd2-a720-7cf4efd69aed,2023-09-29 00:00:00.000,
,,,,0,,0,90,0,,2023-10-20 19:21:26.186,,2023-10-20 19:21:26.186,,,,-1,0,0,,,,0.0,,0.0,1234cb18-72f0-435b-a24b-b7298e29ecfb.extra_data.json,487mnSNu6t,0,com.sec.android.app.shealth,0,-1,1234cb18-72f0-435b-a24b-b7298e29ecfb,2023-09-30 00:00:00.000,
,,,,0,,0,90,0,,2023-10-20 19:21:26.209,,2023-10-20 19:21:26.209,,,,-1,0,0,,,,0.0,,0.0,b1f179f1-502a-4a85-a1a5-f21c293c0352.extra_data.json,487mnSNu6t,0,com.sec.android.app.shealth,0,-1,b1f179f1-502a-4a85-a1a5-f21c293c0352,2023-10-01 00:00:00.000,
,,,,0,,0,90,0,,2023-10-20 19:21:26.241,,2023-10-20 19:21:26.241,,,,-1,0,0,,,,0.0,,0.0,e6e451ba-f420-4f2d-930a-08ced981e710.extra_data.json,487mnSNu6t,0,com.sec.android.app.shealth,0,-1,e6e451ba-f420-4f2d-930a-08ced981e710,2023-10-02 00:00:00.000,
,,,,0,,0,90,0,,2023-10-20 19:21:26.268,,2023-10-20 19:21:26.268,,,,-1,0,0,,,,0.0,,0.0,7813f2f5-4e17-46c5-86ae-0ae4a6c313a6.extra_data.json,487mnSNu6t,0,com.sec.android.app.shealth,0,-1,7813f2f5-4e17-46c5-86ae-0ae4a6c313a6,2023-10-03 00:00:00.000,
,,,,0,,0,90,0,,2023-10-20 19:21:26.306,,2023-10-20 19:21:26.306,,,,-1,0,0,,,,0.0,,0.0,f8120164-5d07-4587-bac3-aa6655cbc8bd.extra_data.json,487mnSNu6t,0,com.sec.android.app.shealth,0,-1,f8120164-5d07-4587-bac3-aa6655cbc8bd,2023-10-04 00:00:00.000,
,,,,0,,0,90,0,,2023-10-20 19:21:26.324,,2023-10-20 19:21:26.324,,,,-1,0,0,,,,0.0,,0.0,907d80e4-f2ba-4b71-a256-21343c7ebe49.extra_data.json,487mnSNu6t,0,com.sec.android.app.shealth,0,-1,907d80e4-f2ba-4b71-a256-21343c7ebe49,2023-10-05 00:00:00.000,
,,,,0,,0,90,0,,2023-10-20 19:21:26.340,,2023-10-20 19:21:26.340,,,,-1,0,0,,,,0.0,,0.0,752fc6eb-b793-4a92-8b85-c0ba8069683c.extra_data.json,487mnSNu6t,0,com.sec.android.app.shealth,0,-1,752fc6eb-b793-4a92-8b85-c0ba8069683c,2023-10-06 00:00:00.000,
,,,,0,,0,90,0,,2023-10-20 19:21:26.357,,2023-10-20 19:21:26.357,,,,-1,0,0,,,,0.0,,0.0,dc75c10d-3b3a-4fc4-aaeb-dda5a609e7df.extra_data.json,487mnSNu6t,0,com.sec.android.app.shealth,0,-1,dc75c10d-3b3a-4fc4-aaeb-dda5a609e7df,2023-10-07 00:00:00.000,
,,,,0,,0,90,0,,2023-10-20 19:21:26.382,,2023-10-20 19:21:26.382,,,,-1,0,0,,,,0.0,,0.0,14b546fe-8170-4ec5-8426-4997a8fddc0b.extra_data.json,487mnSNu6t,0,com.sec.android.app.shealth,0,-1,14b546fe-8170-4ec5-8426-4997a8fddc0b,2023-10-08 00:00:00.000,
,,,,0,,0,90,0,,2023-10-20 19:21:26.404,,2023-10-20 19:21:26.404,,,,-1,0,0,,,,0.0,,0.0,a823446d-035a-4783-bcbb-74e8c45f8f26.extra_data.json,487mnSNu6t,0,com.sec.android.app.shealth,0,-1,a823446d-035a-4783-bcbb-74e8c45f8f26,2023-10-09 00:00:00.000,
,,,,0,,0,90,0,,2023-10-20 19:21:26.427,,2023-10-20 19:21:26.427,,,,-1,0,0,,,,0.0,,0.0,057f47cc-03cb-4dbf-a9a3-17b79f19b0fd.extra_data.json,487mnSNu6t,0,com.sec.android.app.shealth,0,-1,057f47cc-03cb-4dbf-a9a3-17b79f19b0fd,2023-10-10 00:00:00.000,
,,,,0,,0,90,0,,2023-10-20 19:21:26.443,,2023-10-20 19:21:26.443,,,,-1,0,0,,,,0.0,,0.0,6b498e07-0d25-4dd4-87ac-46cafc87602f.extra_data.json,487mnSNu6t,0,com.sec.android.app.shealth,0,-1,6b498e07-0d25-4dd4-87ac-46cafc87602f,2023-10-11 00:00:00.000,
,,,,0,,0,90,0,,2023-10-20 19:21:26.458,,2023-10-20 19:21:26.458,,,,-1,0,0,,,,0.0,,0.0,7b65ae58-8b69-4aec-b289-b0a0beec1650.extra_data.json,487mnSNu6t,0,com.sec.android.app.shealth,0,-1,7b65ae58-8b69-4aec-b289-b0a0beec1650,2023-10-12 00:00:00.000,
,,,,0,,0,90,0,,2023-10-20 19:21:26.477,,2023-10-20 19:21:26.477,,,,-1,0,0,,,,0.0,,0.0,762bcffb-5dd9-4fdf-a047-65afcbca1edc.extra_data.json,487mnSNu6t,0,com.sec.android.app.shealth,0,-1,762bcffb-5dd9-4fdf-a047-65afcbca1edc,2023-10-13 00:00:00.000,
,,,,0,,0,90,0,,2023-10-20 19:21:26.493,,2023-10-20 19:21:26.493,,,,-1,0,0,,,,0.0,,0.0,7b110325-b521-4d6a-9a0b-1fe95593d4de.extra_data.json,487mnSNu6t,0,com.sec.android.app.shealth,0,-1,7b110325-b521-4d6a-9a0b-1fe95593d4de,2023-10-14 00:00:00.000,
,,,,0,,0,90,0,,2023-10-20 19:21:26.518,,2023-10-20 19:21:26.518,,,,-1,0,0,,,,0.0,,0.0,222273b3-eb37-4df5-8bda-099ff0d84951.extra_data.json,487mnSNu6t,0,com.sec.android.app.shealth,0,-1,222273b3-eb37-4df5-8bda-099ff0d84951,2023-10-15 00:00:00.000,
,,,,0,,0,90,0,,2023-10-20 19:21:26.543,,2023-10-20 19:21:26.543,,,,-1,0,0,,,,0.0,,0.0,70cefb72-c075-430b-8782-d7669cd437d9.extra_data.json,487mnSNu6t,0,com.sec.android.app.shealth,0,-1,70cefb72-c075-430b-8782-d7669cd437d9,2023-10-16 00:00:00.000,
,,,,0,,0,90,0,,2023-10-20 19:21:26.558,,2023-10-20 19:21:26.558,,,,-1,0,0,,,,0.0,,0.0,dad6146d-39ed-4a39-9184-0b971fd20000.extra_data.json,487mnSNu6t,0,com.sec.android.app.shealth,0,-1,dad6146d-39ed-4a39-9184-0b971fd20000,2023-10-17 00:00:00.000,
,,,,0,,0,90,0,,2023-10-20 19:21:26.581,,2023-10-20 19:21:26.581,,,,-1,0,0,,,,0.0,,0.0,945a444d-24d7-4808-8909-ea48668518a0.extra_data.json,487mnSNu6t,0,com.sec.android.app.shealth,0,-1,945a444d-24d7-4808-8909-ea48668518a0,2023-10-18 00:00:00.000,
,,,,0,,0,90,0,,2023-10-20 19:21:26.596,,2023-10-20 19:21:26.596,,,,-1,0,0,,,,0.0,,0.0,6626a98d-263f-44d3-b0de-e0f7be70b3cf.extra_data.json,487mnSNu6t,0,com.sec.android.app.shealth,0,-1,6626a98d-263f-44d3-b0de-e0f7be70b3cf,2023-10-19 00:00:00.000,
,,,,6324,,3443370,90,0,,2023-10-22 02:56:51.024,,2023-10-21 03:00:01.555,,,,-1,1538549,62,,,,4643.4653,,331.96777,9c7172c4-4804-4d96-8bbe-b374e694fa30.extra_data.json,487mnSNu6t,59600,com.sec.android.app.shealth,3383770,21900000,9c7172c4-4804-4d96-8bbe-b374e694fa30,2023-10-21 00:00:00.000,
,,,,2465,,1635077,90,0,,2023-10-23 11:01:17.072,,2023-10-22 03:20:46.827,,,,-1,42688,30,,,,1915.1697,,121.33001,45dfdd79-e2ea-460b-af84-5949d4a3c48f.extra_data.json,487mnSNu6t,13600,com.sec.android.app.shealth,1621477,33420000,45dfdd79-e2ea-460b-af84-5949d4a3c48f,2023-10-22 00:00:00.000,
,,,,1633,,1074793,90,0,,2023-10-24 00:33:16.037,,2023-10-23 03:06:47.003,,,,-1,35746,18,,,,1261.1398,,87.60001,5af6a2fa-fe34-4086-b390-2730d361c967.extra_data.json,487mnSNu6t,21600,com.sec.android.app.shealth,1053193,24240000,5af6a2fa-fe34-4086-b390-2730d361c967,2023-10-23 00:00:00.000,
,,,,6690,,4153026,90,0,,2023-10-25 11:18:11.674,,2023-10-24 03:00:01.225,,,,-1,849089,75,,,,5297.2764,,429.5041,b7acffbf-6558-4ddf-a4c7-004c0c614bd4.extra_data.json,487mnSNu6t,43200,com.sec.android.app.shealth,4109826,22560000,b7acffbf-6558-4ddf-a4c7-004c0c614bd4,2023-10-24 00:00:00.000,
,,,,1329,,881904,90,0,,2023-10-26 09:36:23.009,,2023-10-25 03:00:01.459,,,,-1,37352,15,,,,1038.8698,,67.93001,5ae942b4-45c2-4848-829f-a7e21de156a2.extra_data.json,487mnSNu6t,6800,com.sec.android.app.shealth,875104,17520000,5ae942b4-45c2-4848-829f-a7e21de156a2,2023-10-25 00:00:00.000,
,,,,5942,,3755102,90,0,,2023-10-27 01:04:20.026,,2023-10-26 03:20:42.592,,,,-1,1051257,68,,,,4710.052,,373.0485,5751a865-6b87-46d0-b552-93c0b51e7691.extra_data.json,487mnSNu6t,9200,com.sec.android.app.shealth,3745902,22500000,5751a865-6b87-46d0-b552-93c0b51e7691,2023-10-26 00:00:00.000,
,,,,1554,,1008750,90,0,,2023-10-28 03:23:20.529,,2023-10-27 03:00:00.398,,,,-1,46690,17,,,,1218.7201,,84.86999,fa0045bd-ea96-4e5c-87f3-d65aae336f83.extra_data.json,487mnSNu6t,41600,com.sec.android.app.shealth,967150,34140000,fa0045bd-ea96-4e5c-87f3-d65aae336f83,2023-10-27 00:00:00.000,
,,,,5360,,3382416,90,0,,2023-10-29 03:01:15.786,,2023-10-28 03:00:01.162,,,,-1,1018464,61,,,,4189.7617,,269.98102,a7ca2f0c-b1e0-4198-814d-0aa20e6d12c1.extra_data.json,487mnSNu6t,23200,com.sec.android.app.shealth,3359216,33540000,a7ca2f0c-b1e0-4198-814d-0aa20e6d12c1,2023-10-28 00:00:00.000,
,,,,1971,,1295700,90,0,,2023-10-30 10:01:00.879,,2023-10-29 03:00:00.391,,,,-1,52693,23,,,,1548.4899,,99.49,4ec92e34-be07-482d-aea9-9035b7690b26.extra_data.json,487mnSNu6t,28400,com.sec.android.app.shealth,1267300,24420000,4ec92e34-be07-482d-aea9-9035b7690b26,2023-10-29 00:00:00.000,
,,,,6235,,3791919,90,0,,2023-10-31 11:54:09.971,,2023-10-30 03:00:14.607,,,,-1,656927,70,,,,4941.0225,,344.1821,e6f4d300-08df-45f7-ba7d-5248c0fdbde4.extra_data.json,487mnSNu6t,68400,com.sec.android.app.shealth,3723519,21180000,e6f4d300-08df-45f7-ba7d-5248c0fdbde4,2023-10-30 00:00:00.000,
,,,,1367,,892298,90,0,,2023-11-01 09:38:10.878,,2023-10-31 03:00:01.639,,,,-1,33748,15,,,,1063.1001,,71.45001,10ff9738-f872-4b9a-aa90-7832ef342134.extra_data.json,487mnSNu6t,29200,com.sec.android.app.shealth,863098,33000000,10ff9738-f872-4b9a-aa90-7832ef342134,2023-10-31 00:00:00.000,
,,,,6528,,3792664,90,0,,2023-11-02 03:03:36.845,,2023-11-01 03:00:06.100,,,,-1,840000,68,,,,5094.663,,271.19943,0adbf7f3-1469-4a3b-a0ec-0c78f9dec01c.extra_data.json,487mnSNu6t,13600,com.sec.android.app.shealth,3779064,23640000,0adbf7f3-1469-4a3b-a0ec-0c78f9dec01c,2023-11-01 00:00:00.000,
,,,,6054,,3071764,90,0,,2023-11-03 03:02:23.888,,2023-11-02 03:00:01.990,,,,-1,1433099,55,,,,4198.921,,300.6701,c5475ff5-c821-4cda-9aa9-31a90104c296.extra_data.json,487mnSNu6t,92400,com.sec.android.app.shealth,2979364,31380000,c5475ff5-c821-4cda-9aa9-31a90104c296,2023-11-02 00:00:00.000,
,,,,5508,,3632938,90,0,,2023-11-04 04:34:05.765,,2023-11-03 03:00:02.288,,,,-1,806864,66,,,,4158.125,,313.70062,4327bd12-bd39-4bab-b13a-d5117471d6a7.extra_data.json,487mnSNu6t,6400,com.sec.android.app.shealth,3626538,35040000,4327bd12-bd39-4bab-b13a-d5117471d6a7,2023-11-03 00:00:00.000,
,,,,3819,,2462634,90,0,,2023-11-05 03:08:50.602,,2023-11-04 03:00:01.739,,,,-1,60000,44,,,,2978.6409,,204.45023,34618325-8d35-49ed-b47f-4474437fc95b.extra_data.json,487mnSNu6t,126800,com.sec.android.app.shealth,2335834,40800000,34618325-8d35-49ed-b47f-4474437fc95b,2023-11-04 00:00:00.000,
,,,,825,,550275,90,0,,2023-11-06 09:50:05.377,,2023-11-05 03:00:01.484,,,,-1,52026,10,,,,619.18005,,40.68,cf89639c-dd43-40e9-a87b-1a62a6ab77d6.extra_data.json,487mnSNu6t,0,com.sec.android.app.shealth,550275,44820000,cf89639c-dd43-40e9-a87b-1a62a6ab77d6,2023-11-05 00:00:00.000,
,,,,6426,,3785464,90,0,,2023-11-07 06:35:26.893,,2023-11-06 03:00:01.453,,,,-1,1010215,68,,,,4992.165,,357.3891,e4ef9cc8-2532-4f42-b9b3-f00cebfa2c31.extra_data.json,487mnSNu6t,56400,com.sec.android.app.shealth,3729064,21240000,e4ef9cc8-2532-4f42-b9b3-f00cebfa2c31,2023-11-06 00:00:00.000,
,,,,6055,,3757492,90,0,,2023-11-08 02:17:43.458,,2023-11-07 03:00:01.550,,,,-1,360000,68,,,,4669.0527,,318.45007,2527ac67-58ca-4d9d-afa1-e895fb36a234.extra_data.json,487mnSNu6t,82693,com.sec.android.app.shealth,3674799,21120000,2527ac67-58ca-4d9d-afa1-e895fb36a234,2023-11-07 00:00:00.000,
,,,,5865,,3527463,90,0,,2023-11-09 03:01:47.455,,2023-11-08 03:00:00.242,,,,-1,828259,64,,,,4558.479,,323.9402,1269ea73-5550-442c-aa60-8a0c6b9e57d5.extra_data.json,487mnSNu6t,35200,com.sec.android.app.shealth,3492263,22740000,1269ea73-5550-442c-aa60-8a0c6b9e57d5,2023-11-08 00:00:00.000,
,,,,2282,,1646965,90,0,,2023-11-10 02:35:35.390,,2023-11-09 03:00:00.522,,,,-1,737087,30,,,,1755.9014,,150.9466,e54e7239-6476-4375-aaa2-edb9edba0d3a.extra_data.json,487mnSNu6t,4400,com.sec.android.app.shealth,1642565,31440000,e54e7239-6476-4375-aaa2-edb9edba0d3a,2023-11-09 00:00:00.000,
,,,,5667,,3550881,90,0,,2023-11-11 18:21:00.981,,2023-11-10 03:00:00.890,,,,-1,1123150,64,,,,4371.076,,318.65198,08244958-71dd-4263-98ee-f13d074c6ffb.extra_data.json,487mnSNu6t,12000,com.sec.android.app.shealth,3538881,22380000,08244958-71dd-4263-98ee-f13d074c6ffb,2023-11-10 00:00:00.000,
,,,,2794,,1818475,90,0,,2023-11-12 04:58:44.488,,2023-11-11 03:00:01.910,,,,-1,44022,33,,,,2161.63,,145.88998,331ac82d-a6c6-46e9-9551-2a4a9cf421f6.extra_data.json,487mnSNu6t,67600,com.sec.android.app.shealth,1750875,38880000,331ac82d-a6c6-46e9-9551-2a4a9cf421f6,2023-11-11 00:00:00.000,
,,,,5070,,3413791,90,0,,2023-11-13 01:54:49.080,,2023-11-12 03:00:00.584,,,,-1,803895,62,,,,3777.2593,,311.53687,6daf299c-0b67-4094-b6eb-46cd9ff974d9.extra_data.json,487mnSNu6t,32800,com.sec.android.app.shealth,3380991,32640000,6daf299c-0b67-4094-b6eb-46cd9ff974d9,2023-11-12 00:00:00.000,
,,,,2499,,1652949,90,0,,2023-11-14 03:37:21.886,,2023-11-13 03:00:00.468,,,,-1,60000,30,,,,1907.3397,,125.890015,645c871b-c8c6-4f4a-abe3-64362d860983.extra_data.json,487mnSNu6t,20800,com.sec.android.app.shealth,1632149,19200000,645c871b-c8c6-4f4a-abe3-64362d860983,2023-11-13 00:00:00.000,
,,,,1457,,968081,90,0,,2023-11-15 08:11:10.267,,2023-11-14 03:00:01.592,,,,-1,48024,17,,,,1106.0898,,72.119995,4cfd52e4-ea90-487c-ae5b-eb3eed2f03ea.extra_data.json,487mnSNu6t,5600,com.sec.android.app.shealth,962481,26580000,4cfd52e4-ea90-487c-ae5b-eb3eed2f03ea,2023-11-14 00:00:00.000,
,,,,643,,370813,90,0,,2023-11-16 02:07:04.893,,2023-11-15 03:00:01.731,,,,-1,41609,5,,,,473.48093,,54.396008,60167eda-0bab-4871-bc3f-56aa7d1903ca.extra_data.json,487mnSNu6t,55600,com.sec.android.app.shealth,315213,35460000,60167eda-0bab-4871-bc3f-56aa7d1903ca,2023-11-15 00:00:00.000,
,,,,1665,,1110021,90,0,,2023-11-17 03:33:54.576,,2023-11-16 03:00:00.489,,,,-1,48024,20,,,,1269.7402,,82.35,f0b7684f-223d-4b9e-9d84-51fc1c1dd8d5.extra_data.json,487mnSNu6t,800,com.sec.android.app.shealth,1109221,25800000,f0b7684f-223d-4b9e-9d84-51fc1c1dd8d5,2023-11-16 00:00:00.000,
,,,,1412,,911099,90,0,,2023-11-18 20:42:12.627,,2023-11-17 03:00:00.425,,,,-1,36670,15,,,,1101.3899,,79.07998,3f6b38fe-7bdd-43af-a96b-a524cecdd800.extra_data.json,487mnSNu6t,46000,com.sec.android.app.shealth,865099,29220000,3f6b38fe-7bdd-43af-a96b-a524cecdd800,2023-11-17 00:00:00.000,
,,,,1456,,927091,90,0,,2023-11-19 16:19:06.607,,2023-11-18 03:00:02.406,,,,-1,60000,16,,,,1141.4397,,82.24001,468850e0-6f80-4ce8-91c4-6026febc53a7.extra_data.json,487mnSNu6t,62410,com.sec.android.app.shealth,864681,33540000,468850e0-6f80-4ce8-91c4-6026febc53a7,2023-11-18 00:00:00.000,
,,,,1385,,836059,90,0,,2023-11-20 09:59:34.855,,2023-11-19 03:00:01.420,,,,-1,60000,14,,,,1138.51,,94.88001,f6c8dba2-d6d0-48f3-af4b-369cdd06eb87.extra_data.json,487mnSNu6t,124400,com.sec.android.app.shealth,711659,43620000,f6c8dba2-d6d0-48f3-af4b-369cdd06eb87,2023-11-19 00:00:00.000,
,,,,6135,,3629147,90,0,,2023-11-21 09:27:00.708,,2023-11-20 03:00:00.423,,,,-1,901181,65,,,,4804.976,,394.85483,e86ea6c4-f688-4df5-8dd8-d276b55f2d8f.extra_data.json,487mnSNu6t,57200,com.sec.android.app.shealth,3571947,22740000,e86ea6c4-f688-4df5-8dd8-d276b55f2d8f,2023-11-20 00:00:00.000,
,,,,3048,,1855767,90,0,,2023-11-22 11:38:55.973,,2023-11-21 03:00:00.375,,,,-1,540000,33,,,,2363.4204,,161.58005,35a63c31-b34b-4328-88d7-2ca05a5a9811.extra_data.json,487mnSNu6t,1200,com.sec.android.app.shealth,1854567,22980000,35a63c31-b34b-4328-88d7-2ca05a5a9811,2023-11-21 00:00:00.000,
,,,,2191,,1392909,90,0,,2023-11-23 11:41:48.811,,2023-11-22 03:00:02.670,,,,-1,60000,24,,,,1699.7999,,134.5201,c04e9463-c0b3-4e5a-8ef9-4dc8c5b7af37.extra_data.json,487mnSNu6t,96722,com.sec.android.app.shealth,1296187,19980000,c04e9463-c0b3-4e5a-8ef9-4dc8c5b7af37,2023-11-22 00:00:00.000,
,,,,1829,,1184165,90,0,,2023-11-24 09:47:56.032,,2023-11-23 03:00:00.552,,,,-1,46690,20,,,,1408.5098,,110.27999,12488453-2915-44bd-90cf-dbc4c9af5d64.extra_data.json,487mnSNu6t,53600,com.sec.android.app.shealth,1130565,28620000,12488453-2915-44bd-90cf-dbc4c9af5d64,2023-11-23 00:00:00.000,
,,,,4325,,2662620,90,0,,2023-11-25 02:20:11.364,,2023-11-24 03:00:00.897,,,,-1,480000,47,,,,3360.5115,,238.1301,d745acc9-f9f5-4cad-a321-4b98ceb507e1.extra_data.json,487mnSNu6t,48400,com.sec.android.app.shealth,2614220,23820000,d745acc9-f9f5-4cad-a321-4b98ceb507e1,2023-11-24 00:00:00.000,
,,,,3574,,2268073,90,0,,2023-11-26 13:20:40.098,,2023-11-25 03:00:01.093,,,,-1,240000,41,,,,2787.0894,,207.92001,cc3ffbf2-9e54-40f8-abbb-17a2f64fb1a1.extra_data.json,487mnSNu6t,101200,com.sec.android.app.shealth,2166873,30240000,cc3ffbf2-9e54-40f8-abbb-17a2f64fb1a1,2023-11-25 00:00:00.000,
,,,,1955,,1301048,90,0,,2023-11-27 10:20:41.702,,2023-11-26 03:00:01.285,,,,-1,38686,23,,,,1481.51,,107.32004,b4586653-bc69-408f-a42c-16f5335da517.extra_data.json,487mnSNu6t,4400,com.sec.android.app.shealth,1296648,23700000,b4586653-bc69-408f-a42c-16f5335da517,2023-11-26 00:00:00.000,
,,,,2037,,1333047,90,0,,2023-11-28 10:02:15.301,,2023-11-27 03:00:00.648,,,,-1,60000,23,,,,1566.1198,,117.850044,dee08548-7248-4c64-8f2a-ed851b851ce4.extra_data.json,487mnSNu6t,38400,com.sec.android.app.shealth,1294647,22680000,dee08548-7248-4c64-8f2a-ed851b851ce4,2023-11-27 00:00:00.000,
,,,,6947,,4327855,90,0,,2023-11-29 12:18:08.777,,2023-11-28 03:00:00.328,,,,-1,1038854,78,,,,5395.661,,497.95987,3417bd45-0505-4c1c-bf34-a3adc8471c9d.extra_data.json,487mnSNu6t,76400,com.sec.android.app.shealth,4251455,16440000,3417bd45-0505-4c1c-bf34-a3adc8471c9d,2023-11-28 00:00:00.000,
,,,,2005,,1328495,90,0,,2023-11-30 09:55:57.602,,2023-11-29 03:00:00.610,,,,-1,60000,23,,,,1520.0698,,110.23001,b01b230b-5b4c-4d04-bdb0-0319723fb38d.extra_data.json,487mnSNu6t,11200,com.sec.android.app.shealth,1317295,26340000,b01b230b-5b4c-4d04-bdb0-0319723fb38d,2023-11-29 00:00:00.000,
0,,0,1313360,5863,300,3776137,90,0,62600630,2023-12-27 21:18:49.170,10,2023-11-30 03:00:02.011,14.0,30,30,-1,675167,68,13,0,8,4449.751,692000,373.80777,87c0d13b-276d-4bf3-a75f-8d8f9063c673.extra_data.json,487mnSNu6t,32000,com.sec.android.app.shealth,3744137,23940000,87c0d13b-276d-4bf3-a75f-8d8f9063c673,2023-11-30 00:00:00.000,
0,,0,0,2100,300,1327929,90,0,62600630,2023-12-27 21:18:49.029,10,2023-12-01 03:00:05.955,0.0,30,30,-1,60000,23,14,0,8,1665.5803,0,134.53003,4241103b-a7ba-4213-8112-ec97aeee1332.extra_data.json,487mnSNu6t,105539,com.sec.android.app.shealth,1222390,29280000,4241103b-a7ba-4213-8112-ec97aeee1332,2023-12-01 00:00:00.000,
0,,0,0,4273,300,2753016,90,0,62600630,2023-12-27 21:18:48.894,10,2023-12-02 03:00:01.538,0.0,30,30,-1,300000,48,11,0,8,3241.6504,0,231.16002,8add2c31-8a7b-4952-bef2-fadf1262f167.extra_data.json,487mnSNu6t,53600,com.sec.android.app.shealth,2699416,37680000,8add2c31-8a7b-4952-bef2-fadf1262f167,2023-12-02 00:00:00.000,
0,,0,0,1737,300,1145786,90,0,62600630,2023-12-27 21:18:48.775,10,2023-12-03 03:00:00.520,0.0,30,30,-1,120000,21,10,0,8,1311.07,0,89.46001,0bc28929-e337-49ee-aa4b-5f7098995a0d.extra_data.json,487mnSNu6t,0,com.sec.android.app.shealth,1145786,42960000,0bc28929-e337-49ee-aa4b-5f7098995a0d,2023-12-03 00:00:00.000,
0,,0,0,3349,300,2062935,90,0,62600630,2023-12-27 21:18:48.669,10,2023-12-04 03:00:00.316,2.0,30,30,-1,120000,36,15,0,8,2645.6091,0,205.75008,8e396631-75ff-4406-876f-0195c347b34d.extra_data.json,487mnSNu6t,158800,com.sec.android.app.shealth,1904135,32640000,8e396631-75ff-4406-876f-0195c347b34d,2023-12-04 00:00:00.000,
0,,0,0,3769,300,2403259,90,0,62600630,2023-12-27 21:18:48.528,10,2023-12-05 03:00:01.304,0.0,30,30,-1,180000,43,14,0,8,2901.4697,0,214.05,7c4182d6-bc07-4e07-b279-e95020045a8a.extra_data.json,487mnSNu6t,57600,com.sec.android.app.shealth,2345659,25920000,7c4182d6-bc07-4e07-b279-e95020045a8a,2023-12-05 00:00:00.000,
0,,0,2355638,7157,300,4420515,90,0,62600630,2023-12-27 21:18:48.385,10,2023-12-06 03:00:00.795,17.0,30,30,-1,962487,81,16,0,8,5504.709,933000,504.93002,4d00d29d-8857-4e28-9947-333e684c7391.extra_data.json,487mnSNu6t,73200,com.sec.android.app.shealth,4347315,23700000,4d00d29d-8857-4e28-9947-333e684c7391,2023-12-06 00:00:00.000,
0,,0,658523,4135,300,2626918,90,0,62600630,2023-12-27 21:18:48.202,10,2023-12-07 03:00:00.917,5.0,30,30,-1,658523,47,12,0,8,3184.9414,382000,252.76453,4a570a25-adc1-4505-bf95-7de47d59d81e.extra_data.json,487mnSNu6t,36800,com.sec.android.app.shealth,2590118,24540000,4a570a25-adc1-4505-bf95-7de47d59d81e,2023-12-07 00:00:00.000,
0,,0,1643767,7789,300,4746176,90,0,62600630,2023-12-27 21:18:48.081,10,2023-12-08 03:00:00.677,34.0,30,30,-1,955250,86,15,0,8,6023.806,186000,512.50977,6ff9b484-35d1-45fd-ba22-fa3b3052a42e.extra_data.json,487mnSNu6t,141706,com.sec.android.app.shealth,4604470,12360000,6ff9b484-35d1-45fd-ba22-fa3b3052a42e,2023-12-08 00:00:00.000,
0,,0,0,5567,300,3638731,90,0,62600630,2023-12-27 21:18:47.898,10,2023-12-09 03:00:01.533,0.0,30,30,-1,120000,66,13,0,8,4257.6904,0,302.31018,388e3b3c-1ae7-4af3-8c1f-47ee8e2d94c9.extra_data.json,487mnSNu6t,68400,com.sec.android.app.shealth,3570331,38460000,388e3b3c-1ae7-4af3-8c1f-47ee8e2d94c9,2023-12-09 00:00:00.000,
0,,0,0,2737,300,1725721,90,0,62600630,2023-12-27 21:18:47.742,10,2023-12-10 03:48:59.947,0.0,30,30,-1,120000,31,13,0,8,2142.7202,0,174.12003,24175cef-7d98-467e-a3d6-e0aa7605f353.extra_data.json,487mnSNu6t,149600,com.sec.android.app.shealth,1576121,37140000,24175cef-7d98-467e-a3d6-e0aa7605f353,2023-12-10 00:00:00.000,
0,,0,0,2297,300,1405286,90,0,62600630,2023-12-27 21:18:47.621,10,2023-12-11 03:00:00.801,1.0,30,30,-1,60000,24,12,0,8,1825.06,0,151.87004,062d918c-cffb-42de-bfd0-feb17616d385.extra_data.json,487mnSNu6t,160463,com.sec.android.app.shealth,1244823,32700000,062d918c-cffb-42de-bfd0-feb17616d385,2023-12-11 00:00:00.000,
0,,0,710306,6294,300,4077160,90,0,62600630,2023-12-27 21:18:47.503,10,2023-12-12 03:00:01.539,20.0,30,30,-1,710306,74,12,0,8,4832.092,198000,382.55005,c8236dda-2fea-4206-9138-bf6998d0f162.extra_data.json,487mnSNu6t,73600,com.sec.android.app.shealth,4003560,12120000,c8236dda-2fea-4206-9138-bf6998d0f162,2023-12-12 00:00:00.000,
0,,0,1593978,6224,300,3838587,90,0,62600630,2023-12-27 21:18:47.364,10,2023-12-13 03:00:01.040,11.0,30,30,-1,909370,70,16,0,8,4849.2017,812000,427.05133,040cf3d6-d9e8-4b38-83bd-496fbc526466.extra_data.json,487mnSNu6t,104141,com.sec.android.app.shealth,3734446,23880000,040cf3d6-d9e8-4b38-83bd-496fbc526466,2023-12-13 00:00:00.000,
0,,0,0,2772,300,1836588,90,0,62600630,2023-12-27 21:18:47.218,10,2023-12-14 03:00:01.865,6.0,30,30,-1,60000,33,16,0,8,2117.9607,0,148.56004,58e39ba9-48d5-44d4-8b76-736e5b19a7a2.extra_data.json,487mnSNu6t,6400,com.sec.android.app.shealth,1830188,21900000,58e39ba9-48d5-44d4-8b76-736e5b19a7a2,2023-12-14 00:00:00.000,
0,,0,0,3068,300,1990254,90,0,62600630,2023-12-27 21:18:47.030,10,2023-12-15 03:00:01.070,2.0,30,30,-1,60000,36,12,0,8,2356.92,0,175.14005,b9e7ffb3-de8f-4448-aeef-936b014cf6b8.extra_data.json,487mnSNu6t,68332,com.sec.android.app.shealth,1921922,21480000,b9e7ffb3-de8f-4448-aeef-936b014cf6b8,2023-12-15 00:00:00.000,
0,,0,0,2355,300,1536183,90,0,62600630,2023-12-27 21:18:46.910,10,2023-12-16 03:09:59.571,0.0,30,30,-1,60000,26,13,0,8,1834.5602,0,133.37006,f382c3ee-29c8-4755-aa07-e2860bfd6660.extra_data.json,487mnSNu6t,42800,com.sec.android.app.shealth,1493383,28020000,f382c3ee-29c8-4755-aa07-e2860bfd6660,2023-12-16 00:00:00.000,
0,,0,0,3419,300,2193431,90,0,62600630,2023-12-27 21:18:46.790,10,2023-12-17 03:00:00.371,0.0,30,30,-1,60000,40,12,0,8,2660.5898,0,204.19008,730a2f72-c4f9-46ec-882f-addfe9ecd220.extra_data.json,487mnSNu6t,130400,com.sec.android.app.shealth,2063031,46320000,730a2f72-c4f9-46ec-882f-addfe9ecd220,2023-12-17 00:00:00.000,
0,,0,660000,6895,300,4360317,90,0,62600630,2023-12-27 21:18:46.640,10,2023-12-18 03:00:01.068,0.0,30,30,-1,660000,80,11,0,8,5296.8296,0,364.22995,d6706297-393c-4f07-a71f-ab7839106c5f.extra_data.json,487mnSNu6t,31600,com.sec.android.app.shealth,4328717,29580000,d6706297-393c-4f07-a71f-ab7839106c5f,2023-12-18 00:00:00.000,
0,,0,0,2179,300,1425091,90,0,62600630,2023-12-27 21:18:46.461,10,2023-12-19 03:00:02.262,2.0,30,30,-1,50025,25,15,0,8,1678.1395,0,124.67001,8e962b09-92fb-4f7f-92b7-d70c3e5beb44.extra_data.json,487mnSNu6t,42400,com.sec.android.app.shealth,1382691,29340000,8e962b09-92fb-4f7f-92b7-d70c3e5beb44,2023-12-19 00:00:00.000,
0,,0,1721272,7679,300,4761052,90,0,62600630,2023-12-27 21:18:46.320,10,2023-12-20 03:00:02.274,32.0,30,30,-1,1056030,86,18,0,8,5961.5674,474000,501.67487,b52442a4-c759-424f-9e4e-92fcb9a1d1cc.extra_data.json,487mnSNu6t,109281,com.sec.android.app.shealth,4651771,15960000,b52442a4-c759-424f-9e4e-92fcb9a1d1cc,2023-12-20 00:00:00.000,
0,,0,993183,6837,300,4203729,90,0,62600630,2023-12-27 21:18:46.167,10,2023-12-21 03:00:00.511,30.0,30,30,-1,999588,76,14,0,8,5293.205,428000,425.29105,4c83ffcd-53d5-458b-b2e5-b39711618a3b.extra_data.json,487mnSNu6t,127600,com.sec.android.app.shealth,4076129,13740000,4c83ffcd-53d5-458b-b2e5-b39711618a3b,2023-12-21 00:00:00.000,
0,,0,723325,5560,300,3795293,90,0,62600630,2023-12-27 21:18:46.014,10,2023-12-22 03:00:00.755,1.0,30,30,-1,723325,70,14,0,8,4223.885,0,339.06036,4b1dd3c8-aeeb-4e5f-be20-fc73736257c8.extra_data.json,487mnSNu6t,14400,com.sec.android.app.shealth,3780893,20460000,4b1dd3c8-aeeb-4e5f-be20-fc73736257c8,2023-12-22 00:00:00.000,
0,,0,0,2931,300,1878291,90,0,62600630,2023-12-27 21:18:45.852,10,2023-12-23 03:00:00.480,1.0,30,30,-1,240000,33,17,0,8,2300.1494,0,174.39001,2e198a85-cb1f-44b1-bf2f-df1294a4a79e.extra_data.json,487mnSNu6t,85528,com.sec.android.app.shealth,1792763,16860000,2e198a85-cb1f-44b1-bf2f-df1294a4a79e,2023-12-23 00:00:00.000,
0,,0,0,3720,300,2465569,90,0,62600630,2023-12-27 21:18:45.744,10,2023-12-24 03:00:01.359,11.0,30,30,-1,60000,44,15,0,8,2808.46,0,196.47,ac321986-9017-473d-809b-d4a1d5e5396c.extra_data.json,487mnSNu6t,6400,com.sec.android.app.shealth,2459169,34200000,ac321986-9017-473d-809b-d4a1d5e5396c,2023-12-24 00:00:00.000,
0,,0,732256,4697,300,3003632,90,0,62600630,2023-12-27 21:18:45.602,10,2023-12-25 03:00:01.775,0.0,30,30,-1,739554,54,13,0,8,3618.354,0,295.62714,7fe88b95-e432-4171-be21-3c5cf3a60453.extra_data.json,487mnSNu6t,88934,com.sec.android.app.shealth,2914698,25560000,7fe88b95-e432-4171-be21-3c5cf3a60453,2023-12-25 00:00:00.000,
0,,0,0,2384,300,1462495,90,0,62600630,2023-12-27 21:18:45.434,10,2023-12-26 03:00:01.882,0.0,30,30,-1,60000,26,11,0,8,1915.5796,0,157.15999,747e5cbd-90f2-44d0-a362-3a641e9acb9f.extra_data.json,487mnSNu6t,185407,com.sec.android.app.shealth,1277088,26460000,747e5cbd-90f2-44d0-a362-3a641e9acb9f,2023-12-26 00:00:00.000,
0,,0,1008568,4861,300,3034794,90,0,62600630,2023-12-28 13:22:27.377,10,2023-12-27 03:00:00.893,1.0,30,30,-1,1008568,54,14,0,8,3751.7078,0,357.3477,83d6f4f3-e198-4c4c-9943-e351b24aaa09.extra_data.json,487mnSNu6t,94800,com.sec.android.app.shealth,2939994,30660000,83d6f4f3-e198-4c4c-9943-e351b24aaa09,2023-12-27 00:00:00.000,
0,62600630,0,0,2405,300,1520564,90,0,62600630,2023-12-29 02:41:28.110,10,2023-12-28 03:00:01.385,1.0,30,30,-1,60000,27,15,0,8,1911.8495,0,143.38995,ec746924-865b-476e-ad1d-0e7a3aaa54aa.extra_data.json,487mnSNu6t,125200,com.sec.android.app.shealth,1395364,29220000,ec746924-865b-476e-ad1d-0e7a3aaa54aa,2023-12-28 00:00:00.000,
0,62600630,0,0,2721,300,1795231,90,0,62600630,2023-12-30 04:44:51.934,10,2023-12-29 03:00:01.228,0.0,30,30,-1,120000,32,12,0,8,2051.0906,0,147.04001,d2c0610a-e40f-4815-914f-e3c86e126b4b.extra_data.json,487mnSNu6t,12400,com.sec.android.app.shealth,1782831,29880000,d2c0610a-e40f-4815-914f-e3c86e126b4b,2023-12-29 00:00:00.000,
0,62600630,0,656059,6888,300,4454732,90,0,62600630,2024-01-01 00:55:17.227,10,2023-12-30 03:00:00.653,2.0,30,30,-1,798464,81,16,0,8,5259.8486,265000,395.47836,827c9799-632b-4938-8448-1f6e56de5508.extra_data.json,487mnSNu6t,23200,com.sec.android.app.shealth,4431532,26040000,827c9799-632b-4938-8448-1f6e56de5508,2023-12-30 00:00:00.000,
0,62600630,0,0,5937,300,3787812,90,0,62600630,2024-01-01 03:54:46.420,10,2023-12-31 03:00:00.647,0.0,30,30,-1,300000,70,10,0,8,4502.4795,0,306.09998,967f418a-c26b-4c7b-8fb3-e31b5c044322.extra_data.json,487mnSNu6t,2400,com.sec.android.app.shealth,3785412,43140000,967f418a-c26b-4c7b-8fb3-e31b5c044322,2023-12-31 00:00:00.000,
0,62600630,0,0,3945,300,2555993,90,0,62600630,2024-01-02 11:35:23.045,10,2024-01-01 03:00:01.511,1.0,30,30,-1,60000,45,17,0,8,3052.9016,0,229.69005,347496b9-1b2f-4756-9a97-9974efc7304b.extra_data.json,487mnSNu6t,108800,com.sec.android.app.shealth,2447193,24000000,347496b9-1b2f-4756-9a97-9974efc7304b,2024-01-01 00:00:00.000,
0,62600630,0,0,3766,300,2460658,90,0,62600630,2024-01-03 01:52:15.880,10,2024-01-02 03:00:01.647,1.0,30,30,-1,60000,44,12,0,8,2936.661,0,218.05003,8c5100d4-9951-4df8-bc90-63563a0ac800.extra_data.json,487mnSNu6t,76800,com.sec.android.app.shealth,2383858,29160000,8c5100d4-9951-4df8-bc90-63563a0ac800,2024-01-02 00:00:00.000,
0,62600630,0,0,1932,300,1246191,90,0,62600630,2024-01-04 03:06:39.538,10,2024-01-03 03:00:01.803,1.0,30,30,-1,49477,22,15,0,8,1517.7498,0,114.99001,e84f64e9-1b13-4a56-b7e0-96d4302bb639.extra_data.json,487mnSNu6t,63600,com.sec.android.app.shealth,1182591,20820000,e84f64e9-1b13-4a56-b7e0-96d4302bb639,2024-01-03 00:00:00.000,
0,62600630,0,1921629,7932,300,5038566,90,0,62600630,2024-01-05 05:57:32.046,10,2024-01-04 03:00:00.862,1.0,30,30,-1,1261786,92,15,0,8,6120.81,1038000,508.41046,125a801b-83ae-40c7-875f-0249cd1bfb25.extra_data.json,487mnSNu6t,22400,com.sec.android.app.shealth,5016166,24180000,125a801b-83ae-40c7-875f-0249cd1bfb25,2024-01-04 00:00:00.000,
0,62600630,0,1208898,5772,300,3611431,90,0,62600630,2024-01-06 11:10:06.543,10,2024-01-05 03:00:01.386,0.0,30,30,-1,1208898,65,15,0,8,4467.7173,562000,354.5707,36d44c1f-3b53-46c1-b69d-d8f8f7d6c2f3.extra_data.json,487mnSNu6t,28400,com.sec.android.app.shealth,3583031,28140000,36d44c1f-3b53-46c1-b69d-d8f8f7d6c2f3,2024-01-05 00:00:00.000,
0,62600630,0,4635165,15737,300,9727435,90,0,62600630,2024-01-07 15:39:10.685,10,2024-01-06 03:00:00.579,2.0,30,30,-1,1869975,180,16,0,8,12103.681,2547000,1007.4889,a8791699-9494-4055-a7b6-6ac992109d01.extra_data.json,487mnSNu6t,67200,com.sec.android.app.shealth,9660235,28980000,a8791699-9494-4055-a7b6-6ac992109d01,2024-01-06 00:00:00.000,
0,62600630,0,0,1406,300,935399,90,0,62600630,2024-01-08 09:49:49.886,10,2024-01-07 03:00:01.736,1.0,30,30,-1,46023,16,6,0,8,1062.6499,0,77.42999,98fc70da-746e-4a0f-a128-78848e2630f7.extra_data.json,487mnSNu6t,3600,com.sec.android.app.shealth,931799,38220000,98fc70da-746e-4a0f-a128-78848e2630f7,2024-01-07 00:00:00.000,
0,62600630,0,3255533,9318,300,5624430,90,0,62600630,2024-01-09 07:54:32.598,10,2024-01-08 03:00:00.782,16.0,30,30,-1,1017872,102,14,0,8,7285.4126,2177000,652.18036,d4cccb67-09cd-42e1-aea0-8b2823bebe1b.extra_data.json,487mnSNu6t,107200,com.sec.android.app.shealth,5517230,14160000,d4cccb67-09cd-42e1-aea0-8b2823bebe1b,2024-01-08 00:00:00.000,
0,62600630,0,0,5556,300,3440880,90,0,62600630,2024-01-10 09:43:27.009,10,2024-01-09 03:00:01.050,10.0,30,30,-1,540000,63,17,0,8,4288.9004,0,299.57007,1fb218d0-2208-4bf1-98b6-83b69eecf51f.extra_data.json,487mnSNu6t,66400,com.sec.android.app.shealth,3374480,22800000,1fb218d0-2208-4bf1-98b6-83b69eecf51f,2024-01-09 00:00:00.000,
0,62600630,0,2987613,10006,300,6280864,90,0,62600630,2024-01-11 11:35:32.525,10,2024-01-10 03:00:00.785,7.0,30,30,-1,900000,115,17,0,8,7764.6494,342000,598.5681,d5d707fe-01d0-45d4-8630-d35cd26185fc.extra_data.json,487mnSNu6t,36800,com.sec.android.app.shealth,6244064,24180000,d5d707fe-01d0-45d4-8630-d35cd26185fc,2024-01-10 00:00:00.000,
0,62600630,0,2126438,9483,300,5514472,90,0,62600630,2024-01-12 09:40:44.092,10,2024-01-11 03:00:00.447,0.0,30,30,-1,1063563,101,14,0,8,7473.5977,897000,596.809,401dc8de-58e4-4875-87db-503274bbc06f.extra_data.json,487mnSNu6t,111600,com.sec.android.app.shealth,5402872,29040000,401dc8de-58e4-4875-87db-503274bbc06f,2024-01-11 00:00:00.000,
0,62600630,0,3058766,10353,300,6244057,90,0,62600630,2024-01-13 12:18:16.393,10,2024-01-12 03:00:01.142,12.0,30,30,-1,902703,114,15,0,8,8029.074,1036000,692.4409,e826c5d7-063e-4664-b8d9-8639e7ebb85a.extra_data.json,487mnSNu6t,70000,com.sec.android.app.shealth,6174057,23400000,e826c5d7-063e-4664-b8d9-8639e7ebb85a,2024-01-12 00:00:00.000,
0,62600630,0,0,2364,300,1574919,90,0,62600630,2024-01-14 15:35:50.050,10,2024-01-13 03:00:01.098,0.0,30,30,-1,45356,28,12,0,8,1778.8701,0,127.49,51bb04f2-42cf-4fdc-84d2-38cb654f191d.extra_data.json,487mnSNu6t,2800,com.sec.android.app.shealth,1572119,32880000,51bb04f2-42cf-4fdc-84d2-38cb654f191d,2024-01-13 00:00:00.000,
0,62600630,0,0,4647,300,2970659,90,0,62600630,2024-01-15 11:29:18.048,10,2024-01-14 03:00:00.485,1.0,30,30,-1,300000,54,13,0,8,3559.9692,0,256.35004,4149a6fa-7e95-46e5-a4c2-3fbe0d93e017.extra_data.json,487mnSNu6t,71600,com.sec.android.app.shealth,2899059,36300000,4149a6fa-7e95-46e5-a4c2-3fbe0d93e017,2024-01-14 00:00:00.000,
0,62600630,0,0,1081,300,702337,90,0,62600630,2024-01-16 09:35:44.358,10,2024-01-15 03:00:01.739,0.0,30,30,-1,46023,12,10,0,8,838.48,0,63.16998,8fe927d5-c013-45f8-9a91-8a8eb5285bb2.extra_data.json,487mnSNu6t,28000,com.sec.android.app.shealth,674337,29340000,8fe927d5-c013-45f8-9a91-8a8eb5285bb2,2024-01-15 00:00:00.000,
0,62600630,0,1577732,6732,300,4153200,90,0,62600630,2024-01-17 09:40:01.422,10,2024-01-16 03:00:00.724,17.0,30,30,-1,949407,75,14,0,8,5187.456,874000,427.16122,fa35d2dc-fab2-47a0-82c1-4e7edf65c0ea.extra_data.json,487mnSNu6t,56636,com.sec.android.app.shealth,4096564,24720000,fa35d2dc-fab2-47a0-82c1-4e7edf65c0ea,2024-01-16 00:00:00.000,
0,62600630,0,1619632,7462,300,4501930,90,0,62600630,2024-01-18 11:33:04.286,10,2024-01-17 03:00:00.963,14.0,30,30,-1,959657,82,15,0,8,5777.8,0,398.24002,38d28bc1-d909-4db5-a383-70f97482c6bd.extra_data.json,487mnSNu6t,78800,com.sec.android.app.shealth,4423130,23340000,38d28bc1-d909-4db5-a383-70f97482c6bd,2024-01-17 00:00:00.000,
0,62600630,0,0,3723,300,2461881,90,0,62600630,2024-01-19 09:34:22.348,10,2024-01-18 03:00:01.023,1.0,30,30,-1,48691,44,16,0,8,2858.4294,0,207.39001,feb930af-3c1d-4dd6-9faf-97cc666e7a9a.extra_data.json,487mnSNu6t,32000,com.sec.android.app.shealth,2429881,28860000,feb930af-3c1d-4dd6-9faf-97cc666e7a9a,2024-01-18 00:00:00.000,
0,62600630,0,793537,6098,300,3935052,90,0,62600630,2024-01-20 10:28:04.678,10,2024-01-19 03:00:00.573,13.0,30,30,-1,809386,72,16,0,8,4624.8223,326000,360.51202,8948abbd-8edd-4561-b49d-6669002a807f.extra_data.json,487mnSNu6t,20400,com.sec.android.app.shealth,3914652,24240000,8948abbd-8edd-4561-b49d-6669002a807f,2024-01-19 00:00:00.000,
0,62600630,0,1836031,6824,300,4268808,90,0,62610110,2024-01-21 12:33:24.610,10,2024-01-20 03:00:01.517,11.0,30,30,-1,1854314,77,14,0,8,4992.7095,0,430.00687,a0952c3a-3ea8-40d4-a11d-4686199dd6fc.extra_data.json,487mnSNu6t,93200,com.sec.android.app.shealth,4175608,24180000,a0952c3a-3ea8-40d4-a11d-4686199dd6fc,2024-01-20 00:00:00.000,
0,62610110,0,0,784,300,478873,90,0,62610110,2024-01-22 03:25:47.046,10,2024-01-21 03:00:01.710,4.0,30,30,-1,60000,7,7,0,8,622.63,0,48.98,d289ebae-5946-4e4e-805e-04e9b6c8813d.extra_data.json,487mnSNu6t,66000,com.sec.android.app.shealth,412873,34080000,d289ebae-5946-4e4e-805e-04e9b6c8813d,2024-01-21 00:00:00.000,
0,62610110,0,0,2265,300,1360154,90,0,62610110,2024-01-23 03:15:38.865,10,2024-01-22 03:00:00.391,6.0,30,30,-1,120000,24,13,0,8,1848.5399,0,147.06998,6f21fe66-0e04-4789-98d3-8ad6592c1d67.extra_data.json,487mnSNu6t,209971,com.sec.android.app.shealth,1150183,33900000,6f21fe66-0e04-4789-98d3-8ad6592c1d67,2024-01-22 00:00:00.000,
0,62610110,0,2251706,6338,300,4045626,90,0,62610110,2024-01-24 14:25:36.712,10,2024-01-23 03:00:01.674,7.0,30,30,-1,1335739,74,12,0,8,5022.654,0,472.20502,d7c3065f-4872-423c-aec7-f0fb3ba59d56.extra_data.json,487mnSNu6t,260051,com.sec.android.app.shealth,3785575,23820000,d7c3065f-4872-423c-aec7-f0fb3ba59d56,2024-01-23 00:00:00.000,
0,62610110,0,1908000,7959,300,4906321,90,0,62610110,2024-01-25 04:54:01.717,10,2024-01-24 03:00:16.549,4.0,30,30,-1,1920000,90,12,0,8,6101.4785,0,418.46582,97ad4919-455a-4cff-8b37-86e168aad87d.extra_data.json,487mnSNu6t,43600,com.sec.android.app.shealth,4862721,33780000,97ad4919-455a-4cff-8b37-86e168aad87d,2024-01-24 00:00:00.000,
0,62610110,0,1322065,5416,300,3438580,90,0,62610110,2024-01-26 13:37:30.816,10,2024-01-25 03:00:02.075,4.0,30,30,-1,680174,63,10,0,8,4313.0054,0,393.8611,eb725837-dbb1-448a-8fe0-e544df73197d.extra_data.json,487mnSNu6t,245665,com.sec.android.app.shealth,3192915,32100000,eb725837-dbb1-448a-8fe0-e544df73197d,2024-01-25 00:00:00.000,
0,62610110,0,0,1788,300,1105818,90,0,62610110,2024-01-27 01:39:25.204,10,2024-01-26 03:00:01.025,8.0,30,30,-1,60000,18,6,0,8,1419.9302,0,120.259995,65203b91-58d0-4788-8591-3aa6169d842b.extra_data.json,487mnSNu6t,115594,com.sec.android.app.shealth,990224,31260000,65203b91-58d0-4788-8591-3aa6169d842b,2024-01-26 00:00:00.000,
0,62610110,0,0,1479,300,964065,90,0,62610110,2024-01-28 15:34:05.602,10,2024-01-27 03:00:01.322,0.0,30,30,-1,38686,16,14,0,8,1133.0801,0,85.64995,79143d28-1dca-468a-820b-bd880b994f41.extra_data.json,487mnSNu6t,33600,com.sec.android.app.shealth,930465,35160000,79143d28-1dca-468a-820b-bd880b994f41,2024-01-27 00:00:00.000,
0,62610110,0,730881,5540,300,3700674,90,0,62610110,2024-01-29 02:36:39.885,10,2024-01-28 03:44:18.223,1.0,30,30,-1,735991,67,13,0,8,4310.7686,70000,372.4053,d23a3c27-efb7-4dbc-9a6e-16ec89df4cf7.extra_data.json,487mnSNu6t,208000,com.sec.android.app.shealth,3492674,36960000,d23a3c27-efb7-4dbc-9a6e-16ec89df4cf7,2024-01-28 00:00:00.000,
0,62610110,0,1664851,6389,300,3979610,90,0,62610110,2024-01-30 09:44:50.569,10,2024-01-29 03:00:01.004,20.0,30,30,-1,968726,72,17,0,8,4939.9434,367000,417.27618,d3d33597-5cd9-4cca-b7c1-3f7e2a185f70.extra_data.json,487mnSNu6t,95461,com.sec.android.app.shealth,3884149,17340000,d3d33597-5cd9-4cca-b7c1-3f7e2a185f70,2024-01-29 00:00:00.000,
0,62610110,0,1613025,6758,300,4022001,90,0,62610110,2024-01-31 09:54:30.074,10,2024-01-30 03:00:00.577,10.0,30,30,-1,960000,73,15,0,8,5282.915,159000,402.39978,ab274d6a-2aea-4ce9-b3aa-7e894b02dc41.extra_data.json,487mnSNu6t,112032,com.sec.android.app.shealth,3909969,23880000,ab274d6a-2aea-4ce9-b3aa-7e894b02dc41,2024-01-30 00:00:00.000,
0,62610110,0,689613,5239,300,3373588,90,0,62610110,2024-02-01 03:44:42.340,10,2024-01-31 03:00:00.625,8.0,30,30,-1,689613,62,14,0,8,4017.457,204000,315.84326,06d4a7b2-abb2-4e7b-8f40-f5d69b91ec4d.extra_data.json,487mnSNu6t,4800,com.sec.android.app.shealth,3368788,23820000,06d4a7b2-abb2-4e7b-8f40-f5d69b91ec4d,2024-01-31 00:00:00.000,
0,62610110,0,4087070,4083,300,5199838,90,3163820,62610110,2024-02-02 11:59:24.465,10,2024-02-01 03:00:54.912,1.0,30,30,-1,3163820,94,12,0,8,2754.317,1201000,689.3806,85de39a7-3e77-4dd3-9131-c6bd0e0db7d0.extra_data.json,487mnSNu6t,129600,com.sec.android.app.shealth,1906418,25800000,85de39a7-3e77-4dd3-9131-c6bd0e0db7d0,2024-02-01 00:00:00.000,
0,62610110,0,3563388,8962,300,5656195,90,0,62620030,2024-02-03 15:33:17.172,10,2024-02-02 03:00:02.285,1.0,30,30,-1,1099233,103,16,0,8,7041.3926,1687000,656.06384,26025463-52e6-4141-aa7a-5b1b740e3934.extra_data.json,487mnSNu6t,110400,com.sec.android.app.shealth,5545795,26160000,26025463-52e6-4141-aa7a-5b1b740e3934,2024-02-02 00:00:00.000,
0,62610110,0,0,1028,300,634412,90,0,62620030,2024-02-04 02:57:20.166,10,2024-02-03 03:11:04.124,0.0,30,30,-1,60000,11,9,0,8,812.67993,0,63.78,d354dd86-8731-4293-a1ee-7e98c593847d.extra_data.json,487mnSNu6t,76800,com.sec.android.app.shealth,557612,29160000,d354dd86-8731-4293-a1ee-7e98c593847d,2024-02-03 00:00:00.000,
0,62620030,0,0,2008,300,1247340,90,0,62620030,2024-02-05 15:16:08.333,10,2024-02-04 03:00:00.208,0.0,30,30,-1,60000,22,11,0,8,1618.2212,0,135.73003,21d3c8de-07cf-48bf-b8b1-d754190cbf3a.extra_data.json,487mnSNu6t,134906,com.sec.android.app.shealth,1112434,32460000,21d3c8de-07cf-48bf-b8b1-d754190cbf3a,2024-02-04 00:00:00.000,
0,62620030,0,4182043,11116,300,6440639,90,0,62620030,2024-02-06 03:28:25.257,10,2024-02-05 03:00:01.811,3.0,30,30,-1,1550899,117,14,0,8,8759.786,2288000,734.9528,579069bd-fd88-43ed-a760-a600149f2bd6.extra_data.json,487mnSNu6t,114400,com.sec.android.app.shealth,6326239,30660000,579069bd-fd88-43ed-a760-a600149f2bd6,2024-02-05 00:00:00.000,
0,62620030,0,1498172,6724,300,4144772,90,0,62620030,2024-02-07 09:50:30.523,10,2024-02-06 03:00:00.417,16.0,30,30,-1,774511,75,14,0,8,5204.288,735000,422.92548,f19104b7-44d2-4dd7-b229-267d30d83c20.extra_data.json,487mnSNu6t,8800,com.sec.android.app.shealth,4135972,23280000,f19104b7-44d2-4dd7-b229-267d30d83c20,2024-02-06 00:00:00.000,
0,62620030,0,2540856,9623,300,5777947,90,0,62620030,2024-02-08 09:00:56.115,10,2024-02-07 03:00:01.690,25.0,30,30,-1,1089375,105,15,0,8,7451.62,1359000,614.2853,4e70b432-a2cc-4a7f-b92b-6519e0d91aa3.extra_data.json,487mnSNu6t,21600,com.sec.android.app.shealth,5756347,21600000,4e70b432-a2cc-4a7f-b92b-6519e0d91aa3,2024-02-07 00:00:00.000,
0,62620030,0,777684,6818,300,4088817,90,0,62620030,2024-02-09 11:55:59.831,10,2024-02-08 03:00:00.798,1.0,30,30,-1,1009958,74,17,0,8,5337.039,533000,403.28214,e8de02f7-cda5-49c4-97e0-241cc5706d83.extra_data.json,487mnSNu6t,93375,com.sec.android.app.shealth,3995442,29640000,e8de02f7-cda5-49c4-97e0-241cc5706d83,2024-02-08 00:00:00.000,
0,62620030,0,0,3177,300,2090194,90,0,62620030,2024-02-11 22:15:25.072,10,2024-02-09 03:00:00.487,0.0,30,30,-1,60000,37,16,0,8,2440.76,0,178.65001,2a33190a-0634-4850-8db9-d162347ead2a.extra_data.json,487mnSNu6t,41200,com.sec.android.app.shealth,2048994,30660000,2a33190a-0634-4850-8db9-d162347ead2a,2024-02-09 00:00:00.000,
0,62620030,0,0,2014,300,1327907,90,0,62620030,2024-02-11 22:15:24.992,10,2024-02-10 03:00:00.547,0.0,30,30,-1,120000,24,6,0,8,1521.36,0,103.360016,0a9eaae2-21d2-4535-bd22-68347cc8321f.extra_data.json,487mnSNu6t,0,com.sec.android.app.shealth,1327907,29220000,0a9eaae2-21d2-4535-bd22-68347cc8321f,2024-02-10 00:00:00.000,
0,62620030,0,0,3423,300,2213913,90,0,62620030,2024-02-12 14:10:14.247,10,2024-02-11 04:25:13.658,13.0,30,30,-1,360000,40,11,0,8,2600.1106,0,190.82,ecd91f0b-9f2d-48da-9faa-babf1edb26b2.extra_data.json,487mnSNu6t,40400,com.sec.android.app.shealth,2173513,30300000,ecd91f0b-9f2d-48da-9faa-babf1edb26b2,2024-02-11 00:00:00.000,
0,62620030,0,0,1056,300,652554,90,0,62620030,2024-02-13 05:15:37.006,10,2024-02-12 03:00:00.883,0.0,30,30,-1,52677,11,10,0,8,847.3301,0,70.26002,ee8ce537-5e84-41b9-b7c6-2fc4b82dd794.extra_data.json,487mnSNu6t,77600,com.sec.android.app.shealth,574954,37080000,ee8ce537-5e84-41b9-b7c6-2fc4b82dd794,2024-02-12 00:00:00.000,
0,62620030,0,4693044,6221,300,5559698,90,2353574,62620030,2024-02-14 03:00:03.269,10,2024-02-13 03:00:01.985,0.0,30,30,-1,3645952,102,10,0,8,4524.27,3533000,738.3464,6fbe0601-90f0-4399-bb5f-bdf8f679c71f.extra_data.json,487mnSNu6t,1600,com.sec.android.app.shealth,3204524,32400000,6fbe0601-90f0-4399-bb5f-bdf8f679c71f,2024-02-13 00:00:00.000,
0,62620030,0,0,2157,300,1428278,90,0,62620030,2024-02-15 09:51:36.889,10,2024-02-14 03:00:02.316,0.0,30,30,-1,60000,25,14,0,8,1645.2197,0,117.480034,91132cfd-3fe6-49c5-9495-8350ad4abef1.extra_data.json,487mnSNu6t,11600,com.sec.android.app.shealth,1416678,29580000,91132cfd-3fe6-49c5-9495-8350ad4abef1,2024-02-14 00:00:00.000,
0,62620030,0,694792,8196,300,4972126,90,0,62620030,2024-02-16 04:42:57.124,10,2024-02-15 03:00:00.655,10.0,30,30,-1,694792,91,14,0,8,6303.682,211000,464.32034,bf271864-4c3a-47af-a818-1cc974522404.extra_data.json,487mnSNu6t,18000,com.sec.android.app.shealth,4954126,24420000,bf271864-4c3a-47af-a818-1cc974522404,2024-02-15 00:00:00.000,
0,62620030,0,1680098,7200,300,4404444,90,0,62620030,2024-02-17 10:30:27.996,10,2024-02-16 03:00:01.163,14.0,30,30,-1,966452,81,16,0,8,5572.371,512000,463.51846,69c64da6-e386-48dd-86bf-90bfcea48b93.extra_data.json,487mnSNu6t,62779,com.sec.android.app.shealth,4341665,16140000,69c64da6-e386-48dd-86bf-90bfcea48b93,2024-02-16 00:00:00.000,
0,62620030,0,4163715,2379,300,5407905,90,4163715,62620030,2024-02-18 05:56:43.088,10,2024-02-17 03:00:01.250,0.0,30,30,-1,4163715,98,10,0,8,1417.0496,332000,649.02,cb7f5419-8be1-4677-b2b0-3d91deb31282.extra_data.json,487mnSNu6t,3600,com.sec.android.app.shealth,1240590,34440000,cb7f5419-8be1-4677-b2b0-3d91deb31282,2024-02-17 00:00:00.000,
0,62620030,0,0,3593,300,2337629,90,0,62620030,2024-02-19 09:43:38.798,10,2024-02-18 03:24:03.424,0.0,30,30,-1,60000,42,10,0,8,2764.2498,0,206.11002,f794e266-16aa-4e2f-8782-04aca5ad0eeb.extra_data.json,487mnSNu6t,85200,com.sec.android.app.shealth,2252429,34500000,f794e266-16aa-4e2f-8782-04aca5ad0eeb,2024-02-18 00:00:00.000,
0,62620030,0,0,3198,300,1981429,90,0,62620030,2024-02-20 11:15:04.574,10,2024-02-19 03:00:47.015,6.0,30,30,-1,360000,35,10,0,8,2437.1304,0,169.0,9673d732-372a-451d-a5bb-d33bcc98eabe.extra_data.json,487mnSNu6t,2800,com.sec.android.app.shealth,1978629,20580000,9673d732-372a-451d-a5bb-d33bcc98eabe,2024-02-19 00:00:00.000,
0,62620030,0,5894084,10201,300,9286579,90,4998746,62620030,2024-02-21 12:52:12.367,10,2024-02-20 03:00:01.686,9.0,30,30,-1,4998746,171,15,0,8,5526.8613,1660000,1133.5339,7dc95e42-ae30-4b58-be8c-9923f98a0b4e.extra_data.json,487mnSNu6t,19600,com.sec.android.app.shealth,4268233,23640000,7dc95e42-ae30-4b58-be8c-9923f98a0b4e,2024-02-20 00:00:00.000,
0,62620030,0,0,2419,300,1596489,90,0,62620030,2024-02-22 11:23:52.056,10,2024-02-21 03:54:48.849,0.0,30,30,-1,60000,28,14,0,8,1858.6803,0,133.96005,5ef7fff7-a472-437b-8a2b-7ebdf25b593d.extra_data.json,487mnSNu6t,24400,com.sec.android.app.shealth,1572089,29160000,5ef7fff7-a472-437b-8a2b-7ebdf25b593d,2024-02-21 00:00:00.000,
0,62620030,0,5522905,5991,300,6844681,90,3532831,62620030,2024-02-23 03:00:02.512,10,2024-02-22 03:00:02.179,0.0,30,30,-1,3532831,125,13,0,8,4306.1187,952000,866.91766,9834a32f-b451-4db4-97f8-1230f7391e92.extra_data.json,487mnSNu6t,12800,com.sec.android.app.shealth,3299050,32460000,9834a32f-b451-4db4-97f8-1230f7391e92,2024-02-22 00:00:00.000,
0,62620030,0,5929208,9432,300,8254202,90,3283901,62620030,2024-02-24 05:12:00.321,10,2024-02-23 03:00:01.386,11.0,30,30,-1,4218499,151,14,0,8,6444.9883,4697000,1100.9971,a9650f0a-a72c-4681-8230-6bce9b074cee.extra_data.json,487mnSNu6t,65600,com.sec.android.app.shealth,4904701,13380000,a9650f0a-a72c-4681-8230-6bce9b074cee,2024-02-23 00:00:00.000,
0,62620030,0,0,2762,300,1841690,90,0,62620030,2024-02-25 02:09:16.657,10,2024-02-24 03:00:00.571,2.0,30,30,-1,60000,33,15,0,8,2093.3196,0,149.09,564994c7-5eea-4174-8da3-bf1172b4f329.extra_data.json,487mnSNu6t,800,com.sec.android.app.shealth,1840890,30420000,564994c7-5eea-4174-8da3-bf1172b4f329,2024-02-24 00:00:00.000,
0,62620030,0,0,1693,300,1064617,90,0,62620030,2024-02-26 09:55:02.565,10,2024-02-25 03:44:39.771,0.0,30,30,-1,60000,18,10,0,8,1345.55,0,109.729965,c11613af-19cd-4cf4-a3a8-7f996a639b40.extra_data.json,487mnSNu6t,96800,com.sec.android.app.shealth,967817,31020000,c11613af-19cd-4cf4-a3a8-7f996a639b40,2024-02-25 00:00:00.000,
0,62620030,0,615998,4071,300,2618017,90,0,62620030,2024-02-27 09:53:02.041,10,2024-02-26 03:00:01.811,5.0,30,30,-1,655270,47,14,0,8,3139.6343,182000,267.96927,e5a027b6-a7ee-481e-8fb0-ba8a6b9f65c2.extra_data.json,487mnSNu6t,88066,com.sec.android.app.shealth,2529951,23220000,e5a027b6-a7ee-481e-8fb0-ba8a6b9f65c2,2024-02-26 00:00:00.000,
0,62620030,0,42921,4652,300,2976692,90,26745,62620030,2024-02-28 11:34:38.992,10,2024-02-27 03:00:00.988,8.0,30,30,-1,360000,54,16,0,8,3536.501,0,212.21106,ce468e84-ad02-4e9d-bd91-b0a46d4f83a0.extra_data.json,487mnSNu6t,64000,com.sec.android.app.shealth,2885947,24180000,ce468e84-ad02-4e9d-bd91-b0a46d4f83a0,2024-02-27 00:00:00.000,
0,62620030,0,0,2160,300,1356615,90,0,62620030,2024-02-29 11:25:32.413,10,2024-02-28 03:00:00.332,0.0,30,30,-1,60000,24,13,0,8,1700.4202,0,118.10999,4903126a-88a7-4bb8-b3cb-cc3e49640119.extra_data.json,487mnSNu6t,126000,com.sec.android.app.shealth,1230615,33600000,4903126a-88a7-4bb8-b3cb-cc3e49640119,2024-02-28 00:00:00.000,
0,62620030,0,5215957,5480,300,6334317,90,3300465,62620030,2024-03-01 09:00:46.976,10,2024-02-29 03:00:02.005,0.0,30,30,-1,3300465,116,15,0,8,3917.3843,2057000,865.9367,efcc4819-dacb-4644-8214-b4fd60e162e1.extra_data.json,487mnSNu6t,14800,com.sec.android.app.shealth,3019052,30060000,efcc4819-dacb-4644-8214-b4fd60e162e1,2024-02-29 00:00:00.000,
0,62620030,0,4315150,7789,300,6919604,90,3300488,62620030,2024-03-02 12:12:32.658,10,2024-03-01 03:00:00.715,0.0,30,30,-1,3487720,126,15,0,8,4584.651,1374000,868.57526,c5707f59-43e8-4b96-8f32-4701c7f1ea38.extra_data.json,487mnSNu6t,35600,com.sec.android.app.shealth,3583516,19200000,c5707f59-43e8-4b96-8f32-4701c7f1ea38,2024-03-01 00:00:00.000,
0,62620030,0,5620847,6674,300,8093463,90,4806241,62620030,2024-03-03 03:44:54.747,10,2024-03-02 03:00:00.898,0.0,30,30,-1,4806241,148,14,0,8,4039.6567,3479000,983.55347,ffeb6616-035d-4af4-8ba9-9a843cdf4ea5.extra_data.json,487mnSNu6t,35600,com.sec.android.app.shealth,3251622,30180000,ffeb6616-035d-4af4-8ba9-9a843cdf4ea5,2024-03-02 00:00:00.000,
0,62620030,0,825960,9756,300,6023162,90,0,62620030,2024-03-04 14:57:11.478,10,2024-03-03 03:00:00.349,5.0,30,30,-1,825960,110,17,0,8,7855.838,0,591.035,c3f6af94-eea6-40e6-8043-fbaa4c9b5b33.extra_data.json,487mnSNu6t,523949,com.sec.android.app.shealth,5499213,23280000,c3f6af94-eea6-40e6-8043-fbaa4c9b5b33,2024-03-03 00:00:00.000,
0,62620030,0,0,685,300,456895,90,0,62620030,2024-03-05 01:24:17.948,10,2024-03-04 03:00:01.228,0.0,30,30,-1,38686,7,6,0,8,508.64993,0,23.289999,86558e2b-5a05-4a15-8894-22955e3b20e1.extra_data.json,487mnSNu6t,0,com.sec.android.app.shealth,456895,27120000,86558e2b-5a05-4a15-8894-22955e3b20e1,2024-03-04 00:00:00.000,
0,62620030,0,0,866,300,577622,90,0,62620030,2024-03-05 23:36:22.827,10,2024-03-05 03:00:01.172,0.0,30,30,-1,38686,10,6,0,8,637.7201,0,27.349997,b116bb73-f79e-4033-a644-5591f3e2339d.extra_data.json,487mnSNu6t,0,com.sec.android.app.shealth,577622,28380000,b116bb73-f79e-4033-a644-5591f3e2339d,2024-03-05 00:00:00.000,
0,62620030,0,0,3671,300,2246186,90,0,62620030,2024-03-07 14:50:36.573,10,2024-03-06 03:00:02.334,4.0,30,30,-1,300000,40,16,0,8,2796.1406,0,140.0101,88b19714-c3b0-46a4-8e67-94f1ef73e8a1.extra_data.json,487mnSNu6t,26800,com.sec.android.app.shealth,2219386,24780000,88b19714-c3b0-46a4-8e67-94f1ef73e8a1,2024-03-06 00:00:00.000,
0,62620030,0,4309427,4878,300,5716415,90,3104113,62620030,2024-03-08 11:23:50.096,10,2024-03-07 03:00:00.893,0.0,30,30,-1,3104113,104,11,0,8,3344.3477,920000,724.8565,90c7b8b9-18f1-4202-9318-b61cd95774df.extra_data.json,487mnSNu6t,6000,com.sec.android.app.shealth,2606302,32880000,90c7b8b9-18f1-4202-9318-b61cd95774df,2024-03-07 00:00:00.000,
0,62620030,0,0,4851,300,2988238,90,0,62620030,2024-03-09 18:11:46.420,10,2024-03-08 03:00:00.912,6.0,30,30,-1,420000,54,12,0,8,3721.82,0,205.13998,1badab27-527d-400d-a1bb-8c48d7a4e461.extra_data.json,487mnSNu6t,96195,com.sec.android.app.shealth,2892043,24900000,1badab27-527d-400d-a1bb-8c48d7a4e461,2024-03-08 00:00:00.000,
0,62620030,0,0,2322,300,1450108,90,0,62620030,2024-03-10 12:43:16.919,10,2024-03-09 03:00:01.519,2.0,30,30,-1,120000,26,11,0,8,1826.2603,0,134.41995,18c7898d-355f-4df8-b262-ea79710c3a73.extra_data.json,487mnSNu6t,123294,com.sec.android.app.shealth,1326814,26760000,18c7898d-355f-4df8-b262-ea79710c3a73,2024-03-09 00:00:00.000,
0,62620030,0,0,3514,300,2289395,90,0,62620030,2024-03-11 14:35:54.885,10,2024-03-10 03:00:01.556,11.0,30,30,-1,120000,41,15,0,8,2692.4492,0,184.84001,afcf7879-e19e-4fe8-acd6-4142df63296b.extra_data.json,487mnSNu6t,58400,com.sec.android.app.shealth,2230995,28740000,afcf7879-e19e-4fe8-acd6-4142df63296b,2024-03-10 00:00:00.000,
0,62620030,0,2561222,6829,300,4302838,90,0,62650170,2024-03-12 09:45:24.302,10,2024-03-11 03:00:00.769,2.0,30,30,-1,1110561,78,14,0,8,5261.7134,1256000,452.67084,7963b370-f94b-4550-9d02-f552b295a39f.extra_data.json,487mnSNu6t,2978,com.sec.android.app.shealth,4299860,30480000,7963b370-f94b-4550-9d02-f552b295a39f,2024-03-11 00:00:00.000,
0,62650170,0,2207566,8554,300,5121277,90,0,62650170,2024-03-13 02:32:22.528,10,2024-03-12 03:00:02.211,14.0,30,30,-1,839597,93,14,0,8,6629.2964,924000,504.5464,2fd2378c-f328-4492-b98f-16d057edc03b.extra_data.json,487mnSNu6t,146800,com.sec.android.app.shealth,4974477,23040000,2fd2378c-f328-4492-b98f-16d057edc03b,2024-03-12 00:00:00.000,
0,62650170,0,1890065,7286,300,4357985,90,0,62650170,2024-03-14 11:34:17.078,10,2024-03-13 03:00:02.918,11.0,30,30,-1,1062305,80,12,0,8,5695.7954,553000,430.4209,4470e147-d2fd-441e-bf4d-96149a4e147f.extra_data.json,487mnSNu6t,74000,com.sec.android.app.shealth,4283985,24840000,4470e147-d2fd-441e-bf4d-96149a4e147f,2024-03-13 00:00:00.000,
0,62650170,0,4352322,6010,300,6585326,90,3623710,62650170,2024-03-15 09:55:35.591,10,2024-03-14 03:00:00.807,2.0,30,30,-1,3906824,120,13,0,8,3792.7163,711000,798.6743,04f3f68f-8d40-402b-be34-b154d0db14eb.extra_data.json,487mnSNu6t,35200,com.sec.android.app.shealth,2926416,29280000,04f3f68f-8d40-402b-be34-b154d0db14eb,2024-03-14 00:00:00.000,
0,62650170,0,2401668,7529,300,4651068,90,0,62650170,2024-03-16 17:55:24.952,10,2024-03-15 03:00:00.573,15.0,30,30,-1,960876,85,15,0,8,5777.567,959000,485.01828,1d3c775f-7841-4a9f-9989-e0ce9c0695f7.extra_data.json,487mnSNu6t,7200,com.sec.android.app.shealth,4643868,22500000,1d3c775f-7841-4a9f-9989-e0ce9c0695f7,2024-03-15 00:00:00.000,
0,62650170,0,2565000,8053,300,4567035,90,0,62650170,2024-03-17 13:31:36.411,10,2024-03-16 03:00:00.618,2.0,30,30,-1,1860000,83,13,0,8,6284.8066,0,291.88455,1a2636d3-3e44-42cb-8e82-c19b078331c6.extra_data.json,487mnSNu6t,73600,com.sec.android.app.shealth,4493435,27660000,1a2636d3-3e44-42cb-8e82-c19b078331c6,2024-03-16 00:00:00.000,
0,62650170,0,0,1057,300,670042,90,0,62650170,2024-03-18 18:02:08.265,10,2024-03-17 03:00:00.862,0.0,30,30,-1,49345,11,11,0,8,836.9299,0,67.46,64b471f5-2391-45cd-9d4d-ddb65fdf519c.extra_data.json,487mnSNu6t,52400,com.sec.android.app.shealth,617642,37980000,64b471f5-2391-45cd-9d4d-ddb65fdf519c,2024-03-17 00:00:00.000,
0,62650170,0,0,1244,300,828146,90,0,62650170,2024-03-19 11:15:08.336,10,2024-03-18 03:00:01.558,1.0,30,30,-1,39353,14,13,0,8,925.84015,0,51.949997,703f9e77-2de0-4e40-a5f1-02b1ee60a2b6.extra_data.json,487mnSNu6t,2400,com.sec.android.app.shealth,825746,27600000,703f9e77-2de0-4e40-a5f1-02b1ee60a2b6,2024-03-18 00:00:00.000,
0,62650170,0,1355900,5331,300,3346716,90,0,62650170,2024-03-20 01:51:30.641,10,2024-03-19 03:00:01.817,20.0,30,30,-1,712652,61,13,0,8,4143.236,453000,325.59598,1b6fdfa1-0a04-459a-9f48-5caf137af45e.extra_data.json,487mnSNu6t,87811,com.sec.android.app.shealth,3258905,24240000,1b6fdfa1-0a04-459a-9f48-5caf137af45e,2024-03-19 00:00:00.000,
0,62650170,0,4727298,5484,300,5782360,90,2710740,62650170,2024-03-21 10:02:36.927,10,2024-03-20 03:00:01.372,1.0,30,30,-1,2710740,105,10,0,8,3961.991,1341000,742.8269,79b120e6-4c31-412d-bd76-7cd879c5316f.extra_data.json,487mnSNu6t,38472,com.sec.android.app.shealth,3033148,30060000,79b120e6-4c31-412d-bd76-7cd879c5316f,2024-03-20 00:00:00.000,
0,62650170,0,8330416,14537,300,11077844,90,3485749,62650170,2024-03-22 11:30:18.754,10,2024-03-21 03:00:01.908,12.0,30,30,-1,3485749,203,15,0,8,9635.342,1396000,1407.8035,6c00b497-5afa-4ab4-998f-19cad764c8df.extra_data.json,487mnSNu6t,112164,com.sec.android.app.shealth,7479931,24720000,6c00b497-5afa-4ab4-998f-19cad764c8df,2024-03-21 00:00:00.000,
0,62650170,0,883000,5431,300,3194060,90,0,62650170,2024-03-23 03:00:01.720,10,2024-03-22 03:00:01.105,2.0,30,30,-1,900000,58,11,0,8,4209.9507,0,277.6217,55fff4ef-f201-4e90-a070-7b8cccfd9972.extra_data.json,487mnSNu6t,0,com.sec.android.app.shealth,3194060,24000000,55fff4ef-f201-4e90-a070-7b8cccfd9972,2024-03-22 00:00:00.000,
0,62650170,0,4976179,8354,300,7818198,90,3230537,62650170,2024-03-24 05:32:55.362,10,2024-03-23 03:00:01.379,1.0,30,30,-1,4000294,143,16,0,8,6020.1304,2573000,929.3602,3331b9a9-7573-4300-acf1-e4c63a432d56.extra_data.json,487mnSNu6t,175031,com.sec.android.app.shealth,4412630,31620000,3331b9a9-7573-4300-acf1-e4c63a432d56,2024-03-23 00:00:00.000,
0,62650170,0,0,2404,300,1538320,90,0,62650170,2024-03-25 09:53:55.206,10,2024-03-24 03:00:01.673,0.0,30,30,-1,39339,27,13,0,8,1854.5109,0,128.62997,6268cf3a-50f4-40e5-89b2-b8653b31ea0a.extra_data.json,487mnSNu6t,97600,com.sec.android.app.shealth,1440720,35100000,6268cf3a-50f4-40e5-89b2-b8653b31ea0a,2024-03-24 00:00:00.000,
0,62650170,0,1720049,7644,300,4686142,90,0,62650170,2024-03-26 09:39:14.144,10,2024-03-25 03:00:00.811,18.0,30,30,-1,1072369,85,18,0,8,5998.4434,567000,464.28775,d046acc4-44e3-46c3-8197-f1ddf8facc8e.extra_data.json,487mnSNu6t,150000,com.sec.android.app.shealth,4536142,24000000,d046acc4-44e3-46c3-8197-f1ddf8facc8e,2024-03-25 00:00:00.000,
0,62650170,0,886000,5838,300,3458122,90,0,62650170,2024-03-27 11:00:10.851,10,2024-03-26 03:00:00.831,0.0,30,30,-1,900000,63,14,0,8,4485.615,0,202.20535,89d98bbf-008f-4f39-bb14-fbfa43c45ebf.extra_data.json,487mnSNu6t,80000,com.sec.android.app.shealth,3378122,24900000,89d98bbf-008f-4f39-bb14-fbfa43c45ebf,2024-03-26 00:00:00.000,
0,62650170,0,4017447,8940,300,7647873,90,3257034,62650170,2024-03-28 03:21:01.676,10,2024-03-27 03:00:00.783,5.0,30,30,-1,3257034,140,14,0,8,5417.3223,2414000,868.19763,23bb3f02-12fe-443f-9261-98012c6b8ade.extra_data.json,487mnSNu6t,35200,com.sec.android.app.shealth,4355639,29280000,23bb3f02-12fe-443f-9261-98012c6b8ade,2024-03-27 00:00:00.000,
0,62650170,0,7680023,12846,300,10248413,90,3148831,62650170,2024-03-29 06:09:39.390,10,2024-03-28 03:00:01.335,6.0,30,30,-1,3843537,188,14,0,8,9274.054,1446000,1207.782,72eb9fd5-0c7c-455d-be02-171388d573fd.extra_data.json,487mnSNu6t,18800,com.sec.android.app.shealth,7080782,26940000,72eb9fd5-0c7c-455d-be02-171388d573fd,2024-03-28 00:00:00.000,
0,62650170,0,0,1178,300,750864,90,0,62650170,2024-03-30 01:04:25.547,10,2024-03-29 03:00:01.974,0.0,30,30,-1,60000,12,9,0,8,933.89,0,69.87999,8ab68b21-bc99-4452-a5d8-69c062fcf304.extra_data.json,487mnSNu6t,31822,com.sec.android.app.shealth,719042,28620000,8ab68b21-bc99-4452-a5d8-69c062fcf304,2024-03-29 00:00:00.000,
0,62650170,0,1782324,5405,300,3333129,90,0,62650170,2024-03-31 03:11:58.639,10,2024-03-30 03:00:01.852,0.0,30,30,-1,1782324,60,13,0,8,4162.796,0,393.83408,0efb40be-70fd-4de3-bd38-aecb97fce527.extra_data.json,487mnSNu6t,177632,com.sec.android.app.shealth,3155497,27360000,0efb40be-70fd-4de3-bd38-aecb97fce527,2024-03-30 00:00:00.000,
0,62650170,0,0,4368,300,2674582,90,0,62650170,2024-04-01 02:56:31.510,10,2024-03-31 03:00:04.196,1.0,30,30,-1,120000,48,17,0,8,3477.329,0,275.49002,04f607c8-32b2-4e8a-89e5-fa02ccb4ddc1.extra_data.json,487mnSNu6t,240469,com.sec.android.app.shealth,2434113,27180000,04f607c8-32b2-4e8a-89e5-fa02ccb4ddc1,2024-03-31 00:00:00.000,
0,62650170,0,747934,1807,300,1572861,90,747934,62660010,2024-04-02 09:51:05.132,10,2024-04-01 03:00:00.467,0.0,30,30,-1,747934,27,12,0,8,1100.4576,0,165.89908,a28c37fa-1a17-4d4a-b7dd-3f88ba0ac808.extra_data.json,487mnSNu6t,128800,com.sec.android.app.shealth,696127,23989301,a28c37fa-1a17-4d4a-b7dd-3f88ba0ac808,2024-04-01 00:00:00.000,
0,62660010,0,4550713,6324,300,7387434,90,3745243,62660010,2024-04-03 11:59:39.910,10,2024-04-02 03:00:01.084,9.0,30,30,-1,3745243,136,14,0,8,4451.329,2738000,859.04614,29aaa5c0-44ab-425a-8bd8-eab6f67d972b.extra_data.json,487mnSNu6t,40400,com.sec.android.app.shealth,3601791,23700000,29aaa5c0-44ab-425a-8bd8-eab6f67d972b,2024-04-02 00:00:00.000,
0,62660010,0,5125123,5191,300,6013306,90,3931326,62660010,2024-04-04 01:55:55.240,10,2024-04-03 03:00:01.079,1.0,30,30,-1,3931326,110,10,0,8,2500.0715,2274000,809.79224,ed4f7b76-4629-4312-a070-bcfc16231d15.extra_data.json,487mnSNu6t,75200,com.sec.android.app.shealth,2006780,30660000,ed4f7b76-4629-4312-a070-bcfc16231d15,2024-04-03 00:00:00.000,
0,62660010,0,4592563,5893,300,5914461,90,2744390,62660010,2024-04-05 09:52:37.361,10,2024-04-04 03:12:53.742,1.0,30,30,-1,3630009,108,13,0,8,4237.718,1749000,758.2745,ec214c56-d777-4eec-b155-c443bad1b15b.extra_data.json,487mnSNu6t,145659,com.sec.android.app.shealth,3024412,29760000,ec214c56-d777-4eec-b155-c443bad1b15b,2024-04-04 00:00:00.000,
0,62660010,0,1765963,7070,300,4988117,90,621508,62660010,2024-04-06 03:54:02.162,10,2024-04-05 03:00:00.941,7.0,30,30,-1,1147830,91,14,0,8,5389.062,1047000,460.52908,59f02feb-3f0b-4717-991d-7a7bd634d86b.extra_data.json,487mnSNu6t,22605,com.sec.android.app.shealth,4344004,23700000,59f02feb-3f0b-4717-991d-7a7bd634d86b,2024-04-05 00:00:00.000,
0,62660010,0,2900576,5883,300,6345575,90,2900576,62660010,2024-04-07 13:45:17.753,10,2024-04-06 03:00:01.509,4.0,30,30,-1,2900576,115,13,0,8,4292.58,1346000,712.00024,df0619b0-c36b-4700-94d7-810b5981865a.extra_data.json,487mnSNu6t,97990,com.sec.android.app.shealth,3347009,22200000,df0619b0-c36b-4700-94d7-810b5981865a,2024-04-06 00:00:00.000,
0,62660010,0,0,2910,300,1853917,90,0,62660010,2024-04-08 10:52:48.838,10,2024-04-07 03:00:00.786,0.0,30,30,-1,60000,33,13,0,8,2287.47,0,175.29008,d5f07363-adb9-481f-931c-028122678646.extra_data.json,487mnSNu6t,123401,com.sec.android.app.shealth,1730516,38340000,d5f07363-adb9-481f-931c-028122678646,2024-04-07 00:00:00.000,
0,62660010,0,4762377,7072,300,6305921,90,3707626,62660010,2024-04-09 02:15:16.346,10,2024-04-08 03:00:01.141,1.0,30,30,-1,3707626,116,14,0,8,3481.2246,3585000,823.82465,2a09fe8b-bcc2-48a4-b586-7cf22bb586cc.extra_data.json,487mnSNu6t,132680,com.sec.android.app.shealth,2465615,26640000,2a09fe8b-bcc2-48a4-b586-7cf22bb586cc,2024-04-08 00:00:00.000,
0,62660010,0,4993203,8277,300,7854799,90,4071088,62660010,2024-04-10 09:47:55.973,10,2024-04-09 03:00:01.037,1.0,30,30,-1,4071088,144,16,0,8,4654.1934,4069000,981.5134,efe107ca-9f5f-407a-9fe6-ddcba61ee3d9.extra_data.json,487mnSNu6t,35200,com.sec.android.app.shealth,3748511,29160000,efe107ca-9f5f-407a-9fe6-ddcba61ee3d9,2024-04-09 00:00:00.000,
0,62660010,0,0,3609,300,2296334,90,0,62660010,2024-04-11 09:53:51.363,10,2024-04-10 03:00:01.559,0.0,30,30,-1,240000,41,15,0,8,2777.9597,0,197.57999,b4fbea2b-6a87-41c8-bd0a-8cde2a51d2d3.extra_data.json,487mnSNu6t,53678,com.sec.android.app.shealth,2242656,20820000,b4fbea2b-6a87-41c8-bd0a-8cde2a51d2d3,2024-04-10 00:00:00.000,
0,62660010,0,3903713,9085,300,7042644,90,2028587,62660010,2024-04-12 03:00:02.441,10,2024-04-11 03:00:01.750,9.0,30,30,-1,3080136,128,13,0,8,6677.2583,3371000,846.8969,7c112c30-dc50-4ea0-b11f-0130affab4e2.extra_data.json,487mnSNu6t,107600,com.sec.android.app.shealth,4906457,23520000,7c112c30-dc50-4ea0-b11f-0130affab4e2,2024-04-11 00:00:00.000,
0,62660010,0,5860905,9117,300,8829493,90,4718681,62660010,2024-04-13 02:20:02.414,10,2024-04-12 03:00:02.039,10.0,30,30,-1,4718681,162,15,0,8,5210.1367,3267000,1087.795,0a25c2d1-bd5c-4871-bbb4-aabbf33f579c.extra_data.json,487mnSNu6t,109200,com.sec.android.app.shealth,4001612,16140000,0a25c2d1-bd5c-4871-bbb4-aabbf33f579c,2024-04-12 00:00:00.000,
0,62660010,0,3953251,5351,300,5764100,90,2750715,62660010,2024-04-14 13:09:38.437,10,2024-04-13 03:00:01.603,1.0,30,30,-1,2750715,105,12,0,8,3851.3574,887000,708.90295,1f9eede5-09fd-4af7-bc85-546fe4078b50.extra_data.json,487mnSNu6t,164692,com.sec.android.app.shealth,2848693,29100000,1f9eede5-09fd-4af7-bc85-546fe4078b50,2024-04-13 00:00:00.000,
0,62660010,0,0,3917,300,2470869,90,0,62660010,2024-04-15 11:36:44.612,10,2024-04-14 03:07:19.156,3.0,30,30,-1,120000,45,14,0,8,3066.2102,0,234.76,6eef0c1f-e9f5-4f7d-a88f-e2ca5c9804b1.extra_data.json,487mnSNu6t,127656,com.sec.android.app.shealth,2343213,32340000,6eef0c1f-e9f5-4f7d-a88f-e2ca5c9804b1,2024-04-14 00:00:00.000,
0,62660010,0,0,1656,300,1046473,90,0,62660010,2024-04-16 09:53:59.587,10,2024-04-15 03:00:02.043,0.0,30,30,-1,60000,18,12,0,8,1311.8301,0,104.88998,b9f2f431-6299-46bf-a12b-0361803be3a3.extra_data.json,487mnSNu6t,80332,com.sec.android.app.shealth,966141,29520000,b9f2f431-6299-46bf-a12b-0361803be3a3,2024-04-15 00:00:00.000,
0,62660010,0,4501173,7665,300,7350205,90,3024358,62660010,2024-04-17 03:00:01.796,10,2024-04-16 03:00:00.391,12.0,30,30,-1,3722695,135,13,0,8,5560.628,3071000,907.6714,bc7401ae-4882-447c-90a2-791aef213aa0.extra_data.json,487mnSNu6t,46000,com.sec.android.app.shealth,4279847,22440000,bc7401ae-4882-447c-90a2-791aef213aa0,2024-04-16 00:00:00.000,
0,62660010,0,2117244,8497,300,5092106,90,0,62660010,2024-04-22 11:15:58.369,10,2024-04-17 03:00:00.997,10.0,30,30,-1,2117244,93,16,0,8,6562.5483,263000,496.91315,3ccc06c7-a26a-454e-8e67-844338da79c7.extra_data.json,487mnSNu6t,89787,com.sec.android.app.shealth,5002319,24360000,3ccc06c7-a26a-454e-8e67-844338da79c7,2024-04-17 00:00:00.000,
0,62660010,0,0,27,300,18009,90,0,62660010,2024-04-22 11:15:57.828,10,2024-04-18 03:16:39.296,0.0,30,30,-1,7337,0,0,0,8,19.57,0,0.89,e3d1e79e-8d00-49d1-8ea4-5d0433a23842.extra_data.json,487mnSNu6t,0,com.sec.android.app.shealth,18009,40920000,e3d1e79e-8d00-49d1-8ea4-5d0433a23842,2024-04-18 00:00:00.000,
0,62660010,0,0,7,300,4669,90,0,62660010,2024-04-22 11:15:57.513,10,2024-04-19 03:00:01.268,0.0,30,30,-1,4669,0,0,0,8,5.44,0,0.22,a1a01b63-110a-4a0f-8ec4-0c5cd0bee303.extra_data.json,487mnSNu6t,0,com.sec.android.app.shealth,4669,59580000,a1a01b63-110a-4a0f-8ec4-0c5cd0bee303,2024-04-19 00:00:00.000,
0,62660010,0,0,8,300,5336,90,0,62660010,2024-04-22 11:15:56.990,10,2024-04-20 03:00:00.328,0.0,30,30,-1,5336,0,0,0,8,5.8399997,0,0.26,15bffc06-2018-406c-9d94-24ad47c099b7.extra_data.json,487mnSNu6t,0,com.sec.android.app.shealth,5336,81779999,15bffc06-2018-406c-9d94-24ad47c099b7,2024-04-20 00:00:00.000,
0,62660010,0,0,260,300,173420,90,0,62660010,2024-04-22 11:15:56.341,10,2024-04-21 03:00:00.351,0.0,30,30,-1,40020,2,3,0,8,189.09999,0,14.889999,3a285fc4-3f6b-4cdd-95f3-59aefa2b1924.extra_data.json,487mnSNu6t,0,com.sec.android.app.shealth,173420,72120000,3a285fc4-3f6b-4cdd-95f3-59aefa2b1924,2024-04-21 00:00:00.000,
0,62660010,0,0,2153,300,1326843,90,0,62660010,2024-04-23 09:50:22.214,10,2024-04-22 03:00:00.824,0.0,30,30,-1,180000,24,14,0,8,1701.7296,0,136.38002,a656cfbe-8de7-483a-a566-08a0d62cdcc7.extra_data.json,487mnSNu6t,124993,com.sec.android.app.shealth,1201850,29340000,a656cfbe-8de7-483a-a566-08a0d62cdcc7,2024-04-22 00:00:00.000,
0,62660010,0,0,4101,300,2648945,90,0,62660010,2024-04-24 09:46:46.870,10,2024-04-23 03:00:02.330,1.0,30,30,-1,300000,47,15,0,8,3060.9,0,178.42001,2a7acd4e-c3c7-4724-8f1d-87a06ee79a97.extra_data.json,487mnSNu6t,11200,com.sec.android.app.shealth,2637745,24300000,2a7acd4e-c3c7-4724-8f1d-87a06ee79a97,2024-04-23 00:00:00.000,
0,62660010,0,0,3385,300,2111242,90,0,62660010,2024-04-25 03:36:26.896,10,2024-04-24 03:00:00.348,6.0,30,30,-1,240000,37,14,0,8,2596.4297,0,158.84012,2875e6c3-7825-479b-b505-3a2cc246e19f.extra_data.json,487mnSNu6t,85111,com.sec.android.app.shealth,2026131,23520000,2875e6c3-7825-479b-b505-3a2cc246e19f,2024-04-24 00:00:00.000,
0,62660010,0,0,1373,300,896567,90,0,62660010,2024-04-26 05:16:30.045,10,2024-04-25 03:00:01.505,0.0,30,30,-1,46023,15,7,0,8,1049.2599,0,68.31,38d35792-adea-4085-8d2d-372a8687081a.extra_data.json,487mnSNu6t,28800,com.sec.android.app.shealth,867767,38700000,38d35792-adea-4085-8d2d-372a8687081a,2024-04-25 00:00:00.000,
0,62660010,0,0,3540,300,2227584,90,0,62660010,2024-04-27 04:01:08.145,10,2024-04-26 03:00:00.503,8.0,30,30,-1,240000,40,13,0,8,2723.8306,0,169.23003,52a1bb6c-11c2-492c-902b-15513ba588f4.extra_data.json,487mnSNu6t,58800,com.sec.android.app.shealth,2168784,23880000,52a1bb6c-11c2-492c-902b-15513ba588f4,2024-04-26 00:00:00.000,
0,62660010,0,0,1783,300,1065379,90,0,62660010,2024-04-28 11:41:36.450,10,2024-04-27 03:00:00.615,0.0,30,30,-1,120000,18,9,0,8,1431.5199,0,109.11,1c73df19-5582-4d07-906c-57440739f972.extra_data.json,487mnSNu6t,144306,com.sec.android.app.shealth,921073,19800000,1c73df19-5582-4d07-906c-57440739f972,2024-04-27 00:00:00.000,
0,62660010,0,0,1942,300,1246453,90,0,62660010,2024-04-30 09:39:18.198,10,2024-04-28 03:00:00.660,1.0,30,30,-1,47357,22,13,0,8,1516.8102,0,110.850006,c581bf9d-2ace-40c4-b60f-94e68b154a1e.extra_data.json,487mnSNu6t,73200,com.sec.android.app.shealth,1173253,28500000,c581bf9d-2ace-40c4-b60f-94e68b154a1e,2024-04-28 00:00:00.000,
0,62660010,0,882000,7272,300,4323932,90,0,62660010,2024-04-30 09:39:18.021,10,2024-04-29 03:00:01.259,0.0,30,30,-1,882000,80,13,0,8,5541.16,0,225.20297,218bf37b-39b2-4ca2-8213-b71533259bd2.extra_data.json,487mnSNu6t,3200,com.sec.android.app.shealth,4320732,24900000,218bf37b-39b2-4ca2-8213-b71533259bd2,2024-04-29 00:00:00.000,
0,62660010,0,4991771,5985,300,6964437,90,4299355,62660010,2024-05-01 03:55:34.558,10,2024-04-30 03:00:00.774,0.0,30,30,-1,4616287,127,12,0,8,3506.3516,1099000,949.1159,d641be94-149b-4109-a63d-f26cb8ba3529.extra_data.json,487mnSNu6t,71200,com.sec.android.app.shealth,2593882,30240000,d641be94-149b-4109-a63d-f26cb8ba3529,2024-04-30 00:00:00.000,
0,62660010,0,6326986,14500,300,8580025,90,0,62660010,2024-05-02 09:46:48.047,10,2024-05-01 03:20:07.235,1.0,30,30,-1,2805746,157,14,0,8,10955.316,2635000,928.3085,48ab2a0b-dbab-4ff9-8d85-5ea362fa1b5c.extra_data.json,487mnSNu6t,132800,com.sec.android.app.shealth,8447225,38100000,48ab2a0b-dbab-4ff9-8d85-5ea362fa1b5c,2024-05-01 00:00:00.000,
0,62660010,0,2586527,5940,300,4404295,90,978114,62660010,2024-05-03 11:46:22.465,10,2024-05-02 03:00:01.800,2.0,30,30,-1,978114,80,15,0,8,4574.706,273000,421.3923,525e1a07-55ae-46a1-ab29-778b164b330a.extra_data.json,487mnSNu6t,95200,com.sec.android.app.shealth,3330981,19020000,525e1a07-55ae-46a1-ab29-778b164b330a,2024-05-02 00:00:00.000,
0,62660010,0,5169147,5851,300,6611029,90,4342942,62660010,2024-05-04 12:26:28.757,10,2024-05-03 03:00:00.744,0.0,30,30,-1,4342942,121,15,0,8,2948.2546,3170000,917.3431,59799a04-81dd-4ce6-a07a-3fb7e93edaf2.extra_data.json,487mnSNu6t,84000,com.sec.android.app.shealth,2184087,30240000,59799a04-81dd-4ce6-a07a-3fb7e93edaf2,2024-05-03 00:00:00.000,
0,62660010,0,5828812,7078,300,7748199,90,4235355,62660010,2024-05-05 04:51:34.513,10,2024-05-04 03:00:01.378,0.0,30,30,-1,5030538,142,15,0,8,4615.872,4605000,1078.8033,8796b55a-26b5-4d91-97ee-6b8daacdcee8.extra_data.json,487mnSNu6t,96187,com.sec.android.app.shealth,3416657,31920000,8796b55a-26b5-4d91-97ee-6b8daacdcee8,2024-05-04 00:00:00.000,
0,62660010,0,0,4406,300,2694781,90,0,62660010,2024-05-06 03:13:13.393,10,2024-05-05 03:00:01.166,1.0,30,30,-1,120000,48,16,0,8,3452.529,0,249.95996,61ba1cb6-4ad7-4d47-a256-4f373fc06ec2.extra_data.json,487mnSNu6t,257065,com.sec.android.app.shealth,2437716,31440000,61ba1cb6-4ad7-4d47-a256-4f373fc06ec2,2024-05-05 00:00:00.000,
0,62660010,0,5959537,7848,300,8432144,90,4351722,62660010,2024-05-07 13:26:14.647,10,2024-05-06 03:00:02.218,0.0,30,30,-1,4518661,155,16,0,8,5569.0796,931000,1066.3528,afc598f4-1f37-4ef1-9123-a3d463940835.extra_data.json,487mnSNu6t,415401,com.sec.android.app.shealth,3665021,23700000,afc598f4-1f37-4ef1-9123-a3d463940835,2024-05-06 00:00:00.000,
0,62660010,0,5372784,7128,300,7350590,90,3759305,62660010,2024-05-08 07:11:32.129,10,2024-05-07 03:00:01.445,4.0,30,30,-1,3759397,135,14,0,8,4548.567,4395000,948.51154,9f0ed672-48d5-4cf4-bea1-026ca46c63f5.extra_data.json,487mnSNu6t,104233,com.sec.android.app.shealth,3487052,17160000,9f0ed672-48d5-4cf4-bea1-026ca46c63f5,2024-05-07 00:00:00.000,
0,62660010,0,5909330,7112,300,8053221,90,5048349,62660010,2024-05-09 08:15:27.859,10,2024-05-08 03:00:00.745,1.0,30,30,-1,5048349,148,15,0,8,3837.699,2347000,1029.4092,2b25ea07-5d7b-4c1e-ae07-2d9a71e103a3.extra_data.json,487mnSNu6t,120766,com.sec.android.app.shealth,2884106,18900000,2b25ea07-5d7b-4c1e-ae07-2d9a71e103a3,2024-05-08 00:00:00.000,
0,62660010,0,4585350,7516,300,7193256,90,3606913,62660010,2024-05-10 15:23:42.101,10,2024-05-09 03:00:01.993,1.0,30,30,-1,3795009,132,11,0,8,4632.0845,3744000,938.9799,79a0cb07-c7f5-45f7-8628-e7303d5f39e1.extra_data.json,487mnSNu6t,183123,com.sec.android.app.shealth,3403220,32760000,79a0cb07-c7f5-45f7-8628-e7303d5f39e1,2024-05-09 00:00:00.000,
0,62660010,0,5792928,5915,300,7222022,90,3863275,62660010,2024-05-11 12:15:43.308,10,2024-05-10 03:00:02.337,1.0,30,30,-1,3863275,132,14,0,8,4081.8264,3715000,933.2458,fff3b9ab-9f30-4a32-b2f1-457de35c7452.extra_data.json,487mnSNu6t,0,com.sec.android.app.shealth,3358747,38520000,fff3b9ab-9f30-4a32-b2f1-457de35c7452,2024-05-10 00:00:00.000,
0,62660010,0,5671093,13270,300,11516689,90,4870239,62660010,2024-05-12 02:55:01.517,10,2024-05-11 03:00:00.716,1.0,30,30,-1,4870239,212,15,0,8,7957.51,1934000,1152.67,8536bdbc-78bb-4c1c-b307-55e55ac81f1f.extra_data.json,487mnSNu6t,83200,com.sec.android.app.shealth,6563250,24300000,8536bdbc-78bb-4c1c-b307-55e55ac81f1f,2024-05-11 00:00:00.000,
0,62660010,0,0,4508,300,2914736,90,0,62660010,2024-05-13 10:50:26.948,10,2024-05-12 03:25:16.910,2.0,30,30,-1,180000,53,17,0,8,3392.8,0,187.72002,c33a353c-8d0f-4046-a9e1-f3838024aa40.extra_data.json,487mnSNu6t,14800,com.sec.android.app.shealth,2899936,26580000,c33a353c-8d0f-4046-a9e1-f3838024aa40,2024-05-12 00:00:00.000,
0,62660010,0,5478682,5894,300,6889017,90,4632057,62660010,2024-05-14 11:02:42.367,10,2024-05-13 03:31:42.592,0.0,30,30,-1,4632057,126,15,0,8,2865.6172,3562000,936.246,13dd74db-86d0-423f-becb-12c483372cfa.extra_data.json,487mnSNu6t,86868,com.sec.android.app.shealth,2170092,23880000,13dd74db-86d0-423f-becb-12c483372cfa,2024-05-13 00:00:00.000,
0,62660010,0,4412059,4508,300,5993536,90,3448402,62660010,2024-05-15 09:55:24.095,10,2024-05-14 03:00:01.041,2.0,30,30,-1,3448402,110,8,0,8,3210.0076,1098000,754.05585,c56881e6-f4de-4e39-bab8-402088aa471f.extra_data.json,487mnSNu6t,120441,com.sec.android.app.shealth,2424693,30840000,c56881e6-f4de-4e39-bab8-402088aa471f,2024-05-14 00:00:00.000,
0,62660010,0,712817,6532,300,4108041,90,0,62660010,2024-05-16 14:51:14.380,10,2024-05-15 03:00:02.013,5.0,30,30,-1,712817,74,14,0,8,5035.5664,93000,374.4765,52a840d0-0849-42e8-a704-6419443bf75b.extra_data.json,487mnSNu6t,222983,com.sec.android.app.shealth,3885058,22320000,52a840d0-0849-42e8-a704-6419443bf75b,2024-05-15 00:00:00.000,
0,62660010,0,5217781,8482,300,7982370,90,3178752,62660010,2024-05-17 12:30:43.239,10,2024-05-16 03:00:02.407,2.0,30,30,-1,3178752,146,12,0,8,6158.141,1560000,926.54126,28359754-73b7-4828-80c8-2846345515a3.extra_data.json,487mnSNu6t,66400,com.sec.android.app.shealth,4737218,24240000,28359754-73b7-4828-80c8-2846345515a3,2024-05-16 00:00:00.000,
0,62660010,0,3502018,5923,300,4993413,90,2463959,62660010,2024-05-18 23:58:49.102,10,2024-05-17 03:00:00.798,0.0,30,30,-1,2463959,91,12,0,8,3103.8723,2708000,648.2474,0ac4e412-9aea-4905-b2ae-3ab0cb26d7e1.extra_data.json,487mnSNu6t,18000,com.sec.android.app.shealth,2511454,34140000,0ac4e412-9aea-4905-b2ae-3ab0cb26d7e1,2024-05-17 00:00:00.000,
0,62660010,0,0,2609,300,1673407,90,0,62660010,2024-05-19 13:47:18.037,10,2024-05-18 03:07:10.226,0.0,30,30,-1,240000,30,10,0,8,1978.7399,0,87.310005,b061451e-2d26-4e8d-be26-aae5cc1d027e.extra_data.json,487mnSNu6t,12000,com.sec.android.app.shealth,1661407,27840000,b061451e-2d26-4e8d-be26-aae5cc1d027e,2024-05-18 00:00:00.000,
0,62660010,0,0,2317,300,1418188,90,0,62660010,2024-05-20 09:09:40.193,10,2024-05-19 03:55:03.756,1.0,30,30,-1,120000,24,12,0,8,1844.4302,0,144.41,033fddb9-5fb4-4b50-933b-6dc6fa5754bb.extra_data.json,487mnSNu6t,164504,com.sec.android.app.shealth,1253684,29100000,033fddb9-5fb4-4b50-933b-6dc6fa5754bb,2024-05-19 00:00:00.000,
0,62660010,0,5294163,6385,300,6953196,90,3506724,62660010,2024-05-21 09:54:07.560,10,2024-05-20 03:00:02.060,0.0,30,30,-1,4281787,127,15,0,8,4487.7764,1390000,929.508,3b190b73-1690-47af-8b32-6f654ac3908b.extra_data.json,487mnSNu6t,121200,com.sec.android.app.shealth,3325272,26700000,3b190b73-1690-47af-8b32-6f654ac3908b,2024-05-20 00:00:00.000,
0,62660010,0,5102696,8756,300,8322282,90,3611573,62660010,2024-05-22 15:33:12.058,10,2024-05-21 03:00:02.733,14.0,30,30,-1,4318409,152,15,0,8,6093.5317,705000,930.40564,de180243-9a38-4b3d-9b88-10c6b20b3f62.extra_data.json,487mnSNu6t,44827,com.sec.android.app.shealth,4665882,13380000,de180243-9a38-4b3d-9b88-10c6b20b3f62,2024-05-21 00:00:00.000,
0,62660010,0,6494796,8367,300,8042370,90,3220594,62660010,2024-05-23 08:18:56.097,10,2024-05-22 03:17:49.715,3.0,30,30,-1,4055927,147,13,0,8,6026.2515,1896000,1023.9564,4922d47a-5886-4413-9176-a6c060dafe55.extra_data.json,487mnSNu6t,13883,com.sec.android.app.shealth,4807893,30960000,4922d47a-5886-4413-9176-a6c060dafe55,2024-05-22 00:00:00.000,
0,62660010,0,0,4578,300,2792401,90,0,62660010,2024-05-24 09:40:18.889,10,2024-05-23 03:00:00.684,7.0,30,30,-1,240000,51,17,0,8,3610.0996,0,243.24008,02f8e516-6dd7-45fe-89d3-18c24c63eae2.extra_data.json,487mnSNu6t,241562,com.sec.android.app.shealth,2550839,22440000,02f8e516-6dd7-45fe-89d3-18c24c63eae2,2024-05-23 00:00:00.000,
0,62660010,0,5293183,8108,300,8030421,90,3450027,62660010,2024-05-25 11:58:36.494,10,2024-05-24 03:00:00.879,7.0,30,30,-1,3450027,147,16,0,8,6035.994,580000,953.1683,71852475-07fd-4958-bc8e-bd21ba784adc.extra_data.json,487mnSNu6t,158135,com.sec.android.app.shealth,4422259,24120000,71852475-07fd-4958-bc8e-bd21ba784adc,2024-05-24 00:00:00.000,
0,62660010,0,0,629,300,419543,90,0,62660010,2024-05-26 12:13:29.390,10,2024-05-25 03:00:01.051,0.0,30,30,-1,38019,6,6,0,8,470.93997,0,28.630001,87c20cdb-99eb-4d91-86cf-10ea8928c83a.extra_data.json,487mnSNu6t,0,com.sec.android.app.shealth,419543,31920000,87c20cdb-99eb-4d91-86cf-10ea8928c83a,2024-05-25 00:00:00.000,
0,62660010,0,0,1656,300,1091202,90,0,62660010,2024-05-27 10:31:41.989,10,2024-05-26 03:00:02.038,2.0,30,30,-1,34684,18,14,0,8,1265.4501,0,88.93999,a2d97fc4-c7b7-4d6a-9901-118118ba0d0f.extra_data.json,487mnSNu6t,20000,com.sec.android.app.shealth,1071202,26160000,a2d97fc4-c7b7-4d6a-9901-118118ba0d0f,2024-05-26 00:00:00.000,
0,62660010,0,0,1639,300,1078528,90,0,62660010,2024-05-28 09:48:15.959,10,2024-05-27 03:00:00.471,1.0,30,30,-1,36685,18,15,0,8,1257.3102,0,87.7,ec8a98ff-9bcc-4166-9843-274b5f237296.extra_data.json,487mnSNu6t,22000,com.sec.android.app.shealth,1056528,21540000,ec8a98ff-9bcc-4166-9843-274b5f237296,2024-05-27 00:00:00.000,
0,62660010,0,4585958,7866,300,7321503,90,3642395,62660010,2024-05-29 11:00:26.453,10,2024-05-28 03:00:00.707,5.0,30,30,-1,3749306,134,14,0,8,4450.4053,3553000,980.97876,26aaf594-6a66-4d28-8635-f1e5bc8297f9.extra_data.json,487mnSNu6t,80400,com.sec.android.app.shealth,3598708,23100000,26aaf594-6a66-4d28-8635-f1e5bc8297f9,2024-05-28 00:00:00.000,
0,62660010,0,0,4781,300,3055076,90,0,62660010,2024-05-30 19:07:29.584,10,2024-05-29 03:00:00.588,4.0,30,30,-1,180000,55,14,0,8,3590.3198,0,159.94997,7659c54f-b06b-4380-ab84-e4310f46c22a.extra_data.json,487mnSNu6t,2000,com.sec.android.app.shealth,3053076,24720000,7659c54f-b06b-4380-ab84-e4310f46c22a,2024-05-29 00:00:00.000,
0,62660010,0,0,1379,300,817396,90,0,62660010,2024-05-31 04:29:08.324,10,2024-05-30 03:00:00.648,0.0,30,30,-1,60000,14,9,0,8,1128.0801,0,95.09002,d1baeed1-addb-4441-81a9-0ad9adab2ac5.extra_data.json,487mnSNu6t,138115,com.sec.android.app.shealth,679281,36780000,d1baeed1-addb-4441-81a9-0ad9adab2ac5,2024-05-30 00:00:00.000,
0,62660010,0,6123936,6636,300,7835144,90,5325273,62670070,2024-06-01 12:23:51.458,10,2024-05-31 04:27:08.962,1.0,30,30,-1,5325273,144,12,0,8,3012.7444,3754000,1007.89264,ffb60f47-e634-49d4-8a6b-98aeaf31cf56.extra_data.json,487mnSNu6t,16400,com.sec.android.app.shealth,2493471,15300000,ffb60f47-e634-49d4-8a6b-98aeaf31cf56,2024-05-31 00:00:00.000,
0,62670070,0,5862656,8614,300,8716150,90,4998611,62670070,2024-06-02 03:33:05.107,10,2024-06-01 03:00:01.022,0.0,30,30,-1,4998611,161,17,0,8,4486.925,1684000,1007.12006,77c50554-0646-44f4-8890-04632e0010fd.extra_data.json,487mnSNu6t,102000,com.sec.android.app.shealth,3615539,27540000,77c50554-0646-44f4-8890-04632e0010fd,2024-06-01 00:00:00.000,
0,62670070,0,0,1909,300,1272235,90,0,62670070,2024-06-03 03:37:31.738,10,2024-06-02 03:00:01.418,0.0,30,30,-1,52026,23,10,0,8,1434.19,0,103.47001,e267dea7-44bf-46fb-97db-272722a800c9.extra_data.json,487mnSNu6t,1600,com.sec.android.app.shealth,1270635,24240000,e267dea7-44bf-46fb-97db-272722a800c9,2024-06-02 00:00:00.000,
0,62670070,0,4226658,5817,300,6193736,90,3288635,62670070,2024-06-04 03:07:32.828,10,2024-06-03 03:00:00.845,0.0,30,30,-1,4239625,113,16,0,8,4012.9602,1861000,893.52234,0aa4e5b3-0a1d-45e1-b7b5-501fc6b64ce2.extra_data.json,487mnSNu6t,271746,com.sec.android.app.shealth,2633355,24420000,0aa4e5b3-0a1d-45e1-b7b5-501fc6b64ce2,2024-06-03 00:00:00.000,
0,62670070,0,0,1251,300,834417,90,0,62670070,2024-06-04 18:51:30.429,10,2024-06-04 03:07:32.282,0.0,30,30,-1,52693,14,5,0,8,940.93994,0,65.40001,14e676bd-248c-4b7c-b1ec-8be1294185fe.extra_data.json,487mnSNu6t,0,com.sec.android.app.shealth,834417,38340000,14e676bd-248c-4b7c-b1ec-8be1294185fe,2024-06-04 00:00:00.000,
0,62670070,0,5529234,8161,300,8299491,90,4572535,62670070,2024-06-06 03:00:02.507,10,2024-06-05 03:00:01.488,6.0,30,30,-1,4572535,153,18,0,8,4683.726,1113000,1069.4928,e92d7000-6ba9-4402-a6fd-207a48c1a3bf.extra_data.json,487mnSNu6t,64424,com.sec.android.app.shealth,3662532,20280000,e92d7000-6ba9-4402-a6fd-207a48c1a3bf,2024-06-05 00:00:00.000,
0,62670070,0,4787021,8434,300,7758569,90,4030416,62670070,2024-06-07 09:59:11.475,10,2024-06-06 03:00:00.978,2.0,30,30,-1,4030416,142,14,0,8,4641.3447,891000,972.7804,fe616f43-1ba9-43ee-9784-064cebd26a1c.extra_data.json,487mnSNu6t,88800,com.sec.android.app.shealth,3639353,25080000,fe616f43-1ba9-43ee-9784-064cebd26a1c,2024-06-06 00:00:00.000,
0,62670070,0,5482990,8249,300,8236118,90,3398079,62670070,2024-06-08 09:52:30.264,10,2024-06-07 03:00:01.107,6.0,30,30,-1,3398079,151,16,0,8,6152.1265,290000,971.0956,4125589c-32ee-4af9-8e6b-fc9bf6d5015a.extra_data.json,487mnSNu6t,81657,com.sec.android.app.shealth,4756382,14580000,4125589c-32ee-4af9-8e6b-fc9bf6d5015a,2024-06-07 00:00:00.000,
0,62670070,0,2019651,8356,300,5617991,90,0,62670070,2024-06-09 03:53:44.359,10,2024-06-08 03:00:01.841,3.0,30,30,-1,1232820,102,13,0,8,6478.784,908000,578.7712,4eb7e8ca-4a2c-4dc6-b931-b11ad2ae0543.extra_data.json,487mnSNu6t,168203,com.sec.android.app.shealth,5449788,33660000,4eb7e8ca-4a2c-4dc6-b931-b11ad2ae0543,2024-06-08 00:00:00.000,
0,62670070,0,0,2366,300,1520124,90,0,62670070,2024-06-11 11:07:17.530,10,2024-06-09 03:00:01.933,0.0,30,30,-1,120000,27,8,0,8,1816.9303,0,135.16,2329eb84-d0ce-4067-bbc7-64646401bc2a.extra_data.json,487mnSNu6t,73488,com.sec.android.app.shealth,1446636,38580000,2329eb84-d0ce-4067-bbc7-64646401bc2a,2024-06-09 00:00:00.000,
0,62670070,0,0,3575,300,2293573,90,0,62670070,2024-06-11 02:53:32.065,10,2024-06-10 03:10:52.319,0.0,30,30,-1,300000,42,14,0,8,2704.07,0,183.89,5081115f-23f2-4d17-a248-d489bf4eb0be.extra_data.json,487mnSNu6t,0,com.sec.android.app.shealth,2293573,23160000,5081115f-23f2-4d17-a248-d489bf4eb0be,2024-06-10 00:00:00.000,
0,62670070,0,5470466,8427,300,8358747,90,4548275,62670070,2024-06-12 11:18:36.580,10,2024-06-11 03:00:00.683,6.0,30,30,-1,4548275,153,16,0,8,4863.4375,2968000,1063.7872,14d89297-52c1-43aa-9a70-3492ae59019e.extra_data.json,487mnSNu6t,114273,com.sec.android.app.shealth,3696199,25020000,14d89297-52c1-43aa-9a70-3492ae59019e,2024-06-11 00:00:00.000,
0,62670070,0,5114904,6420,300,6560219,90,3101655,62670070,2024-06-13 03:00:03.586,10,2024-06-12 03:00:00.742,1.0,30,30,-1,4039186,121,12,0,8,4410.0654,1445000,813.8412,185628ea-ec24-42fc-80f9-3657fd802e4d.extra_data.json,487mnSNu6t,31200,com.sec.android.app.shealth,3427364,29820000,185628ea-ec24-42fc-80f9-3657fd802e4d,2024-06-12 00:00:00.000,
0,62670070,0,0,6501,300,4096981,90,0,62670070,2024-06-14 18:56:29.447,10,2024-06-13 03:00:01.904,11.0,30,30,-1,360000,74,15,0,8,4976.44,0,360.93008,f5bd197a-2993-4fcf-85a2-28031d7e3624.extra_data.json,487mnSNu6t,103008,com.sec.android.app.shealth,3993973,24900000,f5bd197a-2993-4fcf-85a2-28031d7e3624,2024-06-13 00:00:00.000,
0,62670070,0,4629635,6295,300,6369706,90,2911690,62670070,2024-06-15 04:13:16.635,10,2024-06-14 03:00:02.000,2.0,30,30,-1,2911690,116,16,0,8,4485.297,2250000,842.4846,7e82aea2-569a-4c64-8c5a-6ea05b63a0d1.extra_data.json,487mnSNu6t,11600,com.sec.android.app.shealth,3446416,22920000,7e82aea2-569a-4c64-8c5a-6ea05b63a0d1,2024-06-14 00:00:00.000,
0,62670070,0,4572473,7036,300,7521386,90,3618372,62670070,2024-06-16 06:44:01.012,10,2024-06-15 03:00:00.790,1.0,30,30,-1,4582786,137,12,0,8,4963.809,2510000,896.4278,4f6f6bd4-bb45-4f28-b5b5-0de78f4e5b07.extra_data.json,487mnSNu6t,16400,com.sec.android.app.shealth,3886614,24780000,4f6f6bd4-bb45-4f28-b5b5-0de78f4e5b07,2024-06-15 00:00:00.000,
0,62670070,0,660958,4754,300,3012997,90,0,62670070,2024-06-17 11:43:44.040,10,2024-06-16 03:00:00.516,2.0,30,30,-1,666206,54,11,0,8,3644.7646,82000,294.69434,91fe5274-cea0-4a37-a3e4-afcbaeba8400.extra_data.json,487mnSNu6t,78461,com.sec.android.app.shealth,2934536,17520000,91fe5274-cea0-4a37-a3e4-afcbaeba8400,2024-06-16 00:00:00.000,
0,62670070,0,5173625,7081,300,7254262,90,3370983,62670070,2024-06-18 09:54:56.510,10,2024-06-17 03:05:07.194,2.0,30,30,-1,3370983,133,11,0,8,5229.634,638000,900.4148,3dccdc69-dd17-4d28-a69d-cee20c6660c0.extra_data.json,487mnSNu6t,135303,com.sec.android.app.shealth,3747976,27960000,3dccdc69-dd17-4d28-a69d-cee20c6660c0,2024-06-17 00:00:00.000,
0,62670070,0,670835,4835,300,3199389,90,0,62670070,2024-06-19 05:44:51.644,10,2024-06-18 03:00:00.283,11.0,30,30,-1,670835,57,17,0,8,3736.5476,409000,323.78497,db24ffa1-0436-4671-8284-1f3e783c0380.extra_data.json,487mnSNu6t,44400,com.sec.android.app.shealth,3154989,24420000,db24ffa1-0436-4671-8284-1f3e783c0380,2024-06-18 00:00:00.000,
0,62670070,0,1840000,7753,300,4614975,90,0,62670070,2024-06-20 10:29:52.634,10,2024-06-19 03:00:11.218,0.0,30,30,-1,940000,84,15,0,8,6121.9526,0,413.6,6f0f0d6f-30e2-4d3d-8710-8eede1c8ad56.extra_data.json,487mnSNu6t,82986,com.sec.android.app.shealth,4531989,24840000,6f0f0d6f-30e2-4d3d-8710-8eede1c8ad56,2024-06-19 00:00:00.000,
0,62670070,0,0,1755,300,1122792,90,0,62670070,2024-06-21 09:54:50.782,10,2024-06-20 03:00:01.002,1.0,30,30,-1,46023,20,11,0,8,1392.1803,0,109.580025,fdfa4442-8ea5-48bd-8e5c-a156f61fa7c7.extra_data.json,487mnSNu6t,71600,com.sec.android.app.shealth,1051192,17640000,fdfa4442-8ea5-48bd-8e5c-a156f61fa7c7,2024-06-20 00:00:00.000,
0,62670070,0,4458511,7924,300,7139500,90,2639278,62701610,2024-07-15 18:38:02.690,10,2024-06-21 03:00:01.521,5.0,30,30,-1,3631716,131,17,0,8,5889.713,3738000,932.16284,c30af7ec-11df-487b-b893-dc421aa223c4.extra_data.json,487mnSNu6t,114000,com.sec.android.app.shealth,4386222,24720000,c30af7ec-11df-487b-b893-dc421aa223c4,2024-06-21 00:00:00.000,
0,62670070,0,6758401,9910,300,10303790,90,5946446,62701610,2024-07-15 18:38:02.485,10,2024-06-22 03:32:34.012,1.0,30,30,-1,5972746,190,16,0,8,5238.889,3426000,1282.8783,8af28924-a75f-4475-9ef8-676873d788c2.extra_data.json,487mnSNu6t,79912,com.sec.android.app.shealth,4277432,32340000,8af28924-a75f-4475-9ef8-676873d788c2,2024-06-22 00:00:00.000,
0,62670070,0,0,3549,300,2242327,90,0,62670070,2024-06-24 04:00:57.115,10,2024-06-23 03:00:00.769,0.0,30,30,-1,180000,40,13,0,8,2764.5603,0,210.34004,da5d7695-9e21-49f2-aac0-dfbd53283ffb.extra_data.json,487mnSNu6t,147588,com.sec.android.app.shealth,2094739,36360000,da5d7695-9e21-49f2-aac0-dfbd53283ffb,2024-06-23 00:00:00.000,
0,62670070,0,0,1875,300,1195890,90,0,62670070,2024-06-25 11:26:06.357,10,2024-06-24 03:00:00.878,0.0,30,30,-1,47608,21,10,0,8,1484.57,0,115.07005,b7854e2f-ed34-4de9-a297-c754e0e4fa2f.extra_data.json,487mnSNu6t,82000,com.sec.android.app.shealth,1113890,27000000,b7854e2f-ed34-4de9-a297-c754e0e4fa2f,2024-06-24 00:00:00.000,
0,62670070,0,0,1674,300,1090392,90,0,62670070,2024-06-26 02:54:19.253,10,2024-06-25 03:00:02.163,2.0,30,30,-1,37352,18,13,0,8,1298.4208,0,98.47,8294c335-51dd-4695-ad90-a7df94bfa531.extra_data.json,487mnSNu6t,39200,com.sec.android.app.shealth,1051192,25980000,8294c335-51dd-4695-ad90-a7df94bfa531,2024-06-25 00:00:00.000,
0,62670070,0,0,4586,300,2904520,90,0,62670070,2024-06-27 11:06:04.322,10,2024-06-26 03:00:00.913,6.0,30,30,-1,300000,53,14,0,8,3511.1992,0,245.08002,fb1b27e3-bf21-469d-9ec7-0b9e82d5d06e.extra_data.json,487mnSNu6t,16800,com.sec.android.app.shealth,2887720,24960000,fb1b27e3-bf21-469d-9ec7-0b9e82d5d06e,2024-06-26 00:00:00.000,
0,62670070,0,4215950,6959,300,7264404,90,3239670,62701610,2024-07-15 18:38:01.699,10,2024-06-27 03:00:01.261,5.0,30,30,-1,3239670,134,15,0,8,5083.15,1084000,878.9772,7f8768c8-f2d6-4b58-9ab7-45aa587518e2.extra_data.json,487mnSNu6t,240526,com.sec.android.app.shealth,3784208,24180000,7f8768c8-f2d6-4b58-9ab7-45aa587518e2,2024-06-27 00:00:00.000,
0,62670070,0,0,3671,300,2377495,90,0,62670070,2024-06-29 22:58:14.812,10,2024-06-28 03:00:01.039,5.0,30,30,-1,300000,43,13,0,8,2788.3708,0,193.82002,a8274377-4ce4-40e0-b502-4db949ffb25f.extra_data.json,487mnSNu6t,0,com.sec.android.app.shealth,2377495,24720000,a8274377-4ce4-40e0-b502-4db949ffb25f,2024-06-28 00:00:00.000,
0,62670070,0,0,2387,300,1532696,90,0,62670070,2024-06-30 05:12:43.171,10,2024-06-29 03:00:00.968,0.0,30,30,-1,120000,27,13,0,8,1867.5398,0,116.530014,fc646aaa-004e-43dd-9406-d1c9aaaf85f5.extra_data.json,487mnSNu6t,80000,com.sec.android.app.shealth,1452696,33180000,fc646aaa-004e-43dd-9406-d1c9aaaf85f5,2024-06-29 00:00:00.000,
0,62670070,0,0,6436,300,4098876,90,0,62670070,2024-07-01 20:54:58.699,10,2024-06-30 03:00:00.779,0.0,30,30,-1,300000,74,14,0,8,4906.271,0,330.9699,d219c40e-31a9-4213-85a8-d70a22b11cd1.extra_data.json,487mnSNu6t,111089,com.sec.android.app.shealth,3987787,35340000,d219c40e-31a9-4213-85a8-d70a22b11cd1,2024-06-30 00:00:00.000,
0,62670070,0,0,1821,300,1172154,90,0,62670070,2024-07-02 11:42:43.849,10,2024-07-01 03:00:01.614,0.0,30,30,-1,43355,21,13,0,8,1432.5305,0,108.310005,a2a966c2-af39-4a5f-9901-392013a41460.extra_data.json,487mnSNu6t,63600,com.sec.android.app.shealth,1108554,21660000,a2a966c2-af39-4a5f-9901-392013a41460,2024-07-01 00:00:00.000,
0,62670070,0,5116054,7962,300,7828501,90,4433189,62701610,2024-07-15 18:38:00.626,10,2024-07-02 03:00:02.030,0.0,30,30,-1,4433189,143,10,0,8,4282.321,3343000,985.09076,0f88626a-90ec-4301-ae63-dc5926dff947.extra_data.json,487mnSNu6t,61366,com.sec.android.app.shealth,3333946,31020000,0f88626a-90ec-4301-ae63-dc5926dff947,2024-07-02 00:00:00.000,
0,62670070,0,4687595,6380,300,6408310,90,2709810,62701610,2024-07-15 18:38:00.430,10,2024-07-03 03:00:05.419,0.0,30,30,-1,3755685,117,10,0,8,4725.9863,3013000,819.8192,51accc75-ff16-4f71-b935-fe857b02bf75.extra_data.json,487mnSNu6t,11600,com.sec.android.app.shealth,3686900,46140000,51accc75-ff16-4f71-b935-fe857b02bf75,2024-07-03 00:00:00.000,
0,62670070,0,5461362,7312,300,7646066,90,3607484,62701610,2024-07-15 18:38:00.118,10,2024-07-04 03:00:00.912,2.0,30,30,-1,4521472,141,12,0,8,5476.288,3182000,1010.48413,ab12f5ab-784d-4352-abf2-6a4bc0617061.extra_data.json,487mnSNu6t,251638,com.sec.android.app.shealth,3786944,39060000,ab12f5ab-784d-4352-abf2-6a4bc0617061,2024-07-04 00:00:00.000,
0,62670070,0,4001032,6641,300,5675326,90,1869237,62701610,2024-07-15 18:37:59.824,10,2024-07-05 03:00:00.668,5.0,30,30,-1,3020949,103,13,0,8,4913.9897,2413000,718.2982,5c29a6df-02c0-4bdd-b2df-f8948146c830.extra_data.json,487mnSNu6t,108440,com.sec.android.app.shealth,3697649,27180000,5c29a6df-02c0-4bdd-b2df-f8948146c830,2024-07-05 00:00:00.000,
0,62670070,0,0,2316,300,1510232,90,0,62670070,2024-07-07 03:00:01.624,10,2024-07-06 03:00:00.492,14.0,30,30,-1,120000,27,8,0,8,1736.7997,0,121.74999,1bc04445-df7c-482c-a506-f1de40e8de8c.extra_data.json,487mnSNu6t,5600,com.sec.android.app.shealth,1504632,13679999,1bc04445-df7c-482c-a506-f1de40e8de8c,2024-07-06 00:00:00.000,
0,62670070,0,682152,3239,300,2203808,90,0,62670070,2024-07-08 14:34:01.915,10,2024-07-07 03:00:01.031,2.0,30,30,-1,682152,40,12,0,8,2510.521,0,224.50522,bac0a9d2-3ebe-440e-9d65-29e33870f92a.extra_data.json,487mnSNu6t,84331,com.sec.android.app.shealth,2119477,27600000,bac0a9d2-3ebe-440e-9d65-29e33870f92a,2024-07-07 00:00:00.000,
0,62670070,0,0,1810,300,1198459,90,0,62670070,2024-07-09 04:18:19.531,10,2024-07-08 03:00:01.033,3.0,30,30,-1,50692,21,9,0,8,1374.1998,0,87.21999,29f2069b-d863-4deb-ae74-ab8276f412fd.extra_data.json,487mnSNu6t,13200,com.sec.android.app.shealth,1185259,13800000,29f2069b-d863-4deb-ae74-ab8276f412fd,2024-07-08 00:00:00.000,
0,62670070,0,0,3905,300,2289105,90,0,62670070,2024-07-10 00:42:22.966,10,2024-07-09 03:00:01.628,1.0,30,30,-1,420000,41,11,0,8,3025.9597,0,146.35999,72eee678-6b1c-4ffc-a6d4-1f7ab21cdc39.extra_data.json,487mnSNu6t,98400,com.sec.android.app.shealth,2190705,34200000,72eee678-6b1c-4ffc-a6d4-1f7ab21cdc39,2024-07-09 00:00:00.000,
0,62670070,0,5002020,7615,300,7832959,90,3419468,62701610,2024-07-15 18:37:59.045,10,2024-07-10 03:13:43.741,0.0,30,30,-1,3419468,144,15,0,8,5499.9785,2284000,942.90625,326e222c-2937-41aa-a32c-e39f027ca615.extra_data.json,487mnSNu6t,204755,com.sec.android.app.shealth,4208736,17520000,326e222c-2937-41aa-a32c-e39f027ca615,2024-07-10 00:00:00.000,
0,62670070,0,5304232,4247,300,5944837,90,4341808,62701610,2024-07-15 18:37:58.831,10,2024-07-11 03:00:31.828,0.0,30,30,-1,4341808,108,12,0,8,1919.6969,3345000,841.9298,591404c6-e396-44ad-9e7b-e605441ba1f8.extra_data.json,487mnSNu6t,8000,com.sec.android.app.shealth,1595029,20460000,591404c6-e396-44ad-9e7b-e605441ba1f8,2024-07-11 00:00:00.000,
0,62670070,0,0,711,300,415092,90,0,62670070,2024-07-13 09:39:34.183,10,2024-07-12 03:00:01.428,0.0,30,30,-1,60000,6,8,0,8,583.14996,0,52.120007,16f08d04-6bdc-497e-8fbe-05efd3043e99.extra_data.json,487mnSNu6t,84636,com.sec.android.app.shealth,330456,21840000,16f08d04-6bdc-497e-8fbe-05efd3043e99,2024-07-12 00:00:00.000,
0,62670070,0,0,468,300,237409,90,0,62701610,2024-07-15 18:38:03.696,10,2024-07-13 03:11:00.476,0.0,30,30,-1,60000,3,3,0,8,406.37003,0,39.15,deee244b-b35d-47e7-b76c-bf5f7e63def3.extra_data.json,487mnSNu6t,74943,com.sec.android.app.shealth,162466,30959999,deee244b-b35d-47e7-b76c-bf5f7e63def3,2024-07-13 00:00:00.000,
0,62670070,0,0,488,300,325496,90,0,62670070,2024-07-15 02:15:38.805,10,2024-07-14 03:00:02.496,0.0,30,30,-1,28681,5,7,0,8,365.03998,0,25.38,1dac55bf-7898-449e-b905-aa3abad0c6ab.extra_data.json,487mnSNu6t,0,com.sec.android.app.shealth,325496,40260000,1dac55bf-7898-449e-b905-aa3abad0c6ab,2024-07-14 00:00:00.000,
0,62670070,0,0,1041,300,694347,90,0,62701610,2024-07-16 01:22:52.529,10,2024-07-15 03:29:46.653,0.0,30,30,-1,48691,12,8,0,8,768.2,0,40.849995,e447e5e3-45af-473d-8951-8e1577765449.extra_data.json,487mnSNu6t,0,com.sec.android.app.shealth,694347,32460000,e447e5e3-45af-473d-8951-8e1577765449,2024-07-15 00:00:00.000,
0,62701610,0,0,2175,300,1441380,90,0,62701610,2024-07-17 14:53:41.076,10,2024-07-16 03:11:27.771,0.0,30,30,-1,48691,25,13,0,8,1625.2001,0,91.22999,5bc26e32-86ce-4b81-a009-a146e0de3463.extra_data.json,487mnSNu6t,14000,com.sec.android.app.shealth,1427380,40080000,5bc26e32-86ce-4b81-a009-a146e0de3463,2024-07-16 00:00:00.000,
0,62701610,0,7775557,12248,300,10521796,90,3899227,62701610,2024-07-18 11:33:45.031,10,2024-07-17 03:00:01.956,1.0,30,30,-1,3945564,193,12,0,8,8613.161,1122000,1287.917,46077bd5-c63e-4ce2-8c8a-20c6ae8c11b1.extra_data.json,487mnSNu6t,271787,com.sec.android.app.shealth,6350782,37020000,46077bd5-c63e-4ce2-8c8a-20c6ae8c11b1,2024-07-17 00:00:00.000,
0,62701610,0,0,2783,300,1806813,90,0,62701610,2024-07-19 15:23:26.543,10,2024-07-18 03:00:01.177,0.0,30,30,-1,120000,33,12,0,8,2078.27,0,145.03004,ff003926-36ec-46a2-9894-6d4c6bf0c69a.extra_data.json,487mnSNu6t,0,com.sec.android.app.shealth,1806813,25080000,ff003926-36ec-46a2-9894-6d4c6bf0c69a,2024-07-18 00:00:00.000,
0,62701610,0,3931379,2947,300,5441524,90,3931379,62701610,2024-07-20 14:37:14.200,10,2024-07-19 03:00:01.033,1.0,30,30,-1,3931379,100,9,0,8,2009.3691,1917000,689.1,2992d568-c4c1-4b4d-a178-878a8d66042f.extra_data.json,487mnSNu6t,119600,com.sec.android.app.shealth,1390545,35700000,2992d568-c4c1-4b4d-a178-878a8d66042f,2024-07-19 00:00:00.000,
0,62701610,0,0,2206,300,1337873,90,0,62701610,2024-07-21 20:24:15.037,10,2024-07-20 03:00:02.290,0.0,30,30,-1,60000,24,11,0,8,1760.8604,0,137.1,556b3193-9e17-4bd2-861a-559ef09e47aa.extra_data.json,487mnSNu6t,124587,com.sec.android.app.shealth,1213286,33900000,556b3193-9e17-4bd2-861a-559ef09e47aa,2024-07-20 00:00:00.000,
0,62701610,0,0,1396,300,929797,90,0,62701610,2024-07-22 04:57:24.753,10,2024-07-21 03:00:00.670,1.0,30,30,-1,37352,16,11,0,8,1052.9799,0,76.08,f398f505-5949-4f5f-98c2-8009970b64ea.extra_data.json,487mnSNu6t,2000,com.sec.android.app.shealth,927797,43920000,f398f505-5949-4f5f-98c2-8009970b64ea,2024-07-21 00:00:00.000,
0,62701610,0,4827947,7129,300,6691613,90,2831852,62701610,2024-07-23 20:26:06.854,10,2024-07-22 04:57:21.989,1.0,30,30,-1,2831852,123,17,0,8,5159.7417,3099000,900.0002,b00f111b-36c9-4db1-956c-a7d0992020cf.extra_data.json,487mnSNu6t,175526,com.sec.android.app.shealth,3684235,23940000,b00f111b-36c9-4db1-956c-a7d0992020cf,2024-07-22 00:00:00.000,
0,62701610,0,4378771,2743,300,5027900,90,3635552,62701610,2024-07-24 02:39:34.421,10,2024-07-23 03:00:01.752,0.0,30,30,-1,3635552,92,10,0,8,1746.2604,3247000,717.6728,07a83140-52ac-4e8c-90d1-db69ded9dfac.extra_data.json,487mnSNu6t,800,com.sec.android.app.shealth,1391548,27240000,07a83140-52ac-4e8c-90d1-db69ded9dfac,2024-07-23 00:00:00.000,
0,62701610,0,6118880,9447,300,9155780,90,4531298,62701610,2024-07-25 02:27:46.400,10,2024-07-24 03:00:02.190,7.0,30,30,-1,4531298,167,14,0,8,5474.034,4048000,1133.7128,95504ad0-1848-41b9-a3cf-6c02633d4289.extra_data.json,487mnSNu6t,25200,com.sec.android.app.shealth,4599282,22500000,95504ad0-1848-41b9-a3cf-6c02633d4289,2024-07-24 00:00:00.000,
0,62701610,0,0,5311,300,3349106,90,0,62701610,2024-07-26 10:02:44.279,10,2024-07-25 03:00:01.265,8.0,30,30,-1,180000,61,15,0,8,4088.1,0,289.71008,44927f2a-adae-41b3-9cfd-c260fae6927f.extra_data.json,487mnSNu6t,70854,com.sec.android.app.shealth,3278252,21300000,44927f2a-adae-41b3-9cfd-c260fae6927f,2024-07-25 00:00:00.000,
0,62701610,0,0,7576,300,4438596,90,0,62701610,2024-07-27 01:59:34.022,10,2024-07-26 03:00:11.065,12.0,30,30,-1,480000,81,15,0,8,5906.551,0,418.6401,0283d1f3-b162-40df-908c-a19dd76c4e85.extra_data.json,487mnSNu6t,128120,com.sec.android.app.shealth,4310476,21540000,0283d1f3-b162-40df-908c-a19dd76c4e85,2024-07-26 00:00:00.000,
0,62701610,0,0,4396,300,2895256,90,0,62701610,2024-07-28 04:12:30.136,10,2024-07-27 03:35:07.577,0.0,30,30,-1,60000,52,15,0,8,3319.11,0,237.3,94e70aab-66fb-418e-8488-7ec2a1fd0320.extra_data.json,487mnSNu6t,55200,com.sec.android.app.shealth,2840056,25560000,94e70aab-66fb-418e-8488-7ec2a1fd0320,2024-07-27 00:00:00.000,
0,62701610,0,0,2750,300,1715170,90,0,62701610,2024-07-29 09:56:23.145,10,2024-07-28 03:00:00.513,0.0,30,30,-1,120000,31,12,0,8,2150.2703,0,173.83998,a6bc4d0b-0951-4232-b85f-96717b2215d7.extra_data.json,487mnSNu6t,155149,com.sec.android.app.shealth,1560021,23520000,a6bc4d0b-0951-4232-b85f-96717b2215d7,2024-07-28 00:00:00.000,
0,62701610,0,0,4095,300,2533428,90,0,62701610,2024-07-30 11:46:26.820,10,2024-07-29 03:00:00.652,7.0,30,30,-1,240000,46,12,0,8,3175.4797,0,236.19,a757a8ea-c75c-4308-b984-cdbb7f8b2b01.extra_data.json,487mnSNu6t,133157,com.sec.android.app.shealth,2400271,24600000,a757a8ea-c75c-4308-b984-cdbb7f8b2b01,2024-07-29 00:00:00.000,
0,62701610,0,4205218,5523,300,5549504,90,3418179,62701610,2024-07-31 02:52:52.236,10,2024-07-30 03:00:02.460,1.0,30,30,-1,3434132,102,14,0,8,2839.1501,2818000,603.37964,1d7d86f2-947d-472e-aa98-55c98a72ad50.extra_data.json,487mnSNu6t,76400,com.sec.android.app.shealth,2054925,28200000,1d7d86f2-947d-472e-aa98-55c98a72ad50,2024-07-30 00:00:00.000,
0,62701610,0,0,6633,300,4059168,90,0,62701610,2024-08-01 10:56:31.139,10,2024-07-31 03:00:01.881,9.0,30,30,-1,300000,74,17,0,8,5164.4414,0,372.91003,732912a9-662a-4cc4-99c0-eb153f5b8619.extra_data.json,487mnSNu6t,136496,com.sec.android.app.shealth,3922672,23340000,732912a9-662a-4cc4-99c0-eb153f5b8619,2024-07-31 00:00:00.000,
0,62701610,0,5339305,8007,300,7636374,90,2786282,62701610,2024-08-02 11:41:18.300,10,2024-08-01 03:00:01.488,0.0,30,30,-1,2786282,141,13,0,8,5939.8735,2850000,963.00916,ba477409-8841-473e-8013-16aa02070f14.extra_data.json,487mnSNu6t,154624,com.sec.android.app.shealth,4695468,29760000,ba477409-8841-473e-8013-16aa02070f14,2024-08-01 00:00:00.000,
0,62701610,0,5861703,9417,300,9415565,90,4342441,62701610,2024-08-03 16:10:07.484,10,2024-08-02 03:00:10.874,4.0,30,30,-1,4342441,173,14,0,8,6231.991,3254000,1187.8232,37242c0e-bc75-4cc0-be8e-afe5de906916.extra_data.json,487mnSNu6t,125715,com.sec.android.app.shealth,4947409,31080000,37242c0e-bc75-4cc0-be8e-afe5de906916,2024-08-02 00:00:00.000,
0,62701610,0,718000,4977,300,2896350,90,0,62701610,2024-08-04 13:54:23.469,10,2024-08-03 03:17:38.429,0.0,30,30,-1,778000,52,15,0,8,4005.7097,0,291.17966,76519ced-f439-48d5-a518-15b35e5c8bfc.extra_data.json,487mnSNu6t,167354,com.sec.android.app.shealth,2728996,28020000,76519ced-f439-48d5-a518-15b35e5c8bfc,2024-08-03 00:00:00.000,
0,62701610,0,0,5436,300,3554466,90,0,62701610,2024-08-05 13:25:31.105,10,2024-08-04 03:00:01.976,10.0,30,30,-1,120000,65,13,0,8,4130.509,0,299.77026,9e86a5da-c791-4f2f-9127-3119e7b40ea2.extra_data.json,487mnSNu6t,67600,com.sec.android.app.shealth,3486866,39060000,9e86a5da-c791-4f2f-9127-3119e7b40ea2,2024-08-04 00:00:00.000,
0,62701610,0,4733223,6665,300,6191244,90,2455168,62701610,2024-08-06 09:43:30.110,10,2024-08-05 03:00:02.906,1.0,30,30,-1,2455168,113,13,0,8,5074.091,3296000,841.7787,e4c4f2eb-f877-4c1a-9019-b91fa871cc9f.extra_data.json,487mnSNu6t,144581,com.sec.android.app.shealth,3591495,26580000,e4c4f2eb-f877-4c1a-9019-b91fa871cc9f,2024-08-05 00:00:00.000,
0,62701610,0,1867000,7784,300,4618161,90,0,62710150,2024-08-07 02:31:21.099,10,2024-08-06 03:00:01.600,7.0,30,30,-1,992000,84,15,0,8,6158.8286,0,431.32135,f35b6651-33c7-4567-8a99-892501978558.extra_data.json,487mnSNu6t,117737,com.sec.android.app.shealth,4500424,23880000,f35b6651-33c7-4567-8a99-892501978558,2024-08-06 00:00:00.000,
0,62710150,0,0,4558,300,2815542,90,0,62710150,2024-08-08 10:37:27.508,10,2024-08-07 03:00:00.896,8.0,30,30,-1,360000,51,14,0,8,3521.5396,0,264.51007,e59b77db-d668-443b-ad73-9ceca51dee46.extra_data.json,487mnSNu6t,131000,com.sec.android.app.shealth,2684542,23220000,e59b77db-d668-443b-ad73-9ceca51dee46,2024-08-07 00:00:00.000,
0,62710150,0,2782245,6381,300,5008275,90,1967121,62710150,2024-08-09 06:24:40.977,10,2024-08-08 03:00:01.437,0.0,30,30,-1,1988347,91,16,0,8,3639.0542,1746000,621.17017,1a3bd4d4-3f61-4ff9-8943-d367ce5a5a1e.extra_data.json,487mnSNu6t,127644,com.sec.android.app.shealth,2913510,25260000,1a3bd4d4-3f61-4ff9-8943-d367ce5a5a1e,2024-08-08 00:00:00.000,
0,62710150,0,4084709,4838,300,6128196,90,3288695,62710150,2024-08-10 04:56:27.024,10,2024-08-09 03:00:01.931,1.0,30,30,-1,3288695,112,12,0,8,3394.2231,1997000,755.2348,5753418b-07e0-41e2-8587-b84cc84c4d15.extra_data.json,487mnSNu6t,45200,com.sec.android.app.shealth,2794301,30420000,5753418b-07e0-41e2-8587-b84cc84c4d15,2024-08-09 00:00:00.000,
0,62710150,0,658000,6499,300,4014555,90,0,62710150,2024-08-11 03:21:49.488,10,2024-08-10 03:00:02.457,0.0,30,30,-1,660000,73,16,0,8,5068.736,0,359.5745,09d8a16c-ea8d-4db9-9d5d-ca5c0826eced.extra_data.json,487mnSNu6t,152287,com.sec.android.app.shealth,3862268,27120000,09d8a16c-ea8d-4db9-9d5d-ca5c0826eced,2024-08-10 00:00:00.000,
0,62710150,0,0,3599,300,2225410,90,0,62710150,2024-08-12 01:55:08.928,10,2024-08-11 03:00:02.164,3.0,30,30,-1,120000,40,13,0,8,2810.619,0,225.56001,76653b1d-9a32-48a7-9a26-379d5d587b8f.extra_data.json,487mnSNu6t,195222,com.sec.android.app.shealth,2030188,37200000,76653b1d-9a32-48a7-9a26-379d5d587b8f,2024-08-11 00:00:00.000,
0,62710150,0,2597281,5835,300,4886258,90,1665337,62710150,2024-08-13 03:01:08.211,10,2024-08-12 03:30:11.719,1.0,30,30,-1,1665337,90,13,0,8,4456.3413,1037000,603.8681,aac595f3-b6db-4d70-9ccf-0d9e0a8e32e2.extra_data.json,487mnSNu6t,137427,com.sec.android.app.shealth,3083494,21960000,aac595f3-b6db-4d70-9ccf-0d9e0a8e32e2,2024-08-12 00:00:00.000,
0,62710150,0,4839396,7748,300,7532505,90,2985977,62710150,2024-08-14 01:22:15.423,10,2024-08-13 03:00:01.653,8.0,30,30,-1,2985977,137,15,0,8,5621.235,4110000,929.8053,23726504-f693-4903-8859-e438df5d0f26.extra_data.json,487mnSNu6t,62400,com.sec.android.app.shealth,4484128,17700000,23726504-f693-4903-8859-e438df5d0f26,2024-08-13 00:00:00.000,
0,62710150,0,4773939,6278,300,6629846,90,3103544,62710150,2024-08-15 03:03:57.793,10,2024-08-14 03:00:01.515,3.0,30,30,-1,3404618,121,12,0,8,4506.6465,2487000,846.9925,944a4e4f-7979-43cd-aa16-ea2355c9ea30.extra_data.json,487mnSNu6t,63200,com.sec.android.app.shealth,3463102,23520000,944a4e4f-7979-43cd-aa16-ea2355c9ea30,2024-08-14 00:00:00.000,
0,62710150,0,0,5420,300,3354029,90,0,62710150,2024-08-16 02:21:28.807,10,2024-08-15 03:00:00.686,5.0,30,30,-1,240000,61,16,0,8,4253.37,0,316.22003,4150202a-58a0-413c-a066-112c8426cbed.extra_data.json,487mnSNu6t,201396,com.sec.android.app.shealth,3152633,22740000,4150202a-58a0-413c-a066-112c8426cbed,2024-08-15 00:00:00.000,
0,62710150,0,6163125,6892,300,7836541,90,5090158,62710150,2024-08-17 10:36:14.034,10,2024-08-16 03:00:01.140,0.0,30,30,-1,5090158,143,10,0,8,3467.1733,3478000,1058.77,856214b9-f2f9-4639-b9f8-33a602349854.extra_data.json,487mnSNu6t,117698,com.sec.android.app.shealth,2628685,34740000,856214b9-f2f9-4639-b9f8-33a602349854,2024-08-16 00:00:00.000,
0,62710150,0,4666207,5136,300,5497659,90,3606870,62710150,2024-08-18 11:32:56.756,10,2024-08-17 03:00:02.320,1.0,30,30,-1,3606870,101,10,0,8,2354.698,3894000,801.56537,d8230ca7-100c-4e29-89de-7741ec192e39.extra_data.json,487mnSNu6t,26800,com.sec.android.app.shealth,1863989,25500000,d8230ca7-100c-4e29-89de-7741ec192e39,2024-08-17 00:00:00.000,
0,62710150,0,0,4705,300,2966371,90,0,62710150,2024-08-19 02:18:03.504,10,2024-08-18 03:00:02.635,15.0,30,30,-1,240000,54,13,0,8,3604.8687,0,272.27008,c6d7fe90-c629-42b5-9ea7-54c4a1e9418f.extra_data.json,487mnSNu6t,143200,com.sec.android.app.shealth,2823171,27900000,c6d7fe90-c629-42b5-9ea7-54c4a1e9418f,2024-08-18 00:00:00.000,
0,62710150,0,0,1765,300,1170847,90,0,62710150,2024-08-20 02:16:53.717,10,2024-08-19 03:00:00.846,1.0,30,30,-1,51359,21,14,0,8,1316.2603,0,97.150024,ff5d4c3b-4b01-496d-bdf0-ff379ed95f96.extra_data.json,487mnSNu6t,9600,com.sec.android.app.shealth,1161247,27420000,ff5d4c3b-4b01-496d-bdf0-ff379ed95f96,2024-08-19 00:00:00.000,
0,62710150,0,5251358,8165,300,7904413,90,3608560,62710150,2024-08-21 03:47:24.833,10,2024-08-20 03:00:01.119,5.0,30,30,-1,4276182,145,16,0,8,5294.8027,3473000,1022.3984,2cbbc8f9-d636-4f5f-8964-b7a18994b9ce.extra_data.json,487mnSNu6t,91200,com.sec.android.app.shealth,4204653,26700000,2cbbc8f9-d636-4f5f-8964-b7a18994b9ce,2024-08-20 00:00:00.000,
0,62710150,0,840000,7622,300,4439430,90,0,62710150,2024-08-22 03:46:29.004,10,2024-08-21 03:00:00.712,9.0,30,30,-1,840000,81,14,0,8,5970.7007,0,409.0101,7dc34807-70fa-4b7f-836f-9a66459fdf4c.extra_data.json,487mnSNu6t,89384,com.sec.android.app.shealth,4350046,19440000,7dc34807-70fa-4b7f-836f-9a66459fdf4c,2024-08-21 00:00:00.000,
0,62710150,0,4426917,5513,300,5594237,90,2514429,62710150,2024-08-23 19:39:58.727,10,2024-08-22 03:00:01.722,0.0,30,30,-1,3535233,103,13,0,8,4078.661,2775000,763.2387,37efa81f-78c9-447e-95ef-30ac4b77b130.extra_data.json,487mnSNu6t,78800,com.sec.android.app.shealth,3001008,31320000,37efa81f-78c9-447e-95ef-30ac4b77b130,2024-08-22 00:00:00.000,
0,62710150,0,5993778,5675,300,7030641,90,5041007,62710150,2024-08-24 11:56:48.176,10,2024-08-23 03:00:01.044,0.0,30,30,-1,5041007,130,12,0,8,2535.2937,3460000,955.5967,57126cbd-a0af-4450-a904-2643026111bd.extra_data.json,487mnSNu6t,68400,com.sec.android.app.shealth,1921234,24600000,57126cbd-a0af-4450-a904-2643026111bd,2024-08-23 00:00:00.000,
0,62710150,0,0,3435,300,2257187,90,0,62710150,2024-08-25 16:07:27.992,10,2024-08-24 03:00:12.808,1.0,30,30,-1,60000,41,13,0,8,2594.8198,0,182.81009,4020a3c1-cf59-41e9-8ce5-8f221cf96c87.extra_data.json,487mnSNu6t,28800,com.sec.android.app.shealth,2228387,27000000,4020a3c1-cf59-41e9-8ce5-8f221cf96c87,2024-08-24 00:00:00.000,
0,62710150,0,0,3325,300,2158564,90,0,62710150,2024-08-26 03:07:34.580,10,2024-08-25 03:00:00.992,3.0,30,30,-1,240000,38,11,0,8,2522.4497,0,181.49,7c4504e3-8067-41e1-b3c3-4ff32e85bd05.extra_data.json,487mnSNu6t,49600,com.sec.android.app.shealth,2108964,39960000,7c4504e3-8067-41e1-b3c3-4ff32e85bd05,2024-08-25 00:00:00.000,
0,62710150,0,4231823,6243,300,6272223,90,3611619,62710150,2024-08-27 13:42:08.234,10,2024-08-26 03:00:00.615,0.0,30,30,-1,3611619,114,14,0,8,3440.9941,2568000,871.25336,4808195d-fce5-41bc-ae57-bbd25aa6d3cb.extra_data.json,487mnSNu6t,218714,com.sec.android.app.shealth,2441890,26040000,4808195d-fce5-41bc-ae57-bbd25aa6d3cb,2024-08-26 00:00:00.000,
0,62710150,0,4596293,7574,300,7468949,90,2919563,62710150,2024-08-28 10:02:39.679,10,2024-08-27 03:00:02.187,1.0,30,30,-1,2919563,137,14,0,8,5534.7534,3410000,921.10956,e1c930a2-0ec0-404b-9cef-d587f45965d9.extra_data.json,487mnSNu6t,82305,com.sec.android.app.shealth,4467081,26100000,e1c930a2-0ec0-404b-9cef-d587f45965d9,2024-08-27 00:00:00.000,
0,62710150,0,0,4779,300,2972207,90,0,62710150,2024-08-29 15:14:19.239,10,2024-08-28 03:00:01.366,8.0,30,30,-1,420000,54,13,0,8,3688.1292,0,262.09998,d8aa6df9-b8ad-4f73-8dd9-43688c8a93ff.extra_data.json,487mnSNu6t,64382,com.sec.android.app.shealth,2907825,25260000,d8aa6df9-b8ad-4f73-8dd9-43688c8a93ff,2024-08-28 00:00:00.000,
0,62710150,0,4563053,6144,300,6412968,90,3614839,62710150,2024-08-30 10:11:07.516,10,2024-08-29 03:00:02.058,1.0,30,30,-1,3848226,117,15,0,8,3765.7097,3471000,840.67474,95d18a22-4449-454a-927b-a18a611246b7.extra_data.json,487mnSNu6t,121910,com.sec.android.app.shealth,2676219,27480000,95d18a22-4449-454a-927b-a18a611246b7,2024-08-29 00:00:00.000,
0,62710150,0,3585419,7400,300,7934179,90,3585419,62710150,2024-08-31 03:32:53.742,10,2024-08-30 03:00:05.381,9.0,30,30,-1,3585419,146,15,0,8,5253.5596,2095000,888.11176,46131245-9bc9-4e17-a7e1-529098787b6a.extra_data.json,487mnSNu6t,147445,com.sec.android.app.shealth,4201315,25140000,46131245-9bc9-4e17-a7e1-529098787b6a,2024-08-30 00:00:00.000,
0,62710150,0,4402130,4544,300,6695154,90,4402130,62720090,2024-09-01 13:56:31.886,10,2024-08-31 03:11:49.454,1.0,30,30,-1,4402130,123,11,0,8,2946.0295,2878000,847.50037,a4a0c382-6aa0-483c-a81d-8ceb39adb985.extra_data.json,487mnSNu6t,109498,com.sec.android.app.shealth,2183526,33840000,a4a0c382-6aa0-483c-a81d-8ceb39adb985,2024-08-31 00:00:00.000,
0,62720090,0,0,3589,300,2269415,90,0,62720090,2024-09-02 01:44:33.641,10,2024-09-01 03:00:01.151,1.0,30,30,-1,180000,41,12,0,8,2771.2996,0,177.6201,3dcf9c60-05e9-475c-81e4-5fa0e5027634.extra_data.json,487mnSNu6t,140113,com.sec.android.app.shealth,2129302,39300000,3dcf9c60-05e9-475c-81e4-5fa0e5027634,2024-09-01 00:00:00.000,
0,62720090,0,4737903,6139,300,6174458,90,2454523,62720090,2024-09-03 10:33:52.127,10,2024-09-02 03:00:00.761,1.0,30,30,-1,3505465,113,12,0,8,4419.4688,2801000,773.57996,9583f437-b302-4ed9-b60e-00328cc27088.extra_data.json,487mnSNu6t,26800,com.sec.android.app.shealth,3693135,27720000,9583f437-b302-4ed9-b60e-00328cc27088,2024-09-02 00:00:00.000,
0,62720090,0,5458465,9970,300,8398332,90,2752158,62720090,2024-09-04 09:44:55.222,10,2024-09-03 03:00:01.251,1.0,30,30,-1,2752158,154,17,0,8,7523.463,2500000,920.482,6d9a1547-70d5-4f6f-9fc7-de8effc48e83.extra_data.json,487mnSNu6t,154495,com.sec.android.app.shealth,5491679,26760000,6d9a1547-70d5-4f6f-9fc7-de8effc48e83,2024-09-03 00:00:00.000,
0,62720090,0,2202000,6377,300,3845813,90,0,62720090,2024-09-05 03:42:04.729,10,2024-09-04 03:00:04.880,1.0,30,30,-1,900000,70,16,0,8,4940.1787,0,210.54784,08b46ab5-3af9-4511-bce0-7e52f1dd469a.extra_data.json,487mnSNu6t,12400,com.sec.android.app.shealth,3833413,16320000,08b46ab5-3af9-4511-bce0-7e52f1dd469a,2024-09-04 00:00:00.000,
0,62720090,0,4653239,8069,300,7977548,90,3264843,62720090,2024-09-06 03:44:21.317,10,2024-09-05 03:00:01.833,24.0,30,30,-1,3264843,146,15,0,8,5816.5728,3023000,930.6689,86b54582-2598-48cb-a69c-279cd850fb10.extra_data.json,487mnSNu6t,129605,com.sec.android.app.shealth,4583100,22860000,86b54582-2598-48cb-a69c-279cd850fb10,2024-09-05 00:00:00.000,
0,62720090,0,1800000,6179,300,3614586,90,0,62720090,2024-09-07 12:52:29.555,10,2024-09-06 03:00:00.734,1.0,30,30,-1,900000,65,12,0,8,4813.4595,0,244.23999,e46b70c3-e3ac-4f66-ad30-fcb485baa042.extra_data.json,487mnSNu6t,108400,com.sec.android.app.shealth,3506186,30840000,e46b70c3-e3ac-4f66-ad30-fcb485baa042,2024-09-06 00:00:00.000,
0,62720090,0,3610884,6190,300,7132660,90,3610884,62720090,2024-09-08 04:18:05.670,10,2024-09-07 03:00:00.931,0.0,30,30,-1,3727093,131,16,0,8,4368.375,2962000,813.3337,2c5bf445-23ba-4918-afd4-c11cfe6bedc5.extra_data.json,487mnSNu6t,83600,com.sec.android.app.shealth,3438176,33720000,2c5bf445-23ba-4918-afd4-c11cfe6bedc5,2024-09-07 00:00:00.000,
0,62720090,0,0,2529,300,1670530,90,0,62720090,2024-09-09 02:20:03.099,10,2024-09-08 03:04:01.738,0.0,30,30,-1,60000,30,14,0,8,1892.4803,0,105.439995,e5bc1145-9456-48f3-a052-19f1493a49a2.extra_data.json,487mnSNu6t,16400,com.sec.android.app.shealth,1654130,30660000,e5bc1145-9456-48f3-a052-19f1493a49a2,2024-09-08 00:00:00.000,
0,62720090,0,3988681,6591,300,5984134,90,2310330,62720090,2024-09-10 23:04:47.905,10,2024-09-09 03:00:00.816,0.0,30,30,-1,2310330,110,14,0,8,4956.1665,1945000,725.7189,76cf5ee9-8dba-40f6-abf0-8a88d55a7769.extra_data.json,487mnSNu6t,168398,com.sec.android.app.shealth,3505406,23280000,76cf5ee9-8dba-40f6-abf0-8a88d55a7769,2024-09-09 00:00:00.000,
0,62720090,0,3991740,9741,300,5743836,90,0,62720090,2024-09-11 02:34:11.761,10,2024-09-10 03:00:00.617,0.0,30,30,-1,990740,105,15,0,8,7624.7227,0,304.9421,bad507c5-9736-4177-85e9-108f45ad66ae.extra_data.json,487mnSNu6t,11200,com.sec.android.app.shealth,5732636,24540000,bad507c5-9736-4177-85e9-108f45ad66ae,2024-09-10 00:00:00.000,
0,62720090,0,1321263,10217,300,6432878,90,0,62720090,2024-09-12 02:52:47.711,10,2024-09-11 03:00:01.944,34.0,30,30,-1,662378,118,16,0,8,7824.232,524000,583.2276,519c12c0-fd2f-43e0-9cdd-0ef30afb4b21.extra_data.json,487mnSNu6t,128734,com.sec.android.app.shealth,6304144,24240000,519c12c0-fd2f-43e0-9cdd-0ef30afb4b21,2024-09-11 00:00:00.000,
0,62720090,0,5608851,7512,300,8009956,90,3748226,62720090,2024-09-13 01:46:44.981,10,2024-09-12 03:00:01.922,6.0,30,30,-1,4411989,146,17,0,8,5059.3823,2565000,962.71936,52e58bbc-0170-4832-a0e0-dbb96dfa4209.extra_data.json,487mnSNu6t,8239,com.sec.android.app.shealth,4253491,24660000,52e58bbc-0170-4832-a0e0-dbb96dfa4209,2024-09-12 00:00:00.000,
0,62720090,0,7273958,11462,300,9708074,90,2943657,62720090,2024-09-14 01:51:59.739,10,2024-09-13 03:00:01.307,14.0,30,30,-1,3871554,178,16,0,8,8587.417,4354000,1193.9845,c19994be-aafc-48fc-b481-4787e8556db1.extra_data.json,487mnSNu6t,99533,com.sec.android.app.shealth,6664884,23040000,c19994be-aafc-48fc-b481-4787e8556db1,2024-09-13 00:00:00.000,
0,62720090,0,660000,4925,300,3046207,90,0,62720090,2024-09-15 10:19:23.694,10,2024-09-14 03:00:02.508,1.0,30,30,-1,660000,55,14,0,8,3794.8193,0,255.30005,867d0f8b-2657-47ab-a578-39aa41125964.extra_data.json,487mnSNu6t,11200,com.sec.android.app.shealth,3035007,28560000,867d0f8b-2657-47ab-a578-39aa41125964,2024-09-14 00:00:00.000,
0,62720090,0,0,1849,300,1079900,90,0,62720090,2024-09-16 10:37:30.252,10,2024-09-15 03:00:01.631,0.0,30,30,-1,120000,18,11,0,8,1512.9999,0,132.48999,06703305-ce71-4d4e-9d24-42f6a46270cb.extra_data.json,487mnSNu6t,185464,com.sec.android.app.shealth,894436,31200000,06703305-ce71-4d4e-9d24-42f6a46270cb,2024-09-15 00:00:00.000,
0,62720090,0,0,1921,300,1270627,90,0,62720090,2024-09-17 02:40:27.216,10,2024-09-16 03:28:45.056,0.0,30,30,-1,42688,22,14,0,8,1462.3596,0,104.739975,00991ac0-914c-4ace-a819-ee59d605269e.extra_data.json,487mnSNu6t,16000,com.sec.android.app.shealth,1254627,23280000,00991ac0-914c-4ace-a819-ee59d605269e,2024-09-16 00:00:00.000,
0,62720090,0,2347660,7610,300,4611245,90,0,62720090,2024-09-18 01:09:48.165,10,2024-09-17 03:00:01.123,11.0,30,30,-1,977669,84,16,0,8,5967.8853,751000,529.0404,20f823bd-2849-4118-9515-ec2f886bc1ab.extra_data.json,487mnSNu6t,87670,com.sec.android.app.shealth,4523575,22080000,20f823bd-2849-4118-9515-ec2f886bc1ab,2024-09-17 00:00:00.000,
0,62720090,0,672496,5898,300,3739613,90,0,62720090,2024-09-19 01:33:40.994,10,2024-09-18 03:08:08.954,8.0,30,30,-1,680467,67,12,0,8,4523.8276,352000,353.50516,758b54c4-3f3d-4b1a-97ee-0cc2b70fbf76.extra_data.json,487mnSNu6t,28000,com.sec.android.app.shealth,3711613,23340000,758b54c4-3f3d-4b1a-97ee-0cc2b70fbf76,2024-09-18 00:00:00.000,
0,62720090,0,3060617,5696,300,6502223,90,3060617,62720090,2024-09-20 10:00:05.592,10,2024-09-19 03:00:02.454,5.0,30,30,-1,3074686,120,14,0,8,4177.1655,1446000,735.0616,e8086f70-f72e-4c7a-8931-6aa83f215f9c.extra_data.json,487mnSNu6t,79600,com.sec.android.app.shealth,3362006,30540000,e8086f70-f72e-4c7a-8931-6aa83f215f9c,2024-09-19 00:00:00.000,
0,62720090,0,0,5711,300,3575394,90,0,62720090,2024-09-21 15:27:30.066,10,2024-09-20 03:00:00.638,4.0,30,30,-1,360000,64,17,0,8,4380.0386,0,316.50998,2e1d88e9-ba7a-44ec-b397-9c67f1a4f3d0.extra_data.json,487mnSNu6t,119600,com.sec.android.app.shealth,3455794,19800000,2e1d88e9-ba7a-44ec-b397-9c67f1a4f3d0,2024-09-20 00:00:00.000,
0,62720090,0,0,2628,300,1659140,90,0,62720090,2024-09-22 03:45:27.304,10,2024-09-21 03:00:01.669,0.0,30,30,-1,60000,30,10,0,8,2022.8306,0,139.55997,373ebfb3-8eb7-43aa-ad61-8ed08e602955.extra_data.json,487mnSNu6t,96840,com.sec.android.app.shealth,1562300,45420000,373ebfb3-8eb7-43aa-ad61-8ed08e602955,2024-09-21 00:00:00.000,
0,62720090,0,0,2944,300,1855657,90,0,62720090,2024-09-23 08:51:53.372,10,2024-09-22 03:00:02.109,0.0,30,30,-1,60000,33,12,0,8,2274.4,0,160.74997,f1e07dc7-c099-4132-81f2-3a7deb296e5b.extra_data.json,487mnSNu6t,131473,com.sec.android.app.shealth,1724184,35460000,f1e07dc7-c099-4132-81f2-3a7deb296e5b,2024-09-22 00:00:00.000,
0,62720090,0,6094664,6476,300,7430206,90,5044374,62720090,2024-09-24 11:26:41.695,10,2024-09-23 03:47:03.536,0.0,30,30,-1,5044374,135,10,0,8,3193.7893,1918000,967.10425,fc99a627-15d5-407c-a171-922e94d9dba1.extra_data.json,487mnSNu6t,114683,com.sec.android.app.shealth,2271149,23820000,fc99a627-15d5-407c-a171-922e94d9dba1,2024-09-23 00:00:00.000,
0,62720090,0,4711379,4579,300,5301605,90,2835736,62720090,2024-09-25 13:32:23.326,10,2024-09-24 03:00:01.787,1.0,30,30,-1,3821404,96,6,0,8,3328.3413,2347000,710.9179,739511a4-080e-4a9b-8bab-fd2b81c52680.extra_data.json,487mnSNu6t,10400,com.sec.android.app.shealth,2455469,18480000,739511a4-080e-4a9b-8bab-fd2b81c52680,2024-09-24 00:00:00.000,
0,62720090,0,0,3992,300,2454390,90,0,62720090,2024-09-26 00:43:08.106,10,2024-09-25 03:00:02.501,0.0,30,30,-1,300000,44,14,0,8,3073.8096,0,180.75003,e54b2dfb-b166-460c-ab9c-1c42e9da1b85.extra_data.json,487mnSNu6t,96581,com.sec.android.app.shealth,2357809,25440000,e54b2dfb-b166-460c-ab9c-1c42e9da1b85,2024-09-25 00:00:00.000,
0,62720090,0,3622254,7483,300,6954929,90,2562492,62720090,2024-09-27 02:57:03.907,10,2024-09-26 03:00:00.900,6.0,30,30,-1,2562492,127,16,0,8,5396.217,3139000,789.78577,1d55121f-6fb6-4fd1-958c-31f908c39af3.extra_data.json,487mnSNu6t,68800,com.sec.android.app.shealth,4323637,25020000,1d55121f-6fb6-4fd1-958c-31f908c39af3,2024-09-26 00:00:00.000,
0,62720090,0,3936110,6124,300,6726198,90,3311997,62720090,2024-09-28 03:00:06.574,10,2024-09-27 03:00:01.962,1.0,30,30,-1,3952840,123,12,0,8,4369.1904,2114000,783.0065,7782931b-72d6-418d-950f-ea6c881d0ea5.extra_data.json,487mnSNu6t,163499,com.sec.android.app.shealth,3250702,25680000,7782931b-72d6-418d-950f-ea6c881d0ea5,2024-09-27 00:00:00.000,
0,62720090,0,0,2729,300,1808332,90,0,62720090,2024-09-29 05:11:02.296,10,2024-09-28 03:00:00.902,1.0,30,30,-1,60000,32,8,0,8,2043.9801,0,122.799995,7e152a81-82ae-4bdb-ace1-e85b52b59dfd.extra_data.json,487mnSNu6t,16800,com.sec.android.app.shealth,1791532,29460000,7e152a81-82ae-4bdb-ace1-e85b52b59dfd,2024-09-28 00:00:00.000,
0,62720090,0,0,1510,300,930269,90,0,62720090,2024-09-30 09:56:12.002,10,2024-09-29 03:00:01.128,0.0,30,30,-1,60000,15,12,0,8,1187.5103,0,92.06999,8beff44c-18eb-4f25-a792-e55f16a7c9d9.extra_data.json,487mnSNu6t,109810,com.sec.android.app.shealth,820459,25560000,8beff44c-18eb-4f25-a792-e55f16a7c9d9,2024-09-29 00:00:00.000,
0,62720090,0,4642000,8125,300,7295638,90,2653014,62810050,2024-10-25 11:34:15.715,10,2024-09-30 03:15:06.693,12.0,30,30,-1,3509468,134,17,0,8,5807.5835,3160000,852.30237,3607bb1c-c4b2-4bd9-8fec-5bca66bfa58c.extra_data.json,487mnSNu6t,82400,com.sec.android.app.shealth,4560224,86400000,3607bb1c-c4b2-4bd9-8fec-5bca66bfa58c,2024-09-30 00:00:00.000,
0,62720090,0,0,3484,300,2181657,90,0,62720090,2024-10-02 01:13:41.365,10,2024-10-01 03:00:03.154,0.0,30,30,-1,240000,40,13,0,8,2624.0203,0,114.209984,bcfc788f-396a-4b84-8d9f-a7a3f60ee030.extra_data.json,487mnSNu6t,13600,com.sec.android.app.shealth,2168057,25560000,bcfc788f-396a-4b84-8d9f-a7a3f60ee030,2024-10-01 00:00:00.000,
0,62720090,0,3365000,7373,300,7038085,90,2697760,62810050,2024-10-25 11:34:15.087,10,2024-10-02 03:00:02.583,7.0,30,30,-1,2697760,128,13,0,8,5362.3633,1960000,747.4616,ed1dc759-48eb-4d24-89d5-975b2f14b665.extra_data.json,487mnSNu6t,82000,com.sec.android.app.shealth,4258325,86400000,ed1dc759-48eb-4d24-89d5-975b2f14b665,2024-10-02 00:00:00.000,
0,62720090,0,3410000,2541,300,4720920,90,3410568,62810050,2024-10-25 11:34:14.690,10,2024-10-03 03:00:02.293,0.0,30,30,-1,3410568,86,9,0,8,1664.9573,410000,562.7026,3bfb4dfa-43b9-4063-9746-eaab489cd281.extra_data.json,487mnSNu6t,32000,com.sec.android.app.shealth,1278352,86400000,3bfb4dfa-43b9-4063-9746-eaab489cd281,2024-10-03 00:00:00.000,
0,62720090,0,2076000,3267,300,3928163,90,2076634,62810050,2024-10-25 11:34:14.348,10,2024-10-04 03:00:02.027,1.0,30,30,-1,2076634,72,13,0,8,2333.1672,860000,425.47928,dd8b5c60-b52e-4a3d-83a1-3f969f0d8d99.extra_data.json,487mnSNu6t,105200,com.sec.android.app.shealth,1746329,86400000,dd8b5c60-b52e-4a3d-83a1-3f969f0d8d99,2024-10-04 00:00:00.000,
0,62720090,0,3313000,7965,300,7136199,90,2480784,62810050,2024-11-01 23:55:39.271,10,2024-10-05 03:00:00.930,2.0,30,30,-1,2480784,131,14,0,8,5944.4326,270000,653.71155,7e645f58-386b-4f39-a88a-7680ae13c09c.extra_data.json,487mnSNu6t,155200,com.sec.android.app.shealth,4500215,86400000,7e645f58-386b-4f39-a88a-7680ae13c09c,2024-10-05 00:00:00.000,
0,62720090,0,746000,4034,300,2674688,90,0,62810050,2024-11-03 02:52:12.313,10,2024-10-06 03:27:50.735,1.0,30,30,-1,746493,48,11,0,8,3078.4526,0,264.81097,bc2d8908-4a94-49c8-9ab3-892c3c280d60.extra_data.json,487mnSNu6t,84088,com.sec.android.app.shealth,2590600,86400000,bc2d8908-4a94-49c8-9ab3-892c3c280d60,2024-10-06 00:00:00.000,
0,62720090,0,0,1450,300,881320,90,0,62720090,2024-10-08 03:47:03.191,10,2024-10-07 03:11:12.326,0.0,30,30,-1,60000,15,9,0,8,1149.8401,0,92.50001,2e5063c7-c43b-4ed1-9afd-39771a78f572.extra_data.json,487mnSNu6t,96245,com.sec.android.app.shealth,785075,23760000,2e5063c7-c43b-4ed1-9afd-39771a78f572,2024-10-07 00:00:00.000,
0,62720090,0,901000,5576,300,3518756,90,0,62810050,2024-11-04 10:29:28.487,10,2024-10-08 03:00:01.813,5.0,30,30,-1,901467,64,13,0,8,4272.4155,420000,351.64987,8e40f3f3-0582-4ba1-9dab-63a89a8ec147.extra_data.json,487mnSNu6t,12800,com.sec.android.app.shealth,3505956,86400000,8e40f3f3-0582-4ba1-9dab-63a89a8ec147,2024-10-08 00:00:00.000,
0,62720090,0,0,580,300,386860,90,0,62720090,2024-10-10 02:30:23.508,10,2024-10-09 03:00:05.119,0.0,30,30,-1,26680,6,6,0,8,434.84,0,30.12,2192aed6-52ce-4b9a-9ace-33921c5f5ac6.extra_data.json,487mnSNu6t,0,com.sec.android.app.shealth,386860,30900000,2192aed6-52ce-4b9a-9ace-33921c5f5ac6,2024-10-09 00:00:00.000,
0,62720090,0,0,2863,300,1812739,90,0,62720090,2024-10-11 11:27:58.567,10,2024-10-10 03:00:01.745,0.0,30,30,-1,300000,33,10,0,8,2178.64,0,145.64,e1fa180b-eeab-402d-987c-46ddae8d5e24.extra_data.json,487mnSNu6t,800,com.sec.android.app.shealth,1811939,27300000,e1fa180b-eeab-402d-987c-46ddae8d5e24,2024-10-10 00:00:00.000,
0,62720090,0,0,4763,300,2968139,90,0,62720090,2024-10-12 02:32:17.097,10,2024-10-11 03:00:11.656,16.0,30,30,-1,240000,54,14,0,8,3654.1592,0,269.01,8e14c93b-be5b-440d-b442-653ad93333ed.extra_data.json,487mnSNu6t,69200,com.sec.android.app.shealth,2898939,26640000,8e14c93b-be5b-440d-b442-653ad93333ed,2024-10-11 00:00:00.000,
0,62720090,0,5357000,4093,300,7054166,90,5357074,62820030,2024-11-08 10:13:22.623,10,2024-10-12 03:00:01.974,0.0,30,30,-1,5357074,130,10,0,8,1988.5,980000,854.3596,5c751b94-519b-45f2-9a97-8c1e4d65cdbd.extra_data.json,487mnSNu6t,800,com.sec.android.app.shealth,1696292,86400000,5c751b94-519b-45f2-9a97-8c1e4d65cdbd,2024-10-12 00:00:00.000,
0,62720090,0,0,1337,300,882968,90,0,62720090,2024-10-14 11:15:05.472,10,2024-10-13 03:59:36.668,0.0,30,30,-1,40687,15,12,0,8,1006.5199,0,74.09,fa21ecc2-c459-4465-a39f-c95b4db34b2a.extra_data.json,487mnSNu6t,13200,com.sec.android.app.shealth,869768,34980000,fa21ecc2-c459-4465-a39f-c95b4db34b2a,2024-10-13 00:00:00.000,
0,62720090,0,660000,3699,300,2095325,90,0,62720090,2024-10-15 00:48:52.416,10,2024-10-14 03:00:01.644,0.0,30,30,-1,900000,37,13,0,8,2999.0298,0,219.54002,4156506d-332a-48bd-b0a9-0804efe62f55.extra_data.json,487mnSNu6t,144800,com.sec.android.app.shealth,1950525,24420000,4156506d-332a-48bd-b0a9-0804efe62f55,2024-10-14 00:00:00.000,
0,62720090,0,649000,4892,300,3222598,90,0,62820030,2024-11-11 01:28:48.659,10,2024-10-15 03:02:14.423,10.0,30,30,-1,649846,58,13,0,8,3754.633,300000,313.05603,fd6d2a12-9893-4210-8871-683dfba1f246.extra_data.json,487mnSNu6t,99647,com.sec.android.app.shealth,3122951,86400000,fd6d2a12-9893-4210-8871-683dfba1f246,2024-10-15 00:00:00.000,
0,62720090,0,0,3554,300,2229112,90,0,62720090,2024-10-17 11:36:54.195,10,2024-10-16 03:00:02.192,7.0,30,30,-1,240000,40,12,0,8,2722.1501,0,191.87003,4c0cc4e7-5d43-48ad-b4eb-e02411556770.extra_data.json,487mnSNu6t,24400,com.sec.android.app.shealth,2204712,26520000,4c0cc4e7-5d43-48ad-b4eb-e02411556770,2024-10-16 00:00:00.000,
0,62720090,0,4536000,5346,300,5555488,90,2625320,62820030,2024-11-13 15:35:12.505,10,2024-10-17 03:00:01.929,0.0,30,30,-1,2625320,101,9,0,8,3918.0574,1820000,714.5962,a1ad3f2a-8532-4e2a-a8d3-38a6efc533a0.extra_data.json,487mnSNu6t,9200,com.sec.android.app.shealth,2920968,86400000,a1ad3f2a-8532-4e2a-a8d3-38a6efc533a0,2024-10-17 00:00:00.000,
0,62720090,0,0,4201,300,2610306,90,0,62720090,2024-10-19 17:56:48.193,10,2024-10-18 03:00:10.943,7.0,30,30,-1,240000,47,12,0,8,3263.51,0,228.13997,27aa50b5-62ec-4595-a36d-89508e026afe.extra_data.json,487mnSNu6t,81484,com.sec.android.app.shealth,2528822,24660000,27aa50b5-62ec-4595-a36d-89508e026afe,2024-10-18 00:00:00.000,
0,62720090,0,0,3486,300,2210664,90,0,62720090,2024-10-20 10:59:38.354,10,2024-10-19 03:00:01.831,1.0,30,30,-1,240000,40,12,0,8,2704.2798,0,192.12988,dd2d2b25-59a5-4433-b5e7-433a1be5a910.extra_data.json,487mnSNu6t,48400,com.sec.android.app.shealth,2162264,29580000,dd2d2b25-59a5-4433-b5e7-433a1be5a910,2024-10-19 00:00:00.000,
0,62720090,0,0,3719,300,2314093,90,0,62720090,2024-10-21 10:09:25.135,10,2024-10-20 03:00:02.367,4.0,30,30,-1,120000,42,14,0,8,2921.0383,0,229.98004,1b06ff04-e4de-4c1d-b803-4ba913cb5c0a.extra_data.json,487mnSNu6t,188962,com.sec.android.app.shealth,2125131,26100000,1b06ff04-e4de-4c1d-b803-4ba913cb5c0a,2024-10-20 00:00:00.000,
0,62720090,0,0,4071,300,2458883,90,0,62720090,2024-10-22 01:16:34.345,10,2024-10-21 03:29:25.290,7.0,30,30,-1,240000,44,14,0,8,3197.5308,0,239.67001,b9219a59-22cb-43df-b452-8645c0364957.extra_data.json,487mnSNu6t,159809,com.sec.android.app.shealth,2299074,22800000,b9219a59-22cb-43df-b452-8645c0364957,2024-10-21 00:00:00.000,
0,62720090,0,4487000,5275,300,5527502,90,2516292,62820030,2024-11-17 22:11:23.700,10,2024-10-22 03:00:01.319,1.0,30,30,-1,3545427,101,11,0,8,3936.6335,2730000,716.4882,d44468d4-fdbc-4c90-b2e0-6cdb02111d8a.extra_data.json,487mnSNu6t,18304,com.sec.android.app.shealth,2992906,86400000,d44468d4-fdbc-4c90-b2e0-6cdb02111d8a,2024-10-22 00:00:00.000,
0,62720090,0,3647000,5739,300,6327633,90,2882675,62820030,2024-11-20 02:03:53.348,10,2024-10-23 03:00:01.094,0.0,30,30,-1,2882675,116,14,0,8,4107.512,2640000,743.4623,63c13aeb-83a9-41e6-8b9b-6626f21a5354.extra_data.json,487mnSNu6t,18800,com.sec.android.app.shealth,3426158,86400000,63c13aeb-83a9-41e6-8b9b-6626f21a5354,2024-10-23 00:00:00.000,
0,62720090,0,0,1930,300,1226688,90,0,62720090,2024-10-25 02:51:32.439,10,2024-10-24 03:00:11.878,1.0,30,30,-1,60000,22,12,0,8,1491.3604,0,117.12001,955748bf-b0e1-456f-be5e-d9d7947d06aa.extra_data.json,487mnSNu6t,84020,com.sec.android.app.shealth,1142668,28500000,955748bf-b0e1-456f-be5e-d9d7947d06aa,2024-10-24 00:00:00.000,
0,62720090,0,4535000,5323,300,7401894,90,4535442,62820030,2024-11-20 13:09:52.814,10,2024-10-25 03:00:01.173,0.0,30,30,-1,4535442,135,14,0,8,3431.5972,3700000,915.4592,577bf101-bec7-420f-b8b9-2cec5932f2ac.extra_data.json,487mnSNu6t,51200,com.sec.android.app.shealth,2815252,86400000,577bf101-bec7-420f-b8b9-2cec5932f2ac,2024-10-25 00:00:00.000,
0,62810050,0,3658000,3977,300,5723953,90,3658044,62820030,2024-11-20 13:09:52.488,10,2024-10-26 03:00:01.506,0.0,30,30,-1,3820789,104,14,0,8,2468.8997,1120000,659.6981,1a321e27-dbe2-476f-bac1-add0e2ede3b1.extra_data.json,487mnSNu6t,47600,com.sec.android.app.shealth,2018309,86400000,1a321e27-dbe2-476f-bac1-add0e2ede3b1,2024-10-26 00:00:00.000,
0,62810050,0,0,2219,300,1352018,90,0,62820030,2024-11-20 13:09:52.131,10,2024-10-27 03:00:00.762,0.0,30,30,-1,240000,24,6,0,8,1707.6201,0,90.07,ea157d97-61d2-42ec-8019-4636135aa8f0.extra_data.json,487mnSNu6t,81364,com.sec.android.app.shealth,1270654,86400000,ea157d97-61d2-42ec-8019-4636135aa8f0,2024-10-27 00:00:00.000,
0,62810050,0,690000,5652,300,3442532,90,0,62820030,2024-11-25 00:06:05.904,10,2024-10-28 03:00:00.735,0.0,30,30,-1,693458,62,12,0,8,4339.286,240000,296.5193,19f2db15-23a4-4a5b-91a9-31eee56ee79e.extra_data.json,487mnSNu6t,96824,com.sec.android.app.shealth,3345708,86400000,19f2db15-23a4-4a5b-91a9-31eee56ee79e,2024-10-28 00:00:00.000,
0,62810050,0,780000,4223,300,2314317,90,0,62820030,2024-11-25 00:06:05.569,10,2024-10-29 03:07:53.684,0.0,30,30,-1,840000,42,5,0,8,3288.35,0,129.76001,49c592a3-5604-4609-86e6-22703e658c14.extra_data.json,487mnSNu6t,0,com.sec.android.app.shealth,2314317,86400000,49c592a3-5604-4609-86e6-22703e658c14,2024-10-29 00:00:00.000,
0,62810050,0,0,3553,300,2222247,90,0,62820030,2024-11-25 00:06:05.325,10,2024-10-30 03:00:01.821,0.0,30,30,-1,300000,41,12,0,8,2698.9092,0,166.87994,b3c6e1b7-db13-4270-85f2-de75ca3cdc19.extra_data.json,487mnSNu6t,60800,com.sec.android.app.shealth,2161447,86400000,b3c6e1b7-db13-4270-85f2-de75ca3cdc19,2024-10-30 00:00:00.000,
0,62810050,0,4468000,6124,300,6122044,90,2649712,62820030,2024-11-25 00:06:05.072,10,2024-10-31 03:00:01.256,0.0,30,30,-1,2649712,112,11,0,8,4514.274,2080000,740.1247,2f13dc63-3115-4c22-8b06-f768404c83b6.extra_data.json,487mnSNu6t,43600,com.sec.android.app.shealth,3428732,86400000,2f13dc63-3115-4c22-8b06-f768404c83b6,2024-10-31 00:00:00.000,
0,62810050,0,3298000,5363,300,6410442,90,3298139,62820030,2024-11-25 00:06:04.741,10,2024-11-01 03:00:00.628,0.0,30,30,-1,3298139,117,13,0,8,3677.715,1620000,702.9132,e4cf38e5-cb17-42d6-bd0c-08bc3e5a3337.extra_data.json,487mnSNu6t,14400,com.sec.android.app.shealth,3097903,86400000,e4cf38e5-cb17-42d6-bd0c-08bc3e5a3337,2024-11-01 00:00:00.000,
0,62810050,0,959000,4674,300,2717882,90,0,62820030,2024-11-29 22:34:09.825,10,2024-11-02 03:00:00.315,0.0,30,30,-1,1020000,50,8,0,8,3748.7812,0,250.0193,ec8e0d1c-0362-42dd-a0a8-3581f48263eb.extra_data.json,487mnSNu6t,559,com.sec.android.app.shealth,2717323,86400000,ec8e0d1c-0362-42dd-a0a8-3581f48263eb,2024-11-02 00:00:00.000,
0,62810050,0,0,2134,300,1365896,90,0,62820030,2024-11-29 22:34:09.393,10,2024-11-03 03:00:06.423,0.0,30,30,-1,120000,24,8,0,8,1624.7803,0,96.06999,698eeac3-5ada-4b4a-bd86-0837d133a533.extra_data.json,487mnSNu6t,0,com.sec.android.app.shealth,1365896,86400000,698eeac3-5ada-4b4a-bd86-0837d133a533,2024-11-03 00:00:00.000,
0,62810050,0,0,2082,300,1333959,90,0,62820030,2024-12-01 19:58:07.266,10,2024-11-04 03:00:02.132,0.0,30,30,-1,45356,23,14,0,8,1609.93,0,110.119995,fd0ef4e4-9993-4074-a73d-cf4d42b90023.extra_data.json,487mnSNu6t,82000,com.sec.android.app.shealth,1251959,86400000,fd0ef4e4-9993-4074-a73d-cf4d42b90023,2024-11-04 00:00:00.000,
0,62810050,0,6033000,5846,300,7348828,90,5181984,62820030,2024-12-01 19:58:06.984,10,2024-11-05 03:00:00.717,0.0,30,30,-1,5181984,134,11,0,8,2813.6604,740000,876.3815,00e53d2b-8a2e-4a33-ba41-695e7d5541c5.extra_data.json,487mnSNu6t,7200,com.sec.android.app.shealth,2159644,86400000,00e53d2b-8a2e-4a33-ba41-695e7d5541c5,2024-11-05 00:00:00.000,
0,62810050,0,520000,5574,300,3419611,90,0,62820030,2024-12-01 19:58:06.580,10,2024-11-06 03:00:00.871,0.0,30,30,-1,520639,62,13,0,8,4454.503,0,327.3029,f437705d-769f-497c-ab7a-5e6cbca3c1ec.extra_data.json,487mnSNu6t,589407,com.sec.android.app.shealth,2830204,86400000,f437705d-769f-497c-ab7a-5e6cbca3c1ec,2024-11-06 00:00:00.000,
0,62810050,0,2833000,4407,300,5353792,90,2833987,62820030,2024-12-01 19:58:06.217,10,2024-11-07 03:00:01.006,0.0,30,30,-1,2833987,97,12,0,8,2994.0044,2490000,611.84515,aebf6680-805f-476f-8974-dca7e2631dda.extra_data.json,487mnSNu6t,12000,com.sec.android.app.shealth,2507805,86400000,aebf6680-805f-476f-8974-dca7e2631dda,2024-11-07 00:00:00.000,
0,62810050,0,2764000,5757,300,6183684,90,2764025,62850050,2024-12-05 05:13:28.799,10,2024-11-08 03:00:02.029,0.0,30,30,-1,2764025,113,14,0,8,4171.723,1810000,644.4006,435764b4-fdb8-4a28-b33a-4eb9bb7f9b1a.extra_data.json,487mnSNu6t,43600,com.sec.android.app.shealth,3376059,86400000,435764b4-fdb8-4a28-b33a-4eb9bb7f9b1a,2024-11-08 00:00:00.000,
0,62820030,0,0,2588,300,1654462,90,0,62850050,2024-12-06 16:28:29.358,10,2024-11-09 03:00:02.040,0.0,30,30,-1,60000,30,12,0,8,2003.6802,0,145.48001,108d7d9d-cd5b-45ba-bec2-944c8cafb33c.extra_data.json,487mnSNu6t,76400,com.sec.android.app.shealth,1578062,86400000,108d7d9d-cd5b-45ba-bec2-944c8cafb33c,2024-11-09 00:00:00.000,
0,62820030,0,0,1039,300,693013,90,0,62850050,2024-12-06 16:28:29.226,10,2024-11-10 03:00:01.681,0.0,30,30,-1,50025,12,8,0,8,786.77997,0,53.739994,913a76ed-4e23-4da8-937f-c3d7d797f787.extra_data.json,487mnSNu6t,0,com.sec.android.app.shealth,693013,86400000,913a76ed-4e23-4da8-937f-c3d7d797f787,2024-11-10 00:00:00.000,
0,62820030,0,678000,4111,300,2418122,90,0,62850050,2024-12-06 16:28:29.128,10,2024-11-11 03:00:00.776,0.0,30,30,-1,678518,44,12,0,8,3188.5513,360000,201.85484,444c49e7-4731-425c-b765-b49cc883845b.extra_data.json,487mnSNu6t,17600,com.sec.android.app.shealth,2400522,86400000,444c49e7-4731-425c-b765-b49cc883845b,2024-11-11 00:00:00.000,
0,62820030,0,0,5592,300,3516503,90,0,62850050,2024-12-09 16:38:14.696,10,2024-11-12 03:00:02.326,0.0,30,30,-1,360000,64,13,0,8,4292.709,0,250.31001,11f3d30c-ea87-4515-8c29-f27d4be7e8d2.extra_data.json,487mnSNu6t,125663,com.sec.android.app.shealth,3390840,86400000,11f3d30c-ea87-4515-8c29-f27d4be7e8d2,2024-11-12 00:00:00.000,
0,62820030,0,4378000,9000,300,7814702,90,2617771,62850050,2024-12-09 16:38:14.401,10,2024-11-13 03:09:32.811,0.0,30,30,-1,2617771,143,14,0,8,6738.3545,2320000,904.5777,a33003c2-f91f-43f0-bb5f-45602806a385.extra_data.json,487mnSNu6t,72800,com.sec.android.app.shealth,5124131,86400000,a33003c2-f91f-43f0-bb5f-45602806a385,2024-11-13 00:00:00.000,
0,62820030,0,4718000,5890,300,5966504,90,2476637,62850050,2024-12-09 16:38:13.984,10,2024-11-14 03:09:12.972,0.0,30,30,-1,2476637,110,12,0,8,4371.1274,1670000,737.73944,c010c1ec-d3d7-4df7-b952-f467c98abfca.extra_data.json,487mnSNu6t,9823,com.sec.android.app.shealth,3480044,86400000,c010c1ec-d3d7-4df7-b952-f467c98abfca,2024-11-14 00:00:00.000,
0,62820030,0,1399000,6066,300,4311947,90,0,62850050,2024-12-12 20:34:12.011,10,2024-11-15 03:00:01.430,0.0,30,30,-1,742347,78,12,0,8,4585.483,0,394.25034,56557155-3963-4709-bacc-9b5cdb4350d2.extra_data.json,487mnSNu6t,2000,com.sec.android.app.shealth,4309947,86400000,56557155-3963-4709-bacc-9b5cdb4350d2,2024-11-15 00:00:00.000,
0,62820030,0,4731000,6223,300,8189617,90,4731222,62850050,2024-12-13 10:43:10.786,10,2024-11-16 03:43:17.992,0.0,30,30,-1,4762257,150,15,0,8,4308.4297,3420000,1084.2928,d1f39d2b-f5de-4d24-b123-a14ecd051d6f.extra_data.json,487mnSNu6t,124706,com.sec.android.app.shealth,3333689,86400000,d1f39d2b-f5de-4d24-b123-a14ecd051d6f,2024-11-16 00:00:00.000,
0,62820030,0,0,3862,300,2253297,90,0,62850050,2024-12-13 10:43:10.663,10,2024-11-17 03:00:00.983,0.0,30,30,-1,480000,41,9,0,8,3002.0095,0,194.61,beaaeab8-5b13-4de8-8a80-9ddf91623cbb.extra_data.json,487mnSNu6t,32000,com.sec.android.app.shealth,2221297,86400000,beaaeab8-5b13-4de8-8a80-9ddf91623cbb,2024-11-17 00:00:00.000,
0,62820030,0,0,5143,300,3198093,90,0,62850050,2024-12-13 10:43:10.569,10,2024-11-18 03:07:23.819,0.0,30,30,-1,240000,57,14,0,8,3944.4207,0,246.49,eab806aa-20f9-4567-acbb-da5713d33b51.extra_data.json,487mnSNu6t,118055,com.sec.android.app.shealth,3080038,86400000,eab806aa-20f9-4567-acbb-da5713d33b51,2024-11-18 00:00:00.000,
0,62820030,0,5632000,5185,300,6478263,90,3568785,62850050,2024-12-13 10:43:10.467,10,2024-11-19 03:00:00.779,0.0,30,30,-1,4513035,118,9,0,8,3857.3442,1120000,818.7652,2d5a6f82-4386-497e-bb95-fd5e3fbb2a32.extra_data.json,487mnSNu6t,82742,com.sec.android.app.shealth,2826736,86400000,2d5a6f82-4386-497e-bb95-fd5e3fbb2a32,2024-11-19 00:00:00.000,
0,62820030,0,0,4377,300,2830845,90,0,62850050,2024-12-13 10:43:10.343,10,2024-11-20 03:09:30.016,0.0,30,30,-1,120000,51,13,0,8,3407.5996,0,252.94998,e0ebad5e-c258-4b6b-a61e-8ed5371f848f.extra_data.json,487mnSNu6t,99600,com.sec.android.app.shealth,2731245,86400000,e0ebad5e-c258-4b6b-a61e-8ed5371f848f,2024-11-20 00:00:00.000,
0,62820030,0,0,4380,300,2716925,90,0,62850050,2024-12-13 10:43:10.234,10,2024-11-21 03:00:01.989,0.0,30,30,-1,300000,50,14,0,8,3378.9702,0,237.72,434944c6-55aa-41be-9753-d490d18a332c.extra_data.json,487mnSNu6t,76442,com.sec.android.app.shealth,2640483,86400000,434944c6-55aa-41be-9753-d490d18a332c,2024-11-21 00:00:00.000,
0,62820030,0,2698000,2938,300,4295835,90,2698954,62850050,2024-12-19 21:03:56.280,10,2024-11-22 03:00:01.961,0.0,30,30,-1,2698954,78,11,0,8,2082.644,460000,522.16156,13459047-879b-4326-ac68-e6f9e7db29e0.extra_data.json,487mnSNu6t,142243,com.sec.android.app.shealth,1454638,86400000,13459047-879b-4326-ac68-e6f9e7db29e0,2024-11-22 00:00:00.000,
0,62820030,0,0,2733,300,1754695,90,0,62850050,2024-12-20 16:02:10.647,10,2024-11-23 03:00:01.210,0.0,30,30,-1,120000,32,12,0,8,2081.0999,0,142.27,171ee3ac-ee9a-4293-a8ae-40974492bb60.extra_data.json,487mnSNu6t,4000,com.sec.android.app.shealth,1750695,86400000,171ee3ac-ee9a-4293-a8ae-40974492bb60,2024-11-23 00:00:00.000,
0,62820030,0,0,214,300,142738,90,0,62850050,2024-12-20 16:02:10.396,10,2024-11-24 03:00:01.243,0.0,30,30,-1,24679,2,3,0,8,162.0,0,11.08,a727aaa0-adc0-450c-8225-e3887d2116a1.extra_data.json,487mnSNu6t,0,com.sec.android.app.shealth,142738,86400000,a727aaa0-adc0-450c-8225-e3887d2116a1,2024-11-24 00:00:00.000,
0,62820030,0,0,1942,300,1177839,90,0,62850050,2024-12-20 16:02:10.174,10,2024-11-25 03:11:40.141,0.0,30,30,-1,60000,21,14,0,8,1557.2399,0,126.48,bd16b208-6dbc-4289-b0e8-5f2a27f05f18.extra_data.json,487mnSNu6t,151333,com.sec.android.app.shealth,1026506,86400000,bd16b208-6dbc-4289-b0e8-5f2a27f05f18,2024-11-25 00:00:00.000,
0,62820030,0,4377000,4237,300,4834327,90,2581720,62850050,2024-12-20 16:02:09.894,10,2024-11-26 03:00:00.917,0.0,30,30,-1,2581720,88,6,0,8,3054.5618,2880000,653.08234,6a2895db-6372-4ff1-af0b-c4649e7a5186.extra_data.json,487mnSNu6t,6800,com.sec.android.app.shealth,2245807,86400000,6a2895db-6372-4ff1-af0b-c4649e7a5186,2024-11-26 00:00:00.000,
0,62820030,0,3847000,6628,300,6702213,90,2725488,62850050,2024-12-20 16:02:09.539,10,2024-11-27 03:00:00.925,0.0,30,30,-1,2725488,123,13,0,8,4926.9434,2930000,750.5008,1fae96d8-f7cc-4dd7-afb9-934801eecdac.extra_data.json,487mnSNu6t,64800,com.sec.android.app.shealth,3911925,86400000,1fae96d8-f7cc-4dd7-afb9-934801eecdac,2024-11-27 00:00:00.000,
0,62820030,0,3998000,6624,300,7365412,90,3998110,62850050,2024-12-20 16:02:09.213,10,2024-11-28 03:00:00.693,0.0,30,30,-1,4023192,135,13,0,8,4188.7334,2140000,851.55023,0bab542a-8a15-4caa-9186-8d7f7017265c.extra_data.json,487mnSNu6t,148578,com.sec.android.app.shealth,3218724,86400000,0bab542a-8a15-4caa-9186-8d7f7017265c,2024-11-28 00:00:00.000,
0,62820030,0,0,2146,300,1373276,90,0,62850050,2024-12-20 16:02:08.890,10,2024-11-29 03:00:00.598,0.0,30,30,-1,60000,24,9,0,8,1667.5302,0,136.22,24ff4c0e-df74-4be4-95ae-0dca44dc1ba3.extra_data.json,487mnSNu6t,70418,com.sec.android.app.shealth,1302858,86400000,24ff4c0e-df74-4be4-95ae-0dca44dc1ba3,2024-11-29 00:00:00.000,
0,62820030,0,0,167,300,111389,90,0,62850050,2024-12-20 16:02:08.613,10,2024-11-30 03:00:00.783,0.0,30,30,-1,60000,1,1,0,8,124.44,0,9.95,78977fa5-6c08-4ca4-879e-c986dd30e813.extra_data.json,487mnSNu6t,0,com.sec.android.app.shealth,111389,86400000,78977fa5-6c08-4ca4-879e-c986dd30e813,2024-11-30 00:00:00.000,
0,62820030,0,0,2099,300,1398431,90,0,62850050,2024-12-20 16:02:08.338,10,2024-12-01 03:00:01.885,0.0,30,30,-1,60000,25,10,0,8,1578.73,0,116.479996,2a90e0af-19b3-41ee-86e4-5638ee063fbf.extra_data.json,487mnSNu6t,2400,com.sec.android.app.shealth,1396031,86400000,2a90e0af-19b3-41ee-86e4-5638ee063fbf,2024-12-01 00:00:00.000,
0,62820030,0,0,1385,300,784161,90,0,62850050,2024-12-20 16:02:08.052,10,2024-12-02 03:00:00.695,0.0,30,30,-1,180000,13,10,0,8,1128.53,0,94.05,e4b67feb-df70-4bc3-97e1-29e2a8379679.extra_data.json,487mnSNu6t,153438,com.sec.android.app.shealth,630723,86400000,e4b67feb-df70-4bc3-97e1-29e2a8379679,2024-12-02 00:00:00.000,
0,62820030,0,0,475,300,309082,90,0,62850050,2024-12-20 16:02:07.788,10,2024-12-03 03:00:00.905,0.0,30,30,-1,34278,4,5,0,8,363.85995,0,21.07,7713b8bd-ad64-4849-846a-26616b7f01ea.extra_data.json,487mnSNu6t,11600,com.sec.android.app.shealth,297482,86400000,7713b8bd-ad64-4849-846a-26616b7f01ea,2024-12-03 00:00:00.000,
0,62820030,0,0,5467,300,3417737,90,0,62850050,2024-12-20 16:02:07.552,10,2024-12-04 03:00:00.910,0.0,30,30,-1,420000,62,13,0,8,4153.671,0,260.0,2cfabffd-5ae1-48f0-8bbe-4a7bdedefcbc.extra_data.json,487mnSNu6t,43581,com.sec.android.app.shealth,3374156,86400000,2cfabffd-5ae1-48f0-8bbe-4a7bdedefcbc,2024-12-04 00:00:00.000,
0,62820030,0,0,2041,300,1338762,90,0,62850050,2024-12-20 16:02:07.253,10,2024-12-05 03:00:00.648,0.0,30,30,-1,120000,23,12,0,8,1555.3599,0,89.750015,93f49672-413d-4aed-a68c-a58a62a122f3.extra_data.json,487mnSNu6t,20800,com.sec.android.app.shealth,1317962,86400000,93f49672-413d-4aed-a68c-a58a62a122f3,2024-12-05 00:00:00.000,
0,62850050,0,712000,5389,300,3412234,90,0,62850050,2024-12-20 16:02:06.888,10,2024-12-06 03:00:01.466,0.0,30,30,-1,712905,62,14,0,8,4233.431,60000,336.74796,d7564a5d-45fd-4474-9e06-ce05e4325473.extra_data.json,487mnSNu6t,228258,com.sec.android.app.shealth,3183976,86400000,d7564a5d-45fd-4474-9e06-ce05e4325473,2024-12-06 00:00:00.000,
0,62850050,0,0,759,300,505719,90,0,62850050,2024-12-20 16:02:06.557,10,2024-12-07 03:00:02.328,0.0,30,30,-1,50025,8,5,0,8,569.5101,0,24.659998,65d73424-0973-42ef-842c-8605d6a8be65.extra_data.json,487mnSNu6t,800,com.sec.android.app.shealth,504919,86400000,65d73424-0973-42ef-842c-8605d6a8be65,2024-12-07 00:00:00.000,
0,62850050,0,0,2437,300,1522399,90,0,62850050,2024-12-20 16:02:06.254,10,2024-12-08 03:00:01.076,0.0,30,30,-1,60000,27,12,0,8,1880.9897,0,140.00998,f0884412-7cbc-49ff-a0aa-a6d5ed2120a5.extra_data.json,487mnSNu6t,130400,com.sec.android.app.shealth,1391999,86400000,f0884412-7cbc-49ff-a0aa-a6d5ed2120a5,2024-12-08 00:00:00.000,
0,62850050,0,0,1482,300,827257,90,0,62850050,2025-01-05 18:44:22.650,10,2024-12-09 03:00:00.870,0.0,30,30,-1,120000,13,12,0,8,1219.73,0,109.899994,52ce2792-883a-4b37-8c01-54eb5d2f5a8d.extra_data.json,487mnSNu6t,170064,com.sec.android.app.shealth,657193,86400000,52ce2792-883a-4b37-8c01-54eb5d2f5a8d,2024-12-09 00:00:00.000,
0,62850050,0,846000,7722,300,4712422,90,0,62850050,2025-01-06 18:47:49.328,10,2024-12-10 03:00:01.987,0.0,30,30,-1,846556,86,15,0,8,5896.346,0,501.98633,21628305-f5e6-405d-ab97-149b5b19c463.extra_data.json,487mnSNu6t,4400,com.sec.android.app.shealth,4708022,86400000,21628305-f5e6-405d-ab97-149b5b19c463,2024-12-10 00:00:00.000,
0,62850050,0,0,2355,300,1563309,90,0,62850050,2025-01-06 18:47:49.052,10,2024-12-11 03:00:00.954,0.0,30,30,-1,60000,27,12,0,8,1800.5397,0,139.44997,ed55a269-078f-4986-b365-86bd379297f6.extra_data.json,487mnSNu6t,11200,com.sec.android.app.shealth,1552109,86400000,ed55a269-078f-4986-b365-86bd379297f6,2024-12-11 00:00:00.000,
0,62850050,0,0,2744,300,1772676,90,0,62850050,2025-01-06 18:47:48.824,10,2024-12-12 03:00:01.547,0.0,30,30,-1,240000,32,12,0,8,2072.3003,0,162.90001,60daf065-cc7d-424e-9449-1f7baddc5743.extra_data.json,487mnSNu6t,0,com.sec.android.app.shealth,1772676,86400000,60daf065-cc7d-424e-9449-1f7baddc5743,2024-12-12 00:00:00.000,
0,62850050,0,0,4286,300,2668302,90,0,62850050,2025-01-06 18:47:48.530,10,2024-12-13 03:00:02.254,0.0,30,30,-1,240000,48,14,0,8,3291.08,0,210.87003,50c20edb-cc30-4f88-a459-e4085949e018.extra_data.json,487mnSNu6t,80311,com.sec.android.app.shealth,2587991,86400000,50c20edb-cc30-4f88-a459-e4085949e018,2024-12-13 00:00:00.000,
0,62850050,0,0,5519,300,3651644,90,0,62850050,2025-01-06 18:47:48.236,10,2024-12-14 03:00:02.812,0.0,30,30,-1,240000,66,14,0,8,4095.3486,0,210.10004,8890bf37-72f2-4335-9f1e-8e3b65c0ab0f.extra_data.json,487mnSNu6t,2000,com.sec.android.app.shealth,3649644,86400000,8890bf37-72f2-4335-9f1e-8e3b65c0ab0f,2024-12-14 00:00:00.000,
0,62850050,0,0,1727,300,1149506,90,0,62850050,2025-01-11 18:28:26.513,10,2024-12-15 03:21:03.497,0.0,30,30,-1,50957,21,9,0,8,1291.6201,0,54.720013,20d93cb9-dcb1-4439-ae16-26a0c471446b.extra_data.json,487mnSNu6t,3600,com.sec.android.app.shealth,1145906,86400000,20d93cb9-dcb1-4439-ae16-26a0c471446b,2024-12-15 00:00:00.000,
0,62850050,0,0,1124,300,745970,90,0,62850050,2025-01-11 18:28:26.238,10,2024-12-16 03:00:15.081,0.0,30,30,-1,52026,13,9,0,8,838.9398,0,45.680004,ddcb00fd-ab7f-4378-ac7b-e0980dff2935.extra_data.json,487mnSNu6t,5600,com.sec.android.app.shealth,740370,86400000,ddcb00fd-ab7f-4378-ac7b-e0980dff2935,2024-12-16 00:00:00.000,
0,62850050,0,0,1883,300,1243145,90,0,62850050,2025-01-11 18:28:26.009,10,2024-12-17 03:00:01.186,0.0,30,30,-1,60000,22,11,0,8,1433.9602,0,97.40001,bafd0d1a-5631-4f79-8a58-fc103f48293f.extra_data.json,487mnSNu6t,19200,com.sec.android.app.shealth,1223945,86400000,bafd0d1a-5631-4f79-8a58-fc103f48293f,2024-12-17 00:00:00.000,
0,62850050,0,0,667,300,444889,90,0,62850050,2025-01-11 18:28:25.764,10,2024-12-18 03:00:00.972,0.0,30,30,-1,40020,7,6,0,8,495.93,0,20.929998,bc7f3aa5-1813-4f0c-8eb1-63992ac1b4bd.extra_data.json,487mnSNu6t,0,com.sec.android.app.shealth,444889,86400000,bc7f3aa5-1813-4f0c-8eb1-63992ac1b4bd,2024-12-18 00:00:00.000,
0,62850050,0,0,4096,300,2523787,90,0,62850050,2025-01-11 18:28:25.524,10,2024-12-19 03:00:00.670,0.0,30,30,-1,300000,46,13,0,8,3092.2695,0,139.51003,dabcbf99-ce97-4496-9f6f-a0f52a21d05d.extra_data.json,487mnSNu6t,2400,com.sec.android.app.shealth,2521387,86400000,dabcbf99-ce97-4496-9f6f-a0f52a21d05d,2024-12-19 00:00:00.000,
0,62850050,0,661000,5342,300,3503586,90,0,62900750,2025-01-16 11:31:04.914,10,2024-12-20 03:00:02.113,0.0,30,30,-1,661994,64,15,0,8,4136.2837,180000,299.21527,bbea8a49-1541-40d7-93aa-338af6a3d7ef.extra_data.json,487mnSNu6t,6000,com.sec.android.app.shealth,3497586,86400000,bbea8a49-1541-40d7-93aa-338af6a3d7ef,2024-12-20 00:00:00.000,
0,62850050,0,0,1656,300,941454,90,0,62900750,2025-01-16 11:31:04.182,10,2024-12-21 03:30:15.407,0.0,30,30,-1,120000,16,9,0,8,1345.0502,0,114.53001,d70f7884-3155-4aba-a9fa-bfe3d01f6166.extra_data.json,487mnSNu6t,155526,com.sec.android.app.shealth,785928,86400000,d70f7884-3155-4aba-a9fa-bfe3d01f6166,2024-12-21 00:00:00.000,
0,62850050,0,0,3413,300,2185375,90,0,62900750,2025-01-16 11:31:02.664,10,2024-12-22 03:35:41.655,0.0,30,30,-1,60000,38,13,0,8,2635.0198,0,180.53001,443446e8-4e10-4c2a-a041-ecdd407415e6.extra_data.json,487mnSNu6t,100522,com.sec.android.app.shealth,2084853,86400000,443446e8-4e10-4c2a-a041-ecdd407415e6,2024-12-22 00:00:00.000,
0,62850050,0,0,7214,300,4470419,90,0,62900750,2025-01-20 02:59:53.985,10,2024-12-23 03:40:12.808,0.0,30,30,-1,540000,82,17,0,8,5464.3594,0,271.77994,075e925d-3c52-44e4-a0fb-046f1b1f98fa.extra_data.json,487mnSNu6t,181570,com.sec.android.app.shealth,4288849,86400000,075e925d-3c52-44e4-a0fb-046f1b1f98fa,2024-12-23 00:00:00.000,
0,62850050,0,0,3788,300,2378249,90,0,62900750,2025-01-20 02:59:53.746,10,2024-12-24 03:00:00.787,0.0,30,30,-1,120000,43,10,0,8,2882.1108,0,144.19005,e0cbcfa2-119b-4a09-819d-376d0627451b.extra_data.json,487mnSNu6t,13981,com.sec.android.app.shealth,2364268,86400000,e0cbcfa2-119b-4a09-819d-376d0627451b,2024-12-24 00:00:00.000,
0,62850050,0,0,4312,300,2825107,90,0,62900750,2025-01-20 02:59:53.468,10,2024-12-25 03:00:01.983,0.0,30,30,-1,50692,51,16,0,8,3272.0308,0,235.17998,058c929c-f12a-4c1e-94c7-5b434c535ee9.extra_data.json,487mnSNu6t,76400,com.sec.android.app.shealth,2748707,86400000,058c929c-f12a-4c1e-94c7-5b434c535ee9,2024-12-25 00:00:00.000,
0,62850050,0,0,2445,300,1475163,90,0,62900750,2025-01-20 02:59:53.215,10,2024-12-26 03:00:04.519,0.0,30,30,-1,180000,25,11,0,8,1946.4397,0,142.78004,069dd0ff-dae9-41b1-b662-91f5e0e28f8c.extra_data.json,487mnSNu6t,174876,com.sec.android.app.shealth,1300287,86400000,069dd0ff-dae9-41b1-b662-91f5e0e28f8c,2024-12-26 00:00:00.000,
0,62850050,0,0,2100,300,1389486,90,0,62900750,2025-01-20 02:59:52.981,10,2024-12-27 03:00:02.272,0.0,30,30,-1,46023,24,12,0,8,1588.6805,0,96.91001,e3a9f29a-05d3-4ccf-ae9d-e8477707b6d3.extra_data.json,487mnSNu6t,16800,com.sec.android.app.shealth,1372686,86400000,e3a9f29a-05d3-4ccf-ae9d-e8477707b6d3,2024-12-27 00:00:00.000,
0,62850050,0,0,1429,300,795920,90,0,62900750,2025-01-20 02:59:52.702,10,2024-12-28 03:00:01.937,0.0,30,30,-1,120000,13,6,0,8,1156.2999,0,84.56001,1e9ace9f-0901-4615-aa72-82c3ace72ceb.extra_data.json,487mnSNu6t,145143,com.sec.android.app.shealth,650777,86400000,1e9ace9f-0901-4615-aa72-82c3ace72ceb,2024-12-28 00:00:00.000,
0,62850050,0,0,2120,300,1406134,90,0,62900750,2025-01-20 02:59:52.481,10,2024-12-29 03:00:00.744,0.0,30,30,-1,60000,25,9,0,8,1616.5896,0,105.02001,4bef5e8f-fc93-40ce-91af-43332f8400ed.extra_data.json,487mnSNu6t,10800,com.sec.android.app.shealth,1395334,86400000,4bef5e8f-fc93-40ce-91af-43332f8400ed,2024-12-29 00:00:00.000,
0,62850050,0,0,5485,300,3326539,90,0,62900750,2025-01-20 02:59:52.260,10,2024-12-30 03:00:01.423,0.0,30,30,-1,540000,61,11,0,8,4229.78,0,221.37003,11a26653-786f-40ce-9bbf-6d807b2e9fb4.extra_data.json,487mnSNu6t,145550,com.sec.android.app.shealth,3180989,86400000,11a26653-786f-40ce-9bbf-6d807b2e9fb4,2024-12-30 00:00:00.000,
0,62850050,0,0,1854,300,1221373,90,0,62900750,2025-01-20 02:59:52.036,10,2024-12-31 03:00:14.721,0.0,30,30,-1,60000,22,10,0,8,1392.7998,0,83.32001,afc3b596-416b-4464-b1b5-6fbdc4e4bdc2.extra_data.json,487mnSNu6t,14800,com.sec.android.app.shealth,1206573,86400000,afc3b596-416b-4464-b1b5-6fbdc4e4bdc2,2024-12-31 00:00:00.000,
0,62850050,0,0,3397,300,2075705,90,0,62900750,2025-01-20 02:59:51.848,10,2025-01-01 03:00:00.625,0.0,30,30,-1,120000,37,12,0,8,2688.5095,0,217.05998,e6a06dc1-05b4-49a7-98ed-a64bb49669fc.extra_data.json,487mnSNu6t,241882,com.sec.android.app.shealth,1833823,86400000,e6a06dc1-05b4-49a7-98ed-a64bb49669fc,2025-01-01 00:00:00.000,
0,62850050,0,0,616,300,410872,90,0,62900750,2025-01-20 02:59:51.652,10,2025-01-02 03:00:01.181,0.0,30,30,-1,33350,6,7,0,8,460.11008,0,19.300001,ef56c522-d50a-43d7-8b99-fb2f73574645.extra_data.json,487mnSNu6t,0,com.sec.android.app.shealth,410872,86400000,ef56c522-d50a-43d7-8b99-fb2f73574645,2025-01-02 00:00:00.000,
0,62850050,0,0,1698,300,1128132,90,0,62900750,2025-01-20 02:59:51.476,10,2025-01-03 03:00:01.074,0.0,30,30,-1,60000,20,10,0,8,1279.6399,0,61.269997,fa52b4ce-2e0f-4d14-b82c-18c91d115a09.extra_data.json,487mnSNu6t,3600,com.sec.android.app.shealth,1124532,86400000,fa52b4ce-2e0f-4d14-b82c-18c91d115a09,2025-01-03 00:00:00.000,
0,62850050,0,0,2650,300,1627859,90,0,62900750,2025-01-20 02:59:51.291,10,2025-01-04 03:00:01.876,0.0,30,30,-1,120000,28,13,0,8,2058.54,0,163.09,3353fc29-4fca-4bf8-85cc-caf6e72430aa.extra_data.json,487mnSNu6t,129200,com.sec.android.app.shealth,1498659,86400000,3353fc29-4fca-4bf8-85cc-caf6e72430aa,2025-01-04 00:00:00.000,
0,62850050,0,643000,4275,300,2571313,90,0,62900750,2025-01-20 02:59:51.105,10,2025-01-05 03:06:43.969,0.0,30,30,-1,643000,46,10,0,8,3378.0435,0,272.0644,b13f4171-6f87-474a-8795-cdc40fb03073.extra_data.json,487mnSNu6t,103841,com.sec.android.app.shealth,2467472,86400000,b13f4171-6f87-474a-8795-cdc40fb03073,2025-01-05 00:00:00.000,
0,62850050,0,0,2567,300,1611805,90,0,62900750,2025-01-20 02:59:50.921,10,2025-01-06 03:58:53.566,0.0,30,30,-1,120000,27,17,0,8,2007.1702,0,169.85997,7586deb9-b08f-453b-9615-9aa22d02131a.extra_data.json,487mnSNu6t,113043,com.sec.android.app.shealth,1498762,86400000,7586deb9-b08f-453b-9615-9aa22d02131a,2025-01-06 00:00:00.000,
0,62850050,0,0,3403,300,2249242,90,0,62900750,2025-01-20 02:59:50.738,10,2025-01-07 03:00:05.053,0.0,30,30,-1,60000,40,13,0,8,2614.93,0,203.53,6daa1590-abc5-489e-8a73-73f22e72d347.extra_data.json,487mnSNu6t,30800,com.sec.android.app.shealth,2218442,86400000,6daa1590-abc5-489e-8a73-73f22e72d347,2025-01-07 00:00:00.000,
0,62850050,0,0,1374,300,916191,90,0,62900750,2025-01-20 02:59:50.537,10,2025-01-08 03:00:01.741,0.0,30,30,-1,60000,16,9,0,8,1051.53,0,78.509995,250207a7-2973-49dd-bf53-548eb5c4ec11.extra_data.json,487mnSNu6t,400,com.sec.android.app.shealth,915791,86400000,250207a7-2973-49dd-bf53-548eb5c4ec11,2025-01-08 00:00:00.000,
0,62850050,0,0,4357,300,2665801,90,0,62900750,2025-01-20 02:59:50.334,10,2025-01-09 03:00:11.819,0.0,30,30,-1,300000,48,11,0,8,3409.8599,0,266.01,bf7db681-34ee-49d1-96d8-ee305de9eeba.extra_data.json,487mnSNu6t,126235,com.sec.android.app.shealth,2539566,86400000,bf7db681-34ee-49d1-96d8-ee305de9eeba,2025-01-09 00:00:00.000,
0,62850050,0,0,5419,300,3461986,90,0,62900750,2025-01-20 02:59:50.153,10,2025-01-10 03:00:19.507,0.0,30,30,-1,480000,63,13,0,8,4096.6895,0,323.11996,9d8e536f-7808-40e6-a2be-7bc36c05c19f.extra_data.json,487mnSNu6t,8800,com.sec.android.app.shealth,3453186,86400000,9d8e536f-7808-40e6-a2be-7bc36c05c19f,2025-01-10 00:00:00.000,
0,62850050,0,755000,3207,300,2060166,90,0,62900750,2025-01-20 02:59:49.896,10,2025-01-11 11:13:53.915,0.0,30,30,-1,761208,37,12,0,8,2490.282,120000,208.164,1d27b8dc-086f-4da8-ad16-372970018f0f.extra_data.json,487mnSNu6t,133376,com.sec.android.app.shealth,1926790,86400000,1d27b8dc-086f-4da8-ad16-372970018f0f,2025-01-11 00:00:00.000,
0,62850050,0,0,3894,300,2504407,90,0,62900750,2025-01-20 02:59:49.675,10,2025-01-12 03:00:01.871,0.0,30,30,-1,300000,45,14,0,8,2947.7607,0,186.21,de557ce2-7c45-46b4-8164-fd8e2c027084.extra_data.json,487mnSNu6t,22800,com.sec.android.app.shealth,2481607,86400000,de557ce2-7c45-46b4-8164-fd8e2c027084,2025-01-12 00:00:00.000,
0,62850050,0,0,1847,300,1151449,90,0,62900750,2025-02-09 15:31:37.004,10,2025-01-13 03:00:03.151,0.0,30,30,-1,60000,20,16,0,8,1442.9197,0,89.72001,4074a1e2-6207-4693-a3c4-f71bb973e5f0.extra_data.json,487mnSNu6t,110865,com.sec.android.app.shealth,1040584,86400000,4074a1e2-6207-4693-a3c4-f71bb973e5f0,2025-01-13 00:00:00.000,
0,62850050,0,0,2522,300,1543077,90,0,62920010,2025-02-10 11:16:15.078,10,2025-01-14 03:00:02.272,0.0,30,30,-1,120000,26,16,0,8,1994.8698,0,149.80997,54997a98-80aa-4fc9-bf3b-77970a81b12b.extra_data.json,487mnSNu6t,176322,com.sec.android.app.shealth,1366755,86400000,54997a98-80aa-4fc9-bf3b-77970a81b12b,2025-01-14 00:00:00.000,
0,62850050,0,0,2103,300,1165101,90,0,62920010,2025-02-10 11:16:14.896,10,2025-01-15 03:00:09.652,0.0,30,30,-1,120000,21,13,0,8,1726.9601,0,132.32002,f9482044-2a6f-4596-9e6b-3e6a6da81e04.extra_data.json,487mnSNu6t,247815,com.sec.android.app.shealth,917286,86400000,f9482044-2a6f-4596-9e6b-3e6a6da81e04,2025-01-15 00:00:00.000,
0,62850050,0,425000,3938,300,2686372,90,425846,62920010,2025-02-10 11:16:14.708,10,2025-01-16 03:00:01.625,0.0,30,30,-1,425846,48,13,0,8,2892.1582,0,277.58395,59ccbe0f-29db-4d56-97af-f7259743cf2d.extra_data.json,487mnSNu6t,114406,com.sec.android.app.shealth,2146120,86400000,59ccbe0f-29db-4d56-97af-f7259743cf2d,2025-01-16 00:00:00.000,
0,62900750,0,0,2164,300,1431210,90,0,62920010,2025-02-10 11:16:14.544,10,2025-01-17 03:00:01.426,0.0,30,30,-1,60000,25,11,0,8,1636.2799,0,131.05,ebfc2928-d9ef-4357-8793-23cb2ffa5bb1.extra_data.json,487mnSNu6t,17200,com.sec.android.app.shealth,1414010,86400000,ebfc2928-d9ef-4357-8793-23cb2ffa5bb1,2025-01-17 00:00:00.000,
0,62900750,0,0,1055,300,703655,90,0,62920010,2025-02-10 11:16:14.365,10,2025-01-18 03:00:00.656,0.0,30,30,-1,60000,12,8,0,8,795.01984,0,61.909996,ee6d073c-cefd-4e92-b9d6-5f579bf97dc8.extra_data.json,487mnSNu6t,0,com.sec.android.app.shealth,703655,86400000,ee6d073c-cefd-4e92-b9d6-5f579bf97dc8,2025-01-18 00:00:00.000,
0,62900750,0,0,1626,300,1084542,90,0,62920010,2025-02-15 04:47:55.537,10,2025-01-19 13:42:05.684,0.0,30,30,-1,50025,20,10,0,8,1233.7001,0,95.01,d9961f1a-e477-4935-a02c-1a805b539eb2.extra_data.json,487mnSNu6t,0,com.sec.android.app.shealth,1084542,86400000,d9961f1a-e477-4935-a02c-1a805b539eb2,2025-01-19 00:00:00.000,
0,62900750,0,0,1866,300,1207242,90,0,62920010,2025-02-16 13:32:59.784,10,2025-01-20 03:00:00.486,0.0,30,30,-1,48947,21,12,0,8,1437.6603,0,92.44002,85a0681a-a073-49a6-8db9-5c792a2c50b2.extra_data.json,487mnSNu6t,56000,com.sec.android.app.shealth,1151242,86400000,85a0681a-a073-49a6-8db9-5c792a2c50b2,2025-01-20 00:00:00.000,
0,62900750,0,0,1516,300,1008769,90,0,62920010,2025-02-16 13:32:59.666,10,2025-01-21 03:00:01.407,0.0,30,30,-1,50692,17,10,0,8,1135.1799,0,56.700005,f1922847-9f06-4a8c-bf16-ca48a1fbe8f9.extra_data.json,487mnSNu6t,3600,com.sec.android.app.shealth,1005169,86400000,f1922847-9f06-4a8c-bf16-ca48a1fbe8f9,2025-01-21 00:00:00.000,
0,62900750,0,0,3518,300,2250348,90,0,62920010,2025-02-18 12:37:15.477,10,2025-01-22 03:00:07.685,0.0,30,30,-1,300000,41,14,0,8,2644.3801,0,133.62003,3965185c-bfc7-45ed-9f10-bc27c25856dc.extra_data.json,487mnSNu6t,6800,com.sec.android.app.shealth,2243548,86400000,3965185c-bfc7-45ed-9f10-bc27c25856dc,2025-01-22 00:00:00.000,
0,62900750,0,0,4521,300,2764100,90,0,62920010,2025-02-19 22:35:55.327,10,2025-01-23 03:43:23.078,0.0,30,30,-1,300000,50,13,0,8,3498.2402,0,230.52995,29189648-2e3d-4483-9d2b-a592b697da88.extra_data.json,487mnSNu6t,103030,com.sec.android.app.shealth,2661070,86400000,29189648-2e3d-4483-9d2b-a592b697da88,2025-01-23 00:00:00.000,
0,62900750,0,0,2761,300,1719161,90,0,62920010,2025-02-19 22:35:54.959,10,2025-01-24 03:00:00.951,0.0,30,30,-1,120000,31,11,0,8,2153.2004,0,150.22,e467f39c-8dff-4d12-9ae8-319d2f577895.extra_data.json,487mnSNu6t,131415,com.sec.android.app.shealth,1587746,86400000,e467f39c-8dff-4d12-9ae8-319d2f577895,2025-01-24 00:00:00.000,
0,62900750,0,0,1963,300,1278992,90,0,62930070,2025-02-21 11:00:36.291,10,2025-01-25 03:00:01.040,0.0,30,30,-1,60000,22,11,0,8,1499.7103,0,91.30001,047dfd22-dfe5-4c1f-922e-32ae23409b36.extra_data.json,487mnSNu6t,34400,com.sec.android.app.shealth,1244592,86400000,047dfd22-dfe5-4c1f-922e-32ae23409b36,2025-01-25 00:00:00.000,
0,62900750,0,2608000,6529,300,3809847,90,0,62930070,2025-02-21 11:00:36.006,10,2025-01-26 03:00:02.177,0.0,30,30,-1,2668000,70,9,0,8,5108.607,0,256.21335,20ef9acc-a83c-4c95-90e1-4479b297b169.extra_data.json,487mnSNu6t,128161,com.sec.android.app.shealth,3681686,86400000,20ef9acc-a83c-4c95-90e1-4479b297b169,2025-01-26 00:00:00.000,
0,62900750,0,4879000,5504,300,5965414,90,3023188,62930070,2025-02-21 11:00:35.737,10,2025-01-27 03:00:01.432,0.0,30,30,-1,3866036,110,8,0,8,4000.346,3150000,820.8796,9901c356-3261-41ee-81f3-63a3d168a42e.extra_data.json,487mnSNu6t,118847,com.sec.android.app.shealth,2823379,86400000,9901c356-3261-41ee-81f3-63a3d168a42e,2025-01-27 00:00:00.000,
0,62900750,0,0,1427,300,854621,90,0,62930070,2025-02-21 11:00:35.402,10,2025-01-28 03:00:01.112,0.0,30,30,-1,60000,14,10,0,8,1154.7899,0,101.149994,dbc9f0c8-6951-4cd8-a685-305ebbf11968.extra_data.json,487mnSNu6t,145600,com.sec.android.app.shealth,709021,86400000,dbc9f0c8-6951-4cd8-a685-305ebbf11968,2025-01-28 00:00:00.000,
0,62900750,0,0,4095,300,2617495,90,0,62930070,2025-02-21 11:00:35.157,10,2025-01-29 03:00:10.888,0.0,30,30,-1,300000,47,15,0,8,3051.5903,0,125.28,bc5339f0-8d79-41c3-bdf1-58576e8d07b8.extra_data.json,487mnSNu6t,0,com.sec.android.app.shealth,2617495,86400000,bc5339f0-8d79-41c3-bdf1-58576e8d07b8,2025-01-29 00:00:00.000,
0,62900750,0,4272000,6984,300,6717642,90,3608394,62930070,2025-02-27 00:14:04.271,10,2025-01-30 03:00:01.067,0.0,30,30,-1,3608394,123,14,0,8,3739.2954,2700000,858.0937,45849951-e7ad-467a-b0cd-ae1d98ae4fcd.extra_data.json,487mnSNu6t,183002,com.sec.android.app.shealth,2926246,86400000,45849951-e7ad-467a-b0cd-ae1d98ae4fcd,2025-01-30 00:00:00.000,
0,62900750,0,0,3800,300,2436620,90,0,62930070,2025-02-27 00:14:03.933,10,2025-01-31 03:00:01.290,0.0,30,30,-1,240000,44,15,0,8,2850.729,0,143.43002,250a06b7-b114-4ed2-8e54-1a2e36ab1856.extra_data.json,487mnSNu6t,2400,com.sec.android.app.shealth,2434220,86400000,250a06b7-b114-4ed2-8e54-1a2e36ab1856,2025-01-31 00:00:00.000,
0,62900750,0,0,915,300,610305,90,0,62930070,2025-02-28 19:00:38.839,10,2025-02-01 03:00:02.127,0.0,30,30,-1,28014,11,6,0,8,683.8199,0,30.77,cebad286-c13d-4607-9aa2-b32ef2d7af16.extra_data.json,487mnSNu6t,0,com.sec.android.app.shealth,610305,86400000,cebad286-c13d-4607-9aa2-b32ef2d7af16,2025-02-01 00:00:00.000,
0,62900750,0,1351000,1289,300,2204493,90,1351432,62930070,2025-02-28 19:00:38.549,10,2025-02-02 03:00:06.506,0.0,30,30,-1,1351432,40,11,0,8,971.9501,0,141.68,63292bbf-32ad-4aae-a0f3-47f37f3b17a5.extra_data.json,487mnSNu6t,4000,com.sec.android.app.shealth,849061,86400000,63292bbf-32ad-4aae-a0f3-47f37f3b17a5,2025-02-02 00:00:00.000,
0,62900750,0,0,2625,300,1648339,90,0,62930070,2025-02-28 19:00:38.253,10,2025-02-03 03:00:01.500,0.0,30,30,-1,60000,30,13,0,8,2071.1199,0,170.41003,ac2ea741-1abb-4b05-a25e-b047bed7c1f6.extra_data.json,487mnSNu6t,144697,com.sec.android.app.shealth,1503642,86400000,ac2ea741-1abb-4b05-a25e-b047bed7c1f6,2025-02-03 00:00:00.000,
0,62900750,0,5044000,5022,300,5896977,90,3076155,62930070,2025-02-28 19:00:38.026,10,2025-02-04 03:00:02.562,0.0,30,30,-1,3076155,107,9,0,8,3716.8757,2560000,783.5345,ab3235b6-d030-4166-87cc-f1f1c0c8e99e.extra_data.json,487mnSNu6t,16800,com.sec.android.app.shealth,2804022,86400000,ab3235b6-d030-4166-87cc-f1f1c0c8e99e,2025-02-04 00:00:00.000,
0,62900750,0,0,4575,300,2928181,90,0,62930070,2025-03-04 23:03:51.777,10,2025-02-05 03:00:02.001,0.0,30,30,-1,300000,53,11,0,8,3434.4402,0,168.06004,9212623f-8572-4041-8cc6-4281f7c71498.extra_data.json,487mnSNu6t,5200,com.sec.android.app.shealth,2922981,86400000,9212623f-8572-4041-8cc6-4281f7c71498,2025-02-05 00:00:00.000,
0,62900750,0,0,1415,300,934431,90,0,62930070,2025-03-04 23:03:51.530,10,2025-02-06 03:00:02.268,0.0,30,30,-1,60000,16,6,0,8,1067.5,0,51.05999,35e49124-1223-4f42-b986-647612fa2d0c.extra_data.json,487mnSNu6t,12000,com.sec.android.app.shealth,922431,86400000,35e49124-1223-4f42-b986-647612fa2d0c,2025-02-06 00:00:00.000,
0,62900750,0,4456000,5058,300,7134662,90,4456618,62930070,2025-03-04 23:03:51.263,10,2025-02-07 03:00:01.010,0.0,30,30,-1,4501121,131,16,0,8,3365.1174,3090000,877.7873,00fb3fe6-d5ac-46e8-a1d6-10381b5de5f5.extra_data.json,487mnSNu6t,117986,com.sec.android.app.shealth,2560058,86400000,00fb3fe6-d5ac-46e8-a1d6-10381b5de5f5,2025-02-07 00:00:00.000,
0,62900750,0,0,4996,300,3111336,90,0,62930070,2025-03-04 23:03:50.930,10,2025-02-08 03:00:01.080,0.0,30,30,-1,300000,55,16,0,8,3863.9001,0,268.23993,40dbdf6d-666f-4da0-bcd0-073c7a765b97.extra_data.json,487mnSNu6t,175888,com.sec.android.app.shealth,2935448,86400000,40dbdf6d-666f-4da0-bcd0-073c7a765b97,2025-02-08 00:00:00.000,
0,62900750,0,0,2274,300,1494597,90,0,62930070,2025-03-04 23:03:50.610,10,2025-02-09 03:00:02.035,0.0,30,30,-1,36685,26,11,0,8,1735.7301,0,138.83998,a01e029f-3f30-43ea-8818-327be25e9105.extra_data.json,487mnSNu6t,33200,com.sec.android.app.shealth,1461397,86400000,a01e029f-3f30-43ea-8818-327be25e9105,2025-02-09 00:00:00.000,
0,62900750,0,3606000,4059,300,5512260,90,3606812,62930070,2025-03-04 23:03:50.348,10,2025-02-10 03:00:02.149,0.0,30,30,-1,3606812,101,11,0,8,2536.4143,2790000,722.11096,c3248526-0dcc-4fb6-b1ac-e7347dcfc737.extra_data.json,487mnSNu6t,143673,com.sec.android.app.shealth,1761775,86400000,c3248526-0dcc-4fb6-b1ac-e7347dcfc737,2025-02-10 00:00:00.000,
0,62920010,0,4107000,4572,300,6510843,90,4107816,62930070,2025-03-04 23:03:50.029,10,2025-02-11 03:00:02.653,0.0,30,30,-1,4157020,118,16,0,8,2815.016,2430000,826.478,897aa036-068a-4a90-b0bb-d548b21b1d8b.extra_data.json,487mnSNu6t,11600,com.sec.android.app.shealth,2391427,86400000,897aa036-068a-4a90-b0bb-d548b21b1d8b,2025-02-11 00:00:00.000,
0,62920010,0,5420000,7732,300,7957532,90,3609532,62930070,2025-03-04 23:03:49.697,10,2025-02-12 03:00:01.225,0.0,30,30,-1,4422644,145,17,0,8,5465.5723,800000,890.08716,584f886f-a2c2-41ec-a0fc-05ec89809c60.extra_data.json,487mnSNu6t,42800,com.sec.android.app.shealth,4305200,86400000,584f886f-a2c2-41ec-a0fc-05ec89809c60,2025-02-12 00:00:00.000,
0,62920010,0,0,3886,300,2407036,90,0,62930070,2025-03-04 23:03:49.283,10,2025-02-13 03:00:07.934,0.0,30,30,-1,300000,43,12,0,8,2973.9697,0,168.79999,21e00916-a658-4192-aada-2d6d640af4b8.extra_data.json,487mnSNu6t,87600,com.sec.android.app.shealth,2319436,86400000,21e00916-a658-4192-aada-2d6d640af4b8,2025-02-13 00:00:00.000,
0,62920010,0,5259000,5123,300,6515298,90,3606335,62930070,2025-03-04 23:03:48.998,10,2025-02-14 03:00:01.236,0.0,30,30,-1,3606335,120,7,0,8,3789.6584,1500000,809.44226,41f0f535-46a0-45ed-afc8-0b389e221b19.extra_data.json,487mnSNu6t,16000,com.sec.android.app.shealth,2892963,86400000,41f0f535-46a0-45ed-afc8-0b389e221b19,2025-02-14 00:00:00.000,
0,62920010,0,0,1044,300,695547,90,0,62930070,2025-03-04 23:03:48.646,10,2025-02-15 04:47:48.023,0.0,30,30,-1,53360,12,6,0,8,782.6401,0,42.12,3230eada-0297-4156-a7c7-d3b1b3eb1b2c.extra_data.json,487mnSNu6t,1200,com.sec.android.app.shealth,694347,86400000,3230eada-0297-4156-a7c7-d3b1b3eb1b2c,2025-02-15 00:00:00.000,
0,62920010,0,0,1664,300,1105082,90,0,62930070,2025-03-04 23:03:48.405,10,2025-02-16 03:00:01.182,0.0,30,30,-1,48691,20,12,0,8,1242.14,0,68.01,6ace4d2e-d3fa-4b94-89b8-c8fe1d52a27b.extra_data.json,487mnSNu6t,7200,com.sec.android.app.shealth,1097882,86400000,6ace4d2e-d3fa-4b94-89b8-c8fe1d52a27b,2025-02-16 00:00:00.000,
0,62920010,0,0,1877,300,1186277,90,0,62930070,2025-03-04 23:03:48.129,10,2025-02-17 03:00:00.941,0.0,30,30,-1,60000,21,10,0,8,1474.22,0,94.80999,69845511-ffea-470c-8001-19e33d88de9f.extra_data.json,487mnSNu6t,98400,com.sec.android.app.shealth,1087877,86400000,69845511-ffea-470c-8001-19e33d88de9f,2025-02-17 00:00:00.000,
0,62920010,0,1056000,3748,300,2176026,90,0,62930070,2025-03-17 20:18:06.137,10,2025-02-18 03:00:00.646,0.0,30,30,-1,1056000,40,8,0,8,2883.2205,0,130.262,0f5e8b85-9ba9-4abd-ac4f-b2cc4ac81e39.extra_data.json,487mnSNu6t,0,com.sec.android.app.shealth,2176026,86400000,0f5e8b85-9ba9-4abd-ac4f-b2cc4ac81e39,2025-02-18 00:00:00.000,
0,62920010,0,0,4209,300,2667487,90,0,62930070,2025-03-17 20:18:05.856,10,2025-02-19 03:00:08.170,0.0,30,30,-1,300000,48,11,0,8,3133.93,0,139.86003,37fda2cd-bf7b-40ce-b05d-f9daee9ea435.extra_data.json,487mnSNu6t,6000,com.sec.android.app.shealth,2661487,86400000,37fda2cd-bf7b-40ce-b05d-f9daee9ea435,2025-02-19 00:00:00.000,
0,62920010,0,1735000,7101,300,4452102,90,0,62930070,2025-03-17 20:18:05.570,10,2025-02-20 03:00:01.627,0.0,30,30,-1,1016996,82,14,0,8,5456.3193,480000,459.94028,5a6821c7-0a7c-418d-a56e-24e372a0896a.extra_data.json,487mnSNu6t,67216,com.sec.android.app.shealth,4384886,86400000,5a6821c7-0a7c-418d-a56e-24e372a0896a,2025-02-20 00:00:00.000,
0,62920010,0,0,5058,300,3147272,90,0,62930070,2025-03-17 20:18:05.197,10,2025-02-21 03:00:01.024,0.0,30,30,-1,360000,56,13,0,8,3862.491,0,249.06998,58266ad5-397a-4b1a-a3e1-08d9b48c8c10.extra_data.json,487mnSNu6t,55600,com.sec.android.app.shealth,3091672,86400000,58266ad5-397a-4b1a-a3e1-08d9b48c8c10,2025-02-21 00:00:00.000,
0,62930070,0,0,249,300,166083,90,0,62930070,2025-03-17 20:18:04.871,10,2025-02-22 03:00:02.233,0.0,30,30,-1,21344,2,4,0,8,185.10999,0,7.91,5111467b-872f-4392-8dd1-b37078831107.extra_data.json,487mnSNu6t,0,com.sec.android.app.shealth,166083,86400000,5111467b-872f-4392-8dd1-b37078831107,2025-02-22 00:00:00.000,
0,62930070,0,0,1630,300,990295,90,0,62930070,2025-03-17 20:18:04.600,10,2025-02-23 03:00:01.522,0.0,30,30,-1,60000,16,11,0,8,1305.5598,0,103.99,a30e3ea5-61dc-43e3-ac7b-2d4aad5e9072.extra_data.json,487mnSNu6t,116224,com.sec.android.app.shealth,874071,86400000,a30e3ea5-61dc-43e3-ac7b-2d4aad5e9072,2025-02-23 00:00:00.000,
0,62930070,0,1772000,5670,300,3336810,90,0,62930070,2025-03-17 20:18:04.383,10,2025-02-24 03:00:05.979,0.0,30,30,-1,890000,61,14,0,8,4379.0347,0,197.94148,07f870d8-42b6-4901-a63b-7427e94c8d57.extra_data.json,487mnSNu6t,4800,com.sec.android.app.shealth,3332010,86400000,07f870d8-42b6-4901-a63b-7427e94c8d57,2025-02-24 00:00:00.000,
0,62930070,0,0,1319,300,879773,90,0,62930070,2025-03-17 20:18:04.124,10,2025-02-25 03:00:01.685,0.0,30,30,-1,48691,15,9,0,8,986.25977,0,64.14001,c419dd61-45e5-4f63-b205-6cc20a5c9328.extra_data.json,487mnSNu6t,0,com.sec.android.app.shealth,879773,86400000,c419dd61-45e5-4f63-b205-6cc20a5c9328,2025-02-25 00:00:00.000,
0,62930070,0,2042000,6511,300,4111974,90,0,62930070,2025-03-25 17:07:19.623,10,2025-02-26 03:00:02.911,0.0,30,30,-1,1140853,75,16,0,8,5064.938,1020000,459.57748,0d8500a8-6231-4c9a-ae91-03978b5cf3e9.extra_data.json,487mnSNu6t,121687,com.sec.android.app.shealth,3990287,86400000,0d8500a8-6231-4c9a-ae91-03978b5cf3e9,2025-02-26 00:00:00.000,
0,62930070,0,0,6261,300,3786412,90,0,62930070,2025-03-25 17:07:19.231,10,2025-02-27 03:00:01.818,0.0,30,30,-1,540000,68,14,0,8,4732.79,0,222.09996,4bc30216-3926-4afc-9129-4d36cfb4b400.extra_data.json,487mnSNu6t,8000,com.sec.android.app.shealth,3778412,86400000,4bc30216-3926-4afc-9129-4d36cfb4b400,2025-02-27 00:00:00.000,
0,62930070,0,5560000,6129,300,6988891,90,3235399,62930070,2025-03-25 17:07:18.687,10,2025-02-28 03:00:10.611,0.0,30,30,-1,3235399,127,10,0,8,4545.701,930000,839.1563,815cfbb4-ad81-43e2-af45-d29c98e16c46.extra_data.json,487mnSNu6t,38000,com.sec.android.app.shealth,3715492,86400000,815cfbb4-ad81-43e2-af45-d29c98e16c46,2025-02-28 00:00:00.000,
0,62930070,0,2744000,4279,300,4248375,90,1569253,62930070,2025-03-25 17:07:18.327,10,2025-03-01 03:00:22.896,0.0,30,30,-1,1569253,77,12,0,8,3255.7883,420000,479.69467,8d3f1c03-8960-4c57-9dc4-bcacbf511140.extra_data.json,487mnSNu6t,110981,com.sec.android.app.shealth,2568141,86400000,8d3f1c03-8960-4c57-9dc4-bcacbf511140,2025-03-01 00:00:00.000,
0,62930070,0,0,1624,300,1083208,90,0,62930070,2025-03-25 17:07:17.902,10,2025-03-02 03:00:05.259,0.0,30,30,-1,44689,20,8,0,8,1196.05,0,51.559994,ffd44c3a-3fb9-489b-bb69-06b0e630e84d.extra_data.json,487mnSNu6t,0,com.sec.android.app.shealth,1083208,86400000,ffd44c3a-3fb9-489b-bb69-06b0e630e84d,2025-03-02 00:00:00.000,
0,62930070,0,0,3974,300,2499966,90,0,62930070,2025-03-25 17:07:17.578,10,2025-03-03 03:00:01.780,0.0,30,30,-1,240000,45,9,0,8,2989.6804,0,170.79997,d3b245b2-b232-4242-8a26-4af7e06733fa.extra_data.json,487mnSNu6t,7200,com.sec.android.app.shealth,2492766,86400000,d3b245b2-b232-4242-8a26-4af7e06733fa,2025-03-03 00:00:00.000,
0,62930070,0,0,3203,300,2099241,90,0,62930070,2025-03-25 17:07:17.211,10,2025-03-04 03:00:02.361,0.0,30,30,-1,120000,37,14,0,8,2427.4395,0,177.59,ca69f989-90eb-4beb-ac4c-8b62acb7c7bf.extra_data.json,487mnSNu6t,29600,com.sec.android.app.shealth,2069641,86400000,ca69f989-90eb-4beb-ac4c-8b62acb7c7bf,2025-03-04 00:00:00.000,
0,62930070,0,1725000,5057,300,2777230,90,0,62930070,2025-03-25 17:07:16.841,10,2025-03-05 03:00:02.235,0.0,30,30,-1,900000,50,11,0,8,4106.0127,0,335.7725,1e5a7ba6-ff4b-4c70-b8e6-dd9e5232a130.extra_data.json,487mnSNu6t,162298,com.sec.android.app.shealth,2614932,86400000,1e5a7ba6-ff4b-4c70-b8e6-dd9e5232a130,2025-03-05 00:00:00.000,
0,62930070,0,4557000,7278,300,7292010,90,3607061,62950170,2025-04-02 04:48:34.061,10,2025-03-06 03:29:23.387,0.0,30,30,-1,4125501,134,15,0,8,4681.073,1860000,897.28064,a05a271b-f024-4213-8ad9-597dc864940d.extra_data.json,487mnSNu6t,16000,com.sec.android.app.shealth,3668949,86400000,a05a271b-f024-4213-8ad9-597dc864940d,2025-03-06 00:00:00.000,
0,62930070,0,0,6251,300,3876564,90,0,62950170,2025-04-02 04:48:33.700,10,2025-03-07 03:00:02.439,0.0,30,30,-1,300000,70,15,0,8,4840.921,0,389.91,0b81367d-ac96-413e-b027-dba4438ce5c5.extra_data.json,487mnSNu6t,117216,com.sec.android.app.shealth,3759348,86400000,0b81367d-ac96-413e-b027-dba4438ce5c5,2025-03-07 00:00:00.000,
0,62930070,0,2470000,4515,300,5184373,90,2470550,62950170,2025-04-02 04:48:33.412,10,2025-03-08 03:00:01.725,0.0,30,30,-1,2470550,95,14,0,8,3293.21,2300000,644.29974,f6c68307-fc56-4753-8ce5-af16f48b477c.extra_data.json,487mnSNu6t,6800,com.sec.android.app.shealth,2707023,86400000,f6c68307-fc56-4753-8ce5-af16f48b477c,2025-03-08 00:00:00.000,
0,62930070,0,0,4764,300,3055540,90,0,62950170,2025-04-02 04:48:33.020,10,2025-03-09 03:00:03.514,0.0,30,30,-1,180000,55,14,0,8,3771.9387,0,288.58997,e005a46e-9a1d-4b86-bf14-f459d868d916.extra_data.json,487mnSNu6t,54400,com.sec.android.app.shealth,3001140,86400000,e005a46e-9a1d-4b86-bf14-f459d868d916,2025-03-09 00:00:00.000,
0,62930070,0,0,562,300,374854,90,0,62950170,2025-04-02 04:48:32.747,10,2025-03-10 03:00:00.740,0.0,30,30,-1,42021,6,6,0,8,425.21997,0,32.929996,cdd6a440-7e76-4548-8b4e-c868d5012df2.extra_data.json,487mnSNu6t,0,com.sec.android.app.shealth,374854,86400000,cdd6a440-7e76-4548-8b4e-c868d5012df2,2025-03-10 00:00:00.000,
0,62930070,0,0,3209,300,2006597,90,0,62950170,2025-04-02 04:48:32.491,10,2025-03-11 03:00:02.160,0.0,30,30,-1,60000,35,13,0,8,2544.51,0,215.86002,868d9044-b5a0-4419-9951-f0755f946718.extra_data.json,487mnSNu6t,153041,com.sec.android.app.shealth,1853556,86400000,868d9044-b5a0-4419-9951-f0755f946718,2025-03-11 00:00:00.000,
0,62930070,0,0,1212,300,785709,90,0,62950170,2025-04-02 04:48:32.224,10,2025-03-12 03:00:02.336,0.0,30,30,-1,50692,13,12,0,8,945.4501,0,78.17,d0c3a372-3c52-4764-b4c1-ea819ec05961.extra_data.json,487mnSNu6t,34000,com.sec.android.app.shealth,751709,86400000,d0c3a372-3c52-4764-b4c1-ea819ec05961,2025-03-12 00:00:00.000,
0,62930070,0,0,3487,300,2209501,90,0,62950170,2025-04-02 04:48:31.815,10,2025-03-13 03:00:03.885,0.0,30,30,-1,240000,40,13,0,8,2668.09,0,205.64001,1ae94bad-8ea9-4a60-a812-daf2e7bc3073.extra_data.json,487mnSNu6t,0,com.sec.android.app.shealth,2209501,86400000,1ae94bad-8ea9-4a60-a812-daf2e7bc3073,2025-03-13 00:00:00.000,
0,62930070,0,3508000,4830,300,6213207,90,3508727,62950170,2025-04-02 04:48:31.454,10,2025-03-14 03:00:01.051,0.0,30,30,-1,3508727,113,13,0,8,3428.3125,230000,755.02014,4e39d38a-4473-4de8-80e1-6dd1a65dc5c7.extra_data.json,487mnSNu6t,136800,com.sec.android.app.shealth,2567680,86400000,4e39d38a-4473-4de8-80e1-6dd1a65dc5c7,2025-03-14 00:00:00.000,
0,62930070,0,0,544,300,362848,90,0,62950170,2025-04-02 04:48:31.066,10,2025-03-15 03:46:25.996,0.0,30,30,-1,29348,6,10,0,8,414.42004,0,31.719997,84a28dbd-ba9a-4901-bb93-20f4aa4d73e0.extra_data.json,487mnSNu6t,0,com.sec.android.app.shealth,362848,86400000,84a28dbd-ba9a-4901-bb93-20f4aa4d73e0,2025-03-15 00:00:00.000,
0,62930070,0,0,2360,300,1415947,90,0,62950170,2025-04-02 04:48:30.791,10,2025-03-16 03:00:03.281,0.0,30,30,-1,120000,24,12,0,8,1900.68,0,170.61,3585e5cd-c5ee-4b49-8f1f-b7fe747fc451.extra_data.json,487mnSNu6t,165685,com.sec.android.app.shealth,1250262,86400000,3585e5cd-c5ee-4b49-8f1f-b7fe747fc451,2025-03-16 00:00:00.000,
0,62930070,0,0,1865,300,1146377,90,0,62950170,2025-04-02 04:48:30.468,10,2025-03-17 03:00:07.109,0.0,30,30,-1,60000,20,11,0,8,1485.6,0,129.95999,6a58ffdf-b938-4443-b06b-85492121aa03.extra_data.json,487mnSNu6t,112361,com.sec.android.app.shealth,1034016,86400000,6a58ffdf-b938-4443-b06b-85492121aa03,2025-03-17 00:00:00.000,
0,62930070,0,0,6217,300,3647475,90,0,62950170,2025-04-02 04:48:30.127,10,2025-03-18 03:00:01.149,0.0,30,30,-1,900000,66,12,0,8,4773.4414,0,264.03,20fa760c-25a8-427e-b9da-3f5f1e094b05.extra_data.json,487mnSNu6t,23200,com.sec.android.app.shealth,3624275,86400000,20fa760c-25a8-427e-b9da-3f5f1e094b05,2025-03-18 00:00:00.000,
0,62930070,0,0,4014,300,2542257,90,0,62950170,2025-04-02 04:48:29.814,10,2025-03-19 03:00:01.230,0.0,30,30,-1,240000,45,15,0,8,3067.9307,0,190.87997,c8f61287-dbdd-470f-803b-bd50a494bbba.extra_data.json,487mnSNu6t,34000,com.sec.android.app.shealth,2508257,86400000,c8f61287-dbdd-470f-803b-bd50a494bbba,2025-03-19 00:00:00.000,
0,62930070,0,0,4874,300,3081098,90,0,62950170,2025-04-02 04:48:29.469,10,2025-03-20 03:00:01.154,0.0,30,30,-1,300000,55,14,0,8,3712.42,0,216.41,b21a9e68-9076-4ccc-a967-a76efa8d1f06.extra_data.json,487mnSNu6t,91036,com.sec.android.app.shealth,2990062,86400000,b21a9e68-9076-4ccc-a967-a76efa8d1f06,2025-03-20 00:00:00.000,
0,62930070,0,4217000,7594,300,7618932,90,2868828,62950170,2025-04-02 04:48:29.237,10,2025-03-21 03:00:01.348,0.0,30,30,-1,2868828,140,13,0,8,5466.495,2670000,895.16595,6ac52959-5d36-4924-8364-2edbf53728ce.extra_data.json,487mnSNu6t,19200,com.sec.android.app.shealth,4730904,86400000,6ac52959-5d36-4924-8364-2edbf53728ce,2025-03-21 00:00:00.000,
0,62930070,0,0,1255,300,817680,90,0,62950170,2025-04-02 04:48:28.897,10,2025-03-22 03:00:02.637,0.0,30,30,-1,60000,14,7,0,8,948.2399,0,53.72,2f18bcac-b583-4dc4-91a0-bca35024f332.extra_data.json,487mnSNu6t,4000,com.sec.android.app.shealth,813680,86400000,2f18bcac-b583-4dc4-91a0-bca35024f332,2025-03-22 00:00:00.000,
0,62930070,0,0,3649,300,2403979,90,0,62950170,2025-04-02 04:48:28.595,10,2025-03-23 03:00:01.618,0.0,30,30,-1,49358,43,13,0,8,2768.681,0,203.95,965f64d5-3d78-4da2-984b-fd82b1fae5e7.extra_data.json,487mnSNu6t,44800,com.sec.android.app.shealth,2359179,86400000,965f64d5-3d78-4da2-984b-fd82b1fae5e7,2025-03-23 00:00:00.000,
0,62930070,0,0,1500,300,868481,90,0,62950170,2025-04-02 04:48:28.302,10,2025-03-24 03:00:01.400,0.0,30,30,-1,120000,14,12,0,8,1215.5898,0,94.29001,aeefb5f7-075b-4950-b199-7033663aefec.extra_data.json,487mnSNu6t,156331,com.sec.android.app.shealth,712150,86400000,aeefb5f7-075b-4950-b199-7033663aefec,2025-03-24 00:00:00.000,
0,62930070,0,4283000,5827,300,6082388,90,2693180,62950170,2025-04-02 04:48:27.822,10,2025-03-25 03:00:02.185,0.0,30,30,-1,2693180,112,12,0,8,4327.2056,760000,746.55554,bf75f48a-9a66-4f1f-a32c-c9e1ae9dcf62.extra_data.json,487mnSNu6t,85600,com.sec.android.app.shealth,3303608,86400000,bf75f48a-9a66-4f1f-a32c-c9e1ae9dcf62,2025-03-25 00:00:00.000,
0,62930070,0,4487000,7278,300,6735804,90,2555353,62950170,2025-04-02 04:48:27.481,10,2025-03-26 03:00:08.499,0.0,30,30,-1,2555353,123,14,0,8,5316.6953,1100000,771.8158,ce1726b2-136f-457c-a7e2-6b0479ad402a.extra_data.json,487mnSNu6t,5200,com.sec.android.app.shealth,4175251,86400000,ce1726b2-136f-457c-a7e2-6b0479ad402a,2025-03-26 00:00:00.000,
0,62930070,0,621000,4909,300,3216179,90,0,62950170,2025-04-02 04:48:27.117,10,2025-03-27 03:00:02.017,0.0,30,30,-1,621147,58,11,0,8,3715.8784,180000,279.0203,802ed582-d330-489a-acd5-814287c6029a.extra_data.json,487mnSNu6t,12800,com.sec.android.app.shealth,3203379,86400000,802ed582-d330-489a-acd5-814287c6029a,2025-03-27 00:00:00.000,
0,62930070,0,0,4617,300,2982528,90,0,62950170,2025-04-02 04:48:26.499,10,2025-03-28 03:00:11.446,0.0,30,30,-1,300000,54,15,0,8,3452.43,0,162.56999,a3b55184-8786-4b94-8591-8c94e7f93406.extra_data.json,487mnSNu6t,18800,com.sec.android.app.shealth,2963728,86400000,a3b55184-8786-4b94-8591-8c94e7f93406,2025-03-28 00:00:00.000,
0,62930070,0,0,2383,300,1587829,90,0,62950170,2025-04-02 04:48:26.184,10,2025-03-29 03:00:01.591,0.0,30,30,-1,120000,28,12,0,8,1771.0898,0,93.49,f2461307-00cd-4dc7-b50c-198d86afc99e.extra_data.json,487mnSNu6t,2400,com.sec.android.app.shealth,1585429,86400000,f2461307-00cd-4dc7-b50c-198d86afc99e,2025-03-29 00:00:00.000,
0,62930070,0,0,1547,300,995804,90,0,62950170,2025-04-02 04:48:25.829,10,2025-03-30 03:00:00.828,0.0,30,30,-1,52026,16,9,0,8,1193.77,0,91.709984,06d247a3-6797-45c8-bf32-002daefc7581.extra_data.json,487mnSNu6t,54000,com.sec.android.app.shealth,941804,86400000,06d247a3-6797-45c8-bf32-002daefc7581,2025-03-30 00:00:00.000,
0,62930070,0,3917000,5875,300,6031796,90,2661676,62950170,2025-04-02 04:48:25.531,10,2025-03-31 03:03:33.599,0.0,30,30,-1,2661676,111,13,0,8,4166.79,1720000,689.3482,ac0da79c-b5d1-4c67-ae6a-60c6c553893c.extra_data.json,487mnSNu6t,6400,com.sec.android.app.shealth,3363720,86400000,ac0da79c-b5d1-4c67-ae6a-60c6c553893c,2025-03-31 00:00:00.000,
0,62930070,0,0,5332,300,3403730,90,0,62950170,2025-04-03 22:24:49.203,10,2025-04-01 03:00:03.038,0.0,30,30,-1,300000,61,13,0,8,4023.0898,0,248.58992,2407e4bd-96cb-4de5-a786-3369a60cc2a4.extra_data.json,487mnSNu6t,49200,com.sec.android.app.shealth,3354530,86400000,2407e4bd-96cb-4de5-a786-3369a60cc2a4,2025-04-01 00:00:00.000,
0,62930070,0,0,4519,300,2800265,90,0,62950170,2025-04-04 11:42:53.464,10,2025-04-02 03:00:03.557,0.0,30,30,-1,240000,51,13,0,8,3449.9797,0,194.93997,88b647a8-9aa5-4144-bf01-8a456536fdc0.extra_data.json,487mnSNu6t,90524,com.sec.android.app.shealth,2709741,86400000,88b647a8-9aa5-4144-bf01-8a456536fdc0,2025-04-02 00:00:00.000,
0,62950170,0,0,662,300,441554,90,0,62950170,2025-04-05 03:00:05.570,10,2025-04-03 03:00:30.410,0.0,30,30,-1,38686,7,7,0,8,492.84,0,20.769997,545d8469-60c4-4624-8ccf-9009a246a3a4.extra_data.json,487mnSNu6t,0,com.sec.android.app.shealth,441554,86400000,545d8469-60c4-4624-8ccf-9009a246a3a4,2025-04-03 00:00:00.000,
0,62950170,0,4316000,3699,300,5893066,90,4316378,62950170,2025-05-01 16:34:40.833,10,2025-04-04 03:00:38.884,0.0,30,30,-1,4316378,108,12,0,8,1994.27,1010000,750.9399,8503d2cf-f8f9-40ef-91fd-e88d8aacfe1f.extra_data.json,487mnSNu6t,129087,com.sec.android.app.shealth,1447601,86400000,8503d2cf-f8f9-40ef-91fd-e88d8aacfe1f,2025-04-04 00:00:00.000,
0,62950170,0,2970000,2145,300,4174546,90,2970370,62950170,2025-05-01 16:34:40.481,10,2025-04-05 03:00:00.792,0.0,30,30,-1,2970370,75,9,0,8,1412.2229,2510000,564.53894,4225fab0-ad3e-41c3-abf4-4f1589176e90.extra_data.json,487mnSNu6t,16800,com.sec.android.app.shealth,1187376,86400000,4225fab0-ad3e-41c3-abf4-4f1589176e90,2025-04-05 00:00:00.000,
0,62950170,0,0,3026,300,1917945,90,0,62950170,2025-05-01 16:34:40.145,10,2025-04-06 03:14:25.602,0.0,30,30,-1,120000,34,13,0,8,2364.6304,0,183.41,d439446e-67be-4499-a6cb-26ab4a259359.extra_data.json,487mnSNu6t,141099,com.sec.android.app.shealth,1776846,86400000,d439446e-67be-4499-a6cb-26ab4a259359,2025-04-06 00:00:00.000,
0,62950170,0,0,1423,300,881863,90,0,62950170,2025-05-01 16:34:39.866,10,2025-04-07 03:00:04.369,0.0,30,30,-1,60000,15,9,0,8,1135.53,0,86.84998,a78fc7b0-6a6d-46e0-93bc-93ebd8e6ee4e.extra_data.json,487mnSNu6t,73795,com.sec.android.app.shealth,808068,86400000,a78fc7b0-6a6d-46e0-93bc-93ebd8e6ee4e,2025-04-07 00:00:00.000,
0,62950170,0,0,2283,300,1475113,90,0,62950170,2025-05-01 16:34:39.608,10,2025-04-08 03:13:23.975,0.0,30,30,-1,180000,26,10,0,8,1720.0402,0,93.960014,1639289a-7c9f-4291-89a9-57c1ba8bab10.extra_data.json,487mnSNu6t,15200,com.sec.android.app.shealth,1459913,86400000,1639289a-7c9f-4291-89a9-57c1ba8bab10,2025-04-08 00:00:00.000,
0,62950170,0,625000,3998,300,2707080,90,0,62950170,2025-05-01 16:34:39.325,10,2025-04-09 03:00:01.952,0.0,30,30,-1,625023,48,12,0,8,3045.5679,0,237.86583,36c35bd1-e63b-48ae-a419-211851af24ce.extra_data.json,487mnSNu6t,38800,com.sec.android.app.shealth,2668280,86400000,36c35bd1-e63b-48ae-a419-211851af24ce,2025-04-09 00:00:00.000,
0,62950170,0,0,3339,300,2141377,90,0,62950170,2025-05-01 16:34:39.054,10,2025-04-10 03:50:08.154,0.0,30,30,-1,300000,38,12,0,8,2493.8298,0,102.580025,fbe49f28-dd81-4bcc-aeca-cb6d20d97452.extra_data.json,487mnSNu6t,0,com.sec.android.app.shealth,2141377,86400000,fbe49f28-dd81-4bcc-aeca-cb6d20d97452,2025-04-10 00:00:00.000,
0,62950170,0,0,3834,300,2454684,90,0,62950170,2025-05-01 16:34:38.806,10,2025-04-11 03:00:00.981,0.0,30,30,-1,240000,44,13,0,8,2904.1997,0,162.15002,51ca952e-e715-4705-8c0f-f5ce660ff26b.extra_data.json,487mnSNu6t,12400,com.sec.android.app.shealth,2442284,86400000,51ca952e-e715-4705-8c0f-f5ce660ff26b,2025-04-11 00:00:00.000,
0,62950170,0,0,1587,300,965079,90,0,62950170,2025-05-01 16:34:38.524,10,2025-04-12 03:28:18.677,0.0,30,30,-1,60000,16,11,0,8,1302.59,0,123.30001,c6b757f6-7346-4cb4-bb34-da2919415a67.extra_data.json,487mnSNu6t,140000,com.sec.android.app.shealth,825079,86400000,c6b757f6-7346-4cb4-bb34-da2919415a67,2025-04-12 00:00:00.000,
0,62950170,0,0,276,300,184092,90,0,62950170,2025-05-10 13:45:46.622,10,2025-04-13 03:00:02.652,0.0,30,30,-1,22678,3,5,0,8,202.24998,0,8.72,3d17c45c-78d6-4e7e-ab45-f2570667a5a6.extra_data.json,487mnSNu6t,0,com.sec.android.app.shealth,184092,86400000,3d17c45c-78d6-4e7e-ab45-f2570667a5a6,2025-04-13 00:00:00.000,
0,62950170,0,0,2176,300,1414012,90,0,62950170,2025-05-10 13:45:46.369,10,2025-04-14 03:06:44.384,0.0,30,30,-1,38686,24,15,0,8,1670.6501,0,110.549995,ce38baef-6039-4984-ab22-7bbd3334e126.extra_data.json,487mnSNu6t,56000,com.sec.android.app.shealth,1358012,86400000,ce38baef-6039-4984-ab22-7bbd3334e126,2025-04-14 00:00:00.000,
0,62950170,0,4861000,5543,300,6139057,90,3091115,62950170,2025-05-10 13:45:46.123,10,2025-04-15 03:00:04.393,0.0,30,30,-1,3899031,112,10,0,8,4009.4133,1330000,757.63116,afe621e4-5238-4e1a-a02a-ba20e665b06c.extra_data.json,487mnSNu6t,7200,com.sec.android.app.shealth,3040742,86400000,afe621e4-5238-4e1a-a02a-ba20e665b06c,2025-04-15 00:00:00.000,
0,62950170,0,0,4414,300,2777357,90,0,62950170,2025-05-10 13:45:45.582,10,2025-04-16 03:00:01.676,0.0,30,30,-1,300000,50,15,0,8,3369.4897,0,234.54002,179e78b5-3bdc-446f-bfd0-56394fda3b53.extra_data.json,487mnSNu6t,107300,com.sec.android.app.shealth,2670057,86400000,179e78b5-3bdc-446f-bfd0-56394fda3b53,2025-04-16 00:00:00.000,
0,62950170,0,0,4843,300,3053160,90,0,62950170,2025-05-10 13:45:45.293,10,2025-04-17 03:00:01.839,0.0,30,30,-1,300000,55,14,0,8,3681.75,0,191.4,c11f9989-23b8-4087-b1da-4b9a4283d779.extra_data.json,487mnSNu6t,38800,com.sec.android.app.shealth,3014360,86400000,c11f9989-23b8-4087-b1da-4b9a4283d779,2025-04-17 00:00:00.000,
0,62950170,0,0,2835,300,1866723,90,0,62950170,2025-05-10 13:45:44.905,10,2025-04-18 03:00:02.268,0.0,30,30,-1,60000,33,13,0,8,2147.25,0,144.77,c6a0e8b9-3f4d-4d14-9ca0-986c2556afb5.extra_data.json,487mnSNu6t,33200,com.sec.android.app.shealth,1833523,86400000,c6a0e8b9-3f4d-4d14-9ca0-986c2556afb5,2025-04-18 00:00:00.000,
0,62950170,0,0,3129,300,1949801,90,0,62950170,2025-05-16 14:55:18.404,10,2025-04-19 04:30:42.700,0.0,30,30,-1,240000,34,6,0,8,2426.12,0,187.10997,e79d6062-d390-4aeb-af35-f50983e71f96.extra_data.json,487mnSNu6t,104697,com.sec.android.app.shealth,1845104,86400000,e79d6062-d390-4aeb-af35-f50983e71f96,2025-04-19 00:00:00.000,
0,62950170,0,0,3713,300,2351688,90,0,62950170,2025-05-17 13:26:57.801,10,2025-04-20 03:35:28.201,0.0,30,30,-1,60000,43,14,0,8,2868.6902,0,202.81006,d34c9d09-9a5b-4a06-9f42-09b41c106e79.extra_data.json,487mnSNu6t,128000,com.sec.android.app.shealth,2223688,86400000,d34c9d09-9a5b-4a06-9f42-09b41c106e79,2025-04-20 00:00:00.000,
0,62950170,0,0,1962,300,1196100,90,0,62950170,2025-05-17 13:26:57.540,10,2025-04-21 03:00:02.009,0.0,30,30,-1,120000,21,11,0,8,1563.1396,0,126.61003,c2af18e7-3f4f-4bd3-88fa-356a6e1f7118.extra_data.json,487mnSNu6t,145580,com.sec.android.app.shealth,1050520,86400000,c2af18e7-3f4f-4bd3-88fa-356a6e1f7118,2025-04-21 00:00:00.000,
0,62950170,0,141000,1411,300,1072498,90,141667,62950170,2025-05-20 01:33:54.661,10,2025-04-22 03:00:01.626,0.0,30,30,-1,141667,18,10,0,8,1042.1873,0,69.2198,7c0d0ba0-5f73-4e89-908c-7359795a90ba.extra_data.json,487mnSNu6t,5200,com.sec.android.app.shealth,925631,86400000,7c0d0ba0-5f73-4e89-908c-7359795a90ba,2025-04-22 00:00:00.000,
0,62950170,0,0,2793,300,1693241,90,0,62950170,2025-05-20 03:05:15.958,10,2025-04-23 03:04:54.553,0.0,30,30,-1,120000,31,13,0,8,2267.5796,0,188.24998,1b664016-c464-466a-97de-a78315fa812e.extra_data.json,487mnSNu6t,245387,com.sec.android.app.shealth,1447854,86400000,1b664016-c464-466a-97de-a78315fa812e,2025-04-23 00:00:00.000,
0,62950170,0,0,3407,300,2123615,90,0,62950170,2025-05-20 03:05:15.546,10,2025-04-24 03:01:01.566,0.0,30,30,-1,180000,38,13,0,8,2635.21,0,158.09998,9fe82241-eb7b-42bb-b003-a9bd40a3d0d9.extra_data.json,487mnSNu6t,72800,com.sec.android.app.shealth,2050815,86400000,9fe82241-eb7b-42bb-b003-a9bd40a3d0d9,2025-04-24 00:00:00.000,
0,62950170,0,0,3653,300,2314100,90,0,62950170,2025-05-22 19:44:46.492,10,2025-04-25 03:00:36.221,0.0,30,30,-1,300000,42,12,0,8,2716.4604,0,112.09998,2831f830-9705-426a-b47f-d568432cecb4.extra_data.json,487mnSNu6t,0,com.sec.android.app.shealth,2314100,86400000,2831f830-9705-426a-b47f-d568432cecb4,2025-04-25 00:00:00.000,
0,62950170,0,0,6088,300,3705051,90,0,62950170,2025-05-22 19:44:46.212,10,2025-04-26 03:00:00.441,0.0,30,30,-1,180000,67,13,0,8,4820.929,0,391.34006,8959f6a9-bfd4-450f-a435-9f7e2a9d1f63.extra_data.json,487mnSNu6t,380269,com.sec.android.app.shealth,3324782,86400000,8959f6a9-bfd4-450f-a435-9f7e2a9d1f63,2025-04-26 00:00:00.000,
0,62950170,0,0,1824,300,1203525,90,0,62950170,2025-05-22 19:44:45.884,10,2025-04-27 03:00:05.778,0.0,30,30,-1,46023,21,10,0,8,1384.4298,0,83.59002,45094421-a86f-46ac-9574-47542a82feee.extra_data.json,487mnSNu6t,19600,com.sec.android.app.shealth,1183925,86400000,45094421-a86f-46ac-9574-47542a82feee,2025-04-27 00:00:00.000,
0,62950170,0,0,1598,300,914236,90,0,62950170,2025-05-25 11:01:49.484,10,2025-04-28 03:00:11.279,0.0,30,30,-1,120000,15,7,0,8,1281.5203,0,93.37002,7181ebfa-3497-497c-b42d-65d278c7751e.extra_data.json,487mnSNu6t,164246,com.sec.android.app.shealth,749990,86400000,7181ebfa-3497-497c-b42d-65d278c7751e,2025-04-28 00:00:00.000,
0,62950170,0,0,4148,300,2573269,90,0,62950170,2025-05-26 18:39:06.037,10,2025-04-29 03:01:30.773,0.0,30,30,-1,360000,46,13,0,8,3173.8398,0,204.07005,ef21e122-9079-447a-ac75-ff50708d5ed6.extra_data.json,487mnSNu6t,90572,com.sec.android.app.shealth,2482697,86400000,ef21e122-9079-447a-ac75-ff50708d5ed6,2025-04-29 00:00:00.000,
0,62950170,0,0,727,300,475030,90,0,62950170,2025-05-26 18:39:05.788,10,2025-04-30 03:00:14.394,0.0,30,30,-1,43355,7,7,0,8,544.88,0,39.600006,f6dabfc7-026e-4d39-815d-4bac07913eb0.extra_data.json,487mnSNu6t,14800,com.sec.android.app.shealth,460230,86400000,f6dabfc7-026e-4d39-815d-4bac07913eb0,2025-04-30 00:00:00.000,
0,62950170,0,1329000,2885,300,1968533,90,0,62950170,2025-05-26 18:39:05.541,10,2025-05-01 03:24:22.129,0.0,30,30,-1,698474,35,9,0,8,2162.6545,0,233.939,0adeba4b-ca55-4902-b1fa-8ba58f3a25d0.extra_data.json,487mnSNu6t,24400,com.sec.android.app.shealth,1944133,86400000,0adeba4b-ca55-4902-b1fa-8ba58f3a25d0,2025-05-01 00:00:00.000,
0,62950170,0,6329000,12031,300,7373360,90,0,62950170,2025-05-29 23:09:34.414,10,2025-05-02 03:00:01.828,0.0,30,30,-1,3257282,135,12,0,8,8885.768,180000,881.23486,a6a5dcd6-3a9d-405e-9d61-f90e24e96494.extra_data.json,487mnSNu6t,168904,com.sec.android.app.shealth,7204456,86400000,a6a5dcd6-3a9d-405e-9d61-f90e24e96494,2025-05-02 00:00:00.000,
0,62950170,0,3359000,7585,300,4499146,90,0,62950170,2025-05-29 23:09:34.256,10,2025-05-03 03:00:02.836,0.0,30,30,-1,3360000,82,8,0,8,5753.6387,0,245.77534,5ae08149-39f0-4ee8-b1dc-fe6efb605a77.extra_data.json,487mnSNu6t,0,com.sec.android.app.shealth,4499146,86400000,5ae08149-39f0-4ee8-b1dc-fe6efb605a77,2025-05-03 00:00:00.000,
0,62950170,0,0,3470,300,2211670,90,0,63010030,2025-05-31 23:44:34.620,10,2025-05-04 03:00:09.539,0.0,30,30,-1,120000,38,13,0,8,2668.3506,0,206.27,a1abf1d8-ffcc-4ca7-bcd3-762f77fa5a6f.extra_data.json,487mnSNu6t,116046,com.sec.android.app.shealth,2095624,86400000,a1abf1d8-ffcc-4ca7-bcd3-762f77fa5a6f,2025-05-04 00:00:00.000,
0,62950170,0,0,1677,300,1118559,90,0,63010030,2025-05-31 23:44:34.527,10,2025-05-05 03:00:05.076,0.0,30,30,-1,48024,20,13,0,8,1250.48,0,52.630005,20646cb4-b318-40b2-8378-5baa09b40e78.extra_data.json,487mnSNu6t,0,com.sec.android.app.shealth,1118559,86400000,20646cb4-b318-40b2-8378-5baa09b40e78,2025-05-05 00:00:00.000,
0,62950170,0,6498000,15136,300,8271282,90,0,63010030,2025-06-02 16:27:17.537,10,2025-05-06 03:00:01.207,0.0,30,30,-1,6660769,152,10,0,8,11680.021,3450000,1014.7714,e2bad247-91b7-41ed-9c5a-0966c0f731b5.extra_data.json,487mnSNu6t,103039,com.sec.android.app.shealth,8168243,86400000,e2bad247-91b7-41ed-9c5a-0966c0f731b5,2025-05-06 00:00:00.000,
0,62950170,0,0,2683,300,1778614,90,0,63010030,2025-06-02 16:27:17.296,10,2025-05-07 03:00:27.195,0.0,30,30,-1,46023,32,12,0,8,2118.0498,0,163.16,ddee9029-b8b6-4a84-8b6f-ed8618043d24.extra_data.json,487mnSNu6t,16400,com.sec.android.app.shealth,1762214,86400000,ddee9029-b8b6-4a84-8b6f-ed8618043d24,2025-05-07 00:00:00.000,
0,62950170,0,5196000,7126,300,7308471,90,3369288,63010030,2025-06-02 16:27:17.129,10,2025-05-08 03:00:00.857,0.0,30,30,-1,4363362,133,14,0,8,5662.367,4100000,1084.1516,d0d2a4d2-7455-4b6a-bb4a-6b5a3e8a4925.extra_data.json,487mnSNu6t,220820,com.sec.android.app.shealth,3718363,86400000,d0d2a4d2-7455-4b6a-bb4a-6b5a3e8a4925,2025-05-08 00:00:00.000,
0,62950170,0,4820000,8521,300,8379958,90,3462567,63010030,2025-06-02 16:27:16.852,10,2025-05-09 03:00:00.804,0.0,30,30,-1,4131444,153,14,0,8,6193.8877,2550000,947.45593,7629ed1c-c438-40ac-b88c-2bfd06f1eaed.extra_data.json,487mnSNu6t,3200,com.sec.android.app.shealth,4914191,86400000,7629ed1c-c438-40ac-b88c-2bfd06f1eaed,2025-05-09 00:00:00.000,
0,62950170,0,4583000,4328,300,6533413,90,4583243,63010030,2025-06-02 16:27:16.581,10,2025-05-10 03:00:00.808,0.0,30,30,-1,4583243,120,10,0,8,2307.0625,690000,807.30005,7bd84717-955b-4fa8-9b9f-bb431975cc25.extra_data.json,487mnSNu6t,800,com.sec.android.app.shealth,1949370,86400000,7bd84717-955b-4fa8-9b9f-bb431975cc25,2025-05-10 00:00:00.000,
0,62950170,0,0,5386,300,3311610,90,0,63010030,2025-06-02 16:27:16.370,10,2025-05-11 03:00:01.769,0.0,30,30,-1,420000,60,15,0,8,4280.159,0,333.8999,518d0b1d-265a-4caa-8155-afe8c04b5983.extra_data.json,487mnSNu6t,50400,com.sec.android.app.shealth,3261210,86400000,518d0b1d-265a-4caa-8155-afe8c04b5983,2025-05-11 00:00:00.000,
0,62950170,0,3608000,4002,300,5774621,90,3608907,63010030,2025-06-02 16:27:16.205,10,2025-05-12 03:00:09.006,0.0,30,30,-1,3608907,105,14,0,8,2594.7449,2570000,742.68134,f885cde6-b124-44cd-b43b-f51a18439af3.extra_data.json,487mnSNu6t,19200,com.sec.android.app.shealth,2146514,86400000,f885cde6-b124-44cd-b43b-f51a18439af3,2025-05-12 00:00:00.000,
0,62950170,0,4734000,4082,300,6804754,90,4734835,63010030,2025-06-02 16:27:15.995,10,2025-05-13 03:00:02.542,0.0,30,30,-1,4734835,124,14,0,8,2474.8396,1730000,888.99,1ef7fa43-23f0-44e9-98ea-8af10396055d.extra_data.json,487mnSNu6t,37600,com.sec.android.app.shealth,2032319,86400000,1ef7fa43-23f0-44e9-98ea-8af10396055d,2025-05-13 00:00:00.000,
0,62950170,0,5903000,10322,300,9100945,90,3294694,63010030,2025-06-02 16:27:15.775,10,2025-05-14 03:49:40.877,0.0,30,30,-1,4204118,167,13,0,8,8165.11,3630000,1269.1147,12bcd9e6-0faa-4b8d-a3a4-9a9fbf137843.extra_data.json,487mnSNu6t,272384,com.sec.android.app.shealth,5533867,86400000,12bcd9e6-0faa-4b8d-a3a4-9a9fbf137843,2025-05-14 00:00:00.000,
0,62950170,0,5171000,5021,300,6135633,90,3437220,63010030,2025-06-02 16:27:15.477,10,2025-05-15 03:00:52.413,0.0,30,30,-1,4372814,112,10,0,8,3895.7017,1190000,821.22284,1c51aa83-6d93-45ea-bb33-cb26021023c7.extra_data.json,487mnSNu6t,7200,com.sec.android.app.shealth,2691213,86400000,1c51aa83-6d93-45ea-bb33-cb26021023c7,2025-05-15 00:00:00.000,
0,62950170,0,0,3119,300,2009787,90,0,63010030,2025-06-02 16:27:15.194,10,2025-05-16 03:00:01.709,0.0,30,30,-1,120000,36,10,0,8,2431.77,0,186.16,2eedfd3d-29b1-48d9-a0d4-f237bd86c53b.extra_data.json,487mnSNu6t,1600,com.sec.android.app.shealth,2008187,86400000,2eedfd3d-29b1-48d9-a0d4-f237bd86c53b,2025-05-16 00:00:00.000,
0,62950170,0,0,3275,300,2168939,90,0,63010030,2025-06-14 02:27:47.219,10,2025-05-17 03:00:00.729,0.0,30,30,-1,45356,38,13,0,8,2586.0198,0,188.60999,f44be7f7-4b65-4f90-ad63-4007c33b527f.extra_data.json,487mnSNu6t,23200,com.sec.android.app.shealth,2145739,86400000,f44be7f7-4b65-4f90-ad63-4007c33b527f,2025-05-17 00:00:00.000,
0,62950170,0,0,1605,300,1060923,90,0,63010030,2025-06-14 03:01:08.119,10,2025-05-18 03:00:01.695,0.0,30,30,-1,60000,18,10,0,8,1261.5,0,91.22,98e98552-02d2-4d05-803f-1139a2789567.extra_data.json,487mnSNu6t,14400,com.sec.android.app.shealth,1046523,86400000,98e98552-02d2-4d05-803f-1139a2789567,2025-05-18 00:00:00.000,
0,62950170,0,4820000,4858,300,5189201,90,2652083,63010030,2025-06-14 03:01:07.956,10,2025-05-19 03:38:14.227,0.0,30,30,-1,2652083,95,6,0,8,3545.5862,2720000,748.8512,cfe55241-a0bc-43a4-b84b-4fda34a52a65.extra_data.json,487mnSNu6t,4800,com.sec.android.app.shealth,2532318,86400000,cfe55241-a0bc-43a4-b84b-4fda34a52a65,2025-05-19 00:00:00.000,
0,62950170,0,0,3129,300,2073693,90,0,63010030,2025-06-14 03:01:07.634,10,2025-05-20 03:00:24.042,0.0,30,30,-1,50692,37,13,0,8,2516.8503,0,177.74994,a5e3bb6a-9a1a-4eb5-bd8a-d6c5d2d0ff37.extra_data.json,487mnSNu6t,20000,com.sec.android.app.shealth,2053693,86400000,a5e3bb6a-9a1a-4eb5-bd8a-d6c5d2d0ff37,2025-05-20 00:00:00.000,
0,62950170,0,1715000,4893,300,2846980,90,0,63010030,2025-06-14 03:01:07.475,10,2025-05-21 03:00:02.645,0.0,30,30,-1,960000,52,10,0,8,3780.7302,0,151.64749,1792dca8-eb4e-437f-9a22-928fd891324d.extra_data.json,487mnSNu6t,0,com.sec.android.app.shealth,2846980,86400000,1792dca8-eb4e-437f-9a22-928fd891324d,2025-05-21 00:00:00.000,
0,62950170,0,4472000,5341,300,6736093,90,4472776,63010030,2025-06-14 03:01:07.257,10,2025-05-22 03:00:02.575,0.0,30,30,-1,4472776,123,13,0,8,2941.4194,3030000,905.3455,325979e7-a771-459b-bb2b-3f1696ee50ba.extra_data.json,487mnSNu6t,85520,com.sec.android.app.shealth,2177797,86400000,325979e7-a771-459b-bb2b-3f1696ee50ba,2025-05-22 00:00:00.000,
0,62950170,0,3552000,6524,300,7276639,90,3552536,63010030,2025-06-14 03:01:07.032,10,2025-05-23 03:00:13.073,0.0,30,30,-1,3552536,133,13,0,8,4831.1978,1570000,886.0387,edac2fa8-fbeb-4e89-a833-cc6ad6a6854a.extra_data.json,487mnSNu6t,38800,com.sec.android.app.shealth,3685303,86400000,edac2fa8-fbeb-4e89-a833-cc6ad6a6854a,2025-05-23 00:00:00.000,
0,62950170,0,1039000,5640,300,3940156,90,0,63010030,2025-06-14 03:01:06.742,10,2025-05-24 03:00:01.584,0.0,30,30,-1,1039111,72,18,0,8,4522.6343,0,403.0292,c1ee2d74-9c3e-4a56-9efd-7307816c54a4.extra_data.json,487mnSNu6t,87553,com.sec.android.app.shealth,3852603,86400000,c1ee2d74-9c3e-4a56-9efd-7307816c54a4,2025-05-24 00:00:00.000,
0,62950170,0,0,2947,300,1930118,90,0,63010030,2025-06-14 03:01:06.485,10,2025-05-25 03:00:01.134,0.0,30,30,-1,120000,35,11,0,8,2210.69,0,173.98001,1ae54f8a-61b4-4af6-8f4f-554175c95c52.extra_data.json,487mnSNu6t,0,com.sec.android.app.shealth,1930118,86400000,1ae54f8a-61b4-4af6-8f4f-554175c95c52,2025-05-25 00:00:00.000,
0,62950170,0,5537000,7127,300,7572798,90,3607880,63010030,2025-06-14 03:01:06.315,10,2025-05-26 04:07:48.404,0.0,30,30,-1,3607880,140,14,0,8,5452.7134,2340000,997.09076,4375b267-00d1-42b6-9e94-17914198293b.extra_data.json,487mnSNu6t,120715,com.sec.android.app.shealth,3844203,86400000,4375b267-00d1-42b6-9e94-17914198293b,2025-05-26 00:00:00.000,
0,62950170,0,0,2838,300,1804039,90,0,63010030,2025-06-14 03:01:05.975,10,2025-05-27 03:00:07.054,0.0,30,30,-1,120000,32,11,0,8,2304.72,0,171.29001,55bb1f95-0a85-43da-b615-6eb680df6aab.extra_data.json,487mnSNu6t,113523,com.sec.android.app.shealth,1690516,86400000,55bb1f95-0a85-43da-b615-6eb680df6aab,2025-05-27 00:00:00.000,
0,62950170,0,3329000,4734,300,5925803,90,3329041,63010030,2025-06-14 03:01:05.815,10,2025-05-28 03:00:18.944,0.0,30,30,-1,3329041,108,15,0,8,3328.1187,3230000,773.38806,17f4bbb4-03fd-463f-b89e-691cd29f2225.extra_data.json,487mnSNu6t,134521,com.sec.android.app.shealth,2462241,86400000,17f4bbb4-03fd-463f-b89e-691cd29f2225,2025-05-28 00:00:00.000,
0,62950170,0,514000,5015,300,3640792,90,514828,63020270,2025-06-25 15:35:42.625,10,2025-05-29 03:05:19.915,0.0,30,30,-1,514828,65,14,0,8,3940.8904,30000,329.21994,40ef05dc-0339-49ab-b9ee-0e7d588ec511.extra_data.json,487mnSNu6t,76800,com.sec.android.app.shealth,3049164,86400000,40ef05dc-0339-49ab-b9ee-0e7d588ec511,2025-05-29 00:00:00.000,
0,62950170,0,4566000,5303,300,7430821,90,4566834,63020270,2025-06-25 15:35:42.419,10,2025-05-30 03:00:01.332,0.0,30,30,-1,4566834,136,15,0,8,3611.785,1870000,931.793,f7216ab1-78c7-486e-9f7b-c7d0a3943c1f.extra_data.json,487mnSNu6t,31600,com.sec.android.app.shealth,2832387,86400000,f7216ab1-78c7-486e-9f7b-c7d0a3943c1f,2025-05-30 00:00:00.000,
0,62950170,0,0,3264,300,2109867,90,0,63020270,2025-06-25 15:35:42.149,10,2025-05-31 03:00:01.231,0.0,30,30,-1,180000,38,14,0,8,2510.4404,0,194.61003,a873bc0b-bb14-4857-a2b4-d3f2247ddd84.extra_data.json,487mnSNu6t,1600,com.sec.android.app.shealth,2108267,86400000,a873bc0b-bb14-4857-a2b4-d3f2247ddd84,2025-05-31 00:00:00.000,
0,63010030,0,0,1746,300,1164582,90,0,63020270,2025-06-25 15:35:41.989,10,2025-06-01 03:00:02.694,0.0,30,30,-1,40020,21,10,0,8,1314.7803,0,102.060005,f326de60-2e67-4150-8bec-2a3a3e91c20a.extra_data.json,487mnSNu6t,0,com.sec.android.app.shealth,1164582,86400000,f326de60-2e67-4150-8bec-2a3a3e91c20a,2025-06-01 00:00:00.000,
0,63010030,0,0,1967,300,1214277,90,0,63020270,2025-06-25 15:35:41.854,10,2025-06-02 03:59:23.165,0.0,30,30,-1,60000,21,13,0,8,1601.78,0,137.61996,40558272-cfba-4850-a833-4079fbbf50ea.extra_data.json,487mnSNu6t,117022,com.sec.android.app.shealth,1097255,86400000,40558272-cfba-4850-a833-4079fbbf50ea,2025-06-02 00:00:00.000,
0,63010030,0,4468000,3871,300,5681224,90,3981699,63020270,2025-06-25 15:35:41.715,10,2025-06-03 03:00:01.113,0.0,30,30,-1,3981699,104,13,0,8,2341.1055,1760000,820.97296,2f472c81-4a00-4ad5-9c6d-bccb1321a149.extra_data.json,487mnSNu6t,537374,com.sec.android.app.shealth,1162151,86400000,2f472c81-4a00-4ad5-9c6d-bccb1321a149,2025-06-03 00:00:00.000,
0,63010030,0,617000,5741,300,3807531,90,0,63020270,2025-07-01 15:55:51.394,10,2025-06-04 03:00:01.413,0.0,30,30,-1,617907,68,15,0,8,4581.3813,120000,342.09705,05e08484-1a04-40c4-a094-537d8a8880c1.extra_data.json,487mnSNu6t,104108,com.sec.android.app.shealth,3703423,86400000,05e08484-1a04-40c4-a094-537d8a8880c1,2025-06-04 00:00:00.000,
0,63010030,0,1920000,8262,300,4916065,90,0,63020270,2025-07-01 15:55:51.167,10,2025-06-05 03:00:00.995,0.0,30,30,-1,1020000,90,15,0,8,6442.9595,0,328.5899,5af4bb89-c7e6-4de2-98f8-d23a5d3e217f.extra_data.json,487mnSNu6t,162694,com.sec.android.app.shealth,4753371,86400000,5af4bb89-c7e6-4de2-98f8-d23a5d3e217f,2025-06-05 00:00:00.000,
0,63010030,0,4097000,5806,300,6471278,90,3455557,63020270,2025-07-01 15:55:50.917,10,2025-06-06 03:00:01.475,0.0,30,30,-1,3455557,118,13,0,8,3754.3628,2440000,745.31506,ef900b93-7e8f-4b26-a817-8886f4b34c7f.extra_data.json,487mnSNu6t,29158,com.sec.android.app.shealth,2986563,86400000,ef900b93-7e8f-4b26-a817-8886f4b34c7f,2025-06-06 00:00:00.000,
0,63010030,0,0,1782,300,1145816,90,0,63020270,2025-07-01 15:55:50.633,10,2025-06-07 03:00:00.935,0.0,30,30,-1,120000,21,9,0,8,1336.77,0,55.309998,e3bcc851-600b-4a3b-9c04-d73f9228cd5b.extra_data.json,487mnSNu6t,0,com.sec.android.app.shealth,1145816,86400000,e3bcc851-600b-4a3b-9c04-d73f9228cd5b,2025-06-07 00:00:00.000,
0,63010030,0,0,665,300,443555,90,0,63020270,2025-07-05 19:13:15.146,10,2025-06-08 03:00:00.703,0.0,30,30,-1,34017,7,5,0,8,494.22,0,21.039999,5581e2ec-3024-4af8-85c7-a11f303b6b5e.extra_data.json,487mnSNu6t,0,com.sec.android.app.shealth,443555,86400000,5581e2ec-3024-4af8-85c7-a11f303b6b5e,2025-06-08 00:00:00.000,
0,63010030,0,0,1453,300,969121,90,0,63020270,2025-07-06 15:15:46.961,10,2025-06-09 03:00:00.502,0.0,30,30,-1,60000,17,9,0,8,1085.98,0,45.550003,a53fe907-8d05-447d-986d-761e9b031d34.extra_data.json,487mnSNu6t,0,com.sec.android.app.shealth,969121,86400000,a53fe907-8d05-447d-986d-761e9b031d34,2025-06-09 00:00:00.000,
0,63010030,0,0,690,300,460230,90,0,63020270,2025-07-06 15:15:46.799,10,2025-06-10 03:00:01.938,0.0,30,30,-1,42021,7,8,0,8,514.17004,0,21.62,8ac44aa5-3ee8-4b7a-a78a-cef823734ecc.extra_data.json,487mnSNu6t,0,com.sec.android.app.shealth,460230,86400000,8ac44aa5-3ee8-4b7a-a78a-cef823734ecc,2025-06-10 00:00:00.000,
0,63010030,0,2715000,5869,300,5946908,90,2715440,63020270,2025-07-06 15:15:46.644,10,2025-06-11 03:00:04.175,0.0,30,30,-1,2715440,108,14,0,8,4075.1567,900000,644.7295,675985cd-ad36-4cc7-b9d8-3470b228b900.extra_data.json,487mnSNu6t,26400,com.sec.android.app.shealth,3205068,86400000,675985cd-ad36-4cc7-b9d8-3470b228b900,2025-06-11 00:00:00.000,
0,63010030,0,0,2209,300,1472602,90,0,63020310,2025-07-09 10:19:45.446,10,2025-06-12 03:00:00.898,0.0,30,30,-1,47357,26,12,0,8,1722.8099,0,100.02999,04170478-8300-4a97-b917-a5f2946c20df.extra_data.json,487mnSNu6t,1200,com.sec.android.app.shealth,1471402,86400000,04170478-8300-4a97-b917-a5f2946c20df,2025-06-12 00:00:00.000,
0,63010030,0,0,3571,300,2288087,90,0,63020310,2025-07-09 10:19:45.276,10,2025-06-13 03:24:48.828,0.0,30,30,-1,300000,42,15,0,8,2661.8293,0,112.27997,0aed7d1e-fb6b-461b-9f74-9e5f883cd1d6.extra_data.json,487mnSNu6t,0,com.sec.android.app.shealth,2288087,86400000,0aed7d1e-fb6b-461b-9f74-9e5f883cd1d6,2025-06-13 00:00:00.000,
0,63010030,0,3608000,7457,300,7770856,90,3608818,63020310,2025-07-09 10:19:45.121,10,2025-06-14 03:00:01.599,0.0,30,30,-1,3608818,142,14,0,8,5206.51,1610000,842.99786,1a0de1be-138c-40e0-8aad-43a8d8239807.extra_data.json,487mnSNu6t,44400,com.sec.android.app.shealth,4117638,86400000,1a0de1be-138c-40e0-8aad-43a8d8239807,2025-06-14 00:00:00.000,
0,63010030,0,0,1859,300,1211018,90,0,63020310,2025-07-09 10:19:44.872,10,2025-06-15 03:00:05.251,0.0,30,30,-1,120000,22,10,0,8,1394.3596,0,66.2,c1a07072-a63a-42ad-8d91-aed590a5a822.extra_data.json,487mnSNu6t,1200,com.sec.android.app.shealth,1209818,86400000,c1a07072-a63a-42ad-8d91-aed590a5a822,2025-06-15 00:00:00.000,
0,63010030,0,0,1637,300,1024735,90,0,63020310,2025-07-09 10:19:44.711,10,2025-06-16 03:00:02.262,0.0,30,30,-1,60000,17,10,0,8,1288.9203,0,76.48,fa172aa1-cd99-4aa4-a457-7e2dbb8a6f74.extra_data.json,487mnSNu6t,76254,com.sec.android.app.shealth,948481,86400000,fa172aa1-cd99-4aa4-a457-7e2dbb8a6f74,2025-06-16 00:00:00.000,
0,63010030,0,4656000,8568,300,7696591,90,2868619,63020310,2025-07-09 10:19:44.557,10,2025-06-17 03:00:01.244,0.0,30,30,-1,3797580,141,14,0,8,6899.4287,3650000,994.04443,836506eb-fc82-4e8e-926d-cdb153d4928d.extra_data.json,487mnSNu6t,118718,com.sec.android.app.shealth,4709254,86400000,836506eb-fc82-4e8e-926d-cdb153d4928d,2025-06-17 00:00:00.000,
0,63010030,0,0,4040,300,2560193,90,0,63020310,2025-07-09 10:19:44.296,10,2025-06-18 03:00:01.108,0.0,30,30,-1,300000,46,14,0,8,3028.3596,0,123.98999,ab0342b8-7064-4f23-b986-678f8f691857.extra_data.json,487mnSNu6t,0,com.sec.android.app.shealth,2560193,86400000,ab0342b8-7064-4f23-b986-678f8f691857,2025-06-18 00:00:00.000,
0,63010030,0,0,3197,300,2115578,90,0,63020310,2025-07-09 10:19:44.148,10,2025-06-19 03:00:01.374,0.0,30,30,-1,60000,37,15,0,8,2514.5696,0,145.64003,6d7e6a9d-3e4e-4316-a1e4-1d86a428b86d.extra_data.json,487mnSNu6t,25200,com.sec.android.app.shealth,2090378,86400000,6d7e6a9d-3e4e-4316-a1e4-1d86a428b86d,2025-06-19 00:00:00.000,
0,63010030,0,0,2167,300,1436286,90,0,63020310,2025-07-09 10:19:44.013,10,2025-06-20 03:00:01.799,0.0,30,30,-1,120000,25,11,0,8,1702.08,0,96.42999,50a2273c-1a2e-4051-9034-87df1f65ae14.extra_data.json,487mnSNu6t,3600,com.sec.android.app.shealth,1432686,86400000,50a2273c-1a2e-4051-9034-87df1f65ae14,2025-06-20 00:00:00.000,
0,63010030,0,0,3542,300,2157848,90,0,63030110,2025-07-18 19:46:08.601,10,2025-06-21 03:00:00.782,0.0,30,30,-1,120000,38,13,0,8,2822.9,0,175.48994,e317e015-45f3-40bd-a262-aaf200448459.extra_data.json,487mnSNu6t,185086,com.sec.android.app.shealth,1972762,86400000,e317e015-45f3-40bd-a262-aaf200448459,2025-06-21 00:00:00.000,
0,63010030,0,0,1926,300,1268622,90,0,63030110,2025-07-19 11:46:07.563,10,2025-06-22 03:00:07.516,0.0,30,30,-1,48024,22,9,0,8,1555.2098,0,117.71,0d24af04-32c7-42de-b28a-4cbee0317ca6.extra_data.json,487mnSNu6t,24000,com.sec.android.app.shealth,1244622,86400000,0d24af04-32c7-42de-b28a-4cbee0317ca6,2025-06-22 00:00:00.000,
0,63010030,0,0,2162,300,1302437,90,0,63030110,2025-07-19 11:46:07.370,10,2025-06-23 03:00:05.361,0.0,30,30,-1,180000,23,10,0,8,1767.95,0,125.399994,2dbb1ae4-66c0-4d41-966e-fd7507862501.extra_data.json,487mnSNu6t,144350,com.sec.android.app.shealth,1158087,86400000,2dbb1ae4-66c0-4d41-966e-fd7507862501,2025-06-23 00:00:00.000,
0,63010030,0,0,2263,300,1446676,90,0,63030110,2025-07-19 11:46:07.117,10,2025-06-24 03:00:23.478,0.0,30,30,-1,60000,25,11,0,8,1829.4497,0,136.13998,10f1d3d1-0fe4-45a0-b920-cf2ed27411a1.extra_data.json,487mnSNu6t,94000,com.sec.android.app.shealth,1352676,86400000,10f1d3d1-0fe4-45a0-b920-cf2ed27411a1,2025-06-24 00:00:00.000,
0,63010030,0,0,4443,300,2811486,90,0,63030110,2025-07-19 11:46:06.845,10,2025-06-25 03:00:04.764,0.0,30,30,-1,240000,51,15,0,8,3417.4387,0,196.05998,c02833ae-bffe-439b-8d7b-822d763b09ae.extra_data.json,487mnSNu6t,5200,com.sec.android.app.shealth,2806286,86400000,c02833ae-bffe-439b-8d7b-822d763b09ae,2025-06-25 00:00:00.000,
0,63020270,0,2325000,4756,300,4867573,90,2325718,63030110,2025-07-19 11:46:06.570,10,2025-06-26 03:00:00.415,0.0,30,30,-1,2325718,88,13,0,8,3248.3003,1230000,541.89,e73ddc24-80d2-4099-8544-e120fe4a6440.extra_data.json,487mnSNu6t,4400,com.sec.android.app.shealth,2537455,86400000,e73ddc24-80d2-4099-8544-e120fe4a6440,2025-06-26 00:00:00.000,
0,63020270,0,2887000,2640,300,4222461,90,2887373,63030110,2025-07-19 11:46:06.256,10,2025-06-27 03:00:00.915,0.0,30,30,-1,2911012,77,13,0,8,1573.7601,2190000,588.1648,2d3db3e7-c6fb-4c34-b6d4-d7e918c345d5.extra_data.json,487mnSNu6t,12800,com.sec.android.app.shealth,1322288,86400000,2d3db3e7-c6fb-4c34-b6d4-d7e918c345d5,2025-06-27 00:00:00.000,
0,63020270,0,0,1937,300,1217219,90,0,63030110,2025-07-19 11:46:05.962,10,2025-06-28 03:00:02.611,0.0,30,30,-1,60000,21,13,0,8,1596.0199,0,125.539986,b0d3f0fe-ba27-4fb4-ab0d-240fd84153fd.extra_data.json,487mnSNu6t,112000,com.sec.android.app.shealth,1105219,86400000,b0d3f0fe-ba27-4fb4-ab0d-240fd84153fd,2025-06-28 00:00:00.000,
0,63020270,0,0,1889,300,1129827,90,0,63030110,2025-07-19 11:46:05.718,10,2025-06-29 03:00:02.065,0.0,30,30,-1,120000,20,9,0,8,1514.86,0,102.41999,8280a193-79ab-4bd9-b4bd-a42ba2b2f6cf.extra_data.json,487mnSNu6t,123945,com.sec.android.app.shealth,1005882,86400000,8280a193-79ab-4bd9-b4bd-a42ba2b2f6cf,2025-06-29 00:00:00.000,
0,63020270,0,0,1209,300,803733,90,0,63030110,2025-07-19 11:46:05.505,10,2025-06-30 03:00:00.976,0.0,30,30,-1,42021,14,9,0,8,921.55,0,48.079998,46002d2b-1401-46ef-83bf-05fddf870781.extra_data.json,487mnSNu6t,4000,com.sec.android.app.shealth,799733,86400000,46002d2b-1401-46ef-83bf-05fddf870781,2025-06-30 00:00:00.000,
0,63020270,0,0,3203,300,2003526,90,0,63030110,2025-07-19 11:46:05.296,10,2025-07-01 03:00:00.775,0.0,30,30,-1,120000,35,14,0,8,2588.6807,0,175.60999,ebda3633-8549-4b79-980d-3990e37bdfb9.extra_data.json,487mnSNu6t,154016,com.sec.android.app.shealth,1849510,86400000,ebda3633-8549-4b79-980d-3990e37bdfb9,2025-07-01 00:00:00.000,
0,63020270,0,2435000,5330,300,5270326,90,2435826,63030110,2025-07-19 11:46:05.090,10,2025-07-02 03:00:01.847,0.0,30,30,-1,2435826,96,13,0,8,3749.4094,900000,576.04004,b3510b2c-b188-4f7b-a0cc-346411b52bab.extra_data.json,487mnSNu6t,156368,com.sec.android.app.shealth,2678132,86400000,b3510b2c-b188-4f7b-a0cc-346411b52bab,2025-07-02 00:00:00.000,
0,63020270,0,0,6236,300,3829241,90,0,63030110,2025-07-19 11:46:04.613,10,2025-07-03 03:00:01.524,0.0,30,30,-1,360000,68,13,0,8,5011.4185,0,308.2199,4826e268-b3af-4821-b727-89f550019970.extra_data.json,487mnSNu6t,112800,com.sec.android.app.shealth,3716441,86400000,4826e268-b3af-4821-b727-89f550019970,2025-07-03 00:00:00.000,
0,63020270,0,0,3295,300,2127752,90,0,63030110,2025-07-19 11:46:04.060,10,2025-07-04 03:00:00.891,0.0,30,30,-1,300000,38,14,0,8,2485.8496,0,112.999985,168862c3-e6e4-4228-9487-2bf2b6830443.extra_data.json,487mnSNu6t,9600,com.sec.android.app.shealth,2118152,86400000,168862c3-e6e4-4228-9487-2bf2b6830443,2025-07-04 00:00:00.000,
0,63020270,0,0,1255,300,837085,90,0,63030110,2025-07-19 11:46:03.775,10,2025-07-05 03:00:07.770,0.0,30,30,-1,42021,14,10,0,8,922.74005,0,50.04,48a65760-1ebe-47be-92cb-5c61d3febd62.extra_data.json,487mnSNu6t,0,com.sec.android.app.shealth,837085,86400000,48a65760-1ebe-47be-92cb-5c61d3febd62,2025-07-05 00:00:00.000,
0,63020270,0,0,2439,300,1571010,90,0,63030110,2025-07-19 11:46:03.467,10,2025-07-06 03:00:07.963,0.0,30,30,-1,52693,27,10,0,8,1980.8501,0,145.08002,0f4025ca-a9a8-402e-aae3-99d836047114.extra_data.json,487mnSNu6t,83600,com.sec.android.app.shealth,1487410,86400000,0f4025ca-a9a8-402e-aae3-99d836047114,2025-07-06 00:00:00.000,
0,63020270,0,0,1546,300,1031152,90,0,63030110,2025-07-19 11:46:03.143,10,2025-07-07 03:00:00.937,0.0,30,30,-1,60000,18,9,0,8,1216.6,0,78.78001,d76990f1-4090-426e-88e1-f4e48ed661fa.extra_data.json,487mnSNu6t,0,com.sec.android.app.shealth,1031152,86400000,d76990f1-4090-426e-88e1-f4e48ed661fa,2025-07-07 00:00:00.000,
0,63020270,0,0,1650,300,1066215,90,0,63030110,2025-07-19 11:46:02.706,10,2025-07-08 03:56:43.147,0.0,30,30,-1,60000,18,8,0,8,1301.7697,0,81.6,0a993339-6e70-473a-a669-142d4a31761f.extra_data.json,487mnSNu6t,42400,com.sec.android.app.shealth,1023815,86400000,0a993339-6e70-473a-a669-142d4a31761f,2025-07-08 00:00:00.000,
0,63020270,0,4443000,5435,300,7175216,90,4443974,63030110,2025-07-19 11:46:02.381,10,2025-07-09 03:00:00.964,0.0,30,30,-1,4443974,132,12,0,8,3550.1545,1580000,912.5047,42f668d7-432f-4cb3-a8de-cd859ab923f9.extra_data.json,487mnSNu6t,58800,com.sec.android.app.shealth,2672442,86400000,42f668d7-432f-4cb3-a8de-cd859ab923f9,2025-07-09 00:00:00.000,
0,63020310,0,1461000,5650,300,3627364,90,0,63030110,2025-07-19 11:46:01.523,10,2025-07-10 03:00:00.729,0.0,30,30,-1,830681,65,13,0,8,4542.352,360000,341.38712,10087632-5e9b-4931-88f1-1633379b85ad.extra_data.json,487mnSNu6t,44400,com.sec.android.app.shealth,3582964,86400000,10087632-5e9b-4931-88f1-1633379b85ad,2025-07-10 00:00:00.000,
0,63020310,0,2391000,5423,300,5511431,90,2391663,63030110,2025-07-19 11:46:00.925,10,2025-07-11 03:00:04.530,0.0,30,30,-1,2391663,101,12,0,8,3988.708,1380000,603.37524,da4c7edb-bfac-442d-933c-ebb567c66335.extra_data.json,487mnSNu6t,42400,com.sec.android.app.shealth,3077368,86400000,da4c7edb-bfac-442d-933c-ebb567c66335,2025-07-11 00:00:00.000,
0,63020310,0,0,1709,300,1057085,90,0,63030110,2025-07-19 11:46:00.137,10,2025-07-12 03:00:00.753,0.0,30,30,-1,60000,17,8,0,8,1348.2303,0,84.02999,8f259e7e-4be3-41f1-a951-6e3c7d7ae70b.extra_data.json,487mnSNu6t,100000,com.sec.android.app.shealth,957085,86400000,8f259e7e-4be3-41f1-a951-6e3c7d7ae70b,2025-07-12 00:00:00.000,
0,63020310,0,0,2233,300,1328446,90,0,63030110,2025-07-19 11:45:59.422,10,2025-07-13 03:00:00.840,0.0,30,30,-1,120000,23,12,0,8,1850.8201,0,148.23,f5ec6446-4815-4319-9cc6-799dfb942a08.extra_data.json,487mnSNu6t,162047,com.sec.android.app.shealth,1166399,86400000,f5ec6446-4815-4319-9cc6-799dfb942a08,2025-07-13 00:00:00.000,
0,63020310,0,0,2284,300,1370864,90,0,63030110,2025-07-19 11:45:59.012,10,2025-07-14 03:00:01.809,0.0,30,30,-1,180000,24,11,0,8,1924.5503,0,150.08,d08b213a-9602-4621-bc00-362a9890043e.extra_data.json,487mnSNu6t,156730,com.sec.android.app.shealth,1214134,86400000,d08b213a-9602-4621-bc00-362a9890043e,2025-07-14 00:00:00.000,
0,63020310,0,0,1158,300,772386,90,0,63030110,2025-07-19 11:45:58.655,10,2025-07-15 03:00:13.733,0.0,30,30,-1,39353,13,8,0,8,852.53986,0,36.490005,7766b08e-4cd8-4829-88d5-b328a29dfef9.extra_data.json,487mnSNu6t,0,com.sec.android.app.shealth,772386,86400000,7766b08e-4cd8-4829-88d5-b328a29dfef9,2025-07-15 00:00:00.000,
0,63020310,0,1531000,5105,300,4617196,90,1531093,63030110,2025-07-19 11:45:58.004,10,2025-07-16 03:00:00.534,0.0,30,30,-1,1531093,84,12,0,8,3727.4504,1420000,508.0202,2b8962cf-e378-4aab-b55b-460adc210f04.extra_data.json,487mnSNu6t,38800,com.sec.android.app.shealth,3047303,86400000,2b8962cf-e378-4aab-b55b-460adc210f04,2025-07-16 00:00:00.000,
0,63020310,0,0,4578,300,2854719,90,0,63030110,2025-08-13 16:57:59.930,10,2025-07-17 03:00:00.723,0.0,30,30,-1,240000,52,13,0,8,3565.81,0,197.23004,22b789d9-f461-453f-81ec-b76c9de99af0.extra_data.json,487mnSNu6t,94547,com.sec.android.app.shealth,2760172,86400000,22b789d9-f461-453f-81ec-b76c9de99af0,2025-07-17 00:00:00.000,
0,63020310,0,4364000,8906,300,7878922,90,3611893,63030110,2025-08-13 16:57:59.714,10,2025-07-18 03:00:01.599,0.0,30,30,-1,3860579,145,15,0,8,5947.4746,2850000,966.9221,8ec6a678-0419-417d-b783-11a153e14364.extra_data.json,487mnSNu6t,121830,com.sec.android.app.shealth,4145199,86400000,8ec6a678-0419-417d-b783-11a153e14364,2025-07-18 00:00:00.000,
0,63030110,0,0,4876,300,3032347,90,0,63030110,2025-08-13 16:57:59.323,10,2025-07-19 03:00:01.646,0.0,30,30,-1,540000,55,7,0,8,3748.0793,0,291.55994,9bb3b3b8-2520-4e58-943a-c80eb255463d.extra_data.json,487mnSNu6t,10800,com.sec.android.app.shealth,3021547,86400000,9bb3b3b8-2520-4e58-943a-c80eb255463d,2025-07-19 00:00:00.000,
0,63030110,0,0,3301,300,2151953,90,0,63030110,2025-08-13 16:57:58.903,10,2025-07-20 05:14:40.947,0.0,30,30,-1,60000,38,12,0,8,2602.7092,0,203.91,0f1d536e-eb5b-44dc-8485-56d9ca078f03.extra_data.json,487mnSNu6t,51600,com.sec.android.app.shealth,2100353,86400000,0f1d536e-eb5b-44dc-8485-56d9ca078f03,2025-07-20 00:00:00.000,
0,63030110,0,4861000,6857,300,6811275,90,3952158,63030110,2025-08-13 16:57:58.548,10,2025-07-21 03:00:10.015,0.0,30,30,-1,3952158,124,15,0,8,4193.777,3150000,964.5124,c5d80511-877c-428d-921c-543933c147b9.extra_data.json,487mnSNu6t,234229,com.sec.android.app.shealth,2624888,86400000,c5d80511-877c-428d-921c-543933c147b9,2025-07-21 00:00:00.000,
0,63030110,0,0,1522,300,971653,90,0,63030110,2025-08-13 16:57:58.212,10,2025-07-22 03:00:00.754,0.0,30,30,-1,60000,17,11,0,8,1207.77,0,99.02998,4351f3fc-3841-440f-8b9a-23d89b231bf9.extra_data.json,487mnSNu6t,65200,com.sec.android.app.shealth,906453,86400000,4351f3fc-3841-440f-8b9a-23d89b231bf9,2025-07-22 00:00:00.000,
0,63030110,0,4299000,9394,300,7563570,90,2401801,63030110,2025-08-20 02:35:14.104,10,2025-07-23 03:00:00.767,0.0,30,30,-1,2401801,138,15,0,8,7401.375,2060000,986.8361,69ced9a2-0d30-4ee5-a96f-d24719132450.extra_data.json,487mnSNu6t,145784,com.sec.android.app.shealth,5015985,86400000,69ced9a2-0d30-4ee5-a96f-d24719132450,2025-07-23 00:00:00.000,
0,63030110,0,0,4412,300,2795721,90,0,63030110,2025-08-20 02:35:13.714,10,2025-07-24 03:00:02.029,0.0,30,30,-1,240000,51,16,0,8,3497.0,0,281.46994,a70cbab0-4188-4551-b7a4-11d8834e486a.extra_data.json,487mnSNu6t,86000,com.sec.android.app.shealth,2709721,86400000,a70cbab0-4188-4551-b7a4-11d8834e486a,2025-07-24 00:00:00.000,
0,63030110,0,4529000,9014,300,7700270,90,2417724,63030110,2025-08-20 02:35:13.527,10,2025-07-25 03:00:01.512,0.0,30,30,-1,2417724,141,12,0,8,7329.424,2680000,1047.9725,aaeb3937-ef2c-4a51-bbc1-592d84561b01.extra_data.json,487mnSNu6t,84400,com.sec.android.app.shealth,5198146,86400000,aaeb3937-ef2c-4a51-bbc1-592d84561b01,2025-07-25 00:00:00.000,
0,63030110,0,8575000,13083,300,10279201,90,2760781,63030110,2025-08-20 02:35:13.185,10,2025-07-26 03:00:01.662,0.0,30,30,-1,3651082,188,12,0,8,10658.52,2750000,1387.3647,a7bd4fd5-e2de-4684-9c8f-7af1adbb096a.extra_data.json,487mnSNu6t,44400,com.sec.android.app.shealth,7474020,86400000,a7bd4fd5-e2de-4684-9c8f-7af1adbb096a,2025-07-26 00:00:00.000,
0,63030110,0,6923000,15238,300,8475873,90,0,63030110,2025-08-20 02:35:12.662,10,2025-07-27 03:01:42.195,0.0,30,30,-1,6135997,155,12,0,8,11312.384,440000,1062.7698,9145b06b-1ecd-4756-9188-50469ee4c363.extra_data.json,487mnSNu6t,114791,com.sec.android.app.shealth,8361082,86400000,9145b06b-1ecd-4756-9188-50469ee4c363,2025-07-27 00:00:00.000,
0,63030110,0,2932000,2250,300,4268095,90,2932660,63030110,2025-08-20 02:35:12.251,10,2025-07-28 03:00:23.085,0.0,30,30,-1,2932660,78,9,0,8,1529.7273,1240000,544.04565,e6e8593d-1856-478e-93f4-8f44138b3289.extra_data.json,487mnSNu6t,10400,com.sec.android.app.shealth,1325035,86400000,e6e8593d-1856-478e-93f4-8f44138b3289,2025-07-28 00:00:00.000,
0,63030110,0,0,1840,300,1223008,90,0,63030110,2025-08-20 02:35:12.001,10,2025-07-29 03:01:34.037,0.0,30,30,-1,40020,22,8,0,8,1391.9004,0,109.91001,b9ae8c62-4602-4259-bb77-a2544842c443.extra_data.json,487mnSNu6t,6400,com.sec.android.app.shealth,1216608,86400000,b9ae8c62-4602-4259-bb77-a2544842c443,2025-07-29 00:00:00.000,
0,63030110,0,0,4156,300,2544386,90,0,63030110,2025-08-20 02:35:11.848,10,2025-07-30 03:14:30.170,0.0,30,30,-1,360000,46,13,0,8,3227.969,0,259.27002,3e5c1a58-dd28-4f07-992f-5be35331026d.extra_data.json,487mnSNu6t,71600,com.sec.android.app.shealth,2472786,86400000,3e5c1a58-dd28-4f07-992f-5be35331026d,2025-07-30 00:00:00.000,
0,63030110,0,0,2777,300,1751939,90,0,63030110,2025-08-20 02:35:11.699,10,2025-07-31 03:00:01.789,0.0,30,30,-1,300000,32,13,0,8,2118.2092,0,164.55002,73e3adff-5350-446d-a18d-76c121808c6f.extra_data.json,487mnSNu6t,0,com.sec.android.app.shealth,1751939,86400000,73e3adff-5350-446d-a18d-76c121808c6f,2025-07-31 00:00:00.000,
0,63030110,0,2645000,6781,300,6669010,90,2645485,63030110,2025-08-20 02:35:11.553,10,2025-08-01 03:00:02.189,0.0,30,30,-1,2645485,123,14,0,8,4941.819,810000,773.25507,ba457ef2-d9a0-4e09-a711-db72dc7d59ff.extra_data.json,487mnSNu6t,118636,com.sec.android.app.shealth,3904889,86400000,ba457ef2-d9a0-4e09-a711-db72dc7d59ff,2025-08-01 00:00:00.000,
0,63030110,0,4158000,6398,300,6301949,90,2613888,63030110,2025-08-29 19:15:03.327,10,2025-08-02 03:00:46.990,0.0,30,30,-1,2613888,115,12,0,8,4311.571,2120000,804.07227,98b54f77-47c2-4a0c-9b37-a4e303261d3b.extra_data.json,487mnSNu6t,62318,com.sec.android.app.shealth,3625743,86400000,98b54f77-47c2-4a0c-9b37-a4e303261d3b,2025-08-02 00:00:00.000,
0,63030110,0,0,1057,300,702454,90,0,63030110,2025-08-29 19:15:02.864,10,2025-08-03 03:00:01.219,0.0,30,30,-1,60000,12,9,0,8,785.8201,0,62.640007,41274aef-1ff7-4ca9-a945-028035f9cdc4.extra_data.json,487mnSNu6t,800,com.sec.android.app.shealth,701654,86400000,41274aef-1ff7-4ca9-a945-028035f9cdc4,2025-08-03 00:00:00.000,
0,63030110,0,0,1316,300,877772,90,0,63030110,2025-08-29 19:15:00.270,10,2025-08-04 03:01:25.571,0.0,30,30,-1,43355,15,9,0,8,994.92,0,77.079994,801d102b-f4fd-472b-997a-d5895e9df95c.extra_data.json,487mnSNu6t,0,com.sec.android.app.shealth,877772,86400000,801d102b-f4fd-472b-997a-d5895e9df95c,2025-08-04 00:00:00.000,
0,63030110,0,0,2102,300,1297627,90,0,63030110,2025-09-01 20:38:24.758,10,2025-08-05 03:00:52.465,0.0,30,30,-1,60000,22,13,0,8,1684.4498,0,131.29001,c998d3ca-e2ce-4d3f-b68c-44a38c374aec.extra_data.json,487mnSNu6t,103745,com.sec.android.app.shealth,1193882,86400000,c998d3ca-e2ce-4d3f-b68c-44a38c374aec,2025-08-05 00:00:00.000,
0,63030110,0,0,3885,300,2434797,90,0,63030110,2025-09-02 11:05:26.645,10,2025-08-06 03:00:01.291,0.0,30,30,-1,300000,44,11,0,8,2976.29,0,227.37001,0849dd82-41d7-461c-ab9d-5453f1199308.extra_data.json,487mnSNu6t,0,com.sec.android.app.shealth,2434797,86400000,0849dd82-41d7-461c-ab9d-5453f1199308,2025-08-06 00:00:00.000,
0,63030110,0,0,4171,300,2620043,90,0,63030110,2025-09-02 11:05:26.489,10,2025-08-07 03:00:01.037,0.0,30,30,-1,360000,47,12,0,8,3168.9802,0,247.75003,353f13d5-fc24-4c31-986e-b85df656592c.extra_data.json,487mnSNu6t,0,com.sec.android.app.shealth,2620043,86400000,353f13d5-fc24-4c31-986e-b85df656592c,2025-08-07 00:00:00.000,
0,63030110,0,3633000,2313,300,4528638,90,3633273,63030110,2025-09-02 11:05:26.359,10,2025-08-08 03:00:01.695,0.0,30,30,-1,3633273,82,11,0,8,1033.6163,2270000,624.7283,dcd1b0d6-00cb-40f0-9e89-dbcf8ed380e3.extra_data.json,487mnSNu6t,10000,com.sec.android.app.shealth,885365,86400000,dcd1b0d6-00cb-40f0-9e89-dbcf8ed380e3,2025-08-08 00:00:00.000,
0,63030110,0,2974000,4695,300,5662763,90,2974247,63030110,2025-09-02 11:05:26.150,10,2025-08-09 03:05:09.123,0.0,30,30,-1,2974247,104,13,0,8,3394.7102,320000,677.8263,5cd428cc-6560-47a4-9873-b493e480f54f.extra_data.json,487mnSNu6t,164348,com.sec.android.app.shealth,2524168,86400000,5cd428cc-6560-47a4-9873-b493e480f54f,2025-08-09 00:00:00.000,
0,63030110,0,0,1711,300,1141237,90,0,63030110,2025-09-02 11:05:25.968,10,2025-08-10 03:00:02.023,0.0,30,30,-1,39353,21,13,0,8,1283.17,0,99.89,2cdd3335-6510-4aee-b70a-4cbaff00f096.extra_data.json,487mnSNu6t,0,com.sec.android.app.shealth,1141237,86400000,2cdd3335-6510-4aee-b70a-4cbaff00f096,2025-08-10 00:00:00.000,
0,63030110,0,0,1026,300,684342,90,0,63030110,2025-09-02 11:05:25.798,10,2025-08-11 03:00:00.584,0.0,30,30,-1,36018,12,7,0,8,769.06,0,60.24,0a483d3b-e593-4da9-b8a9-08240f665a41.extra_data.json,487mnSNu6t,0,com.sec.android.app.shealth,684342,86400000,0a483d3b-e593-4da9-b8a9-08240f665a41,2025-08-11 00:00:00.000,
0,63030110,0,0,1434,300,956478,90,0,63030110,2025-09-02 11:05:25.676,10,2025-08-12 03:00:00.761,0.0,30,30,-1,46690,16,9,0,8,1068.99,0,83.82,39a2bd28-84d2-4616-a6ad-96336a1344cb.extra_data.json,487mnSNu6t,0,com.sec.android.app.shealth,956478,86400000,39a2bd28-84d2-4616-a6ad-96336a1344cb,2025-08-12 00:00:00.000,
0,63030110,0,0,4715,300,2914725,90,0,63030110,2025-09-02 11:05:25.524,10,2025-08-13 04:06:34.074,0.0,30,30,-1,360000,53,15,0,8,3628.1797,0,268.10004,de3089e2-0651-4cc6-bd28-c26d9ca5f0d5.extra_data.json,487mnSNu6t,81240,com.sec.android.app.shealth,2833485,86400000,de3089e2-0651-4cc6-bd28-c26d9ca5f0d5,2025-08-13 00:00:00.000,
0,63030110,0,0,4810,300,2992881,90,0,63030110,2025-09-10 23:06:30.592,10,2025-08-14 03:00:01.106,0.0,30,30,-1,300000,54,14,0,8,3620.3594,0,168.62997,34c877ef-62f6-47b3-bdd8-d77e66f017e7.extra_data.json,487mnSNu6t,3941,com.sec.android.app.shealth,2988940,86400000,34c877ef-62f6-47b3-bdd8-d77e66f017e7,2025-08-14 00:00:00.000,
0,63030110,0,0,4671,300,2917311,90,0,63030110,2025-09-10 23:06:30.451,10,2025-08-15 03:00:00.914,0.0,30,30,-1,240000,52,14,0,8,3540.921,0,156.57999,5a486476-891c-4a26-9949-41e1442654f7.extra_data.json,487mnSNu6t,47600,com.sec.android.app.shealth,2869711,86400000,5a486476-891c-4a26-9949-41e1442654f7,2025-08-15 00:00:00.000,
0,63030110,0,3326000,6482,300,6973149,90,3326300,63030110,2025-09-10 23:06:30.169,10,2025-08-16 03:00:00.552,0.0,30,30,-1,3326300,127,11,0,8,4181.7695,3260000,781.82587,6c8c9993-dd5e-49d7-8e4c-61af6ca38686.extra_data.json,487mnSNu6t,21600,com.sec.android.app.shealth,3625249,86400000,6c8c9993-dd5e-49d7-8e4c-61af6ca38686,2025-08-16 00:00:00.000,
0,63030110,0,0,859,300,572953,90,0,63030110,2025-09-10 23:06:29.962,10,2025-08-17 03:00:20.753,0.0,30,30,-1,34017,10,7,0,8,657.25995,0,28.620003,4e3d243e-a12e-4fa9-a8f3-bed38705c0da.extra_data.json,487mnSNu6t,0,com.sec.android.app.shealth,572953,86400000,4e3d243e-a12e-4fa9-a8f3-bed38705c0da,2025-08-17 00:00:00.000,
0,63030110,0,0,1581,300,1054527,90,0,63030110,2025-09-10 23:06:26.275,10,2025-08-18 03:00:02.149,0.0,30,30,-1,44022,18,10,0,8,1169.5902,0,51.06,0a251eeb-8b16-4e0a-b5c6-69083abc84ce.extra_data.json,487mnSNu6t,0,com.sec.android.app.shealth,1054527,86400000,0a251eeb-8b16-4e0a-b5c6-69083abc84ce,2025-08-18 00:00:00.000,
0,63030110,0,0,2830,300,1818032,90,0,63030110,2025-09-10 23:06:10.024,10,2025-08-19 03:00:07.871,0.0,30,30,-1,60000,33,16,0,8,2184.6802,0,145.96,3962abd7-f624-4151-bdab-6a4f53ff0b43.extra_data.json,487mnSNu6t,73656,com.sec.android.app.shealth,1744376,86400000,3962abd7-f624-4151-bdab-6a4f53ff0b43,2025-08-19 00:00:00.000,
0,63030110,0,1837000,7254,300,4299100,90,0,63030110,2025-09-16 23:16:24.923,10,2025-08-20 03:00:01.028,0.0,30,30,-1,938000,78,13,0,8,5568.0376,0,240.42133,03bd6190-b14f-462a-8430-13ac449413b2.extra_data.json,487mnSNu6t,0,com.sec.android.app.shealth,4299100,86400000,03bd6190-b14f-462a-8430-13ac449413b2,2025-08-20 00:00:00.000,
0,63030110,0,0,4868,300,3034376,90,0,63030110,2025-09-17 21:45:29.222,10,2025-08-21 03:00:02.327,0.0,30,30,-1,180000,55,14,0,8,3724.4297,0,231.71002,07767a80-3cb5-4014-8493-6af3145c0f28.extra_data.json,487mnSNu6t,86922,com.sec.android.app.shealth,2947454,86400000,07767a80-3cb5-4014-8493-6af3145c0f28,2025-08-21 00:00:00.000,
0,63030110,0,942000,5819,300,3435914,90,0,63030110,2025-09-17 21:45:29.020,10,2025-08-22 03:00:00.922,0.0,30,30,-1,960000,62,13,0,8,4481.562,0,213.46701,fd1dc974-cd17-49b1-9124-42a6430b4b5b.extra_data.json,487mnSNu6t,16800,com.sec.android.app.shealth,3419114,86400000,fd1dc974-cd17-49b1-9124-42a6430b4b5b,2025-08-22 00:00:00.000,
0,63030110,0,4754000,11925,300,6712102,90,0,63030110,2025-09-17 21:45:28.738,10,2025-08-23 03:00:01.335,0.0,30,30,-1,4754279,123,14,0,8,9022.98,910000,733.2681,3443d3f8-5ee6-47ab-9dee-de93f432d0c1.extra_data.json,487mnSNu6t,4000,com.sec.android.app.shealth,6708102,86400000,3443d3f8-5ee6-47ab-9dee-de93f432d0c1,2025-08-23 00:00:00.000,
0,63030110,0,0,1807,300,1144422,90,0,63030110,2025-09-17 21:45:28.380,10,2025-08-24 03:00:01.860,0.0,30,30,-1,240000,21,10,0,8,1348.0902,0,56.219994,1540ccc9-8a67-46f2-a75a-61b541b7b9ab.extra_data.json,487mnSNu6t,0,com.sec.android.app.shealth,1144422,86400000,1540ccc9-8a67-46f2-a75a-61b541b7b9ab,2025-08-24 00:00:00.000,
0,63030110,0,0,1653,300,1100682,90,0,63030110,2025-09-21 15:26:41.921,10,2025-08-25 03:00:00.540,0.0,30,30,-1,41354,20,10,0,8,1251.1298,0,64.99999,e399e68f-f51e-45dc-b3d9-f63d5bea5614.extra_data.json,487mnSNu6t,2800,com.sec.android.app.shealth,1097882,86400000,e399e68f-f51e-45dc-b3d9-f63d5bea5614,2025-08-25 00:00:00.000,
0,63030110,0,2854000,3850,300,4996207,90,2854167,63030110,2025-09-23 00:23:34.287,10,2025-08-26 03:00:00.741,0.0,30,30,-1,2854167,91,13,0,8,2416.0671,2550000,604.7192,6709004f-1625-4fd0-a631-bcbc1a7463bf.extra_data.json,487mnSNu6t,0,com.sec.android.app.shealth,2142040,86400000,6709004f-1625-4fd0-a631-bcbc1a7463bf,2025-08-26 00:00:00.000,
0,63030110,0,1524000,7286,300,4252947,90,0,63030110,2025-09-23 22:39:48.511,10,2025-08-27 03:00:00.996,0.0,30,30,-1,872000,77,13,0,8,5713.204,0,284.53336,dacf421b-6de8-4177-aabd-03c55a3fdbdd.extra_data.json,487mnSNu6t,46000,com.sec.android.app.shealth,4206947,86400000,dacf421b-6de8-4177-aabd-03c55a3fdbdd,2025-08-27 00:00:00.000,
0,63030110,0,2875000,6405,300,6519300,90,2875180,63051050,2025-09-25 00:26:55.020,10,2025-08-28 03:00:01.353,0.0,30,30,-1,2875180,120,14,0,8,4566.632,930000,657.0054,1bc31ede-531b-4657-8282-0bccb1fe4dc6.extra_data.json,487mnSNu6t,76400,com.sec.android.app.shealth,3567720,86400000,1bc31ede-531b-4657-8282-0bccb1fe4dc6,2025-08-28 00:00:00.000,
0,63030110,0,0,4046,300,2551069,90,0,63051050,2025-09-25 00:26:54.915,10,2025-08-29 03:00:01.570,0.0,30,30,-1,240000,46,14,0,8,3093.0903,0,191.87999,901e44f4-95b1-425c-a4bb-c7fa7cc79659.extra_data.json,487mnSNu6t,78800,com.sec.android.app.shealth,2472269,86400000,901e44f4-95b1-425c-a4bb-c7fa7cc79659,2025-08-29 00:00:00.000,
0,63030110,0,960000,5063,300,3186206,90,0,63051050,2025-09-25 00:26:54.840,10,2025-08-30 03:00:10.292,0.0,30,30,-1,960000,58,11,0,8,3802.2095,0,155.03998,6f72d6a7-362a-4b8e-9de9-0fe114ea0ce3.extra_data.json,487mnSNu6t,0,com.sec.android.app.shealth,3186206,86400000,6f72d6a7-362a-4b8e-9de9-0fe114ea0ce3,2025-08-30 00:00:00.000,
0,63030110,0,0,2985,300,1703901,90,0,63051050,2025-09-27 21:31:28.676,10,2025-08-31 03:00:01.756,0.0,30,30,-1,180000,31,11,0,8,2427.6196,0,219.04002,e7ffdb07-16dd-4a2c-ada7-ce31b6085a69.extra_data.json,487mnSNu6t,247440,com.sec.android.app.shealth,1456461,86400000,e7ffdb07-16dd-4a2c-ada7-ce31b6085a69,2025-08-31 00:00:00.000,
0,63030110,0,0,1527,300,1018509,90,0,63051050,2025-09-27 21:31:28.509,10,2025-09-01 03:00:15.178,0.0,30,30,-1,41354,17,10,0,8,1137.8997,0,61.09999,e53081db-e79c-492a-84de-ec7cdfdbf469.extra_data.json,487mnSNu6t,0,com.sec.android.app.shealth,1018509,86400000,e53081db-e79c-492a-84de-ec7cdfdbf469,2025-09-01 00:00:00.000,
0,63030110,0,0,2129,300,1369046,90,0,63051050,2025-09-27 21:31:28.344,10,2025-09-02 03:00:01.106,0.0,30,30,-1,60000,24,14,0,8,1636.0201,0,112.42999,ab5a6baf-1672-44ae-ad09-1d758b3042f9.extra_data.json,487mnSNu6t,76400,com.sec.android.app.shealth,1292646,86400000,ab5a6baf-1672-44ae-ad09-1d758b3042f9,2025-09-02 00:00:00.000,
0,63030110,0,0,4696,300,2949899,90,0,63051050,2025-09-27 21:31:28.197,10,2025-09-03 03:00:06.166,0.0,30,30,-1,240000,53,14,0,8,3565.79,0,213.74,8a7061b6-a5c3-461a-803f-d998a648faf6.extra_data.json,487mnSNu6t,90800,com.sec.android.app.shealth,2859099,86400000,8a7061b6-a5c3-461a-803f-d998a648faf6,2025-09-03 00:00:00.000,
0,63030110,0,0,4554,300,2844215,90,0,63051050,2025-09-27 21:31:27.968,10,2025-09-04 03:00:00.364,0.0,30,30,-1,420000,52,15,0,8,3403.7402,0,138.87001,5c68abda-a4f4-4008-b654-d051e938b685.extra_data.json,487mnSNu6t,0,com.sec.android.app.shealth,2844215,86400000,5c68abda-a4f4-4008-b654-d051e938b685,2025-09-04 00:00:00.000,
0,63030110,0,0,1360,300,907120,90,0,63051050,2025-09-27 21:31:27.790,10,2025-09-05 03:00:01.604,0.0,30,30,-1,38686,16,9,0,8,1017.0101,0,42.43,a5635248-b7e9-49e4-b263-4fc439749398.extra_data.json,487mnSNu6t,0,com.sec.android.app.shealth,907120,86400000,a5635248-b7e9-49e4-b263-4fc439749398,2025-09-05 00:00:00.000,
0,63030110,0,0,1822,300,1214740,90,0,63051050,2025-10-03 16:47:09.963,10,2025-09-06 03:00:00.897,0.0,30,30,-1,43355,22,8,0,8,1361.62,0,70.10999,35d2e2c2-beda-42aa-96bb-1e04fdca151e.extra_data.json,487mnSNu6t,800,com.sec.android.app.shealth,1213940,86400000,35d2e2c2-beda-42aa-96bb-1e04fdca151e,2025-09-06 00:00:00.000,
0,63030110,0,0,1759,300,1043369,90,0,63051050,2025-10-03 16:47:09.312,10,2025-09-07 03:00:15.394,0.0,30,30,-1,120000,18,7,0,8,1394.8901,0,104.04,2a04b04d-363f-4e99-9b9e-103bec1f34e9.extra_data.json,487mnSNu6t,127667,com.sec.android.app.shealth,915702,86400000,2a04b04d-363f-4e99-9b9e-103bec1f34e9,2025-09-07 00:00:00.000,
0,63030110,0,0,3171,300,1982751,90,0,63051050,2025-10-03 16:47:08.530,10,2025-09-08 03:00:02.239,0.0,30,30,-1,300000,36,11,0,8,2377.86,0,97.58999,78f5e803-5fb0-48e3-95cb-79de15743128.extra_data.json,487mnSNu6t,0,com.sec.android.app.shealth,1982751,86400000,78f5e803-5fb0-48e3-95cb-79de15743128,2025-09-08 00:00:00.000,
0,63030110,0,0,610,300,406870,90,0,63051050,2025-10-06 22:54:38.314,10,2025-09-09 03:00:01.572,0.0,30,30,-1,34684,6,9,0,8,448.84998,0,19.529997,02349ece-f766-42d4-9b7d-f369c9ec7924.extra_data.json,487mnSNu6t,0,com.sec.android.app.shealth,406870,86400000,02349ece-f766-42d4-9b7d-f369c9ec7924,2025-09-09 00:00:00.000,
0,63030110,0,4036000,6688,300,6023732,90,3048836,63051050,2025-10-07 22:55:34.666,10,2025-09-10 03:00:00.375,0.0,30,30,-1,3092973,111,14,0,8,4004.879,2850000,821.2684,1d1892ad-2989-47f8-a1b6-364b1615eb34.extra_data.json,487mnSNu6t,192327,com.sec.android.app.shealth,2782569,86400000,1d1892ad-2989-47f8-a1b6-364b1615eb34,2025-09-10 00:00:00.000,
0,63030110,0,0,4402,300,2845669,90,0,63051050,2025-10-08 23:10:39.335,10,2025-09-11 03:00:01.687,0.0,30,30,-1,300000,52,14,0,8,3348.5,0,261.48007,50258983-fb28-4b24-9d61-dc5ad896197b.extra_data.json,487mnSNu6t,0,com.sec.android.app.shealth,2845669,86400000,50258983-fb28-4b24-9d61-dc5ad896197b,2025-09-11 00:00:00.000,
0,63030110,0,0,3607,300,2286813,90,0,63051050,2025-10-09 11:51:19.955,10,2025-09-12 03:00:00.702,0.0,30,30,-1,240000,42,13,0,8,2756.1394,0,214.24,6ae690d1-8e1b-42d0-810a-017064be6a7c.extra_data.json,487mnSNu6t,0,com.sec.android.app.shealth,2286813,86400000,6ae690d1-8e1b-42d0-810a-017064be6a7c,2025-09-12 00:00:00.000,
0,63030110,0,2790000,4418,300,5049263,90,2790900,63051050,2025-10-09 11:51:19.822,10,2025-09-13 03:00:02.137,0.0,30,30,-1,2790900,92,13,0,8,3003.3545,2130000,688.17584,ebed4889-52cc-4b0b-befc-56f90cfb695c.extra_data.json,487mnSNu6t,295349,com.sec.android.app.shealth,1963014,86400000,ebed4889-52cc-4b0b-befc-56f90cfb695c,2025-09-13 00:00:00.000,
0,63030110,0,0,965,300,606542,90,0,63051050,2025-10-09 11:51:19.608,10,2025-09-14 03:06:57.623,0.0,30,30,-1,37352,10,5,0,8,754.1401,0,60.849995,72f64c1b-c2fe-4bed-b1bc-d932029fc015.extra_data.json,487mnSNu6t,55600,com.sec.android.app.shealth,550942,86400000,72f64c1b-c2fe-4bed-b1bc-d932029fc015,2025-09-14 00:00:00.000,
0,63030110,0,0,1918,300,1187316,90,0,63051050,2025-10-09 11:51:19.463,10,2025-09-15 03:00:20.985,0.0,30,30,-1,60000,21,9,0,8,1528.39,0,132.08,9f048ff0-5eff-4777-80bc-9e7756856212.extra_data.json,487mnSNu6t,136913,com.sec.android.app.shealth,1050403,86400000,9f048ff0-5eff-4777-80bc-9e7756856212,2025-09-15 00:00:00.000,
0,63030110,0,5177000,6621,300,6994246,90,3382361,63051050,2025-10-09 11:51:19.328,10,2025-09-16 03:00:01.461,0.0,30,30,-1,3382361,127,16,0,8,4844.306,1920000,909.99567,a01364b8-68f9-4499-8246-ec3037ac3c29.extra_data.json,487mnSNu6t,152400,com.sec.android.app.shealth,3459485,86400000,a01364b8-68f9-4499-8246-ec3037ac3c29,2025-09-16 00:00:00.000,
0,63030110,0,2984000,5496,300,6292796,90,2984719,63051050,2025-10-09 11:51:18.996,10,2025-09-17 03:00:01.023,0.0,30,30,-1,2984719,115,16,0,8,3997.6345,600000,694.6412,b9b43433-165d-4307-9d0d-fa78dc7b9e51.extra_data.json,487mnSNu6t,49600,com.sec.android.app.shealth,3258477,86400000,b9b43433-165d-4307-9d0d-fa78dc7b9e51,2025-09-17 00:00:00.000,
0,63030110,0,3339000,6715,300,6259259,90,2583635,63051050,2025-10-09 11:51:18.766,10,2025-09-18 03:00:03.059,0.0,30,30,-1,2583635,115,14,0,8,4723.4634,700000,759.9847,6835c138-b765-4a15-b952-1fc3307d159d.extra_data.json,487mnSNu6t,182800,com.sec.android.app.shealth,3492824,86400000,6835c138-b765-4a15-b952-1fc3307d159d,2025-09-18 00:00:00.000,
0,63030110,0,0,3734,300,2388402,90,0,63051050,2025-10-09 11:51:18.515,10,2025-09-19 03:00:00.823,0.0,30,30,-1,300000,43,13,0,8,2820.6394,0,221.70998,e9abbc51-787e-4c50-a032-503c6134084f.extra_data.json,487mnSNu6t,3600,com.sec.android.app.shealth,2384802,86400000,e9abbc51-787e-4c50-a032-503c6134084f,2025-09-19 00:00:00.000,
0,63030110,0,0,1177,300,768294,90,0,63051050,2025-10-09 11:51:18.385,10,2025-09-20 03:00:00.823,0.0,30,30,-1,180000,13,6,0,8,884.62,0,69.52,790cdd3f-6809-408d-847a-7bf6a7763fce.extra_data.json,487mnSNu6t,0,com.sec.android.app.shealth,768294,86400000,790cdd3f-6809-408d-847a-7bf6a7763fce,2025-09-20 00:00:00.000,
0,63030110,0,0,1089,300,726363,90,0,63051050,2025-10-18 17:22:37.510,10,2025-09-21 03:00:01.803,0.0,30,30,-1,60000,13,6,0,8,826.6299,0,63.480003,37be899f-2334-4605-a824-57697cb09ed9.extra_data.json,487mnSNu6t,0,com.sec.android.app.shealth,726363,86400000,37be899f-2334-4605-a824-57697cb09ed9,2025-09-21 00:00:00.000,
0,63030110,0,0,1103,300,735701,90,0,63051050,2025-10-18 17:22:37.371,10,2025-09-22 03:05:28.731,0.0,30,30,-1,36685,13,9,0,8,840.09,0,61.819996,7a0e02b9-dabe-4400-b251-16678b61e13d.extra_data.json,487mnSNu6t,0,com.sec.android.app.shealth,735701,86400000,7a0e02b9-dabe-4400-b251-16678b61e13d,2025-09-22 00:00:00.000,
0,63030110,0,5194000,8258,300,7859390,90,3152034,63051050,2025-10-18 17:22:37.212,10,2025-09-23 03:00:00.730,0.0,30,30,-1,4210291,144,12,0,8,5906.834,1000000,970.7197,c19ebc51-5703-4eab-9898-9b28efc5eba4.extra_data.json,487mnSNu6t,177837,com.sec.android.app.shealth,4529519,86400000,c19ebc51-5703-4eab-9898-9b28efc5eba4,2025-09-23 00:00:00.000,
0,63030110,0,0,5351,300,3243143,90,0,63051050,2025-10-18 17:22:36.870,10,2025-09-24 03:00:01.943,0.0,30,30,-1,240000,58,13,0,8,4157.74,0,273.19995,2e6cde4d-da80-47ea-8c38-b30687c4c09b.extra_data.json,487mnSNu6t,224848,com.sec.android.app.shealth,3018295,86400000,2e6cde4d-da80-47ea-8c38-b30687c4c09b,2025-09-24 00:00:00.000,
0,63051050,0,0,4083,300,2544252,90,0,63051050,2025-10-18 17:22:36.661,10,2025-09-25 03:00:07.729,0.0,30,30,-1,240000,45,12,0,8,3143.2397,0,222.28008,1e6113c1-0608-4f16-87f6-f277d0fd25b3.extra_data.json,487mnSNu6t,90112,com.sec.android.app.shealth,2454140,86400000,1e6113c1-0608-4f16-87f6-f277d0fd25b3,2025-09-25 00:00:00.000,
0,63051050,0,0,3920,300,2504174,90,0,63051050,2025-10-18 17:22:36.426,10,2025-09-26 03:00:02.103,0.0,30,30,-1,300000,45,12,0,8,2953.6797,0,180.31,0832a6f6-fbf8-4f13-8f89-66de9706bfc8.extra_data.json,487mnSNu6t,15200,com.sec.android.app.shealth,2488974,86400000,0832a6f6-fbf8-4f13-8f89-66de9706bfc8,2025-09-26 00:00:00.000,
0,63051050,0,0,1634,300,1075994,90,0,63051050,2025-10-18 17:22:36.240,10,2025-09-27 03:00:01.597,0.0,30,30,-1,43355,18,10,0,8,1241.3801,0,91.97999,a66ff162-e62e-4a28-9119-1346ff91b6e6.extra_data.json,487mnSNu6t,20800,com.sec.android.app.shealth,1055194,86400000,a66ff162-e62e-4a28-9119-1346ff91b6e6,2025-09-27 00:00:00.000,
0,63051050,0,0,2298,300,1395535,90,0,63051050,2025-10-25 13:26:25.986,10,2025-09-28 03:00:00.738,0.0,30,30,-1,60000,24,12,0,8,1842.8801,0,148.11,753f2bb6-5754-4421-bd72-d3aa2663c6a2.extra_data.json,487mnSNu6t,171233,com.sec.android.app.shealth,1224302,86400000,753f2bb6-5754-4421-bd72-d3aa2663c6a2,2025-09-28 00:00:00.000,
0,63051050,0,0,3689,300,2331489,90,0,63051050,2025-10-25 13:26:25.800,10,2025-09-29 03:00:49.271,0.0,30,30,-1,300000,42,12,0,8,2794.15,0,162.15997,3c25ed3a-5344-4238-b510-d4e29d6ebc8f.extra_data.json,487mnSNu6t,26000,com.sec.android.app.shealth,2305489,86400000,3c25ed3a-5344-4238-b510-d4e29d6ebc8f,2025-09-29 00:00:00.000,
0,63051050,0,0,1194,300,792393,90,0,63051050,2025-10-25 13:26:25.658,10,2025-09-30 03:00:06.075,0.0,30,30,-1,60000,14,8,0,8,901.9199,0,49.579994,c1ab0a2d-c73d-40ea-9fad-7c9f0bac1e29.extra_data.json,487mnSNu6t,6000,com.sec.android.app.shealth,786393,86400000,c1ab0a2d-c73d-40ea-9fad-7c9f0bac1e29,2025-09-30 00:00:00.000,
0,63051050,0,0,5468,300,3358374,90,0,63051050,2025-10-28 20:16:29.699,10,2025-10-01 03:00:06.933,0.0,30,30,-1,300000,61,13,0,8,4191.131,0,296.08994,8dca28e6-e647-4f9a-b8e6-fe153eb3d62e.extra_data.json,487mnSNu6t,114447,com.sec.android.app.shealth,3243927,86400000,8dca28e6-e647-4f9a-b8e6-fe153eb3d62e,2025-10-01 00:00:00.000,
0,63051050,0,4037000,4091,300,5516690,90,4037423,63051050,2025-10-28 20:16:29.519,10,2025-10-02 03:00:02.660,0.0,30,30,-1,4037423,101,10,0,8,1761.4028,3640000,825.61,a15fd1f8-0c02-4de9-995d-a9258bf6d915.extra_data.json,487mnSNu6t,78800,com.sec.android.app.shealth,1400467,86400000,a15fd1f8-0c02-4de9-995d-a9258bf6d915,2025-10-02 00:00:00.000,
0,63051050,0,3220000,7263,300,6910658,90,2593491,63051050,2025-10-28 20:16:29.237,10,2025-10-03 03:00:01.039,0.0,30,30,-1,2593491,126,16,0,8,5006.3286,1310000,745.62335,dcbb3112-fe44-48c7-9d90-a965886e720a.extra_data.json,487mnSNu6t,84400,com.sec.android.app.shealth,4232767,86400000,dcbb3112-fe44-48c7-9d90-a965886e720a,2025-10-03 00:00:00.000,
0,63051050,0,0,2081,300,1305493,90,0,63051050,2025-10-28 20:16:23.110,10,2025-10-04 03:00:02.887,0.0,30,30,-1,120000,22,14,0,8,1642.4303,0,135.62997,20325b21-0d71-4a8b-80e3-27262d411a40.extra_data.json,487mnSNu6t,105862,com.sec.android.app.shealth,1199631,86400000,20325b21-0d71-4a8b-80e3-27262d411a40,2025-10-04 00:00:00.000,
0,63051050,0,0,2925,300,1845366,90,0,63051050,2025-11-01 21:43:11.617,10,2025-10-05 03:00:03.697,0.0,30,30,-1,60000,32,14,0,8,2277.69,0,186.84003,033417f7-5e35-496a-870f-9ab562ae30d1.extra_data.json,487mnSNu6t,115508,com.sec.android.app.shealth,1729858,86400000,033417f7-5e35-496a-870f-9ab562ae30d1,2025-10-05 00:00:00.000,
0,63051050,0,3443000,3883,300,5242201,90,3443342,63051050,2025-11-01 21:43:11.527,10,2025-10-06 03:17:38.388,0.0,30,30,-1,3443342,95,13,0,8,2270.8865,2430000,722.3668,5c4b19cb-fb4a-4ba6-8041-e632fc27202d.extra_data.json,487mnSNu6t,155636,com.sec.android.app.shealth,1643223,86400000,5c4b19cb-fb4a-4ba6-8041-e632fc27202d,2025-10-06 00:00:00.000,
0,63051050,0,3891000,3824,300,5488087,90,3891808,63051050,2025-11-01 21:43:11.402,10,2025-10-07 03:00:02.857,0.0,30,30,-1,3891808,101,13,0,8,1846.7227,1900000,722.4284,934aa2d7-a7b6-4e4a-84d9-c12a8352fe22.extra_data.json,487mnSNu6t,21600,com.sec.android.app.shealth,1574679,86400000,934aa2d7-a7b6-4e4a-84d9-c12a8352fe22,2025-10-07 00:00:00.000,
0,63051050,0,3551000,3834,300,4524622,90,2473620,63051050,2025-11-01 21:43:11.270,10,2025-10-08 03:00:00.812,0.0,30,30,-1,2473620,82,6,0,8,2449.5837,2120000,578.2941,208c3724-9281-4ad3-9749-f33a1d0f77e1.extra_data.json,487mnSNu6t,23377,com.sec.android.app.shealth,2027625,86400000,208c3724-9281-4ad3-9749-f33a1d0f77e1,2025-10-08 00:00:00.000,
0,63051050,0,2536000,4971,300,5455323,90,2536624,63051050,2025-11-01 21:43:11.114,10,2025-10-09 03:00:01.374,0.0,30,30,-1,2536624,100,15,0,8,3625.1355,1410000,678.46423,a361d5ed-06ff-4c49-9817-e7cd35a75f9f.extra_data.json,487mnSNu6t,142795,com.sec.android.app.shealth,2775904,86400000,a361d5ed-06ff-4c49-9817-e7cd35a75f9f,2025-10-09 00:00:00.000,
0,63051050,0,0,4014,300,2573858,90,0,63051050,2025-11-01 21:43:10.988,10,2025-10-10 03:00:00.794,0.0,30,30,-1,300000,46,13,0,8,3044.2705,0,239.06998,9025a2c1-24fd-4aa2-bf0e-abfe89d25ee4.extra_data.json,487mnSNu6t,3600,com.sec.android.app.shealth,2570258,86400000,9025a2c1-24fd-4aa2-bf0e-abfe89d25ee4,2025-10-10 00:00:00.000,
0,63051050,0,0,2436,300,1614933,90,0,63051050,2025-11-01 21:43:10.897,10,2025-10-11 03:00:00.970,0.0,30,30,-1,46690,28,14,0,8,1870.75,0,144.37997,bc440006-64f7-41c6-ae69-6e01b1361cdb.extra_data.json,487mnSNu6t,14800,com.sec.android.app.shealth,1600133,86400000,bc440006-64f7-41c6-ae69-6e01b1361cdb,2025-10-11 00:00:00.000,
0,63051050,0,0,2301,300,1520082,90,0,63051050,2025-11-01 21:43:10.795,10,2025-10-12 03:00:00.888,0.0,30,30,-1,60000,26,14,0,8,1749.7699,0,139.54999,2cfc3ab6-fb94-486b-bfd0-2684f0d3873f.extra_data.json,487mnSNu6t,22000,com.sec.android.app.shealth,1498082,86400000,2cfc3ab6-fb94-486b-bfd0-2684f0d3873f,2025-10-12 00:00:00.000,
0,63051050,0,0,894,300,591225,90,0,63051050,2025-11-01 21:43:10.690,10,2025-10-13 03:14:21.761,0.0,30,30,-1,39353,10,8,0,8,680.6099,0,53.340004,576cc304-9bcc-40d5-a109-6f22d686498d.extra_data.json,487mnSNu6t,7600,com.sec.android.app.shealth,583625,86400000,576cc304-9bcc-40d5-a109-6f22d686498d,2025-10-13 00:00:00.000,
0,63051050,0,2564000,2777,300,4073667,90,2564457,63051050,2025-11-10 13:03:27.667,10,2025-10-14 03:00:01.412,0.0,30,30,-1,2564457,74,13,0,8,1808.552,280000,491.2885,5309711b-fe24-4dca-85b0-66fa83cf7965.extra_data.json,487mnSNu6t,54800,com.sec.android.app.shealth,1454410,86400000,5309711b-fe24-4dca-85b0-66fa83cf7965,2025-10-14 00:00:00.000,
0,63051050,0,0,4371,300,2788960,90,0,63051050,2025-11-10 13:03:27.439,10,2025-10-15 03:00:01.005,0.0,30,30,-1,240000,51,11,0,8,3313.2004,0,264.24,49ac7e9a-bc75-41e0-8d5b-82d4303f3136.extra_data.json,487mnSNu6t,28000,com.sec.android.app.shealth,2760960,86400000,49ac7e9a-bc75-41e0-8d5b-82d4303f3136,2025-10-15 00:00:00.000,
0,63051050,0,0,3602,300,2274152,90,0,63051050,2025-11-10 13:03:27.291,10,2025-10-16 03:00:01.909,0.0,30,30,-1,240000,41,13,0,8,2750.01,0,217.82999,067a5745-a2bf-49b7-8d3f-f4d950c82ca1.extra_data.json,487mnSNu6t,2800,com.sec.android.app.shealth,2271352,86400000,067a5745-a2bf-49b7-8d3f-f4d950c82ca1,2025-10-16 00:00:00.000,
0,63051050,0,0,3138,300,1997335,90,0,63051050,2025-11-10 13:03:27.110,10,2025-10-17 03:00:00.451,0.0,30,30,-1,240000,36,11,0,8,2386.9004,0,185.99998,598005fe-aaec-4f9b-8e11-48580e6ba342.extra_data.json,487mnSNu6t,0,com.sec.android.app.shealth,1997335,86400000,598005fe-aaec-4f9b-8e11-48580e6ba342,2025-10-17 00:00:00.000,
0,63051050,0,0,2581,300,1683880,90,0,63051050,2025-11-10 13:03:26.954,10,2025-10-18 03:00:01.743,0.0,30,30,-1,60000,30,12,0,8,1964.4204,0,150.64998,8c315dc8-2632-48c4-a15d-e7cf3b1d1cd6.extra_data.json,487mnSNu6t,56400,com.sec.android.app.shealth,1627480,86400000,8c315dc8-2632-48c4-a15d-e7cf3b1d1cd6,2025-10-18 00:00:00.000,
0,63051050,0,828000,5874,300,3703033,90,0,63051050,2025-11-10 13:03:26.793,10,2025-10-19 03:00:02.378,0.0,30,30,-1,836081,66,13,0,8,4510.9023,0,385.12985,0d04890d-d1d9-4c22-9af8-b5b4af4b5bbf.extra_data.json,487mnSNu6t,106001,com.sec.android.app.shealth,3597032,86400000,0d04890d-d1d9-4c22-9af8-b5b4af4b5bbf,2025-10-19 00:00:00.000,
0,63051050,0,0,2163,300,1442721,90,0,63051050,2025-11-10 13:03:26.589,10,2025-10-20 03:31:53.360,0.0,30,30,-1,47357,26,10,0,8,1616.8099,0,67.540016,8891284c-629c-42ac-9a38-e5480e27ee68.extra_data.json,487mnSNu6t,0,com.sec.android.app.shealth,1442721,86400000,8891284c-629c-42ac-9a38-e5480e27ee68,2025-10-20 00:00:00.000,
0,63051050,0,0,1480,300,987160,90,0,63051050,2025-11-10 13:03:26.454,10,2025-10-21 03:00:08.639,0.0,30,30,-1,42021,17,10,0,8,1101.12,0,46.65001,3932e357-ef55-467e-8faa-1ed3e4295a2b.extra_data.json,487mnSNu6t,0,com.sec.android.app.shealth,987160,86400000,3932e357-ef55-467e-8faa-1ed3e4295a2b,2025-10-21 00:00:00.000,
0,63051050,0,5753000,9758,300,8221356,90,2995512,63060070,2025-11-18 22:23:38.833,10,2025-10-22 03:00:02.775,0.0,30,30,-1,2995512,151,9,0,8,7112.661,3210000,994.81067,13766243-1831-4f65-88aa-e274d688befc.extra_data.json,487mnSNu6t,50400,com.sec.android.app.shealth,5175444,86400000,13766243-1831-4f65-88aa-e274d688befc,2025-10-22 00:00:00.000,
0,63051050,0,6398000,12153,300,9056685,90,2305191,63060070,2025-11-18 22:23:38.449,10,2025-10-23 03:00:51.102,0.0,30,30,-1,2412736,166,15,0,8,8866.723,3130000,1084.832,e5cbc78d-c9cf-492d-a3d8-3efa89be6a3a.extra_data.json,487mnSNu6t,101133,com.sec.android.app.shealth,6650361,86400000,e5cbc78d-c9cf-492d-a3d8-3efa89be6a3a,2025-10-23 00:00:00.000,
0,63051050,0,3135000,4205,300,5695534,90,3135140,63060070,2025-11-18 22:23:37.985,10,2025-10-24 03:00:04.492,0.0,30,30,-1,3135140,103,11,0,8,2985.2253,1730000,667.93787,b095002e-206e-4cbf-a34a-36dacf3a8af5.extra_data.json,487mnSNu6t,42400,com.sec.android.app.shealth,2517994,86400000,b095002e-206e-4cbf-a34a-36dacf3a8af5,2025-10-24 00:00:00.000,
0,63051050,0,2636000,4524,300,5239044,90,2636178,63060070,2025-11-18 22:23:37.709,10,2025-10-25 03:00:02.279,0.0,30,30,-1,2748372,95,11,0,8,3066.9907,1740000,625.2277,7b51bde4-7214-4313-a045-f39268b3afde.extra_data.json,487mnSNu6t,24000,com.sec.android.app.shealth,2578866,86400000,7b51bde4-7214-4313-a045-f39268b3afde,2025-10-25 00:00:00.000,
0,63051050,0,0,2225,300,1482206,90,0,63060070,2025-11-22 03:56:38.074,10,2025-10-26 03:00:00.749,0.0,30,30,-1,48691,26,12,0,8,1661.3097,0,130.27003,714516dc-31af-4352-a244-3a59b73f7d46.extra_data.json,487mnSNu6t,2800,com.sec.android.app.shealth,1479406,86400000,714516dc-31af-4352-a244-3a59b73f7d46,2025-10-26 00:00:00.000,
0,63051050,0,0,1775,300,1183925,90,0,63060070,2025-11-23 23:15:12.963,10,2025-10-27 03:00:04.854,0.0,30,30,-1,46690,21,11,0,8,1348.6202,0,103.74001,b4b505a6-eaa5-4c1e-bd8b-101eebcd1e67.extra_data.json,487mnSNu6t,0,com.sec.android.app.shealth,1183925,86400000,b4b505a6-eaa5-4c1e-bd8b-101eebcd1e67,2025-10-27 00:00:00.000,
0,63051050,0,3611000,2573,300,4874225,90,3611172,63060070,2025-11-23 23:15:12.788,10,2025-10-28 03:00:01.276,0.0,30,30,-1,3611172,88,9,0,8,1647.3403,1380000,657.5299,acaa085e-0aaa-4719-8f03-5d38aa0213e3.extra_data.json,487mnSNu6t,153157,com.sec.android.app.shealth,1109896,86400000,acaa085e-0aaa-4719-8f03-5d38aa0213e3,2025-10-28 00:00:00.000,
0,63051050,0,4207000,4495,300,6456753,90,4207341,63060070,2025-11-23 23:15:12.552,10,2025-10-29 03:00:01.267,0.0,30,30,-1,4254203,117,12,0,8,2608.5413,2590000,873.85846,19c08a86-9d6e-4dc6-a220-78ec0b4b5b7a.extra_data.json,487mnSNu6t,34800,com.sec.android.app.shealth,2214612,86400000,19c08a86-9d6e-4dc6-a220-78ec0b4b5b7a,2025-10-29 00:00:00.000,
0,63051050,0,0,1247,300,831749,90,0,63060070,2025-11-23 23:15:12.308,10,2025-10-30 03:00:02.295,0.0,30,30,-1,37352,14,9,0,8,947.87994,0,72.91999,bfc87c94-ebe2-4e4b-bc86-6b7b57539d21.extra_data.json,487mnSNu6t,0,com.sec.android.app.shealth,831749,86400000,bfc87c94-ebe2-4e4b-bc86-6b7b57539d21,2025-10-30 00:00:00.000,
0,63051050,0,0,2663,300,1764184,90,0,63060070,2025-11-23 23:15:12.125,10,2025-10-31 03:00:00.954,0.0,30,30,-1,60000,32,11,0,8,2007.6803,0,155.9,1f487b31-d86d-4373-8438-b33783d06821.extra_data.json,487mnSNu6t,2000,com.sec.android.app.shealth,1762184,86400000,1f487b31-d86d-4373-8438-b33783d06821,2025-10-31 00:00:00.000,
0,63051050,0,3426000,4690,300,5593760,90,2697603,63060070,2025-11-23 23:15:11.976,10,2025-11-01 03:00:01.556,0.0,30,30,-1,2697603,102,12,0,8,3315.2285,1860000,685.1972,b5436b74-0e6f-47eb-a2e7-1c0218a0dfe9.extra_data.json,487mnSNu6t,172110,com.sec.android.app.shealth,2724047,86400000,b5436b74-0e6f-47eb-a2e7-1c0218a0dfe9,2025-11-01 00:00:00.000,
0,63051050,0,1402000,1574,300,2414856,90,1402087,63060070,2025-11-23 23:15:11.687,10,2025-11-02 03:00:02.693,0.0,30,30,-1,1402087,43,9,0,8,1128.0599,0,162.33,c8bd23d9-cb38-45f3-b445-fd879b3ec7f0.extra_data.json,487mnSNu6t,7600,com.sec.android.app.shealth,1005169,86400000,c8bd23d9-cb38-45f3-b445-fd879b3ec7f0,2025-11-02 00:00:00.000,
0,63051050,0,0,4986,300,3028797,90,0,63060070,2025-11-23 23:15:11.482,10,2025-11-03 03:00:01.143,0.0,30,30,-1,240000,54,15,0,8,3864.5896,0,274.34003,26cb418c-1242-41d2-a4ce-501792385a7c.extra_data.json,487mnSNu6t,168897,com.sec.android.app.shealth,2859900,86400000,26cb418c-1242-41d2-a4ce-501792385a7c,2025-11-03 00:00:00.000,
0,63051050,0,0,2494,300,1572717,90,0,63060070,2025-11-23 23:15:11.284,10,2025-11-04 03:00:01.145,0.0,30,30,-1,60000,28,14,0,8,1943.9901,0,143.58998,44bb19e0-5941-4551-b8a8-601b1698f173.extra_data.json,487mnSNu6t,130916,com.sec.android.app.shealth,1441801,86400000,44bb19e0-5941-4551-b8a8-601b1698f173,2025-11-04 00:00:00.000,
0,63051050,0,2478000,3265,300,4328738,90,2478013,63060070,2025-11-23 23:15:11.125,10,2025-11-05 03:00:01.269,0.0,30,30,-1,2478013,78,13,0,8,2213.0142,390000,484.0476,a47ddb06-e8b5-4dee-8ded-4a5ae1e9bba4.extra_data.json,487mnSNu6t,62000,com.sec.android.app.shealth,1788725,86400000,a47ddb06-e8b5-4dee-8ded-4a5ae1e9bba4,2025-11-05 00:00:00.000,
0,63051050,0,0,4678,300,2975176,90,0,63060070,2025-11-23 23:15:10.860,10,2025-11-06 03:00:01.968,0.0,30,30,-1,240000,53,12,0,8,3568.1106,0,231.86002,4a797be5-3faa-4ee9-8956-72120f2e9906.extra_data.json,487mnSNu6t,48800,com.sec.android.app.shealth,2926376,86400000,4a797be5-3faa-4ee9-8956-72120f2e9906,2025-11-06 00:00:00.000,
0,63051050,0,0,3688,300,2220309,90,0,63060070,2025-12-04 21:00:34.254,10,2025-11-07 03:00:01.393,0.0,30,30,-1,300000,40,13,0,8,2854.0203,0,175.26997,49364a8f-d41b-48ea-ba9a-62f3174086c4.extra_data.json,487mnSNu6t,64129,com.sec.android.app.shealth,2156180,86400000,49364a8f-d41b-48ea-ba9a-62f3174086c4,2025-11-07 00:00:00.000,
0,63051050,0,0,4440,300,2689561,90,0,63060070,2025-12-04 21:00:34.092,10,2025-11-08 03:00:00.945,0.0,30,30,-1,420000,48,11,0,8,3416.6296,0,263.02,ef8492e9-42fa-41fc-ae41-68f8fd508209.extra_data.json,487mnSNu6t,0,com.sec.android.app.shealth,2689561,86400000,ef8492e9-42fa-41fc-ae41-68f8fd508209,2025-11-08 00:00:00.000,
0,63051050,0,0,1785,300,1189260,90,0,63060070,2025-12-04 21:00:33.865,10,2025-11-09 03:00:00.668,0.0,30,30,-1,53360,21,10,0,8,1357.1898,0,103.91002,1e0872aa-a958-4a76-bcc1-45168542efee.extra_data.json,487mnSNu6t,2000,com.sec.android.app.shealth,1187260,86400000,1e0872aa-a958-4a76-bcc1-45168542efee,2025-11-09 00:00:00.000,
0,63051050,0,0,4223,300,2595000,90,0,63060070,2025-12-04 21:00:33.683,10,2025-11-10 03:00:02.236,0.0,30,30,-1,240000,47,13,0,8,3222.6697,0,217.32004,309be856-83cd-49ba-8aa4-96c202fd0169.extra_data.json,487mnSNu6t,64182,com.sec.android.app.shealth,2530818,86400000,309be856-83cd-49ba-8aa4-96c202fd0169,2025-11-10 00:00:00.000,
0,63051050,0,0,1493,300,984617,90,0,63060070,2025-12-04 21:00:33.493,10,2025-11-11 03:00:01.623,0.0,30,30,-1,53360,17,10,0,8,1123.7802,0,68.90001,89ed08a8-7302-4454-a202-76f8dfc4147c.extra_data.json,487mnSNu6t,16800,com.sec.android.app.shealth,967817,86400000,89ed08a8-7302-4454-a202-76f8dfc4147c,2025-11-11 00:00:00.000,
0,63051050,0,0,1914,300,1269162,90,0,63060070,2025-12-04 21:00:31.957,10,2025-11-12 03:00:00.646,0.0,30,30,-1,52693,22,11,0,8,1446.3304,0,84.590004,14082638-0406-4a83-aa5a-60f23cac525a.extra_data.json,487mnSNu6t,11200,com.sec.android.app.shealth,1257962,86400000,14082638-0406-4a83-aa5a-60f23cac525a,2025-11-12 00:00:00.000,
0,63051050,0,643000,4673,300,3031880,90,0,63060070,2025-12-04 21:00:30.175,10,2025-11-13 03:00:06.336,0.0,30,30,-1,643382,55,11,0,8,3628.1682,0,287.64365,80cbae4c-5cdf-4a05-91e9-2dcacb20444f.extra_data.json,487mnSNu6t,12800,com.sec.android.app.shealth,3019080,86400000,80cbae4c-5cdf-4a05-91e9-2dcacb20444f,2025-11-13 00:00:00.000,
0,63051050,0,0,5001,300,3115452,90,0,63060070,2025-12-04 21:00:29.884,10,2025-11-14 03:00:00.808,0.0,30,30,-1,240000,56,15,0,8,3825.5793,0,224.07996,6af8a3cf-e6e9-4f11-a5b9-bdb3140dbe44.extra_data.json,487mnSNu6t,95573,com.sec.android.app.shealth,3019879,86400000,6af8a3cf-e6e9-4f11-a5b9-bdb3140dbe44,2025-11-14 00:00:00.000,
0,63060070,0,1006000,5882,300,3569623,90,0,63060070,2025-12-04 21:00:29.641,10,2025-11-15 03:00:01.415,0.0,30,30,-1,1006000,65,12,0,8,4572.2373,0,340.0924,cf4842cf-44cf-4e3c-8e96-28fb4c23cdd9.extra_data.json,487mnSNu6t,2800,com.sec.android.app.shealth,3566823,86400000,cf4842cf-44cf-4e3c-8e96-28fb4c23cdd9,2025-11-15 00:00:00.000,
0,63060070,0,0,1550,300,1022903,90,0,63060070,2025-12-04 21:00:29.388,10,2025-11-16 03:00:01.960,0.0,30,30,-1,60000,17,10,0,8,1184.5602,0,94.44999,9089a366-a5bd-4591-9bf2-ca2cfa064dba.extra_data.json,487mnSNu6t,16400,com.sec.android.app.shealth,1006503,86400000,9089a366-a5bd-4591-9bf2-ca2cfa064dba,2025-11-16 00:00:00.000,
0,63060070,0,0,4152,300,2608587,90,0,63060070,2025-12-04 21:00:29.196,10,2025-11-17 03:00:02.734,0.0,30,30,-1,300000,47,12,0,8,3168.6895,0,246.92996,45c7e2aa-9b87-4169-adb1-27a924fbec8d.extra_data.json,487mnSNu6t,400,com.sec.android.app.shealth,2608187,86400000,45c7e2aa-9b87-4169-adb1-27a924fbec8d,2025-11-17 00:00:00.000,
0,63060070,0,0,782,300,521594,90,0,63060070,2025-12-04 21:00:29.057,10,2025-11-18 03:00:00.721,0.0,30,30,-1,36018,8,8,0,8,586.72,0,40.629997,cb21d707-5a72-40a4-b214-6327b3104429.extra_data.json,487mnSNu6t,0,com.sec.android.app.shealth,521594,86400000,cb21d707-5a72-40a4-b214-6327b3104429,2025-11-18 00:00:00.000,
0,63060070,0,0,6407,300,4004049,90,0,63060070,2025-12-04 21:00:28.866,10,2025-11-19 03:00:00.971,0.0,30,30,-1,240000,73,14,0,8,4892.3403,0,318.57013,c51a0d09-b38f-4646-afa7-b1b92a9ceb5e.extra_data.json,487mnSNu6t,98000,com.sec.android.app.shealth,3906049,86400000,c51a0d09-b38f-4646-afa7-b1b92a9ceb5e,2025-11-19 00:00:00.000,
0,63060070,0,2983000,4192,300,5144839,90,2983373,63060070,2025-12-04 21:00:28.643,10,2025-11-20 03:00:02.054,0.0,30,30,-1,3053723,94,11,0,8,2589.381,1740000,590.4657,9175d4ca-93cd-4f1c-824d-cdbb3d167906.extra_data.json,487mnSNu6t,31600,com.sec.android.app.shealth,2129866,86400000,9175d4ca-93cd-4f1c-824d-cdbb3d167906,2025-11-20 00:00:00.000,
0,63060070,0,0,3130,300,1967004,90,0,63060070,2025-12-04 21:00:28.364,10,2025-11-21 03:00:01.008,0.0,30,30,-1,120000,35,12,0,8,2427.3296,0,170.79001,a2e032d2-6cf2-44c4-8b71-e38d1e179d32.extra_data.json,487mnSNu6t,146582,com.sec.android.app.shealth,1820422,86400000,a2e032d2-6cf2-44c4-8b71-e38d1e179d32,2025-11-21 00:00:00.000,
0,63060070,0,3574000,7960,300,6724494,90,2118605,63070030,2025-12-19 05:47:24.574,10,2025-11-22 03:00:00.774,0.0,30,30,-1,2118605,123,16,0,8,6087.194,2420000,879.301,5aaf978f-a0ff-4717-b463-9a4997922b42.extra_data.json,487mnSNu6t,257464,com.sec.android.app.shealth,4348425,86400000,5aaf978f-a0ff-4717-b463-9a4997922b42,2025-11-22 00:00:00.000,
0,63060070,0,0,1169,300,770111,90,0,63070030,2025-12-19 05:46:34.947,10,2025-11-23 03:00:00.673,0.0,30,30,-1,40687,13,10,0,8,891.77997,0,68.770004,7fb191c6-64e2-4681-a22d-590a0ae057b7.extra_data.json,487mnSNu6t,14400,com.sec.android.app.shealth,755711,86400000,7fb191c6-64e2-4681-a22d-590a0ae057b7,2025-11-23 00:00:00.000,
0,63060070,0,0,3664,300,2296073,90,0,63070030,2025-12-21 21:47:57.370,10,2025-11-24 03:00:01.175,0.0,30,30,-1,240000,42,12,0,8,2739.6294,0,124.079994,fa21b06e-5e98-46ca-8b9b-f54dc748a52c.extra_data.json,487mnSNu6t,2800,com.sec.android.app.shealth,2293273,86400000,fa21b06e-5e98-46ca-8b9b-f54dc748a52c,2025-11-24 00:00:00.000,
0,63060070,0,0,2546,300,1680827,90,0,63070030,2025-12-21 21:47:57.145,10,2025-11-25 03:00:02.311,0.0,30,30,-1,40020,30,12,0,8,1927.0599,0,123.98001,35d315f8-4050-486c-af88-ee6a977a5190.extra_data.json,487mnSNu6t,26000,com.sec.android.app.shealth,1654827,86400000,35d315f8-4050-486c-af88-ee6a977a5190,2025-11-25 00:00:00.000,
0,63060070,0,0,2847,300,1855962,90,0,63070030,2025-12-21 21:47:56.532,10,2025-11-26 03:00:00.870,0.0,30,30,-1,60000,33,11,0,8,2204.76,0,150.26001,5a59578e-3d86-4574-9e76-d46c3aa8bae7.extra_data.json,487mnSNu6t,64400,com.sec.android.app.shealth,1791562,86400000,5a59578e-3d86-4574-9e76-d46c3aa8bae7,2025-11-26 00:00:00.000,
0,63060070,0,0,3941,300,2506863,90,0,63070030,2025-12-21 21:47:56.349,10,2025-11-27 03:00:01.261,0.0,30,30,-1,300000,45,14,0,8,2940.1902,0,120.82001,d555551a-2859-4f3f-8938-0e57ec9c6a08.extra_data.json,487mnSNu6t,0,com.sec.android.app.shealth,2506863,86400000,d555551a-2859-4f3f-8938-0e57ec9c6a08,2025-11-27 00:00:00.000,
0,63060070,0,0,5858,300,3696268,90,0,63070030,2025-12-21 21:47:56.144,10,2025-11-28 03:42:19.723,0.0,30,30,-1,240000,67,15,0,8,4494.3003,0,256.35004,2e041457-e1c4-416c-a684-877eec11a2de.extra_data.json,487mnSNu6t,65600,com.sec.android.app.shealth,3630668,86400000,2e041457-e1c4-416c-a684-877eec11a2de,2025-11-28 00:00:00.000,
0,63060070,0,0,4370,300,2822290,90,0,63070030,2025-12-21 21:47:55.909,10,2025-11-29 03:00:01.987,0.0,30,30,-1,120000,51,13,0,8,3285.4106,0,171.65,94401686-b8e9-4f23-a41d-6ee349b4c94e.extra_data.json,487mnSNu6t,14400,com.sec.android.app.shealth,2807890,86400000,94401686-b8e9-4f23-a41d-6ee349b4c94e,2025-11-29 00:00:00.000,
0,63060070,0,0,1528,300,1015972,90,0,63070030,2025-12-27 23:07:02.172,10,2025-11-30 03:00:05.853,0.0,30,30,-1,53360,17,10,0,8,1141.5399,0,61.270004,56316337-09ec-4586-a364-cbc3d4635543.extra_data.json,487mnSNu6t,4800,com.sec.android.app.shealth,1011172,86400000,56316337-09ec-4586-a364-cbc3d4635543,2025-11-30 00:00:00.000,
0,63060070,0,0,4409,300,2724482,90,0,63070030,2025-12-27 23:07:01.989,10,2025-12-01 03:00:00.792,0.0,30,30,-1,300000,48,12,0,8,3387.8408,0,219.25008,ddb16cc5-ac57-4d3e-b892-a4c22ba216ea.extra_data.json,487mnSNu6t,107243,com.sec.android.app.shealth,2617239,86400000,ddb16cc5-ac57-4d3e-b892-a4c22ba216ea,2025-12-01 00:00:00.000,
0,63060070,0,0,3684,300,2354823,90,0,63070030,2025-12-27 23:07:01.819,10,2025-12-02 03:00:01.198,0.0,30,30,-1,240000,42,10,0,8,2786.91,0,148.90996,43644b69-a111-40c6-bc49-4907afbd9924.extra_data.json,487mnSNu6t,21200,com.sec.android.app.shealth,2333623,86400000,43644b69-a111-40c6-bc49-4907afbd9924,2025-12-02 00:00:00.000,
0,63060070,0,1835000,4280,300,2478117,90,0,63070030,2025-12-27 23:07:01.626,10,2025-12-03 03:00:01.884,0.0,30,30,-1,960000,45,8,0,8,3387.3699,0,260.78198,6c9fbdcb-37bb-46dc-a017-05900dbde89f.extra_data.json,487mnSNu6t,0,com.sec.android.app.shealth,2478117,86400000,6c9fbdcb-37bb-46dc-a017-05900dbde89f,2025-12-03 00:00:00.000,
0,63060070,0,2024000,5745,300,5020355,90,1297546,63070030,2025-12-27 23:07:01.372,10,2025-12-04 03:00:01.832,0.0,30,30,-1,1297546,92,15,0,8,4437.4814,360000,531.6622,0ca8f1df-4d6d-4665-8c78-109cd5a10986.extra_data.json,487mnSNu6t,92000,com.sec.android.app.shealth,3630809,86400000,0ca8f1df-4d6d-4665-8c78-109cd5a10986,2025-12-04 00:00:00.000,
0,63060070,0,606000,4906,300,3276278,90,0,63070030,2025-12-27 23:07:01.098,10,2025-12-05 03:00:00.605,0.0,30,30,-1,606060,60,14,0,8,3751.4568,0,252.74461,68347268-9dc2-4ae7-b8ce-10f462821aa7.extra_data.json,487mnSNu6t,32800,com.sec.android.app.shealth,3243478,86400000,68347268-9dc2-4ae7-b8ce-10f462821aa7,2025-12-05 00:00:00.000,
0,63060070,0,2143000,6297,300,5802048,90,2143816,63070030,2025-12-27 23:07:00.889,10,2025-12-06 03:00:02.142,0.0,30,30,-1,2143816,106,11,0,8,4339.8745,1030000,591.35333,bcb3d11f-c0d1-43b6-8291-831e38ef6c21.extra_data.json,487mnSNu6t,160400,com.sec.android.app.shealth,3497832,86400000,bcb3d11f-c0d1-43b6-8291-831e38ef6c21,2025-12-06 00:00:00.000,
0,63060070,0,1053000,8280,300,5475766,90,1053306,63070030,2025-12-27 23:07:00.618,10,2025-12-07 03:00:01.243,0.0,30,30,-1,1053306,101,13,0,8,5458.8857,480000,525.9218,a30ca721-50dd-47ce-a053-475ca52b9609.extra_data.json,487mnSNu6t,28088,com.sec.android.app.shealth,4394372,86400000,a30ca721-50dd-47ce-a053-475ca52b9609,2025-12-07 00:00:00.000,
0,63060070,0,0,4630,300,2864258,90,0,63070030,2025-12-27 23:07:00.350,10,2025-12-08 03:00:00.964,0.0,30,30,-1,300000,52,16,0,8,3572.1802,0,237.07004,a9b0c139-07c7-4da1-8afc-acc2827e8210.extra_data.json,487mnSNu6t,140690,com.sec.android.app.shealth,2723568,86400000,a9b0c139-07c7-4da1-8afc-acc2827e8210,2025-12-08 00:00:00.000,
0,63060070,0,0,1014,300,666459,90,0,63070030,2025-12-27 23:07:00.023,10,2025-12-09 03:00:02.793,0.0,30,30,-1,38019,11,9,0,8,754.72003,0,35.97,bcd6a51c-6d88-4897-92ec-2124d57a1621.extra_data.json,487mnSNu6t,14800,com.sec.android.app.shealth,651659,86400000,bcd6a51c-6d88-4897-92ec-2124d57a1621,2025-12-09 00:00:00.000,
0,63060070,0,0,1039,300,693013,90,0,63070030,2026-01-06 03:15:17.582,10,2025-12-10 03:00:01.465,0.0,30,30,-1,48024,12,5,0,8,768.1801,0,32.730003,28ca436b-5909-496a-8036-2c0cd790835c.extra_data.json,487mnSNu6t,0,com.sec.android.app.shealth,693013,86400000,28ca436b-5909-496a-8036-2c0cd790835c,2025-12-10 00:00:00.000,
0,63060070,0,0,1610,300,1065593,90,0,63070030,2026-01-06 03:15:17.454,10,2025-12-11 03:00:03.072,0.0,30,30,-1,49358,18,11,0,8,1205.3501,0,68.979996,2013e6d0-ed16-4177-be08-acc62249047a.extra_data.json,487mnSNu6t,12400,com.sec.android.app.shealth,1053193,86400000,2013e6d0-ed16-4177-be08-acc62249047a,2025-12-11 00:00:00.000,
0,63060070,0,0,4611,300,2865884,90,0,63070030,2026-01-06 03:15:17.330,10,2025-12-12 03:00:01.800,0.0,30,30,-1,300000,52,13,0,8,3526.3494,0,191.26999,4543115e-fa32-4a56-8881-52c49fc497c3.extra_data.json,487mnSNu6t,101792,com.sec.android.app.shealth,2764092,86400000,4543115e-fa32-4a56-8881-52c49fc497c3,2025-12-12 00:00:00.000,
0,63060070,0,2574000,4885,300,5413288,90,2574400,63070030,2026-01-06 03:15:17.157,10,2025-12-13 03:04:46.873,0.0,30,30,-1,2574400,98,14,0,8,3378.5706,2540000,657.73334,5e8ffdee-ef57-49ec-8dc5-0593777f9842.extra_data.json,487mnSNu6t,45600,com.sec.android.app.shealth,2793288,86400000,5e8ffdee-ef57-49ec-8dc5-0593777f9842,2025-12-13 00:00:00.000,
0,63060070,0,0,2632,300,1586043,90,0,63070030,2026-01-06 03:15:16.951,10,2025-12-14 03:15:01.670,0.0,30,30,-1,240000,28,10,0,8,2038.4098,0,144.84003,8eef0330-ae81-4145-88c0-e8f567d5d293.extra_data.json,487mnSNu6t,120230,com.sec.android.app.shealth,1465813,86400000,8eef0330-ae81-4145-88c0-e8f567d5d293,2025-12-14 00:00:00.000,
0,63060070,0,0,1123,300,749041,90,0,63070030,2026-01-06 03:15:16.779,10,2025-12-15 03:00:01.822,0.0,30,30,-1,60000,13,5,0,8,830.5101,0,35.179996,ad81a660-3917-4492-9299-8900d891c5f4.extra_data.json,487mnSNu6t,0,com.sec.android.app.shealth,749041,86400000,ad81a660-3917-4492-9299-8900d891c5f4,2025-12-15 00:00:00.000,
0,63060070,0,3272000,2027,300,4201051,90,3272731,63070030,2026-01-06 03:15:16.643,10,2025-12-16 03:00:00.737,0.0,30,30,-1,3272731,76,7,0,8,1077.6301,0,490.79996,8f781403-3104-48c4-b29b-522703761f9e.extra_data.json,487mnSNu6t,21200,com.sec.android.app.shealth,907120,86400000,8f781403-3104-48c4-b29b-522703761f9e,2025-12-16 00:00:00.000,
0,63060070,0,3712000,3495,300,4414310,90,2746424,63070030,2026-01-06 03:15:16.437,10,2025-12-17 03:00:00.889,0.0,30,30,-1,3722325,81,8,0,8,2201.3286,1650000,579.19336,1f14cf72-7ed1-4068-9e95-df0d0e53e7ba.extra_data.json,487mnSNu6t,38000,com.sec.android.app.shealth,1629886,86400000,1f14cf72-7ed1-4068-9e95-df0d0e53e7ba,2025-12-17 00:00:00.000,
0,63060070,0,624000,4610,300,2789249,90,0,63070030,2026-01-06 03:15:16.153,10,2025-12-18 03:00:03.182,0.0,30,30,-1,624709,51,13,0,8,3617.7532,0,300.89218,3a560644-ad60-4f18-95b9-b4f66c579f34.extra_data.json,487mnSNu6t,130090,com.sec.android.app.shealth,2659159,86400000,3a560644-ad60-4f18-95b9-b4f66c579f34,2025-12-18 00:00:00.000,
0,63060070,0,0,5119,300,3140914,90,0,63070030,2026-01-06 03:15:15.972,10,2025-12-19 03:00:02.843,0.0,30,30,-1,120000,57,15,0,8,4046.7305,0,326.29996,994741a7-dc61-4d32-8230-8510246944de.extra_data.json,487mnSNu6t,306153,com.sec.android.app.shealth,2834761,86400000,994741a7-dc61-4d32-8230-8510246944de,2025-12-19 00:00:00.000,
0,63070030,0,0,1848,300,1193035,90,0,63070030,2026-01-16 10:33:59.579,10,2025-12-20 03:00:02.678,0.0,30,30,-1,120000,21,11,0,8,1399.26,0,86.930016,5f6dd95b-8d04-48bb-afd8-929686f2ab14.extra_data.json,487mnSNu6t,9200,com.sec.android.app.shealth,1183835,86400000,5f6dd95b-8d04-48bb-afd8-929686f2ab14,2025-12-20 00:00:00.000,
0,63070030,0,0,2671,300,1774348,90,0,63070030,2026-01-16 10:33:59.430,10,2025-12-21 03:51:48.380,0.0,30,30,-1,45356,32,13,0,8,1993.0901,0,135.00003,adb9bfd8-caeb-440d-9bfb-d1741fd86c98.extra_data.json,487mnSNu6t,10800,com.sec.android.app.shealth,1763548,86400000,adb9bfd8-caeb-440d-9bfb-d1741fd86c98,2025-12-21 00:00:00.000,
0,63070030,0,2967000,9790,300,6435462,90,0,63070030,2026-01-18 23:20:01.612,10,2025-12-22 03:39:09.806,0.0,30,30,-1,1764627,117,13,0,8,7358.1836,0,673.1021,89ab5079-fb64-4600-b563-e07f5cf9a0ce.extra_data.json,487mnSNu6t,162745,com.sec.android.app.shealth,6272717,86400000,89ab5079-fb64-4600-b563-e07f5cf9a0ce,2025-12-22 00:00:00.000,
0,63070030,0,0,1934,300,1260132,90,0,63070030,2026-01-18 23:19:59.928,10,2025-12-23 03:00:04.864,0.0,30,30,-1,120000,22,8,0,8,1471.5203,0,76.82,153cd932-09dc-425a-88b9-80aee76258d3.extra_data.json,487mnSNu6t,15600,com.sec.android.app.shealth,1244532,86400000,153cd932-09dc-425a-88b9-80aee76258d3,2025-12-23 00:00:00.000,
0,63070030,0,0,3972,300,2457445,90,0,63070030,2026-01-18 23:19:59.251,10,2025-12-24 03:00:01.615,0.0,30,30,-1,540000,44,9,0,8,2982.9702,0,122.42,14724e66-7f5a-4c6c-9642-488753310031.extra_data.json,487mnSNu6t,0,com.sec.android.app.shealth,2457445,86400000,14724e66-7f5a-4c6c-9642-488753310031,2025-12-24 00:00:00.000,
0,63070030,0,0,2919,300,1946973,90,0,63070030,2026-01-18 23:19:58.720,10,2025-12-25 03:00:14.437,0.0,30,30,-1,60000,35,13,0,8,2197.3406,0,159.30995,f8656c1b-7660-41a8-8599-4d7c5cfe2e41.extra_data.json,487mnSNu6t,0,com.sec.android.app.shealth,1946973,86400000,f8656c1b-7660-41a8-8599-4d7c5cfe2e41,2025-12-25 00:00:00.000,
0,63070030,0,0,306,300,204102,90,0,63070030,2026-01-18 23:19:57.602,10,2025-12-26 03:00:01.151,0.0,30,30,-1,26680,3,4,0,8,229.54,0,17.779999,db1e801a-329e-499c-b886-9635e8290c75.extra_data.json,487mnSNu6t,0,com.sec.android.app.shealth,204102,86400000,db1e801a-329e-499c-b886-9635e8290c75,2025-12-26 00:00:00.000,
0,63070030,0,0,2515,300,1467965,90,0,63070030,2026-01-18 23:19:57.166,10,2025-12-27 03:00:01.312,0.0,30,30,-1,180000,26,11,0,8,2028.5903,0,171.73001,ca845826-af42-4cd0-a501-bb6431ec0d43.extra_data.json,487mnSNu6t,184522,com.sec.android.app.shealth,1283443,86400000,ca845826-af42-4cd0-a501-bb6431ec0d43,2025-12-27 00:00:00.000,
0,63070030,0,0,1565,300,977906,90,0,63070030,2026-01-18 23:19:56.447,10,2025-12-28 03:00:02.207,0.0,30,30,-1,60000,16,9,0,8,1238.1101,0,98.42002,0e741f5b-e3a0-4bce-9484-69055e52f743.extra_data.json,487mnSNu6t,98800,com.sec.android.app.shealth,879106,86400000,0e741f5b-e3a0-4bce-9484-69055e52f743,2025-12-28 00:00:00.000,
0,63070030,0,0,2876,300,1898534,90,0,63070030,2026-01-18 23:19:55.707,10,2025-12-29 03:12:51.695,0.0,30,30,-1,60000,34,11,0,8,2134.1199,0,138.70998,c64747b0-79ff-4671-91bc-f2400c5cf0b7.extra_data.json,487mnSNu6t,29600,com.sec.android.app.shealth,1868934,86400000,c64747b0-79ff-4671-91bc-f2400c5cf0b7,2025-12-29 00:00:00.000,
0,63070030,0,0,1579,300,1053193,90,0,63070030,2026-01-18 23:19:55.107,10,2025-12-30 03:00:02.099,0.0,30,30,-1,43355,18,8,0,8,1161.3201,0,50.170002,099b5ca4-bb82-4e22-8d9d-fe3c7a34ad48.extra_data.json,487mnSNu6t,0,com.sec.android.app.shealth,1053193,86400000,099b5ca4-bb82-4e22-8d9d-fe3c7a34ad48,2025-12-30 00:00:00.000,
0,63070030,0,0,2819,300,1876802,90,0,63070030,2026-01-18 23:19:54.578,10,2025-12-31 03:00:01.162,0.0,30,30,-1,49358,34,9,0,8,2105.2,0,115.73001,701eeed9-139e-4dba-a9ca-324e647e23aa.extra_data.json,487mnSNu6t,5200,com.sec.android.app.shealth,1871602,86400000,701eeed9-139e-4dba-a9ca-324e647e23aa,2025-12-31 00:00:00.000,
0,63070030,0,908000,4810,300,3341624,90,0,63070030,2026-01-28 10:52:35.136,10,2026-01-01 03:00:01.468,0.0,30,30,-1,908774,61,15,0,8,3778.161,0,356.09033,a8186743-7a0e-4fba-abfc-4c7d0f7500dd.extra_data.json,487mnSNu6t,84800,com.sec.android.app.shealth,3256824,86400000,a8186743-7a0e-4fba-abfc-4c7d0f7500dd,2026-01-01 00:00:00.000,
0,63070030,0,0,3918,300,2604605,90,0,63070030,2026-01-29 11:04:05.987,10,2026-01-02 03:00:01.435,0.0,30,30,-1,60000,47,11,0,8,2926.211,0,121.199974,2d0a5be4-68ab-4852-afdc-a3fb72c04533.extra_data.json,487mnSNu6t,0,com.sec.android.app.shealth,2604605,86400000,2d0a5be4-68ab-4852-afdc-a3fb72c04533,2026-01-02 00:00:00.000,
0,63070030,0,0,1219,300,813073,90,0,63070030,2026-01-29 11:04:05.740,10,2026-01-03 03:00:01.035,0.0,30,30,-1,42688,14,6,0,8,906.32996,0,38.73,1c7d0f6f-65ce-4d77-98f7-40211df8dfae.extra_data.json,487mnSNu6t,0,com.sec.android.app.shealth,813073,86400000,1c7d0f6f-65ce-4d77-98f7-40211df8dfae,2026-01-03 00:00:00.000,
0,63070030,0,0,6455,300,4298058,90,0,63070030,2026-01-29 11:04:05.530,10,2026-01-04 03:00:00.740,0.0,30,30,-1,720000,78,15,0,8,4741.8394,0,355.57,08688c16-a569-4091-aa16-0dcaeb518d8a.extra_data.json,487mnSNu6t,0,com.sec.android.app.shealth,4298058,86400000,08688c16-a569-4091-aa16-0dcaeb518d8a,2026-01-04 00:00:00.000,
0,63070030,0,0,1485,300,990495,90,0,63070030,2026-01-29 11:04:05.295,10,2026-01-05 03:00:03.104,0.0,30,30,-1,60000,17,10,0,8,1114.0099,0,87.149994,17b19517-b587-45ee-80a8-aa1a8ad01607.extra_data.json,487mnSNu6t,0,com.sec.android.app.shealth,990495,86400000,17b19517-b587-45ee-80a8-aa1a8ad01607,2026-01-05 00:00:00.000,
0,63070030,0,3000000,10972,300,7461059,90,0,63070030,2026-01-29 11:04:05.121,10,2026-01-06 03:00:01.433,0.0,30,30,-1,1402768,136,17,0,8,8140.983,0,739.11176,ba2ba9b4-f5e5-4e66-8b04-ad40f116ace5.extra_data.json,487mnSNu6t,34400,com.sec.android.app.shealth,7426659,86400000,ba2ba9b4-f5e5-4e66-8b04-ad40f116ace5,2026-01-06 00:00:00.000,
0,63070030,0,0,4571,300,3006198,90,0,63070030,2026-01-29 11:04:04.679,10,2026-01-07 03:00:01.277,0.0,30,30,-1,120000,54,13,0,8,3428.0098,0,233.38004,4fe64c32-2613-41fb-af14-0ffc5cc57d50.extra_data.json,487mnSNu6t,28800,com.sec.android.app.shealth,2977398,86400000,4fe64c32-2613-41fb-af14-0ffc5cc57d50,2026-01-07 00:00:00.000,
0,63070030,0,0,3266,300,2117605,90,0,63070030,2026-02-04 11:52:41.728,10,2026-01-08 03:00:01.172,0.0,30,30,-1,120000,38,11,0,8,2443.24,0,101.68,c6fdb46d-441a-4122-853f-ce64b6f57bbb.extra_data.json,487mnSNu6t,0,com.sec.android.app.shealth,2117605,86400000,c6fdb46d-441a-4122-853f-ce64b6f57bbb,2026-01-08 00:00:00.000,
0,63070030,0,0,4421,300,2859229,90,0,63070030,2026-02-05 06:03:37.331,10,2026-01-09 03:00:00.942,0.0,30,30,-1,120000,51,14,0,8,3383.3496,0,235.27,dd658d1a-1955-4bff-96d0-bf13556a8d4c.extra_data.json,487mnSNu6t,118824,com.sec.android.app.shealth,2740405,86400000,dd658d1a-1955-4bff-96d0-bf13556a8d4c,2026-01-09 00:00:00.000,
0,63070030,0,0,5892,300,3792651,90,0,63070030,2026-02-05 06:03:36.857,10,2026-01-10 03:00:48.839,0.0,30,30,-1,180000,68,15,0,8,4466.18,0,307.21997,e9ddfa38-2d25-4abd-b8b2-5fb7d8e68acc.extra_data.json,487mnSNu6t,103760,com.sec.android.app.shealth,3688891,86400000,e9ddfa38-2d25-4abd-b8b2-5fb7d8e68acc,2026-01-10 00:00:00.000,
0,63070030,0,0,3438,300,2217994,90,0,63070030,2026-02-05 06:03:36.452,10,2026-01-11 03:00:02.217,0.0,30,30,-1,180000,40,15,0,8,2575.7002,0,131.38,8e8f4336-c850-47f4-bf09-dbba497e2f57.extra_data.json,487mnSNu6t,2400,com.sec.android.app.shealth,2215594,86400000,8e8f4336-c850-47f4-bf09-dbba497e2f57,2026-01-11 00:00:00.000,
0,63070030,0,0,1687,300,1125229,90,0,63070030,2026-02-05 06:03:35.991,10,2026-01-12 03:42:50.766,0.0,30,30,-1,40687,20,9,0,8,1251.8601,0,53.050007,19f5921a-d1d0-494a-aeae-889728ffcb55.extra_data.json,487mnSNu6t,0,com.sec.android.app.shealth,1125229,86400000,19f5921a-d1d0-494a-aeae-889728ffcb55,2026-01-12 00:00:00.000,
0,63070030,0,0,3637,300,2299213,90,0,63070030,2026-02-05 06:03:35.386,10,2026-01-13 03:00:00.650,0.0,30,30,-1,120000,41,15,0,8,2798.9304,0,194.09998,61b747b5-2f85-44c2-a63a-657615ea1ddf.extra_data.json,487mnSNu6t,110477,com.sec.android.app.shealth,2188736,86400000,61b747b5-2f85-44c2-a63a-657615ea1ddf,2026-01-13 00:00:00.000,
0,63070030,0,0,4465,300,2828074,90,0,63070030,2026-02-05 06:03:34.952,10,2026-01-14 03:00:00.568,0.0,30,30,-1,360000,51,15,0,8,3372.0596,0,220.88995,6b52af97-9ab5-4d00-ac1d-976d2710c2be.extra_data.json,487mnSNu6t,32400,com.sec.android.app.shealth,2795674,86400000,6b52af97-9ab5-4d00-ac1d-976d2710c2be,2026-01-14 00:00:00.000,
0,63070030,0,0,2359,300,1535344,90,0,63070030,2026-02-05 06:03:34.330,10,2026-01-15 03:00:01.099,0.0,30,30,-1,120000,27,8,0,8,1800.2704,0,137.96997,8e5d39da-95db-4d40-bee7-2b6e99db835b.extra_data.json,487mnSNu6t,0,com.sec.android.app.shealth,1535344,86400000,8e5d39da-95db-4d40-bee7-2b6e99db835b,2026-01-15 00:00:00.000,
0,63070030,0,3295000,5823,300,6772446,90,3295757,63070030,2026-02-05 06:03:33.762,10,2026-01-16 03:00:00.628,0.0,30,30,-1,3294475,124,16,0,8,4212.7764,100000,708.2085,44e4691e-374e-43ae-ae9c-f1aa43c944d5.extra_data.json,487mnSNu6t,99204,com.sec.android.app.shealth,3377485,86400000,44e4691e-374e-43ae-ae9c-f1aa43c944d5,2026-01-16 00:00:00.000,
0,63070030,0,0,4684,300,3110050,90,0,63070030,2026-02-13 10:40:44.791,10,2026-01-17 03:00:02.874,0.0,30,30,-1,60000,56,15,0,8,3507.921,0,219.88998,99a63b3c-e3d2-4227-825d-505d1c961f32.extra_data.json,487mnSNu6t,15200,com.sec.android.app.shealth,3094850,86400000,99a63b3c-e3d2-4227-825d-505d1c961f32,2026-01-17 00:00:00.000,
0,63070030,0,1806000,2095,300,3156873,90,1806767,63070030,2026-02-14 17:02:15.963,10,2026-01-18 03:03:54.239,0.0,30,30,-1,1806206,57,11,0,8,1620.88,0,323.72992,d60f3ebd-3390-4d3a-91df-6021b60830cf.extra_data.json,487mnSNu6t,70800,com.sec.android.app.shealth,1279306,86400000,d60f3ebd-3390-4d3a-91df-6021b60830cf,2026-01-18 00:00:00.000,
0,63070030,0,0,2403,300,1489574,90,0,63070030,2026-02-14 17:02:15.753,10,2026-01-19 03:00:04.850,0.0,30,30,-1,60000,26,12,0,8,1889.6504,0,126.61001,6b5dc07a-fe0c-403f-9dd6-a36c800cbcf0.extra_data.json,487mnSNu6t,131505,com.sec.android.app.shealth,1358069,86400000,6b5dc07a-fe0c-403f-9dd6-a36c800cbcf0,2026-01-19 00:00:00.000,
0,63070030,0,720000,3785,300,2419913,90,0,63070030,2026-02-14 17:02:13.793,10,2026-01-20 03:00:03.518,0.0,30,30,-1,720000,44,11,0,8,2829.5398,0,116.60002,6351a56a-bd9f-4ca8-baa0-3070e2ce0180.extra_data.json,487mnSNu6t,0,com.sec.android.app.shealth,2419913,86400000,6351a56a-bd9f-4ca8-baa0-3070e2ce0180,2026-01-20 00:00:00.000,
0,63070030,0,0,5181,300,3251437,90,0,63070030,2026-02-14 17:02:13.309,10,2026-01-21 03:07:54.415,0.0,30,30,-1,300000,58,15,0,8,3939.9404,0,262.32,9a2aede7-e4f4-4497-b66d-e33dcb2aafa2.extra_data.json,487mnSNu6t,105724,com.sec.android.app.shealth,3145713,86400000,9a2aede7-e4f4-4497-b66d-e33dcb2aafa2,2026-01-21 00:00:00.000,
0,63070030,0,0,4458,300,2802056,90,0,63070030,2026-02-14 17:02:13.141,10,2026-01-22 03:00:01.173,0.0,30,30,-1,240000,51,14,0,8,3343.01,0,149.67003,11853b63-bef1-4018-a9de-14e6e1daebee.extra_data.json,487mnSNu6t,9200,com.sec.android.app.shealth,2792856,86400000,11853b63-bef1-4018-a9de-14e6e1daebee,2026-01-22 00:00:00.000,
0,63070030,0,2954000,5990,300,6402028,90,2954160,63070030,2026-02-19 10:36:55.822,10,2026-01-23 03:00:14.079,0.0,30,30,-1,2933789,117,15,0,8,4073.0696,225000,640.80585,0d334c6f-dde9-4264-90b9-afca23cb84e0.extra_data.json,487mnSNu6t,55693,com.sec.android.app.shealth,3392175,86400000,0d334c6f-dde9-4264-90b9-afca23cb84e0,2026-01-23 00:00:00.000,
0,63070030,0,0,2041,300,1342123,90,0,63070030,2026-02-19 10:36:55.480,10,2026-01-24 03:00:01.859,0.0,30,30,-1,45089,23,13,0,8,1551.0198,0,106.24999,3db25f10-ca2e-4f77-84a8-bdd519fac277.extra_data.json,487mnSNu6t,28800,com.sec.android.app.shealth,1313323,86400000,3db25f10-ca2e-4f77-84a8-bdd519fac277,2026-01-24 00:00:00.000,
0,63070030,0,710000,4511,300,2898849,90,0,63070030,2026-02-19 10:36:55.267,10,2026-01-25 03:56:35.859,0.0,30,30,-1,720000,53,9,0,8,3376.0588,0,140.16331,4421047e-d40a-42af-b1e2-ef5b392c69d7.extra_data.json,487mnSNu6t,0,com.sec.android.app.shealth,2898849,86400000,4421047e-d40a-42af-b1e2-ef5b392c69d7,2026-01-25 00:00:00.000,
0,63070030,0,0,1627,300,1022391,90,0,63070030,2026-02-19 10:36:55.017,10,2026-01-26 03:00:01.637,0.0,30,30,-1,180000,18,7,0,8,1217.3201,0,50.429996,5eaf764b-2fd2-459e-9582-179bd24fbb78.extra_data.json,487mnSNu6t,0,com.sec.android.app.shealth,1022391,86400000,5eaf764b-2fd2-459e-9582-179bd24fbb78,2026-01-26 00:00:00.000,
0,63070030,0,0,3827,300,2448022,90,0,63070030,2026-02-19 10:36:54.818,10,2026-01-27 03:00:01.539,0.0,30,30,-1,180000,44,11,0,8,2931.4202,0,189.86005,f2205408-e6ab-401c-a8cd-bf840946b02c.extra_data.json,487mnSNu6t,89600,com.sec.android.app.shealth,2358422,86400000,f2205408-e6ab-401c-a8cd-bf840946b02c,2026-01-27 00:00:00.000,
0,63070030,0,0,4403,300,2787991,90,0,63070030,2026-02-19 10:36:54.448,10,2026-01-28 03:00:02.436,0.0,30,30,-1,300000,50,15,0,8,3310.0205,0,197.58,7a2bac84-6f3e-443f-9b52-c85f8ca11ac6.extra_data.json,487mnSNu6t,38400,com.sec.android.app.shealth,2749591,86400000,7a2bac84-6f3e-443f-9b52-c85f8ca11ac6,2026-01-28 00:00:00.000,
0,63070030,0,2665000,5808,300,5910250,90,2665027,63070030,2026-02-19 10:36:53.994,10,2026-01-29 03:00:03.023,0.0,30,30,-1,2644510,107,14,0,8,4127.082,1460000,725.61096,556caca0-1658-42fb-b6c0-09e7e6c2558e.extra_data.json,487mnSNu6t,79670,com.sec.android.app.shealth,3165553,86400000,556caca0-1658-42fb-b6c0-09e7e6c2558e,2026-01-29 00:00:00.000,
0,63070030,0,3470000,5626,300,6725760,90,3470365,63070030,2026-02-26 11:39:51.283,10,2026-01-30 03:00:01.656,0.0,30,30,-1,3458495,123,15,0,8,4102.547,365000,802.0461,db9915bc-0f1e-4d41-8687-69758c0ca151.extra_data.json,487mnSNu6t,224347,com.sec.android.app.shealth,3031048,86400000,db9915bc-0f1e-4d41-8687-69758c0ca151,2026-01-30 00:00:00.000,
0,63070030,0,1300000,6473,300,4107275,90,0,63070030,2026-02-26 11:39:50.967,10,2026-01-31 03:00:01.989,0.0,30,30,-1,709095,75,12,0,8,4966.5713,60000,433.53656,fccb3ce0-acdb-45a5-96c5-ca5c544b4ecd.extra_data.json,487mnSNu6t,83600,com.sec.android.app.shealth,4023675,86400000,fccb3ce0-acdb-45a5-96c5-ca5c544b4ecd,2026-01-31 00:00:00.000,
0,63070030,0,0,1094,300,729698,90,0,63070030,2026-02-28 20:22:01.693,10,2026-02-01 03:00:03.382,0.0,30,30,-1,34017,13,9,0,8,825.66,0,63.74999,3cfe5695-1000-4bc8-8a6d-27f11c6126ce.extra_data.json,487mnSNu6t,0,com.sec.android.app.shealth,729698,86400000,3cfe5695-1000-4bc8-8a6d-27f11c6126ce,2026-02-01 00:00:00.000,
0,63070030,0,0,3945,300,2429738,90,0,63070030,2026-02-28 20:22:01.526,10,2026-02-02 03:00:01.692,0.0,30,30,-1,120000,44,13,0,8,3125.7703,0,260.65002,efd4d3ff-67fe-4c17-bf1a-5bb6e2e6c06f.extra_data.json,487mnSNu6t,204141,com.sec.android.app.shealth,2225597,86400000,efd4d3ff-67fe-4c17-bf1a-5bb6e2e6c06f,2026-02-02 00:00:00.000,
0,63070030,0,0,1450,300,946591,90,0,63070030,2026-02-28 20:22:01.368,10,2026-02-03 03:00:01.853,0.0,30,30,-1,60000,16,10,0,8,1120.84,0,89.549995,1b617425-2d04-4abd-8115-819ac72ae09d.extra_data.json,487mnSNu6t,30800,com.sec.android.app.shealth,915791,86400000,1b617425-2d04-4abd-8115-819ac72ae09d,2026-02-03 00:00:00.000,
0,63070030,0,0,5809,300,3600133,90,0,63070030,2026-03-03 16:36:32.059,10,2026-02-04 03:00:01.316,0.0,30,30,-1,360000,65,14,0,8,4492.2485,0,369.46994,f9bc9469-bd29-4829-9134-e06bfb6c27f2.extra_data.json,487mnSNu6t,168863,com.sec.android.app.shealth,3431270,86400000,f9bc9469-bd29-4829-9134-e06bfb6c27f2,2026-02-04 00:00:00.000,
0,63070030,0,0,5744,300,3617117,90,0,63070030,2026-03-03 16:36:31.964,10,2026-02-05 03:00:03.068,0.0,30,30,-1,240000,66,17,0,8,4343.979,0,208.73997,ec922f2f-92f5-4cf7-80a2-86b8fcd0ebf9.extra_data.json,487mnSNu6t,2000,com.sec.android.app.shealth,3615117,86400000,ec922f2f-92f5-4cf7-80a2-86b8fcd0ebf9,2026-02-05 00:00:00.000,
0,63070030,0,0,1832,300,1221944,90,0,63070030,2026-03-03 16:36:31.858,10,2026-02-06 03:00:01.911,0.0,30,30,-1,52693,22,10,0,8,1357.2397,0,57.3,84eb8cce-b056-4ba7-ae15-f2164c7f2553.extra_data.json,487mnSNu6t,0,com.sec.android.app.shealth,1221944,86400000,84eb8cce-b056-4ba7-ae15-f2164c7f2553,2026-02-06 00:00:00.000,
0,63070030,0,0,2741,300,1760730,90,0,63110130,2026-03-07 01:30:05.257,10,2026-02-07 03:00:03.266,0.0,30,30,-1,180000,32,10,0,8,2056.23,0,85.150024,231232b1-2e3e-4e1b-a4bc-eefc0aedff84.extra_data.json,487mnSNu6t,0,com.sec.android.app.shealth,1760730,86400000,231232b1-2e3e-4e1b-a4bc-eefc0aedff84,2026-02-07 00:00:00.000,
0,63070030,0,0,4186,300,2621752,90,0,63110130,2026-03-07 01:30:05.096,10,2026-02-08 03:00:00.537,0.0,30,30,-1,180000,47,12,0,8,3214.121,0,231.11995,e55a8448-3d6f-4e1d-8b9b-f9399736a32d.extra_data.json,487mnSNu6t,145873,com.sec.android.app.shealth,2475879,86400000,e55a8448-3d6f-4e1d-8b9b-f9399736a32d,2026-02-08 00:00:00.000,
0,63070030,0,0,2355,300,1550493,90,0,63110130,2026-03-07 01:30:04.954,10,2026-02-09 03:00:01.576,0.0,30,30,-1,53360,27,10,0,8,1778.64,0,111.12001,5e080426-a3b5-4b37-8edf-64203837bd3a.extra_data.json,487mnSNu6t,30400,com.sec.android.app.shealth,1520093,86400000,5e080426-a3b5-4b37-8edf-64203837bd3a,2026-02-09 00:00:00.000,
0,63070030,0,4919000,4195,300,6511228,90,4919100,63110130,2026-03-09 17:56:32.731,10,2026-02-10 03:00:01.030,0.0,30,30,-1,4900079,120,10,0,8,1813.6254,3260000,876.7313,90d75d9f-e44c-4164-b132-517369dbcea7.extra_data.json,487mnSNu6t,18800,com.sec.android.app.shealth,1573328,86400000,90d75d9f-e44c-4164-b132-517369dbcea7,2026-02-10 00:00:00.000,
0,63070030,0,2474000,10004,300,6193815,90,0,63110130,2026-03-09 17:56:32.373,10,2026-02-11 03:00:02.950,0.0,30,30,-1,960000,113,14,0,8,7647.76,0,409.63586,bbde7f88-b0fd-4014-b06c-07685319817e.extra_data.json,487mnSNu6t,35200,com.sec.android.app.shealth,6158615,86400000,bbde7f88-b0fd-4014-b06c-07685319817e,2026-02-11 00:00:00.000,
0,63070030,0,0,2879,300,1850181,90,0,63110130,2026-03-09 17:56:32.112,10,2026-02-12 03:00:04.218,0.0,30,30,-1,180000,33,11,0,8,2172.38,0,165.33002,a6e212d3-8a4e-4bec-b544-114fe6983fd2.extra_data.json,487mnSNu6t,800,com.sec.android.app.shealth,1849381,86400000,a6e212d3-8a4e-4bec-b544-114fe6983fd2,2026-02-12 00:00:00.000,
0,63070030,0,0,5853,300,3768457,90,0,63110130,2026-03-09 17:56:31.970,10,2026-02-13 03:00:01.094,0.0,30,30,-1,300000,68,12,0,8,4404.7,0,281.90994,75c85fb1-03f3-40d9-bc88-4d5a285e347d.extra_data.json,487mnSNu6t,86400,com.sec.android.app.shealth,3682057,86400000,75c85fb1-03f3-40d9-bc88-4d5a285e347d,2026-02-13 00:00:00.000,
0,63070030,0,0,2809,300,1819374,90,0,63110130,2026-03-09 17:56:31.804,10,2026-02-14 03:45:16.897,0.0,30,30,-1,60000,33,10,0,8,2162.52,0,176.23001,2eb9df02-5e18-4f25-a102-7a7a5db0a7e8.extra_data.json,487mnSNu6t,77200,com.sec.android.app.shealth,1742174,86400000,2eb9df02-5e18-4f25-a102-7a7a5db0a7e8,2026-02-14 00:00:00.000,
0,63070030,0,0,4656,300,2956758,90,0,63110130,2026-03-09 17:56:31.614,10,2026-02-15 03:00:02.423,0.0,30,30,-1,660000,54,9,0,8,3505.46,0,276.44995,253257ae-25a3-4143-bf8e-852988ccad7d.extra_data.json,487mnSNu6t,0,com.sec.android.app.shealth,2956758,86400000,253257ae-25a3-4143-bf8e-852988ccad7d,2026-02-15 00:00:00.000,
0,63070030,0,5065000,5111,300,6094013,90,4174638,63110130,2026-03-09 17:56:31.453,10,2026-02-16 03:10:50.333,0.0,30,30,-1,4173558,111,9,0,8,2457.7734,1840000,825.1945,b06649d3-f769-4bf9-8a7f-a5efce995fb5.extra_data.json,487mnSNu6t,2400,com.sec.android.app.shealth,1916975,86400000,b06649d3-f769-4bf9-8a7f-a5efce995fb5,2026-02-16 00:00:00.000,
0,63070030,0,5518000,5154,300,6342492,90,4401481,63110130,2026-03-09 17:56:31.077,10,2026-02-17 03:00:01.738,0.0,30,30,-1,4393699,116,8,0,8,2347.7268,3040000,917.1689,cf899df9-a5a9-49c0-b5c9-946121c0557d.extra_data.json,487mnSNu6t,11600,com.sec.android.app.shealth,1929411,86400000,cf899df9-a5a9-49c0-b5c9-946121c0557d,2026-02-17 00:00:00.000,
0,63070030,0,0,4140,300,2679940,90,0,63110130,2026-03-09 17:56:30.658,10,2026-02-18 03:00:00.746,0.0,30,30,-1,60000,47,12,0,8,3179.6406,0,262.38995,870db8ef-73e1-4fdc-81d4-0f3d5592d34f.extra_data.json,487mnSNu6t,109524,com.sec.android.app.shealth,2570416,86400000,870db8ef-73e1-4fdc-81d4-0f3d5592d34f,2026-02-18 00:00:00.000,
0,63070030,0,1805000,5198,300,5129122,90,1805928,63110130,2026-03-09 17:56:30.433,10,2026-02-19 03:00:01.868,0.0,30,30,-1,1804124,93,15,0,8,3939.3264,0,532.0877,730e4147-787d-41eb-8c79-8003ce2b3aeb.extra_data.json,487mnSNu6t,26400,com.sec.android.app.shealth,3296794,86400000,730e4147-787d-41eb-8c79-8003ce2b3aeb,2026-02-19 00:00:00.000,
0,63070030,0,0,4665,300,3027504,90,0,63110130,2026-03-19 15:31:10.757,10,2026-02-20 03:00:01.121,0.0,30,30,-1,240000,55,15,0,8,3529.1917,0,275.14996,6f3c6f0b-6998-411e-a056-7c175e54a6a9.extra_data.json,487mnSNu6t,11600,com.sec.android.app.shealth,3015904,86400000,6f3c6f0b-6998-411e-a056-7c175e54a6a9,2026-02-20 00:00:00.000,
0,63070030,0,2874000,3514,300,4692176,90,2875156,63110130,2026-03-19 15:31:10.158,10,2026-02-21 03:00:02.058,0.0,30,30,-1,2484441,85,14,0,8,2263.319,1528000,620.8647,777a4cc2-4a3a-4434-a9d9-fad6f1116bea.extra_data.json,487mnSNu6t,138800,com.sec.android.app.shealth,1678220,86400000,777a4cc2-4a3a-4434-a9d9-fad6f1116bea,2026-02-21 00:00:00.000,
0,63070030,0,0,677,300,451559,90,0,63110130,2026-03-21 03:58:44.296,10,2026-02-22 03:00:01.848,0.0,30,30,-1,27347,7,8,0,8,504.44,0,39.54,8b13a11b-b966-4b05-8480-d53cbe1c642e.extra_data.json,487mnSNu6t,0,com.sec.android.app.shealth,451559,86400000,8b13a11b-b966-4b05-8480-d53cbe1c642e,2026-02-22 00:00:00.000,
0,63070030,0,3484000,6317,300,7245339,90,3484036,63110130,2026-03-21 03:58:44.152,10,2026-02-23 03:00:03.018,0.0,30,30,-1,3464479,132,12,0,8,4526.269,1225000,854.0099,5d8f840f-893f-4f65-8d65-f6e5eb445e74.extra_data.json,487mnSNu6t,55200,com.sec.android.app.shealth,3706103,86400000,5d8f840f-893f-4f65-8d65-f6e5eb445e74,2026-02-23 00:00:00.000,
0,63070030,0,0,1943,300,1271150,90,0,63110130,2026-03-21 03:58:43.898,10,2026-02-24 03:00:00.863,0.0,30,30,-1,48691,22,10,0,8,1477.7401,0,121.409996,4aef7b56-174f-474d-bc0e-a967b37fa7cc.extra_data.json,487mnSNu6t,37200,com.sec.android.app.shealth,1233950,86400000,4aef7b56-174f-474d-bc0e-a967b37fa7cc,2026-02-24 00:00:00.000,
0,63070030,0,0,444,300,296148,90,0,63110130,2026-03-21 03:58:43.728,10,2026-02-25 03:00:00.862,0.0,30,30,-1,27347,4,7,0,8,334.03998,0,25.94,c68e57f7-5a37-4276-bdf9-55d5a656263d.extra_data.json,487mnSNu6t,0,com.sec.android.app.shealth,296148,86400000,c68e57f7-5a37-4276-bdf9-55d5a656263d,2026-02-25 00:00:00.000,
0,63070030,0,4239000,5088,300,7052590,90,4239125,63110130,2026-03-21 03:58:43.601,10,2026-02-26 03:00:00.872,0.0,30,30,-1,4238265,128,13,0,8,3403.7083,2950000,869.1131,c3ba736e-c49e-45de-a7f8-acf5e172a228.extra_data.json,487mnSNu6t,68000,com.sec.android.app.shealth,2745465,86400000,c3ba736e-c49e-45de-a7f8-acf5e172a228,2026-02-26 00:00:00.000,
0,63070030,0,1771000,6998,300,4152005,90,0,63110130,2026-03-21 03:58:43.325,10,2026-02-27 03:00:02.588,0.0,30,30,-1,900000,76,14,0,8,5395.2915,0,234.0455,72b3260d-cd15-4ed1-95d5-4ba34e5bed9a.extra_data.json,487mnSNu6t,4400,com.sec.android.app.shealth,4147605,86400000,72b3260d-cd15-4ed1-95d5-4ba34e5bed9a,2026-02-27 00:00:00.000,
0,63070030,0,888000,3263,300,1934024,90,0,63130130,2026-03-27 20:08:39.989,10,2026-02-28 03:00:00.796,0.0,30,30,-1,888000,34,8,0,8,2597.4502,0,198.88596,7c482f11-f98a-48db-a42d-71b0ca4e0d56.extra_data.json,487mnSNu6t,16400,com.sec.android.app.shealth,1917624,86400000,7c482f11-f98a-48db-a42d-71b0ca4e0d56,2026-02-28 00:00:00.000,
0,63070030,0,0,741,300,494247,90,0,63130130,2026-03-27 20:08:39.833,10,2026-03-01 03:00:01.602,0.0,30,30,-1,52693,8,7,0,8,542.0099,0,36.95,681e1c2a-7680-4347-8524-60e4262a550e.extra_data.json,487mnSNu6t,0,com.sec.android.app.shealth,494247,86400000,681e1c2a-7680-4347-8524-60e4262a550e,2026-03-01 00:00:00.000,
0,63070030,0,0,4512,300,2903356,90,0,63130130,2026-03-27 20:08:39.710,10,2026-03-02 03:00:00.543,0.0,30,30,-1,300000,53,11,0,8,3366.9001,0,216.26996,8f8e7d1a-b7f4-4e6c-b55e-8b56c848db29.extra_data.json,487mnSNu6t,3600,com.sec.android.app.shealth,2899756,86400000,8f8e7d1a-b7f4-4e6c-b55e-8b56c848db29,2026-03-02 00:00:00.000,
0,63070030,0,0,1133,300,703379,90,0,63130130,2026-03-27 20:08:39.571,10,2026-03-03 03:02:49.918,0.0,30,30,-1,53338,12,7,0,8,891.18994,0,60.690002,40b5e8e6-e94d-47b2-87bd-de7bdfa64009.extra_data.json,487mnSNu6t,78400,com.sec.android.app.shealth,624979,86400000,40b5e8e6-e94d-47b2-87bd-de7bdfa64009,2026-03-03 00:00:00.000,
0,63070030,0,3372000,7762,300,8009471,90,3372650,63130130,2026-03-31 15:45:52.389,10,2026-03-04 03:00:01.824,0.0,30,30,-1,3355575,146,16,0,8,5555.181,290000,778.9793,2de26fb8-1ba9-4c33-bc3e-b57488127a26.extra_data.json,487mnSNu6t,80000,com.sec.android.app.shealth,4556821,86400000,2de26fb8-1ba9-4c33-bc3e-b57488127a26,2026-03-04 00:00:00.000,
0,63070030,0,1732000,8644,300,5188052,90,0,63130130,2026-03-31 15:45:52.104,10,2026-03-05 03:00:01.376,0.0,30,30,-1,895000,95,14,0,8,6705.378,0,521.86816,5a43a3a7-beed-42de-a2d1-a4bdfd5def5f.extra_data.json,487mnSNu6t,400,com.sec.android.app.shealth,5187652,86400000,5a43a3a7-beed-42de-a2d1-a4bdfd5def5f,2026-03-05 00:00:00.000,
0,63070030,0,3683000,6612,300,7557081,90,3683848,63130130,2026-03-31 15:45:51.904,10,2026-03-06 03:00:01.617,0.0,30,30,-1,3672288,138,16,0,8,4689.555,470000,860.97925,6c17c000-99c3-46d1-8cf9-1ddcb5d5b938.extra_data.json,487mnSNu6t,128400,com.sec.android.app.shealth,3744833,86400000,6c17c000-99c3-46d1-8cf9-1ddcb5d5b938,2026-03-06 00:00:00.000,
0,63110130,0,0,1821,300,1124902,90,0,63130130,2026-03-31 15:45:51.590,10,2026-03-07 03:00:15.234,0.0,30,30,-1,60000,18,11,0,8,1457.0499,0,120.38,a0b432fd-cc95-4463-af76-2ab096ba313a.extra_data.json,487mnSNu6t,108598,com.sec.android.app.shealth,1016304,86400000,a0b432fd-cc95-4463-af76-2ab096ba313a,2026-03-07 00:00:00.000,
0,63110130,0,0,1345,300,897115,90,0,63130130,2026-03-31 15:45:51.431,10,2026-03-08 03:00:02.621,0.0,30,30,-1,48691,15,10,0,8,1005.71985,0,43.329994,b0fa6262-680c-4407-8481-fbbc0c93161e.extra_data.json,487mnSNu6t,0,com.sec.android.app.shealth,897115,86400000,b0fa6262-680c-4407-8481-fbbc0c93161e,2026-03-08 00:00:00.000,
0,63110130,0,0,434,300,289478,90,0,63130130,2026-03-31 15:45:51.318,10,2026-03-09 03:00:01.380,0.0,30,30,-1,42688,4,4,0,8,323.48,0,24.46,cf423622-78d4-4c11-9481-4963ec3d9fe7.extra_data.json,487mnSNu6t,0,com.sec.android.app.shealth,289478,86400000,cf423622-78d4-4c11-9481-4963ec3d9fe7,2026-03-09 00:00:00.000,
0,63110130,0,0,5401,300,3384705,90,0,63130130,2026-03-31 15:45:51.168,10,2026-03-10 03:00:00.883,0.0,30,30,-1,300000,61,15,0,8,4128.59,0,275.70993,92270eb7-d7d6-4710-ad57-5f92e3a33049.extra_data.json,487mnSNu6t,113292,com.sec.android.app.shealth,3271413,86400000,92270eb7-d7d6-4710-ad57-5f92e3a33049,2026-03-10 00:00:00.000,
0,63110130,0,0,1211,300,736982,90,0,63130130,2026-03-31 15:45:51.000,10,2026-03-11 03:00:01.523,0.0,30,30,-1,180000,12,5,0,8,982.82,0,76.579994,54ec8d02-1b58-468b-9741-2156e0416b29.extra_data.json,487mnSNu6t,106000,com.sec.android.app.shealth,630982,86400000,54ec8d02-1b58-468b-9741-2156e0416b29,2026-03-11 00:00:00.000,
0,63110130,0,0,5174,300,3233892,90,0,63130130,2026-04-09 00:12:04.767,10,2026-03-12 03:00:02.725,0.0,30,30,-1,300000,58,15,0,8,3939.9707,0,264.34998,f617d334-a2d2-4b24-be3c-2de2b226bc50.extra_data.json,487mnSNu6t,88800,com.sec.android.app.shealth,3145092,86400000,f617d334-a2d2-4b24-be3c-2de2b226bc50,2026-03-12 00:00:00.000,
0,63110130,0,0,4299,300,2710984,90,0,63130130,2026-04-09 10:52:36.002,10,2026-03-13 03:00:01.388,0.0,30,30,-1,300000,50,16,0,8,3258.1501,0,174.2,1f6beccc-cb88-4fff-8681-97d0f87158e0.extra_data.json,487mnSNu6t,66901,com.sec.android.app.shealth,2644083,86400000,1f6beccc-cb88-4fff-8681-97d0f87158e0,2026-03-13 00:00:00.000,
0,63110130,0,0,859,300,569558,90,0,63130130,2026-04-09 10:52:35.151,10,2026-03-14 03:00:02.224,0.0,30,30,-1,60000,10,8,0,8,630.26,0,26.849998,fab0239f-1bda-462e-9cd6-cd4acbff9f61.extra_data.json,487mnSNu6t,0,com.sec.android.app.shealth,569558,86400000,fab0239f-1bda-462e-9cd6-cd4acbff9f61,2026-03-14 00:00:00.000,
0,63110130,0,0,1601,300,1057135,90,0,63130130,2026-04-09 10:52:34.679,10,2026-03-15 03:00:00.796,0.0,30,30,-1,60000,18,7,0,8,1189.4099,0,50.039997,57da005a-d0e3-4a2b-b3bc-7f49eb3a83e0.extra_data.json,487mnSNu6t,0,com.sec.android.app.shealth,1057135,86400000,57da005a-d0e3-4a2b-b3bc-7f49eb3a83e0,2026-03-15 00:00:00.000,
0,63110130,0,0,701,300,467567,90,0,63130130,2026-04-09 10:52:33.717,10,2026-03-16 03:01:00.659,0.0,30,30,-1,53360,7,6,0,8,522.21,0,22.12,ae0402f3-6a52-4d54-beec-2c918edc24e9.extra_data.json,487mnSNu6t,0,com.sec.android.app.shealth,467567,86400000,ae0402f3-6a52-4d54-beec-2c918edc24e9,2026-03-16 00:00:00.000,
0,63110130,0,0,4393,300,2837517,90,0,63130130,2026-04-09 10:52:32.932,10,2026-03-17 03:00:00.854,0.0,30,30,-1,180000,52,15,0,8,3276.6902,0,135.91,91dea58f-0f01-43d3-8ce1-88b419ba2e1e.extra_data.json,487mnSNu6t,2400,com.sec.android.app.shealth,2835117,86400000,91dea58f-0f01-43d3-8ce1-88b419ba2e1e,2026-03-17 00:00:00.000,
0,63110130,0,2861000,5438,300,6091020,90,2861121,63130130,2026-04-09 10:52:31.497,10,2026-03-18 03:00:03.348,0.0,30,30,-1,2859638,112,15,0,8,3820.5195,120000,578.082,91aea05b-7b96-4dc3-8cc1-bc188ebcadf1.extra_data.json,487mnSNu6t,19600,com.sec.android.app.shealth,3210299,86400000,91aea05b-7b96-4dc3-8cc1-bc188ebcadf1,2026-03-18 00:00:00.000,
0,63110130,0,3144000,7832,300,5155299,90,11383,63130130,2026-04-09 10:52:30.485,10,2026-03-19 03:00:02.666,0.0,30,30,-1,975031,94,14,0,8,5954.8833,420000,597.1581,396bc5b4-0c40-4bbe-858c-937ebdf67ee7.extra_data.json,487mnSNu6t,26800,com.sec.android.app.shealth,5117116,86400000,396bc5b4-0c40-4bbe-858c-937ebdf67ee7,2026-03-19 00:00:00.000,
0,63110130,0,0,4625,300,2961653,90,0,63130130,2026-04-16 10:43:57.493,10,2026-03-20 03:00:06.642,0.0,30,30,-1,300000,54,12,0,8,3513.3196,0,275.78003,c4ea2af4-1265-4afc-9f34-6dea22f44a2f.extra_data.json,487mnSNu6t,1200,com.sec.android.app.shealth,2960453,86400000,c4ea2af4-1265-4afc-9f34-6dea22f44a2f,2026-03-20 00:00:00.000,
0,63110130,0,0,2455,300,1441855,90,0,63130130,2026-04-16 10:43:57.427,10,2026-03-21 03:28:42.641,0.0,30,30,-1,360000,25,9,0,8,1870.5099,0,88.85999,f8ced2eb-84bd-421c-b636-f666e6e41ec3.extra_data.json,487mnSNu6t,4800,com.sec.android.app.shealth,1437055,86400000,f8ced2eb-84bd-421c-b636-f666e6e41ec3,2026-03-21 00:00:00.000,
0,63110130,0,0,5006,300,3192018,90,0,63130130,2026-04-16 10:43:57.350,10,2026-03-22 03:00:01.256,0.0,30,30,-1,240000,58,15,0,8,3743.6497,0,206.97997,935bb5ec-b963-4447-afa6-22950a526b02.extra_data.json,487mnSNu6t,1600,com.sec.android.app.shealth,3190418,86400000,935bb5ec-b963-4447-afa6-22950a526b02,2026-03-22 00:00:00.000,
0,63110130,0,4007000,5825,300,7395579,90,4007332,63130130,2026-04-19 19:47:55.341,10,2026-03-23 03:00:02.703,0.0,30,30,-1,3996107,135,16,0,8,3951.4412,330000,708.9276,b660e847-23e4-408a-afeb-831a3b8fff67.extra_data.json,487mnSNu6t,5600,com.sec.android.app.shealth,3382647,86400000,b660e847-23e4-408a-afeb-831a3b8fff67,2026-03-23 00:00:00.000,
0,63110130,0,2129000,4353,300,4589424,90,2129651,63130130,2026-04-19 19:47:55.023,10,2026-03-24 03:00:03.564,0.0,30,30,-1,2117730,84,15,0,8,3042.2148,5000,502.87943,01e9b595-7471-44b0-9fe7-07018d7cc99e.extra_data.json,487mnSNu6t,173922,com.sec.android.app.shealth,2285851,86400000,01e9b595-7471-44b0-9fe7-07018d7cc99e,2026-03-24 00:00:00.000,
0,63110130,0,0,4242,300,2683480,90,0,63130130,2026-04-19 19:47:54.780,10,2026-03-25 03:00:01.591,0.0,30,30,-1,300000,48,14,0,8,3159.729,0,150.09998,2012bf7b-b002-46f0-a981-154110618119.extra_data.json,487mnSNu6t,9200,com.sec.android.app.shealth,2674280,86400000,2012bf7b-b002-46f0-a981-154110618119,2026-03-25 00:00:00.000,
0,63110130,0,0,2416,300,1442391,90,0,63130130,2026-04-19 19:47:54.593,10,2026-03-26 03:00:01.699,0.0,30,30,-1,300000,26,9,0,8,1838.1104,0,106.68001,9d20b9b7-89ac-43e0-9f13-d3dda329ea43.extra_data.json,487mnSNu6t,0,com.sec.android.app.shealth,1442391,86400000,9d20b9b7-89ac-43e0-9f13-d3dda329ea43,2026-03-26 00:00:00.000,
0,63110130,0,0,5728,300,3650097,90,0,63200010,2026-04-23 10:38:47.921,10,2026-03-27 03:00:03.161,0.0,30,30,-1,240000,66,15,0,8,4334.9385,0,326.3099,cb292089-4703-4416-9b31-f9daef19e8fe.extra_data.json,487mnSNu6t,1600,com.sec.android.app.shealth,3648497,86400000,cb292089-4703-4416-9b31-f9daef19e8fe,2026-03-27 00:00:00.000,
0,63130130,0,0,1856,300,1228607,90,0,63200010,2026-04-23 10:38:47.746,10,2026-03-28 03:00:02.039,0.0,30,30,-1,50025,22,10,0,8,1395.1901,0,93.58001,d5af2a08-a346-4a8c-810d-f4fe12d1f0a6.extra_data.json,487mnSNu6t,14000,com.sec.android.app.shealth,1214607,86400000,d5af2a08-a346-4a8c-810d-f4fe12d1f0a6,2026-03-28 00:00:00.000,
0,63130130,0,0,1059,300,648147,90,0,63200010,2026-04-23 10:38:47.622,10,2026-03-29 03:00:01.195,0.0,30,30,-1,120000,11,9,0,8,846.2999,0,53.74999,5fc1efc5-4f96-4cab-8fdd-21d747fe3a1f.extra_data.json,487mnSNu6t,87200,com.sec.android.app.shealth,560947,86400000,5fc1efc5-4f96-4cab-8fdd-21d747fe3a1f,2026-03-29 00:00:00.000,
0,63130130,0,0,4495,300,2781686,90,0,63200010,2026-04-23 10:38:47.409,10,2026-03-30 03:00:03.078,0.0,30,30,-1,300000,50,16,0,8,3440.25,0,212.09,f684349f-571b-4748-ab39-88e4d2a4b55f.extra_data.json,487mnSNu6t,108800,com.sec.android.app.shealth,2672886,86400000,f684349f-571b-4748-ab39-88e4d2a4b55f,2026-03-30 00:00:00.000,
0,63130130,0,691000,5216,300,3322918,90,0,63200010,2026-04-23 10:38:47.218,10,2026-03-31 03:00:05.241,0.0,30,30,-1,691206,61,14,0,8,4087.0947,300000,365.59924,266aa787-2e54-4455-be59-c022f26d0279.extra_data.json,487mnSNu6t,137719,com.sec.android.app.shealth,3185199,86400000,266aa787-2e54-4455-be59-c022f26d0279,2026-03-31 00:00:00.000,
0,63130130,0,0,5054,300,3218462,90,0,63200010,2026-04-23 10:38:46.952,10,2026-04-01 03:00:02.512,0.0,30,30,-1,300000,58,14,0,8,3839.27,0,300.08002,a53dfb67-848d-4553-8721-2f7f9400b4a1.extra_data.json,487mnSNu6t,0,com.sec.android.app.shealth,3218462,86400000,a53dfb67-848d-4553-8721-2f7f9400b4a1,2026-04-01 00:00:00.000,
0,63130130,0,1710000,1738,300,2714853,90,1710895,63200010,2026-04-29 11:59:08.282,10,2026-04-02 03:00:12.894,0.0,30,30,-1,1694895,48,5,0,8,1194.4381,400000,325.3681,20f5256f-c148-4aa4-b58a-b6030bf1929c.extra_data.json,487mnSNu6t,6400,com.sec.android.app.shealth,997558,86400000,20f5256f-c148-4aa4-b58a-b6030bf1929c,2026-04-02 00:00:00.000,
0,63130130,0,0,4702,300,2921054,90,0,63200010,2026-04-29 11:59:08.055,10,2026-04-03 03:00:02.119,0.0,30,30,-1,120000,52,10,0,8,3633.78,0,298.94998,0e120e33-ccf2-41f7-b0e1-5b2aa48fd685.extra_data.json,487mnSNu6t,171298,com.sec.android.app.shealth,2749756,86400000,0e120e33-ccf2-41f7-b0e1-5b2aa48fd685,2026-04-03 00:00:00.000,
0,63130130,0,0,7528,300,4603237,90,0,63200010,2026-04-29 11:59:07.887,10,2026-04-04 03:00:01.434,0.0,30,30,-1,540000,84,14,0,8,5815.04,0,459.52014,14d5d3c2-6cff-4128-af45-9f6e4d7ea599.extra_data.json,487mnSNu6t,79243,com.sec.android.app.shealth,4523994,86400000,14d5d3c2-6cff-4128-af45-9f6e4d7ea599,2026-04-04 00:00:00.000,
0,63130130,0,0,1710,300,1122948,90,0,63200010,2026-04-29 11:59:07.698,10,2026-04-05 03:00:02.603,0.0,30,30,-1,34149,20,13,0,8,1305.6501,0,103.229996,24fd835f-3bbf-438b-8247-89202bcba027.extra_data.json,487mnSNu6t,26400,com.sec.android.app.shealth,1096548,86400000,24fd835f-3bbf-438b-8247-89202bcba027,2026-04-05 00:00:00.000,
0,63130130,0,0,4944,300,3093185,90,0,63200010,2026-04-29 11:59:07.551,10,2026-04-06 03:00:03.404,0.0,30,30,-1,300000,55,15,0,8,3800.67,0,315.3101,c781f83e-4384-4eed-826b-f4c2fe2248e3.extra_data.json,487mnSNu6t,116990,com.sec.android.app.shealth,2976195,86400000,c781f83e-4384-4eed-826b-f4c2fe2248e3,2026-04-06 00:00:00.000,
0,63130130,0,0,1965,300,1310655,90,0,63200010,2026-05-04 21:23:19.901,10,2026-04-07 03:00:00.968,0.0,30,30,-1,49358,23,5,0,8,1482.2499,0,114.08002,af667c4b-786c-409f-bdb9-41dc425efe51.extra_data.json,487mnSNu6t,0,com.sec.android.app.shealth,1310655,86400000,af667c4b-786c-409f-bdb9-41dc425efe51,2026-04-07 00:00:00.000,
0,63130130,0,3999000,5240,300,6817213,90,3999531,63200010,2026-05-04 21:23:19.701,10,2026-04-08 03:00:01.204,0.0,30,30,-1,3999272,125,14,0,8,3503.2751,140000,805.4085,9a6e0af1-a194-465d-abcc-448d26b559d4.extra_data.json,487mnSNu6t,104185,com.sec.android.app.shealth,2713497,86400000,9a6e0af1-a194-465d-abcc-448d26b559d4,2026-04-08 00:00:00.000,
0,63130130,0,0,5692,300,3597895,90,0,63200010,2026-05-04 21:23:19.339,10,2026-04-09 03:13:03.356,0.0,30,30,-1,360000,65,12,0,8,4317.9414,0,338.10007,b87abb20-028b-4858-a9a8-57326c639808.extra_data.json,487mnSNu6t,0,com.sec.android.app.shealth,3597895,86400000,b87abb20-028b-4858-a9a8-57326c639808,2026-04-09 00:00:00.000,
0,63130130,0,0,3685,300,2336111,90,0,63200010,2026-05-07 12:54:34.234,10,2026-04-10 03:00:03.413,0.0,30,30,-1,300000,42,13,0,8,2794.3699,0,218.81004,a35b4c0d-326a-46ca-97c9-4cb4e66412a2.extra_data.json,487mnSNu6t,0,com.sec.android.app.shealth,2336111,86400000,a35b4c0d-326a-46ca-97c9-4cb4e66412a2,2026-04-10 00:00:00.000,
0,63130130,0,0,3659,300,2322482,90,0,63200010,2026-05-07 12:54:34.068,10,2026-04-11 03:00:02.133,0.0,30,30,-1,120000,41,12,0,8,2854.7097,0,226.51997,3da340b6-2d23-47cf-97c9-8724e363f7b5.extra_data.json,487mnSNu6t,103681,com.sec.android.app.shealth,2218801,86400000,3da340b6-2d23-47cf-97c9-8724e363f7b5,2026-04-11 00:00:00.000,
0,63130130,0,0,2533,300,1604783,90,0,63200010,2026-05-07 12:54:33.930,10,2026-04-12 03:00:02.608,0.0,30,30,-1,180000,28,9,0,8,1939.8398,0,149.56999,76a07a5f-a6bf-4c24-8ca2-588df9e191dc.extra_data.json,487mnSNu6t,4800,com.sec.android.app.shealth,1599983,86400000,76a07a5f-a6bf-4c24-8ca2-588df9e191dc,2026-04-12 00:00:00.000,
0,63130130,0,0,558,300,372186,90,0,63200010,2026-05-07 12:54:33.801,10,2026-04-13 03:00:01.648,0.0,30,30,-1,43355,6,3,0,8,416.60007,0,32.799995,9cd4b6ed-6a4c-446a-acdf-9d4841d21fbe.extra_data.json,487mnSNu6t,0,com.sec.android.app.shealth,372186,86400000,9cd4b6ed-6a4c-446a-acdf-9d4841d21fbe,2026-04-13 00:00:00.000,
0,63130130,0,0,4457,300,2854310,90,0,63200010,2026-05-07 12:54:33.689,10,2026-04-14 03:00:02.923,0.0,30,30,-1,300000,52,15,0,8,3360.0203,0,265.12997,31838eba-456b-49fd-8c68-4c40291d26e9.extra_data.json,487mnSNu6t,0,com.sec.android.app.shealth,2854310,86400000,31838eba-456b-49fd-8c68-4c40291d26e9,2026-04-14 00:00:00.000,
0,63130130,0,0,1400,300,933800,90,0,63200010,2026-05-07 12:54:33.567,10,2026-04-15 03:00:01.795,0.0,30,30,-1,50025,16,8,0,8,1054.4202,0,82.23002,06cf8a48-23df-4692-90b1-0517673abb3d.extra_data.json,487mnSNu6t,0,com.sec.android.app.shealth,933800,86400000,06cf8a48-23df-4692-90b1-0517673abb3d,2026-04-15 00:00:00.000,
0,63130130,0,0,4439,300,2888066,90,0,63200010,2026-05-13 11:51:17.579,10,2026-04-16 03:00:02.608,0.0,30,30,-1,180000,52,14,0,8,3355.71,0,261.17,e51a68a7-f264-4412-86f4-d046d271b998.extra_data.json,487mnSNu6t,21600,com.sec.android.app.shealth,2866466,86400000,e51a68a7-f264-4412-86f4-d046d271b998,2026-04-16 00:00:00.000,
0,63130130,0,0,4779,300,3006854,90,0,63200010,2026-05-14 10:30:15.818,10,2026-04-17 03:00:02.880,0.0,30,30,-1,240000,54,12,0,8,3636.5305,0,287.63995,a76f287e-7f04-41e1-9f4d-8a27b728f9fb.extra_data.json,487mnSNu6t,11200,com.sec.android.app.shealth,2995654,86400000,a76f287e-7f04-41e1-9f4d-8a27b728f9fb,2026-04-17 00:00:00.000,
0,63130130,0,0,1670,300,1113193,90,0,63200010,2026-05-14 10:30:15.642,10,2026-04-18 03:00:02.446,0.0,30,30,-1,60000,20,9,0,8,1263.2802,0,97.76,0e0bea3a-51a6-4e0d-82b5-a65a2c0ca06a.extra_data.json,487mnSNu6t,0,com.sec.android.app.shealth,1113193,86400000,0e0bea3a-51a6-4e0d-82b5-a65a2c0ca06a,2026-04-18 00:00:00.000,
0,63130130,0,0,4170,300,2454656,90,0,63200010,2026-05-14 10:30:15.478,10,2026-04-19 03:00:02.336,0.0,30,30,-1,540000,44,7,0,8,3204.5596,0,213.56001,306fee7f-e286-463c-bb75-45529a0cdfde.extra_data.json,487mnSNu6t,2000,com.sec.android.app.shealth,2452656,86400000,306fee7f-e286-463c-bb75-45529a0cdfde,2026-04-19 00:00:00.000,
0,63130130,0,0,3104,300,1985836,90,0,63200010,2026-05-14 10:30:15.275,10,2026-04-20 03:00:02.227,0.0,30,30,-1,60000,35,11,0,8,2404.23,0,186.3,ee0bc192-0c42-4632-8c63-4feb8c21baba.extra_data.json,487mnSNu6t,119600,com.sec.android.app.shealth,1866236,86400000,ee0bc192-0c42-4632-8c63-4feb8c21baba,2026-04-20 00:00:00.000,
0,63130130,0,0,1096,300,730231,90,0,63200010,2026-05-14 10:30:15.139,10,2026-04-21 03:00:03.070,0.0,30,30,-1,52693,13,9,0,8,823.5901,0,58.11,bb59a340-3c6d-4615-a551-6ab53dd1e087.extra_data.json,487mnSNu6t,1200,com.sec.android.app.shealth,729031,86400000,bb59a340-3c6d-4615-a551-6ab53dd1e087,2026-04-21 00:00:00.000,
0,63200010,0,0,3463,300,2222084,90,0,63200010,2026-05-14 10:30:14.961,10,2026-04-22 03:00:05.372,0.0,30,30,-1,300000,41,15,0,8,2608.7195,0,205.90999,83297479-3d95-4914-b240-637528b3f903.extra_data.json,487mnSNu6t,0,com.sec.android.app.shealth,2222084,86400000,83297479-3d95-4914-b240-637528b3f903,2026-04-22 00:00:00.000,
0,63200010,0,0,4683,300,2917363,90,0,63200010,2026-05-14 10:30:14.792,10,2026-04-23 03:22:22.920,0.0,30,30,-1,240000,53,11,0,8,3611.9705,0,291.97998,07d5659d-9ed9-47b0-a13b-4f8688030220.extra_data.json,487mnSNu6t,90400,com.sec.android.app.shealth,2826963,86400000,07d5659d-9ed9-47b0-a13b-4f8688030220,2026-04-23 00:00:00.000,
0,63200010,0,0,4396,300,2788598,90,0,63200010,2026-05-14 10:30:14.646,10,2026-04-24 03:00:03.482,0.0,30,30,-1,360000,51,14,0,8,3333.28,0,260.71,89880ff2-0720-45e6-88b7-5f045a5e100d.extra_data.json,487mnSNu6t,11600,com.sec.android.app.shealth,2776998,86400000,89880ff2-0720-45e6-88b7-5f045a5e100d,2026-04-24 00:00:00.000,
0,63200010,0,0,637,300,424879,90,0,63200010,2026-05-14 10:30:14.499,10,2026-04-25 03:00:02.859,0.0,30,30,-1,36018,7,6,0,8,475.43,0,37.409996,64fa80cb-082c-4b0a-8a52-b593b810529d.extra_data.json,487mnSNu6t,0,com.sec.android.app.shealth,424879,86400000,64fa80cb-082c-4b0a-8a52-b593b810529d,2026-04-25 00:00:00.000,
0,63200010,0,0,583,300,388861,90,0,63200010,2026-05-23 23:19:21.941,10,2026-04-26 03:00:03.517,0.0,30,30,-1,32016,6,5,0,8,436.00003,0,34.010002,e0507af3-ccc7-476e-ac72-d813728a59fa.extra_data.json,487mnSNu6t,0,com.sec.android.app.shealth,388861,86400000,e0507af3-ccc7-476e-ac72-d813728a59fa,2026-04-26 00:00:00.000,
0,63200010,0,0,316,300,210772,90,0,63200010,2026-05-23 23:19:21.834,10,2026-04-27 03:46:05.734,0.0,30,30,-1,20677,3,7,0,8,236.16998,0,15.259999,d6f9b071-fd2d-4649-a59f-73ac8bcb1347.extra_data.json,487mnSNu6t,0,com.sec.android.app.shealth,210772,86400000,d6f9b071-fd2d-4649-a59f-73ac8bcb1347,2026-04-27 00:00:00.000,
0,63200010,0,1680000,4519,300,2604462,90,0,63200010,2026-05-23 23:19:21.745,10,2026-04-28 03:00:02.694,0.0,30,30,-1,1680000,47,6,0,8,3449.9092,0,137.89,5a0a13b6-64d2-4052-b54d-912a677f4dfd.extra_data.json,487mnSNu6t,0,com.sec.android.app.shealth,2604462,86400000,5a0a13b6-64d2-4052-b54d-912a677f4dfd,2026-04-28 00:00:00.000,
0,63200010,0,0,3358,300,2146592,90,0,63200010,2026-05-23 23:19:21.633,10,2026-04-29 03:00:04.371,0.0,30,30,-1,240000,38,12,0,8,2544.7698,0,139.87997,cc33b4d1-55d8-45a6-86c6-3f03539876d8.extra_data.json,487mnSNu6t,8400,com.sec.android.app.shealth,2138192,86400000,cc33b4d1-55d8-45a6-86c6-3f03539876d8,2026-04-29 00:00:00.000,
0,63200010,0,0,4493,300,2898452,90,0,63200010,2026-05-23 23:19:21.518,10,2026-04-30 03:00:31.611,0.0,30,30,-1,240000,53,13,0,8,3398.5603,0,266.22003,9492f021-66ca-471e-98ca-ccbf8affbc84.extra_data.json,487mnSNu6t,0,com.sec.android.app.shealth,2898452,86400000,9492f021-66ca-471e-98ca-ccbf8affbc84,2026-04-30 00:00:00.000,
0,63200010,0,720000,3076,300,1989001,90,0,63200010,2026-05-23 23:19:21.400,10,2026-05-01 03:00:01.331,0.0,30,30,-1,720000,36,8,0,8,2358.3699,0,184.12999,48b190b3-9e28-4161-8cfd-e244831eef20.extra_data.json,487mnSNu6t,0,com.sec.android.app.shealth,1989001,86400000,48b190b3-9e28-4161-8cfd-e244831eef20,2026-05-01 00:00:00.000,
0,63200010,0,0,956,300,637652,90,0,63200010,2026-05-23 23:19:21.301,10,2026-05-02 03:00:01.551,0.0,30,30,-1,26680,11,8,0,8,723.9,0,55.920002,b271416f-f9d3-4d64-8b3d-9641fef2414d.extra_data.json,487mnSNu6t,0,com.sec.android.app.shealth,637652,86400000,b271416f-f9d3-4d64-8b3d-9641fef2414d,2026-05-02 00:00:00.000,
0,63200010,0,0,573,300,382191,90,0,63200010,2026-05-23 23:19:21.118,10,2026-05-03 03:00:01.906,0.0,30,30,-1,46023,6,7,0,8,427.29,0,33.509995,98f16eb3-0f4e-495e-abba-4e39a38104a1.extra_data.json,487mnSNu6t,0,com.sec.android.app.shealth,382191,86400000,98f16eb3-0f4e-495e-abba-4e39a38104a1,2026-05-03 00:00:00.000,
0,63200010,0,0,4411,300,2817708,90,0,63200010,2026-05-31 23:17:34.638,10,2026-05-04 03:00:01.457,0.0,30,30,-1,300000,51,14,0,8,3348.9202,0,215.92996,3d01b91f-ed05-4d73-b27c-932332435666.extra_data.json,487mnSNu6t,14000,com.sec.android.app.shealth,2803708,86400000,3d01b91f-ed05-4d73-b27c-932332435666,2026-05-04 00:00:00.000,
0,63200010,0,0,991,300,660997,90,0,63200010,2026-05-31 23:17:34.567,10,2026-05-05 03:00:04.639,0.0,30,30,-1,60000,12,3,0,8,741.89996,0,30.769997,1655828e-3621-4d33-9336-baa7342a6f31.extra_data.json,487mnSNu6t,0,com.sec.android.app.shealth,660997,86400000,1655828e-3621-4d33-9336-baa7342a6f31,2026-05-05 00:00:00.000,
0,63200010,0,0,5214,300,3296077,90,0,63200010,2026-05-31 23:17:34.508,10,2026-05-06 03:23:53.888,0.0,30,30,-1,300000,60,13,0,8,3916.2292,0,222.72993,3e9da4bc-ae64-44ac-8275-2017a14752b2.extra_data.json,487mnSNu6t,14400,com.sec.android.app.shealth,3281677,86400000,3e9da4bc-ae64-44ac-8275-2017a14752b2,2026-05-06 00:00:00.000,
0,63200010,0,0,6880,300,4257136,90,0,63200010,2026-05-31 23:17:34.452,10,2026-05-07 03:00:02.468,0.0,30,30,-1,360000,77,14,0,8,5303.8286,0,360.99994,df37dac4-621d-4bee-b4cc-90bac58010c0.extra_data.json,487mnSNu6t,170496,com.sec.android.app.shealth,4086640,86400000,df37dac4-621d-4bee-b4cc-90bac58010c0,2026-05-07 00:00:00.000,
0,63200010,0,621000,3832,300,2585849,90,0,63200010,2026-06-04 23:11:38.832,10,2026-05-08 03:00:03.617,0.0,30,30,-1,621350,46,14,0,8,2928.843,0,211.6267,c3c6f662-7d5b-40f6-8cb6-578b7172735f.extra_data.json,487mnSNu6t,30400,com.sec.android.app.shealth,2555449,86400000,c3c6f662-7d5b-40f6-8cb6-578b7172735f,2026-05-08 00:00:00.000,
0,63200010,0,0,1115,300,743438,90,0,63200010,2026-06-04 23:08:36.615,10,2026-05-09 03:00:02.495,0.0,30,30,-1,47357,13,9,0,8,853.89996,0,65.659996,1f10a082-02bc-44fc-a65d-c0c84b4b8b89.extra_data.json,487mnSNu6t,400,com.sec.android.app.shealth,743038,86400000,1f10a082-02bc-44fc-a65d-c0c84b4b8b89,2026-05-09 00:00:00.000,
0,63200010,0,0,3778,300,2447770,90,0,63200010,2026-06-04 23:08:36.227,10,2026-05-10 03:00:01.292,0.0,30,30,-1,120000,44,12,0,8,2864.1697,0,221.79001,a5165a94-cabd-49a3-8608-ba22d2e5a2b4.extra_data.json,487mnSNu6t,0,com.sec.android.app.shealth,2447770,86400000,a5165a94-cabd-49a3-8608-ba22d2e5a2b4,2026-05-10 00:00:00.000,
0,63200010,0,0,1120,300,747040,90,0,63200010,2026-06-07 16:15:53.374,10,2026-05-11 03:00:02.170,0.0,30,30,-1,34684,13,7,0,8,840.74994,0,65.43,bf1dd011-4c19-4d0b-a4fc-307060c7b6ab.extra_data.json,487mnSNu6t,0,com.sec.android.app.shealth,747040,86400000,bf1dd011-4c19-4d0b-a4fc-307060c7b6ab,2026-05-11 00:00:00.000,
0,63200010,0,0,4554,300,2897725,90,0,63200010,2026-06-07 16:15:53.231,10,2026-05-12 03:00:01.701,0.0,30,30,-1,240000,53,14,0,8,3454.2903,0,270.68005,d941c0c1-8cfb-4eaa-8fcc-c23956fc1c71.extra_data.json,487mnSNu6t,0,com.sec.android.app.shealth,2897725,86400000,d941c0c1-8cfb-4eaa-8fcc-c23956fc1c71,2026-05-12 00:00:00.000,
0,63200010,0,0,3869,300,2449075,90,0,63200010,2026-06-07 16:15:53.082,10,2026-05-13 03:00:02.022,0.0,30,30,-1,360000,44,14,0,8,2921.9102,0,196.33002,f5221e31-1ece-4b96-ad0b-33d6303ba6dd.extra_data.json,487mnSNu6t,24800,com.sec.android.app.shealth,2424275,86400000,f5221e31-1ece-4b96-ad0b-33d6303ba6dd,2026-05-13 00:00:00.000,
0,63200010,0,0,4092,300,2579098,90,0,63200010,2026-06-10 10:51:40.250,10,2026-05-14 03:00:02.439,0.0,30,30,-1,360000,46,13,0,8,3114.2495,0,245.79001,6c5609d3-f459-4d1e-b678-f60f841ca484.extra_data.json,487mnSNu6t,15600,com.sec.android.app.shealth,2563498,86400000,6c5609d3-f459-4d1e-b678-f60f841ca484,2026-05-14 00:00:00.000,
0,63200010,0,0,3416,300,2171512,90,0,63200010,2026-06-11 10:38:31.697,10,2026-05-15 03:02:04.955,0.0,30,30,-1,300000,40,13,0,8,2594.3901,0,202.86003,a490e89d-790d-426a-bc70-4ab695e283ed.extra_data.json,487mnSNu6t,0,com.sec.android.app.shealth,2171512,86400000,a490e89d-790d-426a-bc70-4ab695e283ed,2026-05-15 00:00:00.000,
0,63200010,0,0,927,300,618309,90,0,63200010,2026-06-11 10:38:31.604,10,2026-05-16 03:00:02.460,0.0,30,30,-1,42021,11,7,0,8,699.3402,0,54.13,8cd57231-016b-4e7d-90db-f12362b22540.extra_data.json,487mnSNu6t,0,com.sec.android.app.shealth,618309,86400000,8cd57231-016b-4e7d-90db-f12362b22540,2026-05-16 00:00:00.000,
0,63200010,0,0,1816,300,1151301,90,0,63200010,2026-06-11 10:38:31.536,10,2026-05-17 03:00:00.769,0.0,30,30,-1,60000,20,11,0,8,1410.69,0,119.700005,2dc61708-6aa0-4949-966c-df351a7e2b7b.extra_data.json,487mnSNu6t,88800,com.sec.android.app.shealth,1062501,86400000,2dc61708-6aa0-4949-966c-df351a7e2b7b,2026-05-17 00:00:00.000,
0,63200010,0,0,766,300,510922,90,0,63200010,2026-06-11 10:38:31.434,10,2026-05-18 03:00:02.135,0.0,30,30,-1,46023,8,5,0,8,579.07996,0,44.98,e4d2da88-6090-4a33-8539-33890ee4c74f.extra_data.json,487mnSNu6t,0,com.sec.android.app.shealth,510922,86400000,e4d2da88-6090-4a33-8539-33890ee4c74f,2026-05-18 00:00:00.000,
0,63200010,0,0,3928,300,2499945,90,0,63200010,2026-06-11 10:38:31.208,10,2026-05-19 03:00:01.903,0.0,30,30,-1,300000,45,13,0,8,2996.53,0,238.1,de5944c4-df2c-4d8e-b600-182fa3503253.extra_data.json,487mnSNu6t,22400,com.sec.android.app.shealth,2477545,86400000,de5944c4-df2c-4d8e-b600-182fa3503253,2026-05-19 00:00:00.000,
0,63200010,0,0,3613,300,2284115,90,0,63200010,2026-06-11 10:38:30.938,10,2026-05-20 03:00:05.052,0.0,30,30,-1,240000,42,12,0,8,2749.9402,0,214.77003,8ddc103c-44d1-4b03-a3f3-a9098846b632.extra_data.json,487mnSNu6t,0,com.sec.android.app.shealth,2284115,86400000,8ddc103c-44d1-4b03-a3f3-a9098846b632,2026-05-20 00:00:00.000,
0,63200010,0,0,3437,300,2187193,90,0,63200010,2026-06-11 10:38:30.656,10,2026-05-21 03:00:00.731,0.0,30,30,-1,240000,40,13,0,8,2610.9595,0,204.91995,0d2cd147-80c0-4c85-8051-23c831dfabc5.extra_data.json,487mnSNu6t,400,com.sec.android.app.shealth,2186793,86400000,0d2cd147-80c0-4c85-8051-23c831dfabc5,2026-05-21 00:00:00.000,
0,63200010,0,0,3772,300,2400750,90,0,63200010,2026-06-18 11:45:34.530,10,2026-05-22 03:00:10.292,0.0,30,30,-1,300000,44,11,0,8,2863.119,0,223.63002,184337ad-1048-45a4-80f3-8c7b1a68c0de.extra_data.json,487mnSNu6t,0,com.sec.android.app.shealth,2400750,86400000,184337ad-1048-45a4-80f3-8c7b1a68c0de,2026-05-22 00:00:00.000,
0,63200010,0,0,1023,300,675399,90,0,63200010,2026-06-18 11:45:34.401,10,2026-05-23 03:00:01.828,0.0,30,30,-1,60000,12,8,0,8,780.13,0,57.27999,d095e967-5200-4efc-bcc6-2ecfe7f8eb7c.extra_data.json,487mnSNu6t,10400,com.sec.android.app.shealth,664999,86400000,d095e967-5200-4efc-bcc6-2ecfe7f8eb7c,2026-05-23 00:00:00.000,
0,63200010,0,0,3540,300,2241439,90,0,63200010,2026-06-18 11:45:34.256,10,2026-05-24 03:00:01.620,0.0,30,30,-1,180000,41,12,0,8,2715.8198,0,174.96,bad7d9cf-8e5d-41a5-ab36-cb699c4b92e1.extra_data.json,487mnSNu6t,69200,com.sec.android.app.shealth,2172239,86400000,bad7d9cf-8e5d-41a5-ab36-cb699c4b92e1,2026-05-24 00:00:00.000,
0,63200010,0,0,3525,300,2214066,90,0,63200010,2026-06-18 11:45:34.117,10,2026-05-25 03:00:03.535,0.0,30,30,-1,300000,40,12,0,8,2654.3499,0,117.080025,c9b72199-d2b0-4a0c-8cf3-da2f0b724100.extra_data.json,487mnSNu6t,28000,com.sec.android.app.shealth,2186066,86400000,c9b72199-d2b0-4a0c-8cf3-da2f0b724100,2026-05-25 00:00:00.000,
0,63200010,0,0,780,300,520260,90,0,63200010,2026-06-22 23:48:59.821,10,2026-05-26 03:00:00.781,0.0,30,30,-1,52693,8,6,0,8,582.07,0,24.359997,656bc244-2108-45f9-9f14-7a1ba23905c7.extra_data.json,487mnSNu6t,0,com.sec.android.app.shealth,520260,86400000,656bc244-2108-45f9-9f14-7a1ba23905c7,2026-05-26 00:00:00.000,
0,63200010,0,0,4916,300,3096888,90,0,63200010,2026-06-22 23:48:59.706,10,2026-05-27 03:00:04.044,0.0,30,30,-1,480000,56,13,0,8,3656.05,0,150.14,fa21fb09-445f-4cf2-8f1f-e6db63d05948.extra_data.json,487mnSNu6t,0,com.sec.android.app.shealth,3096888,86400000,fa21fb09-445f-4cf2-8f1f-e6db63d05948,2026-05-27 00:00:00.000,
0,63200010,0,0,5374,300,3384942,90,0,63200010,2026-06-22 23:48:59.582,10,2026-05-28 03:00:01.673,0.0,30,30,-1,360000,62,13,0,8,4071.0493,0,320.29004,a94d6cb5-d02c-4a66-8721-4f274b885f0d.extra_data.json,487mnSNu6t,0,com.sec.android.app.shealth,3384942,86400000,a94d6cb5-d02c-4a66-8721-4f274b885f0d,2026-05-28 00:00:00.000,
0,63200010,0,0,4143,300,2654270,90,0,63200010,2026-06-22 23:48:59.449,10,2026-05-29 03:00:02.691,0.0,30,30,-1,300000,48,16,0,8,3140.7703,0,245.81993,7adacc0f-88ad-4099-b3de-999fe42f065c.extra_data.json,487mnSNu6t,0,com.sec.android.app.shealth,2654270,86400000,7adacc0f-88ad-4099-b3de-999fe42f065c,2026-05-29 00:00:00.000,
0,63200010,0,0,1233,300,820380,90,0,63200010,2026-06-22 23:48:59.323,10,2026-05-30 03:00:02.538,0.0,30,30,-1,60000,14,6,0,8,921.55005,0,72.45,22fac96a-cfec-4345-a22b-6722d5c1a8a5.extra_data.json,487mnSNu6t,0,com.sec.android.app.shealth,820380,86400000,22fac96a-cfec-4345-a22b-6722d5c1a8a5,2026-05-30 00:00:00.000,
0,63200010,0,0,1838,300,1220873,90,0,63200010,2026-06-22 23:48:59.220,10,2026-05-31 03:00:01.280,0.0,30,30,-1,60000,22,13,0,8,1385.5499,0,102.43,eff644a0-f25c-4951-9ebb-628678d568e0.extra_data.json,487mnSNu6t,7600,com.sec.android.app.shealth,1213273,86400000,eff644a0-f25c-4951-9ebb-628678d568e0,2026-05-31 00:00:00.000,
0,63200010,0,0,5359,300,3291646,90,0,63200010,2026-06-22 23:48:59.076,10,2026-06-01 03:00:01.720,0.0,30,30,-1,300000,60,14,0,8,4145.4,0,264.17996,b5bdd5b1-9ae9-42e0-8841-3e4f06960816.extra_data.json,487mnSNu6t,123967,com.sec.android.app.shealth,3167679,86400000,b5bdd5b1-9ae9-42e0-8841-3e4f06960816,2026-06-01 00:00:00.000,
0,63200010,0,0,4214,300,2670676,90,0,63200010,2026-06-22 23:48:58.927,10,2026-06-02 03:00:07.006,0.0,30,30,-1,300000,48,13,0,8,3179.2412,0,151.95996,b3d81164-092f-45ac-93e7-be025c98ba32.extra_data.json,487mnSNu6t,4400,com.sec.android.app.shealth,2666276,86400000,b3d81164-092f-45ac-93e7-be025c98ba32,2026-06-02 00:00:00.000,
0,63200010,0,0,991,300,658966,90,0,63200010,2026-06-22 23:48:58.816,10,2026-06-03 03:00:05.633,0.0,30,30,-1,60000,11,4,0,8,749.27,0,58.38,78927d7f-9515-44b2-8aa0-e810ae7f5f59.extra_data.json,487mnSNu6t,0,com.sec.android.app.shealth,658966,86400000,78927d7f-9515-44b2-8aa0-e810ae7f5f59,2026-06-03 00:00:00.000,
0,63200010,0,0,2263,300,1464031,90,0,63200010,2026-06-22 23:48:58.653,10,2026-06-04 03:34:02.618,0.0,30,30,-1,60000,26,11,0,8,1734.5302,0,128.55002,a3ca930b-86b4-421d-a5d0-554db4579e03.extra_data.json,487mnSNu6t,68000,com.sec.android.app.shealth,1396031,86400000,a3ca930b-86b4-421d-a5d0-554db4579e03,2026-06-04 00:00:00.000,
0,63200010,0,0,1363,300,909121,90,0,63200010,2026-06-22 23:48:58.522,10,2026-06-05 03:00:01.006,0.0,30,30,-1,60000,16,9,0,8,1015.09,0,42.710007,589660ed-194b-45aa-b2f3-72ef86714dbd.extra_data.json,487mnSNu6t,0,com.sec.android.app.shealth,909121,86400000,589660ed-194b-45aa-b2f3-72ef86714dbd,2026-06-05 00:00:00.000,
0,63200010,0,0,4660,300,3033006,90,0,63200010,2026-06-22 23:48:58.360,10,2026-06-06 03:00:07.100,0.0,30,30,-1,300000,55,11,0,8,3450.95,0,146.04996,532f565a-2c25-44d3-a068-9a1c9e132dc9.extra_data.json,487mnSNu6t,0,com.sec.android.app.shealth,3033006,86400000,532f565a-2c25-44d3-a068-9a1c9e132dc9,2026-06-06 00:00:00.000,
0,63200010,0,0,1763,300,1165508,90,0,63200010,2026-06-22 23:48:58.216,10,2026-06-07 03:00:02.098,0.0,30,30,-1,52693,21,11,0,8,1341.8,0,96.54001,60cb96e1-600c-4c4b-b098-f23ba46f882a.extra_data.json,487mnSNu6t,15600,com.sec.android.app.shealth,1149908,86400000,60cb96e1-600c-4c4b-b098-f23ba46f882a,2026-06-07 00:00:00.000,
0,63200010,0,0,5299,300,3279718,90,0,70001070,2026-07-05 19:28:10.985,10,2026-06-08 03:09:58.517,0.0,30,30,-1,300000,60,13,0,8,4079.449,0,266.02,7e815d97-b617-4be9-ad5c-94410a942023.extra_data.json,487mnSNu6t,130539,com.sec.android.app.shealth,3149179,86400000,7e815d97-b617-4be9-ad5c-94410a942023,2026-06-08 00:00:00.000,
0,63200010,0,0,698,300,465566,90,0,70001070,2026-07-05 19:28:10.804,10,2026-06-09 03:00:02.725,0.0,30,30,-1,42688,7,5,0,8,519.9601,0,21.86,73b59a66-ac84-48ff-ba46-76593bd91b82.extra_data.json,487mnSNu6t,0,com.sec.android.app.shealth,465566,86400000,73b59a66-ac84-48ff-ba46-76593bd91b82,2026-06-09 00:00:00.000,
0,63200010,0,0,3516,300,2175180,90,0,70001070,2026-07-05 19:28:10.654,10,2026-06-10 03:00:06.724,0.0,30,30,-1,360000,40,13,0,8,2696.43,0,170.48,1b5f4bd4-4f77-432e-8a38-c639ce2cd654.extra_data.json,487mnSNu6t,74400,com.sec.android.app.shealth,2100780,86400000,1b5f4bd4-4f77-432e-8a38-c639ce2cd654,2026-06-10 00:00:00.000,
0,63200010,0,0,728,300,477566,90,0,70001070,2026-07-08 20:02:41.821,10,2026-06-11 03:00:01.702,0.0,30,30,-1,38019,7,7,0,8,560.49005,0,44.03,72e5c8e8-40de-40ca-858f-dbe4f1559350.extra_data.json,487mnSNu6t,12000,com.sec.android.app.shealth,465566,86400000,72e5c8e8-40de-40ca-858f-dbe4f1559350,2026-06-11 00:00:00.000,
0,63200010,0,0,3481,300,2165329,90,0,70001070,2026-07-09 15:10:41.293,10,2026-06-12 03:00:01.994,0.0,30,30,-1,300000,40,12,0,8,2657.3606,0,206.7,954b083c-bc19-4951-951f-8daf4a356ba3.extra_data.json,487mnSNu6t,0,com.sec.android.app.shealth,2165329,86400000,954b083c-bc19-4951-951f-8daf4a356ba3,2026-06-12 00:00:00.000,
0,63200010,0,0,1565,300,1010445,90,0,70001070,2026-07-09 15:10:41.155,10,2026-06-13 03:00:13.404,0.0,30,30,-1,60000,17,12,0,8,1183.2902,0,92.07,d8c8c28b-244a-4081-b30e-5f9c404ee563.extra_data.json,487mnSNu6t,0,com.sec.android.app.shealth,1010445,86400000,d8c8c28b-244a-4081-b30e-5f9c404ee563,2026-06-13 00:00:00.000,
0,63200010,0,0,337,300,224779,90,0,70001070,2026-07-09 15:10:41.005,10,2026-06-14 03:00:01.564,0.0,30,30,-1,28681,3,4,0,8,247.25002,0,19.87,7d6eb370-564f-4b5f-ba5e-c43174f725de.extra_data.json,487mnSNu6t,0,com.sec.android.app.shealth,224779,86400000,7d6eb370-564f-4b5f-ba5e-c43174f725de,2026-06-14 00:00:00.000,
0,63200010,0,0,3901,300,2473483,90,0,70001070,2026-07-09 15:10:40.841,10,2026-06-15 03:00:02.374,0.0,30,30,-1,300000,45,15,0,8,2978.0,0,231.68999,6bbbf3de-49e5-4bf3-90a2-9ba455c98281.extra_data.json,487mnSNu6t,0,com.sec.android.app.shealth,2473483,86400000,6bbbf3de-49e5-4bf3-90a2-9ba455c98281,2026-06-15 00:00:00.000,
0,63200010,0,0,1471,300,981157,90,0,70050090,2026-07-13 17:38:32.213,10,2026-06-16 03:00:01.872,0.0,30,30,-1,40687,17,7,0,8,1116.78,0,85.99999,32b5bbf8-b14b-4563-8df5-96ea187fc346.extra_data.json,487mnSNu6t,0,com.sec.android.app.shealth,981157,86400000,32b5bbf8-b14b-4563-8df5-96ea187fc346,2026-06-16 00:00:00.000,
0,63200010,0,0,4086,300,2601704,90,0,70050090,2026-07-13 17:38:32.127,10,2026-06-17 03:00:01.592,0.0,30,30,-1,300000,47,13,0,8,3098.06,0,246.41005,76cef215-207a-44dc-a56d-618af5078c75.extra_data.json,487mnSNu6t,12800,com.sec.android.app.shealth,2588904,86400000,76cef215-207a-44dc-a56d-618af5078c75,2026-06-17 00:00:00.000,
0,63200010,0,624000,4719,300,3090809,90,0,70050090,2026-07-13 17:38:32.054,10,2026-06-18 03:00:02.596,0.0,30,30,-1,624837,56,13,0,8,3577.5635,60000,318.67517,95dffe65-60e6-4b0c-80a5-563f5620b513.extra_data.json,487mnSNu6t,17600,com.sec.android.app.shealth,3073209,86400000,95dffe65-60e6-4b0c-80a5-563f5620b513,2026-06-18 00:00:00.000,
0,63200010,0,0,4047,300,2559586,90,0,70050090,2026-07-13 17:38:31.985,10,2026-06-19 03:00:03.746,0.0,30,30,-1,300000,46,11,0,8,3084.5298,0,239.92995,b3733304-8233-445c-8ce1-ebf75d4932ed.extra_data.json,487mnSNu6t,0,com.sec.android.app.shealth,2559586,86400000,b3733304-8233-445c-8ce1-ebf75d4932ed,2026-06-19 00:00:00.000,
0,63200010,0,0,1062,300,708354,90,0,70050090,2026-07-17 16:34:20.339,10,2026-06-20 03:00:20.425,0.0,30,30,-1,46023,12,8,0,8,805.1,0,62.03999,c3eca3f4-ae02-4f6f-a3b5-a52dcb4cf949.extra_data.json,487mnSNu6t,0,com.sec.android.app.shealth,708354,86400000,c3eca3f4-ae02-4f6f-a3b5-a52dcb4cf949,2026-06-20 00:00:00.000,
0,63200010,0,624000,4920,300,3026144,90,0,70050090,2026-07-17 16:34:20.278,10,2026-06-21 03:00:03.789,0.0,30,30,-1,624000,55,10,0,8,3857.6555,0,297.47406,50f73253-be7e-4b1d-9e69-c5e06ac25ba3.extra_data.json,487mnSNu6t,0,com.sec.android.app.shealth,3026144,86400000,50f73253-be7e-4b1d-9e69-c5e06ac25ba3,2026-06-21 00:00:00.000,
0,63200010,0,0,1601,300,1067867,90,0,70050090,2026-07-17 16:34:20.209,10,2026-06-22 03:00:02.445,0.0,30,30,-1,60000,18,5,0,8,1211.0099,0,92.920006,29149a52-acc0-47c9-ab63-6c189be2e3c0.extra_data.json,487mnSNu6t,0,com.sec.android.app.shealth,1067867,86400000,29149a52-acc0-47c9-ab63-6c189be2e3c0,2026-06-22 00:00:00.000,
0,63200010,0,0,3979,300,2507487,90,0,70050090,2026-07-17 16:34:20.127,10,2026-06-23 03:31:11.806,0.0,30,30,-1,300000,44,12,0,8,3044.8604,0,183.62,231c219e-6b42-47ec-a805-55c3301a9174.extra_data.json,487mnSNu6t,59200,com.sec.android.app.shealth,2448287,86400000,231c219e-6b42-47ec-a805-55c3301a9174,2026-06-23 00:00:00.000,
0,63200010,0,0,3376,300,2125233,90,0,70050090,2026-07-21 03:21:40.476,10,2026-06-24 03:00:02.932,0.0,30,30,-1,300000,38,12,0,8,2552.6697,0,151.37999,b6dec885-73be-4937-8e3e-9d7543182dc9.extra_data.json,487mnSNu6t,5200,com.sec.android.app.shealth,2120033,86400000,b6dec885-73be-4937-8e3e-9d7543182dc9,2026-06-24 00:00:00.000,
0,63200010,0,0,3660,300,2330508,90,0,70050090,2026-07-21 03:21:39.997,10,2026-06-25 03:00:02.626,0.0,30,30,-1,300000,42,12,0,8,2772.9004,0,217.66003,c51364ac-1e3a-4d9a-8737-deaa6a1ea5bc.extra_data.json,487mnSNu6t,400,com.sec.android.app.shealth,2330108,86400000,c51364ac-1e3a-4d9a-8737-deaa6a1ea5bc,2026-06-25 00:00:00.000,
0,63200010,0,0,3720,300,2420363,90,0,70050090,2026-07-23 19:45:42.160,10,2026-06-26 03:00:01.815,0.0,30,30,-1,120000,44,13,0,8,2805.4792,0,220.71,737e276e-7452-4250-a5d5-a13ef83c7d39.extra_data.json,487mnSNu6t,0,com.sec.android.app.shealth,2420363,86400000,737e276e-7452-4250-a5d5-a13ef83c7d39,2026-06-26 00:00:00.000,
0,63200010,0,0,1823,300,1215941,90,0,70050090,2026-07-23 19:45:42.110,10,2026-06-27 03:42:51.513,0.0,30,30,-1,60000,22,9,0,8,1361.9901,0,107.66998,85db666f-e5f4-4223-b1bf-a17d6d25089a.extra_data.json,487mnSNu6t,0,com.sec.android.app.shealth,1215941,86400000,85db666f-e5f4-4223-b1bf-a17d6d25089a,2026-06-27 00:00:00.000,
0,63200010,0,0,5000,300,3208487,90,0,70050090,2026-07-23 19:45:42.049,10,2026-06-28 03:00:03.660,0.0,30,30,-1,300000,58,10,0,8,3756.1802,0,296.13004,5d27a57e-abc5-4e83-ac0a-da105e2767a2.extra_data.json,487mnSNu6t,0,com.sec.android.app.shealth,3208487,86400000,5d27a57e-abc5-4e83-ac0a-da105e2767a2,2026-06-28 00:00:00.000,
0,63200010,0,0,923,300,615641,90,0,70050090,2026-07-23 19:45:41.981,10,2026-06-29 03:00:02.962,0.0,30,30,-1,44022,11,7,0,8,697.7799,0,54.2,289e113a-fa92-4036-867b-08f1e8d25e31.extra_data.json,487mnSNu6t,0,com.sec.android.app.shealth,615641,86400000,289e113a-fa92-4036-867b-08f1e8d25e31,2026-06-29 00:00:00.000,
0,63200010,0,0,4633,300,2922771,90,0,70050090,2026-07-23 19:45:41.923,10,2026-06-30 03:00:01.377,0.0,30,30,-1,420000,53,14,0,8,3521.76,0,275.93,0e5be89e-5f7e-4308-90bc-ad4ed54811af.extra_data.json,487mnSNu6t,0,com.sec.android.app.shealth,2922771,86400000,0e5be89e-5f7e-4308-90bc-ad4ed54811af,2026-06-30 00:00:00.000,
0,63200010,0,0,4503,300,2856978,90,0,70050090,2026-07-23 19:45:41.874,10,2026-07-01 03:00:02.328,0.0,30,30,-1,300000,52,14,0,8,3427.2803,0,267.6,4fbf7e2d-9770-417c-aa03-72029ce9a5bd.extra_data.json,487mnSNu6t,0,com.sec.android.app.shealth,2856978,86400000,4fbf7e2d-9770-417c-aa03-72029ce9a5bd,2026-07-01 00:00:00.000,
0,70001070,0,0,3758,300,2432946,90,0,70050090,2026-07-29 15:25:33.820,10,2026-07-02 03:00:01.953,0.0,30,30,-1,300000,44,12,0,8,2849.9207,0,222.95001,64d124e4-de90-4016-9ff6-f6765f0596fe.extra_data.json,487mnSNu6t,0,com.sec.android.app.shealth,2432946,86400000,64d124e4-de90-4016-9ff6-f6765f0596fe,2026-07-02 00:00:00.000,
0,70001070,0,0,634,300,422878,90,0,70050090,2026-07-30 09:56:46.424,10,2026-07-03 03:00:03.259,0.0,30,30,-1,40020,7,7,0,8,486.57,0,37.069996,61635952-394d-4e5b-bfc7-5fe7d482d113.extra_data.json,487mnSNu6t,0,com.sec.android.app.shealth,422878,86400000,61635952-394d-4e5b-bfc7-5fe7d482d113,2026-07-03 00:00:00.000,
0,70001070,0,0,2045,300,1315871,90,0,70050090,2026-07-30 09:56:46.276,10,2026-07-04 03:00:01.991,0.0,30,30,-1,180000,23,8,0,8,1554.45,0,120.80002,963632e2-01cd-437d-892d-2e0ad5e7231a.extra_data.json,487mnSNu6t,0,com.sec.android.app.shealth,1315871,86400000,963632e2-01cd-437d-892d-2e0ad5e7231a,2026-07-04 00:00:00.000,
0,70001070,0,0,2605,300,1726321,90,0,70050090,2026-07-30 09:56:46.155,10,2026-07-05 03:00:01.501,0.0,30,30,-1,44689,31,10,0,8,1966.6702,0,140.65,d107ddc5-d2b9-4c87-be43-efabb7d2419b.extra_data.json,487mnSNu6t,16800,com.sec.android.app.shealth,1709521,86400000,d107ddc5-d2b9-4c87-be43-efabb7d2419b,2026-07-05 00:00:00.000,
0,70001070,0,3802000,3358,300,5749540,90,3802491,70060030,2026-08-02 17:41:52.164,10,2026-07-06 03:17:20.951,0.0,30,30,-1,3792491,105,14,0,8,2252.0212,1680000,670.84784,4383ba9f-0522-48bf-9e74-99cd143ade0e.extra_data.json,487mnSNu6t,10400,com.sec.android.app.shealth,1936649,86400000,4383ba9f-0522-48bf-9e74-99cd143ade0e,2026-07-06 00:00:00.000,
0,70001070,0,5474000,4872,300,7411931,90,4280828,70060030,2026-08-02 17:41:52.030,10,2026-07-07 03:00:01.431,0.0,30,30,-1,4270828,135,11,0,8,3236.7053,630000,850.971,869170aa-2377-491e-ab00-1e82dba27823.extra_data.json,487mnSNu6t,23869,com.sec.android.app.shealth,3107234,86400000,869170aa-2377-491e-ab00-1e82dba27823,2026-07-07 00:00:00.000,
0,70001070,0,6377000,6186,300,7838534,90,5408025,70060030,2026-08-04 20:53:33.142,10,2026-07-08 03:00:02.731,0.0,30,30,-1,5407350,144,12,0,8,3051.113,4480000,1079.9875,1ecfe655-e7d6-4911-83ff-b84043ab9cd2.extra_data.json,487mnSNu6t,58400,com.sec.android.app.shealth,2372109,86400000,1ecfe655-e7d6-4911-83ff-b84043ab9cd2,2026-07-08 00:00:00.000,
0,70001070,0,0,3512,300,2310197,90,0,70060030,2026-08-04 20:53:32.997,10,2026-07-09 03:00:02.424,0.0,30,30,-1,120000,41,14,0,8,2645.9104,0,213.59998,1ff1690a-8f80-493d-878b-92915a521844.extra_data.json,487mnSNu6t,48400,com.sec.android.app.shealth,2261797,86400000,1ff1690a-8f80-493d-878b-92915a521844,2026-07-09 00:00:00.000,
0,70001070,0,3101000,7624,300,4713204,90,0,70060030,2026-08-06 10:46:09.005,10,2026-07-10 03:00:01.375,0.0,30,30,-1,1387472,86,15,0,8,5939.4727,720000,513.69867,09143458-e79d-4052-8951-94f106fe106b.extra_data.json,487mnSNu6t,15200,com.sec.android.app.shealth,4698004,86400000,09143458-e79d-4052-8951-94f106fe106b,2026-07-10 00:00:00.000,
0,70001070,0,6803000,8562,300,8535024,90,3235830,70060030,2026-08-06 10:46:08.725,10,2026-07-11 03:00:02.542,0.0,30,30,-1,3226835,156,11,0,8,6344.999,1805000,1077.1064,f64a5461-f7fc-4c57-95ef-c97b7397bf5e.extra_data.json,487mnSNu6t,34000,com.sec.android.app.shealth,5265194,86400000,f64a5461-f7fc-4c57-95ef-c97b7397bf5e,2026-07-11 00:00:00.000,
0,70001070,0,0,2926,300,1868784,90,0,70060030,2026-08-06 10:46:08.312,10,2026-07-12 03:00:00.999,0.0,30,30,-1,360000,34,11,0,8,2235.8904,0,171.76001,d2d67e41-e38e-473d-bd7a-fcd2d30e1fb1.extra_data.json,487mnSNu6t,0,com.sec.android.app.shealth,1868784,86400000,d2d67e41-e38e-473d-bd7a-fcd2d30e1fb1,2026-07-12 00:00:00.000,
0,70001070,0,7207000,7168,300,10060869,90,7207961,70060030,2026-08-06 10:46:08.094,10,2026-07-13 03:00:02.593,0.0,30,30,-1,7207733,184,15,0,8,3334.3674,2520000,1273.489,6f2e7fb1-7f59-42dc-af3a-053f3fda2f8c.extra_data.json,487mnSNu6t,42800,com.sec.android.app.shealth,2810108,86400000,6f2e7fb1-7f59-42dc-af3a-053f3fda2f8c,2026-07-13 00:00:00.000,
0,70050090,0,0,2558,300,1638640,90,0,70060030,2026-08-06 10:46:07.565,10,2026-07-14 03:00:00.467,0.0,30,30,-1,60000,30,12,0,8,2000.1002,0,162.87,60d47739-3710-476b-b221-b00efe6b3521.extra_data.json,487mnSNu6t,74036,com.sec.android.app.shealth,1564604,86400000,60d47739-3710-476b-b221-b00efe6b3521,2026-07-14 00:00:00.000,
0,70050090,0,0,2831,300,1877063,90,0,70060030,2026-08-06 10:46:07.382,10,2026-07-15 03:00:04.555,0.0,30,30,-1,48024,34,16,0,8,2130.8699,0,165.86003,3c85282d-33e9-4a86-a639-0e86bc95a7cc.extra_data.json,487mnSNu6t,16800,com.sec.android.app.shealth,1860263,86400000,3c85282d-33e9-4a86-a639-0e86bc95a7cc,2026-07-15 00:00:00.000,
0,70050090,0,0,204,300,136068,90,0,70060030,2026-08-06 10:46:07.239,10,2026-07-16 03:00:01.960,0.0,30,30,-1,35351,2,3,0,8,151.45999,0,11.949999,fbe96404-3873-40a0-8b4e-0afa07f4a5ff.extra_data.json,487mnSNu6t,0,com.sec.android.app.shealth,136068,86400000,fbe96404-3873-40a0-8b4e-0afa07f4a5ff,2026-07-16 00:00:00.000,
0,70050090,0,0,4497,300,2929028,90,0,70060030,2026-08-13 12:04:50.970,10,2026-07-17 03:03:27.051,0.0,30,30,-1,120000,53,10,0,8,3386.339,0,230.34003,99cb02b1-dc6b-4ed2-8870-fb36e5338a9d.extra_data.json,487mnSNu6t,39048,com.sec.android.app.shealth,2889980,86400000,99cb02b1-dc6b-4ed2-8870-fb36e5338a9d,2026-07-17 00:00:00.000,
0,70050090,0,5114000,14500,300,8839352,90,0,70060030,2026-08-13 12:04:50.771,10,2026-07-18 03:36:48.069,0.0,30,30,-1,2938821,163,14,0,8,10949.213,1680000,934.0491,a6449979-9ec2-4828-aa07-f544dcd4dece.extra_data.json,487mnSNu6t,6000,com.sec.android.app.shealth,8833352,86400000,a6449979-9ec2-4828-aa07-f544dcd4dece,2026-07-18 00:00:00.000,
0,70050090,0,2663000,10319,300,6878667,90,0,70060030,2026-08-13 12:04:50.286,10,2026-07-19 03:00:00.599,0.0,30,30,-1,728921,126,12,0,8,7798.1777,0,675.9354,3024e6b5-d5d1-4bf8-91f6-d1e928e0b8ae.extra_data.json,487mnSNu6t,190464,com.sec.android.app.shealth,6688203,86400000,3024e6b5-d5d1-4bf8-91f6-d1e928e0b8ae,2026-07-19 00:00:00.000,
0,70050090,0,0,813,300,461922,90,0,70060030,2026-08-13 12:04:49.837,10,2026-07-20 04:28:30.874,0.0,30,30,-1,60000,7,6,0,8,667.92004,0,53.76001,c443fe04-8294-4cd8-9ae3-e945844dc12b.extra_data.json,487mnSNu6t,80727,com.sec.android.app.shealth,381195,86400000,c443fe04-8294-4cd8-9ae3-e945844dc12b,2026-07-20 00:00:00.000,
0,70050090,0,0,3181,300,1914292,90,0,70060030,2026-08-13 12:04:49.621,10,2026-07-21 03:21:18.933,0.0,30,30,-1,120000,34,12,0,8,2533.2395,0,192.71994,719b5b7c-9ea8-455c-99dc-37dcb1c3b309.extra_data.json,487mnSNu6t,226436,com.sec.android.app.shealth,1687856,86400000,719b5b7c-9ea8-455c-99dc-37dcb1c3b309,2026-07-21 00:00:00.000,
0,70050090,0,0,1462,300,970882,90,0,70060030,2026-08-13 12:04:49.408,10,2026-07-22 03:00:19.574,0.0,30,30,-1,43355,17,11,0,8,1085.47,0,52.75999,7987329c-1784-4b01-8049-0aff8fb598ad.extra_data.json,487mnSNu6t,6400,com.sec.android.app.shealth,964482,86400000,7987329c-1784-4b01-8049-0aff8fb598ad,2026-07-22 00:00:00.000,
0,70050090,0,6383000,5126,300,7139036,90,5408453,70060030,2026-08-13 12:04:49.244,10,2026-07-23 03:00:41.118,0.0,30,30,-1,5406428,131,11,0,8,2159.705,2200000,951.25397,3562e9fd-f176-407e-976c-4066a662a128.extra_data.json,487mnSNu6t,10800,com.sec.android.app.shealth,1719783,86400000,3562e9fd-f176-407e-976c-4066a662a128,2026-07-23 00:00:00.000,
0,70050090,0,4345000,2719,300,5764149,90,4345872,70060030,2026-08-20 10:41:00.110,10,2026-07-24 03:00:01.328,0.0,30,30,-1,4345771,105,9,0,8,1709.1798,820000,693.2738,65a602ee-9446-4997-bf9f-fce44f05e3d0.extra_data.json,487mnSNu6t,54800,com.sec.android.app.shealth,1363477,86400000,65a602ee-9446-4997-bf9f-fce44f05e3d0,2026-07-24 00:00:00.000,
0,70050090,0,0,4859,300,3023784,90,0,70060030,2026-08-20 10:40:59.750,10,2026-07-25 03:00:01.825,0.0,30,30,-1,480000,54,14,0,8,3714.4995,0,216.93997,232fee8a-14a7-4fe5-aa72-ab88f65c7f01.extra_data.json,487mnSNu6t,100554,com.sec.android.app.shealth,2923230,86400000,232fee8a-14a7-4fe5-aa72-ab88f65c7f01,2026-07-25 00:00:00.000,
0,70050090,0,2433000,7466,300,4692034,90,0,70060030,2026-08-20 10:40:59.564,10,2026-07-26 03:51:26.145,0.0,30,30,-1,1351459,85,10,0,8,5672.76,0,515.891,9134fe1d-fdb4-4ecf-8736-1037d8ee272c.extra_data.json,487mnSNu6t,80400,com.sec.android.app.shealth,4611634,86400000,9134fe1d-fdb4-4ecf-8736-1037d8ee272c,2026-07-26 00:00:00.000,
0,70050090,0,6082000,5868,300,7570014,90,4317570,70060030,2026-08-20 10:40:59.315,10,2026-07-27 03:00:03.240,0.0,30,30,-1,4306570,140,12,0,8,4132.6553,3730000,978.6749,49e67277-fa65-4bfb-bd6f-239df2581e74.extra_data.json,487mnSNu6t,12400,com.sec.android.app.shealth,3240044,86400000,49e67277-fa65-4bfb-bd6f-239df2581e74,2026-07-27 00:00:00.000,
0,70050090,0,886000,8803,300,5329575,90,0,70060030,2026-08-20 10:40:58.788,10,2026-07-28 03:00:02.592,0.0,30,30,-1,886000,97,14,0,8,6789.4585,0,350.40955,22acf9b2-2ed2-4229-87f6-14f603f7b21f.extra_data.json,487mnSNu6t,77933,com.sec.android.app.shealth,5251642,86400000,22acf9b2-2ed2-4229-87f6-14f603f7b21f,2026-07-28 00:00:00.000,
0,70050090,0,4352000,4884,300,7038403,90,4352172,70060030,2026-08-20 10:40:58.528,10,2026-07-29 03:00:02.314,0.0,30,30,-1,4351200,128,13,0,8,3270.9504,130000,774.92004,3d36532a-2984-480f-857c-49557ffb4fb5.extra_data.json,487mnSNu6t,50000,com.sec.android.app.shealth,2636231,86400000,3d36532a-2984-480f-857c-49557ffb4fb5,2026-07-29 00:00:00.000,
0,70050090,0,0,4805,300,3055681,90,0,70060030,2026-08-20 10:40:58.142,10,2026-07-30 03:05:16.358,0.0,30,30,-1,300000,55,16,0,8,3653.6392,0,290.18,c19b0a88-db68-443c-a65a-263455c3f002.extra_data.json,487mnSNu6t,39200,com.sec.android.app.shealth,3016481,86400000,c19b0a88-db68-443c-a65a-263455c3f002,2026-07-30 00:00:00.000,
0,70050090,0,0,3976,300,2560890,90,0,70060030,2026-08-27 12:54:58.151,10,2026-07-31 03:00:01.697,0.0,30,30,-1,300000,46,14,0,8,3000.8696,0,235.95003,2eef0f84-9b24-404b-a1da-cc8981d3f053.extra_data.json,487mnSNu6t,0,com.sec.android.app.shealth,2560890,86400000,2eef0f84-9b24-404b-a1da-cc8981d3f053,2026-07-31 00:00:00.000,
0,70050090,0,0,4168,300,2731440,90,0,70060030,2026-08-27 12:54:57.904,10,2026-08-01 03:06:51.120,0.0,30,30,-1,240000,50,12,0,8,3172.4993,0,242.75998,dc15c931-99e0-4323-b5d9-6d6895a4469a.extra_data.json,487mnSNu6t,23600,com.sec.android.app.shealth,2707840,86400000,dc15c931-99e0-4323-b5d9-6d6895a4469a,2026-08-01 00:00:00.000,
0,70050090,0,812000,4224,300,2946427,90,0,70060030,2026-08-27 12:54:57.677,10,2026-08-02 03:21:10.380,0.0,30,30,-1,812223,54,15,0,8,3206.5142,0,277.5193,80ca9cb9-24aa-409b-9025-8c61b9c7a50f.extra_data.json,487mnSNu6t,65681,com.sec.android.app.shealth,2880746,86400000,80ca9cb9-24aa-409b-9025-8c61b9c7a50f,2026-08-02 00:00:00.000,
0,70060030,0,0,4567,300,2918372,90,0,70060030,2026-08-27 12:54:57.464,10,2026-08-03 03:35:35.567,0.0,30,30,-1,300000,53,15,0,8,3401.7708,0,140.32,e83ecdcb-124a-4913-817a-17d27726d0db.extra_data.json,487mnSNu6t,0,com.sec.android.app.shealth,2918372,86400000,e83ecdcb-124a-4913-817a-17d27726d0db,2026-08-03 00:00:00.000,
0,70060030,0,5233000,7727,300,7755022,90,3440966,70060030,2026-08-27 12:54:57.256,10,2026-08-04 03:00:01.250,0.0,30,30,-1,3428551,142,14,0,8,5545.179,1200000,924.2922,fa50da27-721a-46e7-9064-eb604d717daf.extra_data.json,487mnSNu6t,0,com.sec.android.app.shealth,4314056,86400000,fa50da27-721a-46e7-9064-eb604d717daf,2026-08-04 00:00:00.000,
0,70060030,0,0,5361,300,3375898,90,0,70060030,2026-08-27 12:54:56.829,10,2026-08-05 03:00:03.052,0.0,30,30,-1,360000,62,17,0,8,4126.2896,0,275.51004,3a3b910e-ee0e-4e92-a331-2f75603f7f22.extra_data.json,487mnSNu6t,132000,com.sec.android.app.shealth,3243898,86400000,3a3b910e-ee0e-4e92-a331-2f75603f7f22,2026-08-05 00:00:00.000,
0,70060030,0,0,5365,300,3325185,90,0,70060030,2026-09-02 19:21:48.793,10,2026-08-06 03:00:01.636,0.0,30,30,-1,300000,60,11,0,8,4101.11,0,325.69003,ce8e5557-e615-4085-9410-04f96950ba45.extra_data.json,487mnSNu6t,47600,com.sec.android.app.shealth,3277585,86400000,ce8e5557-e615-4085-9410-04f96950ba45,2026-08-06 00:00:00.000,
0,70060030,0,6701000,7767,300,8964456,90,4581337,70060030,2026-09-02 19:21:48.626,10,2026-08-07 03:03:50.280,0.0,30,30,-1,4571337,164,11,0,8,5584.9497,4680000,1260.2231,b4e69327-050e-4f9b-98aa-52ed715fb966.extra_data.json,487mnSNu6t,210261,com.sec.android.app.shealth,4172858,86400000,b4e69327-050e-4f9b-98aa-52ed715fb966,2026-08-07 00:00:00.000,
0,70060030,0,2335000,5994,300,5921104,90,2335853,70060030,2026-09-04 03:00:19.533,10,2026-08-08 03:00:01.355,0.0,30,30,-1,2334189,107,12,0,8,4358.4595,1860000,693.7606,d23f2dae-0188-42cd-b4f9-38a223665f1f.extra_data.json,487mnSNu6t,400,com.sec.android.app.shealth,3584851,86400000,d23f2dae-0188-42cd-b4f9-38a223665f1f,2026-08-08 00:00:00.000,
0,70060030,0,0,2659,300,1758152,90,0,70060030,2026-09-04 03:00:10.121,10,2026-08-09 03:00:01.252,0.0,30,30,-1,120000,32,11,0,8,1998.4598,0,156.72998,324c2184-516d-4baf-8739-4cb9de77eeeb.extra_data.json,487mnSNu6t,0,com.sec.android.app.shealth,1758152,86400000,324c2184-516d-4baf-8739-4cb9de77eeeb,2026-08-09 00:00:00.000,
0,70060030,0,3903000,2413,300,5104516,90,3903016,70060030,2026-09-04 03:00:09.036,10,2026-08-10 03:27:50.005,0.0,30,30,-1,3901962,93,10,0,8,1391.9264,290000,624.4908,8ba624cd-0556-45f8-a637-2761a416ac4d.extra_data.json,487mnSNu6t,12400,com.sec.android.app.shealth,1189100,86400000,8ba624cd-0556-45f8-a637-2761a416ac4d,2026-08-10 00:00:00.000,
0,70060030,0,0,4272,300,2691747,90,0,70060030,2026-09-04 03:00:08.757,10,2026-08-11 03:05:40.862,0.0,30,30,-1,300000,48,16,0,8,3254.1309,0,255.97002,d3dd7553-bd4f-4845-a6d1-acaa64c64a22.extra_data.json,487mnSNu6t,16800,com.sec.android.app.shealth,2674947,86400000,d3dd7553-bd4f-4845-a6d1-acaa64c64a22,2026-08-11 00:00:00.000,
0,70060030,0,3422000,6001,300,6989625,90,3422171,70060110,2026-09-09 01:30:32.587,10,2026-08-12 03:02:35.038,0.0,30,30,-1,3421319,128,14,0,8,4327.8525,1415000,826.524,6b403662-d317-4fe3-960c-cba91a9afc8c.extra_data.json,487mnSNu6t,62400,com.sec.android.app.shealth,3505054,86400000,6b403662-d317-4fe3-960c-cba91a9afc8c,2026-08-12 00:00:00.000,
0,70060030,0,678000,4959,300,3370560,90,0,70060110,2026-09-09 01:30:32.439,10,2026-08-13 03:00:01.745,0.0,30,30,-1,678301,62,13,0,8,3795.753,60000,336.11035,1edabcfe-5f2c-4422-a1c5-a852d9759501.extra_data.json,487mnSNu6t,0,com.sec.android.app.shealth,3370560,86400000,1edabcfe-5f2c-4422-a1c5-a852d9759501,2026-08-13 00:00:00.000,
0,70060030,0,5267000,6516,300,8447952,90,4536311,70060110,2026-09-09 01:30:32.302,10,2026-08-14 03:00:01.845,0.0,30,30,-1,4526311,155,16,0,8,4469.3843,3560000,1070.2808,3d4a4b68-03fe-4273-acd8-c0ffb1b523f0.extra_data.json,487mnSNu6t,33200,com.sec.android.app.shealth,3878441,86400000,3d4a4b68-03fe-4273-acd8-c0ffb1b523f0,2026-08-14 00:00:00.000,
0,70060030,0,0,1637,300,1086779,90,0,70060110,2026-09-09 01:30:32.160,10,2026-08-15 03:04:14.744,0.0,30,30,-1,120000,20,8,0,8,1245.8601,0,96.189995,1a707128-6f69-436f-8fe3-3eac7e71180a.extra_data.json,487mnSNu6t,1600,com.sec.android.app.shealth,1085179,86400000,1a707128-6f69-436f-8fe3-3eac7e71180a,2026-08-15 00:00:00.000,
0,70060030,0,0,2511,300,1632606,90,0,70060110,2026-09-09 01:30:32.087,10,2026-08-16 03:12:33.057,0.0,30,30,-1,180000,30,9,0,8,1901.5492,0,147.14001,a8684ace-ea5a-495f-aab4-846bcfb1161b.extra_data.json,487mnSNu6t,0,com.sec.android.app.shealth,1632606,86400000,a8684ace-ea5a-495f-aab4-846bcfb1161b,2026-08-16 00:00:00.000,
0,70060030,0,0,5374,300,3377468,90,0,70060110,2026-09-09 01:30:31.965,10,2026-08-17 04:08:56.672,0.0,30,30,-1,360000,62,13,0,8,4083.8188,0,316.81995,0f8f07cf-0102-45f3-aa23-b9175c1f6705.extra_data.json,487mnSNu6t,7200,com.sec.android.app.shealth,3370268,86400000,0f8f07cf-0102-45f3-aa23-b9175c1f6705,2026-08-17 00:00:00.000,
0,70060030,0,7068000,8417,300,8419675,90,4495811,70060110,2026-09-15 00:31:18.280,10,2026-08-18 03:00:02.612,0.0,30,30,-1,4495014,155,11,0,8,4698.121,4040000,1193.1179,073a32de-39b2-4c12-87e6-5649e3e1177b.extra_data.json,487mnSNu6t,127692,com.sec.android.app.shealth,3796172,86400000,073a32de-39b2-4c12-87e6-5649e3e1177b,2026-08-18 00:00:00.000,
0,70060030,0,719000,6947,300,4630394,90,0,70060110,2026-09-15 00:31:17.842,10,2026-08-19 03:23:16.661,0.0,30,30,-1,722859,84,16,0,8,5321.969,120000,478.05777,273fa84a-13e7-4072-aac9-dc515e073d15.extra_data.json,487mnSNu6t,22000,com.sec.android.app.shealth,4608394,86400000,273fa84a-13e7-4072-aac9-dc515e073d15,2026-08-19 00:00:00.000,
0,70060030,0,0,4415,300,2741747,90,0,70060110,2026-09-15 00:31:17.622,10,2026-08-20 03:00:01.202,0.0,30,30,-1,300000,50,16,0,8,3390.33,0,273.16998,ac0fb245-7e3d-405d-b402-e1626bff22f6.extra_data.json,487mnSNu6t,66800,com.sec.android.app.shealth,2674947,86400000,ac0fb245-7e3d-405d-b402-e1626bff22f6,2026-08-20 00:00:00.000,
0,70060030,0,0,1146,300,764382,90,0,70060110,2026-09-17 10:46:44.478,10,2026-08-21 03:03:37.272,0.0,30,30,-1,44022,13,8,0,8,866.0301,0,66.94999,8edbddcc-a8de-4388-b5a9-7937496339bc.extra_data.json,487mnSNu6t,0,com.sec.android.app.shealth,764382,86400000,8edbddcc-a8de-4388-b5a9-7937496339bc,2026-08-21 00:00:00.000,
0,70060030,0,834000,2863,300,1840293,90,0,70060110,2026-09-17 10:46:44.260,10,2026-08-22 03:17:09.585,0.0,30,30,-1,834000,33,7,0,8,2249.6274,0,172.93599,61f6b1d2-eaf3-4888-a131-0c21c940781c.extra_data.json,487mnSNu6t,0,com.sec.android.app.shealth,1840293,86400000,61f6b1d2-eaf3-4888-a131-0c21c940781c,2026-08-22 00:00:00.000,
0,70060030,0,0,2567,300,1611409,90,0,70060110,2026-09-17 10:46:43.977,10,2026-08-23 03:00:05.772,0.0,30,30,-1,180000,28,9,0,8,1983.71,0,156.19,15f4d4c8-7608-48a3-ab55-ec61ccda7331.extra_data.json,487mnSNu6t,32800,com.sec.android.app.shealth,1578609,86400000,15f4d4c8-7608-48a3-ab55-ec61ccda7331,2026-08-23 00:00:00.000,
0,70060030,0,0,5642,300,3530126,90,0,70060110,2026-09-17 10:46:39.815,10,2026-08-24 03:07:44.373,0.0,30,30,-1,300000,64,14,0,8,4295.1997,0,343.66003,2f5cd728-be03-497f-bd41-2bb88b376a99.extra_data.json,487mnSNu6t,30400,com.sec.android.app.shealth,3499726,86400000,2f5cd728-be03-497f-bd41-2bb88b376a99,2026-08-24 00:00:00.000,
0,70060030,0,0,4389,300,2439136,90,0,70060110,2026-09-17 10:46:39.064,10,2026-08-25 03:07:36.470,0.0,30,30,-1,420000,44,6,0,8,3451.9202,0,261.11,451cf842-7f5c-4682-b487-4bd84c5fb977.extra_data.json,487mnSNu6t,0,com.sec.android.app.shealth,2439136,86400000,451cf842-7f5c-4682-b487-4bd84c5fb977,2026-08-25 00:00:00.000,
0,70060030,0,3320000,4835,300,6015920,90,3320479,70060110,2026-09-17 10:46:38.246,10,2026-08-26 03:03:34.013,0.0,30,30,-1,3318570,110,11,0,8,3248.0938,1955000,741.4591,c1119455-b86a-46a5-90f4-b8b7a6ac9543.extra_data.json,487mnSNu6t,14800,com.sec.android.app.shealth,2680641,86400000,c1119455-b86a-46a5-90f4-b8b7a6ac9543,2026-08-26 00:00:00.000,
0,70060030,0,0,4332,300,2729920,90,0,70060110,2026-09-17 10:46:37.894,10,2026-08-27 04:17:56.015,0.0,30,30,-1,300000,50,13,0,8,3293.65,0,259.3099,e7513cb6-fa19-4eb3-889c-8fb24a279b31.extra_data.json,487mnSNu6t,2400,com.sec.android.app.shealth,2727520,86400000,e7513cb6-fa19-4eb3-889c-8fb24a279b31,2026-08-27 00:00:00.000,
0,70060030,0,0,4558,300,2900790,90,0,70060110,2026-09-17 10:46:37.731,10,2026-08-28 03:00:01.552,0.0,30,30,-1,240000,53,14,0,8,3446.3296,0,271.20996,3917ddff-94f7-4e89-9fc5-44e73c37a48b.extra_data.json,487mnSNu6t,0,com.sec.android.app.shealth,2900790,86400000,3917ddff-94f7-4e89-9fc5-44e73c37a48b,2026-08-28 00:00:00.000,
0,70060030,0,650000,3472,300,2132975,90,0,70060110,2026-09-17 10:46:37.603,10,2026-08-29 03:10:27.697,0.0,30,30,-1,650000,38,8,0,8,2695.505,0,206.55333,00f08d68-fc4f-4e99-ad04-692799d59110.extra_data.json,487mnSNu6t,0,com.sec.android.app.shealth,2132975,86400000,00f08d68-fc4f-4e99-ad04-692799d59110,2026-08-29 00:00:00.000,
0,70060030,0,0,2401,300,1506832,90,0,70060110,2026-09-17 10:46:37.457,10,2026-08-30 03:00:01.621,0.0,30,30,-1,180000,26,11,0,8,1844.0598,0,142.79997,44bd5374-3593-4c65-9747-17c2d7d0bed7.extra_data.json,487mnSNu6t,15600,com.sec.android.app.shealth,1491232,86400000,44bd5374-3593-4c65-9747-17c2d7d0bed7,2026-08-30 00:00:00.000,
0,70060030,0,0,3893,300,2438443,90,0,70060110,2026-09-17 10:46:37.310,10,2026-08-31 03:42:02.933,0.0,30,30,-1,300000,44,11,0,8,2985.6702,0,236.38995,4adf5598-cc14-4f71-a1fb-4810a816557c.extra_data.json,487mnSNu6t,31600,com.sec.android.app.shealth,2406843,86400000,4adf5598-cc14-4f71-a1fb-4810a816557c,2026-08-31 00:00:00.000,
0,70060030,0,4550000,6737,300,7557528,90,4550812,70060110,2026-09-17 10:46:37.126,10,2026-09-01 03:13:02.581,0.0,30,30,-1,4550157,138,13,0,8,3575.8066,2050000,961.5445,6ca7a821-c347-4155-a135-d9895abdcab5.extra_data.json,487mnSNu6t,800,com.sec.android.app.shealth,3005916,86400000,6ca7a821-c347-4155-a135-d9895abdcab5,2026-09-01 00:00:00.000,
0,70060030,0,0,4455,300,2821249,90,0,70060110,2026-09-17 10:46:36.770,10,2026-09-02 03:03:10.949,0.0,30,30,-1,360000,51,16,0,8,3392.2502,0,270.15002,f328f7af-718a-4e12-96e3-bd3101d82020.extra_data.json,487mnSNu6t,15600,com.sec.android.app.shealth,2805649,86400000,f328f7af-718a-4e12-96e3-bd3101d82020,2026-09-02 00:00:00.000,
0,70060030,0,0,3648,300,2314857,90,0,70060110,2026-09-17 10:46:36.484,10,2026-09-03 03:36:20.295,0.0,30,30,-1,360000,42,12,0,8,2771.4402,0,211.57996,01012b66-b2b5-4c90-9b99-b2c61ac4542a.extra_data.json,487mnSNu6t,0,com.sec.android.app.shealth,2314857,86400000,01012b66-b2b5-4c90-9b99-b2c61ac4542a,2026-09-03 00:00:00.000,
0,70060030,0,3913000,6470,300,6525156,90,3014889,70060110,2026-09-17 10:46:36.233,10,2026-09-04 03:00:02.309,0.0,30,30,-1,3014479,120,11,0,8,4547.0464,730000,719.6386,72a4b608-e7a3-406b-a4b9-9a51dfd6a566.extra_data.json,487mnSNu6t,1200,com.sec.android.app.shealth,3509067,86400000,72a4b608-e7a3-406b-a4b9-9a51dfd6a566,2026-09-04 00:00:00.000,
0,70060030,0,0,1644,300,1069848,90,0,70060110,2026-09-17 10:46:35.821,10,2026-09-05 03:29:52.457,0.0,30,30,-1,51217,18,9,0,8,1282.7201,0,102.21001,594155bb-9ddd-48ac-ace2-11e6d9655bed.extra_data.json,487mnSNu6t,40000,com.sec.android.app.shealth,1029848,86400000,594155bb-9ddd-48ac-ace2-11e6d9655bed,2026-09-05 00:00:00.000,
0,70060030,0,0,2219,300,1466673,90,0,70060110,2026-09-17 10:46:35.484,10,2026-09-06 03:16:49.175,0.0,30,30,-1,120000,26,11,0,8,1662.0599,0,69.49,4cfcec8a-d6f9-41bc-8a38-3499fc463b2b.extra_data.json,487mnSNu6t,0,com.sec.android.app.shealth,1466673,86400000,4cfcec8a-d6f9-41bc-8a38-3499fc463b2b,2026-09-06 00:00:00.000,
0,70060030,0,0,683,300,455561,90,0,70060110,2026-09-17 10:46:34.379,10,2026-09-07 03:02:18.085,0.0,30,30,-1,50692,7,6,0,8,508.06998,0,21.449999,9cb1d7fe-8880-4f4b-9779-4d6c05d21c45.extra_data.json,487mnSNu6t,0,com.sec.android.app.shealth,455561,86400000,9cb1d7fe-8880-4f4b-9779-4d6c05d21c45,2026-09-07 00:00:00.000,
0,70060030,0,5312000,5906,300,8181425,90,5312590,70060110,2026-09-17 10:46:29.532,10,2026-09-08 03:00:01.169,0.0,30,30,-1,5310825,151,13,0,8,3300.188,4680000,1076.082,e37d9924-3d94-4a07-91a9-7976d8878ee9.extra_data.json,487mnSNu6t,37600,com.sec.android.app.shealth,2831235,86400000,e37d9924-3d94-4a07-91a9-7976d8878ee9,2026-09-08 00:00:00.000,
0,70060110,0,0,4083,300,2604992,90,0,70060110,2026-09-17 10:46:28.433,10,2026-09-09 03:00:02.086,0.0,30,30,-1,240000,47,15,0,8,3078.3499,0,155.78,7a568acf-a14b-42eb-9ffb-c96ef2a426b3.extra_data.json,487mnSNu6t,20000,com.sec.android.app.shealth,2584992,86400000,7a568acf-a14b-42eb-9ffb-c96ef2a426b3,2026-09-09 00:00:00.000,
0,70060110,0,0,3908,300,2467950,90,0,70060110,2026-09-17 10:46:28.134,10,2026-09-10 03:00:03.310,0.0,30,30,-1,240000,44,12,0,8,2963.8508,0,183.78998,8e2de594-d88f-4b33-bfea-589f823370be.extra_data.json,487mnSNu6t,40400,com.sec.android.app.shealth,2427550,86400000,8e2de594-d88f-4b33-bfea-589f823370be,2026-09-10 00:00:00.000,
0,70060110,0,0,1280,300,853760,90,0,70060110,2026-09-17 10:46:27.763,10,2026-09-11 03:07:37.440,0.0,30,30,-1,60000,15,6,0,8,954.4399,0,40.140007,f3ae9536-993d-4d83-9f84-15fcc9d0f57c.extra_data.json,487mnSNu6t,0,com.sec.android.app.shealth,853760,86400000,f3ae9536-993d-4d83-9f84-15fcc9d0f57c,2026-09-11 00:00:00.000,
0,70060110,0,0,1736,300,1156310,90,0,70060110,2026-09-17 10:46:27.391,10,2026-09-12 03:37:52.151,0.0,30,30,-1,44689,21,12,0,8,1312.5901,0,77.699974,9c04cb9d-64ef-43d5-850d-a8f57a64b23c.extra_data.json,487mnSNu6t,2400,com.sec.android.app.shealth,1153910,86400000,9c04cb9d-64ef-43d5-850d-a8f57a64b23c,2026-09-12 00:00:00.000,
0,70060110,0,1744000,5372,300,3882950,90,0,70060110,2026-09-17 10:46:26.917,10,2026-09-13 03:10:46.601,0.0,30,30,-1,1072951,71,12,0,8,4020.026,120000,360.18204,06c39c54-deb7-440b-ac08-9713283255a3.extra_data.json,487mnSNu6t,22000,com.sec.android.app.shealth,3860950,86400000,06c39c54-deb7-440b-ac08-9713283255a3,2026-09-13 00:00:00.000,
0,70060110,0,10000,5259,300,3393099,90,10574,70060110,2026-09-17 10:46:25.902,10,2026-09-14 04:05:15.659,0.0,30,30,-1,300000,62,16,0,8,3957.9292,0,269.07004,b885f0cf-afdd-476c-a494-4cbaa8c1d9b7.extra_data.json,487mnSNu6t,11200,com.sec.android.app.shealth,3371325,86400000,b885f0cf-afdd-476c-a494-4cbaa8c1d9b7,2026-09-14 00:00:00.000,
0,70060110,0,3048000,5881,300,6380398,90,3048893,70060110,2026-09-17 10:46:25.312,10,2026-09-15 03:00:01.694,0.0,30,30,-1,3047989,116,13,0,8,4037.5146,1640000,754.7177,d4ae71bc-5892-4e0a-813e-d8632f52bec4.extra_data.json,487mnSNu6t,48800,com.sec.android.app.shealth,3282705,86400000,d4ae71bc-5892-4e0a-813e-d8632f52bec4,2026-09-15 00:00:00.000,
0,70060110,0,0,4494,300,2705482,90,0,70060110,2026-09-18 03:00:22.941,10,2026-09-16 03:12:56.552,0.0,30,30,-1,300000,48,13,0,8,3541.3298,0,288.36002,b1490f84-651d-4125-bad5-4885128d317d.extra_data.json,487mnSNu6t,150360,com.sec.android.app.shealth,2555122,86400000,b1490f84-651d-4125-bad5-4885128d317d,2026-09-16 00:00:00.000,
0,70060110,0,0,4835,300,3095044,90,0,70060110,2026-09-19 14:36:05.437,10,2026-09-17 03:00:04.161,0.0,30,30,-1,300000,56,13,0,8,3694.7498,0,288.02,9a7d0a63-c6e3-42d5-b22b-0d866fb801b7.extra_data.json,487mnSNu6t,19200,com.sec.android.app.shealth,3075844,86400000,9a7d0a63-c6e3-42d5-b22b-0d866fb801b7,2026-09-17 00:00:00.000,
0,70060110,0,3589000,4091,300,5958717,90,3589692,70060110,2026-09-20 14:26:00.200,10,2026-09-18 03:00:01.187,0.0,30,30,-1,3587856,108,16,0,8,2726.5276,790000,708.3176,4b3e30bc-b756-4589-944c-c394518f70ea.extra_data.json,487mnSNu6t,32800,com.sec.android.app.shealth,2336225,86400000,4b3e30bc-b756-4589-944c-c394518f70ea,2026-09-18 00:00:00.000,
0,70060110,0,0,3399,300,2237294,90,0,70060110,2026-09-20 14:25:59.630,10,2026-09-19 03:56:38.073,0.0,30,30,-1,60000,41,12,0,8,2610.9102,0,202.9,7b626378-ec3e-47b2-88c1-476c479ccf20.extra_data.json,487mnSNu6t,1600,com.sec.android.app.shealth,2235694,86400000,7b626378-ec3e-47b2-88c1-476c479ccf20,2026-09-19 00:00:00.000,
0,70060110,0,0,2100,300,1392156,90,0,70060110,2026-09-20 19:56:31.560,10,2026-09-20 03:09:29.495,0.0,30,30,-1,60000,24,8,0,8,1588.9396,0,126.79997,f1d0adec-bfdb-483f-9493-06d8b98e8916.extra_data.json,487mnSNu6t,12800,com.sec.android.app.shealth,1379356,86400000,f1d0adec-bfdb-483f-9493-06d8b98e8916,2026-09-20 00:00:00.000,
