com.samsung.shealth.tracker.floors_day_summary,7006011,1
create_sh_ver,binning_data,modify_sh_ver,update_time,create_time,floor_count,version_code,deviceuuid,pkg_name,datauuid,day_time
62810050,0d3a8f27-bf30-459e-8dca-319eefe5b5b4.binning_data.json,62810050,2024-10-25 05:21:19.420,2024-10-25 05:21:19.420,0,2,487mnSNu6t,com.sec.android.app.shealth,0d3a8f27-bf30-459e-8dca-319eefe5b5b4,2024-10-25 00:00:00.000,
62810050,,62810050,2024-10-25 05:21:19.466,2024-10-25 05:21:19.466,6,1,487mnSNu6t,com.sec.android.app.shealth,07155ca2-b3f3-4898-b230-42476a176fc3,2024-04-05 00:00:00.000,
62810050,,62810050,2024-10-25 05:21:19.477,2024-10-25 05:21:19.477,5,1,487mnSNu6t,com.sec.android.app.shealth,ba671ac1-733a-41dc-a9df-3d1aa355e3a9,2024-05-15 00:00:00.000,
62810050,,62810050,2024-10-25 05:21:19.485,2024-10-25 05:21:19.485,5,1,487mnSNu6t,com.sec.android.app.shealth,847cafe8-8efd-47d8-883b-3ea011f461f6,2024-09-19 00:00:00.000,
62810050,,62810050,2024-10-25 05:21:19.495,2024-10-25 05:21:19.495,10,1,487mnSNu6t,com.sec.android.app.shealth,967b46b6-d005-4a23-9051-57ad6ec16247,2024-01-09 00:00:00.000,
62810050,,62810050,2024-10-25 05:21:19.502,2024-10-25 05:21:19.502,14,1,487mnSNu6t,com.sec.android.app.shealth,5e7c881b-5511-4e6d-b966-03ad7e3ed2d5,2023-11-30 00:00:00.000,
62810050,,62810050,2024-10-25 05:21:19.511,2024-10-25 05:21:19.511,7,1,487mnSNu6t,com.sec.android.app.shealth,6e0aee06-28e9-48ad-9a55-62cfd9730287,2024-01-23 00:00:00.000,
62810050,,62810050,2024-10-25 05:21:19.518,2024-10-25 05:21:19.518,5,1,487mnSNu6t,com.sec.android.app.shealth,8d1f3da5-5119-47e5-bfd9-7367a43f76cf,2024-03-03 00:00:00.000,
62810050,,62810050,2024-10-25 05:21:19.525,2024-10-25 05:21:19.525,6,1,487mnSNu6t,com.sec.android.app.shealth,07a7c7eb-988d-402d-a564-ac39d1e58d7a,2023-12-14 00:00:00.000,
62810050,,62810050,2024-10-25 05:21:19.553,2024-10-25 05:21:19.553,10,1,487mnSNu6t,com.sec.android.app.shealth,944d42dc-7b13-41d9-b890-b056030a525d,2024-04-12 00:00:00.000,
62810050,,62810050,2024-10-25 05:21:19.568,2024-10-25 05:21:19.568,6,1,487mnSNu6t,com.sec.android.app.shealth,de32eb86-5269-45f0-808a-746fd610e5fc,2024-09-12 00:00:00.000,
62810050,,62810050,2024-10-25 05:21:19.578,2024-10-25 05:21:19.578,3,1,487mnSNu6t,com.sec.android.app.shealth,aa61bdf9-729a-4e24-ac23-f36320018815,2024-05-22 00:00:00.000,
62810050,,62820030,2024-11-18 11:37:21.170,2024-10-25 05:21:19.587,1,1,487mnSNu6t,com.sec.android.app.shealth,910772dd-ca8a-4040-9e88-865268a0ba35,2024-10-22 00:00:00.000,
62810050,,62810050,2024-10-25 05:21:19.599,2024-10-25 05:21:19.599,17,1,487mnSNu6t,com.sec.android.app.shealth,4d020788-ee54-4d8d-b618-46276dcee9a2,2024-01-16 00:00:00.000,
62810050,,62810050,2024-10-25 05:21:19.627,2024-10-25 05:21:19.627,5,1,487mnSNu6t,com.sec.android.app.shealth,8e35d3f7-b523-4d2f-a519-d73fb4baf3b8,2023-12-07 00:00:00.000,
62810050,,62810050,2024-10-25 05:21:19.643,2024-10-25 05:21:19.643,30,1,487mnSNu6t,com.sec.android.app.shealth,a9d298e5-c3b5-4919-9d31-9ddab21830a8,2023-12-21 00:00:00.000,
62810050,,62810050,2024-10-25 05:21:19.654,2024-10-25 05:21:19.654,11,1,487mnSNu6t,com.sec.android.app.shealth,bf973ca4-2a7d-4bb6-a13d-0151e56a1cd4,2024-03-10 00:00:00.000,
62810050,,62810050,2024-10-25 05:21:19.679,2024-10-25 05:21:19.679,10,1,487mnSNu6t,com.sec.android.app.shealth,b226805b-272a-4998-8a4c-a5325daeaa17,2024-01-30 00:00:00.000,
62810050,,62810050,2024-10-25 05:21:19.699,2024-10-25 05:21:19.699,9,1,487mnSNu6t,com.sec.android.app.shealth,ad60228b-5e2f-41f1-905c-d0927f2bba77,2023-11-04 00:00:00.000,
62810050,,62810050,2024-10-25 05:21:19.718,2024-10-25 05:21:19.718,4,1,487mnSNu6t,com.sec.android.app.shealth,cc460a9c-70a8-467e-9ce4-a9a55331c3b1,2024-05-29 00:00:00.000,
62810050,,62810050,2024-10-25 05:21:19.731,2024-10-25 05:21:19.731,1,1,487mnSNu6t,com.sec.android.app.shealth,c49ea0bb-ec72-4f61-8fc2-d5c65e7ea415,2024-08-31 00:00:00.000,
62810050,,62810050,2024-10-25 05:21:19.745,2024-10-25 05:21:19.745,1,1,487mnSNu6t,com.sec.android.app.shealth,4dc1e62e-db0d-4ffc-a7b4-379a4739edbd,2024-07-22 00:00:00.000,
62810050,,62810050,2024-10-25 05:21:19.759,2024-10-25 05:21:19.759,1,1,487mnSNu6t,com.sec.android.app.shealth,19e84fd1-31f8-41fc-abee-31cd4cd650c3,2024-06-12 00:00:00.000,
62810050,,62810050,2024-10-25 05:21:19.778,2024-10-25 05:21:19.778,6,1,487mnSNu6t,com.sec.android.app.shealth,09a254e3-858c-442a-9e4d-5059c9cb2cb1,2024-09-26 00:00:00.000,
62810050,,62810050,2024-10-25 05:21:19.795,2024-10-25 05:21:19.795,3,1,487mnSNu6t,com.sec.android.app.shealth,16aa38a5-ed42-410c-915e-461b9f6a1ec1,2024-07-08 00:00:00.000,
62810050,,62810050,2024-10-25 05:21:19.806,2024-10-25 05:21:19.806,1,1,487mnSNu6t,com.sec.android.app.shealth,1192a155-f032-4429-b8bf-e6d1b9b55f42,2024-08-17 00:00:00.000,
62810050,,62810050,2024-10-25 05:21:19.815,2024-10-25 05:21:19.815,1,1,487mnSNu6t,com.sec.android.app.shealth,ece9db50-f2c0-41d2-85b5-647008920994,2023-12-28 00:00:00.000,
62810050,,62810050,2024-10-25 05:21:19.827,2024-10-25 05:21:19.827,16,1,487mnSNu6t,com.sec.android.app.shealth,19da1980-6f01-41e2-98ee-8a14e3581254,2024-02-06 00:00:00.000,
62810050,,62810050,2024-10-25 05:21:19.842,2024-10-25 05:21:19.842,8,1,487mnSNu6t,com.sec.android.app.shealth,d3af2dfa-b360-444b-99ba-707750794a2a,2024-04-26 00:00:00.000,
62810050,,62810050,2024-10-25 05:21:19.860,2024-10-25 05:21:19.860,6,1,487mnSNu6t,com.sec.android.app.shealth,3a4702eb-fe77-4f8c-8895-9085fac6a2e9,2024-06-05 00:00:00.000,
62810050,,62810050,2024-10-25 05:21:19.875,2024-10-25 05:21:19.875,1,1,487mnSNu6t,com.sec.android.app.shealth,4b4d4fae-07f5-4869-99d5-6c89f98ced1e,2024-08-24 00:00:00.000,
62810050,,62810050,2024-10-25 05:21:19.890,2024-10-25 05:21:19.890,1,1,487mnSNu6t,com.sec.android.app.shealth,aca78fc3-a73f-4a1b-8eb2-c3c0ff53b311,2024-03-31 00:00:00.000,
62810050,,62820030,2024-11-20 22:54:50.099,2024-10-25 05:21:19.899,1,1,487mnSNu6t,com.sec.android.app.shealth,59825bf1-826f-47a8-84d7-90044f49f5c7,2024-10-24 00:00:00.000,
62810050,,62810050,2024-10-25 05:21:19.907,2024-10-25 05:21:19.907,9,1,487mnSNu6t,com.sec.android.app.shealth,fae1a4cb-df65-4a43-8ab7-2c953b56cde0,2024-02-20 00:00:00.000,
62810050,,62810050,2024-10-25 05:21:19.915,2024-10-25 05:21:19.915,1,1,487mnSNu6t,com.sec.android.app.shealth,4303363f-2201-4dd2-ad6a-1c0a5ba20425,2024-05-10 00:00:00.000,
62810050,,62810050,2024-10-25 05:21:19.922,2024-10-25 05:21:19.922,1,1,487mnSNu6t,com.sec.android.app.shealth,61d02729-673c-44ef-ad71-330fcd2bd6dd,2024-08-05 00:00:00.000,
62810050,,62810050,2024-10-25 05:21:19.928,2024-10-25 05:21:19.928,1,1,487mnSNu6t,com.sec.android.app.shealth,558e75e8-57ef-48c2-ad49-3fe1920146ec,2024-09-14 00:00:00.000,
62810050,,62810050,2024-10-25 05:21:19.934,2024-10-25 05:21:19.934,6,1,487mnSNu6t,com.sec.android.app.shealth,e1fbb5ca-0013-494d-bc09-5920de09ec00,2024-06-26 00:00:00.000,
62810050,,62810050,2024-10-25 05:21:19.942,2024-10-25 05:21:19.942,1,1,487mnSNu6t,com.sec.android.app.shealth,cacf0428-3f23-4a65-91ea-f070061e67fc,2024-01-04 00:00:00.000,
62810050,,62810050,2024-10-25 05:21:19.950,2024-10-25 05:21:19.950,8,1,487mnSNu6t,com.sec.android.app.shealth,71bf7812-a1cc-44f3-806b-53b5a5e02034,2024-02-27 00:00:00.000,
62810050,,62810050,2024-10-25 05:21:19.962,2024-10-25 05:21:19.962,1,1,487mnSNu6t,com.sec.android.app.shealth,ae98fa95-8b02-40d0-8505-e80f034dd197,2024-01-18 00:00:00.000,
62810050,,62810050,2024-10-25 05:21:19.980,2024-10-25 05:21:19.980,7,1,487mnSNu6t,com.sec.android.app.shealth,b236400d-2431-49f8-b6af-b985ae147b27,2024-07-29 00:00:00.000,
62810050,,62810050,2024-10-25 05:21:19.988,2024-10-25 05:21:19.988,20,1,487mnSNu6t,com.sec.android.app.shealth,db7a2a88-08ad-4f0b-9f18-6009fb9ca292,2023-11-06 00:00:00.000,
62810050,,62810050,2024-10-25 05:21:19.997,2024-10-25 05:21:19.997,4,1,487mnSNu6t,com.sec.android.app.shealth,e2757ede-fa79-4521-8586-c92afb44ddc1,2024-01-25 00:00:00.000,
62810050,,62810050,2024-10-25 05:21:20.003,2024-10-25 05:21:20.003,3,1,487mnSNu6t,com.sec.android.app.shealth,9967ed21-1661-4810-a131-50ee927e4625,2024-04-14 00:00:00.000,
62810050,,62810050,2024-10-25 05:21:20.009,2024-10-25 05:21:20.009,7,1,487mnSNu6t,com.sec.android.app.shealth,025a7da5-e7f0-4530-81dd-524f40534048,2023-10-30 00:00:00.000,
62810050,,62810050,2024-10-25 05:21:20.017,2024-10-25 05:21:20.017,7,1,487mnSNu6t,com.sec.android.app.shealth,d3c218b2-fc11-4bcf-ba67-e102982d0f6f,2024-05-24 00:00:00.000,
62810050,,62810050,2024-11-01 11:39:30.625,2024-10-25 05:21:20.027,2,1,487mnSNu6t,com.sec.android.app.shealth,9a70556f-a9c1-4c83-9c26-5cda94932c5f,2024-10-05 00:00:00.000,
62810050,,62810050,2024-10-25 05:21:20.036,2024-10-25 05:21:20.036,1,1,487mnSNu6t,com.sec.android.app.shealth,90a943b0-054f-46d6-99c5-94bf226eea0f,2024-07-17 00:00:00.000,
62810050,,62810050,2024-10-25 05:21:20.057,2024-10-25 05:21:20.057,6,1,487mnSNu6t,com.sec.android.app.shealth,df94b802-1da2-4e3b-9f39-ed20a464b806,2024-06-07 00:00:00.000,
62810050,,62810050,2024-10-25 05:21:20.065,2024-10-25 05:21:20.065,1,1,487mnSNu6t,com.sec.android.app.shealth,e634055e-7dd3-4581-b861-1f2c3f6f3a4f,2024-08-12 00:00:00.000,
62810050,,62810050,2024-10-25 05:21:20.090,2024-10-25 05:21:20.090,1,1,487mnSNu6t,com.sec.android.app.shealth,38863d4c-f7b9-4652-b3a4-bc4972752031,2023-12-23 00:00:00.000,
62810050,,62810050,2024-10-25 05:21:20.105,2024-10-25 05:21:20.105,1,1,487mnSNu6t,com.sec.android.app.shealth,d45ac104-4de9-490e-9b59-8795649cd88d,2024-02-01 00:00:00.000,
62810050,,62810050,2024-10-25 05:21:20.132,2024-10-25 05:21:20.132,14,1,487mnSNu6t,com.sec.android.app.shealth,a1fb5801-b69b-444b-9649-d86f49945bd1,2024-03-12 00:00:00.000,
62810050,,62810050,2024-10-25 05:21:20.140,2024-10-25 05:21:20.140,1,1,487mnSNu6t,com.sec.android.app.shealth,90d2bef5-f772-42e4-88ac-0aa3f4bc4fc8,2024-05-31 00:00:00.000,
62810050,,62810050,2024-10-25 05:21:20.152,2024-10-25 05:21:20.152,1,1,487mnSNu6t,com.sec.android.app.shealth,8e5cedce-8304-450b-bec8-3efd4d100fd3,2024-08-19 00:00:00.000,
62810050,,62810050,2024-10-25 05:21:20.161,2024-10-25 05:21:20.161,1,1,487mnSNu6t,com.sec.android.app.shealth,3ab801bc-2581-40da-b82e-055c5254f289,2024-09-28 00:00:00.000,
62810050,,62810050,2024-10-25 05:21:20.170,2024-10-25 05:21:20.170,4,1,487mnSNu6t,com.sec.android.app.shealth,bb26f175-2e38-4077-95b0-163542928001,2024-03-06 00:00:00.000,
62810050,,62810050,2024-10-25 05:21:20.178,2024-10-25 05:21:20.178,5,1,487mnSNu6t,com.sec.android.app.shealth,dca838cd-dfbe-4ebb-9384-b111edbb488b,2024-08-20 00:00:00.000,
62810050,,62810050,2024-10-25 05:21:20.189,2024-10-25 05:21:20.189,13,1,487mnSNu6t,com.sec.android.app.shealth,3fad27af-059b-4af4-9387-001ee78edad3,2024-01-19 00:00:00.000,
62810050,,62810050,2024-10-25 05:21:20.201,2024-10-25 05:21:20.201,1,1,487mnSNu6t,com.sec.android.app.shealth,4a4160dd-e3fa-496c-a3dc-952a95ccb752,2024-04-08 00:00:00.000,
62810050,,62810050,2024-10-25 05:21:20.211,2024-10-25 05:21:20.211,1,1,487mnSNu6t,com.sec.android.app.shealth,7d3f5635-2aa1-4387-97fa-0bc569ed0783,2024-02-02 00:00:00.000,
62810050,,62810050,2024-10-25 05:21:20.219,2024-10-25 05:21:20.219,11,1,487mnSNu6t,com.sec.android.app.shealth,96d0bfcc-daaf-4faa-aff2-4328bba70004,2023-12-24 00:00:00.000,
62810050,,62810050,2024-10-25 05:21:20.228,2024-10-25 05:21:20.228,11,1,487mnSNu6t,com.sec.android.app.shealth,fab7f8c0-86c7-47d0-bd2e-5bea6e90b157,2024-03-13 00:00:00.000,
62810050,,62810050,2024-10-25 05:21:20.235,2024-10-25 05:21:20.235,8,1,487mnSNu6t,com.sec.android.app.shealth,2668ae09-cb70-4c22-97ce-cd5623206c2e,2024-08-13 00:00:00.000,
62810050,,62810050,2024-10-25 05:21:20.241,2024-10-25 05:21:20.241,2,1,487mnSNu6t,com.sec.android.app.shealth,483a943a-3e47-46cd-8812-9be90725742c,2024-07-04 00:00:00.000,
62810050,,62810050,2024-10-25 05:21:20.256,2024-10-25 05:21:20.256,8,1,487mnSNu6t,com.sec.android.app.shealth,e1a4ffc0-3bc4-46d4-a02a-1b248ad957e3,2024-01-26 00:00:00.000,
62810050,,62810050,2024-10-25 05:21:20.263,2024-10-25 05:21:20.263,27,1,487mnSNu6t,com.sec.android.app.shealth,0b803f1d-1386-4687-a13e-0477cc8c8698,2023-11-07 00:00:00.000,
62810050,,62810050,2024-10-25 05:21:20.271,2024-10-25 05:21:20.271,1,1,487mnSNu6t,com.sec.android.app.shealth,0dbedafa-44ef-4b87-a31d-98238d1a3c7b,2024-06-15 00:00:00.000,
62810050,,62810050,2024-10-25 05:21:20.277,2024-10-25 05:21:20.277,8,1,487mnSNu6t,com.sec.android.app.shealth,78997066-9373-438f-a8a7-f3142d3efd7e,2023-11-21 00:00:00.000,
62810050,,62810050,2024-10-25 05:21:20.284,2024-10-25 05:21:20.284,1,1,487mnSNu6t,com.sec.android.app.shealth,8b05b5d7-3af0-45a8-96e6-891acc4d453e,2024-03-20 00:00:00.000,
62810050,,62810050,2024-10-25 05:21:20.291,2024-10-25 05:21:20.291,3,1,487mnSNu6t,com.sec.android.app.shealth,10905482-25a7-42c2-87d1-553b9bfe67c9,2024-06-08 00:00:00.000,
62810050,,62820030,2024-11-16 19:55:17.536,2024-10-25 05:21:20.297,4,1,487mnSNu6t,com.sec.android.app.shealth,2ab68404-5ba7-40ba-a0a9-5ebb3a0941e9,2024-10-20 00:00:00.000,
62810050,,62810050,2024-10-25 05:21:20.302,2024-10-25 05:21:20.302,1,1,487mnSNu6t,com.sec.android.app.shealth,65bcf7ac-f5e3-4148-9f37-79433be836a5,2024-06-22 00:00:00.000,
62810050,,62810050,2024-10-25 05:21:20.308,2024-10-25 05:21:20.308,1,1,487mnSNu6t,com.sec.android.app.shealth,b54088d4-1f62-4d45-b271-4b81d535c327,2024-08-27 00:00:00.000,
62810050,,62810050,2024-11-02 03:02:27.760,2024-10-25 05:21:20.316,1,1,487mnSNu6t,com.sec.android.app.shealth,e9b23eb4-0aec-4a9a-b893-ce466c568528,2024-10-06 00:00:00.000,
62810050,,62810050,2024-10-25 05:21:20.325,2024-10-25 05:21:20.325,1,1,487mnSNu6t,com.sec.android.app.shealth,b4977ba3-47d5-458f-b44a-56eca503c07c,2024-01-07 00:00:00.000,
62810050,,62810050,2024-10-25 05:21:20.331,2024-10-25 05:21:20.331,12,1,487mnSNu6t,com.sec.android.app.shealth,d1c2f308-1f7a-4aca-a2a5-ece78694ee8d,2023-11-28 00:00:00.000,
62810050,,62810050,2024-10-25 05:21:20.338,2024-10-25 05:21:20.338,5,1,487mnSNu6t,com.sec.android.app.shealth,70963441-d034-4a75-b9d8-0e1ef620c006,2024-03-27 00:00:00.000,
62810050,,62810050,2024-10-25 05:21:20.346,2024-10-25 05:21:20.346,14,1,487mnSNu6t,com.sec.android.app.shealth,74bded0e-cd26-4ce9-b6e0-95eb692e5f20,2024-02-16 00:00:00.000,
62810050,,62810050,2024-10-25 05:21:20.357,2024-10-25 05:21:20.357,8,1,487mnSNu6t,com.sec.android.app.shealth,c8d80ad9-8c04-4b82-b3c2-87f13ce9d2fa,2024-07-25 00:00:00.000,
62810050,,62810050,2024-10-25 05:21:20.362,2024-10-25 05:21:20.362,1,1,487mnSNu6t,com.sec.android.app.shealth,716df248-68b0-422f-90d8-5b80c1e1721a,2024-09-03 00:00:00.000,
62810050,,62810050,2024-10-25 05:21:20.369,2024-10-25 05:21:20.369,1,1,487mnSNu6t,com.sec.android.app.shealth,e0f50f3f-3e3a-45b9-985d-9f39c457a096,2024-09-24 00:00:00.000,
62810050,,62810050,2024-10-25 05:21:20.377,2024-10-25 05:21:20.377,5,1,487mnSNu6t,com.sec.android.app.shealth,d06e730f-e450-4902-899d-97d59755cd18,2024-08-15 00:00:00.000,
62810050,,62810050,2024-10-25 05:21:20.386,2024-10-25 05:21:20.386,14,1,487mnSNu6t,com.sec.android.app.shealth,52d1104c-3bd6-4721-b4df-5fa4b49466fc,2024-07-06 00:00:00.000,
62810050,,62810050,2024-10-25 05:21:20.398,2024-10-25 05:21:20.398,1,1,487mnSNu6t,com.sec.android.app.shealth,13edcb34-b767-4ce6-a54c-a844c7b729c1,2024-01-14 00:00:00.000,
62810050,,62810050,2024-10-25 05:21:20.416,2024-10-25 05:21:20.416,11,1,487mnSNu6t,com.sec.android.app.shealth,d604dcc5-116e-4fd3-b170-832735012afa,2024-02-23 00:00:00.000,
62810050,,62810050,2024-10-25 05:21:20.424,2024-10-25 05:21:20.424,1,1,487mnSNu6t,com.sec.android.app.shealth,5d10be5c-c94c-40e1-8db5-bbc7e9d9a352,2024-04-03 00:00:00.000,
62810050,,62810050,2024-10-25 05:21:20.430,2024-10-25 05:21:20.430,1,1,487mnSNu6t,com.sec.android.app.shealth,77457b3f-24f3-4fc6-af36-4b5d87c2e940,2024-01-28 00:00:00.000,
62810050,,62810050,2024-10-25 05:21:20.437,2024-10-25 05:21:20.437,6,1,487mnSNu6t,com.sec.android.app.shealth,0e0d3063-7d58-4129-85bf-d8c78aa78916,2024-03-08 00:00:00.000,
62810050,,62810050,2024-10-25 05:21:20.444,2024-10-25 05:21:20.444,2,1,487mnSNu6t,com.sec.android.app.shealth,5506e586-1f85-4049-bbd8-1d3d77d28651,2023-12-19 00:00:00.000,
62810050,,62810050,2024-10-25 05:21:20.451,2024-10-25 05:21:20.451,10,1,487mnSNu6t,com.sec.android.app.shealth,577a21d4-8fe2-4d4f-9c92-0167d315242e,2024-04-17 00:00:00.000,
62810050,,62810050,2024-10-25 05:21:20.458,2024-10-25 05:21:20.458,11,1,487mnSNu6t,com.sec.android.app.shealth,c8bea74b-2f1d-437b-83bd-8f9fe7e6c00f,2024-09-17 00:00:00.000,
62810050,,62810050,2024-10-25 05:21:20.469,2024-10-25 05:21:20.469,1,1,487mnSNu6t,com.sec.android.app.shealth,c0e1054e-cbdf-4398-9d6b-bf88dd7207fa,2024-05-27 00:00:00.000,
62810050,,62810050,2024-10-25 05:21:20.478,2024-10-25 05:21:20.478,4,1,487mnSNu6t,com.sec.android.app.shealth,1308704a-e075-452e-8433-d5b513d1f3fb,2024-01-21 00:00:00.000,
62810050,,62810050,2024-10-25 05:21:20.491,2024-10-25 05:21:20.491,20,1,487mnSNu6t,com.sec.android.app.shealth,0f2e6acc-8ded-439a-82ed-1e853dc29a60,2023-12-12 00:00:00.000,
62810050,,62810050,2024-10-25 05:21:20.512,2024-10-25 05:21:20.512,15,1,487mnSNu6t,com.sec.android.app.shealth,7c59d542-2fb4-42b1-838c-42dac1072c64,2024-03-15 00:00:00.000,
62810050,,62810050,2024-10-25 05:21:20.521,2024-10-25 05:21:20.521,6,1,487mnSNu6t,com.sec.android.app.shealth,d20eac9b-9fa9-4b65-b9d6-269b1fbffdf8,2024-04-24 00:00:00.000,
62810050,,62810050,2024-10-25 05:21:20.531,2024-10-25 05:21:20.531,24,1,487mnSNu6t,com.sec.android.app.shealth,fa57b55e-52a5-4f27-ad84-28ba618b6717,2024-09-05 00:00:00.000,
62810050,,62820030,2024-11-11 01:28:34.046,2024-10-25 05:21:20.538,10,1,487mnSNu6t,com.sec.android.app.shealth,9ce9f42a-78a4-420d-abb6-bfcfc5a96743,2024-10-15 00:00:00.000,
62810050,,62810050,2024-10-25 05:21:20.544,2024-10-25 05:21:20.544,2,1,487mnSNu6t,com.sec.android.app.shealth,2eccb048-3593-429e-8dd6-9e86e9eb39ab,2024-06-17 00:00:00.000,
62810050,,62810050,2024-10-25 05:21:20.550,2024-10-25 05:21:20.550,1,1,487mnSNu6t,com.sec.android.app.shealth,8a4fc350-3767-4dcb-bca4-d8e6752d6f1f,2024-05-08 00:00:00.000,
62810050,,62810050,2024-10-25 05:21:20.555,2024-10-25 05:21:20.555,1,1,487mnSNu6t,com.sec.android.app.shealth,e9342ca1-6d5f-451b-8a0e-77bbac3ba493,2024-01-02 00:00:00.000,
62810050,,62810050,2024-10-25 05:21:20.567,2024-10-25 05:21:20.567,13,1,487mnSNu6t,com.sec.android.app.shealth,c1fc9ca5-7a97-4e57-a736-630a737a16c0,2024-02-11 00:00:00.000,
62810050,,62810050,2024-10-25 05:21:20.575,2024-10-25 05:21:20.575,2,1,487mnSNu6t,com.sec.android.app.shealth,c53802d1-58e9-4164-843d-954d69c3f530,2024-03-22 00:00:00.000,
62810050,,62810050,2024-10-25 05:21:20.586,2024-10-25 05:21:20.586,1,1,487mnSNu6t,com.sec.android.app.shealth,83efdf44-df45-4cbc-85db-54d85e785e7f,2024-05-01 00:00:00.000,
62810050,,62810050,2024-11-02 03:02:27.798,2024-10-25 05:21:20.601,5,1,487mnSNu6t,com.sec.android.app.shealth,7c9a0efc-f88f-40f5-bcee-304903d43c2f,2024-10-08 00:00:00.000,
62810050,,62810050,2024-10-25 05:21:20.611,2024-10-25 05:21:20.611,1,1,487mnSNu6t,com.sec.android.app.shealth,f96578f4-e768-4058-8fec-d8e28665f79e,2024-08-29 00:00:00.000,
62810050,,62810050,2024-10-25 05:21:20.617,2024-10-25 05:21:20.617,2,1,487mnSNu6t,com.sec.android.app.shealth,d9477e23-61e9-4c62-b085-aefb331bda71,2024-03-16 00:00:00.000,
62810050,,62810050,2024-10-25 05:21:20.628,2024-10-25 05:21:20.628,9,1,487mnSNu6t,com.sec.android.app.shealth,6aaa5de3-5407-49b4-b37d-3ee44b3072f0,2024-08-30 00:00:00.000,
62810050,,62810050,2024-10-25 05:21:20.634,2024-10-25 05:21:20.634,1,1,487mnSNu6t,com.sec.android.app.shealth,a86078fb-4a22-4e73-afda-368fb7f2e195,2024-07-21 00:00:00.000,
62810050,,62810050,2024-10-25 05:21:20.641,2024-10-25 05:21:20.641,6,1,487mnSNu6t,com.sec.android.app.shealth,ea00b95e-a78f-42bf-9f03-b7c682ec8fa6,2024-06-11 00:00:00.000,
62810050,,62810050,2024-10-25 05:21:20.650,2024-10-25 05:21:20.650,32,1,487mnSNu6t,com.sec.android.app.shealth,54dec3bf-ece4-40dd-9911-ad0954c86e1d,2023-12-20 00:00:00.000,
62810050,,62810050,2024-10-25 05:21:20.659,2024-10-25 05:21:20.659,20,1,487mnSNu6t,com.sec.android.app.shealth,0490833b-51dc-428f-ba33-36f185171920,2024-01-29 00:00:00.000,
62810050,,62810050,2024-10-25 05:21:20.666,2024-10-25 05:21:20.666,10,1,487mnSNu6t,com.sec.android.app.shealth,2b845e37-9a34-4989-a626-9a8fe9a219b8,2023-11-10 00:00:00.000,
62810050,,62810050,2024-10-25 05:21:20.675,2024-10-25 05:21:20.675,2,1,487mnSNu6t,com.sec.android.app.shealth,4dab9f2c-7c73-49df-99dc-131218eb2ad7,2024-03-09 00:00:00.000,
62810050,,62820030,2024-11-11 01:28:33.577,2024-10-25 05:21:20.687,7,1,487mnSNu6t,com.sec.android.app.shealth,60191dcd-d635-41ac-b5b7-5cff9ecd35a0,2024-10-16 00:00:00.000,
62810050,,62810050,2024-10-25 05:21:20.694,2024-10-25 05:21:20.694,1,1,487mnSNu6t,com.sec.android.app.shealth,36503b6e-24d7-4764-98be-4d5c9710e7df,2024-01-03 00:00:00.000,
62810050,,62810050,2024-10-27 22:08:36.778,2024-10-25 05:21:20.706,7,1,487mnSNu6t,com.sec.android.app.shealth,5ff8be81-3a7f-485f-8316-bcf506bcaaf4,2024-10-02 00:00:00.000,
62810050,,62810050,2024-10-25 05:21:20.713,2024-10-25 05:21:20.713,1,1,487mnSNu6t,com.sec.android.app.shealth,bfba1099-0711-4259-ad25-f0119ef1c360,2024-03-23 00:00:00.000,
62810050,,62810050,2024-10-25 05:21:20.719,2024-10-25 05:21:20.719,2,1,487mnSNu6t,com.sec.android.app.shealth,93ea8e0a-d967-47a7-8313-1bb57e3c3f2d,2024-05-02 00:00:00.000,
62810050,,62810050,2024-10-25 05:21:20.727,2024-10-25 05:21:20.727,3,1,487mnSNu6t,com.sec.android.app.shealth,f4fccf2a-65c9-4e5b-8a49-10d4086bd2a1,2023-11-17 00:00:00.000,
62810050,,62810050,2024-10-25 05:21:20.733,2024-10-25 05:21:20.733,3,1,487mnSNu6t,com.sec.android.app.shealth,17a1fc6e-0003-4a04-bac5-3889e88bd183,2024-02-05 00:00:00.000,
62810050,,62810050,2024-10-25 05:21:20.738,2024-10-25 05:21:20.738,1,1,487mnSNu6t,com.sec.android.app.shealth,a23910fc-2321-4909-9524-bb33b7674785,2023-12-27 00:00:00.000,
62810050,,62810050,2024-10-25 05:21:20.746,2024-10-25 05:21:20.746,2,1,487mnSNu6t,com.sec.android.app.shealth,8768da07-ccb7-47a7-80b5-bb50dbdcccc4,2024-06-25 00:00:00.000,
62810050,,62810050,2024-10-25 05:21:20.754,2024-10-25 05:21:20.754,6,1,487mnSNu6t,com.sec.android.app.shealth,8f38aff9-21e4-4880-875b-55f95a290d2d,2024-02-19 00:00:00.000,
62810050,,62810050,2024-10-25 05:21:20.771,2024-10-25 05:21:20.771,7,1,487mnSNu6t,com.sec.android.app.shealth,8b9b5945-d5e1-40f3-9c6d-277315163364,2024-01-10 00:00:00.000,
62810050,,62810050,2024-10-25 05:21:20.783,2024-10-25 05:21:20.783,4,1,487mnSNu6t,com.sec.android.app.shealth,abba3e18-696d-411c-89c4-5fbac2da75c8,2024-09-20 00:00:00.000,
62810050,,62810050,2024-10-25 05:21:20.793,2024-10-25 05:21:20.793,1,1,487mnSNu6t,com.sec.android.app.shealth,516cfba0-97b6-4986-828c-aa91c6519827,2024-05-09 00:00:00.000,
62810050,,62810050,2024-10-25 05:21:20.801,2024-10-25 05:21:20.801,11,1,487mnSNu6t,com.sec.android.app.shealth,d9919a26-cfea-4a78-afa8-32ba457e6c1b,2023-11-24 00:00:00.000,
62810050,,62810050,2024-10-25 05:21:20.812,2024-10-25 05:21:20.812,3,1,487mnSNu6t,com.sec.android.app.shealth,97e5c757-2457-4c3d-8c6f-544cfdc132bf,2024-08-11 00:00:00.000,
62810050,,62810050,2024-10-25 05:21:20.819,2024-10-25 05:21:20.819,7,1,487mnSNu6t,com.sec.android.app.shealth,0fef1877-5eac-40cb-b673-a247f03c6948,2024-05-23 00:00:00.000,
62810050,,62810050,2024-10-25 05:21:20.825,2024-10-25 05:21:20.825,1,1,487mnSNu6t,com.sec.android.app.shealth,f7975adf-77a4-42f8-8938-a7961df2e646,2024-09-06 00:00:00.000,
62810050,,62810050,2024-10-25 05:21:20.845,2024-10-25 05:21:20.845,11,1,487mnSNu6t,com.sec.android.app.shealth,c45b7d12-dcb9-4a3a-ab31-78b6ecf54c63,2024-06-18 00:00:00.000,
62810050,,62810050,2024-10-25 05:21:20.854,2024-10-25 05:21:20.854,34,1,487mnSNu6t,com.sec.android.app.shealth,3f06603f-430e-4bc3-b60a-46a5b011d147,2023-12-08 00:00:00.000,
62810050,,62810050,2024-10-25 05:21:20.863,2024-10-25 05:21:20.863,14,1,487mnSNu6t,com.sec.android.app.shealth,4f732027-77b8-44d2-9465-af7596a91fb0,2024-01-17 00:00:00.000,
62810050,,62810050,2024-10-25 05:21:20.871,2024-10-25 05:21:20.871,4,1,487mnSNu6t,com.sec.android.app.shealth,5654b42b-fad0-4685-b01e-723b57e9e817,2024-04-06 00:00:00.000,
62810050,,62810050,2024-10-25 05:21:20.880,2024-10-25 05:21:20.880,5,1,487mnSNu6t,com.sec.android.app.shealth,2cba2f4f-2d8b-4295-a333-163bd6291e1f,2024-02-26 00:00:00.000,
62810050,,62810050,2024-10-25 05:21:20.899,2024-10-25 05:21:20.899,14,1,487mnSNu6t,com.sec.android.app.shealth,4ec50e10-10fe-4a2a-b4b2-da27c616db35,2024-09-13 00:00:00.000,
62810050,,62810050,2024-10-25 05:21:20.904,2024-10-25 05:21:20.904,2,1,487mnSNu6t,com.sec.android.app.shealth,e7b2f3dd-d4ab-4c27-b2d5-955b592c4d8f,2024-05-16 00:00:00.000,
62810050,,62810050,2024-10-25 05:21:20.912,2024-10-25 05:21:20.912,10,1,487mnSNu6t,com.sec.android.app.shealth,a6bc76fc-5a03-4b25-8822-8175005df5a9,2024-08-04 00:00:00.000,
62810050,,62810050,2024-10-25 05:21:20.917,2024-10-25 05:21:20.917,2,1,487mnSNu6t,com.sec.android.app.shealth,2704f6f5-b1cc-4ef3-ad73-519a03976200,2024-03-11 00:00:00.000,
62810050,,62810050,2024-10-27 22:08:36.506,2024-10-25 05:21:20.922,1,1,487mnSNu6t,com.sec.android.app.shealth,7a779e81-5d4a-45a1-8e1b-2c1f6ace5629,2024-10-04 00:00:00.000,
62810050,,62810050,2024-10-25 05:21:20.927,2024-10-25 05:21:20.927,3,1,487mnSNu6t,com.sec.android.app.shealth,bcefe947-729e-4b4b-838d-31a463e0f56d,2024-08-25 00:00:00.000,
62810050,,62810050,2024-10-25 05:21:20.932,2024-10-25 05:21:20.932,2,1,487mnSNu6t,com.sec.android.app.shealth,bc9bd332-7bb4-47b2-a49e-8efbaf53474b,2023-12-15 00:00:00.000,
62810050,,62810050,2024-10-25 05:21:20.940,2024-10-25 05:21:20.940,4,1,487mnSNu6t,com.sec.android.app.shealth,856fef82-d54f-4b08-a060-15985c03c55f,2024-01-24 00:00:00.000,
62810050,,62810050,2024-10-25 05:21:20.947,2024-10-25 05:21:20.947,1,1,487mnSNu6t,com.sec.android.app.shealth,6830471c-5857-40fc-bdb4-5bbbb83bcf7b,2024-04-13 00:00:00.000,
62810050,,62810050,2024-10-25 05:21:20.955,2024-10-25 05:21:20.955,25,1,487mnSNu6t,com.sec.android.app.shealth,6f5a8906-cc27-4497-913c-ac4fcc374abf,2024-02-07 00:00:00.000,
62810050,,62810050,2024-10-25 05:21:20.963,2024-10-25 05:21:20.963,1,1,487mnSNu6t,com.sec.android.app.shealth,44feac92-27b2-40a4-9fae-79e7cee4088c,2024-09-27 00:00:00.000,
62810050,,62810050,2024-10-25 05:21:20.970,2024-10-25 05:21:20.970,1,1,487mnSNu6t,com.sec.android.app.shealth,b497d941-7d87-449a-a968-ef87bdd7c222,2024-03-18 00:00:00.000,
62810050,,62810050,2024-10-25 05:21:20.976,2024-10-25 05:21:20.976,2,1,487mnSNu6t,com.sec.android.app.shealth,0b318fee-4ac6-4036-b15a-990218e7d99d,2024-06-06 00:00:00.000,
62810050,,62810050,2024-10-25 05:21:20.982,2024-10-25 05:21:20.982,15,1,487mnSNu6t,com.sec.android.app.shealth,011f49be-7ce5-451e-9329-eaa87b9a6906,2024-08-18 00:00:00.000,
62810050,,62810050,2024-10-25 05:21:20.990,2024-10-25 05:21:20.990,1,1,487mnSNu6t,com.sec.android.app.shealth,a5c6235a-252d-4126-9011-38825906ab57,2024-07-09 00:00:00.000,
62810050,,62810050,2024-10-25 05:21:20.997,2024-10-25 05:21:20.997,8,1,487mnSNu6t,com.sec.android.app.shealth,3fdd6d02-a439-4459-b855-c79fe233c973,2024-01-31 00:00:00.000,
62810050,,62810050,2024-10-25 05:21:21.001,2024-10-25 05:21:21.001,1,1,487mnSNu6t,com.sec.android.app.shealth,9ef081ae-bfc8-4eac-8860-8607917cb535,2023-12-22 00:00:00.000,
62810050,,62810050,2024-10-25 05:21:21.005,2024-10-25 05:21:21.005,1,1,487mnSNu6t,com.sec.android.app.shealth,548aef6d-d679-44de-8cf2-70da1c42da2a,2024-06-20 00:00:00.000,
62810050,,62810050,2024-10-25 05:21:21.013,2024-10-25 05:21:21.013,18,1,487mnSNu6t,com.sec.android.app.shealth,6b71e976-eb13-483d-9182-8f549babcc5a,2024-03-25 00:00:00.000,
62810050,,62810050,2024-10-25 05:21:21.022,2024-10-25 05:21:21.022,5,1,487mnSNu6t,com.sec.android.app.shealth,3ef1a3b2-e5a8-4682-a89c-06504bd747be,2024-06-27 00:00:00.000,
62810050,,62810050,2024-10-25 05:21:21.027,2024-10-25 05:21:21.027,7,1,487mnSNu6t,com.sec.android.app.shealth,61d48604-0a25-4b16-9c64-07e15896d2eb,2024-08-06 00:00:00.000,
62810050,,62810050,2024-10-25 05:21:21.032,2024-10-25 05:21:21.032,1,1,487mnSNu6t,com.sec.android.app.shealth,b610dd5d-a436-4421-9091-27529e87e0c2,2024-09-01 00:00:00.000,
62810050,,62810050,2024-11-06 11:29:35.929,2024-10-25 05:21:21.038,16,1,487mnSNu6t,com.sec.android.app.shealth,e82f564c-87a3-44f5-9f2b-8a7ffcdbca91,2024-10-11 00:00:00.000,
62810050,,62810050,2024-10-25 05:21:21.044,2024-10-25 05:21:21.044,11,1,487mnSNu6t,com.sec.android.app.shealth,94fd5321-edd3-4f52-893e-f5781c1fdb17,2024-06-13 00:00:00.000,
62810050,,62810050,2024-10-25 05:21:21.050,2024-10-25 05:21:21.050,12,1,487mnSNu6t,com.sec.android.app.shealth,03cc7cd0-a745-4766-b9f6-14d453e03a2b,2024-01-12 00:00:00.000,
62810050,,62810050,2024-10-25 05:21:21.057,2024-10-25 05:21:21.057,1,1,487mnSNu6t,com.sec.android.app.shealth,c200b740-9389-47ab-b0eb-f21a8f54079d,2024-05-11 00:00:00.000,
62810050,,62810050,2024-10-25 05:21:21.067,2024-10-25 05:21:21.067,1,1,487mnSNu6t,com.sec.android.app.shealth,40099381-7c5b-4a02-a98d-7cc77169f551,2024-07-30 00:00:00.000,
62810050,,62820030,2024-11-13 11:52:04.870,2024-10-25 05:21:21.078,7,1,487mnSNu6t,com.sec.android.app.shealth,d0f95395-a0e4-420e-a220-56d285c0bce8,2024-10-18 00:00:00.000,
62810050,,62820030,2024-11-13 11:52:04.485,2024-10-25 05:21:21.083,1,1,487mnSNu6t,com.sec.android.app.shealth,e439be38-3d88-4d26-811f-5b98ffdbc3a6,2024-10-19 00:00:00.000,
62810050,,62810050,2024-10-25 05:21:21.087,2024-10-25 05:21:21.087,1,1,487mnSNu6t,com.sec.android.app.shealth,d087de84-a674-43b1-bc70-b0cde90b9d25,2024-05-05 00:00:00.000,
62810050,,62810050,2024-10-25 05:21:21.094,2024-10-25 05:21:21.094,5,1,487mnSNu6t,com.sec.android.app.shealth,1f48d136-206e-4092-878b-d3ff6c1a8727,2024-06-21 00:00:00.000,
62810050,,62810050,2024-10-25 05:21:21.102,2024-10-25 05:21:21.102,9,1,487mnSNu6t,com.sec.android.app.shealth,c6a4b452-f685-47df-b967-99931517adf9,2024-07-31 00:00:00.000,
62810050,,62810050,2024-10-25 05:21:21.107,2024-10-25 05:21:21.107,2,1,487mnSNu6t,com.sec.android.app.shealth,95ff5074-9607-4339-86d0-5fa2bb51e901,2023-12-30 00:00:00.000,
62810050,,62810050,2024-10-25 05:21:21.111,2024-10-25 05:21:21.111,17,1,487mnSNu6t,com.sec.android.app.shealth,10510b6c-1965-447b-8bb0-405d5a5062de,2023-11-20 00:00:00.000,
62810050,,62810050,2024-10-25 05:21:21.117,2024-10-25 05:21:21.117,1,1,487mnSNu6t,com.sec.android.app.shealth,ee1856dc-c001-4117-9e5c-9f0d38655ac3,2024-02-08 00:00:00.000,
62810050,,62810050,2024-10-25 05:21:21.131,2024-10-25 05:21:21.131,20,1,487mnSNu6t,com.sec.android.app.shealth,994a44c1-e1cb-4c77-bb17-66ecac971d69,2024-03-19 00:00:00.000,
62810050,,62810050,2024-10-25 05:21:21.141,2024-10-25 05:21:21.141,1,1,487mnSNu6t,com.sec.android.app.shealth,ad3272b1-a3ee-4b4e-b0aa-40d2e5dfdb91,2024-04-28 00:00:00.000,
62810050,,62810050,2024-10-25 05:21:21.151,2024-10-25 05:21:21.151,2,1,487mnSNu6t,com.sec.android.app.shealth,c8b87ef8-a4a7-4e5a-8134-eaae1ddcf917,2023-12-04 00:00:00.000,
62810050,,62810050,2024-10-25 05:21:21.157,2024-10-25 05:21:21.157,9,1,487mnSNu6t,com.sec.android.app.shealth,5a775537-7112-46d2-beff-f66caf725c56,2024-04-02 00:00:00.000,
62810050,,62810050,2024-10-25 05:21:21.163,2024-10-25 05:21:21.163,2,1,487mnSNu6t,com.sec.android.app.shealth,057967df-5583-442e-a01f-a6463e168a76,2024-05-12 00:00:00.000,
62810050,,62810050,2024-10-25 05:21:21.173,2024-10-25 05:21:21.173,6,1,487mnSNu6t,com.sec.android.app.shealth,77ff4c05-da85-424c-9b6e-7e46dffa61ba,2024-07-24 00:00:00.000,
62810050,,62810050,2024-10-25 05:21:21.178,2024-10-25 05:21:21.178,1,1,487mnSNu6t,com.sec.android.app.shealth,e360050d-a2c2-4976-8668-d1e5524aa7d6,2024-09-02 00:00:00.000,
62810050,,62810050,2024-10-25 05:21:21.186,2024-10-25 05:21:21.186,2,1,487mnSNu6t,com.sec.android.app.shealth,5d0e863e-cb50-4a1d-9162-51901fb23b51,2024-06-14 00:00:00.000,
62810050,,62810050,2024-10-25 05:21:21.202,2024-10-25 05:21:21.202,2,1,487mnSNu6t,com.sec.android.app.shealth,90000676-dc2f-4317-bfda-c7de357fadd5,2024-01-06 00:00:00.000,
62810050,,62810050,2024-10-25 05:21:21.210,2024-10-25 05:21:21.210,10,1,487mnSNu6t,com.sec.android.app.shealth,2ab00c90-b3c8-4695-a6a5-6ed1856ed20c,2024-02-15 00:00:00.000,
62810050,,62810050,2024-10-25 05:21:21.217,2024-10-25 05:21:21.217,1,1,487mnSNu6t,com.sec.android.app.shealth,38d875c0-9243-41a3-8375-12a73246a24e,2023-12-11 00:00:00.000,
62810050,,62810050,2024-10-25 05:21:21.228,2024-10-25 05:21:21.228,5,1,487mnSNu6t,com.sec.android.app.shealth,2e5733d4-1c32-4e7d-9ef4-d4e7b3996ada,2024-07-05 00:00:00.000,
62810050,,62810050,2024-10-25 05:21:21.242,2024-10-25 05:21:21.242,3,1,487mnSNu6t,com.sec.android.app.shealth,399e151d-7423-457a-a4e2-3cd8283aa4c9,2023-11-01 00:00:00.000,
62810050,,62810050,2024-10-25 05:21:21.253,2024-10-25 05:21:21.253,11,1,487mnSNu6t,com.sec.android.app.shealth,fae40c75-6d63-438c-b7ea-68bb84a7693b,2024-01-20 00:00:00.000,
62810050,,62810050,2024-10-27 22:08:36.938,2024-10-25 05:21:21.264,12,1,487mnSNu6t,com.sec.android.app.shealth,cc982957-11f5-424f-9305-5a76d052aa72,2024-09-30 00:00:00.000,
62810050,,62810050,2024-10-25 05:21:21.275,2024-10-25 05:21:21.275,1,1,487mnSNu6t,com.sec.android.app.shealth,c9ce7e76-6d5e-426e-95ef-74d2bd90383a,2024-04-09 00:00:00.000,
62810050,,62810050,2024-10-25 05:21:21.283,2024-10-25 05:21:21.283,1,1,487mnSNu6t,com.sec.android.app.shealth,e97932e8-4250-4559-823b-472d13f804fe,2024-05-19 00:00:00.000,
62810050,,62810050,2024-10-25 05:21:21.289,2024-10-25 05:21:21.289,9,1,487mnSNu6t,com.sec.android.app.shealth,de05af04-5002-4cfd-bd19-8bad59a432cd,2024-08-21 00:00:00.000,
62810050,,62810050,2024-10-25 05:21:21.298,2024-10-25 05:21:21.298,14,1,487mnSNu6t,com.sec.android.app.shealth,0d66d700-d507-4aef-a737-2a33f5284467,2023-11-08 00:00:00.000,
62810050,,62810050,2024-10-25 05:21:21.304,2024-10-25 05:21:21.304,8,1,487mnSNu6t,com.sec.android.app.shealth,a6f76b6e-824a-4aa0-b329-9b360f5bbba7,2024-08-07 00:00:00.000,
62810050,,62810050,2024-10-25 05:21:21.310,2024-10-25 05:21:21.310,5,1,487mnSNu6t,com.sec.android.app.shealth,64b3a452-4cc6-492a-a0fa-4748b74ef542,2024-06-28 00:00:00.000,
62810050,,62810050,2024-10-25 05:21:21.319,2024-10-25 05:21:21.319,12,1,487mnSNu6t,com.sec.android.app.shealth,1590baeb-b653-43e9-a453-ac432e71306c,2024-04-16 00:00:00.000,
62810050,,62810050,2024-10-25 05:21:21.325,2024-10-25 05:21:21.325,2,1,487mnSNu6t,com.sec.android.app.shealth,9fc940ee-51c0-4782-996c-0e94f5bbd921,2024-05-26 00:00:00.000,
62810050,,62810050,2024-10-25 05:21:21.330,2024-10-25 05:21:21.330,3,1,487mnSNu6t,com.sec.android.app.shealth,b9c25658-6cb4-4806-aa21-22c13224b2b0,2024-08-14 00:00:00.000,
62810050,,62810050,2024-10-25 05:21:21.340,2024-10-25 05:21:21.340,12,1,487mnSNu6t,com.sec.android.app.shealth,6a888d90-726b-4c74-8317-bb6d598e5603,2024-03-21 00:00:00.000,
62810050,,62810050,2024-10-25 05:21:21.346,2024-10-25 05:21:21.346,1,1,487mnSNu6t,com.sec.android.app.shealth,20b27ccd-d4b0-4a70-8f1d-f03a54f36169,2024-09-04 00:00:00.000,
62810050,,62810050,2024-10-25 05:21:21.355,2024-10-25 05:21:21.355,12,1,487mnSNu6t,com.sec.android.app.shealth,85cef39b-4cf6-4141-9ed8-dd57167511af,2024-07-26 00:00:00.000,
62810050,,62810050,2024-10-25 05:21:21.366,2024-10-25 05:21:21.366,2,1,487mnSNu6t,com.sec.android.app.shealth,5c745fb5-6de6-4c89-8399-2faf7099de30,2024-06-16 00:00:00.000,
62810050,,62810050,2024-10-25 05:21:21.384,2024-10-25 05:21:21.384,2,1,487mnSNu6t,com.sec.android.app.shealth,1c17b014-7441-4654-a838-be8cd3913e11,2024-03-14 00:00:00.000,
62810050,,62820030,2024-11-16 19:55:17.273,2024-10-25 05:21:21.396,7,1,487mnSNu6t,com.sec.android.app.shealth,f33baaef-3726-4deb-943f-a2b49f32ae2e,2024-10-21 00:00:00.000,
62810050,,62810050,2024-10-25 05:21:21.401,2024-10-25 05:21:21.401,1,1,487mnSNu6t,com.sec.android.app.shealth,9521acdb-773b-4f48-be09-65899dbc8866,2024-04-23 00:00:00.000,
62810050,,62810050,2024-10-25 05:21:21.410,2024-10-25 05:21:21.410,16,1,487mnSNu6t,com.sec.android.app.shealth,54272f36-eed7-4a7e-b68d-60968e6d1ab4,2024-01-08 00:00:00.000,
62810050,,62810050,2024-10-25 05:21:21.421,2024-10-25 05:21:21.421,6,1,487mnSNu6t,com.sec.android.app.shealth,fd463d37-8eb0-4565-be95-faf78c08596e,2024-03-28 00:00:00.000,
62810050,,62810050,2024-10-25 05:21:21.427,2024-10-25 05:21:21.427,4,1,487mnSNu6t,com.sec.android.app.shealth,c13762fd-eb2a-456b-bd52-dd55e2b11d64,2024-05-07 00:00:00.000,
62810050,,62810050,2024-10-25 05:21:21.432,2024-10-25 05:21:21.432,1,1,487mnSNu6t,com.sec.android.app.shealth,5f19ab11-e538-4ad2-852e-9df212b6e83d,2023-11-22 00:00:00.000,
62810050,,62810050,2024-10-25 05:21:21.436,2024-10-25 05:21:21.436,1,1,487mnSNu6t,com.sec.android.app.shealth,10a53297-462d-42ca-b761-bbd8fa5a41d7,2024-07-19 00:00:00.000,
62810050,,62810050,2024-10-25 05:21:21.443,2024-10-25 05:21:21.443,8,1,487mnSNu6t,com.sec.android.app.shealth,cb80246d-7b18-44bd-b5fc-e58d38c039b3,2024-08-28 00:00:00.000,
62810050,,62810050,2024-10-25 05:21:21.451,2024-10-25 05:21:21.451,1,1,487mnSNu6t,com.sec.android.app.shealth,bd1defc0-85ce-42cd-9404-12a0a4be0a06,2024-01-01 00:00:00.000,
62810050,,62810050,2024-10-25 05:21:21.460,2024-10-25 05:21:21.460,17,1,487mnSNu6t,com.sec.android.app.shealth,ef6d6beb-b9dc-4b4b-907f-be821603c4c9,2023-12-06 00:00:00.000,
62810050,,62810050,2024-10-25 05:21:21.467,2024-10-25 05:21:21.467,2,1,487mnSNu6t,com.sec.android.app.shealth,78f8f9b0-dd96-4711-8b9d-f777f26d065a,2024-02-24 00:00:00.000,
62810050,,62810050,2024-10-25 05:21:21.474,2024-10-25 05:21:21.474,1,1,487mnSNu6t,com.sec.android.app.shealth,990e90b6-1c64-4977-b29a-e205b410e1db,2024-04-04 00:00:00.000,
62810050,,62810050,2024-10-25 05:21:21.478,2024-10-25 05:21:21.478,2,1,487mnSNu6t,com.sec.android.app.shealth,3411ecd0-ce92-46ef-972f-d852c541ae22,2024-05-14 00:00:00.000,
62810050,,62810050,2024-10-25 05:21:21.483,2024-10-25 05:21:21.483,2,1,487mnSNu6t,com.sec.android.app.shealth,99ca946f-a74a-43dd-8796-927e786765d8,2024-07-07 00:00:00.000,
62810050,,62810050,2024-10-25 05:21:21.489,2024-10-25 05:21:21.489,5,1,487mnSNu6t,com.sec.android.app.shealth,a3f9de13-697d-41e2-8693-6675119e8097,2024-05-28 00:00:00.000,
62810050,,62810050,2024-10-25 05:21:21.500,2024-10-25 05:21:21.500,34,1,487mnSNu6t,com.sec.android.app.shealth,360cf3ca-f10b-4073-b353-00272e5cf3ef,2024-09-11 00:00:00.000,
62810050,,62810050,2024-10-25 05:21:21.506,2024-10-25 05:21:21.506,3,1,487mnSNu6t,com.sec.android.app.shealth,43872d7e-3c8b-4c17-b723-8d74e4811e50,2023-11-03 00:00:00.000,
62810050,,62810050,2024-10-25 05:21:21.516,2024-10-25 05:21:21.516,4,1,487mnSNu6t,com.sec.android.app.shealth,fc4af64a-528a-40d3-bdd0-c773c322a888,2024-08-02 00:00:00.000,
62810050,,62810050,2024-10-25 05:21:21.523,2024-10-25 05:21:21.523,11,1,487mnSNu6t,com.sec.android.app.shealth,99d43fff-50d4-4aca-aa5b-707a97ae5f68,2023-12-13 00:00:00.000,
62810050,,62810050,2024-10-25 05:21:21.533,2024-10-25 05:21:21.533,6,1,487mnSNu6t,com.sec.android.app.shealth,3dc37c10-f648-4834-ba31-e0a72c55a202,2024-01-22 00:00:00.000,
62810050,,62810050,2024-10-25 05:21:21.540,2024-10-25 05:21:21.540,9,1,487mnSNu6t,com.sec.android.app.shealth,fdb1e3f2-7ea7-4692-a35f-ce0503d4dc88,2024-04-11 00:00:00.000,
62810050,,62810050,2024-10-25 05:21:21.549,2024-10-25 05:21:21.549,14,1,487mnSNu6t,com.sec.android.app.shealth,a828e704-a88c-492a-91bd-a5ef0e8e85ef,2024-05-21 00:00:00.000,
62810050,,62810050,2024-10-25 05:21:21.554,2024-10-25 05:21:21.554,1,1,487mnSNu6t,com.sec.android.app.shealth,019865a9-c611-47b4-9df0-ed47804d6a0b,2024-08-09 00:00:00.000,
62810050,,62810050,2024-10-25 05:21:21.561,2024-10-25 05:21:21.561,8,1,487mnSNu6t,com.sec.android.app.shealth,45633141-a9b8-48a0-a5e0-c01780125b39,2024-09-18 00:00:00.000,
62810050,b0206494-77f5-4f09-84e8-bab47edac7da.binning_data.json,62820030,2024-11-20 22:54:50.374,2024-10-27 22:08:36.549,1,2,487mnSNu6t,com.sec.android.app.shealth,b0206494-77f5-4f09-84e8-bab47edac7da,2024-10-26 00:00:00.000,
62810050,f8df9ea1-e4ec-4438-a390-9f9de132e271.binning_data.json,62820030,2024-11-20 22:54:50.777,2024-10-28 11:11:57.653,12,2,487mnSNu6t,com.sec.android.app.shealth,f8df9ea1-e4ec-4438-a390-9f9de132e271,2024-10-28 00:00:00.000,
62810050,66148e08-9254-4d25-80ac-334736db06cb.binning_data.json,62820030,2024-11-26 02:48:10.169,2024-10-30 11:34:16.357,7,2,487mnSNu6t,com.sec.android.app.shealth,66148e08-9254-4d25-80ac-334736db06cb,2024-10-30 00:00:00.000,
62810050,912d3b94-144f-41ba-917b-e34bd6ddbdf5.binning_data.json,62820030,2024-11-26 02:48:09.936,2024-10-31 16:38:47.803,2,2,487mnSNu6t,com.sec.android.app.shealth,912d3b94-144f-41ba-917b-e34bd6ddbdf5,2024-10-31 00:00:00.000,
62810050,8ba0f463-ff41-44f6-8616-d8a94a04cfc6.binning_data.json,62820030,2024-11-26 02:48:10.118,2024-11-01 11:39:30.338,7,2,487mnSNu6t,com.sec.android.app.shealth,8ba0f463-ff41-44f6-8616-d8a94a04cfc6,2024-11-01 00:00:00.000,
62810050,dffd7baf-d924-415a-a301-9100ac6c2109.binning_data.json,62820030,2024-12-02 00:27:21.794,2024-11-06 11:29:35.403,7,2,487mnSNu6t,com.sec.android.app.shealth,dffd7baf-d924-415a-a301-9100ac6c2109,2024-11-06 00:00:00.000,
62820030,a9423c43-1161-42a6-b48c-a7413f31bcd1.binning_data.json,62820030,2024-12-02 00:27:21.465,2024-11-08 11:43:55.516,5,2,487mnSNu6t,com.sec.android.app.shealth,a9423c43-1161-42a6-b48c-a7413f31bcd1,2024-11-08 00:00:00.000,
62820030,e2272221-5336-46ad-a411-e3a5d6a615a7.binning_data.json,62850050,2024-12-06 16:28:25.380,2024-11-11 01:28:33.943,1,2,487mnSNu6t,com.sec.android.app.shealth,e2272221-5336-46ad-a411-e3a5d6a615a7,2024-11-09 00:00:00.000,
62820030,144debdd-f2ff-4e9e-8f21-410b189ab762.binning_data.json,62850050,2024-12-06 16:28:25.115,2024-11-11 15:53:47.912,2,2,487mnSNu6t,com.sec.android.app.shealth,144debdd-f2ff-4e9e-8f21-410b189ab762,2024-11-11 00:00:00.000,
62820030,fd7d4d87-38bc-46ef-8c91-4193d692f431.binning_data.json,62850050,2024-12-06 16:28:25.426,2024-11-12 11:46:56.918,7,2,487mnSNu6t,com.sec.android.app.shealth,fd7d4d87-38bc-46ef-8c91-4193d692f431,2024-11-12 00:00:00.000,
62820030,dcb4fe88-4e7a-4c4a-b646-7a443cd2c4c2.binning_data.json,62850050,2024-12-10 21:33:02.190,2024-11-13 11:52:04.526,9,2,487mnSNu6t,com.sec.android.app.shealth,dcb4fe88-4e7a-4c4a-b646-7a443cd2c4c2,2024-11-13 00:00:00.000,
62820030,f737b137-ce4a-4742-bce6-0c90e52da126.binning_data.json,62850050,2024-12-10 21:33:02.688,2024-11-14 16:32:04.629,1,2,487mnSNu6t,com.sec.android.app.shealth,f737b137-ce4a-4742-bce6-0c90e52da126,2024-11-14 00:00:00.000,
62820030,1c261670-f5e4-4d1a-bc3e-d51302f32858.binning_data.json,62850050,2024-12-13 11:34:46.512,2024-11-16 19:55:17.331,6,2,487mnSNu6t,com.sec.android.app.shealth,1c261670-f5e4-4d1a-bc3e-d51302f32858,2024-11-16 00:00:00.000,
62820030,09083821-ff5a-4862-b76c-c5e0c700561f.binning_data.json,62850050,2024-12-13 11:34:46.068,2024-11-18 11:37:20.871,10,2,487mnSNu6t,com.sec.android.app.shealth,09083821-ff5a-4862-b76c-c5e0c700561f,2024-11-18 00:00:00.000,
62820030,073bf406-4b06-48b1-b81e-f6a095a277d2.binning_data.json,62850050,2024-12-13 11:34:46.595,2024-11-20 00:17:30.307,2,2,487mnSNu6t,com.sec.android.app.shealth,073bf406-4b06-48b1-b81e-f6a095a277d2,2024-11-19 00:00:00.000,
62820030,892361f1-6b7b-469e-850b-0c84dc02ea2d.binning_data.json,62850050,2024-12-13 11:34:46.219,2024-11-20 22:54:50.246,4,2,487mnSNu6t,com.sec.android.app.shealth,892361f1-6b7b-469e-850b-0c84dc02ea2d,2024-11-20 00:00:00.000,
62820030,b59bdb19-5340-44e5-a252-e5fcf1939d7c.binning_data.json,62850050,2024-12-20 16:02:02.554,2024-11-26 02:48:09.482,1,2,487mnSNu6t,com.sec.android.app.shealth,b59bdb19-5340-44e5-a252-e5fcf1939d7c,2024-11-25 00:00:00.000,
62820030,3b406c4c-037c-4364-be8a-81db2168bc6b.binning_data.json,62850050,2024-12-20 16:02:02.807,2024-11-27 11:16:29.622,7,2,487mnSNu6t,com.sec.android.app.shealth,3b406c4c-037c-4364-be8a-81db2168bc6b,2024-11-27 00:00:00.000,
62820030,7b3ec67e-7334-4212-b686-6fca3813f2d3.binning_data.json,62850050,2024-12-20 16:02:02.476,2024-11-28 11:26:30.180,8,2,487mnSNu6t,com.sec.android.app.shealth,7b3ec67e-7334-4212-b686-6fca3813f2d3,2024-11-28 00:00:00.000,
62820030,c9ce790c-4926-4433-af53-25a85343de25.binning_data.json,62850050,2024-12-20 16:02:02.702,2024-12-02 00:27:21.009,2,2,487mnSNu6t,com.sec.android.app.shealth,c9ce790c-4926-4433-af53-25a85343de25,2024-12-01 00:00:00.000,
62820030,ad52001a-2538-4750-8a2d-6086f022bb2e.binning_data.json,62850050,2024-12-20 16:02:02.767,2024-12-04 11:31:15.590,12,2,487mnSNu6t,com.sec.android.app.shealth,ad52001a-2538-4750-8a2d-6086f022bb2e,2024-12-04 00:00:00.000,
62850050,1325ca21-8293-4f97-944d-d0bc6f2a65db.binning_data.json,62850050,2024-12-20 16:02:02.633,2024-12-06 16:28:25.091,5,2,487mnSNu6t,com.sec.android.app.shealth,1325ca21-8293-4f97-944d-d0bc6f2a65db,2024-12-05 00:00:00.000,
62850050,061f13a4-a831-44c2-a20d-90acc7b9f22e.binning_data.json,62850050,2024-12-20 16:02:02.681,2024-12-06 16:28:25.157,7,2,487mnSNu6t,com.sec.android.app.shealth,061f13a4-a831-44c2-a20d-90acc7b9f22e,2024-12-06 00:00:00.000,
62850050,1e2d1c02-5340-4252-bc8a-5b896141dc73.binning_data.json,62850050,2024-12-20 16:02:02.534,2024-12-08 17:16:03.284,2,2,487mnSNu6t,com.sec.android.app.shealth,1e2d1c02-5340-4252-bc8a-5b896141dc73,2024-12-08 00:00:00.000,
62850050,d10330ea-d2c5-4fe7-9c62-97880fe03739.binning_data.json,62850050,2024-12-20 16:02:02.605,2024-12-10 21:33:02.374,4,2,487mnSNu6t,com.sec.android.app.shealth,d10330ea-d2c5-4fe7-9c62-97880fe03739,2024-12-10 00:00:00.000,
62850050,16080ce4-3b3b-4171-96f3-fde1bfce7201.binning_data.json,62850050,2024-12-20 16:02:02.664,2024-12-11 20:05:33.602,1,2,487mnSNu6t,com.sec.android.app.shealth,16080ce4-3b3b-4171-96f3-fde1bfce7201,2024-12-11 00:00:00.000,
62850050,22f21b2d-f6de-40ad-8bc0-3d8c9a682d91.binning_data.json,62850050,2025-01-09 11:12:10.779,2024-12-13 11:34:46.101,9,2,487mnSNu6t,com.sec.android.app.shealth,22f21b2d-f6de-40ad-8bc0-3d8c9a682d91,2024-12-13 00:00:00.000,
62850050,63466f47-3ca4-4dc8-a0ef-404dc5fedf95.binning_data.json,62850050,2025-01-09 11:12:11.158,2024-12-17 11:36:08.588,1,2,487mnSNu6t,com.sec.android.app.shealth,63466f47-3ca4-4dc8-a0ef-404dc5fedf95,2024-12-14 00:00:00.000,
62850050,12501dbe-4dd1-4650-83d4-0a873675deaa.binning_data.json,62900750,2025-01-16 11:30:38.396,2024-12-20 16:02:02.580,7,2,487mnSNu6t,com.sec.android.app.shealth,12501dbe-4dd1-4650-83d4-0a873675deaa,2024-12-20 00:00:00.000,
62850050,59ac902d-88a1-4657-8a03-38a6528ea830.binning_data.json,62900750,2025-01-16 11:30:38.433,2024-12-22 13:53:59.219,1,2,487mnSNu6t,com.sec.android.app.shealth,59ac902d-88a1-4657-8a03-38a6528ea830,2024-12-21 00:00:00.000,
62850050,1e91384f-7194-4285-b1ca-05ebce0e9295.binning_data.json,62900750,2025-01-23 11:31:15.315,2024-12-29 20:45:02.347,1,2,487mnSNu6t,com.sec.android.app.shealth,1e91384f-7194-4285-b1ca-05ebce0e9295,2024-12-29 00:00:00.000,
62850050,7d60fc15-aabc-4be8-b874-5805346ab1e3.binning_data.json,62900750,2025-01-23 11:31:15.053,2024-12-30 16:09:05.886,1,2,487mnSNu6t,com.sec.android.app.shealth,7d60fc15-aabc-4be8-b874-5805346ab1e3,2024-12-30 00:00:00.000,
62850050,d5162bd5-433f-4a65-ad6f-ff59b09b57e6.binning_data.json,62900750,2025-01-23 11:31:15.477,2025-01-01 05:20:48.903,1,2,487mnSNu6t,com.sec.android.app.shealth,d5162bd5-433f-4a65-ad6f-ff59b09b57e6,2025-01-01 00:00:00.000,
62850050,80c469fa-198e-43da-a0e6-737358b29ea9.binning_data.json,62900750,2025-01-23 11:31:14.998,2025-01-09 11:12:10.355,8,2,487mnSNu6t,com.sec.android.app.shealth,80c469fa-198e-43da-a0e6-737358b29ea9,2025-01-09 00:00:00.000,
62850050,29e6de5c-63eb-4e33-ad5d-e7a51e5be0d4.binning_data.json,62900750,2025-01-23 11:31:15.111,2025-01-10 11:40:08.150,4,2,487mnSNu6t,com.sec.android.app.shealth,29e6de5c-63eb-4e33-ad5d-e7a51e5be0d4,2025-01-10 00:00:00.000,
62900750,a465ab60-4f29-4cdf-b4dc-6f5053d3e13f.binning_data.json,62920010,2025-02-10 23:05:03.737,2025-01-16 11:30:36.576,5,2,487mnSNu6t,com.sec.android.app.shealth,a465ab60-4f29-4cdf-b4dc-6f5053d3e13f,2025-01-16 00:00:00.000,
62900750,8cda3b0c-cff2-42b7-81a1-53a75957b5bf.binning_data.json,62920010,2025-02-19 11:55:00.251,2025-01-23 11:31:15.224,7,2,487mnSNu6t,com.sec.android.app.shealth,8cda3b0c-cff2-42b7-81a1-53a75957b5bf,2025-01-23 00:00:00.000,
62900750,57ee6f35-e39c-48fd-b4f4-b1ee987750f7.binning_data.json,62930070,2025-02-21 11:06:08.387,2025-01-26 04:06:39.380,2,2,487mnSNu6t,com.sec.android.app.shealth,57ee6f35-e39c-48fd-b4f4-b1ee987750f7,2025-01-25 00:00:00.000,
62900750,a62516ce-c40f-48c6-b3d6-079f0bba38cc.binning_data.json,62930070,2025-02-21 11:06:08.443,2025-01-27 16:35:16.960,1,2,487mnSNu6t,com.sec.android.app.shealth,a62516ce-c40f-48c6-b3d6-079f0bba38cc,2025-01-27 00:00:00.000,
62900750,3f779a39-4e36-45b7-89a4-887e41b1e763.binning_data.json,62930070,2025-02-21 11:06:08.373,2025-01-30 11:42:26.286,6,2,487mnSNu6t,com.sec.android.app.shealth,3f779a39-4e36-45b7-89a4-887e41b1e763,2025-01-30 00:00:00.000,
62900750,0b98c683-5839-4f7f-87b3-64a04879f640.binning_data.json,62930070,2025-02-27 11:49:37.413,2025-01-31 11:17:48.872,4,2,487mnSNu6t,com.sec.android.app.shealth,0b98c683-5839-4f7f-87b3-64a04879f640,2025-01-31 00:00:00.000,
62900750,96106d2b-3e41-470e-b69a-1832e31d2dfc.binning_data.json,62930070,2025-03-01 18:00:52.066,2025-02-05 11:35:16.827,4,2,487mnSNu6t,com.sec.android.app.shealth,96106d2b-3e41-470e-b69a-1832e31d2dfc,2025-02-05 00:00:00.000,
62900750,e70b340b-e102-41b6-a538-b191ace1283f.binning_data.json,62930070,2025-03-06 22:57:07.797,2025-02-07 11:28:14.468,4,2,487mnSNu6t,com.sec.android.app.shealth,e70b340b-e102-41b6-a538-b191ace1283f,2025-02-07 00:00:00.000,
62920010,22f8e662-222e-4b32-8b3e-e81f7b08b6bf.binning_data.json,62930070,2025-03-06 22:57:08.104,2025-02-10 23:05:03.557,1,2,487mnSNu6t,com.sec.android.app.shealth,22f8e662-222e-4b32-8b3e-e81f7b08b6bf,2025-02-10 00:00:00.000,
62920010,8cb7982d-b82a-454a-af2f-88a4059b032e.binning_data.json,62930070,2025-03-06 22:57:07.761,2025-02-12 16:07:37.151,1,2,487mnSNu6t,com.sec.android.app.shealth,8cb7982d-b82a-454a-af2f-88a4059b032e,2025-02-12 00:00:00.000,
62920010,3b3af605-379e-458e-beb1-4df0a5b531ef.binning_data.json,62930070,2025-03-06 22:57:07.225,2025-02-13 11:34:36.879,4,2,487mnSNu6t,com.sec.android.app.shealth,3b3af605-379e-458e-beb1-4df0a5b531ef,2025-02-13 00:00:00.000,
62920010,da56be86-8d89-4e0e-b4d0-f687b533aadd.binning_data.json,62930070,2025-03-18 00:10:05.593,2025-02-19 11:55:00.072,4,2,487mnSNu6t,com.sec.android.app.shealth,da56be86-8d89-4e0e-b4d0-f687b533aadd,2025-02-19 00:00:00.000,
62920010,d9e01adb-a377-471c-9258-f5455d3dc276.binning_data.json,62930070,2025-03-18 00:10:07.086,2025-02-20 11:15:09.786,13,2,487mnSNu6t,com.sec.android.app.shealth,d9e01adb-a377-471c-9258-f5455d3dc276,2025-02-20 00:00:00.000,
62930070,ea48d656-694c-4d61-bade-568d37266d1a.binning_data.json,62930070,2025-03-18 00:10:06.346,2025-02-21 11:06:08.411,5,2,487mnSNu6t,com.sec.android.app.shealth,ea48d656-694c-4d61-bade-568d37266d1a,2025-02-21 00:00:00.000,
62930070,d1659c17-2bde-47bd-ba37-7a6a87ae47a3.binning_data.json,62930070,2025-03-26 00:12:18.138,2025-02-26 11:06:46.912,9,2,487mnSNu6t,com.sec.android.app.shealth,d1659c17-2bde-47bd-ba37-7a6a87ae47a3,2025-02-26 00:00:00.000,
62930070,d22af51b-12fd-49f8-bfa5-35bcdddb42f3.binning_data.json,62930070,2025-03-26 00:12:18.240,2025-02-27 11:49:31.976,3,2,487mnSNu6t,com.sec.android.app.shealth,d22af51b-12fd-49f8-bfa5-35bcdddb42f3,2025-02-27 00:00:00.000,
62930070,4d101402-8a9a-4a66-b1c9-86d1913d8380.binning_data.json,62930070,2025-03-26 00:12:18.101,2025-03-01 18:00:37.645,2,2,487mnSNu6t,com.sec.android.app.shealth,4d101402-8a9a-4a66-b1c9-86d1913d8380,2025-03-01 00:00:00.000,
62930070,4e69712c-03d1-420d-93dd-a1e2063053cf.binning_data.json,62930070,2025-03-26 00:12:18.219,2025-03-04 16:36:24.813,2,2,487mnSNu6t,com.sec.android.app.shealth,4e69712c-03d1-420d-93dd-a1e2063053cf,2025-03-04 00:00:00.000,
62930070,56d1f6a1-2100-4445-a2b5-c8e07805bcfc.binning_data.json,62950170,2025-04-02 11:51:07.479,2025-03-06 22:57:07.412,1,2,487mnSNu6t,com.sec.android.app.shealth,56d1f6a1-2100-4445-a2b5-c8e07805bcfc,2025-03-06 00:00:00.000,
62930070,09098e02-b02a-49de-9bb1-0062483d24e8.binning_data.json,62950170,2025-04-02 11:51:08.283,2025-03-07 11:41:39.166,10,2,487mnSNu6t,com.sec.android.app.shealth,09098e02-b02a-49de-9bb1-0062483d24e8,2025-03-07 00:00:00.000,
62930070,a0731d4d-3906-42f0-9727-02c388c85fd7.binning_data.json,62950170,2025-04-02 11:51:07.552,2025-03-08 13:28:49.804,3,2,487mnSNu6t,com.sec.android.app.shealth,a0731d4d-3906-42f0-9727-02c388c85fd7,2025-03-08 00:00:00.000,
62930070,7e0212a4-6d5c-49aa-a8ef-d9b88ff7f064.binning_data.json,62950170,2025-04-02 11:51:07.791,2025-03-14 11:45:26.358,6,2,487mnSNu6t,com.sec.android.app.shealth,7e0212a4-6d5c-49aa-a8ef-d9b88ff7f064,2025-03-14 00:00:00.000,
62930070,7edfac1a-c455-48d7-b658-f5730e1b190b.binning_data.json,62950170,2025-04-02 11:51:08.226,2025-03-17 15:04:57.646,3,2,487mnSNu6t,com.sec.android.app.shealth,7edfac1a-c455-48d7-b658-f5730e1b190b,2025-03-17 00:00:00.000,
62930070,6db4fea1-8959-4fb3-95bb-d4521d9e4a99.binning_data.json,62950170,2025-04-02 11:51:07.699,2025-03-19 00:41:29.597,1,2,487mnSNu6t,com.sec.android.app.shealth,6db4fea1-8959-4fb3-95bb-d4521d9e4a99,2025-03-18 00:00:00.000,
62930070,c682b4b3-3c54-4341-b4b3-9e4682687c51.binning_data.json,62950170,2025-04-02 11:51:07.748,2025-03-19 11:34:31.580,8,2,487mnSNu6t,com.sec.android.app.shealth,c682b4b3-3c54-4341-b4b3-9e4682687c51,2025-03-19 00:00:00.000,
62930070,c144431d-0355-41f5-b572-7645bdd9086c.binning_data.json,62950170,2025-04-02 11:51:07.948,2025-03-21 13:12:35.287,8,2,487mnSNu6t,com.sec.android.app.shealth,c144431d-0355-41f5-b572-7645bdd9086c,2025-03-21 00:00:00.000,
62930070,8555bcd7-3758-4b8a-a5fe-bd2936c627e9.binning_data.json,62950170,2025-04-02 11:51:07.316,2025-03-26 00:12:15.290,1,2,487mnSNu6t,com.sec.android.app.shealth,8555bcd7-3758-4b8a-a5fe-bd2936c627e9,2025-03-25 00:00:00.000,
62930070,8b4edf6f-2dc8-44c7-aeae-c3398998bb26.binning_data.json,62950170,2025-04-02 11:51:07.895,2025-03-27 00:28:40.962,1,2,487mnSNu6t,com.sec.android.app.shealth,8b4edf6f-2dc8-44c7-aeae-c3398998bb26,2025-03-26 00:00:00.000,
62930070,f9f0a4e1-f220-460b-93d0-d01757395af1.binning_data.json,62950170,2025-04-02 11:51:08.084,2025-03-27 13:01:09.131,9,2,487mnSNu6t,com.sec.android.app.shealth,f9f0a4e1-f220-460b-93d0-d01757395af1,2025-03-27 00:00:00.000,
62930070,ab44d123-8c43-491c-9b7e-8dc13967d111.binning_data.json,62950170,2025-04-02 11:51:07.649,2025-03-28 13:05:14.455,6,2,487mnSNu6t,com.sec.android.app.shealth,ab44d123-8c43-491c-9b7e-8dc13967d111,2025-03-28 00:00:00.000,
62930070,40b6a29f-3bce-4173-8f0b-23a41151c783.binning_data.json,62950170,2025-04-09 12:26:59.294,2025-04-01 11:40:49.820,9,2,487mnSNu6t,com.sec.android.app.shealth,40b6a29f-3bce-4173-8f0b-23a41151c783,2025-04-01 00:00:00.000,
62950170,f495f795-19de-4169-8d0a-398009519df1.binning_data.json,62950170,2025-04-09 12:26:59.401,2025-04-02 11:51:07.596,4,2,487mnSNu6t,com.sec.android.app.shealth,f495f795-19de-4169-8d0a-398009519df1,2025-04-02 00:00:00.000,
62950170,722a70ea-83fe-479f-9152-87e9194fd53e.binning_data.json,62950170,2025-05-07 01:20:35.056,2025-04-09 12:26:59.463,6,2,487mnSNu6t,com.sec.android.app.shealth,722a70ea-83fe-479f-9152-87e9194fd53e,2025-04-09 00:00:00.000,
62950170,ebc908cb-2c18-460c-bcd6-e5452ae35a4c.binning_data.json,62950170,2025-05-07 01:20:36.584,2025-04-11 16:32:01.912,2,2,487mnSNu6t,com.sec.android.app.shealth,ebc908cb-2c18-460c-bcd6-e5452ae35a4c,2025-04-11 00:00:00.000,
62950170,2b938860-c53c-4aa7-b574-061c3138880e.binning_data.json,62950170,2025-05-10 18:19:29.679,2025-04-15 16:39:50.645,2,2,487mnSNu6t,com.sec.android.app.shealth,2b938860-c53c-4aa7-b574-061c3138880e,2025-04-15 00:00:00.000,
62950170,ca0fe193-9e20-465b-8dbd-3e8a089e8af9.binning_data.json,62950170,2025-05-10 18:19:29.944,2025-04-16 11:41:26.064,7,2,487mnSNu6t,com.sec.android.app.shealth,ca0fe193-9e20-465b-8dbd-3e8a089e8af9,2025-04-16 00:00:00.000,
62950170,7416d6fb-a644-457c-8608-16b03ef9fca7.binning_data.json,62950170,2025-05-10 18:19:29.212,2025-04-17 11:32:22.453,6,2,487mnSNu6t,com.sec.android.app.shealth,7416d6fb-a644-457c-8608-16b03ef9fca7,2025-04-17 00:00:00.000,
62950170,fa853b25-c1d3-4447-ac0f-d8faf2f58d34.binning_data.json,62950170,2025-05-10 18:19:29.583,2025-04-20 18:56:58.768,1,2,487mnSNu6t,com.sec.android.app.shealth,fa853b25-c1d3-4447-ac0f-d8faf2f58d34,2025-04-20 00:00:00.000,
62950170,68f7e31e-dce0-44c4-bb2f-5c19200d75b0.binning_data.json,62950170,2025-05-20 00:22:33.721,2025-04-24 01:36:03.467,1,2,487mnSNu6t,com.sec.android.app.shealth,68f7e31e-dce0-44c4-bb2f-5c19200d75b0,2025-04-23 00:00:00.000,
62950170,46c5c634-2836-401a-bc56-81189bd018a4.binning_data.json,62950170,2025-05-20 00:22:33.454,2025-04-24 12:18:46.934,7,2,487mnSNu6t,com.sec.android.app.shealth,46c5c634-2836-401a-bc56-81189bd018a4,2025-04-24 00:00:00.000,
62950170,cdc385a2-7038-49d7-a305-1c188489e34f.binning_data.json,62950170,2025-05-27 00:46:21.572,2025-04-29 11:53:04.588,7,2,487mnSNu6t,com.sec.android.app.shealth,cdc385a2-7038-49d7-a305-1c188489e34f,2025-04-29 00:00:00.000,
62950170,2b1e230d-6bc6-4e45-9e73-d1854c15de61.binning_data.json,62950170,2025-05-31 06:50:05.960,2025-05-07 01:20:30.319,1,2,487mnSNu6t,com.sec.android.app.shealth,2b1e230d-6bc6-4e45-9e73-d1854c15de61,2025-05-06 00:00:00.000,
62950170,8cdbca06-69d0-4d29-867f-9863d99db557.binning_data.json,62950170,2025-05-31 06:50:05.795,2025-05-07 21:18:08.863,1,2,487mnSNu6t,com.sec.android.app.shealth,8cdbca06-69d0-4d29-867f-9863d99db557,2025-05-07 00:00:00.000,
62950170,78995db2-6a2b-4048-a598-0034f3e582a4.binning_data.json,63010030,2025-06-04 11:49:18.141,2025-05-10 18:19:26.249,1,2,487mnSNu6t,com.sec.android.app.shealth,78995db2-6a2b-4048-a598-0034f3e582a4,2025-05-10 00:00:00.000,
62950170,4afeb808-adf5-4180-9f70-f51165889626.binning_data.json,63010030,2025-06-04 11:49:18.206,2025-05-11 21:26:58.659,1,2,487mnSNu6t,com.sec.android.app.shealth,4afeb808-adf5-4180-9f70-f51165889626,2025-05-11 00:00:00.000,
62950170,08d66c1c-e86c-4bf5-87a3-009b7932c8b9.binning_data.json,63010030,2025-06-04 11:49:17.884,2025-05-14 01:06:32.210,1,2,487mnSNu6t,com.sec.android.app.shealth,08d66c1c-e86c-4bf5-87a3-009b7932c8b9,2025-05-13 00:00:00.000,
62950170,f950bcfe-b6bd-4a45-b380-9676b1a930bd.binning_data.json,63010030,2025-06-04 11:49:17.641,2025-05-14 12:23:57.412,3,2,487mnSNu6t,com.sec.android.app.shealth,f950bcfe-b6bd-4a45-b380-9676b1a930bd,2025-05-14 00:00:00.000,
62950170,af235fb6-1149-49d3-bad4-ebaeb4d6e471.binning_data.json,63010030,2025-06-04 11:49:17.855,2025-05-18 15:00:41.933,1,2,487mnSNu6t,com.sec.android.app.shealth,af235fb6-1149-49d3-bad4-ebaeb4d6e471,2025-05-18 00:00:00.000,
62950170,3deedbf3-4064-425a-be9f-cbeac8350961.binning_data.json,63010030,2025-06-04 11:49:17.542,2025-05-20 00:22:33.321,1,2,487mnSNu6t,com.sec.android.app.shealth,3deedbf3-4064-425a-be9f-cbeac8350961,2025-05-19 00:00:00.000,
62950170,257c27bc-4107-418b-9d7a-82cf5cf64d17.binning_data.json,63010030,2025-06-17 11:53:32.205,2025-05-24 01:06:05.829,7,2,487mnSNu6t,com.sec.android.app.shealth,257c27bc-4107-418b-9d7a-82cf5cf64d17,2025-05-23 00:00:00.000,
62950170,11ab233e-6c6c-4576-8506-70f27c6d6636.binning_data.json,63010030,2025-06-17 11:53:31.884,2025-05-24 13:07:12.135,4,2,487mnSNu6t,com.sec.android.app.shealth,11ab233e-6c6c-4576-8506-70f27c6d6636,2025-05-24 00:00:00.000,
62950170,5c6c4b48-089c-4113-a1c2-3241193d7c1d.binning_data.json,63010030,2025-06-17 11:53:32.609,2025-05-27 00:46:13.826,2,2,487mnSNu6t,com.sec.android.app.shealth,5c6c4b48-089c-4113-a1c2-3241193d7c1d,2025-05-26 00:00:00.000,
62950170,e105f264-4bfd-4fd7-a594-c8313eba51f8.binning_data.json,63010030,2025-06-17 11:53:32.135,2025-05-27 17:10:45.221,3,2,487mnSNu6t,com.sec.android.app.shealth,e105f264-4bfd-4fd7-a594-c8313eba51f8,2025-05-27 00:00:00.000,
62950170,0275f1df-c474-498b-8a61-6805510f1335.binning_data.json,63010030,2025-06-17 11:53:32.362,2025-05-29 02:07:31.557,1,2,487mnSNu6t,com.sec.android.app.shealth,0275f1df-c474-498b-8a61-6805510f1335,2025-05-28 00:00:00.000,
62950170,1934a15b-2dad-4105-8026-2ad5d0a5e5a4.binning_data.json,63020270,2025-06-25 15:30:11.749,2025-05-29 13:00:12.193,7,2,487mnSNu6t,com.sec.android.app.shealth,1934a15b-2dad-4105-8026-2ad5d0a5e5a4,2025-05-29 00:00:00.000,
62950170,be9db106-dfa1-4eab-9566-81e22ff85413.binning_data.json,63020270,2025-06-25 15:30:11.824,2025-05-30 11:41:15.792,7,2,487mnSNu6t,com.sec.android.app.shealth,be9db106-dfa1-4eab-9566-81e22ff85413,2025-05-30 00:00:00.000,
62950170,a432e6b0-1688-4999-a0ba-028e49bbed52.binning_data.json,63020270,2025-06-25 15:30:11.918,2025-05-31 06:49:54.528,3,2,487mnSNu6t,com.sec.android.app.shealth,a432e6b0-1688-4999-a0ba-028e49bbed52,2025-05-31 00:00:00.000,
63010030,f6cbc723-2c1a-4fa7-85fe-5fc811c241e3.binning_data.json,63020270,2025-06-25 15:30:11.871,2025-06-04 11:49:16.670,7,2,487mnSNu6t,com.sec.android.app.shealth,f6cbc723-2c1a-4fa7-85fe-5fc811c241e3,2025-06-04 00:00:00.000,
63010030,c1a00159-a59f-42a6-a3d4-edcacab4b4e4.binning_data.json,63020270,2025-07-02 23:01:18.092,2025-06-05 15:36:17.725,5,2,487mnSNu6t,com.sec.android.app.shealth,c1a00159-a59f-42a6-a3d4-edcacab4b4e4,2025-06-05 00:00:00.000,
63010030,1cc51898-3ded-416b-8621-0b329e14e5e4.binning_data.json,63020270,2025-07-02 23:01:17.937,2025-06-11 11:45:26.987,7,2,487mnSNu6t,com.sec.android.app.shealth,1cc51898-3ded-416b-8621-0b329e14e5e4,2025-06-11 00:00:00.000,
63010030,e56d7a89-8ad7-4070-b6f2-ecc7c6945d23.binning_data.json,63020310,2025-07-09 11:44:01.884,2025-06-12 14:25:12.082,1,2,487mnSNu6t,com.sec.android.app.shealth,e56d7a89-8ad7-4070-b6f2-ecc7c6945d23,2025-06-12 00:00:00.000,
63010030,8c621607-1b59-4885-9dd6-f0bc327ebaf0.binning_data.json,63020310,2025-07-09 11:44:01.850,2025-06-17 11:53:32.665,8,2,487mnSNu6t,com.sec.android.app.shealth,8c621607-1b59-4885-9dd6-f0bc327ebaf0,2025-06-17 00:00:00.000,
63010030,9e1e3ea1-a42e-43f5-8f3a-c59deca734b4.binning_data.json,63020310,2025-07-09 11:44:01.661,2025-06-19 23:55:20.494,1,2,487mnSNu6t,com.sec.android.app.shealth,9e1e3ea1-a42e-43f5-8f3a-c59deca734b4,2025-06-19 00:00:00.000,
63010030,660f3c8f-7893-4a32-b050-a63a447098bc.binning_data.json,63020310,2025-07-09 11:44:01.784,2025-06-21 22:43:16.611,1,2,487mnSNu6t,com.sec.android.app.shealth,660f3c8f-7893-4a32-b050-a63a447098bc,2025-06-20 00:00:00.000,
63010030,1024fff0-7418-40dd-9540-e1a392311a95.binning_data.json,63030110,2025-07-21 02:25:50.412,2025-06-25 11:40:17.811,9,2,487mnSNu6t,com.sec.android.app.shealth,1024fff0-7418-40dd-9540-e1a392311a95,2025-06-25 00:00:00.000,
63020270,eebcf562-052f-431a-b9c4-163954db5ba4.binning_data.json,63030110,2025-07-21 02:25:50.257,2025-06-26 11:39:23.163,6,2,487mnSNu6t,com.sec.android.app.shealth,eebcf562-052f-431a-b9c4-163954db5ba4,2025-06-26 00:00:00.000,
63020270,32a64c75-c984-4f23-b11e-eb9d5f04bc33.binning_data.json,63030110,2025-07-21 02:25:50.518,2025-06-27 23:21:30.258,1,2,487mnSNu6t,com.sec.android.app.shealth,32a64c75-c984-4f23-b11e-eb9d5f04bc33,2025-06-27 00:00:00.000,
63020270,3fbc90c5-85b8-4266-98b4-d729b6f58a11.binning_data.json,63030110,2025-07-21 02:25:50.583,2025-07-02 23:01:16.853,1,2,487mnSNu6t,com.sec.android.app.shealth,3fbc90c5-85b8-4266-98b4-d729b6f58a11,2025-07-02 00:00:00.000,
63020270,4fff9426-8825-4731-a145-1c63b2bce828.binning_data.json,63030110,2025-07-21 02:25:50.618,2025-07-03 11:58:22.161,11,2,487mnSNu6t,com.sec.android.app.shealth,4fff9426-8825-4731-a145-1c63b2bce828,2025-07-03 00:00:00.000,
63020310,7aaf90d3-7727-4f01-b4e0-61e837a52589.binning_data.json,63030110,2025-07-21 02:25:50.336,2025-07-09 11:44:00.390,6,2,487mnSNu6t,com.sec.android.app.shealth,7aaf90d3-7727-4f01-b4e0-61e837a52589,2025-07-09 00:00:00.000,
63020310,b84361b6-3119-4f64-a6f4-1a66239ae1fb.binning_data.json,63030110,2025-07-21 02:25:50.486,2025-07-10 16:15:42.387,3,2,487mnSNu6t,com.sec.android.app.shealth,b84361b6-3119-4f64-a6f4-1a66239ae1fb,2025-07-10 00:00:00.000,
63020310,4090208b-1dd5-4b3d-b7db-6c16d414b2c7.binning_data.json,63030110,2025-07-21 02:25:50.208,2025-07-11 11:49:48.596,8,2,487mnSNu6t,com.sec.android.app.shealth,4090208b-1dd5-4b3d-b7db-6c16d414b2c7,2025-07-11 00:00:00.000,
63020310,47ee2f4c-ca94-4b9a-8ab5-eaf6038e1d82.binning_data.json,63030110,2025-07-21 02:25:50.160,2025-07-13 20:10:28.313,1,2,487mnSNu6t,com.sec.android.app.shealth,47ee2f4c-ca94-4b9a-8ab5-eaf6038e1d82,2025-07-13 00:00:00.000,
63020310,5fbafb04-66b4-419a-adf4-d5faf6dba760.binning_data.json,63030110,2025-08-13 16:57:49.901,2025-07-17 11:29:29.820,5,2,487mnSNu6t,com.sec.android.app.shealth,5fbafb04-66b4-419a-adf4-d5faf6dba760,2025-07-17 00:00:00.000,
63020310,e667d3b6-8a0c-475a-b2f4-bb8b8110859f.binning_data.json,63030110,2025-08-13 16:57:49.236,2025-07-18 11:45:33.426,9,2,487mnSNu6t,com.sec.android.app.shealth,e667d3b6-8a0c-475a-b2f4-bb8b8110859f,2025-07-18 00:00:00.000,
63030110,da4461de-c996-4afe-8b59-934736c400f6.binning_data.json,63030110,2025-08-13 16:57:50.321,2025-07-21 02:25:48.873,2,2,487mnSNu6t,com.sec.android.app.shealth,da4461de-c996-4afe-8b59-934736c400f6,2025-07-20 00:00:00.000,
63030110,e748850c-eb8e-4243-bdc1-75ebdbfa2b13.binning_data.json,63030110,2025-08-13 16:57:49.133,2025-07-23 12:46:23.360,8,2,487mnSNu6t,com.sec.android.app.shealth,e748850c-eb8e-4243-bdc1-75ebdbfa2b13,2025-07-23 00:00:00.000,
63030110,c6655652-a554-4781-8602-9f6565540561.binning_data.json,63030110,2025-08-20 11:53:50.620,2025-07-24 11:36:40.657,5,2,487mnSNu6t,com.sec.android.app.shealth,c6655652-a554-4781-8602-9f6565540561,2025-07-24 00:00:00.000,
63030110,fa2ecf8a-ea01-4746-85b1-6e9341c8ac29.binning_data.json,63030110,2025-08-20 11:53:50.942,2025-07-25 11:46:10.404,9,2,487mnSNu6t,com.sec.android.app.shealth,fa2ecf8a-ea01-4746-85b1-6e9341c8ac29,2025-07-25 00:00:00.000,
63030110,3ca581a0-9fc1-4c3b-a2d4-706ffa0dcc8b.binning_data.json,63030110,2025-08-20 11:53:50.774,2025-07-27 18:16:03.015,1,2,487mnSNu6t,com.sec.android.app.shealth,3ca581a0-9fc1-4c3b-a2d4-706ffa0dcc8b,2025-07-27 00:00:00.000,
63030110,c562bb4f-a942-416e-94f1-f51500f60c42.binning_data.json,63030110,2025-08-20 11:53:50.892,2025-07-30 13:30:57.672,5,2,487mnSNu6t,com.sec.android.app.shealth,c562bb4f-a942-416e-94f1-f51500f60c42,2025-07-30 00:00:00.000,
63030110,0026d8e0-0a44-45b0-81bf-b63af398ed5f.binning_data.json,63030110,2025-08-20 11:53:50.743,2025-08-01 16:13:48.661,7,2,487mnSNu6t,com.sec.android.app.shealth,0026d8e0-0a44-45b0-81bf-b63af398ed5f,2025-08-01 00:00:00.000,
63030110,ba3a2795-da52-4fd2-84b5-229372e4ea1a.binning_data.json,63030110,2025-08-29 17:02:43.755,2025-08-02 17:22:11.015,1,2,487mnSNu6t,com.sec.android.app.shealth,ba3a2795-da52-4fd2-84b5-229372e4ea1a,2025-08-02 00:00:00.000,
63030110,2cd55875-fc4d-462e-9827-6d0ac7f0dc2a.binning_data.json,63030110,2025-09-03 02:09:27.714,2025-08-06 11:52:06.511,4,2,487mnSNu6t,com.sec.android.app.shealth,2cd55875-fc4d-462e-9827-6d0ac7f0dc2a,2025-08-06 00:00:00.000,
63030110,3116b61a-dedf-4b30-8517-39f3681d4c2f.binning_data.json,63030110,2025-09-03 02:09:27.501,2025-08-13 13:35:16.857,10,2,487mnSNu6t,com.sec.android.app.shealth,3116b61a-dedf-4b30-8517-39f3681d4c2f,2025-08-13 00:00:00.000,
63030110,37dd6ab2-1982-47dd-8979-32ecd2e9af39.binning_data.json,63030110,2025-09-03 02:09:27.785,2025-08-16 02:36:31.405,4,2,487mnSNu6t,com.sec.android.app.shealth,37dd6ab2-1982-47dd-8979-32ecd2e9af39,2025-08-14 00:00:00.000,
63030110,987e721d-2af7-488b-9833-9610b51b5e75.binning_data.json,63030110,2025-09-03 02:09:27.689,2025-08-16 14:11:01.584,1,2,487mnSNu6t,com.sec.android.app.shealth,987e721d-2af7-488b-9833-9610b51b5e75,2025-08-16 00:00:00.000,
63030110,eb3dda46-6cef-4258-930a-d404e4b59b0b.binning_data.json,63030110,2025-09-14 00:18:56.474,2025-08-19 12:37:23.339,1,2,487mnSNu6t,com.sec.android.app.shealth,eb3dda46-6cef-4258-930a-d404e4b59b0b,2025-08-19 00:00:00.000,
63030110,4df37106-79fc-4a43-a0c4-2265ce411962.binning_data.json,63030110,2025-09-17 00:28:48.381,2025-08-20 11:53:50.493,2,2,487mnSNu6t,com.sec.android.app.shealth,4df37106-79fc-4a43-a0c4-2265ce411962,2025-08-20 00:00:00.000,
63030110,decb957a-6083-4e06-a820-1f75dbc3fa52.binning_data.json,63030110,2025-09-17 00:28:48.653,2025-08-21 11:32:46.737,10,2,487mnSNu6t,com.sec.android.app.shealth,decb957a-6083-4e06-a820-1f75dbc3fa52,2025-08-21 00:00:00.000,
63030110,59cb5580-7735-4967-ae35-09d57ff8491a.binning_data.json,63030110,2025-09-18 11:51:58.792,2025-08-22 16:28:07.282,1,2,487mnSNu6t,com.sec.android.app.shealth,59cb5580-7735-4967-ae35-09d57ff8491a,2025-08-22 00:00:00.000,
63030110,aeb8d20a-3396-49cc-ac79-252330c3e57a.binning_data.json,63030110,2025-09-18 11:51:59.046,2025-08-23 22:36:38.970,2,2,487mnSNu6t,com.sec.android.app.shealth,aeb8d20a-3396-49cc-ac79-252330c3e57a,2025-08-23 00:00:00.000,
63030110,a7160604-30d4-4f2d-bce3-e751339b25f4.binning_data.json,63030110,2025-09-23 00:23:28.167,2025-08-26 13:28:55.376,2,2,487mnSNu6t,com.sec.android.app.shealth,a7160604-30d4-4f2d-bce3-e751339b25f4,2025-08-26 00:00:00.000,
63030110,f781c526-62fb-4211-967a-7d173d8575e3.binning_data.json,63030110,2025-09-23 23:47:06.569,2025-08-27 11:55:16.039,4,2,487mnSNu6t,com.sec.android.app.shealth,f781c526-62fb-4211-967a-7d173d8575e3,2025-08-27 00:00:00.000,
63030110,c810cb2f-002b-4516-a09a-fface930b741.binning_data.json,63051050,2025-09-25 00:26:52.535,2025-08-28 16:31:59.759,3,2,487mnSNu6t,com.sec.android.app.shealth,c810cb2f-002b-4516-a09a-fface930b741,2025-08-28 00:00:00.000,
63030110,76cd8033-18ed-4bbe-91c0-b61532952072.binning_data.json,63051050,2025-09-25 00:26:52.330,2025-08-29 12:27:14.521,8,2,487mnSNu6t,com.sec.android.app.shealth,76cd8033-18ed-4bbe-91c0-b61532952072,2025-08-29 00:00:00.000,
63030110,89aa61e9-6dad-428b-9540-c41e7ef941b1.binning_data.json,63051050,2025-09-27 21:31:23.355,2025-08-31 21:43:47.519,4,2,487mnSNu6t,com.sec.android.app.shealth,89aa61e9-6dad-428b-9540-c41e7ef941b1,2025-08-31 00:00:00.000,
63030110,b4ac615e-a848-4bfa-8b23-1f2704d48eea.binning_data.json,63051050,2025-09-27 21:31:23.225,2025-09-03 02:09:27.400,1,2,487mnSNu6t,com.sec.android.app.shealth,b4ac615e-a848-4bfa-8b23-1f2704d48eea,2025-09-02 00:00:00.000,
63030110,be0a1dc8-af8d-4d49-9d4f-a719eac9bd9b.binning_data.json,63051050,2025-09-27 21:31:22.985,2025-09-03 11:56:57.380,7,2,487mnSNu6t,com.sec.android.app.shealth,be0a1dc8-af8d-4d49-9d4f-a719eac9bd9b,2025-09-03 00:00:00.000,
63030110,e241c41a-6c2b-4da3-bcef-4a8d9228756e.binning_data.json,63051050,2025-10-09 11:51:12.203,2025-09-14 00:18:55.159,1,2,487mnSNu6t,com.sec.android.app.shealth,e241c41a-6c2b-4da3-bcef-4a8d9228756e,2025-09-13 00:00:00.000,
63030110,8e72d0c2-2192-4f47-a853-179ab1aac89c.binning_data.json,63051050,2025-10-09 11:51:12.472,2025-09-17 00:28:48.117,1,2,487mnSNu6t,com.sec.android.app.shealth,8e72d0c2-2192-4f47-a853-179ab1aac89c,2025-09-16 00:00:00.000,
63030110,89a4b754-b148-465f-b4c8-2e34bb3a2013.binning_data.json,63051050,2025-10-09 11:51:12.648,2025-09-17 11:41:46.728,10,2,487mnSNu6t,com.sec.android.app.shealth,89a4b754-b148-465f-b4c8-2e34bb3a2013,2025-09-17 00:00:00.000,
63030110,62fb8a77-caba-42f1-bda0-eecdb3061040.binning_data.json,63051050,2025-10-09 11:51:12.341,2025-09-18 11:51:57.680,7,2,487mnSNu6t,com.sec.android.app.shealth,62fb8a77-caba-42f1-bda0-eecdb3061040,2025-09-18 00:00:00.000,
63030110,b8543253-3ef9-42e1-b1d9-a63786ebcd46.binning_data.json,63051050,2025-10-09 11:51:12.528,2025-09-19 11:47:03.704,6,2,487mnSNu6t,com.sec.android.app.shealth,b8543253-3ef9-42e1-b1d9-a63786ebcd46,2025-09-19 00:00:00.000,
63030110,2a4f88a6-62e8-4618-8d1c-08247fc96069.binning_data.json,63051050,2025-10-18 17:22:31.796,2025-09-23 23:47:06.323,1,2,487mnSNu6t,com.sec.android.app.shealth,2a4f88a6-62e8-4618-8d1c-08247fc96069,2025-09-23 00:00:00.000,
63030110,46f1adfe-80e1-410a-a6b0-12b0aa995330.binning_data.json,63051050,2025-10-18 17:22:31.905,2025-09-24 16:44:43.952,6,2,487mnSNu6t,com.sec.android.app.shealth,46f1adfe-80e1-410a-a6b0-12b0aa995330,2025-09-24 00:00:00.000,
63051050,57da565f-11fd-4fd1-8a78-8c8c91c839fe.binning_data.json,63051050,2025-10-18 17:22:32.035,2025-09-25 11:44:48.379,6,2,487mnSNu6t,com.sec.android.app.shealth,57da565f-11fd-4fd1-8a78-8c8c91c839fe,2025-09-25 00:00:00.000,
63051050,b814c780-3f88-4ae8-ad58-4ebe5eeb6ca0.binning_data.json,63051050,2025-10-18 17:22:31.842,2025-09-26 11:49:31.619,3,2,487mnSNu6t,com.sec.android.app.shealth,b814c780-3f88-4ae8-ad58-4ebe5eeb6ca0,2025-09-26 00:00:00.000,
63051050,690f3182-bfab-442a-9678-9a2701c3ba8c.binning_data.json,63051050,2025-10-25 20:18:21.093,2025-09-28 05:05:44.295,7,2,487mnSNu6t,com.sec.android.app.shealth,690f3182-bfab-442a-9678-9a2701c3ba8c,2025-09-28 00:00:00.000,
63051050,beed8cc7-6e2e-45cc-b59f-ffa85a42156b.binning_data.json,63051050,2025-10-25 20:18:21.435,2025-09-29 11:51:49.441,7,2,487mnSNu6t,com.sec.android.app.shealth,beed8cc7-6e2e-45cc-b59f-ffa85a42156b,2025-09-29 00:00:00.000,
63051050,31d888a7-0aba-4e8c-890c-c72e5695ceb1.binning_data.json,63051050,2025-10-25 20:18:21.182,2025-10-01 11:51:41.530,7,2,487mnSNu6t,com.sec.android.app.shealth,31d888a7-0aba-4e8c-890c-c72e5695ceb1,2025-10-01 00:00:00.000,
63051050,f42289a7-c727-4906-ac1a-e2e21cfff332.binning_data.json,63051050,2025-10-25 20:18:21.044,2025-10-03 11:55:13.910,8,2,487mnSNu6t,com.sec.android.app.shealth,f42289a7-c727-4906-ac1a-e2e21cfff332,2025-10-03 00:00:00.000,
63051050,b9595611-27d8-4900-a06b-e8744e70f549.binning_data.json,63051050,2025-11-01 12:55:55.191,2025-10-06 11:25:26.978,1,2,487mnSNu6t,com.sec.android.app.shealth,b9595611-27d8-4900-a06b-e8744e70f549,2025-10-05 00:00:00.000,
63051050,a05fc852-8ff7-453e-9b8f-e1f756a94f79.binning_data.json,63051050,2025-11-03 12:35:36.999,2025-10-09 11:51:12.563,7,2,487mnSNu6t,com.sec.android.app.shealth,a05fc852-8ff7-453e-9b8f-e1f756a94f79,2025-10-09 00:00:00.000,
63051050,fac0ae7f-89e2-4ca9-adb5-2398303a21f3.binning_data.json,63051050,2025-11-10 16:20:19.467,2025-10-15 11:49:18.469,6,2,487mnSNu6t,com.sec.android.app.shealth,fac0ae7f-89e2-4ca9-adb5-2398303a21f3,2025-10-15 00:00:00.000,
63051050,047cc681-501a-4ced-a98a-538598cdf771.binning_data.json,63051050,2025-11-10 16:20:19.143,2025-10-18 17:22:31.872,4,2,487mnSNu6t,com.sec.android.app.shealth,047cc681-501a-4ced-a98a-538598cdf771,2025-10-16 00:00:00.000,
63051050,694ec94f-dc20-4b89-935e-101c6e6c747d.binning_data.json,63051050,2025-11-10 16:20:19.344,2025-10-19 18:05:49.449,2,2,487mnSNu6t,com.sec.android.app.shealth,694ec94f-dc20-4b89-935e-101c6e6c747d,2025-10-19 00:00:00.000,
63051050,10161583-f13b-44dd-a3f1-808e305601dc.binning_data.json,63051050,2025-11-10 16:20:19.399,2025-10-22 15:55:14.353,4,2,487mnSNu6t,com.sec.android.app.shealth,10161583-f13b-44dd-a3f1-808e305601dc,2025-10-22 00:00:00.000,
63051050,24425442-a03e-4fbe-9917-4d329a404a0b.binning_data.json,63060070,2025-11-19 11:52:39.142,2025-10-23 15:05:55.484,7,2,487mnSNu6t,com.sec.android.app.shealth,24425442-a03e-4fbe-9917-4d329a404a0b,2025-10-23 00:00:00.000,
63051050,7dcfde3d-0243-4ede-8ba8-7b385a223f8e.binning_data.json,63060070,2025-11-19 11:52:39.367,2025-10-24 11:34:16.882,1,2,487mnSNu6t,com.sec.android.app.shealth,7dcfde3d-0243-4ede-8ba8-7b385a223f8e,2025-10-24 00:00:00.000,
63051050,24af66d2-0a7d-4ca9-951e-1390d60afcca.binning_data.json,63060070,2025-11-19 11:52:39.491,2025-10-25 20:18:03.160,1,2,487mnSNu6t,com.sec.android.app.shealth,24af66d2-0a7d-4ca9-951e-1390d60afcca,2025-10-25 00:00:00.000,
63051050,b09685f7-dccf-4d16-b671-e1237e2fbbc4.binning_data.json,63060070,2025-11-22 03:56:02.323,2025-10-26 18:03:19.496,8,2,487mnSNu6t,com.sec.android.app.shealth,b09685f7-dccf-4d16-b671-e1237e2fbbc4,2025-10-26 00:00:00.000,
63051050,cb7a0dd1-3f2e-4af5-8f1e-6f2122b9ebc7.binning_data.json,63060070,2025-11-24 11:47:49.572,2025-11-01 12:55:54.930,1,2,487mnSNu6t,com.sec.android.app.shealth,cb7a0dd1-3f2e-4af5-8f1e-6f2122b9ebc7,2025-10-31 00:00:00.000,
63051050,b03dbfbf-9137-4bb0-bccc-06a371a0201e.binning_data.json,63060070,2025-11-24 11:47:49.835,2025-11-03 12:35:34.197,7,2,487mnSNu6t,com.sec.android.app.shealth,b03dbfbf-9137-4bb0-bccc-06a371a0201e,2025-11-03 00:00:00.000,
63051050,a88293bb-9fff-4399-bd2d-78f618db9659.binning_data.json,63060070,2025-11-24 11:47:49.885,2025-11-06 11:33:06.312,8,2,487mnSNu6t,com.sec.android.app.shealth,a88293bb-9fff-4399-bd2d-78f618db9659,2025-11-06 00:00:00.000,
63051050,356ae946-6f2d-461b-9cbb-0ca41ca8b9b7.binning_data.json,63060070,2025-12-04 16:22:27.400,2025-11-10 16:20:18.349,3,2,487mnSNu6t,com.sec.android.app.shealth,356ae946-6f2d-461b-9cbb-0ca41ca8b9b7,2025-11-10 00:00:00.000,
63051050,20928d67-2530-4b77-9bfd-85c4fc8f15a2.binning_data.json,63060070,2025-12-04 16:22:28.244,2025-11-13 11:50:34.448,9,2,487mnSNu6t,com.sec.android.app.shealth,20928d67-2530-4b77-9bfd-85c4fc8f15a2,2025-11-13 00:00:00.000,
63051050,51fd98f7-a260-472e-954f-cb2548b3b70f.binning_data.json,63060070,2025-12-04 16:22:30.357,2025-11-14 11:52:38.389,6,2,487mnSNu6t,com.sec.android.app.shealth,51fd98f7-a260-472e-954f-cb2548b3b70f,2025-11-14 00:00:00.000,
63060070,50c759a8-1bfd-4e69-a799-2ead4d6c8d0d.binning_data.json,63060070,2025-12-04 16:22:30.324,2025-11-19 11:52:39.520,15,2,487mnSNu6t,com.sec.android.app.shealth,50c759a8-1bfd-4e69-a799-2ead4d6c8d0d,2025-11-19 00:00:00.000,
63060070,71c79049-c9eb-44d0-a9e7-6040a0a07638.binning_data.json,63060070,2025-12-04 16:22:27.022,2025-11-20 14:08:59.431,1,2,487mnSNu6t,com.sec.android.app.shealth,71c79049-c9eb-44d0-a9e7-6040a0a07638,2025-11-20 00:00:00.000,
63060070,152e550c-f42a-406a-b911-14fdcb9bd3af.binning_data.json,63060070,2025-12-04 16:22:30.160,2025-11-22 03:56:02.622,1,2,487mnSNu6t,com.sec.android.app.shealth,152e550c-f42a-406a-b911-14fdcb9bd3af,2025-11-21 00:00:00.000,
63060070,bec91827-a6e8-4a31-88cf-d7b96778274b.binning_data.json,63070030,2025-12-20 01:47:25.329,2025-11-22 13:44:44.608,4,2,487mnSNu6t,com.sec.android.app.shealth,bec91827-a6e8-4a31-88cf-d7b96778274b,2025-11-22 00:00:00.000,
63060070,c11a066c-e921-4538-a005-62e9886344a9.binning_data.json,63070030,2025-12-22 01:43:47.005,2025-11-24 11:47:46.267,4,2,487mnSNu6t,com.sec.android.app.shealth,c11a066c-e921-4538-a005-62e9886344a9,2025-11-24 00:00:00.000,
63060070,f724f639-202e-4d32-b39b-e4c3af3b6135.binning_data.json,63070030,2025-12-22 01:43:46.717,2025-11-28 11:44:15.187,12,2,487mnSNu6t,com.sec.android.app.shealth,f724f639-202e-4d32-b39b-e4c3af3b6135,2025-11-28 00:00:00.000,
63060070,123ba7d0-0897-4e3c-8882-b1fc415cc991.binning_data.json,63070030,2025-12-22 01:43:46.860,2025-12-01 11:44:43.691,8,2,487mnSNu6t,com.sec.android.app.shealth,123ba7d0-0897-4e3c-8882-b1fc415cc991,2025-12-01 00:00:00.000,
63060070,d45da4b7-4fe7-49f5-962d-4ae1dbbda380.binning_data.json,63070030,2025-12-22 01:43:46.929,2025-12-04 12:21:09.027,12,2,487mnSNu6t,com.sec.android.app.shealth,d45da4b7-4fe7-49f5-962d-4ae1dbbda380,2025-12-04 00:00:00.000,
63060070,69b74228-d788-4114-b690-2dbf16c515a9.binning_data.json,63070030,2026-01-01 07:24:01.193,2025-12-05 11:53:28.689,6,2,487mnSNu6t,com.sec.android.app.shealth,69b74228-d788-4114-b690-2dbf16c515a9,2025-12-05 00:00:00.000,
63060070,75c2eee5-4a34-4962-80f9-fff7be91e2cb.binning_data.json,63070030,2026-01-01 07:24:01.163,2025-12-07 14:00:54.984,2,2,487mnSNu6t,com.sec.android.app.shealth,75c2eee5-4a34-4962-80f9-fff7be91e2cb,2025-12-07 00:00:00.000,
63060070,c18b1384-589e-45d3-8a87-0efad5f9461a.binning_data.json,63070030,2026-01-01 07:24:01.297,2025-12-08 11:52:42.214,5,2,487mnSNu6t,com.sec.android.app.shealth,c18b1384-589e-45d3-8a87-0efad5f9461a,2025-12-08 00:00:00.000,
63060070,ec780ab7-a7c7-444f-9ee5-1642f21ba69d.binning_data.json,63070030,2026-01-01 07:24:01.076,2025-12-12 16:49:47.580,2,2,487mnSNu6t,com.sec.android.app.shealth,ec780ab7-a7c7-444f-9ee5-1642f21ba69d,2025-12-12 00:00:00.000,
63060070,cdf59e3f-b8c9-460c-9be5-780db7f948b0.binning_data.json,63070030,2026-01-10 15:44:01.902,2025-12-14 06:08:58.182,4,2,487mnSNu6t,com.sec.android.app.shealth,cdf59e3f-b8c9-460c-9be5-780db7f948b0,2025-12-14 00:00:00.000,
63060070,ad9680ac-5fb4-4f53-985c-d1ed18f184a3.binning_data.json,63070030,2026-01-10 15:44:01.869,2025-12-16 20:24:10.675,1,2,487mnSNu6t,com.sec.android.app.shealth,ad9680ac-5fb4-4f53-985c-d1ed18f184a3,2025-12-16 00:00:00.000,
63060070,9fd595b3-dfde-45d3-a188-1c5a88facab0.binning_data.json,63070030,2026-01-10 15:44:01.549,2025-12-17 23:15:32.794,1,2,487mnSNu6t,com.sec.android.app.shealth,9fd595b3-dfde-45d3-a188-1c5a88facab0,2025-12-17 00:00:00.000,
63070030,80fbb38f-6b05-4ff0-af3b-a4825591cb4c.binning_data.json,63070030,2026-01-10 15:44:01.972,2025-12-20 01:47:23.770,1,2,487mnSNu6t,com.sec.android.app.shealth,80fbb38f-6b05-4ff0-af3b-a4825591cb4c,2025-12-19 00:00:00.000,
63070030,ea9c3d86-2283-47b0-ae93-16e731b89492.binning_data.json,63070030,2026-01-16 14:55:04.387,2025-12-22 01:43:46.786,1,2,487mnSNu6t,com.sec.android.app.shealth,ea9c3d86-2283-47b0-ae93-16e731b89492,2025-12-21 00:00:00.000,
63070030,65323bd2-6fda-44d3-a203-367f99b21405.binning_data.json,63070030,2026-01-28 12:00:07.715,2026-01-01 07:24:00.434,4,2,487mnSNu6t,com.sec.android.app.shealth,65323bd2-6fda-44d3-a203-367f99b21405,2026-01-01 00:00:00.000,
63070030,ef3e2ff2-2cc3-4632-b060-01b7376ed0c8.binning_data.json,63070030,2026-02-05 12:22:34.320,2026-01-10 15:44:00.546,2,2,487mnSNu6t,com.sec.android.app.shealth,ef3e2ff2-2cc3-4632-b060-01b7376ed0c8,2026-01-10 00:00:00.000,
63070030,a3eacc43-ec78-41ef-abef-1834c7334273.binning_data.json,63070030,2026-02-05 12:22:34.169,2026-01-11 11:24:50.253,3,2,487mnSNu6t,com.sec.android.app.shealth,a3eacc43-ec78-41ef-abef-1834c7334273,2026-01-11 00:00:00.000,
63070030,21be339c-2509-49a4-93a1-14da961d2b5f.binning_data.json,63070030,2026-02-05 12:22:34.419,2026-01-13 17:32:27.749,1,2,487mnSNu6t,com.sec.android.app.shealth,21be339c-2509-49a4-93a1-14da961d2b5f,2026-01-13 00:00:00.000,
63070030,82c464c3-68f7-466f-9a55-0f59eee05731.binning_data.json,63070030,2026-02-05 12:22:34.233,2026-01-14 13:26:01.928,5,2,487mnSNu6t,com.sec.android.app.shealth,82c464c3-68f7-466f-9a55-0f59eee05731,2026-01-14 00:00:00.000,
63070030,4d19c851-bfde-43c7-8a81-e1e1a784de4f.binning_data.json,63070030,2026-02-05 12:22:34.152,2026-01-16 14:55:03.370,7,2,487mnSNu6t,com.sec.android.app.shealth,4d19c851-bfde-43c7-8a81-e1e1a784de4f,2026-01-16 00:00:00.000,
63070030,73cc0be8-4a82-4ddd-94d7-361f806e8a19.binning_data.json,63070030,2026-02-13 11:51:51.310,2026-01-17 13:31:11.895,2,2,487mnSNu6t,com.sec.android.app.shealth,73cc0be8-4a82-4ddd-94d7-361f806e8a19,2026-01-17 00:00:00.000,
63070030,7c8843e2-e7f7-4717-a0e0-048dbfd496ee.binning_data.json,63070030,2026-02-14 19:15:46.369,2026-01-21 14:32:04.379,8,2,487mnSNu6t,com.sec.android.app.shealth,7c8843e2-e7f7-4717-a0e0-048dbfd496ee,2026-01-21 00:00:00.000,
63070030,86d1c4f8-b745-4560-b4c7-44ff866b4aa2.binning_data.json,63070030,2026-02-14 19:15:46.680,2026-01-22 11:50:45.134,3,2,487mnSNu6t,com.sec.android.app.shealth,86d1c4f8-b745-4560-b4c7-44ff866b4aa2,2026-01-22 00:00:00.000,
63070030,bff0fca9-922f-46c9-9d6d-d9ee02e4a182.binning_data.json,63070030,2026-02-19 11:41:41.948,2026-01-23 16:31:23.339,5,2,487mnSNu6t,com.sec.android.app.shealth,bff0fca9-922f-46c9-9d6d-d9ee02e4a182,2026-01-23 00:00:00.000,
63070030,dfa06cc2-2e7e-4a8c-b132-ec14bb8346f1.binning_data.json,63070030,2026-02-19 11:41:41.651,2026-01-27 15:13:38.169,3,2,487mnSNu6t,com.sec.android.app.shealth,dfa06cc2-2e7e-4a8c-b132-ec14bb8346f1,2026-01-27 00:00:00.000,
63070030,1c65eec6-6dc7-477c-8104-075ef59f74e4.binning_data.json,63070030,2026-02-19 11:41:41.925,2026-01-28 12:00:05.796,9,2,487mnSNu6t,com.sec.android.app.shealth,1c65eec6-6dc7-477c-8104-075ef59f74e4,2026-01-28 00:00:00.000,
63070030,eb6aff2a-0736-4184-acc3-d3d7f38cf6ae.binning_data.json,63070030,2026-02-19 11:41:41.586,2026-01-29 15:01:29.464,7,2,487mnSNu6t,com.sec.android.app.shealth,eb6aff2a-0736-4184-acc3-d3d7f38cf6ae,2026-01-29 00:00:00.000,
63070030,ab133733-dfe6-45a4-ae7c-28dd2926f259.binning_data.json,63070030,2026-02-26 11:50:30.888,2026-01-30 12:03:42.974,8,2,487mnSNu6t,com.sec.android.app.shealth,ab133733-dfe6-45a4-ae7c-28dd2926f259,2026-01-30 00:00:00.000,
63070030,d4b5467a-fa00-479f-a2fe-670bac4f24dd.binning_data.json,63070030,2026-02-26 11:50:30.934,2026-02-02 15:19:40.939,2,2,487mnSNu6t,com.sec.android.app.shealth,d4b5467a-fa00-479f-a2fe-670bac4f24dd,2026-02-02 00:00:00.000,
63070030,1b765c30-bc6b-48ae-bee9-caea8b49a29a.binning_data.json,63070030,2026-03-03 16:36:26.745,2026-02-04 11:42:35.684,7,2,487mnSNu6t,com.sec.android.app.shealth,1b765c30-bc6b-48ae-bee9-caea8b49a29a,2026-02-04 00:00:00.000,
63070030,57178603-aefe-4030-a43d-2f56468906b4.binning_data.json,63070030,2026-03-03 16:36:26.309,2026-02-05 12:22:33.804,5,2,487mnSNu6t,com.sec.android.app.shealth,57178603-aefe-4030-a43d-2f56468906b4,2026-02-05 00:00:00.000,
63070030,c97a24ec-1104-4f0d-92cf-1182df302cce.binning_data.json,63110130,2026-03-07 14:51:33.112,2026-02-08 19:02:16.566,3,2,487mnSNu6t,com.sec.android.app.shealth,c97a24ec-1104-4f0d-92cf-1182df302cce,2026-02-08 00:00:00.000,
63070030,9813a9de-81cb-4d96-a535-962ca3e14a14.binning_data.json,63110130,2026-03-09 17:56:17.233,2026-02-11 01:00:36.303,2,2,487mnSNu6t,com.sec.android.app.shealth,9813a9de-81cb-4d96-a535-962ca3e14a14,2026-02-10 00:00:00.000,
63070030,dd694601-0606-492c-b5ad-cb437948f8af.binning_data.json,63110130,2026-03-09 17:56:17.470,2026-02-11 11:50:50.765,6,2,487mnSNu6t,com.sec.android.app.shealth,dd694601-0606-492c-b5ad-cb437948f8af,2026-02-11 00:00:00.000,
63070030,946d82a2-9ebc-4101-bcc2-0c1e66ee48bd.binning_data.json,63110130,2026-03-09 17:56:17.263,2026-02-13 11:51:51.232,9,2,487mnSNu6t,com.sec.android.app.shealth,946d82a2-9ebc-4101-bcc2-0c1e66ee48bd,2026-02-13 00:00:00.000,
63070030,e5267c72-ef36-40d2-a79f-b7ea7fe436f6.binning_data.json,63110130,2026-03-09 17:56:17.555,2026-02-14 19:15:45.085,2,2,487mnSNu6t,com.sec.android.app.shealth,e5267c72-ef36-40d2-a79f-b7ea7fe436f6,2026-02-14 00:00:00.000,
63070030,78da8512-9f7b-4a32-a4b5-bda9f9b7df74.binning_data.json,63110130,2026-03-09 17:56:17.407,2026-02-18 17:16:57.291,3,2,487mnSNu6t,com.sec.android.app.shealth,78da8512-9f7b-4a32-a4b5-bda9f9b7df74,2026-02-18 00:00:00.000,
63070030,137cc24f-b33b-489d-a61f-5aeb39ad838c.binning_data.json,63110130,2026-03-09 17:56:17.496,2026-02-19 11:41:41.739,9,2,487mnSNu6t,com.sec.android.app.shealth,137cc24f-b33b-489d-a61f-5aeb39ad838c,2026-02-19 00:00:00.000,
63070030,e2ae3158-326e-4fc4-8875-1b8dcf8f1631.binning_data.json,63110130,2026-03-19 16:59:13.166,2026-02-21 20:54:46.257,2,2,487mnSNu6t,com.sec.android.app.shealth,e2ae3158-326e-4fc4-8875-1b8dcf8f1631,2026-02-21 00:00:00.000,
63070030,f0d7d900-52a7-44af-a63b-22462f3d3319.binning_data.json,63110130,2026-03-21 19:25:40.455,2026-02-23 16:29:33.864,2,2,487mnSNu6t,com.sec.android.app.shealth,f0d7d900-52a7-44af-a63b-22462f3d3319,2026-02-23 00:00:00.000,
63070030,c4bd1d06-6341-4592-a4cc-f1b33d7f037b.binning_data.json,63110130,2026-03-21 19:25:40.498,2026-02-24 22:21:13.540,1,2,487mnSNu6t,com.sec.android.app.shealth,c4bd1d06-6341-4592-a4cc-f1b33d7f037b,2026-02-24 00:00:00.000,
63070030,c3b46973-eb33-4bbd-b653-a18be9d4d7f1.binning_data.json,63110130,2026-03-21 19:25:40.474,2026-02-26 11:50:30.638,8,2,487mnSNu6t,com.sec.android.app.shealth,c3b46973-eb33-4bbd-b653-a18be9d4d7f1,2026-02-26 00:00:00.000,
63070030,15c8a0c8-a42b-4b2e-b5fc-1dad5bf46de7.binning_data.json,63130130,2026-03-27 22:21:39.314,2026-03-02 11:41:32.140,8,2,487mnSNu6t,com.sec.android.app.shealth,15c8a0c8-a42b-4b2e-b5fc-1dad5bf46de7,2026-03-02 00:00:00.000,
63070030,6c4911a7-ffa1-4708-a901-af62279866db.binning_data.json,63130130,2026-03-31 13:48:32.829,2026-03-04 11:43:11.915,11,2,487mnSNu6t,com.sec.android.app.shealth,6c4911a7-ffa1-4708-a901-af62279866db,2026-03-04 00:00:00.000,
63070030,1c88f702-a821-4552-b805-e20844fe6491.binning_data.json,63130130,2026-03-31 13:48:32.678,2026-03-06 16:20:41.956,3,2,487mnSNu6t,com.sec.android.app.shealth,1c88f702-a821-4552-b805-e20844fe6491,2026-03-06 00:00:00.000,
63110130,83baa64f-1656-4a6c-9563-42ac3c265a7e.binning_data.json,63130130,2026-03-31 13:48:32.389,2026-03-07 14:51:32.350,4,2,487mnSNu6t,com.sec.android.app.shealth,83baa64f-1656-4a6c-9563-42ac3c265a7e,2026-03-07 00:00:00.000,
63110130,e7c7c116-0db6-4ccd-aa04-a16a1dfdfffc.binning_data.json,63130130,2026-03-31 13:48:32.715,2026-03-09 18:42:31.201,1,2,487mnSNu6t,com.sec.android.app.shealth,e7c7c116-0db6-4ccd-aa04-a16a1dfdfffc,2026-03-09 00:00:00.000,
63110130,dbb29c0e-4c34-4a75-b745-b66b7ebec1dc.binning_data.json,63130130,2026-03-31 13:48:32.517,2026-03-10 11:51:10.739,6,2,487mnSNu6t,com.sec.android.app.shealth,dbb29c0e-4c34-4a75-b745-b66b7ebec1dc,2026-03-10 00:00:00.000,
63110130,4e9fa7ff-f95a-4fd7-9a40-9254e1cd8e11.binning_data.json,63130130,2026-04-09 00:34:21.423,2026-03-12 11:56:57.765,10,2,487mnSNu6t,com.sec.android.app.shealth,4e9fa7ff-f95a-4fd7-9a40-9254e1cd8e11,2026-03-12 00:00:00.000,
63110130,c83374db-7bba-4a98-8373-3c0df06db70f.binning_data.json,63130130,2026-04-09 00:34:21.733,2026-03-13 11:48:28.499,5,2,487mnSNu6t,com.sec.android.app.shealth,c83374db-7bba-4a98-8373-3c0df06db70f,2026-03-13 00:00:00.000,
63110130,b3f42b00-01f2-4049-9a5b-d4e15bcb7f10.binning_data.json,63130130,2026-04-09 00:34:22.007,2026-03-19 12:06:54.211,13,2,487mnSNu6t,com.sec.android.app.shealth,b3f42b00-01f2-4049-9a5b-d4e15bcb7f10,2026-03-19 00:00:00.000,
63110130,f3974cf4-9aaa-4718-a0f3-13fe349f0c66.binning_data.json,63130130,2026-04-16 13:37:11.953,2026-03-21 19:25:33.605,2,2,487mnSNu6t,com.sec.android.app.shealth,f3974cf4-9aaa-4718-a0f3-13fe349f0c66,2026-03-21 00:00:00.000,
63110130,8bb0e2f7-258f-4b7a-9287-c09fa15d0c91.binning_data.json,63130130,2026-04-16 13:37:11.793,2026-03-25 11:57:10.779,5,2,487mnSNu6t,com.sec.android.app.shealth,8bb0e2f7-258f-4b7a-9287-c09fa15d0c91,2026-03-25 00:00:00.000,
63130130,0ddcb860-b2b9-4afd-9190-fe38f61d9880.binning_data.json,63200010,2026-04-23 11:51:54.310,2026-03-27 22:21:33.404,1,2,487mnSNu6t,com.sec.android.app.shealth,0ddcb860-b2b9-4afd-9190-fe38f61d9880,2026-03-27 00:00:00.000,
63130130,9522ea0a-d20c-41d4-8d87-a1b858d10d7c.binning_data.json,63200010,2026-04-23 11:51:54.690,2026-03-30 11:46:58.722,5,2,487mnSNu6t,com.sec.android.app.shealth,9522ea0a-d20c-41d4-8d87-a1b858d10d7c,2026-03-30 00:00:00.000,
63130130,320b8883-57e1-4acc-9e8f-4b5d4e261b0d.binning_data.json,63200010,2026-04-23 11:51:54.999,2026-03-31 13:48:32.620,7,2,487mnSNu6t,com.sec.android.app.shealth,320b8883-57e1-4acc-9e8f-4b5d4e261b0d,2026-03-31 00:00:00.000,
63130130,0c331bfb-ea62-4d26-99da-65096bde8bb4.binning_data.json,63200010,2026-04-29 11:59:01.689,2026-04-03 12:05:41.149,2,2,487mnSNu6t,com.sec.android.app.shealth,0c331bfb-ea62-4d26-99da-65096bde8bb4,2026-04-03 00:00:00.000,
63130130,ece19209-7e9d-4a52-80ee-4eb4ac38d8a0.binning_data.json,63200010,2026-04-29 11:59:00.854,2026-04-06 11:45:25.292,4,2,487mnSNu6t,com.sec.android.app.shealth,ece19209-7e9d-4a52-80ee-4eb4ac38d8a0,2026-04-06 00:00:00.000,
63130130,c917c6ae-3853-45d7-a9b6-9f5801b013c4.binning_data.json,63200010,2026-04-29 11:59:01.067,2026-04-08 10:11:06.068,1,2,487mnSNu6t,com.sec.android.app.shealth,c917c6ae-3853-45d7-a9b6-9f5801b013c4,2026-04-07 00:00:00.000,
63130130,13b15c56-666c-4979-b942-b2f2cfe5de95.binning_data.json,63200010,2026-04-29 11:59:01.599,2026-04-08 15:01:38.478,7,2,487mnSNu6t,com.sec.android.app.shealth,13b15c56-666c-4979-b942-b2f2cfe5de95,2026-04-08 00:00:00.000,
63130130,560a4fe5-a7df-4fa7-a12b-97291ee4cd41.binning_data.json,63200010,2026-05-13 11:51:12.938,2026-04-16 13:37:10.215,9,2,487mnSNu6t,com.sec.android.app.shealth,560a4fe5-a7df-4fa7-a12b-97291ee4cd41,2026-04-16 00:00:00.000,
63130130,1a8baf53-b9a7-43a6-9dd4-5cba2559f373.binning_data.json,63200010,2026-05-14 11:50:13.875,2026-04-17 11:54:29.263,6,2,487mnSNu6t,com.sec.android.app.shealth,1a8baf53-b9a7-43a6-9dd4-5cba2559f373,2026-04-17 00:00:00.000,
63200010,c150fb5a-6402-4f40-9cda-ab1b2864c0ea.binning_data.json,63200010,2026-05-14 11:50:14.300,2026-04-23 11:51:53.377,10,2,487mnSNu6t,com.sec.android.app.shealth,c150fb5a-6402-4f40-9cda-ab1b2864c0ea,2026-04-23 00:00:00.000,
63200010,18cec41b-1f0e-498d-86ca-5a33ecefe9b0.binning_data.json,63200010,2026-05-14 11:50:13.505,2026-04-24 12:01:43.856,6,2,487mnSNu6t,com.sec.android.app.shealth,18cec41b-1f0e-498d-86ca-5a33ecefe9b0,2026-04-24 00:00:00.000,
63200010,518444b3-d773-4095-a445-11cce7c0a7ac.binning_data.json,63200010,2026-05-23 23:19:18.925,2026-04-29 12:39:21.369,10,2,487mnSNu6t,com.sec.android.app.shealth,518444b3-d773-4095-a445-11cce7c0a7ac,2026-04-29 00:00:00.000,
63200010,fd660b5d-8cc5-4ae0-8c8c-8f8de7ba30ff.binning_data.json,63200010,2026-06-01 11:53:10.639,2026-05-06 11:53:59.400,10,2,487mnSNu6t,com.sec.android.app.shealth,fd660b5d-8cc5-4ae0-8c8c-8f8de7ba30ff,2026-05-06 00:00:00.000,
63200010,439dfc52-5a75-4a27-906b-9e070ff026e5.binning_data.json,63200010,2026-06-01 11:53:10.727,2026-05-07 16:05:02.250,5,2,487mnSNu6t,com.sec.android.app.shealth,439dfc52-5a75-4a27-906b-9e070ff026e5,2026-05-07 00:00:00.000,
63200010,6995b83e-d43e-4bc2-b704-2a450e4c1e10.binning_data.json,63200010,2026-06-04 23:36:02.032,2026-05-08 11:55:34.252,8,2,487mnSNu6t,com.sec.android.app.shealth,6995b83e-d43e-4bc2-b704-2a450e4c1e10,2026-05-08 00:00:00.000,
63200010,de5dfb93-9ec6-4d37-8405-1c4430f0f121.binning_data.json,63200010,2026-06-07 23:28:46.609,2026-05-13 11:51:12.741,6,2,487mnSNu6t,com.sec.android.app.shealth,de5dfb93-9ec6-4d37-8405-1c4430f0f121,2026-05-13 00:00:00.000,
63200010,a1d52f46-1d2c-48e1-851a-881fe2047464.binning_data.json,63200010,2026-06-10 15:38:25.978,2026-05-14 11:50:12.205,8,2,487mnSNu6t,com.sec.android.app.shealth,a1d52f46-1d2c-48e1-851a-881fe2047464,2026-05-14 00:00:00.000,
63200010,5dd50f37-9516-4a2d-9f38-f4aeb5f3c41c.binning_data.json,63200010,2026-06-10 15:38:25.941,2026-05-19 11:52:41.710,8,2,487mnSNu6t,com.sec.android.app.shealth,5dd50f37-9516-4a2d-9f38-f4aeb5f3c41c,2026-05-19 00:00:00.000,
63200010,853a0dd5-233f-49ab-aa45-7832d1ab55a7.binning_data.json,63200010,2026-06-23 11:56:13.850,2026-06-01 11:53:08.825,9,2,487mnSNu6t,com.sec.android.app.shealth,853a0dd5-233f-49ab-aa45-7832d1ab55a7,2026-06-01 00:00:00.000,
63200010,6d71062d-f28d-4576-beff-ab2ff6bf7ac0.binning_data.json,63200010,2026-06-23 11:56:13.991,2026-06-02 15:15:29.700,4,2,487mnSNu6t,com.sec.android.app.shealth,6d71062d-f28d-4576-beff-ab2ff6bf7ac0,2026-06-02 00:00:00.000,
63200010,4007cd9d-58bf-4f77-bbd7-f46d69e05af1.binning_data.json,63200010,2026-06-23 11:56:13.892,2026-06-04 23:36:01.979,1,2,487mnSNu6t,com.sec.android.app.shealth,4007cd9d-58bf-4f77-bbd7-f46d69e05af1,2026-06-04 00:00:00.000,
63200010,a24b6b15-0789-480e-807f-a73df6a75b0f.binning_data.json,63200010,2026-06-23 11:56:13.967,2026-06-07 23:28:46.648,1,2,487mnSNu6t,com.sec.android.app.shealth,a24b6b15-0789-480e-807f-a73df6a75b0f,2026-06-07 00:00:00.000,
63200010,58157adf-ba4f-4f49-8839-2b7d242e820d.binning_data.json,63200010,2026-06-23 11:56:13.789,2026-06-08 15:33:42.790,8,2,487mnSNu6t,com.sec.android.app.shealth,58157adf-ba4f-4f49-8839-2b7d242e820d,2026-06-08 00:00:00.000,
63200010,b183b98c-7fa9-4363-a02e-ae2624aaa1fb.binning_data.json,70001070,2026-07-07 23:55:43.052,2026-06-10 15:38:25.846,10,2,487mnSNu6t,com.sec.android.app.shealth,b183b98c-7fa9-4363-a02e-ae2624aaa1fb,2026-06-10 00:00:00.000,
63200010,4ca10265-27e2-43a9-b0ef-3a3d208a8dc5.binning_data.json,70050090,2026-07-13 17:38:29.458,2026-06-17 11:47:17.286,11,2,487mnSNu6t,com.sec.android.app.shealth,4ca10265-27e2-43a9-b0ef-3a3d208a8dc5,2026-06-17 00:00:00.000,
63200010,ebcbc483-dae9-40a2-b40c-edd398029cfa.binning_data.json,70050090,2026-07-13 17:38:29.313,2026-06-18 11:52:01.442,9,2,487mnSNu6t,com.sec.android.app.shealth,ebcbc483-dae9-40a2-b40c-edd398029cfa,2026-06-18 00:00:00.000,
63200010,73ef2f26-36fc-4e11-b6c8-b441017523e4.binning_data.json,70050090,2026-07-17 22:13:46.903,2026-06-23 11:56:13.401,12,2,487mnSNu6t,com.sec.android.app.shealth,73ef2f26-36fc-4e11-b6c8-b441017523e4,2026-06-23 00:00:00.000,
63200010,75225fa9-5c9d-42f3-8879-f11d7e75c6af.binning_data.json,70050090,2026-07-17 22:13:47.190,2026-06-24 11:55:05.433,10,2,487mnSNu6t,com.sec.android.app.shealth,75225fa9-5c9d-42f3-8879-f11d7e75c6af,2026-06-24 00:00:00.000,
70001070,185fa964-f514-4a4e-8bf4-db290de73e3c.binning_data.json,70050090,2026-07-30 11:08:05.488,2026-07-07 23:55:40.194,1,2,487mnSNu6t,com.sec.android.app.shealth,185fa964-f514-4a4e-8bf4-db290de73e3c,2026-07-07 00:00:00.000,
70001070,2e2af832-0197-438b-bcfb-9ae6d6e90375.binning_data.json,70050090,2026-07-30 11:08:05.615,2026-07-08 22:25:10.224,1,2,487mnSNu6t,com.sec.android.app.shealth,2e2af832-0197-438b-bcfb-9ae6d6e90375,2026-07-08 00:00:00.000,
70001070,9aa0df88-dd44-41b2-b8a1-b0fbf375a544.binning_data.json,70060030,2026-08-06 11:50:30.487,2026-07-11 15:44:26.968,1,2,487mnSNu6t,com.sec.android.app.shealth,9aa0df88-dd44-41b2-b8a1-b0fbf375a544,2026-07-11 00:00:00.000,
70001070,d02a35fc-f983-4f72-b84c-880e226b3831.binning_data.json,70060030,2026-08-06 11:50:29.814,2026-07-13 01:37:27.265,3,2,487mnSNu6t,com.sec.android.app.shealth,d02a35fc-f983-4f72-b84c-880e226b3831,2026-07-12 00:00:00.000,
70050090,1d4fa890-d2f5-4d6a-972f-c156b16a5e2b.binning_data.json,70060030,2026-08-06 11:50:30.109,2026-07-13 17:38:29.238,2,2,487mnSNu6t,com.sec.android.app.shealth,1d4fa890-d2f5-4d6a-972f-c156b16a5e2b,2026-07-13 00:00:00.000,
70050090,8e4bcd2f-2aae-4fc0-8e59-eb6f3bc4c3db.binning_data.json,70060030,2026-08-06 11:50:30.707,2026-07-15 02:08:18.821,1,2,487mnSNu6t,com.sec.android.app.shealth,8e4bcd2f-2aae-4fc0-8e59-eb6f3bc4c3db,2026-07-14 00:00:00.000,
70050090,6d956621-f4e3-498a-82b2-e83da9a3557d.binning_data.json,70060030,2026-08-13 12:12:07.424,2026-07-17 22:13:46.732,5,2,487mnSNu6t,com.sec.android.app.shealth,6d956621-f4e3-498a-82b2-e83da9a3557d,2026-07-17 00:00:00.000,
70050090,ef8e51b8-3ad1-4daf-92a9-3a4eac6686b9.binning_data.json,70060030,2026-08-13 12:12:07.747,2026-07-18 20:34:55.189,7,2,487mnSNu6t,com.sec.android.app.shealth,ef8e51b8-3ad1-4daf-92a9-3a4eac6686b9,2026-07-18 00:00:00.000,
70050090,c1368345-81bf-46b2-b512-235e0d455b50.binning_data.json,70060030,2026-08-13 12:12:07.885,2026-07-19 16:13:00.554,5,2,487mnSNu6t,com.sec.android.app.shealth,c1368345-81bf-46b2-b512-235e0d455b50,2026-07-19 00:00:00.000,
70050090,8f38a49d-2edb-42d3-be86-f2135f4ac8b3.binning_data.json,70060030,2026-08-13 12:12:07.375,2026-07-22 11:49:11.941,1,2,487mnSNu6t,com.sec.android.app.shealth,8f38a49d-2edb-42d3-be86-f2135f4ac8b3,2026-07-22 00:00:00.000,
70050090,8a5ed823-0332-48fb-b439-b0b5afaecf35.binning_data.json,70060030,2026-08-20 14:49:34.848,2026-07-26 22:19:48.781,2,2,487mnSNu6t,com.sec.android.app.shealth,8a5ed823-0332-48fb-b439-b0b5afaecf35,2026-07-26 00:00:00.000,
70050090,4907faa8-22f9-4557-856e-57e29800b2eb.binning_data.json,70060030,2026-08-20 14:49:34.306,2026-07-28 00:12:21.424,1,2,487mnSNu6t,com.sec.android.app.shealth,4907faa8-22f9-4557-856e-57e29800b2eb,2026-07-27 00:00:00.000,
70050090,84b9b1a5-6bb8-468e-b8a2-420a13e924bd.binning_data.json,70060030,2026-08-20 14:49:34.626,2026-07-28 11:32:11.339,8,2,487mnSNu6t,com.sec.android.app.shealth,84b9b1a5-6bb8-468e-b8a2-420a13e924bd,2026-07-28 00:00:00.000,
70050090,a7b34edb-7867-4155-959b-c9ae9a4b3028.binning_data.json,70060030,2026-08-20 14:49:35.322,2026-07-29 16:22:28.380,3,2,487mnSNu6t,com.sec.android.app.shealth,a7b34edb-7867-4155-959b-c9ae9a4b3028,2026-07-29 00:00:00.000,
70050090,bc56833d-3a19-4051-b2e9-a73d8a1efa7a.binning_data.json,70060030,2026-08-20 14:49:34.429,2026-07-30 11:08:04.414,8,2,487mnSNu6t,com.sec.android.app.shealth,bc56833d-3a19-4051-b2e9-a73d8a1efa7a,2026-07-30 00:00:00.000,
70050090,c04195c0-5f1b-48b8-8a7b-7dce61c7a084.binning_data.json,70060030,2026-08-27 12:03:16.945,2026-08-01 21:42:59.748,1,2,487mnSNu6t,com.sec.android.app.shealth,c04195c0-5f1b-48b8-8a7b-7dce61c7a084,2026-08-01 00:00:00.000,
70050090,ee6714dd-07aa-4722-9eb6-aa3502c2f198.binning_data.json,70060030,2026-08-27 12:03:17.044,2026-08-02 09:35:07.588,3,2,487mnSNu6t,com.sec.android.app.shealth,ee6714dd-07aa-4722-9eb6-aa3502c2f198,2026-08-02 00:00:00.000,
70060030,c63437c6-7a3b-45b3-b9cf-a43c1a1dcf7e.binning_data.json,70060030,2026-08-27 12:03:17.134,2026-08-05 11:55:11.711,10,2,487mnSNu6t,com.sec.android.app.shealth,c63437c6-7a3b-45b3-b9cf-a43c1a1dcf7e,2026-08-05 00:00:00.000,
70060030,6648a8ae-0c6e-42fa-9bbe-fcc1f9adc615.binning_data.json,70060030,2026-09-02 20:43:31.306,2026-08-06 11:50:29.526,5,2,487mnSNu6t,com.sec.android.app.shealth,6648a8ae-0c6e-42fa-9bbe-fcc1f9adc615,2026-08-06 00:00:00.000,
70060030,e300e2c2-c1f8-4205-89bb-2a375515209f.binning_data.json,70060030,2026-09-02 20:43:31.510,2026-08-08 00:06:30.465,1,2,487mnSNu6t,com.sec.android.app.shealth,e300e2c2-c1f8-4205-89bb-2a375515209f,2026-08-07 00:00:00.000,
70060030,b6580d3f-1beb-4756-8dbe-2f6fcc1c563b.binning_data.json,70060030,2026-09-04 16:47:58.608,2026-08-08 14:28:26.986,1,2,487mnSNu6t,com.sec.android.app.shealth,b6580d3f-1beb-4756-8dbe-2f6fcc1c563b,2026-08-08 00:00:00.000,
70060030,45892f82-3c68-4e0f-8d3a-ea312cdac40b.binning_data.json,70060030,2026-09-04 16:47:58.011,2026-08-12 03:02:39.106,4,2,487mnSNu6t,com.sec.android.app.shealth,45892f82-3c68-4e0f-8d3a-ea312cdac40b,2026-08-11 00:00:00.000,
70060030,d49c2eea-fa8a-498d-bdd5-acd733d923f8.binning_data.json,70060110,2026-09-09 01:30:29.296,2026-08-12 11:56:46.917,7,2,487mnSNu6t,com.sec.android.app.shealth,d49c2eea-fa8a-498d-bdd5-acd733d923f8,2026-08-12 00:00:00.000,
70060030,35ae0d73-03f3-48c9-b1f5-c5e3b7414d07.binning_data.json,70060110,2026-09-09 01:30:29.516,2026-08-13 12:12:07.928,7,2,487mnSNu6t,com.sec.android.app.shealth,35ae0d73-03f3-48c9-b1f5-c5e3b7414d07,2026-08-13 00:00:00.000,
70060030,15b3e9ef-bcd9-4b39-a2f2-e62daeca68f5.binning_data.json,70060110,2026-09-09 01:30:29.195,2026-08-14 15:48:14.545,3,2,487mnSNu6t,com.sec.android.app.shealth,15b3e9ef-bcd9-4b39-a2f2-e62daeca68f5,2026-08-14 00:00:00.000,
70060030,d4755a5c-12cf-43d7-9604-0d0303748c3f.binning_data.json,70060110,2026-09-09 01:30:29.408,2026-08-17 13:20:53.300,14,2,487mnSNu6t,com.sec.android.app.shealth,d4755a5c-12cf-43d7-9604-0d0303748c3f,2026-08-17 00:00:00.000,
70060030,2bf73913-75db-44c9-be96-34d9a1464b55.binning_data.json,70060110,2026-09-15 15:56:07.412,2026-08-19 11:55:18.343,5,2,487mnSNu6t,com.sec.android.app.shealth,2bf73913-75db-44c9-be96-34d9a1464b55,2026-08-19 00:00:00.000,
70060030,1ff86ef6-8b59-4c62-807e-65dc8a2d51ae.binning_data.json,70060110,2026-09-15 15:56:07.094,2026-08-20 14:49:33.394,5,2,487mnSNu6t,com.sec.android.app.shealth,1ff86ef6-8b59-4c62-807e-65dc8a2d51ae,2026-08-20 00:00:00.000,
70060030,ce44a2ad-1919-4080-8d84-cf2f65d8734e.binning_data.json,70060110,2026-09-17 13:56:25.067,2026-08-24 11:54:06.380,16,2,487mnSNu6t,com.sec.android.app.shealth,ce44a2ad-1919-4080-8d84-cf2f65d8734e,2026-08-24 00:00:00.000,
70060030,452f6d18-831e-4148-ab1b-9691d11553d7.binning_data.json,70060110,2026-09-17 13:56:25.205,2026-08-26 11:55:02.021,7,2,487mnSNu6t,com.sec.android.app.shealth,452f6d18-831e-4148-ab1b-9691d11553d7,2026-08-26 00:00:00.000,
70060030,af5e07c4-7830-4ae7-9cc1-f5f4799484d3.binning_data.json,70060110,2026-09-17 13:56:24.897,2026-08-27 12:03:17.084,8,2,487mnSNu6t,com.sec.android.app.shealth,af5e07c4-7830-4ae7-9cc1-f5f4799484d3,2026-08-27 00:00:00.000,
70060030,f974c8ad-e02c-4d2c-839f-d21dc1d3b287.binning_data.json,70060110,2026-09-17 13:56:25.172,2026-08-31 11:52:00.681,4,2,487mnSNu6t,com.sec.android.app.shealth,f974c8ad-e02c-4d2c-839f-d21dc1d3b287,2026-08-31 00:00:00.000,
70060030,ff1523f8-3b2f-4327-8ed8-3c3a80181c9e.binning_data.json,70060110,2026-09-17 13:56:24.865,2026-09-01 20:55:22.548,3,2,487mnSNu6t,com.sec.android.app.shealth,ff1523f8-3b2f-4327-8ed8-3c3a80181c9e,2026-09-01 00:00:00.000,
70060030,a255ceda-c6a6-43e6-aa5f-9d29ab7961e9.binning_data.json,70060110,2026-09-17 13:56:24.665,2026-09-02 11:54:10.059,10,2,487mnSNu6t,com.sec.android.app.shealth,a255ceda-c6a6-43e6-aa5f-9d29ab7961e9,2026-09-02 00:00:00.000,
70060030,944181ea-2213-4a7d-b455-51e8e0540b98.binning_data.json,70060110,2026-09-17 13:56:24.753,2026-09-04 16:47:58.142,1,2,487mnSNu6t,com.sec.android.app.shealth,944181ea-2213-4a7d-b455-51e8e0540b98,2026-09-04 00:00:00.000,
70060030,6d007f2b-4ee7-42bc-b56c-e0e112f4ec0a.binning_data.json,70060110,2026-09-17 13:56:24.970,2026-09-08 20:35:39.238,3,2,487mnSNu6t,com.sec.android.app.shealth,6d007f2b-4ee7-42bc-b56c-e0e112f4ec0a,2026-09-08 00:00:00.000,
70060110,7392c19c-93ad-471a-832a-5531695e62fa.binning_data.json,70060110,2026-09-17 13:56:25.139,2026-09-10 11:57:33.308,6,2,487mnSNu6t,com.sec.android.app.shealth,7392c19c-93ad-471a-832a-5531695e62fa,2026-09-10 00:00:00.000,
70060110,848acbeb-9389-45f0-a2db-09495c8db143.binning_data.json,70060110,2026-09-17 13:56:24.933,2026-09-13 12:46:45.797,3,2,487mnSNu6t,com.sec.android.app.shealth,848acbeb-9389-45f0-a2db-09495c8db143,2026-09-13 00:00:00.000,
70060110,6824ed2d-0966-4a65-b1e5-b66dd3cd8728.binning_data.json,70060110,2026-09-17 13:56:24.719,2026-09-14 11:36:02.602,10,2,487mnSNu6t,com.sec.android.app.shealth,6824ed2d-0966-4a65-b1e5-b66dd3cd8728,2026-09-14 00:00:00.000,
70060110,cde7fb4c-961c-4e6d-a0ad-9dd64d377056.binning_data.json,70060110,2026-09-17 13:56:25.106,2026-09-15 15:56:06.377,6,2,487mnSNu6t,com.sec.android.app.shealth,cde7fb4c-961c-4e6d-a0ad-9dd64d377056,2026-09-15 00:00:00.000,
70060110,65221ec4-697f-4474-8be6-accaa1337cb6.binning_data.json,70060110,2026-09-18 13:22:39.583,2026-09-16 11:48:10.579,7,2,487mnSNu6t,com.sec.android.app.shealth,65221ec4-697f-4474-8be6-accaa1337cb6,2026-09-16 00:00:00.000,
70060110,c0d779c2-834a-4a07-9434-6ef89a8185ba.binning_data.json,70060110,2026-09-19 22:15:22.725,2026-09-17 13:56:23.126,8,2,487mnSNu6t,com.sec.android.app.shealth,c0d779c2-834a-4a07-9434-6ef89a8185ba,2026-09-17 00:00:00.000,
70060110,ee094850-0914-48f7-bd3a-6e179f51c938.binning_data.json,70060110,2026-09-20 15:13:42.874,2026-09-18 13:22:39.330,4,2,487mnSNu6t,com.sec.android.app.shealth,ee094850-0914-48f7-bd3a-6e179f51c938,2026-09-18 00:00:00.000,
70060110,c370ece2-0a9f-49f1-a4ac-77571c7f1851.binning_data.json,70060110,2026-09-20 15:13:42.951,2026-09-19 22:15:21.480,1,2,487mnSNu6t,com.sec.android.app.shealth,c370ece2-0a9f-49f1-a4ac-77571c7f1851,2026-09-19 00:00:00.000,
70060110,c82830bc-c95c-4d81-835e-6229b379c297.binning_data.json,70060110,2026-09-20 19:56:31.530,2026-09-20 15:13:41.463,5,2,487mnSNu6t,com.sec.android.app.shealth,c82830bc-c95c-4d81-835e-6229b379c297,2026-09-20 00:00:00.000,
