com.samsung.shealth.step_daily_trend,7006011,6
binning_data,update_time,create_time,source_pkg_name,source_type,count,speed,distance,calorie,deviceuuid,pkg_name,datauuid,day_time
67881f17-0a0f-46a7-959a-6fa95dd62074.binning_data.json,2023-10-21 02:15:39.459,2023-10-20 19:21:26.330,com.sec.android.app.shealth,-2,781,1.2887081,585.42,32.91,VfS0qUERdZ,com.sec.android.app.shealth,67881f17-0a0f-46a7-959a-6fa95dd62074,2023-10-20 00:00:00.000,
8dff6895-bf92-4ea3-8949-9a97e1bcb1a0.binning_data.json,2023-10-21 03:00:02.192,2023-10-20 19:21:26.333,com.sec.android.app.shealth,102,754,1.2808878,563.37,31.74,hriiVjEkYE,com.sec.android.app.shealth,8dff6895-bf92-4ea3-8949-9a97e1bcb1a0,2023-10-20 00:00:00.000,
0df59c7c-7670-499b-becc-9ea264d0d4bb.binning_data.json,2023-10-21 03:00:01.789,2023-10-21 03:00:01.789,com.sec.android.app.shealth,0,38,1.5992168,32.449997,1.77,487mnSNu6t,com.sec.android.app.shealth,0df59c7c-7670-499b-becc-9ea264d0d4bb,2023-10-20 00:00:00.000,
e3e66712-1edc-49f6-8c77-0e7be958f6af.binning_data.json,2023-10-22 03:21:19.006,2023-10-21 04:34:53.379,com.sec.android.app.shealth,-2,6324,1.5044949,4957.592,318.49,VfS0qUERdZ,com.sec.android.app.shealth,e3e66712-1edc-49f6-8c77-0e7be958f6af,2023-10-21 00:00:00.000,
24b5610d-8621-4369-999a-20d517c29840.binning_data.json,2023-10-22 03:21:13.807,2023-10-22 03:21:13.807,com.sec.android.app.shealth,0,4145,1.4472752,3226.88,205.67,487mnSNu6t,com.sec.android.app.shealth,24b5610d-8621-4369-999a-20d517c29840,2023-10-21 00:00:00.000,
bc8edd47-d0e7-4308-b3ad-ec618d934039.binning_data.json,2023-10-22 03:21:19.415,2023-10-22 03:21:19.415,com.sec.android.app.shealth,102,5926,1.5359973,4678.2417,292.71005,hriiVjEkYE,com.sec.android.app.shealth,bc8edd47-d0e7-4308-b3ad-ec618d934039,2023-10-21 00:00:00.000,
4fd3701f-d084-4cc4-897c-c489ecb2558a.binning_data.json,2023-10-23 11:19:49.750,2023-10-22 13:58:44.327,com.sec.android.app.shealth,-2,2465,1.3697212,1915.1697,121.33001,VfS0qUERdZ,com.sec.android.app.shealth,4fd3701f-d084-4cc4-897c-c489ecb2558a,2023-10-22 00:00:00.000,
2d414c48-f62c-43a4-a696-23793325449d.binning_data.json,2023-10-23 03:06:58.701,2023-10-23 03:06:58.701,com.sec.android.app.shealth,0,1457,1.2792507,1110.41,70.62,487mnSNu6t,com.sec.android.app.shealth,2d414c48-f62c-43a4-a696-23793325449d,2023-10-22 00:00:00.000,
570bcf8d-db5c-4de4-b64b-33dcfa5d3043.binning_data.json,2023-10-24 03:00:03.733,2023-10-23 03:07:01.371,com.sec.android.app.shealth,102,1811,1.3961548,1415.6595,91.810005,hriiVjEkYE,com.sec.android.app.shealth,570bcf8d-db5c-4de4-b64b-33dcfa5d3043,2023-10-22 00:00:00.000,
0e2ed921-ade8-4b3c-82ff-3a736a1123b7.binning_data.json,2023-10-24 00:33:15.947,2023-10-23 03:39:53.616,com.sec.android.app.shealth,-2,1633,1.3290642,1261.1396,87.600006,VfS0qUERdZ,com.sec.android.app.shealth,0e2ed921-ade8-4b3c-82ff-3a736a1123b7,2023-10-23 00:00:00.000,
59c9d5be-a37b-4817-9758-0f32bd2b902b.binning_data.json,2023-10-24 03:00:02.261,2023-10-24 03:00:02.261,com.sec.android.app.shealth,0,336,1.2484268,254.19,16.33,487mnSNu6t,com.sec.android.app.shealth,59c9d5be-a37b-4817-9758-0f32bd2b902b,2023-10-23 00:00:00.000,
0d90c443-640c-4547-acf3-f367cbd388c6.binning_data.json,2023-10-24 03:00:03.729,2023-10-24 03:00:03.729,com.sec.android.app.shealth,102,1508,1.3475516,1169.4596,81.44,hriiVjEkYE,com.sec.android.app.shealth,0d90c443-640c-4547-acf3-f367cbd388c6,2023-10-23 00:00:00.000,
c4cb2322-9b0d-42a1-916d-c1b30c1815e0.binning_data.json,2023-10-25 11:18:11.938,2023-10-24 09:55:00.740,com.sec.android.app.shealth,-2,6690,1.4802613,5268.8813,337.12018,VfS0qUERdZ,com.sec.android.app.shealth,c4cb2322-9b0d-42a1-916d-c1b30c1815e0,2023-10-24 00:00:00.000,
25747329-1600-4288-b1b7-a17c01293dc2.binning_data.json,2023-10-25 03:00:02.316,2023-10-25 03:00:02.316,com.sec.android.app.shealth,0,5664,1.3988018,4382.68,281.64,487mnSNu6t,com.sec.android.app.shealth,25747329-1600-4288-b1b7-a17c01293dc2,2023-10-24 00:00:00.000,
6203989a-8443-4532-9fc1-ca7daef1a741.binning_data.json,2023-10-26 03:20:43.001,2023-10-25 03:00:04.065,com.sec.android.app.shealth,102,6281,1.5503738,5077.6,324.11002,hriiVjEkYE,com.sec.android.app.shealth,6203989a-8443-4532-9fc1-ca7daef1a741,2023-10-24 00:00:00.000,
d46dd7bb-1987-4051-aa9e-cab99d5a62a8.binning_data.json,2023-10-26 09:36:23.177,2023-10-25 11:18:11.624,com.sec.android.app.shealth,-2,1329,1.3945946,1038.8699,67.92999,VfS0qUERdZ,com.sec.android.app.shealth,d46dd7bb-1987-4051-aa9e-cab99d5a62a8,2023-10-25 00:00:00.000,
820b4e07-567c-4670-962e-065c69bef879.binning_data.json,2023-10-26 03:20:42.746,2023-10-26 03:20:42.746,com.sec.android.app.shealth,0,152,1.2820256,116.22,7.33,487mnSNu6t,com.sec.android.app.shealth,820b4e07-567c-4670-962e-065c69bef879,2023-10-25 00:00:00.000,
208e07a9-57ce-44ff-b75b-ed738adbb59b.binning_data.json,2023-10-27 03:00:01.098,2023-10-26 03:20:42.999,com.sec.android.app.shealth,102,1279,1.4093487,1002.3798,65.42,hriiVjEkYE,com.sec.android.app.shealth,208e07a9-57ce-44ff-b75b-ed738adbb59b,2023-10-25 00:00:00.000,
4de85413-99b4-4883-8da1-a1e840ca0509.binning_data.json,2023-10-27 01:04:20.117,2023-10-26 09:36:23.000,com.sec.android.app.shealth,-2,5942,1.4312167,4641.6904,297.97012,VfS0qUERdZ,com.sec.android.app.shealth,4de85413-99b4-4883-8da1-a1e840ca0509,2023-10-26 00:00:00.000,
341844f6-7e7a-45e6-9d36-174fc43f6333.binning_data.json,2023-10-27 03:00:00.617,2023-10-27 03:00:00.617,com.sec.android.app.shealth,0,4937,1.3978351,3816.7,245.08,487mnSNu6t,com.sec.android.app.shealth,341844f6-7e7a-45e6-9d36-174fc43f6333,2023-10-26 00:00:00.000,
9357e681-57cc-47e9-8c16-2dff156c6125.binning_data.json,2023-10-27 03:00:01.091,2023-10-27 03:00:01.091,com.sec.android.app.shealth,102,5688,1.4760418,4537.1,286.62012,hriiVjEkYE,com.sec.android.app.shealth,9357e681-57cc-47e9-8c16-2dff156c6125,2023-10-26 00:00:00.000,
b46d9d3b-20f0-4d94-9ec2-dc30410cf99b.binning_data.json,2023-10-28 03:23:22.124,2023-10-27 12:44:12.580,com.sec.android.app.shealth,-2,1554,1.4226757,1218.7201,84.869995,VfS0qUERdZ,com.sec.android.app.shealth,b46d9d3b-20f0-4d94-9ec2-dc30410cf99b,2023-10-27 00:00:00.000,
5d2e0f79-30d3-4ff4-9dde-65c00bf56d38.binning_data.json,2023-10-28 03:00:03.384,2023-10-28 03:00:03.384,com.sec.android.app.shealth,0,258,1.1695529,192.48001,12.589999,487mnSNu6t,com.sec.android.app.shealth,5d2e0f79-30d3-4ff4-9dde-65c00bf56d38,2023-10-27 00:00:00.000,
d5b36c46-bfea-48be-8c65-0526a23217df.binning_data.json,2023-10-29 03:00:06.387,2023-10-28 03:00:04.131,com.sec.android.app.shealth,102,1388,1.4701816,1097.2201,76.869995,hriiVjEkYE,com.sec.android.app.shealth,d5b36c46-bfea-48be-8c65-0526a23217df,2023-10-27 00:00:00.000,
28003a00-11d1-4129-adf4-c4fedabc5d79.binning_data.json,2023-10-29 03:01:15.872,2023-10-28 03:23:21.982,com.sec.android.app.shealth,-2,5360,1.4191593,4167.85,226.06004,VfS0qUERdZ,com.sec.android.app.shealth,28003a00-11d1-4129-adf4-c4fedabc5d79,2023-10-28 00:00:00.000,
0e1517ca-b82f-410b-9ba2-5c38a7cfaef4.binning_data.json,2023-10-29 03:00:01.953,2023-10-29 03:00:01.953,com.sec.android.app.shealth,0,3603,1.3647726,2729.91,109.95,487mnSNu6t,com.sec.android.app.shealth,0e1517ca-b82f-410b-9ba2-5c38a7cfaef4,2023-10-28 00:00:00.000,
23cf73f5-125d-4f50-87d8-8997fd3c3998.binning_data.json,2023-10-30 03:00:16.285,2023-10-29 03:00:06.095,com.sec.android.app.shealth,102,4913,1.4639864,3903.1003,245.75003,hriiVjEkYE,com.sec.android.app.shealth,23cf73f5-125d-4f50-87d8-8997fd3c3998,2023-10-28 00:00:00.000,
7e4477b4-a843-4558-a13a-d30568fea39f.binning_data.json,2023-10-30 10:01:01.097,2023-10-29 03:05:44.675,com.sec.android.app.shealth,-2,1971,1.4441407,1548.4897,99.490005,VfS0qUERdZ,com.sec.android.app.shealth,7e4477b4-a843-4558-a13a-d30568fea39f,2023-10-29 00:00:00.000,
fcf938a8-b9d8-413a-8370-f2734e56ddae.binning_data.json,2023-10-30 03:00:15.581,2023-10-30 03:00:15.581,com.sec.android.app.shealth,0,187,1.1534857,136.48,5.9799995,487mnSNu6t,com.sec.android.app.shealth,fcf938a8-b9d8-413a-8370-f2734e56ddae,2023-10-29 00:00:00.000,
bbdd3239-26f6-48d9-9dd0-eca51cfe03e8.binning_data.json,2023-10-31 03:00:11.215,2023-10-30 03:00:16.281,com.sec.android.app.shealth,102,1923,1.4563223,1515.7297,98.89001,hriiVjEkYE,com.sec.android.app.shealth,bbdd3239-26f6-48d9-9dd0-eca51cfe03e8,2023-10-29 00:00:00.000,
55603a01-d2ac-4e7c-a34c-2a28e9bd6ee4.binning_data.json,2023-10-31 11:54:10.157,2023-10-30 09:55:36.472,com.sec.android.app.shealth,-2,6235,1.4376588,4869.7383,268.5699,VfS0qUERdZ,com.sec.android.app.shealth,55603a01-d2ac-4e7c-a34c-2a28e9bd6ee4,2023-10-30 00:00:00.000,
79439ea0-684b-497c-88c3-c20078cfdf99.binning_data.json,2023-10-31 03:00:02.964,2023-10-31 03:00:02.964,com.sec.android.app.shealth,0,5087,1.3535101,3858.8198,154.56999,487mnSNu6t,com.sec.android.app.shealth,79439ea0-684b-497c-88c3-c20078cfdf99,2023-10-30 00:00:00.000,
938dde86-eb49-498f-affd-f9c3ed495612.binning_data.json,2023-11-01 03:00:07.192,2023-10-31 03:00:11.418,com.sec.android.app.shealth,102,5833,1.4989891,4663.6377,308.7298,hriiVjEkYE,com.sec.android.app.shealth,938dde86-eb49-498f-affd-f9c3ed495612,2023-10-30 00:00:00.000,
3064be93-af3f-495c-936f-d9a561a15765.binning_data.json,2023-11-01 09:38:11.065,2023-10-31 11:54:09.964,com.sec.android.app.shealth,-2,1367,1.3488572,1063.1001,71.45,VfS0qUERdZ,com.sec.android.app.shealth,3064be93-af3f-495c-936f-d9a561a15765,2023-10-31 00:00:00.000,
4381417a-7048-4028-aeb6-f039797bc4d9.binning_data.json,2023-11-01 03:00:06.635,2023-11-01 03:00:06.635,com.sec.android.app.shealth,0,195,1.1009547,141.88,6.2499995,487mnSNu6t,com.sec.android.app.shealth,4381417a-7048-4028-aeb6-f039797bc4d9,2023-10-31 00:00:00.000,
8dbea139-97e9-470b-b2b6-c1f844050fdd.binning_data.json,2023-11-02 03:00:02.456,2023-11-01 03:00:06.930,com.sec.android.app.shealth,102,1276,1.3603891,995.68005,69.46,hriiVjEkYE,com.sec.android.app.shealth,8dbea139-97e9-470b-b2b6-c1f844050fdd,2023-10-31 00:00:00.000,
120ce18d-9614-4460-a663-01d318269f55.binning_data.json,2023-11-02 03:03:37.021,2023-11-01 09:38:10.861,com.sec.android.app.shealth,-2,6528,1.4239253,5017.829,226.42995,VfS0qUERdZ,com.sec.android.app.shealth,120ce18d-9614-4460-a663-01d318269f55,2023-11-01 00:00:00.000,
7f8a0d10-d688-46e7-b195-0419e3c02e6d.binning_data.json,2023-11-02 03:00:02.169,2023-11-02 03:00:02.169,com.sec.android.app.shealth,0,5691,1.430141,4356.7197,172.5,487mnSNu6t,com.sec.android.app.shealth,7f8a0d10-d688-46e7-b195-0419e3c02e6d,2023-11-01 00:00:00.000,
69f92921-6fea-4c35-82d5-a349ebd61fc4.binning_data.json,2023-11-03 03:00:04.652,2023-11-02 03:00:02.454,com.sec.android.app.shealth,102,2351,1.4457095,1858.6796,124.39995,hriiVjEkYE,com.sec.android.app.shealth,69f92921-6fea-4c35-82d5-a349ebd61fc4,2023-11-01 00:00:00.000,
c9c9a598-e4de-4b45-b0fa-ea0518c75842.binning_data.json,2023-11-03 03:02:23.904,2023-11-02 03:03:36.837,com.sec.android.app.shealth,-2,6054,1.4767714,4730.0483,266.68,VfS0qUERdZ,com.sec.android.app.shealth,c9c9a598-e4de-4b45-b0fa-ea0518c75842,2023-11-02 00:00:00.000,
3cf5f9db-a50b-4adf-84c3-417ae0bc6675.binning_data.json,2023-11-03 03:00:02.907,2023-11-03 03:00:02.907,com.sec.android.app.shealth,0,4048,1.3997747,3086.87,123.03,487mnSNu6t,com.sec.android.app.shealth,3cf5f9db-a50b-4adf-84c3-417ae0bc6675,2023-11-02 00:00:00.000,
bf75fc20-eee9-4964-a08c-a89270464ac3.binning_data.json,2023-11-04 03:00:03.586,2023-11-03 03:00:04.704,com.sec.android.app.shealth,102,5794,1.5054955,4587.0796,295.28003,hriiVjEkYE,com.sec.android.app.shealth,bf75fc20-eee9-4964-a08c-a89270464ac3,2023-11-02 00:00:00.000,
e2f8675f-dc4b-402b-9543-ab7f814c6a00.binning_data.json,2023-11-04 04:35:18.957,2023-11-03 03:02:25.910,com.sec.android.app.shealth,-2,5508,1.2877098,4158.6514,234.86,VfS0qUERdZ,com.sec.android.app.shealth,e2f8675f-dc4b-402b-9543-ab7f814c6a00,2023-11-03 00:00:00.000,
ac48603d-a3fc-4194-aa62-a446fd87f9e7.binning_data.json,2023-11-04 03:15:02.629,2023-11-04 03:00:02.501,com.sec.android.app.shealth,0,3430,1.2205794,2548.28,105.38,487mnSNu6t,com.sec.android.app.shealth,ac48603d-a3fc-4194-aa62-a446fd87f9e7,2023-11-03 00:00:00.000,
56521aea-f644-4776-96a0-80dce02323e7.binning_data.json,2023-11-05 03:00:06.462,2023-11-04 03:00:03.582,com.sec.android.app.shealth,102,5101,1.3162092,3882.031,250.34999,hriiVjEkYE,com.sec.android.app.shealth,56521aea-f644-4776-96a0-80dce02323e7,2023-11-03 00:00:00.000,
6d82558b-c1cb-498f-9f64-debfd2cf748d.binning_data.json,2023-11-05 03:08:50.676,2023-11-04 03:25:35.306,com.sec.android.app.shealth,-2,3819,1.4006501,2978.641,204.4502,VfS0qUERdZ,com.sec.android.app.shealth,6d82558b-c1cb-498f-9f64-debfd2cf748d,2023-11-04 00:00:00.000,
15ab6c16-d006-41b2-b560-dc24023074e0.binning_data.json,2023-11-05 03:00:04.418,2023-11-05 03:00:04.418,com.sec.android.app.shealth,0,1594,1.1690774,1190.22,71.0,487mnSNu6t,com.sec.android.app.shealth,15ab6c16-d006-41b2-b560-dc24023074e0,2023-11-04 00:00:00.000,
1877003c-2c76-40f5-8c2e-9430fcb39799.binning_data.json,2023-11-06 03:00:18.232,2023-11-05 03:00:06.458,com.sec.android.app.shealth,102,3612,1.4234791,2822.541,198.21017,hriiVjEkYE,com.sec.android.app.shealth,1877003c-2c76-40f5-8c2e-9430fcb39799,2023-11-04 00:00:00.000,
8064f872-0460-463c-ac35-b7dedacb1fff.binning_data.json,2023-11-06 09:50:05.911,2023-11-05 03:21:08.814,com.sec.android.app.shealth,-2,825,1.1909904,619.18,40.68,VfS0qUERdZ,com.sec.android.app.shealth,8064f872-0460-463c-ac35-b7dedacb1fff,2023-11-05 00:00:00.000,
49b8fba4-089b-4fc3-bcf0-58dfb2e12d50.binning_data.json,2023-11-06 03:00:03.087,2023-11-06 03:00:03.087,com.sec.android.app.shealth,0,607,1.1784977,455.51,29.689999,487mnSNu6t,com.sec.android.app.shealth,49b8fba4-089b-4fc3-bcf0-58dfb2e12d50,2023-11-05 00:00:00.000,
30186957-5ed7-4117-af22-dbf41659aaa2.binning_data.json,2023-11-07 03:00:02.152,2023-11-06 03:00:18.229,com.sec.android.app.shealth,102,218,1.2271953,163.67001,10.99,hriiVjEkYE,com.sec.android.app.shealth,30186957-5ed7-4117-af22-dbf41659aaa2,2023-11-05 00:00:00.000,
8657a779-b4b0-41ac-b75b-dc908d0dd25a.binning_data.json,2023-11-07 06:35:27.077,2023-11-06 03:28:40.468,com.sec.android.app.shealth,-2,6426,1.4461778,5015.33,328.4899,VfS0qUERdZ,com.sec.android.app.shealth,8657a779-b4b0-41ac-b75b-dc908d0dd25a,2023-11-06 00:00:00.000,
8c59a4e1-d5b1-4f48-a58f-0163ab5f4ea7.binning_data.json,2023-11-07 03:00:01.780,2023-11-07 03:00:01.780,com.sec.android.app.shealth,0,5247,1.4116784,4072.5,260.64,487mnSNu6t,com.sec.android.app.shealth,8c59a4e1-d5b1-4f48-a58f-0163ab5f4ea7,2023-11-06 00:00:00.000,
d35a7b6f-edb6-4a47-8fe1-39da91b0f81f.binning_data.json,2023-11-08 03:00:00.901,2023-11-07 03:00:02.164,com.sec.android.app.shealth,102,5933,1.4877048,4660.3306,307.19992,hriiVjEkYE,com.sec.android.app.shealth,d35a7b6f-edb6-4a47-8fe1-39da91b0f81f,2023-11-06 00:00:00.000,
932305ec-8fb9-4d75-8000-49fa979e09c7.binning_data.json,2023-11-08 02:17:43.589,2023-11-07 03:41:55.366,com.sec.android.app.shealth,-2,6055,1.3686359,4669.0513,318.45004,VfS0qUERdZ,com.sec.android.app.shealth,932305ec-8fb9-4d75-8000-49fa979e09c7,2023-11-07 00:00:00.000,
d22cd7d8-37b0-48aa-8ed4-497a30e3881e.binning_data.json,2023-11-08 03:00:00.496,2023-11-08 03:00:00.496,com.sec.android.app.shealth,0,4280,1.2824326,3260.67,212.08,487mnSNu6t,com.sec.android.app.shealth,d22cd7d8-37b0-48aa-8ed4-497a30e3881e,2023-11-07 00:00:00.000,
d99bcac2-bcd5-43af-86d8-912110a0889b.binning_data.json,2023-11-08 03:00:00.898,2023-11-08 03:00:00.898,com.sec.android.app.shealth,102,5541,1.3900942,4284.601,296.36005,hriiVjEkYE,com.sec.android.app.shealth,d99bcac2-bcd5-43af-86d8-912110a0889b,2023-11-07 00:00:00.000,
186f2cf7-3831-4a44-8b7b-dbfad7212ea6.binning_data.json,2023-11-09 03:01:47.562,2023-11-08 09:37:11.764,com.sec.android.app.shealth,-2,5865,1.401364,4545.0684,299.48,VfS0qUERdZ,com.sec.android.app.shealth,186f2cf7-3831-4a44-8b7b-dbfad7212ea6,2023-11-08 00:00:00.000,
76b4cf64-c70a-436b-bfb5-833c4a179bc8.binning_data.json,2023-11-09 03:00:00.834,2023-11-09 03:00:00.834,com.sec.android.app.shealth,0,4043,1.4088776,3138.4001,200.62001,487mnSNu6t,com.sec.android.app.shealth,76b4cf64-c70a-436b-bfb5-833c4a179bc8,2023-11-08 00:00:00.000,
5863ff0e-6ee7-4868-927f-5a42d7d8e95b.binning_data.json,2023-11-10 03:00:01.716,2023-11-09 03:00:01.316,com.sec.android.app.shealth,102,5420,1.4411414,4224.2593,277.55005,hriiVjEkYE,com.sec.android.app.shealth,5863ff0e-6ee7-4868-927f-5a42d7d8e95b,2023-11-08 00:00:00.000,
55566bf9-fb79-4d14-aa58-f030871dae32.binning_data.json,2023-11-10 02:35:35.489,2023-11-09 03:01:22.955,com.sec.android.app.shealth,-2,2282,1.3051109,1736.8094,112.72,VfS0qUERdZ,com.sec.android.app.shealth,55566bf9-fb79-4d14-aa58-f030871dae32,2023-11-09 00:00:00.000,
0beb3527-f455-458e-ab19-8295386613ed.binning_data.json,2023-11-10 03:00:01.173,2023-11-10 03:00:01.173,com.sec.android.app.shealth,0,491,1.2109369,370.94998,23.789999,487mnSNu6t,com.sec.android.app.shealth,0beb3527-f455-458e-ab19-8295386613ed,2023-11-09 00:00:00.000,
00d85016-3f4f-4df1-837d-cc69dc898e8a.binning_data.json,2023-11-10 03:00:01.714,2023-11-10 03:00:01.714,com.sec.android.app.shealth,102,1966,1.3275489,1498.2494,97.22,hriiVjEkYE,com.sec.android.app.shealth,00d85016-3f4f-4df1-837d-cc69dc898e8a,2023-11-09 00:00:00.000,
040221c1-3c29-45a9-baf3-f4182c8efece.binning_data.json,2023-11-11 18:21:01.197,2023-11-10 03:34:45.623,com.sec.android.app.shealth,-2,5667,1.3998471,4381.27,279.36,VfS0qUERdZ,com.sec.android.app.shealth,040221c1-3c29-45a9-baf3-f4182c8efece,2023-11-10 00:00:00.000,
31d07a75-cff2-4f9b-a6b5-3d02fb1e3cc6.binning_data.json,2023-11-11 03:00:02.298,2023-11-11 03:00:02.298,com.sec.android.app.shealth,0,4661,1.3702505,3595.96,230.93,487mnSNu6t,com.sec.android.app.shealth,31d07a75-cff2-4f9b-a6b5-3d02fb1e3cc6,2023-11-10 00:00:00.000,
1947e972-922d-451a-aee2-0f638bf9af3d.binning_data.json,2023-11-12 03:00:15.399,2023-11-11 03:00:08.749,com.sec.android.app.shealth,102,4870,1.456586,3796.2515,234.07999,hriiVjEkYE,com.sec.android.app.shealth,1947e972-922d-451a-aee2-0f638bf9af3d,2023-11-10 00:00:00.000,
2d0f4a4e-2401-4193-a26d-de2fe35eb521.binning_data.json,2023-11-12 04:58:44.855,2023-11-11 03:55:00.711,com.sec.android.app.shealth,-2,2794,1.3598012,2161.6301,145.89,VfS0qUERdZ,com.sec.android.app.shealth,2d0f4a4e-2401-4193-a26d-de2fe35eb521,2023-11-11 00:00:00.000,
1e1a8f3c-d9c1-449c-8c92-cce0349019f0.binning_data.json,2023-11-12 03:00:09.060,2023-11-12 03:00:09.060,com.sec.android.app.shealth,0,1375,1.2164865,1036.05,66.96,487mnSNu6t,com.sec.android.app.shealth,1e1a8f3c-d9c1-449c-8c92-cce0349019f0,2023-11-11 00:00:00.000,
5d85b8d2-95c0-4e4c-85cc-21f5bafedf49.binning_data.json,2023-11-13 03:00:03.748,2023-11-12 03:00:15.390,com.sec.android.app.shealth,102,1988,1.4362241,1554.6901,106.810005,hriiVjEkYE,com.sec.android.app.shealth,5d85b8d2-95c0-4e4c-85cc-21f5bafedf49,2023-11-11 00:00:00.000,
377d54c3-2596-4ece-bd9a-9f44fe932604.binning_data.json,2023-11-13 01:54:49.135,2023-11-12 03:18:50.544,com.sec.android.app.shealth,-2,5070,1.2711393,3842.9094,256.32,VfS0qUERdZ,com.sec.android.app.shealth,377d54c3-2596-4ece-bd9a-9f44fe932604,2023-11-12 00:00:00.000,
4da5271b-19db-4600-83fa-1f7b34df50a6.binning_data.json,2023-11-13 03:00:01.747,2023-11-13 03:00:01.747,com.sec.android.app.shealth,0,3126,1.2033803,2346.86,154.77,487mnSNu6t,com.sec.android.app.shealth,4da5271b-19db-4600-83fa-1f7b34df50a6,2023-11-12 00:00:00.000,
e73186a0-049b-4af0-97f2-b337d074854d.binning_data.json,2023-11-13 03:00:03.767,2023-11-13 03:00:03.767,com.sec.android.app.shealth,102,4718,1.2781836,3571.5398,235.94006,hriiVjEkYE,com.sec.android.app.shealth,e73186a0-049b-4af0-97f2-b337d074854d,2023-11-12 00:00:00.000,
1f1829b1-5eae-4bd4-9ec0-770627a413a2.binning_data.json,2023-11-14 03:37:22.090,2023-11-13 11:35:17.918,com.sec.android.app.shealth,-2,2499,1.3274119,1907.3398,125.89001,VfS0qUERdZ,com.sec.android.app.shealth,1f1829b1-5eae-4bd4-9ec0-770627a413a2,2023-11-13 00:00:00.000,
b7ce8255-7f7d-4cfe-93bd-d2d21a29c397.binning_data.json,2023-11-14 03:00:03.281,2023-11-14 03:00:03.281,com.sec.android.app.shealth,0,836,1.3448257,649.19,41.76,487mnSNu6t,com.sec.android.app.shealth,b7ce8255-7f7d-4cfe-93bd-d2d21a29c397,2023-11-13 00:00:00.000,
fb555350-b917-4f74-a2cd-dbbfc3ab837d.binning_data.json,2023-11-15 03:00:02.262,2023-11-14 03:00:05.266,com.sec.android.app.shealth,102,2285,1.3285004,1743.3597,114.920006,hriiVjEkYE,com.sec.android.app.shealth,fb555350-b917-4f74-a2cd-dbbfc3ab837d,2023-11-13 00:00:00.000,
aab6bab9-c09a-4535-ae49-7fdbc65cc60a.binning_data.json,2023-11-15 08:11:10.478,2023-11-14 03:37:21.881,com.sec.android.app.shealth,-2,1457,1.2833397,1106.09,72.119995,VfS0qUERdZ,com.sec.android.app.shealth,aab6bab9-c09a-4535-ae49-7fdbc65cc60a,2023-11-14 00:00:00.000,
c98ae1ec-506f-4b68-bc93-f4f4d72fdc11.binning_data.json,2023-11-15 03:00:01.983,2023-11-15 03:00:01.983,com.sec.android.app.shealth,0,893,1.2518389,675.33,43.68,487mnSNu6t,com.sec.android.app.shealth,c98ae1ec-506f-4b68-bc93-f4f4d72fdc11,2023-11-14 00:00:00.000,
ed326cec-81f7-4ec8-9b9e-f6816765858c.binning_data.json,2023-11-16 03:00:04.240,2023-11-15 03:00:02.259,com.sec.android.app.shealth,102,960,1.2902977,729.7698,48.23999,hriiVjEkYE,com.sec.android.app.shealth,ed326cec-81f7-4ec8-9b9e-f6816765858c,2023-11-14 00:00:00.000,
1c4d5d5b-283a-4032-b9fb-30d58a6cb14f.binning_data.json,2023-11-16 02:07:04.816,2023-11-15 08:11:10.300,com.sec.android.app.shealth,-2,643,1.6725941,524.58997,40.96,VfS0qUERdZ,com.sec.android.app.shealth,1c4d5d5b-283a-4032-b9fb-30d58a6cb14f,2023-11-15 00:00:00.000,
0f1ef21c-ad1c-4c6a-ac11-50f6b32b45eb.binning_data.json,2023-11-16 03:00:03.200,2023-11-16 03:00:03.200,com.sec.android.app.shealth,0,128,1.2134506,95.77,6.28,487mnSNu6t,com.sec.android.app.shealth,0f1ef21c-ad1c-4c6a-ac11-50f6b32b45eb,2023-11-15 00:00:00.000,
0ef48b60-7394-48b8-8f5d-ec6522d5e741.binning_data.json,2023-11-16 03:00:04.231,2023-11-16 03:00:04.231,com.sec.android.app.shealth,102,515,1.8269829,428.81998,34.68,hriiVjEkYE,com.sec.android.app.shealth,0ef48b60-7394-48b8-8f5d-ec6522d5e741,2023-11-15 00:00:00.000,
fe01df56-1d0f-4f3c-ba24-cc118ac5cda1.binning_data.json,2023-11-17 03:33:54.728,2023-11-16 11:26:45.127,com.sec.android.app.shealth,-2,1665,1.3052474,1269.74,82.350006,VfS0qUERdZ,com.sec.android.app.shealth,fe01df56-1d0f-4f3c-ba24-cc118ac5cda1,2023-11-16 00:00:00.000,
f34dd91a-a555-4ac0-bee2-4b8a6679e4bc.binning_data.json,2023-11-17 03:00:00.932,2023-11-17 03:00:00.932,com.sec.android.app.shealth,0,1073,1.2855344,819.68,52.52,487mnSNu6t,com.sec.android.app.shealth,f34dd91a-a555-4ac0-bee2-4b8a6679e4bc,2023-11-16 00:00:00.000,
35228171-f082-4671-bce1-68653d4c9bdb.binning_data.json,2023-11-18 03:00:04.770,2023-11-17 03:00:01.528,com.sec.android.app.shealth,102,1273,1.2965539,965.55005,63.570004,hriiVjEkYE,com.sec.android.app.shealth,35228171-f082-4671-bce1-68653d4c9bdb,2023-11-16 00:00:00.000,
56fe98fa-62f8-4c5e-8f5f-2038c68ad96a.binning_data.json,2023-11-18 20:42:12.700,2023-11-17 03:33:54.614,com.sec.android.app.shealth,-2,1412,1.4260461,1101.3899,79.07998,VfS0qUERdZ,com.sec.android.app.shealth,56fe98fa-62f8-4c5e-8f5f-2038c68ad96a,2023-11-17 00:00:00.000,
360b8128-a631-4219-b1e8-40911ea3a032.binning_data.json,2023-11-18 03:00:03.342,2023-11-18 03:00:03.342,com.sec.android.app.shealth,0,342,1.3431354,262.69,16.65,487mnSNu6t,com.sec.android.app.shealth,360b8128-a631-4219-b1e8-40911ea3a032,2023-11-17 00:00:00.000,
a47363d8-dd7f-4776-99ba-0afae5b34754.binning_data.json,2023-11-19 03:00:02.072,2023-11-18 03:00:04.766,com.sec.android.app.shealth,102,1311,1.4277346,1020.69995,74.35998,hriiVjEkYE,com.sec.android.app.shealth,a47363d8-dd7f-4776-99ba-0afae5b34754,2023-11-17 00:00:00.000,
d96120c1-b78e-4bd9-8ec0-8137aacd59f8.binning_data.json,2023-11-19 16:19:06.757,2023-11-18 13:17:56.875,com.sec.android.app.shealth,-2,1456,1.4394985,1141.4398,82.23999,VfS0qUERdZ,com.sec.android.app.shealth,d96120c1-b78e-4bd9-8ec0-8137aacd59f8,2023-11-18 00:00:00.000,
4cd183e3-7091-462c-9b0f-2b043598b645.binning_data.json,2023-11-19 03:00:01.689,2023-11-19 03:00:01.689,com.sec.android.app.shealth,0,517,1.201347,388.84,25.039999,487mnSNu6t,com.sec.android.app.shealth,4cd183e3-7091-462c-9b0f-2b043598b645,2023-11-18 00:00:00.000,
769aea68-c054-475c-aba9-d9f481db9452.binning_data.json,2023-11-20 03:00:01.452,2023-11-19 03:00:02.069,com.sec.android.app.shealth,102,1161,1.5120839,919.1298,68.62999,hriiVjEkYE,com.sec.android.app.shealth,769aea68-c054-475c-aba9-d9f481db9452,2023-11-18 00:00:00.000,
1db9c183-1cee-4f98-8ce4-8ea02d59fad5.binning_data.json,2023-11-20 09:59:35.000,2023-11-19 16:19:06.628,com.sec.android.app.shealth,-2,1385,1.7628971,1138.51,94.88001,VfS0qUERdZ,com.sec.android.app.shealth,1db9c183-1cee-4f98-8ce4-8ea02d59fad5,2023-11-19 00:00:00.000,
ff7f78ac-73cf-449a-a175-e9b162814e37.binning_data.json,2023-11-20 03:00:00.822,2023-11-20 03:00:00.822,com.sec.android.app.shealth,0,109,1.1252112,80.99,5.64,487mnSNu6t,com.sec.android.app.shealth,ff7f78ac-73cf-449a-a175-e9b162814e37,2023-11-19 00:00:00.000,
0ccbb517-8b0f-468c-9329-f0a83f24b75d.binning_data.json,2023-11-21 03:00:02.599,2023-11-20 03:00:01.445,com.sec.android.app.shealth,102,1349,1.779357,1110.78,93.070015,hriiVjEkYE,com.sec.android.app.shealth,0ccbb517-8b0f-468c-9329-f0a83f24b75d,2023-11-19 00:00:00.000,
9a69e4b5-9ce5-46f6-a595-624de9a1f162.binning_data.json,2023-11-21 09:27:00.905,2023-11-20 09:19:37.770,com.sec.android.app.shealth,-2,6135,1.4771996,4802.579,326.27002,VfS0qUERdZ,com.sec.android.app.shealth,9a69e4b5-9ce5-46f6-a595-624de9a1f162,2023-11-20 00:00:00.000,
68af6629-46dd-47c8-b5a2-57676208d51e.binning_data.json,2023-11-21 03:00:01.309,2023-11-21 03:00:01.309,com.sec.android.app.shealth,0,5320,1.4362246,4140.3,268.59,487mnSNu6t,com.sec.android.app.shealth,68af6629-46dd-47c8-b5a2-57676208d51e,2023-11-20 00:00:00.000,
fa68fe3a-e1e2-42e5-a6df-262fffd790de.binning_data.json,2023-11-22 03:00:03.717,2023-11-21 03:00:02.538,com.sec.android.app.shealth,102,5728,1.4899427,4490.14,320.33002,hriiVjEkYE,com.sec.android.app.shealth,fa68fe3a-e1e2-42e5-a6df-262fffd790de,2023-11-20 00:00:00.000,
95379890-c67c-41eb-b1be-fd7015d0310c.binning_data.json,2023-11-22 11:38:56.097,2023-11-21 09:27:00.705,com.sec.android.app.shealth,-2,3048,1.3727942,2363.4202,161.58003,VfS0qUERdZ,com.sec.android.app.shealth,95379890-c67c-41eb-b1be-fd7015d0310c,2023-11-21 00:00:00.000,
6b0f9421-fb9a-4237-b19c-3a6e944bf3c5.binning_data.json,2023-11-22 03:00:03.087,2023-11-22 03:00:03.087,com.sec.android.app.shealth,0,2717,1.3282965,2097.5,139.85,487mnSNu6t,com.sec.android.app.shealth,6b0f9421-fb9a-4237-b19c-3a6e944bf3c5,2023-11-21 00:00:00.000,
46640e5b-a68c-40f8-bfc1-b86f913dc391.binning_data.json,2023-11-23 03:00:02.798,2023-11-22 03:00:03.714,com.sec.android.app.shealth,102,2273,1.4027534,1757.9803,124.06003,hriiVjEkYE,com.sec.android.app.shealth,46640e5b-a68c-40f8-bfc1-b86f913dc391,2023-11-21 00:00:00.000,
ad72701d-3d7b-42f7-ac9a-152bd7417696.binning_data.json,2023-11-23 11:41:48.985,2023-11-22 03:08:21.064,com.sec.android.app.shealth,-2,2191,1.3817806,1699.8002,134.5201,VfS0qUERdZ,com.sec.android.app.shealth,ad72701d-3d7b-42f7-ac9a-152bd7417696,2023-11-22 00:00:00.000,
49cecb48-3ff2-424e-8771-1c06508d39ac.binning_data.json,2023-11-23 03:00:01.414,2023-11-23 03:00:01.414,com.sec.android.app.shealth,0,492,1.1747326,369.07,25.86,487mnSNu6t,com.sec.android.app.shealth,49cecb48-3ff2-424e-8771-1c06508d39ac,2023-11-22 00:00:00.000,
0dea9fd4-2eab-4eab-a78b-ee0f7e08f641.binning_data.json,2023-11-24 03:00:02.073,2023-11-23 03:00:02.821,com.sec.android.app.shealth,102,1881,1.4261642,1467.7201,118.0901,hriiVjEkYE,com.sec.android.app.shealth,0dea9fd4-2eab-4eab-a78b-ee0f7e08f641,2023-11-22 00:00:00.000,
181566b4-166f-4eb7-9a18-84a9cf2e42ae.binning_data.json,2023-11-24 09:47:56.170,2023-11-23 11:41:48.840,com.sec.android.app.shealth,-2,1829,1.3476713,1408.5099,110.27998,VfS0qUERdZ,com.sec.android.app.shealth,181566b4-166f-4eb7-9a18-84a9cf2e42ae,2023-11-23 00:00:00.000,
57f3c51c-be54-47c4-b8a6-bf011f43e6ef.binning_data.json,2023-11-24 03:00:01.524,2023-11-24 03:00:01.524,com.sec.android.app.shealth,0,299,1.2277225,225.86002,15.489999,487mnSNu6t,com.sec.android.app.shealth,57f3c51c-be54-47c4-b8a6-bf011f43e6ef,2023-11-23 00:00:00.000,
50161fa2-03bf-4afc-81c6-022322da6e7a.binning_data.json,2023-11-25 03:00:03.249,2023-11-24 03:00:02.069,com.sec.android.app.shealth,102,1623,1.358364,1251.8999,99.77998,hriiVjEkYE,com.sec.android.app.shealth,50161fa2-03bf-4afc-81c6-022322da6e7a,2023-11-23 00:00:00.000,
eeafc54d-fd95-4af1-a039-207a0074477b.binning_data.json,2023-11-25 02:21:28.291,2023-11-24 09:47:56.079,com.sec.android.app.shealth,-2,4325,1.3935356,3360.511,238.13011,VfS0qUERdZ,com.sec.android.app.shealth,eeafc54d-fd95-4af1-a039-207a0074477b,2023-11-24 00:00:00.000,
7a82ee69-cee7-455d-99fa-48f676e309d7.binning_data.json,2023-11-25 03:00:02.434,2023-11-25 03:00:02.434,com.sec.android.app.shealth,0,3605,1.336395,2779.58,186.64,487mnSNu6t,com.sec.android.app.shealth,7a82ee69-cee7-455d-99fa-48f676e309d7,2023-11-24 00:00:00.000,
94558039-baa0-4a63-9289-7fccb3160cae.binning_data.json,2023-11-25 03:00:03.265,2023-11-25 03:00:03.265,com.sec.android.app.shealth,102,3658,1.432694,2844.841,202.87012,hriiVjEkYE,com.sec.android.app.shealth,94558039-baa0-4a63-9289-7fccb3160cae,2023-11-24 00:00:00.000,
ec1b7a8a-1fd2-4a5d-87fc-75079eb44334.binning_data.json,2023-11-26 13:20:40.402,2023-11-25 03:15:01.306,com.sec.android.app.shealth,-2,3574,1.4231333,2787.0889,207.92001,VfS0qUERdZ,com.sec.android.app.shealth,ec1b7a8a-1fd2-4a5d-87fc-75079eb44334,2023-11-25 00:00:00.000,
9f23d72e-7486-4752-8020-f116b544b9e1.binning_data.json,2023-11-26 03:00:02.352,2023-11-26 03:00:02.352,com.sec.android.app.shealth,0,2124,1.2153865,1601.03,108.8,487mnSNu6t,com.sec.android.app.shealth,9f23d72e-7486-4752-8020-f116b544b9e1,2023-11-25 00:00:00.000,
049679a5-acd6-454d-970b-fb31f4d4e544.binning_data.json,2023-11-27 03:00:01.334,2023-11-26 03:00:06.011,com.sec.android.app.shealth,102,3373,1.4516122,2635.589,198.10004,hriiVjEkYE,com.sec.android.app.shealth,049679a5-acd6-454d-970b-fb31f4d4e544,2023-11-25 00:00:00.000,
5480b543-bf8a-4206-a034-1028f79eb417.binning_data.json,2023-11-27 10:20:41.916,2023-11-26 13:20:40.090,com.sec.android.app.shealth,-2,1955,1.2781354,1481.51,107.32004,VfS0qUERdZ,com.sec.android.app.shealth,5480b543-bf8a-4206-a034-1028f79eb417,2023-11-26 00:00:00.000,
c0b435d9-5f06-45f6-84f6-3f4d2483c760.binning_data.json,2023-11-27 03:00:00.935,2023-11-27 03:00:00.935,com.sec.android.app.shealth,0,776,1.139942,577.11,40.52,487mnSNu6t,com.sec.android.app.shealth,c0b435d9-5f06-45f6-84f6-3f4d2483c760,2023-11-26 00:00:00.000,
67d5cef2-fcef-4d63-8ae4-d749b7cd1ce1.binning_data.json,2023-11-28 03:00:01.073,2023-11-27 03:00:01.349,com.sec.android.app.shealth,102,1838,1.3031033,1397.54,102.210045,hriiVjEkYE,com.sec.android.app.shealth,67d5cef2-fcef-4d63-8ae4-d749b7cd1ce1,2023-11-26 00:00:00.000,
9b07f23c-22cf-4e9e-b4bb-8702c2d38030.binning_data.json,2023-11-28 10:02:15.526,2023-11-27 10:20:41.731,com.sec.android.app.shealth,-2,2037,1.342719,1566.12,117.85005,VfS0qUERdZ,com.sec.android.app.shealth,9b07f23c-22cf-4e9e-b4bb-8702c2d38030,2023-11-27 00:00:00.000,
9e344029-8456-4a26-8e14-418b74472403.binning_data.json,2023-11-28 03:00:00.729,2023-11-28 03:00:00.729,com.sec.android.app.shealth,0,681,1.2339963,514.66,35.49,487mnSNu6t,com.sec.android.app.shealth,9e344029-8456-4a26-8e14-418b74472403,2023-11-27 00:00:00.000,
bac54e8d-d526-4637-9349-a9190221df5e.binning_data.json,2023-11-29 03:00:12.990,2023-11-28 03:00:01.090,com.sec.android.app.shealth,102,1746,1.3680906,1345.3799,102.99005,hriiVjEkYE,com.sec.android.app.shealth,bac54e8d-d526-4637-9349-a9190221df5e,2023-11-27 00:00:00.000,
8a5412e7-9100-41ec-abb8-d1f6dd5e10d5.binning_data.json,2023-11-29 12:18:09.103,2023-11-28 09:49:54.117,com.sec.android.app.shealth,-2,6947,1.4569391,5429.0586,375.31998,VfS0qUERdZ,com.sec.android.app.shealth,8a5412e7-9100-41ec-abb8-d1f6dd5e10d5,2023-11-28 00:00:00.000,
c2f0f075-33f4-41fc-a894-7576f4eda743.binning_data.json,2023-11-29 03:00:01.793,2023-11-29 03:00:01.793,com.sec.android.app.shealth,0,5920,1.3775257,4568.9697,300.26,487mnSNu6t,com.sec.android.app.shealth,c2f0f075-33f4-41fc-a894-7576f4eda743,2023-11-28 00:00:00.000,
9dfecdb5-c882-4f09-84a0-c7d8d7c9d17a.binning_data.json,2023-11-30 03:00:13.178,2023-11-29 03:00:13.144,com.sec.android.app.shealth,102,6442,1.4949658,5060.4497,361.41003,hriiVjEkYE,com.sec.android.app.shealth,9dfecdb5-c882-4f09-84a0-c7d8d7c9d17a,2023-11-28 00:00:00.000,
97caaa13-e8de-46a1-b9fd-8c266541fedf.binning_data.json,2023-11-30 09:55:57.725,2023-11-29 10:26:19.014,com.sec.android.app.shealth,-2,2005,1.2793169,1520.0698,110.23,VfS0qUERdZ,com.sec.android.app.shealth,97caaa13-e8de-46a1-b9fd-8c266541fedf,2023-11-29 00:00:00.000,
4e5ca8cf-476d-437f-b41e-58a6e770c68a.binning_data.json,2023-11-30 03:00:11.928,2023-11-30 03:00:11.928,com.sec.android.app.shealth,0,915,1.2650352,693.84,47.36,487mnSNu6t,com.sec.android.app.shealth,4e5ca8cf-476d-437f-b41e-58a6e770c68a,2023-11-29 00:00:00.000,
715c044b-77bc-4feb-907c-c1bdc8713ae8.binning_data.json,2023-12-01 03:00:06.565,2023-11-30 03:00:13.215,com.sec.android.app.shealth,102,1782,1.2715672,1347.0198,99.14001,hriiVjEkYE,com.sec.android.app.shealth,715c044b-77bc-4feb-907c-c1bdc8713ae8,2023-11-29 00:00:00.000,
b8f41616-64a0-481b-9797-965d265ab5f2.binning_data.json,2023-12-01 01:59:16.608,2023-11-30 09:50:23.342,com.sec.android.app.shealth,-2,5863,1.3296477,4483.9805,313.77,VfS0qUERdZ,com.sec.android.app.shealth,b8f41616-64a0-481b-9797-965d265ab5f2,2023-11-30 00:00:00.000,
0d1199c6-b4cc-498d-a70e-54ae3c9653b5.binning_data.json,2023-12-01 03:00:06.270,2023-12-01 03:00:06.270,com.sec.android.app.shealth,0,4045,1.2909642,3083.1199,204.36,487mnSNu6t,com.sec.android.app.shealth,0d1199c6-b4cc-498d-a70e-54ae3c9653b5,2023-11-30 00:00:00.000,
5d9965cf-2a7b-47dc-baa8-9cb2020fb111.binning_data.json,2023-12-01 03:00:06.563,2023-12-01 03:00:06.563,com.sec.android.app.shealth,102,5334,1.3623637,4095.4507,289.98007,hriiVjEkYE,com.sec.android.app.shealth,5d9965cf-2a7b-47dc-baa8-9cb2020fb111,2023-11-30 00:00:00.000,
fbb48f76-45d5-4dae-ac29-6fb399d0184a.binning_data.json,2023-12-02 03:22:55.070,2023-12-01 03:15:36.130,com.sec.android.app.shealth,-2,2100,1.4910263,1665.5802,134.53001,VfS0qUERdZ,com.sec.android.app.shealth,fbb48f76-45d5-4dae-ac29-6fb399d0184a,2023-12-01 00:00:00.000,
08e17ed7-b3bf-4743-82f8-358abf87869c.binning_data.json,2023-12-02 03:00:01.802,2023-12-02 03:00:01.802,com.sec.android.app.shealth,0,794,1.2487589,599.71,41.17,487mnSNu6t,com.sec.android.app.shealth,08e17ed7-b3bf-4743-82f8-358abf87869c,2023-12-01 00:00:00.000,
fd508889-400a-4fd7-a7b1-1fe4fe2abf52.binning_data.json,2023-12-03 03:00:09.327,2023-12-02 03:00:02.397,com.sec.android.app.shealth,102,1955,1.5249587,1555.7404,128.15002,hriiVjEkYE,com.sec.android.app.shealth,fd508889-400a-4fd7-a7b1-1fe4fe2abf52,2023-12-01 00:00:00.000,
3e48549c-ca26-46f9-81b3-20a063e7bbac.binning_data.json,2023-12-04 12:27:06.271,2023-12-02 03:22:54.965,com.sec.android.app.shealth,-2,4273,1.2316307,3241.6501,231.15999,VfS0qUERdZ,com.sec.android.app.shealth,3e48549c-ca26-46f9-81b3-20a063e7bbac,2023-12-02 00:00:00.000,
0cf93f49-b06b-4d1e-ac54-1c0f3c935328.binning_data.json,2023-12-03 03:00:08.472,2023-12-03 03:00:08.472,com.sec.android.app.shealth,0,3493,1.1572306,2603.35,177.56,487mnSNu6t,com.sec.android.app.shealth,0cf93f49-b06b-4d1e-ac54-1c0f3c935328,2023-12-02 00:00:00.000,
1ad2818a-dfd5-41cc-a5c7-6a86bf304c73.binning_data.json,2023-12-05 03:00:02.177,2023-12-03 03:00:09.323,com.sec.android.app.shealth,102,859,1.6066861,697.06006,57.689995,hriiVjEkYE,com.sec.android.app.shealth,1ad2818a-dfd5-41cc-a5c7-6a86bf304c73,2023-12-02 00:00:00.000,
116a66af-29a3-4f0c-a4a0-c8c04f2fa150.binning_data.json,2023-12-04 02:40:50.909,2023-12-03 03:15:21.930,com.sec.android.app.shealth,-2,1737,1.2200791,1311.07,89.46,VfS0qUERdZ,com.sec.android.app.shealth,116a66af-29a3-4f0c-a4a0-c8c04f2fa150,2023-12-03 00:00:00.000,
3a70eec4-841e-49e0-ac7b-89186f332c5e.binning_data.json,2023-12-04 03:00:00.588,2023-12-04 03:00:00.588,com.sec.android.app.shealth,0,1737,1.2200791,1311.07,89.46,487mnSNu6t,com.sec.android.app.shealth,3a70eec4-841e-49e0-ac7b-89186f332c5e,2023-12-03 00:00:00.000,
120b3cc2-78b0-468f-9aa1-6c2d51117b31.binning_data.json,2023-12-05 10:21:12.044,2023-12-04 12:27:06.100,com.sec.android.app.shealth,-2,3349,1.4937599,2645.6094,205.75006,VfS0qUERdZ,com.sec.android.app.shealth,120b3cc2-78b0-468f-9aa1-6c2d51117b31,2023-12-04 00:00:00.000,
bc65f88c-592a-4e0b-adb6-9bbec1c29f26.binning_data.json,2023-12-05 03:00:01.689,2023-12-05 03:00:01.689,com.sec.android.app.shealth,0,1464,1.3130207,1118.53,74.82,487mnSNu6t,com.sec.android.app.shealth,bc65f88c-592a-4e0b-adb6-9bbec1c29f26,2023-12-04 00:00:00.000,
74d4000b-8a02-455b-b1ce-a59503c42a70.binning_data.json,2023-12-06 03:00:01.803,2023-12-05 03:00:02.195,com.sec.android.app.shealth,102,3048,1.5267702,2418.9895,190.31004,hriiVjEkYE,com.sec.android.app.shealth,74d4000b-8a02-455b-b1ce-a59503c42a70,2023-12-04 00:00:00.000,
7bb49b7c-f9f1-477f-8496-c98d1f11329a.binning_data.json,2023-12-06 10:00:15.674,2023-12-05 10:21:11.879,com.sec.android.app.shealth,-2,3769,1.3578242,2901.4702,214.05002,VfS0qUERdZ,com.sec.android.app.shealth,7bb49b7c-f9f1-477f-8496-c98d1f11329a,2023-12-05 00:00:00.000,
482c6e16-62bb-42a6-ba39-c8b72913f60b.binning_data.json,2023-12-06 03:00:01.188,2023-12-06 03:00:01.188,com.sec.android.app.shealth,0,2417,1.2982388,1842.51,123.44,487mnSNu6t,com.sec.android.app.shealth,482c6e16-62bb-42a6-ba39-c8b72913f60b,2023-12-05 00:00:00.000,
ef79430e-c230-40b2-9e57-f68c9bae5acd.binning_data.json,2023-12-07 03:00:09.585,2023-12-06 03:00:01.816,com.sec.android.app.shealth,102,3226,1.3846827,2491.2402,187.0,hriiVjEkYE,com.sec.android.app.shealth,ef79430e-c230-40b2-9e57-f68c9bae5acd,2023-12-05 00:00:00.000,
e6eb1a19-4bed-4764-9fce-e3dc6e0baa86.binning_data.json,2023-12-07 08:17:33.155,2023-12-06 09:55:00.659,com.sec.android.app.shealth,-2,7157,1.3852949,5540.65,388.64005,VfS0qUERdZ,com.sec.android.app.shealth,e6eb1a19-4bed-4764-9fce-e3dc6e0baa86,2023-12-06 00:00:00.000,
1cbf58ee-a35c-4ba2-8f73-5a9f0cc38132.binning_data.json,2023-12-07 03:00:07.010,2023-12-07 03:00:07.010,com.sec.android.app.shealth,0,6012,1.3544564,4633.0,308.07,487mnSNu6t,com.sec.android.app.shealth,1cbf58ee-a35c-4ba2-8f73-5a9f0cc38132,2023-12-06 00:00:00.000,
ebc7bc91-7bd8-4174-b0b9-3ba3c0c09c85.binning_data.json,2023-12-08 03:00:11.284,2023-12-07 03:00:09.648,com.sec.android.app.shealth,102,6580,1.4165121,5103.44,359.34,hriiVjEkYE,com.sec.android.app.shealth,ebc7bc91-7bd8-4174-b0b9-3ba3c0c09c85,2023-12-06 00:00:00.000,
3b2a544c-4b97-4760-bd9b-214c43d9b7dd.binning_data.json,2023-12-08 09:34:49.064,2023-12-07 09:55:02.349,com.sec.android.app.shealth,-2,4135,1.3374022,3178.3499,216.40999,VfS0qUERdZ,com.sec.android.app.shealth,3b2a544c-4b97-4760-bd9b-214c43d9b7dd,2023-12-07 00:00:00.000,
adf583c4-6692-4019-87d6-7211d19c2724.binning_data.json,2023-12-08 03:00:09.354,2023-12-08 03:00:09.354,com.sec.android.app.shealth,0,3897,1.3052701,2974.03,197.86,487mnSNu6t,com.sec.android.app.shealth,adf583c4-6692-4019-87d6-7211d19c2724,2023-12-07 00:00:00.000,
1169542a-e861-4f51-b752-f55a0663b112.binning_data.json,2023-12-09 03:00:07.349,2023-12-08 03:00:11.280,com.sec.android.app.shealth,102,1883,1.5266504,1486.7899,107.4,hriiVjEkYE,com.sec.android.app.shealth,1169542a-e861-4f51-b752-f55a0663b112,2023-12-07 00:00:00.000,
18c6ae25-fa0b-4ffa-902b-e161badf58ff.binning_data.json,2023-12-09 14:36:54.014,2023-12-08 09:34:48.682,com.sec.android.app.shealth,-2,7789,1.4188864,6059.158,430.76947,VfS0qUERdZ,com.sec.android.app.shealth,18c6ae25-fa0b-4ffa-902b-e161badf58ff,2023-12-08 00:00:00.000,
e85ae2a1-efbc-425f-9799-da5204610b5e.binning_data.json,2023-12-09 03:00:05.658,2023-12-09 03:00:05.658,com.sec.android.app.shealth,0,5958,1.3888679,4615.0,303.83002,487mnSNu6t,com.sec.android.app.shealth,e85ae2a1-efbc-425f-9799-da5204610b5e,2023-12-08 00:00:00.000,
f1e9ec8c-eb9d-4a58-83a6-39faf9783310.binning_data.json,2023-12-10 03:15:43.036,2023-12-09 03:00:07.346,com.sec.android.app.shealth,102,7272,1.4423201,5676.598,414.13806,hriiVjEkYE,com.sec.android.app.shealth,f1e9ec8c-eb9d-4a58-83a6-39faf9783310,2023-12-08 00:00:00.000,
0e560dbc-5486-479c-a3b7-44f2e54c61e2.binning_data.json,2023-12-10 04:11:22.879,2023-12-09 14:36:53.659,com.sec.android.app.shealth,-2,5567,1.3210646,4257.6914,302.3101,VfS0qUERdZ,com.sec.android.app.shealth,0e560dbc-5486-479c-a3b7-44f2e54c61e2,2023-12-09 00:00:00.000,
261f5861-5948-44cf-a817-5f73bf408b49.binning_data.json,2023-12-10 03:15:42.668,2023-12-10 03:15:42.668,com.sec.android.app.shealth,0,2683,1.2577361,2042.6,139.36,487mnSNu6t,com.sec.android.app.shealth,261f5861-5948-44cf-a817-5f73bf408b49,2023-12-09 00:00:00.000,
e7e354ce-b8d8-4d7c-9f39-ac097a704bf4.binning_data.json,2023-12-11 03:00:01.904,2023-12-10 03:15:43.033,com.sec.android.app.shealth,102,4454,1.3330612,3399.1208,245.86009,hriiVjEkYE,com.sec.android.app.shealth,e7e354ce-b8d8-4d7c-9f39-ac097a704bf4,2023-12-09 00:00:00.000,
5092f614-fc5a-4a64-aaf5-be9a36fa1b16.binning_data.json,2023-12-11 02:21:35.273,2023-12-10 03:48:59.912,com.sec.android.app.shealth,-2,2737,1.4233891,2142.7202,174.12003,VfS0qUERdZ,com.sec.android.app.shealth,5092f614-fc5a-4a64-aaf5-be9a36fa1b16,2023-12-10 00:00:00.000,
376944a0-1c80-4772-a838-d69b40a198f4.binning_data.json,2023-12-11 03:00:01.347,2023-12-11 03:00:01.347,com.sec.android.app.shealth,0,330,1.236553,249.27,17.3,487mnSNu6t,com.sec.android.app.shealth,376944a0-1c80-4772-a838-d69b40a198f4,2023-12-10 00:00:00.000,
71ca15e6-6ae1-48b6-8530-658f708f284d.binning_data.json,2023-12-11 03:00:01.902,2023-12-11 03:00:01.902,com.sec.android.app.shealth,102,2701,1.4263983,2114.85,172.55003,hriiVjEkYE,com.sec.android.app.shealth,71ca15e6-6ae1-48b6-8530-658f708f284d,2023-12-10 00:00:00.000,
260413fd-21af-4a9e-aabc-b1c565a5e9bc.binning_data.json,2023-12-12 09:27:22.679,2023-12-11 12:23:15.207,com.sec.android.app.shealth,-2,2297,1.4884663,1825.0599,151.87001,VfS0qUERdZ,com.sec.android.app.shealth,260413fd-21af-4a9e-aabc-b1c565a5e9bc,2023-12-11 00:00:00.000,
75cac2bf-d648-4f71-8424-10c84744842d.binning_data.json,2023-12-12 03:00:08.156,2023-12-12 03:00:08.156,com.sec.android.app.shealth,0,890,1.2577269,675.72003,46.71,487mnSNu6t,com.sec.android.app.shealth,75cac2bf-d648-4f71-8424-10c84744842d,2023-12-11 00:00:00.000,
eb44b935-bbf4-40bc-9079-bc2c05e50c71.binning_data.json,2023-12-13 03:00:03.760,2023-12-12 03:00:10.152,com.sec.android.app.shealth,102,2002,1.5339599,1598.7499,137.83003,hriiVjEkYE,com.sec.android.app.shealth,eb44b935-bbf4-40bc-9079-bc2c05e50c71,2023-12-11 00:00:00.000,
b83845a9-7f2f-423b-ac1d-7b3027f402e0.binning_data.json,2023-12-13 10:01:39.297,2023-12-12 09:27:22.426,com.sec.android.app.shealth,-2,6294,1.3455662,4844.2095,341.9201,VfS0qUERdZ,com.sec.android.app.shealth,b83845a9-7f2f-423b-ac1d-7b3027f402e0,2023-12-12 00:00:00.000,
8de8ed74-41a2-4b5e-b46a-fa76c329dbaa.binning_data.json,2023-12-13 03:00:02.522,2023-12-13 03:00:02.522,com.sec.android.app.shealth,0,4981,1.2594231,3781.35,256.44,487mnSNu6t,com.sec.android.app.shealth,8de8ed74-41a2-4b5e-b46a-fa76c329dbaa,2023-12-12 00:00:00.000,
9f9d75b4-5763-4738-95fa-a756d170685d.binning_data.json,2023-12-14 03:00:25.726,2023-12-13 03:00:03.781,com.sec.android.app.shealth,102,5386,1.3955519,4167.4,301.74017,hriiVjEkYE,com.sec.android.app.shealth,9f9d75b4-5763-4738-95fa-a756d170685d,2023-12-12 00:00:00.000,
8b2a87f7-ab59-4962-b1a5-e2aebf78491d.binning_data.json,2023-12-14 05:11:36.150,2023-12-13 09:55:15.390,com.sec.android.app.shealth,-2,6224,1.437964,4847.5596,338.52,VfS0qUERdZ,com.sec.android.app.shealth,8b2a87f7-ab59-4962-b1a5-e2aebf78491d,2023-12-13 00:00:00.000,
34ab266b-6129-4825-8ea7-2262dad4f253.binning_data.json,2023-12-14 03:00:23.852,2023-12-14 03:00:23.852,com.sec.android.app.shealth,0,4958,1.3535928,3818.82,252.91,487mnSNu6t,com.sec.android.app.shealth,34ab266b-6129-4825-8ea7-2262dad4f253,2023-12-13 00:00:00.000,
996c8fe9-15a0-4f4b-aea2-a8cbeb673c6d.binning_data.json,2023-12-15 03:00:04.142,2023-12-14 03:00:25.747,com.sec.android.app.shealth,102,5825,1.4821274,4560.2095,326.62994,hriiVjEkYE,com.sec.android.app.shealth,996c8fe9-15a0-4f4b-aea2-a8cbeb673c6d,2023-12-13 00:00:00.000,
eaf278ac-8824-4f7e-89b5-096f1685e8b4.binning_data.json,2023-12-15 04:25:49.159,2023-12-14 09:02:23.468,com.sec.android.app.shealth,-2,2772,1.3394163,2117.9604,148.56004,VfS0qUERdZ,com.sec.android.app.shealth,eaf278ac-8824-4f7e-89b5-096f1685e8b4,2023-12-14 00:00:00.000,
2fd96909-2d96-407c-8bd7-074d82095454.binning_data.json,2023-12-15 03:00:02.144,2023-12-15 03:00:02.144,com.sec.android.app.shealth,0,1370,1.2611189,1039.26,70.52,487mnSNu6t,com.sec.android.app.shealth,2fd96909-2d96-407c-8bd7-074d82095454,2023-12-14 00:00:00.000,
e3ed8f1a-4871-4b74-bb95-5524beab192a.binning_data.json,2023-12-16 03:10:39.899,2023-12-15 03:00:04.136,com.sec.android.app.shealth,102,2391,1.3641645,1829.6409,128.93008,hriiVjEkYE,com.sec.android.app.shealth,e3ed8f1a-4871-4b74-bb95-5524beab192a,2023-12-14 00:00:00.000,
ceeb3429-fed6-4024-a877-86e574fc472f.binning_data.json,2023-12-16 04:36:46.502,2023-12-15 03:02:44.079,com.sec.android.app.shealth,-2,3068,1.3308849,2356.9202,175.14003,VfS0qUERdZ,com.sec.android.app.shealth,ceeb3429-fed6-4024-a877-86e574fc472f,2023-12-15 00:00:00.000,
2ea6b0a8-8c3d-4d60-9539-65fd42a0f288.binning_data.json,2023-12-16 03:10:32.804,2023-12-16 03:10:32.804,com.sec.android.app.shealth,0,1625,1.1838245,1218.01,84.19,487mnSNu6t,com.sec.android.app.shealth,2ea6b0a8-8c3d-4d60-9539-65fd42a0f288,2023-12-15 00:00:00.000,
bee8eff3-e82a-4e25-afaa-0648811cc57c.binning_data.json,2023-12-17 03:00:01.624,2023-12-16 03:10:39.926,com.sec.android.app.shealth,102,2434,1.3916382,1881.9401,144.19003,hriiVjEkYE,com.sec.android.app.shealth,bee8eff3-e82a-4e25-afaa-0648811cc57c,2023-12-15 00:00:00.000,
043e054d-6446-4bf1-ab83-53136e80d3e2.binning_data.json,2023-12-17 17:20:28.054,2023-12-16 04:36:46.249,com.sec.android.app.shealth,-2,2355,1.430416,1834.5604,133.37001,VfS0qUERdZ,com.sec.android.app.shealth,043e054d-6446-4bf1-ab83-53136e80d3e2,2023-12-16 00:00:00.000,
3d17ea20-f4fd-4a4c-a14d-7c3d775ad662.binning_data.json,2023-12-17 03:00:00.861,2023-12-17 03:00:00.861,com.sec.android.app.shealth,0,1157,1.1986026,872.02,60.38,487mnSNu6t,com.sec.android.app.shealth,3d17ea20-f4fd-4a4c-a14d-7c3d775ad662,2023-12-16 00:00:00.000,
74cec9a8-dd97-4902-8bf6-f220c2c38cd0.binning_data.json,2023-12-18 03:00:01.965,2023-12-17 03:00:01.616,com.sec.android.app.shealth,102,1977,1.4901205,1546.54,114.79002,hriiVjEkYE,com.sec.android.app.shealth,74cec9a8-dd97-4902-8bf6-f220c2c38cd0,2023-12-16 00:00:00.000,
a4e98cda-09e7-40a6-86a6-68959c77b0d0.binning_data.json,2023-12-18 03:01:16.059,2023-12-17 15:55:01.126,com.sec.android.app.shealth,-2,3419,1.4086117,2660.5896,204.19008,VfS0qUERdZ,com.sec.android.app.shealth,a4e98cda-09e7-40a6-86a6-68959c77b0d0,2023-12-17 00:00:00.000,
6dfd0cc9-b580-4578-8145-294b30d4fd28.binning_data.json,2023-12-18 03:00:01.475,2023-12-18 03:00:01.475,com.sec.android.app.shealth,0,1529,1.2103909,1152.05,79.28,487mnSNu6t,com.sec.android.app.shealth,6dfd0cc9-b580-4578-8145-294b30d4fd28,2023-12-17 00:00:00.000,
4f42c0df-91c2-48ad-9f37-c818ca9e82d5.binning_data.json,2023-12-19 03:00:19.656,2023-12-18 03:00:01.959,com.sec.android.app.shealth,102,3082,1.4464152,2406.1497,187.23009,hriiVjEkYE,com.sec.android.app.shealth,4f42c0df-91c2-48ad-9f37-c818ca9e82d5,2023-12-17 00:00:00.000,
a13fca37-f09a-41fa-9b9a-f20d0e037450.binning_data.json,2023-12-19 14:19:08.335,2023-12-18 11:33:05.212,com.sec.android.app.shealth,-2,6895,1.2678131,5243.0,360.78,VfS0qUERdZ,com.sec.android.app.shealth,a13fca37-f09a-41fa-9b9a-f20d0e037450,2023-12-18 00:00:00.000,
5de2fff4-33a7-4d26-a68b-347468e81c2f.binning_data.json,2023-12-19 03:00:15.747,2023-12-19 03:00:15.747,com.sec.android.app.shealth,0,5887,1.2338278,4452.9,299.63,487mnSNu6t,com.sec.android.app.shealth,5de2fff4-33a7-4d26-a68b-347468e81c2f,2023-12-18 00:00:00.000,
7eb84907-4632-4f74-a3dc-c59dce2a614b.binning_data.json,2023-12-20 03:00:20.824,2023-12-19 03:00:19.911,com.sec.android.app.shealth,102,1500,1.4255084,1165.0098,88.43999,hriiVjEkYE,com.sec.android.app.shealth,7eb84907-4632-4f74-a3dc-c59dce2a614b,2023-12-18 00:00:00.000,
4266b503-30d5-4b3b-860d-6c5c34edd455.binning_data.json,2023-12-20 04:41:31.687,2023-12-19 11:17:10.458,com.sec.android.app.shealth,-2,2179,1.3584251,1678.1398,124.670006,VfS0qUERdZ,com.sec.android.app.shealth,4266b503-30d5-4b3b-860d-6c5c34edd455,2023-12-19 00:00:00.000,
91835b43-44e1-4106-9b48-7bfa7e6dc6be.binning_data.json,2023-12-20 03:03:16.901,2023-12-20 03:00:19.607,com.sec.android.app.shealth,0,999,1.2609818,758.25,51.77,487mnSNu6t,com.sec.android.app.shealth,91835b43-44e1-4106-9b48-7bfa7e6dc6be,2023-12-19 00:00:00.000,
c9dd85ad-710b-45cf-8863-18de1ba5d8f4.binning_data.json,2023-12-21 03:00:03.741,2023-12-20 03:00:20.818,com.sec.android.app.shealth,102,1839,1.3727999,1417.4897,108.37,hriiVjEkYE,com.sec.android.app.shealth,c9dd85ad-710b-45cf-8863-18de1ba5d8f4,2023-12-19 00:00:00.000,
9760bf85-ec6b-4868-8c5b-cb058373f40b.binning_data.json,2023-12-21 09:37:47.345,2023-12-20 04:15:01.307,com.sec.android.app.shealth,-2,7679,1.4001541,5957.24,418.99997,VfS0qUERdZ,com.sec.android.app.shealth,9760bf85-ec6b-4868-8c5b-cb058373f40b,2023-12-20 00:00:00.000,
c27e7158-b6e8-409f-8410-e6ef53ea749f.binning_data.json,2023-12-21 03:00:01.562,2023-12-21 03:00:01.562,com.sec.android.app.shealth,0,5254,1.3628948,4049.48,267.65,487mnSNu6t,com.sec.android.app.shealth,c27e7158-b6e8-409f-8410-e6ef53ea749f,2023-12-20 00:00:00.000,
fe79e120-7bd7-461a-8186-5f48a0ee858d.binning_data.json,2023-12-22 03:00:03.355,2023-12-21 03:00:03.794,com.sec.android.app.shealth,102,7093,1.4368175,5528.3,396.21,hriiVjEkYE,com.sec.android.app.shealth,fe79e120-7bd7-461a-8186-5f48a0ee858d,2023-12-20 00:00:00.000,
ad66acc4-831d-47ee-bb35-be6af5eaacbe.binning_data.json,2023-12-22 11:15:28.617,2023-12-21 09:37:47.012,com.sec.android.app.shealth,-2,6837,1.4279171,5316.7417,382.12997,VfS0qUERdZ,com.sec.android.app.shealth,ad66acc4-831d-47ee-bb35-be6af5eaacbe,2023-12-21 00:00:00.000,
368ace1b-55e9-477d-b35d-861754713201.binning_data.json,2023-12-22 03:00:01.772,2023-12-22 03:00:01.772,com.sec.android.app.shealth,0,4852,1.349243,3730.47,246.81,487mnSNu6t,com.sec.android.app.shealth,368ace1b-55e9-477d-b35d-861754713201,2023-12-21 00:00:00.000,
ea137203-fbc3-4f15-b053-d5b67b927fe9.binning_data.json,2023-12-23 03:00:03.027,2023-12-22 03:00:03.372,com.sec.android.app.shealth,102,6483,1.45829,5061.7817,366.56003,hriiVjEkYE,com.sec.android.app.shealth,ea137203-fbc3-4f15-b053-d5b67b927fe9,2023-12-21 00:00:00.000,
a1ae26d8-7998-42b8-b22c-507a16bd754b.binning_data.json,2023-12-23 04:03:53.286,2023-12-22 11:15:28.312,com.sec.android.app.shealth,-2,5560,1.2785263,4211.3794,295.88004,VfS0qUERdZ,com.sec.android.app.shealth,a1ae26d8-7998-42b8-b22c-507a16bd754b,2023-12-22 00:00:00.000,
d0dad4cb-abc0-439c-92aa-7fe8b692e916.binning_data.json,2023-12-23 03:15:05.192,2023-12-23 03:00:01.538,com.sec.android.app.shealth,0,3663,1.1990561,2754.6,187.95,487mnSNu6t,com.sec.android.app.shealth,d0dad4cb-abc0-439c-92aa-7fe8b692e916,2023-12-22 00:00:00.000,
5c81fe10-89e7-4326-a4be-f0cabc4fb820.binning_data.json,2023-12-24 03:00:04.538,2023-12-23 03:00:03.043,com.sec.android.app.shealth,102,5330,1.2963318,4042.0994,284.92,hriiVjEkYE,com.sec.android.app.shealth,5c81fe10-89e7-4326-a4be-f0cabc4fb820,2023-12-22 00:00:00.000,
e4c72893-2b14-4d1b-8973-1ec5d38a7d9e.binning_data.json,2023-12-24 04:21:40.721,2023-12-23 03:15:04.873,com.sec.android.app.shealth,-2,2931,1.4610317,2300.1494,174.39001,VfS0qUERdZ,com.sec.android.app.shealth,e4c72893-2b14-4d1b-8973-1ec5d38a7d9e,2023-12-23 00:00:00.000,
45b47fe4-f8ea-43cc-a13c-c0dbcf4769dd.binning_data.json,2023-12-24 03:00:01.595,2023-12-23 03:15:05.183,com.sec.android.app.shealth,0,896,1.2894485,682.24,45.87,487mnSNu6t,com.sec.android.app.shealth,45b47fe4-f8ea-43cc-a13c-c0dbcf4769dd,2023-12-23 00:00:00.000,
b639d8fb-8909-4bad-94dd-20ee21c43e86.binning_data.json,2023-12-25 03:00:09.919,2023-12-24 03:00:04.529,com.sec.android.app.shealth,102,2858,1.4512426,2238.0596,171.43002,hriiVjEkYE,com.sec.android.app.shealth,b639d8fb-8909-4bad-94dd-20ee21c43e86,2023-12-23 00:00:00.000,
dfec1b9f-b473-4221-b92b-aafed65523be.binning_data.json,2023-12-25 04:23:11.193,2023-12-24 03:35:02.373,com.sec.android.app.shealth,-2,3720,1.2448305,2808.4604,196.47005,VfS0qUERdZ,com.sec.android.app.shealth,dfec1b9f-b473-4221-b92b-aafed65523be,2023-12-24 00:00:00.000,
221cdaa4-6e99-4dc0-8d91-296c04ca8599.binning_data.json,2023-12-25 03:00:02.957,2023-12-25 03:00:02.957,com.sec.android.app.shealth,0,2341,1.1803774,1757.88,121.64,487mnSNu6t,com.sec.android.app.shealth,221cdaa4-6e99-4dc0-8d91-296c04ca8599,2023-12-24 00:00:00.000,
c8db0907-e320-460f-a0d9-5319b978c622.binning_data.json,2023-12-26 03:00:05.177,2023-12-25 03:00:09.913,com.sec.android.app.shealth,102,2433,1.2905651,1840.3605,129.06006,hriiVjEkYE,com.sec.android.app.shealth,c8db0907-e320-460f-a0d9-5319b978c622,2023-12-24 00:00:00.000,
b1f99133-c372-4aa6-8938-8ddb411ca05f.binning_data.json,2023-12-26 05:37:50.733,2023-12-25 03:11:54.916,com.sec.android.app.shealth,-2,4697,1.357379,3615.3303,265.6101,VfS0qUERdZ,com.sec.android.app.shealth,b1f99133-c372-4aa6-8938-8ddb411ca05f,2023-12-25 00:00:00.000,
1126fa70-8020-4e00-a0aa-73a5a7a32f7b.binning_data.json,2023-12-26 03:00:03.994,2023-12-26 03:00:03.994,com.sec.android.app.shealth,0,2403,1.2256727,1812.39,123.03,487mnSNu6t,com.sec.android.app.shealth,1126fa70-8020-4e00-a0aa-73a5a7a32f7b,2023-12-25 00:00:00.000,
57000e35-5d42-4430-944a-3188c3392be5.binning_data.json,2023-12-27 03:00:02.295,2023-12-26 03:00:05.193,com.sec.android.app.shealth,102,4236,1.3743112,3262.1802,241.89009,hriiVjEkYE,com.sec.android.app.shealth,57000e35-5d42-4430-944a-3188c3392be5,2023-12-25 00:00:00.000,
0b503341-b1fa-4517-839a-c0c3b8db7839.binning_data.json,2023-12-27 11:39:07.026,2023-12-26 03:48:10.740,com.sec.android.app.shealth,-2,2384,1.5816604,1915.5797,157.15999,VfS0qUERdZ,com.sec.android.app.shealth,0b503341-b1fa-4517-839a-c0c3b8db7839,2023-12-26 00:00:00.000,
28c8f1fc-7c2c-4a2b-b1c8-66882c212526.binning_data.json,2023-12-27 03:00:01.442,2023-12-27 03:00:01.442,com.sec.android.app.shealth,0,899,1.3286586,690.34,47.02,487mnSNu6t,com.sec.android.app.shealth,28c8f1fc-7c2c-4a2b-b1c8-66882c212526,2023-12-26 00:00:00.000,
cf3e2c36-024c-405b-9165-aff3a8a6618f.binning_data.json,2023-12-28 03:00:07.184,2023-12-27 03:00:02.278,com.sec.android.app.shealth,102,2122,1.6070241,1709.6595,144.94998,hriiVjEkYE,com.sec.android.app.shealth,cf3e2c36-024c-405b-9165-aff3a8a6618f,2023-12-26 00:00:00.000,
fb481559-9ae0-414a-a887-0a86d618c7b0.binning_data.json,2023-12-28 13:22:27.442,2023-12-27 11:39:06.800,com.sec.android.app.shealth,-2,4861,1.4958283,3814.4014,265.54007,VfS0qUERdZ,com.sec.android.app.shealth,fb481559-9ae0-414a-a887-0a86d618c7b0,2023-12-27 00:00:00.000,
8f9851de-08c6-413f-bbea-b1b1858401f8.binning_data.json,2023-12-28 03:00:03.928,2023-12-28 03:00:03.928,com.sec.android.app.shealth,0,2880,1.4891702,2255.83,140.20999,487mnSNu6t,com.sec.android.app.shealth,8f9851de-08c6-413f-bbea-b1b1858401f8,2023-12-27 00:00:00.000,
0cb91790-3d92-4a30-a064-e94fe1ab440b.binning_data.json,2023-12-29 03:00:02.198,2023-12-28 03:00:07.206,com.sec.android.app.shealth,102,4488,1.5084339,3527.3916,253.19002,hriiVjEkYE,com.sec.android.app.shealth,0cb91790-3d92-4a30-a064-e94fe1ab440b,2023-12-27 00:00:00.000,
25fe1dc3-c8a8-4308-925d-7ffc8c1a468c.binning_data.json,2023-12-29 02:41:28.188,2023-12-28 11:30:59.699,com.sec.android.app.shealth,-2,2405,1.5481447,1911.8497,143.38998,VfS0qUERdZ,com.sec.android.app.shealth,25fe1dc3-c8a8-4308-925d-7ffc8c1a468c,2023-12-28 00:00:00.000,
55483e30-65b5-44a4-a1f8-62e43fba4bad.binning_data.json,2023-12-29 03:00:01.571,2023-12-29 03:00:01.571,com.sec.android.app.shealth,0,810,1.2425525,603.5,25.449999,487mnSNu6t,com.sec.android.app.shealth,55483e30-65b5-44a4-a1f8-62e43fba4bad,2023-12-28 00:00:00.000,
ed4d85bb-5144-4b75-958d-ea3022513655.binning_data.json,2023-12-29 03:00:02.215,2023-12-29 03:00:02.215,com.sec.android.app.shealth,102,1919,1.6564814,1552.9796,130.40999,hriiVjEkYE,com.sec.android.app.shealth,ed4d85bb-5144-4b75-958d-ea3022513655,2023-12-28 00:00:00.000,
69f8fb42-350a-483c-94ef-efc7070a83d5.binning_data.json,2023-12-30 04:44:56.538,2023-12-29 11:23:06.375,com.sec.android.app.shealth,-2,2721,1.2457328,2051.09,147.04,VfS0qUERdZ,com.sec.android.app.shealth,69f8fb42-350a-483c-94ef-efc7070a83d5,2023-12-29 00:00:00.000,
400ff1d3-0ae9-4bb7-aa85-7df394fa1a2b.binning_data.json,2023-12-30 03:00:02.370,2023-12-30 03:00:02.370,com.sec.android.app.shealth,0,1463,1.1888851,1099.23,76.28,487mnSNu6t,com.sec.android.app.shealth,400ff1d3-0ae9-4bb7-aa85-7df394fa1a2b,2023-12-29 00:00:00.000,
5959a99e-ed2f-4e6d-8890-bd5e27a644a7.binning_data.json,2023-12-31 03:00:04.294,2023-12-30 03:00:14.701,com.sec.android.app.shealth,102,2130,1.2668537,1605.58,115.83,hriiVjEkYE,com.sec.android.app.shealth,5959a99e-ed2f-4e6d-8890-bd5e27a644a7,2023-12-29 00:00:00.000,
0971505f-c3dd-4a9b-87db-dc98005fe0fd.binning_data.json,2024-01-01 00:55:17.337,2023-12-30 03:14:58.874,com.sec.android.app.shealth,-2,6888,1.3155575,5248.2188,369.54007,VfS0qUERdZ,com.sec.android.app.shealth,0971505f-c3dd-4a9b-87db-dc98005fe0fd,2023-12-30 00:00:00.000,
f3d71053-ef98-46d3-b90d-cede089a595d.binning_data.json,2023-12-31 03:00:02.397,2023-12-31 03:00:02.397,com.sec.android.app.shealth,0,2182,1.2536944,1650.8,113.18,487mnSNu6t,com.sec.android.app.shealth,f3d71053-ef98-46d3-b90d-cede089a595d,2023-12-30 00:00:00.000,
6d3f512f-b2f2-408e-99a1-f51572a6c217.binning_data.json,2024-01-01 03:00:08.204,2023-12-31 03:00:04.313,com.sec.android.app.shealth,102,6231,1.318312,4747.1787,337.33005,hriiVjEkYE,com.sec.android.app.shealth,6d3f512f-b2f2-408e-99a1-f51572a6c217,2023-12-30 00:00:00.000,
1cd2e542-8752-41c1-bca3-0e408b94d249.binning_data.json,2024-01-01 03:54:46.641,2023-12-31 15:15:03.082,com.sec.android.app.shealth,-2,5937,1.26994,4502.48,306.1,VfS0qUERdZ,com.sec.android.app.shealth,1cd2e542-8752-41c1-bca3-0e408b94d249,2023-12-31 00:00:00.000,
30225f0c-862f-45b2-b186-bace7a3ceb8e.binning_data.json,2024-01-01 03:15:46.616,2024-01-01 03:00:02.560,com.sec.android.app.shealth,0,5276,1.2597876,3996.94,269.48,487mnSNu6t,com.sec.android.app.shealth,30225f0c-862f-45b2-b186-bace7a3ceb8e,2023-12-31 00:00:00.000,
1c7dd209-6722-49f2-a499-971ceabb43d9.binning_data.json,2024-01-02 03:00:02.809,2024-01-01 03:00:08.199,com.sec.android.app.shealth,102,1306,1.2944,992.5,70.259995,hriiVjEkYE,com.sec.android.app.shealth,1c7dd209-6722-49f2-a499-971ceabb43d9,2023-12-31 00:00:00.000,
efcb1069-6803-4273-9812-6ffa447e3ade.binning_data.json,2024-01-02 11:35:23.186,2024-01-01 03:34:30.338,com.sec.android.app.shealth,-2,3945,1.368572,3052.9006,229.69003,VfS0qUERdZ,com.sec.android.app.shealth,efcb1069-6803-4273-9812-6ffa447e3ade,2024-01-01 00:00:00.000,
bfbd17e3-56f5-4ae1-b404-ad22fc110f20.binning_data.json,2024-01-02 03:00:01.951,2024-01-02 03:00:01.951,com.sec.android.app.shealth,0,1545,1.2940955,1181.46,79.73,487mnSNu6t,com.sec.android.app.shealth,bfbd17e3-56f5-4ae1-b404-ad22fc110f20,2024-01-01 00:00:00.000,
32d9a6fc-8c91-43b5-b55c-35da7cbe27c1.binning_data.json,2024-01-03 03:00:03.326,2024-01-02 03:00:02.824,com.sec.android.app.shealth,102,3522,1.3800354,2726.2004,209.15005,hriiVjEkYE,com.sec.android.app.shealth,32d9a6fc-8c91-43b5-b55c-35da7cbe27c1,2024-01-01 00:00:00.000,
c27a450d-1c93-4282-9b2c-7ce4ff068204.binning_data.json,2024-01-03 03:00:03.098,2024-01-02 11:34:04.034,com.sec.android.app.shealth,-2,3766,1.4280075,2936.6604,218.05006,VfS0qUERdZ,com.sec.android.app.shealth,c27a450d-1c93-4282-9b2c-7ce4ff068204,2024-01-02 00:00:00.000,
1bdfce59-f05e-4141-b161-cb260fc2fb1a.binning_data.json,2024-01-03 03:00:02.277,2024-01-03 03:00:02.277,com.sec.android.app.shealth,0,1971,1.2742417,1497.32,101.9,487mnSNu6t,com.sec.android.app.shealth,1bdfce59-f05e-4141-b161-cb260fc2fb1a,2024-01-02 00:00:00.000,
70a740d5-ec1b-401c-9a44-61908482d19d.binning_data.json,2024-01-03 03:00:03.376,2024-01-03 03:00:03.376,com.sec.android.app.shealth,102,3154,1.4580946,2468.2505,188.06009,hriiVjEkYE,com.sec.android.app.shealth,70a740d5-ec1b-401c-9a44-61908482d19d,2024-01-02 00:00:00.000,
e81550e4-4d6c-4a52-9b14-b93dbd4faef1.binning_data.json,2024-01-04 03:06:39.517,2024-01-03 11:28:26.235,com.sec.android.app.shealth,-2,1932,1.4653825,1517.7498,114.99,VfS0qUERdZ,com.sec.android.app.shealth,e81550e4-4d6c-4a52-9b14-b93dbd4faef1,2024-01-03 00:00:00.000,
6eb1b1ce-3d82-471c-8406-61d69b5e137e.binning_data.json,2024-01-04 03:00:01.276,2024-01-04 03:00:01.276,com.sec.android.app.shealth,0,846,1.2733648,641.49,43.899998,487mnSNu6t,com.sec.android.app.shealth,6eb1b1ce-3d82-471c-8406-61d69b5e137e,2024-01-03 00:00:00.000,
c8d94442-fd0b-4401-b716-2687a1d7da84.binning_data.json,2024-01-05 03:00:04.349,2024-01-04 03:00:01.882,com.sec.android.app.shealth,102,1550,1.5060879,1225.2297,96.36,hriiVjEkYE,com.sec.android.app.shealth,c8d94442-fd0b-4401-b716-2687a1d7da84,2024-01-03 00:00:00.000,
5b90b8b0-abd2-454e-b8df-f1205b15eadd.binning_data.json,2024-01-05 05:57:32.105,2024-01-04 11:45:13.059,com.sec.android.app.shealth,-2,7932,1.3854797,6127.0786,415.8993,VfS0qUERdZ,com.sec.android.app.shealth,5b90b8b0-abd2-454e-b8df-f1205b15eadd,2024-01-04 00:00:00.000,
4a36433c-6d9e-46ec-931f-850f48a9315a.binning_data.json,2024-01-05 03:00:02.603,2024-01-05 03:00:02.603,com.sec.android.app.shealth,0,3788,1.3909719,2930.73,192.68,487mnSNu6t,com.sec.android.app.shealth,4a36433c-6d9e-46ec-931f-850f48a9315a,2024-01-04 00:00:00.000,
d8c0e92e-d9a8-4794-86c9-8674a980e5ca.binning_data.json,2024-01-06 03:00:03.586,2024-01-05 03:00:04.370,com.sec.android.app.shealth,102,7247,1.3999233,5607.088,382.09937,hriiVjEkYE,com.sec.android.app.shealth,d8c0e92e-d9a8-4794-86c9-8674a980e5ca,2024-01-04 00:00:00.000,
fcb365f2-8e77-4990-b475-78ba747da6e2.binning_data.json,2024-01-06 11:10:06.668,2024-01-05 03:30:27.559,com.sec.android.app.shealth,-2,5772,1.4129422,4491.509,306.4801,VfS0qUERdZ,com.sec.android.app.shealth,fcb365f2-8e77-4990-b475-78ba747da6e2,2024-01-05 00:00:00.000,
e9037820-0275-41cf-bcfe-0453616ae1b6.binning_data.json,2024-01-06 03:00:01.713,2024-01-06 03:00:01.713,com.sec.android.app.shealth,0,4478,1.39557,3486.21,228.67,487mnSNu6t,com.sec.android.app.shealth,e9037820-0275-41cf-bcfe-0453616ae1b6,2024-01-05 00:00:00.000,
e0d23045-3acd-41c4-a608-206b46d64ad9.binning_data.json,2024-01-07 03:03:16.806,2024-01-06 03:00:03.582,com.sec.android.app.shealth,102,4530,1.4472278,3530.679,242.12012,hriiVjEkYE,com.sec.android.app.shealth,e0d23045-3acd-41c4-a608-206b46d64ad9,2024-01-05 00:00:00.000,
f6b55489-3489-44b9-a855-9795b515d7d4.binning_data.json,2024-01-07 15:39:01.557,2024-01-06 11:10:06.331,com.sec.android.app.shealth,-2,15737,1.4024738,12163.731,820.86926,VfS0qUERdZ,com.sec.android.app.shealth,f6b55489-3489-44b9-a855-9795b515d7d4,2024-01-06 00:00:00.000,
7f83aa51-4712-4b4a-aa7f-2a13d8793015.binning_data.json,2024-01-07 03:00:44.826,2024-01-07 03:00:44.826,com.sec.android.app.shealth,0,12357,1.3527547,9503.38,626.6,487mnSNu6t,com.sec.android.app.shealth,7f83aa51-4712-4b4a-aa7f-2a13d8793015,2024-01-06 00:00:00.000,
7046810e-ab68-4453-92d2-4701861192e6.binning_data.json,2024-01-08 03:00:03.547,2024-01-07 03:03:16.800,com.sec.android.app.shealth,102,14626,1.4173342,11323.593,765.51935,hriiVjEkYE,com.sec.android.app.shealth,7046810e-ab68-4453-92d2-4701861192e6,2024-01-06 00:00:00.000,
66f71175-9e4f-4ec6-b382-459ddbab6a26.binning_data.json,2024-01-08 09:49:49.915,2024-01-07 05:52:02.512,com.sec.android.app.shealth,-2,1406,1.2645767,1062.6499,77.42999,VfS0qUERdZ,com.sec.android.app.shealth,66f71175-9e4f-4ec6-b382-459ddbab6a26,2024-01-07 00:00:00.000,
5a14b884-753b-4da9-833e-d3709fccce35.binning_data.json,2024-01-08 03:00:01.757,2024-01-08 03:00:01.757,com.sec.android.app.shealth,0,928,1.2135729,700.31,47.8,487mnSNu6t,com.sec.android.app.shealth,5a14b884-753b-4da9-833e-d3709fccce35,2024-01-07 00:00:00.000,
be5b44c2-ae4c-4f8a-87da-9cd89987f1be.binning_data.json,2024-01-09 03:00:04.430,2024-01-08 03:00:03.526,com.sec.android.app.shealth,102,1094,1.3098764,828.6299,61.66999,hriiVjEkYE,com.sec.android.app.shealth,be5b44c2-ae4c-4f8a-87da-9cd89987f1be,2024-01-07 00:00:00.000,
7184d1c2-b9af-4dad-a4e3-6cdbc66bbce4.binning_data.json,2024-01-09 07:54:32.700,2024-01-08 09:49:49.587,com.sec.android.app.shealth,-2,9318,1.456289,7277.638,497.81012,VfS0qUERdZ,com.sec.android.app.shealth,7184d1c2-b9af-4dad-a4e3-6cdbc66bbce4,2024-01-08 00:00:00.000,
d391763a-4f14-482b-8a16-df598058c78d.binning_data.json,2024-01-09 03:00:02.703,2024-01-09 03:00:02.703,com.sec.android.app.shealth,0,8134,1.3833108,6277.92,411.52002,487mnSNu6t,com.sec.android.app.shealth,d391763a-4f14-482b-8a16-df598058c78d,2024-01-08 00:00:00.000,
b56e435a-dabe-463e-a058-072d154c68be.binning_data.json,2024-01-10 03:00:03.619,2024-01-09 03:00:04.425,com.sec.android.app.shealth,102,8744,1.4994698,6875.3774,484.17007,hriiVjEkYE,com.sec.android.app.shealth,b56e435a-dabe-463e-a058-072d154c68be,2024-01-08 00:00:00.000,
6f9dc23f-df92-4973-bc45-44486c828bf3.binning_data.json,2024-01-10 09:43:27.102,2024-01-09 07:54:32.330,com.sec.android.app.shealth,-2,5556,1.3774314,4288.9,299.57013,VfS0qUERdZ,com.sec.android.app.shealth,6f9dc23f-df92-4973-bc45-44486c828bf3,2024-01-09 00:00:00.000,
5543bdfd-1689-4d16-a7b1-de3195d60080.binning_data.json,2024-01-10 03:00:01.784,2024-01-10 03:00:01.784,com.sec.android.app.shealth,0,4262,1.2888205,3246.41,216.99,487mnSNu6t,com.sec.android.app.shealth,5543bdfd-1689-4d16-a7b1-de3195d60080,2024-01-09 00:00:00.000,
6e08171c-7914-4eeb-9cdc-7ceb0e312982.binning_data.json,2024-01-11 03:00:01.351,2024-01-10 03:00:03.636,com.sec.android.app.shealth,102,5098,1.4090701,3949.8499,283.75012,hriiVjEkYE,com.sec.android.app.shealth,6e08171c-7914-4eeb-9cdc-7ceb0e312982,2024-01-09 00:00:00.000,
b9852de8-6bf6-4708-906b-9721067f4ccb.binning_data.json,2024-01-11 11:35:32.576,2024-01-10 09:56:08.493,com.sec.android.app.shealth,-2,10006,1.4066143,7746.179,518.97003,VfS0qUERdZ,com.sec.android.app.shealth,b9852de8-6bf6-4708-906b-9721067f4ccb,2024-01-10 00:00:00.000,
e0e958ec-0a93-45e4-a5f1-c6f83f1c55cd.binning_data.json,2024-01-11 03:00:00.938,2024-01-11 03:00:00.938,com.sec.android.app.shealth,0,9024,1.3640627,6946.4497,458.07,487mnSNu6t,com.sec.android.app.shealth,e0e958ec-0a93-45e4-a5f1-c6f83f1c55cd,2024-01-10 00:00:00.000,
ad2a751c-9e12-4868-948b-17b843a3a34a.binning_data.json,2024-01-12 03:00:03.694,2024-01-11 03:00:01.370,com.sec.android.app.shealth,102,3862,1.4103868,2995.4597,215.09006,hriiVjEkYE,com.sec.android.app.shealth,ad2a751c-9e12-4868-948b-17b843a3a34a,2024-01-10 00:00:00.000,
dd244379-977f-49b1-b9fa-b01c38758f16.binning_data.json,2024-01-12 09:40:44.111,2024-01-11 03:14:36.981,com.sec.android.app.shealth,-2,9483,1.5049405,7462.479,508.79944,VfS0qUERdZ,com.sec.android.app.shealth,dd244379-977f-49b1-b9fa-b01c38758f16,2024-01-11 00:00:00.000,
10edc580-49a7-4009-b975-31ed3d448cfb.binning_data.json,2024-01-12 03:00:02.464,2024-01-12 03:00:02.464,com.sec.android.app.shealth,0,1224,1.3117552,936.1401,63.38999,487mnSNu6t,com.sec.android.app.shealth,10edc580-49a7-4009-b975-31ed3d448cfb,2024-01-11 00:00:00.000,
b98661f9-7842-4c2e-b2f8-ba471181b96f.binning_data.json,2024-01-13 03:00:04.263,2024-01-12 03:00:03.689,com.sec.android.app.shealth,102,9354,1.508786,7362.2188,502.62943,hriiVjEkYE,com.sec.android.app.shealth,b98661f9-7842-4c2e-b2f8-ba471181b96f,2024-01-11 00:00:00.000,
d3df07b3-b264-42d0-9b48-a49b73e6bb33.binning_data.json,2024-01-13 12:18:16.446,2024-01-12 09:40:43.667,com.sec.android.app.shealth,-2,10353,1.4389414,8075.7783,544.37,VfS0qUERdZ,com.sec.android.app.shealth,d3df07b3-b264-42d0-9b48-a49b73e6bb33,2024-01-12 00:00:00.000,
84323624-a60e-4b9f-a884-9683ffec0c55.binning_data.json,2024-01-13 03:00:02.707,2024-01-13 03:00:02.707,com.sec.android.app.shealth,0,8805,1.4118383,6846.72,447.84,487mnSNu6t,com.sec.android.app.shealth,84323624-a60e-4b9f-a884-9683ffec0c55,2024-01-12 00:00:00.000,
8d97ba0a-f627-4164-8110-455307c83d13.binning_data.json,2024-01-14 03:00:03.048,2024-01-13 03:00:04.260,com.sec.android.app.shealth,102,9135,1.4970821,7163.1284,492.17017,hriiVjEkYE,com.sec.android.app.shealth,8d97ba0a-f627-4164-8110-455307c83d13,2024-01-12 00:00:00.000,
f2d135d7-9d11-40e3-b22d-cfefe1fe5133.binning_data.json,2024-01-14 15:35:50.137,2024-01-13 12:18:16.261,com.sec.android.app.shealth,-2,2364,1.2324181,1778.87,127.48999,VfS0qUERdZ,com.sec.android.app.shealth,f2d135d7-9d11-40e3-b22d-cfefe1fe5133,2024-01-13 00:00:00.000,
d3b2ddae-1f81-4d3b-9e71-fd30cf9ddb3a.binning_data.json,2024-01-14 03:00:01.513,2024-01-14 03:00:01.513,com.sec.android.app.shealth,0,1095,1.2232378,827.55,56.86,487mnSNu6t,com.sec.android.app.shealth,d3b2ddae-1f81-4d3b-9e71-fd30cf9ddb3a,2024-01-13 00:00:00.000,
6ddef6d8-bf08-495a-bdea-67a30e1706e1.binning_data.json,2024-01-15 03:00:02.706,2024-01-14 03:00:03.044,com.sec.android.app.shealth,102,2041,1.227288,1530.7601,110.79,hriiVjEkYE,com.sec.android.app.shealth,6ddef6d8-bf08-495a-bdea-67a30e1706e1,2024-01-13 00:00:00.000,
bda670f8-c420-4972-bcb6-e763e09f8d09.binning_data.json,2024-01-15 11:29:18.131,2024-01-14 13:38:01.671,com.sec.android.app.shealth,-2,4647,1.3134681,3559.9692,256.35007,VfS0qUERdZ,com.sec.android.app.shealth,bda670f8-c420-4972-bcb6-e763e09f8d09,2024-01-14 00:00:00.000,
9e3cbf74-33e6-49d7-963a-3e3c223d1490.binning_data.json,2024-01-15 03:00:02.166,2024-01-15 03:00:02.166,com.sec.android.app.shealth,0,3153,1.1917943,2365.97,161.76,487mnSNu6t,com.sec.android.app.shealth,9e3cbf74-33e6-49d7-963a-3e3c223d1490,2024-01-14 00:00:00.000,
77899f5d-d32b-4bb7-9ed8-7dc2ea4f6a94.binning_data.json,2024-01-16 03:00:03.613,2024-01-15 03:00:02.687,com.sec.android.app.shealth,102,4075,1.3363048,3124.559,228.67009,hriiVjEkYE,com.sec.android.app.shealth,77899f5d-d32b-4bb7-9ed8-7dc2ea4f6a94,2024-01-14 00:00:00.000,
ffbea126-fc2c-441c-9168-9d483f34039b.binning_data.json,2024-01-16 09:35:44.388,2024-01-15 11:29:17.984,com.sec.android.app.shealth,-2,1081,1.3481033,838.48,63.169983,VfS0qUERdZ,com.sec.android.app.shealth,ffbea126-fc2c-441c-9168-9d483f34039b,2024-01-15 00:00:00.000,
ab1dd3c3-a8bb-4b9d-a6d6-df6b290be4db.binning_data.json,2024-01-16 03:00:01.095,2024-01-16 03:00:01.095,com.sec.android.app.shealth,0,342,1.2070432,260.28,18.22,487mnSNu6t,com.sec.android.app.shealth,ab1dd3c3-a8bb-4b9d-a6d6-df6b290be4db,2024-01-15 00:00:00.000,
b5386a5b-90c1-4ddc-9fc0-712b86c1892f.binning_data.json,2024-01-17 03:00:02.203,2024-01-16 03:00:03.610,com.sec.android.app.shealth,102,799,1.4049622,623.39996,48.079983,hriiVjEkYE,com.sec.android.app.shealth,b5386a5b-90c1-4ddc-9fc0-712b86c1892f,2024-01-15 00:00:00.000,
cb9ff2e4-2824-497c-b860-2110ff14f067.binning_data.json,2024-01-17 09:40:01.393,2024-01-16 09:55:17.010,com.sec.android.app.shealth,-2,6732,1.3512577,5179.79,361.01004,VfS0qUERdZ,com.sec.android.app.shealth,cb9ff2e4-2824-497c-b860-2110ff14f067,2024-01-16 00:00:00.000,
791ecf8d-9d46-49d3-9fdc-c8163fc22a64.binning_data.json,2024-01-17 03:00:01.284,2024-01-17 03:00:01.284,com.sec.android.app.shealth,0,5330,1.3190751,4081.05,270.92,487mnSNu6t,com.sec.android.app.shealth,791ecf8d-9d46-49d3-9fdc-c8163fc22a64,2024-01-16 00:00:00.000,
b5b79f8f-d56a-484e-b0b4-aff86e765175.binning_data.json,2024-01-18 03:00:04.141,2024-01-17 03:00:02.202,com.sec.android.app.shealth,102,6217,1.3934692,4805.9805,342.65,hriiVjEkYE,com.sec.android.app.shealth,b5b79f8f-d56a-484e-b0b4-aff86e765175,2024-01-16 00:00:00.000,
2d7a948e-ab0a-4991-bcc2-66c89c3a5f37.binning_data.json,2024-01-18 11:33:04.697,2024-01-17 09:40:01.201,com.sec.android.app.shealth,-2,7462,1.361345,5739.4795,395.61005,VfS0qUERdZ,com.sec.android.app.shealth,2d7a948e-ab0a-4991-bcc2-66c89c3a5f37,2024-01-17 00:00:00.000,
fd4b70ec-d75d-4fc1-bf1f-e519fac41e58.binning_data.json,2024-01-18 03:00:03.057,2024-01-18 03:00:03.057,com.sec.android.app.shealth,0,6560,1.328739,5024.29,332.65002,487mnSNu6t,com.sec.android.app.shealth,fd4b70ec-d75d-4fc1-bf1f-e519fac41e58,2024-01-17 00:00:00.000,
c1c4d1a1-8cdc-4264-b387-92ee2aa83f7e.binning_data.json,2024-01-19 03:00:03.310,2024-01-18 03:00:04.137,com.sec.android.app.shealth,102,3737,1.3678972,2879.6394,216.40004,hriiVjEkYE,com.sec.android.app.shealth,c1c4d1a1-8cdc-4264-b387-92ee2aa83f7e,2024-01-17 00:00:00.000,
3600cd84-5a0d-45df-9f94-bbc89841984c.binning_data.json,2024-01-19 09:34:22.448,2024-01-18 11:09:45.635,com.sec.android.app.shealth,-2,3723,1.3576356,2858.4294,207.39005,VfS0qUERdZ,com.sec.android.app.shealth,3600cd84-5a0d-45df-9f94-bbc89841984c,2024-01-18 00:00:00.000,
655ad272-3df7-4bc4-a32a-a1d856557401.binning_data.json,2024-01-19 03:00:01.438,2024-01-19 03:00:01.438,com.sec.android.app.shealth,0,1209,1.334378,926.88995,62.78,487mnSNu6t,com.sec.android.app.shealth,655ad272-3df7-4bc4-a32a-a1d856557401,2024-01-18 00:00:00.000,
b35506e5-5474-46bf-892d-a207b5005970.binning_data.json,2024-01-20 03:00:09.907,2024-01-19 03:00:03.333,com.sec.android.app.shealth,102,3492,1.3579262,2679.2795,195.59004,hriiVjEkYE,com.sec.android.app.shealth,b35506e5-5474-46bf-892d-a207b5005970,2024-01-18 00:00:00.000,
1bb318b1-6fdf-4fc5-b620-553b3be2bd44.binning_data.json,2024-01-20 10:28:04.739,2024-01-19 09:55:49.510,com.sec.android.app.shealth,-2,6098,1.307846,4651.2603,320.40005,VfS0qUERdZ,com.sec.android.app.shealth,1bb318b1-6fdf-4fc5-b620-553b3be2bd44,2024-01-19 00:00:00.000,
2a33a9cb-9124-435f-8ec1-7088dfda8df0.binning_data.json,2024-01-20 03:00:01.937,2024-01-20 03:00:01.937,com.sec.android.app.shealth,0,4980,1.281334,3789.41,254.09,487mnSNu6t,com.sec.android.app.shealth,2a33a9cb-9124-435f-8ec1-7088dfda8df0,2024-01-19 00:00:00.000,
6f32a39d-5466-4ae0-bf85-431ccc1374f7.binning_data.json,2024-01-21 03:00:04.976,2024-01-20 03:00:09.902,com.sec.android.app.shealth,102,4713,1.3547039,3614.0413,257.97012,hriiVjEkYE,com.sec.android.app.shealth,6f32a39d-5466-4ae0-bf85-431ccc1374f7,2024-01-19 00:00:00.000,
a6774350-e1f6-4bf0-ad97-3fb8e2132c20.binning_data.json,2024-01-21 12:33:24.958,2024-01-20 03:14:27.060,com.sec.android.app.shealth,-2,6824,1.3407097,5230.9507,367.51987,VfS0qUERdZ,com.sec.android.app.shealth,a6774350-e1f6-4bf0-ad97-3fb8e2132c20,2024-01-20 00:00:00.000,
1ab297c3-b10a-458a-9114-0a2e9a0c0f58.binning_data.json,2024-01-21 03:00:02.815,2024-01-21 03:00:02.815,com.sec.android.app.shealth,0,4768,1.2342727,3594.74,236.03,487mnSNu6t,com.sec.android.app.shealth,1ab297c3-b10a-458a-9114-0a2e9a0c0f58,2024-01-20 00:00:00.000,
6ad21acc-133b-4579-a995-e12d03532b54.binning_data.json,2024-01-22 03:00:07.002,2024-01-21 03:00:04.994,com.sec.android.app.shealth,102,5933,1.3715413,4567.54,337.9798,hriiVjEkYE,com.sec.android.app.shealth,6ad21acc-133b-4579-a995-e12d03532b54,2024-01-20 00:00:00.000,
0fbe4537-9f1e-40f8-85f5-14b558b83661.binning_data.json,2024-01-22 03:25:47.262,2024-01-21 04:08:39.624,com.sec.android.app.shealth,-2,784,1.5534469,622.63,48.98,VfS0qUERdZ,com.sec.android.app.shealth,0fbe4537-9f1e-40f8-85f5-14b558b83661,2024-01-21 00:00:00.000,
784c9125-58b5-4b06-a962-1140327bfeb6.binning_data.json,2024-01-22 03:09:03.584,2024-01-22 03:00:02.519,com.sec.android.app.shealth,0,344,1.1833057,254.34,10.79,487mnSNu6t,com.sec.android.app.shealth,784c9125-58b5-4b06-a962-1140327bfeb6,2024-01-21 00:00:00.000,
310c6f83-3b4d-4e48-8318-e7141e47bef5.binning_data.json,2024-01-23 03:00:03.188,2024-01-22 03:00:06.996,com.sec.android.app.shealth,102,673,1.6563116,541.85004,48.0,hriiVjEkYE,com.sec.android.app.shealth,310c6f83-3b4d-4e48-8318-e7141e47bef5,2024-01-21 00:00:00.000,
8ae42a14-30ab-4368-b28d-99d8b3570f22.binning_data.json,2024-01-23 13:52:23.150,2024-01-22 03:09:02.832,com.sec.android.app.shealth,-2,2265,1.7278522,1848.5397,147.07,VfS0qUERdZ,com.sec.android.app.shealth,8ae42a14-30ab-4368-b28d-99d8b3570f22,2024-01-22 00:00:00.000,
a7813901-0b46-4f20-b5ee-70ce7be43c5c.binning_data.json,2024-01-23 03:01:02.244,2024-01-22 03:09:03.579,com.sec.android.app.shealth,0,405,1.2230834,300.49,12.83,487mnSNu6t,com.sec.android.app.shealth,a7813901-0b46-4f20-b5ee-70ce7be43c5c,2024-01-22 00:00:00.000,
6002df42-31a4-48b2-ab9a-0fbf73da490e.binning_data.json,2024-01-24 03:00:23.523,2024-01-23 03:00:03.201,com.sec.android.app.shealth,102,2046,1.8094943,1688.7997,143.15001,hriiVjEkYE,com.sec.android.app.shealth,6002df42-31a4-48b2-ab9a-0fbf73da490e,2024-01-22 00:00:00.000,
6b93ead4-9dcc-46e6-a695-a53df59f32f2.binning_data.json,2024-01-24 14:25:36.810,2024-01-23 03:15:16.713,com.sec.android.app.shealth,-2,6338,1.5203483,5010.889,375.31003,VfS0qUERdZ,com.sec.android.app.shealth,6b93ead4-9dcc-46e6-a695-a53df59f32f2,2024-01-23 00:00:00.000,
1aa07de1-6a85-4dfd-8ac1-73a4cc676c2e.binning_data.json,2024-01-24 03:00:20.613,2024-01-24 03:00:20.613,com.sec.android.app.shealth,0,3483,1.0611366,2557.53,181.71,487mnSNu6t,com.sec.android.app.shealth,1aa07de1-6a85-4dfd-8ac1-73a4cc676c2e,2024-01-23 00:00:00.000,
04957e29-f809-4f5b-a116-a316af9205f4.binning_data.json,2024-01-25 03:00:10.270,2024-01-24 03:00:23.335,com.sec.android.app.shealth,102,6205,1.5437515,4918.329,370.53003,hriiVjEkYE,com.sec.android.app.shealth,04957e29-f809-4f5b-a116-a316af9205f4,2024-01-23 00:00:00.000,
52c9e2b6-bfef-4268-b510-ffd42aabc27c.binning_data.json,2024-01-25 04:54:01.839,2024-01-24 14:25:36.594,com.sec.android.app.shealth,-2,7959,1.314189,6080.3003,417.09998,VfS0qUERdZ,com.sec.android.app.shealth,52c9e2b6-bfef-4268-b510-ffd42aabc27c,2024-01-24 00:00:00.000,
87de4979-2ffb-449a-a412-5ca85a983082.binning_data.json,2024-01-25 03:00:08.225,2024-01-25 03:00:08.225,com.sec.android.app.shealth,0,7162,1.2887048,5442.88,360.36002,487mnSNu6t,com.sec.android.app.shealth,87de4979-2ffb-449a-a412-5ca85a983082,2024-01-24 00:00:00.000,
610fe67d-16a7-45e3-a293-9d4b00b42c7f.binning_data.json,2024-01-26 03:00:02.119,2024-01-25 03:00:10.262,com.sec.android.app.shealth,102,1097,1.4887136,865.07007,72.499985,hriiVjEkYE,com.sec.android.app.shealth,610fe67d-16a7-45e3-a293-9d4b00b42c7f,2024-01-24 00:00:00.000,
fc425efc-0032-4e96-8fbe-ce8e2c71cb0d.binning_data.json,2024-01-26 13:37:30.880,2024-01-25 04:54:01.514,com.sec.android.app.shealth,-2,5416,1.514239,4287.3193,330.8799,VfS0qUERdZ,com.sec.android.app.shealth,fc425efc-0032-4e96-8fbe-ce8e2c71cb0d,2024-01-25 00:00:00.000,
703f1782-db1c-49a7-a4f0-553948c2f061.binning_data.json,2024-01-26 03:00:01.367,2024-01-26 03:00:01.367,com.sec.android.app.shealth,0,2896,1.1078364,2149.51,150.92,487mnSNu6t,com.sec.android.app.shealth,703f1782-db1c-49a7-a4f0-553948c2f061,2024-01-25 00:00:00.000,
9543ca86-3af3-46bc-b480-5bef703461eb.binning_data.json,2024-01-27 03:00:02.314,2024-01-26 03:00:02.137,com.sec.android.app.shealth,102,5320,1.5381808,4219.449,326.00992,hriiVjEkYE,com.sec.android.app.shealth,9543ca86-3af3-46bc-b480-5bef703461eb,2024-01-25 00:00:00.000,
39803f43-d792-44de-857e-55b946baac3d.binning_data.json,2024-01-27 01:38:47.239,2024-01-26 04:06:43.273,com.sec.android.app.shealth,-2,1788,1.530578,1419.93,120.25999,VfS0qUERdZ,com.sec.android.app.shealth,39803f43-d792-44de-857e-55b946baac3d,2024-01-26 00:00:00.000,
f9a43591-1960-4640-8784-bf66a2f07b64.binning_data.json,2024-01-27 03:00:01.715,2024-01-27 03:00:01.715,com.sec.android.app.shealth,0,594,1.2554903,448.5,30.85,487mnSNu6t,com.sec.android.app.shealth,f9a43591-1960-4640-8784-bf66a2f07b64,2024-01-26 00:00:00.000,
27cb7b3c-e51c-48b3-ada7-72f9d7755190.binning_data.json,2024-01-27 03:00:04.928,2024-01-27 03:00:04.928,com.sec.android.app.shealth,102,1682,1.5675043,1342.0001,116.42999,hriiVjEkYE,com.sec.android.app.shealth,27cb7b3c-e51c-48b3-ada7-72f9d7755190,2024-01-26 00:00:00.000,
e6bc3cd5-2864-418d-bca1-98e591bacad9.binning_data.json,2024-01-28 15:34:05.686,2024-01-27 14:29:59.415,com.sec.android.app.shealth,-2,1479,1.3284359,1133.08,85.64996,VfS0qUERdZ,com.sec.android.app.shealth,e6bc3cd5-2864-418d-bca1-98e591bacad9,2024-01-27 00:00:00.000,
49adb177-7059-4339-8fe8-affa360a2aef.binning_data.json,2024-01-28 03:44:18.573,2024-01-28 03:44:18.573,com.sec.android.app.shealth,0,466,1.2136862,351.51,23.97,487mnSNu6t,com.sec.android.app.shealth,49adb177-7059-4339-8fe8-affa360a2aef,2024-01-27 00:00:00.000,
458d08ef-7886-4dd1-8cfa-6095004873d8.binning_data.json,2024-01-29 03:00:01.744,2024-01-28 03:44:18.947,com.sec.android.app.shealth,102,1291,1.3516048,990.77,76.12996,hriiVjEkYE,com.sec.android.app.shealth,458d08ef-7886-4dd1-8cfa-6095004873d8,2024-01-27 00:00:00.000,
37ed0687-d645-4363-b065-769d58bb7aec.binning_data.json,2024-01-29 02:36:39.963,2024-01-28 15:15:02.002,com.sec.android.app.shealth,-2,5540,1.4199889,4323.1504,328.18,VfS0qUERdZ,com.sec.android.app.shealth,37ed0687-d645-4363-b065-769d58bb7aec,2024-01-28 00:00:00.000,
d1d18459-6c01-4550-8b62-67b095ecd077.binning_data.json,2024-01-29 03:00:01.337,2024-01-29 03:00:01.337,com.sec.android.app.shealth,0,3353,1.2419252,2534.08,170.95,487mnSNu6t,com.sec.android.app.shealth,d1d18459-6c01-4550-8b62-67b095ecd077,2024-01-28 00:00:00.000,
99984054-882c-4b7b-8e01-058cef22fc43.binning_data.json,2024-01-29 03:00:01.759,2024-01-29 03:00:01.759,com.sec.android.app.shealth,102,5215,1.4336782,4071.3604,312.93,hriiVjEkYE,com.sec.android.app.shealth,99984054-882c-4b7b-8e01-058cef22fc43,2024-01-28 00:00:00.000,
d03f870e-00b4-46ff-8649-a1b92c9f2240.binning_data.json,2024-01-30 09:44:50.655,2024-01-29 09:39:55.906,com.sec.android.app.shealth,-2,6389,1.4257288,4971.772,351.47015,VfS0qUERdZ,com.sec.android.app.shealth,d03f870e-00b4-46ff-8649-a1b92c9f2240,2024-01-29 00:00:00.000,
234eb30d-ef88-4d28-87f6-a45d2bc9f8d0.binning_data.json,2024-01-30 03:00:01.801,2024-01-30 03:00:01.801,com.sec.android.app.shealth,0,5145,1.3427795,3947.77,261.73,487mnSNu6t,com.sec.android.app.shealth,234eb30d-ef88-4d28-87f6-a45d2bc9f8d0,2024-01-29 00:00:00.000,
e46e1395-d2c5-4047-a1e5-9e1d93c6d946.binning_data.json,2024-01-31 03:00:01.667,2024-01-30 03:00:05.550,com.sec.android.app.shealth,102,5736,1.4626589,4488.7227,325.08023,hriiVjEkYE,com.sec.android.app.shealth,e46e1395-d2c5-4047-a1e5-9e1d93c6d946,2024-01-29 00:00:00.000,
57ad747c-3c0f-48e5-894b-3234f9aee422.binning_data.json,2024-01-31 09:54:30.126,2024-01-30 09:44:50.220,com.sec.android.app.shealth,-2,6758,1.4333957,5268.769,366.1501,VfS0qUERdZ,com.sec.android.app.shealth,57ad747c-3c0f-48e5-894b-3234f9aee422,2024-01-30 00:00:00.000,
e0e71547-a868-431a-b746-9ab133863792.binning_data.json,2024-01-31 03:00:00.965,2024-01-31 03:00:00.965,com.sec.android.app.shealth,0,6007,1.3767906,4633.53,304.5,487mnSNu6t,com.sec.android.app.shealth,e0e71547-a868-431a-b746-9ab133863792,2024-01-30 00:00:00.000,
0b1e4126-ba44-4015-a079-a75ad3261ed0.binning_data.json,2024-02-01 03:00:58.194,2024-01-31 03:00:01.664,com.sec.android.app.shealth,102,2981,1.4765953,2341.7292,181.2201,hriiVjEkYE,com.sec.android.app.shealth,0b1e4126-ba44-4015-a079-a75ad3261ed0,2024-01-30 00:00:00.000,
f5fd2953-6966-4b32-96db-53eaae2b002e.binning_data.json,2024-02-01 03:44:42.271,2024-01-31 09:54:29.930,com.sec.android.app.shealth,-2,5239,1.3583014,4023.2798,276.85004,VfS0qUERdZ,com.sec.android.app.shealth,f5fd2953-6966-4b32-96db-53eaae2b002e,2024-01-31 00:00:00.000,
6ec1b236-98ea-4490-8e6c-65a42eb689b9.binning_data.json,2024-02-01 03:00:56.582,2024-02-01 03:00:56.582,com.sec.android.app.shealth,0,4191,1.3505931,3222.5798,212.78,487mnSNu6t,com.sec.android.app.shealth,6ec1b236-98ea-4490-8e6c-65a42eb689b9,2024-01-31 00:00:00.000,
e5632bc8-f773-4c0a-bc0e-af1d7e6ddfca.binning_data.json,2024-02-02 03:00:05.466,2024-02-01 03:00:58.190,com.sec.android.app.shealth,102,4735,1.3576391,3630.5698,256.80002,hriiVjEkYE,com.sec.android.app.shealth,e5632bc8-f773-4c0a-bc0e-af1d7e6ddfca,2024-01-31 00:00:00.000,
ae226400-cac1-4668-8c32-f9f6eb337f26.binning_data.json,2024-02-02 12:03:53.225,2024-02-01 03:01:09.877,com.sec.android.app.shealth,-2,4083,1.4661449,3208.6394,233.17018,VfS0qUERdZ,com.sec.android.app.shealth,ae226400-cac1-4668-8c32-f9f6eb337f26,2024-02-01 00:00:00.000,
48f19cf7-d7ab-4400-bae2-44656106ce2b.binning_data.json,2024-02-02 03:00:03.810,2024-02-02 03:00:03.810,com.sec.android.app.shealth,0,1444,1.3151243,1102.96,73.65,487mnSNu6t,com.sec.android.app.shealth,48f19cf7-d7ab-4400-bae2-44656106ce2b,2024-02-01 00:00:00.000,
cff88fe3-76c6-48f3-ad29-ea410260937a.binning_data.json,2024-02-04 03:00:01.386,2024-02-02 03:00:05.458,com.sec.android.app.shealth,102,3812,1.4795247,3000.099,220.13019,hriiVjEkYE,com.sec.android.app.shealth,cff88fe3-76c6-48f3-ad29-ea410260937a,2024-02-01 00:00:00.000,
5e33fb17-d0ee-4381-bda6-71214db0a887.binning_data.json,2024-02-03 15:33:17.183,2024-02-02 11:55:07.457,com.sec.android.app.shealth,-2,8962,1.4901025,7042.0107,478.51993,VfS0qUERdZ,com.sec.android.app.shealth,5e33fb17-d0ee-4381-bda6-71214db0a887,2024-02-02 00:00:00.000,
11ae8e3b-7576-4a1c-9a63-956f5319740b.binning_data.json,2024-02-03 03:07:25.505,2024-02-03 03:07:25.505,com.sec.android.app.shealth,0,5048,1.4771668,3956.3098,254.51001,487mnSNu6t,com.sec.android.app.shealth,11ae8e3b-7576-4a1c-9a63-956f5319740b,2024-02-02 00:00:00.000,
9373b212-8812-44e2-946f-0dc03f331c2f.binning_data.json,2024-02-04 02:57:20.244,2024-02-03 03:19:04.923,com.sec.android.app.shealth,-2,1028,1.4467785,812.68,63.78,VfS0qUERdZ,com.sec.android.app.shealth,9373b212-8812-44e2-946f-0dc03f331c2f,2024-02-03 00:00:00.000,
41495cb2-e173-43c5-8b38-c329528cb781.binning_data.json,2024-02-04 03:00:00.588,2024-02-04 03:00:00.588,com.sec.android.app.shealth,0,293,1.0666435,213.72,11.54,487mnSNu6t,com.sec.android.app.shealth,41495cb2-e173-43c5-8b38-c329528cb781,2024-02-03 00:00:00.000,
48f4b9a9-417e-4244-8a9e-b6383a7cbc46.binning_data.json,2024-02-04 03:00:01.374,2024-02-04 03:00:01.374,com.sec.android.app.shealth,102,807,1.6081939,652.56,55.649998,hriiVjEkYE,com.sec.android.app.shealth,48f4b9a9-417e-4244-8a9e-b6383a7cbc46,2024-02-03 00:00:00.000,
cb5ace4c-6525-490d-acff-5d3126f51636.binning_data.json,2024-02-04 03:00:01.383,2024-02-04 03:00:01.383,com.sec.android.app.shealth,102,7565,1.5165943,5965.33,408.40973,hriiVjEkYE,com.sec.android.app.shealth,cb5ace4c-6525-490d-acff-5d3126f51636,2024-02-02 00:00:00.000,
4bad20c0-6a0a-48d8-a04a-7b523835228f.binning_data.json,2024-02-05 15:16:08.505,2024-02-04 03:39:01.823,com.sec.android.app.shealth,-2,2008,1.5969205,1618.2211,135.73004,VfS0qUERdZ,com.sec.android.app.shealth,4bad20c0-6a0a-48d8-a04a-7b523835228f,2024-02-04 00:00:00.000,
c2cc6f01-e89d-4be1-bad8-dd6b27d40168.binning_data.json,2024-02-05 03:00:02.146,2024-02-05 03:00:02.146,com.sec.android.app.shealth,0,318,1.1100597,232.11,10.09,487mnSNu6t,com.sec.android.app.shealth,c2cc6f01-e89d-4be1-bad8-dd6b27d40168,2024-02-04 00:00:00.000,
9be677cf-1f8d-4642-9e41-21c9ef0cf1c6.binning_data.json,2024-02-06 03:00:01.131,2024-02-05 03:00:02.526,com.sec.android.app.shealth,102,1970,1.6224062,1592.3411,136.43004,hriiVjEkYE,com.sec.android.app.shealth,9be677cf-1f8d-4642-9e41-21c9ef0cf1c6,2024-02-04 00:00:00.000,
a5af22ea-2ad9-444f-aba0-c748a61dae02.binning_data.json,2024-02-06 02:59:32.812,2024-02-05 11:32:01.360,com.sec.android.app.shealth,-2,11116,1.5027735,8724.059,539.3995,VfS0qUERdZ,com.sec.android.app.shealth,a5af22ea-2ad9-444f-aba0-c748a61dae02,2024-02-05 00:00:00.000,
2364d367-96fb-42cc-9a47-641adfdb12e9.binning_data.json,2024-02-06 03:00:00.757,2024-02-06 03:00:00.757,com.sec.android.app.shealth,0,4695,1.3833028,3579.99,143.59999,487mnSNu6t,com.sec.android.app.shealth,2364d367-96fb-42cc-9a47-641adfdb12e9,2024-02-05 00:00:00.000,
bac7bcc6-713f-49e3-b63d-7ad81d21a849.binning_data.json,2024-02-06 03:00:01.154,2024-02-06 03:00:01.154,com.sec.android.app.shealth,102,10728,1.5207783,8462.468,572.3495,hriiVjEkYE,com.sec.android.app.shealth,bac7bcc6-713f-49e3-b63d-7ad81d21a849,2024-02-05 00:00:00.000,
c9fda385-530b-40d4-9a84-6e2eac12a914.binning_data.json,2024-02-07 09:50:30.608,2024-02-06 03:28:25.160,com.sec.android.app.shealth,-2,6724,1.4014461,5188.8696,339.49008,VfS0qUERdZ,com.sec.android.app.shealth,c9fda385-530b-40d4-9a84-6e2eac12a914,2024-02-06 00:00:00.000,
1f64bfec-ec86-4309-894a-1c995d483767.binning_data.json,2024-02-07 03:00:02.129,2024-02-07 03:00:02.129,com.sec.android.app.shealth,0,5233,1.3786471,4023.13,248.73,487mnSNu6t,com.sec.android.app.shealth,1f64bfec-ec86-4309-894a-1c995d483767,2024-02-06 00:00:00.000,
15c3d3a2-e714-45dd-b2d6-a3e46797a1dc.binning_data.json,2024-02-08 03:00:07.751,2024-02-07 03:00:03.081,com.sec.android.app.shealth,102,4631,1.3937179,3575.67,253.46008,hriiVjEkYE,com.sec.android.app.shealth,15c3d3a2-e714-45dd-b2d6-a3e46797a1dc,2024-02-06 00:00:00.000,
814cb9cd-d732-4197-88aa-f101b22f9537.binning_data.json,2024-02-08 09:00:56.209,2024-02-07 09:50:30.352,com.sec.android.app.shealth,-2,9623,1.4311142,7478.348,502.29977,VfS0qUERdZ,com.sec.android.app.shealth,814cb9cd-d732-4197-88aa-f101b22f9537,2024-02-07 00:00:00.000,
a30dc675-e6e9-44cf-a86a-e789bcb475ea.binning_data.json,2024-02-08 03:00:02.039,2024-02-08 03:00:02.039,com.sec.android.app.shealth,0,7735,1.4336,6017.75,390.61,487mnSNu6t,com.sec.android.app.shealth,a30dc675-e6e9-44cf-a86a-e789bcb475ea,2024-02-07 00:00:00.000,
3762217e-6ff6-45fb-a3e8-61be0a2a9e5f.binning_data.json,2024-02-09 03:00:02.872,2024-02-08 03:00:07.770,com.sec.android.app.shealth,102,8215,1.4701666,6415.995,437.46945,hriiVjEkYE,com.sec.android.app.shealth,3762217e-6ff6-45fb-a3e8-61be0a2a9e5f,2024-02-07 00:00:00.000,
41d95a92-9674-48a3-875f-c04683fd2480.binning_data.json,2024-02-09 11:55:59.931,2024-02-08 03:32:26.192,com.sec.android.app.shealth,-2,6818,1.4545947,5332.7007,374.33005,VfS0qUERdZ,com.sec.android.app.shealth,41d95a92-9674-48a3-875f-c04683fd2480,2024-02-08 00:00:00.000,
7fe715b0-cd63-40ce-b0ac-62a40509ab51.binning_data.json,2024-02-09 03:00:01.460,2024-02-09 03:00:01.460,com.sec.android.app.shealth,0,4911,1.4186755,3822.6,251.81,487mnSNu6t,com.sec.android.app.shealth,7fe715b0-cd63-40ce-b0ac-62a40509ab51,2024-02-08 00:00:00.000,
87f9a91c-2070-4c71-98ba-e732193e4fa6.binning_data.json,2024-02-10 03:00:02.185,2024-02-09 03:00:02.867,com.sec.android.app.shealth,102,5749,1.4780558,4507.051,321.36017,hriiVjEkYE,com.sec.android.app.shealth,87f9a91c-2070-4c71-98ba-e732193e4fa6,2024-02-08 00:00:00.000,
acc61a30-9bdb-4353-9d70-d03c63592815.binning_data.json,2024-02-11 22:15:25.035,2024-02-09 11:37:32.523,com.sec.android.app.shealth,-2,3177,1.3578415,2440.7603,178.65001,VfS0qUERdZ,com.sec.android.app.shealth,acc61a30-9bdb-4353-9d70-d03c63592815,2024-02-09 00:00:00.000,
56b35254-3e4c-41e2-9068-3f4099ad5fe0.binning_data.json,2024-02-10 03:00:01.108,2024-02-10 03:00:01.108,com.sec.android.app.shealth,0,1657,1.3065095,1262.54,85.159996,487mnSNu6t,com.sec.android.app.shealth,56b35254-3e4c-41e2-9068-3f4099ad5fe0,2024-02-09 00:00:00.000,
35c30f6d-c2c7-4e5b-b4f5-0d365c398604.binning_data.json,2024-02-12 03:00:01.838,2024-02-10 03:00:02.173,com.sec.android.app.shealth,102,2807,1.3414109,2151.1304,162.05003,hriiVjEkYE,com.sec.android.app.shealth,35c30f6d-c2c7-4e5b-b4f5-0d365c398604,2024-02-09 00:00:00.000,
9d4029fa-b6a7-48c3-b560-8889f793b2fb.binning_data.json,2024-02-11 22:15:25.001,2024-02-10 11:27:36.295,com.sec.android.app.shealth,-2,2014,1.2390144,1521.36,103.36,VfS0qUERdZ,com.sec.android.app.shealth,9d4029fa-b6a7-48c3-b560-8889f793b2fb,2024-02-10 00:00:00.000,
af1365cc-2401-4124-b989-6c77a231f5a4.binning_data.json,2024-02-11 03:59:19.389,2024-02-11 03:59:19.389,com.sec.android.app.shealth,0,1968,1.2340869,1485.5801,100.990005,487mnSNu6t,com.sec.android.app.shealth,af1365cc-2401-4124-b989-6c77a231f5a4,2024-02-10 00:00:00.000,
4da83ea6-5533-47e3-9494-b30b7d54a19a.binning_data.json,2024-02-12 14:10:14.307,2024-02-11 11:35:36.490,com.sec.android.app.shealth,-2,3423,1.254033,2600.1099,190.82,VfS0qUERdZ,com.sec.android.app.shealth,4da83ea6-5533-47e3-9494-b30b7d54a19a,2024-02-11 00:00:00.000,
de2646c6-397e-4424-8023-f2f93d104e5e.binning_data.json,2024-02-12 03:00:01.361,2024-02-12 03:00:01.361,com.sec.android.app.shealth,0,2225,1.1879065,1669.54,113.87,487mnSNu6t,com.sec.android.app.shealth,de2646c6-397e-4424-8023-f2f93d104e5e,2024-02-11 00:00:00.000,
0dc2be21-8d60-4d4a-939d-6d041bc5a75a.binning_data.json,2024-02-13 03:00:02.885,2024-02-12 03:00:01.830,com.sec.android.app.shealth,102,1727,1.3360293,1329.1,104.320015,hriiVjEkYE,com.sec.android.app.shealth,0dc2be21-8d60-4d4a-939d-6d041bc5a75a,2024-02-11 00:00:00.000,
8c132367-8a43-4b2d-9226-e2fed5791dae.binning_data.json,2024-02-12 03:00:01.834,2024-02-12 03:00:01.834,com.sec.android.app.shealth,102,72,1.328588,55.059998,3.73,hriiVjEkYE,com.sec.android.app.shealth,8c132367-8a43-4b2d-9226-e2fed5791dae,2024-02-10 00:00:00.000,
847aec82-c26b-4b47-83a9-04e1f390cc19.binning_data.json,2024-02-13 05:15:37.083,2024-02-12 14:10:14.150,com.sec.android.app.shealth,-2,1056,1.5701689,847.3301,70.26002,VfS0qUERdZ,com.sec.android.app.shealth,847aec82-c26b-4b47-83a9-04e1f390cc19,2024-02-12 00:00:00.000,
a222fec2-cd69-47fd-8980-ff4251ff8ee1.binning_data.json,2024-02-13 03:00:02.341,2024-02-13 03:00:02.341,com.sec.android.app.shealth,0,103,1.2659365,78.13,5.4,487mnSNu6t,com.sec.android.app.shealth,a222fec2-cd69-47fd-8980-ff4251ff8ee1,2024-02-12 00:00:00.000,
06ea9d8a-0e5f-4bb5-86b2-b7d0cad94d3e.binning_data.json,2024-02-14 03:00:05.411,2024-02-13 03:00:02.882,com.sec.android.app.shealth,102,1031,1.5724183,827.74005,68.960014,hriiVjEkYE,com.sec.android.app.shealth,06ea9d8a-0e5f-4bb5-86b2-b7d0cad94d3e,2024-02-12 00:00:00.000,
079aec2f-2c40-4716-9139-11485e03c3db.binning_data.json,2024-02-14 01:01:20.114,2024-02-13 12:24:51.654,com.sec.android.app.shealth,-2,6221,1.5017616,4869.8125,317.72006,VfS0qUERdZ,com.sec.android.app.shealth,079aec2f-2c40-4716-9139-11485e03c3db,2024-02-13 00:00:00.000,
63e69434-1973-4a59-a7b5-b55635796eb0.binning_data.json,2024-02-14 03:00:03.877,2024-02-14 03:00:03.877,com.sec.android.app.shealth,0,3189,1.4564177,2485.28,161.12999,487mnSNu6t,com.sec.android.app.shealth,63e69434-1973-4a59-a7b5-b55635796eb0,2024-02-13 00:00:00.000,
a22c96dc-f45a-41d8-bfaf-5fae9e86a45d.binning_data.json,2024-02-14 03:00:05.430,2024-02-14 03:00:05.430,com.sec.android.app.shealth,102,5727,1.5120591,4487.753,292.9501,hriiVjEkYE,com.sec.android.app.shealth,a22c96dc-f45a-41d8-bfaf-5fae9e86a45d,2024-02-13 00:00:00.000,
79434aa2-0933-4aa4-bd44-aaf304b2661b.binning_data.json,2024-02-15 09:51:36.789,2024-02-14 03:09:53.366,com.sec.android.app.shealth,-2,2157,1.3116097,1645.2198,117.48004,VfS0qUERdZ,com.sec.android.app.shealth,79434aa2-0933-4aa4-bd44-aaf304b2661b,2024-02-14 00:00:00.000,
db3b79a0-31d2-454f-844d-02873523e27d.binning_data.json,2024-02-15 03:00:01.812,2024-02-15 03:00:01.812,com.sec.android.app.shealth,0,656,1.3148025,502.33,33.73,487mnSNu6t,com.sec.android.app.shealth,db3b79a0-31d2-454f-844d-02873523e27d,2024-02-14 00:00:00.000,
14d5a6b3-7d33-425e-8f44-7b9203a667ac.binning_data.json,2024-02-16 03:00:08.387,2024-02-15 03:00:03.064,com.sec.android.app.shealth,102,1795,1.3211662,1369.6799,99.68004,hriiVjEkYE,com.sec.android.app.shealth,14d5a6b3-7d33-425e-8f44-7b9203a667ac,2024-02-14 00:00:00.000,
922b664b-b537-498c-96b3-ee7c681d9dea.binning_data.json,2024-02-16 04:42:57.142,2024-02-15 09:51:36.455,com.sec.android.app.shealth,-2,8196,1.3560486,6301.6313,428.75015,VfS0qUERdZ,com.sec.android.app.shealth,922b664b-b537-498c-96b3-ee7c681d9dea,2024-02-15 00:00:00.000,
4d43b2d5-e72b-43c0-a629-689afe6a7751.binning_data.json,2024-02-16 03:00:02.793,2024-02-16 03:00:02.793,com.sec.android.app.shealth,0,7702,1.3447193,5913.37,390.32,487mnSNu6t,com.sec.android.app.shealth,4d43b2d5-e72b-43c0-a629-689afe6a7751,2024-02-15 00:00:00.000,
20b32fc8-5391-4dc4-ab28-dd9f5b1d0164.binning_data.json,2024-02-17 03:00:03.025,2024-02-16 03:00:08.421,com.sec.android.app.shealth,102,3772,1.3469077,2891.6611,210.66011,hriiVjEkYE,com.sec.android.app.shealth,20b32fc8-5391-4dc4-ab28-dd9f5b1d0164,2024-02-15 00:00:00.000,
b4d5ef56-faec-42ed-bc9a-ad568c1706c3.binning_data.json,2024-02-17 10:30:27.798,2024-02-16 09:55:50.342,com.sec.android.app.shealth,-2,7200,1.403058,5576.4224,381.41998,VfS0qUERdZ,com.sec.android.app.shealth,b4d5ef56-faec-42ed-bc9a-ad568c1706c3,2024-02-16 00:00:00.000,
771ae00b-8010-4256-9eb6-b1637f98e52a.binning_data.json,2024-02-17 03:00:02.236,2024-02-17 03:00:02.236,com.sec.android.app.shealth,0,5663,1.3805407,4371.76,286.14,487mnSNu6t,com.sec.android.app.shealth,771ae00b-8010-4256-9eb6-b1637f98e52a,2024-02-16 00:00:00.000,
d43f8d7b-63e1-4b48-94f0-82765a82d107.binning_data.json,2024-02-18 03:24:04.084,2024-02-17 03:00:03.019,com.sec.android.app.shealth,102,6569,1.4328369,5111.602,352.42996,hriiVjEkYE,com.sec.android.app.shealth,d43f8d7b-63e1-4b48-94f0-82765a82d107,2024-02-16 00:00:00.000,
3ed10dba-ccfe-4d13-94ac-d5d884281dea.binning_data.json,2024-02-18 05:56:43.069,2024-02-17 03:18:37.191,com.sec.android.app.shealth,-2,2379,1.2552427,1796.2797,130.54001,VfS0qUERdZ,com.sec.android.app.shealth,3ed10dba-ccfe-4d13-94ac-d5d884281dea,2024-02-17 00:00:00.000,
bdf099d3-1385-422a-bd92-374c060fba30.binning_data.json,2024-02-18 03:24:03.734,2024-02-18 03:24:03.734,com.sec.android.app.shealth,0,1422,1.2824904,1082.0701,73.27,487mnSNu6t,com.sec.android.app.shealth,bdf099d3-1385-422a-bd92-374c060fba30,2024-02-17 00:00:00.000,
28bd3bf8-a749-412e-8098-1aca65300f1d.binning_data.json,2024-02-19 03:01:24.310,2024-02-18 03:24:04.097,com.sec.android.app.shealth,102,1953,1.2584234,1470.1997,110.09002,hriiVjEkYE,com.sec.android.app.shealth,28bd3bf8-a749-412e-8098-1aca65300f1d,2024-02-17 00:00:00.000,
e4c1f1ca-1f3b-4134-bd5c-cf6c4ecb7702.binning_data.json,2024-02-19 09:43:38.924,2024-02-18 15:45:47.412,com.sec.android.app.shealth,-2,3593,1.3397745,2764.2502,206.11002,VfS0qUERdZ,com.sec.android.app.shealth,e4c1f1ca-1f3b-4134-bd5c-cf6c4ecb7702,2024-02-18 00:00:00.000,
de9c6f2c-cc6e-47ac-afb7-8dd25da770e4.binning_data.json,2024-02-19 03:01:19.989,2024-02-19 03:01:19.989,com.sec.android.app.shealth,0,1200,1.2088095,902.19,62.03,487mnSNu6t,com.sec.android.app.shealth,de9c6f2c-cc6e-47ac-afb7-8dd25da770e4,2024-02-18 00:00:00.000,
d4935cec-6717-488a-8d55-8c3885541d89.binning_data.json,2024-02-20 03:00:02.668,2024-02-19 03:01:24.304,com.sec.android.app.shealth,102,3312,1.362024,2555.0903,191.96002,hriiVjEkYE,com.sec.android.app.shealth,d4935cec-6717-488a-8d55-8c3885541d89,2024-02-18 00:00:00.000,
abaa8f23-fabb-4442-ae9a-80ab1606ccd0.binning_data.json,2024-02-20 11:15:04.596,2024-02-19 09:43:38.717,com.sec.android.app.shealth,-2,3198,1.3097507,2437.1301,169.00002,VfS0qUERdZ,com.sec.android.app.shealth,abaa8f23-fabb-4442-ae9a-80ab1606ccd0,2024-02-19 00:00:00.000,
5ef62a84-8437-4600-803f-391dc24a0942.binning_data.json,2024-02-20 03:00:02.075,2024-02-20 03:00:02.075,com.sec.android.app.shealth,0,2844,1.2995318,2168.89,145.18,487mnSNu6t,com.sec.android.app.shealth,5ef62a84-8437-4600-803f-391dc24a0942,2024-02-19 00:00:00.000,
97baece5-b97d-4c38-a43b-0ed7c446a7c8.binning_data.json,2024-02-21 03:54:49.635,2024-02-20 03:00:02.684,com.sec.android.app.shealth,102,1840,1.3348681,1405.0801,103.990036,hriiVjEkYE,com.sec.android.app.shealth,97baece5-b97d-4c38-a43b-0ed7c446a7c8,2024-02-19 00:00:00.000,
704c86fa-173c-494b-a5fe-4e942e6b892f.binning_data.json,2024-02-21 12:52:12.353,2024-02-20 09:58:51.176,com.sec.android.app.shealth,-2,10201,1.4185814,7913.0386,530.65985,VfS0qUERdZ,com.sec.android.app.shealth,704c86fa-173c-494b-a5fe-4e942e6b892f,2024-02-20 00:00:00.000,
36d7a570-7fc1-4bb1-af19-6413367f526e.binning_data.json,2024-02-21 03:54:49.168,2024-02-21 03:54:49.168,com.sec.android.app.shealth,0,5882,1.3320246,4506.23,297.95,487mnSNu6t,com.sec.android.app.shealth,36d7a570-7fc1-4bb1-af19-6413367f526e,2024-02-20 00:00:00.000,
befa87b8-c72f-4183-8fbd-333e6cacc9a9.binning_data.json,2024-02-22 03:00:03.020,2024-02-21 03:54:49.632,com.sec.android.app.shealth,102,9058,1.460095,7061.639,481.81998,hriiVjEkYE,com.sec.android.app.shealth,befa87b8-c72f-4183-8fbd-333e6cacc9a9,2024-02-20 00:00:00.000,
56341a7f-9d81-40ed-a458-0a11a26e9ce1.binning_data.json,2024-02-22 11:23:52.186,2024-02-21 11:12:03.612,com.sec.android.app.shealth,-2,2419,1.3588111,1858.6804,133.96004,VfS0qUERdZ,com.sec.android.app.shealth,56341a7f-9d81-40ed-a458-0a11a26e9ce1,2024-02-21 00:00:00.000,
6f9551c5-91e1-4c6a-aae9-5a09b31f08d9.binning_data.json,2024-02-22 03:00:02.611,2024-02-22 03:00:02.611,com.sec.android.app.shealth,0,1030,1.2714607,782.82,53.28,487mnSNu6t,com.sec.android.app.shealth,6f9551c5-91e1-4c6a-aae9-5a09b31f08d9,2024-02-21 00:00:00.000,
7157069f-9f99-499c-b2a5-45e6bd25457a.binning_data.json,2024-02-23 03:00:19.975,2024-02-22 03:00:03.016,com.sec.android.app.shealth,102,2112,1.3727947,1623.0204,120.850044,hriiVjEkYE,com.sec.android.app.shealth,7157069f-9f99-499c-b2a5-45e6bd25457a,2024-02-21 00:00:00.000,
36adcfe6-80f9-4740-85ba-d928ccabd11a.binning_data.json,2024-02-23 01:36:02.470,2024-02-22 11:23:51.953,com.sec.android.app.shealth,-2,5991,1.4645073,4676.88,310.39005,VfS0qUERdZ,com.sec.android.app.shealth,36adcfe6-80f9-4740-85ba-d928ccabd11a,2024-02-22 00:00:00.000,
cd9b1382-c286-4701-8d8d-e19e42e44cc4.binning_data.json,2024-02-23 03:00:02.765,2024-02-23 03:00:02.765,com.sec.android.app.shealth,0,3400,1.4316541,2644.3599,172.28,487mnSNu6t,com.sec.android.app.shealth,cd9b1382-c286-4701-8d8d-e19e42e44cc4,2024-02-22 00:00:00.000,
5056e6a7-28d4-4ba7-a500-d733f491354d.binning_data.json,2024-02-24 03:00:03.312,2024-02-23 03:00:19.967,com.sec.android.app.shealth,102,5418,1.5041354,4247.17,284.61005,hriiVjEkYE,com.sec.android.app.shealth,5056e6a7-28d4-4ba7-a500-d733f491354d,2024-02-22 00:00:00.000,
b0d6501d-e60d-4102-962d-662755a70d85.binning_data.json,2024-02-24 05:12:00.296,2024-02-23 09:50:13.783,com.sec.android.app.shealth,-2,9432,1.4707502,7374.969,498.40967,VfS0qUERdZ,com.sec.android.app.shealth,b0d6501d-e60d-4102-962d-662755a70d85,2024-02-23 00:00:00.000,
cffecf8f-eb59-4422-b7df-40d5d3696324.binning_data.json,2024-02-24 03:00:01.665,2024-02-24 03:00:01.665,com.sec.android.app.shealth,0,4275,1.3494496,3283.7002,216.57,487mnSNu6t,com.sec.android.app.shealth,cffecf8f-eb59-4422-b7df-40d5d3696324,2024-02-23 00:00:00.000,
7c4f9a81-7946-455d-a25e-63184c0b97d9.binning_data.json,2024-02-25 03:45:22.981,2024-02-24 03:00:03.306,com.sec.android.app.shealth,102,8988,1.4897603,7042.9097,485.48975,hriiVjEkYE,com.sec.android.app.shealth,7c4f9a81-7946-455d-a25e-63184c0b97d9,2024-02-23 00:00:00.000,
d91d3798-e51a-4922-9f96-ae8fb5f6dac8.binning_data.json,2024-02-25 02:09:17.143,2024-02-24 11:31:07.851,com.sec.android.app.shealth,-2,2762,1.2772053,2093.32,149.09,VfS0qUERdZ,com.sec.android.app.shealth,d91d3798-e51a-4922-9f96-ae8fb5f6dac8,2024-02-24 00:00:00.000,
881f831a-0f11-44a4-a226-1add529ebf8b.binning_data.json,2024-02-25 03:44:58.326,2024-02-25 03:44:58.326,com.sec.android.app.shealth,0,1409,1.2479227,1067.13,72.85,487mnSNu6t,com.sec.android.app.shealth,881f831a-0f11-44a4-a226-1add529ebf8b,2024-02-24 00:00:00.000,
ee95a7a4-e440-4030-badf-0ef53bd2d87e.binning_data.json,2024-02-25 03:45:22.970,2024-02-25 03:45:22.970,com.sec.android.app.shealth,102,2163,1.2816411,1637.67,119.369995,hriiVjEkYE,com.sec.android.app.shealth,ee95a7a4-e440-4030-badf-0ef53bd2d87e,2024-02-24 00:00:00.000,
77c6d202-e090-488f-989d-ab66d689877f.binning_data.json,2024-02-26 09:55:02.681,2024-02-25 12:16:14.283,com.sec.android.app.shealth,-2,1693,1.4945868,1345.5502,109.72997,VfS0qUERdZ,com.sec.android.app.shealth,77c6d202-e090-488f-989d-ab66d689877f,2024-02-25 00:00:00.000,
acb5e595-20b5-491b-baf2-1f3181e41aa4.binning_data.json,2024-02-26 03:11:10.472,2024-02-26 03:00:03.028,com.sec.android.app.shealth,0,296,1.1640271,220.77,15.49,487mnSNu6t,com.sec.android.app.shealth,acb5e595-20b5-491b-baf2-1f3181e41aa4,2024-02-25 00:00:00.000,
5683e9ab-f0c6-4e97-a4c8-60de16f29ed2.binning_data.json,2024-02-27 03:00:04.411,2024-02-26 03:00:09.725,com.sec.android.app.shealth,102,1588,1.529431,1267.5103,104.67999,hriiVjEkYE,com.sec.android.app.shealth,5683e9ab-f0c6-4e97-a4c8-60de16f29ed2,2024-02-25 00:00:00.000,
905cf7e5-a40f-4f91-a591-a6eeaa50fd58.binning_data.json,2024-02-27 09:53:02.050,2024-02-26 09:55:01.168,com.sec.android.app.shealth,-2,4071,1.4110608,3167.2007,231.66005,VfS0qUERdZ,com.sec.android.app.shealth,905cf7e5-a40f-4f91-a591-a6eeaa50fd58,2024-02-26 00:00:00.000,
fe8b2f95-4736-44ec-a915-28439eac3a21.binning_data.json,2024-02-27 03:00:02.775,2024-02-27 03:00:02.775,com.sec.android.app.shealth,0,3139,1.3207287,2402.24,159.49,487mnSNu6t,com.sec.android.app.shealth,fe8b2f95-4736-44ec-a915-28439eac3a21,2024-02-26 00:00:00.000,
da02e2e0-8dd9-49e1-9ce4-695253ab2c52.binning_data.json,2024-02-28 03:00:01.443,2024-02-27 03:00:04.407,com.sec.android.app.shealth,102,2209,1.4877067,1741.6906,141.95007,hriiVjEkYE,com.sec.android.app.shealth,da02e2e0-8dd9-49e1-9ce4-695253ab2c52,2024-02-26 00:00:00.000,
5e03cdc2-c679-4224-92ef-c3bde6a8bc34.binning_data.json,2024-02-28 11:34:39.058,2024-02-27 09:53:01.859,com.sec.android.app.shealth,-2,4652,1.3244863,3536.501,208.93008,VfS0qUERdZ,com.sec.android.app.shealth,5e03cdc2-c679-4224-92ef-c3bde6a8bc34,2024-02-27 00:00:00.000,
7bba5542-ea31-4cec-9210-659e30b5b646.binning_data.json,2024-02-28 03:00:00.871,2024-02-28 03:00:00.871,com.sec.android.app.shealth,0,3382,1.2364191,2517.24,104.07,487mnSNu6t,com.sec.android.app.shealth,7bba5542-ea31-4cec-9210-659e30b5b646,2024-02-27 00:00:00.000,
523005b5-b382-463e-9fcb-223cd87462b4.binning_data.json,2024-02-29 03:00:30.169,2024-02-28 03:00:01.437,com.sec.android.app.shealth,102,4139,1.3807513,3191.7512,239.89008,hriiVjEkYE,com.sec.android.app.shealth,523005b5-b382-463e-9fcb-223cd87462b4,2024-02-27 00:00:00.000,
41e2fa14-029f-4c32-94c8-145a54fbfc61.binning_data.json,2024-02-29 11:25:32.548,2024-02-28 12:27:46.760,com.sec.android.app.shealth,-2,2160,1.4913402,1700.4199,118.11001,VfS0qUERdZ,com.sec.android.app.shealth,41e2fa14-029f-4c32-94c8-145a54fbfc61,2024-02-28 00:00:00.000,
5ba0a9ee-66f9-48ea-8795-cce8f297790f.binning_data.json,2024-02-29 03:00:03.460,2024-02-29 03:00:03.460,com.sec.android.app.shealth,0,1018,1.264191,760.57,32.34,487mnSNu6t,com.sec.android.app.shealth,5ba0a9ee-66f9-48ea-8795-cce8f297790f,2024-02-28 00:00:00.000,
1dfac256-1765-4819-a266-55dd8e1eca93.binning_data.json,2024-03-01 03:00:01.857,2024-02-29 03:00:30.162,com.sec.android.app.shealth,102,1392,1.629965,1125.8198,95.58001,hriiVjEkYE,com.sec.android.app.shealth,1dfac256-1765-4819-a266-55dd8e1eca93,2024-02-28 00:00:00.000,
4f978ef6-bf22-4a4a-986c-e5fec5f8e1a0.binning_data.json,2024-03-01 02:45:32.048,2024-02-29 11:25:20.303,com.sec.android.app.shealth,-2,5480,1.4152783,4215.74,217.73001,VfS0qUERdZ,com.sec.android.app.shealth,4f978ef6-bf22-4a4a-986c-e5fec5f8e1a0,2024-02-29 00:00:00.000,
b0d6a28c-d6d5-48a0-94da-98c52fa1d0da.binning_data.json,2024-03-01 03:00:01.270,2024-03-01 03:00:01.270,com.sec.android.app.shealth,0,4404,1.4411083,3386.16,133.76999,487mnSNu6t,com.sec.android.app.shealth,b0d6a28c-d6d5-48a0-94da-98c52fa1d0da,2024-02-29 00:00:00.000,
367d7762-9e21-4db3-a57c-7a5326b287e8.binning_data.json,2024-03-01 03:00:01.851,2024-03-01 03:00:01.851,com.sec.android.app.shealth,102,4989,1.4425894,3881.3503,262.27008,hriiVjEkYE,com.sec.android.app.shealth,367d7762-9e21-4db3-a57c-7a5326b287e8,2024-02-29 00:00:00.000,
5041b8d7-96c2-41ca-8b88-ac598da0a04e.binning_data.json,2024-03-02 12:12:32.579,2024-03-01 09:00:46.751,com.sec.android.app.shealth,-2,7789,1.427058,6042.148,387.08975,VfS0qUERdZ,com.sec.android.app.shealth,5041b8d7-96c2-41ca-8b88-ac598da0a04e,2024-03-01 00:00:00.000,
ec4b1364-248c-4e0e-b700-d3bd121316ef.binning_data.json,2024-03-02 03:00:01.821,2024-03-02 03:00:01.821,com.sec.android.app.shealth,0,2213,1.2762548,1660.8999,68.72999,487mnSNu6t,com.sec.android.app.shealth,ec4b1364-248c-4e0e-b700-d3bd121316ef,2024-03-01 00:00:00.000,
253fe1f9-c112-4b30-ad70-fd7d1b5d0feb.binning_data.json,2024-03-03 03:00:01.710,2024-03-02 03:00:02.583,com.sec.android.app.shealth,102,7492,1.4417773,5829.598,398.49976,hriiVjEkYE,com.sec.android.app.shealth,253fe1f9-c112-4b30-ad70-fd7d1b5d0feb,2024-03-01 00:00:00.000,
f6220448-84c9-4ec4-8b2e-8111795232ff.binning_data.json,2024-03-03 03:44:54.642,2024-03-02 12:12:32.426,com.sec.android.app.shealth,-2,6674,1.3799351,5124.0913,310.9501,VfS0qUERdZ,com.sec.android.app.shealth,f6220448-84c9-4ec4-8b2e-8111795232ff,2024-03-02 00:00:00.000,
f2f85172-aed2-4df2-bc5d-3104b345f298.binning_data.json,2024-03-03 03:12:20.511,2024-03-03 03:00:00.712,com.sec.android.app.shealth,0,3434,1.3152877,2593.69,106.33,487mnSNu6t,com.sec.android.app.shealth,f2f85172-aed2-4df2-bc5d-3104b345f298,2024-03-02 00:00:00.000,
c179041b-8c01-4e80-adbe-33465e456693.binning_data.json,2024-03-04 03:00:02.207,2024-03-03 03:00:01.727,com.sec.android.app.shealth,102,5968,1.4092296,4613.292,320.3601,hriiVjEkYE,com.sec.android.app.shealth,c179041b-8c01-4e80-adbe-33465e456693,2024-03-02 00:00:00.000,
94957dd4-cefb-432c-9119-2765e72aa663.binning_data.json,2024-03-04 14:57:11.509,2024-03-03 03:44:54.445,com.sec.android.app.shealth,-2,9756,1.6415682,7841.835,536.8795,VfS0qUERdZ,com.sec.android.app.shealth,94957dd4-cefb-432c-9119-2765e72aa663,2024-03-03 00:00:00.000,
4627b0e7-aae6-45ed-a2dc-0555ab5ccc2a.binning_data.json,2024-03-04 03:00:01.649,2024-03-04 03:00:01.649,com.sec.android.app.shealth,0,4991,1.2786001,3754.94,153.26,487mnSNu6t,com.sec.android.app.shealth,4627b0e7-aae6-45ed-a2dc-0555ab5ccc2a,2024-03-03 00:00:00.000,
7c72a87a-c1ef-4444-987c-97168cc52f25.binning_data.json,2024-03-05 03:00:04.374,2024-03-04 03:00:02.235,com.sec.android.app.shealth,102,8632,1.7050368,7010.094,545.00946,hriiVjEkYE,com.sec.android.app.shealth,7c72a87a-c1ef-4444-987c-97168cc52f25,2024-03-03 00:00:00.000,
45d80893-7778-48c6-a43b-9be5562eab9c.binning_data.json,2024-03-05 01:24:17.741,2024-03-04 03:15:05.361,com.sec.android.app.shealth,-2,685,1.2195531,508.65,23.289999,VfS0qUERdZ,com.sec.android.app.shealth,45d80893-7778-48c6-a43b-9be5562eab9c,2024-03-04 00:00:00.000,
61ace75d-7cb7-4129-978c-13383d6bcd8f.binning_data.json,2024-03-05 03:00:03.223,2024-03-05 03:00:03.223,com.sec.android.app.shealth,0,637,1.2171625,472.26,20.039999,487mnSNu6t,com.sec.android.app.shealth,61ace75d-7cb7-4129-978c-13383d6bcd8f,2024-03-04 00:00:00.000,
f2a064e1-8711-49ac-b437-0e23da9aa8ac.binning_data.json,2024-03-05 03:00:04.369,2024-03-05 03:00:04.369,com.sec.android.app.shealth,102,115,1.214812,86.43,6.06,hriiVjEkYE,com.sec.android.app.shealth,f2a064e1-8711-49ac-b437-0e23da9aa8ac,2024-03-04 00:00:00.000,
b8792804-c1cc-4de7-b20e-1f4a8df53d7d.binning_data.json,2024-03-05 23:36:22.609,2024-03-05 03:27:40.464,com.sec.android.app.shealth,-2,866,1.1534166,637.72003,27.35,VfS0qUERdZ,com.sec.android.app.shealth,b8792804-c1cc-4de7-b20e-1f4a8df53d7d,2024-03-05 00:00:00.000,
5778f814-fd3b-4b2a-abfc-65f450d61719.binning_data.json,2024-03-06 03:00:05.319,2024-03-06 03:00:05.319,com.sec.android.app.shealth,0,866,1.1534166,637.72003,27.35,487mnSNu6t,com.sec.android.app.shealth,5778f814-fd3b-4b2a-abfc-65f450d61719,2024-03-05 00:00:00.000,
cd6ef6fe-71a2-4058-bd30-20b5d185fa87.binning_data.json,2024-03-07 14:50:36.709,2024-03-06 10:15:02.462,com.sec.android.app.shealth,-2,3671,1.3689429,2796.1404,140.01009,VfS0qUERdZ,com.sec.android.app.shealth,cd6ef6fe-71a2-4058-bd30-20b5d185fa87,2024-03-06 00:00:00.000,
9490c9a6-25e3-4ed7-982c-d082c3617804.binning_data.json,2024-03-07 03:00:02.467,2024-03-07 03:00:02.467,com.sec.android.app.shealth,0,2987,1.3149118,2247.99,91.229996,487mnSNu6t,com.sec.android.app.shealth,9490c9a6-25e3-4ed7-982c-d082c3617804,2024-03-06 00:00:00.000,
9de538a1-2d14-4b43-b67c-31fb196666fe.binning_data.json,2024-03-08 03:00:03.383,2024-03-07 03:00:03.495,com.sec.android.app.shealth,102,1851,1.4433739,1438.1302,102.66008,hriiVjEkYE,com.sec.android.app.shealth,9de538a1-2d14-4b43-b67c-31fb196666fe,2024-03-06 00:00:00.000,
125c5c4c-bf7c-49c1-b7ac-be3f4fbd6e6e.binning_data.json,2024-03-08 11:23:50.168,2024-03-07 12:15:01.942,com.sec.android.app.shealth,-2,4878,1.3939748,3754.4307,222.48001,VfS0qUERdZ,com.sec.android.app.shealth,125c5c4c-bf7c-49c1-b7ac-be3f4fbd6e6e,2024-03-07 00:00:00.000,
11642e45-afe8-4328-9afc-1df06df03863.binning_data.json,2024-03-08 03:00:02.093,2024-03-08 03:00:02.093,com.sec.android.app.shealth,0,2155,1.2852559,1617.9,66.79,487mnSNu6t,com.sec.android.app.shealth,11642e45-afe8-4328-9afc-1df06df03863,2024-03-07 00:00:00.000,
1c584f81-44a9-439b-b3bf-3ce486e298b7.binning_data.json,2024-03-09 03:00:04.419,2024-03-08 03:00:03.379,com.sec.android.app.shealth,102,3982,1.4438568,3095.5303,209.02003,hriiVjEkYE,com.sec.android.app.shealth,1c584f81-44a9-439b-b3bf-3ce486e298b7,2024-03-07 00:00:00.000,
6cce9edb-3924-4d07-a2d9-4e1a98248c6d.binning_data.json,2024-03-09 18:11:46.495,2024-03-08 10:11:30.264,com.sec.android.app.shealth,-2,4851,1.3766099,3721.8196,205.13998,VfS0qUERdZ,com.sec.android.app.shealth,6cce9edb-3924-4d07-a2d9-4e1a98248c6d,2024-03-08 00:00:00.000,
3ce669c4-81e4-434a-8272-7df25ad2f478.binning_data.json,2024-03-09 03:00:02.921,2024-03-09 03:00:02.921,com.sec.android.app.shealth,0,3995,1.2745779,2995.01,122.42,487mnSNu6t,com.sec.android.app.shealth,3ce669c4-81e4-434a-8272-7df25ad2f478,2024-03-08 00:00:00.000,
63450faf-988e-4bfe-88d4-e58b17c48e52.binning_data.json,2024-03-10 03:00:04.389,2024-03-09 03:00:04.414,com.sec.android.app.shealth,102,2521,1.4996232,1986.6897,153.36996,hriiVjEkYE,com.sec.android.app.shealth,63450faf-988e-4bfe-88d4-e58b17c48e52,2024-03-08 00:00:00.000,
2131b16d-7165-4acc-aed4-06e53a2c8faa.binning_data.json,2024-03-10 12:43:16.896,2024-03-09 10:30:17.200,com.sec.android.app.shealth,-2,2322,1.4766656,1826.2601,134.41997,VfS0qUERdZ,com.sec.android.app.shealth,2131b16d-7165-4acc-aed4-06e53a2c8faa,2024-03-09 00:00:00.000,
d133a717-d4c4-45ce-8758-3bdfa28a146c.binning_data.json,2024-03-10 03:04:15.152,2024-03-10 03:00:02.933,com.sec.android.app.shealth,0,853,1.1629287,628.28,26.97,487mnSNu6t,com.sec.android.app.shealth,d133a717-d4c4-45ce-8758-3bdfa28a146c,2024-03-09 00:00:00.000,
c93ca489-ae3f-4639-94a0-e872745b05c4.binning_data.json,2024-03-11 03:00:03.870,2024-03-10 03:00:04.403,com.sec.android.app.shealth,102,2017,1.5383692,1603.6902,132.99997,hriiVjEkYE,com.sec.android.app.shealth,c93ca489-ae3f-4639-94a0-e872745b05c4,2024-03-09 00:00:00.000,
354a8b3b-977d-4249-90ff-88d64c57754a.binning_data.json,2024-03-11 14:35:54.939,2024-03-10 03:15:02.046,com.sec.android.app.shealth,-2,3514,1.3343488,2692.4497,184.84,VfS0qUERdZ,com.sec.android.app.shealth,354a8b3b-977d-4249-90ff-88d64c57754a,2024-03-10 00:00:00.000,
17c36dd2-6d43-4579-b80e-168ec0dd01bf.binning_data.json,2024-03-11 03:00:02.472,2024-03-11 03:00:02.472,com.sec.android.app.shealth,0,1795,1.1608188,1322.74,55.75,487mnSNu6t,com.sec.android.app.shealth,17c36dd2-6d43-4579-b80e-168ec0dd01bf,2024-03-10 00:00:00.000,
8f8504e6-1bd4-4c27-9120-5583ca2b0222.binning_data.json,2024-03-12 03:00:10.420,2024-03-11 03:00:03.904,com.sec.android.app.shealth,102,3261,1.3577806,2511.42,186.07,hriiVjEkYE,com.sec.android.app.shealth,8f8504e6-1bd4-4c27-9120-5583ca2b0222,2024-03-10 00:00:00.000,
05a6b393-4350-4048-b79d-281a6dacdc96.binning_data.json,2024-03-12 09:45:24.349,2024-03-11 11:30:12.198,com.sec.android.app.shealth,-2,6829,1.4282707,5251.5537,264.95932,VfS0qUERdZ,com.sec.android.app.shealth,05a6b393-4350-4048-b79d-281a6dacdc96,2024-03-11 00:00:00.000,
6f80b89a-6011-4054-9f22-e9c4df94ad30.binning_data.json,2024-03-12 03:00:08.756,2024-03-12 03:00:08.756,com.sec.android.app.shealth,0,5772,1.449778,4444.76,176.76,487mnSNu6t,com.sec.android.app.shealth,6f80b89a-6011-4054-9f22-e9c4df94ad30,2024-03-11 00:00:00.000,
c190c11a-9376-4dd9-9681-e493d59af9dc.binning_data.json,2024-03-13 03:00:03.612,2024-03-12 03:00:10.415,com.sec.android.app.shealth,102,6022,1.4723561,4699.583,312.45935,hriiVjEkYE,com.sec.android.app.shealth,c190c11a-9376-4dd9-9681-e493d59af9dc,2024-03-11 00:00:00.000,
aaf5a526-33f8-40c5-a291-1e048d7e25c4.binning_data.json,2024-03-13 02:32:22.646,2024-03-12 09:45:24.135,com.sec.android.app.shealth,-2,8554,1.4535029,6622.7603,344.4301,VfS0qUERdZ,com.sec.android.app.shealth,aaf5a526-33f8-40c5-a291-1e048d7e25c4,2024-03-12 00:00:00.000,
0e7b9c94-5669-4903-9cd0-04862a121396.binning_data.json,2024-03-13 03:00:03.231,2024-03-13 03:00:03.231,com.sec.android.app.shealth,0,7516,1.3815612,5718.19,227.78,487mnSNu6t,com.sec.android.app.shealth,0e7b9c94-5669-4903-9cd0-04862a121396,2024-03-12 00:00:00.000,
7d93d3d5-01dc-4c12-af17-89d7b0ea753f.binning_data.json,2024-03-13 03:00:03.608,2024-03-13 03:00:03.608,com.sec.android.app.shealth,102,7909,1.5074102,6229.362,446.92023,hriiVjEkYE,com.sec.android.app.shealth,7d93d3d5-01dc-4c12-af17-89d7b0ea753f,2024-03-12 00:00:00.000,
a9802d94-6e54-49e8-8135-ec5cbad05221.binning_data.json,2024-03-14 11:34:17.160,2024-03-13 10:05:01.666,com.sec.android.app.shealth,-2,7286,1.4990498,5682.8193,307.71988,VfS0qUERdZ,com.sec.android.app.shealth,a9802d94-6e54-49e8-8135-ec5cbad05221,2024-03-13 00:00:00.000,
a9f671b0-a28c-45e3-b425-3e21e8c1b368.binning_data.json,2024-03-14 03:00:02.478,2024-03-14 03:00:02.478,com.sec.android.app.shealth,0,6318,1.4100627,4836.34,191.7,487mnSNu6t,com.sec.android.app.shealth,a9f671b0-a28c-45e3-b425-3e21e8c1b368,2024-03-13 00:00:00.000,
7b72f2c0-cabd-4e89-90ac-dc58731a9718.binning_data.json,2024-03-15 03:00:03.911,2024-03-14 03:00:03.732,com.sec.android.app.shealth,102,6901,1.5393865,5448.139,375.22986,hriiVjEkYE,com.sec.android.app.shealth,7b72f2c0-cabd-4e89-90ac-dc58731a9718,2024-03-13 00:00:00.000,
6ed6b388-f367-4d98-8aee-0aaabed217f5.binning_data.json,2024-03-15 09:55:35.577,2024-03-14 11:13:21.537,com.sec.android.app.shealth,-2,6010,1.4099276,4615.99,246.20006,VfS0qUERdZ,com.sec.android.app.shealth,6ed6b388-f367-4d98-8aee-0aaabed217f5,2024-03-14 00:00:00.000,
51d338e3-4bc6-49cf-943b-11a2bc84a7b0.binning_data.json,2024-03-15 03:00:01.912,2024-03-15 03:00:01.912,com.sec.android.app.shealth,0,4469,1.4159338,3416.25,136.22,487mnSNu6t,com.sec.android.app.shealth,51d338e3-4bc6-49cf-943b-11a2bc84a7b0,2024-03-14 00:00:00.000,
049cab8b-1055-4dc9-ac6a-0b6075e4b2c1.binning_data.json,2024-03-16 03:00:03.812,2024-03-15 03:00:03.928,com.sec.android.app.shealth,102,5406,1.440589,4209.102,291.22015,hriiVjEkYE,com.sec.android.app.shealth,049cab8b-1055-4dc9-ac6a-0b6075e4b2c1,2024-03-14 00:00:00.000,
d9fe52a1-e7df-4bfd-b96a-b6ac7a26a5d1.binning_data.json,2024-03-16 17:55:24.940,2024-03-15 09:55:35.312,com.sec.android.app.shealth,-2,7529,1.3640726,5734.8486,300.10983,VfS0qUERdZ,com.sec.android.app.shealth,d9fe52a1-e7df-4bfd-b96a-b6ac7a26a5d1,2024-03-15 00:00:00.000,
620ad189-c9c6-4c9f-98fe-0ed4f4684e8b.binning_data.json,2024-03-16 03:00:02.016,2024-03-16 03:00:02.016,com.sec.android.app.shealth,0,6347,1.3533624,4805.69,192.9,487mnSNu6t,com.sec.android.app.shealth,620ad189-c9c6-4c9f-98fe-0ed4f4684e8b,2024-03-15 00:00:00.000,
5fd1dc5f-92fc-4eb8-9f01-e12e6014ee52.binning_data.json,2024-03-17 03:00:04.964,2024-03-16 03:00:03.828,com.sec.android.app.shealth,102,7118,1.406066,5505.4893,385.39978,hriiVjEkYE,com.sec.android.app.shealth,5fd1dc5f-92fc-4eb8-9f01-e12e6014ee52,2024-03-15 00:00:00.000,
900f69fc-f622-452f-804e-26aa70817dcc.binning_data.json,2024-03-17 13:31:36.499,2024-03-16 10:55:35.415,com.sec.android.app.shealth,-2,8053,1.4534863,6205.8896,288.59998,VfS0qUERdZ,com.sec.android.app.shealth,900f69fc-f622-452f-804e-26aa70817dcc,2024-03-16 00:00:00.000,
4e4eadba-54ca-43f8-836b-070d4d1d186a.binning_data.json,2024-03-17 03:00:02.915,2024-03-17 03:00:02.915,com.sec.android.app.shealth,0,7141,1.4251953,5463.32,217.95,487mnSNu6t,com.sec.android.app.shealth,4e4eadba-54ca-43f8-836b-070d4d1d186a,2024-03-16 00:00:00.000,
7c83bde3-c225-474d-94f1-05db158dcdc5.binning_data.json,2024-03-18 03:00:08.331,2024-03-17 03:00:04.960,com.sec.android.app.shealth,102,1551,1.4555525,1216.02,97.090004,hriiVjEkYE,com.sec.android.app.shealth,7c83bde3-c225-474d-94f1-05db158dcdc5,2024-03-16 00:00:00.000,
46148f53-3a3d-4695-9991-d7ac7fbeec2a.binning_data.json,2024-03-18 18:02:08.384,2024-03-17 13:31:36.359,com.sec.android.app.shealth,-2,1057,1.4931511,836.92993,67.46001,VfS0qUERdZ,com.sec.android.app.shealth,46148f53-3a3d-4695-9991-d7ac7fbeec2a,2024-03-17 00:00:00.000,
07cae9aa-e9af-419c-a1c3-c0f70163c39b.binning_data.json,2024-03-18 03:00:01.891,2024-03-18 03:00:01.891,com.sec.android.app.shealth,0,164,1.0891281,119.64,5.1800003,487mnSNu6t,com.sec.android.app.shealth,07cae9aa-e9af-419c-a1c3-c0f70163c39b,2024-03-17 00:00:00.000,
238855c2-a8db-4a22-9ab2-5528ba734635.binning_data.json,2024-03-19 03:00:08.625,2024-03-18 03:00:08.328,com.sec.android.app.shealth,102,1000,1.5381175,796.6599,66.54001,hriiVjEkYE,com.sec.android.app.shealth,238855c2-a8db-4a22-9ab2-5528ba734635,2024-03-17 00:00:00.000,
59ed2e10-349c-4434-b623-e90b8d541e7d.binning_data.json,2024-03-19 11:15:08.474,2024-03-18 10:52:00.714,com.sec.android.app.shealth,-2,1244,1.2256025,925.8401,51.95,VfS0qUERdZ,com.sec.android.app.shealth,59ed2e10-349c-4434-b623-e90b8d541e7d,2024-03-18 00:00:00.000,
4ab54b3f-089c-47e4-bfb5-8a85b4884861.binning_data.json,2024-03-19 03:00:07.654,2024-03-19 03:00:07.654,com.sec.android.app.shealth,0,890,1.2291873,661.37,28.02,487mnSNu6t,com.sec.android.app.shealth,4ab54b3f-089c-47e4-bfb5-8a85b4884861,2024-03-18 00:00:00.000,
7c877286-49f1-4293-a66c-20dedfa3cec7.binning_data.json,2024-03-20 03:00:02.725,2024-03-19 03:00:08.623,com.sec.android.app.shealth,102,640,1.2170988,476.19006,35.820004,hriiVjEkYE,com.sec.android.app.shealth,7c877286-49f1-4293-a66c-20dedfa3cec7,2024-03-18 00:00:00.000,
c7d058ae-c2cd-4d7f-8093-62dab307e72d.binning_data.json,2024-03-20 01:51:30.437,2024-03-19 09:49:54.020,com.sec.android.app.shealth,-2,5331,1.3996662,4102.3706,224.60992,VfS0qUERdZ,com.sec.android.app.shealth,c7d058ae-c2cd-4d7f-8093-62dab307e72d,2024-03-19 00:00:00.000,
d6565029-b4bb-4666-b39b-3b5ba0571720.binning_data.json,2024-03-20 03:00:02.001,2024-03-20 03:00:02.001,com.sec.android.app.shealth,0,4110,1.3285933,3101.6199,125.71,487mnSNu6t,com.sec.android.app.shealth,d6565029-b4bb-4666-b39b-3b5ba0571720,2024-03-19 00:00:00.000,
d604724a-67b0-4d18-a7d7-e77844bceab4.binning_data.json,2024-03-20 03:00:02.721,2024-03-20 03:00:02.721,com.sec.android.app.shealth,102,4871,1.4632066,3812.9612,276.12994,hriiVjEkYE,com.sec.android.app.shealth,d604724a-67b0-4d18-a7d7-e77844bceab4,2024-03-19 00:00:00.000,
8e310447-e465-4c73-a676-73dfdf9a69f7.binning_data.json,2024-03-21 10:02:36.914,2024-03-20 11:22:47.932,com.sec.android.app.shealth,-2,5484,1.4371525,4274.3105,291.38,VfS0qUERdZ,com.sec.android.app.shealth,8e310447-e465-4c73-a676-73dfdf9a69f7,2024-03-20 00:00:00.000,
1f4000cf-50f4-4e66-89b5-321c680e45b9.binning_data.json,2024-03-21 03:00:03.089,2024-03-21 03:00:03.089,com.sec.android.app.shealth,0,4574,1.4226521,3554.0698,230.76001,487mnSNu6t,com.sec.android.app.shealth,1f4000cf-50f4-4e66-89b5-321c680e45b9,2024-03-20 00:00:00.000,
947b1967-6d9c-442d-b69f-eba35df9e218.binning_data.json,2024-03-22 03:00:09.602,2024-03-21 03:00:07.704,com.sec.android.app.shealth,102,4773,1.4579239,3728.1296,257.94003,hriiVjEkYE,com.sec.android.app.shealth,947b1967-6d9c-442d-b69f-eba35df9e218,2024-03-20 00:00:00.000,
63bb8776-e069-4b0f-8b8b-a7d79c16ddd5.binning_data.json,2024-03-22 11:30:18.573,2024-03-21 09:55:00.628,com.sec.android.app.shealth,-2,14537,1.4521108,11339.163,763.3498,VfS0qUERdZ,com.sec.android.app.shealth,63bb8776-e069-4b0f-8b8b-a7d79c16ddd5,2024-03-21 00:00:00.000,
681e704f-35e3-4760-92cb-88753fd1581d.binning_data.json,2024-03-22 03:00:07.883,2024-03-22 03:00:07.883,com.sec.android.app.shealth,0,13168,1.4175649,10218.71,664.37,487mnSNu6t,com.sec.android.app.shealth,681e704f-35e3-4760-92cb-88753fd1581d,2024-03-21 00:00:00.000,
a7d8113d-46f4-4711-8fd0-1a5ec79ac2da.binning_data.json,2024-03-23 03:00:08.572,2024-03-22 03:00:09.630,com.sec.android.app.shealth,102,13573,1.4653324,10597.249,727.8393,hriiVjEkYE,com.sec.android.app.shealth,a7d8113d-46f4-4711-8fd0-1a5ec79ac2da,2024-03-21 00:00:00.000,
70b5a566-34df-486e-8ef1-53d5dc456f33.binning_data.json,2024-03-23 01:00:01.878,2024-03-22 03:13:01.455,com.sec.android.app.shealth,-2,5431,1.3642639,4181.33,275.72,VfS0qUERdZ,com.sec.android.app.shealth,70b5a566-34df-486e-8ef1-53d5dc456f33,2024-03-22 00:00:00.000,
07a1ab81-3f72-4c26-b625-08bf9cdd13b7.binning_data.json,2024-03-23 03:00:07.949,2024-03-23 03:00:07.949,com.sec.android.app.shealth,0,5323,1.3628455,4098.59,270.04,487mnSNu6t,com.sec.android.app.shealth,07a1ab81-3f72-4c26-b625-08bf9cdd13b7,2024-03-22 00:00:00.000,
8d26d398-845c-4f5c-ae62-7de2086c4c6a.binning_data.json,2024-03-24 03:00:11.952,2024-03-23 03:00:08.564,com.sec.android.app.shealth,102,1163,1.5126101,911.8,61.699997,hriiVjEkYE,com.sec.android.app.shealth,8d26d398-845c-4f5c-ae62-7de2086c4c6a,2024-03-22 00:00:00.000,
b57ae597-894c-4df4-b41e-892fbd550fa4.binning_data.json,2024-03-24 05:32:55.380,2024-03-23 11:56:05.811,com.sec.android.app.shealth,-2,8354,1.4590167,6491.8193,372.01978,VfS0qUERdZ,com.sec.android.app.shealth,b57ae597-894c-4df4-b41e-892fbd550fa4,2024-03-23 00:00:00.000,
34a3d2c5-2cf1-4c21-ab5f-b274365a7a0f.binning_data.json,2024-03-24 03:00:10.241,2024-03-24 03:00:10.241,com.sec.android.app.shealth,0,6407,1.3775603,4874.5996,196.48,487mnSNu6t,com.sec.android.app.shealth,34a3d2c5-2cf1-4c21-ab5f-b274365a7a0f,2024-03-23 00:00:00.000,
2a9ac988-f886-4e65-807f-72da7880e9e0.binning_data.json,2024-03-25 03:00:06.239,2024-03-24 03:00:11.970,com.sec.android.app.shealth,102,7346,1.5025616,5785.0796,412.42972,hriiVjEkYE,com.sec.android.app.shealth,2a9ac988-f886-4e65-807f-72da7880e9e0,2024-03-23 00:00:00.000,
51def671-8157-4e0f-8a46-a48e8504c637.binning_data.json,2024-03-25 09:53:55.294,2024-03-24 03:15:02.027,com.sec.android.app.shealth,-2,2404,1.3600304,1854.5104,128.62997,VfS0qUERdZ,com.sec.android.app.shealth,51def671-8157-4e0f-8a46-a48e8504c637,2024-03-24 00:00:00.000,
8be8f37f-0d68-4dbb-8967-68e5661caa0d.binning_data.json,2024-03-25 03:00:04.875,2024-03-25 03:00:04.875,com.sec.android.app.shealth,0,1216,1.1512705,893.33,38.48,487mnSNu6t,com.sec.android.app.shealth,8be8f37f-0d68-4dbb-8967-68e5661caa0d,2024-03-24 00:00:00.000,
5c9d65ed-a239-4922-85d9-f332452b0672.binning_data.json,2024-03-26 03:00:04.412,2024-03-25 03:00:06.232,com.sec.android.app.shealth,102,1863,1.4365994,1460.3503,118.099976,hriiVjEkYE,com.sec.android.app.shealth,5c9d65ed-a239-4922-85d9-f332452b0672,2024-03-24 00:00:00.000,
ad5867a1-00ef-4248-8892-425138efdbb2.binning_data.json,2024-03-26 09:39:13.939,2024-03-25 09:53:55.065,com.sec.android.app.shealth,-2,7644,1.4859879,5960.192,350.4594,VfS0qUERdZ,com.sec.android.app.shealth,ad5867a1-00ef-4248-8892-425138efdbb2,2024-03-25 00:00:00.000,
19333194-6aab-4195-93fe-27748189ff93.binning_data.json,2024-03-26 03:00:02.371,2024-03-26 03:00:02.371,com.sec.android.app.shealth,0,5956,1.358862,4516.3,181.54999,487mnSNu6t,com.sec.android.app.shealth,19333194-6aab-4195-93fe-27748189ff93,2024-03-25 00:00:00.000,
b3e1bf64-01e8-42ec-b6b8-6a612d1550a3.binning_data.json,2024-03-27 03:00:03.731,2024-03-26 03:00:04.430,com.sec.android.app.shealth,102,7099,1.5461942,5621.771,411.59943,hriiVjEkYE,com.sec.android.app.shealth,b3e1bf64-01e8-42ec-b6b8-6a612d1550a3,2024-03-25 00:00:00.000,
705c3093-6ef7-4b40-a1a9-acf4ea584d1d.binning_data.json,2024-03-27 11:00:10.896,2024-03-26 10:15:02.048,com.sec.android.app.shealth,-2,5838,1.3834833,4466.1597,201.40999,VfS0qUERdZ,com.sec.android.app.shealth,705c3093-6ef7-4b40-a1a9-acf4ea584d1d,2024-03-26 00:00:00.000,
8e1dd304-4386-4d64-82ac-4e34d0244b33.binning_data.json,2024-03-27 03:00:02.334,2024-03-27 03:00:02.334,com.sec.android.app.shealth,0,5474,1.3325945,4137.3896,166.67,487mnSNu6t,com.sec.android.app.shealth,8e1dd304-4386-4d64-82ac-4e34d0244b33,2024-03-26 00:00:00.000,
08413696-a159-4cd0-9fc2-2768575afbca.binning_data.json,2024-03-28 03:21:01.715,2024-03-27 11:48:21.199,com.sec.android.app.shealth,-2,8940,1.4175433,6915.58,419.18973,VfS0qUERdZ,com.sec.android.app.shealth,08413696-a159-4cd0-9fc2-2768575afbca,2024-03-27 00:00:00.000,
bd16a099-2307-44d5-b2c4-fc110c1d21c2.binning_data.json,2024-03-28 03:00:02.148,2024-03-28 03:00:02.148,com.sec.android.app.shealth,0,7014,1.3922049,5394.16,281.53,487mnSNu6t,com.sec.android.app.shealth,bd16a099-2307-44d5-b2c4-fc110c1d21c2,2024-03-27 00:00:00.000,
91d22ea6-c219-4940-9d9d-5489a2e6a8cb.binning_data.json,2024-03-29 03:00:05.784,2024-03-28 03:00:02.587,com.sec.android.app.shealth,102,8153,1.4228452,6325.551,430.5997,hriiVjEkYE,com.sec.android.app.shealth,91d22ea6-c219-4940-9d9d-5489a2e6a8cb,2024-03-27 00:00:00.000,
6d96f292-1b08-4f08-a7b0-214a11f5ba3e.binning_data.json,2024-03-28 03:00:02.592,2024-03-28 03:00:02.592,com.sec.android.app.shealth,102,469,2.3496487,410.4,38.53,hriiVjEkYE,com.sec.android.app.shealth,6d96f292-1b08-4f08-a7b0-214a11f5ba3e,2024-03-26 00:00:00.000,
0fd47501-cae4-49ff-84ed-dac2bd1496c8.binning_data.json,2024-03-29 06:09:39.240,2024-03-28 03:15:01.535,com.sec.android.app.shealth,-2,12846,1.4336323,9972.795,659.3594,VfS0qUERdZ,com.sec.android.app.shealth,0fd47501-cae4-49ff-84ed-dac2bd1496c8,2024-03-28 00:00:00.000,
ac793c23-8288-4ee2-b0ce-a023dbec6cf3.binning_data.json,2024-03-29 03:00:04.153,2024-03-29 03:00:04.153,com.sec.android.app.shealth,0,11289,1.430849,8771.89,569.16003,487mnSNu6t,com.sec.android.app.shealth,ac793c23-8288-4ee2-b0ce-a023dbec6cf3,2024-03-28 00:00:00.000,
d2110929-7a6c-4d06-a66d-49678e9a249f.binning_data.json,2024-03-30 03:00:08.474,2024-03-29 03:00:05.778,com.sec.android.app.shealth,102,12083,1.4513752,9401.633,625.51953,hriiVjEkYE,com.sec.android.app.shealth,d2110929-7a6c-4d06-a66d-49678e9a249f,2024-03-28 00:00:00.000,
daa3d602-8b64-48bb-b453-01db5a34deb7.binning_data.json,2024-03-30 01:04:25.375,2024-03-29 06:09:38.674,com.sec.android.app.shealth,-2,1178,1.6416225,933.8899,69.88,VfS0qUERdZ,com.sec.android.app.shealth,daa3d602-8b64-48bb-b453-01db5a34deb7,2024-03-29 00:00:00.000,
ecf1afd3-4df5-4a29-9d48-d688d4ec48ac.binning_data.json,2024-03-30 03:00:03.513,2024-03-30 03:00:03.513,com.sec.android.app.shealth,0,148,1.1143053,110.149994,7.95,487mnSNu6t,com.sec.android.app.shealth,ecf1afd3-4df5-4a29-9d48-d688d4ec48ac,2024-03-29 00:00:00.000,
e02f983d-450a-44fb-a4d9-e4df3a69f1f0.binning_data.json,2024-03-30 03:00:08.469,2024-03-30 03:00:08.469,com.sec.android.app.shealth,102,1050,1.7360665,838.48987,62.969994,hriiVjEkYE,com.sec.android.app.shealth,e02f983d-450a-44fb-a4d9-e4df3a69f1f0,2024-03-29 00:00:00.000,
f726fe23-f346-4448-9a13-bd3ff3b30791.binning_data.json,2024-03-31 03:11:58.654,2024-03-30 11:51:56.838,com.sec.android.app.shealth,-2,5405,1.4808626,4246.6104,315.15988,VfS0qUERdZ,com.sec.android.app.shealth,f726fe23-f346-4448-9a13-bd3ff3b30791,2024-03-30 00:00:00.000,
30cc2318-6e2a-4063-8c2a-090e4dca1623.binning_data.json,2024-03-31 03:00:08.312,2024-03-31 03:00:08.312,com.sec.android.app.shealth,0,3245,1.3670145,2495.88,163.69,487mnSNu6t,com.sec.android.app.shealth,30cc2318-6e2a-4063-8c2a-090e4dca1623,2024-03-30 00:00:00.000,
fe7e96c9-a1cf-43c7-a638-d10e7aac1432.binning_data.json,2024-04-01 03:00:03.772,2024-03-31 03:00:10.573,com.sec.android.app.shealth,102,5094,1.4874856,4011.8408,302.24002,hriiVjEkYE,com.sec.android.app.shealth,fe7e96c9-a1cf-43c7-a638-d10e7aac1432,2024-03-30 00:00:00.000,
0b209390-8ec3-42b3-b2a2-4e75274573a6.binning_data.json,2024-04-01 02:56:31.225,2024-03-31 11:38:36.807,com.sec.android.app.shealth,-2,4368,1.5408568,3477.329,275.49005,VfS0qUERdZ,com.sec.android.app.shealth,0b209390-8ec3-42b3-b2a2-4e75274573a6,2024-03-31 00:00:00.000,
269a2d0e-1870-43db-9ff0-8d5443db81e2.binning_data.json,2024-04-01 03:00:02.322,2024-04-01 03:00:02.322,com.sec.android.app.shealth,0,1093,1.2107414,825.54,57.14,487mnSNu6t,com.sec.android.app.shealth,269a2d0e-1870-43db-9ff0-8d5443db81e2,2024-03-31 00:00:00.000,
54362413-d840-4de9-953c-04858ba633ce.binning_data.json,2024-04-01 03:00:03.788,2024-04-01 03:00:03.788,com.sec.android.app.shealth,102,4094,1.562881,3268.709,261.07007,hriiVjEkYE,com.sec.android.app.shealth,54362413-d840-4de9-953c-04858ba633ce,2024-03-31 00:00:00.000,
efe4c7d7-2ab0-4e6b-8cf3-e603fb068d2d.binning_data.json,2024-04-02 09:51:05.446,2024-04-01 03:23:00.931,com.sec.android.app.shealth,-2,1807,1.8044962,1497.5702,130.12001,VfS0qUERdZ,com.sec.android.app.shealth,efe4c7d7-2ab0-4e6b-8cf3-e603fb068d2d,2024-04-01 00:00:00.000,
e05a8976-e5f1-4c93-948d-4f734f59c6df.binning_data.json,2024-04-02 03:00:03.270,2024-04-02 03:00:03.270,com.sec.android.app.shealth,0,470,1.2030121,352.21,20.89,487mnSNu6t,com.sec.android.app.shealth,e05a8976-e5f1-4c93-948d-4f734f59c6df,2024-04-01 00:00:00.000,
b5ef5602-a992-4529-a76b-e9700bfa6e63.binning_data.json,2024-04-03 03:00:03.954,2024-04-02 03:00:04.555,com.sec.android.app.shealth,102,1570,1.9363344,1319.6602,119.570015,hriiVjEkYE,com.sec.android.app.shealth,b5ef5602-a992-4529-a76b-e9700bfa6e63,2024-04-01 00:00:00.000,
0586e597-a89c-413c-a9e5-bd15d897e95a.binning_data.json,2024-04-03 11:59:39.919,2024-04-02 09:51:04.986,com.sec.android.app.shealth,-2,6324,1.3193225,4786.4116,265.09995,VfS0qUERdZ,com.sec.android.app.shealth,0586e597-a89c-413c-a9e5-bd15d897e95a,2024-04-02 00:00:00.000,
ee5aa7e5-2b0c-407d-9586-5d20bf2ccf17.binning_data.json,2024-04-03 03:00:02.416,2024-04-03 03:00:02.416,com.sec.android.app.shealth,0,5438,1.2473301,4050.9001,166.22,487mnSNu6t,com.sec.android.app.shealth,ee5aa7e5-2b0c-407d-9586-5d20bf2ccf17,2024-04-02 00:00:00.000,
59d99c49-9747-4e93-897e-beb155b73ed0.binning_data.json,2024-04-04 03:12:54.948,2024-04-03 03:00:03.970,com.sec.android.app.shealth,102,5616,1.3610653,4306.623,308.41006,hriiVjEkYE,com.sec.android.app.shealth,59d99c49-9747-4e93-897e-beb155b73ed0,2024-04-02 00:00:00.000,
2224181e-04db-4a5c-ba74-015cca0e0e66.binning_data.json,2024-04-04 01:55:55.256,2024-04-03 11:59:39.795,com.sec.android.app.shealth,-2,5191,1.4799445,4028.4895,221.5202,VfS0qUERdZ,com.sec.android.app.shealth,2224181e-04db-4a5c-ba74-015cca0e0e66,2024-04-03 00:00:00.000,
b6e67702-ea37-42ac-a841-e17aea1b8ff4.binning_data.json,2024-04-04 03:12:54.518,2024-04-04 03:12:54.518,com.sec.android.app.shealth,0,4045,1.4353167,3093.58,122.619995,487mnSNu6t,com.sec.android.app.shealth,b6e67702-ea37-42ac-a841-e17aea1b8ff4,2024-04-03 00:00:00.000,
def8fb6f-8b0b-4a59-9df7-d369a2d7ed79.binning_data.json,2024-04-04 03:12:54.946,2024-04-04 03:12:54.946,com.sec.android.app.shealth,102,4913,1.5124336,3867.2886,267.9503,hriiVjEkYE,com.sec.android.app.shealth,def8fb6f-8b0b-4a59-9df7-d369a2d7ed79,2024-04-03 00:00:00.000,
5216dc37-975a-4d05-a0f2-7e456edd41ce.binning_data.json,2024-04-05 09:52:37.309,2024-04-04 07:44:54.393,com.sec.android.app.shealth,-2,5893,1.5603949,4646.025,271.7299,VfS0qUERdZ,com.sec.android.app.shealth,5216dc37-975a-4d05-a0f2-7e456edd41ce,2024-04-04 00:00:00.000,
b3d5e1f3-30ff-4564-bc28-c27091ae4ea4.binning_data.json,2024-04-05 03:00:01.693,2024-04-05 03:00:01.693,com.sec.android.app.shealth,0,4301,1.4427,3295.5999,130.59,487mnSNu6t,com.sec.android.app.shealth,b3d5e1f3-30ff-4564-bc28-c27091ae4ea4,2024-04-04 00:00:00.000,
73629c35-dc8b-41c7-9f41-df2529bfb467.binning_data.json,2024-04-06 03:01:15.890,2024-04-05 03:00:02.699,com.sec.android.app.shealth,102,5467,1.601229,4375.2754,316.21,hriiVjEkYE,com.sec.android.app.shealth,73629c35-dc8b-41c7-9f41-df2529bfb467,2024-04-04 00:00:00.000,
103e4c3c-7d03-4daf-b4e0-7894d3dd3ce1.binning_data.json,2024-04-06 03:54:02.115,2024-04-05 09:52:36.849,com.sec.android.app.shealth,-2,7070,1.3780718,5430.646,330.22986,VfS0qUERdZ,com.sec.android.app.shealth,103e4c3c-7d03-4daf-b4e0-7894d3dd3ce1,2024-04-05 00:00:00.000,
20c74752-45ad-4794-a334-4727c74e3481.binning_data.json,2024-04-06 03:01:14.770,2024-04-06 03:01:14.770,com.sec.android.app.shealth,0,4968,1.2917731,3752.4602,187.81001,487mnSNu6t,com.sec.android.app.shealth,20c74752-45ad-4794-a334-4727c74e3481,2024-04-05 00:00:00.000,
0a2ca862-a0e8-4e93-b9c7-98c1a43e3eb6.binning_data.json,2024-04-07 03:00:06.866,2024-04-06 03:01:15.874,com.sec.android.app.shealth,102,5339,1.4180369,4128.546,289.32986,hriiVjEkYE,com.sec.android.app.shealth,0a2ca862-a0e8-4e93-b9c7-98c1a43e3eb6,2024-04-05 00:00:00.000,
118a8f2f-f458-4bc2-9621-1dc890827541.binning_data.json,2024-04-07 13:45:17.730,2024-04-06 03:55:01.773,com.sec.android.app.shealth,-2,5883,1.4761195,4616.95,327.63986,VfS0qUERdZ,com.sec.android.app.shealth,118a8f2f-f458-4bc2-9621-1dc890827541,2024-04-06 00:00:00.000,
6af02d4b-a1cd-4157-920f-f43a55cea225.binning_data.json,2024-04-07 03:00:05.237,2024-04-07 03:00:05.237,com.sec.android.app.shealth,0,4050,1.3743457,3128.73,205.73,487mnSNu6t,com.sec.android.app.shealth,6af02d4b-a1cd-4157-920f-f43a55cea225,2024-04-06 00:00:00.000,
3ab24f46-68b4-4de6-b070-c2dac8b6b693.binning_data.json,2024-04-08 03:00:14.284,2024-04-07 03:00:06.842,com.sec.android.app.shealth,102,4909,1.4679825,3846.011,284.74945,hriiVjEkYE,com.sec.android.app.shealth,3ab24f46-68b4-4de6-b070-c2dac8b6b693,2024-04-06 00:00:00.000,
e04f4a8b-4e46-4ecf-a127-9d1559dc53b4.binning_data.json,2024-04-08 10:52:48.853,2024-04-07 13:45:17.338,com.sec.android.app.shealth,-2,2910,1.4755859,2287.4702,175.29005,VfS0qUERdZ,com.sec.android.app.shealth,e04f4a8b-4e46-4ecf-a127-9d1559dc53b4,2024-04-07 00:00:00.000,
3edc47a3-a2a4-4a00-be5d-9159193a6876.binning_data.json,2024-04-08 03:04:20.561,2024-04-08 03:00:03.030,com.sec.android.app.shealth,0,1052,1.2821932,802.12,54.6,487mnSNu6t,com.sec.android.app.shealth,3edc47a3-a2a4-4a00-be5d-9159193a6876,2024-04-07 00:00:00.000,
53096575-94dc-4287-a77f-f7a1567168bd.binning_data.json,2024-04-09 03:00:04.906,2024-04-08 03:00:14.203,com.sec.android.app.shealth,102,2460,1.5181189,1945.1401,153.54004,hriiVjEkYE,com.sec.android.app.shealth,53096575-94dc-4287-a77f-f7a1567168bd,2024-04-07 00:00:00.000,
7b5bad03-c8fa-4cbe-a9bb-aa9139459348.binning_data.json,2024-04-09 02:15:16.360,2024-04-08 03:04:19.971,com.sec.android.app.shealth,-2,7072,1.5465193,5610.659,392.51993,VfS0qUERdZ,com.sec.android.app.shealth,7b5bad03-c8fa-4cbe-a9bb-aa9139459348,2024-04-08 00:00:00.000,
af21b6b3-3c17-4b6b-97c7-9ac35553be2e.binning_data.json,2024-04-09 03:00:03.330,2024-04-08 03:04:20.555,com.sec.android.app.shealth,0,1955,1.3547528,1506.93,100.13,487mnSNu6t,com.sec.android.app.shealth,af21b6b3-3c17-4b6b-97c7-9ac35553be2e,2024-04-08 00:00:00.000,
7405cf1d-0cb5-4f92-9475-cfeff449a53a.binning_data.json,2024-04-09 03:00:04.898,2024-04-09 03:00:04.898,com.sec.android.app.shealth,102,6499,1.5685811,5168.6284,365.5598,hriiVjEkYE,com.sec.android.app.shealth,7405cf1d-0cb5-4f92-9475-cfeff449a53a,2024-04-08 00:00:00.000,
72e21df1-ece5-4775-9820-53b874e1ee82.binning_data.json,2024-04-10 09:47:55.891,2024-04-09 03:08:56.767,com.sec.android.app.shealth,-2,8277,1.4268373,6441.8076,444.65,VfS0qUERdZ,com.sec.android.app.shealth,72e21df1-ece5-4775-9820-53b874e1ee82,2024-04-09 00:00:00.000,
62d68f1a-0348-4a12-940b-4c19a2309142.binning_data.json,2024-04-10 03:00:18.868,2024-04-10 03:00:18.868,com.sec.android.app.shealth,0,6339,1.3690729,4894.03,322.29,487mnSNu6t,com.sec.android.app.shealth,62d68f1a-0348-4a12-940b-4c19a2309142,2024-04-09 00:00:00.000,
ec03ee7d-1296-446f-aa70-050502247968.binning_data.json,2024-04-11 03:00:16.999,2024-04-10 03:00:20.345,com.sec.android.app.shealth,102,7731,1.4309123,6013.016,418.79,hriiVjEkYE,com.sec.android.app.shealth,ec03ee7d-1296-446f-aa70-050502247968,2024-04-09 00:00:00.000,
862251fd-0d0b-4bf2-b598-3f70959e1879.binning_data.json,2024-04-11 09:53:51.275,2024-04-10 03:14:29.755,com.sec.android.app.shealth,-2,3609,1.3368894,2777.96,197.58,VfS0qUERdZ,com.sec.android.app.shealth,862251fd-0d0b-4bf2-b598-3f70959e1879,2024-04-10 00:00:00.000,
5ecde930-1733-439a-8755-fbdfafa50fc5.binning_data.json,2024-04-11 03:00:07.447,2024-04-11 03:00:07.447,com.sec.android.app.shealth,0,3029,1.2587119,2294.2,154.87,487mnSNu6t,com.sec.android.app.shealth,5ecde930-1733-439a-8755-fbdfafa50fc5,2024-04-10 00:00:00.000,
987b8a4c-287e-4a8e-aa39-b62bbfdbed98.binning_data.json,2024-04-12 03:00:17.650,2024-04-11 03:00:16.993,com.sec.android.app.shealth,102,774,1.6960913,629.81,53.430004,hriiVjEkYE,com.sec.android.app.shealth,987b8a4c-287e-4a8e-aa39-b62bbfdbed98,2024-04-10 00:00:00.000,
d99e74ac-edd6-4f73-9b0f-d05a94d5f275.binning_data.json,2024-04-12 01:45:10.954,2024-04-11 09:53:51.112,com.sec.android.app.shealth,-2,9085,1.436967,7088.3413,483.74933,VfS0qUERdZ,com.sec.android.app.shealth,d99e74ac-edd6-4f73-9b0f-d05a94d5f275,2024-04-11 00:00:00.000,
eff82218-0a40-4c66-a08d-cd929aacbd72.binning_data.json,2024-04-12 03:00:12.614,2024-04-12 03:00:12.614,com.sec.android.app.shealth,0,4166,1.2635543,3163.03,212.14,487mnSNu6t,com.sec.android.app.shealth,eff82218-0a40-4c66-a08d-cd929aacbd72,2024-04-11 00:00:00.000,
f2e20a12-f88a-4371-887f-0b273d86caa9.binning_data.json,2024-04-12 03:00:17.667,2024-04-12 03:00:17.667,com.sec.android.app.shealth,102,8260,1.4582994,6454.9707,450.79883,hriiVjEkYE,com.sec.android.app.shealth,f2e20a12-f88a-4371-887f-0b273d86caa9,2024-04-11 00:00:00.000,
e7365a3d-c128-418b-a547-7f54e1a563b5.binning_data.json,2024-04-13 02:20:02.334,2024-04-12 09:58:35.350,com.sec.android.app.shealth,-2,9117,1.4333233,7098.828,491.62967,VfS0qUERdZ,com.sec.android.app.shealth,e7365a3d-c128-418b-a547-7f54e1a563b5,2024-04-12 00:00:00.000,
ecf993e5-e71a-4505-9845-ca3c8641eb4a.binning_data.json,2024-04-13 03:00:02.086,2024-04-13 03:00:02.086,com.sec.android.app.shealth,0,4696,1.2493341,3554.2,239.79,487mnSNu6t,com.sec.android.app.shealth,ecf993e5-e71a-4505-9845-ca3c8641eb4a,2024-04-12 00:00:00.000,
d5c2e0d0-2c4b-429a-ab69-38f200ec56fb.binning_data.json,2024-04-13 03:00:02.603,2024-04-13 03:00:02.603,com.sec.android.app.shealth,102,8443,1.4540806,6589.009,465.20956,hriiVjEkYE,com.sec.android.app.shealth,d5c2e0d0-2c4b-429a-ab69-38f200ec56fb,2024-04-12 00:00:00.000,
71ddee12-9786-463e-be12-a1c0895ec653.binning_data.json,2024-04-14 13:09:38.516,2024-04-13 11:19:45.581,com.sec.android.app.shealth,-2,5351,1.464483,4197.3076,307.17007,VfS0qUERdZ,com.sec.android.app.shealth,71ddee12-9786-463e-be12-a1c0895ec653,2024-04-13 00:00:00.000,
7d055e86-9520-4215-8015-bbd9096f50b7.binning_data.json,2024-04-14 03:07:54.403,2024-04-14 03:07:54.403,com.sec.android.app.shealth,0,2572,1.2243024,1941.3201,132.75,487mnSNu6t,com.sec.android.app.shealth,7d055e86-9520-4215-8015-bbd9096f50b7,2024-04-13 00:00:00.000,
6a47080f-7b7c-444a-85ed-b0332e49498e.binning_data.json,2024-04-15 03:00:08.911,2024-04-14 03:08:01.637,com.sec.android.app.shealth,102,4756,1.5091498,3748.788,277.67004,hriiVjEkYE,com.sec.android.app.shealth,6a47080f-7b7c-444a-85ed-b0332e49498e,2024-04-13 00:00:00.000,
32bc6d36-e196-40f6-8576-615aa01ad881.binning_data.json,2024-04-15 11:36:44.597,2024-04-14 13:09:38.031,com.sec.android.app.shealth,-2,3917,1.4392042,3066.2095,234.76003,VfS0qUERdZ,com.sec.android.app.shealth,32bc6d36-e196-40f6-8576-615aa01ad881,2024-04-14 00:00:00.000,
68eb0c14-27d8-477d-9e77-fa63679390b1.binning_data.json,2024-04-15 03:00:02.386,2024-04-15 03:00:02.386,com.sec.android.app.shealth,0,2304,1.2997847,1764.27,119.63,487mnSNu6t,com.sec.android.app.shealth,68eb0c14-27d8-477d-9e77-fa63679390b1,2024-04-14 00:00:00.000,
1b260e9f-c858-4d12-a0e7-1734d2ef6412.binning_data.json,2024-04-16 03:00:02.035,2024-04-15 03:00:08.926,com.sec.android.app.shealth,102,3300,1.4884027,2599.7996,206.24005,hriiVjEkYE,com.sec.android.app.shealth,1b260e9f-c858-4d12-a0e7-1734d2ef6412,2024-04-14 00:00:00.000,
a5797c75-6f7b-476c-91be-71b95eb36959.binning_data.json,2024-04-16 09:53:59.599,2024-04-15 11:16:49.507,com.sec.android.app.shealth,-2,1656,1.5008421,1311.83,104.88998,VfS0qUERdZ,com.sec.android.app.shealth,a5797c75-6f7b-476c-91be-71b95eb36959,2024-04-15 00:00:00.000,
2b5e3d04-55ec-4179-8da4-01b06f9a99fb.binning_data.json,2024-04-16 03:00:01.029,2024-04-16 03:00:01.029,com.sec.android.app.shealth,0,826,1.322143,633.75,43.15,487mnSNu6t,com.sec.android.app.shealth,2b5e3d04-55ec-4179-8da4-01b06f9a99fb,2024-04-15 00:00:00.000,
4dc641f1-9c50-46c6-8b92-c362ebc08f07.binning_data.json,2024-04-17 03:00:03.884,2024-04-16 03:00:02.027,com.sec.android.app.shealth,102,1291,1.5522903,1028.9199,85.95998,hriiVjEkYE,com.sec.android.app.shealth,4dc641f1-9c50-46c6-8b92-c362ebc08f07,2024-04-15 00:00:00.000,
8e252ab6-3e2e-4ae3-a42d-2dc12a6fbd37.binning_data.json,2024-04-17 00:31:51.726,2024-04-16 09:53:59.471,com.sec.android.app.shealth,-2,7665,1.4002931,5929.499,410.49915,VfS0qUERdZ,com.sec.android.app.shealth,8e252ab6-3e2e-4ae3-a42d-2dc12a6fbd37,2024-04-16 00:00:00.000,
5b4e7e43-69ae-46c7-905e-fa6ac47a270d.binning_data.json,2024-04-17 03:00:02.595,2024-04-17 03:00:02.595,com.sec.android.app.shealth,0,4207,1.2487799,3183.5,213.95,487mnSNu6t,com.sec.android.app.shealth,5b4e7e43-69ae-46c7-905e-fa6ac47a270d,2024-04-16 00:00:00.000,
83eecd9a-dfaa-40f8-af03-53f7289e1be2.binning_data.json,2024-04-17 03:00:03.879,2024-04-17 03:00:03.879,com.sec.android.app.shealth,102,7405,1.4177413,5735.4087,402.90915,hriiVjEkYE,com.sec.android.app.shealth,83eecd9a-dfaa-40f8-af03-53f7289e1be2,2024-04-16 00:00:00.000,
cb9207ee-ef7e-428f-8360-180de68474f7.binning_data.json,2024-04-22 11:15:57.310,2024-04-17 09:52:29.535,com.sec.android.app.shealth,-2,8497,1.4441141,6575.031,358.16992,VfS0qUERdZ,com.sec.android.app.shealth,cb9207ee-ef7e-428f-8360-180de68474f7,2024-04-17 00:00:00.000,
1c17b0c8-1080-4663-9728-2d7a603b3649.binning_data.json,2024-04-18 03:17:12.556,2024-04-18 03:17:12.556,com.sec.android.app.shealth,0,7349,1.3807362,5601.17,225.43,487mnSNu6t,com.sec.android.app.shealth,1c17b0c8-1080-4663-9728-2d7a603b3649,2024-04-17 00:00:00.000,
0853f35b-02f1-414a-bcd2-64407552f306.binning_data.json,2024-04-23 03:00:05.248,2024-04-18 03:17:29.118,com.sec.android.app.shealth,102,8018,1.4893388,6288.9863,441.3096,hriiVjEkYE,com.sec.android.app.shealth,0853f35b-02f1-414a-bcd2-64407552f306,2024-04-17 00:00:00.000,
9540fe8d-31df-49e3-a2ad-c604b00130cf.binning_data.json,2024-04-18 20:52:23.263,2024-04-18 14:23:19.156,com.sec.android.app.shealth,-2,27,1.0049204,19.57,0.89,VfS0qUERdZ,com.sec.android.app.shealth,9540fe8d-31df-49e3-a2ad-c604b00130cf,2024-04-18 00:00:00.000,
d1e71a14-aecb-47bc-aba7-2736529aaa2f.binning_data.json,2024-04-19 03:00:01.789,2024-04-19 03:00:01.789,com.sec.android.app.shealth,0,27,1.0049204,19.57,0.89,487mnSNu6t,com.sec.android.app.shealth,d1e71a14-aecb-47bc-aba7-2736529aaa2f,2024-04-18 00:00:00.000,
9818135d-d2ef-4369-949c-36a7b5891ac8.binning_data.json,2024-04-19 19:36:27.511,2024-04-19 19:33:40.996,com.sec.android.app.shealth,-2,7,1.487614,5.44,0.22,VfS0qUERdZ,com.sec.android.app.shealth,9818135d-d2ef-4369-949c-36a7b5891ac8,2024-04-19 00:00:00.000,
85a06388-0647-437c-a868-f3567e4762fe.binning_data.json,2024-04-20 03:00:00.702,2024-04-20 03:00:00.702,com.sec.android.app.shealth,0,7,1.487614,5.44,0.22,487mnSNu6t,com.sec.android.app.shealth,85a06388-0647-437c-a868-f3567e4762fe,2024-04-19 00:00:00.000,
1735c558-3eb8-4d9f-82d8-efafc6e06197.binning_data.json,2024-04-20 04:37:50.580,2024-04-20 04:16:07.603,com.sec.android.app.shealth,-2,8,0.88888884,5.8399997,0.26,VfS0qUERdZ,com.sec.android.app.shealth,1735c558-3eb8-4d9f-82d8-efafc6e06197,2024-04-20 00:00:00.000,
1f47808d-fff7-485a-a382-15e82cd5fce8.binning_data.json,2024-04-21 03:00:00.972,2024-04-21 03:00:00.972,com.sec.android.app.shealth,0,8,0.88888884,5.8399997,0.26,487mnSNu6t,com.sec.android.app.shealth,1f47808d-fff7-485a-a382-15e82cd5fce8,2024-04-20 00:00:00.000,
9b98ed60-c926-41a4-a525-a46c9cd0d60b.binning_data.json,2024-04-22 11:15:56.774,2024-04-21 03:34:58.890,com.sec.android.app.shealth,-2,260,1.0874892,189.09999,14.889999,VfS0qUERdZ,com.sec.android.app.shealth,9b98ed60-c926-41a4-a525-a46c9cd0d60b,2024-04-21 00:00:00.000,
7509c8d3-6055-4720-bfa7-5fbd2fb9f922.binning_data.json,2024-04-22 03:00:01.945,2024-04-22 03:00:01.945,com.sec.android.app.shealth,0,14,1.2133089,10.23,0.46,487mnSNu6t,com.sec.android.app.shealth,7509c8d3-6055-4720-bfa7-5fbd2fb9f922,2024-04-21 00:00:00.000,
9fd5e8ba-1bde-41c0-b8b6-67609722ee70.binning_data.json,2024-04-23 09:50:22.067,2024-04-22 11:15:56.179,com.sec.android.app.shealth,-2,2153,1.4691745,1701.7296,136.38,VfS0qUERdZ,com.sec.android.app.shealth,9fd5e8ba-1bde-41c0-b8b6-67609722ee70,2024-04-22 00:00:00.000,
5f8c03b3-6a32-4256-a99d-2f3ec18f2ee2.binning_data.json,2024-04-23 03:00:04.401,2024-04-23 03:00:04.401,com.sec.android.app.shealth,0,495,1.1212126,361.47,15.68,487mnSNu6t,com.sec.android.app.shealth,5f8c03b3-6a32-4256-a99d-2f3ec18f2ee2,2024-04-22 00:00:00.000,
2bddffab-052b-4ebd-b451-9fa5f72627a5.binning_data.json,2024-04-23 03:00:05.238,2024-04-23 03:00:05.238,com.sec.android.app.shealth,102,246,1.0810776,178.87,14.429999,hriiVjEkYE,com.sec.android.app.shealth,2bddffab-052b-4ebd-b451-9fa5f72627a5,2024-04-21 00:00:00.000,
b50e5458-963c-41a8-a5b1-4f317748e041.binning_data.json,2024-04-24 03:00:01.024,2024-04-23 03:00:05.244,com.sec.android.app.shealth,102,2051,1.513067,1629.8496,135.70001,hriiVjEkYE,com.sec.android.app.shealth,b50e5458-963c-41a8-a5b1-4f317748e041,2024-04-22 00:00:00.000,
7f40b639-e0d6-40d6-b196-19efca5ff291.binning_data.json,2024-04-24 09:46:46.808,2024-04-23 09:50:21.843,com.sec.android.app.shealth,-2,4101,1.2202494,3060.9,178.42006,VfS0qUERdZ,com.sec.android.app.shealth,7f40b639-e0d6-40d6-b196-19efca5ff291,2024-04-23 00:00:00.000,
c9bc6649-4195-4b5b-b23c-a8387b343efd.binning_data.json,2024-04-24 03:00:00.674,2024-04-24 03:00:00.674,com.sec.android.app.shealth,0,3037,1.2163261,2260.11,93.409996,487mnSNu6t,com.sec.android.app.shealth,c9bc6649-4195-4b5b-b23c-a8387b343efd,2024-04-23 00:00:00.000,
26ab592a-e454-405a-a1e5-9d4586aac0d0.binning_data.json,2024-04-25 03:00:09.563,2024-04-24 03:00:01.036,com.sec.android.app.shealth,102,2913,1.2682928,2200.4897,163.77005,hriiVjEkYE,com.sec.android.app.shealth,26ab592a-e454-405a-a1e5-9d4586aac0d0,2024-04-23 00:00:00.000,
5ced47bb-23cc-458b-8459-6f7329b74d82.binning_data.json,2024-04-25 03:36:26.909,2024-04-24 03:12:54.095,com.sec.android.app.shealth,-2,3385,1.3495973,2596.4304,158.84009,VfS0qUERdZ,com.sec.android.app.shealth,5ced47bb-23cc-458b-8459-6f7329b74d82,2024-04-24 00:00:00.000,
dbd64766-ab2a-4cda-949c-8f2d0b1c3ff9.binning_data.json,2024-04-25 03:00:09.162,2024-04-25 03:00:09.162,com.sec.android.app.shealth,0,2649,1.2255656,1968.08,81.34,487mnSNu6t,com.sec.android.app.shealth,dbd64766-ab2a-4cda-949c-8f2d0b1c3ff9,2024-04-24 00:00:00.000,
3a2cc687-b05e-42ed-b8a1-f0fca9c5083a.binning_data.json,2024-04-26 03:00:07.294,2024-04-25 03:00:09.559,com.sec.android.app.shealth,102,2975,1.415676,2316.5107,182.08014,hriiVjEkYE,com.sec.android.app.shealth,3a2cc687-b05e-42ed-b8a1-f0fca9c5083a,2024-04-24 00:00:00.000,
55e288f2-b430-4d93-b589-70cdac8f07aa.binning_data.json,2024-04-26 05:16:30.028,2024-04-25 03:15:00.697,com.sec.android.app.shealth,-2,1373,1.33281,1049.26,68.31,VfS0qUERdZ,com.sec.android.app.shealth,55e288f2-b430-4d93-b589-70cdac8f07aa,2024-04-25 00:00:00.000,
27934e76-d485-442a-9610-ac918b454942.binning_data.json,2024-04-26 03:00:06.266,2024-04-26 03:00:06.266,com.sec.android.app.shealth,0,646,1.1642547,475.71,20.36,487mnSNu6t,com.sec.android.app.shealth,27934e76-d485-442a-9610-ac918b454942,2024-04-25 00:00:00.000,
5bc887b4-b542-48bf-a6f2-5ce98f035431.binning_data.json,2024-04-27 03:00:03.548,2024-04-26 03:00:07.291,com.sec.android.app.shealth,102,992,1.403347,769.03,59.68,hriiVjEkYE,com.sec.android.app.shealth,5bc887b4-b542-48bf-a6f2-5ce98f035431,2024-04-25 00:00:00.000,
8d71f9c8-7e51-411c-a177-dc052c6c636f.binning_data.json,2024-04-27 04:01:08.114,2024-04-26 05:16:29.875,com.sec.android.app.shealth,-2,3540,1.3904312,2723.8308,169.23001,VfS0qUERdZ,com.sec.android.app.shealth,8d71f9c8-7e51-411c-a177-dc052c6c636f,2024-04-26 00:00:00.000,
7e7b8005-6e24-4267-9c0a-7a0fea8c25e9.binning_data.json,2024-04-27 03:00:02.229,2024-04-27 03:00:02.229,com.sec.android.app.shealth,0,2919,1.2784479,2187.98,89.69,487mnSNu6t,com.sec.android.app.shealth,7e7b8005-6e24-4267-9c0a-7a0fea8c25e9,2024-04-26 00:00:00.000,
1a943f36-41a5-4dab-b265-68024a518b9f.binning_data.json,2024-04-28 03:00:03.768,2024-04-27 03:00:03.564,com.sec.android.app.shealth,102,3210,1.4391124,2500.9116,194.10011,hriiVjEkYE,com.sec.android.app.shealth,1a943f36-41a5-4dab-b265-68024a518b9f,2024-04-26 00:00:00.000,
6e18e9ed-04fa-4a68-9011-0b3901ad08f3.binning_data.json,2024-04-28 11:41:36.626,2024-04-27 04:01:07.725,com.sec.android.app.shealth,-2,1783,1.5716166,1431.5199,109.11001,VfS0qUERdZ,com.sec.android.app.shealth,6e18e9ed-04fa-4a68-9011-0b3901ad08f3,2024-04-27 00:00:00.000,
8cfbd587-28b9-47b9-a6cd-951e039a216c.binning_data.json,2024-04-28 03:00:02.084,2024-04-28 03:00:02.084,com.sec.android.app.shealth,0,899,1.1554772,660.85,28.11,487mnSNu6t,com.sec.android.app.shealth,8cfbd587-28b9-47b9-a6cd-951e039a216c,2024-04-27 00:00:00.000,
5330d02d-3da3-40fa-bdf1-04bc76e818b6.binning_data.json,2024-04-29 03:00:05.556,2024-04-28 03:00:03.784,com.sec.android.app.shealth,102,1471,1.6927567,1204.5599,104.710014,hriiVjEkYE,com.sec.android.app.shealth,5330d02d-3da3-40fa-bdf1-04bc76e818b6,2024-04-27 00:00:00.000,
e358425b-8708-496b-9b43-f4d86bad2fda.binning_data.json,2024-04-30 09:39:17.990,2024-04-28 03:24:53.737,com.sec.android.app.shealth,-2,1942,1.4590296,1516.8102,110.850006,VfS0qUERdZ,com.sec.android.app.shealth,e358425b-8708-496b-9b43-f4d86bad2fda,2024-04-28 00:00:00.000,
3039eac3-6ff9-41fe-bf08-a08c01647a3e.binning_data.json,2024-04-29 03:00:04.255,2024-04-29 03:00:04.255,com.sec.android.app.shealth,0,441,1.2127247,327.54,13.88,487mnSNu6t,com.sec.android.app.shealth,3039eac3-6ff9-41fe-bf08-a08c01647a3e,2024-04-28 00:00:00.000,
16733f70-ff1c-41c7-ab4c-9ce537bb77fa.binning_data.json,2024-05-01 03:20:46.020,2024-04-29 03:00:05.550,com.sec.android.app.shealth,102,1773,1.4926146,1393.3602,110.29,hriiVjEkYE,com.sec.android.app.shealth,16733f70-ff1c-41c7-ab4c-9ce537bb77fa,2024-04-28 00:00:00.000,
3d1c84d8-04d9-4d73-a33d-0bacc4b58625.binning_data.json,2024-04-30 09:39:17.850,2024-04-29 10:15:09.354,com.sec.android.app.shealth,-2,7272,1.3278359,5491.1,223.12,VfS0qUERdZ,com.sec.android.app.shealth,3d1c84d8-04d9-4d73-a33d-0bacc4b58625,2024-04-29 00:00:00.000,
ab01e3c0-4afd-4cc6-b912-9508dc30b62b.binning_data.json,2024-04-30 03:00:02.710,2024-04-30 03:00:02.710,com.sec.android.app.shealth,0,7211,1.3234457,5439.83,219.61,487mnSNu6t,com.sec.android.app.shealth,ab01e3c0-4afd-4cc6-b912-9508dc30b62b,2024-04-29 00:00:00.000,
ecd9aa26-6ea3-471c-94bc-acc0c7586027.binning_data.json,2024-05-01 03:55:34.446,2024-04-30 11:45:59.413,com.sec.android.app.shealth,-2,5985,1.4554782,4631.4795,263.6099,VfS0qUERdZ,com.sec.android.app.shealth,ecd9aa26-6ea3-471c-94bc-acc0c7586027,2024-04-30 00:00:00.000,
ff8f3158-0abf-4305-90dd-64cb0d963219.binning_data.json,2024-05-02 03:00:02.393,2024-05-01 03:20:30.731,com.sec.android.app.shealth,0,12706,1.2873722,9519.09,383.38,487mnSNu6t,com.sec.android.app.shealth,ff8f3158-0abf-4305-90dd-64cb0d963219,2024-05-01 00:00:00.000,
f58dcfaa-8a7a-4607-a001-a87913742386.binning_data.json,2024-05-01 03:20:30.961,2024-05-01 03:20:30.961,com.sec.android.app.shealth,0,4074,1.4381427,3119.13,123.53,487mnSNu6t,com.sec.android.app.shealth,f58dcfaa-8a7a-4607-a001-a87913742386,2024-04-30 00:00:00.000,
8be348df-8785-49d7-aff6-56f13dd1a38a.binning_data.json,2024-05-02 09:46:47.991,2024-05-01 03:20:39.331,com.sec.android.app.shealth,-2,14500,1.3641686,11067.286,602.77954,VfS0qUERdZ,com.sec.android.app.shealth,8be348df-8785-49d7-aff6-56f13dd1a38a,2024-05-01 00:00:00.000,
0a70efea-358b-4749-b75a-9f1bc7beb51a.binning_data.json,2024-05-02 03:00:03.004,2024-05-01 03:20:46.143,com.sec.android.app.shealth,102,5718,1.4782498,4478.471,313.17966,hriiVjEkYE,com.sec.android.app.shealth,0a70efea-358b-4749-b75a-9f1bc7beb51a,2024-04-30 00:00:00.000,
fb080694-3731-4d4e-b016-461f18f4d274.binning_data.json,2024-05-01 03:20:46.154,2024-05-01 03:20:46.154,com.sec.android.app.shealth,102,61,2.049041,51.27,3.51,hriiVjEkYE,com.sec.android.app.shealth,fb080694-3731-4d4e-b016-461f18f4d274,2024-04-29 00:00:00.000,
2be1f546-22cc-47b8-8d04-9fe527a2e077.binning_data.json,2024-05-03 03:00:04.087,2024-05-02 03:00:02.998,com.sec.android.app.shealth,102,13701,1.3862058,10550.41,729.13873,hriiVjEkYE,com.sec.android.app.shealth,2be1f546-22cc-47b8-8d04-9fe527a2e077,2024-05-01 00:00:00.000,
4483dde3-2438-4031-b30f-abcd1d838610.binning_data.json,2024-05-03 02:05:16.462,2024-05-02 09:46:47.781,com.sec.android.app.shealth,-2,5940,1.4675024,4598.6895,248.84999,VfS0qUERdZ,com.sec.android.app.shealth,4483dde3-2438-4031-b30f-abcd1d838610,2024-05-02 00:00:00.000,
44a60aa3-89bb-4d79-b1b4-9e508f69e2ca.binning_data.json,2024-05-03 03:00:02.025,2024-05-03 03:00:02.025,com.sec.android.app.shealth,0,4540,1.4218731,3468.2698,138.34,487mnSNu6t,com.sec.android.app.shealth,44a60aa3-89bb-4d79-b1b4-9e508f69e2ca,2024-05-02 00:00:00.000,
b861cb2c-1338-4048-ba2d-f1f8d457e300.binning_data.json,2024-05-03 03:00:04.055,2024-05-03 03:00:04.055,com.sec.android.app.shealth,102,3464,1.5123479,2721.9602,200.44002,hriiVjEkYE,com.sec.android.app.shealth,b861cb2c-1338-4048-ba2d-f1f8d457e300,2024-05-02 00:00:00.000,
c3986c05-3605-44ef-bb9d-5068f54e0da9.binning_data.json,2024-05-04 12:26:28.672,2024-05-03 11:46:22.324,com.sec.android.app.shealth,-2,5851,1.4654695,4533.1094,259.20993,VfS0qUERdZ,com.sec.android.app.shealth,c3986c05-3605-44ef-bb9d-5068f54e0da9,2024-05-03 00:00:00.000,
5b7edfee-42d1-4936-ab77-657decfa2221.binning_data.json,2024-05-04 03:00:02.713,2024-05-04 03:00:02.713,com.sec.android.app.shealth,0,4418,1.4405731,3388.01,134.39,487mnSNu6t,com.sec.android.app.shealth,5b7edfee-42d1-4936-ab77-657decfa2221,2024-05-03 00:00:00.000,
7f3f2376-5b2e-418b-a211-0f95c4b22fbf.binning_data.json,2024-05-05 03:00:02.775,2024-05-04 03:00:04.356,com.sec.android.app.shealth,102,5462,1.4868879,4262.339,298.70996,hriiVjEkYE,com.sec.android.app.shealth,7f3f2376-5b2e-418b-a211-0f95c4b22fbf,2024-05-03 00:00:00.000,
8c235972-e451-46fa-8703-dbeb1ea40800.binning_data.json,2024-05-05 04:51:34.623,2024-05-04 12:26:28.176,com.sec.android.app.shealth,-2,7078,1.4506502,5492.58,345.33008,VfS0qUERdZ,com.sec.android.app.shealth,8c235972-e451-46fa-8703-dbeb1ea40800,2024-05-04 00:00:00.000,
04d68855-1fc2-48d7-9208-06d22af84fed.binning_data.json,2024-05-05 03:00:01.794,2024-05-05 03:00:01.794,com.sec.android.app.shealth,0,2910,1.1985857,2154.85,90.579994,487mnSNu6t,com.sec.android.app.shealth,04d68855-1fc2-48d7-9208-06d22af84fed,2024-05-04 00:00:00.000,
8c0c77cf-86d2-4f8b-93c1-1097c5019c0b.binning_data.json,2024-05-06 03:00:03.833,2024-05-05 03:00:02.772,com.sec.android.app.shealth,102,6341,1.4970752,4956.871,344.0301,hriiVjEkYE,com.sec.android.app.shealth,8c0c77cf-86d2-4f8b-93c1-1097c5019c0b,2024-05-04 00:00:00.000,
1cc4a805-737c-443a-8cbf-4557174c90c0.binning_data.json,2024-05-06 03:13:13.404,2024-05-05 04:51:34.391,com.sec.android.app.shealth,-2,4406,1.4576343,3452.5295,249.95996,VfS0qUERdZ,com.sec.android.app.shealth,1cc4a805-737c-443a-8cbf-4557174c90c0,2024-05-05 00:00:00.000,
d762bca5-2d82-4512-a7d4-8e79a453d1ec.binning_data.json,2024-05-06 03:00:02.839,2024-05-06 03:00:02.839,com.sec.android.app.shealth,0,2202,1.1791598,1623.8099,68.45,487mnSNu6t,com.sec.android.app.shealth,d762bca5-2d82-4512-a7d4-8e79a453d1ec,2024-05-05 00:00:00.000,
6c9261f0-49a5-4e7f-8787-32a13c271e5e.binning_data.json,2024-05-07 03:00:02.965,2024-05-06 03:00:03.830,com.sec.android.app.shealth,102,3994,1.501851,3157.1694,255.73993,hriiVjEkYE,com.sec.android.app.shealth,6c9261f0-49a5-4e7f-8787-32a13c271e5e,2024-05-05 00:00:00.000,
6bf4e84f-4125-476f-9a9a-e28ced28f01e.binning_data.json,2024-05-07 13:26:14.688,2024-05-06 03:13:13.225,com.sec.android.app.shealth,-2,7848,1.5809476,6227.581,408.58972,VfS0qUERdZ,com.sec.android.app.shealth,6bf4e84f-4125-476f-9a9a-e28ced28f01e,2024-05-06 00:00:00.000,
1c91bedc-31da-40f1-bb34-e5e404e851f4.binning_data.json,2024-05-07 03:00:01.912,2024-05-07 03:00:01.912,com.sec.android.app.shealth,0,5030,1.3885947,3831.26,153.33,487mnSNu6t,com.sec.android.app.shealth,1c91bedc-31da-40f1-bb34-e5e404e851f4,2024-05-06 00:00:00.000,
2838eea0-87ae-4caf-9489-944c57bed744.binning_data.json,2024-05-08 03:00:13.933,2024-05-07 03:00:02.983,com.sec.android.app.shealth,102,7148,1.6203482,5725.6006,445.6096,hriiVjEkYE,com.sec.android.app.shealth,2838eea0-87ae-4caf-9489-944c57bed744,2024-05-06 00:00:00.000,
6739d4b6-8fd3-4590-83ff-e070014b7d5a.binning_data.json,2024-05-09 03:00:08.881,2024-05-07 13:26:14.528,com.sec.android.app.shealth,-2,7128,1.4573089,5521.699,301.29996,VfS0qUERdZ,com.sec.android.app.shealth,6739d4b6-8fd3-4590-83ff-e070014b7d5a,2024-05-07 00:00:00.000,
09b2eafd-fd76-451b-9a2d-140bbfbd80a3.binning_data.json,2024-05-08 03:00:02.790,2024-05-08 03:00:02.790,com.sec.android.app.shealth,0,5700,1.4161223,4368.6997,173.43,487mnSNu6t,com.sec.android.app.shealth,09b2eafd-fd76-451b-9a2d-140bbfbd80a3,2024-05-07 00:00:00.000,
5b874c6e-2683-412f-a0ce-2c214000a774.binning_data.json,2024-05-09 03:00:09.260,2024-05-08 03:00:13.980,com.sec.android.app.shealth,102,6319,1.4894501,4936.7183,347.00992,hriiVjEkYE,com.sec.android.app.shealth,5b874c6e-2683-412f-a0ce-2c214000a774,2024-05-07 00:00:00.000,
b31c89a1-4d0b-4541-9a3d-a8a5a12266ff.binning_data.json,2024-05-09 08:15:28.022,2024-05-08 03:02:04.742,com.sec.android.app.shealth,-2,7112,1.4606246,5520.2783,333.9099,VfS0qUERdZ,com.sec.android.app.shealth,b31c89a1-4d0b-4541-9a3d-a8a5a12266ff,2024-05-08 00:00:00.000,
bc38a945-e155-47b4-97bf-fd8d5285428e.binning_data.json,2024-05-09 03:00:07.540,2024-05-09 03:00:07.540,com.sec.android.app.shealth,0,4369,1.44494,3366.35,133.12,487mnSNu6t,com.sec.android.app.shealth,bc38a945-e155-47b4-97bf-fd8d5285428e,2024-05-08 00:00:00.000,
25149149-3fca-4fe3-b7dc-3f63b4afe96e.binning_data.json,2024-05-10 03:00:13.956,2024-05-09 03:00:09.281,com.sec.android.app.shealth,102,6659,1.474621,5190.348,371.89996,hriiVjEkYE,com.sec.android.app.shealth,25149149-3fca-4fe3-b7dc-3f63b4afe96e,2024-05-08 00:00:00.000,
a913ecb3-c4a5-498e-b217-e83b468848be.binning_data.json,2024-05-10 15:23:42.068,2024-05-09 04:42:17.564,com.sec.android.app.shealth,-2,7516,1.4863914,5871.9814,354.98962,VfS0qUERdZ,com.sec.android.app.shealth,a913ecb3-c4a5-498e-b217-e83b468848be,2024-05-09 00:00:00.000,
aa83b440-87b3-413d-8d1e-0bcaa6b6e957.binning_data.json,2024-05-10 03:00:12.474,2024-05-10 03:00:12.474,com.sec.android.app.shealth,0,4643,1.4391389,3579.89,141.62,487mnSNu6t,com.sec.android.app.shealth,aa83b440-87b3-413d-8d1e-0bcaa6b6e957,2024-05-09 00:00:00.000,
d71eaae8-fd50-40ab-8ec3-9dfbf91aabc8.binning_data.json,2024-05-11 03:00:05.544,2024-05-10 03:00:13.951,com.sec.android.app.shealth,102,7032,1.5040425,5514.6533,397.94952,hriiVjEkYE,com.sec.android.app.shealth,d71eaae8-fd50-40ab-8ec3-9dfbf91aabc8,2024-05-09 00:00:00.000,
b511f7d8-9bc6-448d-99fb-4d4401bb8d40.binning_data.json,2024-05-11 12:15:43.353,2024-05-10 13:47:04.395,com.sec.android.app.shealth,-2,5915,1.3698655,4502.4004,218.46,VfS0qUERdZ,com.sec.android.app.shealth,b511f7d8-9bc6-448d-99fb-4d4401bb8d40,2024-05-10 00:00:00.000,
17dc50bd-efca-47cc-ba9e-e1ccf0a3ccf9.binning_data.json,2024-05-11 03:00:03.084,2024-05-11 03:00:03.084,com.sec.android.app.shealth,0,5360,1.3709112,4072.27,163.73,487mnSNu6t,com.sec.android.app.shealth,17dc50bd-efca-47cc-ba9e-e1ccf0a3ccf9,2024-05-10 00:00:00.000,
ea63013e-50df-48f4-8245-5761e1ce5772.binning_data.json,2024-05-12 03:25:25.927,2024-05-11 03:00:05.652,com.sec.android.app.shealth,102,4715,1.4244268,3637.4507,243.38002,hriiVjEkYE,com.sec.android.app.shealth,ea63013e-50df-48f4-8245-5761e1ce5772,2024-05-10 00:00:00.000,
4ce83ad8-c35a-4319-aa4a-5f1322b7b5a6.binning_data.json,2024-05-12 02:55:01.283,2024-05-11 04:15:01.580,com.sec.android.app.shealth,-2,13270,1.3492886,10118.989,571.71936,VfS0qUERdZ,com.sec.android.app.shealth,4ce83ad8-c35a-4319-aa4a-5f1322b7b5a6,2024-05-11 00:00:00.000,
02483476-81c5-4395-adc6-236b8b55dcd4.binning_data.json,2024-05-13 10:50:26.910,2024-05-12 03:25:16.878,com.sec.android.app.shealth,-2,4508,1.2772216,3392.7996,187.72,VfS0qUERdZ,com.sec.android.app.shealth,02483476-81c5-4395-adc6-236b8b55dcd4,2024-05-12 00:00:00.000,
6b049e94-31b0-40d1-842c-39ba19616a17.binning_data.json,2024-05-12 03:25:24.775,2024-05-12 03:25:24.775,com.sec.android.app.shealth,0,9653,1.2376295,7194.85,295.62,487mnSNu6t,com.sec.android.app.shealth,6b049e94-31b0-40d1-842c-39ba19616a17,2024-05-11 00:00:00.000,
3faa858b-7c7f-46eb-be7f-837b3efce36f.binning_data.json,2024-05-13 03:31:43.032,2024-05-12 03:25:24.782,com.sec.android.app.shealth,0,2993,1.2575351,2238.05,93.61,487mnSNu6t,com.sec.android.app.shealth,3faa858b-7c7f-46eb-be7f-837b3efce36f,2024-05-12 00:00:00.000,
44b89148-9e83-4c01-99ed-8b243072be52.binning_data.json,2024-05-13 03:31:43.587,2024-05-12 03:25:25.911,com.sec.android.app.shealth,102,11817,1.3887165,9091.748,624.4694,hriiVjEkYE,com.sec.android.app.shealth,44b89148-9e83-4c01-99ed-8b243072be52,2024-05-11 00:00:00.000,
85e86147-9763-45ed-84be-ee6a01ac0316.binning_data.json,2024-05-14 03:00:10.107,2024-05-13 03:31:43.584,com.sec.android.app.shealth,102,2447,1.2848088,1851.6698,134.16,hriiVjEkYE,com.sec.android.app.shealth,85e86147-9763-45ed-84be-ee6a01ac0316,2024-05-12 00:00:00.000,
1d5b1a75-5310-4fae-a0bd-73fa72e03ff9.binning_data.json,2024-05-14 11:02:42.574,2024-05-13 03:32:01.501,com.sec.android.app.shealth,-2,5894,1.460319,4555.38,246.25005,VfS0qUERdZ,com.sec.android.app.shealth,1d5b1a75-5310-4fae-a0bd-73fa72e03ff9,2024-05-13 00:00:00.000,
2868e3ad-c9aa-4e73-8d04-eb752dc159f4.binning_data.json,2024-05-14 03:00:04.279,2024-05-14 03:00:04.279,com.sec.android.app.shealth,0,4579,1.4026232,3487.4,139.53,487mnSNu6t,com.sec.android.app.shealth,2868e3ad-c9aa-4e73-8d04-eb752dc159f4,2024-05-13 00:00:00.000,
08139f7b-492f-48c1-8e10-0c1bac54225a.binning_data.json,2024-05-15 03:00:03.016,2024-05-14 03:00:10.103,com.sec.android.app.shealth,102,5069,1.511202,3972.2197,278.56003,hriiVjEkYE,com.sec.android.app.shealth,08139f7b-492f-48c1-8e10-0c1bac54225a,2024-05-13 00:00:00.000,
41767ae2-a49a-46fe-aac9-f6dc5ac8526f.binning_data.json,2024-05-15 09:55:23.929,2024-05-14 11:02:42.071,com.sec.android.app.shealth,-2,4508,1.4637355,3510.4705,228.07004,VfS0qUERdZ,com.sec.android.app.shealth,41767ae2-a49a-46fe-aac9-f6dc5ac8526f,2024-05-14 00:00:00.000,
17257d42-bf28-4319-a34a-04495af6d579.binning_data.json,2024-05-15 03:00:02.553,2024-05-15 03:00:02.553,com.sec.android.app.shealth,0,1898,1.264538,1420.3799,58.969997,487mnSNu6t,com.sec.android.app.shealth,17257d42-bf28-4319-a34a-04495af6d579,2024-05-14 00:00:00.000,
052b704e-9b80-4033-88b6-af6616496574.binning_data.json,2024-05-16 03:00:15.329,2024-05-15 03:00:03.029,com.sec.android.app.shealth,102,3951,1.5139712,3104.0508,227.54005,hriiVjEkYE,com.sec.android.app.shealth,052b704e-9b80-4033-88b6-af6616496574,2024-05-14 00:00:00.000,
27e1c701-665a-4730-a987-09f9ce7ec58a.binning_data.json,2024-05-16 14:51:14.543,2024-05-15 09:55:23.730,com.sec.android.app.shealth,-2,6532,1.3896414,5039.8203,336.2797,VfS0qUERdZ,com.sec.android.app.shealth,27e1c701-665a-4730-a987-09f9ce7ec58a,2024-05-15 00:00:00.000,
22cf1a87-05b6-46d5-b929-41ae93996900.binning_data.json,2024-05-16 03:00:07.849,2024-05-16 03:00:07.849,com.sec.android.app.shealth,0,4028,1.18793,2970.22,123.29,487mnSNu6t,com.sec.android.app.shealth,22cf1a87-05b6-46d5-b929-41ae93996900,2024-05-15 00:00:00.000,
d59e7f25-bca6-4fbf-b019-73865f8965e5.binning_data.json,2024-05-17 03:00:03.790,2024-05-16 03:00:15.501,com.sec.android.app.shealth,102,6166,1.4407326,4798.94,358.4097,hriiVjEkYE,com.sec.android.app.shealth,d59e7f25-bca6-4fbf-b019-73865f8965e5,2024-05-15 00:00:00.000,
63adc118-e9a6-4d8e-a636-312986eca6a9.binning_data.json,2024-05-17 00:54:50.895,2024-05-16 09:53:30.809,com.sec.android.app.shealth,-2,8482,1.3915722,6502.1,343.19995,VfS0qUERdZ,com.sec.android.app.shealth,63adc118-e9a6-4d8e-a636-312986eca6a9,2024-05-16 00:00:00.000,
32b30366-3c77-4a97-aeaf-81cce1ca76a9.binning_data.json,2024-05-17 03:00:02.161,2024-05-17 03:00:02.161,com.sec.android.app.shealth,0,7438,1.3461004,5626.11,226.24998,487mnSNu6t,com.sec.android.app.shealth,32b30366-3c77-4a97-aeaf-81cce1ca76a9,2024-05-16 00:00:00.000,
47521876-cf50-47e0-835e-3e4d8e6c53d5.binning_data.json,2024-05-18 03:07:12.903,2024-05-17 03:00:03.811,com.sec.android.app.shealth,102,7001,1.4383448,5453.0205,377.08997,hriiVjEkYE,com.sec.android.app.shealth,47521876-cf50-47e0-835e-3e4d8e6c53d5,2024-05-16 00:00:00.000,
f1951978-f1cc-4d24-8969-67bdb2268efe.binning_data.json,2024-05-18 23:58:49.172,2024-05-17 12:30:42.723,com.sec.android.app.shealth,-2,5923,1.4348781,4554.32,230.91005,VfS0qUERdZ,com.sec.android.app.shealth,f1951978-f1cc-4d24-8969-67bdb2268efe,2024-05-17 00:00:00.000,
b16db902-310b-4413-b459-1bdc35aeba4a.binning_data.json,2024-05-18 03:07:12.358,2024-05-18 03:07:12.358,com.sec.android.app.shealth,0,5214,1.4207201,3979.32,158.54999,487mnSNu6t,com.sec.android.app.shealth,b16db902-310b-4413-b459-1bdc35aeba4a,2024-05-17 00:00:00.000,
42288c6e-b687-4692-acce-bf9c33f30495.binning_data.json,2024-05-19 03:55:04.589,2024-05-18 03:07:12.900,com.sec.android.app.shealth,102,5198,1.4834002,4068.1602,270.7701,hriiVjEkYE,com.sec.android.app.shealth,42288c6e-b687-4692-acce-bf9c33f30495,2024-05-17 00:00:00.000,
076c331f-1463-4b96-bc2c-494fc8c7cd78.binning_data.json,2024-05-19 13:47:17.893,2024-05-18 04:22:30.831,com.sec.android.app.shealth,-2,2609,1.3312663,1978.74,87.31,VfS0qUERdZ,com.sec.android.app.shealth,076c331f-1463-4b96-bc2c-494fc8c7cd78,2024-05-18 00:00:00.000,
b652ad84-2199-4c22-a486-2bd893e7fc05.binning_data.json,2024-05-19 03:55:04.141,2024-05-19 03:55:04.141,com.sec.android.app.shealth,0,2459,1.3306344,1863.2399,76.63,487mnSNu6t,com.sec.android.app.shealth,b652ad84-2199-4c22-a486-2bd893e7fc05,2024-05-18 00:00:00.000,
deb528d0-97d2-4859-88bf-025f06767beb.binning_data.json,2024-05-20 03:00:03.449,2024-05-19 03:55:04.586,com.sec.android.app.shealth,102,234,1.3196738,178.17,13.849999,hriiVjEkYE,com.sec.android.app.shealth,deb528d0-97d2-4859-88bf-025f06767beb,2024-05-18 00:00:00.000,
6c464a02-39c0-4557-81c6-d0bdfb24ee8e.binning_data.json,2024-05-20 09:09:40.156,2024-05-19 13:27:01.864,com.sec.android.app.shealth,-2,2317,1.5430359,1844.43,144.41,VfS0qUERdZ,com.sec.android.app.shealth,6c464a02-39c0-4557-81c6-d0bdfb24ee8e,2024-05-19 00:00:00.000,
a01c4049-716b-4d7e-98cc-6234cd81b77a.binning_data.json,2024-05-20 03:00:02.578,2024-05-20 03:00:02.578,com.sec.android.app.shealth,0,696,1.210135,517.91,22.01,487mnSNu6t,com.sec.android.app.shealth,a01c4049-716b-4d7e-98cc-6234cd81b77a,2024-05-19 00:00:00.000,
88a044d2-5089-4ee9-b074-b33234a8ff51.binning_data.json,2024-05-21 03:00:04.960,2024-05-20 03:00:03.475,com.sec.android.app.shealth,102,2237,1.5537012,1784.6201,144.99,hriiVjEkYE,com.sec.android.app.shealth,88a044d2-5089-4ee9-b074-b33234a8ff51,2024-05-19 00:00:00.000,
68e35e03-2769-4a59-baa4-cc1fc5115c1f.binning_data.json,2024-05-21 09:54:07.596,2024-05-20 10:35:02.223,com.sec.android.app.shealth,-2,6385,1.4764794,4960.3525,279.89996,VfS0qUERdZ,com.sec.android.app.shealth,68e35e03-2769-4a59-baa4-cc1fc5115c1f,2024-05-20 00:00:00.000,
a75e6132-ba78-417b-9590-edda73346aab.binning_data.json,2024-05-21 03:00:04.183,2024-05-21 03:00:04.183,com.sec.android.app.shealth,0,4747,1.4330503,3638.5898,144.83,487mnSNu6t,com.sec.android.app.shealth,a75e6132-ba78-417b-9590-edda73346aab,2024-05-20 00:00:00.000,
168849ea-deba-4402-95f9-008602759850.binning_data.json,2024-05-22 03:17:51.000,2024-05-21 03:00:04.953,com.sec.android.app.shealth,102,5807,1.5167819,4557.992,325.26007,hriiVjEkYE,com.sec.android.app.shealth,168849ea-deba-4402-95f9-008602759850,2024-05-20 00:00:00.000,
b12d56a3-0229-4da8-a5d1-29b4be091e2d.binning_data.json,2024-05-22 15:33:12.107,2024-05-21 09:54:07.366,com.sec.android.app.shealth,-2,8756,1.4184021,6722.1914,354.03012,VfS0qUERdZ,com.sec.android.app.shealth,b12d56a3-0229-4da8-a5d1-29b4be091e2d,2024-05-21 00:00:00.000,
7b7d5c5e-90e8-4737-bcbf-e2f41dc8597c.binning_data.json,2024-05-22 03:17:50.493,2024-05-22 03:17:50.493,com.sec.android.app.shealth,0,7596,1.3800658,5776.07,230.61,487mnSNu6t,com.sec.android.app.shealth,7b7d5c5e-90e8-4737-bcbf-e2f41dc8597c,2024-05-21 00:00:00.000,
117423b9-104d-4d91-b890-27282b4e08e7.binning_data.json,2024-05-23 03:00:02.223,2024-05-22 03:17:51.013,com.sec.android.app.shealth,102,8260,1.450318,6404.11,450.1198,hriiVjEkYE,com.sec.android.app.shealth,117423b9-104d-4d91-b890-27282b4e08e7,2024-05-21 00:00:00.000,
80d043e0-c651-4c56-8e24-1197885aef2f.binning_data.json,2024-05-23 08:18:56.268,2024-05-22 11:36:38.572,com.sec.android.app.shealth,-2,8367,1.4573534,6465.0293,335.48996,VfS0qUERdZ,com.sec.android.app.shealth,80d043e0-c651-4c56-8e24-1197885aef2f,2024-05-22 00:00:00.000,
8488ed2b-c020-4ad8-be4e-a89d53de62ae.binning_data.json,2024-05-23 03:00:01.587,2024-05-23 03:00:01.587,com.sec.android.app.shealth,0,7178,1.4483712,5523.64,218.04,487mnSNu6t,com.sec.android.app.shealth,8488ed2b-c020-4ad8-be4e-a89d53de62ae,2024-05-22 00:00:00.000,
766e41a6-f688-4dab-ab29-a17699edf7dc.binning_data.json,2024-05-24 03:00:04.705,2024-05-23 03:00:02.208,com.sec.android.app.shealth,102,7351,1.4792151,5716.7495,384.13965,hriiVjEkYE,com.sec.android.app.shealth,766e41a6-f688-4dab-ab29-a17699edf7dc,2024-05-22 00:00:00.000,
707856e9-f1df-4bfd-9441-b7089803950b.binning_data.json,2024-05-24 09:40:18.907,2024-05-23 08:18:56.039,com.sec.android.app.shealth,-2,4578,1.5116935,3610.0996,243.24007,VfS0qUERdZ,com.sec.android.app.shealth,707856e9-f1df-4bfd-9441-b7089803950b,2024-05-23 00:00:00.000,
28d7b315-8d72-4a4e-b4bf-50a5e0895f06.binning_data.json,2024-05-24 03:00:02.328,2024-05-24 03:00:02.328,com.sec.android.app.shealth,0,3249,1.2696458,2434.38,99.38,487mnSNu6t,com.sec.android.app.shealth,28d7b315-8d72-4a4e-b4bf-50a5e0895f06,2024-05-23 00:00:00.000,
b0a22f1c-02af-43ff-95ec-ae99cbada4ba.binning_data.json,2024-05-25 03:00:06.444,2024-05-24 03:00:04.700,com.sec.android.app.shealth,102,4005,1.5683848,3191.6997,260.1401,hriiVjEkYE,com.sec.android.app.shealth,b0a22f1c-02af-43ff-95ec-ae99cbada4ba,2024-05-23 00:00:00.000,
e7d065f3-3d05-44e4-975d-7304e072cefd.binning_data.json,2024-05-25 11:58:36.478,2024-05-24 09:40:18.495,com.sec.android.app.shealth,-2,8108,1.4869001,6320.811,361.1399,VfS0qUERdZ,com.sec.android.app.shealth,e7d065f3-3d05-44e4-975d-7304e072cefd,2024-05-24 00:00:00.000,
d10d57fc-ead3-452b-82c8-6068ea85caa6.binning_data.json,2024-05-25 03:00:03.907,2024-05-25 03:00:03.907,com.sec.android.app.shealth,0,6547,1.4078815,5004.72,199.12999,487mnSNu6t,com.sec.android.app.shealth,d10d57fc-ead3-452b-82c8-6068ea85caa6,2024-05-24 00:00:00.000,
36808925-90a6-419f-bc1f-6c63bbb912a1.binning_data.json,2024-05-26 03:00:03.570,2024-05-25 03:00:06.438,com.sec.android.app.shealth,102,7536,1.5081865,5917.07,422.3899,hriiVjEkYE,com.sec.android.app.shealth,36808925-90a6-419f-bc1f-6c63bbb912a1,2024-05-24 00:00:00.000,
f062403d-05c4-48c3-b7e9-8fe3f2ebfbf8.binning_data.json,2024-05-26 12:13:29.299,2024-05-25 11:55:00.796,com.sec.android.app.shealth,-2,629,1.2661023,470.94003,28.630001,VfS0qUERdZ,com.sec.android.app.shealth,f062403d-05c4-48c3-b7e9-8fe3f2ebfbf8,2024-05-25 00:00:00.000,
5d8249b1-57c5-419d-84c2-57d7a061e0e5.binning_data.json,2024-05-26 03:00:02.509,2024-05-26 03:00:02.509,com.sec.android.app.shealth,0,221,1.2533607,163.58,6.98,487mnSNu6t,com.sec.android.app.shealth,5d8249b1-57c5-419d-84c2-57d7a061e0e5,2024-05-25 00:00:00.000,
1c18f487-857e-460f-8477-f604acde7265.binning_data.json,2024-05-27 10:31:41.858,2024-05-26 12:13:29.136,com.sec.android.app.shealth,-2,1656,1.3374106,1265.4498,88.93999,VfS0qUERdZ,com.sec.android.app.shealth,1c18f487-857e-460f-8477-f604acde7265,2024-05-26 00:00:00.000,
a47a8e18-bc88-4205-ad81-9910bc0100e6.binning_data.json,2024-05-27 03:00:00.958,2024-05-27 03:00:00.958,com.sec.android.app.shealth,0,536,1.2572879,401.47998,16.96,487mnSNu6t,com.sec.android.app.shealth,a47a8e18-bc88-4205-ad81-9910bc0100e6,2024-05-26 00:00:00.000,
93b238c1-2cbb-4eba-942a-4b18e9caa7c0.binning_data.json,2024-05-28 03:00:02.261,2024-05-27 03:00:01.853,com.sec.android.app.shealth,102,1492,1.358185,1144.8799,88.27999,hriiVjEkYE,com.sec.android.app.shealth,93b238c1-2cbb-4eba-942a-4b18e9caa7c0,2024-05-26 00:00:00.000,
254e019e-cd3d-4abe-8bc6-456a173d3cca.binning_data.json,2024-05-27 03:00:01.859,2024-05-27 03:00:01.859,com.sec.android.app.shealth,102,408,1.2729896,307.36005,21.650002,hriiVjEkYE,com.sec.android.app.shealth,254e019e-cd3d-4abe-8bc6-456a173d3cca,2024-05-25 00:00:00.000,
8d261dfc-5bfb-4daa-9978-ed8852216f50.binning_data.json,2024-05-28 09:48:15.861,2024-05-27 04:18:53.593,com.sec.android.app.shealth,-2,1639,1.3539032,1257.31,87.700005,VfS0qUERdZ,com.sec.android.app.shealth,8d261dfc-5bfb-4daa-9978-ed8852216f50,2024-05-27 00:00:00.000,
2adf772d-613b-4842-8b12-6afb27f6fcff.binning_data.json,2024-05-28 03:00:01.454,2024-05-28 03:00:01.454,com.sec.android.app.shealth,0,420,1.180758,310.08,13.36,487mnSNu6t,com.sec.android.app.shealth,2adf772d-613b-4842-8b12-6afb27f6fcff,2024-05-27 00:00:00.000,
5e43f058-d855-41ec-9dfb-0b43383df14d.binning_data.json,2024-05-29 03:00:03.849,2024-05-28 03:00:02.251,com.sec.android.app.shealth,102,1439,1.3855642,1110.3,83.840004,hriiVjEkYE,com.sec.android.app.shealth,5e43f058-d855-41ec-9dfb-0b43383df14d,2024-05-27 00:00:00.000,
e049e1be-0fea-4b54-a674-6f1544a8359c.binning_data.json,2024-05-29 11:00:26.469,2024-05-28 09:48:15.633,com.sec.android.app.shealth,-2,7866,1.4319596,6079.28,359.24954,VfS0qUERdZ,com.sec.android.app.shealth,e049e1be-0fea-4b54-a674-6f1544a8359c,2024-05-28 00:00:00.000,
beabf9ba-6de4-4ee6-af96-7bea4a1f49ba.binning_data.json,2024-05-29 03:00:02.164,2024-05-29 03:00:02.164,com.sec.android.app.shealth,0,4623,1.2593899,3452.9597,141.65,487mnSNu6t,com.sec.android.app.shealth,beabf9ba-6de4-4ee6-af96-7bea4a1f49ba,2024-05-28 00:00:00.000,
ae02a70e-5a94-4429-967d-32e417d5fa7e.binning_data.json,2024-05-30 03:00:03.416,2024-05-29 03:00:03.867,com.sec.android.app.shealth,102,7108,1.4905138,5550.7793,388.56927,hriiVjEkYE,com.sec.android.app.shealth,ae02a70e-5a94-4429-967d-32e417d5fa7e,2024-05-28 00:00:00.000,
8957310d-f2bf-4a8e-b22e-8975573748ac.binning_data.json,2024-05-30 19:07:29.459,2024-05-29 09:55:02.191,com.sec.android.app.shealth,-2,4781,1.2852725,3590.3198,159.94998,VfS0qUERdZ,com.sec.android.app.shealth,8957310d-f2bf-4a8e-b22e-8975573748ac,2024-05-29 00:00:00.000,
de57545b-5b51-46e6-a3e7-ace2a7f3f39a.binning_data.json,2024-05-30 03:00:01.875,2024-05-30 03:00:01.875,com.sec.android.app.shealth,0,4622,1.2748858,3461.3298,141.43,487mnSNu6t,com.sec.android.app.shealth,de57545b-5b51-46e6-a3e7-ace2a7f3f39a,2024-05-29 00:00:00.000,
4c486ca4-c7be-416c-af43-ef2703c45e2d.binning_data.json,2024-05-31 04:27:09.895,2024-05-30 03:00:03.409,com.sec.android.app.shealth,102,1224,1.3421738,934.33997,72.499985,hriiVjEkYE,com.sec.android.app.shealth,4c486ca4-c7be-416c-af43-ef2703c45e2d,2024-05-29 00:00:00.000,
9b6dab76-d96c-4bc2-880e-184f9daa8e64.binning_data.json,2024-05-31 04:29:08.341,2024-05-30 13:13:28.132,com.sec.android.app.shealth,-2,1379,1.7103702,1128.0801,95.09001,VfS0qUERdZ,com.sec.android.app.shealth,9b6dab76-d96c-4bc2-880e-184f9daa8e64,2024-05-30 00:00:00.000,
2be24ae0-7d16-4017-84b3-69a158850664.binning_data.json,2024-06-01 03:00:02.284,2024-05-31 04:27:09.522,com.sec.android.app.shealth,0,4604,1.3273381,3469.1897,141.79,487mnSNu6t,com.sec.android.app.shealth,2be24ae0-7d16-4017-84b3-69a158850664,2024-05-31 00:00:00.000,
9590d8f7-1739-41d1-8144-57ee74af1d6e.binning_data.json,2024-05-31 04:27:09.529,2024-05-31 04:27:09.529,com.sec.android.app.shealth,0,98,1.1392121,72.229996,3.1,487mnSNu6t,com.sec.android.app.shealth,9590d8f7-1739-41d1-8144-57ee74af1d6e,2024-05-30 00:00:00.000,
98f31e36-418d-49f8-85b3-6942884f82d1.binning_data.json,2024-06-01 12:23:51.377,2024-05-31 04:27:09.792,com.sec.android.app.shealth,-2,6636,1.3968197,5084.839,273.25,VfS0qUERdZ,com.sec.android.app.shealth,98f31e36-418d-49f8-85b3-6942884f82d1,2024-05-31 00:00:00.000,
da0ea160-f8f3-4ce5-8163-8340ea8fc925.binning_data.json,2024-06-01 03:00:03.954,2024-05-31 04:27:09.908,com.sec.android.app.shealth,102,1281,1.7711154,1055.8501,91.99001,hriiVjEkYE,com.sec.android.app.shealth,da0ea160-f8f3-4ce5-8163-8340ea8fc925,2024-05-30 00:00:00.000,
13cf2ee5-0247-45c4-8d5f-21274170cc07.binning_data.json,2024-06-02 03:00:05.179,2024-06-01 03:00:03.970,com.sec.android.app.shealth,102,5391,1.4641407,4206.019,282.46008,hriiVjEkYE,com.sec.android.app.shealth,13cf2ee5-0247-45c4-8d5f-21274170cc07,2024-05-31 00:00:00.000,
b4715dcf-5dbe-4fee-bc26-3cf4949decb2.binning_data.json,2024-06-02 03:33:05.081,2024-06-01 03:55:00.978,com.sec.android.app.shealth,-2,8614,1.4190931,6666.7676,435.45978,VfS0qUERdZ,com.sec.android.app.shealth,b4715dcf-5dbe-4fee-bc26-3cf4949decb2,2024-06-01 00:00:00.000,
18274b48-6ea4-4ebf-956d-1914f9e621cb.binning_data.json,2024-06-02 03:00:03.812,2024-06-02 03:00:03.812,com.sec.android.app.shealth,0,3763,1.2249739,2812.2998,136.76,487mnSNu6t,com.sec.android.app.shealth,18274b48-6ea4-4ebf-956d-1914f9e621cb,2024-06-01 00:00:00.000,
30f0cce1-88f2-4310-b66f-bf7b1c5f31ec.binning_data.json,2024-06-03 03:00:05.696,2024-06-02 03:00:05.209,com.sec.android.app.shealth,102,7691,1.462412,5986.6587,421.8898,hriiVjEkYE,com.sec.android.app.shealth,30f0cce1-88f2-4310-b66f-bf7b1c5f31ec,2024-06-01 00:00:00.000,
15f80f49-1023-463c-8e16-bb7d551e17a6.binning_data.json,2024-06-03 03:37:31.774,2024-06-02 03:02:13.888,com.sec.android.app.shealth,-2,1909,1.2419934,1434.1898,103.46999,VfS0qUERdZ,com.sec.android.app.shealth,15f80f49-1023-463c-8e16-bb7d551e17a6,2024-06-02 00:00:00.000,
e197d3ca-5897-44b4-b659-ca227948646c.binning_data.json,2024-06-03 03:00:01.273,2024-06-03 03:00:01.273,com.sec.android.app.shealth,0,815,1.1664876,609.77997,42.42,487mnSNu6t,com.sec.android.app.shealth,e197d3ca-5897-44b4-b659-ca227948646c,2024-06-02 00:00:00.000,
6bff2c22-0b5b-4100-a45e-ff9f8ee0f867.binning_data.json,2024-06-04 03:07:34.119,2024-06-03 03:00:05.693,com.sec.android.app.shealth,102,1654,1.2502424,1240.3998,91.289986,hriiVjEkYE,com.sec.android.app.shealth,6bff2c22-0b5b-4100-a45e-ff9f8ee0f867,2024-06-02 00:00:00.000,
9cbf038b-8a5a-42e4-a9c3-6bc14ad40aa0.binning_data.json,2024-06-04 01:27:53.680,2024-06-03 03:37:31.411,com.sec.android.app.shealth,-2,5817,1.5770514,4636.8,347.63004,VfS0qUERdZ,com.sec.android.app.shealth,9cbf038b-8a5a-42e4-a9c3-6bc14ad40aa0,2024-06-03 00:00:00.000,
d28a7d49-2b41-46fe-b32a-79afce0389f6.binning_data.json,2024-06-04 03:07:33.621,2024-06-04 03:07:33.621,com.sec.android.app.shealth,0,2211,1.294584,1681.23,113.94,487mnSNu6t,com.sec.android.app.shealth,d28a7d49-2b41-46fe-b32a-79afce0389f6,2024-06-03 00:00:00.000,
f54a32a8-2bc4-454f-9e7d-31032872eb39.binning_data.json,2024-06-04 03:07:34.089,2024-06-04 03:07:34.089,com.sec.android.app.shealth,102,5110,1.6275764,4097.6104,313.81006,hriiVjEkYE,com.sec.android.app.shealth,f54a32a8-2bc4-454f-9e7d-31032872eb39,2024-06-03 00:00:00.000,
106959e5-eec8-4676-9aab-193b2e397a79.binning_data.json,2024-06-04 18:51:30.334,2024-06-04 13:49:53.342,com.sec.android.app.shealth,-2,1251,1.2180831,940.94,65.4,VfS0qUERdZ,com.sec.android.app.shealth,106959e5-eec8-4676-9aab-193b2e397a79,2024-06-04 00:00:00.000,
2146da1f-9aa6-485a-a4d2-6108884ae856.binning_data.json,2024-06-05 03:00:02.165,2024-06-05 03:00:02.165,com.sec.android.app.shealth,0,1151,1.213449,865.31,59.43,487mnSNu6t,com.sec.android.app.shealth,2146da1f-9aa6-485a-a4d2-6108884ae856,2024-06-04 00:00:00.000,
ded6c3be-7737-4ee4-94f6-ff82441e6ce6.binning_data.json,2024-06-05 03:00:02.779,2024-06-05 03:00:02.779,com.sec.android.app.shealth,102,124,1.2797772,93.79,7.1899996,hriiVjEkYE,com.sec.android.app.shealth,ded6c3be-7737-4ee4-94f6-ff82441e6ce6,2024-06-04 00:00:00.000,
c1bf06a3-affc-4962-824f-0fe8adfd2556.binning_data.json,2024-06-06 01:54:37.219,2024-06-05 09:51:06.919,com.sec.android.app.shealth,-2,8161,1.4664783,6410.17,448.15994,VfS0qUERdZ,com.sec.android.app.shealth,c1bf06a3-affc-4962-824f-0fe8adfd2556,2024-06-05 00:00:00.000,
22c1d0c3-f0c0-4d2d-9697-ae1e39261bd6.binning_data.json,2024-06-06 03:00:07.476,2024-06-06 03:00:07.476,com.sec.android.app.shealth,0,7084,1.4029287,5521.4097,369.64,487mnSNu6t,com.sec.android.app.shealth,22c1d0c3-f0c0-4d2d-9697-ae1e39261bd6,2024-06-05 00:00:00.000,
26e9307d-7ea6-4c36-97f5-3f9816f932c4.binning_data.json,2024-06-06 03:00:09.508,2024-06-06 03:00:09.508,com.sec.android.app.shealth,102,7334,1.4977182,5740.239,408.49985,hriiVjEkYE,com.sec.android.app.shealth,26e9307d-7ea6-4c36-97f5-3f9816f932c4,2024-06-05 00:00:00.000,
e480e044-2543-4612-8420-2b12d5f0ccfe.binning_data.json,2024-06-07 09:59:11.512,2024-06-06 10:04:05.842,com.sec.android.app.shealth,-2,8434,1.4383919,6562.2197,453.62006,VfS0qUERdZ,com.sec.android.app.shealth,e480e044-2543-4612-8420-2b12d5f0ccfe,2024-06-06 00:00:00.000,
5b910759-7bb9-49fc-82da-f892a1e1d682.binning_data.json,2024-06-07 03:00:03.458,2024-06-07 03:00:03.458,com.sec.android.app.shealth,0,4334,1.3168865,3313.63,219.5,487mnSNu6t,com.sec.android.app.shealth,5b910759-7bb9-49fc-82da-f892a1e1d682,2024-06-06 00:00:00.000,
14df1a5f-f6e9-4c1d-a8bd-0d42e84b37ef.binning_data.json,2024-06-08 03:00:27.279,2024-06-07 03:00:07.023,com.sec.android.app.shealth,102,6770,1.4713314,5279.86,372.25006,hriiVjEkYE,com.sec.android.app.shealth,14df1a5f-f6e9-4c1d-a8bd-0d42e84b37ef,2024-06-06 00:00:00.000,
6ace3066-0b78-40bf-8228-0b648b1d36f6.binning_data.json,2024-06-08 09:52:30.247,2024-06-07 09:56:45.941,com.sec.android.app.shealth,-2,8249,1.4743246,6446.4497,447.90018,VfS0qUERdZ,com.sec.android.app.shealth,6ace3066-0b78-40bf-8228-0b648b1d36f6,2024-06-07 00:00:00.000,
619084d3-3c8a-4544-a911-ad799592740f.binning_data.json,2024-06-08 03:00:19.146,2024-06-08 03:00:19.146,com.sec.android.app.shealth,0,6923,1.4089543,5363.83,351.66,487mnSNu6t,com.sec.android.app.shealth,619084d3-3c8a-4544-a911-ad799592740f,2024-06-07 00:00:00.000,
e07af2b1-bf73-4bf2-830b-a1f90cf95301.binning_data.json,2024-06-09 03:00:03.384,2024-06-08 03:00:27.321,com.sec.android.app.shealth,102,7641,1.4988571,5975.65,421.6401,hriiVjEkYE,com.sec.android.app.shealth,e07af2b1-bf73-4bf2-830b-a1f90cf95301,2024-06-07 00:00:00.000,
2a7d6918-f3c3-4d07-8270-b7c4db4291ea.binning_data.json,2024-06-09 03:53:44.601,2024-06-08 14:05:59.357,com.sec.android.app.shealth,-2,8356,1.4206222,6500.2407,468.25006,VfS0qUERdZ,com.sec.android.app.shealth,2a7d6918-f3c3-4d07-8270-b7c4db4291ea,2024-06-08 00:00:00.000,
e5aee2cd-f4d6-40bf-aea0-fe6e23824a49.binning_data.json,2024-06-09 03:00:02.571,2024-06-09 03:00:02.571,com.sec.android.app.shealth,0,5614,1.3107623,4296.32,286.55,487mnSNu6t,com.sec.android.app.shealth,e5aee2cd-f4d6-40bf-aea0-fe6e23824a49,2024-06-08 00:00:00.000,
32cc2fb0-ec2f-42da-8557-dd85d57fd7fe.binning_data.json,2024-06-10 03:10:54.474,2024-06-09 03:00:03.379,com.sec.android.app.shealth,102,7594,1.4326849,5905.0015,431.1498,hriiVjEkYE,com.sec.android.app.shealth,32cc2fb0-ec2f-42da-8557-dd85d57fd7fe,2024-06-08 00:00:00.000,
725e7de7-1693-49fb-ad5e-9d44f2cff269.binning_data.json,2024-06-11 11:07:17.428,2024-06-09 03:13:35.464,com.sec.android.app.shealth,-2,2366,1.2862993,1816.93,135.16,VfS0qUERdZ,com.sec.android.app.shealth,725e7de7-1693-49fb-ad5e-9d44f2cff269,2024-06-09 00:00:00.000,
a1f3d766-72c4-4571-8e38-cba5cd93ce0a.binning_data.json,2024-06-10 03:10:53.535,2024-06-10 03:10:53.535,com.sec.android.app.shealth,0,1851,1.1699871,1387.48,95.4,487mnSNu6t,com.sec.android.app.shealth,a1f3d766-72c4-4571-8e38-cba5cd93ce0a,2024-06-09 00:00:00.000,
dad43df7-fc02-45c3-a24e-f9584bbf957d.binning_data.json,2024-06-12 03:00:04.277,2024-06-10 03:10:54.448,com.sec.android.app.shealth,102,540,1.8384746,447.81003,41.05,hriiVjEkYE,com.sec.android.app.shealth,dad43df7-fc02-45c3-a24e-f9584bbf957d,2024-06-09 00:00:00.000,
161eecd6-7c68-4885-9ede-730bfe2566fc.binning_data.json,2024-06-11 03:00:04.007,2024-06-10 03:15:12.691,com.sec.android.app.shealth,-2,3575,1.2528011,2704.07,183.89,VfS0qUERdZ,com.sec.android.app.shealth,161eecd6-7c68-4885-9ede-730bfe2566fc,2024-06-10 00:00:00.000,
6c8c5453-7282-4fc2-b110-f0c2906318bb.binning_data.json,2024-06-11 03:00:02.413,2024-06-11 03:00:02.413,com.sec.android.app.shealth,0,3575,1.2528011,2704.07,183.89,487mnSNu6t,com.sec.android.app.shealth,6c8c5453-7282-4fc2-b110-f0c2906318bb,2024-06-10 00:00:00.000,
b6806118-87c6-4904-822f-a321ce943e46.binning_data.json,2024-06-12 11:18:36.615,2024-06-11 10:07:35.137,com.sec.android.app.shealth,-2,8427,1.4438759,6548.659,459.79007,VfS0qUERdZ,com.sec.android.app.shealth,b6806118-87c6-4904-822f-a321ce943e46,2024-06-11 00:00:00.000,
3beb4e1c-5568-4351-a20f-3d80584f9dd0.binning_data.json,2024-06-12 03:00:02.910,2024-06-12 03:00:02.910,com.sec.android.app.shealth,0,6765,1.3948678,5233.6597,342.92,487mnSNu6t,com.sec.android.app.shealth,3beb4e1c-5568-4351-a20f-3d80584f9dd0,2024-06-11 00:00:00.000,
b39d6c39-1130-4e9b-aca9-23b448d51106.binning_data.json,2024-06-13 03:00:07.257,2024-06-12 03:00:04.296,com.sec.android.app.shealth,102,8003,1.4553776,6214.199,444.23978,hriiVjEkYE,com.sec.android.app.shealth,b39d6c39-1130-4e9b-aca9-23b448d51106,2024-06-11 00:00:00.000,
a3f7e525-c847-4f21-a177-e3160645d3ae.binning_data.json,2024-06-13 02:03:16.631,2024-06-12 11:18:36.416,com.sec.android.app.shealth,-2,6420,1.4217637,4980.808,339.54007,VfS0qUERdZ,com.sec.android.app.shealth,a3f7e525-c847-4f21-a177-e3160645d3ae,2024-06-12 00:00:00.000,
39af9b15-8dd3-4018-8415-194ac9960688.binning_data.json,2024-06-13 03:00:05.230,2024-06-13 03:00:05.230,com.sec.android.app.shealth,0,5634,1.4057441,4373.83,287.62003,487mnSNu6t,com.sec.android.app.shealth,39af9b15-8dd3-4018-8415-194ac9960688,2024-06-12 00:00:00.000,
82e69ffd-1e70-4a68-bf7a-9820117111ed.binning_data.json,2024-06-13 03:00:07.249,2024-06-13 03:00:07.249,com.sec.android.app.shealth,102,5008,1.4897768,3903.3787,266.4601,hriiVjEkYE,com.sec.android.app.shealth,82e69ffd-1e70-4a68-bf7a-9820117111ed,2024-06-12 00:00:00.000,
2ce891de-d44d-48bc-856e-c6002db242da.binning_data.json,2024-06-14 18:56:29.565,2024-06-13 10:05:26.825,com.sec.android.app.shealth,-2,6501,1.3195739,4976.44,360.93005,VfS0qUERdZ,com.sec.android.app.shealth,2ce891de-d44d-48bc-856e-c6002db242da,2024-06-13 00:00:00.000,
39f4d189-d693-4703-b33b-8af3faf14846.binning_data.json,2024-06-14 03:00:04.687,2024-06-14 03:00:04.687,com.sec.android.app.shealth,0,5061,1.2422434,3830.41,258.53,487mnSNu6t,com.sec.android.app.shealth,39f4d189-d693-4703-b33b-8af3faf14846,2024-06-13 00:00:00.000,
3bb1752d-0b29-408c-b0f1-1c3bc3b0266f.binning_data.json,2024-06-15 03:00:04.394,2024-06-14 03:00:10.546,com.sec.android.app.shealth,102,5793,1.3584384,4439.6885,330.12982,hriiVjEkYE,com.sec.android.app.shealth,3bb1752d-0b29-408c-b0f1-1c3bc3b0266f,2024-06-13 00:00:00.000,
02d79c1a-a0a3-4c4f-807a-ba456f15312a.binning_data.json,2024-06-15 04:13:16.495,2024-06-14 10:36:17.438,com.sec.android.app.shealth,-2,6295,1.4453095,4904.52,325.46005,VfS0qUERdZ,com.sec.android.app.shealth,02d79c1a-a0a3-4c4f-807a-ba456f15312a,2024-06-14 00:00:00.000,
ebf2faab-23c3-43c5-a0dc-75fd526f39a2.binning_data.json,2024-06-15 03:15:01.685,2024-06-15 03:00:02.822,com.sec.android.app.shealth,0,5418,1.4655691,4239.85,275.01,487mnSNu6t,com.sec.android.app.shealth,ebf2faab-23c3-43c5-a0dc-75fd526f39a2,2024-06-14 00:00:00.000,
ee2055a1-3df5-413b-80ab-e1dd3d5e3309.binning_data.json,2024-06-16 03:00:03.135,2024-06-15 03:00:04.389,com.sec.android.app.shealth,102,5234,1.4770731,4073.8608,274.3001,hriiVjEkYE,com.sec.android.app.shealth,ee2055a1-3df5-413b-80ab-e1dd3d5e3309,2024-06-14 00:00:00.000,
a99036a9-fc03-4ca7-a634-d587a7bfc9b2.binning_data.json,2024-06-16 06:44:02.395,2024-06-15 03:15:00.988,com.sec.android.app.shealth,-2,7036,1.41977,5451.0205,366.17,VfS0qUERdZ,com.sec.android.app.shealth,a99036a9-fc03-4ca7-a634-d587a7bfc9b2,2024-06-15 00:00:00.000,
327ba5b7-7f4d-4431-994a-3a6a57864aca.binning_data.json,2024-06-16 03:00:01.816,2024-06-15 03:15:01.673,com.sec.android.app.shealth,0,5470,1.4672979,4285.27,277.63,487mnSNu6t,com.sec.android.app.shealth,327ba5b7-7f4d-4431-994a-3a6a57864aca,2024-06-15 00:00:00.000,
30b7d717-476a-43a9-9f27-31d809ae701f.binning_data.json,2024-06-17 03:05:29.341,2024-06-16 03:00:03.127,com.sec.android.app.shealth,102,6058,1.4030333,4661.56,318.5001,hriiVjEkYE,com.sec.android.app.shealth,30b7d717-476a-43a9-9f27-31d809ae701f,2024-06-15 00:00:00.000,
5f1d7c31-5c6b-45b5-959f-8eee3bda6504.binning_data.json,2024-06-17 11:43:43.968,2024-06-16 06:44:01.595,com.sec.android.app.shealth,-2,4754,1.366125,3665.0596,259.86008,VfS0qUERdZ,com.sec.android.app.shealth,5f1d7c31-5c6b-45b5-959f-8eee3bda6504,2024-06-16 00:00:00.000,
1ec276d0-ed97-4401-b7df-51a1cdaeb66b.binning_data.json,2024-06-17 03:05:26.326,2024-06-17 03:05:26.326,com.sec.android.app.shealth,0,3250,1.2880082,2478.94,165.03,487mnSNu6t,com.sec.android.app.shealth,1ec276d0-ed97-4401-b7df-51a1cdaeb66b,2024-06-16 00:00:00.000,
001cc646-6865-4827-8589-baaf8b0aaad7.binning_data.json,2024-06-18 03:00:01.568,2024-06-17 03:05:29.357,com.sec.android.app.shealth,102,4545,1.3752291,3495.5496,252.51009,hriiVjEkYE,com.sec.android.app.shealth,001cc646-6865-4827-8589-baaf8b0aaad7,2024-06-16 00:00:00.000,
224168b6-637a-4d3a-9d0e-adcf53538400.binning_data.json,2024-06-18 09:54:56.338,2024-06-17 10:55:02.804,com.sec.android.app.shealth,-2,7081,1.4832271,5579.7607,392.68002,VfS0qUERdZ,com.sec.android.app.shealth,224168b6-637a-4d3a-9d0e-adcf53538400,2024-06-17 00:00:00.000,
4341c8c9-c6ca-4c93-81a2-8b7fd037f528.binning_data.json,2024-06-18 03:00:01.035,2024-06-18 03:00:01.035,com.sec.android.app.shealth,0,5542,1.441979,4336.78,281.95,487mnSNu6t,com.sec.android.app.shealth,4341c8c9-c6ca-4c93-81a2-8b7fd037f528,2024-06-17 00:00:00.000,
214e3cae-b638-4b44-9ff9-a52aa6a7f2b8.binning_data.json,2024-06-19 03:01:56.474,2024-06-18 03:00:01.583,com.sec.android.app.shealth,102,6476,1.4748951,5057.1714,362.12,hriiVjEkYE,com.sec.android.app.shealth,214e3cae-b638-4b44-9ff9-a52aa6a7f2b8,2024-06-17 00:00:00.000,
04a9acfd-82d0-43cf-a4e4-f7255367ddab.binning_data.json,2024-06-19 05:44:51.610,2024-06-18 09:54:56.108,com.sec.android.app.shealth,-2,4835,1.3840848,3736.67,276.25003,VfS0qUERdZ,com.sec.android.app.shealth,04a9acfd-82d0-43cf-a4e4-f7255367ddab,2024-06-18 00:00:00.000,
67c678c3-b86d-4404-9a68-a0f7e7e52d03.binning_data.json,2024-06-19 03:01:48.679,2024-06-19 03:01:48.679,com.sec.android.app.shealth,0,3676,1.2614424,2786.35,186.51,487mnSNu6t,com.sec.android.app.shealth,67c678c3-b86d-4404-9a68-a0f7e7e52d03,2024-06-18 00:00:00.000,
8e705cc1-ab9b-4ca5-8fe1-768f4b287502.binning_data.json,2024-06-20 03:00:02.815,2024-06-19 03:01:56.497,com.sec.android.app.shealth,102,4241,1.4181834,3287.2205,251.12013,hriiVjEkYE,com.sec.android.app.shealth,8e705cc1-ab9b-4ca5-8fe1-768f4b287502,2024-06-18 00:00:00.000,
5cd3e00c-2b77-4df3-9037-9819b85fd6a7.binning_data.json,2024-06-20 10:29:52.467,2024-06-19 09:55:32.422,com.sec.android.app.shealth,-2,7753,1.4389331,6072.0103,410.15,VfS0qUERdZ,com.sec.android.app.shealth,5cd3e00c-2b77-4df3-9037-9819b85fd6a7,2024-06-19 00:00:00.000,
9f21160e-3917-4834-b5fa-2809aa6d71fa.binning_data.json,2024-06-20 03:00:01.824,2024-06-20 03:00:01.824,com.sec.android.app.shealth,0,7306,1.3987052,5674.07,371.22,487mnSNu6t,com.sec.android.app.shealth,9f21160e-3917-4834-b5fa-2809aa6d71fa,2024-06-19 00:00:00.000,
7b1c10a0-6036-4f59-8332-aae888da9c9e.binning_data.json,2024-06-21 09:54:50.639,2024-06-20 10:29:52.300,com.sec.android.app.shealth,-2,1755,1.5974325,1392.1803,109.580025,VfS0qUERdZ,com.sec.android.app.shealth,7b1c10a0-6036-4f59-8332-aae888da9c9e,2024-06-20 00:00:00.000,
2394bf91-f629-42bb-b4e1-58d97ac6dd72.binning_data.json,2024-06-21 03:00:03.621,2024-06-21 03:00:03.621,com.sec.android.app.shealth,0,465,1.2811489,353.26,24.01,487mnSNu6t,com.sec.android.app.shealth,2394bf91-f629-42bb-b4e1-58d97ac6dd72,2024-06-20 00:00:00.000,
76e10292-a043-4958-8643-d2110a9d85cb.binning_data.json,2024-06-22 03:32:35.394,2024-06-21 03:00:05.305,com.sec.android.app.shealth,102,1502,1.6687787,1199.6302,97.42001,hriiVjEkYE,com.sec.android.app.shealth,76e10292-a043-4958-8643-d2110a9d85cb,2024-06-20 00:00:00.000,
f3d58805-cab3-46de-b197-1d98cd6cac7d.binning_data.json,2024-06-21 03:00:05.313,2024-06-21 03:00:05.313,com.sec.android.app.shealth,102,447,2.4392378,397.94006,38.930004,hriiVjEkYE,com.sec.android.app.shealth,f3d58805-cab3-46de-b197-1d98cd6cac7d,2024-06-19 00:00:00.000,
042dca16-c771-4711-bbcf-e5b7dcd927f5.binning_data.json,2024-06-22 12:35:40.422,2024-06-21 09:54:50.516,com.sec.android.app.shealth,-2,7924,1.4850442,6195.5513,430.73972,VfS0qUERdZ,com.sec.android.app.shealth,042dca16-c771-4711-bbcf-e5b7dcd927f5,2024-06-21 00:00:00.000,
e439fcc1-f064-4e2a-a811-131d14c7cd79.binning_data.json,2024-06-22 03:32:34.755,2024-06-22 03:32:34.755,com.sec.android.app.shealth,0,3984,1.3174624,3043.84,203.56999,487mnSNu6t,com.sec.android.app.shealth,e439fcc1-f064-4e2a-a811-131d14c7cd79,2024-06-21 00:00:00.000,
6a1eda69-1121-4ead-93be-e986f24a9e42.binning_data.json,2024-06-23 03:00:01.981,2024-06-22 03:32:35.391,com.sec.android.app.shealth,102,7334,1.5185266,5752.7505,404.2697,hriiVjEkYE,com.sec.android.app.shealth,6a1eda69-1121-4ead-93be-e986f24a9e42,2024-06-21 00:00:00.000,
7c779e55-9cbb-4a0f-91bc-dedeaf4b3a6a.binning_data.json,2024-06-23 17:38:45.343,2024-06-22 12:35:40.272,com.sec.android.app.shealth,-2,9910,1.4075247,7680.983,535.34985,VfS0qUERdZ,com.sec.android.app.shealth,7c779e55-9cbb-4a0f-91bc-dedeaf4b3a6a,2024-06-22 00:00:00.000,
8c131f6a-980f-40f9-8981-c564190ef15f.binning_data.json,2024-06-23 03:00:01.333,2024-06-23 03:00:01.333,com.sec.android.app.shealth,0,5316,1.3379534,4098.22,276.73,487mnSNu6t,com.sec.android.app.shealth,8c131f6a-980f-40f9-8981-c564190ef15f,2024-06-22 00:00:00.000,
e67abad8-da25-40a0-af6e-23c9a950c7a2.binning_data.json,2024-06-24 03:00:03.955,2024-06-23 03:00:01.993,com.sec.android.app.shealth,102,8744,1.4154464,6757.694,472.35992,hriiVjEkYE,com.sec.android.app.shealth,e67abad8-da25-40a0-af6e-23c9a950c7a2,2024-06-22 00:00:00.000,
a50ae4ec-f969-4f49-a5d9-ff245be076e7.binning_data.json,2024-06-24 04:00:57.284,2024-06-23 03:35:06.151,com.sec.android.app.shealth,-2,3549,1.402404,2764.56,210.34003,VfS0qUERdZ,com.sec.android.app.shealth,a50ae4ec-f969-4f49-a5d9-ff245be076e7,2024-06-23 00:00:00.000,
1a3f92b4-61cc-419f-8a36-2c84cc26015a.binning_data.json,2024-06-24 03:00:02.670,2024-06-24 03:00:02.670,com.sec.android.app.shealth,0,2092,1.1788727,1567.72,108.25,487mnSNu6t,com.sec.android.app.shealth,1a3f92b4-61cc-419f-8a36-2c84cc26015a,2024-06-23 00:00:00.000,
ec0f67d1-6ee3-4277-b3b1-1960d241d037.binning_data.json,2024-06-25 03:00:12.684,2024-06-24 03:00:03.976,com.sec.android.app.shealth,102,3216,1.4379565,2513.49,193.21007,hriiVjEkYE,com.sec.android.app.shealth,ec0f67d1-6ee3-4277-b3b1-1960d241d037,2024-06-23 00:00:00.000,
ca97a31f-86db-4a1f-903d-e16c522157ad.binning_data.json,2024-06-25 11:26:06.202,2024-06-24 10:35:01.699,com.sec.android.app.shealth,-2,1875,1.5239747,1484.5698,115.07005,VfS0qUERdZ,com.sec.android.app.shealth,ca97a31f-86db-4a1f-903d-e16c522157ad,2024-06-24 00:00:00.000,
9b8d6cb9-20ba-4025-be66-5da938b0897e.binning_data.json,2024-06-25 03:00:07.863,2024-06-25 03:00:07.863,com.sec.android.app.shealth,0,388,1.2427337,292.69,20.210001,487mnSNu6t,com.sec.android.app.shealth,9b8d6cb9-20ba-4025-be66-5da938b0897e,2024-06-24 00:00:00.000,
57a5dfce-9375-4318-bd86-ad9b85ee8d98.binning_data.json,2024-06-26 03:00:03.440,2024-06-25 03:00:12.682,com.sec.android.app.shealth,102,1717,1.5633695,1366.2599,106.790054,hriiVjEkYE,com.sec.android.app.shealth,57a5dfce-9375-4318-bd86-ad9b85ee8d98,2024-06-24 00:00:00.000,
6794f671-5dfc-4052-9380-b51a6f251864.binning_data.json,2024-06-26 02:54:19.318,2024-06-25 11:26:06.072,com.sec.android.app.shealth,-2,1674,1.4149344,1298.4207,98.46999,VfS0qUERdZ,com.sec.android.app.shealth,6794f671-5dfc-4052-9380-b51a6f251864,2024-06-25 00:00:00.000,
25829d8d-c80d-4492-89a2-5855eff233d5.binning_data.json,2024-06-26 03:00:02.271,2024-06-26 03:00:02.271,com.sec.android.app.shealth,0,344,1.3609606,263.57,17.77,487mnSNu6t,com.sec.android.app.shealth,25829d8d-c80d-4492-89a2-5855eff233d5,2024-06-25 00:00:00.000,
f1c7b2c1-2581-4311-9825-c0b84f966958.binning_data.json,2024-06-26 03:00:03.436,2024-06-26 03:00:03.436,com.sec.android.app.shealth,102,1547,1.4049664,1199.1907,92.01,hriiVjEkYE,com.sec.android.app.shealth,f1c7b2c1-2581-4311-9825-c0b84f966958,2024-06-25 00:00:00.000,
83c28ed2-b999-4b9e-a72b-b68a7df31804.binning_data.json,2024-06-27 11:06:04.350,2024-06-26 10:00:12.274,com.sec.android.app.shealth,-2,4586,1.3361166,3511.2,245.07999,VfS0qUERdZ,com.sec.android.app.shealth,83c28ed2-b999-4b9e-a72b-b68a7df31804,2024-06-26 00:00:00.000,
b0fd0d28-63b5-440f-90e6-720863817e00.binning_data.json,2024-06-27 03:00:02.020,2024-06-27 03:00:02.020,com.sec.android.app.shealth,0,4109,1.3181406,3142.6902,210.70999,487mnSNu6t,com.sec.android.app.shealth,b0fd0d28-63b5-440f-90e6-720863817e00,2024-06-26 00:00:00.000,
ad08f445-dd22-43c9-93af-b3d2c311fc41.binning_data.json,2024-06-28 03:00:09.451,2024-06-27 03:00:02.838,com.sec.android.app.shealth,102,2070,1.3445655,1581.0999,119.430016,hriiVjEkYE,com.sec.android.app.shealth,ad08f445-dd22-43c9-93af-b3d2c311fc41,2024-06-26 00:00:00.000,
7719e16c-20da-4062-918f-64e4d59c97c9.binning_data.json,2024-06-28 02:39:55.182,2024-06-27 09:44:03.418,com.sec.android.app.shealth,-2,6959,1.4917556,5480.94,404.75003,VfS0qUERdZ,com.sec.android.app.shealth,7719e16c-20da-4062-918f-64e4d59c97c9,2024-06-27 00:00:00.000,
8095c494-2d1c-4f2d-86a4-10c775dd182a.binning_data.json,2024-06-28 03:00:05.624,2024-06-28 03:00:05.624,com.sec.android.app.shealth,0,4349,1.3046119,3314.81,221.72,487mnSNu6t,com.sec.android.app.shealth,8095c494-2d1c-4f2d-86a4-10c775dd182a,2024-06-27 00:00:00.000,
a4dee6cf-eb20-4110-b7e3-0ce41abd5491.binning_data.json,2024-06-28 03:00:09.468,2024-06-28 03:00:09.468,com.sec.android.app.shealth,102,6462,1.5204251,5104.4297,384.5,hriiVjEkYE,com.sec.android.app.shealth,a4dee6cf-eb20-4110-b7e3-0ce41abd5491,2024-06-27 00:00:00.000,
aaca3224-97b6-405e-bc3e-8144c67f95c2.binning_data.json,2024-06-29 22:58:14.836,2024-06-28 09:56:44.553,com.sec.android.app.shealth,-2,3671,1.2722495,2788.3699,193.82,VfS0qUERdZ,com.sec.android.app.shealth,aaca3224-97b6-405e-bc3e-8144c67f95c2,2024-06-28 00:00:00.000,
c3a10574-6669-4a3b-9e83-ba0c85da27b9.binning_data.json,2024-06-29 03:00:02.656,2024-06-29 03:00:02.656,com.sec.android.app.shealth,0,3348,1.2572845,2537.27,171.25,487mnSNu6t,com.sec.android.app.shealth,c3a10574-6669-4a3b-9e83-ba0c85da27b9,2024-06-28 00:00:00.000,
43be77dc-2675-4820-b79e-45f8636db602.binning_data.json,2024-06-30 03:00:02.994,2024-06-29 03:00:04.256,com.sec.android.app.shealth,102,1013,1.3858217,780.1599,60.510006,hriiVjEkYE,com.sec.android.app.shealth,43be77dc-2675-4820-b79e-45f8636db602,2024-06-28 00:00:00.000,
a4533651-027a-497d-95e0-69b7195827da.binning_data.json,2024-06-30 05:12:43.000,2024-06-29 03:15:02.554,com.sec.android.app.shealth,-2,2387,1.4507915,1867.54,116.530014,VfS0qUERdZ,com.sec.android.app.shealth,a4533651-027a-497d-95e0-69b7195827da,2024-06-29 00:00:00.000,
9da00305-46c7-4ad1-a3fc-bfa7611d9ed8.binning_data.json,2024-06-30 03:00:02.323,2024-06-30 03:00:02.323,com.sec.android.app.shealth,0,1561,1.2605207,1173.07,52.39,487mnSNu6t,com.sec.android.app.shealth,9da00305-46c7-4ad1-a3fc-bfa7611d9ed8,2024-06-29 00:00:00.000,
ecf1bf76-0254-45ec-a2b4-9eced83efae9.binning_data.json,2024-07-01 03:00:18.943,2024-06-30 03:00:03.011,com.sec.android.app.shealth,102,1407,1.5896807,1128.65,88.42001,hriiVjEkYE,com.sec.android.app.shealth,ecf1bf76-0254-45ec-a2b4-9eced83efae9,2024-06-29 00:00:00.000,
6c95914d-2d57-4a6e-8edb-f04731c96d9d.binning_data.json,2024-07-01 20:54:58.629,2024-06-30 03:15:03.436,com.sec.android.app.shealth,-2,6436,1.3299923,4906.271,330.96994,VfS0qUERdZ,com.sec.android.app.shealth,6c95914d-2d57-4a6e-8edb-f04731c96d9d,2024-06-30 00:00:00.000,
938ca8b8-d0fe-4f15-9041-c91ddf7aa705.binning_data.json,2024-07-01 03:00:09.925,2024-07-01 03:00:09.925,com.sec.android.app.shealth,0,3373,1.1493464,2475.83,103.7,487mnSNu6t,com.sec.android.app.shealth,938ca8b8-d0fe-4f15-9041-c91ddf7aa705,2024-06-30 00:00:00.000,
f7c3de0e-3888-4713-8cae-a16643c042bd.binning_data.json,2024-07-02 03:00:05.383,2024-07-01 03:00:18.959,com.sec.android.app.shealth,102,6202,1.3434358,4745.5903,347.35995,hriiVjEkYE,com.sec.android.app.shealth,f7c3de0e-3888-4713-8cae-a16643c042bd,2024-06-30 00:00:00.000,
a3384d30-665a-4e35-a65f-d8a95bc51e46.binning_data.json,2024-07-02 11:42:44.007,2024-07-01 03:45:45.576,com.sec.android.app.shealth,-2,1821,1.4581705,1432.5302,108.31001,VfS0qUERdZ,com.sec.android.app.shealth,a3384d30-665a-4e35-a65f-d8a95bc51e46,2024-07-01 00:00:00.000,
95bf3fe5-86cc-4e77-833b-01356b96cba3.binning_data.json,2024-07-02 03:00:04.196,2024-07-02 03:00:04.196,com.sec.android.app.shealth,0,1155,1.237273,872.01,59.85,487mnSNu6t,com.sec.android.app.shealth,95bf3fe5-86cc-4e77-833b-01356b96cba3,2024-07-01 00:00:00.000,
4aef004c-d383-4cdc-9782-3c0584655026.binning_data.json,2024-07-03 03:00:18.035,2024-07-02 03:00:05.377,com.sec.android.app.shealth,102,880,1.7970545,722.65015,60.180008,hriiVjEkYE,com.sec.android.app.shealth,4aef004c-d383-4cdc-9782-3c0584655026,2024-07-01 00:00:00.000,
b118b88d-ed7c-4841-826c-76d721eda2f2.binning_data.json,2024-07-03 03:06:11.361,2024-07-02 11:42:43.590,com.sec.android.app.shealth,-2,7962,1.4284297,6182.0015,423.18002,VfS0qUERdZ,com.sec.android.app.shealth,b118b88d-ed7c-4841-826c-76d721eda2f2,2024-07-02 00:00:00.000,
c0c23f76-5bd5-47bc-9376-3b5ccbc451b9.binning_data.json,2024-07-03 03:00:16.705,2024-07-03 03:00:16.705,com.sec.android.app.shealth,0,6210,1.3029904,4755.25,322.46,487mnSNu6t,com.sec.android.app.shealth,c0c23f76-5bd5-47bc-9376-3b5ccbc451b9,2024-07-02 00:00:00.000,
34be4df6-ca8d-46af-92d1-f8eee4b7fc42.binning_data.json,2024-07-04 03:00:04.895,2024-07-03 03:00:18.052,com.sec.android.app.shealth,102,6937,1.4997792,5416.532,370.6401,hriiVjEkYE,com.sec.android.app.shealth,34be4df6-ca8d-46af-92d1-f8eee4b7fc42,2024-07-02 00:00:00.000,
7524a20f-a924-4c8a-87f6-9b4cd11137c0.binning_data.json,2024-07-04 02:55:35.203,2024-07-03 03:15:01.393,com.sec.android.app.shealth,-2,6380,1.377099,4918.15,328.32,VfS0qUERdZ,com.sec.android.app.shealth,7524a20f-a924-4c8a-87f6-9b4cd11137c0,2024-07-03 00:00:00.000,
b01cc9f0-9eeb-443f-bd73-b5b122d214fa.binning_data.json,2024-07-04 03:00:02.634,2024-07-04 03:00:02.634,com.sec.android.app.shealth,0,5971,1.3740191,4606.34,302.26,487mnSNu6t,com.sec.android.app.shealth,b01cc9f0-9eeb-443f-bd73-b5b122d214fa,2024-07-03 00:00:00.000,
3ae0795f-29c6-4fcb-b2ea-268a0f446e59.binning_data.json,2024-07-04 03:00:04.913,2024-07-04 03:00:04.913,com.sec.android.app.shealth,102,4065,1.4996186,3172.51,210.55005,hriiVjEkYE,com.sec.android.app.shealth,3ae0795f-29c6-4fcb-b2ea-268a0f446e59,2024-07-03 00:00:00.000,
260b4040-26da-4c87-aa22-332a52317c96.binning_data.json,2024-07-05 19:03:07.609,2024-07-04 03:35:36.282,com.sec.android.app.shealth,-2,7312,1.5275711,5784.129,420.39978,VfS0qUERdZ,com.sec.android.app.shealth,260b4040-26da-4c87-aa22-332a52317c96,2024-07-04 00:00:00.000,
de538c6b-9fc6-4139-9494-3f0a546b66a1.binning_data.json,2024-07-05 03:00:02.892,2024-07-05 03:00:02.892,com.sec.android.app.shealth,0,5444,1.4038206,4217.53,275.94,487mnSNu6t,com.sec.android.app.shealth,de538c6b-9fc6-4139-9494-3f0a546b66a1,2024-07-04 00:00:00.000,
829e34ae-dc4a-4962-af43-ca0f79f28afe.binning_data.json,2024-07-06 03:00:02.386,2024-07-05 03:00:04.142,com.sec.android.app.shealth,102,6590,1.5695248,5223.7,386.23972,hriiVjEkYE,com.sec.android.app.shealth,829e34ae-dc4a-4962-af43-ca0f79f28afe,2024-07-04 00:00:00.000,
c25188d7-80e9-4be5-bba5-de23a1939207.binning_data.json,2024-07-06 14:35:02.985,2024-07-05 10:35:58.436,com.sec.android.app.shealth,-2,6641,1.4879488,5219.5693,368.62,VfS0qUERdZ,com.sec.android.app.shealth,c25188d7-80e9-4be5-bba5-de23a1939207,2024-07-05 00:00:00.000,
ff99b344-8a55-4f25-b870-9ec43c702516.binning_data.json,2024-07-06 03:00:01.437,2024-07-06 03:00:01.437,com.sec.android.app.shealth,0,5219,1.4366349,4065.66,264.35,487mnSNu6t,com.sec.android.app.shealth,ff99b344-8a55-4f25-b870-9ec43c702516,2024-07-05 00:00:00.000,
2d18ca5c-0850-4608-89aa-90b417f7daa4.binning_data.json,2024-07-07 03:00:02.560,2024-07-06 03:00:02.382,com.sec.android.app.shealth,102,5639,1.5435376,4447.3,319.67007,hriiVjEkYE,com.sec.android.app.shealth,2d18ca5c-0850-4608-89aa-90b417f7daa4,2024-07-05 00:00:00.000,
348cb18c-3ca7-41c9-b6d4-69aed25feed6.binning_data.json,2024-07-06 23:18:48.889,2024-07-06 13:35:20.383,com.sec.android.app.shealth,-2,2316,1.2376446,1736.7998,121.74999,VfS0qUERdZ,com.sec.android.app.shealth,348cb18c-3ca7-41c9-b6d4-69aed25feed6,2024-07-06 00:00:00.000,
37913f45-1561-48da-a727-c6e7047b2ed3.binning_data.json,2024-07-07 03:00:01.946,2024-07-07 03:00:01.946,com.sec.android.app.shealth,0,1243,1.1834887,930.77,64.08,487mnSNu6t,com.sec.android.app.shealth,37913f45-1561-48da-a727-c6e7047b2ed3,2024-07-06 00:00:00.000,
9b0fcf24-e7ee-4877-bf63-410305c8ca95.binning_data.json,2024-07-07 03:00:02.551,2024-07-07 03:00:02.551,com.sec.android.app.shealth,102,2155,1.2576941,1617.3699,113.60999,hriiVjEkYE,com.sec.android.app.shealth,9b0fcf24-e7ee-4877-bf63-410305c8ca95,2024-07-06 00:00:00.000,
34f78960-0f6f-4629-906b-38e73bdaf542.binning_data.json,2024-07-08 14:34:01.971,2024-07-07 03:15:02.037,com.sec.android.app.shealth,-2,3239,1.3637841,2507.1304,185.97003,VfS0qUERdZ,com.sec.android.app.shealth,34f78960-0f6f-4629-906b-38e73bdaf542,2024-07-07 00:00:00.000,
c1cee62f-8141-4349-85d1-3a3bec649e28.binning_data.json,2024-07-08 03:00:02.623,2024-07-08 03:00:02.623,com.sec.android.app.shealth,0,2373,1.243956,1797.45,122.61,487mnSNu6t,com.sec.android.app.shealth,c1cee62f-8141-4349-85d1-3a3bec649e28,2024-07-07 00:00:00.000,
4375eb6f-4a4a-4190-b664-4e1442669742.binning_data.json,2024-07-09 03:00:04.779,2024-07-08 03:00:05.567,com.sec.android.app.shealth,102,2541,1.4328765,1981.1306,149.29004,hriiVjEkYE,com.sec.android.app.shealth,4375eb6f-4a4a-4190-b664-4e1442669742,2024-07-07 00:00:00.000,
91e34007-ca65-41c7-8846-9794118046a3.binning_data.json,2024-07-09 04:18:19.518,2024-07-08 14:34:01.730,com.sec.android.app.shealth,-2,1810,1.3111554,1374.1997,87.21999,VfS0qUERdZ,com.sec.android.app.shealth,91e34007-ca65-41c7-8846-9794118046a3,2024-07-08 00:00:00.000,
727b0964-064f-492d-b168-52e2a152ea6a.binning_data.json,2024-07-09 03:00:03.284,2024-07-09 03:00:03.284,com.sec.android.app.shealth,0,760,1.2201583,565.12,23.72,487mnSNu6t,com.sec.android.app.shealth,727b0964-064f-492d-b168-52e2a152ea6a,2024-07-08 00:00:00.000,
efa9e0fe-4298-4d5b-87a3-6197a3fee189.binning_data.json,2024-07-10 03:13:47.056,2024-07-09 03:00:04.796,com.sec.android.app.shealth,102,1493,1.3406553,1140.2897,82.19999,hriiVjEkYE,com.sec.android.app.shealth,efa9e0fe-4298-4d5b-87a3-6197a3fee189,2024-07-08 00:00:00.000,
f4631ab8-52ba-4421-b310-f7646bb15338.binning_data.json,2024-07-10 00:42:22.748,2024-07-09 03:33:58.062,com.sec.android.app.shealth,-2,3905,1.4738935,3025.96,146.35999,VfS0qUERdZ,com.sec.android.app.shealth,f4631ab8-52ba-4421-b310-f7646bb15338,2024-07-09 00:00:00.000,
5419e986-625d-417a-a877-f2c20c33e837.binning_data.json,2024-07-10 03:13:45.346,2024-07-10 03:13:45.346,com.sec.android.app.shealth,0,3488,1.383008,2651.7898,106.92999,487mnSNu6t,com.sec.android.app.shealth,5419e986-625d-417a-a877-f2c20c33e837,2024-07-09 00:00:00.000,
1f10c086-5825-42e5-af43-6b7994d58858.binning_data.json,2024-07-10 03:13:47.049,2024-07-10 03:13:47.049,com.sec.android.app.shealth,102,611,2.0851457,519.80005,50.739994,hriiVjEkYE,com.sec.android.app.shealth,1f10c086-5825-42e5-af43-6b7994d58858,2024-07-09 00:00:00.000,
7bc4ee69-9ef6-4581-b265-1aafdb23a064.binning_data.json,2024-07-11 13:07:31.285,2024-07-10 03:25:40.335,com.sec.android.app.shealth,-2,7615,1.5274079,5996.7505,391.51987,VfS0qUERdZ,com.sec.android.app.shealth,7bc4ee69-9ef6-4581-b265-1aafdb23a064,2024-07-10 00:00:00.000,
5284b1a3-2152-474a-a7cc-e72ca7cfb462.binning_data.json,2024-07-11 03:00:48.854,2024-07-11 03:00:48.854,com.sec.android.app.shealth,0,2993,1.2517773,2239.46,93.17999,487mnSNu6t,com.sec.android.app.shealth,5284b1a3-2152-474a-a7cc-e72ca7cfb462,2024-07-10 00:00:00.000,
70a11d88-d328-4d94-b619-2a9a5ae1592d.binning_data.json,2024-07-12 03:00:03.423,2024-07-11 03:00:54.175,com.sec.android.app.shealth,102,6838,1.5851605,5431.0205,396.10986,hriiVjEkYE,com.sec.android.app.shealth,70a11d88-d328-4d94-b619-2a9a5ae1592d,2024-07-10 00:00:00.000,
c2fa96c4-c503-45ef-bc03-f31fec0c56be.binning_data.json,2024-07-12 15:48:39.501,2024-07-11 04:18:53.098,com.sec.android.app.shealth,-2,4247,1.4449375,3317.4802,221.00003,VfS0qUERdZ,com.sec.android.app.shealth,c2fa96c4-c503-45ef-bc03-f31fec0c56be,2024-07-11 00:00:00.000,
aceb89a6-a01e-4eca-8a64-7e6aa9e64687.binning_data.json,2024-07-12 03:00:02.909,2024-07-12 03:00:02.909,com.sec.android.app.shealth,0,3080,1.3939983,2390.81,157.12001,487mnSNu6t,com.sec.android.app.shealth,aceb89a6-a01e-4eca-8a64-7e6aa9e64687,2024-07-11 00:00:00.000,
a833f129-2061-4d56-9c17-001c22df27e2.binning_data.json,2024-07-13 03:11:01.307,2024-07-12 03:00:03.420,com.sec.android.app.shealth,102,3594,1.4979695,2823.881,187.15009,hriiVjEkYE,com.sec.android.app.shealth,a833f129-2061-4d56-9c17-001c22df27e2,2024-07-11 00:00:00.000,
3fd1180b-aab1-44a4-87c7-d1e43a12ead7.binning_data.json,2024-07-13 09:39:34.025,2024-07-12 15:48:39.378,com.sec.android.app.shealth,-2,711,1.679388,583.14996,52.120007,VfS0qUERdZ,com.sec.android.app.shealth,3fd1180b-aab1-44a4-87c7-d1e43a12ead7,2024-07-12 00:00:00.000,
5a9dd629-aa0e-4bf5-a4d2-33f0848e9b6a.binning_data.json,2024-07-14 03:00:03.779,2024-07-13 03:11:01.303,com.sec.android.app.shealth,102,711,1.679388,583.14996,52.120007,hriiVjEkYE,com.sec.android.app.shealth,5a9dd629-aa0e-4bf5-a4d2-33f0848e9b6a,2024-07-12 00:00:00.000,
673615ca-451c-4077-8467-c6225a302775.binning_data.json,2024-07-15 18:38:00.949,2024-07-13 09:39:33.890,com.sec.android.app.shealth,-2,468,2.091606,406.37003,39.15,VfS0qUERdZ,com.sec.android.app.shealth,673615ca-451c-4077-8467-c6225a302775,2024-07-13 00:00:00.000,
5ef121da-2f49-4e52-b2b4-7335ee9e70c7.binning_data.json,2024-07-14 03:00:03.215,2024-07-14 03:00:03.215,com.sec.android.app.shealth,0,143,1.1832321,107.1,7.5099998,487mnSNu6t,com.sec.android.app.shealth,5ef121da-2f49-4e52-b2b4-7335ee9e70c7,2024-07-13 00:00:00.000,
47668718-4f1e-4bc4-b935-dbc7ce8a6844.binning_data.json,2024-07-16 03:12:02.997,2024-07-14 03:00:03.774,com.sec.android.app.shealth,102,325,2.8839371,299.27002,31.640003,hriiVjEkYE,com.sec.android.app.shealth,47668718-4f1e-4bc4-b935-dbc7ce8a6844,2024-07-13 00:00:00.000,
007daf57-f724-484a-85a8-60bf929aba24.binning_data.json,2024-07-15 02:15:38.618,2024-07-14 03:57:59.645,com.sec.android.app.shealth,-2,488,1.1610546,365.04,25.380001,VfS0qUERdZ,com.sec.android.app.shealth,007daf57-f724-484a-85a8-60bf929aba24,2024-07-14 00:00:00.000,
585b38d2-0669-41b3-8b8d-192bf8e00c7f.binning_data.json,2024-07-15 03:29:47.113,2024-07-15 03:29:47.113,com.sec.android.app.shealth,0,488,1.1610546,365.04,25.380001,487mnSNu6t,com.sec.android.app.shealth,585b38d2-0669-41b3-8b8d-192bf8e00c7f,2024-07-14 00:00:00.000,
c9586b20-19d7-4758-bbcb-64b786c87c51.binning_data.json,2024-07-16 01:22:52.260,2024-07-15 03:35:02.581,com.sec.android.app.shealth,-2,1041,1.1262727,768.2,40.85,VfS0qUERdZ,com.sec.android.app.shealth,c9586b20-19d7-4758-bbcb-64b786c87c51,2024-07-15 00:00:00.000,
02582e70-e4e9-4ea2-9116-8e2939955602.binning_data.json,2024-07-16 03:11:47.294,2024-07-16 03:11:47.294,com.sec.android.app.shealth,0,1041,1.1262727,768.2,40.85,487mnSNu6t,com.sec.android.app.shealth,02582e70-e4e9-4ea2-9116-8e2939955602,2024-07-15 00:00:00.000,
28376a46-59b3-47dd-8980-ad190e5cdc0c.binning_data.json,2024-07-17 15:03:10.961,2024-07-16 03:30:27.922,com.sec.android.app.shealth,-2,2175,1.2226704,1625.2001,91.23,VfS0qUERdZ,com.sec.android.app.shealth,28376a46-59b3-47dd-8980-ad190e5cdc0c,2024-07-16 00:00:00.000,
d75f07ee-18f8-4e10-8504-79dc696ae456.binning_data.json,2024-07-17 03:00:02.377,2024-07-17 03:00:02.377,com.sec.android.app.shealth,0,1626,1.1741908,1200.11,51.16,487mnSNu6t,com.sec.android.app.shealth,d75f07ee-18f8-4e10-8504-79dc696ae456,2024-07-16 00:00:00.000,
96e5d37a-e6f9-4327-91d5-f2276917e79c.binning_data.json,2024-07-18 03:00:21.286,2024-07-17 03:00:02.893,com.sec.android.app.shealth,102,1186,1.2716652,895.6201,66.96,hriiVjEkYE,com.sec.android.app.shealth,96e5d37a-e6f9-4327-91d5-f2276917e79c,2024-07-16 00:00:00.000,
8d742872-7e93-4b6b-8151-7179c129d2c1.binning_data.json,2024-07-18 11:33:47.146,2024-07-17 04:35:08.043,com.sec.android.app.shealth,-2,12248,1.4175271,9477.093,671.189,VfS0qUERdZ,com.sec.android.app.shealth,8d742872-7e93-4b6b-8151-7179c129d2c1,2024-07-17 00:00:00.000,
fffaeb78-1e72-4d87-b279-c6ee7de619a0.binning_data.json,2024-07-18 03:00:11.319,2024-07-18 03:00:11.319,com.sec.android.app.shealth,0,9683,1.3354936,7404.6,486.18,487mnSNu6t,com.sec.android.app.shealth,fffaeb78-1e72-4d87-b279-c6ee7de619a0,2024-07-17 00:00:00.000,
93197d57-6af8-43a2-b780-65c956e38cea.binning_data.json,2024-07-19 03:00:04.530,2024-07-18 03:00:21.272,com.sec.android.app.shealth,102,11890,1.4233303,9133.068,658.1384,hriiVjEkYE,com.sec.android.app.shealth,93197d57-6af8-43a2-b780-65c956e38cea,2024-07-17 00:00:00.000,
55dad30e-cf85-4197-9187-e1e22cada11b.binning_data.json,2024-07-19 15:23:26.491,2024-07-18 10:04:05.705,com.sec.android.app.shealth,-2,2783,1.1538352,2078.27,145.03,VfS0qUERdZ,com.sec.android.app.shealth,55dad30e-cf85-4197-9187-e1e22cada11b,2024-07-18 00:00:00.000,
e80258ec-dd95-446b-a84d-36de4b9626c6.binning_data.json,2024-07-19 03:00:03.077,2024-07-19 03:00:03.077,com.sec.android.app.shealth,0,2709,1.1543487,2024.59,141.24,487mnSNu6t,com.sec.android.app.shealth,e80258ec-dd95-446b-a84d-36de4b9626c6,2024-07-18 00:00:00.000,
27290eab-f360-47f1-b356-b1b304e63c5e.binning_data.json,2024-07-20 03:00:21.515,2024-07-19 03:00:04.523,com.sec.android.app.shealth,102,279,1.252936,208.69998,14.409999,hriiVjEkYE,com.sec.android.app.shealth,27290eab-f360-47f1-b356-b1b304e63c5e,2024-07-18 00:00:00.000,
e3814ac5-9fbd-498b-a5c7-50fcf18672ba.binning_data.json,2024-07-20 14:37:13.644,2024-07-19 12:56:06.671,com.sec.android.app.shealth,-2,2947,1.5121658,2334.659,174.54,VfS0qUERdZ,com.sec.android.app.shealth,e3814ac5-9fbd-498b-a5c7-50fcf18672ba,2024-07-19 00:00:00.000,
f87981e6-5c28-4756-ba8f-3b3880be7f0b.binning_data.json,2024-07-20 03:00:19.526,2024-07-20 03:00:19.526,com.sec.android.app.shealth,0,1434,1.2768748,1092.1699,74.68,487mnSNu6t,com.sec.android.app.shealth,f87981e6-5c28-4756-ba8f-3b3880be7f0b,2024-07-19 00:00:00.000,
c8a614e3-4b5d-4a8f-ad4e-bf1563889b71.binning_data.json,2024-07-21 03:00:06.283,2024-07-20 03:00:21.503,com.sec.android.app.shealth,102,2339,1.6045554,1873.6589,143.04,hriiVjEkYE,com.sec.android.app.shealth,c8a614e3-4b5d-4a8f-ad4e-bf1563889b71,2024-07-19 00:00:00.000,
425925dc-e10f-427d-a76f-11ed3ce11919.binning_data.json,2024-07-21 20:24:14.794,2024-07-20 03:29:48.731,com.sec.android.app.shealth,-2,2206,1.5439067,1760.8601,137.1,VfS0qUERdZ,com.sec.android.app.shealth,425925dc-e10f-427d-a76f-11ed3ce11919,2024-07-20 00:00:00.000,
f6600b8c-c1e3-4c96-b29e-810c0608667e.binning_data.json,2024-07-21 03:00:03.495,2024-07-21 03:00:03.495,com.sec.android.app.shealth,0,1176,1.2280107,886.41003,60.76,487mnSNu6t,com.sec.android.app.shealth,f6600b8c-c1e3-4c96-b29e-810c0608667e,2024-07-20 00:00:00.000,
acbd7076-9296-46b6-b6d5-18ecf602c47b.binning_data.json,2024-07-22 04:58:20.457,2024-07-21 03:00:06.311,com.sec.android.app.shealth,102,1892,1.615735,1522.8401,122.259995,hriiVjEkYE,com.sec.android.app.shealth,acbd7076-9296-46b6-b6d5-18ecf602c47b,2024-07-20 00:00:00.000,
40a7151d-e69e-477c-b310-a97055d2e770.binning_data.json,2024-07-22 04:57:26.520,2024-07-21 15:55:01.658,com.sec.android.app.shealth,-2,1396,1.238745,1052.98,76.08,VfS0qUERdZ,com.sec.android.app.shealth,40a7151d-e69e-477c-b310-a97055d2e770,2024-07-21 00:00:00.000,
3dd04be7-0d87-4590-a21d-7bac213da93c.binning_data.json,2024-07-23 20:26:06.336,2024-07-22 04:57:25.442,com.sec.android.app.shealth,-2,7129,1.4996789,5607.3906,397.74988,VfS0qUERdZ,com.sec.android.app.shealth,3dd04be7-0d87-4590-a21d-7bac213da93c,2024-07-22 00:00:00.000,
25a4feb4-2f8d-41d4-9a70-a7845a20ce42.binning_data.json,2024-07-22 04:57:47.985,2024-07-22 04:57:47.985,com.sec.android.app.shealth,0,837,1.2101223,632.17,43.77,487mnSNu6t,com.sec.android.app.shealth,25a4feb4-2f8d-41d4-9a70-a7845a20ce42,2024-07-21 00:00:00.000,
87f5f29f-eed4-4d0c-9667-4705fc1642de.binning_data.json,2024-07-24 03:00:14.986,2024-07-22 04:58:19.373,com.sec.android.app.shealth,102,6541,1.536021,5172.5107,369.4899,hriiVjEkYE,com.sec.android.app.shealth,87f5f29f-eed4-4d0c-9667-4705fc1642de,2024-07-22 00:00:00.000,
0834ffc9-1c2b-484a-801c-93c10ebffa4c.binning_data.json,2024-07-22 04:58:20.800,2024-07-22 04:58:20.800,com.sec.android.app.shealth,102,899,1.234097,673.06995,50.37,hriiVjEkYE,com.sec.android.app.shealth,0834ffc9-1c2b-484a-801c-93c10ebffa4c,2024-07-21 00:00:00.000,
6f9c5f21-f58f-4fd0-8cd1-b34a526bdad5.binning_data.json,2024-07-23 03:00:06.208,2024-07-23 03:00:06.208,com.sec.android.app.shealth,0,3583,1.3658525,2756.77,181.52,487mnSNu6t,com.sec.android.app.shealth,6f9c5f21-f58f-4fd0-8cd1-b34a526bdad5,2024-07-22 00:00:00.000,
adf14dd2-5e3e-496a-9d87-c0c8a71b22f0.binning_data.json,2024-07-24 02:39:34.100,2024-07-23 11:30:03.499,com.sec.android.app.shealth,-2,2743,1.3440564,2095.1602,142.24,VfS0qUERdZ,com.sec.android.app.shealth,adf14dd2-5e3e-496a-9d87-c0c8a71b22f0,2024-07-23 00:00:00.000,
6383722c-5843-456d-aa88-fb1f25315ab4.binning_data.json,2024-07-24 03:00:08.467,2024-07-24 03:00:08.467,com.sec.android.app.shealth,0,2296,1.3765837,1771.6001,115.23,487mnSNu6t,com.sec.android.app.shealth,6383722c-5843-456d-aa88-fb1f25315ab4,2024-07-23 00:00:00.000,
0858d8e7-bba3-464a-be21-0228070beebe.binning_data.json,2024-07-24 03:00:14.931,2024-07-24 03:00:14.931,com.sec.android.app.shealth,102,2052,1.3983641,1566.1401,106.11001,hriiVjEkYE,com.sec.android.app.shealth,0858d8e7-bba3-464a-be21-0228070beebe,2024-07-23 00:00:00.000,
278e0987-7872-4f20-a9d6-f6121d0f9afe.binning_data.json,2024-07-25 02:27:45.936,2024-07-24 10:01:24.852,com.sec.android.app.shealth,-2,9447,1.3818687,7232.679,490.88983,VfS0qUERdZ,com.sec.android.app.shealth,278e0987-7872-4f20-a9d6-f6121d0f9afe,2024-07-24 00:00:00.000,
3aab8339-1882-4fbf-bbe5-e1af0ccf1a46.binning_data.json,2024-07-25 03:00:03.093,2024-07-25 03:00:03.093,com.sec.android.app.shealth,0,6018,1.3260972,4603.54,305.7,487mnSNu6t,com.sec.android.app.shealth,3aab8339-1882-4fbf-bbe5-e1af0ccf1a46,2024-07-24 00:00:00.000,
89f7c3a1-294e-4c87-837e-4463b2c71b08.binning_data.json,2024-07-25 03:00:03.659,2024-07-25 03:00:03.659,com.sec.android.app.shealth,102,8603,1.3942838,6555.1387,456.3398,hriiVjEkYE,com.sec.android.app.shealth,89f7c3a1-294e-4c87-837e-4463b2c71b08,2024-07-24 00:00:00.000,
7bba4f80-1219-4443-8e5e-ae411244ba65.binning_data.json,2024-07-26 10:02:44.045,2024-07-25 03:30:50.908,com.sec.android.app.shealth,-2,5311,1.3843515,4088.1006,289.71002,VfS0qUERdZ,com.sec.android.app.shealth,7bba4f80-1219-4443-8e5e-ae411244ba65,2024-07-25 00:00:00.000,
354eb543-04f6-4377-832c-01ea648a1c34.binning_data.json,2024-07-26 03:00:13.351,2024-07-26 03:00:13.351,com.sec.android.app.shealth,0,4449,1.2764677,3388.94,227.88,487mnSNu6t,com.sec.android.app.shealth,354eb543-04f6-4377-832c-01ea648a1c34,2024-07-25 00:00:00.000,
78538704-7b8b-43e5-a8b4-e73a9a28667a.binning_data.json,2024-07-27 03:36:42.494,2024-07-26 03:00:15.523,com.sec.android.app.shealth,102,4495,1.4018996,3440.4011,255.74002,hriiVjEkYE,com.sec.android.app.shealth,78538704-7b8b-43e5-a8b4-e73a9a28667a,2024-07-25 00:00:00.000,
f2345d49-aa2d-4094-acd5-779115e0bb36.binning_data.json,2024-07-27 01:59:33.784,2024-07-26 03:01:05.876,com.sec.android.app.shealth,-2,7576,1.4351981,5906.5503,418.64005,VfS0qUERdZ,com.sec.android.app.shealth,f2345d49-aa2d-4094-acd5-779115e0bb36,2024-07-26 00:00:00.000,
04726d26-5b7f-48a5-beab-e02abdf6f835.binning_data.json,2024-07-28 04:12:29.627,2024-07-27 03:35:07.343,com.sec.android.app.shealth,-2,4396,1.256555,3319.1106,237.30003,VfS0qUERdZ,com.sec.android.app.shealth,04726d26-5b7f-48a5-beab-e02abdf6f835,2024-07-27 00:00:00.000,
986fb6f2-1909-4eeb-95dd-eeaa1555b42f.binning_data.json,2024-07-28 03:00:01.342,2024-07-27 03:36:34.138,com.sec.android.app.shealth,0,2947,1.16909,2201.08,141.55,487mnSNu6t,com.sec.android.app.shealth,986fb6f2-1909-4eeb-95dd-eeaa1555b42f,2024-07-27 00:00:00.000,
d0a11977-2c52-453f-aaa4-6c4d50d00569.binning_data.json,2024-07-27 03:36:34.331,2024-07-27 03:36:34.331,com.sec.android.app.shealth,0,6498,1.3687984,5013.71,330.9,487mnSNu6t,com.sec.android.app.shealth,d0a11977-2c52-453f-aaa4-6c4d50d00569,2024-07-26 00:00:00.000,
33fec995-2f5a-4150-92c1-85d06f2a3df9.binning_data.json,2024-07-27 03:36:42.555,2024-07-27 03:36:42.555,com.sec.android.app.shealth,102,2802,1.4868698,2189.7402,183.09004,hriiVjEkYE,com.sec.android.app.shealth,33fec995-2f5a-4150-92c1-85d06f2a3df9,2024-07-26 00:00:00.000,
5a8ae405-3b82-43d8-aa40-5b039bad452e.binning_data.json,2024-07-29 03:00:02.282,2024-07-28 03:00:02.425,com.sec.android.app.shealth,102,2951,1.3338771,2237.3706,167.61005,hriiVjEkYE,com.sec.android.app.shealth,5a8ae405-3b82-43d8-aa40-5b039bad452e,2024-07-27 00:00:00.000,
2306fbcc-42f7-4095-9808-95aadf73fb97.binning_data.json,2024-07-29 09:56:22.392,2024-07-28 03:55:26.927,com.sec.android.app.shealth,-2,2750,1.4714581,2150.2703,173.84,VfS0qUERdZ,com.sec.android.app.shealth,2306fbcc-42f7-4095-9808-95aadf73fb97,2024-07-28 00:00:00.000,
3544fad2-8cd8-40f6-ba37-cd729a3c79f5.binning_data.json,2024-07-29 03:00:01.442,2024-07-29 03:00:01.442,com.sec.android.app.shealth,0,961,1.2000873,722.68,49.92,487mnSNu6t,com.sec.android.app.shealth,3544fad2-8cd8-40f6-ba37-cd729a3c79f5,2024-07-28 00:00:00.000,
f291e454-1cd1-47f7-b773-15ab07d97cb0.binning_data.json,2024-07-30 03:00:16.137,2024-07-29 03:00:02.273,com.sec.android.app.shealth,102,2515,1.5031422,1970.6803,161.76,hriiVjEkYE,com.sec.android.app.shealth,f291e454-1cd1-47f7-b773-15ab07d97cb0,2024-07-28 00:00:00.000,
8a6c5aed-3ecd-4e76-8d19-2cc2c137fdcb.binning_data.json,2024-07-30 11:46:26.687,2024-07-29 09:56:21.570,com.sec.android.app.shealth,-2,4095,1.4127245,3175.4795,236.18999,VfS0qUERdZ,com.sec.android.app.shealth,8a6c5aed-3ecd-4e76-8d19-2cc2c137fdcb,2024-07-29 00:00:00.000,
5c6f0ddb-cddb-4ffb-898a-b99c34f78f46.binning_data.json,2024-07-30 03:00:11.787,2024-07-30 03:00:11.787,com.sec.android.app.shealth,0,2996,1.2674648,2273.1,152.64,487mnSNu6t,com.sec.android.app.shealth,5c6f0ddb-cddb-4ffb-898a-b99c34f78f46,2024-07-29 00:00:00.000,
da4314de-2f10-48f5-841e-9e352a79bea4.binning_data.json,2024-07-31 03:00:03.454,2024-07-30 03:00:16.154,com.sec.android.app.shealth,102,3474,1.4581482,2688.1797,213.29999,hriiVjEkYE,com.sec.android.app.shealth,da4314de-2f10-48f5-841e-9e352a79bea4,2024-07-29 00:00:00.000,
f7d2a5a3-35de-4ee7-9601-973017737721.binning_data.json,2024-07-31 02:52:51.992,2024-07-30 11:46:26.564,com.sec.android.app.shealth,-2,5523,1.4930865,4299.309,297.35007,VfS0qUERdZ,com.sec.android.app.shealth,f7d2a5a3-35de-4ee7-9601-973017737721,2024-07-30 00:00:00.000,
803ae50c-a9f6-452d-b850-0df3ecd2096f.binning_data.json,2024-07-31 03:00:02.243,2024-07-31 03:00:02.243,com.sec.android.app.shealth,0,1194,1.3505311,918.42,61.000004,487mnSNu6t,com.sec.android.app.shealth,803ae50c-a9f6-452d-b850-0df3ecd2096f,2024-07-30 00:00:00.000,
73629243-1439-49f7-8363-43165203bbdb.binning_data.json,2024-07-31 03:00:03.468,2024-07-31 03:00:03.468,com.sec.android.app.shealth,102,5036,1.518274,3925.059,272.80005,hriiVjEkYE,com.sec.android.app.shealth,73629243-1439-49f7-8363-43165203bbdb,2024-07-30 00:00:00.000,
7274fa84-b862-49d8-9998-40a7ad379486.binning_data.json,2024-08-01 10:56:30.781,2024-07-31 09:58:35.100,com.sec.android.app.shealth,-2,6633,1.4578978,5164.4404,372.91,VfS0qUERdZ,com.sec.android.app.shealth,7274fa84-b862-49d8-9998-40a7ad379486,2024-07-31 00:00:00.000,
440fdceb-0034-49a1-b0bb-4d6f5850b3e0.binning_data.json,2024-08-01 03:00:07.828,2024-08-01 03:00:07.828,com.sec.android.app.shealth,0,4996,1.3331956,3835.46,254.63,487mnSNu6t,com.sec.android.app.shealth,440fdceb-0034-49a1-b0bb-4d6f5850b3e0,2024-07-31 00:00:00.000,
9c521ef8-1bbc-443b-a5df-02d2184be285.binning_data.json,2024-08-02 03:00:56.420,2024-08-01 03:00:09.324,com.sec.android.app.shealth,102,6122,1.4799913,4755.7915,349.59006,hriiVjEkYE,com.sec.android.app.shealth,9c521ef8-1bbc-443b-a5df-02d2184be285,2024-07-31 00:00:00.000,
e18fa7c9-23c7-48a6-a618-512bad2b49ed.binning_data.json,2024-08-02 11:41:17.824,2024-08-01 10:56:30.626,com.sec.android.app.shealth,-2,8007,1.3761305,6180.35,443.93982,VfS0qUERdZ,com.sec.android.app.shealth,e18fa7c9-23c7-48a6-a618-512bad2b49ed,2024-08-01 00:00:00.000,
63d69c00-948c-42b9-8ae8-8999e495405c.binning_data.json,2024-08-02 03:00:19.094,2024-08-02 03:00:19.094,com.sec.android.app.shealth,0,4706,1.1182185,3492.94,254.22,487mnSNu6t,com.sec.android.app.shealth,63d69c00-948c-42b9-8ae8-8999e495405c,2024-08-01 00:00:00.000,
ac8583c4-caf0-461b-9398-816fac458f73.binning_data.json,2024-08-03 03:18:22.574,2024-08-02 03:00:56.413,com.sec.android.app.shealth,102,6644,1.3938305,5130.0405,373.5699,hriiVjEkYE,com.sec.android.app.shealth,ac8583c4-caf0-461b-9398-816fac458f73,2024-08-01 00:00:00.000,
0dbecf48-1522-4723-8fe1-c28c9fb584b4.binning_data.json,2024-08-03 16:10:07.363,2024-08-02 11:41:17.656,com.sec.android.app.shealth,-2,9417,1.3959452,7280.7783,507.1895,VfS0qUERdZ,com.sec.android.app.shealth,0dbecf48-1522-4723-8fe1-c28c9fb584b4,2024-08-02 00:00:00.000,
aebbdc44-bd74-44f3-b316-fb6488da14c7.binning_data.json,2024-08-03 03:18:12.711,2024-08-03 03:18:12.711,com.sec.android.app.shealth,0,7193,1.3408409,5510.76,364.32,487mnSNu6t,com.sec.android.app.shealth,aebbdc44-bd74-44f3-b316-fb6488da14c7,2024-08-02 00:00:00.000,
9411487d-6d2d-40cf-b691-cd5802777dc3.binning_data.json,2024-08-04 03:00:06.331,2024-08-03 03:18:22.545,com.sec.android.app.shealth,102,8355,1.4193773,6481.7983,457.60953,hriiVjEkYE,com.sec.android.app.shealth,9411487d-6d2d-40cf-b691-cd5802777dc3,2024-08-02 00:00:00.000,
4a03352d-292c-4b65-919d-e47916e73c1b.binning_data.json,2024-08-04 13:54:23.221,2024-08-03 03:44:50.929,com.sec.android.app.shealth,-2,4977,1.4579278,3915.2002,285.43,VfS0qUERdZ,com.sec.android.app.shealth,4a03352d-292c-4b65-919d-e47916e73c1b,2024-08-03 00:00:00.000,
51937837-87b0-4517-a693-a37b3c9c84f0.binning_data.json,2024-08-04 03:00:04.680,2024-08-04 03:00:04.680,com.sec.android.app.shealth,0,3989,1.3385534,3068.8,204.0,487mnSNu6t,com.sec.android.app.shealth,51937837-87b0-4517-a693-a37b3c9c84f0,2024-08-03 00:00:00.000,
6b4d5c56-0ec5-4158-9227-40f954e326c0.binning_data.json,2024-08-05 03:00:08.041,2024-08-04 03:00:06.345,com.sec.android.app.shealth,102,1102,2.0052598,931.3102,87.95999,hriiVjEkYE,com.sec.android.app.shealth,6b4d5c56-0ec5-4158-9227-40f954e326c0,2024-08-03 00:00:00.000,
6f5448d6-933a-4934-97de-e10cdb81c45f.binning_data.json,2024-08-05 13:25:31.059,2024-08-04 13:54:23.010,com.sec.android.app.shealth,-2,5436,1.3208463,4130.5083,299.7702,VfS0qUERdZ,com.sec.android.app.shealth,6f5448d6-933a-4934-97de-e10cdb81c45f,2024-08-04 00:00:00.000,
c595b7d4-1829-4a8c-b967-6cb1cab54ceb.binning_data.json,2024-08-05 03:00:06.488,2024-08-05 03:00:06.488,com.sec.android.app.shealth,0,3434,1.2356507,2597.66,176.68,487mnSNu6t,com.sec.android.app.shealth,c595b7d4-1829-4a8c-b967-6cb1cab54ceb,2024-08-04 00:00:00.000,
c5f6fd48-c25a-4eb3-9060-35714c9ba789.binning_data.json,2024-08-06 03:00:05.632,2024-08-05 03:00:08.054,com.sec.android.app.shealth,102,4599,1.3164272,3472.078,260.34018,hriiVjEkYE,com.sec.android.app.shealth,c5f6fd48-c25a-4eb3-9060-35714c9ba789,2024-08-04 00:00:00.000,
56568745-da1f-4bdf-8d9d-8ff633c3d63b.binning_data.json,2024-08-06 09:43:29.574,2024-08-05 10:35:11.112,com.sec.android.app.shealth,-2,6665,1.4849219,5244.22,367.55005,VfS0qUERdZ,com.sec.android.app.shealth,56568745-da1f-4bdf-8d9d-8ff633c3d63b,2024-08-05 00:00:00.000,
6c2dbde1-1cad-4f87-9bc2-d5fbdb9d21f0.binning_data.json,2024-08-06 03:00:03.816,2024-08-06 03:00:03.816,com.sec.android.app.shealth,0,4986,1.4137213,3873.1797,253.26001,487mnSNu6t,com.sec.android.app.shealth,6c2dbde1-1cad-4f87-9bc2-d5fbdb9d21f0,2024-08-05 00:00:00.000,
808859b2-6379-4de9-a85f-5e6cf31a7852.binning_data.json,2024-08-07 03:00:09.906,2024-08-06 03:00:05.602,com.sec.android.app.shealth,102,5759,1.5437008,4563.1016,320.33987,hriiVjEkYE,com.sec.android.app.shealth,808859b2-6379-4de9-a85f-5e6cf31a7852,2024-08-05 00:00:00.000,
9dc8e16d-7665-44df-9376-8ba78dbd3bce.binning_data.json,2024-08-07 01:12:39.083,2024-08-06 09:43:29.377,com.sec.android.app.shealth,-2,7784,1.4357617,6061.64,424.80002,VfS0qUERdZ,com.sec.android.app.shealth,9dc8e16d-7665-44df-9376-8ba78dbd3bce,2024-08-06 00:00:00.000,
13b5bff6-7dbb-46d7-931c-5363b10b46a7.binning_data.json,2024-08-07 03:00:06.106,2024-08-07 03:00:06.106,com.sec.android.app.shealth,0,6891,1.3669335,5305.25,348.09,487mnSNu6t,com.sec.android.app.shealth,13b5bff6-7dbb-46d7-931c-5363b10b46a7,2024-08-06 00:00:00.000,
2fddb681-847d-48fd-ae4e-b494cb9e10fe.binning_data.json,2024-08-07 03:00:09.901,2024-08-07 03:00:09.901,com.sec.android.app.shealth,102,3536,1.4663881,2768.0996,211.94002,hriiVjEkYE,com.sec.android.app.shealth,2fddb681-847d-48fd-ae4e-b494cb9e10fe,2024-08-06 00:00:00.000,
57b191c8-c027-412b-9225-fdb268148db2.binning_data.json,2024-08-08 10:37:27.421,2024-08-07 09:50:04.337,com.sec.android.app.shealth,-2,4558,1.3909271,3521.5396,264.51004,VfS0qUERdZ,com.sec.android.app.shealth,57b191c8-c027-412b-9225-fdb268148db2,2024-08-07 00:00:00.000,
5fabddea-ae7a-4999-8929-be88f7de180c.binning_data.json,2024-08-08 03:00:03.763,2024-08-08 03:00:03.763,com.sec.android.app.shealth,0,3507,1.2657815,2664.88,179.06999,487mnSNu6t,com.sec.android.app.shealth,5fabddea-ae7a-4999-8929-be88f7de180c,2024-08-07 00:00:00.000,
b7b8d2b3-b6e0-4d2a-93be-afea917c4da9.binning_data.json,2024-08-09 03:00:03.830,2024-08-08 03:00:05.636,com.sec.android.app.shealth,102,4242,1.4013128,3252.969,251.41005,hriiVjEkYE,com.sec.android.app.shealth,b7b8d2b3-b6e0-4d2a-93be-afea917c4da9,2024-08-07 00:00:00.000,
7205b376-524c-4a3f-a7df-9ce40d328809.binning_data.json,2024-08-09 06:24:40.616,2024-08-08 10:35:11.373,com.sec.android.app.shealth,-2,6381,1.429382,4936.71,352.60004,VfS0qUERdZ,com.sec.android.app.shealth,7205b376-524c-4a3f-a7df-9ce40d328809,2024-08-08 00:00:00.000,
d2af8a4a-4953-4193-bb8d-29b1997375ba.binning_data.json,2024-08-09 03:00:02.761,2024-08-09 03:00:02.761,com.sec.android.app.shealth,0,2110,1.2660389,1602.36,108.520004,487mnSNu6t,com.sec.android.app.shealth,d2af8a4a-4953-4193-bb8d-29b1997375ba,2024-08-08 00:00:00.000,
e19368d8-8603-49ea-a289-1f9bbbe62513.binning_data.json,2024-08-10 03:00:07.639,2024-08-09 03:00:03.821,com.sec.android.app.shealth,102,5592,1.4509081,4327.0,313.21005,hriiVjEkYE,com.sec.android.app.shealth,e19368d8-8603-49ea-a289-1f9bbbe62513,2024-08-08 00:00:00.000,
2d71f7e2-73a2-4e24-82ef-13b51e09bdbf.binning_data.json,2024-08-10 04:56:26.926,2024-08-09 11:32:08.379,com.sec.android.app.shealth,-2,4838,1.3773428,3729.74,261.66992,VfS0qUERdZ,com.sec.android.app.shealth,2d71f7e2-73a2-4e24-82ef-13b51e09bdbf,2024-08-09 00:00:00.000,
a8605c9f-53b9-4e61-8ccf-83567383fbac.binning_data.json,2024-08-10 03:13:27.627,2024-08-10 03:00:05.936,com.sec.android.app.shealth,0,3091,1.3722152,2382.6199,157.70999,487mnSNu6t,com.sec.android.app.shealth,a8605c9f-53b9-4e61-8ccf-83567383fbac,2024-08-09 00:00:00.000,
2fbb697c-252c-46f8-98f1-33fa4ef3d75c.binning_data.json,2024-08-11 03:00:06.317,2024-08-10 03:00:07.615,com.sec.android.app.shealth,102,4201,1.3913859,3241.9106,229.06992,hriiVjEkYE,com.sec.android.app.shealth,2fbb697c-252c-46f8-98f1-33fa4ef3d75c,2024-08-09 00:00:00.000,
a846f959-c169-4628-8691-05a14016dc20.binning_data.json,2024-08-11 03:21:49.208,2024-08-10 03:13:26.932,com.sec.android.app.shealth,-2,6499,1.4319868,5066.47,359.42,VfS0qUERdZ,com.sec.android.app.shealth,a846f959-c169-4628-8691-05a14016dc20,2024-08-10 00:00:00.000,
39b70f66-ad63-4f74-ae82-7cbda101a0c3.binning_data.json,2024-08-11 03:01:40.310,2024-08-10 03:13:27.621,com.sec.android.app.shealth,0,5137,1.3439667,3943.55,261.72,487mnSNu6t,com.sec.android.app.shealth,39b70f66-ad63-4f74-ae82-7cbda101a0c3,2024-08-10 00:00:00.000,
5b8bc5e2-1ae8-44bf-839f-cbf2d817452c.binning_data.json,2024-08-12 03:30:12.258,2024-08-11 03:00:06.311,com.sec.android.app.shealth,102,1879,1.6400084,1508.8602,124.48001,hriiVjEkYE,com.sec.android.app.shealth,5b8bc5e2-1ae8-44bf-839f-cbf2d817452c,2024-08-10 00:00:00.000,
fb78d7c6-5014-4515-a233-13659605081b.binning_data.json,2024-08-12 01:55:06.808,2024-08-11 03:01:39.555,com.sec.android.app.shealth,-2,3599,1.4417825,2810.6196,225.56004,VfS0qUERdZ,com.sec.android.app.shealth,fb78d7c6-5014-4515-a233-13659605081b,2024-08-11 00:00:00.000,
b379cf28-7a4c-4665-aab9-0df832df4a35.binning_data.json,2024-08-12 03:30:11.680,2024-08-11 03:01:40.301,com.sec.android.app.shealth,0,1301,1.1924244,974.86,67.53,487mnSNu6t,com.sec.android.app.shealth,b379cf28-7a4c-4665-aab9-0df832df4a35,2024-08-11 00:00:00.000,
4b02a640-5a7e-4664-9f6a-c0bf5ef6d770.binning_data.json,2024-08-12 03:30:12.268,2024-08-12 03:30:12.268,com.sec.android.app.shealth,102,3189,1.4780059,2497.8896,206.04002,hriiVjEkYE,com.sec.android.app.shealth,4b02a640-5a7e-4664-9f6a-c0bf5ef6d770,2024-08-11 00:00:00.000,
5e86b416-f6e3-4149-bdb8-9ecf5d155db0.binning_data.json,2024-08-13 03:01:08.088,2024-08-12 10:30:04.727,com.sec.android.app.shealth,-2,5835,1.5266434,4597.7197,321.36008,VfS0qUERdZ,com.sec.android.app.shealth,5e86b416-f6e3-4149-bdb8-9ecf5d155db0,2024-08-12 00:00:00.000,
8976f053-38a7-4a83-94f0-f6b7ad44923c.binning_data.json,2024-08-13 03:00:05.958,2024-08-13 03:00:05.958,com.sec.android.app.shealth,0,4674,1.4592755,3645.05,236.66,487mnSNu6t,com.sec.android.app.shealth,8976f053-38a7-4a83-94f0-f6b7ad44923c,2024-08-12 00:00:00.000,
f910c98c-8e9e-4a1a-bc09-73d83b52b44d.binning_data.json,2024-08-14 03:00:03.404,2024-08-13 03:00:07.582,com.sec.android.app.shealth,102,3396,1.565928,2677.85,198.62006,hriiVjEkYE,com.sec.android.app.shealth,f910c98c-8e9e-4a1a-bc09-73d83b52b44d,2024-08-12 00:00:00.000,
d23fd5dd-4bc8-4dc0-8cd9-8be90116cb4a.binning_data.json,2024-08-14 01:21:39.919,2024-08-13 03:01:07.643,com.sec.android.app.shealth,-2,7748,1.4341136,5990.61,416.47995,VfS0qUERdZ,com.sec.android.app.shealth,d23fd5dd-4bc8-4dc0-8cd9-8be90116cb4a,2024-08-13 00:00:00.000,
f768eaed-8c86-43e6-9f4b-b547987a49c6.binning_data.json,2024-08-14 03:00:02.610,2024-08-14 03:00:02.610,com.sec.android.app.shealth,0,4443,1.3325,3407.48,225.74,487mnSNu6t,com.sec.android.app.shealth,f768eaed-8c86-43e6-9f4b-b547987a49c6,2024-08-13 00:00:00.000,
e5fcd893-575f-431d-b0b7-df6b116cd447.binning_data.json,2024-08-14 03:00:03.401,2024-08-14 03:00:03.401,com.sec.android.app.shealth,102,7159,1.4502275,5518.301,391.31003,hriiVjEkYE,com.sec.android.app.shealth,e5fcd893-575f-431d-b0b7-df6b116cd447,2024-08-13 00:00:00.000,
207f21cc-b96f-4a86-98b9-1df47115b211.binning_data.json,2024-08-15 02:43:48.325,2024-08-14 12:35:00.996,com.sec.android.app.shealth,-2,6278,1.4499602,4878.2905,335.88,VfS0qUERdZ,com.sec.android.app.shealth,207f21cc-b96f-4a86-98b9-1df47115b211,2024-08-14 00:00:00.000,
ad6d60a6-2cc9-4282-b58c-97341e8ca79d.binning_data.json,2024-08-15 03:00:01.627,2024-08-15 03:00:01.627,com.sec.android.app.shealth,0,5018,1.4289308,3899.0898,254.52,487mnSNu6t,com.sec.android.app.shealth,ad6d60a6-2cc9-4282-b58c-97341e8ca79d,2024-08-14 00:00:00.000,
8ea390a4-720e-4f4e-a1c2-cae065cd2705.binning_data.json,2024-08-15 03:00:02.838,2024-08-15 03:00:02.838,com.sec.android.app.shealth,102,5154,1.4895284,3999.5212,279.49,hriiVjEkYE,com.sec.android.app.shealth,8ea390a4-720e-4f4e-a1c2-cae065cd2705,2024-08-14 00:00:00.000,
dea543dd-a437-45db-b3b2-343d1f6c71df.binning_data.json,2024-08-16 02:21:28.598,2024-08-15 03:03:57.507,com.sec.android.app.shealth,-2,5420,1.4545022,4253.3696,316.22003,VfS0qUERdZ,com.sec.android.app.shealth,dea543dd-a437-45db-b3b2-343d1f6c71df,2024-08-15 00:00:00.000,
5d636b83-f035-4200-a760-e746ce4eeb98.binning_data.json,2024-08-16 03:00:03.159,2024-08-16 03:00:03.159,com.sec.android.app.shealth,0,4084,1.2879765,3121.57,210.87,487mnSNu6t,com.sec.android.app.shealth,5d636b83-f035-4200-a760-e746ce4eeb98,2024-08-15 00:00:00.000,
80f0ef78-688c-4448-8c72-8e0c7f6a3e78.binning_data.json,2024-08-16 03:00:04.563,2024-08-16 03:00:04.563,com.sec.android.app.shealth,102,4285,1.5248208,3359.8394,261.43008,hriiVjEkYE,com.sec.android.app.shealth,80f0ef78-688c-4448-8c72-8e0c7f6a3e78,2024-08-15 00:00:00.000,
29029f43-fa91-4afa-a16d-2e4d0f35921e.binning_data.json,2024-08-17 10:36:13.823,2024-08-16 12:39:46.150,com.sec.android.app.shealth,-2,6892,1.424294,5330.7305,374.18994,VfS0qUERdZ,com.sec.android.app.shealth,29029f43-fa91-4afa-a16d-2e4d0f35921e,2024-08-16 00:00:00.000,
eacaf871-4d0e-4935-b9fe-51c934833323.binning_data.json,2024-08-17 03:00:12.526,2024-08-17 03:00:12.526,com.sec.android.app.shealth,0,5114,1.3757619,3944.46,258.87,487mnSNu6t,com.sec.android.app.shealth,eacaf871-4d0e-4935-b9fe-51c934833323,2024-08-16 00:00:00.000,
d4264ce0-813e-41f1-816d-bd7c858507ad.binning_data.json,2024-08-18 03:06:26.069,2024-08-17 03:00:21.690,com.sec.android.app.shealth,102,6575,1.428272,5056.45,359.56995,hriiVjEkYE,com.sec.android.app.shealth,d4264ce0-813e-41f1-816d-bd7c858507ad,2024-08-16 00:00:00.000,
cb5bdb53-1ed1-4ea8-9f05-731e2a3b9aa9.binning_data.json,2024-08-18 11:32:56.534,2024-08-17 10:36:13.671,com.sec.android.app.shealth,-2,5136,1.4580909,3985.3506,266.61008,VfS0qUERdZ,com.sec.android.app.shealth,cb5bdb53-1ed1-4ea8-9f05-731e2a3b9aa9,2024-08-17 00:00:00.000,
d5f7fc02-db18-4aae-bf1e-f86733ccb9fc.binning_data.json,2024-08-18 03:06:07.461,2024-08-18 03:06:07.461,com.sec.android.app.shealth,0,4270,1.4635327,3331.7998,215.63,487mnSNu6t,com.sec.android.app.shealth,d5f7fc02-db18-4aae-bf1e-f86733ccb9fc,2024-08-17 00:00:00.000,
d871fd62-46a1-4f34-88f4-3221a974c8b0.binning_data.json,2024-08-19 03:00:01.784,2024-08-18 03:06:26.152,com.sec.android.app.shealth,102,4635,1.4675837,3576.5906,243.22008,hriiVjEkYE,com.sec.android.app.shealth,d871fd62-46a1-4f34-88f4-3221a974c8b0,2024-08-17 00:00:00.000,
18b82231-2928-406e-b6f2-68234b399211.binning_data.json,2024-08-19 02:18:03.371,2024-08-18 10:46:29.826,com.sec.android.app.shealth,-2,4705,1.3603735,3604.8691,272.2701,VfS0qUERdZ,com.sec.android.app.shealth,18b82231-2928-406e-b6f2-68234b399211,2024-08-18 00:00:00.000,
2b180158-382d-41cf-8994-02df8b3a400d.binning_data.json,2024-08-19 03:00:00.996,2024-08-19 03:00:00.996,com.sec.android.app.shealth,0,2580,1.2046673,1942.27,134.01,487mnSNu6t,com.sec.android.app.shealth,2b180158-382d-41cf-8994-02df8b3a400d,2024-08-18 00:00:00.000,
fe2a178b-4cd5-476f-a338-937dd74147cc.binning_data.json,2024-08-19 03:00:01.781,2024-08-19 03:00:01.781,com.sec.android.app.shealth,102,4175,1.3826785,3197.7292,244.7401,hriiVjEkYE,com.sec.android.app.shealth,fe2a178b-4cd5-476f-a338-937dd74147cc,2024-08-18 00:00:00.000,
d34d05c2-1d97-4aff-812e-bc604c4390ce.binning_data.json,2024-08-20 02:16:53.663,2024-08-19 10:56:01.036,com.sec.android.app.shealth,-2,1765,1.255957,1316.2603,97.15002,VfS0qUERdZ,com.sec.android.app.shealth,d34d05c2-1d97-4aff-812e-bc604c4390ce,2024-08-19 00:00:00.000,
07c09e74-1b21-4875-8c09-63dea4a5f81f.binning_data.json,2024-08-20 03:00:03.169,2024-08-20 03:00:03.169,com.sec.android.app.shealth,0,466,1.2136194,349.69,24.35,487mnSNu6t,com.sec.android.app.shealth,07c09e74-1b21-4875-8c09-63dea4a5f81f,2024-08-19 00:00:00.000,
2ded0dfe-f5dc-428d-832e-da8128518ffa.binning_data.json,2024-08-20 03:00:04.614,2024-08-20 03:00:04.614,com.sec.android.app.shealth,102,1549,1.2668716,1153.6503,86.30002,hriiVjEkYE,com.sec.android.app.shealth,2ded0dfe-f5dc-428d-832e-da8128518ffa,2024-08-19 00:00:00.000,
2ea8e4aa-1e27-44b8-9f73-8ba76024c37b.binning_data.json,2024-08-21 03:47:24.875,2024-08-20 10:34:50.404,com.sec.android.app.shealth,-2,8165,1.431198,6341.371,436.40002,VfS0qUERdZ,com.sec.android.app.shealth,2ea8e4aa-1e27-44b8-9f73-8ba76024c37b,2024-08-20 00:00:00.000,
eccd956b-b58e-482b-9de0-4249d6b5c9c3.binning_data.json,2024-08-21 03:00:02.715,2024-08-21 03:00:02.715,com.sec.android.app.shealth,0,7114,1.3838286,5494.14,360.38,487mnSNu6t,com.sec.android.app.shealth,eccd956b-b58e-482b-9de0-4249d6b5c9c3,2024-08-20 00:00:00.000,
558c1efe-ae9f-45bf-ac9a-224853a219a8.binning_data.json,2024-08-22 03:00:06.691,2024-08-21 03:00:04.057,com.sec.android.app.shealth,102,6416,1.4773293,4971.5503,350.39963,hriiVjEkYE,com.sec.android.app.shealth,558c1efe-ae9f-45bf-ac9a-224853a219a8,2024-08-20 00:00:00.000,
e2e8c37d-3c0d-41b2-9bcf-f7a5aaca33f8.binning_data.json,2024-08-22 03:46:28.922,2024-08-21 09:24:52.661,com.sec.android.app.shealth,-2,7622,1.4324437,5912.19,405.26004,VfS0qUERdZ,com.sec.android.app.shealth,e2e8c37d-3c0d-41b2-9bcf-f7a5aaca33f8,2024-08-21 00:00:00.000,
561ff1a5-cd14-407f-9693-013c6884e71e.binning_data.json,2024-08-22 03:00:04.462,2024-08-22 03:00:04.462,com.sec.android.app.shealth,0,6945,1.3871826,5357.57,351.79,487mnSNu6t,com.sec.android.app.shealth,561ff1a5-cd14-407f-9693-013c6884e71e,2024-08-21 00:00:00.000,
2c222cf0-8e53-4d7b-ae52-d4dc89b327be.binning_data.json,2024-08-23 03:00:06.997,2024-08-22 03:00:06.684,com.sec.android.app.shealth,102,3249,1.4129592,2489.91,190.62004,hriiVjEkYE,com.sec.android.app.shealth,2c222cf0-8e53-4d7b-ae52-d4dc89b327be,2024-08-21 00:00:00.000,
95da19e6-e3c9-44ec-a4a1-bb342d3b9bee.binning_data.json,2024-08-23 19:39:58.248,2024-08-22 11:46:45.874,com.sec.android.app.shealth,-2,5513,1.5058154,4322.1196,297.99017,VfS0qUERdZ,com.sec.android.app.shealth,95da19e6-e3c9-44ec-a4a1-bb342d3b9bee,2024-08-22 00:00:00.000,
0a5897bb-d905-4c8a-8de0-adaa5e9f3c06.binning_data.json,2024-08-23 03:00:05.287,2024-08-23 03:00:05.287,com.sec.android.app.shealth,0,4375,1.4626008,3416.71,221.24,487mnSNu6t,com.sec.android.app.shealth,0a5897bb-d905-4c8a-8de0-adaa5e9f3c06,2024-08-22 00:00:00.000,
e1c73391-4e85-45b5-bbc2-403a382a89d0.binning_data.json,2024-08-24 03:00:23.670,2024-08-23 03:00:06.990,com.sec.android.app.shealth,102,4926,1.5369132,3850.6697,269.2002,hriiVjEkYE,com.sec.android.app.shealth,e1c73391-4e85-45b5-bbc2-403a382a89d0,2024-08-22 00:00:00.000,
601ebd69-bc0a-40d1-bd8a-70ded9a3f73d.binning_data.json,2024-08-24 11:56:47.675,2024-08-23 10:32:52.761,com.sec.android.app.shealth,-2,5675,1.4838394,4427.3604,304.49002,VfS0qUERdZ,com.sec.android.app.shealth,601ebd69-bc0a-40d1-bd8a-70ded9a3f73d,2024-08-23 00:00:00.000,
700e81cf-fd1f-4077-8bf1-6e16efd219e7.binning_data.json,2024-08-24 03:00:22.132,2024-08-24 03:00:22.132,com.sec.android.app.shealth,0,4712,1.4515115,3667.78,238.23001,487mnSNu6t,com.sec.android.app.shealth,700e81cf-fd1f-4077-8bf1-6e16efd219e7,2024-08-23 00:00:00.000,
dfee7db1-8545-48bd-a3ed-3b4616f57588.binning_data.json,2024-08-25 03:00:16.403,2024-08-24 03:00:23.667,com.sec.android.app.shealth,102,4633,1.5222661,3610.0906,250.71007,hriiVjEkYE,com.sec.android.app.shealth,dfee7db1-8545-48bd-a3ed-3b4616f57588,2024-08-23 00:00:00.000,
12fc0b9a-cab1-4d70-97fd-2baf2e82ab9f.binning_data.json,2024-08-25 16:07:27.782,2024-08-24 11:56:47.362,com.sec.android.app.shealth,-2,3435,1.3028111,2594.8196,182.81009,VfS0qUERdZ,com.sec.android.app.shealth,12fc0b9a-cab1-4d70-97fd-2baf2e82ab9f,2024-08-24 00:00:00.000,
c0a8a66e-8840-4128-95ed-437ad5c9cfed.binning_data.json,2024-08-25 03:00:13.573,2024-08-25 03:00:13.573,com.sec.android.app.shealth,0,1605,1.1680356,1197.9,82.67,487mnSNu6t,com.sec.android.app.shealth,c0a8a66e-8840-4128-95ed-437ad5c9cfed,2024-08-24 00:00:00.000,
e33a8a38-c8ab-4d86-b026-aa0810654f2e.binning_data.json,2024-08-26 03:00:01.613,2024-08-25 03:00:16.546,com.sec.android.app.shealth,102,2906,1.3326205,2195.3293,155.9901,hriiVjEkYE,com.sec.android.app.shealth,e33a8a38-c8ab-4d86-b026-aa0810654f2e,2024-08-24 00:00:00.000,
a214f89b-ef8c-4817-b9e6-33f389498643.binning_data.json,2024-08-26 03:07:34.322,2024-08-25 14:16:58.399,com.sec.android.app.shealth,-2,3325,1.3109376,2522.4502,181.48999,VfS0qUERdZ,com.sec.android.app.shealth,a214f89b-ef8c-4817-b9e6-33f389498643,2024-08-25 00:00:00.000,
e7d265a2-20e2-40bd-9bec-cf3756456fa1.binning_data.json,2024-08-26 03:00:01.124,2024-08-26 03:00:01.124,com.sec.android.app.shealth,0,2344,1.2099853,1772.1,122.44,487mnSNu6t,com.sec.android.app.shealth,e7d265a2-20e2-40bd-9bec-cf3756456fa1,2024-08-25 00:00:00.000,
42389094-02f0-463e-80f4-9ce9ec23b9dc.binning_data.json,2024-08-27 03:00:08.058,2024-08-26 03:00:01.607,com.sec.android.app.shealth,102,2774,1.3434441,2092.7903,154.38998,hriiVjEkYE,com.sec.android.app.shealth,42389094-02f0-463e-80f4-9ce9ec23b9dc,2024-08-25 00:00:00.000,
4907b224-a9fc-42c3-abb4-6f105935d297.binning_data.json,2024-08-27 13:42:08.005,2024-08-26 10:34:08.563,com.sec.android.app.shealth,-2,6243,1.5350369,4911.551,360.5999,VfS0qUERdZ,com.sec.android.app.shealth,4907b224-a9fc-42c3-abb4-6f105935d297,2024-08-26 00:00:00.000,
fe2bde96-959b-4a7d-80e8-77c08f00efc4.binning_data.json,2024-08-27 03:00:05.935,2024-08-27 03:00:05.935,com.sec.android.app.shealth,0,2397,1.310053,1832.2303,123.56001,487mnSNu6t,com.sec.android.app.shealth,fe2bde96-959b-4a7d-80e8-77c08f00efc4,2024-08-26 00:00:00.000,
0cd7b785-fc7f-4035-9cf5-c54b12a0bdab.binning_data.json,2024-08-28 03:00:08.971,2024-08-27 03:00:08.053,com.sec.android.app.shealth,102,5574,1.585609,4399.9097,325.7299,hriiVjEkYE,com.sec.android.app.shealth,0cd7b785-fc7f-4035-9cf5-c54b12a0bdab,2024-08-26 00:00:00.000,
dd35d737-794a-4fff-b57e-c5d622074374.binning_data.json,2024-08-28 10:02:38.793,2024-08-27 10:16:29.471,com.sec.android.app.shealth,-2,7574,1.3900048,5831.7314,408.86978,VfS0qUERdZ,com.sec.android.app.shealth,dd35d737-794a-4fff-b57e-c5d622074374,2024-08-27 00:00:00.000,
b58587da-7fcc-40e3-b827-b51cd4e70ed9.binning_data.json,2024-08-28 03:00:06.391,2024-08-28 03:00:06.391,com.sec.android.app.shealth,0,5231,1.2869102,3985.2903,267.84003,487mnSNu6t,com.sec.android.app.shealth,b58587da-7fcc-40e3-b827-b51cd4e70ed9,2024-08-27 00:00:00.000,
9116a3e0-2da2-4589-a42b-b1d94864a830.binning_data.json,2024-08-29 03:00:15.107,2024-08-28 03:00:08.996,com.sec.android.app.shealth,102,5705,1.4523102,4406.121,312.62976,hriiVjEkYE,com.sec.android.app.shealth,9116a3e0-2da2-4589-a42b-b1d94864a830,2024-08-27 00:00:00.000,
28edbb54-c793-47a9-9510-28cd34149b08.binning_data.json,2024-08-29 15:14:19.050,2024-08-28 10:02:38.359,com.sec.android.app.shealth,-2,4779,1.3869569,3688.13,262.09995,VfS0qUERdZ,com.sec.android.app.shealth,28edbb54-c793-47a9-9510-28cd34149b08,2024-08-28 00:00:00.000,
a8cbe389-196a-4efd-a86f-030d44090121.binning_data.json,2024-08-29 03:00:13.143,2024-08-29 03:00:13.143,com.sec.android.app.shealth,0,3877,1.3187531,2971.56,198.25,487mnSNu6t,com.sec.android.app.shealth,a8cbe389-196a-4efd-a86f-030d44090121,2024-08-28 00:00:00.000,
6f7db62b-6abe-4ed1-b70f-c5a1e339124e.binning_data.json,2024-08-30 03:00:10.587,2024-08-29 03:00:15.089,com.sec.android.app.shealth,102,4335,1.4143492,3328.32,247.51993,hriiVjEkYE,com.sec.android.app.shealth,6f7db62b-6abe-4ed1-b70f-c5a1e339124e,2024-08-28 00:00:00.000,
3fe7758d-5f4b-4a2c-b782-460c6d8bec0d.binning_data.json,2024-08-30 10:11:07.055,2024-08-29 03:53:36.753,com.sec.android.app.shealth,-2,6144,1.4992163,4824.8384,335.70016,VfS0qUERdZ,com.sec.android.app.shealth,3fe7758d-5f4b-4a2c-b782-460c6d8bec0d,2024-08-29 00:00:00.000,
a36f1a66-f018-40f3-ad62-7885c19a01bf.binning_data.json,2024-08-30 03:00:08.897,2024-08-30 03:00:08.897,com.sec.android.app.shealth,0,5160,1.4509279,4026.31,261.4,487mnSNu6t,com.sec.android.app.shealth,a36f1a66-f018-40f3-ad62-7885c19a01bf,2024-08-29 00:00:00.000,
30ea4ab0-ddd8-413e-90fc-b996a805a55a.binning_data.json,2024-08-31 03:12:23.382,2024-08-30 03:00:10.568,com.sec.android.app.shealth,102,4893,1.5537431,3835.9993,274.37027,hriiVjEkYE,com.sec.android.app.shealth,30ea4ab0-ddd8-413e-90fc-b996a805a55a,2024-08-29 00:00:00.000,
6676d726-648f-4e69-8647-2a48b6a0f43f.binning_data.json,2024-08-31 03:32:53.220,2024-08-30 10:11:06.898,com.sec.android.app.shealth,-2,7400,1.3247709,5633.2593,416.7199,VfS0qUERdZ,com.sec.android.app.shealth,6676d726-648f-4e69-8647-2a48b6a0f43f,2024-08-30 00:00:00.000,
a99eb244-233b-4a64-9d78-7b268d977e8c.binning_data.json,2024-08-31 03:12:20.441,2024-08-31 03:12:20.441,com.sec.android.app.shealth,0,5571,1.2295295,4204.92,287.24,487mnSNu6t,com.sec.android.app.shealth,a99eb244-233b-4a64-9d78-7b268d977e8c,2024-08-30 00:00:00.000,
d226cec4-9a37-437f-869d-e2f85bea01e5.binning_data.json,2024-09-01 03:00:05.998,2024-08-31 03:12:23.365,com.sec.android.app.shealth,102,6554,1.3499796,4975.8604,377.91882,hriiVjEkYE,com.sec.android.app.shealth,d226cec4-9a37-437f-869d-e2f85bea01e5,2024-08-30 00:00:00.000,
05b745f8-c2e2-4c24-bdc0-70b1044b815b.binning_data.json,2024-09-01 13:56:31.361,2024-08-31 12:35:07.632,com.sec.android.app.shealth,-2,4544,1.4229311,3525.5496,238.99007,VfS0qUERdZ,com.sec.android.app.shealth,05b745f8-c2e2-4c24-bdc0-70b1044b815b,2024-08-31 00:00:00.000,
6db4a73b-b30f-4f0b-a9df-a62f08bbd191.binning_data.json,2024-09-01 03:00:04.201,2024-09-01 03:00:04.201,com.sec.android.app.shealth,0,2601,1.2552961,1947.65,91.03999,487mnSNu6t,com.sec.android.app.shealth,6db4a73b-b30f-4f0b-a9df-a62f08bbd191,2024-08-31 00:00:00.000,
7bb4529b-e375-4297-ad02-21c0df8237b9.binning_data.json,2024-09-02 03:00:02.048,2024-09-01 03:00:06.022,com.sec.android.app.shealth,102,4169,1.4510499,3253.2195,240.71007,hriiVjEkYE,com.sec.android.app.shealth,7bb4529b-e375-4297-ad02-21c0df8237b9,2024-08-31 00:00:00.000,
3d66ee59-ddfd-4f84-afa6-94d3a218349f.binning_data.json,2024-09-02 01:44:33.418,2024-09-01 13:56:31.173,com.sec.android.app.shealth,-2,3589,1.3931651,2771.2998,177.62003,VfS0qUERdZ,com.sec.android.app.shealth,3d66ee59-ddfd-4f84-afa6-94d3a218349f,2024-09-01 00:00:00.000,
e78ac5c4-3306-4659-b6bd-610d17e4f385.binning_data.json,2024-09-02 03:00:01.412,2024-09-02 03:00:01.412,com.sec.android.app.shealth,0,2072,1.2086657,1535.37,63.75,487mnSNu6t,com.sec.android.app.shealth,e78ac5c4-3306-4659-b6bd-610d17e4f385,2024-09-01 00:00:00.000,
5f0b6586-2616-4838-8931-4e8f0bc7146f.binning_data.json,2024-09-02 03:00:02.033,2024-09-02 03:00:02.033,com.sec.android.app.shealth,102,2326,1.5479105,1845.6598,144.83002,hriiVjEkYE,com.sec.android.app.shealth,5f0b6586-2616-4838-8931-4e8f0bc7146f,2024-09-01 00:00:00.000,
3c271aba-6eb5-412d-adde-2f9141e0c22b.binning_data.json,2024-09-03 10:33:51.585,2024-09-02 10:48:52.264,com.sec.android.app.shealth,-2,6139,1.39119,4686.4995,239.93008,VfS0qUERdZ,com.sec.android.app.shealth,3c271aba-6eb5-412d-adde-2f9141e0c22b,2024-09-02 00:00:00.000,
49f31045-a5dc-4326-aa7b-44f765e838af.binning_data.json,2024-09-03 03:00:06.298,2024-09-03 03:00:06.298,com.sec.android.app.shealth,0,5470,1.3928025,4173.37,178.77,487mnSNu6t,com.sec.android.app.shealth,49f31045-a5dc-4326-aa7b-44f765e838af,2024-09-02 00:00:00.000,
5bfea38d-8f1c-4354-a133-804b2d833021.binning_data.json,2024-09-04 03:00:06.252,2024-09-03 03:00:09.272,com.sec.android.app.shealth,102,4781,1.4468697,3676.9001,250.39012,hriiVjEkYE,com.sec.android.app.shealth,5bfea38d-8f1c-4354-a133-804b2d833021,2024-09-02 00:00:00.000,
24336fdc-90df-49fb-8e09-a648cbd93866.binning_data.json,2024-09-04 09:44:54.959,2024-09-03 10:32:55.574,com.sec.android.app.shealth,-2,9970,1.468237,7689.679,394.30984,VfS0qUERdZ,com.sec.android.app.shealth,24336fdc-90df-49fb-8e09-a648cbd93866,2024-09-03 00:00:00.000,
c715df70-efd6-44a9-96e8-20023608db6f.binning_data.json,2024-09-04 03:00:05.333,2024-09-04 03:00:05.333,com.sec.android.app.shealth,0,8229,1.4183297,6285.25,250.93,487mnSNu6t,com.sec.android.app.shealth,c715df70-efd6-44a9-96e8-20023608db6f,2024-09-03 00:00:00.000,
5a808ab7-7374-4ae4-8e24-cb9bc48b3ad2.binning_data.json,2024-09-05 03:00:03.416,2024-09-04 03:00:06.283,com.sec.android.app.shealth,102,6351,1.4932414,4933.4087,352.7998,hriiVjEkYE,com.sec.android.app.shealth,5a808ab7-7374-4ae4-8e24-cb9bc48b3ad2,2024-09-03 00:00:00.000,
ac4dc0ba-f45e-4814-9b78-ec26a8aae2d2.binning_data.json,2024-09-05 03:42:04.283,2024-09-04 09:44:54.850,com.sec.android.app.shealth,-2,6377,1.3923225,4865.65,207.59,VfS0qUERdZ,com.sec.android.app.shealth,ac4dc0ba-f45e-4814-9b78-ec26a8aae2d2,2024-09-04 00:00:00.000,
da1ff933-463a-449c-b3fc-dcb56ee2a666.binning_data.json,2024-09-05 03:00:02.726,2024-09-05 03:00:02.726,com.sec.android.app.shealth,0,6143,1.3751888,4675.67,186.95999,487mnSNu6t,com.sec.android.app.shealth,da1ff933-463a-449c-b3fc-dcb56ee2a666,2024-09-04 00:00:00.000,
1482b059-56b4-4873-ab1a-7001bb8c1114.binning_data.json,2024-09-06 03:00:07.798,2024-09-05 03:00:03.431,com.sec.android.app.shealth,102,753,1.5247556,584.18,40.610004,hriiVjEkYE,com.sec.android.app.shealth,1482b059-56b4-4873-ab1a-7001bb8c1114,2024-09-04 00:00:00.000,
f5879f49-23e0-40b2-a09a-4c88f2b57d90.binning_data.json,2024-09-06 03:00:05.722,2024-09-05 03:34:27.824,com.sec.android.app.shealth,-2,8069,1.4242182,6200.7715,373.25998,VfS0qUERdZ,com.sec.android.app.shealth,f5879f49-23e0-40b2-a09a-4c88f2b57d90,2024-09-05 00:00:00.000,
126d1b92-9a14-43b8-a202-98943785db92.binning_data.json,2024-09-06 03:00:04.285,2024-09-06 03:00:04.285,com.sec.android.app.shealth,0,5150,1.296667,3871.4897,158.56999,487mnSNu6t,com.sec.android.app.shealth,126d1b92-9a14-43b8-a202-98943785db92,2024-09-05 00:00:00.000,
91432ca0-d6a7-4815-b6d7-73006321a747.binning_data.json,2024-09-06 03:00:07.861,2024-09-06 03:00:07.861,com.sec.android.app.shealth,102,7151,1.4604589,5522.302,397.59998,hriiVjEkYE,com.sec.android.app.shealth,91432ca0-d6a7-4815-b6d7-73006321a747,2024-09-05 00:00:00.000,
0c12351c-e7b3-4cae-bdb3-288653554b1c.binning_data.json,2024-09-07 12:52:29.334,2024-09-06 03:44:19.454,com.sec.android.app.shealth,-2,6179,1.499502,4794.16,243.43,VfS0qUERdZ,com.sec.android.app.shealth,0c12351c-e7b3-4cae-bdb3-288653554b1c,2024-09-06 00:00:00.000,
cba7339f-f668-42b9-867d-8e6ed13a8c09.binning_data.json,2024-09-07 03:00:04.694,2024-09-07 03:00:04.694,com.sec.android.app.shealth,0,5056,1.4526132,3884.19,154.31,487mnSNu6t,com.sec.android.app.shealth,cba7339f-f668-42b9-867d-8e6ed13a8c09,2024-09-06 00:00:00.000,
f80dbb29-e589-4b16-bbf5-e0d0250b943d.binning_data.json,2024-09-08 03:04:37.983,2024-09-07 03:00:06.859,com.sec.android.app.shealth,102,1665,1.5590773,1314.5598,109.99999,hriiVjEkYE,com.sec.android.app.shealth,f80dbb29-e589-4b16-bbf5-e0d0250b943d,2024-09-06 00:00:00.000,
13f7daff-e556-49c5-81e0-e10804561d6f.binning_data.json,2024-09-08 04:18:05.497,2024-09-07 12:52:28.457,com.sec.android.app.shealth,-2,6190,1.3694767,4725.1797,288.49005,VfS0qUERdZ,com.sec.android.app.shealth,13f7daff-e556-49c5-81e0-e10804561d6f,2024-09-07 00:00:00.000,
0246a1b3-d3a1-4a08-ae0c-e23a63aab492.binning_data.json,2024-09-08 03:04:17.936,2024-09-08 03:04:17.936,com.sec.android.app.shealth,0,3934,1.2541311,2939.23,121.869995,487mnSNu6t,com.sec.android.app.shealth,0246a1b3-d3a1-4a08-ae0c-e23a63aab492,2024-09-07 00:00:00.000,
fb19f611-2314-430d-ba8b-732fce59d37d.binning_data.json,2024-09-09 03:00:09.700,2024-09-08 03:04:42.711,com.sec.android.app.shealth,102,5004,1.3968952,3837.7097,275.7001,hriiVjEkYE,com.sec.android.app.shealth,fb19f611-2314-430d-ba8b-732fce59d37d,2024-09-07 00:00:00.000,
45f3678e-c0c9-4b68-bcbc-fca7408f9e31.binning_data.json,2024-09-09 02:20:02.823,2024-09-08 04:14:33.143,com.sec.android.app.shealth,-2,2529,1.2762568,1892.4801,105.439995,VfS0qUERdZ,com.sec.android.app.shealth,45f3678e-c0c9-4b68-bcbc-fca7408f9e31,2024-09-08 00:00:00.000,
ac702e46-2b59-49cd-addf-1dac9d5b1d1d.binning_data.json,2024-09-09 03:00:07.450,2024-09-09 03:00:07.450,com.sec.android.app.shealth,0,1706,1.232312,1267.91,53.6,487mnSNu6t,com.sec.android.app.shealth,ac702e46-2b59-49cd-addf-1dac9d5b1d1d,2024-09-08 00:00:00.000,
13e7e449-1603-4d69-8dd8-87e7218eeaab.binning_data.json,2024-09-09 03:00:09.715,2024-09-09 03:00:09.715,com.sec.android.app.shealth,102,1320,1.3191183,993.8002,73.17999,hriiVjEkYE,com.sec.android.app.shealth,13e7e449-1603-4d69-8dd8-87e7218eeaab,2024-09-08 00:00:00.000,
1ee410ab-1e28-42c4-bcd1-2c62ccab1d1e.binning_data.json,2024-09-10 23:04:47.602,2024-09-09 10:36:45.396,com.sec.android.app.shealth,-2,6591,1.4909903,5125.0796,289.0201,VfS0qUERdZ,com.sec.android.app.shealth,1ee410ab-1e28-42c4-bcd1-2c62ccab1d1e,2024-09-09 00:00:00.000,
c1cbd3f9-1b9d-4078-81a6-ff26972d076f.binning_data.json,2024-09-10 03:00:01.675,2024-09-10 03:00:01.675,com.sec.android.app.shealth,0,4968,1.4177107,3801.2998,151.70999,487mnSNu6t,com.sec.android.app.shealth,c1cbd3f9-1b9d-4078-81a6-ff26972d076f,2024-09-09 00:00:00.000,
2e95da5e-465e-4f16-ae68-e604967cdaba.binning_data.json,2024-09-11 03:00:02.993,2024-09-10 03:00:02.290,com.sec.android.app.shealth,102,5676,1.5360237,4447.0796,325.31006,hriiVjEkYE,com.sec.android.app.shealth,2e95da5e-465e-4f16-ae68-e604967cdaba,2024-09-09 00:00:00.000,
0e40ab35-6eab-481b-a9b1-b790463fbaf8.binning_data.json,2024-09-11 02:34:11.546,2024-09-10 09:55:45.808,com.sec.android.app.shealth,-2,9741,1.4321815,7458.6,298.16,VfS0qUERdZ,com.sec.android.app.shealth,0e40ab35-6eab-481b-a9b1-b790463fbaf8,2024-09-10 00:00:00.000,
832dd0ab-01bf-4c34-9c11-37517d319d94.binning_data.json,2024-09-11 03:00:02.186,2024-09-11 03:00:02.186,com.sec.android.app.shealth,0,9686,1.427167,7408.56,293.44,487mnSNu6t,com.sec.android.app.shealth,832dd0ab-01bf-4c34-9c11-37517d319d94,2024-09-10 00:00:00.000,
e6a03f4b-575b-4be2-9a51-5f0de5806698.binning_data.json,2024-09-11 03:00:02.990,2024-09-11 03:00:02.990,com.sec.android.app.shealth,102,55,2.985088,50.039997,4.72,hriiVjEkYE,com.sec.android.app.shealth,e6a03f4b-575b-4be2-9a51-5f0de5806698,2024-09-10 00:00:00.000,
5db01299-84f5-411e-b079-723faaf5fe8a.binning_data.json,2024-09-12 02:52:47.328,2024-09-11 09:50:03.824,com.sec.android.app.shealth,-2,10217,1.3940347,7823.691,484.00946,VfS0qUERdZ,com.sec.android.app.shealth,5db01299-84f5-411e-b079-723faaf5fe8a,2024-09-11 00:00:00.000,
5a77d6ec-82e0-446a-adc5-1bf1936c11ca.binning_data.json,2024-09-12 03:00:05.661,2024-09-12 03:00:05.661,com.sec.android.app.shealth,0,7594,1.3606625,5811.9897,291.4,487mnSNu6t,com.sec.android.app.shealth,5a77d6ec-82e0-446a-adc5-1bf1936c11ca,2024-09-11 00:00:00.000,
f33a4552-0664-4980-a1ad-332df567616e.binning_data.json,2024-09-12 03:00:07.431,2024-09-12 03:00:07.431,com.sec.android.app.shealth,102,9568,1.406954,7326.4604,518.6595,hriiVjEkYE,com.sec.android.app.shealth,f33a4552-0664-4980-a1ad-332df567616e,2024-09-11 00:00:00.000,
c40e66e6-38dd-4947-a022-bcbb4d4c6e40.binning_data.json,2024-09-13 01:46:44.685,2024-09-12 03:50:26.699,com.sec.android.app.shealth,-2,7512,1.3950539,5790.2686,389.48,VfS0qUERdZ,com.sec.android.app.shealth,c40e66e6-38dd-4947-a022-bcbb4d4c6e40,2024-09-12 00:00:00.000,
931ea543-16c4-4943-ab3f-7f566ab180f3.binning_data.json,2024-09-13 03:00:04.236,2024-09-13 03:00:04.236,com.sec.android.app.shealth,0,6675,1.3827282,5154.71,339.68002,487mnSNu6t,com.sec.android.app.shealth,931ea543-16c4-4943-ab3f-7f566ab180f3,2024-09-12 00:00:00.000,
9aa35aa5-f3da-4ab6-8ad6-b2c8823aca1e.binning_data.json,2024-09-13 03:00:05.856,2024-09-13 03:00:05.856,com.sec.android.app.shealth,102,5771,1.4249072,4419.319,302.96,hriiVjEkYE,com.sec.android.app.shealth,9aa35aa5-f3da-4ab6-8ad6-b2c8823aca1e,2024-09-12 00:00:00.000,
67c9b842-66d9-4055-81d3-6bc0d826b554.binning_data.json,2024-09-14 01:51:59.237,2024-09-13 09:52:34.439,com.sec.android.app.shealth,-2,11462,1.4674999,8925.688,597.68994,VfS0qUERdZ,com.sec.android.app.shealth,67c9b842-66d9-4055-81d3-6bc0d826b554,2024-09-13 00:00:00.000,
3425f930-89e7-48bd-8b77-b2635fa73be9.binning_data.json,2024-09-14 03:00:05.549,2024-09-14 03:00:05.549,com.sec.android.app.shealth,0,10285,1.4453837,8008.49,517.45,487mnSNu6t,com.sec.android.app.shealth,3425f930-89e7-48bd-8b77-b2635fa73be9,2024-09-13 00:00:00.000,
0cf1d1f8-b6f6-44a4-9260-44349a2e58ea.binning_data.json,2024-09-14 03:00:07.138,2024-09-14 03:00:07.138,com.sec.android.app.shealth,102,10681,1.468195,8249.735,568.7999,hriiVjEkYE,com.sec.android.app.shealth,0cf1d1f8-b6f6-44a4-9260-44349a2e58ea,2024-09-13 00:00:00.000,
f4b58cbb-24fe-4491-ac28-c84fcf3c127c.binning_data.json,2024-09-15 10:19:23.013,2024-09-14 04:00:00.900,com.sec.android.app.shealth,-2,4925,1.3732467,3794.82,255.3,VfS0qUERdZ,com.sec.android.app.shealth,f4b58cbb-24fe-4491-ac28-c84fcf3c127c,2024-09-14 00:00:00.000,
b4a89ee4-6407-4390-9f0e-42c7f87b975a.binning_data.json,2024-09-15 03:00:15.293,2024-09-15 03:00:15.293,com.sec.android.app.shealth,0,4269,1.3644824,3287.07,217.73,487mnSNu6t,com.sec.android.app.shealth,b4a89ee4-6407-4390-9f0e-42c7f87b975a,2024-09-14 00:00:00.000,
968e388e-63b2-44ce-ad28-5e98f33b1bc9.binning_data.json,2024-09-16 03:28:46.218,2024-09-15 03:00:17.399,com.sec.android.app.shealth,102,970,1.3214118,740.31024,54.579998,hriiVjEkYE,com.sec.android.app.shealth,968e388e-63b2-44ce-ad28-5e98f33b1bc9,2024-09-14 00:00:00.000,
a8a025c4-688f-4f6b-a3b7-207bdf576786.binning_data.json,2024-09-16 10:37:29.709,2024-09-15 10:19:22.804,com.sec.android.app.shealth,-2,1849,1.712398,1512.9999,132.49,VfS0qUERdZ,com.sec.android.app.shealth,a8a025c4-688f-4f6b-a3b7-207bdf576786,2024-09-15 00:00:00.000,
302105d3-d40a-4cd6-807d-551b7798470e.binning_data.json,2024-09-16 03:28:45.760,2024-09-16 03:28:45.760,com.sec.android.app.shealth,0,398,1.2735018,303.12,20.63,487mnSNu6t,com.sec.android.app.shealth,302105d3-d40a-4cd6-807d-551b7798470e,2024-09-15 00:00:00.000,
0448f0e8-0837-4a84-b060-004233650790.binning_data.json,2024-09-17 03:00:03.795,2024-09-16 03:28:45.763,com.sec.android.app.shealth,0,1336,1.2134904,1005.0,69.659996,487mnSNu6t,com.sec.android.app.shealth,0448f0e8-0837-4a84-b060-004233650790,2024-09-16 00:00:00.000,
ace925de-072d-42eb-aa70-9ab9f95c5ef4.binning_data.json,2024-09-17 02:40:26.601,2024-09-16 03:28:46.074,com.sec.android.app.shealth,-2,1921,1.2934402,1462.36,104.73999,VfS0qUERdZ,com.sec.android.app.shealth,ace925de-072d-42eb-aa70-9ab9f95c5ef4,2024-09-16 00:00:00.000,
77221f65-97c6-4133-9ad4-395a2c3c5a1d.binning_data.json,2024-09-17 03:00:19.675,2024-09-16 03:28:46.215,com.sec.android.app.shealth,102,1509,1.8280604,1252.6599,114.96,hriiVjEkYE,com.sec.android.app.shealth,77221f65-97c6-4133-9ad4-395a2c3c5a1d,2024-09-15 00:00:00.000,
79cff8c0-0aea-4e27-b6e2-7a8cec480ace.binning_data.json,2024-09-17 03:00:19.697,2024-09-17 03:00:19.697,com.sec.android.app.shealth,102,852,1.4013078,657.61993,48.959995,hriiVjEkYE,com.sec.android.app.shealth,79cff8c0-0aea-4e27-b6e2-7a8cec480ace,2024-09-16 00:00:00.000,
94e97d49-d03a-4cf7-bea7-1d777c09efeb.binning_data.json,2024-09-18 01:09:47.962,2024-09-17 03:40:23.911,com.sec.android.app.shealth,-2,7610,1.4550699,5946.879,415.75,VfS0qUERdZ,com.sec.android.app.shealth,94e97d49-d03a-4cf7-bea7-1d777c09efeb,2024-09-17 00:00:00.000,
86cc2ef4-78bb-4b2a-bd11-f3cc9dec9c05.binning_data.json,2024-09-18 03:08:33.878,2024-09-18 03:08:33.878,com.sec.android.app.shealth,0,6588,1.3890163,5095.41,334.04,487mnSNu6t,com.sec.android.app.shealth,86cc2ef4-78bb-4b2a-bd11-f3cc9dec9c05,2024-09-17 00:00:00.000,
0e54a0b2-6333-409a-8e56-530045345c73.binning_data.json,2024-09-18 03:08:41.506,2024-09-18 03:08:41.506,com.sec.android.app.shealth,102,6755,1.519158,5329.7695,376.77997,hriiVjEkYE,com.sec.android.app.shealth,0e54a0b2-6333-409a-8e56-530045345c73,2024-09-17 00:00:00.000,
77400961-6bf3-41e4-a509-f7dc82d8edb9.binning_data.json,2024-09-19 01:33:40.755,2024-09-18 09:58:10.270,com.sec.android.app.shealth,-2,5898,1.3236153,4525.9907,307.95004,VfS0qUERdZ,com.sec.android.app.shealth,77400961-6bf3-41e4-a509-f7dc82d8edb9,2024-09-18 00:00:00.000,
e6e4fb02-c521-4030-8f59-7ab8355ea24e.binning_data.json,2024-09-19 03:00:15.056,2024-09-19 03:00:15.056,com.sec.android.app.shealth,0,5731,1.3111767,4385.98,293.53,487mnSNu6t,com.sec.android.app.shealth,e6e4fb02-c521-4030-8f59-7ab8355ea24e,2024-09-18 00:00:00.000,
4d614662-f1f6-4d02-a2ea-2721393817a4.binning_data.json,2024-09-19 03:00:16.528,2024-09-19 03:00:16.528,com.sec.android.app.shealth,102,1447,1.5785077,1150.0704,91.00003,hriiVjEkYE,com.sec.android.app.shealth,4d614662-f1f6-4d02-a2ea-2721393817a4,2024-09-18 00:00:00.000,
ca31d457-cf98-4d87-ad34-43be5dc41d3e.binning_data.json,2024-09-20 02:51:21.440,2024-09-19 11:30:06.636,com.sec.android.app.shealth,-2,5696,1.3973793,4392.8804,313.69,VfS0qUERdZ,com.sec.android.app.shealth,ca31d457-cf98-4d87-ad34-43be5dc41d3e,2024-09-19 00:00:00.000,
84148743-a2a8-4184-a1a4-28021fd34d19.binning_data.json,2024-09-20 03:00:02.379,2024-09-20 03:00:02.379,com.sec.android.app.shealth,0,3775,1.2879244,2879.37,194.85,487mnSNu6t,com.sec.android.app.shealth,84148743-a2a8-4184-a1a4-28021fd34d19,2024-09-19 00:00:00.000,
ef30c974-b53e-4442-8ed1-ea114c6aa40e.binning_data.json,2024-09-21 03:00:06.831,2024-09-20 03:00:03.936,com.sec.android.app.shealth,102,4419,1.422879,3396.53,259.36008,hriiVjEkYE,com.sec.android.app.shealth,ef30c974-b53e-4442-8ed1-ea114c6aa40e,2024-09-19 00:00:00.000,
588da7dc-d560-4c85-a0e0-bd275867f0b8.binning_data.json,2024-09-21 15:27:29.252,2024-09-20 03:21:07.956,com.sec.android.app.shealth,-2,5711,1.3266544,4380.04,316.51,VfS0qUERdZ,com.sec.android.app.shealth,588da7dc-d560-4c85-a0e0-bd275867f0b8,2024-09-20 00:00:00.000,
42cf970a-cb89-4c01-a186-e08f2f2ff3d6.binning_data.json,2024-09-21 03:00:04.915,2024-09-21 03:00:04.915,com.sec.android.app.shealth,0,4836,1.2502897,3657.2903,247.3,487mnSNu6t,com.sec.android.app.shealth,42cf970a-cb89-4c01-a186-e08f2f2ff3d6,2024-09-20 00:00:00.000,
051a75be-da40-4b3c-a75b-6a8c263b7362.binning_data.json,2024-09-22 03:00:09.245,2024-09-21 03:00:06.848,com.sec.android.app.shealth,102,2115,1.4880402,1654.2701,135.78,hriiVjEkYE,com.sec.android.app.shealth,051a75be-da40-4b3c-a75b-6a8c263b7362,2024-09-20 00:00:00.000,
24858083-5f73-4e29-aa44-334cf7ed4944.binning_data.json,2024-09-22 03:45:26.859,2024-09-21 15:38:35.398,com.sec.android.app.shealth,-2,2628,1.4013536,2022.8303,139.56,VfS0qUERdZ,com.sec.android.app.shealth,24858083-5f73-4e29-aa44-334cf7ed4944,2024-09-21 00:00:00.000,
d7b1b8a5-2f9e-406e-b8dc-b21a3cc4d40d.binning_data.json,2024-09-22 03:00:02.601,2024-09-22 03:00:02.601,com.sec.android.app.shealth,0,1476,1.2324835,1098.63,46.309998,487mnSNu6t,com.sec.android.app.shealth,d7b1b8a5-2f9e-406e-b8dc-b21a3cc4d40d,2024-09-21 00:00:00.000,
ca732c59-60de-4ea5-9461-303e0d2c6eec.binning_data.json,2024-09-23 03:47:51.771,2024-09-22 03:00:09.243,com.sec.android.app.shealth,102,2211,1.4456562,1713.5204,134.65,hriiVjEkYE,com.sec.android.app.shealth,ca732c59-60de-4ea5-9461-303e0d2c6eec,2024-09-21 00:00:00.000,
c4ad3407-8545-467f-b00a-d34cb5790d28.binning_data.json,2024-09-23 08:51:52.134,2024-09-22 03:15:58.655,com.sec.android.app.shealth,-2,2944,1.4108222,2274.3994,160.74998,VfS0qUERdZ,com.sec.android.app.shealth,c4ad3407-8545-467f-b00a-d34cb5790d28,2024-09-22 00:00:00.000,
78c0d017-0888-4e99-8e75-a6137b1e62d2.binning_data.json,2024-09-23 03:47:25.379,2024-09-23 03:47:25.379,com.sec.android.app.shealth,0,1354,1.1780876,1000.12,43.12,487mnSNu6t,com.sec.android.app.shealth,78c0d017-0888-4e99-8e75-a6137b1e62d2,2024-09-22 00:00:00.000,
0d592cae-35c7-475b-85e7-b5455388300d.binning_data.json,2024-09-24 03:00:04.372,2024-09-23 03:47:51.228,com.sec.android.app.shealth,102,2443,1.4611422,1901.6895,150.31998,hriiVjEkYE,com.sec.android.app.shealth,0d592cae-35c7-475b-85e7-b5455388300d,2024-09-22 00:00:00.000,
20ec0e2a-eb08-49ad-aced-f1101def751b.binning_data.json,2024-09-24 11:26:41.384,2024-09-23 03:56:08.470,com.sec.android.app.shealth,-2,6476,1.5026913,5042.031,260.39,VfS0qUERdZ,com.sec.android.app.shealth,20ec0e2a-eb08-49ad-aced-f1101def751b,2024-09-23 00:00:00.000,
fdd131ba-6fa6-4c09-bf48-a532fd52f88d.binning_data.json,2024-09-24 03:00:03.218,2024-09-24 03:00:03.218,com.sec.android.app.shealth,0,5347,1.4389558,4095.49,162.96999,487mnSNu6t,com.sec.android.app.shealth,fdd131ba-6fa6-4c09-bf48-a532fd52f88d,2024-09-23 00:00:00.000,
0b6ebfe9-51d5-47e4-83ef-7a5dab355b35.binning_data.json,2024-09-25 03:00:11.335,2024-09-24 03:00:04.366,com.sec.android.app.shealth,102,5172,1.571425,4113.0312,286.87,hriiVjEkYE,com.sec.android.app.shealth,0b6ebfe9-51d5-47e4-83ef-7a5dab355b35,2024-09-23 00:00:00.000,
b79ea1b1-7248-48a2-8362-3901132b36a0.binning_data.json,2024-09-25 13:32:22.952,2024-09-24 11:26:41.273,com.sec.android.app.shealth,-2,4579,1.4361476,3517.6797,170.06998,VfS0qUERdZ,com.sec.android.app.shealth,b79ea1b1-7248-48a2-8362-3901132b36a0,2024-09-24 00:00:00.000,
47b9a38b-4291-427d-a392-7c80675c7ac5.binning_data.json,2024-09-25 03:00:02.771,2024-09-25 03:00:02.771,com.sec.android.app.shealth,0,4022,1.4677573,3092.26,122.299995,487mnSNu6t,com.sec.android.app.shealth,47b9a38b-4291-427d-a392-7c80675c7ac5,2024-09-24 00:00:00.000,
f9b52396-7f34-44c1-8fd3-313f8491f77e.binning_data.json,2024-09-26 03:00:03.087,2024-09-25 03:00:11.350,com.sec.android.app.shealth,102,4189,1.4650087,3276.18,216.51004,hriiVjEkYE,com.sec.android.app.shealth,f9b52396-7f34-44c1-8fd3-313f8491f77e,2024-09-24 00:00:00.000,
16364375-b36d-4761-ad51-4d4c135e708d.binning_data.json,2024-09-26 00:43:07.906,2024-09-25 10:10:11.125,com.sec.android.app.shealth,-2,3992,1.3929138,3073.81,180.75,VfS0qUERdZ,com.sec.android.app.shealth,16364375-b36d-4761-ad51-4d4c135e708d,2024-09-25 00:00:00.000,
d720b26e-5074-49a2-96b2-318e1357bcd0.binning_data.json,2024-09-26 03:00:01.720,2024-09-26 03:00:01.720,com.sec.android.app.shealth,0,3308,1.243045,2473.0,102.17,487mnSNu6t,com.sec.android.app.shealth,d720b26e-5074-49a2-96b2-318e1357bcd0,2024-09-25 00:00:00.000,
4a0c7604-8632-422c-afea-8d2eea13b5ff.binning_data.json,2024-09-26 03:00:03.079,2024-09-26 03:00:03.079,com.sec.android.app.shealth,102,2444,1.510775,1914.29,148.46002,hriiVjEkYE,com.sec.android.app.shealth,4a0c7604-8632-422c-afea-8d2eea13b5ff,2024-09-25 00:00:00.000,
0f0862bc-056f-4398-92b3-c6630f4928bc.binning_data.json,2024-09-27 02:57:03.584,2024-09-26 10:15:31.605,com.sec.android.app.shealth,-2,7483,1.3916173,5742.0215,367.61996,VfS0qUERdZ,com.sec.android.app.shealth,0f0862bc-056f-4398-92b3-c6630f4928bc,2024-09-26 00:00:00.000,
10dd1bc0-2c33-4efa-8452-e5f00afe9dfc.binning_data.json,2024-09-27 03:01:29.177,2024-09-27 03:01:29.177,com.sec.android.app.shealth,0,5114,1.2765192,3860.2903,207.33,487mnSNu6t,com.sec.android.app.shealth,10dd1bc0-2c33-4efa-8452-e5f00afe9dfc,2024-09-26 00:00:00.000,
84c55a85-b466-4dad-9426-99c4e6ae0726.binning_data.json,2024-09-27 03:02:39.851,2024-09-27 03:02:39.851,com.sec.android.app.shealth,102,6464,1.4227585,4963.3823,355.48993,hriiVjEkYE,com.sec.android.app.shealth,84c55a85-b466-4dad-9426-99c4e6ae0726,2024-09-26 00:00:00.000,
b47671f0-2a10-448b-a29d-869a3b9e53f0.binning_data.json,2024-09-28 03:00:06.017,2024-09-27 10:15:25.526,com.sec.android.app.shealth,-2,6124,1.4732006,4785.041,304.12003,VfS0qUERdZ,com.sec.android.app.shealth,b47671f0-2a10-448b-a29d-869a3b9e53f0,2024-09-27 00:00:00.000,
c19dc070-14d2-4f1f-b1ed-f971047720e6.binning_data.json,2024-09-28 03:00:06.430,2024-09-28 03:00:06.430,com.sec.android.app.shealth,0,3761,1.3215215,2865.8801,141.31,487mnSNu6t,com.sec.android.app.shealth,c19dc070-14d2-4f1f-b1ed-f971047720e6,2024-09-27 00:00:00.000,
1d7652e5-251b-498e-b8de-2b500a1338f9.binning_data.json,2024-09-28 03:00:10.331,2024-09-28 03:00:10.331,com.sec.android.app.shealth,102,4280,1.5462441,3360.6118,247.84004,hriiVjEkYE,com.sec.android.app.shealth,1d7652e5-251b-498e-b8de-2b500a1338f9,2024-09-27 00:00:00.000,
6c8a5814-9458-4538-9f7b-b0cad0654364.binning_data.json,2024-09-29 05:11:01.814,2024-09-28 11:15:00.945,com.sec.android.app.shealth,-2,2729,1.2594132,2043.9801,122.8,VfS0qUERdZ,com.sec.android.app.shealth,6c8a5814-9458-4538-9f7b-b0cad0654364,2024-09-28 00:00:00.000,
c7db216b-0a0f-425d-ae7f-e38425afbf7e.binning_data.json,2024-09-29 03:00:20.984,2024-09-29 03:00:20.984,com.sec.android.app.shealth,0,2055,1.1867899,1520.45,64.29,487mnSNu6t,com.sec.android.app.shealth,c7db216b-0a0f-425d-ae7f-e38425afbf7e,2024-09-28 00:00:00.000,
c55c5fe9-fbef-4798-afa5-d2d696297042.binning_data.json,2024-09-30 03:15:38.285,2024-09-29 03:00:22.848,com.sec.android.app.shealth,102,2090,1.3315555,1579.9398,115.84001,hriiVjEkYE,com.sec.android.app.shealth,c55c5fe9-fbef-4798-afa5-d2d696297042,2024-09-28 00:00:00.000,
9f1ef755-194c-4eba-b9fd-9179d399a24d.binning_data.json,2024-09-30 09:56:11.619,2024-09-29 03:05:04.823,com.sec.android.app.shealth,-2,1510,1.4801904,1187.5103,92.06999,VfS0qUERdZ,com.sec.android.app.shealth,9f1ef755-194c-4eba-b9fd-9179d399a24d,2024-09-29 00:00:00.000,
667050a2-419e-461c-93db-c7227e30692f.binning_data.json,2024-09-30 03:15:35.866,2024-09-30 03:15:35.866,com.sec.android.app.shealth,0,535,1.1651922,395.13998,16.88,487mnSNu6t,com.sec.android.app.shealth,667050a2-419e-461c-93db-c7227e30692f,2024-09-29 00:00:00.000,
04b2a0da-be6f-4c71-a53b-ab914fe7217d.binning_data.json,2024-10-01 03:00:11.594,2024-09-30 03:15:38.300,com.sec.android.app.shealth,102,1237,1.5542984,983.9702,84.439995,hriiVjEkYE,com.sec.android.app.shealth,04b2a0da-be6f-4c71-a53b-ab914fe7217d,2024-09-29 00:00:00.000,
a40449ff-9d2a-4d3b-8dde-52624631dbfa.binning_data.json,2024-10-01 05:15:53.351,2024-09-30 04:47:46.118,com.sec.android.app.shealth,-2,8125,1.3953481,6208.75,344.02005,VfS0qUERdZ,com.sec.android.app.shealth,a40449ff-9d2a-4d3b-8dde-52624631dbfa,2024-09-30 00:00:00.000,
cf2faa40-c0d0-4560-9074-db0185a17a36.binning_data.json,2024-10-01 03:00:09.864,2024-10-01 03:00:09.864,com.sec.android.app.shealth,0,7161,1.3478444,5424.72,217.65,487mnSNu6t,com.sec.android.app.shealth,cf2faa40-c0d0-4560-9074-db0185a17a36,2024-09-30 00:00:00.000,
f8b93f44-de37-4ed4-8f31-e0d8589f4ee9.binning_data.json,2024-10-02 03:00:02.461,2024-10-01 03:00:11.610,com.sec.android.app.shealth,102,7589,1.4185958,5815.67,413.02,hriiVjEkYE,com.sec.android.app.shealth,f8b93f44-de37-4ed4-8f31-e0d8589f4ee9,2024-09-30 00:00:00.000,
4c277e43-e2bb-4207-8227-1753ffecaeff.binning_data.json,2024-10-02 01:13:41.066,2024-10-01 10:26:33.241,com.sec.android.app.shealth,-2,3484,1.2990488,2624.02,114.21,VfS0qUERdZ,com.sec.android.app.shealth,4c277e43-e2bb-4207-8227-1753ffecaeff,2024-10-01 00:00:00.000,
4bc521b6-17b9-434a-8ccc-eab6255c4ac0.binning_data.json,2024-10-02 03:00:02.007,2024-10-02 03:00:02.007,com.sec.android.app.shealth,0,3291,1.2966985,2475.46,100.659996,487mnSNu6t,com.sec.android.app.shealth,4bc521b6-17b9-434a-8ccc-eab6255c4ac0,2024-10-01 00:00:00.000,
b269ae16-1c4b-4dad-b63d-c478d816e618.binning_data.json,2024-10-02 03:00:02.474,2024-10-02 03:00:02.474,com.sec.android.app.shealth,102,308,1.3049254,233.76,18.409998,hriiVjEkYE,com.sec.android.app.shealth,b269ae16-1c4b-4dad-b63d-c478d816e618,2024-10-01 00:00:00.000,
895a3a70-5e79-41ca-856b-520dc02e4640.binning_data.json,2024-10-03 11:14:21.374,2024-10-02 03:27:20.912,com.sec.android.app.shealth,-2,7373,1.4129649,5657.8306,335.84995,VfS0qUERdZ,com.sec.android.app.shealth,895a3a70-5e79-41ca-856b-520dc02e4640,2024-10-02 00:00:00.000,
a429efe3-be91-490b-afb0-16706f21ac63.binning_data.json,2024-10-03 03:00:01.232,2024-10-03 03:00:01.232,com.sec.android.app.shealth,0,4687,1.2820431,3514.54,143.51999,487mnSNu6t,com.sec.android.app.shealth,a429efe3-be91-490b-afb0-16706f21ac63,2024-10-02 00:00:00.000,
255b9f71-4b7c-4005-b5ab-f9d92172918d.binning_data.json,2024-10-04 03:00:11.581,2024-10-03 03:00:01.919,com.sec.android.app.shealth,102,6738,1.4382492,5183.3203,368.76993,hriiVjEkYE,com.sec.android.app.shealth,255b9f71-4b7c-4005-b5ab-f9d92172918d,2024-10-02 00:00:00.000,
e5a3618f-474c-464a-ae21-6024de5f233d.binning_data.json,2024-10-04 14:27:46.023,2024-10-03 11:14:23.772,com.sec.android.app.shealth,-2,2541,1.3837836,1947.5999,123.46007,VfS0qUERdZ,com.sec.android.app.shealth,e5a3618f-474c-464a-ae21-6024de5f233d,2024-10-03 00:00:00.000,
c1c568d8-27ea-4f2f-bd44-b07019704f29.binning_data.json,2024-10-04 03:00:04.475,2024-10-04 03:00:04.475,com.sec.android.app.shealth,0,1776,1.3214341,1341.29,54.91,487mnSNu6t,com.sec.android.app.shealth,c1c568d8-27ea-4f2f-bd44-b07019704f29,2024-10-03 00:00:00.000,
d42543e8-5c6f-4322-89e9-d9e6057fcec7.binning_data.json,2024-10-05 03:00:01.695,2024-10-04 03:00:11.575,com.sec.android.app.shealth,102,2148,1.4305186,1663.4899,120.630066,hriiVjEkYE,com.sec.android.app.shealth,d42543e8-5c6f-4322-89e9-d9e6057fcec7,2024-10-03 00:00:00.000,
57aefba3-f0e7-40af-8545-f3f3374cc726.binning_data.json,2024-10-05 03:01:13.961,2024-10-04 11:33:01.875,com.sec.android.app.shealth,-2,3267,1.4303095,2535.4597,152.48991,VfS0qUERdZ,com.sec.android.app.shealth,57aefba3-f0e7-40af-8545-f3f3374cc726,2024-10-04 00:00:00.000,
f1d99f59-b8f8-4763-966c-00045b859476.binning_data.json,2024-10-05 03:00:01.080,2024-10-05 03:00:01.080,com.sec.android.app.shealth,0,2069,1.2838866,1550.57,63.979996,487mnSNu6t,com.sec.android.app.shealth,f1d99f59-b8f8-4763-966c-00045b859476,2024-10-04 00:00:00.000,
8b37983a-1f4b-4402-ab59-807c8ed2ff81.binning_data.json,2024-10-06 03:30:29.271,2024-10-05 03:00:01.712,com.sec.android.app.shealth,102,2056,1.5278208,1631.7097,127.939926,hriiVjEkYE,com.sec.android.app.shealth,8b37983a-1f4b-4402-ab59-807c8ed2ff81,2024-10-04 00:00:00.000,
6fa17acd-0a20-474c-9198-528320600c1e.binning_data.json,2024-10-06 01:16:33.926,2024-10-05 12:32:44.273,com.sec.android.app.shealth,-2,7965,1.4201876,6145.709,342.49997,VfS0qUERdZ,com.sec.android.app.shealth,6fa17acd-0a20-474c-9198-528320600c1e,2024-10-05 00:00:00.000,
3a1adb35-18a1-46cd-a1f2-d6cb43d38d79.binning_data.json,2024-10-07 11:10:44.453,2024-10-06 03:27:50.654,com.sec.android.app.shealth,-2,4034,1.3841777,3085.9897,225.1601,VfS0qUERdZ,com.sec.android.app.shealth,3a1adb35-18a1-46cd-a1f2-d6cb43d38d79,2024-10-06 00:00:00.000,
f9c7a22c-2b5a-459b-aa90-ab766a583e39.binning_data.json,2024-10-06 03:30:24.329,2024-10-06 03:30:24.329,com.sec.android.app.shealth,0,6174,1.3077552,4657.9497,189.9,487mnSNu6t,com.sec.android.app.shealth,f9c7a22c-2b5a-459b-aa90-ab766a583e39,2024-10-05 00:00:00.000,
c7f9cdd1-9065-4f57-9395-a437e0bcfdd0.binning_data.json,2024-10-07 03:11:39.973,2024-10-06 03:30:24.336,com.sec.android.app.shealth,0,1134,1.1774004,842.5,45.11,487mnSNu6t,com.sec.android.app.shealth,c7f9cdd1-9065-4f57-9395-a437e0bcfdd0,2024-10-06 00:00:00.000,
5f65e5ee-0b2a-4b87-99af-27f7bc191200.binning_data.json,2024-10-08 03:00:03.082,2024-10-06 03:30:29.266,com.sec.android.app.shealth,102,3835,1.4085723,2939.5498,216.47011,hriiVjEkYE,com.sec.android.app.shealth,5f65e5ee-0b2a-4b87-99af-27f7bc191200,2024-10-06 00:00:00.000,
87e6543f-ee8f-439f-bdee-3b34fcf2dc7b.binning_data.json,2024-10-06 03:30:29.390,2024-10-06 03:30:29.390,com.sec.android.app.shealth,102,4593,1.4706123,3579.6997,269.44,hriiVjEkYE,com.sec.android.app.shealth,87e6543f-ee8f-439f-bdee-3b34fcf2dc7b,2024-10-05 00:00:00.000,
65e0e0c9-0c40-4148-b0ea-33678e405e99.binning_data.json,2024-10-08 03:47:02.842,2024-10-07 04:08:00.843,com.sec.android.app.shealth,-2,1450,1.4687861,1149.84,92.50001,VfS0qUERdZ,com.sec.android.app.shealth,65e0e0c9-0c40-4148-b0ea-33678e405e99,2024-10-07 00:00:00.000,
5f13d168-5ecb-44ed-b860-93a32706004e.binning_data.json,2024-10-08 03:00:02.402,2024-10-08 03:00:02.402,com.sec.android.app.shealth,0,902,1.2117586,679.42,47.22,487mnSNu6t,com.sec.android.app.shealth,5f13d168-5ecb-44ed-b860-93a32706004e,2024-10-07 00:00:00.000,
748870d1-556b-48d8-a12d-4d0cd7eff549.binning_data.json,2024-10-09 03:00:08.103,2024-10-08 03:00:03.078,com.sec.android.app.shealth,102,708,1.8236563,587.73,54.210007,hriiVjEkYE,com.sec.android.app.shealth,748870d1-556b-48d8-a12d-4d0cd7eff549,2024-10-07 00:00:00.000,
99d093eb-3a57-41e9-ab15-e28b84a39846.binning_data.json,2024-10-09 03:17:31.149,2024-10-08 03:21:13.084,com.sec.android.app.shealth,-2,5576,1.3699864,4280.7314,314.97998,VfS0qUERdZ,com.sec.android.app.shealth,99d093eb-3a57-41e9-ab15-e28b84a39846,2024-10-08 00:00:00.000,
2041f944-b271-43ad-8f9a-f36fe57bae26.binning_data.json,2024-10-09 03:00:47.459,2024-10-09 03:00:06.861,com.sec.android.app.shealth,0,4330,1.2450856,3273.96,219.49,487mnSNu6t,com.sec.android.app.shealth,2041f944-b271-43ad-8f9a-f36fe57bae26,2024-10-08 00:00:00.000,
81254fa2-507b-468f-82ea-c24e464ca949.binning_data.json,2024-10-10 03:00:05.210,2024-10-09 03:00:08.118,com.sec.android.app.shealth,102,5119,1.3833774,3908.5913,297.07004,hriiVjEkYE,com.sec.android.app.shealth,81254fa2-507b-468f-82ea-c24e464ca949,2024-10-08 00:00:00.000,
f616f7c0-eec9-4f99-87d3-da3eaa3f348a.binning_data.json,2024-10-10 02:30:23.294,2024-10-09 03:15:01.834,com.sec.android.app.shealth,-2,580,1.2112408,434.84,30.119999,VfS0qUERdZ,com.sec.android.app.shealth,f616f7c0-eec9-4f99-87d3-da3eaa3f348a,2024-10-09 00:00:00.000,
6a99e484-92e9-4bf4-afae-56b0287e6d5e.binning_data.json,2024-10-10 03:00:03.481,2024-10-10 03:00:03.481,com.sec.android.app.shealth,0,580,1.2112408,434.84,30.119999,487mnSNu6t,com.sec.android.app.shealth,6a99e484-92e9-4bf4-afae-56b0287e6d5e,2024-10-09 00:00:00.000,
3f154a85-5f3a-458c-8ad7-3d50b1ee6779.binning_data.json,2024-10-11 11:27:57.858,2024-10-10 10:44:32.828,com.sec.android.app.shealth,-2,2863,1.3132533,2178.6401,145.64,VfS0qUERdZ,com.sec.android.app.shealth,3f154a85-5f3a-458c-8ad7-3d50b1ee6779,2024-10-10 00:00:00.000,
fafe516f-4cbd-422c-9a39-9b5dbebd0882.binning_data.json,2024-10-11 03:00:14.579,2024-10-11 03:00:14.579,com.sec.android.app.shealth,0,2694,1.3049432,2055.44,136.84,487mnSNu6t,com.sec.android.app.shealth,fafe516f-4cbd-422c-9a39-9b5dbebd0882,2024-10-10 00:00:00.000,
97370e0d-4496-4e4a-8b91-294bc845969c.binning_data.json,2024-10-12 03:00:07.775,2024-10-11 03:00:16.487,com.sec.android.app.shealth,102,1053,1.3728094,797.56006,53.469994,hriiVjEkYE,com.sec.android.app.shealth,97370e0d-4496-4e4a-8b91-294bc845969c,2024-10-10 00:00:00.000,
e6dd3177-ac8e-4738-9049-d4ed5cd306a1.binning_data.json,2024-10-12 02:32:17.115,2024-10-11 10:35:37.698,com.sec.android.app.shealth,-2,4763,1.378825,3654.159,269.01,VfS0qUERdZ,com.sec.android.app.shealth,e6dd3177-ac8e-4738-9049-d4ed5cd306a1,2024-10-11 00:00:00.000,
175ba85f-f8cc-46e2-afc3-b4f1b5452550.binning_data.json,2024-10-12 03:00:05.535,2024-10-12 03:00:05.535,com.sec.android.app.shealth,0,3715,1.2899867,2829.7,188.47,487mnSNu6t,com.sec.android.app.shealth,175ba85f-f8cc-46e2-afc3-b4f1b5452550,2024-10-11 00:00:00.000,
8013ea0a-6a64-4fd1-a514-741ffad73a51.binning_data.json,2024-10-12 03:00:07.794,2024-10-12 03:00:07.794,com.sec.android.app.shealth,102,4340,1.4172819,3324.8794,253.68,hriiVjEkYE,com.sec.android.app.shealth,8013ea0a-6a64-4fd1-a514-741ffad73a51,2024-10-11 00:00:00.000,
7df47e03-5d69-49f2-b4de-3c9334265d37.binning_data.json,2024-10-13 00:12:16.327,2024-10-12 04:07:10.531,com.sec.android.app.shealth,-2,4093,1.3915645,3146.98,212.65001,VfS0qUERdZ,com.sec.android.app.shealth,7df47e03-5d69-49f2-b4de-3c9334265d37,2024-10-12 00:00:00.000,
2b0c4b62-9e17-4e9d-95d5-44841758a1d6.binning_data.json,2024-10-13 03:59:36.913,2024-10-13 03:59:36.913,com.sec.android.app.shealth,0,2257,1.2919072,1722.3301,115.84,487mnSNu6t,com.sec.android.app.shealth,2b0c4b62-9e17-4e9d-95d5-44841758a1d6,2024-10-12 00:00:00.000,
9de604a9-634a-4f7d-8ae3-86079bcc88e1.binning_data.json,2024-10-13 03:59:37.464,2024-10-13 03:59:37.464,com.sec.android.app.shealth,102,2757,1.4545048,2123.25,142.79002,hriiVjEkYE,com.sec.android.app.shealth,9de604a9-634a-4f7d-8ae3-86079bcc88e1,2024-10-12 00:00:00.000,
24a82c56-ab23-4011-8426-18c325040839.binning_data.json,2024-10-14 11:15:05.134,2024-10-13 04:01:15.232,com.sec.android.app.shealth,-2,1337,1.2716833,1006.51984,74.08999,VfS0qUERdZ,com.sec.android.app.shealth,24a82c56-ab23-4011-8426-18c325040839,2024-10-13 00:00:00.000,
8cf4e664-016f-4895-9151-30c25efe3101.binning_data.json,2024-10-14 03:00:03.890,2024-10-14 03:00:03.890,com.sec.android.app.shealth,0,527,1.1562644,393.44,27.56,487mnSNu6t,com.sec.android.app.shealth,8cf4e664-016f-4895-9151-30c25efe3101,2024-10-13 00:00:00.000,
3487d6d4-bf96-41b5-a135-e1d2f2ff2d66.binning_data.json,2024-10-15 03:02:18.358,2024-10-14 03:00:19.703,com.sec.android.app.shealth,102,1105,1.3085961,832.81976,62.509983,hriiVjEkYE,com.sec.android.app.shealth,3487d6d4-bf96-41b5-a135-e1d2f2ff2d66,2024-10-13 00:00:00.000,
3c177089-8c4a-45a6-92e8-8500986c883c.binning_data.json,2024-10-15 00:48:42.103,2024-10-14 03:47:09.812,com.sec.android.app.shealth,-2,3699,1.5573446,2940.7998,215.84001,VfS0qUERdZ,com.sec.android.app.shealth,3c177089-8c4a-45a6-92e8-8500986c883c,2024-10-14 00:00:00.000,
491f2386-9505-48a6-b0f9-dd4ea36fa191.binning_data.json,2024-10-15 03:02:16.480,2024-10-15 03:02:16.480,com.sec.android.app.shealth,0,2651,1.4121493,2062.95,135.11,487mnSNu6t,com.sec.android.app.shealth,491f2386-9505-48a6-b0f9-dd4ea36fa191,2024-10-14 00:00:00.000,
66812fcc-725a-48c1-8e45-60b67ceb6247.binning_data.json,2024-10-15 03:02:18.353,2024-10-15 03:02:18.353,com.sec.android.app.shealth,102,1277,1.8477703,1051.0299,92.66,hriiVjEkYE,com.sec.android.app.shealth,66812fcc-725a-48c1-8e45-60b67ceb6247,2024-10-14 00:00:00.000,
9ed4ff29-deeb-477a-a99f-e576ddbbb698.binning_data.json,2024-10-16 00:22:17.213,2024-10-15 09:49:56.016,com.sec.android.app.shealth,-2,4892,1.3703337,3775.9902,276.52994,VfS0qUERdZ,com.sec.android.app.shealth,9ed4ff29-deeb-477a-a99f-e576ddbbb698,2024-10-15 00:00:00.000,
d36b5fb7-cd8e-44d9-8923-14da1c0d5193.binning_data.json,2024-10-16 03:00:24.648,2024-10-16 03:00:24.648,com.sec.android.app.shealth,0,3771,1.2360187,2846.39,192.2,487mnSNu6t,com.sec.android.app.shealth,d36b5fb7-cd8e-44d9-8923-14da1c0d5193,2024-10-15 00:00:00.000,
8a8886c4-b070-4f06-97dd-a50536a40b04.binning_data.json,2024-10-16 03:00:30.876,2024-10-16 03:00:30.876,com.sec.android.app.shealth,102,4365,1.3999844,3376.4097,257.88992,hriiVjEkYE,com.sec.android.app.shealth,8a8886c4-b070-4f06-97dd-a50536a40b04,2024-10-15 00:00:00.000,
22eae474-99bd-4ddd-a56e-7f4fc9a53c24.binning_data.json,2024-10-17 11:36:54.046,2024-10-16 10:35:01.935,com.sec.android.app.shealth,-2,3554,1.3456056,2722.1501,191.87007,VfS0qUERdZ,com.sec.android.app.shealth,22eae474-99bd-4ddd-a56e-7f4fc9a53c24,2024-10-16 00:00:00.000,
3260b8af-0e21-40e0-9f37-5438c9f4335e.binning_data.json,2024-10-17 03:00:02.410,2024-10-17 03:00:02.410,com.sec.android.app.shealth,0,2870,1.3207473,2194.26,145.47,487mnSNu6t,com.sec.android.app.shealth,3260b8af-0e21-40e0-9f37-5438c9f4335e,2024-10-16 00:00:00.000,
878bff58-50fa-4b54-a946-b15b27a7cba6.binning_data.json,2024-10-18 03:00:19.194,2024-10-17 03:00:03.410,com.sec.android.app.shealth,102,3106,1.3801537,2387.5403,175.20009,hriiVjEkYE,com.sec.android.app.shealth,878bff58-50fa-4b54-a946-b15b27a7cba6,2024-10-16 00:00:00.000,
34c758de-f34f-44c4-80b9-3c11dc4ba865.binning_data.json,2024-10-18 02:35:46.540,2024-10-17 11:33:29.077,com.sec.android.app.shealth,-2,5346,1.4443263,4157.0996,274.15002,VfS0qUERdZ,com.sec.android.app.shealth,34c758de-f34f-44c4-80b9-3c11dc4ba865,2024-10-17 00:00:00.000,
20fab32b-576e-4ce4-a549-cad4f31d8d27.binning_data.json,2024-10-18 03:00:15.906,2024-10-18 03:00:15.906,com.sec.android.app.shealth,0,4974,1.4264708,3856.4,251.58002,487mnSNu6t,com.sec.android.app.shealth,20fab32b-576e-4ce4-a549-cad4f31d8d27,2024-10-17 00:00:00.000,
bc800bf4-9797-48e6-9875-88d31913f28f.binning_data.json,2024-10-18 03:00:19.477,2024-10-18 03:00:19.477,com.sec.android.app.shealth,102,4237,1.5055844,3329.3403,218.76003,hriiVjEkYE,com.sec.android.app.shealth,bc800bf4-9797-48e6-9875-88d31913f28f,2024-10-17 00:00:00.000,
5e371610-17ce-4805-85c3-4cd542505eb0.binning_data.json,2024-10-19 17:56:48.038,2024-10-18 09:56:24.859,com.sec.android.app.shealth,-2,4201,1.4032207,3263.51,228.13997,VfS0qUERdZ,com.sec.android.app.shealth,5e371610-17ce-4805-85c3-4cd542505eb0,2024-10-18 00:00:00.000,
6ff05cc5-d567-4eb0-a351-221d6d342c4a.binning_data.json,2024-10-19 03:00:05.227,2024-10-19 03:00:05.227,com.sec.android.app.shealth,0,3774,1.3152314,2888.76,191.81999,487mnSNu6t,com.sec.android.app.shealth,6ff05cc5-d567-4eb0-a351-221d6d342c4a,2024-10-18 00:00:00.000,
3552d602-ce92-4a0d-bb1a-c37610604954.binning_data.json,2024-10-20 03:00:03.330,2024-10-19 03:00:07.981,com.sec.android.app.shealth,102,2819,1.4865037,2209.1506,163.29,hriiVjEkYE,com.sec.android.app.shealth,3552d602-ce92-4a0d-bb1a-c37610604954,2024-10-18 00:00:00.000,
f8d71587-44e7-43b7-8ba9-90b9c2deb084.binning_data.json,2024-10-20 10:59:37.779,2024-10-19 03:47:52.200,com.sec.android.app.shealth,-2,3486,1.4015946,2704.2803,192.12994,VfS0qUERdZ,com.sec.android.app.shealth,f8d71587-44e7-43b7-8ba9-90b9c2deb084,2024-10-19 00:00:00.000,
13afdb5e-1e58-4a7f-93f9-9496cec31226.binning_data.json,2024-10-20 03:00:02.827,2024-10-20 03:00:02.827,com.sec.android.app.shealth,0,2559,1.3667527,1977.0101,131.94,487mnSNu6t,com.sec.android.app.shealth,13afdb5e-1e58-4a7f-93f9-9496cec31226,2024-10-19 00:00:00.000,
8da55a3c-945f-41e0-bd73-4c4c24a57fe1.binning_data.json,2024-10-21 03:30:03.885,2024-10-20 03:00:03.328,com.sec.android.app.shealth,102,1375,1.4332513,1069.6101,83.889946,hriiVjEkYE,com.sec.android.app.shealth,8da55a3c-945f-41e0-bd73-4c4c24a57fe1,2024-10-19 00:00:00.000,
f1e0f1e1-0999-43f4-b4d4-dca03aef8f54.binning_data.json,2024-10-21 10:09:24.746,2024-10-20 10:59:37.576,com.sec.android.app.shealth,-2,3719,1.4755597,2921.0386,229.98007,VfS0qUERdZ,com.sec.android.app.shealth,f1e0f1e1-0999-43f4-b4d4-dca03aef8f54,2024-10-20 00:00:00.000,
1cc453d5-c3e6-4e2b-83a6-1b2e1618fa25.binning_data.json,2024-10-21 03:29:45.644,2024-10-21 03:29:45.644,com.sec.android.app.shealth,0,1230,1.2080072,924.63,63.25,487mnSNu6t,com.sec.android.app.shealth,1cc453d5-c3e6-4e2b-83a6-1b2e1618fa25,2024-10-20 00:00:00.000,
e39a97d5-ea0a-4d0c-a809-4b3844e08b3e.binning_data.json,2024-10-22 03:00:06.105,2024-10-21 03:30:03.879,com.sec.android.app.shealth,102,3527,1.5004392,2777.6084,220.70007,hriiVjEkYE,com.sec.android.app.shealth,e39a97d5-ea0a-4d0c-a809-4b3844e08b3e,2024-10-20 00:00:00.000,
8520b2fe-33f5-47bb-b034-a8dcc145fedc.binning_data.json,2024-10-22 01:16:34.031,2024-10-21 10:09:24.514,com.sec.android.app.shealth,-2,4071,1.4838865,3197.5305,239.67003,VfS0qUERdZ,com.sec.android.app.shealth,8520b2fe-33f5-47bb-b034-a8dcc145fedc,2024-10-21 00:00:00.000,
9799e6ac-748d-49d5-b00b-f8e90ef3c64c.binning_data.json,2024-10-22 03:00:04.072,2024-10-22 03:00:04.072,com.sec.android.app.shealth,0,3115,1.2830849,2369.67,157.89,487mnSNu6t,com.sec.android.app.shealth,9799e6ac-748d-49d5-b00b-f8e90ef3c64c,2024-10-21 00:00:00.000,
1e072919-63a0-4cf4-80d0-5e1009e83501.binning_data.json,2024-10-22 03:00:06.099,2024-10-22 03:00:06.099,com.sec.android.app.shealth,102,3486,1.5392611,2749.19,214.77002,hriiVjEkYE,com.sec.android.app.shealth,1e072919-63a0-4cf4-80d0-5e1009e83501,2024-10-21 00:00:00.000,
3791e49d-0227-4f90-ab92-0de5728531de.binning_data.json,2024-10-23 10:12:06.772,2024-10-22 12:08:33.688,com.sec.android.app.shealth,-2,5275,1.4630938,4095.8198,274.15997,VfS0qUERdZ,com.sec.android.app.shealth,3791e49d-0227-4f90-ab92-0de5728531de,2024-10-22 00:00:00.000,
db8a93fe-1ced-455b-a96c-34c2da604e5c.binning_data.json,2024-10-23 03:00:03.648,2024-10-23 03:00:03.648,com.sec.android.app.shealth,0,4385,1.4938104,3435.83,221.26,487mnSNu6t,com.sec.android.app.shealth,db8a93fe-1ced-455b-a96c-34c2da604e5c,2024-10-22 00:00:00.000,
54766633-8540-4151-9565-11ec6491d292.binning_data.json,2024-10-24 03:05:14.469,2024-10-23 03:00:05.278,com.sec.android.app.shealth,102,4778,1.4664515,3684.71,248.34003,hriiVjEkYE,com.sec.android.app.shealth,54766633-8540-4151-9565-11ec6491d292,2024-10-22 00:00:00.000,
81c47e31-c159-450a-bee9-ef8d76384ff7.binning_data.json,2024-10-24 11:05:24.659,2024-10-23 03:11:23.557,com.sec.android.app.shealth,-2,5739,1.3534117,4386.22,298.7,VfS0qUERdZ,com.sec.android.app.shealth,81c47e31-c159-450a-bee9-ef8d76384ff7,2024-10-23 00:00:00.000,
0c6ec208-2149-4417-b258-304789995ff5.binning_data.json,2024-10-24 03:03:55.262,2024-10-24 03:03:55.262,com.sec.android.app.shealth,0,3866,1.2792281,2940.49,197.09,487mnSNu6t,com.sec.android.app.shealth,0c6ec208-2149-4417-b258-304789995ff5,2024-10-23 00:00:00.000,
6d1ebe7a-c4af-4307-93a0-00b79366ef7b.binning_data.json,2024-10-25 03:00:04.907,2024-10-24 03:05:14.725,com.sec.android.app.shealth,102,3580,1.4254625,2743.7004,189.36002,hriiVjEkYE,com.sec.android.app.shealth,6d1ebe7a-c4af-4307-93a0-00b79366ef7b,2024-10-23 00:00:00.000,
b3d341db-6c9a-4f42-a086-4c870894f872.binning_data.json,2024-10-25 02:51:32.150,2024-10-24 11:05:24.484,com.sec.android.app.shealth,-2,1930,1.4250705,1491.3602,117.12001,VfS0qUERdZ,com.sec.android.app.shealth,b3d341db-6c9a-4f42-a086-4c870894f872,2024-10-24 00:00:00.000,
a781aa27-bf52-4bfa-91c6-7fd0a02f1d89.binning_data.json,2024-10-25 03:00:03.326,2024-10-25 03:00:03.326,com.sec.android.app.shealth,0,433,1.2478868,328.3,22.61,487mnSNu6t,com.sec.android.app.shealth,a781aa27-bf52-4bfa-91c6-7fd0a02f1d89,2024-10-24 00:00:00.000,
580c29a6-3884-484f-87a8-f43791a367b4.binning_data.json,2024-10-25 03:00:04.925,2024-10-25 03:00:04.925,com.sec.android.app.shealth,102,1630,1.4697626,1264.8302,101.36001,hriiVjEkYE,com.sec.android.app.shealth,580c29a6-3884-484f-87a8-f43791a367b4,2024-10-24 00:00:00.000,
100514ba-a9ca-43fe-b817-fd69e5df24ec.binning_data.json,2024-10-26 03:20:47.917,2024-10-25 10:35:16.446,com.sec.android.app.shealth,-2,5323,1.3334919,4031.55,222.21996,VfS0qUERdZ,com.sec.android.app.shealth,100514ba-a9ca-43fe-b817-fd69e5df24ec,2024-10-25 00:00:00.000,
de72c6d8-ee9b-46f1-97d6-de3fbc831371.binning_data.json,2024-10-26 03:00:16.479,2024-10-26 03:00:16.479,com.sec.android.app.shealth,0,4406,1.2756926,3306.91,151.11,487mnSNu6t,com.sec.android.app.shealth,de72c6d8-ee9b-46f1-97d6-de3fbc831371,2024-10-25 00:00:00.000,
749a9473-5052-4b93-9c8c-512c0c647124.binning_data.json,2024-10-27 03:00:07.193,2024-10-26 03:00:18.433,com.sec.android.app.shealth,102,3266,1.3888606,2490.86,182.68001,hriiVjEkYE,com.sec.android.app.shealth,749a9473-5052-4b93-9c8c-512c0c647124,2024-10-25 00:00:00.000,
7c62dbd4-b5dd-4ad9-85a2-d7b1d29afcd0.binning_data.json,2024-10-27 22:08:37.083,2024-10-26 03:26:54.619,com.sec.android.app.shealth,-2,3977,1.3835502,3030.1003,190.96999,VfS0qUERdZ,com.sec.android.app.shealth,7c62dbd4-b5dd-4ad9-85a2-d7b1d29afcd0,2024-10-26 00:00:00.000,
8b8f3e42-73b6-4ade-a918-e18d6263ce79.binning_data.json,2024-10-27 03:00:05.313,2024-10-27 03:00:05.313,com.sec.android.app.shealth,0,1909,1.343077,1445.19,59.61,487mnSNu6t,com.sec.android.app.shealth,8b8f3e42-73b6-4ade-a918-e18d6263ce79,2024-10-26 00:00:00.000,
1e499de6-9a50-451b-a5a0-f4716218aab2.binning_data.json,2024-10-28 03:00:01.886,2024-10-27 03:00:07.187,com.sec.android.app.shealth,102,3302,1.377294,2511.2004,185.56,hriiVjEkYE,com.sec.android.app.shealth,1e499de6-9a50-451b-a5a0-f4716218aab2,2024-10-26 00:00:00.000,
8d5390b0-dff4-48c8-bd71-efc6d57b097e.binning_data.json,2024-10-27 22:08:36.514,2024-10-27 13:07:01.502,com.sec.android.app.shealth,-2,2219,1.3938054,1707.62,90.07,VfS0qUERdZ,com.sec.android.app.shealth,8d5390b0-dff4-48c8-bd71-efc6d57b097e,2024-10-27 00:00:00.000,
9f77413a-5283-4c4a-8bfc-66312b972280.binning_data.json,2024-10-28 03:00:01.323,2024-10-28 03:00:01.323,com.sec.android.app.shealth,0,1861,1.25872,1389.4401,57.399998,487mnSNu6t,com.sec.android.app.shealth,9f77413a-5283-4c4a-8bfc-66312b972280,2024-10-27 00:00:00.000,
3a086251-59b7-4b9c-98c2-913b982e9639.binning_data.json,2024-10-28 03:00:01.882,2024-10-28 03:00:01.882,com.sec.android.app.shealth,102,358,2.6231267,318.18002,32.670002,hriiVjEkYE,com.sec.android.app.shealth,3a086251-59b7-4b9c-98c2-913b982e9639,2024-10-27 00:00:00.000,
a1974537-1af8-47d3-a11e-9fecae2057bf.binning_data.json,2024-10-29 16:47:19.214,2024-10-28 10:12:28.909,com.sec.android.app.shealth,-2,5652,1.4159831,4339.569,246.55989,VfS0qUERdZ,com.sec.android.app.shealth,a1974537-1af8-47d3-a11e-9fecae2057bf,2024-10-28 00:00:00.000,
d202f6a3-17b7-4999-ab3c-f59f0c44d586.binning_data.json,2024-10-29 03:08:09.343,2024-10-29 03:08:09.343,com.sec.android.app.shealth,0,4398,1.339627,3328.81,133.79,487mnSNu6t,com.sec.android.app.shealth,d202f6a3-17b7-4999-ab3c-f59f0c44d586,2024-10-28 00:00:00.000,
405bb2b6-4fb8-4623-9053-d27d35b745ce.binning_data.json,2024-10-30 03:00:05.900,2024-10-29 03:08:33.334,com.sec.android.app.shealth,102,5281,1.4584181,4077.6184,299.1199,hriiVjEkYE,com.sec.android.app.shealth,405bb2b6-4fb8-4623-9053-d27d35b745ce,2024-10-28 00:00:00.000,
b8868306-36d3-4963-aaae-a0cd97aa6460.binning_data.json,2024-10-30 01:13:33.097,2024-10-29 15:30:30.097,com.sec.android.app.shealth,-2,4223,1.4493312,3245.65,127.99999,VfS0qUERdZ,com.sec.android.app.shealth,b8868306-36d3-4963-aaae-a0cd97aa6460,2024-10-29 00:00:00.000,
f51a047e-391a-4687-b8b2-dda15e357b55.binning_data.json,2024-10-30 03:00:04.147,2024-10-30 03:00:04.147,com.sec.android.app.shealth,0,4223,1.4493312,3245.65,127.99999,487mnSNu6t,com.sec.android.app.shealth,f51a047e-391a-4687-b8b2-dda15e357b55,2024-10-29 00:00:00.000,
a0e0e0b5-3249-43bc-a6b0-0ffab5f6f6a2.binning_data.json,2024-10-31 01:35:02.608,2024-10-30 10:08:16.310,com.sec.android.app.shealth,-2,3553,1.3599745,2698.9097,166.87999,VfS0qUERdZ,com.sec.android.app.shealth,a0e0e0b5-3249-43bc-a6b0-0ffab5f6f6a2,2024-10-30 00:00:00.000,
03b32d28-3a90-485d-b533-cf6691b60db9.binning_data.json,2024-10-31 03:00:03.538,2024-10-31 03:00:03.538,com.sec.android.app.shealth,0,2749,1.250242,2049.64,84.09,487mnSNu6t,com.sec.android.app.shealth,03b32d28-3a90-485d-b533-cf6691b60db9,2024-10-30 00:00:00.000,
c9277abb-011d-421e-91ab-697abb66484b.binning_data.json,2024-10-31 03:00:04.760,2024-10-31 03:00:04.760,com.sec.android.app.shealth,102,3200,1.3871925,2438.2495,181.96999,hriiVjEkYE,com.sec.android.app.shealth,c9277abb-011d-421e-91ab-697abb66484b,2024-10-30 00:00:00.000,
96c15ac4-0bd3-4807-9193-e759468c7b9a.binning_data.json,2024-11-01 10:13:38.154,2024-10-31 11:42:17.257,com.sec.android.app.shealth,-2,6124,1.4321023,4730.22,255.23,VfS0qUERdZ,com.sec.android.app.shealth,96c15ac4-0bd3-4807-9193-e759468c7b9a,2024-10-31 00:00:00.000,
16f197ea-65bb-4251-932d-fbea2ff604f4.binning_data.json,2024-11-01 03:00:01.117,2024-11-01 03:00:01.117,com.sec.android.app.shealth,0,5116,1.3880801,3900.76,155.87,487mnSNu6t,com.sec.android.app.shealth,16f197ea-65bb-4251-932d-fbea2ff604f4,2024-10-31 00:00:00.000,
37a403b5-e14d-4801-bd89-03ff43f61b2c.binning_data.json,2024-11-02 03:00:01.637,2024-11-01 03:00:01.595,com.sec.android.app.shealth,102,5626,1.4751811,4403.55,300.8,hriiVjEkYE,com.sec.android.app.shealth,37a403b5-e14d-4801-bd89-03ff43f61b2c,2024-10-31 00:00:00.000,
1c712c3a-9e2d-4ac3-8722-85cf88b91b51.binning_data.json,2024-11-02 02:59:51.787,2024-11-01 03:55:16.118,com.sec.android.app.shealth,-2,5363,1.3156416,4088.7,279.34,VfS0qUERdZ,com.sec.android.app.shealth,1c712c3a-9e2d-4ac3-8722-85cf88b91b51,2024-11-01 00:00:00.000,
1186c6a2-fa3f-44b1-9365-4310f12eab3a.binning_data.json,2024-11-02 03:00:01.106,2024-11-02 03:00:01.106,com.sec.android.app.shealth,0,4348,1.2725171,3301.3,219.84,487mnSNu6t,com.sec.android.app.shealth,1186c6a2-fa3f-44b1-9365-4310f12eab3a,2024-11-01 00:00:00.000,
881850ae-259b-4199-8241-69b67902882f.binning_data.json,2024-11-02 03:00:01.672,2024-11-02 03:00:01.672,com.sec.android.app.shealth,102,4589,1.339664,3500.57,247.04001,hriiVjEkYE,com.sec.android.app.shealth,881850ae-259b-4199-8241-69b67902882f,2024-11-01 00:00:00.000,
1f6422bc-d333-4811-8b3d-ec5efe802b66.binning_data.json,2024-11-03 00:33:47.575,2024-11-02 15:15:17.043,com.sec.android.app.shealth,-2,4674,1.4716775,3684.19,245.61,VfS0qUERdZ,com.sec.android.app.shealth,1f6422bc-d333-4811-8b3d-ec5efe802b66,2024-11-02 00:00:00.000,
b549f0f2-cc4e-492e-9e21-eb8af4be4a31.binning_data.json,2024-11-03 03:00:54.947,2024-11-03 03:00:54.947,com.sec.android.app.shealth,0,4674,1.4716775,3684.19,245.61,487mnSNu6t,com.sec.android.app.shealth,b549f0f2-cc4e-492e-9e21-eb8af4be4a31,2024-11-02 00:00:00.000,
6caf3c92-2eeb-422f-9e16-72dd4496bd62.binning_data.json,2024-11-04 00:57:37.470,2024-11-03 11:55:10.737,com.sec.android.app.shealth,-2,2134,1.3033509,1624.78,96.07,VfS0qUERdZ,com.sec.android.app.shealth,6caf3c92-2eeb-422f-9e16-72dd4496bd62,2024-11-03 00:00:00.000,
9470783c-597a-4171-8966-2808bf09c14e.binning_data.json,2024-11-04 03:00:02.369,2024-11-04 03:00:02.369,com.sec.android.app.shealth,0,2134,1.3033509,1624.78,96.07,487mnSNu6t,com.sec.android.app.shealth,9470783c-597a-4171-8966-2808bf09c14e,2024-11-03 00:00:00.000,
9eb85382-93e6-4d60-8d80-21328d8460f8.binning_data.json,2024-11-05 11:42:58.757,2024-11-04 03:59:25.839,com.sec.android.app.shealth,-2,2082,1.404396,1609.93,110.119995,VfS0qUERdZ,com.sec.android.app.shealth,9eb85382-93e6-4d60-8d80-21328d8460f8,2024-11-04 00:00:00.000,
16296acf-7e05-448d-9816-9277c3f75fd4.binning_data.json,2024-11-05 03:00:03.187,2024-11-05 03:00:03.187,com.sec.android.app.shealth,0,783,1.2371514,581.94,24.46,487mnSNu6t,com.sec.android.app.shealth,16296acf-7e05-448d-9816-9277c3f75fd4,2024-11-04 00:00:00.000,
403e6e03-6649-4e5d-a4e7-ea057d9fa227.binning_data.json,2024-11-06 03:00:05.420,2024-11-05 03:00:05.021,com.sec.android.app.shealth,102,1590,1.4595217,1244.4,99.14,hriiVjEkYE,com.sec.android.app.shealth,403e6e03-6649-4e5d-a4e7-ea057d9fa227,2024-11-04 00:00:00.000,
f09e84ce-3662-420f-8fc3-426282a56007.binning_data.json,2024-11-06 10:23:30.071,2024-11-05 11:42:58.616,com.sec.android.app.shealth,-2,5846,1.4544295,4513.17,223.45,VfS0qUERdZ,com.sec.android.app.shealth,f09e84ce-3662-420f-8fc3-426282a56007,2024-11-05 00:00:00.000,
b1684c4b-abd6-47bf-858d-27a78a8954be.binning_data.json,2024-11-06 03:00:04.033,2024-11-06 03:00:04.033,com.sec.android.app.shealth,0,4923,1.4424859,3779.3198,150.75,487mnSNu6t,com.sec.android.app.shealth,b1684c4b-abd6-47bf-858d-27a78a8954be,2024-11-05 00:00:00.000,
48753fc0-068e-4de7-87fc-71bec676b4f0.binning_data.json,2024-11-07 03:00:05.362,2024-11-06 03:00:05.439,com.sec.android.app.shealth,102,4783,1.4980723,3751.92,248.48,hriiVjEkYE,com.sec.android.app.shealth,48753fc0-068e-4de7-87fc-71bec676b4f0,2024-11-05 00:00:00.000,
cd42eea4-dd0f-4008-a65a-f518c7d74496.binning_data.json,2024-11-07 18:08:19.712,2024-11-06 10:23:29.407,com.sec.android.app.shealth,-2,5574,1.5266094,4426.1,320.12,VfS0qUERdZ,com.sec.android.app.shealth,cd42eea4-dd0f-4008-a65a-f518c7d74496,2024-11-06 00:00:00.000,
6ef297a4-eb87-4993-a366-56fc48abf463.binning_data.json,2024-11-07 03:04:17.801,2024-11-07 03:00:03.927,com.sec.android.app.shealth,0,3538,1.2095742,2621.46,108.67,487mnSNu6t,com.sec.android.app.shealth,6ef297a4-eb87-4993-a366-56fc48abf463,2024-11-06 00:00:00.000,
61d9ce13-7805-4f98-a013-e6b8ab213ce6.binning_data.json,2024-11-08 03:00:02.941,2024-11-07 03:00:05.356,com.sec.android.app.shealth,102,5340,1.5816548,4279.79,357.04,hriiVjEkYE,com.sec.android.app.shealth,61d9ce13-7805-4f98-a013-e6b8ab213ce6,2024-11-06 00:00:00.000,
a85574ac-367a-4f78-8834-5b8e2b027c6d.binning_data.json,2024-11-08 10:13:15.164,2024-11-07 03:04:15.591,com.sec.android.app.shealth,-2,4407,1.2600586,3302.81,165.8,VfS0qUERdZ,com.sec.android.app.shealth,a85574ac-367a-4f78-8834-5b8e2b027c6d,2024-11-07 00:00:00.000,
17efc2f2-02cf-491c-bf30-df3ae73582e4.binning_data.json,2024-11-08 03:00:02.329,2024-11-07 03:04:17.850,com.sec.android.app.shealth,0,3949,1.2179645,2927.82,121.04,487mnSNu6t,com.sec.android.app.shealth,17efc2f2-02cf-491c-bf30-df3ae73582e4,2024-11-07 00:00:00.000,
86b708c3-9340-4995-b124-4d7b5e068e46.binning_data.json,2024-11-09 03:00:10.537,2024-11-08 03:00:02.937,com.sec.android.app.shealth,102,2074,1.3637869,1591.71,112.73,hriiVjEkYE,com.sec.android.app.shealth,86b708c3-9340-4995-b124-4d7b5e068e46,2024-11-07 00:00:00.000,
ac074da0-7eaf-485f-9482-1a2d9e8fdef5.binning_data.json,2024-11-11 01:28:34.034,2024-11-08 10:13:14.967,com.sec.android.app.shealth,-2,5757,1.3647965,4403.4497,251.80998,VfS0qUERdZ,com.sec.android.app.shealth,ac074da0-7eaf-485f-9482-1a2d9e8fdef5,2024-11-08 00:00:00.000,
57e48ac3-8d8f-4126-a046-024f650c37a4.binning_data.json,2024-11-09 03:15:02.940,2024-11-09 03:00:08.946,com.sec.android.app.shealth,0,4421,1.262567,3303.5298,135.88998,487mnSNu6t,com.sec.android.app.shealth,57e48ac3-8d8f-4126-a046-024f650c37a4,2024-11-08 00:00:00.000,
406aeeb8-b666-46c2-8924-37997410c340.binning_data.json,2024-11-11 03:00:02.258,2024-11-09 03:00:10.553,com.sec.android.app.shealth,102,4584,1.377069,3531.98,252.56999,hriiVjEkYE,com.sec.android.app.shealth,406aeeb8-b666-46c2-8924-37997410c340,2024-11-08 00:00:00.000,
df1e56c2-067a-4ed9-8cbd-92c78e27e7b4.binning_data.json,2024-11-11 01:28:34.091,2024-11-09 03:25:45.326,com.sec.android.app.shealth,-2,2588,1.336235,2003.68,145.48,VfS0qUERdZ,com.sec.android.app.shealth,df1e56c2-067a-4ed9-8cbd-92c78e27e7b4,2024-11-09 00:00:00.000,
bde7ac9d-5b35-4386-a616-dacb655c9bd4.binning_data.json,2024-11-10 03:00:20.560,2024-11-10 03:00:20.560,com.sec.android.app.shealth,0,2350,1.2432578,1781.9401,120.78001,487mnSNu6t,com.sec.android.app.shealth,bde7ac9d-5b35-4386-a616-dacb655c9bd4,2024-11-09 00:00:00.000,
552077d0-093a-4a06-a6d5-bd896a6229ec.binning_data.json,2024-11-11 01:14:34.943,2024-11-10 03:47:18.847,com.sec.android.app.shealth,-2,1039,1.2473276,786.78,53.739998,VfS0qUERdZ,com.sec.android.app.shealth,552077d0-093a-4a06-a6d5-bd896a6229ec,2024-11-10 00:00:00.000,
a8ce7517-9a12-43aa-965a-be250a2ec101.binning_data.json,2024-11-11 03:00:01.291,2024-11-11 03:00:01.291,com.sec.android.app.shealth,0,1039,1.2473276,786.78,53.739998,487mnSNu6t,com.sec.android.app.shealth,a8ce7517-9a12-43aa-965a-be250a2ec101,2024-11-10 00:00:00.000,
33f15d2b-0148-458a-8e87-2bfd5038ef25.binning_data.json,2024-11-11 03:00:02.251,2024-11-11 03:00:02.251,com.sec.android.app.shealth,102,257,3.0317802,235.92,25.64,hriiVjEkYE,com.sec.android.app.shealth,33f15d2b-0148-458a-8e87-2bfd5038ef25,2024-11-09 00:00:00.000,
0d6977e3-cf8d-40d7-8f58-277f270eb5b8.binning_data.json,2024-11-12 02:17:12.371,2024-11-11 10:44:49.470,com.sec.android.app.shealth,-2,4111,1.4203907,3158.36,158.3,VfS0qUERdZ,com.sec.android.app.shealth,0d6977e3-cf8d-40d7-8f58-277f270eb5b8,2024-11-11 00:00:00.000,
0e5ce3e4-1eb0-42de-baf7-46a4c4b1dac9.binning_data.json,2024-11-12 03:00:11.874,2024-11-12 03:00:11.874,com.sec.android.app.shealth,0,3711,1.3988409,2829.64,113.13,487mnSNu6t,com.sec.android.app.shealth,0e5ce3e4-1eb0-42de-baf7-46a4c4b1dac9,2024-11-11 00:00:00.000,
35836bf2-030b-4ae3-916c-581891d62cf7.binning_data.json,2024-11-12 03:02:33.449,2024-11-12 03:02:33.449,com.sec.android.app.shealth,102,3180,1.5263169,2503.89,168.34,hriiVjEkYE,com.sec.android.app.shealth,35836bf2-030b-4ae3-916c-581891d62cf7,2024-11-11 00:00:00.000,
32baf07c-2b82-415a-98b8-a9a04261d9d4.binning_data.json,2024-11-13 11:08:58.416,2024-11-12 10:19:08.343,com.sec.android.app.shealth,-2,5592,1.3824728,4292.71,250.31,VfS0qUERdZ,com.sec.android.app.shealth,32baf07c-2b82-415a-98b8-a9a04261d9d4,2024-11-12 00:00:00.000,
5067f4bb-92d8-4b8b-8e05-9a3f5367d2bf.binning_data.json,2024-11-13 03:09:33.464,2024-11-13 03:09:33.464,com.sec.android.app.shealth,0,4675,1.2482253,3485.49,143.34999,487mnSNu6t,com.sec.android.app.shealth,5067f4bb-92d8-4b8b-8e05-9a3f5367d2bf,2024-11-12 00:00:00.000,
064c22b7-a163-41b1-8aab-1514a6a966af.binning_data.json,2024-11-14 03:09:17.654,2024-11-13 03:09:33.820,com.sec.android.app.shealth,102,4082,1.4928324,3202.83,239.09,hriiVjEkYE,com.sec.android.app.shealth,064c22b7-a163-41b1-8aab-1514a6a966af,2024-11-12 00:00:00.000,
79115eb2-02ab-4ac7-a46f-de38948e0e52.binning_data.json,2024-11-14 01:36:32.060,2024-11-13 03:52:04.709,com.sec.android.app.shealth,-2,9000,1.4031533,6960.38,478.26,VfS0qUERdZ,com.sec.android.app.shealth,79115eb2-02ab-4ac7-a46f-de38948e0e52,2024-11-13 00:00:00.000,
3c4a8144-a7e8-4178-8243-f02a1bfa6e13.binning_data.json,2024-11-14 03:09:14.948,2024-11-14 03:09:14.948,com.sec.android.app.shealth,0,7431,1.3421135,5693.0596,368.75003,487mnSNu6t,com.sec.android.app.shealth,3c4a8144-a7e8-4178-8243-f02a1bfa6e13,2024-11-13 00:00:00.000,
cb619d6a-9163-4461-91c1-1ca08481bb4a.binning_data.json,2024-11-14 03:09:17.669,2024-11-14 03:09:17.669,com.sec.android.app.shealth,102,8182,1.4422922,6369.28,449.72,hriiVjEkYE,com.sec.android.app.shealth,cb619d6a-9163-4461-91c1-1ca08481bb4a,2024-11-13 00:00:00.000,
4ce51b5d-e62a-4b70-b0eb-95ff01becf07.binning_data.json,2024-11-15 16:36:06.810,2024-11-14 11:37:44.853,com.sec.android.app.shealth,-2,5890,1.4544415,4591.28,303.1,VfS0qUERdZ,com.sec.android.app.shealth,4ce51b5d-e62a-4b70-b0eb-95ff01becf07,2024-11-14 00:00:00.000,
accc08f8-a4d5-4bf9-8d5a-dd81951b177f.binning_data.json,2024-11-15 03:00:06.044,2024-11-15 03:00:06.044,com.sec.android.app.shealth,0,5077,1.442934,3951.3298,256.76,487mnSNu6t,com.sec.android.app.shealth,accc08f8-a4d5-4bf9-8d5a-dd81951b177f,2024-11-14 00:00:00.000,
883072a2-5246-4b97-8cbb-849518808f17.binning_data.json,2024-11-16 03:43:18.982,2024-11-15 03:00:06.667,com.sec.android.app.shealth,102,4580,1.5141604,3601.69,237.73,hriiVjEkYE,com.sec.android.app.shealth,883072a2-5246-4b97-8cbb-849518808f17,2024-11-14 00:00:00.000,
f54a3df2-ca47-4480-bc12-2722f40f413f.binning_data.json,2024-11-16 03:43:18.674,2024-11-15 03:35:02.801,com.sec.android.app.shealth,-2,6066,1.2753445,4590.87,315.31,VfS0qUERdZ,com.sec.android.app.shealth,f54a3df2-ca47-4480-bc12-2722f40f413f,2024-11-15 00:00:00.000,
c4d9c0d6-d41e-484f-9af5-caddb18ab331.binning_data.json,2024-11-16 03:43:18.014,2024-11-16 03:43:18.014,com.sec.android.app.shealth,0,4257,1.2075694,3203.09,218.11,487mnSNu6t,com.sec.android.app.shealth,c4d9c0d6-d41e-484f-9af5-caddb18ab331,2024-11-15 00:00:00.000,
1ade3e68-d176-4c19-8e99-7722c049f95a.binning_data.json,2024-11-17 22:11:05.176,2024-11-16 03:43:18.699,com.sec.android.app.shealth,-2,6223,1.4024825,4830.73,344.08,VfS0qUERdZ,com.sec.android.app.shealth,1ade3e68-d176-4c19-8e99-7722c049f95a,2024-11-16 00:00:00.000,
f03217df-efd2-4585-b58c-f232ffe5517b.binning_data.json,2024-11-18 03:07:24.784,2024-11-16 03:43:18.980,com.sec.android.app.shealth,102,4975,1.4099853,3856.93,285.5,hriiVjEkYE,com.sec.android.app.shealth,f03217df-efd2-4585-b58c-f232ffe5517b,2024-11-16 00:00:00.000,
4997cac3-5b1b-4e32-b628-558b2b6f393c.binning_data.json,2024-11-16 03:43:18.992,2024-11-16 03:43:18.992,com.sec.android.app.shealth,102,4397,1.3001838,3327.41,229.47,hriiVjEkYE,com.sec.android.app.shealth,4997cac3-5b1b-4e32-b628-558b2b6f393c,2024-11-15 00:00:00.000,
61245482-b547-4e5c-b931-121efd2cb8ad.binning_data.json,2024-11-17 03:00:01.842,2024-11-17 03:00:01.842,com.sec.android.app.shealth,0,4331,1.2672347,3287.17,221.2,487mnSNu6t,com.sec.android.app.shealth,61245482-b547-4e5c-b931-121efd2cb8ad,2024-11-16 00:00:00.000,
db6d95c1-4a5d-4f58-8b8d-4e179875cf88.binning_data.json,2024-11-18 09:56:33.042,2024-11-17 13:26:04.742,com.sec.android.app.shealth,-2,3862,1.4392872,3002.01,194.61,VfS0qUERdZ,com.sec.android.app.shealth,db6d95c1-4a5d-4f58-8b8d-4e179875cf88,2024-11-17 00:00:00.000,
fd55db70-64b1-4ecd-a21c-ef3e0d527288.binning_data.json,2024-11-18 03:07:24.254,2024-11-18 03:07:24.254,com.sec.android.app.shealth,0,3433,1.420966,2657.69,164.61,487mnSNu6t,com.sec.android.app.shealth,fd55db70-64b1-4ecd-a21c-ef3e0d527288,2024-11-17 00:00:00.000,
15bd0af7-e6f3-4b16-884e-2846079b956d.binning_data.json,2024-11-19 03:00:05.169,2024-11-18 03:07:24.781,com.sec.android.app.shealth,102,590,1.4893329,464.62,36.71,hriiVjEkYE,com.sec.android.app.shealth,15bd0af7-e6f3-4b16-884e-2846079b956d,2024-11-17 00:00:00.000,
544eaf1a-7fa8-41d7-8a32-9d0718a7bd1a.binning_data.json,2024-11-19 01:21:16.103,2024-11-18 03:15:57.157,com.sec.android.app.shealth,-2,5143,1.366254,3944.42,246.49,VfS0qUERdZ,com.sec.android.app.shealth,544eaf1a-7fa8-41d7-8a32-9d0718a7bd1a,2024-11-18 00:00:00.000,
c4363ebc-dd02-4a0c-bb0e-402b4bc432d0.binning_data.json,2024-11-19 03:00:03.481,2024-11-19 03:00:03.481,com.sec.android.app.shealth,0,3809,1.2523615,2841.87,116.51,487mnSNu6t,com.sec.android.app.shealth,c4363ebc-dd02-4a0c-bb0e-402b4bc432d0,2024-11-18 00:00:00.000,
26f0a4ad-96ee-4cc4-a10d-abcb7e55f5da.binning_data.json,2024-11-19 03:00:05.191,2024-11-19 03:00:05.191,com.sec.android.app.shealth,102,4614,1.4068084,3575.96,274.49,hriiVjEkYE,com.sec.android.app.shealth,26f0a4ad-96ee-4cc4-a10d-abcb7e55f5da,2024-11-18 00:00:00.000,
b2a5cf9f-4e24-45ea-a8f4-4f9e520ea6dd.binning_data.json,2024-11-20 03:09:33.425,2024-11-19 11:45:07.102,com.sec.android.app.shealth,-2,5185,1.4964126,4038.28,228.95999,VfS0qUERdZ,com.sec.android.app.shealth,b2a5cf9f-4e24-45ea-a8f4-4f9e520ea6dd,2024-11-19 00:00:00.000,
e48774fb-65f8-4538-9b90-5a67edd251f6.binning_data.json,2024-11-20 03:09:32.731,2024-11-20 03:09:32.731,com.sec.android.app.shealth,0,4148,1.4701196,3188.4697,127.95,487mnSNu6t,com.sec.android.app.shealth,e48774fb-65f8-4538-9b90-5a67edd251f6,2024-11-19 00:00:00.000,
37a427bc-29d3-47f7-b003-7cdbaf95c012.binning_data.json,2024-11-20 03:09:33.641,2024-11-20 03:09:33.641,com.sec.android.app.shealth,102,4933,1.5244151,3898.24,271.84,hriiVjEkYE,com.sec.android.app.shealth,37a427bc-29d3-47f7-b003-7cdbaf95c012,2024-11-19 00:00:00.000,
edf7a6de-9398-4852-9254-bf2be79af3d2.binning_data.json,2024-11-21 18:15:00.867,2024-11-20 13:09:44.457,com.sec.android.app.shealth,-2,4377,1.4121406,3407.6,252.95,VfS0qUERdZ,com.sec.android.app.shealth,edf7a6de-9398-4852-9254-bf2be79af3d2,2024-11-20 00:00:00.000,
c9e7a2b1-a6e9-41d4-9616-66912e46b8d1.binning_data.json,2024-11-21 03:00:13.827,2024-11-21 03:00:13.827,com.sec.android.app.shealth,0,2681,1.2718035,2043.63,138.67,487mnSNu6t,com.sec.android.app.shealth,c9e7a2b1-a6e9-41d4-9616-66912e46b8d1,2024-11-20 00:00:00.000,
46788a4c-ba40-4cc1-85f1-d10618a1da21.binning_data.json,2024-11-22 03:00:10.772,2024-11-21 03:00:18.395,com.sec.android.app.shealth,102,4064,1.4396822,3165.89,239.34,hriiVjEkYE,com.sec.android.app.shealth,46788a4c-ba40-4cc1-85f1-d10618a1da21,2024-11-20 00:00:00.000,
f0af99de-9490-402d-842c-a05b3a5ff327.binning_data.json,2024-11-22 03:32:16.809,2024-11-21 10:15:01.877,com.sec.android.app.shealth,-2,4380,1.3665104,3378.97,237.72,VfS0qUERdZ,com.sec.android.app.shealth,f0af99de-9490-402d-842c-a05b3a5ff327,2024-11-21 00:00:00.000,
006e0e6b-9901-43c9-a986-02a6fb67eb8e.binning_data.json,2024-11-22 03:00:03.788,2024-11-22 03:00:03.788,com.sec.android.app.shealth,0,3384,1.3035508,2581.28,171.68,487mnSNu6t,com.sec.android.app.shealth,006e0e6b-9901-43c9-a986-02a6fb67eb8e,2024-11-21 00:00:00.000,
20bafdf8-665e-4326-9aac-477ec15ea530.binning_data.json,2024-11-23 03:00:31.209,2024-11-22 03:00:10.788,com.sec.android.app.shealth,102,1911,1.4997925,1501.93,113.56,hriiVjEkYE,com.sec.android.app.shealth,20bafdf8-665e-4326-9aac-477ec15ea530,2024-11-21 00:00:00.000,
955881d6-e18e-48c5-a84a-965e427f7f06.binning_data.json,2024-11-23 13:32:06.412,2024-11-22 03:32:16.223,com.sec.android.app.shealth,-2,2938,1.5245714,2334.08,182.19,VfS0qUERdZ,com.sec.android.app.shealth,955881d6-e18e-48c5-a84a-965e427f7f06,2024-11-22 00:00:00.000,
a335fcfd-6b2a-43f6-9025-577680f2d797.binning_data.json,2024-11-23 03:00:25.845,2024-11-23 03:00:25.845,com.sec.android.app.shealth,0,1313,1.2717967,1000.32,68.05,487mnSNu6t,com.sec.android.app.shealth,a335fcfd-6b2a-43f6-9025-577680f2d797,2024-11-22 00:00:00.000,
f51cd73a-f43e-41d1-aa35-c842e82883f4.binning_data.json,2024-11-24 03:00:09.555,2024-11-23 03:00:31.327,com.sec.android.app.shealth,102,2401,1.5958205,1923.39,154.19,hriiVjEkYE,com.sec.android.app.shealth,f51cd73a-f43e-41d1-aa35-c842e82883f4,2024-11-22 00:00:00.000,
1a23238c-e758-4cc5-b85d-489ca2b73857.binning_data.json,2024-11-25 00:05:58.562,2024-11-23 13:32:16.112,com.sec.android.app.shealth,-2,2733,1.2895575,2081.1,142.27,VfS0qUERdZ,com.sec.android.app.shealth,1a23238c-e758-4cc5-b85d-489ca2b73857,2024-11-23 00:00:00.000,
afa094db-0b01-4edc-b4a4-6da47b03af3d.binning_data.json,2024-11-24 03:00:08.731,2024-11-24 03:00:08.731,com.sec.android.app.shealth,0,2354,1.2912965,1796.41,120.83,487mnSNu6t,com.sec.android.app.shealth,afa094db-0b01-4edc-b4a4-6da47b03af3d,2024-11-23 00:00:00.000,
147245b6-d834-4d59-93f2-a6fec7cf42a0.binning_data.json,2024-11-25 03:11:52.670,2024-11-24 03:00:09.552,com.sec.android.app.shealth,102,413,1.2924906,311.19,23.22,hriiVjEkYE,com.sec.android.app.shealth,147245b6-d834-4d59-93f2-a6fec7cf42a0,2024-11-23 00:00:00.000,
d85385df-2da7-4f33-9296-06ec5b108fb7.binning_data.json,2024-11-24 23:50:38.148,2024-11-24 13:33:55.158,com.sec.android.app.shealth,-2,214,1.2458878,162.0,11.08,VfS0qUERdZ,com.sec.android.app.shealth,d85385df-2da7-4f33-9296-06ec5b108fb7,2024-11-24 00:00:00.000,
0dcf55d9-fdab-4835-bca6-b35610088ee6.binning_data.json,2024-11-25 03:11:49.835,2024-11-25 03:11:49.835,com.sec.android.app.shealth,0,214,1.2458878,162.0,11.08,487mnSNu6t,com.sec.android.app.shealth,0dcf55d9-fdab-4835-bca6-b35610088ee6,2024-11-24 00:00:00.000,
68fa8561-aef1-4caa-81ad-9d63f38f669f.binning_data.json,2024-11-26 09:49:18.012,2024-11-25 03:35:49.368,com.sec.android.app.shealth,-2,1942,1.6008707,1557.24,126.479996,VfS0qUERdZ,com.sec.android.app.shealth,68fa8561-aef1-4caa-81ad-9d63f38f669f,2024-11-25 00:00:00.000,
282c0258-eb24-4bf5-b9da-91db8f4dbcae.binning_data.json,2024-11-26 03:00:02.628,2024-11-26 03:00:02.628,com.sec.android.app.shealth,0,345,1.1825825,254.54,10.849999,487mnSNu6t,com.sec.android.app.shealth,282c0258-eb24-4bf5-b9da-91db8f4dbcae,2024-11-25 00:00:00.000,
3f461616-380c-4751-be51-b1bdfe4847f2.binning_data.json,2024-11-27 03:00:05.476,2024-11-26 03:00:05.582,com.sec.android.app.shealth,102,1822,1.6393561,1469.74,124.21,hriiVjEkYE,com.sec.android.app.shealth,3f461616-380c-4751-be51-b1bdfe4847f2,2024-11-25 00:00:00.000,
60449bd2-2684-4468-a3bb-f790084269ad.binning_data.json,2024-11-27 02:09:22.308,2024-11-26 11:37:44.441,com.sec.android.app.shealth,-2,4237,1.435399,3260.8499,156.63,VfS0qUERdZ,com.sec.android.app.shealth,60449bd2-2684-4468-a3bb-f790084269ad,2024-11-26 00:00:00.000,
83320fb5-8171-4cc9-8101-056079897ec6.binning_data.json,2024-11-27 03:00:03.925,2024-11-27 03:00:03.925,com.sec.android.app.shealth,0,4082,1.418835,3120.5898,123.67999,487mnSNu6t,com.sec.android.app.shealth,83320fb5-8171-4cc9-8101-056079897ec6,2024-11-26 00:00:00.000,
4086bdcb-1284-4b38-a144-b45ee7a50eda.binning_data.json,2024-11-27 03:00:05.472,2024-11-27 03:00:05.472,com.sec.android.app.shealth,102,3799,1.4875473,2979.27,195.7,hriiVjEkYE,com.sec.android.app.shealth,4086bdcb-1284-4b38-a144-b45ee7a50eda,2024-11-26 00:00:00.000,
5a41d096-7098-4356-98c6-cac2904d9734.binning_data.json,2024-11-28 10:16:16.036,2024-11-27 10:16:26.742,com.sec.android.app.shealth,-2,6628,1.401131,5097.2397,282.38,VfS0qUERdZ,com.sec.android.app.shealth,5a41d096-7098-4356-98c6-cac2904d9734,2024-11-27 00:00:00.000,
de2a7093-10f9-4608-8cfc-dcedf460645a.binning_data.json,2024-11-28 03:00:01.621,2024-11-28 03:00:01.621,com.sec.android.app.shealth,0,5542,1.3269733,4184.18,168.58,487mnSNu6t,com.sec.android.app.shealth,de2a7093-10f9-4608-8cfc-dcedf460645a,2024-11-27 00:00:00.000,
0b5446a4-9846-4b88-a484-6e508cfbb789.binning_data.json,2024-11-29 03:00:05.383,2024-11-28 03:00:02.461,com.sec.android.app.shealth,102,5683,1.4473774,4431.99,315.48,hriiVjEkYE,com.sec.android.app.shealth,0b5446a4-9846-4b88-a484-6e508cfbb789,2024-11-27 00:00:00.000,
726863af-b645-4e5e-bf3d-fadfd7631e4b.binning_data.json,2024-11-29 03:00:03.579,2024-11-28 10:16:15.938,com.sec.android.app.shealth,-2,6624,1.4218919,5124.15,307.48,VfS0qUERdZ,com.sec.android.app.shealth,726863af-b645-4e5e-bf3d-fadfd7631e4b,2024-11-28 00:00:00.000,
647f6366-a002-46c6-8a62-4d74ad0c84e1.binning_data.json,2024-11-29 03:00:03.707,2024-11-29 03:00:03.707,com.sec.android.app.shealth,0,4548,1.2522639,3388.7898,139.62999,487mnSNu6t,com.sec.android.app.shealth,647f6366-a002-46c6-8a62-4d74ad0c84e1,2024-11-28 00:00:00.000,
4e719830-5ea9-44f9-bcc1-1671fe5904d8.binning_data.json,2024-11-29 03:00:05.333,2024-11-29 03:00:05.333,com.sec.android.app.shealth,102,5691,1.4757261,4461.93,331.27,hriiVjEkYE,com.sec.android.app.shealth,4e719830-5ea9-44f9-bcc1-1671fe5904d8,2024-11-28 00:00:00.000,
99fc3259-5b1d-4d26-bd24-ae0e90dadfc4.binning_data.json,2024-12-01 19:56:46.905,2024-11-29 10:05:19.351,com.sec.android.app.shealth,-2,2146,1.3588632,1667.53,136.22,VfS0qUERdZ,com.sec.android.app.shealth,99fc3259-5b1d-4d26-bd24-ae0e90dadfc4,2024-11-29 00:00:00.000,
279112f0-f332-45c2-b265-152cfee3395f.binning_data.json,2024-11-30 03:00:01.266,2024-11-30 03:00:01.266,com.sec.android.app.shealth,0,1640,1.2252802,1237.29,95.979996,487mnSNu6t,com.sec.android.app.shealth,279112f0-f332-45c2-b265-152cfee3395f,2024-11-29 00:00:00.000,
5c875efb-7557-413a-aa1a-4d0d06bccc4a.binning_data.json,2024-12-02 03:00:04.644,2024-11-30 03:00:01.764,com.sec.android.app.shealth,102,550,1.886092,462.86,42.27,hriiVjEkYE,com.sec.android.app.shealth,5c875efb-7557-413a-aa1a-4d0d06bccc4a,2024-11-29 00:00:00.000,
28a1aac3-3fe4-4133-94b5-b2cc46449117.binning_data.json,2024-11-30 13:16:26.510,2024-11-30 13:16:26.510,com.sec.android.app.shealth,-2,167,1.1483942,124.44,9.95,VfS0qUERdZ,com.sec.android.app.shealth,28a1aac3-3fe4-4133-94b5-b2cc46449117,2024-11-30 00:00:00.000,
b972956b-9be3-4db3-86d1-98b47a6c1332.binning_data.json,2024-12-01 03:00:02.548,2024-12-01 03:00:02.548,com.sec.android.app.shealth,0,167,1.1483942,124.44,9.95,487mnSNu6t,com.sec.android.app.shealth,b972956b-9be3-4db3-86d1-98b47a6c1332,2024-11-30 00:00:00.000,
4f526bf0-5fb1-44d9-8d09-7cd8dbccd8dc.binning_data.json,2024-12-02 04:05:13.685,2024-12-01 13:31:11.613,com.sec.android.app.shealth,-2,2099,1.2429187,1578.73,116.479996,VfS0qUERdZ,com.sec.android.app.shealth,4f526bf0-5fb1-44d9-8d09-7cd8dbccd8dc,2024-12-01 00:00:00.000,
8222fd27-f49d-48b7-bf97-b3ca077432f9.binning_data.json,2024-12-06 03:00:04.444,2024-12-02 03:00:03.428,com.sec.android.app.shealth,0,1318,1.1768721,981.6,63.24,487mnSNu6t,com.sec.android.app.shealth,8222fd27-f49d-48b7-bf97-b3ca077432f9,2024-12-01 00:00:00.000,
940b5b66-59ff-4d66-8bb3-0e4355efd8eb.binning_data.json,2024-12-03 03:00:04.113,2024-12-02 03:00:04.637,com.sec.android.app.shealth,102,1199,1.2939519,906.11,70.2,hriiVjEkYE,com.sec.android.app.shealth,940b5b66-59ff-4d66-8bb3-0e4355efd8eb,2024-12-01 00:00:00.000,
86a662e0-bbeb-4d6d-84d3-6c300f596aea.binning_data.json,2024-12-03 09:50:13.686,2024-12-02 04:05:13.122,com.sec.android.app.shealth,-2,1385,1.7158806,1128.53,94.05,VfS0qUERdZ,com.sec.android.app.shealth,86a662e0-bbeb-4d6d-84d3-6c300f596aea,2024-12-02 00:00:00.000,
18b7926a-4c1e-4f2b-802e-f25a61d23eb9.binning_data.json,2024-12-03 03:00:02.793,2024-12-03 03:00:02.793,com.sec.android.app.shealth,0,476,1.2381815,354.15,14.94,487mnSNu6t,com.sec.android.app.shealth,18b7926a-4c1e-4f2b-802e-f25a61d23eb9,2024-12-02 00:00:00.000,
2c5c6a4a-d130-4ea4-bc93-60c86e25f59f.binning_data.json,2024-12-04 03:00:03.869,2024-12-03 03:00:04.108,com.sec.android.app.shealth,102,1070,1.9312608,897.02,87.69,hriiVjEkYE,com.sec.android.app.shealth,2c5c6a4a-d130-4ea4-bc93-60c86e25f59f,2024-12-02 00:00:00.000,
6cd6ae2f-b94b-4b82-a825-41b895587843.binning_data.json,2024-12-04 02:14:13.878,2024-12-03 12:15:37.166,com.sec.android.app.shealth,-2,475,1.3683531,363.86,21.07,VfS0qUERdZ,com.sec.android.app.shealth,6cd6ae2f-b94b-4b82-a825-41b895587843,2024-12-03 00:00:00.000,
e4a94947-4679-44e1-9039-c4f33625f39d.binning_data.json,2024-12-04 03:00:02.579,2024-12-04 03:00:02.579,com.sec.android.app.shealth,0,328,1.2326998,244.09999,10.349999,487mnSNu6t,com.sec.android.app.shealth,e4a94947-4679-44e1-9039-c4f33625f39d,2024-12-03 00:00:00.000,
f99de6c8-d9ab-4832-b2ae-938e45d20e84.binning_data.json,2024-12-04 03:00:03.866,2024-12-04 03:00:03.866,com.sec.android.app.shealth,102,147,1.7640233,119.759995,10.719999,hriiVjEkYE,com.sec.android.app.shealth,f99de6c8-d9ab-4832-b2ae-938e45d20e84,2024-12-03 00:00:00.000,
8ee3fdea-34a9-4faa-9454-b1c2ccb0e073.binning_data.json,2024-12-05 00:01:12.123,2024-12-04 10:19:13.217,com.sec.android.app.shealth,-2,5467,1.3241537,4153.67,260.0,VfS0qUERdZ,com.sec.android.app.shealth,8ee3fdea-34a9-4faa-9454-b1c2ccb0e073,2024-12-04 00:00:00.000,
548c88d3-2f37-4680-b533-76682f3e2f45.binning_data.json,2024-12-05 03:00:02.297,2024-12-05 03:00:02.297,com.sec.android.app.shealth,0,4730,1.2435542,3528.54,144.57,487mnSNu6t,com.sec.android.app.shealth,548c88d3-2f37-4680-b533-76682f3e2f45,2024-12-04 00:00:00.000,
ddc1b860-0a50-432c-bc28-d9615dcf5c8f.binning_data.json,2024-12-05 03:00:03.643,2024-12-05 03:00:03.643,com.sec.android.app.shealth,102,4966,1.386131,3825.44,308.45,hriiVjEkYE,com.sec.android.app.shealth,ddc1b860-0a50-432c-bc28-d9615dcf5c8f,2024-12-04 00:00:00.000,
3685c26b-caf8-4699-b86b-edbd15dd966b.binning_data.json,2024-12-06 16:28:25.219,2024-12-05 11:56:24.361,com.sec.android.app.shealth,-2,2041,1.3251528,1555.36,89.75,VfS0qUERdZ,com.sec.android.app.shealth,3685c26b-caf8-4699-b86b-edbd15dd966b,2024-12-05 00:00:00.000,
ca8d4d9b-c8b3-4031-91c9-474ce0ec00f7.binning_data.json,2024-12-06 03:00:04.435,2024-12-06 03:00:04.435,com.sec.android.app.shealth,0,1438,1.1938391,1071.91,45.359997,487mnSNu6t,com.sec.android.app.shealth,ca8d4d9b-c8b3-4031-91c9-474ce0ec00f7,2024-12-05 00:00:00.000,
9ba43920-cb66-4dfd-9a3c-59a5f4981b58.binning_data.json,2024-12-07 01:42:39.520,2024-12-06 10:35:02.198,com.sec.android.app.shealth,-2,5389,1.4781147,4219.97,274.07,VfS0qUERdZ,com.sec.android.app.shealth,9ba43920-cb66-4dfd-9a3c-59a5f4981b58,2024-12-06 00:00:00.000,
d0e38dd2-76d9-47ad-bcd4-2e4ee47a974c.binning_data.json,2024-12-07 03:00:05.247,2024-12-07 03:00:05.247,com.sec.android.app.shealth,0,3785,1.2671793,2832.45,115.97,487mnSNu6t,com.sec.android.app.shealth,d0e38dd2-76d9-47ad-bcd4-2e4ee47a974c,2024-12-06 00:00:00.000,
29feedad-3ad5-41c7-bc9c-0282f43b6f75.binning_data.json,2024-12-07 03:00:06.429,2024-12-07 03:00:06.429,com.sec.android.app.shealth,102,1263,1.4056537,976.69,70.24,hriiVjEkYE,com.sec.android.app.shealth,29feedad-3ad5-41c7-bc9c-0282f43b6f75,2024-12-05 00:00:00.000,
7cf5659c-083d-4332-8cb0-7c2a9d34a2ba.binning_data.json,2024-12-07 03:00:06.442,2024-12-07 03:00:06.442,com.sec.android.app.shealth,102,4836,1.5485364,3843.26,302.93,hriiVjEkYE,com.sec.android.app.shealth,7cf5659c-083d-4332-8cb0-7c2a9d34a2ba,2024-12-06 00:00:00.000,
ea569763-9207-41ab-bd0b-b0adfca4b3fe.binning_data.json,2024-12-08 15:44:52.343,2024-12-07 03:44:15.901,com.sec.android.app.shealth,-2,759,1.2151715,569.51,24.66,VfS0qUERdZ,com.sec.android.app.shealth,ea569763-9207-41ab-bd0b-b0adfca4b3fe,2024-12-07 00:00:00.000,
296e0e25-cefd-40c9-b021-aa4b208ee283.binning_data.json,2024-12-08 03:03:47.319,2024-12-08 03:00:12.430,com.sec.android.app.shealth,0,759,1.2151715,569.51,24.66,487mnSNu6t,com.sec.android.app.shealth,296e0e25-cefd-40c9-b021-aa4b208ee283,2024-12-07 00:00:00.000,
8594d9ed-efdf-4c66-8531-15b6c5152249.binning_data.json,2024-12-09 03:14:36.557,2024-12-08 03:15:05.349,com.sec.android.app.shealth,-2,2437,1.3657659,1880.99,140.01,VfS0qUERdZ,com.sec.android.app.shealth,8594d9ed-efdf-4c66-8531-15b6c5152249,2024-12-08 00:00:00.000,
9227b287-819e-40d1-97fb-89540e84adb2.binning_data.json,2024-12-09 03:00:03.322,2024-12-09 03:00:03.322,com.sec.android.app.shealth,0,1147,1.1803671,846.67,35.83,487mnSNu6t,com.sec.android.app.shealth,9227b287-819e-40d1-97fb-89540e84adb2,2024-12-08 00:00:00.000,
345a7fa7-ce60-4226-b42a-c3bfae54a5a5.binning_data.json,2024-12-10 03:00:08.139,2024-12-09 03:00:04.581,com.sec.android.app.shealth,102,1851,1.4482176,1452.83,129.59999,hriiVjEkYE,com.sec.android.app.shealth,345a7fa7-ce60-4226-b42a-c3bfae54a5a5,2024-12-08 00:00:00.000,
0cb6c52d-a265-433f-9c96-dc577820986a.binning_data.json,2024-12-10 01:50:36.786,2024-12-09 03:14:36.456,com.sec.android.app.shealth,-2,1482,1.7488571,1219.73,109.9,VfS0qUERdZ,com.sec.android.app.shealth,0cb6c52d-a265-433f-9c96-dc577820986a,2024-12-09 00:00:00.000,
8965e911-4d91-437c-911f-f35319fbd628.binning_data.json,2024-12-10 03:00:03.837,2024-12-10 03:00:03.837,com.sec.android.app.shealth,0,462,1.2416953,347.02,20.92,487mnSNu6t,com.sec.android.app.shealth,8965e911-4d91-437c-911f-f35319fbd628,2024-12-09 00:00:00.000,
d30dcee8-ce99-4842-8f1d-4006a9104330.binning_data.json,2024-12-10 03:00:08.156,2024-12-10 03:00:08.156,com.sec.android.app.shealth,102,1176,1.9410939,990.13,95.9,hriiVjEkYE,com.sec.android.app.shealth,d30dcee8-ce99-4842-8f1d-4006a9104330,2024-12-09 00:00:00.000,
e329663b-0d5c-416f-82a0-c2210a060488.binning_data.json,2024-12-11 03:08:40.359,2024-12-10 10:35:18.618,com.sec.android.app.shealth,-2,7722,1.3409559,5914.08,459.94998,VfS0qUERdZ,com.sec.android.app.shealth,e329663b-0d5c-416f-82a0-c2210a060488,2024-12-10 00:00:00.000,
90c39725-42e7-4a8c-ad3e-c442301666f0.binning_data.json,2024-12-11 03:00:05.145,2024-12-11 03:00:05.145,com.sec.android.app.shealth,0,6926,1.3346821,5309.17,412.94998,487mnSNu6t,com.sec.android.app.shealth,90c39725-42e7-4a8c-ad3e-c442301666f0,2024-12-10 00:00:00.000,
8b63caa9-30be-44a6-8c3b-5f03874110d7.binning_data.json,2024-12-12 03:00:07.939,2024-12-11 03:00:06.401,com.sec.android.app.shealth,102,5252,1.3816795,4040.05,305.52,hriiVjEkYE,com.sec.android.app.shealth,8b63caa9-30be-44a6-8c3b-5f03874110d7,2024-12-10 00:00:00.000,
67b2c6a1-84cd-4547-995e-e42594222989.binning_data.json,2024-12-12 02:01:49.748,2024-12-11 03:11:37.825,com.sec.android.app.shealth,-2,2355,1.332146,1800.54,139.45,VfS0qUERdZ,com.sec.android.app.shealth,67b2c6a1-84cd-4547-995e-e42594222989,2024-12-11 00:00:00.000,
ccf30071-1e42-45d9-835f-148f935a9707.binning_data.json,2024-12-12 03:00:06.576,2024-12-12 03:00:06.576,com.sec.android.app.shealth,0,1756,1.3028696,1339.69,103.2,487mnSNu6t,com.sec.android.app.shealth,ccf30071-1e42-45d9-835f-148f935a9707,2024-12-11 00:00:00.000,
a3896eba-535a-46f1-a85e-d8880816aa89.binning_data.json,2024-12-12 03:00:07.956,2024-12-12 03:00:07.956,com.sec.android.app.shealth,102,1634,1.3253387,1243.5,99.28,hriiVjEkYE,com.sec.android.app.shealth,a3896eba-535a-46f1-a85e-d8880816aa89,2024-12-11 00:00:00.000,
973008bf-2b15-4132-aee6-29af2d656ef3.binning_data.json,2024-12-13 02:10:14.029,2024-12-12 15:35:02.059,com.sec.android.app.shealth,-2,2744,1.2393672,2072.3,162.9,VfS0qUERdZ,com.sec.android.app.shealth,973008bf-2b15-4132-aee6-29af2d656ef3,2024-12-12 00:00:00.000,
9489948a-6888-4c8e-ae2b-04be6953a4b7.binning_data.json,2024-12-13 03:00:02.507,2024-12-13 03:00:02.507,com.sec.android.app.shealth,0,2744,1.2393672,2072.3,162.9,487mnSNu6t,com.sec.android.app.shealth,9489948a-6888-4c8e-ae2b-04be6953a4b7,2024-12-12 00:00:00.000,
4567e4c6-46a3-4e47-a4b8-d66e0d9e7a91.binning_data.json,2024-12-14 02:37:48.096,2024-12-13 10:43:04.708,com.sec.android.app.shealth,-2,4286,1.3866265,3291.08,210.87,VfS0qUERdZ,com.sec.android.app.shealth,4567e4c6-46a3-4e47-a4b8-d66e0d9e7a91,2024-12-13 00:00:00.000,
9274b76a-ea4f-4ef1-bda4-820052479c2b.binning_data.json,2024-12-14 03:00:11.407,2024-12-14 03:00:11.407,com.sec.android.app.shealth,0,3632,1.2841657,2724.91,111.42,487mnSNu6t,com.sec.android.app.shealth,9274b76a-ea4f-4ef1-bda4-820052479c2b,2024-12-13 00:00:00.000,
7ad66811-c4b7-48f7-bf77-c5791dd4ba30.binning_data.json,2024-12-14 03:00:12.634,2024-12-14 03:00:12.634,com.sec.android.app.shealth,102,3602,1.4305459,2799.78,233.59,hriiVjEkYE,com.sec.android.app.shealth,7ad66811-c4b7-48f7-bf77-c5791dd4ba30,2024-12-13 00:00:00.000,
d69e76dd-f28f-436d-ba0f-9be8831242d3.binning_data.json,2024-12-17 11:36:08.606,2024-12-14 10:44:01.469,com.sec.android.app.shealth,-2,5519,1.1866792,4095.35,210.1,VfS0qUERdZ,com.sec.android.app.shealth,d69e76dd-f28f-436d-ba0f-9be8831242d3,2024-12-14 00:00:00.000,
6a913f16-8dba-4ce1-9770-b8c2a4de85cb.binning_data.json,2024-12-15 03:16:38.902,2024-12-15 03:16:38.902,com.sec.android.app.shealth,0,4534,1.1660541,3348.77,141.59,487mnSNu6t,com.sec.android.app.shealth,6a913f16-8dba-4ce1-9770-b8c2a4de85cb,2024-12-14 00:00:00.000,
980a8979-41b3-4d36-b3ba-ab95f5713afd.binning_data.json,2024-12-16 02:27:19.665,2024-12-15 03:35:40.746,com.sec.android.app.shealth,-2,1727,1.2135104,1291.62,54.72,VfS0qUERdZ,com.sec.android.app.shealth,980a8979-41b3-4d36-b3ba-ab95f5713afd,2024-12-15 00:00:00.000,
d12f5698-63d8-4daf-9e7b-8e126f096d1b.binning_data.json,2024-12-16 03:00:19.411,2024-12-16 03:00:19.411,com.sec.android.app.shealth,0,1727,1.2135104,1291.62,54.72,487mnSNu6t,com.sec.android.app.shealth,d12f5698-63d8-4daf-9e7b-8e126f096d1b,2024-12-15 00:00:00.000,
0b048156-d2bf-4523-a38e-717fab6887cf.binning_data.json,2024-12-18 03:00:04.887,2024-12-16 03:02:44.407,com.sec.android.app.shealth,102,1781,1.2761685,1344.31,108.08,hriiVjEkYE,com.sec.android.app.shealth,0b048156-d2bf-4523-a38e-717fab6887cf,2024-12-14 00:00:00.000,
120c1a57-9412-4f95-a52c-fe0e4bd6f4f7.binning_data.json,2024-12-17 11:36:08.599,2024-12-16 10:49:47.704,com.sec.android.app.shealth,-2,1124,1.2360833,838.94,45.68,VfS0qUERdZ,com.sec.android.app.shealth,120c1a57-9412-4f95-a52c-fe0e4bd6f4f7,2024-12-16 00:00:00.000,
13d391cd-d26e-4f9e-b9c2-4831a9956cb2.binning_data.json,2024-12-17 03:00:03.390,2024-12-17 03:00:03.390,com.sec.android.app.shealth,0,760,1.2148211,563.94,23.75,487mnSNu6t,com.sec.android.app.shealth,13d391cd-d26e-4f9e-b9c2-4831a9956cb2,2024-12-16 00:00:00.000,
63b1d3da-e09e-40c7-bf31-41d75dca8c78.binning_data.json,2024-12-18 01:21:46.574,2024-12-17 11:36:08.454,com.sec.android.app.shealth,-2,1883,1.3437124,1433.96,97.4,VfS0qUERdZ,com.sec.android.app.shealth,63b1d3da-e09e-40c7-bf31-41d75dca8c78,2024-12-17 00:00:00.000,
b137cf80-0e4a-4e69-ac7d-0b4cc1f07422.binning_data.json,2024-12-18 03:00:03.429,2024-12-18 03:00:03.429,com.sec.android.app.shealth,0,957,1.2737871,715.54,30.0,487mnSNu6t,com.sec.android.app.shealth,b137cf80-0e4a-4e69-ac7d-0b4cc1f07422,2024-12-17 00:00:00.000,
88c5c20f-8e5d-4b97-81f0-4237d7933ec9.binning_data.json,2024-12-18 03:00:04.877,2024-12-18 03:00:04.877,com.sec.android.app.shealth,102,398,1.2686306,300.14,23.55,hriiVjEkYE,com.sec.android.app.shealth,88c5c20f-8e5d-4b97-81f0-4237d7933ec9,2024-12-16 00:00:00.000,
7a7d512d-77ef-48ca-90a2-ae4928c1fb67.binning_data.json,2024-12-18 03:00:04.884,2024-12-18 03:00:04.884,com.sec.android.app.shealth,102,1451,1.361329,1111.24,89.83,hriiVjEkYE,com.sec.android.app.shealth,7a7d512d-77ef-48ca-90a2-ae4928c1fb67,2024-12-17 00:00:00.000,
b713fdf7-29b5-48af-9423-4b0341f37f32.binning_data.json,2024-12-19 00:55:02.842,2024-12-18 03:17:48.633,com.sec.android.app.shealth,-2,667,1.2368022,495.93,20.93,VfS0qUERdZ,com.sec.android.app.shealth,b713fdf7-29b5-48af-9423-4b0341f37f32,2024-12-18 00:00:00.000,
651df716-058d-401d-9f87-d4594788dc2b.binning_data.json,2024-12-19 03:00:01.431,2024-12-19 03:00:01.431,com.sec.android.app.shealth,0,667,1.2368022,495.93,20.93,487mnSNu6t,com.sec.android.app.shealth,651df716-058d-401d-9f87-d4594788dc2b,2024-12-18 00:00:00.000,
c4c750a4-0bb9-4a92-a4a5-158854f811d9.binning_data.json,2024-12-20 02:35:02.347,2024-12-19 10:35:47.988,com.sec.android.app.shealth,-2,4096,1.3176842,3092.27,139.51,VfS0qUERdZ,com.sec.android.app.shealth,c4c750a4-0bb9-4a92-a4a5-158854f811d9,2024-12-19 00:00:00.000,
e317b49c-1e31-4ad6-b72a-365f2513f63e.binning_data.json,2024-12-20 03:00:31.595,2024-12-20 03:00:31.595,com.sec.android.app.shealth,0,4096,1.3176842,3092.27,139.51,487mnSNu6t,com.sec.android.app.shealth,e317b49c-1e31-4ad6-b72a-365f2513f63e,2024-12-19 00:00:00.000,
cb0b405c-5b68-481c-9ad3-d36dc678b097.binning_data.json,2024-12-21 03:56:13.016,2024-12-20 10:49:35.613,com.sec.android.app.shealth,-2,5342,1.4106188,4131.06,257.85,VfS0qUERdZ,com.sec.android.app.shealth,cb0b405c-5b68-481c-9ad3-d36dc678b097,2024-12-20 00:00:00.000,
fece5114-51b0-464c-a64f-93a4056d07cd.binning_data.json,2024-12-21 03:30:37.374,2024-12-21 03:30:37.374,com.sec.android.app.shealth,0,4255,1.3228042,3218.7,153.73,487mnSNu6t,com.sec.android.app.shealth,fece5114-51b0-464c-a64f-93a4056d07cd,2024-12-20 00:00:00.000,
50102c4b-fbb3-4738-b094-fc4221769a8d.binning_data.json,2024-12-22 03:35:45.371,2024-12-21 03:31:00.406,com.sec.android.app.shealth,102,4179,1.456335,3269.93,241.74,hriiVjEkYE,com.sec.android.app.shealth,50102c4b-fbb3-4738-b094-fc4221769a8d,2024-12-20 00:00:00.000,
ec97cffa-21ba-47e5-b989-813fffbbca36.binning_data.json,2024-12-22 13:53:59.734,2024-12-21 03:45:55.249,com.sec.android.app.shealth,-2,1656,1.6465741,1345.05,114.53,VfS0qUERdZ,com.sec.android.app.shealth,ec97cffa-21ba-47e5-b989-813fffbbca36,2024-12-21 00:00:00.000,
d66893d4-39f5-431a-a75f-4493daff918d.binning_data.json,2024-12-22 03:35:43.683,2024-12-22 03:35:43.683,com.sec.android.app.shealth,0,251,1.1569492,185.59999,7.94,487mnSNu6t,com.sec.android.app.shealth,d66893d4-39f5-431a-a75f-4493daff918d,2024-12-21 00:00:00.000,
891b230f-48f8-454b-ada9-6c69ffac07c1.binning_data.json,2024-12-23 03:40:50.952,2024-12-22 03:35:45.282,com.sec.android.app.shealth,102,1513,1.708633,1239.07,111.0,hriiVjEkYE,com.sec.android.app.shealth,891b230f-48f8-454b-ada9-6c69ffac07c1,2024-12-21 00:00:00.000,
9676c8ec-966a-418e-b48a-e870a14bf214.binning_data.json,2024-12-23 04:32:22.780,2024-12-22 13:53:59.534,com.sec.android.app.shealth,-2,3413,1.3974917,2635.02,180.53,VfS0qUERdZ,com.sec.android.app.shealth,9676c8ec-966a-418e-b48a-e870a14bf214,2024-12-22 00:00:00.000,
4a4424dd-f685-4139-a20c-294072ff197f.binning_data.json,2024-12-23 03:40:31.890,2024-12-23 03:40:31.890,com.sec.android.app.shealth,0,1558,1.249796,1162.78,48.54,487mnSNu6t,com.sec.android.app.shealth,4a4424dd-f685-4139-a20c-294072ff197f,2024-12-22 00:00:00.000,
3b97291d-b2d9-4fa7-b950-68062019f049.binning_data.json,2024-12-24 03:00:05.712,2024-12-23 03:40:50.420,com.sec.android.app.shealth,102,3050,1.420224,2370.79,182.31999,hriiVjEkYE,com.sec.android.app.shealth,3b97291d-b2d9-4fa7-b950-68062019f049,2024-12-22 00:00:00.000,
da695675-a848-4731-be7b-89e820cf930b.binning_data.json,2024-12-24 02:51:18.538,2024-12-23 04:32:22.460,com.sec.android.app.shealth,-2,7214,1.2931075,5464.36,271.78,VfS0qUERdZ,com.sec.android.app.shealth,da695675-a848-4731-be7b-89e820cf930b,2024-12-23 00:00:00.000,
6d6d43b8-9fec-4d03-a165-4af16cf800d3.binning_data.json,2024-12-24 03:00:04.369,2024-12-24 03:00:04.369,com.sec.android.app.shealth,0,6349,1.2051119,4706.68,195.09,487mnSNu6t,com.sec.android.app.shealth,6d6d43b8-9fec-4d03-a165-4af16cf800d3,2024-12-23 00:00:00.000,
227993e7-28e5-446e-ba63-b8f3f0b46b79.binning_data.json,2024-12-24 03:00:05.706,2024-12-24 03:00:05.706,com.sec.android.app.shealth,102,1147,2.0159028,972.06,89.5,hriiVjEkYE,com.sec.android.app.shealth,227993e7-28e5-446e-ba63-b8f3f0b46b79,2024-12-23 00:00:00.000,
358be154-adbd-4f14-bf70-58cf9abeced5.binning_data.json,2024-12-25 05:43:41.959,2024-12-24 12:54:54.213,com.sec.android.app.shealth,-2,3788,1.3522768,2882.11,144.19,VfS0qUERdZ,com.sec.android.app.shealth,358be154-adbd-4f14-bf70-58cf9abeced5,2024-12-24 00:00:00.000,
b77c7cc3-c60a-45ac-bea9-9df21b768cb6.binning_data.json,2024-12-25 03:00:07.929,2024-12-25 03:00:07.929,com.sec.android.app.shealth,0,3276,1.3441713,2484.08,101.96,487mnSNu6t,com.sec.android.app.shealth,b77c7cc3-c60a-45ac-bea9-9df21b768cb6,2024-12-24 00:00:00.000,
e071997c-39fd-40e1-b323-3b5f0883aee8.binning_data.json,2024-12-26 03:00:16.980,2024-12-25 03:00:09.810,com.sec.android.app.shealth,102,1606,1.3650594,1234.62,95.57,hriiVjEkYE,com.sec.android.app.shealth,e071997c-39fd-40e1-b323-3b5f0883aee8,2024-12-24 00:00:00.000,
6afdfd77-dbf7-4d94-9df1-614cad8eb98b.binning_data.json,2024-12-26 04:45:29.146,2024-12-25 04:25:32.571,com.sec.android.app.shealth,-2,4312,1.3100449,3272.03,235.18,VfS0qUERdZ,com.sec.android.app.shealth,6afdfd77-dbf7-4d94-9df1-614cad8eb98b,2024-12-25 00:00:00.000,
59797816-49fa-4d87-881a-a167ab5408aa.binning_data.json,2024-12-26 03:00:12.732,2024-12-26 03:00:12.732,com.sec.android.app.shealth,0,2000,1.1886705,1477.22,62.86,487mnSNu6t,com.sec.android.app.shealth,59797816-49fa-4d87-881a-a167ab5408aa,2024-12-25 00:00:00.000,
93ceca20-34db-4b2d-95a5-a69ac2fcf3ea.binning_data.json,2024-12-27 03:00:13.691,2024-12-26 03:00:17.035,com.sec.android.app.shealth,102,3832,1.3333255,2921.1,236.28,hriiVjEkYE,com.sec.android.app.shealth,93ceca20-34db-4b2d-95a5-a69ac2fcf3ea,2024-12-25 00:00:00.000,
4ea2f1d6-4fcc-4ef0-9b0f-a9c5f7f00391.binning_data.json,2024-12-27 05:00:41.715,2024-12-26 04:45:28.669,com.sec.android.app.shealth,-2,2445,1.5505549,1946.4401,142.78,VfS0qUERdZ,com.sec.android.app.shealth,4ea2f1d6-4fcc-4ef0-9b0f-a9c5f7f00391,2024-12-26 00:00:00.000,
c995284d-40c7-40ce-86a9-e6faec3650e5.binning_data.json,2024-12-27 03:00:05.646,2024-12-27 03:00:05.646,com.sec.android.app.shealth,0,1280,1.2133254,950.92,40.18,487mnSNu6t,com.sec.android.app.shealth,c995284d-40c7-40ce-86a9-e6faec3650e5,2024-12-26 00:00:00.000,
f52115ad-14fa-4eea-a7b2-f2917fd3a281.binning_data.json,2024-12-28 03:02:30.156,2024-12-27 03:00:13.684,com.sec.android.app.shealth,102,1936,1.6921742,1574.88,136.01,hriiVjEkYE,com.sec.android.app.shealth,f52115ad-14fa-4eea-a7b2-f2917fd3a281,2024-12-26 00:00:00.000,
4cb2ef2a-14da-4cf5-a0bf-f264c11ecc1e.binning_data.json,2024-12-28 04:18:37.545,2024-12-27 03:11:27.167,com.sec.android.app.shealth,-2,2100,1.2773932,1588.68,96.909996,VfS0qUERdZ,com.sec.android.app.shealth,4cb2ef2a-14da-4cf5-a0bf-f264c11ecc1e,2024-12-27 00:00:00.000,
684799f4-9388-4e37-8acc-41b39c3c8b34.binning_data.json,2024-12-28 03:01:48.373,2024-12-28 03:01:48.373,com.sec.android.app.shealth,0,1122,1.2093594,834.56,35.69,487mnSNu6t,com.sec.android.app.shealth,684799f4-9388-4e37-8acc-41b39c3c8b34,2024-12-27 00:00:00.000,
d9a5ff37-adc2-414d-99aa-450e39899026.binning_data.json,2024-12-29 03:00:05.175,2024-12-28 03:02:30.175,com.sec.android.app.shealth,102,1361,1.3144909,1039.03,78.87,hriiVjEkYE,com.sec.android.app.shealth,d9a5ff37-adc2-414d-99aa-450e39899026,2024-12-27 00:00:00.000,
631d2c40-c0da-4bf6-9cd6-e50627681551.binning_data.json,2024-12-29 15:30:43.388,2024-12-28 04:03:52.833,com.sec.android.app.shealth,-2,1429,1.612163,1156.3,84.56,VfS0qUERdZ,com.sec.android.app.shealth,631d2c40-c0da-4bf6-9cd6-e50627681551,2024-12-28 00:00:00.000,
533f62ef-37fd-49a9-b30b-3e63412ab516.binning_data.json,2024-12-29 03:00:03.511,2024-12-29 03:00:03.511,com.sec.android.app.shealth,0,896,1.1767441,662.22,28.1,487mnSNu6t,com.sec.android.app.shealth,533f62ef-37fd-49a9-b30b-3e63412ab516,2024-12-28 00:00:00.000,
6cbabe65-da7d-47f1-b8e0-dd4d0892c982.binning_data.json,2024-12-30 03:00:09.484,2024-12-29 03:00:05.172,com.sec.android.app.shealth,102,550,3.0381885,506.22,57.510002,hriiVjEkYE,com.sec.android.app.shealth,6cbabe65-da7d-47f1-b8e0-dd4d0892c982,2024-12-28 00:00:00.000,
fe15a0da-a15c-4018-8fcf-9a3c18a72b34.binning_data.json,2024-12-30 11:08:09.670,2024-12-29 15:30:43.026,com.sec.android.app.shealth,-2,2120,1.3493394,1616.59,105.02,VfS0qUERdZ,com.sec.android.app.shealth,fe15a0da-a15c-4018-8fcf-9a3c18a72b34,2024-12-29 00:00:00.000,
9b9df4cf-47aa-44c0-aa62-aee2c53d6c3d.binning_data.json,2024-12-30 03:00:07.620,2024-12-30 03:00:07.620,com.sec.android.app.shealth,0,1492,1.2836312,1120.91,46.829998,487mnSNu6t,com.sec.android.app.shealth,9b9df4cf-47aa-44c0-aa62-aee2c53d6c3d,2024-12-29 00:00:00.000,
e74221b3-2d0d-488b-a75d-89d2fb8d88d8.binning_data.json,2024-12-31 03:00:18.030,2024-12-30 03:00:09.503,com.sec.android.app.shealth,102,1744,1.3753121,1338.37,105.36,hriiVjEkYE,com.sec.android.app.shealth,e74221b3-2d0d-488b-a75d-89d2fb8d88d8,2024-12-29 00:00:00.000,
7096b3b6-2b25-4378-a032-4d89b226e780.binning_data.json,2024-12-31 01:52:10.943,2024-12-30 03:19:40.442,com.sec.android.app.shealth,-2,5485,1.4257499,4229.78,221.37,VfS0qUERdZ,com.sec.android.app.shealth,7096b3b6-2b25-4378-a032-4d89b226e780,2024-12-30 00:00:00.000,
d86e51d5-4586-4374-943a-191e1eb95a5b.binning_data.json,2024-12-31 03:00:16.739,2024-12-31 03:00:16.739,com.sec.android.app.shealth,0,4589,1.3288655,3463.53,140.62,487mnSNu6t,com.sec.android.app.shealth,d86e51d5-4586-4374-943a-191e1eb95a5b,2024-12-30 00:00:00.000,
ec8f3e84-0a1d-4ff7-b486-557388f72f40.binning_data.json,2025-01-01 03:00:04.540,2024-12-31 03:00:18.025,com.sec.android.app.shealth,102,1183,1.8647621,982.43,92.79,hriiVjEkYE,com.sec.android.app.shealth,ec8f3e84-0a1d-4ff7-b486-557388f72f40,2024-12-30 00:00:00.000,
80e71a54-4633-43e1-a269-46e190143e49.binning_data.json,2025-01-01 05:20:49.000,2024-12-31 03:15:01.580,com.sec.android.app.shealth,-2,1854,1.2591416,1392.8,83.32,VfS0qUERdZ,com.sec.android.app.shealth,80e71a54-4633-43e1-a269-46e190143e49,2024-12-31 00:00:00.000,
70aff37e-ac47-447e-9873-d31a26fb7ef7.binning_data.json,2025-01-01 03:00:02.990,2025-01-01 03:00:02.990,com.sec.android.app.shealth,0,1421,1.2113036,1055.65,44.48,487mnSNu6t,com.sec.android.app.shealth,70aff37e-ac47-447e-9873-d31a26fb7ef7,2024-12-31 00:00:00.000,
cb4f5740-1ae5-4ad8-a3db-620f77e02c43.binning_data.json,2025-01-02 03:00:13.061,2025-01-01 03:00:04.585,com.sec.android.app.shealth,102,1154,1.3358427,881.8,70.75,hriiVjEkYE,com.sec.android.app.shealth,cb4f5740-1ae5-4ad8-a3db-620f77e02c43,2024-12-31 00:00:00.000,
e352bed2-2e10-4377-ae10-a9224beb4700.binning_data.json,2025-01-02 11:55:06.708,2025-01-01 03:40:01.447,com.sec.android.app.shealth,-2,3397,1.4846795,2688.51,217.06,VfS0qUERdZ,com.sec.android.app.shealth,e352bed2-2e10-4377-ae10-a9224beb4700,2025-01-01 00:00:00.000,
6b9ea47e-8d2d-4d43-b455-8eaebaccaa39.binning_data.json,2025-01-02 03:00:08.707,2025-01-02 03:00:08.707,com.sec.android.app.shealth,0,1446,1.1627461,1071.28,46.45,487mnSNu6t,com.sec.android.app.shealth,6b9ea47e-8d2d-4d43-b455-8eaebaccaa39,2025-01-01 00:00:00.000,
a4413b89-b418-446d-b59a-beffec35347b.binning_data.json,2025-01-03 03:00:05.274,2025-01-02 03:00:13.079,com.sec.android.app.shealth,102,3135,1.525849,2493.65,222.0,hriiVjEkYE,com.sec.android.app.shealth,a4413b89-b418-446d-b59a-beffec35347b,2025-01-01 00:00:00.000,
e0b3d22e-0fc0-4a58-ba92-4a14e587dc04.binning_data.json,2025-01-03 02:53:49.867,2025-01-02 11:44:52.541,com.sec.android.app.shealth,-2,616,1.2732428,460.11,19.3,VfS0qUERdZ,com.sec.android.app.shealth,e0b3d22e-0fc0-4a58-ba92-4a14e587dc04,2025-01-02 00:00:00.000,
394e92c4-cec1-49a7-a906-845b258b7968.binning_data.json,2025-01-03 03:00:04.170,2025-01-03 03:00:04.170,com.sec.android.app.shealth,0,616,1.2732428,460.11,19.3,487mnSNu6t,com.sec.android.app.shealth,394e92c4-cec1-49a7-a906-845b258b7968,2025-01-02 00:00:00.000,
d74df67f-0240-44d3-ba5b-18494c457007.binning_data.json,2025-01-04 05:15:17.925,2025-01-03 12:11:33.904,com.sec.android.app.shealth,-2,1698,1.2829614,1279.64,61.27,VfS0qUERdZ,com.sec.android.app.shealth,d74df67f-0240-44d3-ba5b-18494c457007,2025-01-03 00:00:00.000,
47bbc564-0807-4835-98b8-fdedd872cca3.binning_data.json,2025-01-04 03:00:02.583,2025-01-04 03:00:02.583,com.sec.android.app.shealth,0,1504,1.2625493,1127.7,47.239998,487mnSNu6t,com.sec.android.app.shealth,47bbc564-0807-4835-98b8-fdedd872cca3,2025-01-03 00:00:00.000,
a7d921fe-6846-4b0c-b8a2-132f7fbf5916.binning_data.json,2025-01-05 03:06:50.462,2025-01-04 03:00:03.271,com.sec.android.app.shealth,102,638,1.2927315,483.77,36.34,hriiVjEkYE,com.sec.android.app.shealth,a7d921fe-6846-4b0c-b8a2-132f7fbf5916,2025-01-03 00:00:00.000,
f501a1f9-3503-41ce-860f-648504b2ccab.binning_data.json,2025-01-05 15:17:35.234,2025-01-04 03:55:53.106,com.sec.android.app.shealth,-2,2650,1.420738,2058.54,163.09,VfS0qUERdZ,com.sec.android.app.shealth,f501a1f9-3503-41ce-860f-648504b2ccab,2025-01-04 00:00:00.000,
ad630403-de68-4fe2-b778-871bab21a86a.binning_data.json,2025-01-05 03:06:48.934,2025-01-05 03:06:48.934,com.sec.android.app.shealth,0,1162,1.195153,858.57,36.08,487mnSNu6t,com.sec.android.app.shealth,ad630403-de68-4fe2-b778-871bab21a86a,2025-01-04 00:00:00.000,
f45c4792-5904-4b8a-b312-9263cc4a1c20.binning_data.json,2025-01-06 03:59:50.478,2025-01-05 03:06:50.490,com.sec.android.app.shealth,102,2525,1.439502,1969.96,168.20999,hriiVjEkYE,com.sec.android.app.shealth,f45c4792-5904-4b8a-b312-9263cc4a1c20,2025-01-04 00:00:00.000,
2ae27435-818e-4a48-b364-8169fe823281.binning_data.json,2025-01-06 02:15:05.922,2025-01-05 03:08:25.119,com.sec.android.app.shealth,-2,4275,1.3892239,3315.23,267.15,VfS0qUERdZ,com.sec.android.app.shealth,2ae27435-818e-4a48-b364-8169fe823281,2025-01-05 00:00:00.000,
e5ab71cf-b19a-4936-9cf5-90a044a5952a.binning_data.json,2025-01-06 03:59:32.631,2025-01-06 03:59:32.631,com.sec.android.app.shealth,0,3264,1.3139095,2491.27,189.14,487mnSNu6t,com.sec.android.app.shealth,e5ab71cf-b19a-4936-9cf5-90a044a5952a,2025-01-05 00:00:00.000,
b2fd4183-b33b-4d56-ac93-90e364831326.binning_data.json,2025-01-06 03:59:51.664,2025-01-06 03:59:51.664,com.sec.android.app.shealth,102,1187,1.5784452,953.02,86.91,hriiVjEkYE,com.sec.android.app.shealth,b2fd4183-b33b-4d56-ac93-90e364831326,2025-01-05 00:00:00.000,
b405218f-c4c0-4ffb-8b66-2818d744c350.binning_data.json,2025-01-07 11:02:41.923,2025-01-06 04:07:21.604,com.sec.android.app.shealth,-2,2567,1.4261518,2007.17,169.86,VfS0qUERdZ,com.sec.android.app.shealth,b405218f-c4c0-4ffb-8b66-2818d744c350,2025-01-06 00:00:00.000,
a1a3544b-898d-4b34-b757-96eb4d4f73ab.binning_data.json,2025-01-07 03:00:07.348,2025-01-07 03:00:07.348,com.sec.android.app.shealth,0,1520,1.211569,1145.0701,89.06999,487mnSNu6t,com.sec.android.app.shealth,a1a3544b-898d-4b34-b757-96eb4d4f73ab,2025-01-06 00:00:00.000,
ce67284c-1924-4e2d-97ae-31f211f53065.binning_data.json,2025-01-08 03:00:27.222,2025-01-07 03:00:08.765,com.sec.android.app.shealth,102,1858,1.5240605,1471.76,128.45,hriiVjEkYE,com.sec.android.app.shealth,ce67284c-1924-4e2d-97ae-31f211f53065,2025-01-06 00:00:00.000,
737e2fb7-24bc-45fb-b6d4-ae89ebddfef9.binning_data.json,2025-01-08 02:53:08.071,2025-01-07 11:02:41.543,com.sec.android.app.shealth,-2,3403,1.3511007,2614.93,203.53,VfS0qUERdZ,com.sec.android.app.shealth,737e2fb7-24bc-45fb-b6d4-ae89ebddfef9,2025-01-07 00:00:00.000,
75782967-ca93-4002-bf4f-f710095aa692.binning_data.json,2025-01-08 03:00:25.755,2025-01-08 03:00:25.755,com.sec.android.app.shealth,0,2007,1.2798697,1526.28,118.01,487mnSNu6t,com.sec.android.app.shealth,75782967-ca93-4002-bf4f-f710095aa692,2025-01-07 00:00:00.000,
f0a9d7c7-282c-459a-97c6-16ab38a95b1f.binning_data.json,2025-01-08 03:00:27.219,2025-01-08 03:00:27.219,com.sec.android.app.shealth,102,2566,1.3734671,1974.51,154.51,hriiVjEkYE,com.sec.android.app.shealth,f0a9d7c7-282c-459a-97c6-16ab38a95b1f,2025-01-07 00:00:00.000,
0ee1b8a6-1ba3-47ca-8da1-767ec939c954.binning_data.json,2025-01-09 01:38:52.082,2025-01-08 11:35:17.142,com.sec.android.app.shealth,-2,1374,1.3103946,1051.53,78.51,VfS0qUERdZ,com.sec.android.app.shealth,0ee1b8a6-1ba3-47ca-8da1-767ec939c954,2025-01-08 00:00:00.000,
fe63107f-3e71-4276-a481-eaaa30fb1a0b.binning_data.json,2025-01-09 03:00:28.835,2025-01-09 03:00:28.835,com.sec.android.app.shealth,0,1095,1.3257858,842.16,64.68,487mnSNu6t,com.sec.android.app.shealth,fe63107f-3e71-4276-a481-eaaa30fb1a0b,2025-01-08 00:00:00.000,
4d5e9b04-7fad-4bf6-a533-dd243e963ff4.binning_data.json,2025-01-09 03:01:05.172,2025-01-09 03:01:05.172,com.sec.android.app.shealth,102,632,1.3054633,480.56,33.879997,hriiVjEkYE,com.sec.android.app.shealth,4d5e9b04-7fad-4bf6-a533-dd243e963ff4,2025-01-08 00:00:00.000,
43b95988-5762-4619-b661-a75f89d48eb1.binning_data.json,2025-01-10 10:40:49.573,2025-01-09 10:08:32.935,com.sec.android.app.shealth,-2,4357,1.4427893,3409.86,266.01,VfS0qUERdZ,com.sec.android.app.shealth,43b95988-5762-4619-b661-a75f89d48eb1,2025-01-09 00:00:00.000,
8ca86737-7ae9-4703-a4e6-ab47433bfff9.binning_data.json,2025-01-10 03:00:21.568,2025-01-10 03:00:21.568,com.sec.android.app.shealth,0,3477,1.2896757,2650.05,206.86,487mnSNu6t,com.sec.android.app.shealth,8ca86737-7ae9-4703-a4e6-ab47433bfff9,2025-01-09 00:00:00.000,
11280312-bdc9-4028-b424-99ce5ae2ff3e.binning_data.json,2025-01-11 11:14:11.848,2025-01-10 03:00:38.569,com.sec.android.app.shealth,102,3902,1.4662073,3061.58,233.24,hriiVjEkYE,com.sec.android.app.shealth,11280312-bdc9-4028-b424-99ce5ae2ff3e,2025-01-09 00:00:00.000,
03c6b6fb-bdcf-4ebd-80b7-2e48019593c6.binning_data.json,2025-01-11 18:28:19.739,2025-01-10 10:36:01.560,com.sec.android.app.shealth,-2,5419,1.2369514,4096.69,323.12,VfS0qUERdZ,com.sec.android.app.shealth,03c6b6fb-bdcf-4ebd-80b7-2e48019593c6,2025-01-10 00:00:00.000,
548922e4-41b0-4048-b6f0-159183755000.binning_data.json,2025-01-11 11:14:05.697,2025-01-11 11:14:05.697,com.sec.android.app.shealth,0,5202,1.2229279,3922.0298,309.83,487mnSNu6t,com.sec.android.app.shealth,548922e4-41b0-4048-b6f0-159183755000,2025-01-10 00:00:00.000,
19d67e4d-c639-4183-bf2d-0de98679c9e7.binning_data.json,2025-01-12 03:02:02.742,2025-01-11 11:14:11.843,com.sec.android.app.shealth,102,894,1.4621651,698.36,54.55,hriiVjEkYE,com.sec.android.app.shealth,19d67e4d-c639-4183-bf2d-0de98679c9e7,2025-01-10 00:00:00.000,
42748621-b991-480d-b4a3-1ed1c15b7d61.binning_data.json,2025-01-12 02:45:09.939,2025-01-11 11:53:26.630,com.sec.android.app.shealth,-2,3207,1.4098846,2486.62,167.59,VfS0qUERdZ,com.sec.android.app.shealth,42748621-b991-480d-b4a3-1ed1c15b7d61,2025-01-11 00:00:00.000,
2ec78aa6-9f32-4e5a-b69f-ef68f9c4cfbe.binning_data.json,2025-01-12 03:01:57.801,2025-01-12 03:01:57.801,com.sec.android.app.shealth,0,2325,1.2289883,1728.31,78.009995,487mnSNu6t,com.sec.android.app.shealth,2ec78aa6-9f32-4e5a-b69f-ef68f9c4cfbe,2025-01-11 00:00:00.000,
2b9c8785-ff2c-48bf-a37d-350afbb829d0.binning_data.json,2025-01-12 03:02:02.731,2025-01-12 03:02:02.731,com.sec.android.app.shealth,102,2716,1.4647708,2130.56,164.37999,hriiVjEkYE,com.sec.android.app.shealth,2b9c8785-ff2c-48bf-a37d-350afbb829d0,2025-01-11 00:00:00.000,
da2075da-77ab-4053-a2cc-99f8b9cfba07.binning_data.json,2025-01-13 16:10:24.340,2025-01-12 03:10:57.494,com.sec.android.app.shealth,-2,3894,1.2977884,2947.76,186.21,VfS0qUERdZ,com.sec.android.app.shealth,da2075da-77ab-4053-a2cc-99f8b9cfba07,2025-01-12 00:00:00.000,
f6d66577-b069-471c-9244-97f85326c3c1.binning_data.json,2025-01-13 03:00:04.971,2025-01-13 03:00:04.971,com.sec.android.app.shealth,0,2070,1.1809711,1524.99,63.44,487mnSNu6t,com.sec.android.app.shealth,f6d66577-b069-471c-9244-97f85326c3c1,2025-01-12 00:00:00.000,
1bdc9927-bf0f-4246-b3be-369e72b61606.binning_data.json,2025-01-14 03:00:25.879,2025-01-13 03:00:06.216,com.sec.android.app.shealth,102,3655,1.3362982,2788.25,197.74,hriiVjEkYE,com.sec.android.app.shealth,1bdc9927-bf0f-4246-b3be-369e72b61606,2025-01-12 00:00:00.000,
212ed86d-125a-4566-8ccb-adf8a013683c.binning_data.json,2025-01-14 02:31:40.813,2025-01-13 10:06:31.759,com.sec.android.app.shealth,-2,1847,1.4384665,1442.92,89.72,VfS0qUERdZ,com.sec.android.app.shealth,212ed86d-125a-4566-8ccb-adf8a013683c,2025-01-13 00:00:00.000,
315822f9-7a61-482e-b2e8-b0c1d949e00d.binning_data.json,2025-01-14 03:00:24.694,2025-01-14 03:00:24.694,com.sec.android.app.shealth,0,1262,1.2321328,940.85,39.6,487mnSNu6t,com.sec.android.app.shealth,315822f9-7a61-482e-b2e8-b0c1d949e00d,2025-01-13 00:00:00.000,
7f158085-fd95-4d44-b5a4-513eddba31c9.binning_data.json,2025-01-14 03:00:25.873,2025-01-14 03:00:25.873,com.sec.android.app.shealth,102,760,1.8739023,636.14,60.64,hriiVjEkYE,com.sec.android.app.shealth,7f158085-fd95-4d44-b5a4-513eddba31c9,2025-01-13 00:00:00.000,
1a06d1f9-908f-49e6-93b0-1edc0d7eb7ad.binning_data.json,2025-01-15 02:29:18.792,2025-01-14 04:03:20.785,com.sec.android.app.shealth,-2,2522,1.5117116,1994.87,149.81,VfS0qUERdZ,com.sec.android.app.shealth,1a06d1f9-908f-49e6-93b0-1edc0d7eb7ad,2025-01-14 00:00:00.000,
1af0f566-0014-4b4b-b7e5-632a67ed7f8e.binning_data.json,2025-01-15 03:01:05.826,2025-01-15 03:01:05.826,com.sec.android.app.shealth,0,1097,1.2379267,819.07,34.48,487mnSNu6t,com.sec.android.app.shealth,1af0f566-0014-4b4b-b7e5-632a67ed7f8e,2025-01-14 00:00:00.000,
972d2d0e-3e79-48b1-a575-da854126efe3.binning_data.json,2025-01-15 03:01:08.921,2025-01-15 03:01:08.921,com.sec.android.app.shealth,102,1777,1.6587211,1439.42,134.79,hriiVjEkYE,com.sec.android.app.shealth,972d2d0e-3e79-48b1-a575-da854126efe3,2025-01-14 00:00:00.000,
e02fdfa4-b085-4fd3-a05a-ed4672284f64.binning_data.json,2025-01-16 04:18:59.196,2025-01-15 04:02:00.281,com.sec.android.app.shealth,-2,2103,1.720059,1726.96,132.31999,VfS0qUERdZ,com.sec.android.app.shealth,e02fdfa4-b085-4fd3-a05a-ed4672284f64,2025-01-15 00:00:00.000,
bb3861cf-0073-4b69-9771-7af305d82140.binning_data.json,2025-01-16 03:00:03.542,2025-01-16 03:00:03.542,com.sec.android.app.shealth,0,1243,1.2096124,924.05,39.17,487mnSNu6t,com.sec.android.app.shealth,bb3861cf-0073-4b69-9771-7af305d82140,2025-01-15 00:00:00.000,
e87cb3e5-291d-4d22-b910-adc2c1243c9a.binning_data.json,2025-01-17 03:00:14.764,2025-01-16 03:00:04.822,com.sec.android.app.shealth,102,868,3.2868922,808.69,93.409996,hriiVjEkYE,com.sec.android.app.shealth,e87cb3e5-291d-4d22-b910-adc2c1243c9a,2025-01-15 00:00:00.000,
537cf83b-376a-40ef-996f-e5dacc7536b5.binning_data.json,2025-01-17 03:00:14.494,2025-01-16 04:18:59.002,com.sec.android.app.shealth,-2,3938,1.4349271,3075.04,250.37,VfS0qUERdZ,com.sec.android.app.shealth,537cf83b-376a-40ef-996f-e5dacc7536b5,2025-01-16 00:00:00.000,
e9d7924f-1d02-4340-9eb4-c7c280148f36.binning_data.json,2025-01-17 03:00:09.971,2025-01-17 03:00:09.971,com.sec.android.app.shealth,0,3054,1.308135,2332.59,181.68,487mnSNu6t,com.sec.android.app.shealth,e9d7924f-1d02-4340-9eb4-c7c280148f36,2025-01-16 00:00:00.000,
0f1f891d-3ca5-4cb4-8f72-c02bddff3086.binning_data.json,2025-01-17 03:00:14.790,2025-01-17 03:00:14.790,com.sec.android.app.shealth,102,3535,1.4902978,2777.45,229.66,hriiVjEkYE,com.sec.android.app.shealth,0f1f891d-3ca5-4cb4-8f72-c02bddff3086,2025-01-16 00:00:00.000,
a09ef2cb-31cd-492f-8a6f-2e5969f640c2.binning_data.json,2025-01-18 02:44:00.905,2025-01-17 03:21:36.071,com.sec.android.app.shealth,-2,2164,1.2370976,1636.28,131.05,VfS0qUERdZ,com.sec.android.app.shealth,a09ef2cb-31cd-492f-8a6f-2e5969f640c2,2025-01-17 00:00:00.000,
43a09465-4453-40d8-97d2-e53f40d4884c.binning_data.json,2025-01-18 03:00:03.454,2025-01-18 03:00:03.454,com.sec.android.app.shealth,0,1905,1.2063321,1430.9299,112.01,487mnSNu6t,com.sec.android.app.shealth,43a09465-4453-40d8-97d2-e53f40d4884c,2025-01-17 00:00:00.000,
0f32c92c-4f4b-4309-b6b2-e2c56a66aaac.binning_data.json,2025-01-20 03:00:03.453,2025-01-18 03:00:05.039,com.sec.android.app.shealth,102,480,1.3805534,371.86002,32.42,hriiVjEkYE,com.sec.android.app.shealth,0f32c92c-4f4b-4309-b6b2-e2c56a66aaac,2025-01-17 00:00:00.000,
e9015499-f081-45db-bd73-2b45ef720320.binning_data.json,2025-01-19 00:15:42.808,2025-01-18 12:47:36.789,com.sec.android.app.shealth,-2,1055,1.2136434,795.02,61.91,VfS0qUERdZ,com.sec.android.app.shealth,e9015499-f081-45db-bd73-2b45ef720320,2025-01-18 00:00:00.000,
2a641c13-84c4-4730-ab31-a176c14fb6a2.binning_data.json,2025-01-19 13:42:07.884,2025-01-19 13:42:07.884,com.sec.android.app.shealth,0,1055,1.2136434,795.02,61.91,487mnSNu6t,com.sec.android.app.shealth,2a641c13-84c4-4730-ab31-a176c14fb6a2,2025-01-18 00:00:00.000,
93fb1e77-a12e-41eb-893d-ae0ae393a6a2.binning_data.json,2025-01-20 02:55:15.827,2025-01-19 13:55:01.586,com.sec.android.app.shealth,-2,1626,1.2604501,1233.7,95.01,VfS0qUERdZ,com.sec.android.app.shealth,93fb1e77-a12e-41eb-893d-ae0ae393a6a2,2025-01-19 00:00:00.000,
dfbc8d8a-3068-4410-a1e7-64521c163095.binning_data.json,2025-01-20 03:00:01.971,2025-01-20 03:00:01.971,com.sec.android.app.shealth,0,1626,1.2604501,1233.7,95.01,487mnSNu6t,com.sec.android.app.shealth,dfbc8d8a-3068-4410-a1e7-64521c163095,2025-01-19 00:00:00.000,
f187ce99-fec3-4737-997a-45762ee868ba.binning_data.json,2025-01-21 00:38:06.980,2025-01-20 11:15:07.233,com.sec.android.app.shealth,-2,1866,1.3856927,1437.66,92.44,VfS0qUERdZ,com.sec.android.app.shealth,f187ce99-fec3-4737-997a-45762ee868ba,2025-01-20 00:00:00.000,
a6402851-aaf7-4771-89ca-3c4f966d0318.binning_data.json,2025-01-21 03:00:04.421,2025-01-21 03:00:04.421,com.sec.android.app.shealth,0,1127,1.2214376,838.64,38.54,487mnSNu6t,com.sec.android.app.shealth,a6402851-aaf7-4771-89ca-3c4f966d0318,2025-01-20 00:00:00.000,
e997654c-c63f-4135-88e2-734dba060dc2.binning_data.json,2025-01-21 03:00:05.620,2025-01-21 03:00:05.620,com.sec.android.app.shealth,102,1347,1.5130857,1061.62,83.840004,hriiVjEkYE,com.sec.android.app.shealth,e997654c-c63f-4135-88e2-734dba060dc2,2025-01-20 00:00:00.000,
07422770-c2f3-4dfc-a362-b714804d7439.binning_data.json,2025-01-22 02:17:37.178,2025-01-21 11:20:31.339,com.sec.android.app.shealth,-2,1516,1.2555248,1135.18,56.7,VfS0qUERdZ,com.sec.android.app.shealth,07422770-c2f3-4dfc-a362-b714804d7439,2025-01-21 00:00:00.000,
d236d295-e57e-4e64-af9b-6c4675ae50ad.binning_data.json,2025-01-22 03:00:11.659,2025-01-22 03:00:11.659,com.sec.android.app.shealth,0,1226,1.2239047,911.07,38.63,487mnSNu6t,com.sec.android.app.shealth,d236d295-e57e-4e64-af9b-6c4675ae50ad,2025-01-21 00:00:00.000,
f1e1658b-0b65-4953-8632-ceb6d40cb25b.binning_data.json,2025-01-22 03:00:12.978,2025-01-22 03:00:12.978,com.sec.android.app.shealth,102,501,1.2925798,379.66,28.87,hriiVjEkYE,com.sec.android.app.shealth,f1e1658b-0b65-4953-8632-ceb6d40cb25b,2025-01-21 00:00:00.000,
1a0e3649-af23-4540-b63e-51fb9b7ab1f9.binning_data.json,2025-01-23 10:25:31.452,2025-01-22 10:16:34.270,com.sec.android.app.shealth,-2,3518,1.2931029,2644.38,133.62,VfS0qUERdZ,com.sec.android.app.shealth,1a0e3649-af23-4540-b63e-51fb9b7ab1f9,2025-01-22 00:00:00.000,
38c98dfb-a7fa-4feb-bced-417dfe33a02a.binning_data.json,2025-01-23 03:43:48.784,2025-01-23 03:43:48.784,com.sec.android.app.shealth,0,3179,1.2753267,2378.2,97.56,487mnSNu6t,com.sec.android.app.shealth,38c98dfb-a7fa-4feb-bced-417dfe33a02a,2025-01-22 00:00:00.000,
39c2aca4-f2f8-4e7b-a46a-941e93e5e494.binning_data.json,2025-01-24 03:00:05.350,2025-01-23 03:44:16.684,com.sec.android.app.shealth,102,1258,1.3431946,960.4,73.26,hriiVjEkYE,com.sec.android.app.shealth,39c2aca4-f2f8-4e7b-a46a-941e93e5e494,2025-01-22 00:00:00.000,
ba52a074-d0f2-4713-a2b9-a9b32bef0ebf.binning_data.json,2025-01-24 02:02:23.751,2025-01-23 10:35:23.516,com.sec.android.app.shealth,-2,4521,1.4248359,3498.24,230.53,VfS0qUERdZ,com.sec.android.app.shealth,ba52a074-d0f2-4713-a2b9-a9b32bef0ebf,2025-01-23 00:00:00.000,
6e432e9d-5e5c-428e-aef5-abd729940a8c.binning_data.json,2025-01-24 03:00:03.342,2025-01-24 03:00:03.342,com.sec.android.app.shealth,0,3369,1.2904233,2525.35,103.39,487mnSNu6t,com.sec.android.app.shealth,6e432e9d-5e5c-428e-aef5-abd729940a8c,2025-01-23 00:00:00.000,
ff79118d-efd2-441d-9ee5-dd7f131db4f5.binning_data.json,2025-01-24 03:00:05.344,2025-01-24 03:00:05.344,com.sec.android.app.shealth,102,3996,1.4772192,3135.1,261.1,hriiVjEkYE,com.sec.android.app.shealth,ff79118d-efd2-441d-9ee5-dd7f131db4f5,2025-01-23 00:00:00.000,
0474a920-b558-4978-926c-beb89a963cb0.binning_data.json,2025-01-25 09:33:04.003,2025-01-24 11:35:01.314,com.sec.android.app.shealth,-2,2761,1.4311671,2153.2,150.22,VfS0qUERdZ,com.sec.android.app.shealth,0474a920-b558-4978-926c-beb89a963cb0,2025-01-24 00:00:00.000,
0621a13b-d3fb-4756-86ab-e7e54ea51a8b.binning_data.json,2025-01-25 03:00:03.361,2025-01-25 03:00:03.361,com.sec.android.app.shealth,0,1427,1.2717671,1068.07,44.59,487mnSNu6t,com.sec.android.app.shealth,0621a13b-d3fb-4756-86ab-e7e54ea51a8b,2025-01-24 00:00:00.000,
5d37bf49-f324-4df6-94c5-df262202f085.binning_data.json,2025-01-26 03:00:12.108,2025-01-25 03:00:04.922,com.sec.android.app.shealth,102,1757,1.5761377,1409.83,126.24,hriiVjEkYE,com.sec.android.app.shealth,5d37bf49-f324-4df6-94c5-df262202f085,2025-01-24 00:00:00.000,
5360236f-1410-407f-85e3-5a383dd00435.binning_data.json,2025-01-26 04:05:56.816,2025-01-25 09:33:03.529,com.sec.android.app.shealth,-2,1963,1.3546195,1499.71,91.3,VfS0qUERdZ,com.sec.android.app.shealth,5360236f-1410-407f-85e3-5a383dd00435,2025-01-25 00:00:00.000,
adcf5c33-43a3-4f23-90b8-4f8226202d65.binning_data.json,2025-01-26 03:00:10.801,2025-01-26 03:00:10.801,com.sec.android.app.shealth,0,1236,1.2877457,928.73,38.14,487mnSNu6t,com.sec.android.app.shealth,adcf5c33-43a3-4f23-90b8-4f8226202d65,2025-01-25 00:00:00.000,
ef0dfca6-fe71-4192-8ac0-2205f6fda4e4.binning_data.json,2025-01-27 03:00:20.604,2025-01-26 03:00:12.123,com.sec.android.app.shealth,102,1382,1.3960931,1067.38,86.18,hriiVjEkYE,com.sec.android.app.shealth,ef0dfca6-fe71-4192-8ac0-2205f6fda4e4,2025-01-25 00:00:00.000,
312f4d14-2a7e-4950-a1ae-c6d89874246e.binning_data.json,2025-01-27 15:07:54.096,2025-01-26 03:12:03.750,com.sec.android.app.shealth,-2,6529,1.4165746,5012.85,252.29001,VfS0qUERdZ,com.sec.android.app.shealth,312f4d14-2a7e-4950-a1ae-c6d89874246e,2025-01-26 00:00:00.000,
21945da9-0ed7-4862-b15c-67b14e54ee8f.binning_data.json,2025-01-27 03:00:15.957,2025-01-27 03:00:15.957,com.sec.android.app.shealth,0,5614,1.3335512,4232.0,170.38,487mnSNu6t,com.sec.android.app.shealth,21945da9-0ed7-4862-b15c-67b14e54ee8f,2025-01-26 00:00:00.000,
962d3ef8-028a-4b98-9dc5-f2d377b8f131.binning_data.json,2025-01-28 03:00:04.500,2025-01-27 03:00:20.600,com.sec.android.app.shealth,102,1168,1.8378109,967.52,91.33,hriiVjEkYE,com.sec.android.app.shealth,962d3ef8-028a-4b98-9dc5-f2d377b8f131,2025-01-26 00:00:00.000,
d6c59b8b-9b1f-4fbe-a889-f9060bc47c9a.binning_data.json,2025-01-28 01:25:20.331,2025-01-27 10:15:03.034,com.sec.android.app.shealth,-2,5504,1.5307882,4308.84,260.24,VfS0qUERdZ,com.sec.android.app.shealth,d6c59b8b-9b1f-4fbe-a889-f9060bc47c9a,2025-01-27 00:00:00.000,
a9ef4104-1802-4650-ab22-d6ac33e1e9d3.binning_data.json,2025-01-28 03:00:04.003,2025-01-28 03:00:04.003,com.sec.android.app.shealth,0,4186,1.4578098,3212.52,127.03,487mnSNu6t,com.sec.android.app.shealth,a9ef4104-1802-4650-ab22-d6ac33e1e9d3,2025-01-27 00:00:00.000,
53ca4a6a-3b15-41e4-87e1-11468903fafd.binning_data.json,2025-01-28 03:00:04.513,2025-01-28 03:00:04.513,com.sec.android.app.shealth,102,4885,1.5971208,3897.29,310.1,hriiVjEkYE,com.sec.android.app.shealth,53ca4a6a-3b15-41e4-87e1-11468903fafd,2025-01-27 00:00:00.000,
3e87c64e-66cb-447d-8135-806d0b6b0bfc.binning_data.json,2025-01-29 01:14:10.052,2025-01-28 10:47:04.015,com.sec.android.app.shealth,-2,1427,1.6387998,1154.79,101.15,VfS0qUERdZ,com.sec.android.app.shealth,3e87c64e-66cb-447d-8135-806d0b6b0bfc,2025-01-28 00:00:00.000,
46c8cbde-521c-4ece-8985-c5eaeed3d229.binning_data.json,2025-01-29 03:00:17.748,2025-01-29 03:00:17.748,com.sec.android.app.shealth,0,338,1.2007269,249.78,10.679999,487mnSNu6t,com.sec.android.app.shealth,46c8cbde-521c-4ece-8985-c5eaeed3d229,2025-01-28 00:00:00.000,
d9639c5e-8b59-437a-88c3-8f65a215105a.binning_data.json,2025-01-29 03:00:26.806,2025-01-29 03:00:26.806,com.sec.android.app.shealth,102,1222,1.7271712,1003.43,95.33,hriiVjEkYE,com.sec.android.app.shealth,d9639c5e-8b59-437a-88c3-8f65a215105a,2025-01-28 00:00:00.000,
967d0c7d-2cfa-4d27-aedb-59d38ae80771.binning_data.json,2025-01-30 01:20:56.297,2025-01-29 10:36:16.589,com.sec.android.app.shealth,-2,4095,1.2495474,3051.59,125.28,VfS0qUERdZ,com.sec.android.app.shealth,967d0c7d-2cfa-4d27-aedb-59d38ae80771,2025-01-29 00:00:00.000,
0824cb92-a8b2-44c9-ac0c-029420be432c.binning_data.json,2025-01-30 03:00:03.237,2025-01-30 03:00:03.237,com.sec.android.app.shealth,0,4095,1.2495474,3051.59,125.28,487mnSNu6t,com.sec.android.app.shealth,0824cb92-a8b2-44c9-ac0c-029420be432c,2025-01-29 00:00:00.000,
e9fa140d-33a2-4d43-80e5-695ad892e60a.binning_data.json,2025-01-31 02:26:57.441,2025-01-30 10:52:04.240,com.sec.android.app.shealth,-2,6984,1.4818269,5431.5,316.41,VfS0qUERdZ,com.sec.android.app.shealth,e9fa140d-33a2-4d43-80e5-695ad892e60a,2025-01-30 00:00:00.000,
49a1a832-716c-43ad-8fc7-46c245a02e4a.binning_data.json,2025-01-31 03:00:06.166,2025-01-31 03:00:06.166,com.sec.android.app.shealth,0,5850,1.353292,4425.83,177.75,487mnSNu6t,com.sec.android.app.shealth,49a1a832-716c-43ad-8fc7-46c245a02e4a,2025-01-30 00:00:00.000,
2cb700e8-17b3-48dd-9943-e37f24509e3f.binning_data.json,2025-01-31 03:00:07.619,2025-01-31 03:00:07.619,com.sec.android.app.shealth,102,5497,1.525362,4344.85,355.01,hriiVjEkYE,com.sec.android.app.shealth,2cb700e8-17b3-48dd-9943-e37f24509e3f,2025-01-30 00:00:00.000,
0fae438a-bbfd-40f0-91c5-69c3ebec53b5.binning_data.json,2025-02-01 02:13:37.819,2025-01-31 05:11:08.193,com.sec.android.app.shealth,-2,3800,1.2736645,2850.73,143.43001,VfS0qUERdZ,com.sec.android.app.shealth,0fae438a-bbfd-40f0-91c5-69c3ebec53b5,2025-01-31 00:00:00.000,
d9ada3f9-134f-4644-af2e-098342898d96.binning_data.json,2025-02-01 03:00:52.712,2025-02-01 03:00:52.712,com.sec.android.app.shealth,0,3344,1.249695,2493.21,102.3,487mnSNu6t,com.sec.android.app.shealth,d9ada3f9-134f-4644-af2e-098342898d96,2025-01-31 00:00:00.000,
0d8b747d-49c4-4777-9cd7-da5f92a089d3.binning_data.json,2025-02-01 03:02:50.304,2025-02-01 03:02:50.304,com.sec.android.app.shealth,102,1090,1.3774827,837.35004,71.51,hriiVjEkYE,com.sec.android.app.shealth,0d8b747d-49c4-4777-9cd7-da5f92a089d3,2025-01-31 00:00:00.000,
04ed178f-3baa-4b79-9f66-6e99dd81b55c.binning_data.json,2025-02-02 13:32:41.011,2025-02-01 10:07:29.011,com.sec.android.app.shealth,-2,915,1.2438107,683.82,30.77,VfS0qUERdZ,com.sec.android.app.shealth,04ed178f-3baa-4b79-9f66-6e99dd81b55c,2025-02-01 00:00:00.000,
30f5fa5d-00da-403a-a6c1-4f37637944c2.binning_data.json,2025-02-02 03:00:08.352,2025-02-02 03:00:08.352,com.sec.android.app.shealth,0,847,1.2244861,630.33,26.72,487mnSNu6t,com.sec.android.app.shealth,30f5fa5d-00da-403a-a6c1-4f37637944c2,2025-02-01 00:00:00.000,
13120fc1-6fdb-4452-9697-6a374a39b2c9.binning_data.json,2025-02-03 03:00:21.770,2025-02-02 03:00:09.714,com.sec.android.app.shealth,102,114,1.4098307,87.96,6.86,hriiVjEkYE,com.sec.android.app.shealth,13120fc1-6fdb-4452-9697-6a374a39b2c9,2025-02-01 00:00:00.000,
7fbe2a8b-9e41-4a37-97a2-0a2fcba6de1e.binning_data.json,2025-02-03 01:50:04.494,2025-02-02 03:59:21.886,com.sec.android.app.shealth,-2,1289,1.2875309,971.95,53.67,VfS0qUERdZ,com.sec.android.app.shealth,7fbe2a8b-9e41-4a37-97a2-0a2fcba6de1e,2025-02-02 00:00:00.000,
addedb2a-5e02-4b67-b94a-48fdc252a007.binning_data.json,2025-02-03 03:00:04.692,2025-02-03 03:00:04.692,com.sec.android.app.shealth,0,825,1.2552992,617.02,25.99,487mnSNu6t,com.sec.android.app.shealth,addedb2a-5e02-4b67-b94a-48fdc252a007,2025-02-02 00:00:00.000,
58071274-0652-4070-87e5-40dbedb21f73.binning_data.json,2025-02-03 03:00:21.759,2025-02-03 03:00:21.759,com.sec.android.app.shealth,102,576,1.3179961,438.6,33.829998,hriiVjEkYE,com.sec.android.app.shealth,58071274-0652-4070-87e5-40dbedb21f73,2025-02-02 00:00:00.000,
5d0b4898-0892-4dd4-8d8f-bb9d6b589884.binning_data.json,2025-02-04 11:26:17.558,2025-02-03 03:02:59.036,com.sec.android.app.shealth,-2,2625,1.4896153,2071.12,170.41,VfS0qUERdZ,com.sec.android.app.shealth,5d0b4898-0892-4dd4-8d8f-bb9d6b589884,2025-02-03 00:00:00.000,
b93ef627-659d-466a-89cd-d89f59acb54f.binning_data.json,2025-02-04 03:00:06.145,2025-02-04 03:00:06.145,com.sec.android.app.shealth,0,403,1.1441044,295.69,12.84,487mnSNu6t,com.sec.android.app.shealth,b93ef627-659d-466a-89cd-d89f59acb54f,2025-02-03 00:00:00.000,
ec447ea5-f33a-4cba-bb76-a626a40c250b.binning_data.json,2025-02-05 03:00:12.450,2025-02-04 03:00:08.229,com.sec.android.app.shealth,102,2475,1.5312691,1966.14,171.89,hriiVjEkYE,com.sec.android.app.shealth,ec447ea5-f33a-4cba-bb76-a626a40c250b,2025-02-03 00:00:00.000,
b8894c22-0203-4d44-bfea-dee72aad1875.binning_data.json,2025-02-04 22:35:55.793,2025-02-04 11:24:38.398,com.sec.android.app.shealth,-2,5022,1.4443774,3873.7,219.5,VfS0qUERdZ,com.sec.android.app.shealth,b8894c22-0203-4d44-bfea-dee72aad1875,2025-02-04 00:00:00.000,
7e79e626-f031-4449-9ddb-2f2522a51f0a.binning_data.json,2025-02-05 03:00:08.485,2025-02-05 03:00:08.485,com.sec.android.app.shealth,0,3979,1.4521511,3050.17,120.619995,487mnSNu6t,com.sec.android.app.shealth,7e79e626-f031-4449-9ddb-2f2522a51f0a,2025-02-04 00:00:00.000,
fdad2c9a-62f5-49b1-83c2-67d30a44429c.binning_data.json,2025-02-05 03:00:12.471,2025-02-05 03:00:12.471,com.sec.android.app.shealth,102,4800,1.4826608,3760.59,284.38,hriiVjEkYE,com.sec.android.app.shealth,fdad2c9a-62f5-49b1-83c2-67d30a44429c,2025-02-04 00:00:00.000,
7004bd0c-e5f6-486c-8c22-8fb43c48957f.binning_data.json,2025-02-06 20:12:23.025,2025-02-05 10:22:41.450,com.sec.android.app.shealth,-2,4575,1.2633846,3434.44,168.06,VfS0qUERdZ,com.sec.android.app.shealth,7004bd0c-e5f6-486c-8c22-8fb43c48957f,2025-02-05 00:00:00.000,
b6492ce9-53d8-452c-8815-9a36059e1645.binning_data.json,2025-02-06 03:00:06.310,2025-02-06 03:00:06.310,com.sec.android.app.shealth,0,4377,1.2282825,3259.81,133.31999,487mnSNu6t,com.sec.android.app.shealth,b6492ce9-53d8-452c-8815-9a36059e1645,2025-02-05 00:00:00.000,
b27fdddd-384e-4763-ad15-1d4706c5b81a.binning_data.json,2025-02-07 03:00:09.012,2025-02-06 03:00:13.329,com.sec.android.app.shealth,102,1183,1.371243,907.36,73.74,hriiVjEkYE,com.sec.android.app.shealth,b27fdddd-384e-4763-ad15-1d4706c5b81a,2025-02-05 00:00:00.000,
eb42e883-edf2-49cc-90c9-40f71ba381aa.binning_data.json,2025-02-07 01:59:36.171,2025-02-06 03:08:51.276,com.sec.android.app.shealth,-2,1415,1.3062545,1067.5,51.06,VfS0qUERdZ,com.sec.android.app.shealth,eb42e883-edf2-49cc-90c9-40f71ba381aa,2025-02-06 00:00:00.000,
93acabaf-4622-4369-bf47-7f62928aa86a.binning_data.json,2025-02-07 03:00:07.207,2025-02-07 03:00:07.207,com.sec.android.app.shealth,0,1248,1.2513609,932.54,38.92,487mnSNu6t,com.sec.android.app.shealth,93acabaf-4622-4369-bf47-7f62928aa86a,2025-02-06 00:00:00.000,
c368ecbd-a5a8-420e-b576-3f0f2d7b6a8f.binning_data.json,2025-02-07 03:00:09.071,2025-02-07 03:00:09.071,com.sec.android.app.shealth,102,206,1.6128751,162.88,13.7699995,hriiVjEkYE,com.sec.android.app.shealth,c368ecbd-a5a8-420e-b576-3f0f2d7b6a8f,2025-02-06 00:00:00.000,
f06456f7-f2e4-4408-afbe-7c51d810af56.binning_data.json,2025-02-08 02:46:29.772,2025-02-07 10:32:53.831,com.sec.android.app.shealth,-2,5058,1.3898215,3889.04,240.51,VfS0qUERdZ,com.sec.android.app.shealth,f06456f7-f2e4-4408-afbe-7c51d810af56,2025-02-07 00:00:00.000,
7367b5cd-f870-42a5-8e1d-00f5e82a82d3.binning_data.json,2025-02-08 03:00:09.071,2025-02-08 03:00:09.071,com.sec.android.app.shealth,0,4086,1.2952878,3072.8499,126.479996,487mnSNu6t,com.sec.android.app.shealth,7367b5cd-f870-42a5-8e1d-00f5e82a82d3,2025-02-07 00:00:00.000,
19507460-f590-4171-9fd4-94db5f5b5670.binning_data.json,2025-02-08 03:00:10.942,2025-02-08 03:00:10.942,com.sec.android.app.shealth,102,4419,1.4193702,3431.1,283.72,hriiVjEkYE,com.sec.android.app.shealth,19507460-f590-4171-9fd4-94db5f5b5670,2025-02-07 00:00:00.000,
34bbbc1c-79c8-4f82-8dd0-cf6f1e110b24.binning_data.json,2025-02-09 15:31:16.930,2025-02-08 11:46:25.158,com.sec.android.app.shealth,-2,4996,1.3926063,3863.9,268.24,VfS0qUERdZ,com.sec.android.app.shealth,34bbbc1c-79c8-4f82-8dd0-cf6f1e110b24,2025-02-08 00:00:00.000,
8cce5a2c-dff5-4a18-aada-7452aff00235.binning_data.json,2025-02-09 03:00:06.573,2025-02-09 03:00:06.573,com.sec.android.app.shealth,0,3538,1.1808739,2613.79,109.24,487mnSNu6t,com.sec.android.app.shealth,8cce5a2c-dff5-4a18-aada-7452aff00235,2025-02-08 00:00:00.000,
50ae65ae-f445-4e9d-b288-df9e93ffb2f9.binning_data.json,2025-02-10 03:00:14.487,2025-02-09 03:00:14.495,com.sec.android.app.shealth,102,3960,1.452109,3103.91,262.31,hriiVjEkYE,com.sec.android.app.shealth,50ae65ae-f445-4e9d-b288-df9e93ffb2f9,2025-02-08 00:00:00.000,
7e1b7d2a-ff5f-4e45-b11a-ad66d708e7ce.binning_data.json,2025-02-10 03:35:39.297,2025-02-09 15:31:16.295,com.sec.android.app.shealth,-2,2274,1.2948968,1735.73,138.84,VfS0qUERdZ,com.sec.android.app.shealth,7e1b7d2a-ff5f-4e45-b11a-ad66d708e7ce,2025-02-09 00:00:00.000,
607f5806-0c28-4d8e-af31-95bdf8ff22c5.binning_data.json,2025-02-10 03:00:11.426,2025-02-10 03:00:11.426,com.sec.android.app.shealth,0,1039,1.1458616,775.4,60.92,487mnSNu6t,com.sec.android.app.shealth,607f5806-0c28-4d8e-af31-95bdf8ff22c5,2025-02-09 00:00:00.000,
f31d14a5-4e58-49ab-babe-972c10759df7.binning_data.json,2025-02-11 03:00:53.942,2025-02-10 03:00:14.507,com.sec.android.app.shealth,102,1998,1.3196514,1525.37,122.14,hriiVjEkYE,com.sec.android.app.shealth,f31d14a5-4e58-49ab-babe-972c10759df7,2025-02-09 00:00:00.000,
a1eea095-f167-45ba-a89d-a1ae463d2f54.binning_data.json,2025-02-11 03:06:18.001,2025-02-10 03:28:53.619,com.sec.android.app.shealth,-2,4059,1.4944808,3178.07,218.05,VfS0qUERdZ,com.sec.android.app.shealth,a1eea095-f167-45ba-a89d-a1ae463d2f54,2025-02-10 00:00:00.000,
c9296dcb-aea1-43db-aec1-23a81438e268.binning_data.json,2025-02-11 03:00:33.352,2025-02-11 03:00:33.352,com.sec.android.app.shealth,0,2404,1.326499,1813.33,77.96,487mnSNu6t,com.sec.android.app.shealth,c9296dcb-aea1-43db-aec1-23a81438e268,2025-02-10 00:00:00.000,
f8e91eb3-bedc-4f65-b690-d7265c5290bf.binning_data.json,2025-02-12 03:00:05.135,2025-02-11 03:00:53.934,com.sec.android.app.shealth,102,3142,1.5563331,2498.86,209.04,hriiVjEkYE,com.sec.android.app.shealth,f8e91eb3-bedc-4f65-b690-d7265c5290bf,2025-02-10 00:00:00.000,
338737b6-099d-4f37-a38c-b866d9473d08.binning_data.json,2025-02-12 01:13:25.167,2025-02-11 03:06:43.199,com.sec.android.app.shealth,-2,4572,1.3065166,3462.25,218.95999,VfS0qUERdZ,com.sec.android.app.shealth,338737b6-099d-4f37-a38c-b866d9473d08,2025-02-11 00:00:00.000,
0e1577a8-ac25-4d8a-8be7-1767fe85425b.binning_data.json,2025-02-12 03:00:04.013,2025-02-12 03:00:04.013,com.sec.android.app.shealth,0,2835,1.2512252,2115.8298,87.869995,487mnSNu6t,com.sec.android.app.shealth,0e1577a8-ac25-4d8a-8be7-1767fe85425b,2025-02-11 00:00:00.000,
9c594cec-6094-4e0f-ae4a-075c7c33a947.binning_data.json,2025-02-12 03:00:05.128,2025-02-12 03:00:05.128,com.sec.android.app.shealth,102,3497,1.3346103,2669.27,211.52,hriiVjEkYE,com.sec.android.app.shealth,9c594cec-6094-4e0f-ae4a-075c7c33a947,2025-02-11 00:00:00.000,
8909445a-815a-4477-862c-8dab13e53134.binning_data.json,2025-02-13 03:00:16.424,2025-02-12 10:35:02.666,com.sec.android.app.shealth,-2,7732,1.3363532,5861.82,323.91,VfS0qUERdZ,com.sec.android.app.shealth,8909445a-815a-4477-862c-8dab13e53134,2025-02-12 00:00:00.000,
51776aa1-bf70-4fb8-8d4a-88a51e930572.binning_data.json,2025-02-13 03:00:53.695,2025-02-13 03:00:53.695,com.sec.android.app.shealth,0,6809,1.2931046,5103.37,207.23999,487mnSNu6t,com.sec.android.app.shealth,51776aa1-bf70-4fb8-8d4a-88a51e930572,2025-02-12 00:00:00.000,
b041270e-2360-475f-822e-361d5368e172.binning_data.json,2025-02-13 03:00:56.623,2025-02-13 03:00:56.623,com.sec.android.app.shealth,102,6281,1.3952571,4851.32,374.61,hriiVjEkYE,com.sec.android.app.shealth,b041270e-2360-475f-822e-361d5368e172,2025-02-12 00:00:00.000,
238b9c29-d1fa-4d26-a9b7-b2ee4e9cb2ea.binning_data.json,2025-02-14 00:55:01.990,2025-02-13 10:36:01.254,com.sec.android.app.shealth,-2,3886,1.3650293,2973.97,168.8,VfS0qUERdZ,com.sec.android.app.shealth,238b9c29-d1fa-4d26-a9b7-b2ee4e9cb2ea,2025-02-13 00:00:00.000,
177fb5f0-8ecb-4ce9-a444-281e826e62fd.binning_data.json,2025-02-14 03:00:04.530,2025-02-14 03:00:04.530,com.sec.android.app.shealth,0,3357,1.2639018,2508.16,102.75,487mnSNu6t,com.sec.android.app.shealth,177fb5f0-8ecb-4ce9-a444-281e826e62fd,2025-02-13 00:00:00.000,
884ed669-4a0a-4c1d-bffd-e9f807570ab2.binning_data.json,2025-02-14 03:00:06.318,2025-02-14 03:00:06.318,com.sec.android.app.shealth,102,3205,1.4482298,2503.07,202.47,hriiVjEkYE,com.sec.android.app.shealth,884ed669-4a0a-4c1d-bffd-e9f807570ab2,2025-02-13 00:00:00.000,
8ec7aa8d-eb23-499f-a2ef-2f54454f7987.binning_data.json,2025-02-15 04:47:49.591,2025-02-14 11:16:49.942,com.sec.android.app.shealth,-2,5123,1.4153627,3945.69,237.76999,VfS0qUERdZ,com.sec.android.app.shealth,8ec7aa8d-eb23-499f-a2ef-2f54454f7987,2025-02-14 00:00:00.000,
feaed393-bf0f-459d-947c-45e999e640e0.binning_data.json,2025-02-15 04:47:48.902,2025-02-15 04:47:48.902,com.sec.android.app.shealth,0,3301,1.3491616,2497.28,101.06,487mnSNu6t,com.sec.android.app.shealth,feaed393-bf0f-459d-947c-45e999e640e0,2025-02-14 00:00:00.000,
93c57730-6b57-4f90-bfac-d22487cdf9d4.binning_data.json,2025-02-15 04:47:49.897,2025-02-15 04:47:49.897,com.sec.android.app.shealth,102,4260,1.4609927,3325.58,255.75,hriiVjEkYE,com.sec.android.app.shealth,93c57730-6b57-4f90-bfac-d22487cdf9d4,2025-02-14 00:00:00.000,
317d08bd-d4d1-411b-aff2-d6048880db1d.binning_data.json,2025-02-16 13:32:55.883,2025-02-15 14:00:13.706,com.sec.android.app.shealth,-2,1044,1.2543713,782.64,42.12,VfS0qUERdZ,com.sec.android.app.shealth,317d08bd-d4d1-411b-aff2-d6048880db1d,2025-02-15 00:00:00.000,
1443ff14-1bc7-4e17-92b3-fa021fbbdc05.binning_data.json,2025-02-16 03:00:02.614,2025-02-16 03:00:02.614,com.sec.android.app.shealth,0,836,1.1954699,618.05,26.28,487mnSNu6t,com.sec.android.app.shealth,1443ff14-1bc7-4e17-92b3-fa021fbbdc05,2025-02-15 00:00:00.000,
cc3ef79b-d5b9-43af-a7a8-332949c5068c.binning_data.json,2025-02-17 14:22:33.156,2025-02-16 03:13:50.652,com.sec.android.app.shealth,-2,1664,1.2403735,1242.14,68.01,VfS0qUERdZ,com.sec.android.app.shealth,cc3ef79b-d5b9-43af-a7a8-332949c5068c,2025-02-16 00:00:00.000,
efed1773-1cf5-4ede-94db-d77edc33cdfb.binning_data.json,2025-02-17 03:00:03.966,2025-02-17 03:00:03.966,com.sec.android.app.shealth,0,1201,1.2151458,890.73,37.72,487mnSNu6t,com.sec.android.app.shealth,efed1773-1cf5-4ede-94db-d77edc33cdfb,2025-02-16 00:00:00.000,
3260f7cf-569b-4438-9e32-a0a7269165e5.binning_data.json,2025-02-17 03:00:09.016,2025-02-17 03:00:09.016,com.sec.android.app.shealth,102,494,1.3791075,378.93,29.52,hriiVjEkYE,com.sec.android.app.shealth,3260f7cf-569b-4438-9e32-a0a7269165e5,2025-02-15 00:00:00.000,
2c98da6c-7f32-4e50-a041-daf6d1a8c904.binning_data.json,2025-02-18 03:00:05.745,2025-02-17 03:00:09.027,com.sec.android.app.shealth,102,507,1.3014278,383.9,31.64,hriiVjEkYE,com.sec.android.app.shealth,2c98da6c-7f32-4e50-a041-daf6d1a8c904,2025-02-16 00:00:00.000,
ef56f1ad-eb7d-4f1a-981c-8aa0c2252273.binning_data.json,2025-02-18 11:13:14.828,2025-02-17 11:19:31.387,com.sec.android.app.shealth,-2,1877,1.5008569,1474.22,94.81,VfS0qUERdZ,com.sec.android.app.shealth,ef56f1ad-eb7d-4f1a-981c-8aa0c2252273,2025-02-17 00:00:00.000,
19a1659c-51b8-4fb1-9a61-0f22ca8ac5cf.binning_data.json,2025-02-18 03:00:04.222,2025-02-18 03:00:04.222,com.sec.android.app.shealth,0,1183,1.3166221,891.66003,36.78,487mnSNu6t,com.sec.android.app.shealth,19a1659c-51b8-4fb1-9a61-0f22ca8ac5cf,2025-02-17 00:00:00.000,
263a12fb-a8b7-4f86-a259-f9db0b13f79b.binning_data.json,2025-02-19 03:00:13.416,2025-02-18 03:00:05.762,com.sec.android.app.shealth,102,746,1.8482339,622.00995,60.57,hriiVjEkYE,com.sec.android.app.shealth,263a12fb-a8b7-4f86-a259-f9db0b13f79b,2025-02-17 00:00:00.000,
8a501f82-cae3-474e-8a10-e1700076c25b.binning_data.json,2025-02-18 22:16:17.285,2025-02-18 11:13:14.695,com.sec.android.app.shealth,-2,3748,1.4011695,2864.28,129.47,VfS0qUERdZ,com.sec.android.app.shealth,8a501f82-cae3-474e-8a10-e1700076c25b,2025-02-18 00:00:00.000,
8c2429ec-8aec-4743-a568-27c92f180072.binning_data.json,2025-02-19 03:00:12.100,2025-02-19 03:00:12.100,com.sec.android.app.shealth,0,3353,1.4169915,2566.1199,102.59,487mnSNu6t,com.sec.android.app.shealth,8c2429ec-8aec-4743-a568-27c92f180072,2025-02-18 00:00:00.000,
7147500c-7bc0-451b-b010-014f2318433c.binning_data.json,2025-02-19 03:00:13.408,2025-02-19 03:00:13.408,com.sec.android.app.shealth,102,743,1.2171481,555.36,44.05,hriiVjEkYE,com.sec.android.app.shealth,7147500c-7bc0-451b-b010-014f2318433c,2025-02-18 00:00:00.000,
5c7167a4-0fd8-45fe-93f2-a9fcfee83475.binning_data.json,2025-02-20 01:35:21.742,2025-02-19 03:21:40.851,com.sec.android.app.shealth,-2,4209,1.2407337,3133.93,139.86,VfS0qUERdZ,com.sec.android.app.shealth,5c7167a4-0fd8-45fe-93f2-a9fcfee83475,2025-02-19 00:00:00.000,
f7804fcd-82a9-44a6-abc9-82edf4125209.binning_data.json,2025-02-20 03:00:05.434,2025-02-20 03:00:05.434,com.sec.android.app.shealth,0,4030,1.2348356,2994.94,123.28,487mnSNu6t,com.sec.android.app.shealth,f7804fcd-82a9-44a6-abc9-82edf4125209,2025-02-19 00:00:00.000,
306f35b0-943d-489a-9eb9-c5b5abdd05c8.binning_data.json,2025-02-20 03:00:06.984,2025-02-20 03:00:06.984,com.sec.android.app.shealth,102,831,1.4154317,642.68,51.28,hriiVjEkYE,com.sec.android.app.shealth,306f35b0-943d-489a-9eb9-c5b5abdd05c8,2025-02-19 00:00:00.000,
d25b9ed9-e97d-4065-8c5f-63c5ff3eb3fb.binning_data.json,2025-02-21 11:00:29.788,2025-02-20 10:40:01.922,com.sec.android.app.shealth,-2,7101,1.3948257,5446.99,323.36,VfS0qUERdZ,com.sec.android.app.shealth,d25b9ed9-e97d-4065-8c5f-63c5ff3eb3fb,2025-02-20 00:00:00.000,
62cc109c-60fe-4649-ac34-f4a5ff2f173f.binning_data.json,2025-02-21 03:00:05.571,2025-02-21 03:00:05.571,com.sec.android.app.shealth,0,5861,1.3449779,4433.63,178.31,487mnSNu6t,com.sec.android.app.shealth,62cc109c-60fe-4649-ac34-f4a5ff2f173f,2025-02-20 00:00:00.000,
fb5f196b-0c04-42b3-82ca-7d94b9be9d30.binning_data.json,2025-02-22 03:00:03.280,2025-02-21 03:00:07.063,com.sec.android.app.shealth,102,6556,1.437123,5098.86,401.49,hriiVjEkYE,com.sec.android.app.shealth,fb5f196b-0c04-42b3-82ca-7d94b9be9d30,2025-02-20 00:00:00.000,
fcfb1634-1fba-4d3e-9953-a1fbb02f12fa.binning_data.json,2025-02-22 23:55:04.712,2025-02-21 09:55:09.131,com.sec.android.app.shealth,-2,5058,1.3508992,3862.49,249.06999,VfS0qUERdZ,com.sec.android.app.shealth,fcfb1634-1fba-4d3e-9953-a1fbb02f12fa,2025-02-21 00:00:00.000,
641e9d1c-a049-44d2-b6a8-9bc71d7e73d6.binning_data.json,2025-02-22 03:00:02.732,2025-02-22 03:00:02.732,com.sec.android.app.shealth,0,4567,1.2730355,3440.53,207.37999,487mnSNu6t,com.sec.android.app.shealth,641e9d1c-a049-44d2-b6a8-9bc71d7e73d6,2025-02-21 00:00:00.000,
1bb02e8b-7d38-4282-9451-cc79c0d2bd6d.binning_data.json,2025-02-23 03:04:01.736,2025-02-22 03:00:03.275,com.sec.android.app.shealth,102,2506,1.4460639,1952.28,163.58,hriiVjEkYE,com.sec.android.app.shealth,1bb02e8b-7d38-4282-9451-cc79c0d2bd6d,2025-02-21 00:00:00.000,
7d34c6f3-f952-40bd-87f8-25abd110b5d6.binning_data.json,2025-02-22 23:55:04.006,2025-02-22 13:51:16.889,com.sec.android.app.shealth,-2,249,1.2125393,185.11,7.91,VfS0qUERdZ,com.sec.android.app.shealth,7d34c6f3-f952-40bd-87f8-25abd110b5d6,2025-02-22 00:00:00.000,
54462db6-3ed4-49d5-9e38-38439dc958ae.binning_data.json,2025-02-23 03:00:11.645,2025-02-23 03:00:11.645,com.sec.android.app.shealth,0,249,1.2125393,185.11,7.91,487mnSNu6t,com.sec.android.app.shealth,54462db6-3ed4-49d5-9e38-38439dc958ae,2025-02-22 00:00:00.000,
857c3e45-d282-4060-a3da-e5d147cf6193.binning_data.json,2025-02-24 11:23:59.709,2025-02-23 13:46:27.333,com.sec.android.app.shealth,-2,1630,1.5683341,1305.56,103.99,VfS0qUERdZ,com.sec.android.app.shealth,857c3e45-d282-4060-a3da-e5d147cf6193,2025-02-23 00:00:00.000,
f700ff24-0d3f-43e7-9019-7e5ae3790bd9.binning_data.json,2025-02-24 03:00:10.678,2025-02-24 03:00:10.678,com.sec.android.app.shealth,0,592,1.2349931,440.63998,18.699999,487mnSNu6t,com.sec.android.app.shealth,f700ff24-0d3f-43e7-9019-7e5ae3790bd9,2025-02-23 00:00:00.000,
511d8797-c227-4f65-b996-c06b8df4194a.binning_data.json,2025-02-25 03:00:13.800,2025-02-24 03:00:12.192,com.sec.android.app.shealth,102,1379,1.6452096,1120.07,101.03,hriiVjEkYE,com.sec.android.app.shealth,511d8797-c227-4f65-b996-c06b8df4194a,2025-02-23 00:00:00.000,
5e60c1ff-2297-40d0-9a87-470faa705023.binning_data.json,2025-02-25 02:55:03.201,2025-02-24 11:23:59.603,com.sec.android.app.shealth,-2,5670,1.3600234,4302.2,194.73999,VfS0qUERdZ,com.sec.android.app.shealth,5e60c1ff-2297-40d0-9a87-470faa705023,2025-02-24 00:00:00.000,
4e0f18a6-5bb4-4018-8862-6f1cc9bff905.binning_data.json,2025-02-25 03:00:12.312,2025-02-25 03:00:12.312,com.sec.android.app.shealth,0,5074,1.3793552,3856.84,154.87999,487mnSNu6t,com.sec.android.app.shealth,4e0f18a6-5bb4-4018-8862-6f1cc9bff905,2025-02-24 00:00:00.000,
08c16228-f40f-42af-9a50-dbf11eb52564.binning_data.json,2025-02-25 03:00:13.819,2025-02-25 03:00:13.819,com.sec.android.app.shealth,102,1032,1.2378563,773.32,61.2,hriiVjEkYE,com.sec.android.app.shealth,08c16228-f40f-42af-9a50-dbf11eb52564,2025-02-24 00:00:00.000,
66f88ba8-df02-4704-826d-23ccc1d0e02f.binning_data.json,2025-02-26 10:36:01.061,2025-02-25 11:22:17.097,com.sec.android.app.shealth,-2,1319,1.2426895,986.26,64.14,VfS0qUERdZ,com.sec.android.app.shealth,66f88ba8-df02-4704-826d-23ccc1d0e02f,2025-02-25 00:00:00.000,
74ff320b-ee09-41bb-ae35-ad062a9915a0.binning_data.json,2025-02-26 03:00:17.854,2025-02-26 03:00:17.854,com.sec.android.app.shealth,0,582,1.20155,431.07,18.42,487mnSNu6t,com.sec.android.app.shealth,74ff320b-ee09-41bb-ae35-ad062a9915a0,2025-02-25 00:00:00.000,
d359e455-a436-41d1-b357-9ccd72201321.binning_data.json,2025-02-27 03:00:03.574,2025-02-26 03:00:19.241,com.sec.android.app.shealth,102,877,1.2521778,657.99,51.66,hriiVjEkYE,com.sec.android.app.shealth,d359e455-a436-41d1-b357-9ccd72201321,2025-02-25 00:00:00.000,
65c2555b-d84b-429f-8443-d53bc9f9eac5.binning_data.json,2025-02-27 10:47:11.838,2025-02-26 10:36:00.942,com.sec.android.app.shealth,-2,6511,1.4550655,5055.26,307.43,VfS0qUERdZ,com.sec.android.app.shealth,65c2555b-d84b-429f-8443-d53bc9f9eac5,2025-02-26 00:00:00.000,
8f71b6d0-db7d-4e8a-a432-ad95e6f762b4.binning_data.json,2025-02-27 03:00:02.616,2025-02-27 03:00:02.616,com.sec.android.app.shealth,0,5174,1.3406082,3911.87,168.2,487mnSNu6t,com.sec.android.app.shealth,8f71b6d0-db7d-4e8a-a432-ad95e6f762b4,2025-02-26 00:00:00.000,
6b2cf8ec-63e6-4485-891c-f0b451887410.binning_data.json,2025-02-28 03:00:27.950,2025-02-27 03:00:03.572,com.sec.android.app.shealth,102,5865,1.4892517,4611.1,365.93,hriiVjEkYE,com.sec.android.app.shealth,6b2cf8ec-63e6-4485-891c-f0b451887410,2025-02-26 00:00:00.000,
c202bf2a-d175-48c7-9380-83c6d79144ed.binning_data.json,2025-02-28 19:00:30.900,2025-02-27 03:41:07.245,com.sec.android.app.shealth,-2,6261,1.3164867,4732.79,222.09999,VfS0qUERdZ,com.sec.android.app.shealth,c202bf2a-d175-48c7-9380-83c6d79144ed,2025-02-27 00:00:00.000,
00a3d339-878a-4de6-b83b-c37e721c934d.binning_data.json,2025-02-28 03:00:10.799,2025-02-28 03:00:10.799,com.sec.android.app.shealth,0,6075,1.3061918,4583.34,207.34999,487mnSNu6t,com.sec.android.app.shealth,00a3d339-878a-4de6-b83b-c37e721c934d,2025-02-27 00:00:00.000,
55a70f3f-d790-4db3-b054-965614d298a5.binning_data.json,2025-03-01 03:00:27.877,2025-02-28 03:00:27.963,com.sec.android.app.shealth,102,779,1.429569,604.04,49.73,hriiVjEkYE,com.sec.android.app.shealth,55a70f3f-d790-4db3-b054-965614d298a5,2025-02-27 00:00:00.000,
7daf88dc-1dc9-4c0c-9a90-99b5adc42c38.binning_data.json,2025-03-01 13:10:44.627,2025-02-28 03:08:10.971,com.sec.android.app.shealth,-2,6129,1.3489487,4649.96,236.37,VfS0qUERdZ,com.sec.android.app.shealth,7daf88dc-1dc9-4c0c-9a90-99b5adc42c38,2025-02-28 00:00:00.000,
c7b5f17e-8f1c-4de0-a9a5-811dfc6279a1.binning_data.json,2025-03-01 03:00:26.371,2025-03-01 03:00:26.371,com.sec.android.app.shealth,0,5579,1.3222175,4197.7397,170.12,487mnSNu6t,com.sec.android.app.shealth,c7b5f17e-8f1c-4de0-a9a5-811dfc6279a1,2025-02-28 00:00:00.000,
0f99b24d-bf10-4fab-ba20-2a9a5855654a.binning_data.json,2025-03-02 03:00:43.074,2025-03-01 03:00:27.891,com.sec.android.app.shealth,102,5057,1.4064655,3913.33,299.28,hriiVjEkYE,com.sec.android.app.shealth,0f99b24d-bf10-4fab-ba20-2a9a5855654a,2025-02-28 00:00:00.000,
8c49e4d4-94ae-49c6-89af-da27939309a2.binning_data.json,2025-03-02 03:01:17.699,2025-03-01 13:36:10.824,com.sec.android.app.shealth,-2,4279,1.374477,3290.81,231.14,VfS0qUERdZ,com.sec.android.app.shealth,8c49e4d4-94ae-49c6-89af-da27939309a2,2025-03-01 00:00:00.000,
b312dd78-f5ce-4e93-9c80-597dfc1ab5fb.binning_data.json,2025-03-02 03:00:09.981,2025-03-02 03:00:09.981,com.sec.android.app.shealth,0,3025,1.214387,2243.73,92.840004,487mnSNu6t,com.sec.android.app.shealth,b312dd78-f5ce-4e93-9c80-597dfc1ab5fb,2025-03-01 00:00:00.000,
f12406da-c336-4d75-90d9-ce3a93721a67.binning_data.json,2025-03-03 03:00:24.000,2025-03-02 03:00:43.069,com.sec.android.app.shealth,102,4152,1.3875932,3204.99,262.46,hriiVjEkYE,com.sec.android.app.shealth,f12406da-c336-4d75-90d9-ce3a93721a67,2025-03-01 00:00:00.000,
7119a186-3daa-42a5-beb4-237da54b41ff.binning_data.json,2025-03-02 23:51:07.916,2025-03-02 04:40:36.628,com.sec.android.app.shealth,-2,1624,1.1654534,1196.05,51.56,VfS0qUERdZ,com.sec.android.app.shealth,7119a186-3daa-42a5-beb4-237da54b41ff,2025-03-02 00:00:00.000,
15d1aa99-7ed6-41f3-8ac0-5cefba0cbe75.binning_data.json,2025-03-03 03:00:22.711,2025-03-03 03:00:22.711,com.sec.android.app.shealth,0,1605,1.1621814,1181.14,50.6,487mnSNu6t,com.sec.android.app.shealth,15d1aa99-7ed6-41f3-8ac0-5cefba0cbe75,2025-03-02 00:00:00.000,
d450e7cd-5e93-4a9a-bf59-a52cf79b9b83.binning_data.json,2025-03-03 03:00:23.998,2025-03-03 03:00:23.998,com.sec.android.app.shealth,102,19,1.5,14.91,0.96,hriiVjEkYE,com.sec.android.app.shealth,d450e7cd-5e93-4a9a-bf59-a52cf79b9b83,2025-03-02 00:00:00.000,
1a0c0cf9-9234-4029-be24-ada89b05ad2f.binning_data.json,2025-03-04 02:02:44.997,2025-03-03 12:55:21.492,com.sec.android.app.shealth,-2,3974,1.2769129,2989.68,170.8,VfS0qUERdZ,com.sec.android.app.shealth,1a0c0cf9-9234-4029-be24-ada89b05ad2f,2025-03-03 00:00:00.000,
786953fc-ae08-4030-889d-9bbf3c05afd1.binning_data.json,2025-03-04 03:00:06.201,2025-03-04 03:00:06.201,com.sec.android.app.shealth,0,3629,1.2325696,2698.04,111.19,487mnSNu6t,com.sec.android.app.shealth,786953fc-ae08-4030-889d-9bbf3c05afd1,2025-03-03 00:00:00.000,
99e7c1e0-129e-4482-83c4-075e5a9d8a5f.binning_data.json,2025-03-04 03:00:07.522,2025-03-04 03:00:07.522,com.sec.android.app.shealth,102,2864,1.3014678,2170.91,166.19,hriiVjEkYE,com.sec.android.app.shealth,99e7c1e0-129e-4482-83c4-075e5a9d8a5f,2025-03-03 00:00:00.000,
3f75a012-7165-4041-884e-98b58ba56bdb.binning_data.json,2025-03-05 04:18:42.487,2025-03-04 12:49:06.842,com.sec.android.app.shealth,-2,3203,1.3032043,2427.44,177.59,VfS0qUERdZ,com.sec.android.app.shealth,3f75a012-7165-4041-884e-98b58ba56bdb,2025-03-04 00:00:00.000,
c2f9c1fa-3b31-4f76-8c95-b6c40e67bee1.binning_data.json,2025-03-05 03:00:05.712,2025-03-05 03:00:05.712,com.sec.android.app.shealth,0,1372,1.2241328,1022.01,51.47,487mnSNu6t,com.sec.android.app.shealth,c2f9c1fa-3b31-4f76-8c95-b6c40e67bee1,2025-03-04 00:00:00.000,
0a5e8a3b-22b1-4a7a-b7d5-b61312554feb.binning_data.json,2025-03-06 03:29:27.684,2025-03-05 03:00:14.839,com.sec.android.app.shealth,102,2903,1.3180331,2208.05,176.46,hriiVjEkYE,com.sec.android.app.shealth,0a5e8a3b-22b1-4a7a-b7d5-b61312554feb,2025-03-04 00:00:00.000,
9a0ee3bd-1689-4ac1-a49e-1054a2601606.binning_data.json,2025-03-06 02:13:35.094,2025-03-05 03:27:47.953,com.sec.android.app.shealth,-2,5057,1.5382218,4008.92,328.19998,VfS0qUERdZ,com.sec.android.app.shealth,9a0ee3bd-1689-4ac1-a49e-1054a2601606,2025-03-05 00:00:00.000,
fcf3d449-2a5b-4e86-97e9-77fc7c324831.binning_data.json,2025-03-06 03:29:25.085,2025-03-06 03:29:25.085,com.sec.android.app.shealth,0,4360,1.4290465,3382.93,259.97998,487mnSNu6t,com.sec.android.app.shealth,fcf3d449-2a5b-4e86-97e9-77fc7c324831,2025-03-05 00:00:00.000,
74f1297a-84e3-4a39-8a1e-e2b9ad6ae653.binning_data.json,2025-03-06 03:29:27.704,2025-03-06 03:29:27.704,com.sec.android.app.shealth,102,817,2.3096957,716.65,75.04,hriiVjEkYE,com.sec.android.app.shealth,74f1297a-84e3-4a39-8a1e-e2b9ad6ae653,2025-03-05 00:00:00.000,
8ef241db-b0a0-4806-9f3d-5287d3f4ca63.binning_data.json,2025-03-07 03:00:41.708,2025-03-06 03:34:15.794,com.sec.android.app.shealth,-2,7278,1.3703527,5591.34,431.62,VfS0qUERdZ,com.sec.android.app.shealth,8ef241db-b0a0-4806-9f3d-5287d3f4ca63,2025-03-06 00:00:00.000,
2133e477-8ac3-407e-8274-681f880e637d.binning_data.json,2025-03-07 03:00:06.413,2025-03-07 03:00:06.413,com.sec.android.app.shealth,0,4660,1.415817,3609.7197,277.36,487mnSNu6t,com.sec.android.app.shealth,2133e477-8ac3-407e-8274-681f880e637d,2025-03-06 00:00:00.000,
e5f8b404-4d8c-488f-a39e-386b2bede9cc.binning_data.json,2025-03-08 03:00:07.656,2025-03-07 03:00:07.728,com.sec.android.app.shealth,102,6905,1.3826388,5321.64,409.03,hriiVjEkYE,com.sec.android.app.shealth,e5f8b404-4d8c-488f-a39e-386b2bede9cc,2025-03-06 00:00:00.000,
eafed8e2-43e6-4e22-bf61-da466d04c38c.binning_data.json,2025-03-08 13:28:50.914,2025-03-07 04:29:08.899,com.sec.android.app.shealth,-2,6251,1.3824946,4840.92,389.91,VfS0qUERdZ,com.sec.android.app.shealth,eafed8e2-43e6-4e22-bf61-da466d04c38c,2025-03-07 00:00:00.000,
f80c2558-eea8-4780-befa-1bae0ce4dbd8.binning_data.json,2025-03-08 03:04:47.482,2025-03-08 03:00:06.750,com.sec.android.app.shealth,0,5584,1.3213623,4272.25,331.0,487mnSNu6t,com.sec.android.app.shealth,f80c2558-eea8-4780-befa-1bae0ce4dbd8,2025-03-07 00:00:00.000,
e5efd3fe-d050-42be-b240-470dece72362.binning_data.json,2025-03-08 03:00:07.667,2025-03-08 03:00:07.667,com.sec.android.app.shealth,102,2915,1.5062956,2299.14,199.11,hriiVjEkYE,com.sec.android.app.shealth,e5efd3fe-d050-42be-b240-470dece72362,2025-03-07 00:00:00.000,
83598c22-4ed5-4c22-9626-8a42e095b4c4.binning_data.json,2025-03-09 03:00:12.228,2025-03-08 03:04:47.191,com.sec.android.app.shealth,-2,4515,1.344525,3459.23,266.21,VfS0qUERdZ,com.sec.android.app.shealth,83598c22-4ed5-4c22-9626-8a42e095b4c4,2025-03-08 00:00:00.000,
197d5a0b-f000-4922-a3c7-f26c3351621d.binning_data.json,2025-03-09 03:00:33.726,2025-03-08 03:04:47.474,com.sec.android.app.shealth,0,2427,1.3284069,1861.14,143.11,487mnSNu6t,com.sec.android.app.shealth,197d5a0b-f000-4922-a3c7-f26c3351621d,2025-03-08 00:00:00.000,
31c966c6-bb65-4a43-a269-570298a63997.binning_data.json,2025-03-09 03:02:13.274,2025-03-09 03:02:13.274,com.sec.android.app.shealth,102,3645,1.3642241,2796.94,214.89,hriiVjEkYE,com.sec.android.app.shealth,31c966c6-bb65-4a43-a269-570298a63997,2025-03-08 00:00:00.000,
13cbfa88-525e-4244-b47d-00fe7724e3f6.binning_data.json,2025-03-10 02:59:26.909,2025-03-09 03:51:51.422,com.sec.android.app.shealth,-2,4764,1.457425,3771.94,288.58997,VfS0qUERdZ,com.sec.android.app.shealth,13cbfa88-525e-4244-b47d-00fe7724e3f6,2025-03-09 00:00:00.000,
c17ad6d9-ee76-45b7-85a5-ffacf33d8743.binning_data.json,2025-03-10 03:00:04.700,2025-03-10 03:00:04.700,com.sec.android.app.shealth,0,4670,1.4538546,3696.26,281.49,487mnSNu6t,com.sec.android.app.shealth,c17ad6d9-ee76-45b7-85a5-ffacf33d8743,2025-03-09 00:00:00.000,
7676f6c3-0f0a-4a41-870d-623933b2e321.binning_data.json,2025-03-10 03:00:06.307,2025-03-10 03:00:06.307,com.sec.android.app.shealth,102,175,1.4240575,136.36,11.79,hriiVjEkYE,com.sec.android.app.shealth,7676f6c3-0f0a-4a41-870d-623933b2e321,2025-03-09 00:00:00.000,
89c49dd0-55bf-4edc-9245-189979f8c960.binning_data.json,2025-03-11 01:39:51.091,2025-03-10 11:31:09.175,com.sec.android.app.shealth,-2,562,1.2481316,425.22,32.93,VfS0qUERdZ,com.sec.android.app.shealth,89c49dd0-55bf-4edc-9245-189979f8c960,2025-03-10 00:00:00.000,
60091cc2-5f79-41d6-9315-105ec9a7d160.binning_data.json,2025-03-11 03:01:35.644,2025-03-11 03:01:35.644,com.sec.android.app.shealth,0,562,1.2481316,425.22,32.93,487mnSNu6t,com.sec.android.app.shealth,60091cc2-5f79-41d6-9315-105ec9a7d160,2025-03-10 00:00:00.000,
d39ce2cb-e27a-4261-adec-904af87644ec.binning_data.json,2025-03-12 02:37:45.528,2025-03-11 11:26:36.065,com.sec.android.app.shealth,-2,3209,1.5108078,2544.51,215.86,VfS0qUERdZ,com.sec.android.app.shealth,d39ce2cb-e27a-4261-adec-904af87644ec,2025-03-11 00:00:00.000,
e5355f12-9e0e-4650-ab75-86835362e8cf.binning_data.json,2025-03-12 03:00:28.460,2025-03-12 03:00:28.460,com.sec.android.app.shealth,0,1839,1.3156006,1407.2,108.18,487mnSNu6t,com.sec.android.app.shealth,e5355f12-9e0e-4650-ab75-86835362e8cf,2025-03-11 00:00:00.000,
1cfa0d41-7c8d-4af2-9fd3-fd780f26494f.binning_data.json,2025-03-12 03:00:31.355,2025-03-12 03:00:31.355,com.sec.android.app.shealth,102,1877,1.684073,1526.61,138.11,hriiVjEkYE,com.sec.android.app.shealth,1cfa0d41-7c8d-4af2-9fd3-fd780f26494f,2025-03-11 00:00:00.000,
f6add124-56ff-4d78-aabb-07e228dc0fac.binning_data.json,2025-03-13 18:18:08.437,2025-03-12 11:04:33.402,com.sec.android.app.shealth,-2,1212,1.4153125,945.45,78.17,VfS0qUERdZ,com.sec.android.app.shealth,f6add124-56ff-4d78-aabb-07e228dc0fac,2025-03-12 00:00:00.000,
d1569a32-5e71-41ae-a5da-0c009109c634.binning_data.json,2025-03-13 03:00:07.020,2025-03-13 03:00:07.020,com.sec.android.app.shealth,0,506,1.2521127,382.55,29.66,487mnSNu6t,com.sec.android.app.shealth,d1569a32-5e71-41ae-a5da-0c009109c634,2025-03-12 00:00:00.000,
1ee72b95-92f5-4f69-8bb3-755bd97cfa86.binning_data.json,2025-03-14 03:00:50.901,2025-03-13 03:00:09.031,com.sec.android.app.shealth,102,867,1.489206,684.38,57.98,hriiVjEkYE,com.sec.android.app.shealth,1ee72b95-92f5-4f69-8bb3-755bd97cfa86,2025-03-12 00:00:00.000,
82ec4df5-117b-430b-9cc9-bdcbd277d68c.binning_data.json,2025-03-14 10:25:34.998,2025-03-13 10:29:38.846,com.sec.android.app.shealth,-2,3487,1.3133122,2668.09,205.64,VfS0qUERdZ,com.sec.android.app.shealth,82ec4df5-117b-430b-9cc9-bdcbd277d68c,2025-03-13 00:00:00.000,
ade3bcbc-8346-4592-aa8f-e630fe3aef0e.binning_data.json,2025-03-14 03:08:29.572,2025-03-14 03:00:12.382,com.sec.android.app.shealth,0,3328,1.3046478,2542.58,197.47,487mnSNu6t,com.sec.android.app.shealth,ade3bcbc-8346-4592-aa8f-e630fe3aef0e,2025-03-13 00:00:00.000,
9c2e3ce3-8c61-4ec3-8679-d764c256484c.binning_data.json,2025-03-14 03:00:50.916,2025-03-14 03:00:50.916,com.sec.android.app.shealth,102,792,1.4632138,617.95996,45.16,hriiVjEkYE,com.sec.android.app.shealth,9c2e3ce3-8c61-4ec3-8679-d764c256484c,2025-03-13 00:00:00.000,
68b155fa-eb92-40f8-942f-5c7f93213843.binning_data.json,2025-03-15 03:46:30.865,2025-03-14 10:25:34.862,com.sec.android.app.shealth,-2,4830,1.4331342,3778.79,309.88998,VfS0qUERdZ,com.sec.android.app.shealth,68b155fa-eb92-40f8-942f-5c7f93213843,2025-03-14 00:00:00.000,
07fa8957-5250-4632-9793-0e01e97a9bea.binning_data.json,2025-03-16 15:24:09.635,2025-03-15 03:46:27.657,com.sec.android.app.shealth,-2,544,1.2602763,414.42,31.72,VfS0qUERdZ,com.sec.android.app.shealth,07fa8957-5250-4632-9793-0e01e97a9bea,2025-03-15 00:00:00.000,
c9868df2-eac7-4eea-a340-f48461a29b8b.binning_data.json,2025-03-15 03:46:51.269,2025-03-15 03:46:51.269,com.sec.android.app.shealth,0,3398,1.3130159,2598.33,200.83,487mnSNu6t,com.sec.android.app.shealth,c9868df2-eac7-4eea-a340-f48461a29b8b,2025-03-14 00:00:00.000,
30bdbf0e-f6f3-40d4-bd87-ba31825f0998.binning_data.json,2025-03-17 03:00:07.488,2025-03-15 03:46:55.548,com.sec.android.app.shealth,102,41,1.53358,32.49,2.46,hriiVjEkYE,com.sec.android.app.shealth,30bdbf0e-f6f3-40d4-bd87-ba31825f0998,2025-03-15 00:00:00.000,
9a7dfdd0-a443-4539-8ebe-08dc49949406.binning_data.json,2025-03-15 03:46:55.847,2025-03-15 03:46:55.847,com.sec.android.app.shealth,102,4381,1.4691644,3436.43,288.98,hriiVjEkYE,com.sec.android.app.shealth,9a7dfdd0-a443-4539-8ebe-08dc49949406,2025-03-14 00:00:00.000,
12ea7e30-792b-4996-80c7-62a44ddeba16.binning_data.json,2025-03-16 03:00:03.193,2025-03-16 03:00:03.193,com.sec.android.app.shealth,0,503,1.2414557,381.93,29.26,487mnSNu6t,com.sec.android.app.shealth,12ea7e30-792b-4996-80c7-62a44ddeba16,2025-03-15 00:00:00.000,
edff5fac-0839-4cc0-beed-3501b77b90d5.binning_data.json,2025-03-17 11:13:08.652,2025-03-16 05:15:39.745,com.sec.android.app.shealth,-2,2360,1.6027625,1900.6799,170.61,VfS0qUERdZ,com.sec.android.app.shealth,edff5fac-0839-4cc0-beed-3501b77b90d5,2025-03-16 00:00:00.000,
e6d12eff-f634-48b4-9569-4b24a929e69d.binning_data.json,2025-03-17 03:00:07.000,2025-03-17 03:00:07.000,com.sec.android.app.shealth,0,582,1.1897997,436.91,33.94,487mnSNu6t,com.sec.android.app.shealth,e6d12eff-f634-48b4-9569-4b24a929e69d,2025-03-16 00:00:00.000,
f38ffc92-627e-4fa6-abf3-24e86d6de690.binning_data.json,2025-03-18 03:00:19.879,2025-03-17 03:00:07.501,com.sec.android.app.shealth,102,2112,1.6746219,1714.48,156.1,hriiVjEkYE,com.sec.android.app.shealth,f38ffc92-627e-4fa6-abf3-24e86d6de690,2025-03-16 00:00:00.000,
2a526744-1cec-4825-818d-14703e7e8035.binning_data.json,2025-03-18 00:12:50.134,2025-03-17 11:13:08.528,com.sec.android.app.shealth,-2,1865,1.5430013,1485.6,129.95999,VfS0qUERdZ,com.sec.android.app.shealth,2a526744-1cec-4825-818d-14703e7e8035,2025-03-17 00:00:00.000,
bf0a3379-b840-48a9-8158-dce9cd2e0e2c.binning_data.json,2025-03-18 03:00:17.669,2025-03-18 03:00:17.669,com.sec.android.app.shealth,0,551,1.2694664,417.26,31.0,487mnSNu6t,com.sec.android.app.shealth,bf0a3379-b840-48a9-8158-dce9cd2e0e2c,2025-03-17 00:00:00.000,
b157421d-2f5f-426d-b6b0-76f2db7a35e2.binning_data.json,2025-03-18 03:00:19.873,2025-03-18 03:00:19.873,com.sec.android.app.shealth,102,1673,1.5998158,1342.59,120.659996,hriiVjEkYE,com.sec.android.app.shealth,b157421d-2f5f-426d-b6b0-76f2db7a35e2,2025-03-17 00:00:00.000,
7ad6aad1-b095-4367-8055-610d687ccc64.binning_data.json,2025-03-19 02:12:45.718,2025-03-18 11:24:40.201,com.sec.android.app.shealth,-2,6217,1.4126441,4773.44,264.03,VfS0qUERdZ,com.sec.android.app.shealth,7ad6aad1-b095-4367-8055-610d687ccc64,2025-03-18 00:00:00.000,
cecf1c1d-77ca-4077-9303-190e92105462.binning_data.json,2025-03-19 03:00:08.575,2025-03-19 03:00:08.575,com.sec.android.app.shealth,0,5436,1.3928865,4139.32,166.29999,487mnSNu6t,com.sec.android.app.shealth,cecf1c1d-77ca-4077-9303-190e92105462,2025-03-18 00:00:00.000,
6e4b7d50-ff75-4805-b812-0d0913bf668f.binning_data.json,2025-03-19 03:00:10.467,2025-03-19 03:00:10.467,com.sec.android.app.shealth,102,4926,1.4726889,3851.57,296.11,hriiVjEkYE,com.sec.android.app.shealth,6e4b7d50-ff75-4805-b812-0d0913bf668f,2025-03-18 00:00:00.000,
ea3fb845-614d-4202-8832-c08ba2159b58.binning_data.json,2025-03-20 08:15:28.958,2025-03-19 10:26:41.024,com.sec.android.app.shealth,-2,4014,1.362281,3067.93,190.88,VfS0qUERdZ,com.sec.android.app.shealth,ea3fb845-614d-4202-8832-c08ba2159b58,2025-03-19 00:00:00.000,
44a97f52-aa9f-4b07-a76a-80d5347123a0.binning_data.json,2025-03-20 03:00:05.653,2025-03-20 03:00:05.653,com.sec.android.app.shealth,0,3093,1.2925841,2323.84,94.83,487mnSNu6t,com.sec.android.app.shealth,44a97f52-aa9f-4b07-a76a-80d5347123a0,2025-03-19 00:00:00.000,
17864dd0-acdc-4b42-a703-8d0219423e8c.binning_data.json,2025-03-21 03:00:08.802,2025-03-20 03:00:07.180,com.sec.android.app.shealth,102,3535,1.399427,2730.57,217.79,hriiVjEkYE,com.sec.android.app.shealth,17864dd0-acdc-4b42-a703-8d0219423e8c,2025-03-19 00:00:00.000,
504e851b-2ded-44ab-8349-4c0fed8fc7ec.binning_data.json,2025-03-21 08:15:10.958,2025-03-20 10:34:07.674,com.sec.android.app.shealth,-2,4874,1.3378801,3712.42,216.41,VfS0qUERdZ,com.sec.android.app.shealth,504e851b-2ded-44ab-8349-4c0fed8fc7ec,2025-03-20 00:00:00.000,
d8d2924e-8a54-4c57-8fdd-3c2d128040ae.binning_data.json,2025-03-21 03:00:06.658,2025-03-21 03:00:06.658,com.sec.android.app.shealth,0,3668,1.24498,2733.53,112.479996,487mnSNu6t,com.sec.android.app.shealth,d8d2924e-8a54-4c57-8fdd-3c2d128040ae,2025-03-20 00:00:00.000,
48093320-c1ac-442d-8ae5-a1da918a715b.binning_data.json,2025-03-22 03:00:08.318,2025-03-21 03:00:08.798,com.sec.android.app.shealth,102,2427,1.4598663,1898.53,157.37,hriiVjEkYE,com.sec.android.app.shealth,48093320-c1ac-442d-8ae5-a1da918a715b,2025-03-20 00:00:00.000,
22f6b338-0cf6-4ea4-aeab-ce575ae4620d.binning_data.json,2025-03-22 03:01:56.084,2025-03-21 10:42:16.048,com.sec.android.app.shealth,-2,7594,1.396548,5841.55,382.33,VfS0qUERdZ,com.sec.android.app.shealth,22f6b338-0cf6-4ea4-aeab-ce575ae4620d,2025-03-21 00:00:00.000,
178b1db3-d29b-46b9-b7cc-bc767b16fe4d.binning_data.json,2025-03-22 03:00:06.856,2025-03-22 03:00:06.856,com.sec.android.app.shealth,0,5847,1.2935541,4387.98,179.17,487mnSNu6t,com.sec.android.app.shealth,178b1db3-d29b-46b9-b7cc-bc767b16fe4d,2025-03-21 00:00:00.000,
bbe2ba84-8734-4f82-8c42-72c5586179b3.binning_data.json,2025-03-23 03:01:17.412,2025-03-22 03:00:08.333,com.sec.android.app.shealth,102,6805,1.4253871,5280.78,424.12,hriiVjEkYE,com.sec.android.app.shealth,bbe2ba84-8734-4f82-8c42-72c5586179b3,2025-03-21 00:00:00.000,
71e5e551-fffc-48d9-b665-324daa1bb4b4.binning_data.json,2025-03-23 02:04:12.457,2025-03-22 14:10:07.087,com.sec.android.app.shealth,-2,1255,1.2811035,948.24,53.72,VfS0qUERdZ,com.sec.android.app.shealth,71e5e551-fffc-48d9-b665-324daa1bb4b4,2025-03-22 00:00:00.000,
55301791-f9d6-47c7-b139-5f80e9fd1bc6.binning_data.json,2025-03-23 03:00:56.587,2025-03-23 03:00:56.587,com.sec.android.app.shealth,0,727,1.2747369,544.66,22.43,487mnSNu6t,com.sec.android.app.shealth,55301791-f9d6-47c7-b139-5f80e9fd1bc6,2025-03-22 00:00:00.000,
b8934aee-f595-48da-9fe8-698e8938aa64.binning_data.json,2025-03-23 03:01:17.408,2025-03-23 03:01:17.408,com.sec.android.app.shealth,102,528,1.2897972,403.58002,31.29,hriiVjEkYE,com.sec.android.app.shealth,b8934aee-f595-48da-9fe8-698e8938aa64,2025-03-22 00:00:00.000,
06b5d03b-f6a7-48cc-b8c7-f2ef9840d475.binning_data.json,2025-03-24 11:23:38.039,2025-03-23 13:17:43.652,com.sec.android.app.shealth,-2,3649,1.2958928,2768.68,203.95,VfS0qUERdZ,com.sec.android.app.shealth,06b5d03b-f6a7-48cc-b8c7-f2ef9840d475,2025-03-23 00:00:00.000,
2c027a86-91e6-45a7-bdaf-316a91df30a2.binning_data.json,2025-03-24 03:00:04.654,2025-03-24 03:00:04.654,com.sec.android.app.shealth,0,892,1.1863623,658.11,28.09,487mnSNu6t,com.sec.android.app.shealth,2c027a86-91e6-45a7-bdaf-316a91df30a2,2025-03-23 00:00:00.000,
f2dbbf06-04e0-42e1-9519-a102a136f10d.binning_data.json,2025-03-25 03:00:12.667,2025-03-24 03:00:06.254,com.sec.android.app.shealth,102,3447,1.3069395,2623.5,208.95999,hriiVjEkYE,com.sec.android.app.shealth,f2dbbf06-04e0-42e1-9519-a102a136f10d,2025-03-23 00:00:00.000,
22cfc932-6795-4fb9-aaf5-a68432dff0e1.binning_data.json,2025-03-25 11:31:27.563,2025-03-24 11:25:26.607,com.sec.android.app.shealth,-2,1500,1.6571636,1215.59,94.29,VfS0qUERdZ,com.sec.android.app.shealth,22cfc932-6795-4fb9-aaf5-a68432dff0e1,2025-03-24 00:00:00.000,
21ae26a0-9223-4890-99e2-5fd928e8659d.binning_data.json,2025-03-25 03:00:10.844,2025-03-25 03:00:10.844,com.sec.android.app.shealth,0,819,1.2723604,615.36,26.24,487mnSNu6t,com.sec.android.app.shealth,21ae26a0-9223-4890-99e2-5fd928e8659d,2025-03-24 00:00:00.000,
d0e5936b-4517-48cf-9167-528a4c89ee19.binning_data.json,2025-03-26 03:00:13.342,2025-03-25 03:00:12.662,com.sec.android.app.shealth,102,792,2.1763084,683.45,73.159996,hriiVjEkYE,com.sec.android.app.shealth,d0e5936b-4517-48cf-9167-528a4c89ee19,2025-03-24 00:00:00.000,
9bd17c63-1700-4689-8cc2-34698cab06bd.binning_data.json,2025-03-26 00:25:33.355,2025-03-25 11:31:27.476,com.sec.android.app.shealth,-2,5827,1.4821961,4523.96,267.78,VfS0qUERdZ,com.sec.android.app.shealth,9bd17c63-1700-4689-8cc2-34698cab06bd,2025-03-25 00:00:00.000,
1961fb28-a987-45c4-9582-d2f2a300586d.binning_data.json,2025-03-27 02:07:59.910,2025-03-26 03:00:08.315,com.sec.android.app.shealth,-2,7278,1.3806068,5556.28,286.44,VfS0qUERdZ,com.sec.android.app.shealth,1961fb28-a987-45c4-9582-d2f2a300586d,2025-03-26 00:00:00.000,
d13deddb-290a-41cd-9eec-4ea12dbeb37b.binning_data.json,2025-03-27 03:00:07.411,2025-03-26 03:00:12.560,com.sec.android.app.shealth,0,6661,1.3615952,5055.86,203.56999,487mnSNu6t,com.sec.android.app.shealth,d13deddb-290a-41cd-9eec-4ea12dbeb37b,2025-03-26 00:00:00.000,
495712f2-a668-4483-a909-45a3364081bd.binning_data.json,2025-03-26 03:00:12.563,2025-03-26 03:00:12.563,com.sec.android.app.shealth,0,4106,1.4566443,3151.48,124.5,487mnSNu6t,com.sec.android.app.shealth,495712f2-a668-4483-a909-45a3364081bd,2025-03-25 00:00:00.000,
52a75460-5eb8-4524-b504-0cf5b306400c.binning_data.json,2025-03-26 03:00:13.358,2025-03-26 03:00:13.358,com.sec.android.app.shealth,102,5466,1.5153219,4305.79,336.36002,hriiVjEkYE,com.sec.android.app.shealth,52a75460-5eb8-4524-b504-0cf5b306400c,2025-03-25 00:00:00.000,
6b70db20-8457-48b7-b6ae-e551d44f220f.binning_data.json,2025-03-27 03:00:09.549,2025-03-27 03:00:09.549,com.sec.android.app.shealth,102,5065,1.4657878,3949.97,298.3,hriiVjEkYE,com.sec.android.app.shealth,6b70db20-8457-48b7-b6ae-e551d44f220f,2025-03-26 00:00:00.000,
9a628826-fa07-4096-a836-31952223a3d8.binning_data.json,2025-03-28 00:59:37.408,2025-03-27 10:26:11.409,com.sec.android.app.shealth,-2,4909,1.3090074,3710.18,238.2,VfS0qUERdZ,com.sec.android.app.shealth,9a628826-fa07-4096-a836-31952223a3d8,2025-03-27 00:00:00.000,
ef7fc1d3-43a8-4016-b217-0e4f42f29b97.binning_data.json,2025-03-28 03:00:13.699,2025-03-28 03:00:13.699,com.sec.android.app.shealth,0,4263,1.2518934,3177.65,129.98,487mnSNu6t,com.sec.android.app.shealth,ef7fc1d3-43a8-4016-b217-0e4f42f29b97,2025-03-27 00:00:00.000,
c76ea895-102e-4c6e-96dd-d820382060b9.binning_data.json,2025-03-28 03:00:15.165,2025-03-28 03:00:15.165,com.sec.android.app.shealth,102,4617,1.3339745,3515.59,280.57,hriiVjEkYE,com.sec.android.app.shealth,c76ea895-102e-4c6e-96dd-d820382060b9,2025-03-27 00:00:00.000,
9e31a174-c437-4f80-9546-5688e4cd2308.binning_data.json,2025-03-29 01:38:04.879,2025-03-28 10:49:57.866,com.sec.android.app.shealth,-2,4617,1.2552209,3452.43,162.56999,VfS0qUERdZ,com.sec.android.app.shealth,9e31a174-c437-4f80-9546-5688e4cd2308,2025-03-28 00:00:00.000,
de833330-f91a-409d-9e00-f40c2ce2ee45.binning_data.json,2025-03-29 03:00:05.170,2025-03-29 03:00:05.170,com.sec.android.app.shealth,0,4226,1.2290701,3140.35,129.62,487mnSNu6t,com.sec.android.app.shealth,de833330-f91a-409d-9e00-f40c2ce2ee45,2025-03-28 00:00:00.000,
03837e3f-7819-48c3-8c67-4355ae2c4ff1.binning_data.json,2025-03-29 03:00:08.433,2025-03-29 03:00:08.433,com.sec.android.app.shealth,102,1805,1.3542353,1381.97,115.19,hriiVjEkYE,com.sec.android.app.shealth,03837e3f-7819-48c3-8c67-4355ae2c4ff1,2025-03-28 00:00:00.000,
f791976c-0987-4fc2-a2e2-d50e45a5741f.binning_data.json,2025-03-30 13:04:11.790,2025-03-29 03:03:57.831,com.sec.android.app.shealth,-2,2383,1.198457,1771.09,93.49,VfS0qUERdZ,com.sec.android.app.shealth,f791976c-0987-4fc2-a2e2-d50e45a5741f,2025-03-29 00:00:00.000,
79a79a61-770d-46b2-a2ab-92bf1d072569.binning_data.json,2025-03-30 03:00:03.614,2025-03-30 03:00:03.614,com.sec.android.app.shealth,0,1936,1.1639317,1427.1699,60.379997,487mnSNu6t,com.sec.android.app.shealth,79a79a61-770d-46b2-a2ab-92bf1d072569,2025-03-29 00:00:00.000,
e3b9833d-9506-4fb4-9575-acff0ab73a25.binning_data.json,2025-03-31 03:04:28.342,2025-03-30 03:00:04.986,com.sec.android.app.shealth,102,1005,1.2457216,755.77,59.46,hriiVjEkYE,com.sec.android.app.shealth,e3b9833d-9506-4fb4-9575-acff0ab73a25,2025-03-29 00:00:00.000,
f6538bfd-d712-4113-bfed-5db761b51677.binning_data.json,2025-03-31 11:19:26.038,2025-03-30 03:18:05.569,com.sec.android.app.shealth,-2,1547,1.3669935,1193.77,91.71,VfS0qUERdZ,com.sec.android.app.shealth,f6538bfd-d712-4113-bfed-5db761b51677,2025-03-30 00:00:00.000,
0371a087-6c39-43e6-84d2-c3716eae3b92.binning_data.json,2025-03-31 03:03:59.324,2025-03-31 03:03:59.324,com.sec.android.app.shealth,0,592,1.0880942,432.03,18.8,487mnSNu6t,com.sec.android.app.shealth,0371a087-6c39-43e6-84d2-c3716eae3b92,2025-03-30 00:00:00.000,
c61ff79c-2463-48e5-8ad8-f66f0e4938f6.binning_data.json,2025-04-01 03:00:06.851,2025-03-31 03:04:28.336,com.sec.android.app.shealth,102,1411,1.4175434,1097.3099,91.55,hriiVjEkYE,com.sec.android.app.shealth,c61ff79c-2463-48e5-8ad8-f66f0e4938f6,2025-03-30 00:00:00.000,
f4420254-e3fc-4395-893e-c91d029cb928.binning_data.json,2025-04-01 03:00:05.188,2025-03-31 11:19:25.712,com.sec.android.app.shealth,-2,5875,1.4151345,4509.53,247.66,VfS0qUERdZ,com.sec.android.app.shealth,f4420254-e3fc-4395-893e-c91d029cb928,2025-03-31 00:00:00.000,
6d2a5d57-4229-44ac-b5e6-0ab24fd573ae.binning_data.json,2025-04-01 03:00:05.175,2025-04-01 03:00:05.175,com.sec.android.app.shealth,0,4941,1.4281391,3783.68,150.89,487mnSNu6t,com.sec.android.app.shealth,6d2a5d57-4229-44ac-b5e6-0ab24fd573ae,2025-03-31 00:00:00.000,
8c7bced5-9a2f-4788-8846-7e7ea0612c57.binning_data.json,2025-04-01 03:00:06.863,2025-04-01 03:00:06.863,com.sec.android.app.shealth,102,3932,1.4054328,3038.74,232.27,hriiVjEkYE,com.sec.android.app.shealth,8c7bced5-9a2f-4788-8846-7e7ea0612c57,2025-03-31 00:00:00.000,
17a4c6a7-e06b-4b1c-a95f-025e03a98fc5.binning_data.json,2025-04-02 04:48:24.883,2025-04-01 10:21:38.610,com.sec.android.app.shealth,-2,5332,1.2860832,4023.09,248.59,VfS0qUERdZ,com.sec.android.app.shealth,17a4c6a7-e06b-4b1c-a95f-025e03a98fc5,2025-04-01 00:00:00.000,
74c821d8-b98a-436f-8bc4-160ef4d87e18.binning_data.json,2025-04-02 03:00:36.892,2025-04-02 03:00:36.892,com.sec.android.app.shealth,0,4348,1.2220951,3230.77,133.29,487mnSNu6t,com.sec.android.app.shealth,74c821d8-b98a-436f-8bc4-160ef4d87e18,2025-04-01 00:00:00.000,
e0a039d8-0435-4610-94fe-ab3c7f51e8a8.binning_data.json,2025-04-03 03:00:35.001,2025-04-02 03:00:38.671,com.sec.android.app.shealth,102,4881,1.3098505,3712.81,299.3,hriiVjEkYE,com.sec.android.app.shealth,e0a039d8-0435-4610-94fe-ab3c7f51e8a8,2025-04-01 00:00:00.000,
cd459bbc-aa8f-4a29-8438-04b2be347b12.binning_data.json,2025-04-03 01:32:59.001,2025-04-02 10:36:03.877,com.sec.android.app.shealth,-2,4519,1.330154,3449.98,194.93999,VfS0qUERdZ,com.sec.android.app.shealth,cd459bbc-aa8f-4a29-8438-04b2be347b12,2025-04-02 00:00:00.000,
5df8f36f-f0ae-4368-99c2-971a41c41349.binning_data.json,2025-04-03 03:00:33.604,2025-04-03 03:00:33.604,com.sec.android.app.shealth,0,4077,1.2529219,3057.72,152.27998,487mnSNu6t,com.sec.android.app.shealth,5df8f36f-f0ae-4368-99c2-971a41c41349,2025-04-02 00:00:00.000,
75f7e9eb-25c5-4dc1-b9c7-520562661031.binning_data.json,2025-04-04 03:00:50.196,2025-04-03 03:00:34.997,com.sec.android.app.shealth,102,1242,1.7278157,1014.51,96.67,hriiVjEkYE,com.sec.android.app.shealth,75f7e9eb-25c5-4dc1-b9c7-520562661031,2025-04-02 00:00:00.000,
1f4fa92c-4323-4f47-9fc1-1ebf300e9cf1.binning_data.json,2025-04-03 22:23:47.113,2025-04-03 11:25:29.948,com.sec.android.app.shealth,-2,662,1.2284628,492.84,20.77,VfS0qUERdZ,com.sec.android.app.shealth,1f4fa92c-4323-4f47-9fc1-1ebf300e9cf1,2025-04-03 00:00:00.000,
eafc8faa-3536-4000-b992-72ec985d60d7.binning_data.json,2025-04-04 03:00:48.869,2025-04-04 03:00:48.869,com.sec.android.app.shealth,0,662,1.2284628,492.84,20.77,487mnSNu6t,com.sec.android.app.shealth,eafc8faa-3536-4000-b992-72ec985d60d7,2025-04-03 00:00:00.000,
307c8bb6-9dee-4253-9632-c5ccb642cf07.binning_data.json,2025-04-05 03:00:05.112,2025-04-04 11:42:52.404,com.sec.android.app.shealth,-2,3699,1.5068687,2909.56,203.12999,VfS0qUERdZ,com.sec.android.app.shealth,307c8bb6-9dee-4253-9632-c5ccb642cf07,2025-04-04 00:00:00.000,
135107c0-797f-4544-bb86-19f6dcf9ea25.binning_data.json,2025-04-05 03:00:05.454,2025-04-05 03:00:05.454,com.sec.android.app.shealth,0,1805,1.3224564,1361.35,56.239998,487mnSNu6t,com.sec.android.app.shealth,135107c0-797f-4544-bb86-19f6dcf9ea25,2025-04-04 00:00:00.000,
1ad9cd56-2491-4407-8156-452f65c1f6e0.binning_data.json,2025-04-05 03:00:07.027,2025-04-05 03:00:07.027,com.sec.android.app.shealth,102,2725,1.5727893,2179.8499,186.87,hriiVjEkYE,com.sec.android.app.shealth,1ad9cd56-2491-4407-8156-452f65c1f6e0,2025-04-04 00:00:00.000,
9a1d8ca5-f2f5-4fd0-81ab-b9d16b7f8b8a.binning_data.json,2025-04-06 03:14:35.371,2025-04-05 13:00:40.235,com.sec.android.app.shealth,-2,2145,1.2941464,1619.94,109.369995,VfS0qUERdZ,com.sec.android.app.shealth,9a1d8ca5-f2f5-4fd0-81ab-b9d16b7f8b8a,2025-04-05 00:00:00.000,
c5bcde8e-cedd-4f6d-8689-4efc5befb3d2.binning_data.json,2025-04-07 11:09:30.675,2025-04-06 03:14:25.467,com.sec.android.app.shealth,-2,3026,1.4446458,2364.63,183.40999,VfS0qUERdZ,com.sec.android.app.shealth,c5bcde8e-cedd-4f6d-8689-4efc5befb3d2,2025-04-06 00:00:00.000,
a4856ea4-d13c-4a62-a529-a5371fc9fe34.binning_data.json,2025-04-06 03:14:34.977,2025-04-06 03:14:34.977,com.sec.android.app.shealth,0,1221,1.2218709,906.89996,38.219997,487mnSNu6t,com.sec.android.app.shealth,a4856ea4-d13c-4a62-a529-a5371fc9fe34,2025-04-05 00:00:00.000,
57ac2915-37db-4c59-8367-cb434973a9be.binning_data.json,2025-04-07 03:00:06.948,2025-04-06 03:14:34.984,com.sec.android.app.shealth,0,1144,1.2038541,846.84,35.82,487mnSNu6t,com.sec.android.app.shealth,57ac2915-37db-4c59-8367-cb434973a9be,2025-04-06 00:00:00.000,
7f5853d1-a977-4ec6-9324-7ba5370ee11d.binning_data.json,2025-04-06 03:14:36.076,2025-04-06 03:14:36.076,com.sec.android.app.shealth,102,1786,1.3191353,1356.73,107.75,hriiVjEkYE,com.sec.android.app.shealth,7f5853d1-a977-4ec6-9324-7ba5370ee11d,2025-04-05 00:00:00.000,
b688003a-c8bb-4d49-97df-71d3d5e0e1e6.binning_data.json,2025-04-08 03:13:25.698,2025-04-06 03:14:36.081,com.sec.android.app.shealth,102,2749,1.4867438,2166.82,186.34,hriiVjEkYE,com.sec.android.app.shealth,b688003a-c8bb-4d49-97df-71d3d5e0e1e6,2025-04-06 00:00:00.000,
17d55481-8b78-494f-b8ad-f2d7c3391039.binning_data.json,2025-04-08 02:35:13.745,2025-04-07 11:11:51.421,com.sec.android.app.shealth,-2,1423,1.5765676,1135.53,86.85,VfS0qUERdZ,com.sec.android.app.shealth,17d55481-8b78-494f-b8ad-f2d7c3391039,2025-04-07 00:00:00.000,
ff687751-9fff-4b49-860f-f3d4b0653a3e.binning_data.json,2025-04-08 03:13:24.482,2025-04-08 03:13:24.482,com.sec.android.app.shealth,0,633,1.255433,471.59,19.85,487mnSNu6t,com.sec.android.app.shealth,ff687751-9fff-4b49-860f-f3d4b0653a3e,2025-04-07 00:00:00.000,
79ad21d1-c9e6-4c7c-9637-b3354c0fe1bb.binning_data.json,2025-04-08 03:13:25.657,2025-04-08 03:13:25.657,com.sec.android.app.shealth,102,1097,1.6810982,892.39,79.39,hriiVjEkYE,com.sec.android.app.shealth,79ad21d1-c9e6-4c7c-9637-b3354c0fe1bb,2025-04-07 00:00:00.000,
4f70d8d3-5566-4dbe-a34f-6155574eb896.binning_data.json,2025-04-09 00:22:03.901,2025-04-08 03:15:14.446,com.sec.android.app.shealth,-2,2283,1.2843839,1720.04,93.96,VfS0qUERdZ,com.sec.android.app.shealth,4f70d8d3-5566-4dbe-a34f-6155574eb896,2025-04-08 00:00:00.000,
bb4ce546-e98f-456e-8006-36daa6bd1598.binning_data.json,2025-04-09 03:00:06.088,2025-04-09 03:00:06.088,com.sec.android.app.shealth,0,1875,1.2064681,1387.98,58.07,487mnSNu6t,com.sec.android.app.shealth,bb4ce546-e98f-456e-8006-36daa6bd1598,2025-04-08 00:00:00.000,
7a85a70d-e100-4d2a-942b-fd6a86d57ff8.binning_data.json,2025-04-09 03:00:07.908,2025-04-09 03:00:07.908,com.sec.android.app.shealth,102,1500,1.3476845,1146.27,91.06,hriiVjEkYE,com.sec.android.app.shealth,7a85a70d-e100-4d2a-942b-fd6a86d57ff8,2025-04-08 00:00:00.000,
a6b56b00-3a3b-468d-93a4-8318caa2cc98.binning_data.json,2025-04-11 16:02:32.354,2025-04-09 10:28:00.549,com.sec.android.app.shealth,-2,3998,1.3274766,3039.09,184.46,VfS0qUERdZ,com.sec.android.app.shealth,a6b56b00-3a3b-468d-93a4-8318caa2cc98,2025-04-09 00:00:00.000,
1b035021-83a6-4a4d-8c92-128b3faf74cf.binning_data.json,2025-04-10 03:50:32.263,2025-04-10 03:50:32.263,com.sec.android.app.shealth,0,3167,1.2747986,2373.38,96.659996,487mnSNu6t,com.sec.android.app.shealth,1b035021-83a6-4a4d-8c92-128b3faf74cf,2025-04-09 00:00:00.000,
af75738a-30f4-4f15-8903-ee909be55733.binning_data.json,2025-04-12 03:29:10.267,2025-04-10 03:50:36.991,com.sec.android.app.shealth,102,3704,1.3583297,2847.74,230.81999,hriiVjEkYE,com.sec.android.app.shealth,af75738a-30f4-4f15-8903-ee909be55733,2025-04-09 00:00:00.000,
eb2b0942-a1eb-428a-b93d-a0cef2dc54d7.binning_data.json,2025-04-11 02:30:04.235,2025-04-10 10:47:55.345,com.sec.android.app.shealth,-2,3339,1.259192,2493.83,102.58,VfS0qUERdZ,com.sec.android.app.shealth,eb2b0942-a1eb-428a-b93d-a0cef2dc54d7,2025-04-10 00:00:00.000,
cd2cb76b-7fc1-4afb-8e77-62977c3c52d5.binning_data.json,2025-04-11 03:00:01.761,2025-04-11 03:00:01.761,com.sec.android.app.shealth,0,3339,1.259192,2493.83,102.58,487mnSNu6t,com.sec.android.app.shealth,cd2cb76b-7fc1-4afb-8e77-62977c3c52d5,2025-04-10 00:00:00.000,
9718c1af-cac5-4af6-96da-7f5f6fee1ed4.binning_data.json,2025-04-12 11:57:51.326,2025-04-11 10:45:57.607,com.sec.android.app.shealth,-2,3834,1.3202636,2904.2,162.15,VfS0qUERdZ,com.sec.android.app.shealth,9718c1af-cac5-4af6-96da-7f5f6fee1ed4,2025-04-11 00:00:00.000,
67bfda2d-879f-4cbf-a06e-00bcc7df2b1b.binning_data.json,2025-04-14 03:16:40.866,2025-04-12 03:28:18.346,com.sec.android.app.shealth,-2,1587,1.7445405,1302.59,123.299995,VfS0qUERdZ,com.sec.android.app.shealth,67bfda2d-879f-4cbf-a06e-00bcc7df2b1b,2025-04-12 00:00:00.000,
c5ec78fb-980a-4f8c-b477-0b128e126104.binning_data.json,2025-04-12 03:28:30.262,2025-04-12 03:28:30.262,com.sec.android.app.shealth,0,3158,1.2815771,2367.21,96.81,487mnSNu6t,com.sec.android.app.shealth,c5ec78fb-980a-4f8c-b477-0b128e126104,2025-04-11 00:00:00.000,
65d69fce-da87-4146-9a48-f581faefc363.binning_data.json,2025-04-13 03:00:05.834,2025-04-12 03:28:34.926,com.sec.android.app.shealth,0,132,1.1700953,97.69,4.17,487mnSNu6t,com.sec.android.app.shealth,65d69fce-da87-4146-9a48-f581faefc363,2025-04-12 00:00:00.000,
5f864619-0685-44a1-8ac8-dd7ec97d4b64.binning_data.json,2025-04-13 03:00:16.192,2025-04-12 03:29:10.354,com.sec.android.app.shealth,102,2345,1.3513023,1796.49,138.79,hriiVjEkYE,com.sec.android.app.shealth,5f864619-0685-44a1-8ac8-dd7ec97d4b64,2025-04-11 00:00:00.000,
5523f16c-5087-458b-82e9-42e017cf6804.binning_data.json,2025-04-15 03:00:08.085,2025-04-13 03:00:16.185,com.sec.android.app.shealth,102,1580,1.7416973,1296.5599,123.06,hriiVjEkYE,com.sec.android.app.shealth,5523f16c-5087-458b-82e9-42e017cf6804,2025-04-12 00:00:00.000,
9bfe3e68-5cd5-411f-a9d3-b713152c44dd.binning_data.json,2025-04-14 01:55:02.481,2025-04-13 14:09:45.016,com.sec.android.app.shealth,-2,276,1.1241119,202.25,8.72,VfS0qUERdZ,com.sec.android.app.shealth,9bfe3e68-5cd5-411f-a9d3-b713152c44dd,2025-04-13 00:00:00.000,
73ec2065-6919-4825-80ff-441c761dbf5e.binning_data.json,2025-04-14 03:06:44.740,2025-04-14 03:06:44.740,com.sec.android.app.shealth,0,276,1.1241119,202.25,8.72,487mnSNu6t,com.sec.android.app.shealth,73ec2065-6919-4825-80ff-441c761dbf5e,2025-04-13 00:00:00.000,
d551e655-958a-4b29-b1b0-eadf387ac39c.binning_data.json,2025-04-15 01:23:15.672,2025-04-14 04:09:17.380,com.sec.android.app.shealth,-2,2176,1.3608632,1670.65,110.55,VfS0qUERdZ,com.sec.android.app.shealth,d551e655-958a-4b29-b1b0-eadf387ac39c,2025-04-14 00:00:00.000,
3fb8f9f3-fd03-48a5-a34a-2e3087e95ab6.binning_data.json,2025-04-15 03:00:06.849,2025-04-15 03:00:06.849,com.sec.android.app.shealth,0,1087,1.2705169,813.65,33.95,487mnSNu6t,com.sec.android.app.shealth,3fb8f9f3-fd03-48a5-a34a-2e3087e95ab6,2025-04-14 00:00:00.000,
9fecf1a2-8d21-49be-8c8e-5836c63787ee.binning_data.json,2025-04-15 03:00:08.102,2025-04-15 03:00:08.102,com.sec.android.app.shealth,102,1412,1.4130405,1098.5701,92.52,hriiVjEkYE,com.sec.android.app.shealth,9fecf1a2-8d21-49be-8c8e-5836c63787ee,2025-04-14 00:00:00.000,
c65710c0-7b32-44b9-85e0-e1e634b1eb23.binning_data.json,2025-04-16 03:13:28.585,2025-04-15 03:00:52.926,com.sec.android.app.shealth,-2,5543,1.4447601,4265.41,222.67,VfS0qUERdZ,com.sec.android.app.shealth,c65710c0-7b32-44b9-85e0-e1e634b1eb23,2025-04-15 00:00:00.000,
89e21d6a-49e5-4f34-8c39-c60edea38d8c.binning_data.json,2025-04-16 03:00:05.091,2025-04-16 03:00:05.091,com.sec.android.app.shealth,0,4813,1.4242189,3678.02,146.81999,487mnSNu6t,com.sec.android.app.shealth,89e21d6a-49e5-4f34-8c39-c60edea38d8c,2025-04-15 00:00:00.000,
76219766-6dda-4490-a4d7-8ae4474da870.binning_data.json,2025-04-17 03:00:26.426,2025-04-16 03:00:06.411,com.sec.android.app.shealth,102,4598,1.5004481,3608.48,273.01,hriiVjEkYE,com.sec.android.app.shealth,76219766-6dda-4490-a4d7-8ae4474da870,2025-04-15 00:00:00.000,
0120c7da-cd57-4a04-8a36-aeea6974e753.binning_data.json,2025-04-17 10:26:31.296,2025-04-16 10:26:23.516,com.sec.android.app.shealth,-2,4414,1.3257415,3369.49,234.54,VfS0qUERdZ,com.sec.android.app.shealth,0120c7da-cd57-4a04-8a36-aeea6974e753,2025-04-16 00:00:00.000,
1a806fcd-98e0-4c31-8b59-68abbb27bc15.binning_data.json,2025-04-17 03:00:12.986,2025-04-17 03:00:12.986,com.sec.android.app.shealth,0,3239,1.1888059,2393.41,99.44,487mnSNu6t,com.sec.android.app.shealth,1a806fcd-98e0-4c31-8b59-68abbb27bc15,2025-04-16 00:00:00.000,
d8d69687-a99c-46a5-a27c-66bce1317d15.binning_data.json,2025-04-18 03:00:03.414,2025-04-17 03:00:26.420,com.sec.android.app.shealth,102,4078,1.3701475,3143.29,263.02,hriiVjEkYE,com.sec.android.app.shealth,d8d69687-a99c-46a5-a27c-66bce1317d15,2025-04-16 00:00:00.000,
1f9ca028-908b-4416-bc8b-25ca19382ff9.binning_data.json,2025-04-18 02:55:08.669,2025-04-17 10:26:31.035,com.sec.android.app.shealth,-2,4843,1.3468142,3681.75,191.4,VfS0qUERdZ,com.sec.android.app.shealth,1f9ca028-908b-4416-bc8b-25ca19382ff9,2025-04-17 00:00:00.000,
f1e0a999-0925-43ce-b9c3-bd2b30195a24.binning_data.json,2025-04-18 03:00:02.749,2025-04-18 03:00:02.749,com.sec.android.app.shealth,0,4456,1.297121,3348.23,136.17,487mnSNu6t,com.sec.android.app.shealth,f1e0a999-0925-43ce-b9c3-bd2b30195a24,2025-04-17 00:00:00.000,
343c6266-353c-4d8a-a4ba-c119aef55b22.binning_data.json,2025-04-18 03:00:03.407,2025-04-18 03:00:03.407,com.sec.android.app.shealth,102,2331,1.3845472,1795.98,150.95999,hriiVjEkYE,com.sec.android.app.shealth,343c6266-353c-4d8a-a4ba-c119aef55b22,2025-04-17 00:00:00.000,
03d4af95-eaa6-4fa7-a747-1cbdf2bc8df3.binning_data.json,2025-04-19 08:36:34.368,2025-04-18 03:15:01.335,com.sec.android.app.shealth,-2,2835,1.3061146,2147.25,144.77,VfS0qUERdZ,com.sec.android.app.shealth,03d4af95-eaa6-4fa7-a747-1cbdf2bc8df3,2025-04-18 00:00:00.000,
61a11311-b320-4200-8c5a-c6700d3d36a5.binning_data.json,2025-04-19 04:31:27.757,2025-04-19 04:31:27.757,com.sec.android.app.shealth,0,1699,1.2255157,1264.44,53.34,487mnSNu6t,com.sec.android.app.shealth,61a11311-b320-4200-8c5a-c6700d3d36a5,2025-04-18 00:00:00.000,
b6fc3857-9a3f-4c59-b44a-a08797c4b8a1.binning_data.json,2025-04-20 03:36:08.121,2025-04-19 04:31:41.471,com.sec.android.app.shealth,102,2462,1.323297,1876.22,148.59,hriiVjEkYE,com.sec.android.app.shealth,b6fc3857-9a3f-4c59-b44a-a08797c4b8a1,2025-04-18 00:00:00.000,
dd3bb2c4-4b5e-41f6-9e3a-39e9d584c217.binning_data.json,2025-04-20 15:37:34.076,2025-04-19 12:23:10.064,com.sec.android.app.shealth,-2,3129,1.4079225,2426.12,187.11,VfS0qUERdZ,com.sec.android.app.shealth,dd3bb2c4-4b5e-41f6-9e3a-39e9d584c217,2025-04-19 00:00:00.000,
45b3137b-48f1-4997-a37a-4ce18c60b844.binning_data.json,2025-04-20 03:36:02.187,2025-04-20 03:36:02.187,com.sec.android.app.shealth,0,785,1.3219622,593.75,24.34,487mnSNu6t,com.sec.android.app.shealth,45b3137b-48f1-4997-a37a-4ce18c60b844,2025-04-19 00:00:00.000,
576f2ba2-1d90-4ebb-9253-6550961663f8.binning_data.json,2025-04-21 03:00:01.817,2025-04-20 03:36:08.113,com.sec.android.app.shealth,102,2886,1.4172789,2244.87,186.31,hriiVjEkYE,com.sec.android.app.shealth,576f2ba2-1d90-4ebb-9253-6550961663f8,2025-04-19 00:00:00.000,
90135a53-1970-479b-9323-5e99a221f422.binning_data.json,2025-04-21 13:02:10.487,2025-04-20 13:04:01.604,com.sec.android.app.shealth,-2,3713,1.4059767,2868.69,202.81,VfS0qUERdZ,com.sec.android.app.shealth,90135a53-1970-479b-9323-5e99a221f422,2025-04-20 00:00:00.000,
703e6782-2474-455a-8e32-ddd402eda32c.binning_data.json,2025-04-21 03:00:01.261,2025-04-21 03:00:01.261,com.sec.android.app.shealth,0,2061,1.2354811,1534.77,64.35,487mnSNu6t,com.sec.android.app.shealth,703e6782-2474-455a-8e32-ddd402eda32c,2025-04-20 00:00:00.000,
00be895d-1e7b-4220-ac68-765b002c4f0a.binning_data.json,2025-04-22 03:00:36.917,2025-04-21 03:00:01.813,com.sec.android.app.shealth,102,2977,1.4795709,2333.04,196.76,hriiVjEkYE,com.sec.android.app.shealth,00be895d-1e7b-4220-ac68-765b002c4f0a,2025-04-20 00:00:00.000,
dbbea0e3-c8c4-47cb-8c1f-92b55543386e.binning_data.json,2025-04-22 03:31:44.833,2025-04-21 03:41:43.876,com.sec.android.app.shealth,-2,1962,1.53273,1563.14,126.61,VfS0qUERdZ,com.sec.android.app.shealth,dbbea0e3-c8c4-47cb-8c1f-92b55543386e,2025-04-21 00:00:00.000,
bf85263b-816d-49f6-9363-44b52bb5cb6a.binning_data.json,2025-04-22 03:00:35.350,2025-04-22 03:00:35.350,com.sec.android.app.shealth,0,843,1.105822,615.6,26.22,487mnSNu6t,com.sec.android.app.shealth,bf85263b-816d-49f6-9363-44b52bb5cb6a,2025-04-21 00:00:00.000,
1d69d6c6-1269-4e14-85d8-b3c0e428160b.binning_data.json,2025-04-23 03:04:56.687,2025-04-22 03:00:36.912,com.sec.android.app.shealth,102,1705,1.6689048,1382.1799,126.48,hriiVjEkYE,com.sec.android.app.shealth,1d69d6c6-1269-4e14-85d8-b3c0e428160b,2025-04-21 00:00:00.000,
9147c507-e664-46ab-ba89-b74ab3d51efb.binning_data.json,2025-04-23 00:01:29.712,2025-04-22 03:35:00.933,com.sec.android.app.shealth,-2,1411,1.2298167,1049.93,52.37,VfS0qUERdZ,com.sec.android.app.shealth,9147c507-e664-46ab-ba89-b74ab3d51efb,2025-04-22 00:00:00.000,
bfd2055b-165c-4b3f-924d-dd037e3dc162.binning_data.json,2025-04-23 03:04:55.675,2025-04-23 03:04:55.675,com.sec.android.app.shealth,0,1205,1.2213714,893.76,37.98,487mnSNu6t,com.sec.android.app.shealth,bfd2055b-165c-4b3f-924d-dd037e3dc162,2025-04-22 00:00:00.000,
63ecc576-53e2-44b4-b02e-5bac26cc9203.binning_data.json,2025-04-23 03:04:56.708,2025-04-23 03:04:56.708,com.sec.android.app.shealth,102,335,1.2715962,253.04,21.39,hriiVjEkYE,com.sec.android.app.shealth,63ecc576-53e2-44b4-b02e-5bac26cc9203,2025-04-22 00:00:00.000,
0810e847-245e-4691-bebf-c911f5a43333.binning_data.json,2025-04-24 10:54:08.485,2025-04-23 11:43:43.115,com.sec.android.app.shealth,-2,2793,1.684264,2267.58,188.25,VfS0qUERdZ,com.sec.android.app.shealth,0810e847-245e-4691-bebf-c911f5a43333,2025-04-23 00:00:00.000,
94842263-b486-4732-a0e3-6705c0bef5fc.binning_data.json,2025-04-24 03:01:03.876,2025-04-24 03:01:03.876,com.sec.android.app.shealth,0,857,1.2685245,639.7,26.64,487mnSNu6t,com.sec.android.app.shealth,94842263-b486-4732-a0e3-6705c0bef5fc,2025-04-23 00:00:00.000,
08318c97-e6eb-4002-b32a-a152a5fa0737.binning_data.json,2025-04-25 03:00:42.335,2025-04-24 03:01:07.771,com.sec.android.app.shealth,102,2463,1.7566843,2024.4299,188.14,hriiVjEkYE,com.sec.android.app.shealth,08318c97-e6eb-4002-b32a-a152a5fa0737,2025-04-23 00:00:00.000,
30543fce-5ad7-413a-9898-ac067c7f2711.binning_data.json,2025-04-26 00:47:44.889,2025-04-24 10:54:08.358,com.sec.android.app.shealth,-2,3407,1.4225718,2635.21,158.09999,VfS0qUERdZ,com.sec.android.app.shealth,30543fce-5ad7-413a-9898-ac067c7f2711,2025-04-24 00:00:00.000,
06fbe8ec-c5e5-4d86-bc53-e420722cea02.binning_data.json,2025-04-25 03:00:38.790,2025-04-25 03:00:38.790,com.sec.android.app.shealth,0,2906,1.3099225,2188.53,88.84,487mnSNu6t,com.sec.android.app.shealth,06fbe8ec-c5e5-4d86-bc53-e420722cea02,2025-04-24 00:00:00.000,
5387c039-ceb0-4a9e-8d35-39525defd892.binning_data.json,2025-04-26 03:00:04.005,2025-04-25 03:00:42.296,com.sec.android.app.shealth,102,2256,1.518348,1782.86,157.65,hriiVjEkYE,com.sec.android.app.shealth,5387c039-ceb0-4a9e-8d35-39525defd892,2025-04-24 00:00:00.000,
d91bef76-74ac-494c-b888-29a1309bce36.binning_data.json,2025-04-26 00:43:23.875,2025-04-25 10:46:10.759,com.sec.android.app.shealth,-2,3653,1.2269604,2716.46,112.1,VfS0qUERdZ,com.sec.android.app.shealth,d91bef76-74ac-494c-b888-29a1309bce36,2025-04-25 00:00:00.000,
9d3df765-b9ec-412e-9529-a7baeb5654fa.binning_data.json,2025-04-26 03:00:02.651,2025-04-26 03:00:02.651,com.sec.android.app.shealth,0,3653,1.2269604,2716.46,112.1,487mnSNu6t,com.sec.android.app.shealth,9d3df765-b9ec-412e-9529-a7baeb5654fa,2025-04-25 00:00:00.000,
0abc5381-732b-474e-9509-e27f8d337f16.binning_data.json,2025-04-27 06:05:41.956,2025-04-26 03:16:57.316,com.sec.android.app.shealth,-2,6088,1.5110569,4820.93,391.34,VfS0qUERdZ,com.sec.android.app.shealth,0abc5381-732b-474e-9509-e27f8d337f16,2025-04-26 00:00:00.000,
4c1816a6-2062-4386-bda1-e86be45dafe3.binning_data.json,2025-04-27 03:01:11.032,2025-04-27 03:01:11.032,com.sec.android.app.shealth,0,2567,1.219575,1908.04,80.39,487mnSNu6t,com.sec.android.app.shealth,4c1816a6-2062-4386-bda1-e86be45dafe3,2025-04-26 00:00:00.000,
a43384ae-b93b-4d03-b013-17d25e2cc1d5.binning_data.json,2025-04-28 03:00:15.232,2025-04-27 03:01:12.472,com.sec.android.app.shealth,102,5692,1.5516796,4537.76,399.56,hriiVjEkYE,com.sec.android.app.shealth,a43384ae-b93b-4d03-b013-17d25e2cc1d5,2025-04-26 00:00:00.000,
fa2d9f90-ddf8-44cf-ab27-95164804099e.binning_data.json,2025-04-28 02:35:03.863,2025-04-27 03:25:11.037,com.sec.android.app.shealth,-2,1824,1.3184772,1384.43,83.590004,VfS0qUERdZ,com.sec.android.app.shealth,fa2d9f90-ddf8-44cf-ab27-95164804099e,2025-04-27 00:00:00.000,
1c6ce50c-5336-46eb-9987-b10944edb3a4.binning_data.json,2025-04-28 03:00:13.837,2025-04-28 03:00:13.837,com.sec.android.app.shealth,0,1242,1.2030185,920.09,39.01,487mnSNu6t,com.sec.android.app.shealth,1c6ce50c-5336-46eb-9987-b10944edb3a4,2025-04-27 00:00:00.000,
8076736c-102c-4b9d-bee9-4614f59786a7.binning_data.json,2025-04-28 03:00:15.228,2025-04-28 03:00:15.228,com.sec.android.app.shealth,102,1063,1.4849513,828.82,67.79,hriiVjEkYE,com.sec.android.app.shealth,8076736c-102c-4b9d-bee9-4614f59786a7,2025-04-27 00:00:00.000,
59a859cb-eac2-41b6-a2db-fa1e1758ccae.binning_data.json,2025-04-29 01:39:20.567,2025-04-28 03:23:40.619,com.sec.android.app.shealth,-2,1598,1.5928603,1281.52,93.369995,VfS0qUERdZ,com.sec.android.app.shealth,59a859cb-eac2-41b6-a2db-fa1e1758ccae,2025-04-28 00:00:00.000,
a176d924-2410-4ddd-b87d-f76a4c7f0bf1.binning_data.json,2025-04-29 03:01:33.451,2025-04-29 03:01:33.451,com.sec.android.app.shealth,0,946,1.2453299,705.09,29.67,487mnSNu6t,com.sec.android.app.shealth,a176d924-2410-4ddd-b87d-f76a4c7f0bf1,2025-04-28 00:00:00.000,
dffce5d3-a6a5-45ba-b5ec-3cef0601c069.binning_data.json,2025-04-29 03:01:35.297,2025-04-29 03:01:35.297,com.sec.android.app.shealth,102,659,2.4053526,581.83997,63.93,hriiVjEkYE,com.sec.android.app.shealth,dffce5d3-a6a5-45ba-b5ec-3cef0601c069,2025-04-28 00:00:00.000,
ba19aa50-d2cd-4301-8810-d7a1002a8899.binning_data.json,2025-04-30 03:00:19.095,2025-04-29 10:38:24.946,com.sec.android.app.shealth,-2,4148,1.3522859,3173.84,204.06999,VfS0qUERdZ,com.sec.android.app.shealth,ba19aa50-d2cd-4301-8810-d7a1002a8899,2025-04-29 00:00:00.000,
a9794527-4cb3-4702-bf89-4fd188ae6120.binning_data.json,2025-04-30 03:00:16.830,2025-04-30 03:00:16.830,com.sec.android.app.shealth,0,3351,1.2423979,2494.64,102.49,487mnSNu6t,com.sec.android.app.shealth,a9794527-4cb3-4702-bf89-4fd188ae6120,2025-04-29 00:00:00.000,
01a75209-f741-442d-8a73-eb65f440df79.binning_data.json,2025-04-30 03:00:19.494,2025-04-30 03:00:19.494,com.sec.android.app.shealth,102,3556,1.409542,2757.52,233.20999,hriiVjEkYE,com.sec.android.app.shealth,01a75209-f741-442d-8a73-eb65f440df79,2025-04-29 00:00:00.000,
090a1c0d-02f1-4c8b-8363-f7a46e822340.binning_data.json,2025-05-01 16:34:33.116,2025-04-30 10:48:05.983,com.sec.android.app.shealth,-2,727,1.2096941,544.88,39.6,VfS0qUERdZ,com.sec.android.app.shealth,090a1c0d-02f1-4c8b-8363-f7a46e822340,2025-04-30 00:00:00.000,
14ca214b-d485-4ae9-8ba1-9038380f0879.binning_data.json,2025-05-01 03:24:38.057,2025-05-01 03:24:38.057,com.sec.android.app.shealth,0,282,1.1508815,207.36,8.809999,487mnSNu6t,com.sec.android.app.shealth,14ca214b-d485-4ae9-8ba1-9038380f0879,2025-04-30 00:00:00.000,
8d4488cc-a94c-4b90-ac70-73fe7d0e9855.binning_data.json,2025-05-02 03:00:01.528,2025-05-01 03:24:53.670,com.sec.android.app.shealth,102,533,1.2201933,401.61,35.239998,hriiVjEkYE,com.sec.android.app.shealth,8d4488cc-a94c-4b90-ac70-73fe7d0e9855,2025-04-30 00:00:00.000,
433f04d5-72d6-4347-a8aa-21f6f60f5e28.binning_data.json,2025-05-02 03:51:18.508,2025-05-01 04:37:34.393,com.sec.android.app.shealth,-2,2885,1.2964702,2170.09,127.23,VfS0qUERdZ,com.sec.android.app.shealth,433f04d5-72d6-4347-a8aa-21f6f60f5e28,2025-05-01 00:00:00.000,
60235c82-8153-463c-b215-15cf8d127810.binning_data.json,2025-05-02 03:00:01.109,2025-05-02 03:00:01.109,com.sec.android.app.shealth,0,2256,1.2581288,1680.44,71.25,487mnSNu6t,com.sec.android.app.shealth,60235c82-8153-463c-b215-15cf8d127810,2025-05-01 00:00:00.000,
3d75953c-b33e-4413-9271-52f2a24d6f9c.binning_data.json,2025-05-03 03:00:18.409,2025-05-02 03:00:01.543,com.sec.android.app.shealth,102,2729,1.313234,2065.09,162.1,hriiVjEkYE,com.sec.android.app.shealth,3d75953c-b33e-4413-9271-52f2a24d6f9c,2025-05-01 00:00:00.000,
b1100710-d05d-465a-a444-98404a88c54a.binning_data.json,2025-05-03 21:47:51.663,2025-05-02 03:51:18.179,com.sec.android.app.shealth,-2,12031,1.2972983,9056.79,500.91,VfS0qUERdZ,com.sec.android.app.shealth,b1100710-d05d-465a-a444-98404a88c54a,2025-05-02 00:00:00.000,
ff69d550-3ee9-4291-ae8b-44f655d6b939.binning_data.json,2025-05-03 03:00:17.002,2025-05-03 03:00:17.002,com.sec.android.app.shealth,0,10519,1.2332191,7794.57,317.13,487mnSNu6t,com.sec.android.app.shealth,ff69d550-3ee9-4291-ae8b-44f655d6b939,2025-05-02 00:00:00.000,
b93d27e8-e5ef-4e52-9413-b6c7eac7a234.binning_data.json,2025-05-04 03:00:15.788,2025-05-03 03:00:18.402,com.sec.android.app.shealth,102,11623,1.3039918,8795.62,683.29,hriiVjEkYE,com.sec.android.app.shealth,b93d27e8-e5ef-4e52-9413-b6c7eac7a234,2025-05-02 00:00:00.000,
109187dc-5ae4-49c4-bd4b-ebb953a7a803.binning_data.json,2025-05-04 12:23:05.924,2025-05-03 15:48:22.401,com.sec.android.app.shealth,-2,7585,1.3269616,5733.1396,244.90999,VfS0qUERdZ,com.sec.android.app.shealth,109187dc-5ae4-49c4-bd4b-ebb953a7a803,2025-05-03 00:00:00.000,
486db93d-a154-4946-9568-6a3d614d17cc.binning_data.json,2025-05-04 03:00:14.098,2025-05-04 03:00:14.098,com.sec.android.app.shealth,0,7149,1.3341655,5406.63,216.21999,487mnSNu6t,com.sec.android.app.shealth,486db93d-a154-4946-9568-6a3d614d17cc,2025-05-03 00:00:00.000,
a924d386-4e38-4954-8714-068610574923.binning_data.json,2025-05-05 03:00:48.451,2025-05-04 03:00:15.781,com.sec.android.app.shealth,102,575,1.2162651,430.47998,36.93,hriiVjEkYE,com.sec.android.app.shealth,a924d386-4e38-4954-8714-068610574923,2025-05-03 00:00:00.000,
59263b3b-68ac-4dce-8853-d981cbdae956.binning_data.json,2025-05-05 01:58:29.021,2025-05-04 12:23:05.726,com.sec.android.app.shealth,-2,3470,1.3535845,2668.35,206.27,VfS0qUERdZ,com.sec.android.app.shealth,59263b3b-68ac-4dce-8853-d981cbdae956,2025-05-04 00:00:00.000,
555acc2f-397a-4dbe-bf76-5230f4b3fac4.binning_data.json,2025-05-05 03:00:39.048,2025-05-05 03:00:39.048,com.sec.android.app.shealth,0,1219,1.132455,892.4,38.65,487mnSNu6t,com.sec.android.app.shealth,555acc2f-397a-4dbe-bf76-5230f4b3fac4,2025-05-04 00:00:00.000,
a999745b-d027-4137-977f-3c66e9419348.binning_data.json,2025-05-05 03:00:48.351,2025-05-05 03:00:48.351,com.sec.android.app.shealth,102,3027,1.3876073,2343.1,197.9,hriiVjEkYE,com.sec.android.app.shealth,a999745b-d027-4137-977f-3c66e9419348,2025-05-04 00:00:00.000,
0001545b-9d96-4608-8b32-3b0f9e251ef8.binning_data.json,2025-05-06 02:15:37.333,2025-05-05 03:10:15.421,com.sec.android.app.shealth,-2,1677,1.2440349,1250.48,52.629997,VfS0qUERdZ,com.sec.android.app.shealth,0001545b-9d96-4608-8b32-3b0f9e251ef8,2025-05-05 00:00:00.000,
f573bff2-a900-491c-acdc-36464b0faee4.binning_data.json,2025-05-06 03:00:04.005,2025-05-06 03:00:04.005,com.sec.android.app.shealth,0,1677,1.2440349,1250.48,52.629997,487mnSNu6t,com.sec.android.app.shealth,f573bff2-a900-491c-acdc-36464b0faee4,2025-05-05 00:00:00.000,
8ae9eeb1-ba4b-472c-a59e-b6a48d2beefe.binning_data.json,2025-05-07 03:01:10.069,2025-05-06 14:21:40.396,com.sec.android.app.shealth,-2,15136,1.4521979,11744.2,577.27,VfS0qUERdZ,com.sec.android.app.shealth,8ae9eeb1-ba4b-472c-a59e-b6a48d2beefe,2025-05-06 00:00:00.000,
8578e67d-f14e-4e36-928f-95a611b13216.binning_data.json,2025-05-07 03:00:32.783,2025-05-07 03:00:32.783,com.sec.android.app.shealth,0,14388,1.4111866,10972.96,433.77,487mnSNu6t,com.sec.android.app.shealth,8578e67d-f14e-4e36-928f-95a611b13216,2025-05-06 00:00:00.000,
974c4799-88fb-4a0b-8e6c-3c2f55d9905f.binning_data.json,2025-05-08 03:00:06.409,2025-05-07 03:00:34.514,com.sec.android.app.shealth,102,14322,1.5235486,11600.04,828.48,hriiVjEkYE,com.sec.android.app.shealth,974c4799-88fb-4a0b-8e6c-3c2f55d9905f,2025-05-06 00:00:00.000,
dd209deb-d4d4-452a-8955-29ba2b00574e.binning_data.json,2025-05-08 03:41:15.437,2025-05-07 14:01:04.490,com.sec.android.app.shealth,-2,2683,1.3345144,2118.05,163.16,VfS0qUERdZ,com.sec.android.app.shealth,dd209deb-d4d4-452a-8955-29ba2b00574e,2025-05-07 00:00:00.000,
6c757b4c-1ce0-4c1e-b078-0e26f15acee6.binning_data.json,2025-05-08 03:00:04.619,2025-05-08 03:00:04.619,com.sec.android.app.shealth,0,285,1.1686442,210.14,9.01,487mnSNu6t,com.sec.android.app.shealth,6c757b4c-1ce0-4c1e-b078-0e26f15acee6,2025-05-07 00:00:00.000,
29afec9d-8648-4845-ba9a-c324b120449a.binning_data.json,2025-05-09 03:00:11.076,2025-05-08 03:00:06.436,com.sec.android.app.shealth,102,2515,1.3555541,2000.91,160.08,hriiVjEkYE,com.sec.android.app.shealth,29afec9d-8648-4845-ba9a-c324b120449a,2025-05-07 00:00:00.000,
793626c6-545d-435d-b844-d079adf6b9a5.binning_data.json,2025-05-09 01:40:07.603,2025-05-08 03:10:37.556,com.sec.android.app.shealth,-2,7126,1.5163842,5702.74,354.06,VfS0qUERdZ,com.sec.android.app.shealth,793626c6-545d-435d-b844-d079adf6b9a5,2025-05-08 00:00:00.000,
f0127a3d-0bdd-4dba-8ef3-6a34936d303d.binning_data.json,2025-05-09 03:00:08.718,2025-05-09 03:00:08.718,com.sec.android.app.shealth,0,5390,1.3624665,4085.56,164.87999,487mnSNu6t,com.sec.android.app.shealth,f0127a3d-0bdd-4dba-8ef3-6a34936d303d,2025-05-08 00:00:00.000,
a1dff9d6-c627-450a-a58c-8ba0010438fb.binning_data.json,2025-05-09 03:00:11.071,2025-05-09 03:00:11.071,com.sec.android.app.shealth,102,6304,1.6773999,5476.81,419.47,hriiVjEkYE,com.sec.android.app.shealth,a1dff9d6-c627-450a-a58c-8ba0010438fb,2025-05-08 00:00:00.000,
7d8a3b7c-00be-41ef-9158-38edde653414.binning_data.json,2025-05-10 02:56:51.341,2025-05-09 03:09:04.557,com.sec.android.app.shealth,-2,8521,1.4032626,6772.86,385.59,VfS0qUERdZ,com.sec.android.app.shealth,7d8a3b7c-00be-41ef-9158-38edde653414,2025-05-09 00:00:00.000,
55d42db8-c385-497f-a8be-418d91351dba.binning_data.json,2025-05-10 03:00:05.550,2025-05-10 03:00:05.550,com.sec.android.app.shealth,0,6109,1.2504739,4559.88,188.07999,487mnSNu6t,com.sec.android.app.shealth,55d42db8-c385-497f-a8be-418d91351dba,2025-05-09 00:00:00.000,
8cf4c114-aeb2-46cd-af44-f5e63b64794d.binning_data.json,2025-05-10 03:00:08.667,2025-05-10 03:00:08.667,com.sec.android.app.shealth,102,6073,1.4980594,5082.07,364.77,hriiVjEkYE,com.sec.android.app.shealth,8cf4c114-aeb2-46cd-af44-f5e63b64794d,2025-05-09 00:00:00.000,
67d469bc-4062-464e-abc8-2584f6162766.binning_data.json,2025-05-11 03:00:06.333,2025-05-10 12:55:02.491,com.sec.android.app.shealth,-2,4328,1.3629969,3431.7,258.05,VfS0qUERdZ,com.sec.android.app.shealth,67d469bc-4062-464e-abc8-2584f6162766,2025-05-10 00:00:00.000,
f41d327f-e95e-4e0d-8a87-32d4ccfb9ebf.binning_data.json,2025-05-11 03:00:05.691,2025-05-11 03:00:05.691,com.sec.android.app.shealth,0,3308,1.2865022,2519.94,194.88998,487mnSNu6t,com.sec.android.app.shealth,f41d327f-e95e-4e0d-8a87-32d4ccfb9ebf,2025-05-10 00:00:00.000,
898172d6-7a44-4c54-a77b-fec03e637bcd.binning_data.json,2025-05-11 03:00:08.390,2025-05-11 03:00:08.390,com.sec.android.app.shealth,102,2841,1.467086,2374.59,171.67,hriiVjEkYE,com.sec.android.app.shealth,898172d6-7a44-4c54-a77b-fec03e637bcd,2025-05-10 00:00:00.000,
0429a4bf-227c-430f-b870-7076145a709c.binning_data.json,2025-05-12 02:39:50.581,2025-05-11 03:15:49.311,com.sec.android.app.shealth,-2,5386,1.4507407,4280.16,333.9,VfS0qUERdZ,com.sec.android.app.shealth,0429a4bf-227c-430f-b870-7076145a709c,2025-05-11 00:00:00.000,
ec727676-f599-4487-8078-7564c4b2bc9a.binning_data.json,2025-05-12 03:00:36.340,2025-05-12 03:00:36.340,com.sec.android.app.shealth,0,3537,1.3945282,2738.48,209.65,487mnSNu6t,com.sec.android.app.shealth,ec727676-f599-4487-8078-7564c4b2bc9a,2025-05-11 00:00:00.000,
51a4ceda-3d1a-4656-8a42-96d6d22a27aa.binning_data.json,2025-05-12 03:00:37.842,2025-05-12 03:00:37.842,com.sec.android.app.shealth,102,2669,1.4451238,2169.2,175.0,hriiVjEkYE,com.sec.android.app.shealth,51a4ceda-3d1a-4656-8a42-96d6d22a27aa,2025-05-11 00:00:00.000,
8bf3217d-98c3-4012-8c33-661b23628e82.binning_data.json,2025-05-13 03:00:06.988,2025-05-12 10:04:12.656,com.sec.android.app.shealth,-2,4002,1.3244914,3137.67,243.80998,VfS0qUERdZ,com.sec.android.app.shealth,8bf3217d-98c3-4012-8c33-661b23628e82,2025-05-12 00:00:00.000,
a6b4c166-4202-4b41-a7b4-af5c5afc6bce.binning_data.json,2025-05-13 03:00:07.924,2025-05-13 03:00:07.924,com.sec.android.app.shealth,0,2604,1.2768574,1980.28,153.25998,487mnSNu6t,com.sec.android.app.shealth,a6b4c166-4202-4b41-a7b4-af5c5afc6bce,2025-05-12 00:00:00.000,
15418e39-3cbf-4d57-8613-3b0c4b8b9fa1.binning_data.json,2025-05-13 03:00:09.572,2025-05-13 03:00:09.572,com.sec.android.app.shealth,102,2659,1.3986478,2157.92,165.88,hriiVjEkYE,com.sec.android.app.shealth,15418e39-3cbf-4d57-8613-3b0c4b8b9fa1,2025-05-12 00:00:00.000,
abd14d1c-69b5-4a4c-a6cf-78d362454abf.binning_data.json,2025-05-14 03:49:48.545,2025-05-13 13:35:16.622,com.sec.android.app.shealth,-2,4082,1.3611395,3222.18,249.57999,VfS0qUERdZ,com.sec.android.app.shealth,abd14d1c-69b5-4a4c-a6cf-78d362454abf,2025-05-13 00:00:00.000,
22e476e4-cc8d-42ea-95c6-904dc4d61b2a.binning_data.json,2025-05-14 03:50:29.317,2025-05-14 03:50:29.317,com.sec.android.app.shealth,0,2936,1.235393,2217.68,172.43,487mnSNu6t,com.sec.android.app.shealth,22e476e4-cc8d-42ea-95c6-904dc4d61b2a,2025-05-13 00:00:00.000,
9ef10598-25df-4ce6-9bd2-b8e1eb8e2ddf.binning_data.json,2025-05-14 03:50:37.299,2025-05-14 03:50:37.299,com.sec.android.app.shealth,102,2161,1.4773762,1778.8099,138.52,hriiVjEkYE,com.sec.android.app.shealth,9ef10598-25df-4ce6-9bd2-b8e1eb8e2ddf,2025-05-13 00:00:00.000,
52ba530a-29ce-4ea0-a197-2f5a32eee38a.binning_data.json,2025-05-15 01:55:55.448,2025-05-14 04:16:09.789,com.sec.android.app.shealth,-2,10322,1.5287572,8375.28,670.02997,VfS0qUERdZ,com.sec.android.app.shealth,52ba530a-29ce-4ea0-a197-2f5a32eee38a,2025-05-14 00:00:00.000,
4d1627ca-6bce-4295-b68e-32ad3ad183be.binning_data.json,2025-05-15 03:00:55.175,2025-05-15 03:00:55.175,com.sec.android.app.shealth,0,7716,1.381114,5950.14,460.04,487mnSNu6t,com.sec.android.app.shealth,4d1627ca-6bce-4295-b68e-32ad3ad183be,2025-05-14 00:00:00.000,
983db128-8ee5-4b54-b4ae-d4e2c1c2c438.binning_data.json,2025-05-15 03:00:56.648,2025-05-15 03:00:56.648,com.sec.android.app.shealth,102,7023,1.690904,6107.87,476.34,hriiVjEkYE,com.sec.android.app.shealth,983db128-8ee5-4b54-b4ae-d4e2c1c2c438,2025-05-14 00:00:00.000,
1089b630-f053-4ea9-8e9b-d017926fc719.binning_data.json,2025-05-16 00:16:55.530,2025-05-15 14:49:27.889,com.sec.android.app.shealth,-2,5021,1.4726876,4020.85,303.8,VfS0qUERdZ,com.sec.android.app.shealth,1089b630-f053-4ea9-8e9b-d017926fc719,2025-05-15 00:00:00.000,
79c813ed-085c-4e23-837d-82d6608ee9c6.binning_data.json,2025-05-16 03:00:37.855,2025-05-16 03:00:37.855,com.sec.android.app.shealth,0,4564,1.4146283,3535.4,272.12,487mnSNu6t,com.sec.android.app.shealth,79c813ed-085c-4e23-837d-82d6608ee9c6,2025-05-15 00:00:00.000,
589f9fc8-33ce-445b-b179-47381e3b150c.binning_data.json,2025-05-16 03:00:44.265,2025-05-16 03:00:44.265,com.sec.android.app.shealth,102,4173,1.6816435,3693.27,257.15,hriiVjEkYE,com.sec.android.app.shealth,589f9fc8-33ce-445b-b179-47381e3b150c,2025-05-15 00:00:00.000,
cf0c6773-5b7f-4a8f-9814-ed8bd54d56bc.binning_data.json,2025-05-17 02:15:13.485,2025-05-16 14:54:58.431,com.sec.android.app.shealth,-2,3119,1.3217757,2431.77,186.15997,VfS0qUERdZ,com.sec.android.app.shealth,cf0c6773-5b7f-4a8f-9814-ed8bd54d56bc,2025-05-16 00:00:00.000,
631f2097-23f6-4310-810e-694369dc4213.binning_data.json,2025-05-17 03:00:01.477,2025-05-17 03:00:01.477,com.sec.android.app.shealth,0,2515,1.2595708,1908.9401,148.35997,487mnSNu6t,com.sec.android.app.shealth,631f2097-23f6-4310-810e-694369dc4213,2025-05-16 00:00:00.000,
24298cea-4d27-4260-9417-2ac3da688ace.binning_data.json,2025-05-17 03:00:02.626,2025-05-17 03:00:02.626,com.sec.android.app.shealth,102,1155,1.4331702,948.46,72.2,hriiVjEkYE,com.sec.android.app.shealth,24298cea-4d27-4260-9417-2ac3da688ace,2025-05-16 00:00:00.000,
883d1504-9232-4d9c-908b-ac698eddf74c.binning_data.json,2025-05-18 13:03:31.398,2025-05-17 13:12:09.207,com.sec.android.app.shealth,-2,3275,1.3180978,2586.02,188.61,VfS0qUERdZ,com.sec.android.app.shealth,883d1504-9232-4d9c-908b-ac698eddf74c,2025-05-17 00:00:00.000,
81e76765-1319-4661-8f78-846d6580252e.binning_data.json,2025-05-18 03:00:52.349,2025-05-18 03:00:52.349,com.sec.android.app.shealth,0,709,1.1315329,519.14996,22.4,487mnSNu6t,com.sec.android.app.shealth,81e76765-1319-4661-8f78-846d6580252e,2025-05-17 00:00:00.000,
0c25561a-19f5-4389-ac96-66cf9e5d8125.binning_data.json,2025-05-19 03:39:07.322,2025-05-18 03:02:18.639,com.sec.android.app.shealth,102,2826,1.3548486,2259.26,174.8,hriiVjEkYE,com.sec.android.app.shealth,0c25561a-19f5-4389-ac96-66cf9e5d8125,2025-05-17 00:00:00.000,
f712eeda-3cf6-41f7-9641-3af7c97fa8ba.binning_data.json,2025-05-19 12:25:41.667,2025-05-18 13:03:31.262,com.sec.android.app.shealth,-2,1605,1.3151255,1261.5,91.22,VfS0qUERdZ,com.sec.android.app.shealth,f712eeda-3cf6-41f7-9641-3af7c97fa8ba,2025-05-18 00:00:00.000,
59e117b2-0ae3-49fc-bb33-7b4850f6d15e.binning_data.json,2025-05-19 03:38:49.452,2025-05-19 03:38:49.452,com.sec.android.app.shealth,0,483,1.1210307,353.22,15.29,487mnSNu6t,com.sec.android.app.shealth,59e117b2-0ae3-49fc-bb33-7b4850f6d15e,2025-05-18 00:00:00.000,
30cb2f3d-52e5-47be-82ed-041aee7429f4.binning_data.json,2025-05-20 03:01:50.848,2025-05-19 03:39:07.077,com.sec.android.app.shealth,102,1370,1.35764,1092.02,86.12,hriiVjEkYE,com.sec.android.app.shealth,30cb2f3d-52e5-47be-82ed-041aee7429f4,2025-05-18 00:00:00.000,
e11e87e2-cac9-49b5-aa28-19ec15b884b5.binning_data.json,2025-05-20 03:05:10.292,2025-05-19 12:51:53.057,com.sec.android.app.shealth,-2,4858,1.473947,3871.5598,200.81,VfS0qUERdZ,com.sec.android.app.shealth,e11e87e2-cac9-49b5-aa28-19ec15b884b5,2025-05-19 00:00:00.000,
9b118605-e461-4993-bd65-d6037ae4e995.binning_data.json,2025-05-20 03:01:48.853,2025-05-20 03:01:48.853,com.sec.android.app.shealth,0,4331,1.4243402,3315.6199,131.43999,487mnSNu6t,com.sec.android.app.shealth,9b118605-e461-4993-bd65-d6037ae4e995,2025-05-19 00:00:00.000,
8e823506-dbc9-41a2-bf0f-c978e1ae3b1c.binning_data.json,2025-05-21 03:00:07.045,2025-05-20 03:01:50.836,com.sec.android.app.shealth,102,4354,1.661563,3819.48,262.93,hriiVjEkYE,com.sec.android.app.shealth,8e823506-dbc9-41a2-bf0f-c978e1ae3b1c,2025-05-19 00:00:00.000,
0841ea4a-f463-49ed-95fc-c52284966c37.binning_data.json,2025-05-21 18:57:54.577,2025-05-20 13:00:31.620,com.sec.android.app.shealth,-2,3129,1.4035224,2516.85,177.75,VfS0qUERdZ,com.sec.android.app.shealth,0841ea4a-f463-49ed-95fc-c52284966c37,2025-05-20 00:00:00.000,
bf45e95f-8107-43cf-aa96-b8086fe1762a.binning_data.json,2025-05-21 03:00:05.583,2025-05-21 03:00:05.583,com.sec.android.app.shealth,0,1275,1.1560125,937.52997,40.2,487mnSNu6t,com.sec.android.app.shealth,bf45e95f-8107-43cf-aa96-b8086fe1762a,2025-05-20 00:00:00.000,
9f30230e-6f1d-4017-b62f-5017eca2eba7.binning_data.json,2025-05-22 03:00:07.478,2025-05-21 03:00:07.039,com.sec.android.app.shealth,102,2901,1.4568253,2374.93,182.28,hriiVjEkYE,com.sec.android.app.shealth,9f30230e-6f1d-4017-b62f-5017eca2eba7,2025-05-20 00:00:00.000,
7dde6bad-6dc8-4e46-94da-7367fa6a4738.binning_data.json,2025-05-22 02:01:31.815,2025-05-21 03:13:47.240,com.sec.android.app.shealth,-2,4893,1.3929514,3723.89,149.37999,VfS0qUERdZ,com.sec.android.app.shealth,7dde6bad-6dc8-4e46-94da-7367fa6a4738,2025-05-21 00:00:00.000,
6e480579-8933-4cbe-9021-724062732b1d.binning_data.json,2025-05-22 03:00:05.985,2025-05-22 03:00:05.985,com.sec.android.app.shealth,0,4893,1.3929514,3723.89,149.37999,487mnSNu6t,com.sec.android.app.shealth,6e480579-8933-4cbe-9021-724062732b1d,2025-05-21 00:00:00.000,
1d989f59-04d3-4320-93d3-a5a07ed6211a.binning_data.json,2025-05-23 01:52:59.796,2025-05-22 03:44:29.674,com.sec.android.app.shealth,-2,5341,1.496556,4343.1997,315.99997,VfS0qUERdZ,com.sec.android.app.shealth,1d989f59-04d3-4320-93d3-a5a07ed6211a,2025-05-22 00:00:00.000,
87e1de1a-35ff-46aa-aa9b-9c301015ba31.binning_data.json,2025-05-23 03:00:17.084,2025-05-23 03:00:17.084,com.sec.android.app.shealth,0,3354,1.3127716,2559.66,181.54999,487mnSNu6t,com.sec.android.app.shealth,87e1de1a-35ff-46aa-aa9b-9c301015ba31,2025-05-22 00:00:00.000,
c8bb92f8-d2cc-4fd8-90e3-714f6c25b53e.binning_data.json,2025-05-23 03:00:19.735,2025-05-23 03:00:19.735,com.sec.android.app.shealth,102,3047,1.7037953,2649.29,199.06,hriiVjEkYE,com.sec.android.app.shealth,c8bb92f8-d2cc-4fd8-90e3-714f6c25b53e,2025-05-22 00:00:00.000,
19a107fd-f278-410f-9dd3-dce4792f0dab.binning_data.json,2025-05-24 03:00:08.337,2025-05-23 13:58:53.438,com.sec.android.app.shealth,-2,6524,1.4411131,5275.04,400.55,VfS0qUERdZ,com.sec.android.app.shealth,19a107fd-f278-410f-9dd3-dce4792f0dab,2025-05-23 00:00:00.000,
394bd514-9227-4825-a622-42bde4fb582c.binning_data.json,2025-05-24 03:00:07.409,2025-05-24 03:00:07.409,com.sec.android.app.shealth,0,4781,1.3255352,3661.1301,283.65,487mnSNu6t,com.sec.android.app.shealth,394bd514-9227-4825-a622-42bde4fb582c,2025-05-23 00:00:00.000,
d62c7571-8322-4665-8805-63ee7d81fab5.binning_data.json,2025-05-24 03:00:11.438,2025-05-24 03:00:11.438,com.sec.android.app.shealth,102,4751,1.5669444,4035.57,300.91,hriiVjEkYE,com.sec.android.app.shealth,d62c7571-8322-4665-8805-63ee7d81fab5,2025-05-23 00:00:00.000,
20b1eaaf-c9ac-4852-9ee6-fa066f941a9b.binning_data.json,2025-05-26 18:38:57.405,2025-05-24 03:04:51.074,com.sec.android.app.shealth,-2,5640,1.4109739,4507.39,349.16,VfS0qUERdZ,com.sec.android.app.shealth,20b1eaaf-c9ac-4852-9ee6-fa066f941a9b,2025-05-24 00:00:00.000,
0daa692f-bb15-4251-b471-7b2961fc5ad3.binning_data.json,2025-05-25 03:00:06.970,2025-05-25 03:00:06.970,com.sec.android.app.shealth,0,3541,1.1903627,2663.53,209.52,487mnSNu6t,com.sec.android.app.shealth,0daa692f-bb15-4251-b471-7b2961fc5ad3,2025-05-24 00:00:00.000,
36e9af97-cc9c-4bdd-9235-f47525eae468.binning_data.json,2025-05-27 03:00:09.469,2025-05-25 03:00:09.447,com.sec.android.app.shealth,102,4660,1.4917673,3839.58,293.02,hriiVjEkYE,com.sec.android.app.shealth,36e9af97-cc9c-4bdd-9235-f47525eae468,2025-05-24 00:00:00.000,
39fd1116-39d7-4e26-bb3e-9dc3e6da1ef6.binning_data.json,2025-05-26 18:38:57.450,2025-05-25 10:50:36.361,com.sec.android.app.shealth,-2,2947,1.1809547,2210.69,173.98,VfS0qUERdZ,com.sec.android.app.shealth,39fd1116-39d7-4e26-bb3e-9dc3e6da1ef6,2025-05-25 00:00:00.000,
8397bd5c-0b1e-41ce-be32-3727ed016c11.binning_data.json,2025-05-26 04:08:50.382,2025-05-26 04:08:50.382,com.sec.android.app.shealth,0,2921,1.1760331,2186.71,172.56,487mnSNu6t,com.sec.android.app.shealth,8397bd5c-0b1e-41ce-be32-3727ed016c11,2025-05-25 00:00:00.000,
205c6f53-243c-42b5-a287-bc5a7e25c77e.binning_data.json,2025-05-27 03:00:09.194,2025-05-26 11:12:38.230,com.sec.android.app.shealth,-2,7127,1.4793949,5665.66,354.41998,VfS0qUERdZ,com.sec.android.app.shealth,205c6f53-243c-42b5-a287-bc5a7e25c77e,2025-05-26 00:00:00.000,
70f083b3-4fad-476c-a0ea-c9a1755fec70.binning_data.json,2025-05-27 03:00:08.199,2025-05-27 03:00:08.199,com.sec.android.app.shealth,0,5743,1.3800647,4381.3896,218.79999,487mnSNu6t,com.sec.android.app.shealth,70f083b3-4fad-476c-a0ea-c9a1755fec70,2025-05-26 00:00:00.000,
1f7c4f14-8648-4f63-9997-df2b0e212652.binning_data.json,2025-05-27 03:00:09.466,2025-05-27 03:00:09.466,com.sec.android.app.shealth,102,26,1.9097544,23.98,1.42,hriiVjEkYE,com.sec.android.app.shealth,1f7c4f14-8648-4f63-9997-df2b0e212652,2025-05-25 00:00:00.000,
e0ade164-9f91-4a33-a3db-2eb9ed98cf53.binning_data.json,2025-05-27 03:00:09.481,2025-05-27 03:00:09.481,com.sec.android.app.shealth,102,5287,1.70668,4637.11,339.88,hriiVjEkYE,com.sec.android.app.shealth,e0ade164-9f91-4a33-a3db-2eb9ed98cf53,2025-05-26 00:00:00.000,
c08e27de-48d0-4c99-abc9-4a28d6f4a635.binning_data.json,2025-05-28 00:35:01.920,2025-05-27 11:12:16.559,com.sec.android.app.shealth,-2,2838,1.4986427,2304.72,171.29,VfS0qUERdZ,com.sec.android.app.shealth,c08e27de-48d0-4c99-abc9-4a28d6f4a635,2025-05-27 00:00:00.000,
bf83f07a-6ba2-4bd2-83c7-0670a4f09e9f.binning_data.json,2025-05-28 03:00:22.121,2025-05-28 03:00:22.121,com.sec.android.app.shealth,0,1292,1.2045532,959.25,40.64,487mnSNu6t,com.sec.android.app.shealth,bf83f07a-6ba2-4bd2-83c7-0670a4f09e9f,2025-05-27 00:00:00.000,
525ffc77-c3d6-4065-bfdb-fc17ccdf8774.binning_data.json,2025-05-28 03:00:25.144,2025-05-28 03:00:25.144,com.sec.android.app.shealth,102,2480,1.5705715,2059.21,173.1,hriiVjEkYE,com.sec.android.app.shealth,525ffc77-c3d6-4065-bfdb-fc17ccdf8774,2025-05-27 00:00:00.000,
9d3d348b-2553-4f1f-9882-b94771d0b5c7.binning_data.json,2025-05-29 03:06:15.989,2025-05-28 10:15:01.411,com.sec.android.app.shealth,-2,4734,1.4322594,3752.59,221.36,VfS0qUERdZ,com.sec.android.app.shealth,9d3d348b-2553-4f1f-9882-b94771d0b5c7,2025-05-28 00:00:00.000,
557d4336-ebd5-4879-947f-1a3348ebd512.binning_data.json,2025-05-29 03:05:23.515,2025-05-29 03:05:23.515,com.sec.android.app.shealth,0,3581,1.2754067,2681.7,109.95,487mnSNu6t,com.sec.android.app.shealth,557d4336-ebd5-4879-947f-1a3348ebd512,2025-05-28 00:00:00.000,
9942d7e9-4585-4dcf-99f8-1a4979854a38.binning_data.json,2025-05-30 03:00:10.048,2025-05-29 03:05:27.128,com.sec.android.app.shealth,102,2620,1.6596572,2242.26,177.71,hriiVjEkYE,com.sec.android.app.shealth,9942d7e9-4585-4dcf-99f8-1a4979854a38,2025-05-28 00:00:00.000,
fb2cce6d-10df-47a2-aade-dad545f4fa6b.binning_data.json,2025-05-30 02:15:51.695,2025-05-29 10:13:35.677,com.sec.android.app.shealth,-2,5015,1.3993556,3992.69,262.77,VfS0qUERdZ,com.sec.android.app.shealth,fb2cce6d-10df-47a2-aade-dad545f4fa6b,2025-05-29 00:00:00.000,
4a79e2e1-e8a8-46b9-b07a-f4a990553e83.binning_data.json,2025-05-30 03:00:07.167,2025-05-30 03:00:07.167,com.sec.android.app.shealth,0,4197,1.2545277,3147.72,158.16,487mnSNu6t,com.sec.android.app.shealth,4a79e2e1-e8a8-46b9-b07a-f4a990553e83,2025-05-29 00:00:00.000,
76820fee-2065-40be-b4fb-04d70f8a2bdf.binning_data.json,2025-05-30 03:00:10.045,2025-05-30 03:00:10.045,com.sec.android.app.shealth,102,3928,1.5642352,3334.71,258.04,hriiVjEkYE,com.sec.android.app.shealth,76820fee-2065-40be-b4fb-04d70f8a2bdf,2025-05-29 00:00:00.000,
9bfec07f-ab29-483c-b481-43bed232f68f.binning_data.json,2025-05-31 02:47:16.994,2025-05-30 10:10:16.765,com.sec.android.app.shealth,-2,5303,1.404627,4266.75,331.77,VfS0qUERdZ,com.sec.android.app.shealth,9bfec07f-ab29-483c-b481-43bed232f68f,2025-05-30 00:00:00.000,
6cae67a7-b055-4676-91ab-9a6875b4ab3a.binning_data.json,2025-05-31 03:00:07.096,2025-05-31 03:00:07.096,com.sec.android.app.shealth,0,4140,1.2457787,3131.33,244.99,487mnSNu6t,com.sec.android.app.shealth,6cae67a7-b055-4676-91ab-9a6875b4ab3a,2025-05-30 00:00:00.000,
180d6234-0ca4-4694-85c8-4fb6a740a8ed.binning_data.json,2025-05-31 03:00:10.369,2025-05-31 03:00:10.369,com.sec.android.app.shealth,102,4403,1.5137231,3690.21,284.47,hriiVjEkYE,com.sec.android.app.shealth,180d6234-0ca4-4694-85c8-4fb6a740a8ed,2025-05-30 00:00:00.000,
39ee1067-15d4-4c82-a82b-f39b919237a6.binning_data.json,2025-06-01 01:21:29.097,2025-05-31 05:28:07.206,com.sec.android.app.shealth,-2,3264,1.2686108,2510.44,194.61,VfS0qUERdZ,com.sec.android.app.shealth,39ee1067-15d4-4c82-a82b-f39b919237a6,2025-05-31 00:00:00.000,
ab887156-46d6-42f2-aa94-67c79616b669.binning_data.json,2025-06-01 03:00:12.178,2025-06-01 03:00:12.178,com.sec.android.app.shealth,0,2718,1.2171583,2054.56,160.06,487mnSNu6t,com.sec.android.app.shealth,ab887156-46d6-42f2-aa94-67c79616b669,2025-05-31 00:00:00.000,
da9e9b88-e7bf-4bc8-997b-25c67a9f8a05.binning_data.json,2025-06-01 03:00:19.021,2025-06-01 03:00:19.021,com.sec.android.app.shealth,102,1354,1.339241,1078.21,83.63,hriiVjEkYE,com.sec.android.app.shealth,da9e9b88-e7bf-4bc8-997b-25c67a9f8a05,2025-05-31 00:00:00.000,
b6fee07f-2324-4380-974c-e402b040b40c.binning_data.json,2025-06-02 00:39:34.625,2025-06-01 15:55:43.651,com.sec.android.app.shealth,-2,1746,1.2093487,1314.78,102.06,VfS0qUERdZ,com.sec.android.app.shealth,b6fee07f-2324-4380-974c-e402b040b40c,2025-06-01 00:00:00.000,
00b51ea5-19a5-49b3-807d-c43901d41b35.binning_data.json,2025-06-02 03:59:23.976,2025-06-02 03:59:23.976,com.sec.android.app.shealth,0,1746,1.2093487,1314.78,102.06,487mnSNu6t,com.sec.android.app.shealth,00b51ea5-19a5-49b3-807d-c43901d41b35,2025-06-01 00:00:00.000,
c274d566-7025-4d79-8c39-50496ffe3ad5.binning_data.json,2025-06-03 11:49:15.071,2025-06-02 11:15:01.784,com.sec.android.app.shealth,-2,1967,1.4910581,1601.78,137.62,VfS0qUERdZ,com.sec.android.app.shealth,c274d566-7025-4d79-8c39-50496ffe3ad5,2025-06-02 00:00:00.000,
99c670b4-3e7f-4aeb-b78e-8894159a8600.binning_data.json,2025-06-03 03:00:16.964,2025-06-03 03:00:16.964,com.sec.android.app.shealth,0,841,1.139158,625.47,47.11,487mnSNu6t,com.sec.android.app.shealth,99c670b4-3e7f-4aeb-b78e-8894159a8600,2025-06-02 00:00:00.000,
2a879eba-db83-42ee-a247-bb4a3207d580.binning_data.json,2025-06-04 03:00:28.210,2025-06-03 03:00:25.478,com.sec.android.app.shealth,102,1214,1.8090192,1044.53,93.91,hriiVjEkYE,com.sec.android.app.shealth,2a879eba-db83-42ee-a247-bb4a3207d580,2025-06-02 00:00:00.000,
790d6f8f-7a26-4891-8460-6644c2087072.binning_data.json,2025-06-04 02:34:54.072,2025-06-03 11:49:14.916,com.sec.android.app.shealth,-2,3871,1.6783981,3252.67,251.68001,VfS0qUERdZ,com.sec.android.app.shealth,790d6f8f-7a26-4891-8460-6644c2087072,2025-06-03 00:00:00.000,
b3c7976d-8fe5-49d1-9f2e-f86383fc11a1.binning_data.json,2025-06-04 03:00:22.940,2025-06-04 03:00:22.940,com.sec.android.app.shealth,0,1366,1.2213718,1011.95,42.65,487mnSNu6t,com.sec.android.app.shealth,b3c7976d-8fe5-49d1-9f2e-f86383fc11a1,2025-06-03 00:00:00.000,
740d4dab-4581-45ef-afb5-d3d53aae925a.binning_data.json,2025-06-04 03:00:28.204,2025-06-04 03:00:28.204,com.sec.android.app.shealth,102,3715,1.7332753,3183.6301,267.13,hriiVjEkYE,com.sec.android.app.shealth,740d4dab-4581-45ef-afb5-d3d53aae925a,2025-06-03 00:00:00.000,
96b75357-cec3-4af7-9a96-6be44fbea16e.binning_data.json,2025-06-05 01:14:57.954,2025-06-04 10:28:29.130,com.sec.android.app.shealth,-2,5741,1.3848853,4556.75,302.32,VfS0qUERdZ,com.sec.android.app.shealth,96b75357-cec3-4af7-9a96-6be44fbea16e,2025-06-04 00:00:00.000,
2418d1a5-1af0-45ce-ae7f-6279ba5a8930.binning_data.json,2025-06-05 03:00:02.412,2025-06-05 03:00:02.412,com.sec.android.app.shealth,0,4519,1.208611,3347.58,138.9,487mnSNu6t,com.sec.android.app.shealth,2418d1a5-1af0-45ce-ae7f-6279ba5a8930,2025-06-04 00:00:00.000,
ead4e55d-3c11-4ce9-bfa2-7c0752bc93f5.binning_data.json,2025-06-05 03:00:03.250,2025-06-05 03:00:03.250,com.sec.android.app.shealth,102,5304,1.4540482,4368.49,340.83,hriiVjEkYE,com.sec.android.app.shealth,ead4e55d-3c11-4ce9-bfa2-7c0752bc93f5,2025-06-04 00:00:00.000,
2bddab32-bfb9-4ae6-9cd2-e97b222f4702.binning_data.json,2025-06-06 02:35:52.001,2025-06-05 10:15:27.502,com.sec.android.app.shealth,-2,8262,1.4394944,6432.2397,328.09,VfS0qUERdZ,com.sec.android.app.shealth,2bddab32-bfb9-4ae6-9cd2-e97b222f4702,2025-06-05 00:00:00.000,
066e8291-bd42-49e0-86ba-42d097d2351a.binning_data.json,2025-06-06 03:00:06.539,2025-06-06 03:00:06.539,com.sec.android.app.shealth,0,7529,1.3450512,5694.27,229.7,487mnSNu6t,com.sec.android.app.shealth,066e8291-bd42-49e0-86ba-42d097d2351a,2025-06-05 00:00:00.000,
09f86369-e29e-409c-837b-15f5033c08eb.binning_data.json,2025-06-06 03:00:08.520,2025-06-06 03:00:08.520,com.sec.android.app.shealth,102,2780,1.6519054,2370.19,201.98,hriiVjEkYE,com.sec.android.app.shealth,09f86369-e29e-409c-837b-15f5033c08eb,2025-06-05 00:00:00.000,
97998f17-b307-4f48-9371-a301e1728273.binning_data.json,2025-06-07 02:15:02.051,2025-06-06 10:52:21.300,com.sec.android.app.shealth,-2,5806,1.4456344,4682.13,260.28,VfS0qUERdZ,com.sec.android.app.shealth,97998f17-b307-4f48-9371-a301e1728273,2025-06-06 00:00:00.000,
ec1cc4af-833d-47a8-afff-9e1bc0858db5.binning_data.json,2025-06-07 03:00:04.722,2025-06-07 03:00:04.722,com.sec.android.app.shealth,0,4065,1.2627095,3037.75,125.14,487mnSNu6t,com.sec.android.app.shealth,ec1cc4af-833d-47a8-afff-9e1bc0858db5,2025-06-06 00:00:00.000,
afda50f2-0d4e-4347-8ef8-d2ae513a726a.binning_data.json,2025-06-07 03:00:06.277,2025-06-07 03:00:06.277,com.sec.android.app.shealth,102,3426,1.6597968,2994.6199,212.69,hriiVjEkYE,com.sec.android.app.shealth,afda50f2-0d4e-4347-8ef8-d2ae513a726a,2025-06-06 00:00:00.000,
36a860db-8a28-42de-9aea-1dc00789f349.binning_data.json,2025-06-08 00:14:42.898,2025-06-07 03:03:31.889,com.sec.android.app.shealth,-2,1782,1.2892189,1336.77,55.31,VfS0qUERdZ,com.sec.android.app.shealth,36a860db-8a28-42de-9aea-1dc00789f349,2025-06-07 00:00:00.000,
5c6e6d60-9a47-4f9b-8261-7b57d8af111e.binning_data.json,2025-06-08 03:00:05.323,2025-06-08 03:00:05.323,com.sec.android.app.shealth,0,1782,1.2892189,1336.77,55.31,487mnSNu6t,com.sec.android.app.shealth,5c6e6d60-9a47-4f9b-8261-7b57d8af111e,2025-06-07 00:00:00.000,
7e37b0f6-a641-40f0-97ae-4de4e9fcbe18.binning_data.json,2025-06-08 21:55:03.405,2025-06-08 14:35:13.133,com.sec.android.app.shealth,-2,665,1.231526,494.22,21.04,VfS0qUERdZ,com.sec.android.app.shealth,7e37b0f6-a641-40f0-97ae-4de4e9fcbe18,2025-06-08 00:00:00.000,
540cb050-9967-4020-ba81-f7028d914c32.binning_data.json,2025-06-09 03:00:01.157,2025-06-09 03:00:01.157,com.sec.android.app.shealth,0,665,1.231526,494.22,21.04,487mnSNu6t,com.sec.android.app.shealth,540cb050-9967-4020-ba81-f7028d914c32,2025-06-08 00:00:00.000,
b18cb371-1a7d-4431-a5d0-5a6f7c31e934.binning_data.json,2025-06-10 02:55:11.693,2025-06-09 03:27:15.937,com.sec.android.app.shealth,-2,1453,1.2521876,1085.98,45.55,VfS0qUERdZ,com.sec.android.app.shealth,b18cb371-1a7d-4431-a5d0-5a6f7c31e934,2025-06-09 00:00:00.000,
a85e2ca2-f3ed-43be-a521-9890a5dc61d2.binning_data.json,2025-06-10 03:00:02.092,2025-06-10 03:00:02.092,com.sec.android.app.shealth,0,1453,1.2521876,1085.98,45.55,487mnSNu6t,com.sec.android.app.shealth,a85e2ca2-f3ed-43be-a521-9890a5dc61d2,2025-06-09 00:00:00.000,
a6b85624-5bb9-4c1d-b70f-c0edccd9107d.binning_data.json,2025-06-11 01:42:52.175,2025-06-10 11:55:02.919,com.sec.android.app.shealth,-2,690,1.2304153,514.17,21.619999,VfS0qUERdZ,com.sec.android.app.shealth,a6b85624-5bb9-4c1d-b70f-c0edccd9107d,2025-06-10 00:00:00.000,
131c04ea-3d0b-4f42-9fa7-1df3bb867d5b.binning_data.json,2025-06-11 03:00:05.386,2025-06-11 03:00:05.386,com.sec.android.app.shealth,0,690,1.2304153,514.17,21.619999,487mnSNu6t,com.sec.android.app.shealth,131c04ea-3d0b-4f42-9fa7-1df3bb867d5b,2025-06-10 00:00:00.000,
4be633e3-c86a-476f-b64c-1db2cadabad8.binning_data.json,2025-06-12 11:44:49.844,2025-06-11 10:35:01.811,com.sec.android.app.shealth,-2,5869,1.3647206,4661.96,289.47,VfS0qUERdZ,com.sec.android.app.shealth,4be633e3-c86a-476f-b64c-1db2cadabad8,2025-06-11 00:00:00.000,
3204bfd5-e97e-42ae-9fcc-ca82bebdb03f.binning_data.json,2025-06-12 03:00:03.706,2025-06-12 03:00:03.706,com.sec.android.app.shealth,0,4905,1.2313296,3650.23,151.04,487mnSNu6t,com.sec.android.app.shealth,3204bfd5-e97e-42ae-9fcc-ca82bebdb03f,2025-06-11 00:00:00.000,
dc56c973-d9af-42ba-be05-41b6b5b66491.binning_data.json,2025-06-13 03:25:42.623,2025-06-12 03:00:06.209,com.sec.android.app.shealth,102,4949,1.4889417,4146.9,311.1,hriiVjEkYE,com.sec.android.app.shealth,dc56c973-d9af-42ba-be05-41b6b5b66491,2025-06-11 00:00:00.000,
77250bf5-f165-4298-af19-114189763998.binning_data.json,2025-06-13 02:07:48.495,2025-06-12 11:48:47.358,com.sec.android.app.shealth,-2,2209,1.3094589,1722.8099,100.03,VfS0qUERdZ,com.sec.android.app.shealth,77250bf5-f165-4298-af19-114189763998,2025-06-12 00:00:00.000,
e1f84a1e-081f-496b-ba2a-3dbba1168156.binning_data.json,2025-06-13 03:25:07.941,2025-06-13 03:25:07.941,com.sec.android.app.shealth,0,1564,1.1737834,1155.19,49.07,487mnSNu6t,com.sec.android.app.shealth,e1f84a1e-081f-496b-ba2a-3dbba1168156,2025-06-12 00:00:00.000,
8c630b37-c77d-4081-95b4-79d5899de15a.binning_data.json,2025-06-13 03:25:39.985,2025-06-13 03:25:39.985,com.sec.android.app.shealth,102,1305,1.4484172,1079.27,81.59,hriiVjEkYE,com.sec.android.app.shealth,8c630b37-c77d-4081-95b4-79d5899de15a,2025-06-12 00:00:00.000,
458b2232-0eb3-4049-b7a9-8042ba2bc262.binning_data.json,2025-06-14 03:01:02.322,2025-06-13 03:35:53.911,com.sec.android.app.shealth,-2,3571,1.2293894,2661.83,112.28,VfS0qUERdZ,com.sec.android.app.shealth,458b2232-0eb3-4049-b7a9-8042ba2bc262,2025-06-13 00:00:00.000,
1ed4ae9d-682a-4e98-a943-d2d824739d7b.binning_data.json,2025-06-14 03:00:02.564,2025-06-14 03:00:02.564,com.sec.android.app.shealth,0,3482,1.2233894,2587.5,106.71,487mnSNu6t,com.sec.android.app.shealth,1ed4ae9d-682a-4e98-a943-d2d824739d7b,2025-06-13 00:00:00.000,
3c302b9f-58c6-45f1-8815-6199608ea700.binning_data.json,2025-06-15 16:24:09.703,2025-06-14 10:06:28.739,com.sec.android.app.shealth,-2,7457,1.3895837,5904.51,361.35,VfS0qUERdZ,com.sec.android.app.shealth,3c302b9f-58c6-45f1-8815-6199608ea700,2025-06-14 00:00:00.000,
02cf1b8c-aafe-4bd4-833f-218b7ba9336c.binning_data.json,2025-06-15 03:00:06.809,2025-06-15 03:00:06.809,com.sec.android.app.shealth,0,4648,1.2524352,3467.63,143.18,487mnSNu6t,com.sec.android.app.shealth,02cf1b8c-aafe-4bd4-833f-218b7ba9336c,2025-06-14 00:00:00.000,
d3efd53f-eb6f-4c25-a964-580a06bd6d6b.binning_data.json,2025-06-15 03:00:07.746,2025-06-15 03:00:07.746,com.sec.android.app.shealth,102,89,1.4824892,74.33,5.57,hriiVjEkYE,com.sec.android.app.shealth,d3efd53f-eb6f-4c25-a964-580a06bd6d6b,2025-06-13 00:00:00.000,
798b3133-05b8-47ea-9c02-4ca4e5062558.binning_data.json,2025-06-16 03:00:12.931,2025-06-15 03:00:07.750,com.sec.android.app.shealth,102,5561,1.4865031,4624.24,345.05,hriiVjEkYE,com.sec.android.app.shealth,798b3133-05b8-47ea-9c02-4ca4e5062558,2025-06-14 00:00:00.000,
b089d67c-ed81-43c2-acab-68605feb7324.binning_data.json,2025-06-16 20:28:46.150,2025-06-15 16:24:09.540,com.sec.android.app.shealth,-2,1859,1.2043538,1394.36,66.2,VfS0qUERdZ,com.sec.android.app.shealth,b089d67c-ed81-43c2-acab-68605feb7324,2025-06-15 00:00:00.000,
d58113b8-f2bc-4019-9b9c-b3bb629b1239.binning_data.json,2025-06-16 03:00:12.139,2025-06-16 03:00:12.139,com.sec.android.app.shealth,0,1621,1.1557039,1192.21,50.07,487mnSNu6t,com.sec.android.app.shealth,d58113b8-f2bc-4019-9b9c-b3bb629b1239,2025-06-15 00:00:00.000,
fb15ec63-e224-455b-9463-e407d491b844.binning_data.json,2025-06-17 03:00:09.318,2025-06-16 03:00:12.925,com.sec.android.app.shealth,102,315,1.4715215,259.13,18.91,hriiVjEkYE,com.sec.android.app.shealth,fb15ec63-e224-455b-9463-e407d491b844,2025-06-15 00:00:00.000,
28722fdf-5e72-4927-917c-57daaef4c02b.binning_data.json,2025-06-17 10:35:58.969,2025-06-16 11:32:05.398,com.sec.android.app.shealth,-2,1637,1.4892409,1288.92,76.479996,VfS0qUERdZ,com.sec.android.app.shealth,28722fdf-5e72-4927-917c-57daaef4c02b,2025-06-16 00:00:00.000,
cf56df02-8761-442e-b434-f1cd691806fd.binning_data.json,2025-06-17 03:00:05.061,2025-06-17 03:00:05.061,com.sec.android.app.shealth,0,1240,1.3001794,930.86,38.82,487mnSNu6t,com.sec.android.app.shealth,cf56df02-8761-442e-b434-f1cd691806fd,2025-06-16 00:00:00.000,
75efb03d-8b50-42fd-8d26-d08cd5999fd3.binning_data.json,2025-06-18 03:00:07.428,2025-06-17 03:00:09.313,com.sec.android.app.shealth,102,582,1.9012127,498.75,45.68,hriiVjEkYE,com.sec.android.app.shealth,75efb03d-8b50-42fd-8d26-d08cd5999fd3,2025-06-16 00:00:00.000,
b310615f-c36a-4242-adbb-bc36843f3475.binning_data.json,2025-06-18 02:22:49.527,2025-06-17 10:35:58.823,com.sec.android.app.shealth,-2,8568,1.5140173,6924.88,418.4,VfS0qUERdZ,com.sec.android.app.shealth,b310615f-c36a-4242-adbb-bc36843f3475,2025-06-17 00:00:00.000,
5703ec8c-ef8c-4ebb-80f6-a156180909bc.binning_data.json,2025-06-18 03:00:06.039,2025-06-18 03:00:06.039,com.sec.android.app.shealth,0,7173,1.3706996,5439.8696,217.67,487mnSNu6t,com.sec.android.app.shealth,5703ec8c-ef8c-4ebb-80f6-a156180909bc,2025-06-17 00:00:00.000,
66c7c074-705a-49c7-a270-7a19dd838351.binning_data.json,2025-06-18 03:00:07.490,2025-06-18 03:00:07.490,com.sec.android.app.shealth,102,8169,1.6569431,7124.29,522.98,hriiVjEkYE,com.sec.android.app.shealth,66c7c074-705a-49c7-a270-7a19dd838351,2025-06-17 00:00:00.000,
f997c4ca-f153-40b9-960d-41bb3c0714d4.binning_data.json,2025-06-19 02:55:04.281,2025-06-18 10:55:13.442,com.sec.android.app.shealth,-2,4040,1.2776096,3028.36,123.99,VfS0qUERdZ,com.sec.android.app.shealth,f997c4ca-f153-40b9-960d-41bb3c0714d4,2025-06-18 00:00:00.000,
0334c561-8fd8-4343-af7f-93af7db98472.binning_data.json,2025-06-19 03:00:02.198,2025-06-19 03:00:02.198,com.sec.android.app.shealth,0,4040,1.2776096,3028.36,123.99,487mnSNu6t,com.sec.android.app.shealth,0334c561-8fd8-4343-af7f-93af7db98472,2025-06-18 00:00:00.000,
22c5d3d6-29d4-4b70-b0d0-ac86809a3b07.binning_data.json,2025-06-20 10:52:10.514,2025-06-19 03:22:36.072,com.sec.android.app.shealth,-2,3197,1.3668491,2514.57,145.64,VfS0qUERdZ,com.sec.android.app.shealth,22c5d3d6-29d4-4b70-b0d0-ac86809a3b07,2025-06-19 00:00:00.000,
de1ef5ac-270f-4f04-98e8-4c90fc77f31f.binning_data.json,2025-06-20 03:00:02.510,2025-06-20 03:00:02.510,com.sec.android.app.shealth,0,2182,1.2438883,1630.66,68.57,487mnSNu6t,com.sec.android.app.shealth,de1ef5ac-270f-4f04-98e8-4c90fc77f31f,2025-06-19 00:00:00.000,
9e3ec051-5df0-4ae6-be30-d2e24ce3a74b.binning_data.json,2025-06-21 03:00:06.481,2025-06-20 03:00:03.014,com.sec.android.app.shealth,102,2234,1.4680314,1840.08,130.49,hriiVjEkYE,com.sec.android.app.shealth,9e3ec051-5df0-4ae6-be30-d2e24ce3a74b,2025-06-19 00:00:00.000,
3ab7f773-7aeb-4205-9440-52cfbd8b34d0.binning_data.json,2025-06-21 00:23:57.852,2025-06-20 10:52:10.257,com.sec.android.app.shealth,-2,2167,1.3512751,1702.08,96.43,VfS0qUERdZ,com.sec.android.app.shealth,3ab7f773-7aeb-4205-9440-52cfbd8b34d0,2025-06-20 00:00:00.000,
0375dc72-ae08-472a-ab8f-ee157f1b7001.binning_data.json,2025-06-21 03:00:03.788,2025-06-21 03:00:03.788,com.sec.android.app.shealth,0,1301,1.2393409,968.91,40.59,487mnSNu6t,com.sec.android.app.shealth,0375dc72-ae08-472a-ab8f-ee157f1b7001,2025-06-20 00:00:00.000,
a9e8309a-0aa0-4681-b2eb-709c9b176f2e.binning_data.json,2025-06-21 03:00:06.475,2025-06-21 03:00:06.475,com.sec.android.app.shealth,102,1076,1.4650567,890.88,64.55,hriiVjEkYE,com.sec.android.app.shealth,a9e8309a-0aa0-4681-b2eb-709c9b176f2e,2025-06-20 00:00:00.000,
24abc519-4230-4d9c-9ab1-9b813d6b012f.binning_data.json,2025-06-22 14:10:01.339,2025-06-21 11:33:23.724,com.sec.android.app.shealth,-2,3542,1.4883926,2822.9,175.48999,VfS0qUERdZ,com.sec.android.app.shealth,24abc519-4230-4d9c-9ab1-9b813d6b012f,2025-06-21 00:00:00.000,
630f76c2-be50-4106-8648-3fe4f9ddef5c.binning_data.json,2025-06-22 03:00:27.958,2025-06-22 03:00:27.958,com.sec.android.app.shealth,0,2383,1.2550621,1782.23,73.95999,487mnSNu6t,com.sec.android.app.shealth,630f76c2-be50-4106-8648-3fe4f9ddef5c,2025-06-21 00:00:00.000,
77f85fc2-95c1-43fe-a115-5730dc51885f.binning_data.json,2025-06-23 03:02:38.437,2025-06-22 03:03:33.653,com.sec.android.app.shealth,102,1467,1.879141,1267.59,113.64,hriiVjEkYE,com.sec.android.app.shealth,77f85fc2-95c1-43fe-a115-5730dc51885f,2025-06-21 00:00:00.000,
0cfe0c2c-2618-4c2a-8631-733b3a865be9.binning_data.json,2025-06-23 10:55:17.423,2025-06-22 14:10:01.080,com.sec.android.app.shealth,-2,1926,1.4191436,1555.21,117.71,VfS0qUERdZ,com.sec.android.app.shealth,0cfe0c2c-2618-4c2a-8631-733b3a865be9,2025-06-22 00:00:00.000,
f0d6a6f6-b8f0-43e1-9d51-9e353e52e933.binning_data.json,2025-06-23 03:00:58.095,2025-06-23 03:00:58.095,com.sec.android.app.shealth,0,459,1.1291397,335.95,14.669999,487mnSNu6t,com.sec.android.app.shealth,f0d6a6f6-b8f0-43e1-9d51-9e353e52e933,2025-06-22 00:00:00.000,
e89882bd-6b49-4ca9-a972-fd69595ba25c.binning_data.json,2025-06-24 03:00:29.700,2025-06-23 03:02:38.431,com.sec.android.app.shealth,102,1830,1.4301051,1485.03,116.11,hriiVjEkYE,com.sec.android.app.shealth,e89882bd-6b49-4ca9-a972-fd69595ba25c,2025-06-22 00:00:00.000,
8f03bc3b-127a-4716-a7fb-8a8ec875812e.binning_data.json,2025-06-24 01:10:28.034,2025-06-23 03:31:48.754,com.sec.android.app.shealth,-2,2162,1.5693402,1767.9501,125.4,VfS0qUERdZ,com.sec.android.app.shealth,8f03bc3b-127a-4716-a7fb-8a8ec875812e,2025-06-23 00:00:00.000,
5fb254ca-ffc1-4250-8844-e69faa25ae45.binning_data.json,2025-06-24 03:00:27.766,2025-06-24 03:00:27.766,com.sec.android.app.shealth,0,1034,1.2080208,765.18,32.54,487mnSNu6t,com.sec.android.app.shealth,5fb254ca-ffc1-4250-8844-e69faa25ae45,2025-06-23 00:00:00.000,
3ce46939-6c86-46ee-8813-1bacf60a3add.binning_data.json,2025-06-24 03:00:29.727,2025-06-24 03:00:29.727,com.sec.android.app.shealth,102,1371,1.8402535,1186.63,102.91,hriiVjEkYE,com.sec.android.app.shealth,3ce46939-6c86-46ee-8813-1bacf60a3add,2025-06-23 00:00:00.000,
99b4074e-7972-42bf-b6e4-d45c129dee00.binning_data.json,2025-06-25 10:32:19.405,2025-06-24 11:41:46.413,com.sec.android.app.shealth,-2,2263,1.4831059,1829.45,136.14,VfS0qUERdZ,com.sec.android.app.shealth,99b4074e-7972-42bf-b6e4-d45c129dee00,2025-06-24 00:00:00.000,
821eef87-77e9-40e1-a5f7-a0e078927998.binning_data.json,2025-06-25 03:00:06.890,2025-06-25 03:00:06.890,com.sec.android.app.shealth,0,750,1.1374387,552.39,23.69,487mnSNu6t,com.sec.android.app.shealth,821eef87-77e9-40e1-a5f7-a0e078927998,2025-06-24 00:00:00.000,
8d6a2295-5007-4ad3-bbd2-4f358f0f647f.binning_data.json,2025-06-26 03:00:10.500,2025-06-25 03:00:08.330,com.sec.android.app.shealth,102,1947,1.5861932,1610.82,133.29,hriiVjEkYE,com.sec.android.app.shealth,8d6a2295-5007-4ad3-bbd2-4f358f0f647f,2025-06-24 00:00:00.000,
0fcbd10c-db63-471e-8bce-c5a46365d648.binning_data.json,2025-06-26 02:25:51.721,2025-06-25 10:32:19.188,com.sec.android.app.shealth,-2,4443,1.3297403,3417.44,196.06,VfS0qUERdZ,com.sec.android.app.shealth,0fcbd10c-db63-471e-8bce-c5a46365d648,2025-06-25 00:00:00.000,
a5c4d605-a224-4c46-b3b8-5fae84d25cad.binning_data.json,2025-06-26 03:00:07.261,2025-06-26 03:00:07.261,com.sec.android.app.shealth,0,4140,1.2857519,3118.9102,154.5,487mnSNu6t,com.sec.android.app.shealth,a5c4d605-a224-4c46-b3b8-5fae84d25cad,2025-06-25 00:00:00.000,
0067bb7d-e19f-4eb7-8553-0d30c3012742.binning_data.json,2025-06-26 03:00:10.533,2025-06-26 03:00:10.533,com.sec.android.app.shealth,102,2364,1.4740553,1973.6,156.24,hriiVjEkYE,com.sec.android.app.shealth,0067bb7d-e19f-4eb7-8553-0d30c3012742,2025-06-25 00:00:00.000,
cdf1cb0c-3630-4017-8067-043b600d223a.binning_data.json,2025-06-27 11:35:55.914,2025-06-26 03:38:41.380,com.sec.android.app.shealth,-2,4756,1.4194974,3815.73,237.17,VfS0qUERdZ,com.sec.android.app.shealth,cdf1cb0c-3630-4017-8067-043b600d223a,2025-06-26 00:00:00.000,
4038a2e6-d0a2-4caf-a8a5-8910c5d7c343.binning_data.json,2025-06-27 03:00:04.763,2025-06-27 03:00:04.763,com.sec.android.app.shealth,0,3991,1.2839835,2992.4,122.26,487mnSNu6t,com.sec.android.app.shealth,4038a2e6-d0a2-4caf-a8a5-8910c5d7c343,2025-06-26 00:00:00.000,
93ea5b4c-cd93-4b19-9600-0139b0aeca57.binning_data.json,2025-06-28 03:00:27.071,2025-06-27 03:00:06.504,com.sec.android.app.shealth,102,4501,1.4904,3779.98,284.67,hriiVjEkYE,com.sec.android.app.shealth,93ea5b4c-cd93-4b19-9600-0139b0aeca57,2025-06-26 00:00:00.000,
bc4648f0-ebed-41c9-a3ed-20ddc0b1cdaf.binning_data.json,2025-06-28 03:00:28.850,2025-06-27 11:35:37.510,com.sec.android.app.shealth,-2,2640,1.3205419,2045.3201,122.770004,VfS0qUERdZ,com.sec.android.app.shealth,bc4648f0-ebed-41c9-a3ed-20ddc0b1cdaf,2025-06-27 00:00:00.000,
8e091b36-e1a0-4b51-911a-1b0cafe12595.binning_data.json,2025-06-28 03:00:18.491,2025-06-28 03:00:18.491,com.sec.android.app.shealth,0,1644,1.2386682,1224.17,51.35,487mnSNu6t,com.sec.android.app.shealth,8e091b36-e1a0-4b51-911a-1b0cafe12595,2025-06-27 00:00:00.000,
3104d8f5-5fd5-469a-ba12-e4ecfbb2276a.binning_data.json,2025-06-28 03:00:33.669,2025-06-28 03:00:27.049,com.sec.android.app.shealth,102,1800,1.4188322,1466.39,114.72,hriiVjEkYE,com.sec.android.app.shealth,3104d8f5-5fd5-469a-ba12-e4ecfbb2276a,2025-06-27 00:00:00.000,
74719649-e204-481b-842e-c172c6cb79a1.binning_data.json,2025-06-29 03:34:00.314,2025-06-28 05:36:30.870,com.sec.android.app.shealth,-2,1937,1.5669696,1596.02,125.54,VfS0qUERdZ,com.sec.android.app.shealth,74719649-e204-481b-842e-c172c6cb79a1,2025-06-28 00:00:00.000,
7e0ad97b-24d3-4808-a95a-3fa727b737b8.binning_data.json,2025-06-29 03:00:02.883,2025-06-29 03:00:02.883,com.sec.android.app.shealth,0,612,1.306416,460.03,19.03,487mnSNu6t,com.sec.android.app.shealth,7e0ad97b-24d3-4808-a95a-3fa727b737b8,2025-06-28 00:00:00.000,
0bec0280-0f1d-4d6a-84bc-bc64b94bcb80.binning_data.json,2025-06-30 03:04:35.643,2025-06-29 03:00:03.537,com.sec.android.app.shealth,102,1851,1.6143937,1549.17,128.3,hriiVjEkYE,com.sec.android.app.shealth,0bec0280-0f1d-4d6a-84bc-bc64b94bcb80,2025-06-28 00:00:00.000,
1ab8cd5c-3c47-4e38-b8bb-a0841addec9a.binning_data.json,2025-06-30 22:11:20.055,2025-06-29 03:15:10.128,com.sec.android.app.shealth,-2,1889,1.5228025,1514.86,102.42,VfS0qUERdZ,com.sec.android.app.shealth,1ab8cd5c-3c47-4e38-b8bb-a0841addec9a,2025-06-29 00:00:00.000,
2c53ed27-40f7-41a2-8187-a399b619354c.binning_data.json,2025-06-30 03:15:40.338,2025-06-30 03:00:41.498,com.sec.android.app.shealth,0,1078,1.2008538,797.48,33.93,487mnSNu6t,com.sec.android.app.shealth,2c53ed27-40f7-41a2-8187-a399b619354c,2025-06-29 00:00:00.000,
b01b4037-acb7-4254-882e-275a1ee80740.binning_data.json,2025-07-01 03:00:06.468,2025-06-30 03:04:35.662,com.sec.android.app.shealth,102,945,2.0035543,825.05,75.11,hriiVjEkYE,com.sec.android.app.shealth,b01b4037-acb7-4254-882e-275a1ee80740,2025-06-29 00:00:00.000,
32012e99-a674-40dd-86fa-78a2255f8220.binning_data.json,2025-07-01 11:45:04.433,2025-06-30 05:02:57.629,com.sec.android.app.shealth,-2,1209,1.2717521,921.55,48.08,VfS0qUERdZ,com.sec.android.app.shealth,32012e99-a674-40dd-86fa-78a2255f8220,2025-06-30 00:00:00.000,
585af328-e4e8-4fc8-bed6-9228f425886d.binning_data.json,2025-07-01 03:00:04.361,2025-07-01 03:00:04.361,com.sec.android.app.shealth,0,985,1.2154394,730.92,31.02,487mnSNu6t,com.sec.android.app.shealth,585af328-e4e8-4fc8-bed6-9228f425886d,2025-06-30 00:00:00.000,
81aca79a-465e-488f-a655-bedb5a4a4d40.binning_data.json,2025-07-02 03:00:10.318,2025-07-01 03:00:06.465,com.sec.android.app.shealth,102,367,1.4873785,306.66998,23.44,hriiVjEkYE,com.sec.android.app.shealth,81aca79a-465e-488f-a655-bedb5a4a4d40,2025-06-30 00:00:00.000,
eeb6e23e-5e49-4e5c-9bab-cdbf609c2280.binning_data.json,2025-07-02 16:22:05.183,2025-07-01 11:45:04.351,com.sec.android.app.shealth,-2,3203,1.5340042,2588.68,175.60999,VfS0qUERdZ,com.sec.android.app.shealth,eeb6e23e-5e49-4e5c-9bab-cdbf609c2280,2025-07-01 00:00:00.000,
c0746cde-10e6-487c-92fe-18d729a254f4.binning_data.json,2025-07-02 03:00:06.521,2025-07-02 03:00:06.521,com.sec.android.app.shealth,0,1566,1.2956975,1176.54,48.64999,487mnSNu6t,com.sec.android.app.shealth,c0746cde-10e6-487c-92fe-18d729a254f4,2025-07-01 00:00:00.000,
afdcaea2-1e20-4912-8116-17fcc48e395e.binning_data.json,2025-07-03 03:00:37.405,2025-07-02 03:00:10.369,com.sec.android.app.shealth,102,1767,1.7608299,1511.06,132.7,hriiVjEkYE,com.sec.android.app.shealth,afdcaea2-1e20-4912-8116-17fcc48e395e,2025-07-01 00:00:00.000,
500e01eb-5ccf-4599-b156-30600a803e57.binning_data.json,2025-07-03 10:16:44.493,2025-07-02 10:55:02.555,com.sec.android.app.shealth,-2,5330,1.4933366,4296.23,262.43,VfS0qUERdZ,com.sec.android.app.shealth,500e01eb-5ccf-4599-b156-30600a803e57,2025-07-02 00:00:00.000,
0df11df3-63de-483e-b9dc-eb5d59be1a07.binning_data.json,2025-07-03 03:00:33.721,2025-07-03 03:00:33.721,com.sec.android.app.shealth,0,4109,1.3114154,3093.69,125.979996,487mnSNu6t,com.sec.android.app.shealth,0df11df3-63de-483e-b9dc-eb5d59be1a07,2025-07-02 00:00:00.000,
b61d38a5-9637-4ce1-88e1-9568dedf5a6f.binning_data.json,2025-07-04 03:00:06.988,2025-07-03 03:00:37.502,com.sec.android.app.shealth,102,3411,1.6735728,2935.67,229.54,hriiVjEkYE,com.sec.android.app.shealth,b61d38a5-9637-4ce1-88e1-9568dedf5a6f,2025-07-02 00:00:00.000,
1750a352-45b3-4a06-ac29-1814c0cb06ba.binning_data.json,2025-07-04 01:49:41.442,2025-07-03 10:16:44.388,com.sec.android.app.shealth,-2,6236,1.467879,5011.42,308.22,VfS0qUERdZ,com.sec.android.app.shealth,1750a352-45b3-4a06-ac29-1814c0cb06ba,2025-07-03 00:00:00.000,
4d4fce0d-38ef-437c-bdfd-7416b21819de.binning_data.json,2025-07-04 03:00:04.458,2025-07-04 03:00:04.458,com.sec.android.app.shealth,0,5103,1.290474,3830.5,155.41,487mnSNu6t,com.sec.android.app.shealth,4d4fce0d-38ef-437c-bdfd-7416b21819de,2025-07-03 00:00:00.000,
b19b409a-1308-414e-97cb-691753e46c2e.binning_data.json,2025-07-04 03:00:06.983,2025-07-04 03:00:06.983,com.sec.android.app.shealth,102,5805,1.5912335,4964.9,386.27,hriiVjEkYE,com.sec.android.app.shealth,b19b409a-1308-414e-97cb-691753e46c2e,2025-07-03 00:00:00.000,
f2ad2894-d840-4b8b-9a4b-88fcf312b0d9.binning_data.json,2025-07-06 15:15:42.348,2025-07-04 10:50:24.120,com.sec.android.app.shealth,-2,3295,1.2708446,2485.8499,113.0,VfS0qUERdZ,com.sec.android.app.shealth,f2ad2894-d840-4b8b-9a4b-88fcf312b0d9,2025-07-04 00:00:00.000,
77cbde33-cb7c-425c-a533-9caa16092cc0.binning_data.json,2025-07-05 03:00:14.005,2025-07-05 03:00:14.005,com.sec.android.app.shealth,0,3046,1.2498049,2272.0,93.399994,487mnSNu6t,com.sec.android.app.shealth,77cbde33-cb7c-425c-a533-9caa16092cc0,2025-07-04 00:00:00.000,
c6f43510-cd25-4038-a90c-0b6880b8f9e8.binning_data.json,2025-07-07 03:00:07.502,2025-07-05 03:00:16.832,com.sec.android.app.shealth,102,334,1.5098621,278.3,22.27,hriiVjEkYE,com.sec.android.app.shealth,c6f43510-cd25-4038-a90c-0b6880b8f9e8,2025-07-04 00:00:00.000,
055cfddb-d4e8-4060-93ff-7ee1983f0540.binning_data.json,2025-07-06 02:40:12.263,2025-07-05 03:15:02.692,com.sec.android.app.shealth,-2,1255,1.12248,922.74,50.04,VfS0qUERdZ,com.sec.android.app.shealth,055cfddb-d4e8-4060-93ff-7ee1983f0540,2025-07-05 00:00:00.000,
f9ae99b3-df94-4da2-9764-4967ca7e7fcc.binning_data.json,2025-07-06 03:00:33.619,2025-07-06 03:00:33.619,com.sec.android.app.shealth,0,1255,1.12248,922.74,50.04,487mnSNu6t,com.sec.android.app.shealth,f9ae99b3-df94-4da2-9764-4967ca7e7fcc,2025-07-05 00:00:00.000,
01d1c512-70f0-4600-81f3-d01090923552.binning_data.json,2025-07-07 11:39:18.806,2025-07-06 15:53:49.984,com.sec.android.app.shealth,-2,2439,1.4802554,1980.85,145.08,VfS0qUERdZ,com.sec.android.app.shealth,01d1c512-70f0-4600-81f3-d01090923552,2025-07-06 00:00:00.000,
e7322a4a-1f0f-4dc8-86b0-b6907c09c6ba.binning_data.json,2025-07-07 03:00:04.682,2025-07-07 03:00:04.682,com.sec.android.app.shealth,0,1100,1.1993382,817.28,34.92,487mnSNu6t,com.sec.android.app.shealth,e7322a4a-1f0f-4dc8-86b0-b6907c09c6ba,2025-07-06 00:00:00.000,
54cc83ec-9402-40c2-81de-e26e130a64ec.binning_data.json,2025-07-08 03:57:00.107,2025-07-07 03:00:07.521,com.sec.android.app.shealth,102,2230,1.5379773,1846.88,148.59,hriiVjEkYE,com.sec.android.app.shealth,54cc83ec-9402-40c2-81de-e26e130a64ec,2025-07-06 00:00:00.000,
5dc6406c-3b5f-4d14-b154-b5dc105a41cc.binning_data.json,2025-07-07 22:57:28.763,2025-07-07 11:39:18.325,com.sec.android.app.shealth,-2,1546,1.3686872,1216.6,78.78,VfS0qUERdZ,com.sec.android.app.shealth,5dc6406c-3b5f-4d14-b154-b5dc105a41cc,2025-07-07 00:00:00.000,
7b8bf23d-0734-4484-a34e-7d049677b170.binning_data.json,2025-07-08 03:56:58.574,2025-07-08 03:56:58.574,com.sec.android.app.shealth,0,893,1.218035,662.92,27.92,487mnSNu6t,com.sec.android.app.shealth,7b8bf23d-0734-4484-a34e-7d049677b170,2025-07-07 00:00:00.000,
25e0ef56-eea5-4148-bba4-52b868e890b3.binning_data.json,2025-07-08 03:57:00.102,2025-07-08 03:57:00.102,com.sec.android.app.shealth,102,1087,1.4619769,885.64,66.56,hriiVjEkYE,com.sec.android.app.shealth,25e0ef56-eea5-4148-bba4-52b868e890b3,2025-07-07 00:00:00.000,
66bb7168-e634-452a-8b31-67be8f8bbecd.binning_data.json,2025-07-09 03:09:14.705,2025-07-08 14:51:55.487,com.sec.android.app.shealth,-2,1650,1.4155655,1301.77,81.6,VfS0qUERdZ,com.sec.android.app.shealth,66bb7168-e634-452a-8b31-67be8f8bbecd,2025-07-08 00:00:00.000,
2f750357-d3c4-4e2b-ad42-e992f1b8251a.binning_data.json,2025-07-09 03:00:25.650,2025-07-09 03:00:25.650,com.sec.android.app.shealth,0,1072,1.2386001,798.5,33.649998,487mnSNu6t,com.sec.android.app.shealth,2f750357-d3c4-4e2b-ad42-e992f1b8251a,2025-07-08 00:00:00.000,
681bf861-537a-4272-86a0-af469d80e40e.binning_data.json,2025-07-10 03:00:06.551,2025-07-09 03:00:28.523,com.sec.android.app.shealth,102,1034,1.5965891,867.6,69.83,hriiVjEkYE,com.sec.android.app.shealth,681bf861-537a-4272-86a0-af469d80e40e,2025-07-08 00:00:00.000,
b96a4229-7d68-43ec-9c21-1f462bc86114.binning_data.json,2025-07-10 01:22:20.866,2025-07-09 10:15:03.248,com.sec.android.app.shealth,-2,5435,1.4633512,4396.6304,320.24,VfS0qUERdZ,com.sec.android.app.shealth,b96a4229-7d68-43ec-9c21-1f462bc86114,2025-07-09 00:00:00.000,
e7a0cfeb-6d86-4fc9-9944-478799e4da17.binning_data.json,2025-07-10 03:00:04.288,2025-07-10 03:00:04.288,com.sec.android.app.shealth,0,4145,1.3245178,3162.2703,217.53998,487mnSNu6t,com.sec.android.app.shealth,e7a0cfeb-6d86-4fc9-9944-478799e4da17,2025-07-09 00:00:00.000,
6d00b30a-ccff-48a9-854a-801eb26c74c9.binning_data.json,2025-07-10 03:00:06.567,2025-07-10 03:00:06.567,com.sec.android.app.shealth,102,4702,1.5658834,3997.31,299.86,hriiVjEkYE,com.sec.android.app.shealth,6d00b30a-ccff-48a9-854a-801eb26c74c9,2025-07-09 00:00:00.000,
55ae863e-8ff2-4c5b-96a8-b204dbfebddf.binning_data.json,2025-07-11 00:57:07.819,2025-07-10 10:47:26.666,com.sec.android.app.shealth,-2,5650,1.3948398,4463.42,242.18,VfS0qUERdZ,com.sec.android.app.shealth,55ae863e-8ff2-4c5b-96a8-b204dbfebddf,2025-07-10 00:00:00.000,
14377ef8-69e1-4ace-9007-df993502c0e8.binning_data.json,2025-07-11 03:00:07.716,2025-07-11 03:00:07.716,com.sec.android.app.shealth,0,5022,1.28308,3760.38,152.72,487mnSNu6t,com.sec.android.app.shealth,14377ef8-69e1-4ace-9007-df993502c0e8,2025-07-10 00:00:00.000,
46688ffb-310b-4468-a89a-f5a4f6b2f66d.binning_data.json,2025-07-11 03:00:09.546,2025-07-11 03:00:09.546,com.sec.android.app.shealth,102,4316,1.5249178,3655.97,268.5,hriiVjEkYE,com.sec.android.app.shealth,46688ffb-310b-4468-a89a-f5a4f6b2f66d,2025-07-10 00:00:00.000,
d3476986-3e92-4094-a2cd-9a423d077260.binning_data.json,2025-07-12 23:36:34.280,2025-07-11 10:55:02.194,com.sec.android.app.shealth,-2,5423,1.4444226,4380.91,275.6,VfS0qUERdZ,com.sec.android.app.shealth,d3476986-3e92-4094-a2cd-9a423d077260,2025-07-11 00:00:00.000,
ab5aad99-f1d5-4fbf-bf62-28611e16f800.binning_data.json,2025-07-12 03:00:03.754,2025-07-12 03:00:03.754,com.sec.android.app.shealth,0,4244,1.2767699,3179.1902,129.37,487mnSNu6t,com.sec.android.app.shealth,ab5aad99-f1d5-4fbf-bf62-28611e16f800,2025-07-11 00:00:00.000,
bbc1b2f6-26e3-43d2-9fb6-3052b5886836.binning_data.json,2025-07-13 03:00:09.294,2025-07-12 03:00:05.614,com.sec.android.app.shealth,102,4593,1.5319319,3884.01,297.28,hriiVjEkYE,com.sec.android.app.shealth,bbc1b2f6-26e3-43d2-9fb6-3052b5886836,2025-07-11 00:00:00.000,
d59bf744-82f2-417b-83a1-42fce4084c6e.binning_data.json,2025-07-13 04:22:29.730,2025-07-12 14:15:02.806,com.sec.android.app.shealth,-2,1709,1.4774268,1348.23,84.03,VfS0qUERdZ,com.sec.android.app.shealth,d59bf744-82f2-417b-83a1-42fce4084c6e,2025-07-12 00:00:00.000,
b23cf59b-7459-4f54-bfac-5254260fca60.binning_data.json,2025-07-13 03:00:07.266,2025-07-13 03:00:07.266,com.sec.android.app.shealth,0,1125,1.2950349,842.84,35.27,487mnSNu6t,com.sec.android.app.shealth,b23cf59b-7459-4f54-bfac-5254260fca60,2025-07-12 00:00:00.000,
e2698853-64b1-4fb5-a0f4-0a5693d97236.binning_data.json,2025-07-14 03:00:27.832,2025-07-13 03:00:09.287,com.sec.android.app.shealth,102,584,1.9309691,505.39,48.76,hriiVjEkYE,com.sec.android.app.shealth,e2698853-64b1-4fb5-a0f4-0a5693d97236,2025-07-12 00:00:00.000,
93382811-b31e-4b7f-b15b-e9b43a65f7bc.binning_data.json,2025-07-14 03:29:46.839,2025-07-13 04:22:29.631,com.sec.android.app.shealth,-2,2233,1.6406072,1850.82,148.23,VfS0qUERdZ,com.sec.android.app.shealth,93382811-b31e-4b7f-b15b-e9b43a65f7bc,2025-07-13 00:00:00.000,
f33ebe03-4cc6-410b-9cc0-69f18017682f.binning_data.json,2025-07-14 03:00:19.137,2025-07-14 03:00:19.137,com.sec.android.app.shealth,0,752,1.1477116,551.97,23.83,487mnSNu6t,com.sec.android.app.shealth,f33ebe03-4cc6-410b-9cc0-69f18017682f,2025-07-13 00:00:00.000,
bd36a6bb-5d9e-4100-904c-037ba47e3bb2.binning_data.json,2025-07-15 03:00:15.322,2025-07-14 03:00:28.789,com.sec.android.app.shealth,102,2040,1.7474935,1728.18,150.41,hriiVjEkYE,com.sec.android.app.shealth,bd36a6bb-5d9e-4100-904c-037ba47e3bb2,2025-07-13 00:00:00.000,
b54f0822-a602-4697-bf5a-7e83daa11b55.binning_data.json,2025-07-15 00:59:18.130,2025-07-14 03:29:46.356,com.sec.android.app.shealth,-2,2284,1.6905361,1924.5499,150.08,VfS0qUERdZ,com.sec.android.app.shealth,b54f0822-a602-4697-bf5a-7e83daa11b55,2025-07-14 00:00:00.000,
39b26dd0-20fe-4661-96f3-c4fd7382ad6a.binning_data.json,2025-07-15 03:00:14.432,2025-07-15 03:00:14.432,com.sec.android.app.shealth,0,825,1.2484652,616.8,25.67,487mnSNu6t,com.sec.android.app.shealth,39b26dd0-20fe-4661-96f3-c4fd7382ad6a,2025-07-14 00:00:00.000,
2fe9aa1d-00e3-4077-b3dc-fce4236127bf.binning_data.json,2025-07-15 03:00:15.313,2025-07-15 03:00:15.313,com.sec.android.app.shealth,102,2021,1.8076907,1748.72,146.13,hriiVjEkYE,com.sec.android.app.shealth,2fe9aa1d-00e3-4077-b3dc-fce4236127bf,2025-07-14 00:00:00.000,
a2eea454-6083-4142-b99d-e14621e958e1.binning_data.json,2025-07-16 00:29:05.322,2025-07-15 11:41:59.835,com.sec.android.app.shealth,-2,1158,1.1668733,852.54,36.489998,VfS0qUERdZ,com.sec.android.app.shealth,a2eea454-6083-4142-b99d-e14621e958e1,2025-07-15 00:00:00.000,
581c85fd-a0b9-4142-9d2e-98557d662ab7.binning_data.json,2025-07-16 03:00:01.285,2025-07-16 03:00:01.285,com.sec.android.app.shealth,0,1158,1.1668733,852.54,36.489998,487mnSNu6t,com.sec.android.app.shealth,581c85fd-a0b9-4142-9d2e-98557d662ab7,2025-07-15 00:00:00.000,
1a003084-a156-4c86-afb6-a6ffc2b77789.binning_data.json,2025-07-17 08:20:54.582,2025-07-16 11:46:00.830,com.sec.android.app.shealth,-2,5105,1.3928599,4065.05,262.38,VfS0qUERdZ,com.sec.android.app.shealth,1a003084-a156-4c86-afb6-a6ffc2b77789,2025-07-16 00:00:00.000,
fe00fbd6-cd4e-44d3-84be-feedb3771a5b.binning_data.json,2025-07-17 03:00:13.099,2025-07-17 03:00:13.099,com.sec.android.app.shealth,0,2876,1.263543,2154.35,89.77,487mnSNu6t,com.sec.android.app.shealth,fe00fbd6-cd4e-44d3-84be-feedb3771a5b,2025-07-16 00:00:00.000,
4bc0a0cd-d317-4506-9194-a94f59dcd5ce.binning_data.json,2025-07-18 03:00:06.336,2025-07-17 03:00:19.091,com.sec.android.app.shealth,102,4588,1.4508431,3772.31,292.54,hriiVjEkYE,com.sec.android.app.shealth,4bc0a0cd-d317-4506-9194-a94f59dcd5ce,2025-07-16 00:00:00.000,
a37080f0-b170-415d-99c3-4d14af6a7656.binning_data.json,2025-07-18 00:14:04.995,2025-07-17 10:31:26.226,com.sec.android.app.shealth,-2,4578,1.3848879,3565.81,197.23,VfS0qUERdZ,com.sec.android.app.shealth,a37080f0-b170-415d-99c3-4d14af6a7656,2025-07-17 00:00:00.000,
a19db254-0c6d-4b95-a2de-8de38a530ba3.binning_data.json,2025-07-18 03:00:05.697,2025-07-18 03:00:05.697,com.sec.android.app.shealth,0,3984,1.262559,2974.26,122.159996,487mnSNu6t,com.sec.android.app.shealth,a19db254-0c6d-4b95-a2de-8de38a530ba3,2025-07-17 00:00:00.000,
59c1bfe4-dba3-40f7-846d-98985b9464bd.binning_data.json,2025-07-18 03:00:06.349,2025-07-18 03:00:06.349,com.sec.android.app.shealth,102,2066,1.6115947,1751.19,144.17,hriiVjEkYE,com.sec.android.app.shealth,59c1bfe4-dba3-40f7-846d-98985b9464bd,2025-07-17 00:00:00.000,
7233ef3f-ae81-4065-af3d-54785b15c079.binning_data.json,2025-07-19 11:45:55.664,2025-07-18 03:30:52.994,com.sec.android.app.shealth,-2,8906,1.4910955,7182.49,468.16,VfS0qUERdZ,com.sec.android.app.shealth,7233ef3f-ae81-4065-af3d-54785b15c079,2025-07-18 00:00:00.000,
88499f13-edc1-4ad0-a1cd-9249221ef166.binning_data.json,2025-07-19 03:03:08.942,2025-07-19 03:00:42.100,com.sec.android.app.shealth,0,7562,1.3620983,5765.5103,309.03,487mnSNu6t,com.sec.android.app.shealth,88499f13-edc1-4ad0-a1cd-9249221ef166,2025-07-18 00:00:00.000,
4fdfd686-4146-4742-bc48-879bfe9710fc.binning_data.json,2025-07-19 03:01:14.264,2025-07-19 03:01:14.264,com.sec.android.app.shealth,102,8160,1.6387604,7095.6,528.93,hriiVjEkYE,com.sec.android.app.shealth,4fdfd686-4146-4742-bc48-879bfe9710fc,2025-07-18 00:00:00.000,
39d4a1bb-2631-4a44-a1de-e1ff0f6e32d8.binning_data.json,2025-07-20 14:19:04.200,2025-07-19 03:03:05.999,com.sec.android.app.shealth,-2,4876,1.2998654,3748.08,291.56,VfS0qUERdZ,com.sec.android.app.shealth,39d4a1bb-2631-4a44-a1de-e1ff0f6e32d8,2025-07-19 00:00:00.000,
86ea13cc-ac61-4f08-80a0-6241d799c282.binning_data.json,2025-07-20 05:15:28.614,2025-07-19 03:03:09.016,com.sec.android.app.shealth,0,4236,1.2708786,3214.26,251.18,487mnSNu6t,com.sec.android.app.shealth,86ea13cc-ac61-4f08-80a0-6241d799c282,2025-07-19 00:00:00.000,
964980e1-2652-43e8-85f9-93104298bc5a.binning_data.json,2025-07-21 03:00:26.974,2025-07-20 05:15:52.357,com.sec.android.app.shealth,102,1280,1.4993131,1072.88,78.64,hriiVjEkYE,com.sec.android.app.shealth,964980e1-2652-43e8-85f9-93104298bc5a,2025-07-19 00:00:00.000,
de26fdb0-1730-48de-ba3e-1ddeb88c165f.binning_data.json,2025-07-21 10:49:02.287,2025-07-20 11:41:42.908,com.sec.android.app.shealth,-2,3301,1.3280742,2602.71,203.91,VfS0qUERdZ,com.sec.android.app.shealth,de26fdb0-1730-48de-ba3e-1ddeb88c165f,2025-07-20 00:00:00.000,
a1f3937e-93d8-4c93-adf4-b078368079d0.binning_data.json,2025-07-21 03:00:24.959,2025-07-21 03:00:24.959,com.sec.android.app.shealth,0,2252,1.1842605,1689.29,132.31,487mnSNu6t,com.sec.android.app.shealth,a1f3937e-93d8-4c93-adf4-b078368079d0,2025-07-20 00:00:00.000,
7e2a089f-b32b-45b2-a4db-53e6726906af.binning_data.json,2025-07-22 03:00:07.365,2025-07-21 03:00:26.971,com.sec.android.app.shealth,102,2353,1.427309,1914.55,149.5,hriiVjEkYE,com.sec.android.app.shealth,7e2a089f-b32b-45b2-a4db-53e6726906af,2025-07-20 00:00:00.000,
7865a750-9c80-4a56-9b03-30b557dad536.binning_data.json,2025-07-22 12:00:21.989,2025-07-21 10:49:02.002,com.sec.android.app.shealth,-2,6857,1.6312151,5764.12,448.85,VfS0qUERdZ,com.sec.android.app.shealth,7865a750-9c80-4a56-9b03-30b557dad536,2025-07-21 00:00:00.000,
e5d5eccf-6268-4128-86dd-fa706016c7a1.binning_data.json,2025-07-22 03:00:05.447,2025-07-22 03:00:05.447,com.sec.android.app.shealth,0,4893,1.4462434,3823.9,291.53,487mnSNu6t,com.sec.android.app.shealth,e5d5eccf-6268-4128-86dd-fa706016c7a1,2025-07-21 00:00:00.000,
87e08246-a033-465d-b1ce-7f9bcebca54f.binning_data.json,2025-07-23 03:00:06.124,2025-07-22 03:00:07.357,com.sec.android.app.shealth,102,6301,1.7496612,5539.83,419.21,hriiVjEkYE,com.sec.android.app.shealth,87e08246-a033-465d-b1ce-7f9bcebca54f,2025-07-21 00:00:00.000,
8a4e8986-1e61-40d2-8d85-96d14b054b77.binning_data.json,2025-07-23 01:25:02.259,2025-07-22 12:00:21.721,com.sec.android.app.shealth,-2,1522,1.4298666,1207.77,99.03,VfS0qUERdZ,com.sec.android.app.shealth,8a4e8986-1e61-40d2-8d85-96d14b054b77,2025-07-22 00:00:00.000,
f8e6002d-7613-4275-92ad-8032ffe6223f.binning_data.json,2025-07-23 03:00:04.206,2025-07-23 03:00:04.206,com.sec.android.app.shealth,0,1011,1.2345424,764.3,59.2,487mnSNu6t,com.sec.android.app.shealth,f8e6002d-7613-4275-92ad-8032ffe6223f,2025-07-22 00:00:00.000,
84342752-b74e-416a-9984-d4be1726b873.binning_data.json,2025-07-23 03:00:06.117,2025-07-23 03:00:06.117,com.sec.android.app.shealth,102,598,1.7957404,508.6,45.07,hriiVjEkYE,com.sec.android.app.shealth,84342752-b74e-416a-9984-d4be1726b873,2025-07-22 00:00:00.000,
87f949c0-56ba-4f22-91f6-e9fd003faf00.binning_data.json,2025-07-24 10:35:11.922,2025-07-23 10:21:11.020,com.sec.android.app.shealth,-2,9394,1.574454,7823.58,591.01,VfS0qUERdZ,com.sec.android.app.shealth,87f949c0-56ba-4f22-91f6-e9fd003faf00,2025-07-23 00:00:00.000,
3e8ca02f-2be5-43ff-8d86-82ef6e45c5df.binning_data.json,2025-07-24 03:00:09.077,2025-07-24 03:00:09.077,com.sec.android.app.shealth,0,7812,1.4310262,6086.04,465.86,487mnSNu6t,com.sec.android.app.shealth,3e8ca02f-2be5-43ff-8d86-82ef6e45c5df,2025-07-23 00:00:00.000,
452be56b-2264-4920-a20c-ef58cd898908.binning_data.json,2025-07-25 03:00:19.175,2025-07-24 03:00:11.494,com.sec.android.app.shealth,102,9042,1.6614165,7890.89,579.55,hriiVjEkYE,com.sec.android.app.shealth,452be56b-2264-4920-a20c-ef58cd898908,2025-07-23 00:00:00.000,
7af518d5-be23-47d2-b07f-f323c8628e22.binning_data.json,2025-07-25 04:09:54.290,2025-07-24 10:35:11.669,com.sec.android.app.shealth,-2,4412,1.4155098,3497.0,281.47,VfS0qUERdZ,com.sec.android.app.shealth,7af518d5-be23-47d2-b07f-f323c8628e22,2025-07-24 00:00:00.000,
11cb3765-aaa1-4f0f-bc0b-d0e0dc90fe14.binning_data.json,2025-07-25 03:00:15.541,2025-07-25 03:00:15.541,com.sec.android.app.shealth,0,3907,1.3059121,2981.7,231.17,487mnSNu6t,com.sec.android.app.shealth,11cb3765-aaa1-4f0f-bc0b-d0e0dc90fe14,2025-07-24 00:00:00.000,
f1113c0f-d6d9-4c74-b2c9-ee4e81de5a62.binning_data.json,2025-07-26 03:01:04.612,2025-07-25 03:00:19.156,com.sec.android.app.shealth,102,1545,1.7850548,1361.06,114.85,hriiVjEkYE,com.sec.android.app.shealth,f1113c0f-d6d9-4c74-b2c9-ee4e81de5a62,2025-07-24 00:00:00.000,
8f814c19-6f50-4e8f-9750-6c78f9bf6f86.binning_data.json,2025-07-26 01:48:53.280,2025-07-25 10:37:47.785,com.sec.android.app.shealth,-2,9014,1.5132968,7333.55,558.13995,VfS0qUERdZ,com.sec.android.app.shealth,8f814c19-6f50-4e8f-9750-6c78f9bf6f86,2025-07-25 00:00:00.000,
0ea7f4aa-06b8-406b-8209-e1503fc620c7.binning_data.json,2025-07-26 03:00:45.971,2025-07-26 03:00:45.971,com.sec.android.app.shealth,0,7692,1.4043882,5964.0,457.86996,487mnSNu6t,com.sec.android.app.shealth,0ea7f4aa-06b8-406b-8209-e1503fc620c7,2025-07-25 00:00:00.000,
8d4dbd7a-a4d1-4251-afb6-f757b150b065.binning_data.json,2025-07-26 03:01:04.724,2025-07-26 03:01:04.724,com.sec.android.app.shealth,102,7991,1.6325997,6954.64,506.46,hriiVjEkYE,com.sec.android.app.shealth,8d4dbd7a-a4d1-4251-afb6-f757b150b065,2025-07-25 00:00:00.000,
d34ce606-4669-4efc-b85d-4bae18429317.binning_data.json,2025-07-27 00:14:20.546,2025-07-26 13:27:51.509,com.sec.android.app.shealth,-2,13083,1.5252033,10780.86,791.24,VfS0qUERdZ,com.sec.android.app.shealth,d34ce606-4669-4efc-b85d-4bae18429317,2025-07-26 00:00:00.000,
b121f3f1-2a4a-4c3f-a5c0-a71f9d56cad2.binning_data.json,2025-07-27 03:01:59.797,2025-07-27 03:01:59.797,com.sec.android.app.shealth,0,10167,1.4100488,7891.91,608.58,487mnSNu6t,com.sec.android.app.shealth,b121f3f1-2a4a-4c3f-a5c0-a71f9d56cad2,2025-07-26 00:00:00.000,
8b0b26c1-2f35-4f17-a9ba-90bfb36a59cc.binning_data.json,2025-07-27 03:02:06.331,2025-07-27 03:02:06.331,com.sec.android.app.shealth,102,12413,1.614306,10777.59,751.01,hriiVjEkYE,com.sec.android.app.shealth,8b0b26c1-2f35-4f17-a9ba-90bfb36a59cc,2025-07-26 00:00:00.000,
6f1c1fe4-81f9-458b-89c4-8bbcb7105307.binning_data.json,2025-07-28 16:55:06.704,2025-07-27 03:15:02.155,com.sec.android.app.shealth,-2,15238,1.4850405,12151.1,926.02,VfS0qUERdZ,com.sec.android.app.shealth,6f1c1fe4-81f9-458b-89c4-8bbcb7105307,2025-07-27 00:00:00.000,
d0cbc2d7-71f9-4066-8e79-2ea19af26691.binning_data.json,2025-07-28 03:00:24.178,2025-07-28 03:00:24.178,com.sec.android.app.shealth,0,13926,1.4183897,10798.53,833.34,487mnSNu6t,com.sec.android.app.shealth,d0cbc2d7-71f9-4066-8e79-2ea19af26691,2025-07-27 00:00:00.000,
ce34aa5c-48a1-451f-bda1-22c47af88728.binning_data.json,2025-07-29 03:02:26.585,2025-07-28 03:00:55.103,com.sec.android.app.shealth,102,12516,1.5437609,10333.61,759.13,hriiVjEkYE,com.sec.android.app.shealth,ce34aa5c-48a1-451f-bda1-22c47af88728,2025-07-27 00:00:00.000,
59003c93-30cc-4fd9-b3d7-f331d0183ba7.binning_data.json,2025-07-29 11:14:50.194,2025-07-28 11:50:34.448,com.sec.android.app.shealth,-2,2250,1.2866892,1706.89,133.13,VfS0qUERdZ,com.sec.android.app.shealth,59003c93-30cc-4fd9-b3d7-f331d0183ba7,2025-07-28 00:00:00.000,
0bd78396-e2da-48db-92fc-4da2ee6b03f6.binning_data.json,2025-07-29 03:02:10.869,2025-07-29 03:02:10.869,com.sec.android.app.shealth,0,1607,1.2820978,1220.86,94.51,487mnSNu6t,com.sec.android.app.shealth,0bd78396-e2da-48db-92fc-4da2ee6b03f6,2025-07-28 00:00:00.000,
417242cf-484d-4a25-b923-5d8151ea3b68.binning_data.json,2025-07-30 03:15:02.416,2025-07-29 03:02:26.241,com.sec.android.app.shealth,102,1646,1.30895,1250.17,96.24,hriiVjEkYE,com.sec.android.app.shealth,417242cf-484d-4a25-b923-5d8151ea3b68,2025-07-28 00:00:00.000,
4950c94b-d389-48e7-b8ea-e72e0803be45.binning_data.json,2025-07-30 00:46:38.747,2025-07-29 11:15:04.172,com.sec.android.app.shealth,-2,1840,1.2958407,1391.9,109.909996,VfS0qUERdZ,com.sec.android.app.shealth,4950c94b-d389-48e7-b8ea-e72e0803be45,2025-07-29 00:00:00.000,
c830ce30-3c7a-4748-8cd2-e0d98b6f00d4.binning_data.json,2025-07-30 03:14:56.693,2025-07-30 03:14:56.693,com.sec.android.app.shealth,0,861,1.187409,644.98,50.46,487mnSNu6t,com.sec.android.app.shealth,c830ce30-3c7a-4748-8cd2-e0d98b6f00d4,2025-07-29 00:00:00.000,
c0c819ee-8d15-41f6-8762-83c867408290.binning_data.json,2025-07-30 03:15:02.384,2025-07-30 03:15:02.384,com.sec.android.app.shealth,102,1361,1.343253,1032.37,82.88,hriiVjEkYE,com.sec.android.app.shealth,c0c819ee-8d15-41f6-8762-83c867408290,2025-07-29 00:00:00.000,
7853f9d8-fea3-43c6-a8a2-ea0ed51b6e52.binning_data.json,2025-08-01 14:15:29.295,2025-07-30 10:42:30.460,com.sec.android.app.shealth,-2,4156,1.4041345,3227.97,259.27,VfS0qUERdZ,com.sec.android.app.shealth,7853f9d8-fea3-43c6-a8a2-ea0ed51b6e52,2025-07-30 00:00:00.000,
ff863eeb-b1d1-4186-bd85-2f3b2ecced05.binning_data.json,2025-07-31 03:00:13.937,2025-07-31 03:00:13.937,com.sec.android.app.shealth,0,3548,1.3322723,2729.21,211.77,487mnSNu6t,com.sec.android.app.shealth,ff863eeb-b1d1-4186-bd85-2f3b2ecced05,2025-07-30 00:00:00.000,
6a147714-2121-48f5-815b-8ad57050806d.binning_data.json,2025-08-02 03:00:55.580,2025-07-31 03:00:14.832,com.sec.android.app.shealth,102,2686,1.4273853,2081.76,169.56999,hriiVjEkYE,com.sec.android.app.shealth,6a147714-2121-48f5-815b-8ad57050806d,2025-07-30 00:00:00.000,
f7303eed-40bc-44a7-b297-54867607d398.binning_data.json,2025-08-01 00:52:50.408,2025-07-31 10:47:15.125,com.sec.android.app.shealth,-2,2777,1.2969716,2118.21,164.55,VfS0qUERdZ,com.sec.android.app.shealth,f7303eed-40bc-44a7-b297-54867607d398,2025-07-31 00:00:00.000,
aa8e0aae-1d93-46e7-8510-af6708cc610a.binning_data.json,2025-08-01 03:00:02.952,2025-08-01 03:00:02.952,com.sec.android.app.shealth,0,2777,1.2969716,2118.21,164.55,487mnSNu6t,com.sec.android.app.shealth,aa8e0aae-1d93-46e7-8510-af6708cc610a,2025-07-31 00:00:00.000,
5ec08eb0-36a7-4035-8b85-df4c31ffeeac.binning_data.json,2025-08-02 02:36:34.206,2025-08-01 10:53:18.047,com.sec.android.app.shealth,-2,6781,1.3648375,5218.69,416.25,VfS0qUERdZ,com.sec.android.app.shealth,5ec08eb0-36a7-4035-8b85-df4c31ffeeac,2025-08-01 00:00:00.000,
9fbf93d4-6c50-4ed9-a907-221346dc7ead.binning_data.json,2025-08-02 03:00:52.666,2025-08-02 03:00:52.666,com.sec.android.app.shealth,0,5323,1.2800785,4046.17,315.8,487mnSNu6t,com.sec.android.app.shealth,9fbf93d4-6c50-4ed9-a907-221346dc7ead,2025-08-01 00:00:00.000,
ff3a37a1-cddc-48d6-885c-26964ba6bced.binning_data.json,2025-08-02 03:00:55.596,2025-08-02 03:00:55.596,com.sec.android.app.shealth,102,5188,1.3976332,3991.79,319.72,hriiVjEkYE,com.sec.android.app.shealth,ff3a37a1-cddc-48d6-885c-26964ba6bced,2025-08-01 00:00:00.000,
6a96bf0e-98b8-4e1e-90c9-f11497575870.binning_data.json,2025-08-06 02:42:18.244,2025-08-02 12:55:08.392,com.sec.android.app.shealth,-2,6398,1.387948,4927.88,381.96,VfS0qUERdZ,com.sec.android.app.shealth,6a96bf0e-98b8-4e1e-90c9-f11497575870,2025-08-02 00:00:00.000,
b4327dce-0513-4445-b06c-a4df0cf0275b.binning_data.json,2025-08-03 03:00:01.904,2025-08-03 03:00:01.904,com.sec.android.app.shealth,0,4942,1.349802,3800.84,292.3,487mnSNu6t,com.sec.android.app.shealth,b4327dce-0513-4445-b06c-a4df0cf0275b,2025-08-02 00:00:00.000,
3e17cd33-3bc6-4c8d-b7c7-646f518ebf14.binning_data.json,2025-08-06 03:00:05.474,2025-08-03 03:00:13.291,com.sec.android.app.shealth,102,5477,1.4168789,4217.97,323.17,hriiVjEkYE,com.sec.android.app.shealth,3e17cd33-3bc6-4c8d-b7c7-646f518ebf14,2025-08-02 00:00:00.000,
72f50ecc-5448-4d85-880a-5ae7d7d3589c.binning_data.json,2025-08-04 01:08:54.613,2025-08-03 03:55:16.312,com.sec.android.app.shealth,-2,1057,1.1102178,785.82,62.64,VfS0qUERdZ,com.sec.android.app.shealth,72f50ecc-5448-4d85-880a-5ae7d7d3589c,2025-08-03 00:00:00.000,
96d122ff-94b1-4e66-bd3a-c697ee1e85fb.binning_data.json,2025-08-04 03:01:27.930,2025-08-04 03:01:27.930,com.sec.android.app.shealth,0,1057,1.1102178,785.82,62.64,487mnSNu6t,com.sec.android.app.shealth,96d122ff-94b1-4e66-bd3a-c697ee1e85fb,2025-08-03 00:00:00.000,
d2dbad93-7729-48cd-a42a-78bb10da3743.binning_data.json,2025-08-05 02:10:35.456,2025-08-04 04:12:20.446,com.sec.android.app.shealth,-2,1316,1.235437,994.92,77.08,VfS0qUERdZ,com.sec.android.app.shealth,d2dbad93-7729-48cd-a42a-78bb10da3743,2025-08-04 00:00:00.000,
3a5c337d-3ab8-4cef-bbc7-74a31479f7ac.binning_data.json,2025-08-05 03:00:55.766,2025-08-05 03:00:55.766,com.sec.android.app.shealth,0,1316,1.235437,994.92,77.08,487mnSNu6t,com.sec.android.app.shealth,3a5c337d-3ab8-4cef-bbc7-74a31479f7ac,2025-08-04 00:00:00.000,
4774a1be-d4e4-4eba-9220-42bf42825d5a.binning_data.json,2025-08-06 10:36:53.300,2025-08-05 10:00:22.517,com.sec.android.app.shealth,-2,2102,1.626505,1684.45,131.29,VfS0qUERdZ,com.sec.android.app.shealth,4774a1be-d4e4-4eba-9220-42bf42825d5a,2025-08-05 00:00:00.000,
b64063b2-0212-4a35-a98c-7cbfcf81c086.binning_data.json,2025-08-06 03:00:04.841,2025-08-06 03:00:04.841,com.sec.android.app.shealth,0,796,1.2676885,606.33,46.49,487mnSNu6t,com.sec.android.app.shealth,b64063b2-0212-4a35-a98c-7cbfcf81c086,2025-08-05 00:00:00.000,
ff91624f-4b6f-47cd-a341-e7177f9698f6.binning_data.json,2025-08-07 03:00:07.105,2025-08-06 03:00:05.472,com.sec.android.app.shealth,102,1334,1.9057173,1098.66,86.39,hriiVjEkYE,com.sec.android.app.shealth,ff91624f-4b6f-47cd-a341-e7177f9698f6,2025-08-05 00:00:00.000,
018c49f5-d41e-4d43-bbd8-d1b086a04754.binning_data.json,2025-08-08 23:04:24.418,2025-08-06 10:36:52.249,com.sec.android.app.shealth,-2,3885,1.3285086,2976.29,227.37,VfS0qUERdZ,com.sec.android.app.shealth,018c49f5-d41e-4d43-bbd8-d1b086a04754,2025-08-06 00:00:00.000,
f0d2e360-7cf5-421e-8686-c35cc239d8ac.binning_data.json,2025-08-07 03:00:04.299,2025-08-07 03:00:04.299,com.sec.android.app.shealth,0,3679,1.3205634,2815.19,217.91,487mnSNu6t,com.sec.android.app.shealth,f0d2e360-7cf5-421e-8686-c35cc239d8ac,2025-08-06 00:00:00.000,
53092cb6-21e0-4293-9cd4-5a910c0380a2.binning_data.json,2025-08-09 03:05:28.460,2025-08-07 03:00:07.098,com.sec.android.app.shealth,102,1055,1.4380212,814.1,61.06,hriiVjEkYE,com.sec.android.app.shealth,53092cb6-21e0-4293-9cd4-5a910c0380a2,2025-08-06 00:00:00.000,
8b21ee1c-427a-46a3-b9c9-916118853771.binning_data.json,2025-08-08 01:52:47.518,2025-08-07 10:55:22.938,com.sec.android.app.shealth,-2,4171,1.2723068,3168.98,247.75,VfS0qUERdZ,com.sec.android.app.shealth,8b21ee1c-427a-46a3-b9c9-916118853771,2025-08-07 00:00:00.000,
8c86bd62-418f-4e7f-875d-6e32157677d3.binning_data.json,2025-08-08 03:00:12.819,2025-08-08 03:00:12.819,com.sec.android.app.shealth,0,4171,1.2723068,3168.98,247.75,487mnSNu6t,com.sec.android.app.shealth,8c86bd62-418f-4e7f-875d-6e32157677d3,2025-08-07 00:00:00.000,
8a616deb-f539-4407-b5f7-e7b5b91853ec.binning_data.json,2025-08-09 03:52:30.795,2025-08-08 11:50:03.437,com.sec.android.app.shealth,-2,2313,1.352461,1772.0701,137.09,VfS0qUERdZ,com.sec.android.app.shealth,8a616deb-f539-4407-b5f7-e7b5b91853ec,2025-08-08 00:00:00.000,
ccdbe7f2-b9a5-4243-8e9a-e2ed117db4ef.binning_data.json,2025-08-09 03:05:21.646,2025-08-09 03:05:21.646,com.sec.android.app.shealth,0,1614,1.3488963,1240.0,94.73,487mnSNu6t,com.sec.android.app.shealth,ccdbe7f2-b9a5-4243-8e9a-e2ed117db4ef,2025-08-08 00:00:00.000,
f28146cf-833f-434e-b435-c7a14c71019c.binning_data.json,2025-08-10 03:00:17.044,2025-08-09 03:05:28.481,com.sec.android.app.shealth,102,1701,1.3558416,1297.91,100.77,hriiVjEkYE,com.sec.android.app.shealth,f28146cf-833f-434e-b435-c7a14c71019c,2025-08-08 00:00:00.000,
104f1952-6f17-4181-99c8-aadad9517155.binning_data.json,2025-08-13 00:08:24.276,2025-08-09 03:52:28.470,com.sec.android.app.shealth,-2,4695,1.4338126,3659.08,298.0,VfS0qUERdZ,com.sec.android.app.shealth,104f1952-6f17-4181-99c8-aadad9517155,2025-08-09 00:00:00.000,
9783a521-7dca-4e38-9651-5a19287b6c0a.binning_data.json,2025-08-10 03:00:14.460,2025-08-10 03:00:14.460,com.sec.android.app.shealth,0,2303,1.30063,1756.38,134.89,487mnSNu6t,com.sec.android.app.shealth,9783a521-7dca-4e38-9651-5a19287b6c0a,2025-08-09 00:00:00.000,
119821a1-5ab0-4c5b-b044-cc32a14b206d.binning_data.json,2025-08-13 04:06:38.397,2025-08-10 03:00:17.061,com.sec.android.app.shealth,102,3834,1.4710574,3001.26,247.98,hriiVjEkYE,com.sec.android.app.shealth,119821a1-5ab0-4c5b-b044-cc32a14b206d,2025-08-09 00:00:00.000,
a40e937c-a66d-4aac-aee4-7def322b0d3c.binning_data.json,2025-08-11 01:55:02.581,2025-08-10 03:35:18.679,com.sec.android.app.shealth,-2,1711,1.1704478,1283.17,99.89,VfS0qUERdZ,com.sec.android.app.shealth,a40e937c-a66d-4aac-aee4-7def322b0d3c,2025-08-10 00:00:00.000,
9fd55dec-58db-468e-a8a3-d732dc6f2485.binning_data.json,2025-08-11 03:00:01.442,2025-08-11 03:00:01.442,com.sec.android.app.shealth,0,1711,1.1704478,1283.17,99.89,487mnSNu6t,com.sec.android.app.shealth,9fd55dec-58db-468e-a8a3-d732dc6f2485,2025-08-10 00:00:00.000,
0bd36c2b-fb3e-4a3a-8d86-60593790c555.binning_data.json,2025-08-12 01:01:15.658,2025-08-11 11:13:46.926,com.sec.android.app.shealth,-2,1026,1.201558,769.06,60.24,VfS0qUERdZ,com.sec.android.app.shealth,0bd36c2b-fb3e-4a3a-8d86-60593790c555,2025-08-11 00:00:00.000,
5d533a31-d933-4c57-919c-cd9f68be4a31.binning_data.json,2025-08-12 03:00:01.643,2025-08-12 03:00:01.643,com.sec.android.app.shealth,0,1026,1.201558,769.06,60.24,487mnSNu6t,com.sec.android.app.shealth,5d533a31-d933-4c57-919c-cd9f68be4a31,2025-08-11 00:00:00.000,
48c1869a-2499-4455-a6fb-427de74c62b8.binning_data.json,2025-08-13 10:24:19.623,2025-08-12 03:02:16.084,com.sec.android.app.shealth,-2,1434,1.1335118,1068.99,83.82,VfS0qUERdZ,com.sec.android.app.shealth,48c1869a-2499-4455-a6fb-427de74c62b8,2025-08-12 00:00:00.000,
b3ca8657-0732-43e3-8513-f79577733410.binning_data.json,2025-08-13 04:06:36.662,2025-08-13 04:06:36.662,com.sec.android.app.shealth,0,1394,1.1330144,1039.5,81.6,487mnSNu6t,com.sec.android.app.shealth,b3ca8657-0732-43e3-8513-f79577733410,2025-08-12 00:00:00.000,
d50ec4b4-ab14-4b45-961b-2f36d5cc83f1.binning_data.json,2025-08-14 03:00:05.398,2025-08-13 04:06:38.274,com.sec.android.app.shealth,102,65,1.1834726,47.96,3.59,hriiVjEkYE,com.sec.android.app.shealth,d50ec4b4-ab14-4b45-961b-2f36d5cc83f1,2025-08-12 00:00:00.000,
f93659f2-a0ae-48d3-bd15-b6df0ee32992.binning_data.json,2025-08-14 02:07:29.204,2025-08-13 10:24:19.228,com.sec.android.app.shealth,-2,4715,1.4002961,3628.18,268.1,VfS0qUERdZ,com.sec.android.app.shealth,f93659f2-a0ae-48d3-bd15-b6df0ee32992,2025-08-13 00:00:00.000,
eb6e5ddf-3d07-4053-ae9f-c4fc470ced81.binning_data.json,2025-08-14 03:00:03.581,2025-08-14 03:00:03.581,com.sec.android.app.shealth,0,2845,1.3336228,2163.02,133.26,487mnSNu6t,com.sec.android.app.shealth,eb6e5ddf-3d07-4053-ae9f-c4fc470ced81,2025-08-13 00:00:00.000,
1d112055-43a5-4b63-9f51-4684287ddfd2.binning_data.json,2025-08-14 03:00:05.415,2025-08-14 03:00:05.415,com.sec.android.app.shealth,102,4254,1.4101424,3272.07,266.05,hriiVjEkYE,com.sec.android.app.shealth,1d112055-43a5-4b63-9f51-4684287ddfd2,2025-08-13 00:00:00.000,
61f6ebf6-2bbb-4861-9240-53c875babe51.binning_data.json,2025-08-16 02:36:30.999,2025-08-14 10:55:01.546,com.sec.android.app.shealth,-2,4810,1.3007675,3620.3599,168.62999,VfS0qUERdZ,com.sec.android.app.shealth,61f6ebf6-2bbb-4861-9240-53c875babe51,2025-08-14 00:00:00.000,
0a805082-4a05-46b7-a67b-95dd5604b7a4.binning_data.json,2025-08-15 03:00:36.676,2025-08-15 03:00:36.676,com.sec.android.app.shealth,0,4686,1.2897326,3518.64,143.51999,487mnSNu6t,com.sec.android.app.shealth,0a805082-4a05-46b7-a67b-95dd5604b7a4,2025-08-14 00:00:00.000,
aa45d08e-7c72-4e86-9ba8-6e86228ff120.binning_data.json,2025-08-16 03:00:06.712,2025-08-15 03:00:44.660,com.sec.android.app.shealth,102,970,1.3746076,739.66003,62.14,hriiVjEkYE,com.sec.android.app.shealth,aa45d08e-7c72-4e86-9ba8-6e86228ff120,2025-08-14 00:00:00.000,
433a6aa4-14fb-4c38-841a-519e99204e57.binning_data.json,2025-08-16 03:29:31.819,2025-08-15 11:06:45.987,com.sec.android.app.shealth,-2,4671,1.3253477,3540.92,156.58,VfS0qUERdZ,com.sec.android.app.shealth,433a6aa4-14fb-4c38-841a-519e99204e57,2025-08-15 00:00:00.000,
ce4a978d-5121-4daa-ad7b-3aa40b87cdf1.binning_data.json,2025-08-16 03:00:03.872,2025-08-16 03:00:03.872,com.sec.android.app.shealth,0,4429,1.2912352,3327.51,135.67,487mnSNu6t,com.sec.android.app.shealth,ce4a978d-5121-4daa-ad7b-3aa40b87cdf1,2025-08-15 00:00:00.000,
fcdbb5cc-a1f5-4924-9ae1-c9f2f0025d18.binning_data.json,2025-08-17 01:33:09.481,2025-08-16 13:06:31.350,com.sec.android.app.shealth,-2,6482,1.211059,4821.05,237.55,VfS0qUERdZ,com.sec.android.app.shealth,fcdbb5cc-a1f5-4924-9ae1-c9f2f0025d18,2025-08-16 00:00:00.000,
9404c1cb-2636-4c61-9b48-2d03e682e1ab.binning_data.json,2025-08-17 03:01:25.406,2025-08-17 03:01:25.406,com.sec.android.app.shealth,0,5650,1.1779923,4171.84,174.42,487mnSNu6t,com.sec.android.app.shealth,9404c1cb-2636-4c61-9b48-2d03e682e1ab,2025-08-16 00:00:00.000,
d48da119-8661-4349-8881-b1fdd59b1735.binning_data.json,2025-08-17 03:03:12.516,2025-08-17 03:03:12.516,com.sec.android.app.shealth,102,242,2.2536862,213.41,20.909998,hriiVjEkYE,com.sec.android.app.shealth,d48da119-8661-4349-8881-b1fdd59b1735,2025-08-15 00:00:00.000,
cffa3ce6-c0e6-4f81-9614-c8c446481a3f.binning_data.json,2025-08-17 03:03:12.524,2025-08-17 03:03:12.524,com.sec.android.app.shealth,102,1783,1.3564,1362.11,106.52,hriiVjEkYE,com.sec.android.app.shealth,cffa3ce6-c0e6-4f81-9614-c8c446481a3f,2025-08-16 00:00:00.000,
7462ec38-60e9-48e0-8634-864d3bdfc271.binning_data.json,2025-08-18 02:31:05.140,2025-08-17 14:05:36.829,com.sec.android.app.shealth,-2,859,1.2100877,657.26,28.62,VfS0qUERdZ,com.sec.android.app.shealth,7462ec38-60e9-48e0-8634-864d3bdfc271,2025-08-17 00:00:00.000,
14ce0689-3241-4052-be3b-348745cce99f.binning_data.json,2025-08-18 03:00:02.895,2025-08-18 03:00:02.895,com.sec.android.app.shealth,0,859,1.2100877,657.26,28.62,487mnSNu6t,com.sec.android.app.shealth,14ce0689-3241-4052-be3b-348745cce99f,2025-08-17 00:00:00.000,
8bc640e7-694b-45b3-afc9-044016427822.binning_data.json,2025-08-19 10:01:00.681,2025-08-18 10:30:03.101,com.sec.android.app.shealth,-2,1581,1.1737022,1169.59,51.059998,VfS0qUERdZ,com.sec.android.app.shealth,8bc640e7-694b-45b3-afc9-044016427822,2025-08-18 00:00:00.000,
e707a4fc-4d56-41ba-9216-08e6339e032a.binning_data.json,2025-08-19 03:00:08.822,2025-08-19 03:00:08.822,com.sec.android.app.shealth,0,1546,1.1676756,1142.26,48.95,487mnSNu6t,com.sec.android.app.shealth,e707a4fc-4d56-41ba-9216-08e6339e032a,2025-08-18 00:00:00.000,
671d3e54-5190-479c-893d-43aea38957d2.binning_data.json,2025-08-20 03:00:16.327,2025-08-19 03:00:27.176,com.sec.android.app.shealth,102,42,1.4924161,32.79,2.3399997,hriiVjEkYE,com.sec.android.app.shealth,671d3e54-5190-479c-893d-43aea38957d2,2025-08-18 00:00:00.000,
68362539-5860-4923-941c-fd11b57edf0f.binning_data.json,2025-08-20 02:35:05.441,2025-08-19 10:01:00.516,com.sec.android.app.shealth,-2,2830,1.3619792,2184.68,145.95999,VfS0qUERdZ,com.sec.android.app.shealth,68362539-5860-4923-941c-fd11b57edf0f,2025-08-19 00:00:00.000,
2cef065d-082c-4294-ac87-2bcd53abbe07.binning_data.json,2025-08-20 03:00:13.797,2025-08-20 03:00:13.797,com.sec.android.app.shealth,0,1664,1.182176,1242.31,62.629997,487mnSNu6t,com.sec.android.app.shealth,2cef065d-082c-4294-ac87-2bcd53abbe07,2025-08-19 00:00:00.000,
c444cda8-6b95-4d63-8f1d-f8c8b4bca533.binning_data.json,2025-08-20 03:00:16.348,2025-08-20 03:00:16.348,com.sec.android.app.shealth,102,1556,1.5450782,1229.13,104.53,hriiVjEkYE,com.sec.android.app.shealth,c444cda8-6b95-4d63-8f1d-f8c8b4bca533,2025-08-19 00:00:00.000,
8d4cdb3e-1f9f-449d-ad22-ec962019670d.binning_data.json,2025-08-21 02:33:49.057,2025-08-20 10:38:12.203,com.sec.android.app.shealth,-2,7254,1.373589,5504.67,237.7,VfS0qUERdZ,com.sec.android.app.shealth,8d4cdb3e-1f9f-449d-ad22-ec962019670d,2025-08-20 00:00:00.000,
bbccab1f-555e-456d-af46-2407dd2ba90d.binning_data.json,2025-08-21 03:00:22.252,2025-08-21 03:00:22.252,com.sec.android.app.shealth,0,7070,1.3773009,5367.86,214.7,487mnSNu6t,com.sec.android.app.shealth,bbccab1f-555e-456d-af46-2407dd2ba90d,2025-08-20 00:00:00.000,
d9801b88-3ce6-45e2-8312-112182e765f9.binning_data.json,2025-08-22 03:00:06.476,2025-08-21 03:00:43.064,com.sec.android.app.shealth,102,926,1.3770969,706.88,57.219997,hriiVjEkYE,com.sec.android.app.shealth,d9801b88-3ce6-45e2-8312-112182e765f9,2025-08-20 00:00:00.000,
01004546-71a1-4ccf-b329-dadd816c2c3d.binning_data.json,2025-08-22 01:13:49.555,2025-08-21 10:31:17.890,com.sec.android.app.shealth,-2,4868,1.370507,3724.43,231.71,VfS0qUERdZ,com.sec.android.app.shealth,01004546-71a1-4ccf-b329-dadd816c2c3d,2025-08-21 00:00:00.000,
7318b3ec-4d4c-4c3a-a599-dc0d86b1d813.binning_data.json,2025-08-22 03:00:04.228,2025-08-22 03:00:04.228,com.sec.android.app.shealth,0,4134,1.2648579,3092.63,126.659996,487mnSNu6t,com.sec.android.app.shealth,7318b3ec-4d4c-4c3a-a599-dc0d86b1d813,2025-08-21 00:00:00.000,
2c8b4123-bc82-4d18-902f-5d13ffaed795.binning_data.json,2025-08-22 03:00:06.493,2025-08-22 03:00:06.493,com.sec.android.app.shealth,102,4059,1.3954757,3116.04,256.28,hriiVjEkYE,com.sec.android.app.shealth,2c8b4123-bc82-4d18-902f-5d13ffaed795,2025-08-21 00:00:00.000,
2ff435d5-cfaa-4884-b5f2-e9228f76cc86.binning_data.json,2025-08-23 18:33:04.536,2025-08-22 12:00:09.074,com.sec.android.app.shealth,-2,5819,1.4179993,4449.94,212.18,VfS0qUERdZ,com.sec.android.app.shealth,2ff435d5-cfaa-4884-b5f2-e9228f76cc86,2025-08-22 00:00:00.000,
3d0d7fd3-3e42-4794-9f21-c28f8f905fad.binning_data.json,2025-08-23 03:00:02.185,2025-08-23 03:00:02.185,com.sec.android.app.shealth,0,4983,1.4127327,3803.42,151.9,487mnSNu6t,com.sec.android.app.shealth,3d0d7fd3-3e42-4794-9f21-c28f8f905fad,2025-08-22 00:00:00.000,
a5c08e4b-2793-475a-a95c-732dad3a2958.binning_data.json,2025-08-24 03:00:14.485,2025-08-23 03:00:02.632,com.sec.android.app.shealth,102,1273,1.3791829,972.79,77.3,hriiVjEkYE,com.sec.android.app.shealth,a5c08e4b-2793-475a-a95c-732dad3a2958,2025-08-22 00:00:00.000,
d4810c69-e758-48bf-a390-85a51497d741.binning_data.json,2025-08-24 05:28:28.966,2025-08-23 13:07:54.435,com.sec.android.app.shealth,-2,11925,1.3917611,9068.79,435.21,VfS0qUERdZ,com.sec.android.app.shealth,d4810c69-e758-48bf-a390-85a51497d741,2025-08-23 00:00:00.000,
e0466bda-564d-487f-bde7-0d3e13b54b82.binning_data.json,2025-08-24 03:00:13.995,2025-08-24 03:00:13.995,com.sec.android.app.shealth,0,11206,1.3876523,8518.4795,338.36,487mnSNu6t,com.sec.android.app.shealth,e0466bda-564d-487f-bde7-0d3e13b54b82,2025-08-23 00:00:00.000,
93404b02-1b0d-4fc8-96c9-2d3d32684601.binning_data.json,2025-08-25 03:00:28.375,2025-08-24 03:00:14.499,com.sec.android.app.shealth,102,10503,1.4103897,7982.51,566.45,hriiVjEkYE,com.sec.android.app.shealth,93404b02-1b0d-4fc8-96c9-2d3d32684601,2025-08-23 00:00:00.000,
596db2b5-9e5a-4a84-b4b4-1b37ffb440e5.binning_data.json,2025-08-25 01:32:05.918,2025-08-24 05:28:28.788,com.sec.android.app.shealth,-2,1807,1.2581193,1348.09,56.22,VfS0qUERdZ,com.sec.android.app.shealth,596db2b5-9e5a-4a84-b4b4-1b37ffb440e5,2025-08-24 00:00:00.000,
ef9ecd1b-f6b5-4771-addd-42d8ef12cdbf.binning_data.json,2025-08-25 03:00:27.785,2025-08-25 03:00:27.785,com.sec.android.app.shealth,0,1797,1.2588438,1340.72,55.62,487mnSNu6t,com.sec.android.app.shealth,ef9ecd1b-f6b5-4771-addd-42d8ef12cdbf,2025-08-24 00:00:00.000,
a9f2a9fa-df18-478a-9a2f-9581e6ed4904.binning_data.json,2025-08-25 03:00:28.371,2025-08-25 03:00:28.371,com.sec.android.app.shealth,102,10,1.1388888,7.37,0.6,hriiVjEkYE,com.sec.android.app.shealth,a9f2a9fa-df18-478a-9a2f-9581e6ed4904,2025-08-24 00:00:00.000,
73678d66-1f5e-4275-86f8-99ed56908326.binning_data.json,2025-08-26 04:02:31.154,2025-08-25 11:47:19.902,com.sec.android.app.shealth,-2,1653,1.3133714,1251.13,65.0,VfS0qUERdZ,com.sec.android.app.shealth,73678d66-1f5e-4275-86f8-99ed56908326,2025-08-25 00:00:00.000,
4e24c2bf-9cf6-48fb-9fe8-1e2a413b6699.binning_data.json,2025-08-26 03:00:03.985,2025-08-26 03:00:03.985,com.sec.android.app.shealth,0,1341,1.2897931,1010.46,42.48,487mnSNu6t,com.sec.android.app.shealth,4e24c2bf-9cf6-48fb-9fe8-1e2a413b6699,2025-08-25 00:00:00.000,
b591cbed-bb6d-42bb-b508-5eb45ab96877.binning_data.json,2025-08-27 03:00:08.433,2025-08-26 03:00:05.916,com.sec.android.app.shealth,102,575,1.365296,437.79,34.47,hriiVjEkYE,com.sec.android.app.shealth,b591cbed-bb6d-42bb-b508-5eb45ab96877,2025-08-25 00:00:00.000,
23ac762d-8a7b-4abf-a363-d69537758a08.binning_data.json,2025-08-27 10:46:40.232,2025-08-26 03:35:02.810,com.sec.android.app.shealth,-2,3850,1.2341666,2870.8,190.45999,VfS0qUERdZ,com.sec.android.app.shealth,23ac762d-8a7b-4abf-a363-d69537758a08,2025-08-26 00:00:00.000,
065c004e-6ae0-4057-859b-45d1cbe626ed.binning_data.json,2025-08-27 03:00:04.415,2025-08-27 03:00:04.415,com.sec.android.app.shealth,0,2300,1.1820463,1697.33,71.93,487mnSNu6t,com.sec.android.app.shealth,065c004e-6ae0-4057-859b-45d1cbe626ed,2025-08-26 00:00:00.000,
89f38977-265a-4d2a-ab0d-c60f0d5f8a0c.binning_data.json,2025-08-28 03:00:02.768,2025-08-27 03:00:08.456,com.sec.android.app.shealth,102,3058,1.2718618,2293.91,180.27,hriiVjEkYE,com.sec.android.app.shealth,89f38977-265a-4d2a-ab0d-c60f0d5f8a0c,2025-08-26 00:00:00.000,
6071d474-0b05-4e5f-bc42-b03a91bfa4ec.binning_data.json,2025-08-28 16:10:40.352,2025-08-27 10:46:40.060,com.sec.android.app.shealth,-2,7286,1.4194486,5593.7197,279.78998,VfS0qUERdZ,com.sec.android.app.shealth,6071d474-0b05-4e5f-bc42-b03a91bfa4ec,2025-08-27 00:00:00.000,
c6fc1f88-9490-48de-a7f2-5f3307dbda67.binning_data.json,2025-08-28 03:00:02.145,2025-08-28 03:00:02.145,com.sec.android.app.shealth,0,6744,1.3722662,5127.84,204.98999,487mnSNu6t,com.sec.android.app.shealth,c6fc1f88-9490-48de-a7f2-5f3307dbda67,2025-08-27 00:00:00.000,
e5d2eb7d-85c7-4f1e-a582-af1277af0646.binning_data.json,2025-08-29 03:00:45.689,2025-08-28 03:00:02.766,com.sec.android.app.shealth,102,2304,1.4035972,1778.92,148.4,hriiVjEkYE,com.sec.android.app.shealth,e5d2eb7d-85c7-4f1e-a582-af1277af0646,2025-08-27 00:00:00.000,
87d50dad-6c6f-4fcb-bc6f-00a2b8df67b5.binning_data.json,2025-08-29 08:11:36.951,2025-08-28 10:53:36.454,com.sec.android.app.shealth,-2,6405,1.3459579,4872.97,270.09,VfS0qUERdZ,com.sec.android.app.shealth,87d50dad-6c6f-4fcb-bc6f-00a2b8df67b5,2025-08-28 00:00:00.000,
12140a6f-83c6-4940-bd31-6b051e88764e.binning_data.json,2025-08-29 03:10:48.126,2025-08-29 03:00:12.013,com.sec.android.app.shealth,0,5674,1.2865591,4254.7,172.71,487mnSNu6t,com.sec.android.app.shealth,12140a6f-83c6-4940-bd31-6b051e88764e,2025-08-28 00:00:00.000,
3b66a0c9-a6e7-4af6-beac-1e8a3d6f6715.binning_data.json,2025-08-29 03:00:45.707,2025-08-29 03:00:45.707,com.sec.android.app.shealth,102,3202,1.4026909,2473.63,203.83,hriiVjEkYE,com.sec.android.app.shealth,3b66a0c9-a6e7-4af6-beac-1e8a3d6f6715,2025-08-28 00:00:00.000,
4741860e-3172-4bf4-bb0e-9458137aa1a6.binning_data.json,2025-08-30 02:59:21.154,2025-08-29 03:10:40.758,com.sec.android.app.shealth,-2,4046,1.367067,3093.09,191.88,VfS0qUERdZ,com.sec.android.app.shealth,4741860e-3172-4bf4-bb0e-9458137aa1a6,2025-08-29 00:00:00.000,
2fdb6fdb-2f04-4444-b734-a12453ee27c4.binning_data.json,2025-08-30 03:00:15.989,2025-08-29 03:10:48.121,com.sec.android.app.shealth,0,3156,1.2553254,2357.66,96.91,487mnSNu6t,com.sec.android.app.shealth,2fdb6fdb-2f04-4444-b734-a12453ee27c4,2025-08-29 00:00:00.000,
0bac9562-93be-4e2e-a64c-611b5c20ac83.binning_data.json,2025-08-30 03:00:24.182,2025-08-30 03:00:24.182,com.sec.android.app.shealth,102,3364,1.394041,2585.79,215.09,hriiVjEkYE,com.sec.android.app.shealth,0bac9562-93be-4e2e-a64c-611b5c20ac83,2025-08-29 00:00:00.000,
46b81425-8313-4078-9876-3ee5e49eec43.binning_data.json,2025-08-31 02:45:19.290,2025-08-30 09:55:14.794,com.sec.android.app.shealth,-2,5063,1.2914083,3801.48,155.01,VfS0qUERdZ,com.sec.android.app.shealth,46b81425-8313-4078-9876-3ee5e49eec43,2025-08-30 00:00:00.000,
7ed0dae3-20af-4c87-8afa-719e94f8e151.binning_data.json,2025-08-31 03:00:12.066,2025-08-31 03:00:12.066,com.sec.android.app.shealth,0,5063,1.2914083,3801.48,155.01,487mnSNu6t,com.sec.android.app.shealth,7ed0dae3-20af-4c87-8afa-719e94f8e151,2025-08-30 00:00:00.000,
07e793d2-7188-48e1-a2af-f1bbec6e6474.binning_data.json,2025-09-01 11:02:39.497,2025-08-31 15:34:30.692,com.sec.android.app.shealth,-2,2985,1.6709517,2427.62,219.04001,VfS0qUERdZ,com.sec.android.app.shealth,07e793d2-7188-48e1-a2af-f1bbec6e6474,2025-08-31 00:00:00.000,
2bf0ad3e-bd83-42f1-8958-eee89ba189bd.binning_data.json,2025-09-01 03:00:18.995,2025-09-01 03:00:18.995,com.sec.android.app.shealth,0,422,1.1326572,309.44,13.2300005,487mnSNu6t,com.sec.android.app.shealth,2bf0ad3e-bd83-42f1-8958-eee89ba189bd,2025-08-31 00:00:00.000,
dcff715e-f5fa-4a23-9187-6ec38ed8aaa0.binning_data.json,2025-09-02 03:00:07.442,2025-09-01 03:00:20.606,com.sec.android.app.shealth,102,2862,1.7074684,2338.9,218.61,hriiVjEkYE,com.sec.android.app.shealth,dcff715e-f5fa-4a23-9187-6ec38ed8aaa0,2025-08-31 00:00:00.000,
7a856d20-d0cb-45fa-b59e-911e74b215ae.binning_data.json,2025-09-02 11:05:03.755,2025-09-01 11:02:38.833,com.sec.android.app.shealth,-2,1527,1.2324178,1137.9,61.1,VfS0qUERdZ,com.sec.android.app.shealth,7a856d20-d0cb-45fa-b59e-911e74b215ae,2025-09-01 00:00:00.000,
f7669a88-ed61-40c5-8f3b-dc0cddf37b99.binning_data.json,2025-09-02 03:00:03.776,2025-09-02 03:00:03.776,com.sec.android.app.shealth,0,1187,1.1756506,876.84,40.25,487mnSNu6t,com.sec.android.app.shealth,f7669a88-ed61-40c5-8f3b-dc0cddf37b99,2025-09-01 00:00:00.000,
a35df277-b6fe-4d65-918d-a15abf266a59.binning_data.json,2025-09-03 03:00:12.937,2025-09-02 03:00:07.437,com.sec.android.app.shealth,102,492,1.3882031,374.4,28.59,hriiVjEkYE,com.sec.android.app.shealth,a35df277-b6fe-4d65-918d-a15abf266a59,2025-09-01 00:00:00.000,
8e6d3545-9290-487a-aa5b-f60f9cee9650.binning_data.json,2025-09-03 10:30:24.769,2025-09-02 03:32:12.906,com.sec.android.app.shealth,-2,2129,1.3562216,1636.02,112.43,VfS0qUERdZ,com.sec.android.app.shealth,8e6d3545-9290-487a-aa5b-f60f9cee9650,2025-09-02 00:00:00.000,
c7d3e08d-d71d-4719-9e7c-c1e943a8107c.binning_data.json,2025-09-03 03:00:10.024,2025-09-03 03:00:10.024,com.sec.android.app.shealth,0,1162,1.2017319,861.77,38.06,487mnSNu6t,com.sec.android.app.shealth,c7d3e08d-d71d-4719-9e7c-c1e943a8107c,2025-09-02 00:00:00.000,
ae2b1af8-4d9c-435b-80b6-bd17863a28ac.binning_data.json,2025-09-04 03:00:05.354,2025-09-03 03:00:12.953,com.sec.android.app.shealth,102,1311,1.4741696,1029.92,90.75,hriiVjEkYE,com.sec.android.app.shealth,ae2b1af8-4d9c-435b-80b6-bd17863a28ac,2025-09-02 00:00:00.000,
d1d06169-31ae-46bb-a69f-3138b7c0a6e9.binning_data.json,2025-09-06 00:19:29.109,2025-09-03 10:30:24.323,com.sec.android.app.shealth,-2,4696,1.3213629,3565.79,213.74,VfS0qUERdZ,com.sec.android.app.shealth,d1d06169-31ae-46bb-a69f-3138b7c0a6e9,2025-09-03 00:00:00.000,
c04f72c1-d8b9-4a42-87a9-61646b4d8748.binning_data.json,2025-09-04 03:00:02.603,2025-09-04 03:00:02.603,com.sec.android.app.shealth,0,4062,1.2362175,3024.67,124.55,487mnSNu6t,com.sec.android.app.shealth,c04f72c1-d8b9-4a42-87a9-61646b4d8748,2025-09-03 00:00:00.000,
c90c9a48-be33-455a-a0d3-d62d5378eade.binning_data.json,2025-09-06 03:00:08.207,2025-09-04 03:00:05.368,com.sec.android.app.shealth,102,2843,1.4044412,2192.76,183.67,hriiVjEkYE,com.sec.android.app.shealth,c90c9a48-be33-455a-a0d3-d62d5378eade,2025-09-03 00:00:00.000,
47d81289-a09d-4542-97b5-105db39fc036.binning_data.json,2025-09-05 02:55:01.574,2025-09-04 10:40:43.542,com.sec.android.app.shealth,-2,4554,1.2635989,3403.74,138.87,VfS0qUERdZ,com.sec.android.app.shealth,47d81289-a09d-4542-97b5-105db39fc036,2025-09-04 00:00:00.000,
e7aa536a-96b1-4ec6-9d81-aa9481e927ff.binning_data.json,2025-09-05 03:00:04.306,2025-09-05 03:00:04.306,com.sec.android.app.shealth,0,4554,1.2635989,3403.74,138.87,487mnSNu6t,com.sec.android.app.shealth,e7aa536a-96b1-4ec6-9d81-aa9481e927ff,2025-09-04 00:00:00.000,
d4883611-d4d1-4bf8-b5b9-762a540dce66.binning_data.json,2025-09-06 02:53:20.952,2025-09-05 11:25:37.325,com.sec.android.app.shealth,-2,1360,1.2688583,1017.01,42.43,VfS0qUERdZ,com.sec.android.app.shealth,d4883611-d4d1-4bf8-b5b9-762a540dce66,2025-09-05 00:00:00.000,
7a353ea5-5183-42ab-a093-95da93720755.binning_data.json,2025-09-06 03:00:06.518,2025-09-06 03:00:06.518,com.sec.android.app.shealth,0,1360,1.2688583,1017.01,42.43,487mnSNu6t,com.sec.android.app.shealth,7a353ea5-5183-42ab-a093-95da93720755,2025-09-05 00:00:00.000,
31343f84-4f1b-45e3-ae4f-854065ba4e7d.binning_data.json,2025-09-07 03:41:18.162,2025-09-06 14:15:06.910,com.sec.android.app.shealth,-2,1822,1.2561996,1361.62,70.11,VfS0qUERdZ,com.sec.android.app.shealth,31343f84-4f1b-45e3-ae4f-854065ba4e7d,2025-09-06 00:00:00.000,
a03b9434-dfbb-46b8-b147-825d317ac052.binning_data.json,2025-09-07 03:00:21.564,2025-09-07 03:00:21.564,com.sec.android.app.shealth,0,1444,1.2614797,1078.79,45.15,487mnSNu6t,com.sec.android.app.shealth,a03b9434-dfbb-46b8-b147-825d317ac052,2025-09-06 00:00:00.000,
48c642f6-b726-4bea-99a8-976a958a91cd.binning_data.json,2025-09-08 03:00:51.367,2025-09-07 03:00:24.257,com.sec.android.app.shealth,102,470,1.2577808,353.34,28.800001,hriiVjEkYE,com.sec.android.app.shealth,48c642f6-b726-4bea-99a8-976a958a91cd,2025-09-06 00:00:00.000,
145c1e33-2f45-4ae6-a4ba-27655d6d7e29.binning_data.json,2025-09-10 02:56:40.340,2025-09-07 03:41:17.863,com.sec.android.app.shealth,-2,1759,1.5159949,1394.89,104.04,VfS0qUERdZ,com.sec.android.app.shealth,145c1e33-2f45-4ae6-a4ba-27655d6d7e29,2025-09-07 00:00:00.000,
6d0b11a2-8011-438e-84cc-e1e6ca05b56f.binning_data.json,2025-09-08 03:00:13.363,2025-09-08 03:00:13.363,com.sec.android.app.shealth,0,835,1.2187629,620.0,26.27,487mnSNu6t,com.sec.android.app.shealth,6d0b11a2-8011-438e-84cc-e1e6ca05b56f,2025-09-07 00:00:00.000,
6a3d58a1-b66e-4217-a822-d6db0a406fc8.binning_data.json,2025-09-10 03:00:04.791,2025-09-08 03:00:51.388,com.sec.android.app.shealth,102,1138,1.7152021,932.37,87.6,hriiVjEkYE,com.sec.android.app.shealth,6a3d58a1-b66e-4217-a822-d6db0a406fc8,2025-09-07 00:00:00.000,
8b77ad5e-9dd6-4dab-a7c6-c06f1d4e3a2c.binning_data.json,2025-09-09 00:19:29.722,2025-09-08 03:54:00.507,com.sec.android.app.shealth,-2,3171,1.2880899,2377.8599,97.58999,VfS0qUERdZ,com.sec.android.app.shealth,8b77ad5e-9dd6-4dab-a7c6-c06f1d4e3a2c,2025-09-08 00:00:00.000,
4329da63-7c75-48cb-b40c-65970311bd18.binning_data.json,2025-09-09 03:00:21.729,2025-09-09 03:00:21.729,com.sec.android.app.shealth,0,3171,1.2880899,2377.8599,97.58999,487mnSNu6t,com.sec.android.app.shealth,4329da63-7c75-48cb-b40c-65970311bd18,2025-09-08 00:00:00.000,
bfbabf9d-c86f-4af2-915a-96c09c366073.binning_data.json,2025-09-10 02:56:40.198,2025-09-09 10:02:03.253,com.sec.android.app.shealth,-2,610,1.182327,448.85,19.53,VfS0qUERdZ,com.sec.android.app.shealth,bfbabf9d-c86f-4af2-915a-96c09c366073,2025-09-09 00:00:00.000,
96cc2190-d178-4375-ab1e-61939b2b0609.binning_data.json,2025-09-10 03:00:03.449,2025-09-10 03:00:03.449,com.sec.android.app.shealth,0,598,1.1872141,440.46,18.83,487mnSNu6t,com.sec.android.app.shealth,96cc2190-d178-4375-ab1e-61939b2b0609,2025-09-09 00:00:00.000,
7c1fb9ae-3652-4bca-aa88-e09d1814d998.binning_data.json,2025-09-10 03:00:04.789,2025-09-10 03:00:04.789,com.sec.android.app.shealth,102,12,0.97222215,8.39,0.7,hriiVjEkYE,com.sec.android.app.shealth,7c1fb9ae-3652-4bca-aa88-e09d1814d998,2025-09-09 00:00:00.000,
b8fc49f0-8970-4a17-b399-9486d5fa724c.binning_data.json,2025-09-11 02:48:27.305,2025-09-10 11:31:20.673,com.sec.android.app.shealth,-2,6688,1.6387291,5323.73,407.6,VfS0qUERdZ,com.sec.android.app.shealth,b8fc49f0-8970-4a17-b399-9486d5fa724c,2025-09-10 00:00:00.000,
adae6ac9-8408-4ccc-acb1-b61432fc5f72.binning_data.json,2025-09-11 03:00:09.527,2025-09-11 03:00:09.527,com.sec.android.app.shealth,0,4079,1.4787644,3184.16,228.07999,487mnSNu6t,com.sec.android.app.shealth,adae6ac9-8408-4ccc-acb1-b61432fc5f72,2025-09-10 00:00:00.000,
689a6fcd-890f-4218-be9b-fb2b9869c662.binning_data.json,2025-09-11 03:00:11.991,2025-09-11 03:00:11.991,com.sec.android.app.shealth,102,6482,1.6506233,5153.2603,386.76,hriiVjEkYE,com.sec.android.app.shealth,689a6fcd-890f-4218-be9b-fb2b9869c662,2025-09-10 00:00:00.000,
2210529f-8c38-4a3b-8b81-cc50746c3c3a.binning_data.json,2025-09-12 01:16:16.784,2025-09-11 03:11:00.343,com.sec.android.app.shealth,-2,4402,1.2647034,3348.5,261.48,VfS0qUERdZ,com.sec.android.app.shealth,2210529f-8c38-4a3b-8b81-cc50746c3c3a,2025-09-11 00:00:00.000,
9985cbfb-8ae6-4b27-b3d7-f52ed7fc51bb.binning_data.json,2025-09-12 03:00:01.236,2025-09-12 03:00:01.236,com.sec.android.app.shealth,0,4402,1.2647034,3348.5,261.48,487mnSNu6t,com.sec.android.app.shealth,9985cbfb-8ae6-4b27-b3d7-f52ed7fc51bb,2025-09-11 00:00:00.000,
1e3821be-7079-40f1-b8f3-f2cd68a1a517.binning_data.json,2025-09-13 02:19:32.320,2025-09-12 03:16:36.044,com.sec.android.app.shealth,-2,3607,1.3019658,2756.14,214.24,VfS0qUERdZ,com.sec.android.app.shealth,1e3821be-7079-40f1-b8f3-f2cd68a1a517,2025-09-12 00:00:00.000,
384776ed-0a02-4cd9-ba66-bb1c87f0bc86.binning_data.json,2025-09-13 03:00:26.668,2025-09-13 03:00:26.668,com.sec.android.app.shealth,0,3607,1.3019658,2756.14,214.24,487mnSNu6t,com.sec.android.app.shealth,384776ed-0a02-4cd9-ba66-bb1c87f0bc86,2025-09-12 00:00:00.000,
9a94356a-303e-4cb0-946e-8604799bfdf2.binning_data.json,2025-09-14 14:09:00.203,2025-09-13 03:39:04.344,com.sec.android.app.shealth,-2,4418,1.5582345,3523.08,281.58,VfS0qUERdZ,com.sec.android.app.shealth,9a94356a-303e-4cb0-946e-8604799bfdf2,2025-09-13 00:00:00.000,
639b7ce9-8de7-4c20-84f2-ad47b729757c.binning_data.json,2025-09-14 03:07:18.373,2025-09-14 03:07:18.373,com.sec.android.app.shealth,0,1316,1.1872723,988.17,77.3,487mnSNu6t,com.sec.android.app.shealth,639b7ce9-8de7-4c20-84f2-ad47b729757c,2025-09-13 00:00:00.000,
dc744e17-e3be-4e2d-a31b-0299aba76321.binning_data.json,2025-09-15 03:00:26.031,2025-09-14 03:07:31.478,com.sec.android.app.shealth,102,4256,1.5875777,3402.26,269.84,hriiVjEkYE,com.sec.android.app.shealth,dc744e17-e3be-4e2d-a31b-0299aba76321,2025-09-13 00:00:00.000,
9da2fa78-872b-4c25-8966-60b26edbd180.binning_data.json,2025-09-15 00:21:47.272,2025-09-14 03:16:52.208,com.sec.android.app.shealth,-2,965,1.4440129,754.14,60.85,VfS0qUERdZ,com.sec.android.app.shealth,9da2fa78-872b-4c25-8966-60b26edbd180,2025-09-14 00:00:00.000,
771b4096-bb8f-4add-8aba-74d7af79c895.binning_data.json,2025-09-15 03:00:24.319,2025-09-15 03:00:24.319,com.sec.android.app.shealth,0,100,1.1186931,74.35,5.81,487mnSNu6t,com.sec.android.app.shealth,771b4096-bb8f-4add-8aba-74d7af79c895,2025-09-14 00:00:00.000,
540a99a1-576c-44fa-a213-02155d189dc6.binning_data.json,2025-09-15 03:00:26.028,2025-09-15 03:00:26.028,com.sec.android.app.shealth,102,914,1.4638939,715.64996,57.8,hriiVjEkYE,com.sec.android.app.shealth,540a99a1-576c-44fa-a213-02155d189dc6,2025-09-14 00:00:00.000,
8a2246a2-e7bc-4408-b096-63843cf4317f.binning_data.json,2025-09-16 10:03:41.797,2025-09-15 11:21:10.744,com.sec.android.app.shealth,-2,1918,1.5377244,1528.39,132.08,VfS0qUERdZ,com.sec.android.app.shealth,8a2246a2-e7bc-4408-b096-63843cf4317f,2025-09-15 00:00:00.000,
821538e9-9778-4608-8171-735d91334cbe.binning_data.json,2025-09-16 03:00:05.302,2025-09-16 03:00:05.302,com.sec.android.app.shealth,0,813,1.2376181,613.8,47.739998,487mnSNu6t,com.sec.android.app.shealth,821538e9-9778-4608-8171-735d91334cbe,2025-09-15 00:00:00.000,
3591cb68-a5a0-4135-b715-fa083c8fe611.binning_data.json,2025-09-17 03:00:12.927,2025-09-16 03:00:07.039,com.sec.android.app.shealth,102,1515,1.636384,1222.75,108.03,hriiVjEkYE,com.sec.android.app.shealth,3591cb68-a5a0-4135-b715-fa083c8fe611,2025-09-15 00:00:00.000,
7c1c96eb-77ed-4473-920a-f082a596170f.binning_data.json,2025-09-17 10:11:35.362,2025-09-16 10:03:41.581,com.sec.android.app.shealth,-2,6621,1.5155829,5175.03,353.00998,VfS0qUERdZ,com.sec.android.app.shealth,7c1c96eb-77ed-4473-920a-f082a596170f,2025-09-16 00:00:00.000,
5eb2bf0b-46c5-415e-a875-c4fb109f325c.binning_data.json,2025-09-17 03:04:20.810,2025-09-17 03:00:04.948,com.sec.android.app.shealth,0,3128,1.3818282,2387.9,126.69999,487mnSNu6t,com.sec.android.app.shealth,5eb2bf0b-46c5-415e-a875-c4fb109f325c,2025-09-16 00:00:00.000,
03fb6166-39bb-4675-bf16-4f070a39a325.binning_data.json,2025-09-17 03:00:12.946,2025-09-17 03:00:12.946,com.sec.android.app.shealth,102,6343,1.5366637,4979.15,373.74,hriiVjEkYE,com.sec.android.app.shealth,03fb6166-39bb-4675-bf16-4f070a39a325,2025-09-16 00:00:00.000,
ccb10c24-035c-4599-81d0-ccfb19849d95.binning_data.json,2025-09-18 10:31:32.429,2025-09-17 10:11:35.268,com.sec.android.app.shealth,-2,5496,1.3278222,4170.03,294.55,VfS0qUERdZ,com.sec.android.app.shealth,ccb10c24-035c-4599-81d0-ccfb19849d95,2025-09-17 00:00:00.000,
9e69740e-6433-4a53-83c1-d861463fd852.binning_data.json,2025-09-18 03:00:09.545,2025-09-18 03:00:09.545,com.sec.android.app.shealth,0,4338,1.2413633,3243.29,169.81,487mnSNu6t,com.sec.android.app.shealth,9e69740e-6433-4a53-83c1-d861463fd852,2025-09-17 00:00:00.000,
bc9d49b9-0ba1-42e3-bcba-3cca5feb5b68.binning_data.json,2025-09-19 03:00:09.288,2025-09-18 03:00:19.746,com.sec.android.app.shealth,102,5257,1.3500482,4000.19,325.44,hriiVjEkYE,com.sec.android.app.shealth,bc9d49b9-0ba1-42e3-bcba-3cca5feb5b68,2025-09-17 00:00:00.000,
98055612-fee8-41ec-bfe0-78db9b9ad367.binning_data.json,2025-09-19 10:41:59.752,2025-09-18 10:31:31.982,com.sec.android.app.shealth,-2,6715,1.4216795,5209.31,418.48,VfS0qUERdZ,com.sec.android.app.shealth,98055612-fee8-41ec-bfe0-78db9b9ad367,2025-09-18 00:00:00.000,
44004b9a-8fe0-47c0-b77b-e4dce9c980fb.binning_data.json,2025-09-19 03:00:03.929,2025-09-19 03:00:03.929,com.sec.android.app.shealth,0,4977,1.3098896,3797.02,296.06,487mnSNu6t,com.sec.android.app.shealth,44004b9a-8fe0-47c0-b77b-e4dce9c980fb,2025-09-18 00:00:00.000,
174a5902-f551-437c-b4c2-ce489dd2a26b.binning_data.json,2025-09-20 03:00:07.069,2025-09-19 03:00:09.282,com.sec.android.app.shealth,102,6347,1.4441695,4927.36,395.94,hriiVjEkYE,com.sec.android.app.shealth,174a5902-f551-437c-b4c2-ce489dd2a26b,2025-09-18 00:00:00.000,
1eda0876-104b-42f7-8965-e3eb7ccf916c.binning_data.json,2025-09-20 02:10:03.508,2025-09-19 10:41:59.598,com.sec.android.app.shealth,-2,3734,1.2815775,2820.64,221.70999,VfS0qUERdZ,com.sec.android.app.shealth,1eda0876-104b-42f7-8965-e3eb7ccf916c,2025-09-19 00:00:00.000,
34971ae8-368e-4663-89a4-14636e092057.binning_data.json,2025-09-20 03:00:03.978,2025-09-20 03:00:03.978,com.sec.android.app.shealth,0,3212,1.2543597,2431.68,190.54,487mnSNu6t,com.sec.android.app.shealth,34971ae8-368e-4663-89a4-14636e092057,2025-09-19 00:00:00.000,
7ae1c3a5-b87c-4eac-82d3-dc10809dca32.binning_data.json,2025-09-23 03:00:05.880,2025-09-20 03:00:07.062,com.sec.android.app.shealth,102,2472,1.300747,1859.84,146.95,hriiVjEkYE,com.sec.android.app.shealth,7ae1c3a5-b87c-4eac-82d3-dc10809dca32,2025-09-19 00:00:00.000,
b54c1e3b-afaa-4e40-9730-227119780bb2.binning_data.json,2025-09-21 02:51:14.465,2025-09-20 14:25:29.537,com.sec.android.app.shealth,-2,1177,1.1974096,884.62,69.52,VfS0qUERdZ,com.sec.android.app.shealth,b54c1e3b-afaa-4e40-9730-227119780bb2,2025-09-20 00:00:00.000,
2cf4678b-5308-474f-86ca-9fba56938e62.binning_data.json,2025-09-21 03:00:07.334,2025-09-21 03:00:07.334,com.sec.android.app.shealth,0,1177,1.1974096,884.62,69.52,487mnSNu6t,com.sec.android.app.shealth,2cf4678b-5308-474f-86ca-9fba56938e62,2025-09-20 00:00:00.000,
98af1da1-93ec-4062-ad00-9c21cffc7281.binning_data.json,2025-09-22 01:55:39.610,2025-09-21 03:22:31.470,com.sec.android.app.shealth,-2,1089,1.2606373,826.63,63.48,VfS0qUERdZ,com.sec.android.app.shealth,98af1da1-93ec-4062-ad00-9c21cffc7281,2025-09-21 00:00:00.000,
1c37f66a-0d4b-4c06-ac64-c8bbc2909a26.binning_data.json,2025-09-22 03:05:41.049,2025-09-22 03:05:41.049,com.sec.android.app.shealth,0,1089,1.2606373,826.63,63.48,487mnSNu6t,com.sec.android.app.shealth,1c37f66a-0d4b-4c06-ac64-c8bbc2909a26,2025-09-21 00:00:00.000,
c7d8db9d-c999-4a83-91e3-8bfc46a04415.binning_data.json,2025-09-23 02:24:38.760,2025-09-22 11:05:33.242,com.sec.android.app.shealth,-2,1103,1.3029985,840.09,61.82,VfS0qUERdZ,com.sec.android.app.shealth,c7d8db9d-c999-4a83-91e3-8bfc46a04415,2025-09-22 00:00:00.000,
11538cda-d5d7-482d-83fa-80a0037cb4ea.binning_data.json,2025-09-23 03:00:03.816,2025-09-23 03:00:03.816,com.sec.android.app.shealth,0,1103,1.3029985,840.09,61.82,487mnSNu6t,com.sec.android.app.shealth,11538cda-d5d7-482d-83fa-80a0037cb4ea,2025-09-22 00:00:00.000,
72245292-ae8b-4622-9169-2a5b8c99caf3.binning_data.json,2025-09-24 14:55:05.984,2025-09-23 10:04:48.975,com.sec.android.app.shealth,-2,8258,1.4177555,6362.0996,405.09,VfS0qUERdZ,com.sec.android.app.shealth,72245292-ae8b-4622-9169-2a5b8c99caf3,2025-09-23 00:00:00.000,
0cebfe74-239e-4bae-b493-1fc2c6db09bf.binning_data.json,2025-09-24 03:00:26.331,2025-09-24 03:00:26.331,com.sec.android.app.shealth,0,4932,1.3252047,3717.7698,151.77998,487mnSNu6t,com.sec.android.app.shealth,0cebfe74-239e-4bae-b493-1fc2c6db09bf,2025-09-23 00:00:00.000,
7feb48b6-3ce3-4451-a048-f3bad79e1137.binning_data.json,2025-09-25 03:00:40.317,2025-09-24 03:00:55.843,com.sec.android.app.shealth,102,7786,1.4432242,6038.89,467.61,hriiVjEkYE,com.sec.android.app.shealth,7feb48b6-3ce3-4451-a048-f3bad79e1137,2025-09-23 00:00:00.000,
60fdb950-a9f4-42b7-836d-d2d829a0d90f.binning_data.json,2025-09-25 10:44:13.491,2025-09-24 10:50:52.895,com.sec.android.app.shealth,-2,5351,1.4409674,4157.74,273.2,VfS0qUERdZ,com.sec.android.app.shealth,60fdb950-a9f4-42b7-836d-d2d829a0d90f,2025-09-24 00:00:00.000,
f2a9b5b0-0f54-49f7-b524-5f90a7404a75.binning_data.json,2025-09-25 03:00:38.122,2025-09-25 03:00:38.122,com.sec.android.app.shealth,0,3772,1.2582554,2812.11,117.42,487mnSNu6t,com.sec.android.app.shealth,f2a9b5b0-0f54-49f7-b524-5f90a7404a75,2025-09-24 00:00:00.000,
668403db-c91c-4d5b-8eb4-9aad596724f2.binning_data.json,2025-09-26 03:00:08.765,2025-09-25 03:00:40.332,com.sec.android.app.shealth,102,4221,1.4927157,3321.83,278.16,hriiVjEkYE,com.sec.android.app.shealth,668403db-c91c-4d5b-8eb4-9aad596724f2,2025-09-24 00:00:00.000,
6aa1a9d6-1ebc-4867-8d4b-d099903ea80a.binning_data.json,2025-09-26 10:22:02.354,2025-09-25 10:44:13.394,com.sec.android.app.shealth,-2,4083,1.3900175,3143.24,222.28,VfS0qUERdZ,com.sec.android.app.shealth,6aa1a9d6-1ebc-4867-8d4b-d099903ea80a,2025-09-25 00:00:00.000,
e1bfadd9-1d94-4341-a161-381d89075d10.binning_data.json,2025-09-26 03:00:06.983,2025-09-26 03:00:06.983,com.sec.android.app.shealth,0,3130,1.2546154,2346.0,115.75,487mnSNu6t,com.sec.android.app.shealth,e1bfadd9-1d94-4341-a161-381d89075d10,2025-09-25 00:00:00.000,
35a3457d-38ea-49c4-9ae0-cda438e820f4.binning_data.json,2025-09-27 03:00:30.182,2025-09-26 03:00:08.762,com.sec.android.app.shealth,102,3776,1.4349619,2925.23,239.92,hriiVjEkYE,com.sec.android.app.shealth,35a3457d-38ea-49c4-9ae0-cda438e820f4,2025-09-25 00:00:00.000,
14d6c60d-c481-435a-95ba-4b8c59fdcb8f.binning_data.json,2025-09-27 21:31:23.238,2025-09-26 10:22:02.142,com.sec.android.app.shealth,-2,3920,1.2638731,2953.68,180.31,VfS0qUERdZ,com.sec.android.app.shealth,14d6c60d-c481-435a-95ba-4b8c59fdcb8f,2025-09-26 00:00:00.000,
01f91a8c-44ee-4c90-ac8f-d66177994187.binning_data.json,2025-09-27 03:00:27.240,2025-09-27 03:00:27.240,com.sec.android.app.shealth,0,3621,1.2361447,2711.93,154.38,487mnSNu6t,com.sec.android.app.shealth,01f91a8c-44ee-4c90-ac8f-d66177994187,2025-09-26 00:00:00.000,
28f1d35d-b748-4a1d-b598-e56defb4e5a7.binning_data.json,2025-09-28 03:00:05.321,2025-09-27 03:00:30.179,com.sec.android.app.shealth,102,995,1.3798122,761.84,63.3,hriiVjEkYE,com.sec.android.app.shealth,28f1d35d-b748-4a1d-b598-e56defb4e5a7,2025-09-26 00:00:00.000,
50b69732-df02-43a3-80e9-65c39c89aaec.binning_data.json,2025-09-28 05:05:45.348,2025-09-27 14:03:46.271,com.sec.android.app.shealth,-2,1634,1.302086,1241.38,91.979996,VfS0qUERdZ,com.sec.android.app.shealth,50b69732-df02-43a3-80e9-65c39c89aaec,2025-09-27 00:00:00.000,
db520ad3-6989-41ae-b7d5-4eb8e2a5ae96.binning_data.json,2025-09-28 03:00:03.756,2025-09-28 03:00:03.756,com.sec.android.app.shealth,0,1221,1.2438936,918.0,62.6,487mnSNu6t,com.sec.android.app.shealth,db520ad3-6989-41ae-b7d5-4eb8e2a5ae96,2025-09-27 00:00:00.000,
3d2b8040-0cc1-48ba-94fb-2b990c0def31.binning_data.json,2025-09-29 03:01:03.763,2025-09-28 03:00:05.317,com.sec.android.app.shealth,102,601,1.3407015,459.49,37.1,hriiVjEkYE,com.sec.android.app.shealth,3d2b8040-0cc1-48ba-94fb-2b990c0def31,2025-09-27 00:00:00.000,
ed573a37-60b9-48b3-a1df-2aa4d24ddcd7.binning_data.json,2025-09-29 03:02:56.632,2025-09-28 04:05:03.080,com.sec.android.app.shealth,-2,2298,1.5693382,1842.88,148.11,VfS0qUERdZ,com.sec.android.app.shealth,ed573a37-60b9-48b3-a1df-2aa4d24ddcd7,2025-09-28 00:00:00.000,
ea49596c-7b11-43a8-a9ec-c636022f12e3.binning_data.json,2025-09-29 03:00:52.716,2025-09-29 03:00:52.716,com.sec.android.app.shealth,0,758,1.2052897,563.73,23.91,487mnSNu6t,com.sec.android.app.shealth,ea49596c-7b11-43a8-a9ec-c636022f12e3,2025-09-28 00:00:00.000,
a8a64209-c810-4a81-b320-b5793dd863f4.binning_data.json,2025-09-30 03:00:34.839,2025-09-29 03:01:03.782,com.sec.android.app.shealth,102,2098,1.6209743,1694.5,150.78,hriiVjEkYE,com.sec.android.app.shealth,a8a64209-c810-4a81-b320-b5793dd863f4,2025-09-28 00:00:00.000,
9c5e858c-6e6c-4c31-8e65-9765a206ea69.binning_data.json,2025-09-30 09:46:58.668,2025-09-29 10:23:53.235,com.sec.android.app.shealth,-2,3689,1.3281169,2794.15,162.16,VfS0qUERdZ,com.sec.android.app.shealth,9c5e858c-6e6c-4c31-8e65-9765a206ea69,2025-09-29 00:00:00.000,
343e8732-e444-45f3-bb1e-423bd06ea3fe.binning_data.json,2025-09-30 03:00:14.336,2025-09-30 03:00:14.336,com.sec.android.app.shealth,0,3166,1.2519,2362.33,96.83,487mnSNu6t,com.sec.android.app.shealth,343e8732-e444-45f3-bb1e-423bd06ea3fe,2025-09-29 00:00:00.000,
03deefb0-1dee-4752-b8f1-6429cb05c275.binning_data.json,2025-10-01 03:00:12.961,2025-09-30 03:00:34.834,com.sec.android.app.shealth,102,2433,1.3544785,1856.76,152.38,hriiVjEkYE,com.sec.android.app.shealth,03deefb0-1dee-4752-b8f1-6429cb05c275,2025-09-29 00:00:00.000,
ee83a738-c752-4f68-a71f-76e998bd1249.binning_data.json,2025-10-01 10:40:54.260,2025-09-30 09:46:58.503,com.sec.android.app.shealth,-2,1194,1.3301017,901.92,49.579998,VfS0qUERdZ,com.sec.android.app.shealth,ee83a738-c752-4f68-a71f-76e998bd1249,2025-09-30 00:00:00.000,
ca951890-c60c-4a5f-b8a6-db54d8f77095.binning_data.json,2025-10-01 03:00:11.298,2025-10-01 03:00:11.298,com.sec.android.app.shealth,0,878,1.2337663,653.5,27.68,487mnSNu6t,com.sec.android.app.shealth,ca951890-c60c-4a5f-b8a6-db54d8f77095,2025-09-30 00:00:00.000,
69c672c5-59e6-4c9b-ae88-da2f44f15fa0.binning_data.json,2025-10-02 03:00:13.081,2025-10-01 03:00:12.959,com.sec.android.app.shealth,102,487,1.4906368,375.41,31.63,hriiVjEkYE,com.sec.android.app.shealth,69c672c5-59e6-4c9b-ae88-da2f44f15fa0,2025-09-30 00:00:00.000,
b2cd8c65-b1e5-4b00-abeb-9e13a63d8a67.binning_data.json,2025-10-02 21:50:45.648,2025-10-01 10:40:59.076,com.sec.android.app.shealth,-2,5468,1.3763292,4191.13,296.09,VfS0qUERdZ,com.sec.android.app.shealth,b2cd8c65-b1e5-4b00-abeb-9e13a63d8a67,2025-10-01 00:00:00.000,
7274710b-ef4d-4f07-814e-4c6718d6cf91.binning_data.json,2025-10-02 03:00:11.071,2025-10-02 03:00:11.071,com.sec.android.app.shealth,0,3688,1.2591143,2758.03,112.67,487mnSNu6t,com.sec.android.app.shealth,7274710b-ef4d-4f07-814e-4c6718d6cf91,2025-10-01 00:00:00.000,
37212872-38c8-41d8-9ed2-6cc99820074d.binning_data.json,2025-10-03 03:00:06.547,2025-10-02 03:00:13.019,com.sec.android.app.shealth,102,5252,1.3896396,4036.33,321.71,hriiVjEkYE,com.sec.android.app.shealth,37212872-38c8-41d8-9ed2-6cc99820074d,2025-10-01 00:00:00.000,
f30c7e50-9775-41a2-a5df-d6c74c30f0e0.binning_data.json,2025-10-03 02:40:32.251,2025-10-02 10:53:03.499,com.sec.android.app.shealth,-2,4091,1.3991358,3149.31,195.98999,VfS0qUERdZ,com.sec.android.app.shealth,f30c7e50-9775-41a2-a5df-d6c74c30f0e0,2025-10-02 00:00:00.000,
37febe28-d731-4855-97a9-8ee22e804860.binning_data.json,2025-10-03 03:00:03.970,2025-10-03 03:00:03.970,com.sec.android.app.shealth,0,2352,1.253723,1757.12,73.399994,487mnSNu6t,com.sec.android.app.shealth,37febe28-d731-4855-97a9-8ee22e804860,2025-10-02 00:00:00.000,
96b3d2de-7538-4410-809a-967a647765e5.binning_data.json,2025-10-03 03:00:06.562,2025-10-03 03:00:06.562,com.sec.android.app.shealth,102,2658,1.5076714,2084.28,160.31,hriiVjEkYE,com.sec.android.app.shealth,96b3d2de-7538-4410-809a-967a647765e5,2025-10-02 00:00:00.000,
3385f106-021d-4e52-ad8d-d5a6ddb11015.binning_data.json,2025-10-04 23:10:40.958,2025-10-03 10:47:50.647,com.sec.android.app.shealth,-2,7263,1.3671056,5567.68,398.99,VfS0qUERdZ,com.sec.android.app.shealth,3385f106-021d-4e52-ad8d-d5a6ddb11015,2025-10-03 00:00:00.000,
b10b1dbb-0be9-4aea-8f1d-927afaa62117.binning_data.json,2025-10-04 03:16:13.059,2025-10-04 03:00:13.619,com.sec.android.app.shealth,0,5367,1.2780069,4056.65,259.00998,487mnSNu6t,com.sec.android.app.shealth,b10b1dbb-0be9-4aea-8f1d-927afaa62117,2025-10-03 00:00:00.000,
15d0e84c-0f7a-4980-acae-c4f97d81c2d8.binning_data.json,2025-10-05 03:00:08.914,2025-10-04 03:00:15.748,com.sec.android.app.shealth,102,6604,1.3790745,5062.94,399.6,hriiVjEkYE,com.sec.android.app.shealth,15d0e84c-0f7a-4980-acae-c4f97d81c2d8,2025-10-03 00:00:00.000,
bc7b27ef-a602-4b99-b4e0-6577cea42709.binning_data.json,2025-10-05 13:46:46.943,2025-10-04 12:55:49.293,com.sec.android.app.shealth,-2,2081,1.461879,1642.4299,135.62999,VfS0qUERdZ,com.sec.android.app.shealth,bc7b27ef-a602-4b99-b4e0-6577cea42709,2025-10-04 00:00:00.000,
d9fbd31e-f916-4eb3-bf57-b381b76cc0dd.binning_data.json,2025-10-05 03:00:05.912,2025-10-05 03:00:05.912,com.sec.android.app.shealth,0,1539,1.2837592,1171.0,89.99,487mnSNu6t,com.sec.android.app.shealth,d9fbd31e-f916-4eb3-bf57-b381b76cc0dd,2025-10-04 00:00:00.000,
d8f7cb1b-b74b-4703-bd96-d05b55ec6f47.binning_data.json,2025-10-06 03:17:40.830,2025-10-05 03:00:08.859,com.sec.android.app.shealth,102,684,1.9568379,578.5,53.8,hriiVjEkYE,com.sec.android.app.shealth,d8f7cb1b-b74b-4703-bd96-d05b55ec6f47,2025-10-04 00:00:00.000,
188ec674-a204-4ea5-a780-4a9e159f4e52.binning_data.json,2025-10-06 11:25:27.973,2025-10-05 03:06:39.579,com.sec.android.app.shealth,-2,2925,1.4253111,2277.69,186.84,VfS0qUERdZ,com.sec.android.app.shealth,188ec674-a204-4ea5-a780-4a9e159f4e52,2025-10-05 00:00:00.000,
0ab72120-e9f1-47df-a8ac-87670c494acc.binning_data.json,2025-10-07 01:54:36.086,2025-10-06 03:17:39.560,com.sec.android.app.shealth,-2,3883,1.4464306,3044.7,248.47,VfS0qUERdZ,com.sec.android.app.shealth,0ab72120-e9f1-47df-a8ac-87670c494acc,2025-10-06 00:00:00.000,
d1c137cd-a107-4c3b-b2d6-27c65c2fe4f8.binning_data.json,2025-10-07 03:00:11.893,2025-10-06 03:17:39.880,com.sec.android.app.shealth,0,1797,1.2376828,1358.72,105.509995,487mnSNu6t,com.sec.android.app.shealth,d1c137cd-a107-4c3b-b2d6-27c65c2fe4f8,2025-10-06 00:00:00.000,
08fe3437-4ba7-4219-a187-ac5ed764424f.binning_data.json,2025-10-06 03:17:39.920,2025-10-06 03:17:39.920,com.sec.android.app.shealth,0,723,1.1736377,541.27,42.3,487mnSNu6t,com.sec.android.app.shealth,08fe3437-4ba7-4219-a187-ac5ed764424f,2025-10-05 00:00:00.000,
2e2e4e13-d659-4b2a-a5f3-be3152eea97c.binning_data.json,2025-10-07 03:00:42.830,2025-10-06 03:17:40.827,com.sec.android.app.shealth,102,2796,1.4400022,2179.66,179.7,hriiVjEkYE,com.sec.android.app.shealth,2e2e4e13-d659-4b2a-a5f3-be3152eea97c,2025-10-05 00:00:00.000,
e9a7361e-aedd-4fb6-ad52-71776331ba12.binning_data.json,2025-10-07 03:00:42.825,2025-10-07 03:00:42.825,com.sec.android.app.shealth,102,2844,1.5490357,2258.23,187.5,hriiVjEkYE,com.sec.android.app.shealth,e9a7361e-aedd-4fb6-ad52-71776331ba12,2025-10-06 00:00:00.000,
1575f36f-f84f-4ad8-a6dd-01b47033be4c.binning_data.json,2025-10-08 22:24:33.827,2025-10-07 10:01:59.713,com.sec.android.app.shealth,-2,3824,1.3283604,2911.69,202.46,VfS0qUERdZ,com.sec.android.app.shealth,1575f36f-f84f-4ad8-a6dd-01b47033be4c,2025-10-07 00:00:00.000,
18a67c30-f8ee-4c17-9338-9613686ec7b8.binning_data.json,2025-10-08 03:00:06.191,2025-10-08 03:00:06.191,com.sec.android.app.shealth,0,2023,1.2267419,1511.26,81.409996,487mnSNu6t,com.sec.android.app.shealth,18a67c30-f8ee-4c17-9338-9613686ec7b8,2025-10-07 00:00:00.000,
09b9f418-560f-42a8-96a8-1df2b1269d6a.binning_data.json,2025-10-09 03:00:08.423,2025-10-08 03:00:08.791,com.sec.android.app.shealth,102,2899,1.3800762,2223.65,168.94,hriiVjEkYE,com.sec.android.app.shealth,09b9f418-560f-42a8-96a8-1df2b1269d6a,2025-10-07 00:00:00.000,
8b2c90cb-c281-4aa8-b4e5-042b0d673438.binning_data.json,2025-10-09 10:34:25.524,2025-10-08 13:12:42.623,com.sec.android.app.shealth,-2,3834,1.369573,2939.28,204.86,VfS0qUERdZ,com.sec.android.app.shealth,8b2c90cb-c281-4aa8-b4e5-042b0d673438,2025-10-08 00:00:00.000,
1ccd73c7-4a17-41d6-bfc6-a1a829201826.binning_data.json,2025-10-09 03:00:05.699,2025-10-09 03:00:05.699,com.sec.android.app.shealth,0,1813,1.2363619,1363.37,92.07,487mnSNu6t,com.sec.android.app.shealth,1ccd73c7-4a17-41d6-bfc6-a1a829201826,2025-10-08 00:00:00.000,
fd77ee40-d6ac-4f8d-b42e-8447233b08aa.binning_data.json,2025-10-10 03:00:06.428,2025-10-09 03:00:08.420,com.sec.android.app.shealth,102,2989,1.4163631,2304.29,167.34,hriiVjEkYE,com.sec.android.app.shealth,fd77ee40-d6ac-4f8d-b42e-8447233b08aa,2025-10-08 00:00:00.000,
79919a45-c05d-4e71-a0a1-0628fdc31a5e.binning_data.json,2025-10-10 10:48:12.394,2025-10-09 10:46:49.926,com.sec.android.app.shealth,-2,4971,1.3751628,3843.01,312.37,VfS0qUERdZ,com.sec.android.app.shealth,79919a45-c05d-4e71-a0a1-0628fdc31a5e,2025-10-09 00:00:00.000,
a0feb568-41c8-48e1-9acc-a615bea9deaf.binning_data.json,2025-10-10 03:00:04.703,2025-10-10 03:00:04.703,com.sec.android.app.shealth,0,3672,1.2658131,2787.35,217.55,487mnSNu6t,com.sec.android.app.shealth,a0feb568-41c8-48e1-9acc-a615bea9deaf,2025-10-09 00:00:00.000,
c0f0c732-53f6-42e8-bfac-c980424f00c5.binning_data.json,2025-10-11 03:00:02.846,2025-10-10 03:00:06.484,com.sec.android.app.shealth,102,4253,1.4247935,3296.97,271.43,hriiVjEkYE,com.sec.android.app.shealth,c0f0c732-53f6-42e8-bfac-c980424f00c5,2025-10-09 00:00:00.000,
d99d22fa-c6e1-406a-bba7-e154d4eaacc3.binning_data.json,2025-10-11 17:55:03.107,2025-10-10 10:48:12.237,com.sec.android.app.shealth,-2,4014,1.2636532,3044.27,239.06999,VfS0qUERdZ,com.sec.android.app.shealth,d99d22fa-c6e1-406a-bba7-e154d4eaacc3,2025-10-10 00:00:00.000,
e7fb3a94-941b-4dc9-b2ae-157dc9b28364.binning_data.json,2025-10-11 03:00:01.929,2025-10-11 03:00:01.929,com.sec.android.app.shealth,0,3944,1.2609216,2990.6199,234.45,487mnSNu6t,com.sec.android.app.shealth,e7fb3a94-941b-4dc9-b2ae-157dc9b28364,2025-10-10 00:00:00.000,
0b02ebb3-b73d-4b09-8e1f-62395ab2507d.binning_data.json,2025-10-12 03:00:06.202,2025-10-11 03:00:02.861,com.sec.android.app.shealth,102,147,1.4729899,113.94,9.25,hriiVjEkYE,com.sec.android.app.shealth,0b02ebb3-b73d-4b09-8e1f-62395ab2507d,2025-10-10 00:00:00.000,
a560c4e6-d3f6-42c1-b254-3ba5e2bf4973.binning_data.json,2025-10-12 10:11:02.230,2025-10-11 03:10:30.954,com.sec.android.app.shealth,-2,2436,1.316728,1870.75,144.38,VfS0qUERdZ,com.sec.android.app.shealth,a560c4e6-d3f6-42c1-b254-3ba5e2bf4973,2025-10-11 00:00:00.000,
caa417cb-451f-408a-ab22-d7de1a3a7596.binning_data.json,2025-10-12 03:00:04.496,2025-10-12 03:00:04.496,com.sec.android.app.shealth,0,1937,1.2949291,1489.13,115.51,487mnSNu6t,com.sec.android.app.shealth,caa417cb-451f-408a-ab22-d7de1a3a7596,2025-10-11 00:00:00.000,
af6f1b7b-a8fe-4746-a17b-e3c99fce4d8e.binning_data.json,2025-10-13 03:14:40.016,2025-10-12 03:00:06.200,com.sec.android.app.shealth,102,1029,1.3538731,784.83,58.92,hriiVjEkYE,com.sec.android.app.shealth,af6f1b7b-a8fe-4746-a17b-e3c99fce4d8e,2025-10-11 00:00:00.000,
96404399-117b-4cd1-8b6c-528d6ccaf90f.binning_data.json,2025-10-13 02:14:44.973,2025-10-12 10:11:01.512,com.sec.android.app.shealth,-2,2301,1.3145144,1749.77,139.55,VfS0qUERdZ,com.sec.android.app.shealth,96404399-117b-4cd1-8b6c-528d6ccaf90f,2025-10-12 00:00:00.000,
dd506cb4-f130-4ccd-ba85-d24743dea8cf.binning_data.json,2025-10-13 03:14:31.918,2025-10-13 03:14:31.918,com.sec.android.app.shealth,0,1118,1.2149822,843.95,65.32,487mnSNu6t,com.sec.android.app.shealth,dd506cb4-f130-4ccd-ba85-d24743dea8cf,2025-10-12 00:00:00.000,
8a9ef8d4-151e-49a4-b604-20a6e2c50338.binning_data.json,2025-10-13 03:14:40.065,2025-10-13 03:14:40.065,com.sec.android.app.shealth,102,1898,1.345568,1443.5,116.06,hriiVjEkYE,com.sec.android.app.shealth,8a9ef8d4-151e-49a4-b604-20a6e2c50338,2025-10-12 00:00:00.000,
83bc52a6-e603-4b41-8885-7c493a95aec4.binning_data.json,2025-10-14 01:43:33.742,2025-10-13 11:41:23.747,com.sec.android.app.shealth,-2,894,1.2815465,680.61,53.34,VfS0qUERdZ,com.sec.android.app.shealth,83bc52a6-e603-4b41-8885-7c493a95aec4,2025-10-13 00:00:00.000,
ce599978-e8a5-46dc-aeaf-d8af97431141.binning_data.json,2025-10-14 03:00:02.490,2025-10-14 03:00:02.490,com.sec.android.app.shealth,0,828,1.243612,626.34,48.47,487mnSNu6t,com.sec.android.app.shealth,ce599978-e8a5-46dc-aeaf-d8af97431141,2025-10-13 00:00:00.000,
226a73e6-c672-4d0c-9cfc-dc9dc47f757e.binning_data.json,2025-10-14 03:00:03.153,2025-10-14 03:00:03.153,com.sec.android.app.shealth,102,95,1.7077737,76.29,6.53,hriiVjEkYE,com.sec.android.app.shealth,226a73e6-c672-4d0c-9cfc-dc9dc47f757e,2025-10-13 00:00:00.000,
4b3337aa-e4bc-41d1-981e-1fb997977eba.binning_data.json,2025-10-15 02:43:55.974,2025-10-14 10:00:10.827,com.sec.android.app.shealth,-2,2777,1.331458,2130.55,170.7,VfS0qUERdZ,com.sec.android.app.shealth,4b3337aa-e4bc-41d1-981e-1fb997977eba,2025-10-14 00:00:00.000,
22b3593c-b336-4b44-b717-3c0ac3ac2344.binning_data.json,2025-10-15 03:00:05.831,2025-10-15 03:00:05.831,com.sec.android.app.shealth,0,2139,1.2815455,1625.72,124.72,487mnSNu6t,com.sec.android.app.shealth,22b3593c-b336-4b44-b717-3c0ac3ac2344,2025-10-14 00:00:00.000,
61759c3c-cf74-4be3-8511-ed30be1b20ec.binning_data.json,2025-10-15 03:00:07.748,2025-10-15 03:00:07.748,com.sec.android.app.shealth,102,1316,1.3744419,1015.96,85.049995,hriiVjEkYE,com.sec.android.app.shealth,61759c3c-cf74-4be3-8511-ed30be1b20ec,2025-10-14 00:00:00.000,
aca687d9-c015-40d2-a2fa-f986444c0a1f.binning_data.json,2025-10-16 04:33:50.694,2025-10-15 10:45:13.365,com.sec.android.app.shealth,-2,4371,1.2919459,3313.2,264.24,VfS0qUERdZ,com.sec.android.app.shealth,aca687d9-c015-40d2-a2fa-f986444c0a1f,2025-10-15 00:00:00.000,
e0569e42-9db2-42f0-8de4-bb7c268e198c.binning_data.json,2025-10-16 03:16:34.490,2025-10-16 03:00:16.729,com.sec.android.app.shealth,0,3441,1.2368152,2601.33,204.36,487mnSNu6t,com.sec.android.app.shealth,e0569e42-9db2-42f0-8de4-bb7c268e198c,2025-10-15 00:00:00.000,
3c44a59c-8cac-4837-ba7f-37d2b03f600a.binning_data.json,2025-10-17 03:00:05.666,2025-10-16 03:00:46.906,com.sec.android.app.shealth,102,4112,1.3187779,3109.67,249.04,hriiVjEkYE,com.sec.android.app.shealth,3c44a59c-8cac-4837-ba7f-37d2b03f600a,2025-10-15 00:00:00.000,
68b5c0dd-30d3-41e4-ac0d-ba0500859e09.binning_data.json,2025-10-18 17:22:31.999,2025-10-16 04:33:49.933,com.sec.android.app.shealth,-2,3602,1.3133856,2750.01,217.83,VfS0qUERdZ,com.sec.android.app.shealth,68b5c0dd-30d3-41e4-ac0d-ba0500859e09,2025-10-16 00:00:00.000,
2845fa90-7bcf-436e-9e29-1985314fe743.binning_data.json,2025-10-17 03:00:03.851,2025-10-17 03:00:03.851,com.sec.android.app.shealth,0,3489,1.3095797,2665.1,207.06,487mnSNu6t,com.sec.android.app.shealth,2845fa90-7bcf-436e-9e29-1985314fe743,2025-10-16 00:00:00.000,
3c3d73e0-1e98-4d65-9a72-534aecfc04ff.binning_data.json,2025-10-19 03:00:13.510,2025-10-17 03:00:05.662,com.sec.android.app.shealth,102,890,1.3592232,678.73,59.22,hriiVjEkYE,com.sec.android.app.shealth,3c3d73e0-1e98-4d65-9a72-534aecfc04ff,2025-10-16 00:00:00.000,
cd286003-92be-4bee-a02c-19ec2a574510.binning_data.json,2025-10-18 02:22:42.878,2025-10-17 03:18:54.557,com.sec.android.app.shealth,-2,3138,1.2805164,2386.9,186.0,VfS0qUERdZ,com.sec.android.app.shealth,cd286003-92be-4bee-a02c-19ec2a574510,2025-10-17 00:00:00.000,
6426c33f-1ee8-4450-a1a5-f7eacf314276.binning_data.json,2025-10-18 03:00:53.764,2025-10-18 03:00:53.764,com.sec.android.app.shealth,0,3138,1.2805164,2386.9,186.0,487mnSNu6t,com.sec.android.app.shealth,6426c33f-1ee8-4450-a1a5-f7eacf314276,2025-10-17 00:00:00.000,
60172b1b-1ab7-4383-8618-1ef946093aba.binning_data.json,2025-10-19 13:40:53.933,2025-10-18 04:16:08.976,com.sec.android.app.shealth,-2,2581,1.2978464,1964.42,150.65,VfS0qUERdZ,com.sec.android.app.shealth,60172b1b-1ab7-4383-8618-1ef946093aba,2025-10-18 00:00:00.000,
19b86823-6d79-46f9-a7fc-24638258b9a6.binning_data.json,2025-10-19 03:00:12.898,2025-10-19 03:00:12.898,com.sec.android.app.shealth,0,1529,1.1706764,1135.7,62.84,487mnSNu6t,com.sec.android.app.shealth,19b86823-6d79-46f9-a7fc-24638258b9a6,2025-10-18 00:00:00.000,
9f9be1bb-e7b2-4377-b3c2-723701457431.binning_data.json,2025-10-20 03:31:55.074,2025-10-19 03:00:13.498,com.sec.android.app.shealth,102,1945,1.3263019,1483.52,122.44,hriiVjEkYE,com.sec.android.app.shealth,9f9be1bb-e7b2-4377-b3c2-723701457431,2025-10-18 00:00:00.000,
2010aa80-ec16-40b3-bd1e-57940eeafff3.binning_data.json,2025-10-22 00:47:59.935,2025-10-19 13:40:53.734,com.sec.android.app.shealth,-2,5874,1.3795844,4506.66,343.13998,VfS0qUERdZ,com.sec.android.app.shealth,2010aa80-ec16-40b3-bd1e-57940eeafff3,2025-10-19 00:00:00.000,
0ab7f5b7-b0c3-4633-9e38-8f2357fc7cae.binning_data.json,2025-10-20 03:31:54.417,2025-10-20 03:31:54.417,com.sec.android.app.shealth,0,541,1.2521691,403.7,16.99,487mnSNu6t,com.sec.android.app.shealth,0ab7f5b7-b0c3-4633-9e38-8f2357fc7cae,2025-10-19 00:00:00.000,
01da2db1-73e1-4871-9806-c23a35bbaba7.binning_data.json,2025-10-22 03:00:20.109,2025-10-20 03:31:55.134,com.sec.android.app.shealth,102,5644,1.3823361,4334.02,338.77,hriiVjEkYE,com.sec.android.app.shealth,01da2db1-73e1-4871-9806-c23a35bbaba7,2025-10-19 00:00:00.000,
3073bad5-51b1-4755-9585-da84d2fef8e6.binning_data.json,2025-10-21 01:05:17.573,2025-10-20 11:35:16.286,com.sec.android.app.shealth,-2,2163,1.2701771,1616.81,67.54,VfS0qUERdZ,com.sec.android.app.shealth,3073bad5-51b1-4755-9585-da84d2fef8e6,2025-10-20 00:00:00.000,
a5b3eddc-41c8-41cc-992f-696696439826.binning_data.json,2025-10-21 03:00:09.734,2025-10-21 03:00:09.734,com.sec.android.app.shealth,0,2163,1.2701771,1616.81,67.54,487mnSNu6t,com.sec.android.app.shealth,a5b3eddc-41c8-41cc-992f-696696439826,2025-10-20 00:00:00.000,
504f2316-6429-4170-9f7c-e42d773c27c5.binning_data.json,2025-10-22 02:41:26.837,2025-10-21 10:02:51.913,com.sec.android.app.shealth,-2,1480,1.230223,1101.12,46.649998,VfS0qUERdZ,com.sec.android.app.shealth,504f2316-6429-4170-9f7c-e42d773c27c5,2025-10-21 00:00:00.000,
0841023d-c601-4a31-9c26-86e4ab4389ac.binning_data.json,2025-10-22 03:00:03.948,2025-10-22 03:00:03.948,com.sec.android.app.shealth,0,1480,1.230223,1101.12,46.649998,487mnSNu6t,com.sec.android.app.shealth,0841023d-c601-4a31-9c26-86e4ab4389ac,2025-10-21 00:00:00.000,
69ff78cf-fa73-4b76-9fea-8048ff19a351.binning_data.json,2025-10-23 13:48:15.875,2025-10-22 13:59:15.199,com.sec.android.app.shealth,-2,9758,1.452202,7510.37,397.87,VfS0qUERdZ,com.sec.android.app.shealth,69ff78cf-fa73-4b76-9fea-8048ff19a351,2025-10-22 00:00:00.000,
5416e751-b4aa-4dbb-9cb3-c0206c8454ad.binning_data.json,2025-10-23 03:00:54.799,2025-10-23 03:00:54.799,com.sec.android.app.shealth,0,8640,1.44051,6620.2,263.24,487mnSNu6t,com.sec.android.app.shealth,5416e751-b4aa-4dbb-9cb3-c0206c8454ad,2025-10-22 00:00:00.000,
8ca0e36e-f2c3-42bb-8ce4-5470dfbc2b15.binning_data.json,2025-10-24 03:00:11.336,2025-10-23 03:00:56.527,com.sec.android.app.shealth,102,8610,1.4792658,6677.54,475.23,hriiVjEkYE,com.sec.android.app.shealth,8ca0e36e-f2c3-42bb-8ce4-5470dfbc2b15,2025-10-22 00:00:00.000,
d1c02ba9-86b7-4161-a559-e81dc42d5851.binning_data.json,2025-10-24 03:22:46.675,2025-10-23 13:48:15.774,com.sec.android.app.shealth,-2,12153,1.4622341,9379.55,513.08,VfS0qUERdZ,com.sec.android.app.shealth,d1c02ba9-86b7-4161-a559-e81dc42d5851,2025-10-23 00:00:00.000,
6ae31d85-691d-4748-aa14-30a4c294e4db.binning_data.json,2025-10-24 03:00:08.692,2025-10-24 03:00:08.692,com.sec.android.app.shealth,0,10349,1.4257767,7914.79,313.44,487mnSNu6t,com.sec.android.app.shealth,6ae31d85-691d-4748-aa14-30a4c294e4db,2025-10-23 00:00:00.000,
d9c88c52-0cea-4ff5-a9fe-ca84bf300ae0.binning_data.json,2025-10-25 03:00:04.111,2025-10-24 03:00:11.333,com.sec.android.app.shealth,102,11308,1.4910501,8811.11,650.39,hriiVjEkYE,com.sec.android.app.shealth,d9c88c52-0cea-4ff5-a9fe-ca84bf300ae0,2025-10-23 00:00:00.000,
849994a2-02ef-4f8c-8931-d0c9e555708a.binning_data.json,2025-10-25 01:33:55.014,2025-10-24 09:42:39.063,com.sec.android.app.shealth,-2,4205,1.3120261,3188.23,215.65,VfS0qUERdZ,com.sec.android.app.shealth,849994a2-02ef-4f8c-8931-d0c9e555708a,2025-10-24 00:00:00.000,
309a4cc3-4731-4372-8652-66fce213e158.binning_data.json,2025-10-25 03:00:03.211,2025-10-25 03:00:03.211,com.sec.android.app.shealth,0,2541,1.2494065,1901.44,82.71999,487mnSNu6t,com.sec.android.app.shealth,309a4cc3-4731-4372-8652-66fce213e158,2025-10-24 00:00:00.000,
6a9119c4-51f4-486a-a2a1-6af33c04794a.binning_data.json,2025-10-25 03:00:04.107,2025-10-25 03:00:04.107,com.sec.android.app.shealth,102,3587,1.3369833,2727.75,216.19,hriiVjEkYE,com.sec.android.app.shealth,6a9119c4-51f4-486a-a2a1-6af33c04794a,2025-10-24 00:00:00.000,
f7abf4cf-c076-46ef-b6c4-2b6d3f977bd5.binning_data.json,2025-10-26 01:05:02.594,2025-10-25 13:26:20.375,com.sec.android.app.shealth,-2,4524,1.3364773,3458.71,265.1,VfS0qUERdZ,com.sec.android.app.shealth,f7abf4cf-c076-46ef-b6c4-2b6d3f977bd5,2025-10-25 00:00:00.000,
1986889b-901c-4e7a-8a7d-5aa11869eea1.binning_data.json,2025-10-26 03:00:03.536,2025-10-26 03:00:03.536,com.sec.android.app.shealth,0,2347,1.1655551,1755.63,138.16,487mnSNu6t,com.sec.android.app.shealth,1986889b-901c-4e7a-8a7d-5aa11869eea1,2025-10-25 00:00:00.000,
baaaf6a0-192c-427d-b434-c4be66bdb5e4.binning_data.json,2025-10-26 03:00:05.479,2025-10-26 03:00:05.479,com.sec.android.app.shealth,102,3728,1.36495,2854.49,217.75,hriiVjEkYE,com.sec.android.app.shealth,baaaf6a0-192c-427d-b434-c4be66bdb5e4,2025-10-25 00:00:00.000,
984146a6-a510-4798-b792-bd67cb2da2d8.binning_data.json,2025-10-28 12:54:11.043,2025-10-26 14:39:06.640,com.sec.android.app.shealth,-2,2225,1.2361217,1661.31,130.27,VfS0qUERdZ,com.sec.android.app.shealth,984146a6-a510-4798-b792-bd67cb2da2d8,2025-10-26 00:00:00.000,
d85a3718-e725-48c8-a9f0-8200f22b6b04.binning_data.json,2025-10-27 03:00:03.968,2025-10-27 03:00:03.968,com.sec.android.app.shealth,0,752,1.1870087,565.85,43.989998,487mnSNu6t,com.sec.android.app.shealth,d85a3718-e725-48c8-a9f0-8200f22b6b04,2025-10-26 00:00:00.000,
ceed84fd-7083-4c19-982a-b17734d6f119.binning_data.json,2025-10-29 03:00:18.287,2025-10-27 03:00:08.165,com.sec.android.app.shealth,102,1900,1.2331343,1411.87,110.85,hriiVjEkYE,com.sec.android.app.shealth,ceed84fd-7083-4c19-982a-b17734d6f119,2025-10-26 00:00:00.000,
6df9aa77-497d-47c1-b56a-e2b7a22d731a.binning_data.json,2025-10-28 02:53:04.914,2025-10-27 12:39:57.378,com.sec.android.app.shealth,-2,1775,1.2577021,1348.62,103.74,VfS0qUERdZ,com.sec.android.app.shealth,6df9aa77-497d-47c1-b56a-e2b7a22d731a,2025-10-27 00:00:00.000,
c23fb3f5-5a1b-49dc-bc97-98ffeb69e62a.binning_data.json,2025-10-28 03:00:07.895,2025-10-28 03:00:07.895,com.sec.android.app.shealth,0,1775,1.2577021,1348.62,103.74,487mnSNu6t,com.sec.android.app.shealth,c23fb3f5-5a1b-49dc-bc97-98ffeb69e62a,2025-10-27 00:00:00.000,
d93ad649-3dac-4fb5-8c03-81468f0badf5.binning_data.json,2025-10-29 09:56:55.119,2025-10-28 13:17:05.342,com.sec.android.app.shealth,-2,2573,1.4658232,2031.89,173.55,VfS0qUERdZ,com.sec.android.app.shealth,d93ad649-3dac-4fb5-8c03-81468f0badf5,2025-10-28 00:00:00.000,
dd5411d7-db2f-4c52-b904-7d0dbfed749c.binning_data.json,2025-10-29 03:00:12.887,2025-10-29 03:00:12.887,com.sec.android.app.shealth,0,1391,1.2453759,1052.6901,82.39,487mnSNu6t,com.sec.android.app.shealth,dd5411d7-db2f-4c52-b904-7d0dbfed749c,2025-10-28 00:00:00.000,
90abd1ef-620c-4bc8-8722-c6de8c9b12f5.binning_data.json,2025-10-30 03:01:48.164,2025-10-29 03:00:18.283,com.sec.android.app.shealth,102,2114,1.526165,1682.08,146.6,hriiVjEkYE,com.sec.android.app.shealth,90abd1ef-620c-4bc8-8722-c6de8c9b12f5,2025-10-28 00:00:00.000,
038a4591-481c-401e-b02d-bafd793bb8c7.binning_data.json,2025-10-30 02:04:16.193,2025-10-29 09:56:54.884,com.sec.android.app.shealth,-2,4495,1.3376658,3433.41,266.63,VfS0qUERdZ,com.sec.android.app.shealth,038a4591-481c-401e-b02d-bafd793bb8c7,2025-10-29 00:00:00.000,
55836204-e036-4cff-adb2-c940b0eb2e6d.binning_data.json,2025-10-30 03:00:30.719,2025-10-30 03:00:30.719,com.sec.android.app.shealth,0,3034,1.2773647,2302.8599,177.54,487mnSNu6t,com.sec.android.app.shealth,55836204-e036-4cff-adb2-c940b0eb2e6d,2025-10-29 00:00:00.000,
7ae34cf2-012b-4acd-85c7-10c98c6c640c.binning_data.json,2025-10-30 03:01:48.177,2025-10-30 03:01:48.177,com.sec.android.app.shealth,102,2786,1.3801361,2135.43,166.31999,hriiVjEkYE,com.sec.android.app.shealth,7ae34cf2-012b-4acd-85c7-10c98c6c640c,2025-10-29 00:00:00.000,
9c6caafb-82dc-46a3-bfd3-e32b3b3dd6e4.binning_data.json,2025-10-31 02:55:25.544,2025-10-30 14:15:22.699,com.sec.android.app.shealth,-2,1247,1.2582618,947.88,72.92,VfS0qUERdZ,com.sec.android.app.shealth,9c6caafb-82dc-46a3-bfd3-e32b3b3dd6e4,2025-10-30 00:00:00.000,
b7ed3aad-07ce-4c41-a4b8-421d15d8d7aa.binning_data.json,2025-10-31 03:00:02.324,2025-10-31 03:00:02.324,com.sec.android.app.shealth,0,1247,1.2582618,947.88,72.92,487mnSNu6t,com.sec.android.app.shealth,b7ed3aad-07ce-4c41-a4b8-421d15d8d7aa,2025-10-30 00:00:00.000,
07738d62-6400-4a03-9cc6-1bdfef2cb7d9.binning_data.json,2025-11-01 12:55:55.325,2025-10-31 05:11:16.003,com.sec.android.app.shealth,-2,2663,1.255049,2007.68,155.9,VfS0qUERdZ,com.sec.android.app.shealth,07738d62-6400-4a03-9cc6-1bdfef2cb7d9,2025-10-31 00:00:00.000,
c05c78ba-b97a-498c-8063-ab362208b1c2.binning_data.json,2025-11-01 03:00:19.994,2025-11-01 03:00:19.994,com.sec.android.app.shealth,0,2185,1.2583086,1655.84,127.97,487mnSNu6t,com.sec.android.app.shealth,c05c78ba-b97a-498c-8063-ab362208b1c2,2025-10-31 00:00:00.000,
f13edb3f-f3a8-469f-9caa-d0d6e8d4544e.binning_data.json,2025-11-02 03:00:51.018,2025-11-01 03:00:21.966,com.sec.android.app.shealth,102,915,1.2637299,684.09,53.29,hriiVjEkYE,com.sec.android.app.shealth,f13edb3f-f3a8-469f-9caa-d0d6e8d4544e,2025-10-31 00:00:00.000,
e9617baa-d82d-4498-881e-9e8366cd4c06.binning_data.json,2025-11-02 05:04:57.412,2025-11-01 12:55:55.144,com.sec.android.app.shealth,-2,4690,1.4714667,3674.22,287.03,VfS0qUERdZ,com.sec.android.app.shealth,e9617baa-d82d-4498-881e-9e8366cd4c06,2025-11-01 00:00:00.000,
bb91d4a7-0757-473c-82ad-ee330d6f0cda.binning_data.json,2025-11-02 03:00:14.433,2025-11-02 03:00:14.433,com.sec.android.app.shealth,0,2139,1.1938027,1593.77,94.45,487mnSNu6t,com.sec.android.app.shealth,bb91d4a7-0757-473c-82ad-ee330d6f0cda,2025-11-01 00:00:00.000,
df7f90be-050b-4489-b56f-6ebff13cdd6d.binning_data.json,2025-11-03 03:00:32.370,2025-11-02 03:00:50.990,com.sec.android.app.shealth,102,4325,1.4974719,3398.37,276.14,hriiVjEkYE,com.sec.android.app.shealth,df7f90be-050b-4489-b56f-6ebff13cdd6d,2025-11-01 00:00:00.000,
3228e7d5-f453-4712-b228-600435b0bdfd.binning_data.json,2025-11-03 02:20:43.584,2025-11-02 03:15:00.757,com.sec.android.app.shealth,-2,1574,1.1933135,1168.38,64.2,VfS0qUERdZ,com.sec.android.app.shealth,3228e7d5-f453-4712-b228-600435b0bdfd,2025-11-02 00:00:00.000,
6b35bc95-3b7b-4825-9d9e-a578e505c6a8.binning_data.json,2025-11-03 03:00:31.477,2025-11-03 03:00:31.477,com.sec.android.app.shealth,0,1142,1.1302321,837.87,38.45,487mnSNu6t,com.sec.android.app.shealth,6b35bc95-3b7b-4825-9d9e-a578e505c6a8,2025-11-02 00:00:00.000,
890c815f-415d-4d6e-a1ab-dfe31dddd6a4.binning_data.json,2025-11-04 03:00:07.219,2025-11-03 03:00:32.386,com.sec.android.app.shealth,102,558,1.3278803,423.86002,32.379997,hriiVjEkYE,com.sec.android.app.shealth,890c815f-415d-4d6e-a1ab-dfe31dddd6a4,2025-11-02 00:00:00.000,
d45d49d0-363a-4da2-b72e-652e4f9ee6f3.binning_data.json,2025-11-04 10:01:35.249,2025-11-03 05:02:28.146,com.sec.android.app.shealth,-2,4986,1.4208776,3864.59,274.34,VfS0qUERdZ,com.sec.android.app.shealth,d45d49d0-363a-4da2-b72e-652e4f9ee6f3,2025-11-03 00:00:00.000,
ecf99744-070e-4209-a767-d8cf5d91c4b7.binning_data.json,2025-11-04 03:00:05.212,2025-11-04 03:00:05.212,com.sec.android.app.shealth,0,3478,1.2279935,2587.27,106.520004,487mnSNu6t,com.sec.android.app.shealth,ecf99744-070e-4209-a767-d8cf5d91c4b7,2025-11-03 00:00:00.000,
94180f87-f4f4-4b5d-b885-9fc0ca21ebc8.binning_data.json,2025-11-05 03:00:18.915,2025-11-04 03:00:07.238,com.sec.android.app.shealth,102,4658,1.4518892,3631.35,304.74,hriiVjEkYE,com.sec.android.app.shealth,94180f87-f4f4-4b5d-b885-9fc0ca21ebc8,2025-11-03 00:00:00.000,
8e87cb5a-f6c7-4fb9-a342-7bf5d085ee99.binning_data.json,2025-11-05 01:23:50.174,2025-11-04 10:00:56.697,com.sec.android.app.shealth,-2,2494,1.4211289,1943.99,143.59,VfS0qUERdZ,com.sec.android.app.shealth,8e87cb5a-f6c7-4fb9-a342-7bf5d085ee99,2025-11-04 00:00:00.000,
f4d72df6-607e-468d-b99a-00b94f4d274b.binning_data.json,2025-11-05 03:00:11.350,2025-11-05 03:00:11.350,com.sec.android.app.shealth,0,907,1.1786945,670.03,28.72,487mnSNu6t,com.sec.android.app.shealth,f4d72df6-607e-468d-b99a-00b94f4d274b,2025-11-04 00:00:00.000,
cf8c6546-51f5-42e9-be83-57f0b96d0b11.binning_data.json,2025-11-05 03:00:18.951,2025-11-05 03:00:18.951,com.sec.android.app.shealth,102,1753,1.5456449,1396.76,121.96,hriiVjEkYE,com.sec.android.app.shealth,cf8c6546-51f5-42e9-be83-57f0b96d0b11,2025-11-04 00:00:00.000,
933c3201-3e84-4b80-9d3c-2b86652faef1.binning_data.json,2025-11-06 02:12:42.234,2025-11-05 12:15:14.915,com.sec.android.app.shealth,-2,3265,1.335398,2489.83,163.2,VfS0qUERdZ,com.sec.android.app.shealth,933c3201-3e84-4b80-9d3c-2b86652faef1,2025-11-05 00:00:00.000,
a63f41ce-a2c8-4899-9494-b31e23cc5e17.binning_data.json,2025-11-06 03:00:07.296,2025-11-06 03:00:07.296,com.sec.android.app.shealth,0,1903,1.2708812,1424.77,59.57,487mnSNu6t,com.sec.android.app.shealth,a63f41ce-a2c8-4899-9494-b31e23cc5e17,2025-11-05 00:00:00.000,
616c26a2-0976-4dbd-8e92-e914c6c10b7e.binning_data.json,2025-11-06 03:00:09.786,2025-11-06 03:00:09.786,com.sec.android.app.shealth,102,2684,1.3646232,2062.3,162.19,hriiVjEkYE,com.sec.android.app.shealth,616c26a2-0976-4dbd-8e92-e914c6c10b7e,2025-11-05 00:00:00.000,
68b342fa-642a-46fe-bdac-4f746469a2eb.binning_data.json,2025-11-07 02:37:10.631,2025-11-06 10:31:28.362,com.sec.android.app.shealth,-2,4678,1.3621274,3568.11,231.86,VfS0qUERdZ,com.sec.android.app.shealth,68b342fa-642a-46fe-bdac-4f746469a2eb,2025-11-06 00:00:00.000,
bd645a2d-725e-4a66-8f93-280fc7a42ece.binning_data.json,2025-11-07 03:00:08.739,2025-11-07 03:00:08.739,com.sec.android.app.shealth,0,3652,1.2738587,2737.6,111.0,487mnSNu6t,com.sec.android.app.shealth,bd645a2d-725e-4a66-8f93-280fc7a42ece,2025-11-06 00:00:00.000,
a04bfee4-0436-4515-9368-028917e6a6a3.binning_data.json,2025-11-07 03:00:15.155,2025-11-07 03:00:15.155,com.sec.android.app.shealth,102,4332,1.3757056,3311.49,266.97,hriiVjEkYE,com.sec.android.app.shealth,a04bfee4-0436-4515-9368-028917e6a6a3,2025-11-06 00:00:00.000,
b7af9efd-17ce-4d82-943b-afd39286cd35.binning_data.json,2025-11-10 13:03:22.101,2025-11-07 03:35:31.067,com.sec.android.app.shealth,-2,3688,1.3999306,2854.02,175.27,VfS0qUERdZ,com.sec.android.app.shealth,b7af9efd-17ce-4d82-943b-afd39286cd35,2025-11-07 00:00:00.000,
14cf67f7-06fb-43bd-966b-b03a90ba5be2.binning_data.json,2025-11-08 03:00:02.505,2025-11-08 03:00:02.505,com.sec.android.app.shealth,0,3311,1.3160096,2511.45,141.73999,487mnSNu6t,com.sec.android.app.shealth,14cf67f7-06fb-43bd-966b-b03a90ba5be2,2025-11-07 00:00:00.000,
58bf06e6-4ff0-432b-95a9-f05ef078496a.binning_data.json,2025-11-09 01:01:12.296,2025-11-08 14:22:53.323,com.sec.android.app.shealth,-2,4440,1.3568476,3416.63,263.02,VfS0qUERdZ,com.sec.android.app.shealth,58bf06e6-4ff0-432b-95a9-f05ef078496a,2025-11-08 00:00:00.000,
e0217b11-237b-4c65-986c-8a5fc0325217.binning_data.json,2025-11-09 03:00:01.398,2025-11-09 03:00:01.398,com.sec.android.app.shealth,0,4440,1.3568476,3416.63,263.02,487mnSNu6t,com.sec.android.app.shealth,e0217b11-237b-4c65-986c-8a5fc0325217,2025-11-08 00:00:00.000,
1337d2e5-2509-49e9-aff4-82e21d19284e.binning_data.json,2025-11-10 02:46:26.667,2025-11-09 15:12:52.491,com.sec.android.app.shealth,-2,1785,1.2535651,1357.19,103.909996,VfS0qUERdZ,com.sec.android.app.shealth,1337d2e5-2509-49e9-aff4-82e21d19284e,2025-11-09 00:00:00.000,
6e17c4fb-3748-4299-b931-825b50f8ced3.binning_data.json,2025-11-10 03:00:03.327,2025-11-10 03:00:03.327,com.sec.android.app.shealth,0,1785,1.2535651,1357.19,103.909996,487mnSNu6t,com.sec.android.app.shealth,6e17c4fb-3748-4299-b931-825b50f8ced3,2025-11-09 00:00:00.000,
adffd511-fba5-4cf2-a53e-bfaf6f784f84.binning_data.json,2025-11-11 02:21:33.524,2025-11-10 10:30:17.727,com.sec.android.app.shealth,-2,4223,1.3251458,3222.67,217.32,VfS0qUERdZ,com.sec.android.app.shealth,adffd511-fba5-4cf2-a53e-bfaf6f784f84,2025-11-10 00:00:00.000,
65c11b8c-a45f-4566-b783-2dc9a2044abf.binning_data.json,2025-11-11 03:00:20.158,2025-11-11 03:00:20.158,com.sec.android.app.shealth,0,3424,1.2219156,2555.04,128.94,487mnSNu6t,com.sec.android.app.shealth,65c11b8c-a45f-4566-b783-2dc9a2044abf,2025-11-10 00:00:00.000,
93fd2251-c5da-4897-be15-a26f7d625104.binning_data.json,2025-11-11 03:00:22.229,2025-11-11 03:00:22.229,com.sec.android.app.shealth,102,2708,1.4172046,2093.7,168.31,hriiVjEkYE,com.sec.android.app.shealth,93fd2251-c5da-4897-be15-a26f7d625104,2025-11-10 00:00:00.000,
037d388e-acc0-452d-bd05-174c2baae93b.binning_data.json,2025-11-11 03:00:22.232,2025-11-11 03:00:22.232,com.sec.android.app.shealth,102,383,2.6050336,347.2,33.72,hriiVjEkYE,com.sec.android.app.shealth,037d388e-acc0-452d-bd05-174c2baae93b,2025-11-07 00:00:00.000,
32ac92e4-9261-484a-84f8-816ccb504da9.binning_data.json,2025-11-12 00:18:37.533,2025-11-11 10:04:21.742,com.sec.android.app.shealth,-2,1493,1.273943,1123.78,68.9,VfS0qUERdZ,com.sec.android.app.shealth,32ac92e4-9261-484a-84f8-816ccb504da9,2025-11-11 00:00:00.000,
70950995-15da-47fc-9fb3-c0c8d1a5e281.binning_data.json,2025-11-12 03:00:04.199,2025-11-12 03:00:04.199,com.sec.android.app.shealth,0,840,1.2161163,624.51,26.4,487mnSNu6t,com.sec.android.app.shealth,70950995-15da-47fc-9fb3-c0c8d1a5e281,2025-11-11 00:00:00.000,
09825d94-932d-47b0-856c-3c9eeede5363.binning_data.json,2025-11-12 03:00:05.879,2025-11-12 03:00:05.879,com.sec.android.app.shealth,102,769,1.3483573,586.96,48.45,hriiVjEkYE,com.sec.android.app.shealth,09825d94-932d-47b0-856c-3c9eeede5363,2025-11-11 00:00:00.000,
d4e9f333-a77d-4d72-ba17-2d25fdd2dde8.binning_data.json,2025-11-13 11:08:12.107,2025-11-12 11:44:35.921,com.sec.android.app.shealth,-2,1914,1.2881173,1446.33,84.59,VfS0qUERdZ,com.sec.android.app.shealth,d4e9f333-a77d-4d72-ba17-2d25fdd2dde8,2025-11-12 00:00:00.000,
8aee085c-23a5-41a8-ac66-b3fffca557ef.binning_data.json,2025-11-13 03:00:21.211,2025-11-13 03:00:21.211,com.sec.android.app.shealth,0,1245,1.2182802,925.35,39.07,487mnSNu6t,com.sec.android.app.shealth,8aee085c-23a5-41a8-ac66-b3fffca557ef,2025-11-12 00:00:00.000,
d64cce49-35ab-4efe-99b5-cf3a67a9a256.binning_data.json,2025-11-14 03:00:06.199,2025-11-13 03:00:33.875,com.sec.android.app.shealth,102,935,1.3901852,720.43,56.07,hriiVjEkYE,com.sec.android.app.shealth,d64cce49-35ab-4efe-99b5-cf3a67a9a256,2025-11-12 00:00:00.000,
3a880fa1-ca0a-46cc-b1c7-bbab89271477.binning_data.json,2025-11-14 10:48:41.473,2025-11-13 10:52:14.890,com.sec.android.app.shealth,-2,4673,1.4140157,3613.76,253.05,VfS0qUERdZ,com.sec.android.app.shealth,3a880fa1-ca0a-46cc-b1c7-bbab89271477,2025-11-13 00:00:00.000,
17303c04-fdc6-4112-9a9c-e78ee6babed9.binning_data.json,2025-11-14 03:00:04.470,2025-11-14 03:00:04.470,com.sec.android.app.shealth,0,3554,1.270505,2659.66,108.409996,487mnSNu6t,com.sec.android.app.shealth,17303c04-fdc6-4112-9a9c-e78ee6babed9,2025-11-13 00:00:00.000,
b5274a34-b6ee-4e79-92d5-d7a2cf060c64.binning_data.json,2025-11-15 03:00:27.692,2025-11-14 03:00:06.190,com.sec.android.app.shealth,102,4252,1.444042,3306.4,274.14,hriiVjEkYE,com.sec.android.app.shealth,b5274a34-b6ee-4e79-92d5-d7a2cf060c64,2025-11-13 00:00:00.000,
6a871815-c3c1-4e58-9de3-caa23fadbaa2.binning_data.json,2025-11-18 22:23:32.565,2025-11-14 10:48:40.839,com.sec.android.app.shealth,-2,5001,1.3637309,3825.58,224.08,VfS0qUERdZ,com.sec.android.app.shealth,6a871815-c3c1-4e58-9de3-caa23fadbaa2,2025-11-14 00:00:00.000,
ca3497f3-98fd-4418-803b-b4dc43b2d59e.binning_data.json,2025-11-15 03:00:07.794,2025-11-15 03:00:07.794,com.sec.android.app.shealth,0,3865,1.2817298,2898.27,118.81,487mnSNu6t,com.sec.android.app.shealth,ca3497f3-98fd-4418-803b-b4dc43b2d59e,2025-11-14 00:00:00.000,
d6fbe78c-04a2-490d-b63d-b0e3d8877795.binning_data.json,2025-11-19 03:00:07.061,2025-11-15 03:00:27.720,com.sec.android.app.shealth,102,2695,1.4565045,2101.58,175.08,hriiVjEkYE,com.sec.android.app.shealth,d6fbe78c-04a2-490d-b63d-b0e3d8877795,2025-11-14 00:00:00.000,
d590bd18-06e4-4d5d-a7d8-05e3c89185f3.binning_data.json,2025-11-16 02:56:33.521,2025-11-15 12:30:02.800,com.sec.android.app.shealth,-2,5882,1.3781796,4549.94,338.4,VfS0qUERdZ,com.sec.android.app.shealth,d590bd18-06e4-4d5d-a7d8-05e3c89185f3,2025-11-15 00:00:00.000,
74c9d8ba-d5e6-413e-9c12-4065d64a11ee.binning_data.json,2025-11-16 03:00:48.145,2025-11-16 03:00:48.145,com.sec.android.app.shealth,0,5882,1.3781796,4549.94,338.4,487mnSNu6t,com.sec.android.app.shealth,74c9d8ba-d5e6-413e-9c12-4065d64a11ee,2025-11-15 00:00:00.000,
792c5b28-bc04-4769-9586-df72d59ea87a.binning_data.json,2025-11-16 23:11:26.165,2025-11-16 13:55:08.236,com.sec.android.app.shealth,-2,1550,1.221279,1184.56,94.45,VfS0qUERdZ,com.sec.android.app.shealth,792c5b28-bc04-4769-9586-df72d59ea87a,2025-11-16 00:00:00.000,
8f85da63-3272-492b-856e-45143abce68c.binning_data.json,2025-11-17 03:00:42.514,2025-11-17 03:00:42.514,com.sec.android.app.shealth,0,1550,1.221279,1184.56,94.45,487mnSNu6t,com.sec.android.app.shealth,8f85da63-3272-492b-856e-45143abce68c,2025-11-16 00:00:00.000,
a46d2733-6a30-4a22-af99-7e6c912d9494.binning_data.json,2025-11-18 00:51:14.153,2025-11-17 10:39:22.551,com.sec.android.app.shealth,-2,4152,1.2997255,3168.69,246.93,VfS0qUERdZ,com.sec.android.app.shealth,a46d2733-6a30-4a22-af99-7e6c912d9494,2025-11-17 00:00:00.000,
acb1b55d-e2b7-4e50-a7be-7c88c491515e.binning_data.json,2025-11-18 03:00:03.767,2025-11-18 03:00:03.767,com.sec.android.app.shealth,0,4152,1.2997255,3168.69,246.93,487mnSNu6t,com.sec.android.app.shealth,acb1b55d-e2b7-4e50-a7be-7c88c491515e,2025-11-17 00:00:00.000,
c6cbf29b-c478-4324-8768-f037cfc4a1b7.binning_data.json,2025-11-19 01:57:13.378,2025-11-18 11:10:52.135,com.sec.android.app.shealth,-2,782,1.2290387,586.72003,40.63,VfS0qUERdZ,com.sec.android.app.shealth,c6cbf29b-c478-4324-8768-f037cfc4a1b7,2025-11-18 00:00:00.000,
c28bcf68-e07c-4984-8541-e156100659c9.binning_data.json,2025-11-19 03:00:05.466,2025-11-19 03:00:05.466,com.sec.android.app.shealth,0,782,1.2290387,586.72003,40.63,487mnSNu6t,com.sec.android.app.shealth,c28bcf68-e07c-4984-8541-e156100659c9,2025-11-18 00:00:00.000,
2e88ecf6-0a63-4165-a687-af132eb311f3.binning_data.json,2025-11-20 02:53:03.063,2025-11-19 10:42:55.606,com.sec.android.app.shealth,-2,6407,1.3701152,4892.34,318.57,VfS0qUERdZ,com.sec.android.app.shealth,2e88ecf6-0a63-4165-a687-af132eb311f3,2025-11-19 00:00:00.000,
09b5131f-a4b6-41bf-bd9f-cd93ce95637a.binning_data.json,2025-11-20 03:00:15.053,2025-11-20 03:00:15.053,com.sec.android.app.shealth,0,5140,1.2795347,3850.77,157.15,487mnSNu6t,com.sec.android.app.shealth,09b5131f-a4b6-41bf-bd9f-cd93ce95637a,2025-11-19 00:00:00.000,
794b45fc-d727-44bf-ae3d-5f5bd5a56591.binning_data.json,2025-11-20 03:00:23.008,2025-11-20 03:00:23.008,com.sec.android.app.shealth,102,5624,1.4121779,4330.12,356.16998,hriiVjEkYE,com.sec.android.app.shealth,794b45fc-d727-44bf-ae3d-5f5bd5a56591,2025-11-19 00:00:00.000,
7cc570ee-67a5-44a2-af6c-ee431728c8cf.binning_data.json,2025-11-21 04:17:48.724,2025-11-20 12:57:25.132,com.sec.android.app.shealth,-2,4192,1.3289055,3171.07,186.66,VfS0qUERdZ,com.sec.android.app.shealth,7cc570ee-67a5-44a2-af6c-ee431728c8cf,2025-11-20 00:00:00.000,
b9d1db41-3886-497a-a882-e4f3cf3cd9cc.binning_data.json,2025-11-21 03:00:04.621,2025-11-21 03:00:04.621,com.sec.android.app.shealth,0,3290,1.2839856,2467.23,101.5,487mnSNu6t,com.sec.android.app.shealth,b9d1db41-3886-497a-a882-e4f3cf3cd9cc,2025-11-20 00:00:00.000,
58189da5-0a52-4738-9065-12f2f0630646.binning_data.json,2025-11-22 03:00:07.119,2025-11-21 03:00:07.164,com.sec.android.app.shealth,102,2524,1.3077713,1907.45,149.81,hriiVjEkYE,com.sec.android.app.shealth,58189da5-0a52-4738-9065-12f2f0630646,2025-11-20 00:00:00.000,
44670cf7-4e20-44ff-a422-755a22189215.binning_data.json,2025-11-22 03:56:02.919,2025-11-21 04:17:48.388,com.sec.android.app.shealth,-2,3130,1.4006459,2427.33,170.79,VfS0qUERdZ,com.sec.android.app.shealth,44670cf7-4e20-44ff-a422-755a22189215,2025-11-21 00:00:00.000,
ba198477-5d1e-479f-89f2-edd938710458.binning_data.json,2025-11-22 03:00:04.094,2025-11-22 03:00:04.094,com.sec.android.app.shealth,0,1448,1.2078171,1075.9,46.26,487mnSNu6t,com.sec.android.app.shealth,ba198477-5d1e-479f-89f2-edd938710458,2025-11-21 00:00:00.000,
5d33bb81-c325-4716-8b26-0c2e30f7a152.binning_data.json,2025-11-23 03:00:12.225,2025-11-22 03:00:07.139,com.sec.android.app.shealth,102,2417,1.4735786,1898.59,161.98,hriiVjEkYE,com.sec.android.app.shealth,5d33bb81-c325-4716-8b26-0c2e30f7a152,2025-11-21 00:00:00.000,
24554e95-ed73-425e-bf50-950ca4b2fd9b.binning_data.json,2025-11-23 02:55:27.967,2025-11-22 03:05:18.640,com.sec.android.app.shealth,-2,7960,1.4927902,6274.4,510.98,VfS0qUERdZ,com.sec.android.app.shealth,24554e95-ed73-425e-bf50-950ca4b2fd9b,2025-11-22 00:00:00.000,
fc77383f-afdc-43a7-a985-a0a506bd8270.binning_data.json,2025-11-23 03:00:10.079,2025-11-23 03:00:10.079,com.sec.android.app.shealth,0,4836,1.3741733,3731.29,286.56,487mnSNu6t,com.sec.android.app.shealth,fc77383f-afdc-43a7-a985-a0a506bd8270,2025-11-22 00:00:00.000,
6d8adf10-7201-4fe8-84c7-2f8c9c962a29.binning_data.json,2025-11-23 03:00:12.242,2025-11-23 03:00:12.242,com.sec.android.app.shealth,102,6836,1.5402225,5422.21,436.97,hriiVjEkYE,com.sec.android.app.shealth,6d8adf10-7201-4fe8-84c7-2f8c9c962a29,2025-11-22 00:00:00.000,
f75b87bc-808e-45cc-a1ae-feb137168d8b.binning_data.json,2025-11-24 10:28:36.802,2025-11-23 14:27:30.303,com.sec.android.app.shealth,-2,1169,1.3651209,891.77997,68.77,VfS0qUERdZ,com.sec.android.app.shealth,f75b87bc-808e-45cc-a1ae-feb137168d8b,2025-11-23 00:00:00.000,
0b22db87-3b1b-4341-9027-ffb16c23b42c.binning_data.json,2025-11-24 03:00:07.684,2025-11-24 03:00:07.684,com.sec.android.app.shealth,0,347,1.1820621,257.13,13.44,487mnSNu6t,com.sec.android.app.shealth,0b22db87-3b1b-4341-9027-ffb16c23b42c,2025-11-23 00:00:00.000,
9611e9a1-acfb-4e1c-b635-700f5a3a2791.binning_data.json,2025-11-25 03:01:54.669,2025-11-24 03:00:10.178,com.sec.android.app.shealth,102,1138,1.3672326,868.52997,69.97,hriiVjEkYE,com.sec.android.app.shealth,9611e9a1-acfb-4e1c-b635-700f5a3a2791,2025-11-23 00:00:00.000,
79613910-d4dd-4161-b5eb-19dc80abb494.binning_data.json,2025-11-24 23:30:46.108,2025-11-24 10:28:36.549,com.sec.android.app.shealth,-2,3664,1.2609556,2739.6301,124.08,VfS0qUERdZ,com.sec.android.app.shealth,79613910-d4dd-4161-b5eb-19dc80abb494,2025-11-24 00:00:00.000,
8e8000f7-df37-4f64-8f7f-7887615dc9db.binning_data.json,2025-11-25 03:01:03.209,2025-11-25 03:01:03.209,com.sec.android.app.shealth,0,3507,1.2619904,2620.95,106.76,487mnSNu6t,com.sec.android.app.shealth,8e8000f7-df37-4f64-8f7f-7887615dc9db,2025-11-24 00:00:00.000,
78fceae5-6465-4707-b5e5-47f3d3199361.binning_data.json,2025-11-25 03:01:54.691,2025-11-25 03:01:54.691,com.sec.android.app.shealth,102,784,1.3356194,595.71,52.29,hriiVjEkYE,com.sec.android.app.shealth,78fceae5-6465-4707-b5e5-47f3d3199361,2025-11-24 00:00:00.000,
d8639a07-ac9a-4121-ac52-0da9ba53e776.binning_data.json,2025-11-26 01:44:55.191,2025-11-25 10:21:51.043,com.sec.android.app.shealth,-2,2546,1.3085194,1927.06,123.979996,VfS0qUERdZ,com.sec.android.app.shealth,d8639a07-ac9a-4121-ac52-0da9ba53e776,2025-11-25 00:00:00.000,
e3cc7271-3db3-4a37-a4c7-97b8afe3aa1c.binning_data.json,2025-11-26 03:00:04.373,2025-11-26 03:00:04.373,com.sec.android.app.shealth,0,1391,1.2131222,1031.53,43.82,487mnSNu6t,com.sec.android.app.shealth,e3cc7271-3db3-4a37-a4c7-97b8afe3aa1c,2025-11-25 00:00:00.000,
b8533406-d04e-4edc-b753-a6de567901c7.binning_data.json,2025-11-26 03:00:06.265,2025-11-26 03:00:06.265,com.sec.android.app.shealth,102,1863,1.3649778,1424.66,115.67,hriiVjEkYE,com.sec.android.app.shealth,b8533406-d04e-4edc-b753-a6de567901c7,2025-11-25 00:00:00.000,
277759cd-a750-4797-91e2-d1f2e2b92e71.binning_data.json,2025-11-28 04:46:48.923,2025-11-26 11:41:21.129,com.sec.android.app.shealth,-2,2847,1.4324987,2204.76,150.26,VfS0qUERdZ,com.sec.android.app.shealth,277759cd-a750-4797-91e2-d1f2e2b92e71,2025-11-26 00:00:00.000,
7f0fd95b-0d41-4181-a9c7-09a3261ba200.binning_data.json,2025-11-27 03:00:24.711,2025-11-27 03:00:24.711,com.sec.android.app.shealth,0,1131,1.2679884,845.52997,35.48,487mnSNu6t,com.sec.android.app.shealth,7f0fd95b-0d41-4181-a9c7-09a3261ba200,2025-11-26 00:00:00.000,
c000d967-19db-49e1-b8a6-e4fca4dcb04e.binning_data.json,2025-11-29 03:00:07.049,2025-11-27 03:00:30.744,com.sec.android.app.shealth,102,2468,1.4869653,1929.96,152.22,hriiVjEkYE,com.sec.android.app.shealth,c000d967-19db-49e1-b8a6-e4fca4dcb04e,2025-11-26 00:00:00.000,
4ef12116-27a2-4985-9c66-d96dc9c2feac.binning_data.json,2025-11-28 01:59:45.685,2025-11-27 10:50:40.768,com.sec.android.app.shealth,-2,3941,1.2489632,2940.19,120.82,VfS0qUERdZ,com.sec.android.app.shealth,4ef12116-27a2-4985-9c66-d96dc9c2feac,2025-11-27 00:00:00.000,
1ecf6b75-934a-43b0-9bad-1a10bbc9582c.binning_data.json,2025-11-28 03:42:26.467,2025-11-28 03:42:26.467,com.sec.android.app.shealth,0,3941,1.2489632,2940.19,120.82,487mnSNu6t,com.sec.android.app.shealth,1ecf6b75-934a-43b0-9bad-1a10bbc9582c,2025-11-27 00:00:00.000,
83addd7b-c5f0-4d20-9a93-6ba63faad8d4.binning_data.json,2025-11-29 18:55:26.480,2025-11-28 10:14:23.389,com.sec.android.app.shealth,-2,5858,1.3735625,4494.3,256.35,VfS0qUERdZ,com.sec.android.app.shealth,83addd7b-c5f0-4d20-9a93-6ba63faad8d4,2025-11-28 00:00:00.000,
ed057770-d53a-4cdd-b008-017445fe42b8.binning_data.json,2025-11-29 03:00:04.295,2025-11-29 03:00:04.295,com.sec.android.app.shealth,0,4699,1.3188635,3568.94,148.2,487mnSNu6t,com.sec.android.app.shealth,ed057770-d53a-4cdd-b008-017445fe42b8,2025-11-28 00:00:00.000,
32f16a4c-d6e2-4461-9b37-ad0c7506887d.binning_data.json,2025-11-30 03:00:52.529,2025-11-29 03:00:07.063,com.sec.android.app.shealth,102,4280,1.3840457,3277.74,264.56,hriiVjEkYE,com.sec.android.app.shealth,32f16a4c-d6e2-4461-9b37-ad0c7506887d,2025-11-28 00:00:00.000,
b31e306d-a1cc-422e-a30f-97899559e4e5.binning_data.json,2025-11-30 19:37:49.016,2025-11-29 12:09:50.158,com.sec.android.app.shealth,-2,4370,1.2873375,3285.41,171.65,VfS0qUERdZ,com.sec.android.app.shealth,b31e306d-a1cc-422e-a30f-97899559e4e5,2025-11-29 00:00:00.000,
46f59de7-40be-4d2d-8419-3b170ff9a60d.binning_data.json,2025-11-30 03:00:10.598,2025-11-30 03:00:10.598,com.sec.android.app.shealth,0,3624,1.249205,2700.9,112.41999,487mnSNu6t,com.sec.android.app.shealth,46f59de7-40be-4d2d-8419-3b170ff9a60d,2025-11-29 00:00:00.000,
75a913cb-9ca5-47af-bbe8-e49e181433d8.binning_data.json,2025-12-01 03:00:05.747,2025-11-30 03:00:52.547,com.sec.android.app.shealth,102,1339,1.345402,1021.23,79.76,hriiVjEkYE,com.sec.android.app.shealth,75a913cb-9ca5-47af-bbe8-e49e181433d8,2025-11-29 00:00:00.000,
67cb7989-1cf0-40d7-9623-89a11e9697cd.binning_data.json,2025-12-01 10:07:35.584,2025-11-30 03:13:43.265,com.sec.android.app.shealth,-2,1528,1.2332281,1141.54,61.27,VfS0qUERdZ,com.sec.android.app.shealth,67cb7989-1cf0-40d7-9623-89a11e9697cd,2025-11-30 00:00:00.000,
a5cac046-dc31-4138-a957-a6b357347c9b.binning_data.json,2025-12-01 03:00:04.086,2025-12-01 03:00:04.086,com.sec.android.app.shealth,0,1239,1.1771948,916.66,39.11,487mnSNu6t,com.sec.android.app.shealth,a5cac046-dc31-4138-a957-a6b357347c9b,2025-11-30 00:00:00.000,
5691b216-b026-43bb-a24f-248c70156bfd.binning_data.json,2025-12-02 03:00:08.792,2025-12-01 03:00:05.742,com.sec.android.app.shealth,102,629,1.3493465,478.48,36.1,hriiVjEkYE,com.sec.android.app.shealth,5691b216-b026-43bb-a24f-248c70156bfd,2025-11-30 00:00:00.000,
a6d875d9-d05f-4e9e-8148-57c9953b9dfc.binning_data.json,2025-12-02 01:05:37.299,2025-12-01 10:12:46.391,com.sec.android.app.shealth,-2,4409,1.3926185,3387.84,219.25,VfS0qUERdZ,com.sec.android.app.shealth,a6d875d9-d05f-4e9e-8148-57c9953b9dfc,2025-12-01 00:00:00.000,
40332d0b-0950-41bd-9bf4-b4c457bdd9f2.binning_data.json,2025-12-02 03:00:07.154,2025-12-02 03:00:07.154,com.sec.android.app.shealth,0,3264,1.2740768,2439.76,99.77,487mnSNu6t,com.sec.android.app.shealth,40332d0b-0950-41bd-9bf4-b4c457bdd9f2,2025-12-01 00:00:00.000,
e1ad45cb-cbcc-4b47-9084-933273dbd366.binning_data.json,2025-12-02 03:00:08.786,2025-12-02 03:00:08.786,com.sec.android.app.shealth,102,3984,1.4316999,3088.67,252.87,hriiVjEkYE,com.sec.android.app.shealth,e1ad45cb-cbcc-4b47-9084-933273dbd366,2025-12-01 00:00:00.000,
9582a709-50bf-4aef-a5a1-6ba7dbbc1615.binning_data.json,2025-12-03 00:50:27.958,2025-12-02 10:28:59.563,com.sec.android.app.shealth,-2,3684,1.3299942,2786.91,148.91,VfS0qUERdZ,com.sec.android.app.shealth,9582a709-50bf-4aef-a5a1-6ba7dbbc1615,2025-12-02 00:00:00.000,
20864313-5e64-4b12-9376-1e8411b70730.binning_data.json,2025-12-03 03:00:47.549,2025-12-03 03:00:47.549,com.sec.android.app.shealth,0,2928,1.3286663,2210.12,90.369995,487mnSNu6t,com.sec.android.app.shealth,20864313-5e64-4b12-9376-1e8411b70730,2025-12-02 00:00:00.000,
d6138251-de86-4804-a773-5f699c09cc4f.binning_data.json,2025-12-05 03:00:03.848,2025-12-03 03:00:52.826,com.sec.android.app.shealth,102,2376,1.3666774,1811.44,139.68001,hriiVjEkYE,com.sec.android.app.shealth,d6138251-de86-4804-a773-5f699c09cc4f,2025-12-02 00:00:00.000,
51e2ae44-3842-4649-ab8f-c91956684790.binning_data.json,2025-12-04 01:40:16.501,2025-12-03 12:02:15.585,com.sec.android.app.shealth,-2,4280,1.4256707,3320.5098,255.61998,VfS0qUERdZ,com.sec.android.app.shealth,51e2ae44-3842-4649-ab8f-c91956684790,2025-12-03 00:00:00.000,
89b616b4-6844-458d-a4b7-a9c33e241f6e.binning_data.json,2025-12-04 03:00:06.627,2025-12-04 03:00:06.627,com.sec.android.app.shealth,0,4280,1.4256707,3320.5098,255.61998,487mnSNu6t,com.sec.android.app.shealth,89b616b4-6844-458d-a4b7-a9c33e241f6e,2025-12-03 00:00:00.000,
ae9d24ac-d082-466f-ab15-8976055196ed.binning_data.json,2025-12-05 09:39:15.644,2025-12-04 10:45:03.284,com.sec.android.app.shealth,-2,5745,1.4046338,4434.77,314.34,VfS0qUERdZ,com.sec.android.app.shealth,ae9d24ac-d082-466f-ab15-8976055196ed,2025-12-04 00:00:00.000,
72043c2c-dbab-4ada-89fc-621aee1b8026.binning_data.json,2025-12-05 03:00:02.995,2025-12-05 03:00:02.995,com.sec.android.app.shealth,0,3485,1.2573781,2604.26,106.729996,487mnSNu6t,com.sec.android.app.shealth,72043c2c-dbab-4ada-89fc-621aee1b8026,2025-12-04 00:00:00.000,
b6c2e38b-8ec0-4bcb-9c14-a2aed1711dee.binning_data.json,2025-12-06 03:00:07.961,2025-12-05 03:00:03.868,com.sec.android.app.shealth,102,5415,1.4388111,4206.16,343.76,hriiVjEkYE,com.sec.android.app.shealth,b6c2e38b-8ec0-4bcb-9c14-a2aed1711dee,2025-12-04 00:00:00.000,
7b50f79c-1a3a-47ee-bf32-7584958412a2.binning_data.json,2025-12-06 02:09:55.414,2025-12-05 09:39:15.405,com.sec.android.app.shealth,-2,4906,1.3258386,3733.18,223.12,VfS0qUERdZ,com.sec.android.app.shealth,7b50f79c-1a3a-47ee-bf32-7584958412a2,2025-12-05 00:00:00.000,
a2367517-be60-484c-bede-3e4d783ff848.binning_data.json,2025-12-06 03:00:05.631,2025-12-06 03:00:05.631,com.sec.android.app.shealth,0,3961,1.2406507,2959.83,123.5,487mnSNu6t,com.sec.android.app.shealth,a2367517-be60-484c-bede-3e4d783ff848,2025-12-05 00:00:00.000,
0985b7d9-881c-4946-80a4-020959b86640.binning_data.json,2025-12-06 03:00:07.955,2025-12-06 03:00:07.955,com.sec.android.app.shealth,102,3169,1.35375,2421.39,202.71,hriiVjEkYE,com.sec.android.app.shealth,0985b7d9-881c-4946-80a4-020959b86640,2025-12-05 00:00:00.000,
eb6c0fb2-705c-4d0c-8c54-e4671da19979.binning_data.json,2025-12-07 11:06:35.281,2025-12-06 12:54:08.132,com.sec.android.app.shealth,-2,6297,1.3250886,4794.06,312.63998,VfS0qUERdZ,com.sec.android.app.shealth,eb6c0fb2-705c-4d0c-8c54-e4671da19979,2025-12-06 00:00:00.000,
c75cb882-58be-412f-adab-839d0e2a5ce7.binning_data.json,2025-12-07 03:00:04.833,2025-12-07 03:00:04.833,com.sec.android.app.shealth,0,4134,1.2145778,3069.91,128.99,487mnSNu6t,com.sec.android.app.shealth,c75cb882-58be-412f-adab-839d0e2a5ce7,2025-12-06 00:00:00.000,
bf104e8b-39ab-4833-9934-6bbc3a7e2bc3.binning_data.json,2025-12-08 03:00:06.542,2025-12-07 03:00:06.881,com.sec.android.app.shealth,102,5306,1.3701844,4072.25,326.44,hriiVjEkYE,com.sec.android.app.shealth,bf104e8b-39ab-4833-9934-6bbc3a7e2bc3,2025-12-06 00:00:00.000,
69b39290-9e0f-456b-aa1b-ad96c468e876.binning_data.json,2025-12-08 04:12:25.676,2025-12-07 03:09:00.469,com.sec.android.app.shealth,-2,8280,1.4186739,6367.2,376.84,VfS0qUERdZ,com.sec.android.app.shealth,69b39290-9e0f-456b-aa1b-ad96c468e876,2025-12-07 00:00:00.000,
e10b3f4f-c8c6-4f99-b053-6dee8edfb264.binning_data.json,2025-12-08 03:00:04.818,2025-12-08 03:00:04.818,com.sec.android.app.shealth,0,4547,1.2863576,3407.83,139.51,487mnSNu6t,com.sec.android.app.shealth,e10b3f4f-c8c6-4f99-b053-6dee8edfb264,2025-12-07 00:00:00.000,
0b11a79b-51ba-4ccc-b7fc-23dea90e104e.binning_data.json,2025-12-09 03:00:10.648,2025-12-08 03:00:06.539,com.sec.android.app.shealth,102,6083,1.4977435,4742.98,353.54,hriiVjEkYE,com.sec.android.app.shealth,0b11a79b-51ba-4ccc-b7fc-23dea90e104e,2025-12-07 00:00:00.000,
3e212e30-e638-49a3-a31e-2e1d055a5553.binning_data.json,2025-12-09 03:00:10.058,2025-12-08 03:12:23.470,com.sec.android.app.shealth,-2,4630,1.4081954,3572.18,237.06999,VfS0qUERdZ,com.sec.android.app.shealth,3e212e30-e638-49a3-a31e-2e1d055a5553,2025-12-08 00:00:00.000,
1faf3527-7312-431c-8b87-4bffb893f23e.binning_data.json,2025-12-09 03:00:08.191,2025-12-09 03:00:08.191,com.sec.android.app.shealth,0,3253,1.2785169,2435.24,99.86,487mnSNu6t,com.sec.android.app.shealth,1faf3527-7312-431c-8b87-4bffb893f23e,2025-12-08 00:00:00.000,
37475eef-1aca-4d83-86b9-9148c9d8e27e.binning_data.json,2025-12-09 03:00:10.643,2025-12-09 03:00:10.643,com.sec.android.app.shealth,102,3939,1.4800732,3075.47,251.75,hriiVjEkYE,com.sec.android.app.shealth,37475eef-1aca-4d83-86b9-9148c9d8e27e,2025-12-08 00:00:00.000,
9f9e345e-5442-45b4-b559-f0e2f422b942.binning_data.json,2025-12-10 01:49:05.820,2025-12-09 11:06:40.601,com.sec.android.app.shealth,-2,1014,1.1988752,754.72003,35.97,VfS0qUERdZ,com.sec.android.app.shealth,9f9e345e-5442-45b4-b559-f0e2f422b942,2025-12-09 00:00:00.000,
7be93dc7-254b-4cab-8ba3-0cdee9302097.binning_data.json,2025-12-10 03:00:03.333,2025-12-10 03:00:03.333,com.sec.android.app.shealth,0,941,1.1582221,692.96,29.83,487mnSNu6t,com.sec.android.app.shealth,7be93dc7-254b-4cab-8ba3-0cdee9302097,2025-12-09 00:00:00.000,
c4dc81a3-7eb5-45f2-a43e-9e281888fdbc.binning_data.json,2025-12-10 03:01:00.718,2025-12-10 03:01:00.718,com.sec.android.app.shealth,102,73,1.9777693,61.760002,6.14,hriiVjEkYE,com.sec.android.app.shealth,c4dc81a3-7eb5-45f2-a43e-9e281888fdbc,2025-12-09 00:00:00.000,
c2656b62-bfa5-40d4-83d1-60236e95e83c.binning_data.json,2025-12-11 11:34:35.852,2025-12-10 15:25:55.067,com.sec.android.app.shealth,-2,1039,1.1885645,768.18,32.73,VfS0qUERdZ,com.sec.android.app.shealth,c2656b62-bfa5-40d4-83d1-60236e95e83c,2025-12-10 00:00:00.000,
c638d14a-a750-408c-b5d5-5ae08d9f14c3.binning_data.json,2025-12-11 03:00:06.421,2025-12-11 03:00:06.421,com.sec.android.app.shealth,0,1029,1.1866223,760.45,32.17,487mnSNu6t,com.sec.android.app.shealth,c638d14a-a750-408c-b5d5-5ae08d9f14c3,2025-12-10 00:00:00.000,
35a7300a-80e7-4f18-8e20-6513b7ae3d10.binning_data.json,2025-12-12 02:16:19.753,2025-12-11 11:34:34.907,com.sec.android.app.shealth,-2,1610,1.2579653,1205.35,68.98,VfS0qUERdZ,com.sec.android.app.shealth,35a7300a-80e7-4f18-8e20-6513b7ae3d10,2025-12-11 00:00:00.000,
e2ef8ec8-cfb1-4646-a2c9-d67b107efc1f.binning_data.json,2025-12-12 03:00:26.031,2025-12-12 03:00:26.031,com.sec.android.app.shealth,0,1085,1.2083287,804.55,33.989998,487mnSNu6t,com.sec.android.app.shealth,e2ef8ec8-cfb1-4646-a2c9-d67b107efc1f,2025-12-11 00:00:00.000,
fed34814-d744-49ad-aaaa-deb740ed4dd6.binning_data.json,2025-12-12 03:00:27.753,2025-12-12 03:00:27.753,com.sec.android.app.shealth,102,10,1.4166666,7.73,0.56,hriiVjEkYE,com.sec.android.app.shealth,fed34814-d744-49ad-aaaa-deb740ed4dd6,2025-12-10 00:00:00.000,
8b45d17e-98cf-44da-937d-e5eb78c01625.binning_data.json,2025-12-12 03:00:27.763,2025-12-12 03:00:27.763,com.sec.android.app.shealth,102,669,1.3668528,509.56,42.64,hriiVjEkYE,com.sec.android.app.shealth,8b45d17e-98cf-44da-937d-e5eb78c01625,2025-12-11 00:00:00.000,
bf09ea31-1539-4a7d-b39c-bc5385b88ff0.binning_data.json,2025-12-13 01:29:24.349,2025-12-12 10:46:11.584,com.sec.android.app.shealth,-2,4611,1.3652581,3526.35,191.27,VfS0qUERdZ,com.sec.android.app.shealth,bf09ea31-1539-4a7d-b39c-bc5385b88ff0,2025-12-12 00:00:00.000,
7a054184-f914-4893-80b6-97b4774fcfd3.binning_data.json,2025-12-13 03:05:05.387,2025-12-13 03:05:05.387,com.sec.android.app.shealth,0,4128,1.2684629,3084.87,126.7,487mnSNu6t,com.sec.android.app.shealth,7a054184-f914-4893-80b6-97b4774fcfd3,2025-12-12 00:00:00.000,
deebd81f-c3ca-41ad-8a47-bf2ebef09747.binning_data.json,2025-12-14 05:13:15.464,2025-12-13 03:05:10.435,com.sec.android.app.shealth,102,2293,1.4470578,1789.66,147.28,hriiVjEkYE,com.sec.android.app.shealth,deebd81f-c3ca-41ad-8a47-bf2ebef09747,2025-12-12 00:00:00.000,
c0967c6a-ffc6-48b3-92f0-058f0375ae34.binning_data.json,2025-12-14 02:10:32.934,2025-12-13 03:18:52.034,com.sec.android.app.shealth,-2,4885,1.3411835,3711.72,251.75,VfS0qUERdZ,com.sec.android.app.shealth,c0967c6a-ffc6-48b3-92f0-058f0375ae34,2025-12-13 00:00:00.000,
3d6ac1c0-a93e-47eb-bd88-b228a2c0297b.binning_data.json,2025-12-15 01:11:38.289,2025-12-14 03:15:01.492,com.sec.android.app.shealth,-2,2632,1.388165,2038.41,144.84,VfS0qUERdZ,com.sec.android.app.shealth,3d6ac1c0-a93e-47eb-bd88-b228a2c0297b,2025-12-14 00:00:00.000,
e0e27274-1401-4755-b371-ec1acc097fa7.binning_data.json,2025-12-15 03:00:02.735,2025-12-14 05:12:58.838,com.sec.android.app.shealth,0,1620,1.1432395,1185.79,50.27,487mnSNu6t,com.sec.android.app.shealth,e0e27274-1401-4755-b371-ec1acc097fa7,2025-12-14 00:00:00.000,
e9a48ef9-92b3-4098-98c6-87e9d16a0827.binning_data.json,2025-12-14 05:12:59.704,2025-12-14 05:12:59.704,com.sec.android.app.shealth,0,2661,1.2727668,1993.72,82.11,487mnSNu6t,com.sec.android.app.shealth,e9a48ef9-92b3-4098-98c6-87e9d16a0827,2025-12-13 00:00:00.000,
87571caf-12a1-4e5f-b9a2-99d548e2db29.binning_data.json,2025-12-15 03:00:19.300,2025-12-14 05:13:15.477,com.sec.android.app.shealth,102,2111,1.4751512,1660.03,142.24,hriiVjEkYE,com.sec.android.app.shealth,87571caf-12a1-4e5f-b9a2-99d548e2db29,2025-12-14 00:00:00.000,
4f622d7f-79e0-4517-8b72-693e05448a2a.binning_data.json,2025-12-14 05:13:15.556,2025-12-14 05:13:15.556,com.sec.android.app.shealth,102,4460,1.3443094,3395.02,262.79,hriiVjEkYE,com.sec.android.app.shealth,4f622d7f-79e0-4517-8b72-693e05448a2a,2025-12-13 00:00:00.000,
62874616-0317-4da6-a443-cf6dda200899.binning_data.json,2025-12-16 00:20:24.576,2025-12-15 15:11:05.619,com.sec.android.app.shealth,-2,1123,1.2044365,830.51,35.18,VfS0qUERdZ,com.sec.android.app.shealth,62874616-0317-4da6-a443-cf6dda200899,2025-12-15 00:00:00.000,
428d11a6-0e4d-47df-b3ab-5e99071f38bf.binning_data.json,2025-12-16 03:00:01.807,2025-12-16 03:00:01.807,com.sec.android.app.shealth,0,1123,1.2044365,830.51,35.18,487mnSNu6t,com.sec.android.app.shealth,428d11a6-0e4d-47df-b3ab-5e99071f38bf,2025-12-15 00:00:00.000,
550eae0b-8e19-419a-9c8d-5db21756d098.binning_data.json,2025-12-16 20:42:36.392,2025-12-16 13:06:36.549,com.sec.android.app.shealth,-2,2027,1.3292687,1538.04,106.36,VfS0qUERdZ,com.sec.android.app.shealth,550eae0b-8e19-419a-9c8d-5db21756d098,2025-12-16 00:00:00.000,
159b5a80-2af7-4384-afcb-465343235999.binning_data.json,2025-12-17 03:00:04.501,2025-12-17 03:00:04.501,com.sec.android.app.shealth,0,973,1.2541002,726.91,30.48,487mnSNu6t,com.sec.android.app.shealth,159b5a80-2af7-4384-afcb-465343235999,2025-12-16 00:00:00.000,
61997723-5acb-438a-acd8-bdefa0b7a58a.binning_data.json,2025-12-17 03:00:06.896,2025-12-17 03:00:06.896,com.sec.android.app.shealth,102,1849,1.3429631,1406.99,110.72,hriiVjEkYE,com.sec.android.app.shealth,61997723-5acb-438a-acd8-bdefa0b7a58a,2025-12-16 00:00:00.000,
6957d751-8e06-4d08-98a6-fd538cef625d.binning_data.json,2025-12-18 02:09:45.600,2025-12-17 13:03:35.959,com.sec.android.app.shealth,-2,3495,1.4447097,2692.4,140.93999,VfS0qUERdZ,com.sec.android.app.shealth,6957d751-8e06-4d08-98a6-fd538cef625d,2025-12-17 00:00:00.000,
7f1061eb-9edc-44f3-9c20-aacf5d7aad41.binning_data.json,2025-12-18 03:00:05.871,2025-12-18 03:00:05.871,com.sec.android.app.shealth,0,3002,1.4202849,2292.7,91.53999,487mnSNu6t,com.sec.android.app.shealth,7f1061eb-9edc-44f3-9c20-aacf5d7aad41,2025-12-17 00:00:00.000,
3a64ad0e-fd81-4f62-a422-ea46c292fcc1.binning_data.json,2025-12-18 03:00:35.725,2025-12-18 03:00:35.725,com.sec.android.app.shealth,102,3064,1.5074009,2399.02,175.67,hriiVjEkYE,com.sec.android.app.shealth,3a64ad0e-fd81-4f62-a422-ea46c292fcc1,2025-12-17 00:00:00.000,
1f24589c-5cbf-44d0-9750-5693bbefde36.binning_data.json,2025-12-19 05:46:26.067,2025-12-18 13:19:31.671,com.sec.android.app.shealth,-2,4610,1.5213493,3622.31,271.53,VfS0qUERdZ,com.sec.android.app.shealth,1f24589c-5cbf-44d0-9750-5693bbefde36,2025-12-18 00:00:00.000,
a5d504cd-16c7-4c10-94d3-441d450efdf2.binning_data.json,2025-12-19 03:00:11.743,2025-12-19 03:00:11.743,com.sec.android.app.shealth,0,599,1.2518873,447.58,18.57,487mnSNu6t,com.sec.android.app.shealth,a5d504cd-16c7-4c10-94d3-441d450efdf2,2025-12-18 00:00:00.000,
82cb8549-e09c-445a-aeda-c4cf23cb134e.binning_data.json,2025-12-20 03:00:42.765,2025-12-19 03:00:53.513,com.sec.android.app.shealth,102,4484,1.5353043,3530.32,272.73,hriiVjEkYE,com.sec.android.app.shealth,82cb8549-e09c-445a-aeda-c4cf23cb134e,2025-12-18 00:00:00.000,
bd9a7197-5006-4895-ad9e-8814a8602b55.binning_data.json,2025-12-20 16:02:11.745,2025-12-19 10:37:33.285,com.sec.android.app.shealth,-2,5119,1.5019237,4046.73,326.3,VfS0qUERdZ,com.sec.android.app.shealth,bd9a7197-5006-4895-ad9e-8814a8602b55,2025-12-19 00:00:00.000,
3659a592-c689-4e3d-8057-877760277019.binning_data.json,2025-12-20 03:00:28.306,2025-12-20 03:00:28.306,com.sec.android.app.shealth,0,1593,1.2731049,1204.64,73.32,487mnSNu6t,com.sec.android.app.shealth,3659a592-c689-4e3d-8057-877760277019,2025-12-19 00:00:00.000,
46b80cd4-4b07-4da2-9af0-d2219c3198dc.binning_data.json,2025-12-21 03:52:26.425,2025-12-20 03:00:42.818,com.sec.android.app.shealth,102,4731,1.5350443,3756.38,317.22998,hriiVjEkYE,com.sec.android.app.shealth,46b80cd4-4b07-4da2-9af0-d2219c3198dc,2025-12-19 00:00:00.000,
203d2c56-ccfe-4b43-b590-38c6807d3eeb.binning_data.json,2025-12-21 05:32:22.607,2025-12-20 14:55:15.031,com.sec.android.app.shealth,-2,1848,1.2955871,1399.26,86.93,VfS0qUERdZ,com.sec.android.app.shealth,203d2c56-ccfe-4b43-b590-38c6807d3eeb,2025-12-20 00:00:00.000,
323fe3c9-f39e-494b-88f0-1cb2c4620019.binning_data.json,2025-12-21 03:52:12.705,2025-12-21 03:52:12.705,com.sec.android.app.shealth,0,948,1.278996,714.4,29.57,487mnSNu6t,com.sec.android.app.shealth,323fe3c9-f39e-494b-88f0-1cb2c4620019,2025-12-20 00:00:00.000,
c6cd238b-6206-4edc-8531-9e22c03190d6.binning_data.json,2025-12-22 03:46:44.343,2025-12-21 03:52:26.488,com.sec.android.app.shealth,102,1504,1.3285992,1143.75,81.07,hriiVjEkYE,com.sec.android.app.shealth,c6cd238b-6206-4edc-8531-9e22c03190d6,2025-12-20 00:00:00.000,
e87b24bb-ff18-4cad-872d-1b74604fa9c2.binning_data.json,2025-12-22 11:30:33.549,2025-12-21 05:32:22.240,com.sec.android.app.shealth,-2,2671,1.2407879,1993.09,135.0,VfS0qUERdZ,com.sec.android.app.shealth,e87b24bb-ff18-4cad-872d-1b74604fa9c2,2025-12-21 00:00:00.000,
827dfad3-8eac-4dc7-bba3-4ff2fa0c39d5.binning_data.json,2025-12-23 11:20:11.120,2025-12-22 03:39:09.637,com.sec.android.app.shealth,-2,9790,1.3255194,7461.94,506.22,VfS0qUERdZ,com.sec.android.app.shealth,827dfad3-8eac-4dc7-bba3-4ff2fa0c39d5,2025-12-22 00:00:00.000,
83262030-320e-401e-ac1a-9fcf10cefe98.binning_data.json,2025-12-23 03:00:14.034,2025-12-22 03:46:38.928,com.sec.android.app.shealth,0,7697,1.1128726,5617.91,236.24,487mnSNu6t,com.sec.android.app.shealth,83262030-320e-401e-ac1a-9fcf10cefe98,2025-12-22 00:00:00.000,
6ac18cfd-92f7-45f4-a53a-bc4eae2fb871.binning_data.json,2025-12-22 03:46:39.066,2025-12-22 03:46:39.066,com.sec.android.app.shealth,0,869,1.1395625,635.56,27.49,487mnSNu6t,com.sec.android.app.shealth,6ac18cfd-92f7-45f4-a53a-bc4eae2fb871,2025-12-21 00:00:00.000,
3e0f2373-cd31-4840-9ca4-165dc5370bf4.binning_data.json,2025-12-23 03:00:20.354,2025-12-22 03:46:44.361,com.sec.android.app.shealth,102,2410,1.2514113,1801.15,131.26,hriiVjEkYE,com.sec.android.app.shealth,3e0f2373-cd31-4840-9ca4-165dc5370bf4,2025-12-21 00:00:00.000,
5d179d30-60f1-4634-911b-ae20e2bd27b7.binning_data.json,2025-12-24 03:00:11.399,2025-12-23 03:00:20.373,com.sec.android.app.shealth,102,8100,1.396993,6236.57,481.09,hriiVjEkYE,com.sec.android.app.shealth,5d179d30-60f1-4634-911b-ae20e2bd27b7,2025-12-22 00:00:00.000,
bca0b160-6a95-4614-8055-a8323465a307.binning_data.json,2025-12-24 00:31:35.429,2025-12-23 11:20:10.842,com.sec.android.app.shealth,-2,1934,1.3546301,1471.52,76.82,VfS0qUERdZ,com.sec.android.app.shealth,bca0b160-6a95-4614-8055-a8323465a307,2025-12-23 00:00:00.000,
35ae6420-dd31-4236-8e1e-88e0258f97f8.binning_data.json,2025-12-24 03:00:07.682,2025-12-24 03:00:07.682,com.sec.android.app.shealth,0,1708,1.3384231,1298.87,54.04,487mnSNu6t,com.sec.android.app.shealth,35ae6420-dd31-4236-8e1e-88e0258f97f8,2025-12-23 00:00:00.000,
f3e89832-8d6a-4c94-b6b7-a4cd2ea1e374.binning_data.json,2025-12-24 03:00:11.392,2025-12-24 03:00:11.392,com.sec.android.app.shealth,102,771,1.3929955,591.87,46.72,hriiVjEkYE,com.sec.android.app.shealth,f3e89832-8d6a-4c94-b6b7-a4cd2ea1e374,2025-12-23 00:00:00.000,
c3f2703d-7684-4635-a0d8-bf75b6f1f536.binning_data.json,2025-12-24 23:35:01.435,2025-12-24 04:59:15.211,com.sec.android.app.shealth,-2,3972,1.2946315,2982.97,122.42,VfS0qUERdZ,com.sec.android.app.shealth,c3f2703d-7684-4635-a0d8-bf75b6f1f536,2025-12-24 00:00:00.000,
721d5662-28f8-4f95-9bd1-363531dbed5e.binning_data.json,2025-12-25 03:00:48.003,2025-12-25 03:00:48.003,com.sec.android.app.shealth,0,3972,1.2946315,2982.97,122.42,487mnSNu6t,com.sec.android.app.shealth,721d5662-28f8-4f95-9bd1-363531dbed5e,2025-12-24 00:00:00.000,
c9a13dfe-9b7b-4435-b782-811069d3dd32.binning_data.json,2025-12-26 02:47:55.254,2025-12-25 03:15:37.670,com.sec.android.app.shealth,-2,2919,1.2190129,2197.34,159.31,VfS0qUERdZ,com.sec.android.app.shealth,c9a13dfe-9b7b-4435-b782-811069d3dd32,2025-12-25 00:00:00.000,
dfd9cf1d-bdb2-4b2b-8725-4a19088be1cf.binning_data.json,2025-12-26 03:00:02.609,2025-12-26 03:00:02.609,com.sec.android.app.shealth,0,2919,1.2190129,2197.34,159.31,487mnSNu6t,com.sec.android.app.shealth,dfd9cf1d-bdb2-4b2b-8725-4a19088be1cf,2025-12-25 00:00:00.000,
277b79be-9209-4e75-ac73-b8cc0fab5f86.binning_data.json,2025-12-26 23:17:20.183,2025-12-26 12:55:49.888,com.sec.android.app.shealth,-2,306,1.1989607,229.54,17.779999,VfS0qUERdZ,com.sec.android.app.shealth,277b79be-9209-4e75-ac73-b8cc0fab5f86,2025-12-26 00:00:00.000,
ea619ee3-610f-42e5-8045-08a8fc9d01e8.binning_data.json,2025-12-27 03:00:11.058,2025-12-27 03:00:11.058,com.sec.android.app.shealth,0,306,1.1989607,229.54,17.779999,487mnSNu6t,com.sec.android.app.shealth,ea619ee3-610f-42e5-8045-08a8fc9d01e8,2025-12-26 00:00:00.000,
a502e071-f863-4635-88f8-abd08dcc9cbe.binning_data.json,2025-12-28 04:54:57.383,2025-12-27 14:35:01.502,com.sec.android.app.shealth,-2,2515,1.5691384,2028.59,171.73,VfS0qUERdZ,com.sec.android.app.shealth,a502e071-f863-4635-88f8-abd08dcc9cbe,2025-12-27 00:00:00.000,
bde99d69-76d5-40f3-addb-2800ee88e555.binning_data.json,2025-12-28 03:00:03.245,2025-12-28 03:00:03.245,com.sec.android.app.shealth,0,1531,1.2751158,1164.33,84.22,487mnSNu6t,com.sec.android.app.shealth,bde99d69-76d5-40f3-addb-2800ee88e555,2025-12-27 00:00:00.000,
ce3f6308-f4af-4c77-af3e-eb4728be5d4d.binning_data.json,2025-12-29 03:13:23.646,2025-12-28 03:00:04.389,com.sec.android.app.shealth,102,1098,2.1130826,948.05,92.59,hriiVjEkYE,com.sec.android.app.shealth,ce3f6308-f4af-4c77-af3e-eb4728be5d4d,2025-12-27 00:00:00.000,
302911b2-bb05-4d5e-871d-54c6ad90244d.binning_data.json,2025-12-29 08:18:24.901,2025-12-28 14:31:06.400,com.sec.android.app.shealth,-2,1565,1.5044628,1238.11,98.42,VfS0qUERdZ,com.sec.android.app.shealth,302911b2-bb05-4d5e-871d-54c6ad90244d,2025-12-28 00:00:00.000,
d6370085-b7a3-48e9-bf21-1e925b35fba5.binning_data.json,2025-12-29 03:13:17.019,2025-12-29 03:13:17.019,com.sec.android.app.shealth,0,604,1.1313908,442.16998,19.18,487mnSNu6t,com.sec.android.app.shealth,d6370085-b7a3-48e9-bf21-1e925b35fba5,2025-12-28 00:00:00.000,
7c8b74de-d090-47bb-bf61-118c5790e0ac.binning_data.json,2025-12-30 03:02:30.130,2025-12-29 03:13:23.515,com.sec.android.app.shealth,102,1284,1.6170343,1032.58,92.33,hriiVjEkYE,com.sec.android.app.shealth,7c8b74de-d090-47bb-bf61-118c5790e0ac,2025-12-28 00:00:00.000,
086b0fd6-87c6-482e-8e48-8481af849435.binning_data.json,2025-12-31 19:16:52.110,2025-12-29 11:32:44.793,com.sec.android.app.shealth,-2,2876,1.1801345,2134.1199,138.70999,VfS0qUERdZ,com.sec.android.app.shealth,086b0fd6-87c6-482e-8e48-8481af849435,2025-12-29 00:00:00.000,
2d425954-9fc3-41a2-9091-72cf2c07c952.binning_data.json,2025-12-30 03:01:56.860,2025-12-30 03:01:56.860,com.sec.android.app.shealth,0,1762,1.0853888,1283.59,56.14,487mnSNu6t,com.sec.android.app.shealth,2d425954-9fc3-41a2-9091-72cf2c07c952,2025-12-29 00:00:00.000,
bd601fce-5277-48d4-9d8a-f3a4fcd41569.binning_data.json,2026-01-01 03:00:10.195,2025-12-30 03:02:30.232,com.sec.android.app.shealth,102,1827,1.2455325,1370.4,108.57,hriiVjEkYE,com.sec.android.app.shealth,bd601fce-5277-48d4-9d8a-f3a4fcd41569,2025-12-29 00:00:00.000,
3d4b0396-5568-4681-93f7-482915c21422.binning_data.json,2025-12-31 02:31:14.468,2025-12-30 12:56:31.924,com.sec.android.app.shealth,-2,1579,1.139232,1161.3201,50.170002,VfS0qUERdZ,com.sec.android.app.shealth,3d4b0396-5568-4681-93f7-482915c21422,2025-12-30 00:00:00.000,
33b6b0a7-29a2-4bb0-8a23-eb65667310d6.binning_data.json,2025-12-31 03:00:04.813,2025-12-31 03:00:04.813,com.sec.android.app.shealth,0,1579,1.139232,1161.3201,50.170002,487mnSNu6t,com.sec.android.app.shealth,33b6b0a7-29a2-4bb0-8a23-eb65667310d6,2025-12-30 00:00:00.000,
29cee0ce-61db-41ec-88c3-21cf8ff74608.binning_data.json,2026-01-01 04:06:40.390,2025-12-31 04:04:28.830,com.sec.android.app.shealth,-2,2819,1.2507603,2105.2,115.73,VfS0qUERdZ,com.sec.android.app.shealth,29cee0ce-61db-41ec-88c3-21cf8ff74608,2025-12-31 00:00:00.000,
db9f350a-30ef-4d5b-9492-966aaf77b8aa.binning_data.json,2026-01-01 03:14:40.128,2026-01-01 03:00:06.505,com.sec.android.app.shealth,0,2171,1.2386595,1616.26,68.24,487mnSNu6t,com.sec.android.app.shealth,db9f350a-30ef-4d5b-9492-966aaf77b8aa,2025-12-31 00:00:00.000,
87f3faa8-a3d5-4749-8bee-8879d6e2d12b.binning_data.json,2026-01-02 03:00:03.507,2026-01-01 03:00:10.187,com.sec.android.app.shealth,102,1402,1.2753668,1050.38,83.8,hriiVjEkYE,com.sec.android.app.shealth,87f3faa8-a3d5-4749-8bee-8879d6e2d12b,2025-12-31 00:00:00.000,
04486926-d70c-4bfc-9ecc-14e31261a064.binning_data.json,2026-01-02 02:58:24.422,2026-01-01 03:37:55.797,com.sec.android.app.shealth,-2,4810,1.4591806,3765.99,297.38998,VfS0qUERdZ,com.sec.android.app.shealth,04486926-d70c-4bfc-9ecc-14e31261a064,2026-01-01 00:00:00.000,
186ec76d-6ed5-4416-b26e-616bd3a65f7e.binning_data.json,2026-01-02 03:00:02.643,2026-01-02 03:00:02.643,com.sec.android.app.shealth,0,1313,1.1679144,967.08997,41.57,487mnSNu6t,com.sec.android.app.shealth,186ec76d-6ed5-4416-b26e-616bd3a65f7e,2026-01-01 00:00:00.000,
fba4fd45-53c0-407c-9770-4c52ead04d7c.binning_data.json,2026-01-02 03:00:03.501,2026-01-02 03:00:03.501,com.sec.android.app.shealth,102,4409,1.4944521,3473.01,291.38998,hriiVjEkYE,com.sec.android.app.shealth,fba4fd45-53c0-407c-9770-4c52ead04d7c,2026-01-01 00:00:00.000,
b4172459-f969-4971-b361-80de97ac7ed8.binning_data.json,2026-01-03 02:09:46.494,2026-01-02 09:45:24.123,com.sec.android.app.shealth,-2,3918,1.253805,2926.21,121.19999,VfS0qUERdZ,com.sec.android.app.shealth,b4172459-f969-4971-b361-80de97ac7ed8,2026-01-02 00:00:00.000,
afe41e51-b744-4ac5-bc5f-1bfebadc4b8c.binning_data.json,2026-01-03 03:01:13.399,2026-01-03 03:01:13.399,com.sec.android.app.shealth,0,3918,1.253805,2926.21,121.19999,487mnSNu6t,com.sec.android.app.shealth,afe41e51-b744-4ac5-bc5f-1bfebadc4b8c,2026-01-02 00:00:00.000,
c6fd067c-3125-42e4-8c2f-ba5d92b87dc2.binning_data.json,2026-01-04 02:21:55.896,2026-01-03 13:23:25.056,com.sec.android.app.shealth,-2,1219,1.230618,906.33,38.73,VfS0qUERdZ,com.sec.android.app.shealth,c6fd067c-3125-42e4-8c2f-ba5d92b87dc2,2026-01-03 00:00:00.000,
ea5b3ec3-bb14-4a59-a18d-4cdba29e0f8e.binning_data.json,2026-01-04 03:03:21.027,2026-01-04 03:03:21.027,com.sec.android.app.shealth,0,1219,1.230618,906.33,38.73,487mnSNu6t,com.sec.android.app.shealth,ea5b3ec3-bb14-4a59-a18d-4cdba29e0f8e,2026-01-03 00:00:00.000,
5cba5197-dca5-4c39-bc61-2ed828611ed1.binning_data.json,2026-01-05 03:00:07.370,2026-01-04 04:51:15.857,com.sec.android.app.shealth,-2,6455,1.0735551,4741.84,355.56998,VfS0qUERdZ,com.sec.android.app.shealth,5cba5197-dca5-4c39-bc61-2ed828611ed1,2026-01-04 00:00:00.000,
06d8486a-a730-4b86-aa95-5fd83bd5d7bf.binning_data.json,2026-01-05 03:00:06.424,2026-01-05 03:00:06.424,com.sec.android.app.shealth,0,6455,1.0735551,4741.84,355.56998,487mnSNu6t,com.sec.android.app.shealth,06d8486a-a730-4b86-aa95-5fd83bd5d7bf,2026-01-04 00:00:00.000,
c8a1ed94-fd8e-4e03-92a5-235e41e49bc7.binning_data.json,2026-01-06 03:15:11.751,2026-01-05 03:38:43.475,com.sec.android.app.shealth,-2,1485,1.184776,1114.01,87.15,VfS0qUERdZ,com.sec.android.app.shealth,c8a1ed94-fd8e-4e03-92a5-235e41e49bc7,2026-01-05 00:00:00.000,
5d3b004c-f1d7-4f37-affa-c2ef0dde63ed.binning_data.json,2026-01-06 03:01:06.971,2026-01-06 03:00:37.304,com.sec.android.app.shealth,0,1485,1.184776,1114.01,87.15,487mnSNu6t,com.sec.android.app.shealth,5d3b004c-f1d7-4f37-affa-c2ef0dde63ed,2026-01-05 00:00:00.000,
4690768a-f6f7-4207-95fb-5634e45d2824.binning_data.json,2026-01-07 11:35:30.912,2026-01-06 03:15:11.097,com.sec.android.app.shealth,-2,10972,1.2435063,8190.83,549.06,VfS0qUERdZ,com.sec.android.app.shealth,4690768a-f6f7-4207-95fb-5634e45d2824,2026-01-06 00:00:00.000,
c6c3606c-8fd4-4be5-83f0-b4a050d06b5b.binning_data.json,2026-01-07 03:00:06.324,2026-01-07 03:00:06.324,com.sec.android.app.shealth,0,6152,1.1697375,4544.1,189.99,487mnSNu6t,com.sec.android.app.shealth,c6c3606c-8fd4-4be5-83f0-b4a050d06b5b,2026-01-06 00:00:00.000,
bd507003-0d86-4372-80ef-f341816a1586.binning_data.json,2026-01-08 03:00:05.680,2026-01-07 03:00:08.112,com.sec.android.app.shealth,102,9869,1.2622586,7396.06,569.07,hriiVjEkYE,com.sec.android.app.shealth,bd507003-0d86-4372-80ef-f341816a1586,2026-01-06 00:00:00.000,
d15a342b-bd9b-4084-9f5a-86e94a0378fd.binning_data.json,2026-01-09 03:26:26.586,2026-01-07 11:35:30.606,com.sec.android.app.shealth,-2,4571,1.260943,3428.01,233.37999,VfS0qUERdZ,com.sec.android.app.shealth,d15a342b-bd9b-4084-9f5a-86e94a0378fd,2026-01-07 00:00:00.000,
e4cb2bcf-5b4b-49bf-8f4e-409bd02b2456.binning_data.json,2026-01-08 03:00:03.950,2026-01-08 03:00:03.950,com.sec.android.app.shealth,0,1716,1.1191506,1255.32,53.63,487mnSNu6t,com.sec.android.app.shealth,e4cb2bcf-5b4b-49bf-8f4e-409bd02b2456,2026-01-07 00:00:00.000,
93aa99f8-ca3e-45dd-8134-b7c7141d3507.binning_data.json,2026-01-10 03:00:56.457,2026-01-08 03:00:05.676,com.sec.android.app.shealth,102,3374,1.3091596,2549.75,197.56999,hriiVjEkYE,com.sec.android.app.shealth,93aa99f8-ca3e-45dd-8134-b7c7141d3507,2026-01-07 00:00:00.000,
f62fc4a3-f249-451b-bb47-4d0683682c9d.binning_data.json,2026-01-09 02:35:01.924,2026-01-08 12:13:25.739,com.sec.android.app.shealth,-2,3266,1.2663292,2443.24,101.68,VfS0qUERdZ,com.sec.android.app.shealth,f62fc4a3-f249-451b-bb47-4d0683682c9d,2026-01-08 00:00:00.000,
58760ec6-5a28-44a4-8abe-cb891ffe5adb.binning_data.json,2026-01-09 03:00:03.744,2026-01-09 03:00:03.744,com.sec.android.app.shealth,0,3266,1.2663292,2443.24,101.68,487mnSNu6t,com.sec.android.app.shealth,58760ec6-5a28-44a4-8abe-cb891ffe5adb,2026-01-08 00:00:00.000,
27d0af24-d189-4de6-b237-47f119ed164d.binning_data.json,2026-01-10 02:16:25.530,2026-01-09 11:25:44.773,com.sec.android.app.shealth,-2,4421,1.3509567,3383.3499,235.26999,VfS0qUERdZ,com.sec.android.app.shealth,27d0af24-d189-4de6-b237-47f119ed164d,2026-01-09 00:00:00.000,
7b5eb115-483a-41b2-ba0c-dec790d07b90.binning_data.json,2026-01-10 03:00:54.095,2026-01-10 03:00:54.095,com.sec.android.app.shealth,0,2482,1.2076705,1841.6,78.06,487mnSNu6t,com.sec.android.app.shealth,7b5eb115-483a-41b2-ba0c-dec790d07b90,2026-01-09 00:00:00.000,
c282077d-ba53-4ba1-b364-a7bcedd98265.binning_data.json,2026-01-10 03:00:56.449,2026-01-10 03:00:56.449,com.sec.android.app.shealth,102,3099,1.4066908,2399.3599,200.19,hriiVjEkYE,com.sec.android.app.shealth,c282077d-ba53-4ba1-b364-a7bcedd98265,2026-01-09 00:00:00.000,
3b1633f5-2701-4de5-be53-9caf53fb5731.binning_data.json,2026-01-11 10:41:22.439,2026-01-10 10:35:02.039,com.sec.android.app.shealth,-2,5892,1.3044318,4466.18,307.22,VfS0qUERdZ,com.sec.android.app.shealth,3b1633f5-2701-4de5-be53-9caf53fb5731,2026-01-10 00:00:00.000,
8a3d4d1e-0da2-4432-9790-38e6238e5988.binning_data.json,2026-01-11 03:00:37.462,2026-01-11 03:00:37.462,com.sec.android.app.shealth,0,4068,1.1832023,3006.57,125.59,487mnSNu6t,com.sec.android.app.shealth,8a3d4d1e-0da2-4432-9790-38e6238e5988,2026-01-10 00:00:00.000,
e8a6fa5b-1ba8-4d24-8fb0-b9310894f1c8.binning_data.json,2026-01-12 03:42:52.191,2026-01-11 03:00:46.463,com.sec.android.app.shealth,102,4983,1.3323973,3793.5,301.78,hriiVjEkYE,com.sec.android.app.shealth,e8a6fa5b-1ba8-4d24-8fb0-b9310894f1c8,2026-01-10 00:00:00.000,
a0ad7d24-d2b3-4c40-b06d-7a14704929e6.binning_data.json,2026-01-12 01:15:02.414,2026-01-11 10:35:37.483,com.sec.android.app.shealth,-2,3438,1.2679235,2575.7,131.38,VfS0qUERdZ,com.sec.android.app.shealth,a0ad7d24-d2b3-4c40-b06d-7a14704929e6,2026-01-11 00:00:00.000,
0c06b165-9ca4-484d-84df-9da109d88bb5.binning_data.json,2026-01-12 03:42:51.509,2026-01-12 03:42:51.509,com.sec.android.app.shealth,0,3152,1.2625881,2359.74,98.4,487mnSNu6t,com.sec.android.app.shealth,0c06b165-9ca4-484d-84df-9da109d88bb5,2026-01-11 00:00:00.000,
e99d65eb-d8d2-426a-bf6a-7360de274c82.binning_data.json,2026-01-12 03:42:52.187,2026-01-12 03:42:52.187,com.sec.android.app.shealth,102,1542,1.3223382,1166.44,91.95,hriiVjEkYE,com.sec.android.app.shealth,e99d65eb-d8d2-426a-bf6a-7360de274c82,2026-01-11 00:00:00.000,
65fbd3ac-fd81-49c6-8539-640bf749e730.binning_data.json,2026-01-13 00:39:33.100,2026-01-12 11:05:35.591,com.sec.android.app.shealth,-2,1687,1.2226995,1251.86,53.05,VfS0qUERdZ,com.sec.android.app.shealth,65fbd3ac-fd81-49c6-8539-640bf749e730,2026-01-12 00:00:00.000,
26f0c5c0-6de9-4d9b-b2cc-f7361df7f9e5.binning_data.json,2026-01-13 03:00:12.723,2026-01-13 03:00:12.723,com.sec.android.app.shealth,0,1687,1.2226995,1251.86,53.05,487mnSNu6t,com.sec.android.app.shealth,26f0c5c0-6de9-4d9b-b2cc-f7361df7f9e5,2026-01-12 00:00:00.000,
486079af-b21c-4b88-89e1-e5629ec23136.binning_data.json,2026-01-14 10:31:55.971,2026-01-13 11:34:39.842,com.sec.android.app.shealth,-2,3637,1.3701291,2798.93,194.09999,VfS0qUERdZ,com.sec.android.app.shealth,486079af-b21c-4b88-89e1-e5629ec23136,2026-01-13 00:00:00.000,
957be662-c09f-4c56-8b4d-aeafb4ec2223.binning_data.json,2026-01-14 03:05:31.903,2026-01-14 03:00:03.354,com.sec.android.app.shealth,0,1875,1.201202,1389.76,58.87,487mnSNu6t,com.sec.android.app.shealth,957be662-c09f-4c56-8b4d-aeafb4ec2223,2026-01-13 00:00:00.000,
dc36967d-fc55-4c9f-b45d-402d4c5c5c34.binning_data.json,2026-01-14 03:01:16.774,2026-01-14 03:01:16.774,com.sec.android.app.shealth,102,2656,1.4517964,2073.6501,174.2,hriiVjEkYE,com.sec.android.app.shealth,dc36967d-fc55-4c9f-b45d-402d4c5c5c34,2026-01-13 00:00:00.000,
4da92f82-f3c4-4927-9a52-dd001caaa071.binning_data.json,2026-01-15 02:35:16.706,2026-01-14 10:31:55.843,com.sec.android.app.shealth,-2,4465,1.3071072,3372.06,220.89,VfS0qUERdZ,com.sec.android.app.shealth,4da92f82-f3c4-4927-9a52-dd001caaa071,2026-01-14 00:00:00.000,
10fc8113-ccfc-4c7d-b559-4ab0b5e6d409.binning_data.json,2026-01-15 03:00:18.676,2026-01-15 03:00:18.676,com.sec.android.app.shealth,0,3401,1.2373255,2533.41,104.29,487mnSNu6t,com.sec.android.app.shealth,10fc8113-ccfc-4c7d-b559-4ab0b5e6d409,2026-01-14 00:00:00.000,
76f75d9e-0eea-4082-bb7d-317acd3c649e.binning_data.json,2026-01-15 03:00:41.555,2026-01-15 03:00:41.555,com.sec.android.app.shealth,102,3911,1.3252938,2964.65,233.53,hriiVjEkYE,com.sec.android.app.shealth,76f75d9e-0eea-4082-bb7d-317acd3c649e,2026-01-14 00:00:00.000,
da4d9f78-d9e3-48ab-a3a0-111f4830be69.binning_data.json,2026-01-16 00:15:01.593,2026-01-15 12:35:17.700,com.sec.android.app.shealth,-2,2359,1.3047681,1800.27,137.97,VfS0qUERdZ,com.sec.android.app.shealth,da4d9f78-d9e3-48ab-a3a0-111f4830be69,2026-01-15 00:00:00.000,
34eee667-a5f2-4739-89b2-c5530b1ea60a.binning_data.json,2026-01-16 03:00:02.552,2026-01-16 03:00:02.552,com.sec.android.app.shealth,0,2359,1.3047681,1800.27,137.97,487mnSNu6t,com.sec.android.app.shealth,34eee667-a5f2-4739-89b2-c5530b1ea60a,2026-01-15 00:00:00.000,
18948c4c-4e7d-418b-859e-01678a7f98a2.binning_data.json,2026-01-17 10:20:03.022,2026-01-16 10:33:54.992,com.sec.android.app.shealth,-2,5823,1.3303007,4429.16,296.29,VfS0qUERdZ,com.sec.android.app.shealth,18948c4c-4e7d-418b-859e-01678a7f98a2,2026-01-16 00:00:00.000,
d85f0321-35b1-4f2a-ac0d-44535527daa3.binning_data.json,2026-01-17 03:00:44.507,2026-01-17 03:00:44.507,com.sec.android.app.shealth,0,4301,1.228544,3195.0,132.51,487mnSNu6t,com.sec.android.app.shealth,d85f0321-35b1-4f2a-ac0d-44535527daa3,2026-01-16 00:00:00.000,
01bd93b3-3344-4698-8eff-acd21c6b7a6e.binning_data.json,2026-01-18 03:04:46.372,2026-01-17 03:00:58.180,com.sec.android.app.shealth,102,5388,1.358555,4121.07,334.73,hriiVjEkYE,com.sec.android.app.shealth,01bd93b3-3344-4698-8eff-acd21c6b7a6e,2026-01-16 00:00:00.000,
6c982a69-14db-4b13-a26a-7bd371d67616.binning_data.json,2026-01-18 15:58:15.487,2026-01-17 10:19:57.169,com.sec.android.app.shealth,-2,4684,1.2586346,3507.92,219.89,VfS0qUERdZ,com.sec.android.app.shealth,6c982a69-14db-4b13-a26a-7bd371d67616,2026-01-17 00:00:00.000,
e73ada79-9724-49b8-80cb-f0d986f86eba.binning_data.json,2026-01-18 03:04:36.003,2026-01-18 03:04:36.003,com.sec.android.app.shealth,0,2429,1.1980988,1801.14,76.229996,487mnSNu6t,com.sec.android.app.shealth,e73ada79-9724-49b8-80cb-f0d986f86eba,2026-01-17 00:00:00.000,
4a70e434-8340-4370-8b06-28735e81af4e.binning_data.json,2026-01-19 03:00:57.472,2026-01-18 03:04:46.884,com.sec.android.app.shealth,102,2979,1.2973306,2245.57,174.33,hriiVjEkYE,com.sec.android.app.shealth,4a70e434-8340-4370-8b06-28735e81af4e,2026-01-17 00:00:00.000,
70d0a1f5-0fd4-4530-861b-5a230d32b4b2.binning_data.json,2026-01-19 11:30:45.794,2026-01-18 14:08:23.532,com.sec.android.app.shealth,-2,2095,1.3975422,1620.88,105.049995,VfS0qUERdZ,com.sec.android.app.shealth,70d0a1f5-0fd4-4530-861b-5a230d32b4b2,2026-01-18 00:00:00.000,
524bb741-ed7c-4d65-b4ca-d4618dd3edb8.binning_data.json,2026-01-19 03:00:10.792,2026-01-19 03:00:10.792,com.sec.android.app.shealth,0,1276,1.1889933,945.17,40.24,487mnSNu6t,com.sec.android.app.shealth,524bb741-ed7c-4d65-b4ca-d4618dd3edb8,2026-01-18 00:00:00.000,
cdc61b55-4cac-4e4a-885d-fd7a74a52541.binning_data.json,2026-01-20 03:00:49.016,2026-01-19 03:00:57.487,com.sec.android.app.shealth,102,1453,1.5299591,1147.26,95.08,hriiVjEkYE,com.sec.android.app.shealth,cdc61b55-4cac-4e4a-885d-fd7a74a52541,2026-01-18 00:00:00.000,
bd850156-e595-4779-8971-78afe87f2b38.binning_data.json,2026-01-20 19:33:43.358,2026-01-19 11:30:45.594,com.sec.android.app.shealth,-2,2403,1.479147,1889.65,126.61,VfS0qUERdZ,com.sec.android.app.shealth,bd850156-e595-4779-8971-78afe87f2b38,2026-01-19 00:00:00.000,
e082485c-3f16-4a85-8194-a9e1d11f0072.binning_data.json,2026-01-20 03:00:33.416,2026-01-20 03:00:33.416,com.sec.android.app.shealth,0,1359,1.262445,1016.61,42.5,487mnSNu6t,com.sec.android.app.shealth,e082485c-3f16-4a85-8194-a9e1d11f0072,2026-01-19 00:00:00.000,
91c54629-c6fc-42f6-a0cb-26cea4947f8f.binning_data.json,2026-01-21 03:08:20.401,2026-01-20 03:00:49.012,com.sec.android.app.shealth,102,1428,1.6506542,1161.02,104.2,hriiVjEkYE,com.sec.android.app.shealth,91c54629-c6fc-42f6-a0cb-26cea4947f8f,2026-01-19 00:00:00.000,
e35c3a40-ba44-4b32-a920-34f4304bf78d.binning_data.json,2026-01-21 00:43:29.808,2026-01-20 10:56:16.258,com.sec.android.app.shealth,-2,3785,1.2374803,2813.56,115.909996,VfS0qUERdZ,com.sec.android.app.shealth,e35c3a40-ba44-4b32-a920-34f4304bf78d,2026-01-20 00:00:00.000,
28b27d62-5d23-4eca-aca4-f22e06c3a4b4.binning_data.json,2026-01-21 03:08:09.521,2026-01-21 03:08:09.521,com.sec.android.app.shealth,0,3785,1.2374803,2813.56,115.909996,487mnSNu6t,com.sec.android.app.shealth,28b27d62-5d23-4eca-aca4-f22e06c3a4b4,2026-01-20 00:00:00.000,
bf2e4dfc-91f6-4b7f-95bc-348ed8fb05ab.binning_data.json,2026-01-22 10:46:35.518,2026-01-21 10:06:26.901,com.sec.android.app.shealth,-2,5181,1.3222396,3939.94,262.32,VfS0qUERdZ,com.sec.android.app.shealth,bf2e4dfc-91f6-4b7f-95bc-348ed8fb05ab,2026-01-21 00:00:00.000,
fda8b08e-02bc-4884-b90c-f7bba32cee66.binning_data.json,2026-01-22 03:00:04.589,2026-01-22 03:00:04.589,com.sec.android.app.shealth,0,4006,1.1961356,2961.1199,123.15,487mnSNu6t,com.sec.android.app.shealth,fda8b08e-02bc-4884-b90c-f7bba32cee66,2026-01-21 00:00:00.000,
7c1e4a16-d040-45d2-8bd1-4c5a9bdb71cc.binning_data.json,2026-01-23 03:03:31.731,2026-01-22 03:00:06.391,com.sec.android.app.shealth,102,4651,1.3678267,3563.49,292.15,hriiVjEkYE,com.sec.android.app.shealth,7c1e4a16-d040-45d2-8bd1-4c5a9bdb71cc,2026-01-21 00:00:00.000,
52915e6b-4ad0-430b-a26a-266600d66759.binning_data.json,2026-01-23 13:06:20.042,2026-01-22 10:46:34.804,com.sec.android.app.shealth,-2,4458,1.2829245,3343.01,149.67,VfS0qUERdZ,com.sec.android.app.shealth,52915e6b-4ad0-430b-a26a-266600d66759,2026-01-22 00:00:00.000,
d948d4ff-58e5-46a3-ba99-ecdaf50cf679.binning_data.json,2026-01-23 03:02:19.210,2026-01-23 03:02:19.210,com.sec.android.app.shealth,0,4293,1.2708453,3210.31,131.43,487mnSNu6t,com.sec.android.app.shealth,d948d4ff-58e5-46a3-ba99-ecdaf50cf679,2026-01-22 00:00:00.000,
b8f6ffef-c806-4705-bd62-c0ed77422d80.binning_data.json,2026-01-24 03:00:25.333,2026-01-23 03:03:31.729,com.sec.android.app.shealth,102,876,1.4078825,672.82,57.56,hriiVjEkYE,com.sec.android.app.shealth,b8f6ffef-c806-4705-bd62-c0ed77422d80,2026-01-22 00:00:00.000,
1e4ee1db-6587-4614-bfa6-7d07b37bad7c.binning_data.json,2026-01-24 02:01:13.053,2026-01-23 10:55:02.836,com.sec.android.app.shealth,-2,5990,1.3222995,4541.45,284.95,VfS0qUERdZ,com.sec.android.app.shealth,1e4ee1db-6587-4614-bfa6-7d07b37bad7c,2026-01-23 00:00:00.000,
2a3d2160-057d-46c3-8ed7-a77beb1a8d4a.binning_data.json,2026-01-24 03:00:20.455,2026-01-24 03:00:20.455,com.sec.android.app.shealth,0,4666,1.2473853,3482.03,143.73,487mnSNu6t,com.sec.android.app.shealth,2a3d2160-057d-46c3-8ed7-a77beb1a8d4a,2026-01-23 00:00:00.000,
3b2897ea-2e00-42bc-b27d-9190413f35fb.binning_data.json,2026-01-24 03:00:25.377,2026-01-24 03:00:25.377,com.sec.android.app.shealth,102,4453,1.369951,3405.1199,274.52,hriiVjEkYE,com.sec.android.app.shealth,3b2897ea-2e00-42bc-b27d-9190413f35fb,2026-01-23 00:00:00.000,
f4c6b99e-c18b-43b5-84c9-bdd60a4c8c00.binning_data.json,2026-01-27 03:36:44.642,2026-01-24 11:15:38.620,com.sec.android.app.shealth,-2,2041,1.3180588,1551.02,106.25,VfS0qUERdZ,com.sec.android.app.shealth,f4c6b99e-c18b-43b5-84c9-bdd60a4c8c00,2026-01-24 00:00:00.000,
bb070ac3-cdf2-4daf-9a97-e915ac5aa16f.binning_data.json,2026-01-25 03:57:15.773,2026-01-25 03:57:15.773,com.sec.android.app.shealth,0,946,1.2045939,700.83,29.78,487mnSNu6t,com.sec.android.app.shealth,bb070ac3-cdf2-4daf-9a97-e915ac5aa16f,2026-01-24 00:00:00.000,
92d8006b-a05c-4796-9aa5-9567bc8d5ff6.binning_data.json,2026-01-28 03:00:22.904,2026-01-25 03:57:36.873,com.sec.android.app.shealth,102,1661,1.3709135,1272.62,102.31,hriiVjEkYE,com.sec.android.app.shealth,92d8006b-a05c-4796-9aa5-9567bc8d5ff6,2026-01-24 00:00:00.000,
929da30b-e4df-4614-ba01-7697da74531d.binning_data.json,2026-01-25 21:08:12.158,2026-01-25 13:35:27.640,com.sec.android.app.shealth,-2,4511,1.2143635,3344.6301,138.83,VfS0qUERdZ,com.sec.android.app.shealth,929da30b-e4df-4614-ba01-7697da74531d,2026-01-25 00:00:00.000,
c67738e7-493f-4e7e-91cc-742f71c3303e.binning_data.json,2026-01-26 03:00:07.504,2026-01-26 03:00:07.504,com.sec.android.app.shealth,0,4511,1.2143635,3344.6301,138.83,487mnSNu6t,com.sec.android.app.shealth,c67738e7-493f-4e7e-91cc-742f71c3303e,2026-01-25 00:00:00.000,
0511a670-f4b1-4551-8649-7beeff6b44d0.binning_data.json,2026-01-26 23:44:46.606,2026-01-26 11:42:23.544,com.sec.android.app.shealth,-2,1627,1.2861513,1217.32,50.429996,VfS0qUERdZ,com.sec.android.app.shealth,0511a670-f4b1-4551-8649-7beeff6b44d0,2026-01-26 00:00:00.000,
655cd693-ea67-4418-978d-7ab16be119f7.binning_data.json,2026-01-27 03:00:02.805,2026-01-27 03:00:02.805,com.sec.android.app.shealth,0,1627,1.2861513,1217.32,50.429996,487mnSNu6t,com.sec.android.app.shealth,655cd693-ea67-4418-978d-7ab16be119f7,2026-01-26 00:00:00.000,
cb4a0f9b-0009-43c2-93a1-8676d42c293f.binning_data.json,2026-01-28 01:37:22.710,2026-01-27 10:36:05.723,com.sec.android.app.shealth,-2,3827,1.3730402,2931.42,189.86,VfS0qUERdZ,com.sec.android.app.shealth,cb4a0f9b-0009-43c2-93a1-8676d42c293f,2026-01-27 00:00:00.000,
14141ab2-3518-4577-a600-d4e960034381.binning_data.json,2026-01-28 03:00:12.262,2026-01-28 03:00:12.262,com.sec.android.app.shealth,0,2523,1.2825997,1891.05,78.14,487mnSNu6t,com.sec.android.app.shealth,14141ab2-3518-4577-a600-d4e960034381,2026-01-27 00:00:00.000,
3a2315af-d98a-4a2e-87dd-f7547cf3f901.binning_data.json,2026-01-28 03:00:22.651,2026-01-28 03:00:22.651,com.sec.android.app.shealth,102,3058,1.4324077,2368.64,190.84,hriiVjEkYE,com.sec.android.app.shealth,3a2315af-d98a-4a2e-87dd-f7547cf3f901,2026-01-27 00:00:00.000,
62ab5447-2c72-4487-91ed-e7ab56b0f1ac.binning_data.json,2026-01-29 03:39:27.596,2026-01-28 10:52:20.071,com.sec.android.app.shealth,-2,4403,1.2807552,3310.02,197.58,VfS0qUERdZ,com.sec.android.app.shealth,62ab5447-2c72-4487-91ed-e7ab56b0f1ac,2026-01-28 00:00:00.000,
a8ff0ad0-d01b-4ca0-99d9-43953c418beb.binning_data.json,2026-01-29 03:00:06.116,2026-01-29 03:00:06.116,com.sec.android.app.shealth,0,3733,1.2270235,2771.65,114.37,487mnSNu6t,com.sec.android.app.shealth,a8ff0ad0-d01b-4ca0-99d9-43953c418beb,2026-01-28 00:00:00.000,
f8a02a57-a8f0-456c-a0cc-484ff6ed6333.binning_data.json,2026-01-30 03:00:09.967,2026-01-29 03:00:08.445,com.sec.android.app.shealth,102,3013,1.3290486,2286.6,188.08,hriiVjEkYE,com.sec.android.app.shealth,f8a02a57-a8f0-456c-a0cc-484ff6ed6333,2026-01-28 00:00:00.000,
436af0be-f8d9-4310-bc54-edee31544e6d.binning_data.json,2026-01-30 11:02:40.542,2026-01-29 10:55:06.667,com.sec.android.app.shealth,-2,5808,1.3887542,4481.28,352.01,VfS0qUERdZ,com.sec.android.app.shealth,436af0be-f8d9-4310-bc54-edee31544e6d,2026-01-29 00:00:00.000,
e9411d92-a84e-4af3-ab9c-66b9ccc3270f.binning_data.json,2026-01-30 03:00:07.002,2026-01-30 03:00:07.002,com.sec.android.app.shealth,0,4545,1.3287617,3484.03,270.58,487mnSNu6t,com.sec.android.app.shealth,e9411d92-a84e-4af3-ab9c-66b9ccc3270f,2026-01-29 00:00:00.000,
67930a08-072e-430d-be67-73c1e049d2cb.binning_data.json,2026-01-31 03:00:10.284,2026-01-30 03:00:09.962,com.sec.android.app.shealth,102,5197,1.4049672,3997.1401,314.55,hriiVjEkYE,com.sec.android.app.shealth,67930a08-072e-430d-be67-73c1e049d2cb,2026-01-29 00:00:00.000,
be68c1f9-6b11-4290-82a4-7d8bb2e63308.binning_data.json,2026-01-31 08:14:07.056,2026-01-30 11:02:39.947,com.sec.android.app.shealth,-2,5626,1.4074033,4387.91,364.6,VfS0qUERdZ,com.sec.android.app.shealth,be68c1f9-6b11-4290-82a4-7d8bb2e63308,2026-01-30 00:00:00.000,
1e25ed1d-0bb9-4ab2-a4cb-b390b9787b88.binning_data.json,2026-01-31 03:00:07.598,2026-01-31 03:00:07.598,com.sec.android.app.shealth,0,3884,1.2617416,2944.8,230.61,487mnSNu6t,com.sec.android.app.shealth,1e25ed1d-0bb9-4ab2-a4cb-b390b9787b88,2026-01-30 00:00:00.000,
a30d8f8f-e0c5-47e8-a61b-8345a15b0ac5.binning_data.json,2026-02-01 03:00:24.010,2026-01-31 03:00:10.278,com.sec.android.app.shealth,102,5130,1.4299629,3995.29,337.24,hriiVjEkYE,com.sec.android.app.shealth,a30d8f8f-e0c5-47e8-a61b-8345a15b0ac5,2026-01-30 00:00:00.000,
40460322-b971-4594-bc0f-fccc8b09d415.binning_data.json,2026-02-01 13:55:06.443,2026-01-31 03:02:47.035,com.sec.android.app.shealth,-2,6473,1.3731213,4973.66,390.96,VfS0qUERdZ,com.sec.android.app.shealth,40460322-b971-4594-bc0f-fccc8b09d415,2026-01-31 00:00:00.000,
8d610df7-48ad-4d54-ae62-9c5831527d13.binning_data.json,2026-02-01 03:00:21.646,2026-02-01 03:00:21.646,com.sec.android.app.shealth,0,4339,1.3001631,3317.8,257.27,487mnSNu6t,com.sec.android.app.shealth,8d610df7-48ad-4d54-ae62-9c5831527d13,2026-01-31 00:00:00.000,
72642832-2d94-40fb-a1cf-620300231b0f.binning_data.json,2026-02-02 03:00:09.628,2026-02-01 03:00:24.046,com.sec.android.app.shealth,102,6099,1.3878963,4674.91,360.6,hriiVjEkYE,com.sec.android.app.shealth,72642832-2d94-40fb-a1cf-620300231b0f,2026-01-31 00:00:00.000,
8f9c66a9-f56a-488c-8acc-1027891f302e.binning_data.json,2026-02-02 02:39:12.070,2026-02-01 04:08:19.643,com.sec.android.app.shealth,-2,1094,1.22162,825.66003,63.75,VfS0qUERdZ,com.sec.android.app.shealth,8f9c66a9-f56a-488c-8acc-1027891f302e,2026-02-01 00:00:00.000,
4e6f51cb-12b4-4cf9-8349-b15f62dcbbba.binning_data.json,2026-02-02 03:00:07.196,2026-02-02 03:00:07.196,com.sec.android.app.shealth,0,1094,1.22162,825.66003,63.75,487mnSNu6t,com.sec.android.app.shealth,4e6f51cb-12b4-4cf9-8349-b15f62dcbbba,2026-02-01 00:00:00.000,
95460f8d-c727-4a9e-a7ed-37adc08b586e.binning_data.json,2026-02-02 23:58:48.994,2026-02-02 11:37:23.983,com.sec.android.app.shealth,-2,3945,1.5162596,3125.77,260.65,VfS0qUERdZ,com.sec.android.app.shealth,95460f8d-c727-4a9e-a7ed-37adc08b586e,2026-02-02 00:00:00.000,
52b42ec6-611b-41bc-a5c9-6d6661723c10.binning_data.json,2026-02-03 03:00:05.784,2026-02-03 03:00:05.784,com.sec.android.app.shealth,0,1506,1.3146322,1151.92,88.23,487mnSNu6t,com.sec.android.app.shealth,52b42ec6-611b-41bc-a5c9-6d6661723c10,2026-02-02 00:00:00.000,
49e6574d-bb5e-41b1-b06c-ebb0e7a5b700.binning_data.json,2026-02-03 03:00:22.070,2026-02-03 03:00:22.070,com.sec.android.app.shealth,102,2781,1.608682,2232.7,192.12,hriiVjEkYE,com.sec.android.app.shealth,49e6574d-bb5e-41b1-b06c-ebb0e7a5b700,2026-02-02 00:00:00.000,
ab47aecb-5ec2-4392-b763-e23412cf7c14.binning_data.json,2026-02-04 02:07:06.877,2026-02-03 11:43:00.527,com.sec.android.app.shealth,-2,1450,1.3604237,1120.84,89.549995,VfS0qUERdZ,com.sec.android.app.shealth,ab47aecb-5ec2-4392-b763-e23412cf7c14,2026-02-03 00:00:00.000,
7e37b975-8e96-4532-aca7-945913eb3d93.binning_data.json,2026-02-04 03:00:05.865,2026-02-04 03:00:05.865,com.sec.android.app.shealth,0,1271,1.2828255,969.4,74.79,487mnSNu6t,com.sec.android.app.shealth,7e37b975-8e96-4532-aca7-945913eb3d93,2026-02-03 00:00:00.000,
02c3dcbb-4fb6-458e-ade1-6a54066c424c.binning_data.json,2026-02-04 03:00:08.114,2026-02-04 03:00:08.114,com.sec.android.app.shealth,102,291,1.7431583,236.37001,21.329998,hriiVjEkYE,com.sec.android.app.shealth,02c3dcbb-4fb6-458e-ade1-6a54066c424c,2026-02-03 00:00:00.000,
f3de2618-3098-4926-847f-165bc65fce93.binning_data.json,2026-02-05 06:03:23.045,2026-02-04 10:55:23.424,com.sec.android.app.shealth,-2,5809,1.391818,4492.25,369.47,VfS0qUERdZ,com.sec.android.app.shealth,f3de2618-3098-4926-847f-165bc65fce93,2026-02-04 00:00:00.000,
fe840b8a-a7ad-4408-bc29-3148304be2a7.binning_data.json,2026-02-05 03:00:05.693,2026-02-05 03:00:05.693,com.sec.android.app.shealth,0,3730,1.2497194,2817.73,221.79,487mnSNu6t,com.sec.android.app.shealth,fe840b8a-a7ad-4408-bc29-3148304be2a7,2026-02-04 00:00:00.000,
3fe783fa-ef41-4478-a287-8f11d2e28983.binning_data.json,2026-02-06 03:00:22.251,2026-02-05 03:00:07.976,com.sec.android.app.shealth,102,5389,1.4122238,4166.6,344.41,hriiVjEkYE,com.sec.android.app.shealth,3fe783fa-ef41-4478-a287-8f11d2e28983,2026-02-04 00:00:00.000,
1a6f66ac-a2af-4351-af8c-5615cf9e5924.binning_data.json,2026-02-06 02:48:43.410,2026-02-05 10:37:31.308,com.sec.android.app.shealth,-2,5744,1.3256774,4343.98,208.74,VfS0qUERdZ,com.sec.android.app.shealth,1a6f66ac-a2af-4351-af8c-5615cf9e5924,2026-02-05 00:00:00.000,
57520ec2-4956-4790-b127-88d34288f967.binning_data.json,2026-02-06 03:00:20.168,2026-02-06 03:00:20.168,com.sec.android.app.shealth,0,5612,1.3250015,4247.08,197.61,487mnSNu6t,com.sec.android.app.shealth,57520ec2-4956-4790-b127-88d34288f967,2026-02-05 00:00:00.000,
68d13f8b-d5e4-4dd4-a835-82a675a83087.binning_data.json,2026-02-06 03:00:22.243,2026-02-06 03:00:22.243,com.sec.android.app.shealth,102,922,1.4109509,706.17,60.89,hriiVjEkYE,com.sec.android.app.shealth,68d13f8b-d5e4-4dd4-a835-82a675a83087,2026-02-05 00:00:00.000,
460e8016-35b0-40e7-8bef-05c46105211c.binning_data.json,2026-02-07 01:56:00.268,2026-02-06 10:35:01.476,com.sec.android.app.shealth,-2,1832,1.2076064,1357.24,57.3,VfS0qUERdZ,com.sec.android.app.shealth,460e8016-35b0-40e7-8bef-05c46105211c,2026-02-06 00:00:00.000,
a14f336e-b19f-48b6-b570-3af10d4b086b.binning_data.json,2026-02-07 03:00:04.621,2026-02-07 03:00:04.621,com.sec.android.app.shealth,0,1832,1.2076064,1357.24,57.3,487mnSNu6t,com.sec.android.app.shealth,a14f336e-b19f-48b6-b570-3af10d4b086b,2026-02-06 00:00:00.000,
fa61780d-3064-4ee2-baf0-c7c4471186b6.binning_data.json,2026-02-08 01:35:10.582,2026-02-07 10:36:11.561,com.sec.android.app.shealth,-2,2741,1.2884797,2056.23,85.15,VfS0qUERdZ,com.sec.android.app.shealth,fa61780d-3064-4ee2-baf0-c7c4471186b6,2026-02-07 00:00:00.000,
589f2892-997f-4d40-9bca-3993810e7c69.binning_data.json,2026-02-08 03:00:01.200,2026-02-08 03:00:01.200,com.sec.android.app.shealth,0,2741,1.2884797,2056.23,85.15,487mnSNu6t,com.sec.android.app.shealth,589f2892-997f-4d40-9bca-3993810e7c69,2026-02-07 00:00:00.000,
e7eaad16-a5d4-4d62-bf28-34a992d0ff2d.binning_data.json,2026-02-09 11:20:19.642,2026-02-08 11:51:01.060,com.sec.android.app.shealth,-2,4186,1.3698832,3214.1199,231.12,VfS0qUERdZ,com.sec.android.app.shealth,e7eaad16-a5d4-4d62-bf28-34a992d0ff2d,2026-02-08 00:00:00.000,
0bde2544-4be4-49c1-88d9-2096f7114e8a.binning_data.json,2026-02-09 03:00:04.639,2026-02-09 03:00:04.639,com.sec.android.app.shealth,0,2123,1.2488136,1585.95,65.64,487mnSNu6t,com.sec.android.app.shealth,0bde2544-4be4-49c1-88d9-2096f7114e8a,2026-02-08 00:00:00.000,
f461fc05-95cd-4ed5-9ad7-396df5718485.binning_data.json,2026-02-10 03:00:09.537,2026-02-09 03:00:09.351,com.sec.android.app.shealth,102,3953,1.3889197,3046.72,250.24,hriiVjEkYE,com.sec.android.app.shealth,f461fc05-95cd-4ed5-9ad7-396df5718485,2026-02-08 00:00:00.000,
d6eddf7f-119f-47ff-b7dd-15f87eb424e2.binning_data.json,2026-02-10 11:23:59.130,2026-02-09 11:16:54.784,com.sec.android.app.shealth,-2,2355,1.3154596,1778.64,111.12,VfS0qUERdZ,com.sec.android.app.shealth,d6eddf7f-119f-47ff-b7dd-15f87eb424e2,2026-02-09 00:00:00.000,
26b6f944-4a26-4c56-8ef2-64343b4f70a3.binning_data.json,2026-02-10 03:00:07.856,2026-02-10 03:00:07.856,com.sec.android.app.shealth,0,1292,1.257827,964.39,40.74,487mnSNu6t,com.sec.android.app.shealth,26b6f944-4a26-4c56-8ef2-64343b4f70a3,2026-02-09 00:00:00.000,
56c95b00-1e8d-4deb-b284-e46884171e18.binning_data.json,2026-02-11 03:00:40.690,2026-02-10 03:00:09.531,com.sec.android.app.shealth,102,1213,1.3718245,926.66,76.0,hriiVjEkYE,com.sec.android.app.shealth,56c95b00-1e8d-4deb-b284-e46884171e18,2026-02-09 00:00:00.000,
775d08cd-98ff-4b54-9cce-cbc81ee766a0.binning_data.json,2026-02-11 01:00:36.823,2026-02-10 10:00:29.119,com.sec.android.app.shealth,-2,4195,1.3340787,3188.22,199.55,VfS0qUERdZ,com.sec.android.app.shealth,775d08cd-98ff-4b54-9cce-cbc81ee766a0,2026-02-10 00:00:00.000,
da69e992-ff7b-4a49-97fb-73d4ff1a36c1.binning_data.json,2026-02-11 03:00:21.889,2026-02-11 03:00:21.889,com.sec.android.app.shealth,0,2108,1.2327567,1573.0199,66.119995,487mnSNu6t,com.sec.android.app.shealth,da69e992-ff7b-4a49-97fb-73d4ff1a36c1,2026-02-10 00:00:00.000,
e2b01030-076d-44c0-b226-dfd269ed9dc0.binning_data.json,2026-02-11 03:00:40.727,2026-02-11 03:00:40.727,com.sec.android.app.shealth,102,3130,1.3821533,2396.2,177.36,hriiVjEkYE,com.sec.android.app.shealth,e2b01030-076d-44c0-b226-dfd269ed9dc0,2026-02-10 00:00:00.000,
bf3d6047-f5ad-4348-b00c-e9dcb6a202a4.binning_data.json,2026-02-13 10:40:39.844,2026-02-11 10:31:34.811,com.sec.android.app.shealth,-2,10004,1.3225774,7560.73,368.61,VfS0qUERdZ,com.sec.android.app.shealth,bf3d6047-f5ad-4348-b00c-e9dcb6a202a4,2026-02-11 00:00:00.000,
0cd85f13-383b-4eab-ab22-7168963e7c60.binning_data.json,2026-02-12 03:00:19.568,2026-02-12 03:00:19.568,com.sec.android.app.shealth,0,9494,1.2865778,7131.1196,289.88,487mnSNu6t,com.sec.android.app.shealth,0cd85f13-383b-4eab-ab22-7168963e7c60,2026-02-11 00:00:00.000,
0f932f40-1ebe-439c-aae9-86f9d79e2c5c.binning_data.json,2026-02-14 03:46:07.828,2026-02-12 03:00:20.197,com.sec.android.app.shealth,102,3343,1.2754947,2513.72,204.44,hriiVjEkYE,com.sec.android.app.shealth,0f932f40-1ebe-439c-aae9-86f9d79e2c5c,2026-02-11 00:00:00.000,
8416bfe1-9aad-4155-8702-0d661ac2aff1.binning_data.json,2026-02-13 01:25:41.597,2026-02-12 10:36:27.267,com.sec.android.app.shealth,-2,2879,1.2408401,2172.38,165.33,VfS0qUERdZ,com.sec.android.app.shealth,8416bfe1-9aad-4155-8702-0d661ac2aff1,2026-02-12 00:00:00.000,
92c663cd-a6c7-42f5-8ba7-fc9648f99dba.binning_data.json,2026-02-13 03:00:02.417,2026-02-13 03:00:02.417,com.sec.android.app.shealth,0,2879,1.2408401,2172.38,165.33,487mnSNu6t,com.sec.android.app.shealth,92c663cd-a6c7-42f5-8ba7-fc9648f99dba,2026-02-12 00:00:00.000,
095cba4b-77a7-433e-b900-b7a5160e169f.binning_data.json,2026-02-14 17:01:53.928,2026-02-13 10:55:01.954,com.sec.android.app.shealth,-2,5853,1.2708257,4404.7,281.91,VfS0qUERdZ,com.sec.android.app.shealth,095cba4b-77a7-433e-b900-b7a5160e169f,2026-02-13 00:00:00.000,
867e8a4c-3a0f-46d4-91a9-07bf2ffee668.binning_data.json,2026-02-14 03:45:51.744,2026-02-14 03:45:51.744,com.sec.android.app.shealth,0,4332,1.194505,3205.65,133.58,487mnSNu6t,com.sec.android.app.shealth,867e8a4c-3a0f-46d4-91a9-07bf2ffee668,2026-02-13 00:00:00.000,
56b992f4-2ef7-41e8-83a3-54939e19cf76.binning_data.json,2026-02-15 03:00:10.079,2026-02-14 03:46:07.904,com.sec.android.app.shealth,102,4589,1.3003603,3471.56,282.78,hriiVjEkYE,com.sec.android.app.shealth,56b992f4-2ef7-41e8-83a3-54939e19cf76,2026-02-13 00:00:00.000,
c524d13f-f438-4282-94b8-db572759f6e7.binning_data.json,2026-02-16 15:16:57.340,2026-02-14 07:44:13.300,com.sec.android.app.shealth,-2,2809,1.3415371,2162.52,176.23,VfS0qUERdZ,com.sec.android.app.shealth,c524d13f-f438-4282-94b8-db572759f6e7,2026-02-14 00:00:00.000,
2106d014-793e-456a-89be-7db21ee07ef1.binning_data.json,2026-02-15 03:00:08.199,2026-02-15 03:00:08.199,com.sec.android.app.shealth,0,1856,1.2416295,1406.01,109.09,487mnSNu6t,com.sec.android.app.shealth,2106d014-793e-456a-89be-7db21ee07ef1,2026-02-14 00:00:00.000,
37887596-d79b-48c2-93b0-b46c914b7983.binning_data.json,2026-02-17 03:00:08.893,2026-02-15 03:00:10.075,com.sec.android.app.shealth,102,2300,1.3833328,1769.76,147.56999,hriiVjEkYE,com.sec.android.app.shealth,37887596-d79b-48c2-93b0-b46c914b7983,2026-02-14 00:00:00.000,
9de35db8-0a8c-4c85-bccb-87d6e5df7213.binning_data.json,2026-02-16 01:11:06.325,2026-02-15 06:06:27.872,com.sec.android.app.shealth,-2,4656,1.225666,3505.46,276.45,VfS0qUERdZ,com.sec.android.app.shealth,9de35db8-0a8c-4c85-bccb-87d6e5df7213,2026-02-15 00:00:00.000,
3fe377a9-4a79-424f-8595-f38bbfa17716.binning_data.json,2026-02-16 03:11:24.225,2026-02-16 03:11:24.225,com.sec.android.app.shealth,0,4656,1.225666,3505.46,276.45,487mnSNu6t,com.sec.android.app.shealth,3fe377a9-4a79-424f-8595-f38bbfa17716,2026-02-15 00:00:00.000,
3579f3ac-2a3b-4490-a2fd-742d535d492c.binning_data.json,2026-02-17 01:10:20.929,2026-02-16 10:35:48.347,com.sec.android.app.shealth,-2,5111,1.4474381,3965.8499,297.61,VfS0qUERdZ,com.sec.android.app.shealth,3579f3ac-2a3b-4490-a2fd-742d535d492c,2026-02-16 00:00:00.000,
e022cfac-24a7-4b2f-b331-2252d47b7fa1.binning_data.json,2026-02-17 03:00:04.359,2026-02-17 03:00:04.359,com.sec.android.app.shealth,0,4708,1.4641796,3673.3699,280.21,487mnSNu6t,com.sec.android.app.shealth,e022cfac-24a7-4b2f-b331-2252d47b7fa1,2026-02-16 00:00:00.000,
fc50fcc5-288f-49e6-baea-ef5cac17a0c4.binning_data.json,2026-02-17 03:00:08.910,2026-02-17 03:00:08.910,com.sec.android.app.shealth,102,3800,1.4919933,2949.34,204.2,hriiVjEkYE,com.sec.android.app.shealth,fc50fcc5-288f-49e6-baea-ef5cac17a0c4,2026-02-16 00:00:00.000,
0fbc3f24-e9eb-490d-a884-a3faf888cbfa.binning_data.json,2026-02-18 00:33:47.220,2026-02-17 12:51:13.796,com.sec.android.app.shealth,-2,5154,1.4389963,3994.3198,296.97998,VfS0qUERdZ,com.sec.android.app.shealth,0fbc3f24-e9eb-490d-a884-a3faf888cbfa,2026-02-17 00:00:00.000,
54addf42-a66e-4bae-a069-73e1b6cbfef1.binning_data.json,2026-02-18 03:00:04.264,2026-02-18 03:00:04.264,com.sec.android.app.shealth,0,4574,1.4464713,3562.3499,272.34,487mnSNu6t,com.sec.android.app.shealth,54addf42-a66e-4bae-a069-73e1b6cbfef1,2026-02-17 00:00:00.000,
cc242926-3fe8-4885-bb96-ba535422632d.binning_data.json,2026-02-18 03:00:06.179,2026-02-18 03:00:06.179,com.sec.android.app.shealth,102,4130,1.4828138,3204.25,227.42,hriiVjEkYE,com.sec.android.app.shealth,cc242926-3fe8-4885-bb96-ba535422632d,2026-02-17 00:00:00.000,
8382dbff-f117-4835-8ff5-6880d3cae614.binning_data.json,2026-02-18 23:53:12.149,2026-02-18 11:41:22.858,com.sec.android.app.shealth,-2,4140,1.3455576,3179.6401,262.39,VfS0qUERdZ,com.sec.android.app.shealth,8382dbff-f117-4835-8ff5-6880d3cae614,2026-02-18 00:00:00.000,
917dea94-9fd3-4d69-a1f3-38cbf749470b.binning_data.json,2026-02-19 03:01:41.524,2026-02-19 03:01:41.524,com.sec.android.app.shealth,0,1769,1.246248,1336.24,103.79,487mnSNu6t,com.sec.android.app.shealth,917dea94-9fd3-4d69-a1f3-38cbf749470b,2026-02-18 00:00:00.000,
32543a82-e50d-4834-b937-6b038f995e7d.binning_data.json,2026-02-19 03:02:37.663,2026-02-19 03:02:37.663,com.sec.android.app.shealth,102,3129,1.3783715,2411.48,204.92,hriiVjEkYE,com.sec.android.app.shealth,32543a82-e50d-4834-b937-6b038f995e7d,2026-02-18 00:00:00.000,
d3e55d42-fa1d-4919-a358-27e652bc890d.binning_data.json,2026-02-20 01:07:33.920,2026-02-19 06:04:07.377,com.sec.android.app.shealth,-2,5198,1.2874596,3944.17,312.43,VfS0qUERdZ,com.sec.android.app.shealth,d3e55d42-fa1d-4919-a358-27e652bc890d,2026-02-19 00:00:00.000,
519adafb-bf65-4578-912f-346e1f2d6fab.binning_data.json,2026-02-20 03:00:05.414,2026-02-20 03:00:05.414,com.sec.android.app.shealth,0,4518,1.2532995,3419.74,268.59,487mnSNu6t,com.sec.android.app.shealth,519adafb-bf65-4578-912f-346e1f2d6fab,2026-02-19 00:00:00.000,
1d473ebf-8cee-4262-93ff-9a01211a73be.binning_data.json,2026-02-20 03:00:07.832,2026-02-20 03:00:07.832,com.sec.android.app.shealth,102,2906,1.3014528,2195.22,178.29,hriiVjEkYE,com.sec.android.app.shealth,1d473ebf-8cee-4262-93ff-9a01211a73be,2026-02-19 00:00:00.000,
b573e3d9-e3f6-4794-93c3-8164f24a1549.binning_data.json,2026-02-21 13:39:17.476,2026-02-20 10:55:09.045,com.sec.android.app.shealth,-2,4665,1.2639512,3529.19,275.15,VfS0qUERdZ,com.sec.android.app.shealth,b573e3d9-e3f6-4794-93c3-8164f24a1549,2026-02-20 00:00:00.000,
47cbe10f-a3d5-41e8-9a86-3063027b5339.binning_data.json,2026-02-21 03:00:10.373,2026-02-21 03:00:10.373,com.sec.android.app.shealth,0,3930,1.2506977,2975.94,233.02,487mnSNu6t,com.sec.android.app.shealth,47cbe10f-a3d5-41e8-9a86-3063027b5339,2026-02-20 00:00:00.000,
5a1a927b-7dad-4b14-89a5-1905ed7a3266.binning_data.json,2026-02-22 03:00:31.465,2026-02-21 03:00:29.090,com.sec.android.app.shealth,102,2207,1.3100597,1668.26,128.2,hriiVjEkYE,com.sec.android.app.shealth,5a1a927b-7dad-4b14-89a5-1905ed7a3266,2026-02-20 00:00:00.000,
f343a866-cd2a-4869-b509-e6d25e30d5ec.binning_data.json,2026-02-23 15:58:46.525,2026-02-21 13:39:17.138,com.sec.android.app.shealth,-2,3514,1.4482994,2748.14,224.51999,VfS0qUERdZ,com.sec.android.app.shealth,f343a866-cd2a-4869-b509-e6d25e30d5ec,2026-02-21 00:00:00.000,
948c14bb-0e37-4235-b451-ef68cc8151ea.binning_data.json,2026-02-22 03:00:30.665,2026-02-22 03:00:30.665,com.sec.android.app.shealth,0,1574,1.2258242,1186.65,92.6,487mnSNu6t,com.sec.android.app.shealth,948c14bb-0e37-4235-b451-ef68cc8151ea,2026-02-21 00:00:00.000,
1b9dd033-f1d7-46a2-ac4b-37506ebe28e8.binning_data.json,2026-02-24 03:00:07.646,2026-02-22 03:00:31.461,com.sec.android.app.shealth,102,3410,1.4544526,2663.93,218.12999,hriiVjEkYE,com.sec.android.app.shealth,1b9dd033-f1d7-46a2-ac4b-37506ebe28e8,2026-02-21 00:00:00.000,
fb877e6c-dc63-4c8e-a65b-2f0668bb74c8.binning_data.json,2026-02-23 02:27:30.104,2026-02-22 13:06:58.942,com.sec.android.app.shealth,-2,677,1.1379217,504.44,39.54,VfS0qUERdZ,com.sec.android.app.shealth,fb877e6c-dc63-4c8e-a65b-2f0668bb74c8,2026-02-22 00:00:00.000,
f10c5d38-e59f-41f8-94d3-d4d0fbfbccbe.binning_data.json,2026-02-23 03:00:21.292,2026-02-23 03:00:21.292,com.sec.android.app.shealth,0,677,1.1379217,504.44,39.54,487mnSNu6t,com.sec.android.app.shealth,f10c5d38-e59f-41f8-94d3-d4d0fbfbccbe,2026-02-22 00:00:00.000,
24facbd1-e688-4c04-80dd-684237eeffcf.binning_data.json,2026-02-24 11:07:54.210,2026-02-23 10:15:34.762,com.sec.android.app.shealth,-2,6317,1.3048549,4818.75,380.47,VfS0qUERdZ,com.sec.android.app.shealth,24facbd1-e688-4c04-80dd-684237eeffcf,2026-02-23 00:00:00.000,
cf82741f-729b-4e02-bb6d-f141f2bf66d4.binning_data.json,2026-02-24 03:00:04.505,2026-02-24 03:00:04.505,com.sec.android.app.shealth,0,5445,1.2536017,4125.74,323.96,487mnSNu6t,com.sec.android.app.shealth,cf82741f-729b-4e02-bb6d-f141f2bf66d4,2026-02-23 00:00:00.000,
54daa77f-ba8a-416a-9b38-e1400febf9b1.binning_data.json,2026-02-25 03:00:06.472,2026-02-24 03:00:07.666,com.sec.android.app.shealth,102,3470,1.3553755,2653.54,206.48,hriiVjEkYE,com.sec.android.app.shealth,54daa77f-ba8a-416a-9b38-e1400febf9b1,2026-02-23 00:00:00.000,
ec251e9f-65c2-49ce-a52d-7975c58296a0.binning_data.json,2026-02-24 22:21:17.586,2026-02-24 11:07:53.777,com.sec.android.app.shealth,-2,1943,1.3359199,1477.74,121.409996,VfS0qUERdZ,com.sec.android.app.shealth,ec251e9f-65c2-49ce-a52d-7975c58296a0,2026-02-24 00:00:00.000,
2f4a45f0-4df6-4475-968b-40e8abbb5ed1.binning_data.json,2026-02-25 03:00:04.816,2026-02-25 03:00:04.816,com.sec.android.app.shealth,0,167,1.2427475,126.17,9.799999,487mnSNu6t,com.sec.android.app.shealth,2f4a45f0-4df6-4475-968b-40e8abbb5ed1,2026-02-24 00:00:00.000,
21d39259-5d98-47a9-8aad-74d67b0f2b1d.binning_data.json,2026-02-25 03:00:06.467,2026-02-25 03:00:06.467,com.sec.android.app.shealth,102,1851,1.338738,1407.78,116.049995,hriiVjEkYE,com.sec.android.app.shealth,21d39259-5d98-47a9-8aad-74d67b0f2b1d,2026-02-24 00:00:00.000,
115dc331-e745-4199-8ea8-4cdc7a0158fa.binning_data.json,2026-02-26 00:39:49.412,2026-02-25 11:34:32.009,com.sec.android.app.shealth,-2,444,1.2242773,334.04,25.94,VfS0qUERdZ,com.sec.android.app.shealth,115dc331-e745-4199-8ea8-4cdc7a0158fa,2026-02-25 00:00:00.000,
dbeffeaa-db76-492a-b579-8cb9f6b8ae53.binning_data.json,2026-02-26 03:00:04.451,2026-02-26 03:00:04.451,com.sec.android.app.shealth,0,444,1.2242773,334.04,25.94,487mnSNu6t,com.sec.android.app.shealth,dbeffeaa-db76-492a-b579-8cb9f6b8ae53,2026-02-25 00:00:00.000,
d21b37e6-5a3c-42c4-b1ea-69ad199b4ed5.binning_data.json,2026-02-27 11:04:27.541,2026-02-26 09:45:17.926,com.sec.android.app.shealth,-2,5088,1.3231635,3859.56,252.88,VfS0qUERdZ,com.sec.android.app.shealth,d21b37e6-5a3c-42c4-b1ea-69ad199b4ed5,2026-02-26 00:00:00.000,
f95560d0-61f0-4d23-abc3-eb88367ac5e9.binning_data.json,2026-02-27 03:00:12.009,2026-02-27 03:00:12.009,com.sec.android.app.shealth,0,3705,1.2464714,2761.5,114.27,487mnSNu6t,com.sec.android.app.shealth,f95560d0-61f0-4d23-abc3-eb88367ac5e9,2026-02-26 00:00:00.000,
d617e53a-5af8-4b74-b0d5-4f5b58c174df.binning_data.json,2026-02-28 03:00:06.080,2026-02-27 03:00:24.788,com.sec.android.app.shealth,102,4714,1.3319967,3584.99,292.33,hriiVjEkYE,com.sec.android.app.shealth,d617e53a-5af8-4b74-b0d5-4f5b58c174df,2026-02-26 00:00:00.000,
7f1ca424-2738-4be6-b207-dd4f52d4de4d.binning_data.json,2026-02-28 02:22:07.256,2026-02-27 11:04:27.413,com.sec.android.app.shealth,-2,6998,1.3810477,5320.89,230.95,VfS0qUERdZ,com.sec.android.app.shealth,7f1ca424-2738-4be6-b207-dd4f52d4de4d,2026-02-27 00:00:00.000,
9460964a-c85e-455c-92a6-02a8b9e6db33.binning_data.json,2026-02-28 03:00:04.212,2026-02-28 03:00:04.212,com.sec.android.app.shealth,0,6607,1.3786736,5020.09,201.45,487mnSNu6t,com.sec.android.app.shealth,9460964a-c85e-455c-92a6-02a8b9e6db33,2026-02-27 00:00:00.000,
63d33b78-8a34-4f4b-8ede-760e1e58337f.binning_data.json,2026-02-28 03:00:06.074,2026-02-28 03:00:06.074,com.sec.android.app.shealth,102,668,1.3013879,504.56,41.0,hriiVjEkYE,com.sec.android.app.shealth,63d33b78-8a34-4f4b-8ede-760e1e58337f,2026-02-27 00:00:00.000,
572318a3-c6ad-4164-b30b-f7f26124837f.binning_data.json,2026-03-01 02:15:41.681,2026-02-28 04:19:31.553,com.sec.android.app.shealth,-2,3263,1.4448093,2536.7998,194.15999,VfS0qUERdZ,com.sec.android.app.shealth,572318a3-c6ad-4164-b30b-f7f26124837f,2026-02-28 00:00:00.000,
f61f5e60-54b9-4b19-bb35-be88d86e928f.binning_data.json,2026-03-01 03:00:04.275,2026-03-01 03:00:04.275,com.sec.android.app.shealth,0,2836,1.4251904,2198.65,167.40999,487mnSNu6t,com.sec.android.app.shealth,f61f5e60-54b9-4b19-bb35-be88d86e928f,2026-02-28 00:00:00.000,
2ab64742-8dbf-4b3d-8cb3-dd8add51330d.binning_data.json,2026-03-01 03:00:07.228,2026-03-01 03:00:07.228,com.sec.android.app.shealth,102,442,1.5795662,349.44,27.22,hriiVjEkYE,com.sec.android.app.shealth,2ab64742-8dbf-4b3d-8cb3-dd8add51330d,2026-02-28 00:00:00.000,
191c8b80-0ed8-4eda-abe5-ab220cb33aaa.binning_data.json,2026-03-02 02:59:30.443,2026-03-01 14:52:32.785,com.sec.android.app.shealth,-2,741,1.1347032,542.01,36.95,VfS0qUERdZ,com.sec.android.app.shealth,191c8b80-0ed8-4eda-abe5-ab220cb33aaa,2026-03-01 00:00:00.000,
28edbd8b-b8a9-4bee-b71b-9a387a49bcd5.binning_data.json,2026-03-02 03:00:05.095,2026-03-02 03:00:05.095,com.sec.android.app.shealth,0,228,1.1580998,167.31,7.1,487mnSNu6t,com.sec.android.app.shealth,28edbd8b-b8a9-4bee-b71b-9a387a49bcd5,2026-03-01 00:00:00.000,
acd43224-f0aa-42fe-a44e-0f1114b46eeb.binning_data.json,2026-03-02 03:00:06.841,2026-03-02 03:00:06.841,com.sec.android.app.shealth,102,513,1.1245587,374.7,29.85,hriiVjEkYE,com.sec.android.app.shealth,acd43224-f0aa-42fe-a44e-0f1114b46eeb,2026-03-01 00:00:00.000,
891d665d-3510-4742-bc90-a613bc9aeba3.binning_data.json,2026-03-03 16:36:27.352,2026-03-02 10:26:03.797,com.sec.android.app.shealth,-2,4512,1.2348932,3366.9,216.27,VfS0qUERdZ,com.sec.android.app.shealth,891d665d-3510-4742-bc90-a613bc9aeba3,2026-03-02 00:00:00.000,
0c3be672-deee-47fa-a861-d05f75274807.binning_data.json,2026-03-03 03:02:53.744,2026-03-03 03:02:53.744,com.sec.android.app.shealth,0,4061,1.2004588,3014.39,142.72,487mnSNu6t,com.sec.android.app.shealth,0c3be672-deee-47fa-a861-d05f75274807,2026-03-02 00:00:00.000,
0745142f-9d41-4773-bc94-1b80f40bef10.binning_data.json,2026-03-04 03:00:27.030,2026-03-03 03:03:05.775,com.sec.android.app.shealth,102,2826,1.2506578,2109.05,172.56,hriiVjEkYE,com.sec.android.app.shealth,0745142f-9d41-4773-bc94-1b80f40bef10,2026-03-02 00:00:00.000,
3d7fcbb6-c760-4299-bf73-ead88b01048b.binning_data.json,2026-03-04 10:35:16.635,2026-03-03 09:35:46.116,com.sec.android.app.shealth,-2,1133,1.4702119,891.19,60.69,VfS0qUERdZ,com.sec.android.app.shealth,3d7fcbb6-c760-4299-bf73-ead88b01048b,2026-03-03 00:00:00.000,
dd987286-7703-4081-b711-890b325c05c9.binning_data.json,2026-03-04 03:00:24.958,2026-03-04 03:00:24.958,com.sec.android.app.shealth,0,826,1.2359886,615.59,30.63,487mnSNu6t,com.sec.android.app.shealth,dd987286-7703-4081-b711-890b325c05c9,2026-03-03 00:00:00.000,
2691db00-c469-485a-9285-c3d240cf9e1a.binning_data.json,2026-03-06 03:00:03.115,2026-03-04 10:35:16.125,com.sec.android.app.shealth,-2,7762,1.3128632,5881.39,374.33,VfS0qUERdZ,com.sec.android.app.shealth,2691db00-c469-485a-9285-c3d240cf9e1a,2026-03-04 00:00:00.000,
c6767200-d22c-4422-a29c-ababe031a0c2.binning_data.json,2026-03-05 03:00:06.684,2026-03-05 03:00:06.684,com.sec.android.app.shealth,0,6060,1.2148921,4496.29,185.86,487mnSNu6t,com.sec.android.app.shealth,c6767200-d22c-4422-a29c-ababe031a0c2,2026-03-04 00:00:00.000,
c6b9a97a-9e24-4696-aabc-a447c4ee1346.binning_data.json,2026-03-05 03:00:08.318,2026-03-05 03:00:08.318,com.sec.android.app.shealth,102,465,1.977545,394.54,37.149998,hriiVjEkYE,com.sec.android.app.shealth,c6b9a97a-9e24-4696-aabc-a447c4ee1346,2026-03-03 00:00:00.000,
5db0a61f-89af-48b5-83e4-27ac8d32ecff.binning_data.json,2026-03-06 03:00:04.030,2026-03-05 03:00:08.360,com.sec.android.app.shealth,102,7170,1.3500333,5466.63,434.41,hriiVjEkYE,com.sec.android.app.shealth,5db0a61f-89af-48b5-83e4-27ac8d32ecff,2026-03-04 00:00:00.000,
557771a8-cf18-4311-bd88-af0708311eb6.binning_data.json,2026-03-06 12:40:15.313,2026-03-05 10:55:08.319,com.sec.android.app.shealth,-2,8644,1.3398942,6620.7896,515.20996,VfS0qUERdZ,com.sec.android.app.shealth,557771a8-cf18-4311-bd88-af0708311eb6,2026-03-05 00:00:00.000,
264f0430-b1c4-41a7-a625-8e764cb80642.binning_data.json,2026-03-06 03:00:02.836,2026-03-06 03:00:02.836,com.sec.android.app.shealth,0,8485,1.34155,6502.2495,505.77997,487mnSNu6t,com.sec.android.app.shealth,264f0430-b1c4-41a7-a625-8e764cb80642,2026-03-05 00:00:00.000,
fd9741eb-3bbe-4f16-9b84-7d9e8bbde8b9.binning_data.json,2026-03-07 12:43:32.569,2026-03-06 10:45:03.483,com.sec.android.app.shealth,-2,6612,1.33513,5065.31,404.75,VfS0qUERdZ,com.sec.android.app.shealth,fd9741eb-3bbe-4f16-9b84-7d9e8bbde8b9,2026-03-06 00:00:00.000,
e8b71a34-62ff-4d03-ad1e-4963d61ce876.binning_data.json,2026-03-07 03:00:55.835,2026-03-07 03:00:55.835,com.sec.android.app.shealth,0,5117,1.2351327,3863.24,303.53,487mnSNu6t,com.sec.android.app.shealth,e8b71a34-62ff-4d03-ad1e-4963d61ce876,2026-03-06 00:00:00.000,
520786c5-a035-42a5-932a-4b52ed7e6a38.binning_data.json,2026-03-08 03:00:04.302,2026-03-07 03:00:59.220,com.sec.android.app.shealth,102,4893,1.354757,3746.91,302.95,hriiVjEkYE,com.sec.android.app.shealth,520786c5-a035-42a5-932a-4b52ed7e6a38,2026-03-06 00:00:00.000,
82d6e2a9-7435-4367-a481-41d62d199caf.binning_data.json,2026-03-07 03:00:59.229,2026-03-07 03:00:59.229,com.sec.android.app.shealth,102,305,1.2982761,228.87,17.76,hriiVjEkYE,com.sec.android.app.shealth,82d6e2a9-7435-4367-a481-41d62d199caf,2026-03-05 00:00:00.000,
21555828-3182-4aa7-a72b-5be0a693f253.binning_data.json,2026-03-09 17:56:19.108,2026-03-07 12:43:32.260,com.sec.android.app.shealth,-2,1821,1.5520335,1457.05,120.38,VfS0qUERdZ,com.sec.android.app.shealth,21555828-3182-4aa7-a72b-5be0a693f253,2026-03-07 00:00:00.000,
7c4d8ae6-179d-4291-8e69-ad81b6d421f4.binning_data.json,2026-03-08 03:00:03.468,2026-03-08 03:00:03.468,com.sec.android.app.shealth,0,608,1.1088029,448.67,26.789999,487mnSNu6t,com.sec.android.app.shealth,7c4d8ae6-179d-4291-8e69-ad81b6d421f4,2026-03-07 00:00:00.000,
9b139098-6a97-463c-a341-c8e903bb2174.binning_data.json,2026-03-10 03:00:07.910,2026-03-08 03:00:04.282,com.sec.android.app.shealth,102,1624,1.6330924,1312.3099,113.72,hriiVjEkYE,com.sec.android.app.shealth,9b139098-6a97-463c-a341-c8e903bb2174,2026-03-07 00:00:00.000,
e214fbd6-c8cb-4267-8519-1507ddb7ba48.binning_data.json,2026-03-09 02:04:26.711,2026-03-08 14:56:06.938,com.sec.android.app.shealth,-2,1345,1.2677832,1005.72003,43.329998,VfS0qUERdZ,com.sec.android.app.shealth,e214fbd6-c8cb-4267-8519-1507ddb7ba48,2026-03-08 00:00:00.000,
344fc83e-030f-4941-bd96-d62ac7f1453f.binning_data.json,2026-03-09 03:00:06.883,2026-03-09 03:00:06.883,com.sec.android.app.shealth,0,1345,1.2677832,1005.72003,43.329998,487mnSNu6t,com.sec.android.app.shealth,344fc83e-030f-4941-bd96-d62ac7f1453f,2026-03-08 00:00:00.000,
0e358e49-2549-45cc-8d74-47c4ff6f5f73.binning_data.json,2026-03-10 00:44:01.569,2026-03-09 16:08:57.018,com.sec.android.app.shealth,-2,434,1.2061931,323.48,24.46,VfS0qUERdZ,com.sec.android.app.shealth,0e358e49-2549-45cc-8d74-47c4ff6f5f73,2026-03-09 00:00:00.000,
6cb84b26-4dc3-45a5-a371-70999eeac60c.binning_data.json,2026-03-10 03:00:05.498,2026-03-10 03:00:05.498,com.sec.android.app.shealth,0,234,1.2167082,175.14,10.42,487mnSNu6t,com.sec.android.app.shealth,6cb84b26-4dc3-45a5-a371-70999eeac60c,2026-03-09 00:00:00.000,
5751d10c-1c78-4d96-839d-fb845dee23a9.binning_data.json,2026-03-10 03:00:07.932,2026-03-10 03:00:07.932,com.sec.android.app.shealth,102,238,1.1944499,176.41,15.539999,hriiVjEkYE,com.sec.android.app.shealth,5751d10c-1c78-4d96-839d-fb845dee23a9,2026-03-09 00:00:00.000,
3816b8a5-7401-4b47-98b1-1f3bb95f192f.binning_data.json,2026-03-11 01:11:03.293,2026-03-10 10:54:02.300,com.sec.android.app.shealth,-2,5401,1.3551449,4128.59,275.71,VfS0qUERdZ,com.sec.android.app.shealth,3816b8a5-7401-4b47-98b1-1f3bb95f192f,2026-03-10 00:00:00.000,
12f91361-7961-4af0-bb04-55560598a89b.binning_data.json,2026-03-11 03:00:09.205,2026-03-11 03:00:09.205,com.sec.android.app.shealth,0,4287,1.2382115,3195.58,131.75,487mnSNu6t,com.sec.android.app.shealth,12f91361-7961-4af0-bb04-55560598a89b,2026-03-10 00:00:00.000,
7aa43423-8349-4ac8-a71b-ff8b05e44288.binning_data.json,2026-03-11 03:00:12.504,2026-03-11 03:00:12.504,com.sec.android.app.shealth,102,4427,1.3969568,3407.42,279.49,hriiVjEkYE,com.sec.android.app.shealth,7aa43423-8349-4ac8-a71b-ff8b05e44288,2026-03-10 00:00:00.000,
d0e58a12-b8a3-4b9a-bb57-16720c06e4a4.binning_data.json,2026-03-12 10:30:44.626,2026-03-11 12:13:40.816,com.sec.android.app.shealth,-2,1211,1.6526214,982.82,76.58,VfS0qUERdZ,com.sec.android.app.shealth,d0e58a12-b8a3-4b9a-bb57-16720c06e4a4,2026-03-11 00:00:00.000,
09d7f735-6828-4696-8f3f-981f59f704c4.binning_data.json,2026-03-12 03:00:11.500,2026-03-12 03:00:11.500,com.sec.android.app.shealth,0,545,1.224975,405.0,17.12,487mnSNu6t,com.sec.android.app.shealth,09d7f735-6828-4696-8f3f-981f59f704c4,2026-03-11 00:00:00.000,
dbc5317a-8c73-444a-a0d9-f2daf8316a69.binning_data.json,2026-03-13 03:00:10.081,2026-03-12 03:00:21.357,com.sec.android.app.shealth,102,891,1.8646355,744.86,69.25,hriiVjEkYE,com.sec.android.app.shealth,dbc5317a-8c73-444a-a0d9-f2daf8316a69,2026-03-11 00:00:00.000,
67b6b8b2-fe09-40be-9900-6955700116ba.binning_data.json,2026-03-13 10:25:55.968,2026-03-12 10:30:44.039,com.sec.android.app.shealth,-2,5174,1.3437371,3939.97,264.35,VfS0qUERdZ,com.sec.android.app.shealth,67b6b8b2-fe09-40be-9900-6955700116ba,2026-03-12 00:00:00.000,
4761f357-e802-4dc7-95ef-6a634068036d.binning_data.json,2026-03-13 03:00:07.957,2026-03-13 03:00:07.957,com.sec.android.app.shealth,0,3959,1.2575504,2959.85,121.59,487mnSNu6t,com.sec.android.app.shealth,4761f357-e802-4dc7-95ef-6a634068036d,2026-03-12 00:00:00.000,
9dc3ffe6-0804-4845-95d7-088f73b5d546.binning_data.json,2026-03-14 03:00:15.472,2026-03-13 03:00:10.074,com.sec.android.app.shealth,102,4864,1.3716468,3723.27,303.41,hriiVjEkYE,com.sec.android.app.shealth,9dc3ffe6-0804-4845-95d7-088f73b5d546,2026-03-12 00:00:00.000,
f04d3cbb-d310-4f81-84f5-c8dd4b6908e5.binning_data.json,2026-03-18 18:29:48.810,2026-03-13 10:25:55.614,com.sec.android.app.shealth,-2,4299,1.3084966,3258.15,174.2,VfS0qUERdZ,com.sec.android.app.shealth,f04d3cbb-d310-4f81-84f5-c8dd4b6908e5,2026-03-13 00:00:00.000,
535f6f61-e4f5-49d7-9b40-79cb85602365.binning_data.json,2026-03-14 03:18:18.195,2026-03-14 03:00:14.276,com.sec.android.app.shealth,0,3732,1.245235,2782.96,114.43,487mnSNu6t,com.sec.android.app.shealth,535f6f61-e4f5-49d7-9b40-79cb85602365,2026-03-13 00:00:00.000,
8b20cdb2-e0f8-4f40-91fa-497513fefef7.binning_data.json,2026-03-19 03:00:24.203,2026-03-14 03:00:15.486,com.sec.android.app.shealth,102,1220,1.5782403,972.89,87.73,hriiVjEkYE,com.sec.android.app.shealth,8b20cdb2-e0f8-4f40-91fa-497513fefef7,2026-03-13 00:00:00.000,
1d420369-7ce0-47e4-aa2b-c3f0bf4734e5.binning_data.json,2026-03-15 01:50:11.056,2026-03-14 14:45:05.141,com.sec.android.app.shealth,-2,859,1.1433276,630.26,26.85,VfS0qUERdZ,com.sec.android.app.shealth,1d420369-7ce0-47e4-aa2b-c3f0bf4734e5,2026-03-14 00:00:00.000,
9bfb0fde-fed3-482d-bffc-5862e2a705ce.binning_data.json,2026-03-15 03:00:02.532,2026-03-15 03:00:02.532,com.sec.android.app.shealth,0,859,1.1433276,630.26,26.85,487mnSNu6t,com.sec.android.app.shealth,9bfb0fde-fed3-482d-bffc-5862e2a705ce,2026-03-14 00:00:00.000,
28b8d7af-cfa0-4e09-9249-fb172b0a1867.binning_data.json,2026-03-15 22:15:04.041,2026-03-15 13:57:37.371,com.sec.android.app.shealth,-2,1601,1.2138416,1189.41,50.039997,VfS0qUERdZ,com.sec.android.app.shealth,28b8d7af-cfa0-4e09-9249-fb172b0a1867,2026-03-15 00:00:00.000,
25e46260-5e1f-46c1-bec2-7f0d7411b6e4.binning_data.json,2026-03-16 03:01:02.643,2026-03-16 03:01:02.643,com.sec.android.app.shealth,0,1601,1.2138416,1189.41,50.039997,487mnSNu6t,com.sec.android.app.shealth,25e46260-5e1f-46c1-bec2-7f0d7411b6e4,2026-03-15 00:00:00.000,
83a334ad-3710-4d89-9ee3-0e2fcce32dba.binning_data.json,2026-03-17 01:28:31.717,2026-03-16 04:05:21.964,com.sec.android.app.shealth,-2,701,1.2390972,522.21,22.12,VfS0qUERdZ,com.sec.android.app.shealth,83a334ad-3710-4d89-9ee3-0e2fcce32dba,2026-03-16 00:00:00.000,
21be83d7-587b-4812-8c3e-e5ebd36610a6.binning_data.json,2026-03-17 03:00:02.170,2026-03-17 03:00:02.170,com.sec.android.app.shealth,0,701,1.2390972,522.21,22.12,487mnSNu6t,com.sec.android.app.shealth,21be83d7-587b-4812-8c3e-e5ebd36610a6,2026-03-16 00:00:00.000,
bfc66040-b6ee-4609-b554-196e04fc23c8.binning_data.json,2026-03-18 01:19:21.509,2026-03-17 10:50:46.208,com.sec.android.app.shealth,-2,4393,1.2297213,3276.69,135.91,VfS0qUERdZ,com.sec.android.app.shealth,bfc66040-b6ee-4609-b554-196e04fc23c8,2026-03-17 00:00:00.000,
93681fc4-7833-4f75-affa-7fa04df0cca8.binning_data.json,2026-03-18 03:00:06.595,2026-03-18 03:00:06.595,com.sec.android.app.shealth,0,4393,1.2297213,3276.69,135.91,487mnSNu6t,com.sec.android.app.shealth,93681fc4-7833-4f75-affa-7fa04df0cca8,2026-03-17 00:00:00.000,
12401d2e-d5a2-4194-9713-807bd2dc383c.binning_data.json,2026-03-19 10:55:05.361,2026-03-18 10:53:09.739,com.sec.android.app.shealth,-2,5438,1.2571874,4061.66,219.18,VfS0qUERdZ,com.sec.android.app.shealth,12401d2e-d5a2-4194-9713-807bd2dc383c,2026-03-18 00:00:00.000,
479ced17-6371-4893-8c95-3734e57ca561.binning_data.json,2026-03-19 03:00:11.525,2026-03-19 03:00:11.525,com.sec.android.app.shealth,0,4669,1.2388595,3474.27,143.29,487mnSNu6t,com.sec.android.app.shealth,479ced17-6371-4893-8c95-3734e57ca561,2026-03-18 00:00:00.000,
c2fefada-7e12-4718-85a0-ce388bbb5147.binning_data.json,2026-03-20 03:00:17.168,2026-03-19 03:00:24.221,com.sec.android.app.shealth,102,2291,1.3152429,1730.52,133.95,hriiVjEkYE,com.sec.android.app.shealth,c2fefada-7e12-4718-85a0-ce388bbb5147,2026-03-18 00:00:00.000,
6b49d071-5a15-48db-99a6-bcf46f8edcc2.binning_data.json,2026-03-21 03:58:38.869,2026-03-19 10:55:04.103,com.sec.android.app.shealth,-2,7832,1.3380934,5962.17,439.43,VfS0qUERdZ,com.sec.android.app.shealth,6b49d071-5a15-48db-99a6-bcf46f8edcc2,2026-03-19 00:00:00.000,
707737b9-7ddc-4606-8026-c57313021a04.binning_data.json,2026-03-20 03:00:09.508,2026-03-20 03:00:09.508,com.sec.android.app.shealth,0,6670,1.3174713,5082.63,357.31,487mnSNu6t,com.sec.android.app.shealth,707737b9-7ddc-4606-8026-c57313021a04,2026-03-19 00:00:00.000,
493756d2-ebf3-4f9e-8fd5-69095831449d.binning_data.json,2026-03-22 03:00:08.323,2026-03-20 03:00:17.193,com.sec.android.app.shealth,102,7591,1.3567934,5779.21,449.7,hriiVjEkYE,com.sec.android.app.shealth,493756d2-ebf3-4f9e-8fd5-69095831449d,2026-03-19 00:00:00.000,
eed8a236-d584-4a9d-ae7c-d63f18e66632.binning_data.json,2026-03-21 01:08:28.679,2026-03-20 10:39:11.835,com.sec.android.app.shealth,-2,4625,1.2700925,3513.32,275.78,VfS0qUERdZ,com.sec.android.app.shealth,eed8a236-d584-4a9d-ae7c-d63f18e66632,2026-03-20 00:00:00.000,
978630d9-51a7-4fbb-b312-53921ed6162b.binning_data.json,2026-03-21 23:11:59.602,2026-03-21 03:28:42.392,com.sec.android.app.shealth,-2,2455,1.3657582,1870.51,88.86,VfS0qUERdZ,com.sec.android.app.shealth,978630d9-51a7-4fbb-b312-53921ed6162b,2026-03-21 00:00:00.000,
21ce320e-65a8-4dc9-a53b-d963ce435582.binning_data.json,2026-03-21 03:29:11.956,2026-03-21 03:29:11.956,com.sec.android.app.shealth,0,4625,1.2700925,3513.32,275.78,487mnSNu6t,com.sec.android.app.shealth,21ce320e-65a8-4dc9-a53b-d963ce435582,2026-03-20 00:00:00.000,
2236f557-bce6-4239-8a6e-3e1a879e8398.binning_data.json,2026-03-22 03:00:06.478,2026-03-21 03:29:12.506,com.sec.android.app.shealth,0,2054,1.3564452,1561.96,64.18,487mnSNu6t,com.sec.android.app.shealth,2236f557-bce6-4239-8a6e-3e1a879e8398,2026-03-21 00:00:00.000,
1ac580ef-fa13-481f-93a8-8c256202a901.binning_data.json,2026-03-22 03:00:08.312,2026-03-22 03:00:08.312,com.sec.android.app.shealth,102,1527,1.4968467,1193.13,88.16999,hriiVjEkYE,com.sec.android.app.shealth,1ac580ef-fa13-481f-93a8-8c256202a901,2026-03-21 00:00:00.000,
4322a383-b325-4270-9693-66687ed9d330.binning_data.json,2026-03-23 18:50:14.339,2026-03-22 03:24:13.485,com.sec.android.app.shealth,-2,5006,1.265418,3743.65,206.98,VfS0qUERdZ,com.sec.android.app.shealth,4322a383-b325-4270-9693-66687ed9d330,2026-03-22 00:00:00.000,
b7d76483-99af-4e26-a873-739259bd538d.binning_data.json,2026-03-23 03:09:33.344,2026-03-23 03:00:03.469,com.sec.android.app.shealth,0,4324,1.2315494,3215.75,132.74,487mnSNu6t,com.sec.android.app.shealth,b7d76483-99af-4e26-a873-739259bd538d,2026-03-22 00:00:00.000,
ecd48f68-35bc-47b5-b23d-af0e60982d16.binning_data.json,2026-03-24 03:00:09.836,2026-03-23 03:00:14.281,com.sec.android.app.shealth,102,3054,1.2945126,2299.33,175.12,hriiVjEkYE,com.sec.android.app.shealth,ecd48f68-35bc-47b5-b23d-af0e60982d16,2026-03-22 00:00:00.000,
877dc2f9-fa96-4c07-b8e3-949c2ca6a403.binning_data.json,2026-03-24 11:21:37.986,2026-03-23 03:09:32.240,com.sec.android.app.shealth,-2,5825,1.2172223,4320.7603,222.42,VfS0qUERdZ,com.sec.android.app.shealth,877dc2f9-fa96-4c07-b8e3-949c2ca6a403,2026-03-23 00:00:00.000,
03a3a3fb-f7c1-46a5-9b45-6e0d67b3c3b4.binning_data.json,2026-03-24 03:00:06.849,2026-03-23 03:09:33.340,com.sec.android.app.shealth,0,5119,1.1997622,3783.48,156.67,487mnSNu6t,com.sec.android.app.shealth,03a3a3fb-f7c1-46a5-9b45-6e0d67b3c3b4,2026-03-23 00:00:00.000,
77289f3e-3b71-4fae-a5d2-a516d4277417.binning_data.json,2026-03-25 03:00:12.302,2026-03-24 03:00:09.827,com.sec.android.app.shealth,102,2261,1.2685009,1697.14,131.16,hriiVjEkYE,com.sec.android.app.shealth,77289f3e-3b71-4fae-a5d2-a516d4277417,2026-03-23 00:00:00.000,
89ef41a8-11fe-4fa3-8b8a-10de75e55631.binning_data.json,2026-03-25 10:14:12.286,2026-03-24 11:21:22.123,com.sec.android.app.shealth,-2,4353,1.4181234,3373.64,258.71,VfS0qUERdZ,com.sec.android.app.shealth,89ef41a8-11fe-4fa3-8b8a-10de75e55631,2026-03-24 00:00:00.000,
756a4219-27b2-49fd-aa28-e475e4653c29.binning_data.json,2026-03-25 03:00:09.502,2026-03-25 03:00:09.502,com.sec.android.app.shealth,0,1197,1.2470782,892.34,37.38,487mnSNu6t,com.sec.android.app.shealth,756a4219-27b2-49fd-aa28-e475e4653c29,2026-03-24 00:00:00.000,
5909c009-873f-48bc-b30d-71dfa5a8b02b.binning_data.json,2026-03-26 03:00:27.844,2026-03-25 03:00:12.273,com.sec.android.app.shealth,102,4174,1.4240065,3240.8,269.88,hriiVjEkYE,com.sec.android.app.shealth,5909c009-873f-48bc-b30d-71dfa5a8b02b,2026-03-24 00:00:00.000,
2b2c31cb-7daa-4405-93e5-a21aa89f3d3d.binning_data.json,2026-03-27 20:08:32.104,2026-03-25 03:32:59.237,com.sec.android.app.shealth,-2,4242,1.2373023,3159.73,150.1,VfS0qUERdZ,com.sec.android.app.shealth,2b2c31cb-7daa-4405-93e5-a21aa89f3d3d,2026-03-25 00:00:00.000,
72e3c6d8-7fe5-49be-9228-4eae490218bd.binning_data.json,2026-03-26 03:00:25.388,2026-03-26 03:00:25.388,com.sec.android.app.shealth,0,3993,1.2197962,2961.69,122.23,487mnSNu6t,com.sec.android.app.shealth,72e3c6d8-7fe5-49be-9228-4eae490218bd,2026-03-25 00:00:00.000,
fb17c759-d608-4d47-ba89-921bd542f8b6.binning_data.json,2026-03-28 03:00:08.163,2026-03-26 03:00:27.840,com.sec.android.app.shealth,102,1263,1.38584,965.14,78.25,hriiVjEkYE,com.sec.android.app.shealth,fb17c759-d608-4d47-ba89-921bd542f8b6,2026-03-25 00:00:00.000,
aff6211d-5184-40d4-ab5a-a66dd6585f91.binning_data.json,2026-03-27 01:54:27.479,2026-03-26 10:34:44.395,com.sec.android.app.shealth,-2,2416,1.3382826,1838.11,106.68,VfS0qUERdZ,com.sec.android.app.shealth,aff6211d-5184-40d4-ab5a-a66dd6585f91,2026-03-26 00:00:00.000,
4162941b-c967-4024-98a6-baeb367254ff.binning_data.json,2026-03-27 03:00:21.502,2026-03-27 03:00:21.502,com.sec.android.app.shealth,0,2416,1.3382826,1838.11,106.68,487mnSNu6t,com.sec.android.app.shealth,4162941b-c967-4024-98a6-baeb367254ff,2026-03-26 00:00:00.000,
0b8b5e3c-ac51-4689-a0b4-af424bbf048d.binning_data.json,2026-03-28 01:31:55.145,2026-03-27 07:15:48.195,com.sec.android.app.shealth,-2,5728,1.2674135,4334.94,326.31,VfS0qUERdZ,com.sec.android.app.shealth,0b8b5e3c-ac51-4689-a0b4-af424bbf048d,2026-03-27 00:00:00.000,
94d1dbb4-7ce2-4330-b345-e4b687f17b55.binning_data.json,2026-03-28 03:00:05.937,2026-03-28 03:00:05.937,com.sec.android.app.shealth,0,5107,1.2485558,3853.14,268.4,487mnSNu6t,com.sec.android.app.shealth,94d1dbb4-7ce2-4330-b345-e4b687f17b55,2026-03-27 00:00:00.000,
fc7f90a6-5879-42f6-bf57-e6f70a5200ff.binning_data.json,2026-03-28 03:00:08.183,2026-03-28 03:00:08.183,com.sec.android.app.shealth,102,1764,1.3666027,1344.38,101.97,hriiVjEkYE,com.sec.android.app.shealth,fc7f90a6-5879-42f6-bf57-e6f70a5200ff,2026-03-27 00:00:00.000,
9d81b01d-8ad6-4ffe-8199-9a758b665166.binning_data.json,2026-03-30 03:39:45.042,2026-03-28 11:40:00.946,com.sec.android.app.shealth,-2,1856,1.2946908,1395.1901,93.58,VfS0qUERdZ,com.sec.android.app.shealth,9d81b01d-8ad6-4ffe-8199-9a758b665166,2026-03-28 00:00:00.000,
70e2c4d9-bf16-4537-b1cf-ee74fa7f5557.binning_data.json,2026-03-29 03:01:11.239,2026-03-29 03:01:11.239,com.sec.android.app.shealth,0,744,1.1983415,549.59,23.519999,487mnSNu6t,com.sec.android.app.shealth,70e2c4d9-bf16-4537-b1cf-ee74fa7f5557,2026-03-28 00:00:00.000,
b92499a2-2f59-41a0-89df-a58212d8fb72.binning_data.json,2026-03-31 03:00:18.443,2026-03-29 03:04:14.117,com.sec.android.app.shealth,102,1381,1.3211945,1043.48,85.04,hriiVjEkYE,com.sec.android.app.shealth,b92499a2-2f59-41a0-89df-a58212d8fb72,2026-03-28 00:00:00.000,
05f0d206-7fc1-4478-86e0-76833b1e64b2.binning_data.json,2026-03-30 03:39:45.371,2026-03-29 03:47:01.274,com.sec.android.app.shealth,-2,1059,1.5755022,846.3,53.75,VfS0qUERdZ,com.sec.android.app.shealth,05f0d206-7fc1-4478-86e0-76833b1e64b2,2026-03-29 00:00:00.000,
dcfc8ac7-80b3-4f9b-9ddc-bd659379cd8d.binning_data.json,2026-03-30 03:00:05.274,2026-03-30 03:00:05.274,com.sec.android.app.shealth,0,764,1.2771455,571.39996,24.01,487mnSNu6t,com.sec.android.app.shealth,dcfc8ac7-80b3-4f9b-9ddc-bd659379cd8d,2026-03-29 00:00:00.000,
6c19dc36-bffd-41be-bd72-c0e0e9a85631.binning_data.json,2026-03-31 10:31:04.382,2026-03-30 10:28:56.036,com.sec.android.app.shealth,-2,4495,1.3746982,3440.25,212.09,VfS0qUERdZ,com.sec.android.app.shealth,6c19dc36-bffd-41be-bd72-c0e0e9a85631,2026-03-30 00:00:00.000,
34ff3f7b-17ff-4d68-9d4c-6bbefa4c34d8.binning_data.json,2026-03-31 03:00:14.344,2026-03-31 03:00:14.344,com.sec.android.app.shealth,0,3420,1.2576249,2554.7,104.75,487mnSNu6t,com.sec.android.app.shealth,34ff3f7b-17ff-4d68-9d4c-6bbefa4c34d8,2026-03-30 00:00:00.000,
66da70ab-98cc-46e9-8cce-6f72570ed88e.binning_data.json,2026-03-31 03:00:18.527,2026-03-31 03:00:18.527,com.sec.android.app.shealth,102,295,3.0626786,274.9,29.74,hriiVjEkYE,com.sec.android.app.shealth,66da70ab-98cc-46e9-8cce-6f72570ed88e,2026-03-29 00:00:00.000,
b7ab8e60-006f-4cb4-8eae-fddf2aecf508.binning_data.json,2026-04-01 03:00:22.782,2026-03-31 03:00:18.548,com.sec.android.app.shealth,102,3996,1.409738,3079.25,244.21,hriiVjEkYE,com.sec.android.app.shealth,b7ab8e60-006f-4cb4-8eae-fddf2aecf508,2026-03-30 00:00:00.000,
6b1e7c53-b967-49ef-a186-05c8744891f5.binning_data.json,2026-04-02 13:40:04.390,2026-03-31 03:16:56.193,com.sec.android.app.shealth,-2,5216,1.4253527,4054.33,325.16,VfS0qUERdZ,com.sec.android.app.shealth,6b1e7c53-b967-49ef-a186-05c8744891f5,2026-03-31 00:00:00.000,
20845aae-aaf1-4178-844d-f6aba26f29d0.binning_data.json,2026-04-01 03:00:18.439,2026-04-01 03:00:18.439,com.sec.android.app.shealth,0,3146,1.251955,2377.18,173.69,487mnSNu6t,com.sec.android.app.shealth,20845aae-aaf1-4178-844d-f6aba26f29d0,2026-03-31 00:00:00.000,
ddb63962-1cc7-447d-815c-e237dd45015b.binning_data.json,2026-04-03 03:00:12.439,2026-04-01 03:00:22.744,com.sec.android.app.shealth,102,3911,1.4503816,3045.31,250.87,hriiVjEkYE,com.sec.android.app.shealth,ddb63962-1cc7-447d-815c-e237dd45015b,2026-03-31 00:00:00.000,
ad868ad6-a7de-463a-95a3-1d1637d35647.binning_data.json,2026-04-02 01:51:58.682,2026-04-01 10:38:59.876,com.sec.android.app.shealth,-2,5054,1.2720448,3839.27,300.08,VfS0qUERdZ,com.sec.android.app.shealth,ad868ad6-a7de-463a-95a3-1d1637d35647,2026-04-01 00:00:00.000,
5d23d3f1-4820-4008-8970-3f897993f7b1.binning_data.json,2026-04-02 03:00:17.587,2026-04-02 03:00:17.587,com.sec.android.app.shealth,0,5054,1.2720448,3839.27,300.08,487mnSNu6t,com.sec.android.app.shealth,5d23d3f1-4820-4008-8970-3f897993f7b1,2026-04-01 00:00:00.000,
45183f35-4dca-4913-99ca-22c48f902b9e.binning_data.json,2026-04-03 01:47:13.076,2026-04-02 14:16:29.462,com.sec.android.app.shealth,-2,1738,1.3060277,1313.36,102.93,VfS0qUERdZ,com.sec.android.app.shealth,45183f35-4dca-4913-99ca-22c48f902b9e,2026-04-02 00:00:00.000,
ee8c3725-0bc7-4538-9bff-88becb1fa960.binning_data.json,2026-04-03 03:00:08.749,2026-04-03 03:00:08.749,com.sec.android.app.shealth,0,1341,1.333763,1024.56,78.81,487mnSNu6t,com.sec.android.app.shealth,ee8c3725-0bc7-4538-9bff-88becb1fa960,2026-04-02 00:00:00.000,
f7e0a02c-ac33-4930-b4be-8b6bf6485bf3.binning_data.json,2026-04-03 03:00:12.545,2026-04-03 03:00:12.545,com.sec.android.app.shealth,102,1504,1.3029246,1132.14,89.89,hriiVjEkYE,com.sec.android.app.shealth,f7e0a02c-ac33-4930-b4be-8b6bf6485bf3,2026-04-02 00:00:00.000,
3c3d6acc-a340-4270-8fee-a5be9e436ca8.binning_data.json,2026-04-05 01:46:05.180,2026-04-03 11:10:19.117,com.sec.android.app.shealth,-2,4702,1.3870846,3633.78,298.95,VfS0qUERdZ,com.sec.android.app.shealth,3c3d6acc-a340-4270-8fee-a5be9e436ca8,2026-04-03 00:00:00.000,
0bf4ab76-b62a-4f32-b4fb-4011aef2fc42.binning_data.json,2026-04-04 03:00:02.380,2026-04-04 03:00:02.380,com.sec.android.app.shealth,0,2341,1.2718769,1778.25,138.74,487mnSNu6t,com.sec.android.app.shealth,0bf4ab76-b62a-4f32-b4fb-4011aef2fc42,2026-04-03 00:00:00.000,
b61da73b-2723-4e71-9e7e-8720a37be645.binning_data.json,2026-04-05 03:00:04.222,2026-04-04 03:00:03.521,com.sec.android.app.shealth,102,4396,1.3911327,3388.18,278.77,hriiVjEkYE,com.sec.android.app.shealth,b61da73b-2723-4e71-9e7e-8720a37be645,2026-04-03 00:00:00.000,
20fd4d03-79c3-4c90-ac71-29fc5e8d0b3a.binning_data.json,2026-04-05 14:52:11.702,2026-04-04 12:55:19.057,com.sec.android.app.shealth,-2,7528,1.3643835,5815.04,459.52,VfS0qUERdZ,com.sec.android.app.shealth,20fd4d03-79c3-4c90-ac71-29fc5e8d0b3a,2026-04-04 00:00:00.000,
3b2ca53d-a7d5-45f9-8235-ad1b68d59ad0.binning_data.json,2026-04-05 03:00:03.043,2026-04-05 03:00:03.043,com.sec.android.app.shealth,0,6933,1.3197442,5302.84,410.32,487mnSNu6t,com.sec.android.app.shealth,3b2ca53d-a7d5-45f9-8235-ad1b68d59ad0,2026-04-04 00:00:00.000,
e4017dfc-81c0-4b88-b9b3-c754e4c0da11.binning_data.json,2026-04-06 03:00:04.982,2026-04-05 03:00:04.220,com.sec.android.app.shealth,102,724,1.8598547,609.49,56.769997,hriiVjEkYE,com.sec.android.app.shealth,e4017dfc-81c0-4b88-b9b3-c754e4c0da11,2026-04-04 00:00:00.000,
33b8916d-ccef-4e3e-b623-c106a5546bf0.binning_data.json,2026-04-06 02:35:06.065,2026-04-05 14:52:11.464,com.sec.android.app.shealth,-2,1710,1.3339733,1305.65,103.23,VfS0qUERdZ,com.sec.android.app.shealth,33b8916d-ccef-4e3e-b623-c106a5546bf0,2026-04-05 00:00:00.000,
b7004042-a7b6-4c82-9b45-6d66e47fd439.binning_data.json,2026-04-06 03:00:04.178,2026-04-06 03:00:04.178,com.sec.android.app.shealth,0,462,1.1516135,344.5,26.96,487mnSNu6t,com.sec.android.app.shealth,b7004042-a7b6-4c82-9b45-6d66e47fd439,2026-04-05 00:00:00.000,
f14f23ee-5215-451d-99ed-805fe2c6b4e7.binning_data.json,2026-04-06 03:00:04.995,2026-04-06 03:00:04.995,com.sec.android.app.shealth,102,1456,1.3699869,1115.36,88.48,hriiVjEkYE,com.sec.android.app.shealth,f14f23ee-5215-451d-99ed-805fe2c6b4e7,2026-04-05 00:00:00.000,
ef7373dc-c415-4fe0-9468-6c2153929d23.binning_data.json,2026-04-07 19:04:23.753,2026-04-06 04:05:59.870,com.sec.android.app.shealth,-2,4944,1.3132906,3800.67,315.31,VfS0qUERdZ,com.sec.android.app.shealth,ef7373dc-c415-4fe0-9468-6c2153929d23,2026-04-06 00:00:00.000,
d572cb95-55aa-49fe-a017-e9d81d78dc93.binning_data.json,2026-04-07 03:00:07.612,2026-04-07 03:00:07.612,com.sec.android.app.shealth,0,4143,1.2179043,3122.19,245.85,487mnSNu6t,com.sec.android.app.shealth,d572cb95-55aa-49fe-a017-e9d81d78dc93,2026-04-06 00:00:00.000,
69e34eaf-2979-4426-9ff3-b61fe3139ab9.binning_data.json,2026-04-08 03:00:10.369,2026-04-07 03:00:10.846,com.sec.android.app.shealth,102,1983,1.556007,1576.42,142.11,hriiVjEkYE,com.sec.android.app.shealth,69e34eaf-2979-4426-9ff3-b61fe3139ab9,2026-04-06 00:00:00.000,
062ae728-f558-4ad6-b814-df9b15304f95.binning_data.json,2026-04-08 10:11:07.364,2026-04-07 15:12:37.288,com.sec.android.app.shealth,-2,1965,1.2429839,1482.25,114.08,VfS0qUERdZ,com.sec.android.app.shealth,062ae728-f558-4ad6-b814-df9b15304f95,2026-04-07 00:00:00.000,
ed7b565d-eaeb-493a-b348-b1959927f718.binning_data.json,2026-04-08 03:00:08.143,2026-04-08 03:00:08.143,com.sec.android.app.shealth,0,1815,1.20343,1365.18,106.67,487mnSNu6t,com.sec.android.app.shealth,ed7b565d-eaeb-493a-b348-b1959927f718,2026-04-07 00:00:00.000,
2012fc6e-2c22-4b3f-8efa-047ff777be63.binning_data.json,2026-04-09 03:14:09.348,2026-04-08 03:00:10.422,com.sec.android.app.shealth,102,915,1.2925266,689.07,52.03,hriiVjEkYE,com.sec.android.app.shealth,2012fc6e-2c22-4b3f-8efa-047ff777be63,2026-04-07 00:00:00.000,
cc1ef3a4-e515-4b2d-9350-a93cbc82cda6.binning_data.json,2026-04-09 00:37:12.193,2026-04-08 03:15:03.161,com.sec.android.app.shealth,-2,5240,1.3613508,4028.77,323.67,VfS0qUERdZ,com.sec.android.app.shealth,cc1ef3a4-e515-4b2d-9350-a93cbc82cda6,2026-04-08 00:00:00.000,
3a1d2cd9-ae9a-4414-8468-8ddb67763362.binning_data.json,2026-04-09 03:13:47.615,2026-04-09 03:13:47.615,com.sec.android.app.shealth,0,3296,1.2661474,2501.99,195.81,487mnSNu6t,com.sec.android.app.shealth,3a1d2cd9-ae9a-4414-8468-8ddb67763362,2026-04-08 00:00:00.000,
2dd228a1-e62a-4f75-b7a1-96dd6ca4f8f2.binning_data.json,2026-04-09 03:14:09.749,2026-04-09 03:14:09.749,com.sec.android.app.shealth,102,4910,1.3844607,3771.97,306.16,hriiVjEkYE,com.sec.android.app.shealth,2dd228a1-e62a-4f75-b7a1-96dd6ca4f8f2,2026-04-08 00:00:00.000,
c2aef691-469b-47ba-ab70-edff80a4f366.binning_data.json,2026-04-11 17:19:01.350,2026-04-09 03:46:55.790,com.sec.android.app.shealth,-2,5692,1.2723012,4317.94,338.1,VfS0qUERdZ,com.sec.android.app.shealth,c2aef691-469b-47ba-ab70-edff80a4f366,2026-04-09 00:00:00.000,
a2f00e2a-fd74-4a9b-adeb-53cf14d75f88.binning_data.json,2026-04-10 03:00:18.077,2026-04-10 03:00:18.077,com.sec.android.app.shealth,0,5445,1.2804989,4140.77,323.91,487mnSNu6t,com.sec.android.app.shealth,a2f00e2a-fd74-4a9b-adeb-53cf14d75f88,2026-04-09 00:00:00.000,
c86a5e56-25c5-4cb6-bf23-d2fc84f10109.binning_data.json,2026-04-12 03:00:13.149,2026-04-10 03:00:21.781,com.sec.android.app.shealth,102,548,1.203378,405.62,31.75,hriiVjEkYE,com.sec.android.app.shealth,c86a5e56-25c5-4cb6-bf23-d2fc84f10109,2026-04-09 00:00:00.000,
8e4fdd1c-b025-4b34-bde0-c50a7c4fd82d.binning_data.json,2026-04-11 00:42:03.410,2026-04-10 10:45:42.985,com.sec.android.app.shealth,-2,3685,1.2695223,2794.37,218.81,VfS0qUERdZ,com.sec.android.app.shealth,8e4fdd1c-b025-4b34-bde0-c50a7c4fd82d,2026-04-10 00:00:00.000,
c50c14a0-6273-4752-ad6e-0d9513dd6838.binning_data.json,2026-04-11 03:00:03.238,2026-04-11 03:00:03.238,com.sec.android.app.shealth,0,3685,1.2695223,2794.37,218.81,487mnSNu6t,com.sec.android.app.shealth,c50c14a0-6273-4752-ad6e-0d9513dd6838,2026-04-10 00:00:00.000,
9143f7f4-692d-4e45-9109-171b52709a21.binning_data.json,2026-04-12 13:48:23.149,2026-04-11 13:23:41.740,com.sec.android.app.shealth,-2,3659,1.4477963,2854.71,226.52,VfS0qUERdZ,com.sec.android.app.shealth,9143f7f4-692d-4e45-9109-171b52709a21,2026-04-11 00:00:00.000,
a0ebf7ea-c131-4fb3-9346-da3d8a766465.binning_data.json,2026-04-12 03:00:08.982,2026-04-12 03:00:08.982,com.sec.android.app.shealth,0,2254,1.242752,1703.69,132.64,487mnSNu6t,com.sec.android.app.shealth,a0ebf7ea-c131-4fb3-9346-da3d8a766465,2026-04-11 00:00:00.000,
678e2d12-4645-46e1-9a53-31dba8495128.binning_data.json,2026-04-13 03:00:25.001,2026-04-12 03:00:13.593,com.sec.android.app.shealth,102,2547,1.5737023,2013.1901,161.08,hriiVjEkYE,com.sec.android.app.shealth,678e2d12-4645-46e1-9a53-31dba8495128,2026-04-11 00:00:00.000,
4b8bf110-b644-48a9-9811-3a122f0f7b53.binning_data.json,2026-04-12 22:42:36.677,2026-04-12 13:48:23.033,com.sec.android.app.shealth,-2,2533,1.3339814,1939.84,149.57,VfS0qUERdZ,com.sec.android.app.shealth,4b8bf110-b644-48a9-9811-3a122f0f7b53,2026-04-12 00:00:00.000,
e0f7952d-a4dd-4511-9a19-e08ddb4f4dee.binning_data.json,2026-04-13 03:00:20.868,2026-04-13 03:00:20.868,com.sec.android.app.shealth,0,2054,1.3161494,1572.08,121.4,487mnSNu6t,com.sec.android.app.shealth,e0f7952d-a4dd-4511-9a19-e08ddb4f4dee,2026-04-12 00:00:00.000,
fcdc74d4-f6c5-4192-acaf-66e3dcca1732.binning_data.json,2026-04-13 03:00:24.988,2026-04-13 03:00:24.988,com.sec.android.app.shealth,102,755,1.3674179,577.32,44.149998,hriiVjEkYE,com.sec.android.app.shealth,fcdc74d4-f6c5-4192-acaf-66e3dcca1732,2026-04-12 00:00:00.000,
bf4f5cff-5717-432a-8965-afccdaee03a8.binning_data.json,2026-04-13 16:47:09.410,2026-04-13 10:35:02.672,com.sec.android.app.shealth,-2,558,1.1553932,416.6,32.8,VfS0qUERdZ,com.sec.android.app.shealth,bf4f5cff-5717-432a-8965-afccdaee03a8,2026-04-13 00:00:00.000,
7aee3bbd-9dc7-4e61-80ba-9978cc7e2212.binning_data.json,2026-04-14 03:00:21.906,2026-04-14 03:00:21.906,com.sec.android.app.shealth,0,558,1.1553932,416.6,32.8,487mnSNu6t,com.sec.android.app.shealth,7aee3bbd-9dc7-4e61-80ba-9978cc7e2212,2026-04-13 00:00:00.000,
30d12768-b93b-45a0-8cad-5802f3aa160b.binning_data.json,2026-04-15 00:07:38.818,2026-04-14 10:35:02.510,com.sec.android.app.shealth,-2,4457,1.2249684,3360.02,265.13,VfS0qUERdZ,com.sec.android.app.shealth,30d12768-b93b-45a0-8cad-5802f3aa160b,2026-04-14 00:00:00.000,
adcfdc35-025b-49b1-8102-71aaf3e12270.binning_data.json,2026-04-15 03:00:32.223,2026-04-15 03:00:32.223,com.sec.android.app.shealth,0,4457,1.2249684,3360.02,265.13,487mnSNu6t,com.sec.android.app.shealth,adcfdc35-025b-49b1-8102-71aaf3e12270,2026-04-14 00:00:00.000,
5c8b90d2-b8d0-4cfc-a353-f55ba115cec2.binning_data.json,2026-04-16 02:50:05.314,2026-04-15 15:05:30.901,com.sec.android.app.shealth,-2,1400,1.2189896,1054.42,82.23,VfS0qUERdZ,com.sec.android.app.shealth,5c8b90d2-b8d0-4cfc-a353-f55ba115cec2,2026-04-15 00:00:00.000,
53ee978a-940f-4b95-8d33-58b7c72aa590.binning_data.json,2026-04-16 03:00:08.799,2026-04-16 03:00:08.799,com.sec.android.app.shealth,0,1390,1.220372,1047.26,81.65,487mnSNu6t,com.sec.android.app.shealth,53ee978a-940f-4b95-8d33-58b7c72aa590,2026-04-15 00:00:00.000,
3b1b17eb-23a3-4afd-8315-a85f3f6dcf7a.binning_data.json,2026-04-16 03:00:13.259,2026-04-16 03:00:13.259,com.sec.android.app.shealth,102,17,1.111111,12.44,0.98,hriiVjEkYE,com.sec.android.app.shealth,3b1b17eb-23a3-4afd-8315-a85f3f6dcf7a,2026-04-15 00:00:00.000,
3109a465-d725-4d6d-b78b-a072a4064eb9.binning_data.json,2026-04-17 02:17:30.267,2026-04-16 10:43:54.562,com.sec.android.app.shealth,-2,4439,1.2743284,3355.71,261.17,VfS0qUERdZ,com.sec.android.app.shealth,3109a465-d725-4d6d-b78b-a072a4064eb9,2026-04-16 00:00:00.000,
b2afd238-0611-4fe2-9b32-a126eac8c07a.binning_data.json,2026-04-17 03:00:05.927,2026-04-17 03:00:05.927,com.sec.android.app.shealth,0,3801,1.234402,2870.23,224.41,487mnSNu6t,com.sec.android.app.shealth,b2afd238-0611-4fe2-9b32-a126eac8c07a,2026-04-16 00:00:00.000,
f159e743-e85d-4621-bbc6-378069cf7746.binning_data.json,2026-04-18 03:00:09.306,2026-04-17 03:00:08.170,com.sec.android.app.shealth,102,3463,1.283378,2602.79,210.69,hriiVjEkYE,com.sec.android.app.shealth,f159e743-e85d-4621-bbc6-378069cf7746,2026-04-16 00:00:00.000,
7b774d0a-c787-4695-a0ed-93c54499142e.binning_data.json,2026-04-19 19:47:49.420,2026-04-17 03:12:34.842,com.sec.android.app.shealth,-2,4779,1.2870315,3636.53,287.64,VfS0qUERdZ,com.sec.android.app.shealth,7b774d0a-c787-4695-a0ed-93c54499142e,2026-04-17 00:00:00.000,
4d21aff3-391c-4ac0-a6cd-57b075ede17f.binning_data.json,2026-04-18 03:00:06.670,2026-04-18 03:00:06.670,com.sec.android.app.shealth,0,4611,1.2753782,3504.26,274.54,487mnSNu6t,com.sec.android.app.shealth,4d21aff3-391c-4ac0-a6cd-57b075ede17f,2026-04-17 00:00:00.000,
0b447c9d-6d6f-4cae-8b66-a5fc18ef9b23.binning_data.json,2026-04-20 03:00:16.462,2026-04-18 03:00:09.295,com.sec.android.app.shealth,102,1150,1.3980575,881.54,77.29,hriiVjEkYE,com.sec.android.app.shealth,0b447c9d-6d6f-4cae-8b66-a5fc18ef9b23,2026-04-17 00:00:00.000,
b4fa5756-16b6-47a2-9ce3-1a71be445021.binning_data.json,2026-04-19 02:56:44.665,2026-04-18 14:21:49.858,com.sec.android.app.shealth,-2,1670,1.2514578,1263.28,97.76,VfS0qUERdZ,com.sec.android.app.shealth,b4fa5756-16b6-47a2-9ce3-1a71be445021,2026-04-18 00:00:00.000,
19daeca9-64a8-4ea7-9e53-7e7b23d38e54.binning_data.json,2026-04-19 03:00:07.976,2026-04-19 03:00:07.976,com.sec.android.app.shealth,0,1670,1.2514578,1263.28,97.76,487mnSNu6t,com.sec.android.app.shealth,19daeca9-64a8-4ea7-9e53-7e7b23d38e54,2026-04-18 00:00:00.000,
58dbd31e-7a5f-4450-bb08-7e51c547306f.binning_data.json,2026-04-20 11:14:42.231,2026-04-19 15:10:18.548,com.sec.android.app.shealth,-2,4170,1.3976225,3204.56,213.56,VfS0qUERdZ,com.sec.android.app.shealth,58dbd31e-7a5f-4450-bb08-7e51c547306f,2026-04-19 00:00:00.000,
1438319d-af5d-4d90-85da-85145a7b2cbf.binning_data.json,2026-04-20 03:00:09.455,2026-04-20 03:00:09.455,com.sec.android.app.shealth,0,4064,1.3987463,3122.98,198.44,487mnSNu6t,com.sec.android.app.shealth,1438319d-af5d-4d90-85da-85145a7b2cbf,2026-04-19 00:00:00.000,
0277683f-42ae-41d1-a459-14f9a4f3361d.binning_data.json,2026-04-21 03:00:11.169,2026-04-20 03:00:16.426,com.sec.android.app.shealth,102,1055,1.3436724,801.07,60.34,hriiVjEkYE,com.sec.android.app.shealth,0277683f-42ae-41d1-a459-14f9a4f3361d,2026-04-19 00:00:00.000,
ba9ee7bf-c029-4201-93ac-d19c866da2cb.binning_data.json,2026-04-23 03:26:15.964,2026-04-20 03:43:39.812,com.sec.android.app.shealth,-2,3104,1.394212,2404.23,186.3,VfS0qUERdZ,com.sec.android.app.shealth,ba9ee7bf-c029-4201-93ac-d19c866da2cb,2026-04-20 00:00:00.000,
86703e6d-e1d9-4144-a63a-bb6038cacb3e.binning_data.json,2026-04-21 03:00:07.908,2026-04-21 03:00:07.908,com.sec.android.app.shealth,0,1154,1.2059722,854.61,36.13,487mnSNu6t,com.sec.android.app.shealth,86703e6d-e1d9-4144-a63a-bb6038cacb3e,2026-04-20 00:00:00.000,
dd324451-a487-48a1-903c-1fb5be8c1829.binning_data.json,2026-04-24 03:00:10.947,2026-04-21 03:00:11.101,com.sec.android.app.shealth,102,2727,1.4296641,2126.91,178.91,hriiVjEkYE,com.sec.android.app.shealth,dd324451-a487-48a1-903c-1fb5be8c1829,2026-04-20 00:00:00.000,
7c30f85a-f500-4a5b-85ed-b1da93ca7cf4.binning_data.json,2026-04-23 03:26:15.838,2026-04-21 03:03:46.089,com.sec.android.app.shealth,-2,1096,1.2219785,823.58997,58.11,VfS0qUERdZ,com.sec.android.app.shealth,7c30f85a-f500-4a5b-85ed-b1da93ca7cf4,2026-04-21 00:00:00.000,
0724e101-14e8-450d-828d-d1001c889de5.binning_data.json,2026-04-22 03:00:18.563,2026-04-22 03:00:18.563,com.sec.android.app.shealth,0,1020,1.2116889,765.2,52.67,487mnSNu6t,com.sec.android.app.shealth,0724e101-14e8-450d-828d-d1001c889de5,2026-04-21 00:00:00.000,
353e4870-f65c-4605-a728-73b7b773f326.binning_data.json,2026-04-23 01:41:13.205,2026-04-22 10:35:53.035,com.sec.android.app.shealth,-2,3463,1.224991,2608.72,205.91,VfS0qUERdZ,com.sec.android.app.shealth,353e4870-f65c-4605-a728-73b7b773f326,2026-04-22 00:00:00.000,
89d89645-e494-4b97-815e-be5f7f3c4377.binning_data.json,2026-04-23 03:23:11.074,2026-04-23 03:23:11.074,com.sec.android.app.shealth,0,3463,1.224991,2608.72,205.91,487mnSNu6t,com.sec.android.app.shealth,89d89645-e494-4b97-815e-be5f7f3c4377,2026-04-22 00:00:00.000,
fa1e8079-5ef9-42be-9b76-e592709e25c0.binning_data.json,2026-04-24 02:29:16.030,2026-04-23 10:38:37.886,com.sec.android.app.shealth,-2,4683,1.3762366,3611.97,291.98,VfS0qUERdZ,com.sec.android.app.shealth,fa1e8079-5ef9-42be-9b76-e592709e25c0,2026-04-23 00:00:00.000,
97f0d72c-b2a6-4a34-96af-64236d666e47.binning_data.json,2026-04-24 03:00:07.390,2026-04-24 03:00:07.390,com.sec.android.app.shealth,0,3673,1.2612717,2785.7,218.13,487mnSNu6t,com.sec.android.app.shealth,97f0d72c-b2a6-4a34-96af-64236d666e47,2026-04-23 00:00:00.000,
04c548d8-209d-4bbd-9109-341a92f175bd.binning_data.json,2026-04-24 03:00:10.923,2026-04-24 03:00:10.923,com.sec.android.app.shealth,102,76,1.3749976,58.39,5.44,hriiVjEkYE,com.sec.android.app.shealth,04c548d8-209d-4bbd-9109-341a92f175bd,2026-04-21 00:00:00.000,
beb856f0-9efb-46c0-ad4d-ab2a72cfc4ab.binning_data.json,2026-04-24 03:00:11.031,2026-04-24 03:00:11.031,com.sec.android.app.shealth,102,4365,1.3902781,3357.74,271.35,hriiVjEkYE,com.sec.android.app.shealth,beb856f0-9efb-46c0-ad4d-ab2a72cfc4ab,2026-04-23 00:00:00.000,
5a50209f-e70e-4d2b-ba08-4c471e474846.binning_data.json,2026-04-29 11:59:02.110,2026-04-24 10:10:50.690,com.sec.android.app.shealth,-2,4396,1.2677709,3333.28,260.71,VfS0qUERdZ,com.sec.android.app.shealth,5a50209f-e70e-4d2b-ba08-4c471e474846,2026-04-24 00:00:00.000,
04ca5b08-72b8-405a-a103-a4c85c11d4eb.binning_data.json,2026-04-25 03:00:13.026,2026-04-25 03:00:13.026,com.sec.android.app.shealth,0,4124,1.2617614,3128.61,244.3,487mnSNu6t,com.sec.android.app.shealth,04ca5b08-72b8-405a-a103-a4c85c11d4eb,2026-04-24 00:00:00.000,
e2640a2f-c311-4a4b-94e8-5d7f7115263c.binning_data.json,2026-04-30 03:00:39.533,2026-04-25 03:00:16.337,com.sec.android.app.shealth,102,1330,1.437628,1024.82,81.01,hriiVjEkYE,com.sec.android.app.shealth,e2640a2f-c311-4a4b-94e8-5d7f7115263c,2026-04-24 00:00:00.000,
60bb687a-d48d-4357-afb1-4554350ec109.binning_data.json,2026-04-25 20:02:49.432,2026-04-25 03:19:16.419,com.sec.android.app.shealth,-2,637,1.1549891,475.43,37.41,VfS0qUERdZ,com.sec.android.app.shealth,60bb687a-d48d-4357-afb1-4554350ec109,2026-04-25 00:00:00.000,
6446b336-adc3-4e2f-b068-9c1db89ac514.binning_data.json,2026-04-26 03:00:08.586,2026-04-26 03:00:08.586,com.sec.android.app.shealth,0,637,1.1549891,475.43,37.41,487mnSNu6t,com.sec.android.app.shealth,6446b336-adc3-4e2f-b068-9c1db89ac514,2026-04-25 00:00:00.000,
3bf106f1-db3c-42a6-8b90-fd3e123cbf97.binning_data.json,2026-04-26 23:49:29.939,2026-04-26 15:35:18.333,com.sec.android.app.shealth,-2,583,1.1622324,436.0,34.01,VfS0qUERdZ,com.sec.android.app.shealth,3bf106f1-db3c-42a6-8b90-fd3e123cbf97,2026-04-26 00:00:00.000,
ed207598-0c7f-4038-ac22-361faefc1ac8.binning_data.json,2026-04-27 03:46:43.377,2026-04-27 03:46:43.377,com.sec.android.app.shealth,0,583,1.1622324,436.0,34.01,487mnSNu6t,com.sec.android.app.shealth,ed207598-0c7f-4038-ac22-361faefc1ac8,2026-04-26 00:00:00.000,
1c569081-a048-4069-9302-98e144517790.binning_data.json,2026-04-28 01:32:57.591,2026-04-27 11:35:15.039,com.sec.android.app.shealth,-2,316,1.207789,236.17,15.26,VfS0qUERdZ,com.sec.android.app.shealth,1c569081-a048-4069-9302-98e144517790,2026-04-27 00:00:00.000,
9f489506-95d0-4dc8-bd43-a84286c27c39.binning_data.json,2026-04-28 03:00:09.289,2026-04-28 03:00:09.289,com.sec.android.app.shealth,0,316,1.207789,236.17,15.26,487mnSNu6t,com.sec.android.app.shealth,9f489506-95d0-4dc8-bd43-a84286c27c39,2026-04-27 00:00:00.000,
ebef811c-cd30-4f82-bdf8-e441770bf020.binning_data.json,2026-04-29 00:57:21.373,2026-04-28 15:11:50.485,com.sec.android.app.shealth,-2,4519,1.3925158,3441.32,137.5,VfS0qUERdZ,com.sec.android.app.shealth,ebef811c-cd30-4f82-bdf8-e441770bf020,2026-04-28 00:00:00.000,
53b8ceda-369c-4cf2-b501-448b9309d262.binning_data.json,2026-04-29 03:00:36.828,2026-04-29 03:00:36.828,com.sec.android.app.shealth,0,4519,1.3925158,3441.32,137.5,487mnSNu6t,com.sec.android.app.shealth,53b8ceda-369c-4cf2-b501-448b9309d262,2026-04-28 00:00:00.000,
9dd5021e-f2ce-4e0d-b24d-e8c82c50e729.binning_data.json,2026-04-29 23:17:11.040,2026-04-29 10:52:18.794,com.sec.android.app.shealth,-2,3358,1.3340358,2544.77,139.88,VfS0qUERdZ,com.sec.android.app.shealth,9dd5021e-f2ce-4e0d-b24d-e8c82c50e729,2026-04-29 00:00:00.000,
5d6e0529-fdb5-4658-8aab-e248e3085cbf.binning_data.json,2026-04-30 03:00:37.209,2026-04-30 03:00:37.209,com.sec.android.app.shealth,0,2942,1.2960335,2212.82,90.45,487mnSNu6t,com.sec.android.app.shealth,5d6e0529-fdb5-4658-8aab-e248e3085cbf,2026-04-29 00:00:00.000,
038489d4-1c4d-4f64-a9df-1497312f90c6.binning_data.json,2026-04-30 03:00:39.560,2026-04-30 03:00:39.560,com.sec.android.app.shealth,102,2912,1.3690131,2223.05,179.03,hriiVjEkYE,com.sec.android.app.shealth,038489d4-1c4d-4f64-a9df-1497312f90c6,2026-04-29 00:00:00.000,
e321308c-9153-4c1b-a7b8-b4afd40ab4ad.binning_data.json,2026-05-01 00:44:08.418,2026-04-30 10:39:59.374,com.sec.android.app.shealth,-2,4493,1.245071,3398.56,266.22,VfS0qUERdZ,com.sec.android.app.shealth,e321308c-9153-4c1b-a7b8-b4afd40ab4ad,2026-04-30 00:00:00.000,
3745782d-ada8-448b-847f-86132a55dad9.binning_data.json,2026-05-01 03:00:12.734,2026-05-01 03:00:12.734,com.sec.android.app.shealth,0,4493,1.245071,3398.56,266.22,487mnSNu6t,com.sec.android.app.shealth,3745782d-ada8-448b-847f-86132a55dad9,2026-04-30 00:00:00.000,
ae61f205-0084-4219-97be-682d48d7a52e.binning_data.json,2026-05-02 00:35:24.916,2026-05-01 14:38:44.448,com.sec.android.app.shealth,-2,3076,1.2832195,2341.04,182.8,VfS0qUERdZ,com.sec.android.app.shealth,ae61f205-0084-4219-97be-682d48d7a52e,2026-05-01 00:00:00.000,
2572b751-e4bf-4c20-a115-27ac8907ed2f.binning_data.json,2026-05-02 03:00:12.752,2026-05-02 03:00:12.752,com.sec.android.app.shealth,0,3076,1.2832195,2341.04,182.8,487mnSNu6t,com.sec.android.app.shealth,2572b751-e4bf-4c20-a115-27ac8907ed2f,2026-05-01 00:00:00.000,
c0382df3-6977-46f8-9708-01e681844c6a.binning_data.json,2026-05-03 02:19:34.352,2026-05-02 04:28:39.986,com.sec.android.app.shealth,-2,956,1.2231778,723.9,55.92,VfS0qUERdZ,com.sec.android.app.shealth,c0382df3-6977-46f8-9708-01e681844c6a,2026-05-02 00:00:00.000,
20e1876c-17b0-417d-b716-23f77798b48d.binning_data.json,2026-05-03 03:00:13.751,2026-05-03 03:00:13.751,com.sec.android.app.shealth,0,956,1.2231778,723.9,55.92,487mnSNu6t,com.sec.android.app.shealth,20e1876c-17b0-417d-b716-23f77798b48d,2026-05-02 00:00:00.000,
06feb799-01cb-4d4e-a66e-3fe54e131fdb.binning_data.json,2026-05-04 00:15:05.392,2026-05-03 03:04:13.735,com.sec.android.app.shealth,-2,573,1.1723592,427.29,33.51,VfS0qUERdZ,com.sec.android.app.shealth,06feb799-01cb-4d4e-a66e-3fe54e131fdb,2026-05-03 00:00:00.000,
c7479ff7-05c5-4f88-ac14-6cd5a6268f0c.binning_data.json,2026-05-04 03:00:02.279,2026-05-04 03:00:02.279,com.sec.android.app.shealth,0,573,1.1723592,427.29,33.51,487mnSNu6t,com.sec.android.app.shealth,c7479ff7-05c5-4f88-ac14-6cd5a6268f0c,2026-05-03 00:00:00.000,
12660cf0-852e-4c0a-88a1-57885c7e37f6.binning_data.json,2026-05-05 01:21:34.293,2026-05-04 04:27:31.082,com.sec.android.app.shealth,-2,4411,1.2974705,3348.92,215.93,VfS0qUERdZ,com.sec.android.app.shealth,12660cf0-852e-4c0a-88a1-57885c7e37f6,2026-05-04 00:00:00.000,
2ed0d997-98cd-4ca5-a609-2e7d46dba665.binning_data.json,2026-05-05 03:00:15.049,2026-05-05 03:00:15.049,com.sec.android.app.shealth,0,4211,1.289076,3191.99,195.02,487mnSNu6t,com.sec.android.app.shealth,2ed0d997-98cd-4ca5-a609-2e7d46dba665,2026-05-04 00:00:00.000,
ef8f0bac-81e8-46c5-8b72-6bc9dbe123f8.binning_data.json,2026-05-05 03:00:20.331,2026-05-05 03:00:20.331,com.sec.android.app.shealth,102,1059,1.3427999,804.36,60.77,hriiVjEkYE,com.sec.android.app.shealth,ef8f0bac-81e8-46c5-8b72-6bc9dbe123f8,2026-05-04 00:00:00.000,
3c50955d-723f-4dd0-a5e0-eda699382a86.binning_data.json,2026-05-05 21:50:53.944,2026-05-05 13:20:54.745,com.sec.android.app.shealth,-2,991,1.2877977,741.9,30.77,VfS0qUERdZ,com.sec.android.app.shealth,3c50955d-723f-4dd0-a5e0-eda699382a86,2026-05-05 00:00:00.000,
5ad40210-10d7-495c-899b-dd753c2554f4.binning_data.json,2026-05-06 03:24:10.911,2026-05-06 03:24:10.911,com.sec.android.app.shealth,0,991,1.2877977,741.9,30.77,487mnSNu6t,com.sec.android.app.shealth,5ad40210-10d7-495c-899b-dd753c2554f4,2026-05-05 00:00:00.000,
bdd0a112-d0d7-4f23-b360-d4e29688ec50.binning_data.json,2026-05-07 12:54:28.665,2026-05-06 10:48:55.144,com.sec.android.app.shealth,-2,5214,1.2935057,3916.23,222.73,VfS0qUERdZ,com.sec.android.app.shealth,bdd0a112-d0d7-4f23-b360-d4e29688ec50,2026-05-06 00:00:00.000,
43995701-e1b9-4359-b625-6529616de251.binning_data.json,2026-05-07 03:00:23.766,2026-05-07 03:00:23.766,com.sec.android.app.shealth,0,4397,1.2562165,3281.33,134.76,487mnSNu6t,com.sec.android.app.shealth,43995701-e1b9-4359-b625-6529616de251,2026-05-06 00:00:00.000,
428c0c96-cf78-44c1-adc2-75a60335cbef.binning_data.json,2026-05-08 03:00:49.375,2026-05-07 03:00:25.634,com.sec.android.app.shealth,102,4159,1.2950242,3127.43,251.47,hriiVjEkYE,com.sec.android.app.shealth,428c0c96-cf78-44c1-adc2-75a60335cbef,2026-05-06 00:00:00.000,
b46b6fa2-09ab-4918-8976-34fb1e7491f9.binning_data.json,2026-05-08 10:35:07.700,2026-05-07 10:51:56.547,com.sec.android.app.shealth,-2,6880,1.3946788,5303.83,361.0,VfS0qUERdZ,com.sec.android.app.shealth,b46b6fa2-09ab-4918-8976-34fb1e7491f9,2026-05-07 00:00:00.000,
317307e3-95d5-4941-8e8c-845cbe741002.binning_data.json,2026-05-08 03:00:36.859,2026-05-08 03:00:36.859,com.sec.android.app.shealth,0,4898,1.2250205,3647.16,177.77,487mnSNu6t,com.sec.android.app.shealth,317307e3-95d5-4941-8e8c-845cbe741002,2026-05-07 00:00:00.000,
adf83a27-633d-482c-9f0f-66ec79d839d3.binning_data.json,2026-05-09 03:00:33.208,2026-05-08 03:00:49.357,com.sec.android.app.shealth,102,5544,1.4280218,4294.2603,345.57,hriiVjEkYE,com.sec.android.app.shealth,adf83a27-633d-482c-9f0f-66ec79d839d3,2026-05-07 00:00:00.000,
32a9067f-e178-4e41-8035-25dd37ed0584.binning_data.json,2026-05-09 01:30:51.475,2026-05-08 10:35:01.729,com.sec.android.app.shealth,-2,3832,1.343693,2911.61,170.66,VfS0qUERdZ,com.sec.android.app.shealth,32a9067f-e178-4e41-8035-25dd37ed0584,2026-05-08 00:00:00.000,
0dd07d47-75d7-4248-8bd8-aff5056efeda.binning_data.json,2026-05-09 03:00:29.400,2026-05-09 03:00:29.400,com.sec.android.app.shealth,0,3178,1.2640419,2375.15,97.31,487mnSNu6t,com.sec.android.app.shealth,0dd07d47-75d7-4248-8bd8-aff5056efeda,2026-05-08 00:00:00.000,
93dad61e-803b-47a7-91cf-af495babafa7.binning_data.json,2026-05-09 03:00:33.292,2026-05-09 03:00:33.292,com.sec.android.app.shealth,102,3188,1.3841885,2440.09,197.28,hriiVjEkYE,com.sec.android.app.shealth,93dad61e-803b-47a7-91cf-af495babafa7,2026-05-08 00:00:00.000,
8c624d83-64ed-43f4-ac78-3110dd699a2b.binning_data.json,2026-05-10 02:18:26.619,2026-05-09 15:02:38.170,com.sec.android.app.shealth,-2,1115,1.3005902,853.9,65.659996,VfS0qUERdZ,com.sec.android.app.shealth,8c624d83-64ed-43f4-ac78-3110dd699a2b,2026-05-09 00:00:00.000,
b1205f60-de0e-4942-8158-a936e6bc98cf.binning_data.json,2026-05-10 03:00:04.417,2026-05-10 03:00:04.417,com.sec.android.app.shealth,0,1115,1.3005902,853.9,65.659996,487mnSNu6t,com.sec.android.app.shealth,b1205f60-de0e-4942-8158-a936e6bc98cf,2026-05-09 00:00:00.000,
fe5e4bd2-2fbe-4d91-ae47-ccaf78fbf424.binning_data.json,2026-05-11 02:35:59.086,2026-05-10 03:12:01.183,com.sec.android.app.shealth,-2,3778,1.2543178,2864.17,221.79,VfS0qUERdZ,com.sec.android.app.shealth,fe5e4bd2-2fbe-4d91-ae47-ccaf78fbf424,2026-05-10 00:00:00.000,
8bdaf7e4-56f5-4b6c-b274-d8de01b787a6.binning_data.json,2026-05-11 03:00:02.699,2026-05-11 03:00:02.699,com.sec.android.app.shealth,0,3778,1.2543178,2864.17,221.79,487mnSNu6t,com.sec.android.app.shealth,8bdaf7e4-56f5-4b6c-b274-d8de01b787a6,2026-05-10 00:00:00.000,
216ddcd6-eed0-4a76-9d00-192b12935365.binning_data.json,2026-05-12 00:08:58.901,2026-05-11 10:59:53.151,com.sec.android.app.shealth,-2,1120,1.1943318,840.75,65.43,VfS0qUERdZ,com.sec.android.app.shealth,216ddcd6-eed0-4a76-9d00-192b12935365,2026-05-11 00:00:00.000,
4cc50008-523e-4659-a590-788d4bb5a7c7.binning_data.json,2026-05-12 03:00:02.634,2026-05-12 03:00:02.634,com.sec.android.app.shealth,0,1120,1.1943318,840.75,65.43,487mnSNu6t,com.sec.android.app.shealth,4cc50008-523e-4659-a590-788d4bb5a7c7,2026-05-11 00:00:00.000,
b319b4d8-3ade-47e9-84b5-eadb1e6a8490.binning_data.json,2026-05-13 01:44:52.547,2026-05-12 10:15:35.528,com.sec.android.app.shealth,-2,4554,1.2617825,3454.29,270.68,VfS0qUERdZ,com.sec.android.app.shealth,b319b4d8-3ade-47e9-84b5-eadb1e6a8490,2026-05-12 00:00:00.000,
0575ca83-691c-4a5c-aa66-642f79bbffea.binning_data.json,2026-05-13 03:00:03.222,2026-05-13 03:00:03.222,com.sec.android.app.shealth,0,4554,1.2617825,3454.29,270.68,487mnSNu6t,com.sec.android.app.shealth,0575ca83-691c-4a5c-aa66-642f79bbffea,2026-05-12 00:00:00.000,
bcb140b2-ee13-420e-8f69-7eda17dfda2d.binning_data.json,2026-05-14 10:30:05.183,2026-05-13 10:55:03.526,com.sec.android.app.shealth,-2,3869,1.3085171,2921.91,196.33,VfS0qUERdZ,com.sec.android.app.shealth,bcb140b2-ee13-420e-8f69-7eda17dfda2d,2026-05-13 00:00:00.000,
49fcf4a4-9788-4df2-878f-74ebdc81d1cf.binning_data.json,2026-05-14 03:00:03.595,2026-05-14 03:00:03.595,com.sec.android.app.shealth,0,3243,1.2309977,2413.24,103.44,487mnSNu6t,com.sec.android.app.shealth,49fcf4a4-9788-4df2-878f-74ebdc81d1cf,2026-05-13 00:00:00.000,
33546741-db1b-4330-8893-665105fa46cc.binning_data.json,2026-05-15 03:02:59.797,2026-05-14 03:00:04.601,com.sec.android.app.shealth,102,3479,1.3318784,2641.46,214.76,hriiVjEkYE,com.sec.android.app.shealth,33546741-db1b-4330-8893-665105fa46cc,2026-05-13 00:00:00.000,
0033a97d-3b36-4f97-ae76-41304020e7c2.binning_data.json,2026-05-17 17:09:48.377,2026-05-14 10:30:04.742,com.sec.android.app.shealth,-2,4092,1.3054297,3114.25,245.79,VfS0qUERdZ,com.sec.android.app.shealth,0033a97d-3b36-4f97-ae76-41304020e7c2,2026-05-14 00:00:00.000,
e8c09bc9-16da-4936-84a2-a03437682161.binning_data.json,2026-05-15 03:02:41.752,2026-05-15 03:02:41.752,com.sec.android.app.shealth,0,3605,1.2511191,2728.75,214.18,487mnSNu6t,com.sec.android.app.shealth,e8c09bc9-16da-4936-84a2-a03437682161,2026-05-14 00:00:00.000,
1b19526f-484f-45d9-a56b-eda92566ca63.binning_data.json,2026-05-18 03:01:08.070,2026-05-15 03:02:59.944,com.sec.android.app.shealth,102,2641,1.3648484,2019.37,161.08,hriiVjEkYE,com.sec.android.app.shealth,1b19526f-484f-45d9-a56b-eda92566ca63,2026-05-14 00:00:00.000,
4ba13fd7-9f0c-494f-936c-b74a180ec2b2.binning_data.json,2026-05-16 01:09:37.499,2026-05-15 10:31:31.906,com.sec.android.app.shealth,-2,3416,1.2699873,2594.3901,202.86,VfS0qUERdZ,com.sec.android.app.shealth,4ba13fd7-9f0c-494f-936c-b74a180ec2b2,2026-05-15 00:00:00.000,
7ed94160-d5a9-4caf-9c77-a50de3504d30.binning_data.json,2026-05-16 03:00:03.413,2026-05-16 03:00:03.413,com.sec.android.app.shealth,0,3416,1.2699873,2594.3901,202.86,487mnSNu6t,com.sec.android.app.shealth,7ed94160-d5a9-4caf-9c77-a50de3504d30,2026-05-15 00:00:00.000,
b3c98075-b917-41e1-92d9-f2b39cb60aac.binning_data.json,2026-05-17 02:57:04.746,2026-05-16 03:43:02.762,com.sec.android.app.shealth,-2,927,1.2172107,699.34,54.13,VfS0qUERdZ,com.sec.android.app.shealth,b3c98075-b917-41e1-92d9-f2b39cb60aac,2026-05-16 00:00:00.000,
81114f73-89fa-4b31-a582-329dff196c1d.binning_data.json,2026-05-17 03:00:01.358,2026-05-17 03:00:01.358,com.sec.android.app.shealth,0,927,1.2172107,699.34,54.13,487mnSNu6t,com.sec.android.app.shealth,81114f73-89fa-4b31-a582-329dff196c1d,2026-05-16 00:00:00.000,
663a5f28-7558-4a10-862e-023f8d795ea7.binning_data.json,2026-05-18 02:12:25.755,2026-05-17 03:16:22.622,com.sec.android.app.shealth,-2,1816,1.4015934,1410.69,119.7,VfS0qUERdZ,com.sec.android.app.shealth,663a5f28-7558-4a10-862e-023f8d795ea7,2026-05-17 00:00:00.000,
2a78f48d-d9a1-4976-a788-7bce638d7d93.binning_data.json,2026-05-18 03:00:22.588,2026-05-18 03:00:22.588,com.sec.android.app.shealth,0,773,1.2091136,582.87,45.15,487mnSNu6t,com.sec.android.app.shealth,2a78f48d-d9a1-4976-a788-7bce638d7d93,2026-05-17 00:00:00.000,
22796e5f-3739-45bc-b02e-612492d38dd9.binning_data.json,2026-05-18 03:01:08.086,2026-05-18 03:01:08.086,com.sec.android.app.shealth,102,1488,1.4689573,1165.27,100.57,hriiVjEkYE,com.sec.android.app.shealth,22796e5f-3739-45bc-b02e-612492d38dd9,2026-05-17 00:00:00.000,
2a0ee13b-c117-49a5-a4c9-093c27e6a91c.binning_data.json,2026-05-18 23:54:42.346,2026-05-18 11:02:32.370,com.sec.android.app.shealth,-2,766,1.2468668,579.08,44.98,VfS0qUERdZ,com.sec.android.app.shealth,2a0ee13b-c117-49a5-a4c9-093c27e6a91c,2026-05-18 00:00:00.000,
a58ffa07-37dd-44fc-a661-a701b6e9673c.binning_data.json,2026-05-19 03:00:10.277,2026-05-19 03:00:10.277,com.sec.android.app.shealth,0,766,1.2468668,579.08,44.98,487mnSNu6t,com.sec.android.app.shealth,a58ffa07-37dd-44fc-a661-a701b6e9673c,2026-05-18 00:00:00.000,
ac601468-7780-4aa2-ae1a-460c0860835f.binning_data.json,2026-05-23 23:19:19.603,2026-05-19 10:40:24.569,com.sec.android.app.shealth,-2,3928,1.3162003,2996.53,238.1,VfS0qUERdZ,com.sec.android.app.shealth,ac601468-7780-4aa2-ae1a-460c0860835f,2026-05-19 00:00:00.000,
9fbf4723-eb11-4b56-b5de-d7c3177e80d2.binning_data.json,2026-05-20 03:00:24.639,2026-05-20 03:00:24.639,com.sec.android.app.shealth,0,3627,1.2573206,2750.65,215.28,487mnSNu6t,com.sec.android.app.shealth,9fbf4723-eb11-4b56-b5de-d7c3177e80d2,2026-05-19 00:00:00.000,
d0f95129-67bd-4dd9-9111-c520a87e17a9.binning_data.json,2026-05-24 03:00:08.167,2026-05-20 03:00:28.066,com.sec.android.app.shealth,102,2069,1.3752238,1580.2,129.06,hriiVjEkYE,com.sec.android.app.shealth,d0f95129-67bd-4dd9-9111-c520a87e17a9,2026-05-19 00:00:00.000,
9bb14d9b-8324-431d-98c6-638f9d72c3b8.binning_data.json,2026-05-21 02:23:33.857,2026-05-20 10:51:28.458,com.sec.android.app.shealth,-2,3613,1.2861489,2749.94,214.77,VfS0qUERdZ,com.sec.android.app.shealth,9bb14d9b-8324-431d-98c6-638f9d72c3b8,2026-05-20 00:00:00.000,
7308597e-6c77-4752-b650-d0cfe522bc7e.binning_data.json,2026-05-21 03:00:05.286,2026-05-21 03:00:05.286,com.sec.android.app.shealth,0,3613,1.2861489,2749.94,214.77,487mnSNu6t,com.sec.android.app.shealth,7308597e-6c77-4752-b650-d0cfe522bc7e,2026-05-20 00:00:00.000,
568ef278-7319-4235-8732-439b6bd06748.binning_data.json,2026-05-22 02:19:53.508,2026-05-21 10:34:32.103,com.sec.android.app.shealth,-2,3437,1.2681777,2610.96,204.92,VfS0qUERdZ,com.sec.android.app.shealth,568ef278-7319-4235-8732-439b6bd06748,2026-05-21 00:00:00.000,
afa741ac-64bb-4017-a493-fc2590bb1e7f.binning_data.json,2026-05-22 03:00:22.087,2026-05-22 03:00:22.087,com.sec.android.app.shealth,0,3437,1.2681777,2610.96,204.92,487mnSNu6t,com.sec.android.app.shealth,afa741ac-64bb-4017-a493-fc2590bb1e7f,2026-05-21 00:00:00.000,
27018e36-5a41-41e0-8df3-a1a5e8018a21.binning_data.json,2026-05-23 00:43:55.215,2026-05-22 10:39:27.389,com.sec.android.app.shealth,-2,3772,1.2658294,2863.1199,223.63,VfS0qUERdZ,com.sec.android.app.shealth,27018e36-5a41-41e0-8df3-a1a5e8018a21,2026-05-22 00:00:00.000,
35beac4d-1ba6-48cb-b326-80bccb461766.binning_data.json,2026-05-23 03:00:27.669,2026-05-23 03:00:27.669,com.sec.android.app.shealth,0,3772,1.2658294,2863.1199,223.63,487mnSNu6t,com.sec.android.app.shealth,35beac4d-1ba6-48cb-b326-80bccb461766,2026-05-22 00:00:00.000,
105cacf0-54dd-4324-8ec0-d61b357def22.binning_data.json,2026-05-24 15:12:09.728,2026-05-23 14:35:29.143,com.sec.android.app.shealth,-2,1023,1.2742318,780.13,57.28,VfS0qUERdZ,com.sec.android.app.shealth,105cacf0-54dd-4324-8ec0-d61b357def22,2026-05-23 00:00:00.000,
e9e69a07-20bf-4fa9-8155-b972db7387e4.binning_data.json,2026-05-24 03:04:15.117,2026-05-24 03:00:05.571,com.sec.android.app.shealth,0,838,1.2159216,632.32,44.559998,487mnSNu6t,com.sec.android.app.shealth,e9e69a07-20bf-4fa9-8155-b972db7387e4,2026-05-23 00:00:00.000,
a47ab481-369e-460d-bb3e-d9b51eedebe8.binning_data.json,2026-05-31 23:17:32.530,2026-05-24 03:55:30.419,com.sec.android.app.shealth,-2,3540,1.3843627,2715.82,174.96,VfS0qUERdZ,com.sec.android.app.shealth,a47ab481-369e-460d-bb3e-d9b51eedebe8,2026-05-24 00:00:00.000,
18276bd7-cc41-4741-8d85-b64cb2c38b83.binning_data.json,2026-05-25 03:00:18.791,2026-05-25 03:00:18.791,com.sec.android.app.shealth,0,2413,1.26245,1804.48,74.77,487mnSNu6t,com.sec.android.app.shealth,18276bd7-cc41-4741-8d85-b64cb2c38b83,2026-05-24 00:00:00.000,
13b2491f-7b81-4924-a32b-c60056b4feb4.binning_data.json,2026-05-25 03:00:22.766,2026-05-25 03:00:22.766,com.sec.android.app.shealth,102,2621,1.3636925,1997.59,152.24,hriiVjEkYE,com.sec.android.app.shealth,13b2491f-7b81-4924-a32b-c60056b4feb4,2026-05-24 00:00:00.000,
07032d6b-a817-4dfb-8dca-8817064828b0.binning_data.json,2026-05-25 03:00:22.771,2026-05-25 03:00:22.771,com.sec.android.app.shealth,102,249,1.469364,195.24,15.5,hriiVjEkYE,com.sec.android.app.shealth,07032d6b-a817-4dfb-8dca-8817064828b0,2026-05-23 00:00:00.000,
80f30529-fe6e-4db4-8f10-1d457d81c0e8.binning_data.json,2026-05-31 23:17:32.517,2026-05-25 10:36:48.252,com.sec.android.app.shealth,-2,3525,1.2815875,2654.35,117.08,VfS0qUERdZ,com.sec.android.app.shealth,80f30529-fe6e-4db4-8f10-1d457d81c0e8,2026-05-25 00:00:00.000,
c48ddb71-544b-4042-ae91-128734086927.binning_data.json,2026-05-26 03:00:01.773,2026-05-26 03:00:01.773,com.sec.android.app.shealth,0,3386,1.2426319,2523.61,103.4,487mnSNu6t,com.sec.android.app.shealth,c48ddb71-544b-4042-ae91-128734086927,2026-05-25 00:00:00.000,
cfa43d51-1f7c-4342-a0b5-0550e392e5d3.binning_data.json,2026-05-27 01:02:24.221,2026-05-26 11:45:30.845,com.sec.android.app.shealth,-2,780,1.2503146,582.07,24.359999,VfS0qUERdZ,com.sec.android.app.shealth,cfa43d51-1f7c-4342-a0b5-0550e392e5d3,2026-05-26 00:00:00.000,
67e4830e-36ca-4428-9d71-f224a1e7d9b6.binning_data.json,2026-05-27 03:00:04.294,2026-05-27 03:00:04.294,com.sec.android.app.shealth,0,780,1.2503146,582.07,24.359999,487mnSNu6t,com.sec.android.app.shealth,67e4830e-36ca-4428-9d71-f224a1e7d9b6,2026-05-26 00:00:00.000,
319d3f5f-6125-45e8-aaf6-ef412380b553.binning_data.json,2026-05-28 01:37:11.898,2026-05-27 10:51:04.548,com.sec.android.app.shealth,-2,4916,1.2369416,3656.05,150.14,VfS0qUERdZ,com.sec.android.app.shealth,319d3f5f-6125-45e8-aaf6-ef412380b553,2026-05-27 00:00:00.000,
ff0932d2-8b77-4757-90d7-b359ec97578c.binning_data.json,2026-05-28 03:00:02.839,2026-05-28 03:00:02.839,com.sec.android.app.shealth,0,4916,1.2369416,3656.05,150.14,487mnSNu6t,com.sec.android.app.shealth,ff0932d2-8b77-4757-90d7-b359ec97578c,2026-05-27 00:00:00.000,
7b14777b-b90e-477d-a6e7-96b94269439a.binning_data.json,2026-05-29 01:31:55.803,2026-05-28 10:54:55.103,com.sec.android.app.shealth,-2,5374,1.2646956,4071.05,320.29,VfS0qUERdZ,com.sec.android.app.shealth,7b14777b-b90e-477d-a6e7-96b94269439a,2026-05-28 00:00:00.000,
e2b872bd-074f-4712-9e74-022060cea1f0.binning_data.json,2026-05-29 03:00:04.157,2026-05-29 03:00:04.157,com.sec.android.app.shealth,0,5374,1.2646956,4071.05,320.29,487mnSNu6t,com.sec.android.app.shealth,e2b872bd-074f-4712-9e74-022060cea1f0,2026-05-28 00:00:00.000,
c086b68a-3714-4f44-a51c-b7af391f6e80.binning_data.json,2026-05-30 01:44:24.783,2026-05-29 10:10:37.286,com.sec.android.app.shealth,-2,4143,1.2565674,3140.77,245.81999,VfS0qUERdZ,com.sec.android.app.shealth,c086b68a-3714-4f44-a51c-b7af391f6e80,2026-05-29 00:00:00.000,
590571ff-9b03-4743-b042-cc3cb05cd686.binning_data.json,2026-05-30 03:00:03.401,2026-05-30 03:00:03.401,com.sec.android.app.shealth,0,4143,1.2565674,3140.77,245.81999,487mnSNu6t,com.sec.android.app.shealth,590571ff-9b03-4743-b042-cc3cb05cd686,2026-05-29 00:00:00.000,
f8f15b61-6542-49fc-9941-fcd290484b37.binning_data.json,2026-05-31 02:55:09.729,2026-05-30 11:04:46.423,com.sec.android.app.shealth,-2,1233,1.1541466,921.55,72.45,VfS0qUERdZ,com.sec.android.app.shealth,f8f15b61-6542-49fc-9941-fcd290484b37,2026-05-30 00:00:00.000,
b79825ad-81a2-4931-b830-320675da60ac.binning_data.json,2026-05-31 03:00:05.619,2026-05-31 03:00:05.619,com.sec.android.app.shealth,0,1233,1.1541466,921.55,72.45,487mnSNu6t,com.sec.android.app.shealth,b79825ad-81a2-4931-b830-320675da60ac,2026-05-30 00:00:00.000,
fadbd761-58b3-4a50-b626-5e39c3103e4f.binning_data.json,2026-06-01 10:30:14.480,2026-05-31 03:08:46.120,com.sec.android.app.shealth,-2,1838,1.2302309,1385.55,102.43,VfS0qUERdZ,com.sec.android.app.shealth,fadbd761-58b3-4a50-b626-5e39c3103e4f,2026-05-31 00:00:00.000,
9d331f6f-f84e-4211-b21f-249c1fa1c746.binning_data.json,2026-06-01 03:00:03.639,2026-06-01 03:00:03.639,com.sec.android.app.shealth,0,1612,1.1980927,1208.17,84.64,487mnSNu6t,com.sec.android.app.shealth,9d331f6f-f84e-4211-b21f-249c1fa1c746,2026-05-31 00:00:00.000,
ebafd62f-68aa-4ddb-a2a3-bf5ce2c5e705.binning_data.json,2026-06-02 11:51:08.309,2026-06-01 10:30:14.352,com.sec.android.app.shealth,-2,5359,1.3981906,4145.4,264.18,VfS0qUERdZ,com.sec.android.app.shealth,ebafd62f-68aa-4ddb-a2a3-bf5ce2c5e705,2026-06-01 00:00:00.000,
5b80d8ef-4fe3-4b73-a299-5edd33fd06df.binning_data.json,2026-06-02 03:00:18.743,2026-06-02 03:00:18.743,com.sec.android.app.shealth,0,4362,1.2897254,3297.53,137.17,487mnSNu6t,com.sec.android.app.shealth,5b80d8ef-4fe3-4b73-a299-5edd33fd06df,2026-06-01 00:00:00.000,
d1083050-7f2e-4e22-9790-28e3a2ced8b5.binning_data.json,2026-06-02 03:00:27.349,2026-06-02 03:00:27.349,com.sec.android.app.shealth,102,493,1.3902571,379.2,29.14,hriiVjEkYE,com.sec.android.app.shealth,d1083050-7f2e-4e22-9790-28e3a2ced8b5,2026-05-31 00:00:00.000,
5b2573a2-8c08-4536-999b-fc5bd2eb0596.binning_data.json,2026-06-03 03:00:22.609,2026-06-02 03:00:27.493,com.sec.android.app.shealth,102,4700,1.4131069,3632.71,296.81,hriiVjEkYE,com.sec.android.app.shealth,5b2573a2-8c08-4536-999b-fc5bd2eb0596,2026-06-01 00:00:00.000,
86702517-45fc-4cfb-90b8-77b7295f29c2.binning_data.json,2026-06-03 02:42:14.271,2026-06-02 10:03:44.105,com.sec.android.app.shealth,-2,4214,1.317028,3179.24,151.95999,VfS0qUERdZ,com.sec.android.app.shealth,86702517-45fc-4cfb-90b8-77b7295f29c2,2026-06-02 00:00:00.000,
14ccff23-b642-4486-8c38-115f4dec6685.binning_data.json,2026-06-03 03:00:19.818,2026-06-03 03:00:19.818,com.sec.android.app.shealth,0,4067,1.3014616,3058.17,124.9,487mnSNu6t,com.sec.android.app.shealth,14ccff23-b642-4486-8c38-115f4dec6685,2026-06-02 00:00:00.000,
669f940d-a41a-44e0-adfb-83892d4900de.binning_data.json,2026-06-03 03:00:22.627,2026-06-03 03:00:22.627,com.sec.android.app.shealth,102,1621,1.3810353,1238.16,100.0,hriiVjEkYE,com.sec.android.app.shealth,669f940d-a41a-44e0-adfb-83892d4900de,2026-06-02 00:00:00.000,
a69b384d-12fd-4019-b7b0-2f41bdaac4b9.binning_data.json,2026-06-04 00:50:40.597,2026-06-03 03:15:39.830,com.sec.android.app.shealth,-2,991,1.2468303,749.27,58.38,VfS0qUERdZ,com.sec.android.app.shealth,a69b384d-12fd-4019-b7b0-2f41bdaac4b9,2026-06-03 00:00:00.000,
64fdde29-2825-4fb5-a6ff-b7a05f5112f1.binning_data.json,2026-06-04 03:35:04.911,2026-06-04 03:35:04.911,com.sec.android.app.shealth,0,991,1.2468303,749.27,58.38,487mnSNu6t,com.sec.android.app.shealth,64fdde29-2825-4fb5-a6ff-b7a05f5112f1,2026-06-03 00:00:00.000,
f0f1d0b5-b4d7-415e-ba76-ac64dab263f6.binning_data.json,2026-06-05 02:35:00.593,2026-06-04 14:52:31.945,com.sec.android.app.shealth,-2,2263,1.3447686,1734.53,128.55,VfS0qUERdZ,com.sec.android.app.shealth,f0f1d0b5-b4d7-415e-ba76-ac64dab263f6,2026-06-04 00:00:00.000,
9efc9c20-6488-4826-84c2-4703dede08be.binning_data.json,2026-06-05 03:00:02.812,2026-06-05 03:00:02.812,com.sec.android.app.shealth,0,1243,1.1405125,915.73,50.77,487mnSNu6t,com.sec.android.app.shealth,9efc9c20-6488-4826-84c2-4703dede08be,2026-06-04 00:00:00.000,
ea39a497-1244-435f-aa05-751f11c37597.binning_data.json,2026-06-05 03:00:03.850,2026-06-05 03:00:03.850,com.sec.android.app.shealth,102,1587,1.4492942,1235.07,101.67,hriiVjEkYE,com.sec.android.app.shealth,ea39a497-1244-435f-aa05-751f11c37597,2026-06-04 00:00:00.000,
7d371d5c-0bd7-43b7-a0b1-cc833006ec90.binning_data.json,2026-06-06 02:36:43.098,2026-06-05 11:51:59.016,com.sec.android.app.shealth,-2,1363,1.2479986,1015.09,42.71,VfS0qUERdZ,com.sec.android.app.shealth,7d371d5c-0bd7-43b7-a0b1-cc833006ec90,2026-06-05 00:00:00.000,
28a942d7-80d8-4559-b28b-d000658dd2f9.binning_data.json,2026-06-06 03:00:09.651,2026-06-06 03:00:09.651,com.sec.android.app.shealth,0,1363,1.2479986,1015.09,42.71,487mnSNu6t,com.sec.android.app.shealth,28a942d7-80d8-4559-b28b-d000658dd2f9,2026-06-05 00:00:00.000,
3dcc07f4-0978-4988-8bf0-6035c51a0e00.binning_data.json,2026-06-07 00:06:33.984,2026-06-06 14:12:54.521,com.sec.android.app.shealth,-2,4660,1.1963434,3450.95,146.05,VfS0qUERdZ,com.sec.android.app.shealth,3dcc07f4-0978-4988-8bf0-6035c51a0e00,2026-06-06 00:00:00.000,
d3a43741-6b87-4b92-80ec-3891682579f6.binning_data.json,2026-06-07 03:00:07.967,2026-06-07 03:00:07.967,com.sec.android.app.shealth,0,4660,1.1963434,3450.95,146.05,487mnSNu6t,com.sec.android.app.shealth,d3a43741-6b87-4b92-80ec-3891682579f6,2026-06-06 00:00:00.000,
b07aeb0d-29c9-4e89-a8fe-6217ac1189d9.binning_data.json,2026-06-08 01:55:08.266,2026-06-07 15:16:28.514,com.sec.android.app.shealth,-2,1763,1.3248996,1341.8,96.54,VfS0qUERdZ,com.sec.android.app.shealth,b07aeb0d-29c9-4e89-a8fe-6217ac1189d9,2026-06-07 00:00:00.000,
417fbc68-dd54-4800-b8e8-9116022e75d8.binning_data.json,2026-06-08 03:10:17.808,2026-06-08 03:10:17.808,com.sec.android.app.shealth,0,958,1.2047405,712.56,36.12,487mnSNu6t,com.sec.android.app.shealth,417fbc68-dd54-4800-b8e8-9116022e75d8,2026-06-07 00:00:00.000,
a699d964-7918-487c-ba95-dfb205146107.binning_data.json,2026-06-08 03:10:21.604,2026-06-08 03:10:21.604,com.sec.android.app.shealth,102,1404,1.3599182,1071.93,83.22,hriiVjEkYE,com.sec.android.app.shealth,a699d964-7918-487c-ba95-dfb205146107,2026-06-07 00:00:00.000,
87280da5-d685-4050-8062-38c18849a4ca.binning_data.json,2026-06-09 02:15:53.413,2026-06-08 10:40:42.027,com.sec.android.app.shealth,-2,5299,1.3815668,4079.45,266.02,VfS0qUERdZ,com.sec.android.app.shealth,87280da5-d685-4050-8062-38c18849a4ca,2026-06-08 00:00:00.000,
7c68990d-c9c3-4fe0-bbc0-c752aef172cf.binning_data.json,2026-06-09 03:00:11.087,2026-06-09 03:00:11.087,com.sec.android.app.shealth,0,4339,1.25119,3247.5,134.5,487mnSNu6t,com.sec.android.app.shealth,7c68990d-c9c3-4fe0-bbc0-c752aef172cf,2026-06-08 00:00:00.000,
ec9d7648-5329-4fab-84f7-a5b43c7cfe7c.binning_data.json,2026-06-09 03:00:13.492,2026-06-09 03:00:13.492,com.sec.android.app.shealth,102,4133,1.4448885,3209.85,267.4,hriiVjEkYE,com.sec.android.app.shealth,ec9d7648-5329-4fab-84f7-a5b43c7cfe7c,2026-06-08 00:00:00.000,
8c5cf0e0-52dc-4848-b308-da6ff0b8fcb8.binning_data.json,2026-06-10 01:16:38.160,2026-06-09 03:19:02.178,com.sec.android.app.shealth,-2,698,1.2417914,519.96,21.86,VfS0qUERdZ,com.sec.android.app.shealth,8c5cf0e0-52dc-4848-b308-da6ff0b8fcb8,2026-06-09 00:00:00.000,
a9b87967-9023-4f2a-9c7e-dd488afb4e9c.binning_data.json,2026-06-10 03:00:11.508,2026-06-10 03:00:11.508,com.sec.android.app.shealth,0,698,1.2417914,519.96,21.86,487mnSNu6t,com.sec.android.app.shealth,a9b87967-9023-4f2a-9c7e-dd488afb4e9c,2026-06-09 00:00:00.000,
8f458c7e-bf7d-4d98-8cd1-cec6d2abff3c.binning_data.json,2026-06-11 00:54:35.557,2026-06-10 10:51:31.249,com.sec.android.app.shealth,-2,3516,1.3890821,2696.43,170.48,VfS0qUERdZ,com.sec.android.app.shealth,8f458c7e-bf7d-4d98-8cd1-cec6d2abff3c,2026-06-10 00:00:00.000,
e0a2652d-7c40-4c25-9d9c-c013ef5f5fb8.binning_data.json,2026-06-11 03:00:06.882,2026-06-11 03:00:06.882,com.sec.android.app.shealth,0,3026,1.2920285,2271.69,92.84,487mnSNu6t,com.sec.android.app.shealth,e0a2652d-7c40-4c25-9d9c-c013ef5f5fb8,2026-06-10 00:00:00.000,
e7880fe2-34c6-4eb7-a368-e65e209115ec.binning_data.json,2026-06-11 03:00:09.893,2026-06-11 03:00:09.893,com.sec.android.app.shealth,102,2917,1.4451419,2262.28,187.43001,hriiVjEkYE,com.sec.android.app.shealth,e7880fe2-34c6-4eb7-a368-e65e209115ec,2026-06-10 00:00:00.000,
6dd62524-6e63-48ac-8a83-9b9ca5e2fe02.binning_data.json,2026-06-17 11:47:18.192,2026-06-11 06:02:51.735,com.sec.android.app.shealth,-2,728,1.3507413,560.49,44.03,VfS0qUERdZ,com.sec.android.app.shealth,6dd62524-6e63-48ac-8a83-9b9ca5e2fe02,2026-06-11 00:00:00.000,
1a930765-f4e8-47ce-9cde-6d3eea492d63.binning_data.json,2026-06-12 03:00:07.574,2026-06-12 03:00:07.574,com.sec.android.app.shealth,0,623,1.2836285,473.62,36.59,487mnSNu6t,com.sec.android.app.shealth,1a930765-f4e8-47ce-9cde-6d3eea492d63,2026-06-11 00:00:00.000,
fb447f52-7697-4e13-b23e-66a55010062c.binning_data.json,2026-06-12 03:00:09.817,2026-06-12 03:00:09.817,com.sec.android.app.shealth,102,81,2.0599854,68.75,6.35,hriiVjEkYE,com.sec.android.app.shealth,fb447f52-7697-4e13-b23e-66a55010062c,2026-06-11 00:00:00.000,
c8717e6d-70ff-4ec9-afc4-f94d19d2d32f.binning_data.json,2026-06-13 01:15:02.874,2026-06-12 03:55:17.862,com.sec.android.app.shealth,-2,3481,1.3070914,2657.36,206.7,VfS0qUERdZ,com.sec.android.app.shealth,c8717e6d-70ff-4ec9-afc4-f94d19d2d32f,2026-06-12 00:00:00.000,
ef257393-fc2b-4479-8393-d75ed8b86aaa.binning_data.json,2026-06-13 03:00:17.162,2026-06-13 03:00:17.162,com.sec.android.app.shealth,0,3481,1.3070914,2657.36,206.7,487mnSNu6t,com.sec.android.app.shealth,ef257393-fc2b-4479-8393-d75ed8b86aaa,2026-06-12 00:00:00.000,
adf4943e-16dd-4cee-8140-b310a34ae1f6.binning_data.json,2026-06-14 02:55:02.804,2026-06-13 04:36:38.046,com.sec.android.app.shealth,-2,1565,1.2259741,1183.29,92.07,VfS0qUERdZ,com.sec.android.app.shealth,adf4943e-16dd-4cee-8140-b310a34ae1f6,2026-06-13 00:00:00.000,
d476cde8-2561-4568-a27a-72ca8e3054f7.binning_data.json,2026-06-14 03:00:02.185,2026-06-14 03:00:02.185,com.sec.android.app.shealth,0,1565,1.2259741,1183.29,92.07,487mnSNu6t,com.sec.android.app.shealth,d476cde8-2561-4568-a27a-72ca8e3054f7,2026-06-13 00:00:00.000,
2090b765-4d49-4152-8994-f50acc916c82.binning_data.json,2026-06-15 02:49:34.997,2026-06-14 03:12:05.043,com.sec.android.app.shealth,-2,337,1.0794281,247.25,19.869999,VfS0qUERdZ,com.sec.android.app.shealth,2090b765-4d49-4152-8994-f50acc916c82,2026-06-14 00:00:00.000,
1738dc81-fc0d-4c8c-a5f6-bc491ba29a79.binning_data.json,2026-06-15 03:00:03.623,2026-06-15 03:00:03.623,com.sec.android.app.shealth,0,337,1.0794281,247.25,19.869999,487mnSNu6t,com.sec.android.app.shealth,1738dc81-fc0d-4c8c-a5f6-bc491ba29a79,2026-06-14 00:00:00.000,
1860a1db-5151-4b7c-ba71-aa76e80e0ce0.binning_data.json,2026-06-16 02:23:14.448,2026-06-15 03:30:14.739,com.sec.android.app.shealth,-2,3901,1.3038362,2978.0,231.69,VfS0qUERdZ,com.sec.android.app.shealth,1860a1db-5151-4b7c-ba71-aa76e80e0ce0,2026-06-15 00:00:00.000,
aa9e78ce-a7e5-4b6e-aae1-7f71e477024b.binning_data.json,2026-06-16 03:00:03.779,2026-06-16 03:00:03.779,com.sec.android.app.shealth,0,3901,1.3038362,2978.0,231.69,487mnSNu6t,com.sec.android.app.shealth,aa9e78ce-a7e5-4b6e-aae1-7f71e477024b,2026-06-15 00:00:00.000,
7e65aaa0-7bac-4012-97b4-d46753aae242.binning_data.json,2026-06-17 02:09:42.903,2026-06-16 12:14:53.856,com.sec.android.app.shealth,-2,1471,1.2638578,1116.78,86.0,VfS0qUERdZ,com.sec.android.app.shealth,7e65aaa0-7bac-4012-97b4-d46753aae242,2026-06-16 00:00:00.000,
893a7340-b8be-4aa5-8ee5-155684dddeef.binning_data.json,2026-06-17 03:00:02.377,2026-06-17 03:00:02.377,com.sec.android.app.shealth,0,1471,1.2638578,1116.78,86.0,487mnSNu6t,com.sec.android.app.shealth,893a7340-b8be-4aa5-8ee5-155684dddeef,2026-06-16 00:00:00.000,
8206a7b9-620f-4e85-b458-1163d503fcc5.binning_data.json,2026-06-18 01:10:23.301,2026-06-17 10:04:56.583,com.sec.android.app.shealth,-2,4086,1.2972946,3098.06,246.41,VfS0qUERdZ,com.sec.android.app.shealth,8206a7b9-620f-4e85-b458-1163d503fcc5,2026-06-17 00:00:00.000,
8320c635-2074-4396-a035-d55d19181c9c.binning_data.json,2026-06-18 03:00:07.775,2026-06-18 03:00:07.775,com.sec.android.app.shealth,0,3627,1.2641392,2759.75,217.17,487mnSNu6t,com.sec.android.app.shealth,8320c635-2074-4396-a035-d55d19181c9c,2026-06-17 00:00:00.000,
b8983e2f-2e08-41bd-b1a2-200c935bdb0a.binning_data.json,2026-06-18 03:00:10.186,2026-06-18 03:00:10.186,com.sec.android.app.shealth,102,3743,1.2982277,2820.58,226.99,hriiVjEkYE,com.sec.android.app.shealth,b8983e2f-2e08-41bd-b1a2-200c935bdb0a,2026-06-17 00:00:00.000,
02d30a6c-424a-48fb-a0b6-ee0f95e4ab20.binning_data.json,2026-06-22 23:48:56.332,2026-06-18 03:25:27.353,com.sec.android.app.shealth,-2,4719,1.2963154,3576.31,287.65,VfS0qUERdZ,com.sec.android.app.shealth,02d30a6c-424a-48fb-a0b6-ee0f95e4ab20,2026-06-18 00:00:00.000,
3469aac7-6b65-4d35-b1f6-331d7e8d7d65.binning_data.json,2026-06-19 03:00:15.777,2026-06-19 03:00:15.777,com.sec.android.app.shealth,0,4452,1.2520868,3369.18,264.56,487mnSNu6t,com.sec.android.app.shealth,3469aac7-6b65-4d35-b1f6-331d7e8d7d65,2026-06-18 00:00:00.000,
05c3d853-3c12-460c-a4cf-f68796147f09.binning_data.json,2026-06-23 03:31:13.903,2026-06-19 03:00:24.305,com.sec.android.app.shealth,102,3283,1.2934875,2473.81,202.74,hriiVjEkYE,com.sec.android.app.shealth,05c3d853-3c12-460c-a4cf-f68796147f09,2026-06-18 00:00:00.000,
8d3b902c-bd5f-491e-8abe-4bc836448672.binning_data.json,2026-06-20 00:12:21.006,2026-06-19 10:46:54.386,com.sec.android.app.shealth,-2,4047,1.2953129,3084.53,239.93,VfS0qUERdZ,com.sec.android.app.shealth,8d3b902c-bd5f-491e-8abe-4bc836448672,2026-06-19 00:00:00.000,
49b91e14-8807-4497-97cd-8b2575591100.binning_data.json,2026-06-20 03:00:29.895,2026-06-20 03:00:29.895,com.sec.android.app.shealth,0,4047,1.2953129,3084.53,239.93,487mnSNu6t,com.sec.android.app.shealth,49b91e14-8807-4497-97cd-8b2575591100,2026-06-19 00:00:00.000,
f4fc8d65-6a5d-4a40-a19a-9352d700f062.binning_data.json,2026-06-21 02:58:34.352,2026-06-20 04:12:33.919,com.sec.android.app.shealth,-2,1062,1.2414016,805.1,62.04,VfS0qUERdZ,com.sec.android.app.shealth,f4fc8d65-6a5d-4a40-a19a-9352d700f062,2026-06-20 00:00:00.000,
f5f72337-397d-4e94-8a2b-093a5bcbce45.binning_data.json,2026-06-21 03:00:08.199,2026-06-21 03:00:08.199,com.sec.android.app.shealth,0,1062,1.2414016,805.1,62.04,487mnSNu6t,com.sec.android.app.shealth,f5f72337-397d-4e94-8a2b-093a5bcbce45,2026-06-20 00:00:00.000,
045ce457-0836-4b92-8546-c031f8d6f1a6.binning_data.json,2026-06-22 02:36:35.526,2026-06-21 14:55:20.284,com.sec.android.app.shealth,-2,4920,1.3592623,3783.92,291.65,VfS0qUERdZ,com.sec.android.app.shealth,045ce457-0836-4b92-8546-c031f8d6f1a6,2026-06-21 00:00:00.000,
57643294-168a-44d8-b3d3-29723e658de8.binning_data.json,2026-06-22 03:00:24.559,2026-06-22 03:00:24.559,com.sec.android.app.shealth,0,4920,1.3592623,3783.92,291.65,487mnSNu6t,com.sec.android.app.shealth,57643294-168a-44d8-b3d3-29723e658de8,2026-06-21 00:00:00.000,
a244d968-4033-4b23-9e61-dd762251523d.binning_data.json,2026-06-23 00:15:26.329,2026-06-22 11:15:04.418,com.sec.android.app.shealth,-2,1601,1.2441093,1211.01,92.92,VfS0qUERdZ,com.sec.android.app.shealth,a244d968-4033-4b23-9e61-dd762251523d,2026-06-22 00:00:00.000,
2f3bba5b-44e7-4116-9573-894e5c50f1dc.binning_data.json,2026-06-23 03:31:13.173,2026-06-23 03:31:13.173,com.sec.android.app.shealth,0,1601,1.2441093,1211.01,92.92,487mnSNu6t,com.sec.android.app.shealth,2f3bba5b-44e7-4116-9573-894e5c50f1dc,2026-06-22 00:00:00.000,
20d7f179-9fea-4870-92b0-d89c81dbd805.binning_data.json,2026-06-23 23:29:40.084,2026-06-23 03:41:21.610,com.sec.android.app.shealth,-2,3979,1.363836,3044.86,183.62,VfS0qUERdZ,com.sec.android.app.shealth,20d7f179-9fea-4870-92b0-d89c81dbd805,2026-06-23 00:00:00.000,
dd4a0a6e-17a9-465c-8854-9150eab73d44.binning_data.json,2026-06-24 03:00:09.061,2026-06-24 03:00:09.061,com.sec.android.app.shealth,0,3227,1.2686945,2419.58,99.0,487mnSNu6t,com.sec.android.app.shealth,dd4a0a6e-17a9-465c-8854-9150eab73d44,2026-06-23 00:00:00.000,
5fc2033a-74cc-47d5-8a73-07d162bd806d.binning_data.json,2026-06-24 03:00:11.299,2026-06-24 03:00:11.299,com.sec.android.app.shealth,102,3533,1.4101039,2721.64,227.07,hriiVjEkYE,com.sec.android.app.shealth,5fc2033a-74cc-47d5-8a73-07d162bd806d,2026-06-23 00:00:00.000,
75938942-1ccf-42be-8d5a-d6c0573851dd.binning_data.json,2026-06-25 02:55:03.138,2026-06-24 10:55:01.643,com.sec.android.app.shealth,-2,3376,1.3360895,2552.67,151.38,VfS0qUERdZ,com.sec.android.app.shealth,75938942-1ccf-42be-8d5a-d6c0573851dd,2026-06-24 00:00:00.000,
e0523338-431c-437f-89f3-cdf7181f38d9.binning_data.json,2026-06-25 03:00:06.823,2026-06-25 03:00:06.823,com.sec.android.app.shealth,0,3092,1.3063321,2323.96,94.44,487mnSNu6t,com.sec.android.app.shealth,e0523338-431c-437f-89f3-cdf7181f38d9,2026-06-24 00:00:00.000,
26169b22-cfb8-4ed3-b784-c9e3f1acf331.binning_data.json,2026-06-25 03:00:08.586,2026-06-25 03:00:08.586,com.sec.android.app.shealth,102,2773,1.3581463,2107.19,171.99,hriiVjEkYE,com.sec.android.app.shealth,26169b22-cfb8-4ed3-b784-c9e3f1acf331,2026-06-24 00:00:00.000,
c35f021b-32ec-4905-9a72-8c66f1a16ac9.binning_data.json,2026-06-26 01:23:34.077,2026-06-25 03:16:55.963,com.sec.android.app.shealth,-2,3660,1.2510235,2772.9,217.66,VfS0qUERdZ,com.sec.android.app.shealth,c35f021b-32ec-4905-9a72-8c66f1a16ac9,2026-06-25 00:00:00.000,
169b745c-4f92-4447-9fbc-a530c4d2a506.binning_data.json,2026-06-26 03:00:11.501,2026-06-26 03:00:11.501,com.sec.android.app.shealth,0,3660,1.2510235,2772.9,217.66,487mnSNu6t,com.sec.android.app.shealth,169b745c-4f92-4447-9fbc-a530c4d2a506,2026-06-25 00:00:00.000,
252e55c4-4178-48e7-887e-893d61c2efcc.binning_data.json,2026-06-27 02:18:28.983,2026-06-26 10:52:50.708,com.sec.android.app.shealth,-2,3720,1.2225312,2805.48,220.70999,VfS0qUERdZ,com.sec.android.app.shealth,252e55c4-4178-48e7-887e-893d61c2efcc,2026-06-26 00:00:00.000,
2b233bc2-7b97-41d1-b90e-b19516a18e2a.binning_data.json,2026-06-27 03:43:11.806,2026-06-27 03:43:11.806,com.sec.android.app.shealth,0,3720,1.2225312,2805.48,220.70999,487mnSNu6t,com.sec.android.app.shealth,2b233bc2-7b97-41d1-b90e-b19516a18e2a,2026-06-26 00:00:00.000,
88ed7f28-3925-416f-b549-1d3891e652c2.binning_data.json,2026-06-28 02:57:04.374,2026-06-27 03:51:15.300,com.sec.android.app.shealth,-2,1823,1.1525439,1361.99,107.67,VfS0qUERdZ,com.sec.android.app.shealth,88ed7f28-3925-416f-b549-1d3891e652c2,2026-06-27 00:00:00.000,
f5c79afb-f5b1-4fd9-957f-0357c2abc602.binning_data.json,2026-06-28 03:00:16.102,2026-06-28 03:00:16.102,com.sec.android.app.shealth,0,1823,1.1525439,1361.99,107.67,487mnSNu6t,com.sec.android.app.shealth,f5c79afb-f5b1-4fd9-957f-0357c2abc602,2026-06-27 00:00:00.000,
7be52ff0-b7b2-4a81-9cb2-a118d0582198.binning_data.json,2026-06-29 01:54:40.033,2026-06-28 14:32:31.981,com.sec.android.app.shealth,-2,5000,1.1961691,3756.18,296.13,VfS0qUERdZ,com.sec.android.app.shealth,7be52ff0-b7b2-4a81-9cb2-a118d0582198,2026-06-28 00:00:00.000,
f6e8df47-153a-4b4d-846f-54a87a9ab90b.binning_data.json,2026-06-29 03:01:44.326,2026-06-29 03:01:44.326,com.sec.android.app.shealth,0,5000,1.1961691,3756.18,296.13,487mnSNu6t,com.sec.android.app.shealth,f6e8df47-153a-4b4d-846f-54a87a9ab90b,2026-06-28 00:00:00.000,
6e3cc2a9-f12a-450e-b697-76d1919ccf26.binning_data.json,2026-06-30 01:24:29.295,2026-06-29 11:55:03.368,com.sec.android.app.shealth,-2,923,1.2449036,697.78,54.2,VfS0qUERdZ,com.sec.android.app.shealth,6e3cc2a9-f12a-450e-b697-76d1919ccf26,2026-06-29 00:00:00.000,
88a80295-9600-42e1-9394-8efd407b66f1.binning_data.json,2026-06-30 03:00:04.558,2026-06-30 03:00:04.558,com.sec.android.app.shealth,0,923,1.2449036,697.78,54.2,487mnSNu6t,com.sec.android.app.shealth,88a80295-9600-42e1-9394-8efd407b66f1,2026-06-29 00:00:00.000,
40f50f01-2c95-4ac1-a156-e74f28bdd4a5.binning_data.json,2026-07-01 01:37:08.960,2026-06-30 10:36:30.063,com.sec.android.app.shealth,-2,4633,1.2743778,3521.76,275.93,VfS0qUERdZ,com.sec.android.app.shealth,40f50f01-2c95-4ac1-a156-e74f28bdd4a5,2026-06-30 00:00:00.000,
3499076a-d5c0-472d-8e7a-5a601690777b.binning_data.json,2026-07-01 03:00:10.438,2026-07-01 03:00:10.438,com.sec.android.app.shealth,0,4633,1.2743778,3521.76,275.93,487mnSNu6t,com.sec.android.app.shealth,3499076a-d5c0-472d-8e7a-5a601690777b,2026-06-30 00:00:00.000,
0accfd48-329a-4ffd-b1ef-0c4ba6dc9fd2.binning_data.json,2026-07-02 01:35:02.590,2026-07-01 03:30:12.812,com.sec.android.app.shealth,-2,4503,1.2856108,3427.28,267.6,VfS0qUERdZ,com.sec.android.app.shealth,0accfd48-329a-4ffd-b1ef-0c4ba6dc9fd2,2026-07-01 00:00:00.000,
8c2a7b4d-2c3a-4b9f-a148-5f7d3fa1e28c.binning_data.json,2026-07-02 03:00:19.159,2026-07-02 03:00:19.159,com.sec.android.app.shealth,0,4503,1.2856108,3427.28,267.6,487mnSNu6t,com.sec.android.app.shealth,8c2a7b4d-2c3a-4b9f-a148-5f7d3fa1e28c,2026-07-01 00:00:00.000,
8cfd8db7-84f9-47ae-b21b-80790842930b.binning_data.json,2026-07-03 00:15:08.890,2026-07-02 10:40:09.713,com.sec.android.app.shealth,-2,3758,1.2632916,2849.92,222.95,VfS0qUERdZ,com.sec.android.app.shealth,8cfd8db7-84f9-47ae-b21b-80790842930b,2026-07-02 00:00:00.000,
5f91fca1-586c-452d-848a-477c09a2d9d1.binning_data.json,2026-07-03 03:00:12.688,2026-07-03 03:00:12.688,com.sec.android.app.shealth,0,3758,1.2632916,2849.92,222.95,487mnSNu6t,com.sec.android.app.shealth,5f91fca1-586c-452d-848a-477c09a2d9d1,2026-07-02 00:00:00.000,
85985624-75bb-47a7-ae4c-1bb557fbb720.binning_data.json,2026-07-04 02:38:14.918,2026-07-03 14:34:01.947,com.sec.android.app.shealth,-2,634,1.334656,486.57,37.07,VfS0qUERdZ,com.sec.android.app.shealth,85985624-75bb-47a7-ae4c-1bb557fbb720,2026-07-03 00:00:00.000,
73d64660-89ff-4655-a82d-f09450ced18e.binning_data.json,2026-07-04 03:00:37.377,2026-07-04 03:00:37.377,com.sec.android.app.shealth,0,634,1.334656,486.57,37.07,487mnSNu6t,com.sec.android.app.shealth,73d64660-89ff-4655-a82d-f09450ced18e,2026-07-03 00:00:00.000,
e5461842-a8a1-4fba-93db-e0f5359e16f7.binning_data.json,2026-07-05 02:55:13.053,2026-07-04 14:45:46.800,com.sec.android.app.shealth,-2,2045,1.2670449,1554.4501,120.799995,VfS0qUERdZ,com.sec.android.app.shealth,e5461842-a8a1-4fba-93db-e0f5359e16f7,2026-07-04 00:00:00.000,
11b9e253-57a0-47db-b597-09a7d81737f9.binning_data.json,2026-07-05 03:00:17.603,2026-07-05 03:00:17.603,com.sec.android.app.shealth,0,2045,1.2670449,1554.4501,120.799995,487mnSNu6t,com.sec.android.app.shealth,11b9e253-57a0-47db-b597-09a7d81737f9,2026-07-04 00:00:00.000,
b2a72aee-4ac6-426b-8b4a-52ed52700c19.binning_data.json,2026-07-06 12:05:25.527,2026-07-05 14:15:03.692,com.sec.android.app.shealth,-2,2605,1.2838234,1966.67,140.65,VfS0qUERdZ,com.sec.android.app.shealth,b2a72aee-4ac6-426b-8b4a-52ed52700c19,2026-07-05 00:00:00.000,
892857df-0864-428e-b18b-d18b42f4ab16.binning_data.json,2026-07-06 03:18:22.919,2026-07-06 03:18:22.919,com.sec.android.app.shealth,0,1705,1.207053,1272.39,76.25,487mnSNu6t,com.sec.android.app.shealth,892857df-0864-428e-b18b-d18b42f4ab16,2026-07-05 00:00:00.000,
6c430ef2-4623-4269-88c6-e77d0419c93e.binning_data.json,2026-07-07 03:00:10.284,2026-07-06 03:18:29.258,com.sec.android.app.shealth,102,1641,1.3268023,1243.34,95.08,hriiVjEkYE,com.sec.android.app.shealth,6c430ef2-4623-4269-88c6-e77d0419c93e,2026-07-05 00:00:00.000,
19cf86a0-1719-4f12-a5f8-fb9c84d1ce82.binning_data.json,2026-07-07 02:15:42.605,2026-07-06 12:05:25.028,com.sec.android.app.shealth,-2,3358,1.2708788,2518.5,135.71999,VfS0qUERdZ,com.sec.android.app.shealth,19cf86a0-1719-4f12-a5f8-fb9c84d1ce82,2026-07-06 00:00:00.000,
c32a3f55-60f3-4dee-bcfe-d2a5b51bbfcc.binning_data.json,2026-07-07 03:00:07.441,2026-07-07 03:00:07.441,com.sec.android.app.shealth,0,2662,1.23235,1980.85,82.74999,487mnSNu6t,com.sec.android.app.shealth,c32a3f55-60f3-4dee-bcfe-d2a5b51bbfcc,2026-07-06 00:00:00.000,
4879ab4f-18c7-4715-854d-80d2ae34d0ed.binning_data.json,2026-07-07 03:00:10.280,2026-07-07 03:00:10.280,com.sec.android.app.shealth,102,1341,1.3050244,1014.23,79.58,hriiVjEkYE,com.sec.android.app.shealth,4879ab4f-18c7-4715-854d-80d2ae34d0ed,2026-07-06 00:00:00.000,
513850b3-e3fb-4102-abe5-51bfd030229f.binning_data.json,2026-07-08 12:30:12.508,2026-07-07 09:57:14.779,com.sec.android.app.shealth,-2,4872,1.3186171,3683.52,246.73,VfS0qUERdZ,com.sec.android.app.shealth,513850b3-e3fb-4102-abe5-51bfd030229f,2026-07-07 00:00:00.000,
aa4fe6cb-7457-4b6b-8cb4-5ac268c431a0.binning_data.json,2026-07-08 03:00:08.626,2026-07-08 03:00:08.626,com.sec.android.app.shealth,0,2925,1.1917403,2170.62,91.5,487mnSNu6t,com.sec.android.app.shealth,aa4fe6cb-7457-4b6b-8cb4-5ac268c431a0,2026-07-07 00:00:00.000,
9e0359c8-62fc-4006-966b-3f7ddf8fe894.binning_data.json,2026-07-09 03:00:10.479,2026-07-08 03:00:11.041,com.sec.android.app.shealth,102,4335,1.3437989,3292.07,253.59,hriiVjEkYE,com.sec.android.app.shealth,9e0359c8-62fc-4006-966b-3f7ddf8fe894,2026-07-07 00:00:00.000,
1f979ece-1468-438c-9319-ac4b47abdf65.binning_data.json,2026-07-09 15:10:09.999,2026-07-08 12:30:11.882,com.sec.android.app.shealth,-2,6186,1.4414703,4766.83,275.19998,VfS0qUERdZ,com.sec.android.app.shealth,1f979ece-1468-438c-9319-ac4b47abdf65,2026-07-08 00:00:00.000,
0f1c10ba-e46b-4ad3-8829-eed88bf526d0.binning_data.json,2026-07-09 03:00:05.964,2026-07-09 03:00:05.964,com.sec.android.app.shealth,0,4890,1.41132,3734.24,149.20999,487mnSNu6t,com.sec.android.app.shealth,0f1c10ba-e46b-4ad3-8829-eed88bf526d0,2026-07-08 00:00:00.000,
f9bb707c-baac-49db-8a4c-2e8bfcd1e15a.binning_data.json,2026-07-10 03:00:03.128,2026-07-09 03:00:10.474,com.sec.android.app.shealth,102,5322,1.474076,4132.38,302.78,hriiVjEkYE,com.sec.android.app.shealth,f9bb707c-baac-49db-8a4c-2e8bfcd1e15a,2026-07-08 00:00:00.000,
9b419bf0-cd47-4eff-9d73-8721973de845.binning_data.json,2026-07-10 08:57:40.273,2026-07-09 12:55:02.382,com.sec.android.app.shealth,-2,3512,1.2000902,2645.91,213.59999,VfS0qUERdZ,com.sec.android.app.shealth,9b419bf0-cd47-4eff-9d73-8721973de845,2026-07-09 00:00:00.000,
d08ab299-a410-4dd5-b6a9-fba6406edc96.binning_data.json,2026-07-10 03:00:02.303,2026-07-10 03:00:02.303,com.sec.android.app.shealth,0,2661,1.1162887,1975.38,156.77,487mnSNu6t,com.sec.android.app.shealth,d08ab299-a410-4dd5-b6a9-fba6406edc96,2026-07-09 00:00:00.000,
e65f1d46-9b71-4647-acb5-3673f92b46e5.binning_data.json,2026-07-11 03:00:08.832,2026-07-10 03:00:03.140,com.sec.android.app.shealth,102,1322,1.4167598,1024.61,84.03,hriiVjEkYE,com.sec.android.app.shealth,e65f1d46-9b71-4647-acb5-3673f92b46e5,2026-07-09 00:00:00.000,
31a3b361-4aeb-4ebf-a2de-5c102f7360b5.binning_data.json,2026-07-10 23:15:01.302,2026-07-10 08:57:40.183,com.sec.android.app.shealth,-2,7624,1.4259268,5909.0103,449.85,VfS0qUERdZ,com.sec.android.app.shealth,31a3b361-4aeb-4ebf-a2de-5c102f7360b5,2026-07-10 00:00:00.000,
2fd8a723-b385-42d3-a7f6-4f971e0323bd.binning_data.json,2026-07-11 03:00:06.681,2026-07-11 03:00:06.681,com.sec.android.app.shealth,0,7075,1.4239078,5488.43,421.83,487mnSNu6t,com.sec.android.app.shealth,2fd8a723-b385-42d3-a7f6-4f971e0323bd,2026-07-10 00:00:00.000,
324f560c-6a4a-46d2-bea1-c89257fd35e3.binning_data.json,2026-07-11 03:00:08.848,2026-07-11 03:00:08.848,com.sec.android.app.shealth,102,2926,1.476008,2270.74,162.91,hriiVjEkYE,com.sec.android.app.shealth,324f560c-6a4a-46d2-bea1-c89257fd35e3,2026-07-10 00:00:00.000,
807ae33d-3257-4d4c-8208-da2f166f77bf.binning_data.json,2026-07-12 01:06:18.426,2026-07-11 12:15:08.623,com.sec.android.app.shealth,-2,8562,1.4223896,6619.73,504.00998,VfS0qUERdZ,com.sec.android.app.shealth,807ae33d-3257-4d4c-8208-da2f166f77bf,2026-07-11 00:00:00.000,
8e682e40-7420-4e9f-98e0-0012b1f934ec.binning_data.json,2026-07-12 03:00:31.706,2026-07-12 03:00:31.706,com.sec.android.app.shealth,0,7273,1.4118084,5638.6396,433.87997,487mnSNu6t,com.sec.android.app.shealth,8e682e40-7420-4e9f-98e0-0012b1f934ec,2026-07-11 00:00:00.000,
64944363-1a6f-4035-863b-a8008b6f2900.binning_data.json,2026-07-12 03:01:09.404,2026-07-12 03:01:09.404,com.sec.android.app.shealth,102,7830,1.4296973,6030.95,440.38,hriiVjEkYE,com.sec.android.app.shealth,64944363-1a6f-4035-863b-a8008b6f2900,2026-07-11 00:00:00.000,
670e76af-7dbb-4779-a99b-b2445beed889.binning_data.json,2026-07-13 10:13:54.526,2026-07-12 04:01:24.020,com.sec.android.app.shealth,-2,2926,1.3195523,2235.8901,171.76,VfS0qUERdZ,com.sec.android.app.shealth,670e76af-7dbb-4779-a99b-b2445beed889,2026-07-12 00:00:00.000,
db03c6dd-fd9f-4c06-a6c5-f16db809bca3.binning_data.json,2026-07-13 03:00:08.262,2026-07-13 03:00:08.262,com.sec.android.app.shealth,0,2708,1.3008449,2065.26,159.59999,487mnSNu6t,com.sec.android.app.shealth,db03c6dd-fd9f-4c06-a6c5-f16db809bca3,2026-07-12 00:00:00.000,
46eb5b95-b56d-43dc-9eef-295e1c08dd21.binning_data.json,2026-07-14 03:00:06.781,2026-07-13 03:00:08.912,com.sec.android.app.shealth,102,1276,1.4464797,986.69,74.01,hriiVjEkYE,com.sec.android.app.shealth,46eb5b95-b56d-43dc-9eef-295e1c08dd21,2026-07-12 00:00:00.000,
066d88ac-288f-4832-89a1-10f4fe8212d5.binning_data.json,2026-07-15 00:33:38.873,2026-07-13 03:29:00.428,com.sec.android.app.shealth,-2,7168,1.3383241,5456.8,406.24,VfS0qUERdZ,com.sec.android.app.shealth,066d88ac-288f-4832-89a1-10f4fe8212d5,2026-07-13 00:00:00.000,
8eb47136-bb8f-4a03-81b3-508fa6b6e7d2.binning_data.json,2026-07-14 03:00:04.316,2026-07-14 03:00:04.316,com.sec.android.app.shealth,0,3450,1.1638527,2568.34,183.91998,487mnSNu6t,com.sec.android.app.shealth,8eb47136-bb8f-4a03-81b3-508fa6b6e7d2,2026-07-13 00:00:00.000,
eae17169-fdcf-43aa-b3eb-0a8e9a4573be.binning_data.json,2026-07-15 03:00:37.024,2026-07-14 03:00:06.758,com.sec.android.app.shealth,102,6910,1.3487314,5255.45,394.2,hriiVjEkYE,com.sec.android.app.shealth,eae17169-fdcf-43aa-b3eb-0a8e9a4573be,2026-07-13 00:00:00.000,
d928752e-8023-4f0c-b075-f07c5a4b0dd5.binning_data.json,2026-07-15 08:29:18.164,2026-07-14 13:32:47.949,com.sec.android.app.shealth,-2,2558,1.4180031,2000.1,162.87,VfS0qUERdZ,com.sec.android.app.shealth,d928752e-8023-4f0c-b075-f07c5a4b0dd5,2026-07-14 00:00:00.000,
66807539-02c2-4092-ab55-85c750236da2.binning_data.json,2026-07-15 03:00:20.426,2026-07-15 03:00:20.426,com.sec.android.app.shealth,0,2060,1.2995149,1570.38,120.47,487mnSNu6t,com.sec.android.app.shealth,66807539-02c2-4092-ab55-85c750236da2,2026-07-14 00:00:00.000,
00a6859b-ef6f-4a5b-90e5-034af6bae870.binning_data.json,2026-07-16 03:00:15.538,2026-07-15 03:00:37.001,com.sec.android.app.shealth,102,633,1.9113601,532.76,49.84,hriiVjEkYE,com.sec.android.app.shealth,00a6859b-ef6f-4a5b-90e5-034af6bae870,2026-07-14 00:00:00.000,
03bc6fcc-575d-45b9-8ec4-f52db588de53.binning_data.json,2026-07-17 16:34:16.511,2026-07-15 08:29:17.425,com.sec.android.app.shealth,-2,2831,1.225135,2130.8699,165.85999,VfS0qUERdZ,com.sec.android.app.shealth,03bc6fcc-575d-45b9-8ec4-f52db588de53,2026-07-15 00:00:00.000,
dc16cbf7-d466-4e41-b637-2df6d162850a.binning_data.json,2026-07-16 03:00:11.155,2026-07-16 03:00:11.155,com.sec.android.app.shealth,0,1998,1.1592803,1493.11,115.70999,487mnSNu6t,com.sec.android.app.shealth,dc16cbf7-d466-4e41-b637-2df6d162850a,2026-07-15 00:00:00.000,
d734d23c-f717-4c10-b189-96c6c93666c1.binning_data.json,2026-07-18 03:37:02.672,2026-07-16 03:00:15.533,com.sec.android.app.shealth,102,1668,1.2849163,1259.87,98.83,hriiVjEkYE,com.sec.android.app.shealth,d734d23c-f717-4c10-b189-96c6c93666c1,2026-07-15 00:00:00.000,
a8282db3-2a77-493d-9435-06dca7f41acd.binning_data.json,2026-07-16 18:35:02.881,2026-07-16 14:35:17.094,com.sec.android.app.shealth,-2,204,1.1420394,151.45999,11.95,VfS0qUERdZ,com.sec.android.app.shealth,a8282db3-2a77-493d-9435-06dca7f41acd,2026-07-16 00:00:00.000,
c69b86bb-74b0-4c38-b1fe-57cba18d9fd6.binning_data.json,2026-07-17 03:03:43.438,2026-07-17 03:03:43.438,com.sec.android.app.shealth,0,204,1.1420394,151.45999,11.95,487mnSNu6t,com.sec.android.app.shealth,c69b86bb-74b0-4c38-b1fe-57cba18d9fd6,2026-07-16 00:00:00.000,
8d7c8487-a793-48aa-8c83-9f58c7832b2f.binning_data.json,2026-07-18 02:35:11.875,2026-07-17 13:37:34.017,com.sec.android.app.shealth,-2,4497,1.2663535,3386.34,230.34,VfS0qUERdZ,com.sec.android.app.shealth,8d7c8487-a793-48aa-8c83-9f58c7832b2f,2026-07-17 00:00:00.000,
c7a0cfb0-32d0-4fc4-ae5f-46a9d8a6b957.binning_data.json,2026-07-18 03:37:00.742,2026-07-18 03:37:00.742,com.sec.android.app.shealth,0,2974,1.1163514,2177.97,95.03,487mnSNu6t,com.sec.android.app.shealth,c7a0cfb0-32d0-4fc4-ae5f-46a9d8a6b957,2026-07-17 00:00:00.000,
679b3661-a399-4638-827c-70a410688d92.binning_data.json,2026-07-18 03:37:02.686,2026-07-18 03:37:02.686,com.sec.android.app.shealth,102,3949,1.3153795,2993.52,230.94,hriiVjEkYE,com.sec.android.app.shealth,679b3661-a399-4638-827c-70a410688d92,2026-07-17 00:00:00.000,
3ff6e09f-a1f6-43eb-b8c7-8a5bf3fb4f87.binning_data.json,2026-07-19 12:24:45.693,2026-07-18 04:12:34.449,com.sec.android.app.shealth,-2,14500,1.3248136,10937.25,638.77,VfS0qUERdZ,com.sec.android.app.shealth,3ff6e09f-a1f6-43eb-b8c7-8a5bf3fb4f87,2026-07-18 00:00:00.000,
230f0566-2fc6-4ff4-b949-6edd9ce23896.binning_data.json,2026-07-19 03:00:01.513,2026-07-19 03:00:01.513,com.sec.android.app.shealth,0,13629,1.2920064,10216.7705,412.15,487mnSNu6t,com.sec.android.app.shealth,230f0566-2fc6-4ff4-b949-6edd9ce23896,2026-07-18 00:00:00.000,
3c8e25f8-c0c6-4bea-8428-b15ad7f5b3a9.binning_data.json,2026-07-20 04:28:59.278,2026-07-19 03:00:02.651,com.sec.android.app.shealth,102,13806,1.335073,10453.36,788.76,hriiVjEkYE,com.sec.android.app.shealth,3c8e25f8-c0c6-4bea-8428-b15ad7f5b3a9,2026-07-18 00:00:00.000,
ff5e8481-e8b0-4ac2-b7c0-7d34536d8e63.binning_data.json,2026-07-20 12:18:56.847,2026-07-19 12:24:45.374,com.sec.android.app.shealth,-2,10319,1.3027937,7806.74,508.47,VfS0qUERdZ,com.sec.android.app.shealth,ff5e8481-e8b0-4ac2-b7c0-7d34536d8e63,2026-07-19 00:00:00.000,
3596defd-f8db-4535-9b10-1eb8a611cfa0.binning_data.json,2026-07-20 04:28:52.193,2026-07-20 04:28:52.193,com.sec.android.app.shealth,0,7762,1.202376,5742.53,236.72,487mnSNu6t,com.sec.android.app.shealth,3596defd-f8db-4535-9b10-1eb8a611cfa0,2026-07-19 00:00:00.000,
a89d6a38-0ee9-44b8-81ec-261bc3da4424.binning_data.json,2026-07-21 03:21:40.048,2026-07-20 04:28:59.294,com.sec.android.app.shealth,102,9947,1.3237817,7553.94,598.7,hriiVjEkYE,com.sec.android.app.shealth,a89d6a38-0ee9-44b8-81ec-261bc3da4424,2026-07-19 00:00:00.000,
0dc27dcd-b430-46c7-a29b-d80368900ed9.binning_data.json,2026-07-21 03:21:39.429,2026-07-20 12:18:56.306,com.sec.android.app.shealth,-2,813,1.6437837,667.92,53.760002,VfS0qUERdZ,com.sec.android.app.shealth,0dc27dcd-b430-46c7-a29b-d80368900ed9,2026-07-20 00:00:00.000,
ac098e59-a668-4d40-a921-fa78dc4ec02b.binning_data.json,2026-07-21 03:21:37.074,2026-07-21 03:21:37.074,com.sec.android.app.shealth,0,261,1.156176,198.83,9.29,487mnSNu6t,com.sec.android.app.shealth,ac098e59-a668-4d40-a921-fa78dc4ec02b,2026-07-20 00:00:00.000,
c4c97e5f-ae22-4efc-9f90-489b916d22e2.binning_data.json,2026-07-21 03:21:40.045,2026-07-21 03:21:40.045,com.sec.android.app.shealth,102,640,1.835581,534.33,48.23,hriiVjEkYE,com.sec.android.app.shealth,c4c97e5f-ae22-4efc-9f90-489b916d22e2,2026-07-20 00:00:00.000,
8c7448ce-4236-40dd-b8a3-ec3f985f1788.binning_data.json,2026-07-22 11:40:27.931,2026-07-21 10:08:45.917,com.sec.android.app.shealth,-2,3181,1.5034778,2533.24,192.72,VfS0qUERdZ,com.sec.android.app.shealth,8c7448ce-4236-40dd-b8a3-ec3f985f1788,2026-07-21 00:00:00.000,
f67e386c-812d-4143-aa00-745b3d136a0a.binning_data.json,2026-07-22 03:00:24.558,2026-07-22 03:00:24.558,com.sec.android.app.shealth,0,1604,1.1588954,1186.04,50.589996,487mnSNu6t,com.sec.android.app.shealth,f67e386c-812d-4143-aa00-745b3d136a0a,2026-07-21 00:00:00.000,
1930ba64-494a-4df8-8618-46cb881771ef.binning_data.json,2026-07-23 03:00:59.813,2026-07-22 03:00:28.157,com.sec.android.app.shealth,102,2438,1.662389,1984.36,178.01,hriiVjEkYE,com.sec.android.app.shealth,1930ba64-494a-4df8-8618-46cb881771ef,2026-07-21 00:00:00.000,
43dec2ef-ac32-40dd-89a6-51f24fb16c5a.binning_data.json,2026-07-23 02:56:54.559,2026-07-22 11:39:06.719,com.sec.android.app.shealth,-2,1462,1.2171926,1085.47,52.76,VfS0qUERdZ,com.sec.android.app.shealth,43dec2ef-ac32-40dd-89a6-51f24fb16c5a,2026-07-22 00:00:00.000,
ab6ca460-f06e-4d65-bb2f-acb51e4ed870.binning_data.json,2026-07-23 03:00:55.451,2026-07-23 03:00:55.451,com.sec.android.app.shealth,0,1342,1.2288278,997.47,42.18,487mnSNu6t,com.sec.android.app.shealth,ab6ca460-f06e-4d65-bb2f-acb51e4ed870,2026-07-22 00:00:00.000,
451df944-1ecb-4df7-b777-8707ce386aff.binning_data.json,2026-07-24 03:00:09.734,2026-07-23 03:00:59.789,com.sec.android.app.shealth,102,319,1.1961654,236.66,19.66,hriiVjEkYE,com.sec.android.app.shealth,451df944-1ecb-4df7-b777-8707ce386aff,2026-07-22 00:00:00.000,
204d0cb8-63e4-4f40-919e-23684627b099.binning_data.json,2026-07-24 02:30:18.306,2026-07-23 13:50:59.574,com.sec.android.app.shealth,-2,5126,1.4087535,3937.06,211.09999,VfS0qUERdZ,com.sec.android.app.shealth,204d0cb8-63e4-4f40-919e-23684627b099,2026-07-23 00:00:00.000,
6085c542-41a8-4ce9-921f-c9f6945089d0.binning_data.json,2026-07-24 03:00:06.332,2026-07-24 03:00:06.332,com.sec.android.app.shealth,0,4706,1.4157047,3615.6602,165.12999,487mnSNu6t,com.sec.android.app.shealth,6085c542-41a8-4ce9-921f-c9f6945089d0,2026-07-23 00:00:00.000,
5194d404-5658-4a69-80ea-2cca32106e22.binning_data.json,2026-07-24 03:00:09.859,2026-07-24 03:00:09.859,com.sec.android.app.shealth,102,4016,1.4585217,3104.26,220.2,hriiVjEkYE,com.sec.android.app.shealth,5194d404-5658-4a69-80ea-2cca32106e22,2026-07-23 00:00:00.000,
9d356fd4-12b0-49a1-a656-6fd870f10af8.binning_data.json,2026-07-25 20:47:01.812,2026-07-24 14:35:11.628,com.sec.android.app.shealth,-2,2719,1.3960364,2096.31,128.20999,VfS0qUERdZ,com.sec.android.app.shealth,9d356fd4-12b0-49a1-a656-6fd870f10af8,2026-07-24 00:00:00.000,
b7cd0652-fe9e-406f-ba70-e2e3a2fea531.binning_data.json,2026-07-25 03:00:06.137,2026-07-25 03:00:06.137,com.sec.android.app.shealth,0,1839,1.2944275,1382.06,57.27,487mnSNu6t,com.sec.android.app.shealth,b7cd0652-fe9e-406f-ba70-e2e3a2fea531,2026-07-24 00:00:00.000,
9fdf8916-5b12-4f7b-986b-9c19853a299f.binning_data.json,2026-07-26 03:52:24.585,2026-07-25 03:00:06.922,com.sec.android.app.shealth,102,1739,1.4677801,1362.53,109.42,hriiVjEkYE,com.sec.android.app.shealth,9fdf8916-5b12-4f7b-986b-9c19853a299f,2026-07-24 00:00:00.000,
b057a106-cda0-4830-9c0d-17bd57ab516f.binning_data.json,2026-07-26 13:58:43.210,2026-07-25 03:02:32.658,com.sec.android.app.shealth,-2,4859,1.3480048,3714.5,216.94,VfS0qUERdZ,com.sec.android.app.shealth,b057a106-cda0-4830-9c0d-17bd57ab516f,2026-07-25 00:00:00.000,
c67a169f-e5a1-47d4-9859-2dc7dccf6d72.binning_data.json,2026-07-26 03:52:19.801,2026-07-26 03:52:19.801,com.sec.android.app.shealth,0,3047,1.2843405,2289.79,93.68,487mnSNu6t,com.sec.android.app.shealth,c67a169f-e5a1-47d4-9859-2dc7dccf6d72,2026-07-25 00:00:00.000,
86ad5108-1239-4715-9816-ef344aa6632b.binning_data.json,2026-07-27 03:00:18.767,2026-07-26 03:52:24.602,com.sec.android.app.shealth,102,2003,1.4437346,1568.55,130.62,hriiVjEkYE,com.sec.android.app.shealth,86ad5108-1239-4715-9816-ef344aa6632b,2026-07-25 00:00:00.000,
2539e09b-2202-4a3d-a342-f1f8583f75b3.binning_data.json,2026-07-27 18:14:31.204,2026-07-26 13:58:43.017,com.sec.android.app.shealth,-2,7466,1.3397578,5670.29,400.07,VfS0qUERdZ,com.sec.android.app.shealth,2539e09b-2202-4a3d-a342-f1f8583f75b3,2026-07-26 00:00:00.000,
ba30f1a8-4c56-426f-ba3a-85e4e6522986.binning_data.json,2026-07-27 03:00:15.241,2026-07-27 03:00:15.241,com.sec.android.app.shealth,0,5058,1.1749256,3724.19,154.52,487mnSNu6t,com.sec.android.app.shealth,ba30f1a8-4c56-426f-ba3a-85e4e6522986,2026-07-26 00:00:00.000,
033e615b-23eb-4925-bb29-b38d694db3c7.binning_data.json,2026-07-28 03:00:19.652,2026-07-27 03:00:18.754,com.sec.android.app.shealth,102,7113,1.3488467,5408.9,422.3,hriiVjEkYE,com.sec.android.app.shealth,033e615b-23eb-4925-bb29-b38d694db3c7,2026-07-26 00:00:00.000,
3e91d7db-131e-4d86-bde7-cf1347ec0ce6.binning_data.json,2026-07-28 01:21:18.680,2026-07-27 11:07:59.014,com.sec.android.app.shealth,-2,5868,1.3718412,4468.09,227.81999,VfS0qUERdZ,com.sec.android.app.shealth,3e91d7db-131e-4d86-bde7-cf1347ec0ce6,2026-07-27 00:00:00.000,
5e64d18b-9deb-4b7f-9f26-d730688bb0a7.binning_data.json,2026-07-28 03:00:11.965,2026-07-28 03:00:11.965,com.sec.android.app.shealth,0,5204,1.3854665,3967.84,158.40999,487mnSNu6t,com.sec.android.app.shealth,5e64d18b-9deb-4b7f-9f26-d730688bb0a7,2026-07-27 00:00:00.000,
cdc60833-33a9-4069-9f1f-64cc3cc47214.binning_data.json,2026-07-28 03:00:19.640,2026-07-28 03:00:19.640,com.sec.android.app.shealth,102,4534,1.409267,3478.13,254.26,hriiVjEkYE,com.sec.android.app.shealth,cdc60833-33a9-4069-9f1f-64cc3cc47214,2026-07-27 00:00:00.000,
43f72992-d3a0-419b-85ad-619b4ab636b8.binning_data.json,2026-07-29 11:44:46.578,2026-07-28 10:03:44.532,com.sec.android.app.shealth,-2,8803,1.3856533,6725.96,347.8,VfS0qUERdZ,com.sec.android.app.shealth,43f72992-d3a0-419b-85ad-619b4ab636b8,2026-07-28 00:00:00.000,
d0683d35-5d55-4782-95b8-d4afcf8f6a19.binning_data.json,2026-07-29 03:00:16.611,2026-07-29 03:00:16.611,com.sec.android.app.shealth,0,7652,1.3487836,5797.96,232.54,487mnSNu6t,com.sec.android.app.shealth,d0683d35-5d55-4782-95b8-d4afcf8f6a19,2026-07-28 00:00:00.000,
d233b4f6-9fad-46d5-840d-f74132d68236.binning_data.json,2026-07-30 03:05:32.359,2026-07-29 03:00:24.654,com.sec.android.app.shealth,102,3971,1.3608065,3038.8599,246.75,hriiVjEkYE,com.sec.android.app.shealth,d233b4f6-9fad-46d5-840d-f74132d68236,2026-07-28 00:00:00.000,
afc0d414-37ea-4126-ae8e-b2c96c3e08a2.binning_data.json,2026-07-30 09:55:46.154,2026-07-29 10:27:59.632,com.sec.android.app.shealth,-2,4884,1.3472737,3727.1,264.7,VfS0qUERdZ,com.sec.android.app.shealth,afc0d414-37ea-4126-ae8e-b2c96c3e08a2,2026-07-29 00:00:00.000,
d10ddd54-f8a6-4d5e-a8e7-aae6e8e0e2cb.binning_data.json,2026-07-30 03:05:30.276,2026-07-30 03:05:30.276,com.sec.android.app.shealth,0,3986,1.3000289,3029.04,207.45,487mnSNu6t,com.sec.android.app.shealth,d10ddd54-f8a6-4d5e-a8e7-aae6e8e0e2cb,2026-07-29 00:00:00.000,
964c987b-0cea-461e-96c4-0cdb16366535.binning_data.json,2026-07-31 03:00:09.858,2026-07-30 03:05:32.392,com.sec.android.app.shealth,102,3564,1.3646181,2721.4,214.56,hriiVjEkYE,com.sec.android.app.shealth,964c987b-0cea-461e-96c4-0cdb16366535,2026-07-29 00:00:00.000,
613dfaf8-491d-4184-b168-7044ff2e5b74.binning_data.json,2026-08-01 16:33:40.933,2026-07-30 06:04:22.391,com.sec.android.app.shealth,-2,4805,1.2994121,3653.64,290.18,VfS0qUERdZ,com.sec.android.app.shealth,613dfaf8-491d-4184-b168-7044ff2e5b74,2026-07-30 00:00:00.000,
097306a8-e51d-49cf-a8a2-23f9801ec99d.binning_data.json,2026-07-31 03:00:07.544,2026-07-31 03:00:07.544,com.sec.android.app.shealth,0,3899,1.2314514,2941.39,231.37,487mnSNu6t,com.sec.android.app.shealth,097306a8-e51d-49cf-a8a2-23f9801ec99d,2026-07-30 00:00:00.000,
ea1b0354-88b4-4677-800c-a18e86b6e060.binning_data.json,2026-08-02 03:21:28.529,2026-07-31 03:00:09.852,com.sec.android.app.shealth,102,4225,1.3436497,3213.79,255.17,hriiVjEkYE,com.sec.android.app.shealth,ea1b0354-88b4-4677-800c-a18e86b6e060,2026-07-30 00:00:00.000,
ceb55774-a2b9-4ad1-b0af-fa2ddd430c79.binning_data.json,2026-08-01 02:56:00.441,2026-07-31 03:26:13.958,com.sec.android.app.shealth,-2,3976,1.2348927,3000.87,235.95,VfS0qUERdZ,com.sec.android.app.shealth,ceb55774-a2b9-4ad1-b0af-fa2ddd430c79,2026-07-31 00:00:00.000,
ed624890-4753-4f2f-8d1c-ecf1437e90c7.binning_data.json,2026-08-01 03:07:21.546,2026-08-01 03:07:21.546,com.sec.android.app.shealth,0,3976,1.2348927,3000.87,235.95,487mnSNu6t,com.sec.android.app.shealth,ed624890-4753-4f2f-8d1c-ecf1437e90c7,2026-07-31 00:00:00.000,
50a02c01-0c38-4304-b965-46299215782a.binning_data.json,2026-08-02 06:45:57.806,2026-08-01 03:11:29.263,com.sec.android.app.shealth,-2,4168,1.3094257,3172.5,242.76,VfS0qUERdZ,com.sec.android.app.shealth,50a02c01-0c38-4304-b965-46299215782a,2026-08-01 00:00:00.000,
4524bbdd-6174-423f-9439-fc9d53a74814.binning_data.json,2026-08-03 03:42:40.923,2026-08-02 03:21:21.749,com.sec.android.app.shealth,0,2401,1.1112704,1766.25,107.649994,487mnSNu6t,com.sec.android.app.shealth,4524bbdd-6174-423f-9439-fc9d53a74814,2026-08-02 00:00:00.000,
55c22a75-7523-42e9-8fdd-a0f602479c42.binning_data.json,2026-08-02 03:21:21.771,2026-08-02 03:21:21.771,com.sec.android.app.shealth,0,2965,1.2323501,2238.48,174.47,487mnSNu6t,com.sec.android.app.shealth,55c22a75-7523-42e9-8fdd-a0f602479c42,2026-08-01 00:00:00.000,
e43941a1-6cf6-4c5c-aa64-ecf6bd8682dd.binning_data.json,2026-08-04 20:53:26.325,2026-08-02 03:21:28.256,com.sec.android.app.shealth,-2,4224,1.2989377,3208.1,238.17,VfS0qUERdZ,com.sec.android.app.shealth,e43941a1-6cf6-4c5c-aa64-ecf6bd8682dd,2026-08-02 00:00:00.000,
78fc138f-2c79-4ad0-9eae-d81f7d9812ea.binning_data.json,2026-08-03 03:42:43.301,2026-08-02 03:21:28.542,com.sec.android.app.shealth,102,2750,1.3513867,2094.19,157.72,hriiVjEkYE,com.sec.android.app.shealth,78fc138f-2c79-4ad0-9eae-d81f7d9812ea,2026-08-01 00:00:00.000,
1d6d6e1f-5ea1-48e6-bfb3-f5a8ba043a4d.binning_data.json,2026-08-04 02:30:40.292,2026-08-03 03:35:35.324,com.sec.android.app.shealth,-2,4567,1.2419066,3401.77,140.31999,VfS0qUERdZ,com.sec.android.app.shealth,1d6d6e1f-5ea1-48e6-bfb3-f5a8ba043a4d,2026-08-03 00:00:00.000,
1753b696-b9f5-4194-8179-d36de5146eb7.binning_data.json,2026-08-04 03:00:03.225,2026-08-03 03:42:40.899,com.sec.android.app.shealth,0,4567,1.2419066,3401.77,140.31999,487mnSNu6t,com.sec.android.app.shealth,1753b696-b9f5-4194-8179-d36de5146eb7,2026-08-03 00:00:00.000,
311c93d6-8111-4e69-9b94-be28df690602.binning_data.json,2026-08-05 03:00:11.258,2026-08-03 03:42:43.273,com.sec.android.app.shealth,102,3955,1.3254249,3010.48,239.16,hriiVjEkYE,com.sec.android.app.shealth,311c93d6-8111-4e69-9b94-be28df690602,2026-08-02 00:00:00.000,
43d0bf41-8799-48d1-b69d-7e537871fa85.binning_data.json,2026-08-05 11:55:13.248,2026-08-04 03:19:55.356,com.sec.android.app.shealth,-2,7727,1.3835782,5912.6997,368.43,VfS0qUERdZ,com.sec.android.app.shealth,43d0bf41-8799-48d1-b69d-7e537871fa85,2026-08-04 00:00:00.000,
551e3451-bbd3-4e40-9775-832e9f5bd930.binning_data.json,2026-08-05 03:00:08.622,2026-08-05 03:00:08.622,com.sec.android.app.shealth,0,7179,1.3765742,5484.09,293.50998,487mnSNu6t,com.sec.android.app.shealth,551e3451-bbd3-4e40-9775-832e9f5bd930,2026-08-04 00:00:00.000,
b2924b85-1901-4234-bf7c-79a45529861e.binning_data.json,2026-08-06 03:00:25.336,2026-08-05 03:00:11.255,com.sec.android.app.shealth,102,4809,1.4769828,3721.1099,260.84,hriiVjEkYE,com.sec.android.app.shealth,b2924b85-1901-4234-bf7c-79a45529861e,2026-08-04 00:00:00.000,
1dbd8518-43b4-44e0-a294-bda79ee604ee.binning_data.json,2026-08-06 10:45:51.872,2026-08-05 10:55:31.612,com.sec.android.app.shealth,-2,5361,1.3844266,4126.29,275.51,VfS0qUERdZ,com.sec.android.app.shealth,1dbd8518-43b4-44e0-a294-bda79ee604ee,2026-08-05 00:00:00.000,
d1f75384-56e5-412f-a9ae-e152e87e82da.binning_data.json,2026-08-06 03:00:11.116,2026-08-06 03:00:11.116,com.sec.android.app.shealth,0,3953,1.2283524,2938.09,121.44,487mnSNu6t,com.sec.android.app.shealth,d1f75384-56e5-412f-a9ae-e152e87e82da,2026-08-05 00:00:00.000,
6ed30860-1ca7-44ee-aa75-cff6c60fdef0.binning_data.json,2026-08-07 03:03:59.753,2026-08-06 03:00:25.357,com.sec.android.app.shealth,102,5017,1.4170923,3886.22,321.41,hriiVjEkYE,com.sec.android.app.shealth,6ed30860-1ca7-44ee-aa75-cff6c60fdef0,2026-08-05 00:00:00.000,
2a17b1df-7d1c-4939-9238-9611d1eb864e.binning_data.json,2026-08-07 01:15:50.798,2026-08-06 10:45:51.301,com.sec.android.app.shealth,-2,5365,1.3113912,4101.11,325.69,VfS0qUERdZ,com.sec.android.app.shealth,2a17b1df-7d1c-4939-9238-9611d1eb864e,2026-08-06 00:00:00.000,
0ebcdfc4-f1c9-452b-8cbb-10c27d5ee7e0.binning_data.json,2026-08-07 03:03:56.300,2026-08-07 03:03:56.300,com.sec.android.app.shealth,0,4875,1.2626891,3698.93,290.52,487mnSNu6t,com.sec.android.app.shealth,0ebcdfc4-f1c9-452b-8cbb-10c27d5ee7e0,2026-08-06 00:00:00.000,
b1167efa-0bed-46b2-9569-755900c62628.binning_data.json,2026-08-07 03:03:59.749,2026-08-07 03:03:59.749,com.sec.android.app.shealth,102,2567,1.4066055,1978.84,155.54,hriiVjEkYE,com.sec.android.app.shealth,b1167efa-0bed-46b2-9569-755900c62628,2026-08-06 00:00:00.000,
b4026116-3805-44cd-aed7-f6693813201c.binning_data.json,2026-08-08 04:13:57.824,2026-08-07 03:57:15.959,com.sec.android.app.shealth,-2,7767,1.5193797,6118.66,482.96,VfS0qUERdZ,com.sec.android.app.shealth,b4026116-3805-44cd-aed7-f6693813201c,2026-08-07 00:00:00.000,
677a01b0-90da-4be5-b16c-b91daf9d42d4.binning_data.json,2026-08-08 03:00:05.419,2026-08-08 03:00:05.419,com.sec.android.app.shealth,0,5139,1.4224755,3986.7598,305.46997,487mnSNu6t,com.sec.android.app.shealth,677a01b0-90da-4be5-b16c-b91daf9d42d4,2026-08-07 00:00:00.000,
2358721e-a944-47d3-8c73-4f767b6ccf7e.binning_data.json,2026-08-09 03:00:22.483,2026-08-08 03:00:07.739,com.sec.android.app.shealth,102,7228,1.5369046,5689.14,437.43,hriiVjEkYE,com.sec.android.app.shealth,2358721e-a944-47d3-8c73-4f767b6ccf7e,2026-08-07 00:00:00.000,
eabe08c2-e980-4fb8-9371-b82874d82dd6.binning_data.json,2026-08-10 03:28:12.415,2026-08-08 04:13:55.957,com.sec.android.app.shealth,-2,5994,1.2653296,4545.79,356.81998,VfS0qUERdZ,com.sec.android.app.shealth,eabe08c2-e980-4fb8-9371-b82874d82dd6,2026-08-08 00:00:00.000,
99d4e908-4076-4228-8fd8-452564f4529c.binning_data.json,2026-08-09 03:00:14.702,2026-08-09 03:00:14.702,com.sec.android.app.shealth,0,5625,1.2637426,4269.75,334.71,487mnSNu6t,com.sec.android.app.shealth,99d4e908-4076-4228-8fd8-452564f4529c,2026-08-08 00:00:00.000,
94f8ace8-0f15-4dd6-a9f1-6c7f47a97557.binning_data.json,2026-08-10 03:28:12.802,2026-08-09 03:00:22.570,com.sec.android.app.shealth,102,868,1.2796746,652.1,50.46,hriiVjEkYE,com.sec.android.app.shealth,94f8ace8-0f15-4dd6-a9f1-6c7f47a97557,2026-08-08 00:00:00.000,
41d7031b-16c9-4bc2-8110-3e856fce97c7.binning_data.json,2026-08-10 00:35:55.311,2026-08-09 03:08:57.642,com.sec.android.app.shealth,-2,2659,1.2035272,1998.46,156.73,VfS0qUERdZ,com.sec.android.app.shealth,41d7031b-16c9-4bc2-8110-3e856fce97c7,2026-08-09 00:00:00.000,
d6df22cc-a421-4b0e-aab9-b0ff3edb67d8.binning_data.json,2026-08-10 03:28:01.945,2026-08-10 03:28:01.945,com.sec.android.app.shealth,0,2659,1.2035272,1998.46,156.73,487mnSNu6t,com.sec.android.app.shealth,d6df22cc-a421-4b0e-aab9-b0ff3edb67d8,2026-08-09 00:00:00.000,
127eaf87-8ba6-4164-a17c-de43fc640cce.binning_data.json,2026-08-11 10:21:33.225,2026-08-10 12:36:48.392,com.sec.android.app.shealth,-2,2413,1.3152606,1842.41,142.78,VfS0qUERdZ,com.sec.android.app.shealth,127eaf87-8ba6-4164-a17c-de43fc640cce,2026-08-10 00:00:00.000,
1361baec-5df8-41b4-9c6b-733d47884c6f.binning_data.json,2026-08-11 03:06:02.091,2026-08-11 03:06:02.091,com.sec.android.app.shealth,0,1708,1.2806561,1301.37,99.82,487mnSNu6t,com.sec.android.app.shealth,1361baec-5df8-41b4-9c6b-733d47884c6f,2026-08-10 00:00:00.000,
6ab330b1-6708-4bd6-9718-5b1d188fdd49.binning_data.json,2026-08-12 03:02:38.260,2026-08-11 03:06:06.163,com.sec.android.app.shealth,102,1634,1.3182026,1239.57,96.68,hriiVjEkYE,com.sec.android.app.shealth,6ab330b1-6708-4bd6-9718-5b1d188fdd49,2026-08-10 00:00:00.000,
41d5bcc2-4ce9-4e89-8e2d-9bdaaec6324e.binning_data.json,2026-08-12 03:02:40.275,2026-08-11 10:21:32.740,com.sec.android.app.shealth,-2,4272,1.2941723,3254.1301,255.97,VfS0qUERdZ,com.sec.android.app.shealth,41d5bcc2-4ce9-4e89-8e2d-9bdaaec6324e,2026-08-11 00:00:00.000,
fb54a386-d58b-4ca7-a170-fc5761cd41aa.binning_data.json,2026-08-12 03:02:37.176,2026-08-12 03:02:37.176,com.sec.android.app.shealth,0,4050,1.2783555,3077.09,240.25,487mnSNu6t,com.sec.android.app.shealth,fb54a386-d58b-4ca7-a170-fc5761cd41aa,2026-08-11 00:00:00.000,
020d0eea-1c14-4ce9-830f-de1f77b9a72b.binning_data.json,2026-08-12 03:02:40.584,2026-08-12 03:02:38.252,com.sec.android.app.shealth,102,1068,1.4641008,830.11,68.68,hriiVjEkYE,com.sec.android.app.shealth,020d0eea-1c14-4ce9-830f-de1f77b9a72b,2026-08-11 00:00:00.000,
f4281dcf-bc59-4688-9dc8-b0283048acfb.binning_data.json,2026-08-13 01:33:43.108,2026-08-12 10:25:13.141,com.sec.android.app.shealth,-2,6001,1.3268983,4593.41,362.42,VfS0qUERdZ,com.sec.android.app.shealth,f4281dcf-bc59-4688-9dc8-b0283048acfb,2026-08-12 00:00:00.000,
9c21a8d4-fc8a-494a-8965-2b93741af558.binning_data.json,2026-08-13 03:00:06.678,2026-08-13 03:00:06.678,com.sec.android.app.shealth,0,4794,1.250011,3629.96,284.03,487mnSNu6t,com.sec.android.app.shealth,9c21a8d4-fc8a-494a-8965-2b93741af558,2026-08-12 00:00:00.000,
0b22b80d-75cb-4b14-89c2-3afb3ceb5a72.binning_data.json,2026-08-13 03:00:10.306,2026-08-13 03:00:10.306,com.sec.android.app.shealth,102,5136,1.3457072,3921.96,314.31,hriiVjEkYE,com.sec.android.app.shealth,0b22b80d-75cb-4b14-89c2-3afb3ceb5a72,2026-08-12 00:00:00.000,
ad6fc225-ee21-471f-8802-3bf22b5a0843.binning_data.json,2026-08-14 14:35:56.853,2026-08-13 10:26:44.765,com.sec.android.app.shealth,-2,4959,1.3047148,3779.32,300.13998,VfS0qUERdZ,com.sec.android.app.shealth,ad6fc225-ee21-471f-8802-3bf22b5a0843,2026-08-13 00:00:00.000,
fbbff3f4-b5a1-45d6-b38c-d10ee7afa2a4.binning_data.json,2026-08-14 03:00:03.491,2026-08-14 03:00:03.491,com.sec.android.app.shealth,0,4360,1.2241344,3289.24,259.5,487mnSNu6t,com.sec.android.app.shealth,fbbff3f4-b5a1-45d6-b38c-d10ee7afa2a4,2026-08-13 00:00:00.000,
344c73f1-2f9a-4932-8ec9-9667dcbbf314.binning_data.json,2026-08-15 03:04:21.574,2026-08-14 03:00:04.792,com.sec.android.app.shealth,102,2781,1.3818454,2133.52,174.56,hriiVjEkYE,com.sec.android.app.shealth,344c73f1-2f9a-4932-8ec9-9667dcbbf314,2026-08-13 00:00:00.000,
fac11a3b-a4cd-4b01-9f7f-0bb8760d76ec.binning_data.json,2026-08-15 02:08:07.166,2026-08-14 03:06:21.849,com.sec.android.app.shealth,-2,6516,1.3654155,5002.24,391.6,VfS0qUERdZ,com.sec.android.app.shealth,fac11a3b-a4cd-4b01-9f7f-0bb8760d76ec,2026-08-14 00:00:00.000,
daa23804-da11-466d-89dd-d8d2ac2ef57e.binning_data.json,2026-08-15 03:04:20.824,2026-08-15 03:04:20.824,com.sec.android.app.shealth,0,4655,1.3040143,3550.5999,275.67,487mnSNu6t,com.sec.android.app.shealth,daa23804-da11-466d-89dd-d8d2ac2ef57e,2026-08-14 00:00:00.000,
23aeeebb-d1f7-48a8-931f-c0a309dd945c.binning_data.json,2026-08-15 03:04:21.610,2026-08-15 03:04:21.610,com.sec.android.app.shealth,102,5016,1.387312,3845.75,301.29,hriiVjEkYE,com.sec.android.app.shealth,23aeeebb-d1f7-48a8-931f-c0a309dd945c,2026-08-14 00:00:00.000,
508a31da-412b-46ce-a6b3-1f643b40629c.binning_data.json,2026-08-16 00:35:01.576,2026-08-15 14:34:10.108,com.sec.android.app.shealth,-2,1637,1.2803303,1245.86,96.19,VfS0qUERdZ,com.sec.android.app.shealth,508a31da-412b-46ce-a6b3-1f643b40629c,2026-08-15 00:00:00.000,
3d00295a-399b-4fcb-bb79-64d821bbd7be.binning_data.json,2026-08-16 03:12:35.189,2026-08-16 03:12:35.189,com.sec.android.app.shealth,0,1637,1.2803303,1245.86,96.19,487mnSNu6t,com.sec.android.app.shealth,3d00295a-399b-4fcb-bb79-64d821bbd7be,2026-08-15 00:00:00.000,
c967d4b5-f668-4021-97eb-384987341c72.binning_data.json,2026-08-17 10:33:49.900,2026-08-16 13:55:01.160,com.sec.android.app.shealth,-2,2511,1.2723587,1901.5499,147.14,VfS0qUERdZ,com.sec.android.app.shealth,c967d4b5-f668-4021-97eb-384987341c72,2026-08-16 00:00:00.000,
e917d333-0061-4770-87cf-68ba3f445dec.binning_data.json,2026-08-17 04:08:58.858,2026-08-17 04:08:58.858,com.sec.android.app.shealth,0,1815,1.2247298,1370.87,107.34,487mnSNu6t,com.sec.android.app.shealth,e917d333-0061-4770-87cf-68ba3f445dec,2026-08-16 00:00:00.000,
6cb436d4-21dd-4ec7-8e81-3fec0588755f.binning_data.json,2026-08-18 03:00:14.518,2026-08-17 04:09:02.093,com.sec.android.app.shealth,102,1102,1.3507441,837.02,63.43,hriiVjEkYE,com.sec.android.app.shealth,6cb436d4-21dd-4ec7-8e81-3fec0588755f,2026-08-16 00:00:00.000,
9a0a250d-3414-429b-a615-bce6dddcf46c.binning_data.json,2026-08-18 15:04:26.421,2026-08-17 10:33:49.416,com.sec.android.app.shealth,-2,5374,1.3108566,4083.82,316.82,VfS0qUERdZ,com.sec.android.app.shealth,9a0a250d-3414-429b-a615-bce6dddcf46c,2026-08-17 00:00:00.000,
7c268dfc-004c-4e12-817f-a37bc82b0cc1.binning_data.json,2026-08-18 03:00:11.815,2026-08-18 03:00:11.815,com.sec.android.app.shealth,0,4654,1.2933588,3545.58,276.8,487mnSNu6t,com.sec.android.app.shealth,7c268dfc-004c-4e12-817f-a37bc82b0cc1,2026-08-17 00:00:00.000,
1889d8d4-6a23-44b7-b2c8-ed911e4cca96.binning_data.json,2026-08-19 03:23:27.747,2026-08-18 03:00:14.444,com.sec.android.app.shealth,102,4660,1.3132659,3523.6199,279.4,hriiVjEkYE,com.sec.android.app.shealth,1889d8d4-6a23-44b7-b2c8-ed911e4cca96,2026-08-17 00:00:00.000,
c24ccff5-783b-4430-ab2b-4c8d9fca8a43.binning_data.json,2026-08-19 10:35:53.773,2026-08-18 12:35:17.945,com.sec.android.app.shealth,-2,8417,1.5294881,6628.5303,505.05,VfS0qUERdZ,com.sec.android.app.shealth,c24ccff5-783b-4430-ab2b-4c8d9fca8a43,2026-08-18 00:00:00.000,
49660ddc-dc58-46ef-bbf5-f327b26265fd.binning_data.json,2026-08-19 03:23:26.122,2026-08-19 03:23:26.122,com.sec.android.app.shealth,0,6848,1.4907105,5383.38,407.78998,487mnSNu6t,com.sec.android.app.shealth,49660ddc-dc58-46ef-bbf5-f327b26265fd,2026-08-18 00:00:00.000,
d59530e6-26ad-45d7-823f-b9d083d56e3b.binning_data.json,2026-08-20 03:00:06.157,2026-08-19 03:23:27.759,com.sec.android.app.shealth,102,7422,1.5526769,5829.62,427.68,hriiVjEkYE,com.sec.android.app.shealth,d59530e6-26ad-45d7-823f-b9d083d56e3b,2026-08-18 00:00:00.000,
0ac8e24c-3e8d-482a-a6d2-f8fff37ec3dd.binning_data.json,2026-08-20 10:40:49.400,2026-08-19 10:35:53.169,com.sec.android.app.shealth,-2,6947,1.3430216,5335.84,422.8,VfS0qUERdZ,com.sec.android.app.shealth,0ac8e24c-3e8d-482a-a6d2-f8fff37ec3dd,2026-08-19 00:00:00.000,
fd590b88-7e6f-41d1-9ccc-fc4cb1125608.binning_data.json,2026-08-20 03:00:04.541,2026-08-20 03:00:04.541,com.sec.android.app.shealth,0,5938,1.2766887,4519.29,352.74997,487mnSNu6t,com.sec.android.app.shealth,fd590b88-7e6f-41d1-9ccc-fc4cb1125608,2026-08-19 00:00:00.000,
cdac7887-5b83-481c-b95b-8412e80a9146.binning_data.json,2026-08-21 03:04:05.194,2026-08-20 03:00:06.169,com.sec.android.app.shealth,102,3964,1.396589,3052.93,246.81999,hriiVjEkYE,com.sec.android.app.shealth,cdac7887-5b83-481c-b95b-8412e80a9146,2026-08-19 00:00:00.000,
26ae509d-540b-42d2-bde4-0274e65afc2d.binning_data.json,2026-08-21 01:41:41.829,2026-08-20 06:03:09.267,com.sec.android.app.shealth,-2,4415,1.3805652,3390.33,273.16998,VfS0qUERdZ,com.sec.android.app.shealth,26ae509d-540b-42d2-bde4-0274e65afc2d,2026-08-20 00:00:00.000,
fd88cfde-f522-4926-ae59-dfb78a16a0cd.binning_data.json,2026-08-21 03:04:01.315,2026-08-21 03:04:01.315,com.sec.android.app.shealth,0,3362,1.2986193,2559.76,199.63,487mnSNu6t,com.sec.android.app.shealth,fd88cfde-f522-4926-ae59-dfb78a16a0cd,2026-08-20 00:00:00.000,
d7710173-3470-4346-8175-5a49ac74ea75.binning_data.json,2026-08-21 03:04:05.238,2026-08-21 03:04:05.238,com.sec.android.app.shealth,102,3950,1.3999827,3030.66,241.93,hriiVjEkYE,com.sec.android.app.shealth,d7710173-3470-4346-8175-5a49ac74ea75,2026-08-20 00:00:00.000,
cb97f23b-119b-4da1-bc8f-eff6f07bba59.binning_data.json,2026-08-22 02:29:29.445,2026-08-21 12:06:14.591,com.sec.android.app.shealth,-2,1146,1.2386075,866.03,66.95,VfS0qUERdZ,com.sec.android.app.shealth,cb97f23b-119b-4da1-bc8f-eff6f07bba59,2026-08-21 00:00:00.000,
029bf2c0-a4aa-4612-be72-1d4524b43fce.binning_data.json,2026-08-22 03:17:20.091,2026-08-22 03:17:20.091,com.sec.android.app.shealth,0,1146,1.2386075,866.03,66.95,487mnSNu6t,com.sec.android.app.shealth,029bf2c0-a4aa-4612-be72-1d4524b43fce,2026-08-21 00:00:00.000,
2e19c757-7321-40dd-9892-c152a5ca5c6e.binning_data.json,2026-08-23 01:15:03.660,2026-08-22 13:55:18.229,com.sec.android.app.shealth,-2,2863,1.4016473,2217.6,170.42,VfS0qUERdZ,com.sec.android.app.shealth,2e19c757-7321-40dd-9892-c152a5ca5c6e,2026-08-22 00:00:00.000,
9e268742-557f-4b4d-9f37-675770328d44.binning_data.json,2026-08-23 03:00:08.201,2026-08-23 03:00:08.201,com.sec.android.app.shealth,0,2863,1.4016473,2217.6,170.42,487mnSNu6t,com.sec.android.app.shealth,9e268742-557f-4b4d-9f37-675770328d44,2026-08-22 00:00:00.000,
c681e4b3-3e41-481f-999c-db30d485d520.binning_data.json,2026-08-24 10:32:38.283,2026-08-23 13:20:27.058,com.sec.android.app.shealth,-2,2567,1.3740747,1983.71,156.19,VfS0qUERdZ,com.sec.android.app.shealth,c681e4b3-3e41-481f-999c-db30d485d520,2026-08-23 00:00:00.000,
4208987c-9054-4409-b8be-ef0bc236dd61.binning_data.json,2026-08-24 03:08:21.849,2026-08-24 03:08:21.849,com.sec.android.app.shealth,0,1902,1.329636,1458.55,112.52,487mnSNu6t,com.sec.android.app.shealth,4208987c-9054-4409-b8be-ef0bc236dd61,2026-08-23 00:00:00.000,
65ae954f-5b9b-494c-93e5-339a01e6ab08.binning_data.json,2026-08-25 03:07:44.678,2026-08-24 03:08:24.268,com.sec.android.app.shealth,102,1834,1.442991,1425.32,110.28,hriiVjEkYE,com.sec.android.app.shealth,65ae954f-5b9b-494c-93e5-339a01e6ab08,2026-08-23 00:00:00.000,
4a3e60fa-9074-4c80-9156-4cbdcb0b890a.binning_data.json,2026-08-25 02:24:48.484,2026-08-24 10:32:37.772,com.sec.android.app.shealth,-2,5642,1.3238628,4295.2,343.66,VfS0qUERdZ,com.sec.android.app.shealth,4a3e60fa-9074-4c80-9156-4cbdcb0b890a,2026-08-24 00:00:00.000,
e201951c-9557-44ee-be30-e53cacf04958.binning_data.json,2026-08-25 03:07:39.949,2026-08-25 03:07:39.949,com.sec.android.app.shealth,0,4775,1.28671,3635.02,284.13998,487mnSNu6t,com.sec.android.app.shealth,e201951c-9557-44ee-be30-e53cacf04958,2026-08-24 00:00:00.000,
8024bb8b-f16f-4b17-a810-0045237ff89e.binning_data.json,2026-08-25 03:07:44.692,2026-08-25 03:07:44.692,com.sec.android.app.shealth,102,5235,1.3440435,3974.79,321.82,hriiVjEkYE,com.sec.android.app.shealth,8024bb8b-f16f-4b17-a810-0045237ff89e,2026-08-24 00:00:00.000,
c69d0799-e982-4e92-89e4-e3d13d7ad49c.binning_data.json,2026-08-26 01:29:40.432,2026-08-25 11:55:01.441,com.sec.android.app.shealth,-2,4389,1.5043644,3451.92,261.11,VfS0qUERdZ,com.sec.android.app.shealth,c69d0799-e982-4e92-89e4-e3d13d7ad49c,2026-08-25 00:00:00.000,
9fde7c56-602c-4a6c-a3dc-9cce130d7966.binning_data.json,2026-08-26 03:03:35.622,2026-08-26 03:03:35.622,com.sec.android.app.shealth,0,4389,1.5043644,3451.92,261.11,487mnSNu6t,com.sec.android.app.shealth,9fde7c56-602c-4a6c-a3dc-9cce130d7966,2026-08-25 00:00:00.000,
5ec02504-fa2c-4162-9cf5-ff443c2d0d88.binning_data.json,2026-08-27 11:49:56.980,2026-08-26 10:52:06.171,com.sec.android.app.shealth,-2,4835,1.3004787,3667.64,285.71,VfS0qUERdZ,com.sec.android.app.shealth,5ec02504-fa2c-4162-9cf5-ff443c2d0d88,2026-08-26 00:00:00.000,
50e19faa-953b-4938-a1d0-d65c323cf6fe.binning_data.json,2026-08-27 04:18:20.022,2026-08-27 04:18:20.022,com.sec.android.app.shealth,0,3895,1.2732718,2955.16,231.11,487mnSNu6t,com.sec.android.app.shealth,50e19faa-953b-4938-a1d0-d65c323cf6fe,2026-08-26 00:00:00.000,
f204e9d8-b840-4458-907c-3b1f2324169e.binning_data.json,2026-08-28 03:00:13.989,2026-08-27 04:18:32.120,com.sec.android.app.shealth,102,4480,1.3140676,3386.21,263.34,hriiVjEkYE,com.sec.android.app.shealth,f204e9d8-b840-4458-907c-3b1f2324169e,2026-08-26 00:00:00.000,
cc84986e-b44d-47fa-a673-b8023844b8ab.binning_data.json,2026-08-28 02:17:53.395,2026-08-27 10:35:07.204,com.sec.android.app.shealth,-2,4332,1.3190929,3293.65,259.31,VfS0qUERdZ,com.sec.android.app.shealth,cc84986e-b44d-47fa-a673-b8023844b8ab,2026-08-27 00:00:00.000,
b9e6ea9e-4e86-42f7-ab19-21be3271bd7f.binning_data.json,2026-08-28 03:00:06.208,2026-08-28 03:00:06.208,com.sec.android.app.shealth,0,3221,1.2682807,2441.41,191.0,487mnSNu6t,com.sec.android.app.shealth,b9e6ea9e-4e86-42f7-ab19-21be3271bd7f,2026-08-27 00:00:00.000,
87843b50-7966-417d-8cc6-ff8f775dbd6e.binning_data.json,2026-08-28 03:00:13.699,2026-08-28 03:00:13.699,com.sec.android.app.shealth,102,2798,1.3166481,2113.06,171.92,hriiVjEkYE,com.sec.android.app.shealth,87843b50-7966-417d-8cc6-ff8f775dbd6e,2026-08-27 00:00:00.000,
59c85b54-94d9-4cfc-931f-ec89a7f589fb.binning_data.json,2026-08-29 01:25:29.357,2026-08-28 08:55:43.513,com.sec.android.app.shealth,-2,4558,1.2443464,3446.33,271.21,VfS0qUERdZ,com.sec.android.app.shealth,59c85b54-94d9-4cfc-931f-ec89a7f589fb,2026-08-28 00:00:00.000,
7390260c-f1a1-4f0b-a581-2e3bcdea42ef.binning_data.json,2026-08-29 03:10:35.527,2026-08-29 03:10:35.527,com.sec.android.app.shealth,0,4558,1.2443464,3446.33,271.21,487mnSNu6t,com.sec.android.app.shealth,7390260c-f1a1-4f0b-a581-2e3bcdea42ef,2026-08-28 00:00:00.000,
56255798-0504-4385-afec-c3d8cc6d60af.binning_data.json,2026-08-30 01:54:55.052,2026-08-29 11:14:15.393,com.sec.android.app.shealth,-2,3472,1.4102485,2688.89,206.05,VfS0qUERdZ,com.sec.android.app.shealth,56255798-0504-4385-afec-c3d8cc6d60af,2026-08-29 00:00:00.000,
a69c33a6-4977-44f7-9904-880375b3bf7a.binning_data.json,2026-08-30 03:00:02.636,2026-08-30 03:00:02.636,com.sec.android.app.shealth,0,3472,1.4102485,2688.89,206.05,487mnSNu6t,com.sec.android.app.shealth,a69c33a6-4977-44f7-9904-880375b3bf7a,2026-08-29 00:00:00.000,
d4cc945e-2f51-4ca2-87bb-5a13ab7a74ee.binning_data.json,2026-08-31 10:31:23.448,2026-08-30 03:16:19.698,com.sec.android.app.shealth,-2,2401,1.3563873,1844.06,142.8,VfS0qUERdZ,com.sec.android.app.shealth,d4cc945e-2f51-4ca2-87bb-5a13ab7a74ee,2026-08-30 00:00:00.000,
0ba3ec06-a54f-4af4-ab6b-093d5b5a117f.binning_data.json,2026-08-31 03:42:05.103,2026-08-31 03:42:05.103,com.sec.android.app.shealth,0,2184,1.3213971,1667.47,128.71,487mnSNu6t,com.sec.android.app.shealth,0ba3ec06-a54f-4af4-ab6b-093d5b5a117f,2026-08-30 00:00:00.000,
d059ce94-ebc2-4ce6-a0bc-a9e629f0a133.binning_data.json,2026-09-01 03:13:06.553,2026-08-31 03:42:06.890,com.sec.android.app.shealth,102,1225,1.4135298,944.04,72.96,hriiVjEkYE,com.sec.android.app.shealth,d059ce94-ebc2-4ce6-a0bc-a9e629f0a133,2026-08-30 00:00:00.000,
83e5865c-37b3-4ad3-9148-21645f1d63ab.binning_data.json,2026-09-01 20:41:12.506,2026-08-31 10:31:23.224,com.sec.android.app.shealth,-2,3893,1.3494375,2985.67,236.39,VfS0qUERdZ,com.sec.android.app.shealth,83e5865c-37b3-4ad3-9148-21645f1d63ab,2026-08-31 00:00:00.000,
a1936b0b-1102-4bc6-9ead-4a94bde05f58.binning_data.json,2026-09-01 03:13:04.744,2026-09-01 03:13:04.744,com.sec.android.app.shealth,0,3156,1.291744,2402.31,187.42,487mnSNu6t,com.sec.android.app.shealth,a1936b0b-1102-4bc6-9ead-4a94bde05f58,2026-08-31 00:00:00.000,
9cf0cb14-bb29-46f2-9ef4-22ed0b821a99.binning_data.json,2026-09-02 03:03:19.726,2026-09-01 03:13:06.552,com.sec.android.app.shealth,102,2413,1.3804269,1849.4,150.14,hriiVjEkYE,com.sec.android.app.shealth,9cf0cb14-bb29-46f2-9ef4-22ed0b821a99,2026-08-31 00:00:00.000,
0e43a6b6-e3cd-4622-8473-ceabf49dd2fd.binning_data.json,2026-09-02 02:01:36.654,2026-09-01 10:51:30.495,com.sec.android.app.shealth,-2,6737,1.3470488,5154.5,392.03998,VfS0qUERdZ,com.sec.android.app.shealth,0e43a6b6-e3cd-4622-8473-ceabf49dd2fd,2026-09-01 00:00:00.000,
5e0d2077-b6e8-4115-8282-22aa6df5a7b1.binning_data.json,2026-09-02 03:03:18.575,2026-09-02 03:03:18.575,com.sec.android.app.shealth,0,4816,1.2946988,3674.33,284.87997,487mnSNu6t,com.sec.android.app.shealth,5e0d2077-b6e8-4115-8282-22aa6df5a7b1,2026-09-01 00:00:00.000,
9570983f-caf4-46bc-ad78-19247f9ece98.binning_data.json,2026-09-02 03:03:19.721,2026-09-02 03:03:19.721,com.sec.android.app.shealth,102,3716,1.4121006,2852.34,214.38,hriiVjEkYE,com.sec.android.app.shealth,9570983f-caf4-46bc-ad78-19247f9ece98,2026-09-01 00:00:00.000,
91349a7a-46bb-4f3c-9f9c-85e800e15b83.binning_data.json,2026-09-04 12:50:46.820,2026-09-02 10:55:12.611,com.sec.android.app.shealth,-2,4455,1.3218089,3392.25,270.15,VfS0qUERdZ,com.sec.android.app.shealth,91349a7a-46bb-4f3c-9f9c-85e800e15b83,2026-09-02 00:00:00.000,
ea7945a3-677f-4087-9c05-f619f487a310.binning_data.json,2026-09-03 03:36:29.499,2026-09-03 03:36:29.499,com.sec.android.app.shealth,0,3847,1.2873659,2925.59,228.28,487mnSNu6t,com.sec.android.app.shealth,ea7945a3-677f-4087-9c05-f619f487a310,2026-09-02 00:00:00.000,
51f3bf2b-0a1a-408c-a87f-046d55d6d50f.binning_data.json,2026-09-04 03:00:06.134,2026-09-03 03:36:34.574,com.sec.android.app.shealth,102,3541,1.3269172,2678.8,211.61,hriiVjEkYE,com.sec.android.app.shealth,51f3bf2b-0a1a-408c-a87f-046d55d6d50f,2026-09-02 00:00:00.000,
5a787ffc-f535-4463-aa40-43eaf9ec6d5e.binning_data.json,2026-09-04 01:46:05.443,2026-09-03 10:56:06.792,com.sec.android.app.shealth,-2,3648,1.279781,2771.44,211.58,VfS0qUERdZ,com.sec.android.app.shealth,5a787ffc-f535-4463-aa40-43eaf9ec6d5e,2026-09-03 00:00:00.000,
7b8a14a6-d982-4b76-abe3-2c53f0793a1d.binning_data.json,2026-09-04 03:00:03.365,2026-09-04 03:00:03.365,com.sec.android.app.shealth,0,3648,1.279781,2771.44,211.58,487mnSNu6t,com.sec.android.app.shealth,7b8a14a6-d982-4b76-abe3-2c53f0793a1d,2026-09-03 00:00:00.000,
9bd62d63-f996-4ca5-b67c-3103a13ee78a.binning_data.json,2026-09-05 06:56:40.983,2026-09-04 12:51:50.401,com.sec.android.app.shealth,-2,6470,1.438881,4982.63,278.9,VfS0qUERdZ,com.sec.android.app.shealth,9bd62d63-f996-4ca5-b67c-3103a13ee78a,2026-09-04 00:00:00.000,
461e78e1-5b29-4b47-b270-f460430e4c04.binning_data.json,2026-09-05 03:30:03.683,2026-09-05 03:30:03.683,com.sec.android.app.shealth,0,5232,1.4465433,4029.4998,159.7,487mnSNu6t,com.sec.android.app.shealth,461e78e1-5b29-4b47-b270-f460430e4c04,2026-09-04 00:00:00.000,
05a8abec-9e9f-4ca3-b297-131c952d2a50.binning_data.json,2026-09-06 03:17:11.304,2026-09-05 03:30:06.569,com.sec.android.app.shealth,102,5604,1.4541416,4338.46,310.22,hriiVjEkYE,com.sec.android.app.shealth,05a8abec-9e9f-4ca3-b297-131c952d2a50,2026-09-04 00:00:00.000,
5c129c6a-1a4c-40e8-9572-07bca2d2254c.binning_data.json,2026-09-08 03:00:08.634,2026-09-05 03:55:43.201,com.sec.android.app.shealth,-2,1644,1.4531968,1282.72,102.21,VfS0qUERdZ,com.sec.android.app.shealth,5c129c6a-1a4c-40e8-9572-07bca2d2254c,2026-09-05 00:00:00.000,
de169fd8-0266-450a-9a8e-add429c3b624.binning_data.json,2026-09-06 03:17:08.240,2026-09-06 03:17:08.240,com.sec.android.app.shealth,0,381,1.1452479,279.47,12.12,487mnSNu6t,com.sec.android.app.shealth,de169fd8-0266-450a-9a8e-add429c3b624,2026-09-05 00:00:00.000,
2d828aea-074d-4b68-b07c-359565015a5d.binning_data.json,2026-09-08 03:00:09.822,2026-09-06 03:17:11.404,com.sec.android.app.shealth,102,1601,1.474426,1252.72,104.03,hriiVjEkYE,com.sec.android.app.shealth,2d828aea-074d-4b68-b07c-359565015a5d,2026-09-05 00:00:00.000,
3921f0ad-b899-4510-b126-c0aa777eb315.binning_data.json,2026-09-07 01:59:25.528,2026-09-06 14:51:51.491,com.sec.android.app.shealth,-2,2219,1.2695601,1662.0599,69.49,VfS0qUERdZ,com.sec.android.app.shealth,3921f0ad-b899-4510-b126-c0aa777eb315,2026-09-06 00:00:00.000,
d6f9f524-2c9c-417e-89b8-b601e42e25f3.binning_data.json,2026-09-07 03:02:19.331,2026-09-07 03:02:19.331,com.sec.android.app.shealth,0,2219,1.2695601,1662.0599,69.49,487mnSNu6t,com.sec.android.app.shealth,d6f9f524-2c9c-417e-89b8-b601e42e25f3,2026-09-06 00:00:00.000,
a8875a28-b236-4946-b611-f3b36304c4bd.binning_data.json,2026-09-08 02:15:59.611,2026-09-07 14:17:06.698,com.sec.android.app.shealth,-2,683,1.2247415,508.07,21.45,VfS0qUERdZ,com.sec.android.app.shealth,a8875a28-b236-4946-b611-f3b36304c4bd,2026-09-07 00:00:00.000,
8b58a484-5e06-4caf-8755-c001d55e99a0.binning_data.json,2026-09-08 03:00:05.274,2026-09-08 03:00:05.274,com.sec.android.app.shealth,0,683,1.2247415,508.07,21.45,487mnSNu6t,com.sec.android.app.shealth,8b58a484-5e06-4caf-8755-c001d55e99a0,2026-09-07 00:00:00.000,
818f3576-35e3-40ca-9966-c06b6b4583af.binning_data.json,2026-09-09 10:34:18.379,2026-09-08 03:04:06.709,com.sec.android.app.shealth,-2,5906,1.3331808,4485.44,295.24,VfS0qUERdZ,com.sec.android.app.shealth,818f3576-35e3-40ca-9966-c06b6b4583af,2026-09-08 00:00:00.000,
35467aee-f54a-4f12-980c-7339929ee01b.binning_data.json,2026-09-09 03:00:03.881,2026-09-09 03:00:03.881,com.sec.android.app.shealth,0,3608,1.2270607,2683.08,111.71,487mnSNu6t,com.sec.android.app.shealth,35467aee-f54a-4f12-980c-7339929ee01b,2026-09-08 00:00:00.000,
621e31a0-f3c8-4267-846b-44839246138b.binning_data.json,2026-09-10 03:00:11.110,2026-09-09 03:00:05.138,com.sec.android.app.shealth,102,5236,1.3533062,3990.82,303.11,hriiVjEkYE,com.sec.android.app.shealth,621e31a0-f3c8-4267-846b-44839246138b,2026-09-08 00:00:00.000,
bbbfc90d-fcc8-4e01-816a-ea6b2d9369e8.binning_data.json,2026-09-10 10:48:52.218,2026-09-09 03:39:03.813,com.sec.android.app.shealth,-2,4083,1.2978636,3078.35,155.78,VfS0qUERdZ,com.sec.android.app.shealth,bbbfc90d-fcc8-4e01-816a-ea6b2d9369e8,2026-09-09 00:00:00.000,
9091397a-d125-44fe-a9d5-899b0a73bab7.binning_data.json,2026-09-10 03:00:09.733,2026-09-10 03:00:09.733,com.sec.android.app.shealth,0,3462,1.2604551,2588.54,110.27,487mnSNu6t,com.sec.android.app.shealth,9091397a-d125-44fe-a9d5-899b0a73bab7,2026-09-09 00:00:00.000,
ddbf91b0-04b0-4331-8bbc-921e37198152.binning_data.json,2026-09-11 03:07:56.215,2026-09-10 03:00:11.125,com.sec.android.app.shealth,102,915,1.4633094,711.26,57.06,hriiVjEkYE,com.sec.android.app.shealth,ddbf91b0-04b0-4331-8bbc-921e37198152,2026-09-09 00:00:00.000,
5a289622-57c2-49f2-8790-1f18e3fb2e62.binning_data.json,2026-09-10 23:08:14.726,2026-09-10 10:48:51.713,com.sec.android.app.shealth,-2,3908,1.3379843,2963.85,183.79,VfS0qUERdZ,com.sec.android.app.shealth,5a289622-57c2-49f2-8790-1f18e3fb2e62,2026-09-10 00:00:00.000,
7ccd0fe0-8805-413d-bddd-3024a2c71335.binning_data.json,2026-09-11 03:07:50.676,2026-09-11 03:07:50.676,com.sec.android.app.shealth,0,3049,1.2770251,2286.07,93.32,487mnSNu6t,com.sec.android.app.shealth,7ccd0fe0-8805-413d-bddd-3024a2c71335,2026-09-10 00:00:00.000,
b8b60ff6-f864-4819-9489-a3d77f73f6c3.binning_data.json,2026-09-11 03:07:56.233,2026-09-11 03:07:56.233,com.sec.android.app.shealth,102,3438,1.3859994,2628.55,208.11,hriiVjEkYE,com.sec.android.app.shealth,b8b60ff6-f864-4819-9489-a3d77f73f6c3,2026-09-10 00:00:00.000,
cb62753b-2c46-4efe-8800-8fb3a1f76881.binning_data.json,2026-09-12 13:07:53.648,2026-09-11 15:15:04.307,com.sec.android.app.shealth,-2,1280,1.2473129,954.44,40.14,VfS0qUERdZ,com.sec.android.app.shealth,cb62753b-2c46-4efe-8800-8fb3a1f76881,2026-09-11 00:00:00.000,
4774bae2-6984-4ca8-9cd7-59c2b3731266.binning_data.json,2026-09-12 03:38:11.388,2026-09-12 03:38:11.388,com.sec.android.app.shealth,0,1264,1.2483748,942.83997,39.239998,487mnSNu6t,com.sec.android.app.shealth,4774bae2-6984-4ca8-9cd7-59c2b3731266,2026-09-11 00:00:00.000,
b9700c9a-0410-4295-8728-c17ea60ed630.binning_data.json,2026-09-13 12:46:46.132,2026-09-12 10:35:02.393,com.sec.android.app.shealth,-2,1736,1.3019823,1312.59,77.7,VfS0qUERdZ,com.sec.android.app.shealth,b9700c9a-0410-4295-8728-c17ea60ed630,2026-09-12 00:00:00.000,
728463ec-09c9-44c9-86a6-86c0b17efecd.binning_data.json,2026-09-14 04:05:35.912,2026-09-13 03:11:03.661,com.sec.android.app.shealth,0,4374,1.0763859,3170.45,135.09,487mnSNu6t,com.sec.android.app.shealth,728463ec-09c9-44c9-86a6-86c0b17efecd,2026-09-13 00:00:00.000,
f85da12d-75a1-42d7-b15d-e7e3a513b958.binning_data.json,2026-09-13 03:11:03.673,2026-09-13 03:11:03.673,com.sec.android.app.shealth,0,1065,1.2238458,793.89996,33.309998,487mnSNu6t,com.sec.android.app.shealth,f85da12d-75a1-42d7-b15d-e7e3a513b958,2026-09-12 00:00:00.000,
b8e60c8b-b68d-44a8-8599-d335eaf53c51.binning_data.json,2026-09-14 10:10:41.292,2026-09-13 03:11:06.400,com.sec.android.app.shealth,-2,5372,1.2357279,4010.29,266.64,VfS0qUERdZ,com.sec.android.app.shealth,b8e60c8b-b68d-44a8-8599-d335eaf53c51,2026-09-13 00:00:00.000,
d99df277-5030-4464-99d0-334e79b5bc53.binning_data.json,2026-09-13 03:11:07.778,2026-09-13 03:11:07.778,com.sec.android.app.shealth,102,16,1.1666666,11.6,0.9,hriiVjEkYE,com.sec.android.app.shealth,d99df277-5030-4464-99d0-334e79b5bc53,2026-09-11 00:00:00.000,
cc96e936-8dd5-4bbe-be26-b66a444abf07.binning_data.json,2026-09-14 04:05:39.447,2026-09-13 03:11:07.808,com.sec.android.app.shealth,102,915,1.3960288,702.22,53.32,hriiVjEkYE,com.sec.android.app.shealth,cc96e936-8dd5-4bbe-be26-b66a444abf07,2026-09-12 00:00:00.000,
c73ec1ec-2f32-4db8-95ac-be11a9299edf.binning_data.json,2026-09-15 03:00:08.948,2026-09-14 04:05:39.431,com.sec.android.app.shealth,102,4249,1.2752299,3196.75,247.5,hriiVjEkYE,com.sec.android.app.shealth,c73ec1ec-2f32-4db8-95ac-be11a9299edf,2026-09-13 00:00:00.000,
ad3fa456-10a9-48fc-98c7-959e427e1fe7.binning_data.json,2026-09-15 10:38:31.775,2026-09-14 09:50:35.559,com.sec.android.app.shealth,-2,5259,1.2921973,3957.93,267.86002,VfS0qUERdZ,com.sec.android.app.shealth,ad3fa456-10a9-48fc-98c7-959e427e1fe7,2026-09-14 00:00:00.000,
a088f19e-55ac-42c2-9ce1-a7f576e0e09d.binning_data.json,2026-09-15 03:00:07.844,2026-09-15 03:00:07.844,com.sec.android.app.shealth,0,3454,1.240584,2570.16,105.51,487mnSNu6t,com.sec.android.app.shealth,a088f19e-55ac-42c2-9ce1-a7f576e0e09d,2026-09-14 00:00:00.000,
379efa9a-75be-431c-8c35-1a62867231a7.binning_data.json,2026-09-16 03:13:00.227,2026-09-15 03:00:08.967,com.sec.android.app.shealth,102,5046,1.3176079,3816.91,302.5,hriiVjEkYE,com.sec.android.app.shealth,379efa9a-75be-431c-8c35-1a62867231a7,2026-09-14 00:00:00.000,
91944972-5c38-4c80-b07d-6de9902c51f1.binning_data.json,2026-09-16 10:37:52.925,2026-09-15 10:17:08.188,com.sec.android.app.shealth,-2,5881,1.3567063,4501.64,351.47998,VfS0qUERdZ,com.sec.android.app.shealth,91944972-5c38-4c80-b07d-6de9902c51f1,2026-09-15 00:00:00.000,
b08839a5-0284-45bd-b77d-9eb8ab0129a5.binning_data.json,2026-09-16 03:12:58.497,2026-09-16 03:12:58.497,com.sec.android.app.shealth,0,4510,1.30296,3446.21,266.63998,487mnSNu6t,com.sec.android.app.shealth,b08839a5-0284-45bd-b77d-9eb8ab0129a5,2026-09-15 00:00:00.000,
933c3347-2605-4b37-947f-cf69dee2ed4a.binning_data.json,2026-09-17 03:00:15.888,2026-09-16 03:13:00.083,com.sec.android.app.shealth,102,5238,1.3658818,3999.5,315.01,hriiVjEkYE,com.sec.android.app.shealth,933c3347-2605-4b37-947f-cf69dee2ed4a,2026-09-15 00:00:00.000,
6f4052f8-0397-4e23-9cd8-1b6390c5c5d4.binning_data.json,2026-09-17 02:55:54.355,2026-09-16 10:37:52.601,com.sec.android.app.shealth,-2,4494,1.4766926,3541.33,288.36,VfS0qUERdZ,com.sec.android.app.shealth,6f4052f8-0397-4e23-9cd8-1b6390c5c5d4,2026-09-16 00:00:00.000,
461c9d93-0ee8-41c5-ba0a-4afca2182c22.binning_data.json,2026-09-17 03:00:10.657,2026-09-17 03:00:10.657,com.sec.android.app.shealth,0,3241,1.3041606,2473.06,192.64,487mnSNu6t,com.sec.android.app.shealth,461c9d93-0ee8-41c5-ba0a-4afca2182c22,2026-09-16 00:00:00.000,
dd5b93d2-9f12-41cc-90f4-da8d433d563a.binning_data.json,2026-09-17 03:00:15.878,2026-09-17 03:00:15.878,com.sec.android.app.shealth,102,4215,1.5077546,3317.79,271.51,hriiVjEkYE,com.sec.android.app.shealth,dd5b93d2-9f12-41cc-90f4-da8d433d563a,2026-09-16 00:00:00.000,
75935776-de77-452b-8efd-c13c4ece4b6b.binning_data.json,2026-09-18 03:00:28.270,2026-09-17 10:46:25.048,com.sec.android.app.shealth,-2,4835,1.3234503,3694.75,288.02,VfS0qUERdZ,com.sec.android.app.shealth,75935776-de77-452b-8efd-c13c4ece4b6b,2026-09-17 00:00:00.000,
b1d46891-4aa5-4525-83b8-c6359b546312.binning_data.json,2026-09-18 03:00:21.826,2026-09-18 03:00:21.826,com.sec.android.app.shealth,0,4347,1.2840753,3309.23,257.58,487mnSNu6t,com.sec.android.app.shealth,b1d46891-4aa5-4525-83b8-c6359b546312,2026-09-17 00:00:00.000,
700e5b89-2102-4c45-868f-8b6e996cc49c.binning_data.json,2026-09-18 03:00:29.734,2026-09-18 03:00:29.734,com.sec.android.app.shealth,102,2690,1.3697077,2055.52,162.11,hriiVjEkYE,com.sec.android.app.shealth,700e5b89-2102-4c45-868f-8b6e996cc49c,2026-09-17 00:00:00.000,
37d91bff-61c4-46cf-b413-3fd87d0ec605.binning_data.json,2026-09-19 00:55:41.823,2026-09-18 03:25:12.536,com.sec.android.app.shealth,-2,4091,1.316242,3111.84,245.2,VfS0qUERdZ,com.sec.android.app.shealth,37d91bff-61c4-46cf-b413-3fd87d0ec605,2026-09-18 00:00:00.000,
a7e2a440-12c1-4028-8d45-3b7760b8c7ed.binning_data.json,2026-09-19 03:56:52.958,2026-09-19 03:56:52.958,com.sec.android.app.shealth,0,2495,1.2535118,1891.75,146.22,487mnSNu6t,com.sec.android.app.shealth,a7e2a440-12c1-4028-8d45-3b7760b8c7ed,2026-09-18 00:00:00.000,
44f91867-467e-43f0-9239-ea9585ed3081.binning_data.json,2026-09-19 03:56:54.450,2026-09-19 03:56:54.450,com.sec.android.app.shealth,102,3098,1.3486485,2355.89,187.29,hriiVjEkYE,com.sec.android.app.shealth,44f91867-467e-43f0-9239-ea9585ed3081,2026-09-18 00:00:00.000,
592851fc-9598-4d16-a34b-7e481dbca535.binning_data.json,2026-09-20 14:26:00.091,2026-09-19 05:17:21.337,com.sec.android.app.shealth,-2,3399,1.2878047,2610.91,202.9,VfS0qUERdZ,com.sec.android.app.shealth,592851fc-9598-4d16-a34b-7e481dbca535,2026-09-19 00:00:00.000,
58d3d921-4501-4916-bcee-61a6753d1d8d.binning_data.json,2026-09-20 03:09:37.198,2026-09-20 03:09:37.198,com.sec.android.app.shealth,0,2818,1.27918,2175.18,169.75,487mnSNu6t,com.sec.android.app.shealth,58d3d921-4501-4916-bcee-61a6753d1d8d,2026-09-19 00:00:00.000,
fd6a118d-c273-495b-b5fc-608b1f69af60.binning_data.json,2026-09-20 03:09:41.338,2026-09-20 03:09:41.338,com.sec.android.app.shealth,102,1106,1.2686553,828.26,63.7,hriiVjEkYE,com.sec.android.app.shealth,fd6a118d-c273-495b-b5fc-608b1f69af60,2026-09-19 00:00:00.000,
afc6c59d-6c56-401b-9860-ee8de5553e62.binning_data.json,2026-09-20 19:56:32.110,2026-09-20 03:15:29.860,com.sec.android.app.shealth,-2,2100,1.3012773,1588.9401,126.8,VfS0qUERdZ,com.sec.android.app.shealth,afc6c59d-6c56-401b-9860-ee8de5553e62,2026-09-20 00:00:00.000,
