com.samsung.shealth.vitality_score,7006011,4
activity_level,activity_score,create_sh_ver,active_time_scale,activity_balance_short_term_activity,activity_balance_long_term_activity,shr_balance_scale,mvpa_time_optimal_range_max,mvpa_time_optimal_range_min,max_hr,active_time,shrv_balance_scale,main_sleep_wake_up_time,mvpa_impulse_optimal_range_max,mvpa_impulse_optimal_range_min,shr_baseline_max,shr_baseline_min,shr_calculation_index,mvpa_time,skin_temperature_scale,modify_sh_ver,sleep_balance,update_time,create_time,total_score,data_version,avg_mid_sleep_time,mvpa_time_range_max,mvpa_time_range_min,mvpa_impulse,shrv_calculation_index,sleep_regularity_scale,stable_hr_time_rate,active_time_optimal_range_max,active_time_optimal_range_min,sleep_timing,shr_score,shr_value,mvpa_impulse_scale,sleep_regularity,sleep_timing_scale,prev_shrv_avg,mvpa_time_scale,deviceuuid,sleep_score,sleep_duration_scale,activity_balance,activity_balance_range_max,activity_balance_range_min,mvpa_impulse_range_max,mvpa_impulse_range_min,pkg_name,sleep_balance_scale,shrv_score,shrv_value,sleep_duration,skin_temperature_optimal_range_max,skin_temperature_optimal_range_min,activity_balance_scale,active_time_range_max,active_time_range_min,shrv_baseline_max,shrv_baseline_min,datauuid,prev_shr_avg,day_time,shrv_penalty,activity_balance_optimal_range_max,activity_balance_optimal_range_min
-1,48.1679,62850050,67.17473,,,69.59508,,,195.0,1406134,83.55754,1735548810000,,,64.80924,61.398228,-1,0,,62850050,1.0454265,2024-12-30 12:25:25.273,2024-12-30 12:25:25.273,72.488365,1,6.2444444,,,-1.0,-1,97.306274,0.9724366,,,1.3333334,69.59508,58.940063,-1.0,0.877848,91.666664,53.726418,76.37931,487mnSNu6t,84.0701,84.083336,,,,,,com.sec.android.app.shealth,99.65551,83.55754,72.80681,24870000,,,,,,70.07029,48.633247,e7c16eb4-8b99-461b-8438-8ab42a0f189c,68.22025,2024-12-30 00:00:00.000,0,,,
-1,46.351997,62850050,63.989193,,,72.70722,,,195.0,1221373,84.56952,1735733340000,,,64.23902,60.85802,-1,0,,62850050,1.4397627,2025-01-01 15:42:07.569,2025-01-01 15:42:07.569,72.20851,1,6.3944445,,,-1.0,-1,99.78479,0.9925373,,,3.2166667,72.70722,68.13682,-1.0,1.0546486,78.916664,65.29018,76.37931,487mnSNu6t,82.29709,89.625,,,,,,com.sec.android.app.shealth,77.31102,84.56952,58.549557,26310000,,,,,,86.26563,58.81347,53627c85-555c-4073-886f-51e63dd7df3b,67.620026,2025-01-01 00:00:00.000,0,,,
-1,45.43558,62850050,62.381584,,,78.71069,,,195.0,1128132,97.28926,1735989480000,,,59.80671,56.658985,-1,0,,62850050,0.652145,2025-01-04 14:36:49.490,2025-01-04 14:36:49.490,78.09705,1,6.5333333,,,-1.0,-1,75.03273,0.74487895,,,2.35,78.71069,61.786407,-1.0,1.0735023,83.25,66.96475,76.37931,487mnSNu6t,91.14298,92.791664,,,,,,com.sec.android.app.shealth,94.14221,97.28926,70.44392,30530000,,,,,,88.627716,60.28374,1b775a19-ba2e-47f3-9dc7-da4ee5daad8c,62.95443,2025-01-04 00:00:00.000,0,,,
-1,50.347107,62850050,70.99757,,,80.63643,,,195.0,1627859,96.739876,1736078160000,,,59.25011,56.131683,-1,0,,62850050,0.94605136,2025-01-05 15:20:12.414,2025-01-05 15:20:12.414,81.15438,1,6.604167,,,-1.0,-1,98.1459,0.92671007,,,1.7,80.63643,60.61086,-1.0,0.93774056,88.0,68.40098,76.37931,487mnSNu6t,96.85262,86.21875,,,,,,com.sec.android.app.shealth,98.2624,96.739876,72.71959,32107500,,,,,,90.65668,61.544003,a46dd682-83a5-4704-affa-fd7a301e2db5,62.368538,2025-01-05 00:00:00.000,0,,,
-1,50.189323,62850050,70.72078,,,67.84808,,,195.0,1611805,76.15628,1736235600000,,,60.819096,57.61809,-1,0,,62850050,1.1099613,2025-01-07 11:06:58.403,2025-01-07 11:06:58.403,76.37844,1,6.354167,,,-1.0,-1,77.60449,0.4028103,,,0.55,67.84808,65.546326,-1.0,1.3486811,99.5,62.776165,76.37931,487mnSNu6t,100.0,87.875,,,,,,com.sec.android.app.shealth,75.249756,76.15628,51.653755,31710000,,,,,,82.72711,56.604362,fdff483c-f2ee-4d6a-9698-921e058fc8d6,64.0201,2025-01-07 00:00:00.000,0,,,
-1,43.352535,62850050,59.274574,,,59.9881,,,195.0,916191,97.05145,1736405010000,,,60.52563,57.340073,-1,0,,62850050,1.6825532,2025-01-09 10:08:37.184,2025-01-09 10:08:37.184,69.79571,1,5.383333,,,-1.0,-1,78.43227,0.6761769,,,0.8833333,59.9881,66.901184,-1.0,1.4372523,96.166664,64.26599,76.37931,487mnSNu6t,85.64586,99.46875,,,,,,com.sec.android.app.shealth,78.82846,97.05145,62.964584,28927500,,,,,,84.822945,57.913773,8ec34a74-899f-4528-89c1-cbecb203b4bb,63.711193,2025-01-09 00:00:00.000,0,,,
-1,60.962082,62850050,84.26208,,,87.83136,,,195.0,2665801,86.760376,1736493180000,,,59.639427,56.500507,-1,0,,62850050,1.6573037,2025-01-10 10:40:52.937,2025-01-10 10:40:52.937,81.276245,1,5.12,,,-1.0,-1,77.98337,0.8888889,,,0.9166667,87.83136,59.046932,-1.0,1.3892202,95.83333,68.387245,76.37931,487mnSNu6t,82.61325,95.325,,,,,,com.sec.android.app.shealth,78.67065,86.760376,87.69003,27678000,,,,,,90.63727,61.53197,ce78356a-775b-4c0f-9bf9-f1af443b4169,62.778343,2025-01-10 00:00:00.000,0,,,
-1,54.596004,62850050,77.30076,,,80.5199,,,195.0,2060166,90.427864,1736681340000,,,60.087116,56.924633,-1,0,,62850050,1.5747945,2025-01-12 15:01:19.677,2025-01-12 15:01:19.677,78.599945,1,4.125,,,-1.0,-1,88.68501,0.8400673,,,21.6,80.5199,61.503937,-1.0,0.2628636,78.0,70.50478,76.37931,487mnSNu6t,84.344925,89.34375,,,,,,com.sec.android.app.shealth,78.15497,90.427864,84.4981,26242500,,,,,,93.63394,63.388893,ae2c261e-2e79-454c-9767-96a4e4b2d0ed,63.249596,2025-01-12 00:00:00.000,0,,,
-1,58.96219,62850050,82.406975,,,75.39928,,,195.0,2504407,71.3801,1736749260000,,,60.05714,56.89624,-1,0,,62850050,1.721172,2025-01-13 16:10:28.447,2025-01-13 16:10:28.447,74.4925,1,4.086667,,,-1.0,-1,88.46677,0.7889273,,,1.5333333,75.39928,63.091835,-1.0,0.2472966,89.66667,66.53837,76.37931,487mnSNu6t,80.47994,82.950005,,,,,,com.sec.android.app.shealth,79.069824,71.3801,52.59199,24462000,,,,,,88.025856,59.909462,aab99e9f-0e43-40a9-b5b0-f94c96987d51,63.218044,2025-01-13 00:00:00.000,0,,,
-1,45.66475,62850050,62.783604,,,76.34062,,,195.0,1151449,97.67786,1736837580000,,,59.404625,56.278065,-1,0,,62850050,1.7775887,2025-01-14 10:04:41.765,2025-01-14 10:04:41.765,70.8571,1,4.09,,,-1.0,-1,88.47055,0.76506025,,,1.35,76.34062,62.112034,-1.0,0.24756604,91.5,70.223885,76.37931,487mnSNu6t,74.24779,79.78333,,,,,,com.sec.android.app.shealth,79.42243,97.67786,69.0778,23322000,,,,,,93.236084,63.142635,80d15295-c295-4dfb-82d7-3fac2b0b4724,62.531185,2025-01-14 00:00:00.000,0,,,
-1,49.513832,62850050,69.53581,,,86.15208,,,195.0,1543077,94.48443,1736927280000,,,58.771767,55.678513,-1,0,,62850050,1.6234138,2025-01-15 11:18:11.958,2025-01-15 11:18:11.958,77.24785,1,4.177778,,,-1.0,-1,89.19623,0.6902887,,,1.45,86.15208,58.534187,-1.0,0.2993306,90.5,71.71041,76.37931,487mnSNu6t,77.6102,79.56944,,,,,,com.sec.android.app.shealth,78.45884,94.48443,79.62862,23245000,,,,,,95.342766,64.44551,c9c3ab2c-7e63-4f3c-9499-7e3f846f9aba,61.865017,2025-01-15 00:00:00.000,0,,,
-1,45.798923,62900750,63.018986,,,98.08529,,,195.0,1165101,93.187744,1737011010000,,,56.82349,53.83278,-1,0,,62900750,1.6027446,2025-01-16 10:24:40.014,2025-01-16 10:24:40.014,83.85649,1,4.1916666,,,-1.0,-1,96.03319,0.3030303,,,0.73333335,98.08529,54.596294,-1.0,0.28296557,97.666664,75.55318,76.37931,487mnSNu6t,81.85648,80.375,,,,,,com.sec.android.app.shealth,81.67035,93.187744,86.12315,23535000,,,,,,100.80215,67.81042,a6ad8b7f-569b-460a-a171-3d8e165465bf,59.8142,2025-01-16 00:00:00.000,0,,,
-1,61.316757,62900750,84.49853,,,75.49945,,,195.0,2686372,88.78264,1737101310000,,,57.226826,54.21489,-1,0,,62900750,1.5994766,2025-01-17 11:35:09.284,2025-01-17 11:35:09.284,78.100075,1,4.327778,,,-1.0,-1,94.7796,0.68373877,,,1.6333333,75.49945,61.594307,-1.0,0.37238806,88.666664,72.11487,76.37931,487mnSNu6t,80.51473,80.72222,,,,,,com.sec.android.app.shealth,81.69077,88.78264,66.57145,23660000,,,,,,95.9165,64.79988,c34683d1-cb0a-4321-91e5-fc7c15d06478,60.238766,2025-01-17 00:00:00.000,0,,,
-1,45.00716,62900750,61.63004,,,47.72387,,,195.0,1084542,57.124046,1737359520000,,,59.10916,55.99815,-1,0,,62900750,0.35242805,2025-01-20 11:18:04.414,2025-01-20 11:18:04.414,58.738678,1,4.43,,,-1.0,-1,94.80825,0.94545454,,,1.45,47.72387,74.26402,-1.0,0.37034515,90.5,68.61367,76.37931,487mnSNu6t,81.94641,77.26667,,,,,,com.sec.android.app.shealth,95.059425,57.124046,48.22123,22416000,,,,,,90.9574,61.730576,37d1c65c-9ff5-4e29-b030-0891f97b0912,62.22017,2025-01-20 00:00:00.000,0,,,
-1,46.213108,62900750,63.74556,,,84.72122,,,195.0,1207242,92.148506,1737447180000,,,58.787903,55.6938,-1,0,,62900750,0.45115298,2025-01-21 11:43:12.388,2025-01-21 11:43:12.388,82.84958,1,4.4966664,,,-1.0,-1,95.28432,0.8203991,,,0.7,84.72122,60.42121,-1.0,0.33638602,98.0,71.09416,76.37931,487mnSNu6t,89.91139,81.23333,,,,,,com.sec.android.app.shealth,93.67542,92.148506,82.500145,23844000,,,,,,94.469086,63.9055,d568c495-3164-4145-a408-133d40939f19,61.882004,2025-01-21 00:00:00.000,0,,,
-1,56.465195,62900750,79.48676,,,93.224205,,,195.0,2250348,96.80213,1737615210000,,,61.039623,57.82701,-1,0,,62900750,0.57509065,2025-01-23 10:25:36.890,2025-01-23 10:25:36.890,90.56137,1,4.2541666,,,-1.0,-1,89.88777,0.8710726,,,23.2,93.224205,60.729412,-1.0,0.7213386,87.0,65.50356,76.37931,487mnSNu6t,97.78432,85.5,,,,,,com.sec.android.app.shealth,91.93798,96.80213,69.5151,25320000,,,,,,86.5664,59.00085,cf015d21-b413-4fcf-b74a-2c7789b9d11a,64.252235,2025-01-23 00:00:00.000,0,,,
-1,62.656906,62900750,85.58793,,,82.14171,,,195.0,2764100,99.43118,1737706110000,,,61.661205,58.41588,-1,0,,62900750,0.5038912,2025-01-24 11:37:56.625,2025-01-24 11:37:56.625,85.64511,1,4.1291666,,,-1.0,-1,91.02461,0.78976643,,,0.65,82.14171,64.21148,-1.0,0.6402443,98.5,65.06554,76.37931,487mnSNu6t,93.30953,89.1875,,,,,,com.sec.android.app.shealth,92.936104,99.43118,64.808495,26205000,,,,,,85.949066,58.616142,ecb2a57a-3b6d-4d1a-b231-572070f44860,64.90653,2025-01-24 00:00:00.000,0,,,
-1,51.24446,62900750,72.57175,,,76.956055,,,195.0,1719161,92.89345,1737786000000,,,61.896713,58.63899,-1,0,,62900750,0.6719086,2025-01-25 09:33:09.209,2025-01-25 09:33:09.209,79.95465,1,3.9666667,,,-1.0,-1,90.7694,0.878453,,,0.3,76.956055,66.146065,-1.0,0.6584491,87.0,64.34845,76.37931,487mnSNu6t,86.89693,85.45,,,,,,com.sec.android.app.shealth,90.58072,92.89345,61.251587,25308000,,,,,,84.939064,57.986195,b999be8a-df47-4358-a8a2-a6909eadace5,65.154434,2025-01-25 00:00:00.000,0,,,
-1,46.918297,62900750,64.98262,,,63.186058,,,195.0,1278992,82.70053,1737887250000,,,62.704086,59.40387,-1,0,,62900750,0.7507623,2025-01-26 13:58:53.393,2025-01-26 13:58:53.393,72.67937,1,4.3638887,,,-1.0,-1,84.976776,0.7141404,,,2.2666667,63.186058,70.25365,-1.0,1.0724849,83.666664,62.73125,76.37931,487mnSNu6t,83.09411,88.35416,,,,,,com.sec.android.app.shealth,89.475296,82.70053,55.23491,26005000,,,,,,82.66398,56.564888,b77e78dd-3563-4f77-8df5-02567975aff3,66.0043,2025-01-26 00:00:00.000,0,,,
-1,49.543945,62900750,64.216995,,,83.66191,,,195.0,5965414,91.30931,1738048020000,,,61.78558,58.533707,-1,1690392,,62900750,0.7374393,2025-01-28 10:47:08.732,2025-01-28 10:47:08.732,83.91272,1,4.1466665,,,135.18192,-1,83.87436,0.93509614,,,0.18333334,83.66191,63.846645,98.95111,1.1904435,88.16667,65.135475,78.64706,487mnSNu6t,94.41345,89.025,,,,,,com.sec.android.app.shealth,89.66207,91.30931,76.53793,26166000,,,,,,86.04761,58.67758,0d433497-2e2d-4020-8d55-1fd7e223b3d5,65.03745,2025-01-28 00:00:00.000,0,,,
-1,60.129227,62900750,83.70684,,,87.71717,,,195.0,2617495,89.60881,1738220700000,,,62.27848,59.000668,-1,0,,62900750,0.8045116,2025-01-30 10:36:07.683,2025-01-30 10:36:07.683,83.90334,1,4.3366666,,,-1.0,-1,85.04205,0.827957,,,0.8833333,87.71717,63.323635,-1.0,1.0670002,96.166664,67.2754,76.37931,487mnSNu6t,84.89932,84.700005,,,,,,com.sec.android.app.shealth,88.7218,89.60881,81.70946,25092000,,,,,,89.06632,60.556374,a883f50d-6c7d-494c-b324-f834b049c76e,65.5563,2025-01-30 00:00:00.000,0,,,
-1,39.675552,62900750,55.01068,,,84.34412,,,195.0,6717642,98.45832,1738306380000,,,62.259796,58.982964,-1,1595709,,62900750,0.8429775,2025-01-31 09:58:44.995,2025-01-31 05:11:12.469,79.56757,1,4.2033334,,,140.26395,-1,84.77434,0.48033708,,,0.56666666,84.34412,64.11314,97.00482,1.0941463,99.333336,68.31444,80.60602,487mnSNu6t,80.34875,81.583336,,,,,,com.sec.android.app.shealth,88.182556,98.45832,70.32056,23970000,,,,,,90.53434,61.4681,032819b7-f13a-497a-811d-ac9d748ea242,65.53663,2025-01-31 00:00:00.000,0,,,
-1,56.01451,62900750,78.959694,,,55.88585,,,195.0,2204493,51.763374,1738564980000,,,62.64145,59.344532,-1,0,,62900750,0.81140953,2025-02-03 10:15:50.231,2025-02-03 10:15:50.231,57.385048,1,3.9291666,,,-1.0,-1,96.05086,0.5871886,,,2.0333333,55.88585,72.47005,-1.0,0.2817051,84.833336,66.21199,76.37931,487mnSNu6t,62.755486,74.0625,,,,,,com.sec.android.app.shealth,88.6251,51.763374,43.7034,21375000,,,,,,87.56539,59.622936,a5c30ebe-f12d-441b-9419-2e01df25f815,65.93837,2025-02-03 00:00:00.000,0,,,
-1,50.54839,62900750,71.35068,,,96.79913,,,195.0,1648339,95.73728,1738656420000,,,61.68639,58.43974,-1,0,,62900750,1.3191171,2025-02-04 11:32:19.413,2025-02-04 11:32:19.413,87.10019,1,4.0,,,-1.0,-1,96.71648,0.98602796,,,23.766666,96.79913,59.82535,-1.0,0.23422466,92.66666,64.773285,76.37931,487mnSNu6t,88.3723,77.916664,,,,,,com.sec.android.app.shealth,83.443016,95.73728,70.09931,22650000,,,,,,85.53735,58.35942,ff3967fc-5e64-4848-8f6e-faae41d58bf1,64.933044,2025-02-04 00:00:00.000,0,,,
-1,73.28153,62900750,65.39694,,,84.73088,,,195.0,5896977,99.37547,1738738380000,,,61.32375,58.096184,-1,747525,,62900750,1.1849709,2025-02-05 10:22:48.057,2025-02-05 10:22:48.057,84.7881,1,3.9733334,,,131.73012,-1,96.96945,0.8947368,,,0.8666667,84.73088,63.02439,96.20434,0.21617907,96.333336,64.968994,95.26802,487mnSNu6t,84.124725,77.36667,,,,,,com.sec.android.app.shealth,84.28143,99.37547,65.72607,22452000,,,,,,85.81303,58.531345,754f8261-d500-4542-9c64-dbfd3674f81d,64.551315,2025-02-05 00:00:00.000,0,,,
-1,43.53181,62900750,59.453842,,,96.777374,,,195.0,934431,82.85074,1738912980000,,,60.273785,57.10148,-1,0,,62900750,1.3126522,2025-02-07 10:32:57.953,2025-02-07 10:32:57.953,82.43487,1,4.0833335,,,-1.0,-1,97.22562,0.6987013,,,0.96666664,96.777374,58.464565,-1.0,0.19790573,95.33333,65.63238,76.37931,487mnSNu6t,82.75865,78.666664,,,,,,com.sec.android.app.shealth,83.48342,82.85074,92.10767,22920000,,,,,,86.74801,59.11397,8b20ccb2-eac5-4b9c-aa4d-c7c71c7b1a7a,63.44609,2025-02-07 00:00:00.000,0,,,
-1,41.716606,62900750,50.912037,,,85.29894,,,195.0,7134662,91.36044,1739002740000,,,59.884586,56.732765,-1,1695997,,62900750,1.1783228,2025-02-08 11:46:28.546,2025-02-08 11:46:28.546,79.87157,1,4.266667,,,130.78337,-1,94.292175,0.37279597,,,1.7,85.29894,61.397682,95.45096,0.40715814,88.0,68.34878,78.5311,487mnSNu6t,81.52388,79.166664,,,,,,com.sec.android.app.shealth,84.32298,91.36044,80.386055,23100000,,,,,,90.58292,61.49821,bee480ed-b6dc-4ff8-98e8-6bca5f9ef84e,63.036407,2025-02-08 00:00:00.000,0,,,
-1,68.64372,62900750,91.57475,,,93.48677,,,195.0,3111336,94.4761,1739098650000,,,59.214535,56.09798,-1,0,,62900750,1.8458396,2025-02-09 15:33:25.078,2025-02-09 15:33:25.078,91.60539,1,4.5111113,,,-1.0,-1,90.73372,0.56504387,,,0.51666665,93.48677,58.804493,-1.0,0.6609944,99.83333,69.78849,76.37931,487mnSNu6t,96.87317,86.3125,,,,,,com.sec.android.app.shealth,80.151,94.4761,77.45507,25515000,,,,,,92.619576,62.760902,d3327605-7124-4ec9-b666-082672aae782,62.33109,2025-02-09 00:00:00.000,0,,,
-1,49.037354,62920010,68.69996,,,57.78887,,,195.0,1494597,86.37659,1739174340000,,,58.31363,55.244488,-1,0,,62920010,1.5029273,2025-02-10 11:25:47.167,2025-02-10 11:25:47.167,76.8706,1,4.502778,,,-1.0,-1,90.70456,0.8363636,,,0.65,57.78887,66.78012,-1.0,0.66307485,98.5,75.14825,76.37931,487mnSNu6t,100.0,92.9375,,,,,,com.sec.android.app.shealth,82.294205,86.37659,68.127884,27105000,,,,,,100.225945,67.456055,9b28db4f-b7cc-4a3e-a2a4-5152c25b5c50,61.382767,2025-02-10 00:00:00.000,0,,,
-1,51.38127,62920010,72.03,,,75.17572,,,195.0,5512260,99.15895,1739256600000,,,58.893658,55.79399,-1,1836051,,62920010,1.5767975,2025-02-11 10:16:51.840,2025-02-11 10:16:51.840,79.52448,1,4.5055556,,,135.32925,-1,90.737656,0.47246376,,,1.0833334,75.17572,63.48869,99.06836,0.6607142,94.16667,76.10099,75.63342,487mnSNu6t,85.2121,86.4375,,,,,,com.sec.android.app.shealth,81.83252,99.15895,75.64028,25545000,,,,,,101.58195,68.28975,ac9e42f0-5cb9-4ba1-90ed-99e7c7ff80cd,61.993324,2025-02-11 00:00:00.000,0,,,
-1,55.122253,62920010,42.82452,,,85.06752,,,195.0,7957532,91.37198,1739430660000,,,58.40311,55.32926,-1,255072,,62920010,1.5640376,2025-02-13 10:36:45.698,2025-02-13 10:36:45.698,81.52901,1,4.547222,,,129.59116,-1,91.2231,0.8070652,,,1.05,85.06752,59.9262,94.50224,0.6260855,94.5,81.05128,81.65666,487mnSNu6t,81.49363,86.72917,,,,,,com.sec.android.app.shealth,81.91226,91.37198,95.93002,25615000,,,,,,108.64525,72.617424,dc8c27eb-13d5-4244-970a-1b7aa16c5d81,61.47696,2025-02-13 00:00:00.000,0,,,
-1,41.183956,62920010,57.105988,,,92.60573,,,195.0,695547,97.88321,1739701920000,,,59.227383,56.11015,-1,0,,62920010,1.0969973,2025-02-16 13:57:15.046,2025-02-16 13:57:15.046,83.26918,1,4.6583333,,,-1.0,-1,86.98963,0.50292397,,,1.9833333,92.60573,59.183434,-1.0,0.928073,85.16667,80.16444,76.37931,487mnSNu6t,84.25771,84.416664,,,,,,com.sec.android.app.shealth,84.83127,97.88321,83.53998,24990000,,,,,,107.37765,71.84263,4b45c866-ee6e-49b7-9948-4e72b40aa943,62.344612,2025-02-16 00:00:00.000,0,,,
-1,46.007057,62920010,63.384087,,,77.766464,,,195.0,1186277,96.938614,1739864700000,,,56.894768,53.900303,-1,0,,62920010,1.0604856,2025-02-18 11:13:18.504,2025-02-18 11:13:18.504,80.51299,1,4.9500003,,,-1.0,-1,86.94373,0.4219949,,,1.2333333,77.766464,60.558052,-1.0,0.931347,92.66667,88.50292,76.37931,487mnSNu6t,89.03641,85.99999,,,,,,com.sec.android.app.shealth,85.13338,96.938614,86.501495,25440000,,,,,,119.33142,79.11953,6b8753ea-52fb-4699-b0d4-d55e61943364,59.88923,2025-02-18 00:00:00.000,0,,,
-1,55.734726,62920010,78.632484,,,84.19571,,,195.0,2176026,83.73059,1739949060000,,,56.499676,53.52601,-1,0,,62920010,0.9948741,2025-02-19 10:33:47.552,2025-02-19 10:33:47.552,81.49895,1,4.7333336,,,-1.0,-1,87.52896,0.75202155,,,1.0,84.19571,58.22568,-1.0,0.88960046,95.0,84.88744,76.37931,487mnSNu6t,84.285515,83.458336,,,,,,com.sec.android.app.shealth,86.05316,83.73059,74.90333,24645000,,,,,,114.138756,75.96655,43798839-a3f4-4028-9944-c7d61b5d2784,59.473343,2025-02-19 00:00:00.000,0,,,
-1,60.99115,62920010,84.28146,,,64.85053,,,195.0,2667487,82.688354,1740034800000,,,57.48355,54.4581,-1,0,,62920010,0.9443822,2025-02-20 10:25:50.781,2025-02-20 10:25:50.781,76.11154,1,4.645833,,,-1.0,-1,86.53714,0.992268,,,0.53333336,64.85053,64.06884,-1.0,0.9603512,99.66667,77.93473,76.37931,487mnSNu6t,84.4301,84.291664,,,,,,com.sec.android.app.shealth,86.760994,82.688354,68.15619,24945000,,,,,,104.19495,69.89366,92989b76-3c77-4423-bf9b-c92ade54b790,60.509003,2025-02-20 00:00:00.000,0,,,
-1,90.63942,62930070,85.30858,,,66.21002,,,195.0,4452102,94.19551,1740119010000,,,58.27463,55.207542,-1,167000,,62930070,0.93820167,2025-02-21 09:42:35.518,2025-02-21 09:42:35.518,79.03608,1,4.403333,,,127.67067,-1,86.17154,0.96755993,,,0.48333332,66.21002,64.67257,92.974,0.98643017,85.16667,77.12,79.83448,487mnSNu6t,81.138275,82.25,,,,,,com.sec.android.app.shealth,86.84764,94.19551,73.945274,24210000,,,,,,103.03345,69.18117,33b8b166-7e28-41fe-9a32-e0528668dd65,61.341717,2025-02-21 00:00:00.000,0,,,
-1,44.08086,62930070,60.00508,,,65.91586,,,195.0,990295,97.69463,1740384750000,,,59.611053,56.47363,-1,0,,62930070,0.2976109,2025-02-24 11:43:59.502,2025-02-24 11:43:59.502,74.39955,1,4.116667,,,-1.0,-1,93.089485,0.92742926,,,1.4333334,65.91586,66.21724,-1.0,0.49295035,90.66667,76.43798,76.37931,487mnSNu6t,80.99701,78.700005,,,,,,com.sec.android.app.shealth,95.82788,97.69463,79.910835,22932000,,,,,,102.06179,68.58459,5675d919-2740-4b2c-9f91-2093dea383b8,62.748478,2025-02-24 00:00:00.000,0,,,
-1,42.994606,62930070,58.91664,,,99.437195,,,195.0,879773,92.30067,1740553800000,,,59.81779,56.669483,-1,0,,62930070,0.36290693,2025-02-26 10:36:05.797,2025-02-26 10:36:05.797,83.270706,1,4.05,,,-1.0,-1,92.762665,0.85714287,,,1.2166667,99.437195,56.90574,-1.0,0.5162633,92.833336,77.92154,76.37931,487mnSNu6t,80.586784,77.75,,,,,,com.sec.android.app.shealth,94.91252,92.30067,90.44584,22590000,,,,,,104.17612,69.882126,8e50fe38-0f5c-4c79-b2e3-7190db086e25,62.966095,2025-02-26 00:00:00.000,0,,,
-1,87.07603,62930070,91.17287,,,83.50702,,,194.0,4111974,97.54355,1740640980000,,,59.123013,56.011276,-1,263750,,62930070,0.3855237,2025-02-27 10:47:13.748,2025-02-27 10:47:13.748,82.88542,1,4.225,,,127.24454,-1,92.86235,0.81088823,,,1.5666666,83.50702,61.14346,93.156845,0.50915223,89.33333,80.99104,81.83621,487mnSNu6t,76.97629,76.125,,,,,,com.sec.android.app.shealth,94.59546,97.54355,79.54694,22005000,,,,,,108.55913,72.56481,6ab066d9-4242-4c75-91e5-d9a71408d676,62.234753,2025-02-27 00:00:00.000,0,,,
-1,72.59457,62930070,52.34473,,,80.18945,,,194.0,6988891,98.229256,1740824010000,,,58.33262,55.262478,-1,82010,,62930070,1.4799939,2025-03-01 14:09:44.643,2025-03-01 14:09:44.643,85.0642,1,4.733333,,,127.04878,-1,93.282974,0.6268657,,,0.73333335,80.18945,61.344593,93.00027,0.47914842,97.666664,85.27814,78.076065,487mnSNu6t,92.20073,85.125,,,,,,com.sec.android.app.shealth,82.43754,98.229256,88.314766,25230000,,,,,,114.69918,76.30742,defd980e-56e8-4963-b39b-cffc57da87c9,61.402756,2025-03-01 00:00:00.000,0,,,
-1,58.91854,62930070,82.35593,,,61.93998,,,194.0,2499966,91.71704,1741080480000,,,58.13612,55.07632,-1,0,,62930070,1.4810185,2025-03-04 13:08:30.617,2025-03-04 13:08:30.617,75.95654,1,5.0499997,,,-1.0,-1,89.29433,0.93333334,,,2.7166667,61.93998,65.38988,-1.0,0.7636716,81.416664,85.04115,76.37931,487mnSNu6t,83.77143,85.03125,,,,,,com.sec.android.app.shealth,82.43114,91.71704,79.98174,25207500,,,,,,114.35922,76.10066,95237c0c-2926-444e-aa04-2775ec7cb52a,61.195915,2025-03-04 00:00:00.000,0,,,
-1,54.98005,62930070,77.7499,,,84.558105,,,194.0,2099241,95.09236,1741161240000,,,59.046112,55.938423,-1,0,,62930070,1.4900291,2025-03-05 11:19:50.081,2025-03-05 11:19:50.081,81.50966,1,5.2416663,,,-1.0,-1,91.57501,0.96327686,,,2.0,84.558105,60.73729,-1.0,0.600983,85.0,82.31646,76.37931,487mnSNu6t,80.97219,84.895836,,,,,,com.sec.android.app.shealth,82.37482,95.09236,79.39975,25162500,,,,,,110.45513,73.722404,29f4fb6d-473b-41ed-b756-e600aac31ef7,62.153805,2025-03-05 00:00:00.000,0,,,
-1,62.88328,62930070,85.814316,,,84.82123,,,194.0,2777230,97.581635,1741249140000,,,58.89283,55.79321,-1,0,,62930070,1.5102012,2025-03-06 11:44:37.783,2025-03-06 11:44:37.783,80.085365,1,5.4874997,,,-1.0,-1,94.36733,0.49854228,,,2.6,84.82123,60.498055,-1.0,0.40179715,82.0,83.78597,76.37931,487mnSNu6t,73.30501,84.645836,,,,,,com.sec.android.app.shealth,82.24874,97.581635,87.87029,25072500,,,,,,112.55968,75.00533,1d3a3589-d1c6-4093-a50a-f3115c9f5eb2,61.992455,2025-03-06 00:00:00.000,0,,,
-1,61.892727,62930070,49.36555,,,63.293015,,,194.0,7292010,82.201904,1741330740000,,,59.85079,56.70075,-1,308502,,62930070,1.4224392,2025-03-07 10:30:38.214,2025-03-07 10:30:38.214,72.379074,1,5.2,,,127.80788,-1,90.49437,0.97720796,,,1.1333333,63.293015,67.03435,93.60744,0.678069,93.66667,80.89286,82.76211,487mnSNu6t,77.760414,82.416664,,,,,,com.sec.android.app.shealth,82.79726,82.201904,70.28555,24270000,,,,,,108.418724,72.47905,b3f95eb5-2533-4d19-b981-ef9d2fe8c3e3,63.00083,2025-03-07 00:00:00.000,0,,,
-1,54.43563,62930070,76.78881,,,81.591156,,,194.0,5184373,89.969574,1741509720000,,,60.12456,56.96011,-1,1830128,,62930070,0.6610934,2025-03-09 12:21:34.607,2025-03-09 12:21:34.607,80.80768,1,5.1033335,,,134.92596,-1,90.64206,0.20627803,,,1.2666667,81.591156,62.7855,99.30089,0.6675326,92.33333,77.7103,75.755974,487mnSNu6t,83.61572,78.299995,,,,,,com.sec.android.app.shealth,90.73233,89.969574,72.25614,22788000,,,,,,103.87488,69.6974,42dea7cc-f5ce-4e38-b11a-26924bd5ae90,63.289013,2025-03-09 00:00:00.000,0,,,
-1,38.03205,62930070,53.95409,,,77.977615,,,194.0,374854,82.67694,1741680840000,,,59.776722,56.630577,-1,0,,62930070,0.6799183,2025-03-11 11:27:31.854,2025-03-11 11:27:31.854,77.33916,1,4.8433332,,,-1.0,-1,93.631134,0.9322034,,,1.35,77.977615,63.55914,-1.0,0.45431253,91.5,74.63206,76.37931,487mnSNu6t,86.26465,78.566666,,,,,,com.sec.android.app.shealth,90.46843,82.67694,65.346886,22884000,,,,,,99.4918,67.004234,c1637027-4b80-424e-8a57-cd271a4926a7,62.922867,2025-03-11 00:00:00.000,0,,,
-1,56.06373,62930070,79.01725,,,85.17935,,,194.0,2209501,93.75203,1741935600000,,,59.2553,56.1366,-1,0,,62930070,0.61958766,2025-03-14 10:26:47.685,2025-03-14 10:26:47.685,82.39056,1,4.6000004,,,-1.0,-1,94.267365,0.91573036,,,1.0666667,85.17935,60.77736,-1.0,0.40892807,94.33333,73.112114,76.37931,487mnSNu6t,82.777,82.5,,,,,,com.sec.android.app.shealth,91.31419,93.75203,82.36637,24300000,,,,,,97.331955,65.67342,5b53a9ca-04f3-46c4-80d4-ef961ab975cc,62.374,2025-03-14 00:00:00.000,0,,,
-1,48.264347,62930070,67.34392,,,88.63057,,,194.0,1415947,98.28089,1742198220000,,,57.984177,54.932377,-1,0,,62930070,0.41699976,2025-03-17 11:28:24.561,2025-03-17 11:28:24.561,82.56135,1,4.4666667,,,-1.0,-1,95.55461,0.90841585,,,1.2166667,88.63057,58.771427,-1.0,0.31710488,92.833336,74.76609,76.37931,487mnSNu6t,82.42551,80.166664,,,,,,com.sec.android.app.shealth,94.154205,98.28089,77.27174,23460000,,,,,,99.682365,67.12156,49978fbe-cda0-47a6-8f11-a4496057b6f3,61.035976,2025-03-17 00:00:00.000,0,,,
-1,45.614902,62930070,62.69616,,,84.50299,,,194.0,1146377,89.154526,1742293020000,,,56.15353,53.19808,-1,0,,62930070,1.2760131,2025-03-18 14:50:52.467,2025-03-18 14:50:52.467,82.50079,1,4.805556,,,-1.0,-1,89.652,0.32216015,,,1.3333334,84.50299,57.778145,-1.0,0.7381575,91.666664,76.70967,76.37931,487mnSNu6t,90.350494,88.083336,,,,,,com.sec.android.app.shealth,83.71242,89.154526,70.92185,25940000,,,,,,102.44879,68.822266,c7c2a79d-00e3-4123-8a06-f3694f6f13a4,59.10898,2025-03-18 00:00:00.000,0,,,
-1,63.704384,62930070,59.499413,,,71.130684,,,194.0,6260933,99.80513,1742367660000,,,56.871967,53.878708,-1,862462,,62930070,1.1357434,2025-03-19 10:27:41.217,2025-03-19 10:27:41.217,82.23872,1,4.5333333,,,131.34132,-1,88.864426,0.68686867,,,0.41666666,71.130684,62.133987,96.433685,0.7943377,85.833336,76.67365,98.83502,487mnSNu6t,94.49046,85.8125,,,,,,com.sec.android.app.shealth,84.5891,99.80513,76.56567,25395000,,,,,,102.39751,68.79073,462f96fc-df79-41d6-97ac-ad4cdabbfa13,59.86523,2025-03-19 00:00:00.000,0,,,
-1,68.12239,62930070,91.05342,,,85.4563,,,194.0,3081098,97.79358,1742542080000,,,56.087296,53.135334,-1,0,,62930070,0.9828388,2025-03-21 10:34:10.277,2025-03-21 10:34:10.277,85.97712,1,4.55,,,-1.0,-1,89.005035,0.70223325,,,0.75,85.4563,57.473484,-1.0,0.784308,97.5,75.93201,76.37931,487mnSNu6t,88.5021,88.75,,,,,,com.sec.android.app.shealth,86.221886,97.79358,79.22548,26100000,,,,,,101.34135,68.14191,b1b95075-f172-4896-b84d-c7165319d9d8,59.03926,2025-03-21 00:00:00.000,0,,,
-1,34.625973,62930070,46.152428,,,47.466568,,,194.0,7618932,51.606834,1742655120000,,,58.986134,55.8816,-1,1645645,,62930070,2.7382762,2025-03-22 17:54:27.526,2025-03-22 17:54:27.526,60.31304,1,5.24,,,133.80307,-1,80.53209,0.16140777,,,1.1333333,47.466568,74.296295,98.40275,1.548067,93.66667,68.354485,79.57286,487mnSNu6t,97.03502,91.8,,,,,,com.sec.android.app.shealth,74.52143,51.606834,44.88854,30768000,,,,,,90.59095,61.503223,779eeba9-3334-4ba0-9699-34d6bb4f317c,62.090668,2025-03-22 00:00:00.000,0,,,
-1,42.38433,62930070,58.306374,,,86.47574,,,194.0,817680,93.3982,1742727780000,,,58.63527,55.549202,-1,0,,62930070,2.5121326,2025-03-23 14:36:31.628,2025-03-23 14:36:31.628,85.656525,1,5.438889,,,-1.0,-1,81.1541,0.20433997,,,1.8333333,86.47574,59.874687,-1.0,1.4815116,86.66667,70.08054,76.37931,487mnSNu6t,100.0,90.125,,,,,,com.sec.android.app.shealth,75.98667,93.3982,79.38706,31170000,,,,,,93.03308,63.016968,f58e78fa-68d6-42c3-b95c-77006393c36f,61.721336,2025-03-23 00:00:00.000,0,,,
-1,42.88362,62930070,58.805664,,,93.30928,,,194.0,868481,90.619,1742891100000,,,59.449085,56.320183,-1,0,,62930070,2.7459345,2025-03-25 11:53:17.458,2025-03-25 11:53:17.458,85.930244,1,5.456667,,,-1.0,-1,80.240875,0.8962963,,,1.6666667,93.30928,59.111465,-1.0,1.5792263,88.33333,71.28704,76.37931,487mnSNu6t,94.772545,90.95,,,,,,com.sec.android.app.shealth,74.46774,90.619,85.16649,30972000,,,,,,94.742455,64.07451,3f6b4d84-75c9-46fc-b56c-8ebb6dfa7ac2,62.577984,2025-03-25 00:00:00.000,0,,,
-1,72.68534,62930070,54.832176,,,79.94133,,,194.0,6735804,96.46442,1743059100000,,,59.558903,56.42422,-1,243388,,62930070,2.7410989,2025-03-27 10:26:17.751,2025-03-27 10:26:17.751,84.75127,1,5.4666667,,,129.45107,-1,80.34302,0.96733665,,,0.45,79.94133,62.711975,94.92175,1.568297,85.5,71.208565,81.414925,487mnSNu6t,92.07947,90.850006,,,,,,com.sec.android.app.shealth,74.50165,96.46442,76.14515,30996000,,,,,,94.63121,64.00574,e52eee66-6b39-44e5-a301-3be4c2813cc7,62.69358,2025-03-27 00:00:00.000,0,,,
-1,72.69143,62930070,93.3824,,,95.51277,,,194.0,3216179,92.86429,1743146490000,,,59.751747,56.60692,-1,96000,,62930070,2.886788,2025-03-28 10:50:08.248,2025-03-28 10:50:08.248,85.707726,1,5.536667,,,127.13542,-1,80.863976,0.73170733,,,1.55,95.51277,58.48846,93.06957,1.5125549,89.5,71.72358,78.36552,487mnSNu6t,80.57169,93.575,,,,,,com.sec.android.app.shealth,73.48045,92.86429,82.13211,30342000,,,,,,95.36145,64.45704,e12cdc75-4393-474b-9c25-4795372c371c,62.896576,2025-03-28 00:00:00.000,0,,,
-1,49.953674,62930070,70.307396,,,87.359955,,,194.0,1587829,96.919525,1743329460000,,,56.48,53.50737,-1,0,,62930070,1.1840428,2025-03-30 13:42:29.064,2025-03-30 13:42:29.064,84.40302,1,4.7333336,,,-1.0,-1,90.0694,0.58518517,,,1.1833334,87.359955,57.49863,-1.0,0.70838255,93.166664,82.71019,76.37931,487mnSNu6t,89.546005,85.71875,,,,,,com.sec.android.app.shealth,84.28723,96.919525,87.86422,25372500,,,,,,111.01875,74.0662,e5064158-df99-4f08-a097-ee78374efc80,59.452633,2025-03-30 00:00:00.000,0,,,
-1,44.135002,62930070,60.100067,,,91.83432,,,194.0,995804,92.96179,1743406590000,,,55.813297,52.875755,-1,0,,62930070,1.0714346,2025-03-31 11:22:33.356,2025-03-31 11:22:33.356,85.10162,1,4.6433334,,,-1.0,-1,90.76633,0.35884568,,,0.96666664,91.83432,55.94366,-1.0,0.6586688,95.33333,81.67532,76.37931,487mnSNu6t,92.405594,84.666664,,,,,,com.sec.android.app.shealth,84.991035,92.96179,77.56421,25080000,,,,,,109.53773,73.162506,f359ed3a-0552-4110-97dc-c797253871df,58.75084,2025-03-31 00:00:00.000,0,,,
-1,79.72247,62930070,63.072487,,,78.32616,,,194.0,6031796,99.69099,1743491400000,,,55.844486,52.905304,-1,368563,,62930070,1.0802134,2025-04-01 10:21:52.196,2025-04-01 10:21:52.196,84.349915,1,4.41,,,128.11157,-1,90.39313,0.79746836,,,0.5833333,78.32616,59.275642,93.85034,0.6852899,99.166664,80.94715,84.00475,487mnSNu6t,88.77299,84.333336,,,,,,com.sec.android.app.shealth,84.936165,99.69099,81.43709,24960000,,,,,,108.49635,72.52648,40a99dc8-8c46-4470-b70a-8a2d7faf48bd,58.783672,2025-04-01 00:00:00.000,0,,,
-1,95.05017,62950170,79.83905,5.2773466,4.999664,77.63464,629097,60000,194.0,3403729,93.13574,1743577560000,-1.0,0.0,55.976894,53.03074,-1,0,,62950170,1.0655448,2025-04-02 10:36:10.393,2025-04-02 10:36:10.393,82.331276,2,4.3694444,3886418,0,-1.0,-1,91.138504,0.85754985,3094093,1894174,1.25,77.63464,59.61991,-1.0,0.63211995,92.5,80.13928,89.216675,487mnSNu6t,80.961815,82.52778,1.0555403,2.65,0.0,-1.0,0.0,com.sec.android.app.shealth,85.06246,93.13574,76.21924,24310000,,,95.00137,8433734,0,107.341705,71.82067,11f9d98a-914d-40ff-92d6-af1096dc1cfc,58.923046,2025-04-02 00:00:00.000,0,1.1666666,0.8333333,
-1,55.728188,62950170,62.751915,2.5982854,4.2716994,82.85385,397209,60000,194.0,441554,97.773254,1743754410000,-1.0,0.0,54.98409,52.09019,-1,0,,62950170,1.0642238,2025-04-04 11:48:35.556,2025-04-04 11:48:35.556,82.81789,2,4.5200005,3127939,0,-1.0,-1,91.20625,0.7640967,2397926,1372718,0.98333335,82.85385,57.052116,-1.0,0.62728685,95.16667,81.55647,95.58121,487mnSNu6t,85.341286,85.95,0.6082557,2.65,0.0,-1.0,0.0,com.sec.android.app.shealth,85.08098,97.773254,85.187416,25428000,,,69.74301,6960102,0,109.36769,73.05872,0c63cc1a-6544-461c-8d39-d13acf381294,57.87799,2025-04-04 00:00:00.000,0,1.1666666,0.8333333,
-1,60.092644,62950170,38.843227,6.25906,5.1491404,81.03447,786159,60000,194.0,5893066,89.6217,1743845790000,138.6696,103.52082,54.92727,52.03636,-1,677097,,62950170,1.1454561,2025-04-05 13:36:33.197,2025-04-05 13:36:33.197,84.04982,2,4.641667,4040089,0,136.67213,-1,91.11254,0.54458296,3128431,1892637,0.9166667,81.03447,57.519127,86.70487,0.6339725,95.83333,84.96815,90.17596,487mnSNu6t,94.11392,90.02083,1.2155544,2.65,0.0,220.0,100.88,com.sec.android.app.shealth,84.5284,89.6217,104.290474,26405000,,,82.06674,8627713,0,114.25452,76.03697,d1122c56-d321-45bb-8c98-88d5b2ee8cf8,57.81818,2025-04-05 00:00:00.000,0,1.1666666,0.8333333,
-1,52.781296,62950170,77.30458,8.484404,5.799859,59.68667,1127462,306356,194.0,4174546,82.467926,1743934110000,154.09116,115.33863,55.846146,52.90687,-1,1962884,,62950170,1.1888921,2025-04-06 13:33:27.767,2025-04-06 13:33:27.767,77.30185,2,4.619445,4781385,0,135.83243,-1,91.611084,0.6866485,3638957,2246991,0.96666664,59.68667,63.30203,99.13487,0.5984096,95.33333,82.08031,61.04377,487mnSNu6t,98.56441,90.45834,1.4628638,2.65,0.0,220.0,100.88,com.sec.android.app.shealth,84.25693,82.467926,71.49333,26510000,,,63.34226,9833208,0,110.11715,73.516205,52ec06fb-0c8e-4463-86a9-90962ac08588,58.785416,2025-04-06 00:00:00.000,0,1.1666666,0.8333333,
-1,77.831566,62950170,84.458496,5.574108,5.308944,54.88015,908176,156570,194.0,1917945,78.765656,1744012740000,-1.0,0.0,57.653015,54.618645,-1,0,,62950170,1.1468093,2025-04-07 11:09:35.838,2025-04-07 11:09:35.838,77.14908,2,4.627778,4252822,0,-1.0,-1,91.67285,0.89269406,3226589,1952442,0.68333334,54.88015,67.35549,-1.0,0.59400296,98.16667,80.11277,80.833694,487mnSNu6t,99.141235,92.10416,1.0499467,2.65,0.0,-1.0,0.0,com.sec.android.app.shealth,84.51994,78.765656,67.0561,26905000,,,95.50479,8896542,0,107.30384,71.797485,e3a64396-68bd-4d5a-8968-bb14aee782e5,60.687386,2025-04-07 00:00:00.000,0,1.1666666,0.8333333,
-1,62.575813,62950170,70.289856,3.399459,4.781137,72.21634,635963,60000,194.0,881863,83.25314,1744100430000,-1.0,0.0,58.321087,55.251553,-1,0,,62950170,1.09108,2025-04-08 11:30:27.514,2025-04-08 11:30:27.514,80.11012,2,4.775,3648089,0,-1.0,-1,93.1738,0.8474971,2783231,1635758,1.1833334,72.21634,63.495018,-1.0,0.48693582,93.166664,77.83412,86.81357,487mnSNu6t,92.17524,93.541664,0.71101475,2.65,0.0,-1.0,0.0,com.sec.android.app.shealth,84.86825,83.25314,68.49073,27250000,,,77.66089,7889486,0,104.05145,69.805695,5b502eb7-00b0-42ed-8f5f-047e7b71b93d,61.390617,2025-04-08 00:00:00.000,0,1.1666666,0.8333333,
-1,64.6815,62950170,87.325096,2.7241135,4.377681,84.33214,447244,60000,194.0,1475113,88.49562,1744182720000,-1.0,0.0,58.404503,55.33058,-1,0,,62950170,0.939772,2025-04-09 10:28:05.974,2025-04-09 10:28:05.974,84.32106,2,4.7388887,3205192,0,-1.0,-1,92.4825,0.46786633,2444327,1393684,0.71666664,84.33214,60.14676,-1.0,0.53624797,97.833336,76.87049,93.35087,487mnSNu6t,89.35933,95.125,0.6222732,2.65,0.0,-1.0,0.0,com.sec.android.app.shealth,86.82563,88.49562,70.72975,27630000,,,71.00459,7119692,0,102.67792,68.96293,1f71e92b-2b31-42f0-8f8f-63fc67092e3a,61.478424,2025-04-09 00:00:00.000,0,1.1666666,0.8333333,
-1,85.53662,62950170,74.567276,3.258669,3.9846337,96.058914,283557,60000,194.0,2454684,94.07285,1744456620000,-1.0,0.0,59.30304,56.181824,-1,0,,62950170,1.2460003,2025-04-12 14:43:37.289,2025-04-12 14:43:37.289,92.83854,2,5.003333,2716087,0,-1.0,-1,87.514175,0.8505155,1962733,1006421,1.5833333,96.058914,57.821953,-1.0,0.89065534,89.16667,71.39903,99.438034,487mnSNu6t,91.288605,99.45,0.8178089,2.65,0.0,-1.0,0.0,com.sec.android.app.shealth,83.9,94.07285,79.89576,28668000,,,84.068535,6218322,0,94.90125,64.17266,319e21a2-afc8-4f3f-95ba-5cfee29bf643,62.42425,2025-04-12 00:00:00.000,0,1.1666666,0.8333333,
-1,62.518784,62950170,90.618454,2.2995281,3.642835,91.66909,120000,60000,194.0,965079,98.80897,1744533720000,-1.0,0.0,58.404945,55.330997,-1,0,,62950170,1.1140467,2025-04-14 03:16:47.063,2025-04-14 03:16:47.063,92.06597,2,4.8066664,2331017,0,-1.0,-1,87.9982,0.9979798,1675622,801342,0.45,91.66909,58.575222,-1.0,0.85612833,85.5,71.780266,91.432175,487mnSNu6t,100.0,96.675,0.63124686,2.65,0.0,-1.0,0.0,com.sec.android.app.shealth,84.72471,98.80897,73.422585,28002000,,,71.81221,5566171,0,95.44183,64.50673,a4e4fbf8-6bf3-4684-95fb-3a43b9efa321,61.47889,2025-04-13 00:00:00.000,0,1.1666666,0.8333333,
-1,46.756348,62950170,76.234566,1.2776058,3.169773,95.656876,120000,60000,194.0,184092,96.59955,1744617480000,-1.0,0.0,56.014355,53.06623,-1,0,,62950170,1.3500247,2025-04-14 11:23:53.763,2025-04-14 11:23:53.763,84.475,2,4.943333,1840230,0,-1.0,-1,88.454445,0.65254235,1278250,517505,2.0666666,95.656876,54.773438,-1.0,0.823583,84.666664,74.21026,80.637794,487mnSNu6t,83.892075,92.47499,0.40305907,2.65,0.0,-1.0,0.0,com.sec.android.app.shealth,83.24985,96.59955,79.201324,26994000,,,55.026512,4663569,0,98.892105,66.63499,b7118c40-2533-41b7-b8e4-19473f960edc,58.96248,2025-04-14 00:00:00.000,0,1.1666666,0.8333333,
-1,67.2482,62950170,79.467354,1.6207557,3.0873742,78.04799,120000,60000,194.0,1414012,99.66389,1744704810000,-1.0,0.0,55.07225,52.17371,-1,0,,62950170,1.3536412,2025-04-15 11:46:01.724,2025-04-15 11:46:01.724,82.73134,2,4.9266667,1744900,0,-1.0,-1,88.39032,0.65099883,1209035,468066,1.1333333,78.04799,58.536587,-1.0,0.8281573,93.66667,75.835754,78.39516,487mnSNu6t,87.04997,92.274994,0.5249625,2.65,0.0,-1.0,0.0,com.sec.android.app.shealth,83.22724,99.66389,76.327705,26946000,,,62.246624,4506352,0,101.2043,68.05768,a71562ba-955c-4acf-91df-6bcac81acbb7,57.97079,2025-04-15 00:00:00.000,0,1.1666666,0.8333333,
-1,37.502773,62950170,2.591342,5.71642,3.96138,79.30754,222107,60000,194.0,6139057,99.83841,1744786800000,111.495544,101.88,54.602722,51.728893,-1,462981,,62950170,1.5948492,2025-04-16 10:26:28.451,2025-04-16 10:26:28.451,76.61129,2,5.0066667,2568495,0,139.66664,-1,89.554634,0.81072557,1996771,1046040,1.7166667,79.30754,57.675556,57.98456,0.74510247,87.83333,77.14626,77.493805,487mnSNu6t,77.77781,88.675,1.4430375,2.65,0.0,220.0,100.88,com.sec.android.app.shealth,81.719696,99.83841,77.05599,26082000,,,65.12662,6227526,0,103.070885,69.20413,63de79bb-fe63-480e-b039-9146e82a6074,57.47655,2025-04-16 00:00:00.000,0,1.1666666,0.8333333,
-1,90.07227,62950170,65.283554,4.78693,3.9587736,90.707054,216236,60000,194.0,2777357,86.50906,1744874130000,-1.0,0.0,54.126156,51.277412,-1,0,,62950170,1.4561253,2025-04-17 10:26:40.546,2025-04-17 10:26:40.546,88.45245,2,4.7833333,2561080,0,-1.0,-1,88.170715,0.85481995,1994582,1044476,0.083333336,90.707054,54.466667,-1.0,0.8438228,89.16667,75.65989,97.31108,487mnSNu6t,86.504166,88.5,1.2091953,2.65,0.0,-1.0,0.0,com.sec.android.app.shealth,82.586716,86.50906,68.646675,26040000,,,82.44829,6222552,0,100.95401,67.9038,1199929b-7717-4de3-aefa-7c6b2349575f,56.974903,2025-04-17 00:00:00.000,0,1.1666666,0.8333333,
-1,95.2395,62950170,63.182545,4.5137157,4.1572146,68.98235,309236,60000,194.0,3053160,99.50113,1744973670000,-1.0,0.0,54.535713,51.66541,-1,0,,62950170,1.5367806,2025-04-18 14:28:10.679,2025-04-18 14:28:10.679,83.34395,2,4.990476,2771620,0,-1.0,-1,86.94103,0.41391614,2161272,1163541,1.5666666,68.98235,59.992664,-1.0,0.9315398,89.33333,75.78099,98.23448,487mnSNu6t,90.380905,93.01785,1.0857548,2.65,0.0,-1.0,0.0,com.sec.android.app.shealth,82.08262,99.50113,76.511635,27124285,,,92.282074,6601177,0,101.12634,68.00976,8cbc3e30-30d3-48a6-b64b-4470c01b08aa,57.406013,2025-04-18 00:00:00.000,0,1.1666666,0.8333333,
-1,92.11383,62950170,72.439545,3.1984293,3.5427625,74.83253,120000,60000,194.0,2351688,92.74019,1745233140000,-1.0,0.0,55.136776,52.23484,-1,0,,62950170,1.6194769,2025-04-21 14:23:36.995,2025-04-21 14:23:36.995,86.13386,2,5.01,2195525,0,-1.0,-1,85.81901,0.65920824,1853987,1003724,1.3,74.83253,59.52208,-1.0,1.0115772,92.0,77.21217,92.34997,487mnSNu6t,97.979126,95.725006,0.9028066,2.65,0.0,-1.0,0.0,com.sec.android.app.shealth,81.56577,92.74019,88.836914,27774000,,,91.252594,5637658,0,103.1648,69.26177,ea516f0c-bd2c-49cd-af6b-43313b1b5ba0,58.03871,2025-04-21 00:00:00.000,0,1.1666666,0.8333333,
-1,68.43405,62950170,94.686615,2.4298396,3.4214866,80.8246,120000,60000,194.0,1196100,97.78138,1745307480000,-1.0,0.0,54.961876,52.069145,-1,0,,62950170,1.8438531,2025-04-22 11:02:35.493,2025-04-22 11:02:35.493,83.3716,2,5.05,2061827,0,-1.0,-1,85.965744,0.9698795,1752115,930958,2.1,80.8246,57.61607,-1.0,1.0011104,84.5,78.2717,88.46126,487mnSNu6t,85.89131,91.05,0.71017075,2.65,0.0,-1.0,0.0,com.sec.android.app.shealth,80.16342,97.78138,81.710266,26652000,,,77.610245,5406264,0,104.67555,70.1883,f64e1ccf-19e7-4a8d-ad62-f71caaa922f5,57.854607,2025-04-22 00:00:00.000,0,1.1666666,0.8333333,
-1,64.770905,62950170,96.920784,1.9597101,3.1523042,64.86115,120000,60000,194.0,1072498,76.525085,1745396010000,-1.0,0.0,55.824978,52.886818,-1,0,,62950170,1.6224073,2025-04-23 11:43:32.820,2025-04-23 11:43:32.820,74.2912,2,5.1800003,2074306,0,-1.0,-1,86.790985,0.38033634,1528427,771874,1.7833333,64.86115,62.21818,-1.0,0.9422431,87.166664,74.76003,86.885635,487mnSNu6t,81.891205,94.524994,0.62167543,2.65,0.0,-1.0,0.0,com.sec.android.app.shealth,81.547455,76.525085,61.25334,27486000,,,70.95078,4895088,0,99.67376,67.11628,3760b291-7554-45f6-821e-74feec4cbb5c,58.763134,2025-04-23 00:00:00.000,0,1.1666666,0.8333333,
-1,80.67913,62950170,69.80252,2.155717,2.9602845,83.173904,120000,60000,194.0,1693241,87.65805,1745480940000,-1.0,0.0,56.620747,53.64071,-1,0,,62950170,1.6127048,2025-04-24 10:54:14.550,2025-04-24 10:54:14.550,85.89914,2,5.27,1920703,0,-1.0,-1,88.71672,0.30022573,1214918,504450,0.43333334,83.173904,58.654953,-1.0,0.804874,85.666664,74.696175,87.801544,487mnSNu6t,91.018524,95.15001,0.7282128,2.65,0.0,-1.0,0.0,com.sec.android.app.shealth,81.60809,87.65805,68.35411,27636000,,,78.692764,4376502,0,99.58298,67.06036,dc05f21a-4d1a-40a6-ba29-d00ed9e0ec2c,59.60079,2025-04-24 00:00:00.000,0,1.1666666,0.8333333,
-1,94.96677,62950170,43.663048,2.8833096,2.9568129,55.40052,120000,60000,194.0,2314100,76.29013,1745666100000,-1.0,0.0,58.03351,54.979115,-1,0,,62950170,1.9215128,2025-04-26 14:51:14.771,2025-04-26 14:51:14.771,78.188324,2,5.213333,1863476,0,-1.0,-1,89.5894,0.9103774,926553,216918,0.65,55.40052,67.42825,-1.0,0.74262285,98.5,70.64293,90.34036,487mnSNu6t,97.787125,98.925,0.97514105,2.65,0.0,-1.0,0.0,com.sec.android.app.shealth,79.67805,76.29013,57.88674,28542000,,,97.762695,4084429,0,93.82961,63.50997,10dae6c5-bab0-444d-9d15-9fef3df031b7,61.087906,2025-04-26 00:00:00.000,0,1.1666666,0.8333333,
-1,77.00285,62950170,81.956825,2.8430848,3.1496148,83.609665,120000,60000,194.0,1203525,98.054,1745824380000,-1.0,0.0,58.143047,55.082886,-1,0,,62950170,1.8192613,2025-04-29 01:39:57.623,2025-04-29 01:39:57.623,87.739944,2,4.8366666,2025091,0,-1.0,-1,90.85091,0.5421348,1088507,332599,1.2833333,83.609665,60.09859,-1.0,0.6526356,92.16667,67.31943,93.1456,487mnSNu6t,92.7649,87.675,0.902677,2.65,0.0,-1.0,0.0,com.sec.android.app.shealth,80.317116,98.054,69.815475,25842000,,,91.24094,4452295,0,89.12848,60.595024,6f4c0ec5-4e51-44c4-8e65-c2307efc7b40,61.20321,2025-04-28 00:00:00.000,0,1.1666666,0.8333333,
-1,68.07937,62950170,70.17012,2.0564284,2.821853,94.4232,120000,60000,194.0,914236,88.64771,1745911620000,-1.0,0.0,58.082787,55.025795,-1,0,,62950170,1.6656698,2025-04-29 10:40:32.575,2025-04-29 10:40:32.575,87.65414,2,4.6866665,1661247,0,-1.0,-1,90.0188,0.566416,466579,60000,0.8,94.4232,57.298893,-1.0,0.7119924,97.0,67.63816,89.992004,487mnSNu6t,87.788284,91.02501,0.7287511,2.65,0.0,-1.0,0.0,com.sec.android.app.shealth,81.27706,88.64771,83.662994,26646000,,,78.72507,3480319,0,89.57867,60.874725,a6f83006-0683-487e-be1f-22c2b7f5a43a,61.139774,2025-04-29 00:00:00.000,0,1.1666666,0.8333333,
-1,89.18327,62950170,27.421375,2.8152065,2.912458,58.132767,120000,60000,194.0,2573269,76.11508,1745998500000,-1.0,0.0,59.096024,55.985706,-1,0,,62950170,1.6983327,2025-04-30 11:01:41.688,2025-04-30 11:01:41.688,74.688194,2,4.5833335,1768865,0,-1.0,-1,90.238235,0.9703504,542688,60000,1.4,58.132767,67.55102,-1.0,0.69633955,91.0,65.99053,94.376144,487mnSNu6t,82.36776,90.25,0.96660846,2.65,0.0,-1.0,0.0,com.sec.android.app.shealth,81.07292,76.11508,54.14765,26460000,,,96.99476,3653193,0,87.253044,59.42848,637f2e2e-8f4b-4559-94f9-80c342432f6f,62.20634,2025-04-30 00:00:00.000,0,1.1666666,0.8333333,
-1,91.93858,62950170,35.572945,2.2357795,2.721599,74.34198,120000,60000,194.0,1968533,86.63783,1746183330000,-1.0,0.0,58.415035,55.34056,-1,0,,62950170,1.8148432,2025-05-02 14:26:09.224,2025-05-02 14:26:09.224,82.138245,2,5.05,1590515,0,-1.0,-1,86.55051,0.63932896,382366,60000,1.9833333,74.34198,55.07082,-1.0,0.9593978,85.16667,69.666534,88.9797,487mnSNu6t,86.3295,94.925,0.8214948,2.65,0.0,-1.0,0.0,com.sec.android.app.shealth,80.34473,86.63783,89.63483,27582000,,,84.28969,3289034,0,92.44697,62.653976,b1cc9a4a-2d1f-4b92-9dbc-b79198f8fe51,61.489513,2025-05-02 00:00:00.000,0,1.1666666,0.8333333,
-1,26.543674,62950170,1.0,6.238279,3.7711082,75.70117,481648,60000,194.0,7373360,91.446686,1746255480000,-1.0,0.0,57.312557,54.29611,-1,0,,62950170,1.318981,2025-05-03 21:48:01.885,2025-05-03 21:48:01.885,73.13523,2,4.753333,2600859,0,-1.0,-1,87.95299,0.5451505,936673,60000,1.9833333,75.70117,61.625732,-1.0,0.85935366,85.16667,71.865234,84.77233,487mnSNu6t,79.74776,80.38333,1.6542296,2.65,0.0,-1.0,0.0,com.sec.android.app.shealth,83.44387,91.446686,67.61658,23538000,,,52.08735,4964217,0,95.56238,64.58118,3754b7a8-412c-443b-b308-647ede8cb88a,60.32901,2025-05-03 00:00:00.000,0,1.1666666,0.8333333,
-1,56.57621,62950170,39.998085,6.243546,3.9867496,61.847534,542644,64069,194.0,4499145,96.07243,1746349980000,-1.0,0.0,58.11267,55.054108,-1,0,,62950170,1.2040865,2025-05-04 12:23:38.893,2025-05-04 12:23:38.893,71.762856,2,4.952778,2672302,0,-1.0,-1,87.34975,0.685422,2423225,1466405,2.7,61.847534,65.382355,-1.0,0.90238446,81.5,71.46471,82.32249,487mnSNu6t,75.05238,80.34722,1.5660743,2.65,0.0,-1.0,0.0,com.sec.android.app.shealth,84.16196,96.07243,69.49519,23525000,,,56.610107,6681074,0,94.99434,64.23021,0c06f85e-f7b5-4f7b-9a03-e3023ee93c2b,61.171234,2025-05-04 00:00:00.000,0,1.1666666,0.8333333,
-1,26.840868,62950170,1.3881854,7.966856,4.844325,84.54529,907724,224033,194.0,8271282,99.93916,1746614790000,152.89807,113.718475,57.224815,54.212982,-1,688391,,62950170,1.6775532,2025-05-07 14:09:08.796,2025-05-07 14:09:08.796,80.27382,2,5.795833,3950148,0,128.074,-1,88.940216,0.83816653,3123933,1961295,1.8666667,84.54529,58.867683,95.99208,0.7889318,86.33333,74.948845,95.870026,487mnSNu6t,86.67786,90.0625,1.644575,2.65,0.0,220.0,100.88,com.sec.android.app.shealth,81.20279,99.93916,74.91606,26415000,,,52.582672,8297673,0,99.94233,67.281525,1ab56154-c391-4e87-bcb6-c34434e9c6f0,60.23665,2025-05-07 00:00:00.000,0,1.1666666,0.8333333,
-1,75.04501,62950170,85.58772,5.2185764,4.5045576,78.566345,759391,123652,194.0,1778614,97.3577,1746691920000,-1.0,0.0,57.327553,54.31031,-1,0,,62950170,1.5779154,2025-05-08 11:38:18.602,2025-05-08 11:38:18.602,82.580795,2,5.663333,3588428,0,-1.0,-1,89.43326,0.48773843,2838528,1757434,2.0833333,78.566345,60.77736,-1.0,0.75376105,84.583336,74.59388,81.109955,487mnSNu6t,84.51494,86.4,1.1585103,2.65,0.0,-1.0,0.0,com.sec.android.app.shealth,81.82553,97.3577,73.19075,25536000,,,85.73407,7649397,0,99.43749,66.97082,d46a12d7-0d0d-4b67-8768-71e35946d38e,60.34479,2025-05-08 00:00:00.000,0,1.1666666,0.8333333,
-1,80.12108,62950170,93.02965,8.503904,7.8511376,55.33136,1799183,800838,194.0,3311610,82.83432,1747033020000,-1.0,0.0,59.967686,56.81149,-1,0,,62950170,1.344347,2025-05-12 10:04:17.177,2025-05-12 10:04:17.177,73.229904,2,5.133333,6241817,0,-1.0,-1,86.45531,0.9777778,3815945,1931672,0.95,55.33136,69.72659,-1.0,0.96618766,95.5,69.424286,65.935,487mnSNu6t,82.57202,85.125,1.083143,2.65,0.0,-1.0,0.0,com.sec.android.app.shealth,83.28533,82.83432,61.024372,25230000,,,92.517136,12200961,0,92.10412,62.44156,2fa275d9-6f59-40f4-bac0-0beabe1d2759,63.12388,2025-05-12 00:00:00.000,0,1.1666666,0.8333333,
-1,77.86669,62950170,59.099525,10.9956875,8.883076,75.12854,2280047,1089547,194.0,6804754,93.13368,1747208640000,154.36523,126.438545,62.753635,59.45081,-1,1032262,,62950170,0.23661718,2025-05-14 11:25:03.478,2025-05-14 11:25:03.478,76.74362,2,4.677778,7577771,0,133.25578,-1,92.709854,0.94011974,4560559,2428620,2.1666667,75.12854,67.66541,92.323364,0.52003086,84.166664,65.25246,83.831635,487mnSNu6t,71.219025,73.416664,1.2378243,2.65,0.0,220.0,100.88,com.sec.android.app.shealth,96.68294,93.13368,62.205814,21220000,,,80.730545,14047684,0,86.21246,58.780327,cb4b69cd-7176-4e65-9029-ea679a083ca9,66.05646,2025-05-14 00:00:00.000,0,1.1666666,0.8333333,
-1,67.03833,62950170,79.092545,7.4168615,9.087465,84.864044,2237668,990692,194.0,2009787,82.30313,1747472070000,-1.0,0.0,64.47716,61.08362,-1,0,,62950170,0.80917776,2025-05-17 13:13:32.617,2025-05-17 13:13:32.617,81.82571,2,4.688889,7786710,0,-1.0,-1,92.57138,0.8513966,4834984,2653992,1.45,84.864044,66.22006,-1.0,0.5299081,90.5,57.770622,66.165695,487mnSNu6t,82.201065,78.416664,0.81616396,2.65,0.0,-1.0,0.0,com.sec.android.app.shealth,88.65639,82.30313,50.79099,22830000,,,83.96983,14540397,0,75.7102,52.199276,34aa7923-9645-42eb-94e2-9d923be42ac8,67.87069,2025-05-17 00:00:00.000,0,1.1666666,0.8333333,
-1,62.446175,62950170,85.1886,5.2146387,8.258276,84.838,1834960,701765,194.0,2168939,90.970795,1747562460000,-1.0,0.0,63.961414,60.595024,-1,0,,62950170,1.2624158,2025-05-18 14:15:18.726,2025-05-18 14:15:18.726,85.486496,2,4.925,6877677,0,-1.0,-1,91.382805,0.9486692,4138465,2156479,1.25,84.838,65.69914,-1.0,0.61469287,92.5,56.612705,71.42157,487mnSNu6t,92.32895,84.479164,0.631444,2.65,0.0,-1.0,0.0,com.sec.android.app.shealth,83.7974,90.970795,53.276394,25012500,,,71.82996,12958303,0,74.09262,51.17892,aef14c03-f337-4d5a-8e87-b3ad13c4ee49,67.327805,2025-05-18 00:00:00.000,0,1.1666666,0.8333333,
-1,74.23744,62950170,69.59026,8.450348,8.157955,89.38515,1721889,608737,194.0,5189201,97.94606,1747735020000,138.02158,114.01062,62.378048,59.09499,-1,2487531,,62950170,1.1408204,2025-05-20 13:30:10.569,2025-05-20 13:30:10.569,85.99921,2,5.541667,6675412,0,136.53319,-1,92.117294,0.9764151,3857187,1899277,2.8833332,89.38515,63.0598,86.85962,0.5622995,80.583336,55.89435,70.10754,487mnSNu6t,83.5021,88.21875,1.0358415,2.65,0.0,220.0,100.88,com.sec.android.app.shealth,84.55737,97.94606,57.98542,25972500,,,96.77426,12569883,0,73.09019,50.545647,c6dbcd21-d73c-4ccc-9f74-6e341bb5fb13,65.6611,2025-05-20 00:00:00.000,0,1.1666666,0.8333333,
-1,73.86015,62950170,45.18267,8.838151,7.9845147,54.001152,1279500,160858,194.0,7572798,88.99122,1748332020000,129.76163,104.51101,58.305798,55.23707,-1,871734,,62950170,-1.0,2025-05-27 11:17:16.296,2025-05-27 11:17:16.296,66.21872,2,4.9333334,6257455,0,130.88528,-1,-1.0,0.9356725,3996175,2079892,2.0833333,54.001152,68.74905,84.11,-1.0,84.583336,47.90968,96.78662,487mnSNu6t,69.42993,70.5,1.1069114,2.65,0.0,220.0,100.88,com.sec.android.app.shealth,-1.0,88.99122,57.895252,20520000,,,90.37797,12523636,0,62.00854,43.492332,8ceffccd-58a2-419a-b173-5b75a1978855,61.374523,2025-05-27 00:00:00.000,0,1.1666666,0.8333333,
-1,56.15635,62950170,64.6878,11.222379,8.538363,83.32864,1427038,252563,194.0,5925802,87.16499,1748501460000,131.42096,106.285286,64.24239,60.861214,-1,2893492,,62950170,0.39166665,2025-05-29 10:13:43.132,2025-05-29 10:13:43.132,80.457535,2,4.266667,6653449,0,142.1184,-1,90.654205,0.84832907,4196804,2147597,0.36666667,83.32864,66.4981,76.488266,0.6666665,86.33333,53.177353,55.944954,487mnSNu6t,81.09161,75.916664,1.3143477,2.65,0.0,220.0,100.88,com.sec.android.app.shealth,94.50934,87.16499,48.843925,21930000,,,76.13914,13315777,0,69.3067,48.148594,7ca85721-b212-43b2-8ef5-4e5cecb9b050,67.62357,2025-05-29 00:00:00.000,0,1.1666666,0.8333333,
-1,85.132484,62950170,88.8444,8.139517,8.175787,82.412964,1218251,93650,194.0,3640792,94.98225,1748587500000,-1.0,0.0,63.85718,60.496277,-1,0,,62950170,0.33231327,2025-05-30 10:10:25.280,2025-05-30 10:10:25.280,83.91687,2,4.0444446,6222727,0,-1.0,-1,91.188705,0.42175066,3892240,1930051,0.46666667,82.412964,66.40711,-1.0,0.6285392,85.33333,55.614292,83.33451,487mnSNu6t,81.93549,76.55556,0.9955637,2.65,0.0,-1.0,0.0,com.sec.android.app.shealth,95.34141,94.98225,60.828335,22160000,,,99.60072,12623982,0,72.69964,50.298702,e02cb2d2-fbb5-4e0b-b7ab-bbefed386044,67.21809,2025-05-30 00:00:00.000,0,1.1666666,0.8333333,
-1,52.677956,63010030,89.60713,2.875625,6.384478,86.10449,427410,60000,194.0,1214277,97.20524,1748939280000,-1.0,0.0,62.23744,58.96178,-1,0,,63010030,0.7820915,2025-06-03 11:49:37.968,2025-06-03 11:49:37.968,82.331764,3,0.0,4375613,0,-1.0,-1,95.1425,0.8983402,2511238,978964,0.43333334,86.10449,63.634068,-1.0,91.875015,85.666664,55.886887,99.451965,487mnSNu6t,90.970406,84.333336,0.45040876,2.65,0.0,-1.0,0.0,com.sec.android.app.shealth,89.0361,97.20524,58.750763,24960000,,,57.45575,9329862,0,73.0798,50.539066,8e22976b-5d81-42ba-9b39-e1bbb1c6f876,65.51309,2025-06-03 00:00:00.000,0,1.1666666,0.8333333,
-1,78.08275,63010030,46.83775,6.732734,6.8021812,71.582085,675134,60000,194.0,5681223,99.80099,1749021780000,115.57939,101.88,63.001717,59.685837,-1,1127168,,63010030,0.75749743,2025-06-04 10:28:36.824,2025-06-04 06:06:03.108,80.98169,3,0.0,4826289,0,134.32947,-1,93.6617,0.5907859,2792216,1159692,0.9,71.582085,68.731094,62.30468,89.39815,96.0,56.203327,76.31976,487mnSNu6t,84.5124,82.375,0.9897905,2.65,0.0,205.96059,100.88,com.sec.android.app.shealth,89.380875,99.80099,56.40398,24255000,,,99.08115,10056946,0,73.521255,50.818058,620288ca-7a3b-4a25-97d1-9a20a0298ae5,66.3176,2025-06-04 00:00:00.000,0,1.1666666,0.8333333,
-1,84.76307,63010030,72.95422,6.010486,6.892031,66.75343,676855,60000,194.0,3807531,81.44513,1749106320000,-1.0,0.0,64.06546,60.693592,-1,0,,63010030,1.132069,2025-06-05 10:15:31.952,2025-06-05 10:15:31.952,74.50972,3,0.0,4882843,0,-1.0,-1,90.75549,0.8281787,2867690,1213602,2.0166667,66.75343,70.97701,-1.0,84.53703,84.916664,56.32967,93.516266,487mnSNu6t,69.66726,78.291664,0.8720921,2.65,0.0,-1.0,0.0,com.sec.android.app.shealth,84.61207,81.44513,49.13711,22785000,,,88.4883,10228380,0,73.697556,50.92943,cd28d1ab-37d6-443e-9d6b-7df666677869,67.437325,2025-06-05 00:00:00.000,0,1.1666666,0.8333333,
-1,74.33892,63010030,23.47334,5.190752,5.2108736,50.12124,436735,60000,194.0,5946908,95.06927,1749716100000,111.76122,101.88,61.476246,58.240654,-1,326616,,63010030,-1.0,2025-06-12 11:44:56.698,2025-06-12 11:44:56.698,72.01103,3,0.0,3758602,0,129.59222,-1,-1.0,0.3255814,2025144,774535,1.0833334,50.12124,75.42367,61.238274,-1.0,94.16667,43.05386,90.49515,487mnSNu6t,82.02674,87.5,0.9961385,2.65,0.0,194.52536,100.88,com.sec.android.app.shealth,-1.0,95.06927,46.75418,25800000,,,99.652466,7590358,0,55.328175,39.18879,bba4299c-29ec-4402-b356-1050036ca0d3,64.71184,2025-06-12 00:00:00.000,0,1.1666666,0.8333333,
-1,79.11004,63010030,59.594475,3.3979576,4.472354,85.80367,157876,60000,194.0,2288087,91.70848,1749884460000,-1.0,0.0,69.722626,66.05302,-1,0,,63010030,0.9749999,2025-06-14 12:39:17.243,2025-06-14 10:06:33.256,81.02063,3,0.0,2972554,0,-1.0,-1,90.28499,0.79552716,1189269,115904,1.8,85.80367,71.360825,-1.0,83.750015,87.0,45.542088,92.48808,487mnSNu6t,75.24926,76.916664,0.7597694,2.65,0.0,-1.0,0.0,com.sec.android.app.shealth,86.33179,91.70848,43.20112,22290000,,,80.58617,5965743,0,58.745415,41.39545,2c2c1566-690b-4441-8338-4378cf623e86,73.39224,2025-06-14 00:00:00.000,0,1.1666666,0.8333333,
-1,63.391445,63010030,98.99235,3.078765,4.48758,98.16383,135165,60000,194.0,1024735,89.76097,1750145280000,-1.0,0.0,66.79185,63.27648,-1,0,,63010030,0.8602683,2025-06-17 10:36:02.850,2025-06-17 10:36:02.850,84.02461,3,0.0,3027106,0,-1.0,-1,90.99077,0.6585956,1599419,522400,0.5833333,98.16383,64.13712,-1.0,84.93056,99.166664,49.7767,91.23962,487mnSNu6t,83.0051,79.22222,0.6860635,2.65,0.0,-1.0,0.0,com.sec.android.app.shealth,87.94017,89.76097,59.463776,23120000,,,76.16381,6392155,0,64.5894,45.144043,51379acb-3ce1-4a1f-ac79-9bcb3f1a9ba3,70.307205,2025-06-17 00:00:00.000,0,1.1666666,0.8333333,
-1,75.72142,63010030,87.886,7.2745905,6.249191,58.59707,904174,60000,194.0,2560193,76.79144,1750326840000,-1.0,0.0,67.1553,63.620808,-1,0,,63010030,1.0754269,2025-06-19 13:51:40.133,2025-06-19 13:51:40.133,74.54559,3,0.0,4892175,0,-1.0,-1,86.050224,0.87633264,2704474,1204668,2.0833333,58.59707,76.57143,-1.0,76.66667,84.583336,46.870758,84.82159,487mnSNu6t,82.9344,81.38889,1.1640851,2.65,0.0,-1.0,0.0,com.sec.android.app.shealth,84.96608,76.79144,39.340534,23900000,,,85.23234,9378610,0,60.57529,42.572533,94e1f08b-ce67-425b-af0f-3a22a49a2e14,70.68979,2025-06-19 00:00:00.000,0,1.1666666,0.8333333,
-1,75.52881,63010030,90.89401,5.1064467,5.7436233,92.85209,749675,60000,194.0,2115578,87.62138,1750405560000,-1.0,0.0,66.00359,62.52972,-1,0,,63010030,0.93258893,2025-06-20 10:52:48.162,2025-06-20 10:52:48.162,86.746574,3,0.0,4418250,0,-1.0,-1,85.38594,0.95308644,2386401,1007932,1.0166667,92.85209,65.840515,-1.0,75.55556,94.833336,50.36357,87.71916,487mnSNu6t,89.516045,81.666664,0.88906366,2.65,0.0,-1.0,0.0,com.sec.android.app.shealth,86.92633,87.62138,62.48276,24000000,,,90.01573,8520592,0,65.40201,45.662914,39fb92ca-53aa-4a0b-b8fe-b67ea72a4187,69.47747,2025-06-20 00:00:00.000,0,1.1666666,0.8333333,
-1,73.566635,63010030,69.688446,3.2738276,4.7991858,83.9429,432254,60000,194.0,2157848,88.53165,1750588080000,-1.0,0.0,64.98019,61.560177,-1,0,,63010030,1.2256517,2025-06-22 14:23:26.630,2025-06-22 14:23:26.630,86.327286,3,0.0,3457135,0,-1.0,-1,82.72077,0.7792869,1378016,226211,0.65,83.9429,67.05173,-1.0,71.66666,98.5,51.702744,95.92288,487mnSNu6t,97.11369,97.25,0.6821631,2.65,0.0,-1.0,0.0,com.sec.android.app.shealth,84.027176,88.53165,47.947014,28140000,,,75.92979,6503547,0,67.25862,46.84636,09c33ac3-8992-483d-a475-11b3a7afc812,68.4002,2025-06-22 00:00:00.000,0,1.1666666,0.8333333,
-1,59.644875,63010030,82.89176,2.5179014,4.5324473,76.212585,313965,60000,194.0,1268622,89.751175,1750664250000,-1.0,0.0,65.28928,61.853004,-1,0,,63010030,1.161345,2025-06-23 11:08:38.050,2025-06-23 11:08:38.050,81.847626,3,0.0,3170723,0,-1.0,-1,83.3552,0.5297691,1153956,66168,0.76666665,76.212585,70.02702,-1.0,72.56946,97.33333,50.842575,99.67203,487mnSNu6t,97.31975,94.375,0.555528,2.65,0.0,-1.0,0.0,com.sec.android.app.shealth,84.42909,89.751175,47.54259,27450000,,,64.99752,5994610,0,66.06572,46.086308,971ee228-f926-4d17-8137-95f631d29603,68.72556,2025-06-23 00:00:00.000,0,1.1666666,0.8333333,
-1,60.59652,63010030,65.61742,2.163421,4.0018587,86.69725,180842,60000,194.0,1302436,99.65732,1750752720000,-1.0,0.0,65.87415,62.407093,-1,0,,63010030,1.1287702,2025-06-24 11:42:00.197,2025-06-24 11:42:00.197,84.57855,3,0.0,2672134,0,-1.0,-1,87.46181,0.3897912,521830,60000,1.0166667,86.69725,67.215385,-1.0,79.02779,94.833336,48.734253,94.690765,487mnSNu6t,91.818596,95.274994,0.540604,2.65,0.0,-1.0,0.0,com.sec.android.app.shealth,84.63269,99.65732,49.02357,27666000,,,63.65436,4795815,0,63.147575,44.222015,5ec340fb-f1a1-400f-8242-073578c3a5e6,69.34122,2025-06-24 00:00:00.000,0,1.1666666,0.8333333,
-1,61.651367,63010030,59.644447,2.0863466,3.9506423,86.84806,163205,60000,194.0,1446676,99.85974,1750836360000,-1.0,0.0,65.46616,62.020573,-1,0,,63010030,1.1580876,2025-06-25 10:32:30.885,2025-06-25 10:32:30.885,83.28987,3,0.0,2622612,0,-1.0,-1,89.05606,0.625,478808,60000,1.1666666,86.84806,66.76444,-1.0,81.69444,93.333336,48.757877,93.85899,487mnSNu6t,85.8551,91.72916,0.5281031,2.65,0.0,-1.0,0.0,com.sec.android.app.shealth,84.449455,99.85974,48.876156,26815000,,,62.52928,4698095,0,63.18022,44.242916,c7f59c9f-1a65-4651-9091-2915d0d3a0fc,68.91175,2025-06-25 00:00:00.000,0,1.1666666,0.8333333,
-1,89.67171,63020270,40.335175,2.9955943,3.7606869,54.966843,140632,60000,194.0,2811486,77.483215,1750921740000,-1.0,0.0,65.43552,61.991543,-1,0,,63020270,1.248163,2025-06-26 10:40:06.363,2025-06-26 10:40:06.363,75.491196,3,0.0,2578935,0,-1.0,-1,91.89584,0.39118457,871069,60000,1.1,54.966843,76.377884,-1.0,86.44444,94.0,49.18896,92.699814,487mnSNu6t,82.03071,87.3125,0.7965551,2.65,0.0,-1.0,0.0,com.sec.android.app.shealth,83.88648,77.483215,41.474144,25755000,,,82.793304,4887483,0,63.77624,44.62426,accd1166-1b42-4a46-a4f5-d6c79e54daad,68.87949,2025-06-26 00:00:00.000,0,1.1666666,0.8333333,
-1,61.050472,63020270,26.201511,5.639513,4.4940934,62.70243,491787,60000,194.0,4867573,89.63385,1751012550000,113.60085,101.88,66.89584,63.37501,-1,703220,,63020270,1.2402831,2025-06-27 12:03:40.679,2025-06-27 12:03:40.679,76.843,3,0.0,3428006,0,131.1295,-1,93.473495,0.7779006,1657331,578749,0.8333333,62.70243,75.06361,59.53782,89.08333,96.66667,46.266926,79.901306,487mnSNu6t,88.0399,89.29166,1.2548722,2.65,0.0,189.55072,100.88,com.sec.android.app.shealth,83.93573,89.63385,43.301186,26230000,,,79.70767,6457023,0,59.743233,42.0377,bbd3b637-e794-40ef-bcc4-406fadf2aaaf,70.41668,2025-06-27 00:00:00.000,0,1.1666666,0.8333333,
-1,36.41232,63020270,47.371185,8.97229,5.428562,70.05219,979606,230365,194.0,4222461,97.43222,1751106570000,124.40307,106.41173,67.36169,63.81633,-1,2083397,,63020270,1.3278458,2025-06-28 13:39:32.031,2025-06-28 13:39:32.031,75.02774,3,0.0,4313725,0,144.06017,-1,92.41618,0.5893019,1957494,654639,1.3,70.05219,73.84916,58.416634,87.314804,92.0,46.14064,52.897896,487mnSNu6t,93.57066,93.375,1.652793,2.65,0.0,204.46451,100.88,com.sec.android.app.shealth,83.388466,97.43222,45.39019,27210000,,,52.161053,7755199,0,59.569313,41.92582,10953608-bc65-48c2-8dea-e740ff341747,70.907036,2025-06-28 00:00:00.000,0,1.1666666,0.8333333,
-1,71.99987,63020270,92.40689,5.331436,4.8924007,80.8707,738939,63699,194.0,1217219,98.46123,1751193660000,-1.0,0.0,67.92282,64.34793,-1,0,,63020270,1.0961641,2025-06-29 19:04:56.403,2025-06-29 19:04:56.403,84.73522,3,0.0,3743758,0,-1.0,-1,94.15991,0.6328872,1507118,332942,1.9666667,80.8707,71.18644,-1.0,90.231476,85.33333,45.7714,83.11328,487mnSNu6t,93.62981,91.01785,1.0897382,2.65,0.0,-1.0,0.0,com.sec.android.app.shealth,84.83647,98.46123,45.324753,26644285,,,91.92356,6732203,0,59.060974,41.598667,2650fbd8-a096-43cc-908a-335927eda6ef,71.4977,2025-06-29 00:00:00.000,0,1.1666666,0.8333333,
-1,56.587364,63020270,86.577614,2.283308,4.116893,83.41231,373465,60000,194.0,803733,99.80687,1751358660000,-1.0,0.0,68.78119,65.161125,-1,0,,63020270,1.1850501,2025-07-01 11:54:04.429,2025-07-01 11:54:04.429,82.87961,3,0.0,2901982,0,-1.0,-1,92.32762,0.35049018,855691,60000,1.7166667,83.41231,71.16598,-1.0,87.16667,87.83333,44.83507,95.28185,487mnSNu6t,91.67633,91.41667,0.55461925,2.65,0.0,-1.0,0.0,com.sec.android.app.shealth,84.28094,99.80687,44.98165,26740000,,,64.915726,5252533,0,57.773132,40.768757,cc0f3540-d63b-48ba-8525-543d930d81fa,72.40125,2025-07-01 00:00:00.000,0,1.1666666,0.8333333,
-1,64.18802,63020270,14.150328,5.274246,4.448482,77.579865,593781,60000,194.0,5270326,81.50812,1751526360000,115.9771,101.88,69.38538,65.73352,-1,351720,,63020270,1.1132159,2025-07-03 10:16:49.590,2025-07-03 10:16:49.590,79.61235,3,0.0,3395050,0,128.50479,-1,89.849045,0.85866666,1340316,272680,0.85,77.579865,73.92105,66.518234,83.02084,96.5,43.341618,99.000725,487mnSNu6t,87.57858,95.5,1.1856283,2.65,0.0,187.20033,100.88,com.sec.android.app.shealth,84.729904,81.50812,38.167423,27720000,,,83.862305,6091295,0,55.722702,39.44414,ea2e8af0-6319-4cd1-9dd4-17026fe08e14,73.03725,2025-07-03 00:00:00.000,0,1.1666666,0.8333333,
-1,87.73399,63020270,41.979824,5.296318,4.6707783,94.45152,726766,65810,194.0,3829241,90.419464,1751614920000,-1.0,0.0,67.83554,64.26524,-1,0,,63020270,1.2762574,2025-07-04 10:50:38.630,2025-07-04 10:50:38.630,87.05205,3,0.0,3668017,0,-1.0,-1,91.468216,0.43243244,1527045,406058,1.5333333,94.45152,66.90654,-1.0,85.72917,89.66667,45.146065,83.00861,487mnSNu6t,81.21277,91.375,1.1339263,2.65,0.0,-1.0,0.0,com.sec.android.app.shealth,83.71089,90.419464,53.09746,26730000,,,87.94664,6515436,0,58.200684,41.04445,aee449c7-7491-4b8f-8132-d55cc9d9994f,71.40583,2025-07-04 00:00:00.000,0,1.1666666,0.8333333,
-1,72.4397,63020270,61.413162,2.413075,3.595731,62.274902,273557,60000,194.0,1571010,79.42584,1751876820000,-1.0,0.0,68.674576,65.06013,-1,0,,63020270,0.5650714,2025-07-07 11:39:32.468,2025-07-07 11:39:32.468,77.08077,3,0.0,2580138,0,-1.0,-1,91.72423,0.85934067,748685,60000,0.8666667,62.274902,77.162544,-1.0,86.157394,96.333336,43.219227,99.16704,487mnSNu6t,88.07933,82.0,0.6710944,2.65,0.0,-1.0,0.0,com.sec.android.app.shealth,92.07843,79.42584,37.324265,24120000,,,75.26566,4588926,0,55.55487,39.33554,de54a283-69ab-4309-a634-998a02c54776,72.28903,2025-07-07 00:00:00.000,0,1.1666666,0.8333333,
-1,60.84659,63020310,63.260227,1.7017348,3.1671753,82.31055,120000,60000,194.0,1066215,94.774216,1752044640000,-1.0,0.0,68.765396,65.146164,-1,0,,63020310,0.5861096,2025-07-09 10:19:47.981,2025-07-09 10:19:47.981,83.31203,3,0.0,2074678,0,-1.0,-1,91.80727,0.9881797,388698,60000,0.016666668,82.31055,71.548386,-1.0,86.296295,89.83333,42.186417,87.826004,487mnSNu6t,93.07337,82.625,0.5373036,2.65,0.0,-1.0,0.0,com.sec.android.app.shealth,91.78351,94.774216,40.833626,24345000,,,63.35733,3771241,0,54.13991,38.418762,34a6fd11-3690-4b26-b4fb-ab3d64a3ee2e,72.38463,2025-07-09 00:00:00.000,0,1.1666666,0.8333333,
-1,75.15523,63020310,97.69681,4.598546,4.5726295,99.95387,733311,92590,194.0,1057085,82.73894,1752404460000,-1.0,0.0,67.283844,63.742584,-1,0,,63020310,1.3843032,2025-07-13 14:33:04.308,2025-07-13 04:22:40.583,90.2041,3,0.0,3584519,0,-1.0,-1,81.74475,0.45676997,1690053,592622,23.85,99.95387,63.764366,-1.0,70.27779,93.50001,45.637455,82.10981,487mnSNu6t,95.310974,95.75,1.0056678,2.65,0.0,-1.0,0.0,com.sec.android.app.shealth,83.03561,82.73894,62.367016,29820000,,,99.4899,6573622,0,58.87663,41.47997,1b4d0067-18a9-41fa-bb26-441730494317,70.825096,2025-07-13 00:00:00.000,0,1.1666666,0.8333333,
-1,69.018326,63020310,86.25763,3.221805,4.1923575,95.64139,544368,60000,194.0,1328446,89.07213,1752480720000,-1.0,0.0,62.071785,58.804848,-1,0,,63020310,1.5128051,2025-07-14 11:28:56.307,2025-07-14 11:28:56.307,88.79095,3,0.0,3158463,0,-1.0,-1,75.74217,0.36842105,1370625,364459,1.2333333,95.64139,60.703423,-1.0,61.736115,92.66667,55.63798,87.19946,487mnSNu6t,95.673676,98.83333,0.76849484,2.65,0.0,-1.0,0.0,com.sec.android.app.shealth,82.23247,89.07213,67.63029,29080000,,,81.10969,5848063,0,72.73268,50.319595,d0488f21-dc1d-4f55-a3ef-7cbbaf00aae6,65.33872,2025-07-14 00:00:00.000,0,1.1666666,0.8333333,
-1,56.037518,63020310,92.32625,1.817825,3.4855914,84.17714,338448,60000,194.0,772386,93.854935,1752654480000,-1.0,0.0,58.511177,55.43164,-1,0,,63020310,1.4259714,2025-07-16 11:46:12.775,2025-07-16 11:46:12.775,82.8918,3,0.0,2534774,0,-1.0,-1,88.04305,0.36302894,1404637,568095,0.98333335,84.17714,60.304348,-1.0,80.000015,95.16667,63.579,94.42796,487mnSNu6t,93.35109,96.66667,0.52152556,2.65,0.0,-1.0,0.0,com.sec.android.app.shealth,82.77518,93.854935,60.93187,29600000,,,61.9373,5127249,0,83.85612,57.310062,5e937f14-4932-4d60-9496-74d5e7dd7a36,61.590714,2025-07-16 00:00:00.000,0,1.1666666,0.8333333,
-1,44.823982,63020310,34.839622,6.029149,4.4076204,57.689102,725563,123437,194.0,4617196,57.711334,1752736560000,128.75987,105.62309,60.289993,57.116833,-1,1294972,,63020310,1.4539397,2025-07-17 10:31:31.340,2025-07-17 10:31:31.340,65.917816,3,0.0,3405028,0,142.16682,-1,89.75908,0.82687336,2003044,945215,0.81666666,57.689102,69.08046,72.61604,82.87036,96.83333,56.952156,63.372574,487mnSNu6t,89.472145,96.6875,1.367892,2.65,0.0,220.0,100.88,com.sec.android.app.shealth,82.60038,57.711334,40.935493,28005000,,,71.889725,6710383,0,74.566605,51.478096,b0cb06e0-477c-4b31-98c2-9fa32fc60417,63.46315,2025-07-17 00:00:00.000,0,1.1666666,0.8333333,
-1,89.27785,63020310,63.584885,4.9970183,4.3317657,57.64431,674268,82504,194.0,2854719,78.211,1752822420000,-1.0,0.0,61.658413,58.413235,-1,0,,63020310,1.4126176,2025-07-18 10:28:23.617,2025-07-18 10:28:23.617,77.70241,3,0.0,3307620,0,-1.0,-1,92.00795,0.921875,1939326,899702,0.71666664,57.64431,70.6654,-1.0,86.63196,97.833336,54.647663,82.21157,487mnSNu6t,85.39388,92.55,1.1535754,2.65,0.0,-1.0,0.0,com.sec.android.app.shealth,82.85864,78.211,46.199932,27012000,,,86.178215,6565652,0,71.35261,49.446136,789e0e2a-17d8-4434-97ab-11b92f8c82f1,64.903595,2025-07-18 00:00:00.000,0,1.1666666,0.8333333,
-1,29.806368,63030110,16.48109,9.623718,5.7155633,79.18332,1230962,433295,194.0,7878921,91.35014,1752919050000,142.78389,115.63005,61.708817,58.460983,-1,1631398,,63030110,1.4375885,2025-07-19 13:18:55.808,2025-07-19 13:18:55.808,75.490845,3,0.0,4780583,0,129.1985,-1,90.74997,0.51583713,3016463,1644728,0.75,79.18332,65.22189,99.99064,84.52779,97.5,56.36831,75.24562,487mnSNu6t,94.13295,96.8125,1.6837742,2.65,0.0,220.0,100.88,com.sec.android.app.shealth,82.702576,91.35014,65.819,28035000,,,50.571583,9120685,0,73.75149,50.963486,25014f0f-4c81-4050-ac17-9941d7996460,64.95665,2025-07-19 00:00:00.000,0,1.1666666,0.8333333,
-1,81.96845,63030110,94.35353,4.95324,5.1446786,77.69742,915600,197605,194.0,2151953,96.31427,1753082820000,-1.0,0.0,63.18398,59.858505,-1,0,,63030110,1.0631503,2025-07-21 10:49:23.987,2025-07-21 10:49:23.987,85.47287,3,0.0,4110676,0,-1.0,-1,91.198364,0.7833753,2536920,1302197,0.8333333,77.69742,67.27517,-1.0,85.27779,96.66667,53.376762,79.495605,487mnSNu6t,93.81541,88.475,0.962789,2.65,0.0,-1.0,0.0,com.sec.android.app.shealth,85.09602,96.31427,56.97025,26034000,,,96.65102,8031438,0,69.58397,48.32462,8b426b26-88b8-4f43-b0b2-763dcaf24aa2,66.50945,2025-07-21 00:00:00.000,0,1.1666666,0.8333333,
-1,44.44692,63030110,38.491085,9.293184,6.3186393,68.73097,1385791,496797,194.0,6811275,97.20787,1753173480000,143.3256,116.096466,63.769344,60.413063,-1,1883742,,63030110,0.973924,2025-07-22 12:00:38.901,2025-07-22 12:00:38.901,75.77195,3,0.0,5341818,0,131.82309,-1,91.43085,0.8724832,3387495,1871021,1.1833334,68.73097,70.206474,97.673035,85.66667,93.166664,53.907604,73.99738,487mnSNu6t,90.535736,89.020836,1.4707572,2.65,0.0,220.0,100.88,com.sec.android.app.shealth,86.346855,97.20787,56.642025,26165000,,,62.631844,10135802,0,70.322365,48.793148,46d8c6ca-5fcf-4ef0-a66a-56e0609b6638,67.125626,2025-07-22 00:00:00.000,0,1.1666666,0.8333333,
-1,70.57249,63030110,77.554565,5.321351,5.662954,81.695694,1072858,276115,194.0,971653,92.32962,1753254540000,-1.0,0.0,64.95524,61.536545,-1,0,,63030110,1.0148938,2025-07-23 10:22:25.545,2025-07-23 10:22:25.545,83.1041,3,0.0,4618367,0,-1.0,-1,90.86622,0.8831169,2836719,1477610,0.73333335,81.695694,67.794235,-1.0,84.72223,97.666664,52.074127,78.06891,487mnSNu6t,88.867645,86.35417,0.93967766,2.65,0.0,-1.0,0.0,com.sec.android.app.shealth,85.77252,92.32962,49.508144,25525000,,,94.57099,8884755,0,67.77408,47.174408,0d9260d1-2630-4426-9349-73de20302ea3,68.37394,2025-07-23 00:00:00.000,0,1.1666666,0.8333333,
-1,54.46971,63030110,37.12224,9.256172,6.7699327,93.85541,1526790,569085,194.0,7563570,95.3575,1753342200000,146.88461,118.02745,64.06458,60.69276,-1,1199036,,63030110,0.9741775,2025-07-24 10:35:37.934,2025-07-24 10:35:37.934,84.06545,3,0.0,5788579,0,132.17056,-1,90.40122,0.7920561,3765203,2140419,0.36666667,93.85541,63.455223,99.70323,83.94444,86.33333,54.339256,97.11618,487mnSNu6t,90.54001,88.0625,1.3672473,2.65,0.0,220.0,100.88,com.sec.android.app.shealth,86.34331,95.3575,52.685146,25935000,,,71.94775,10995492,0,70.923134,49.174034,baccfe14-db71-4dbc-a31f-bb0d9fa2e518,67.4364,2025-07-24 00:00:00.000,0,1.1666666,0.8333333,
-1,83.7118,63030110,96.58296,6.569559,6.434763,93.659035,1391939,489760,194.0,2795721,96.02405,1753428120000,-1.0,0.0,62.72686,59.425446,-1,0,,63030110,0.9836205,2025-07-25 10:38:55.444,2025-07-25 10:38:55.444,88.65524,3,0.0,5406635,0,-1.0,-1,92.46047,0.25526315,3391989,1847646,1.0333333,93.659035,62.216667,-1.0,87.388885,94.666664,56.991383,73.71407,487mnSNu6t,84.82873,87.895836,1.0209482,2.65,0.0,-1.0,0.0,com.sec.android.app.shealth,86.21092,96.02405,61.21191,25895000,,,98.11467,10264317,0,74.621376,51.51267,8fac46f0-80a9-4479-8fd0-5254a724eddd,66.028275,2025-07-25 00:00:00.000,0,1.1666666,0.8333333,
-1,46.48571,63030110,40.464638,14.709274,9.111284,64.81753,2493713,1190141,194.0,10279201,83.32568,1753617150000,168.64128,133.21953,63.63017,60.28121,-1,1427719,,63030110,1.2506644,2025-07-27 15:26:31.427,2025-07-27 15:26:31.427,73.25992,3,0.0,8294610,0,131.67816,-1,89.68712,0.9189641,5594567,3407859,1.9,64.81753,70.92699,84.12971,82.75,85.99999,54.099552,89.36934,487mnSNu6t,89.31717,89.8125,1.6144018,2.65,0.0,220.0,100.88,com.sec.android.app.shealth,83.87085,83.32568,48.15142,26355000,,,54.130688,15325420,0,70.589485,48.962532,ab7a74ad-e41f-4431-97fb-1b40efd14739,66.979126,2025-07-27 00:00:00.000,0,1.1666666,0.8333333,
-1,85.747955,63030110,94.760574,10.140929,9.162135,62.03428,2316407,989874,194.0,4268095,99.5551,1753776150000,166.29868,128.8355,63.882874,60.52062,-1,549280,,63030110,1.556772,2025-07-29 11:14:54.936,2025-07-29 11:14:54.936,79.487656,3,0.0,8219475,0,129.19049,-1,85.7596,0.7588326,5751585,3552673,2.6166668,62.03428,71.832535,85.28427,76.18056,81.916664,52.89879,78.21728,487mnSNu6t,82.056915,85.85,1.1068304,2.65,0.0,220.0,100.88,com.sec.android.app.shealth,81.95767,99.5551,53.315506,25404000,,,90.38527,15536746,0,68.9195,47.902664,be6aac56-13f4-410a-883a-5e2b7d0bd683,67.24513,2025-07-29 00:00:00.000,0,1.1666666,0.8333333,
-1,61.59717,63030110,63.200386,5.919776,8.2147045,88.24678,1853118,663759,194.0,1223008,95.57537,1753859250000,-1.0,0.0,63.18658,59.86097,-1,0,,63030110,1.5534317,2025-07-30 10:26:57.944,2025-07-30 10:26:57.944,82.84595,3,0.0,7145767,0,-1.0,-1,82.745186,0.9625806,4955743,2984214,0.6666667,88.24678,64.129555,-1.0,71.7014,98.33333,54.771004,73.25755,487mnSNu6t,84.61111,85.975006,0.72063166,2.65,0.0,-1.0,0.0,com.sec.android.app.shealth,81.97855,95.57537,59.25693,25434000,,,78.2379,13729050,0,71.5244,49.55495,9940a14b-4ad1-4119-a1d1-d6bbe2286427,66.51219,2025-07-30 00:00:00.000,0,1.1666666,0.8333333,
-1,53.7651,63030110,82.74657,2.442981,5.6083922,64.00319,440850,60000,194.0,1297627,85.30249,1754464680000,-1.0,0.0,54.670784,51.793373,-1,0,,63030110,-1.0,2025-08-06 10:37:10.513,2025-08-06 10:37:10.513,70.82742,3,0.0,4083460,0,-1.0,-1,-1.0,0.7101828,2795298,1449284,0.9166667,64.00319,61.096386,-1.0,-1.0,95.83333,51.274124,98.84303,487mnSNu6t,78.91934,78.833336,0.4355938,2.65,0.0,-1.0,0.0,com.sec.android.app.shealth,-1.0,85.30249,66.31208,22980000,,,56.695686,8785062,0,66.66403,46.46766,c9c6b80b-ccbd-46a5-aad1-18dbd17935fc,57.548195,2025-08-06 00:00:00.000,0,1.1666666,0.8333333,
-1,70.09165,63030110,49.317585,6.185814,5.479304,57.610672,523451,60000,194.0,4528638,76.30438,1754734170000,113.59119,101.88,63.709938,60.356785,-1,1264685,,63030110,1.0791669,2025-08-09 13:23:30.623,2025-08-09 13:23:30.623,74.24831,3,0.0,4098355,0,131.87367,-1,81.842354,0.72195125,2392170,1077137,1.6166667,57.610672,73.0298,61.88475,70.41667,88.833336,55.808006,62.49457,487mnSNu6t,85.88078,91.9375,1.1289415,2.65,0.0,200.40211,100.88,com.sec.android.app.shealth,84.9427,76.30438,46.24423,26865000,,,88.395256,8244067,0,72.96977,50.469517,507e6470-ff1a-47ab-aefe-a63b6b2a8352,67.063095,2025-08-09 00:00:00.000,0,1.1666666,0.8333333,
-1,53.99345,63030110,95.89882,1.9848859,4.3263617,95.84436,120000,60000,194.0,956478,93.60065,1755069240000,-1.0,0.0,64.700714,61.295414,-1,0,,63030110,1.4541669,2025-08-13 10:24:32.281,2025-08-13 10:24:32.281,81.86441,3,0.0,2693169,0,-1.0,-1,85.38594,0.7248521,1617587,579260,1.6,95.84436,63.182243,-1.0,75.55556,89.0,51.827667,80.156204,487mnSNu6t,82.33117,86.3125,0.45878872,2.65,0.0,-1.0,0.0,com.sec.android.app.shealth,82.59896,93.60065,57.986443,25515000,,,57.88569,6238142,0,67.43197,46.956715,08125e88-f778-4f75-b0b0-df26cce8cd06,68.10602,2025-08-13 00:00:00.000,0,1.1666666,0.8333333,
-1,95.38283,63030110,54.315136,3.8192446,4.1483507,70.14345,120000,60000,194.0,2917311,91.600266,1755337350000,-1.0,0.0,62.6016,59.306778,-1,0,,63030110,1.7458334,2025-08-16 13:11:01.447,2025-08-16 13:11:01.447,84.160034,3,0.0,2690750,0,-1.0,-1,82.232765,0.88767123,1590747,595143,0.5833333,70.14345,68.610596,-1.0,70.97223,99.166664,54.993267,81.62651,487mnSNu6t,90.58055,90.6875,0.9206658,2.65,0.0,-1.0,0.0,com.sec.android.app.shealth,80.77604,91.600266,51.99314,26565000,,,92.85992,6021186,0,71.83403,49.751,e5f4f763-7da9-4659-b55e-b508f9ba7924,65.89642,2025-08-16 00:00:00.000,0,1.1666666,0.8333333,
-1,65.852936,63030110,96.70358,3.7370958,4.800778,87.56281,304313,60000,194.0,1054527,98.64397,1755586500000,-1.0,0.0,61.569004,58.32853,-1,0,,63030110,1.4844929,2025-08-19 10:01:05.144,2025-08-19 10:01:05.144,85.83122,3,0.0,3416455,0,-1.0,-1,83.79442,0.7,1757222,605036,0.41666666,87.56281,62.635593,-1.0,73.19446,85.833336,54.74508,98.053986,487mnSNu6t,92.70533,86.29166,0.77843547,2.65,0.0,-1.0,0.0,com.sec.android.app.shealth,82.409424,98.64397,54.25207,25510000,,,81.70613,6884454,0,71.48829,49.53207,a1aa0825-1cef-4982-a985-a08aa122ac28,64.80948,2025-08-19 00:00:00.000,0,1.1666666,0.8333333,
-1,69.42157,63030110,81.99348,3.1310701,4.672485,88.388504,220553,60000,194.0,1818032,97.311005,1755674220000,-1.0,0.0,61.23076,58.008087,-1,0,,63030110,1.089151,2025-08-20 10:38:18.082,2025-08-20 10:38:18.082,87.045456,3,0.0,3249528,0,-1.0,-1,90.11891,0.795045,1649456,528060,23.883333,88.388504,62.114094,-1.0,83.47223,93.83333,55.521156,94.720764,487mnSNu6t,93.931076,95.125,0.67010814,2.65,0.0,-1.0,0.0,com.sec.android.app.shealth,84.88031,97.311005,58.25144,27630000,,,75.20649,6639671,0,72.56979,50.21657,016101e7-49da-43d5-9f51-64ffae912687,64.45343,2025-08-20 00:00:00.000,0,1.1666666,0.8333333,
-1,89.765854,63030110,58.319176,4.382716,4.8500795,81.65187,375710,60000,194.0,3034376,98.86971,1755851280000,-1.0,0.0,61.06264,57.84882,-1,0,,63030110,0.94825083,2025-08-22 12:22:14.937,2025-08-22 12:22:14.937,88.416916,3,0.0,3511584,0,-1.0,-1,89.75908,0.76510066,1755950,591931,1.0166667,81.65187,63.745583,-1.0,82.87036,94.833336,56.09877,99.0053,487mnSNu6t,91.12224,94.28125,0.903638,2.65,0.0,-1.0,0.0,com.sec.android.app.shealth,86.70676,98.86971,57.24522,27427500,,,91.327415,6935836,0,73.37538,50.725876,dc416df5-e0dc-44f0-b6e9-69f73dd49d26,64.27647,2025-08-22 00:00:00.000,0,1.1666666,0.8333333,
-1,70.96422,63030110,89.882805,4.269681,4.7736764,83.08182,684787,60000,194.0,1144422,90.88666,1756111110000,-1.0,0.0,59.385143,56.25961,-1,0,,63030110,0.4033873,2025-08-25 11:51:40.342,2025-08-25 11:51:40.342,84.01077,3,0.0,3864549,0,-1.0,-1,94.270615,0.5823068,2103633,957950,1.2,83.08182,61.547443,-1.0,90.41666,93.0,60.81948,86.249664,487mnSNu6t,91.10718,87.96875,0.89442194,2.65,0.0,-1.0,0.0,com.sec.android.app.shealth,94.34504,90.88666,71.829544,25912500,,,90.49797,7201920,0,79.97956,54.883476,1b47ff69-bf2b-461e-9832-4853389d1639,62.510677,2025-08-25 00:00:00.000,0,1.1666666,0.8333333,
-1,64.41944,63030110,94.89151,2.899203,4.242358,69.50887,468563,60000,194.0,1100682,96.71431,1756189710000,-1.0,0.0,60.21476,57.04556,-1,0,,63030110,0.99129885,2025-08-26 09:54:35.033,2025-08-26 09:54:35.033,76.55625,3,0.0,3244532,0,-1.0,-1,91.94566,0.56401944,1436388,418222,1.3333334,69.50887,66.128716,-1.0,86.52777,91.666664,61.860405,92.466156,487mnSNu6t,79.63796,83.583336,0.6833942,2.65,0.0,-1.0,0.0,com.sec.android.app.shealth,86.10329,96.71431,60.478745,24690000,,,76.00365,5967226,0,81.440506,55.799145,56c72156-06c6-449e-84ad-65327ba8cd78,63.383957,2025-08-26 00:00:00.000,0,1.1666666,0.8333333,
-1,48.062057,63030110,38.156334,7.241831,5.283828,61.47757,906969,142677,194.0,4996207,72.689896,1756279500000,124.02134,104.520424,62.066654,58.799988,-1,1863891,,63030110,0.9427537,2025-08-27 10:46:44.012,2025-08-27 10:46:44.012,67.11138,3,0.0,4308069,0,135.69174,-1,93.274216,0.9005102,2108321,840202,0.8833333,61.47757,69.91154,72.046394,88.75,96.166664,58.456623,55.77688,487mnSNu6t,81.1849,81.416664,1.3705653,2.65,0.0,210.80043,100.88,com.sec.android.app.shealth,86.78383,72.689896,46.95582,23910000,,,71.649124,7751449,0,76.66952,52.803528,56eb7b12-a4ff-4490-8f1a-61d4da822a7b,65.33332,2025-08-27 00:00:00.000,0,1.1666666,0.8333333,
-1,64.28308,63030110,36.21388,8.166225,6.074984,70.11967,1189655,294717,194.0,6519300,82.75873,1756451610000,134.1167,109.11385,63.442142,60.10308,-1,349602,,63030110,0.8194546,2025-08-29 10:36:40.194,2025-08-29 10:36:40.194,76.47771,3,0.0,5172126,0,128.98828,-1,93.384926,0.66407263,3033401,1575405,0.8,70.11967,69.53712,91.15341,88.93518,97.0,56.87964,85.17706,487mnSNu6t,82.66259,78.854164,1.3442382,2.65,0.0,220.0,100.88,com.sec.android.app.shealth,88.512314,82.75873,50.263126,22987500,,,74.01857,9521485,0,74.4653,51.41418,cec1ba98-4498-4e97-961b-e0e9574852c4,66.781204,2025-08-29 00:00:00.000,0,1.1666666,0.8333333,
-1,69.40214,63030110,85.25967,3.7532582,4.9903026,84.30875,736620,60000,194.0,1703901,98.951836,1756712280000,-1.0,0.0,64.63534,61.23348,-1,0,,63030110,0.7069839,2025-09-01 11:02:48.409,2025-09-01 11:02:48.409,83.852585,3,0.0,3878402,0,-1.0,-1,96.12505,0.9834906,1714267,516594,0.56666666,84.30875,66.57143,-1.0,93.51851,99.333336,52.94825,84.133095,487mnSNu6t,86.89235,77.916664,0.75211036,2.65,0.0,-1.0,0.0,com.sec.android.app.shealth,90.08902,98.951836,53.936413,22650000,,,80.12662,7043910,0,68.98826,47.946335,ab6ee653-81a9-4e1f-93a9-ae92490cad50,68.0372,2025-09-01 00:00:00.000,0,1.1666666,0.8333333,
-1,58.530113,63030110,93.02072,2.5839272,4.506241,91.97648,493963,60000,194.0,1018509,97.912346,1756795410000,-1.0,0.0,64.20693,60.827618,-1,0,,63030110,0.7205564,2025-09-02 10:02:12.290,2025-09-02 10:02:12.290,80.04431,3,0.0,3330990,0,-1.0,-1,95.184006,0.34584013,1307655,226157,1.6166667,91.97648,64.324875,-1.0,91.94444,88.833336,51.273098,91.75592,487mnSNu6t,75.83798,77.833336,0.5734108,2.65,0.0,-1.0,0.0,com.sec.android.app.shealth,89.89874,97.912346,53.180763,22620000,,,66.60697,6120321,0,66.6626,46.466763,2f582dd4-079c-40eb-92a0-7ef0e5ce7a9d,67.58624,2025-09-02 00:00:00.000,0,1.1666666,0.8333333,
-1,60.557816,63030110,78.16047,2.24269,4.1717157,87.396164,326811,60000,194.0,1369045,94.7497,1756883520000,-1.0,0.0,62.780262,59.476036,-1,0,,63030110,0.71914554,2025-09-03 10:30:31.431,2025-09-03 10:30:31.431,81.00122,3,0.0,2953229,0,-1.0,-1,93.30189,0.8567775,1026654,60000,0.68333334,87.396164,63.904545,-1.0,88.796295,98.16667,54.08904,98.388245,487mnSNu6t,80.64969,77.791664,0.5375942,2.65,0.0,-1.0,0.0,com.sec.android.app.shealth,89.91852,94.7497,59.367794,22605000,,,63.38348,5482047,0,70.574844,48.95325,a18114c1-e3c2-468a-97b7-78bcd7f3f231,66.08449,2025-09-03 00:00:00.000,0,1.1666666,0.8333333,
-1,64.46552,63030110,39.739243,2.048565,3.4043407,87.202965,120000,60000,194.0,1214740,97.6915,1757237700000,-1.0,0.0,61.028976,57.816925,-1,0,,63030110,1.101331,2025-09-07 13:16:20.222,2025-09-07 13:16:20.222,83.674774,3,0.0,2111898,0,-1.0,-1,89.20552,0.58979595,120000,60000,1.4166666,87.202965,62.163265,-1.0,81.94444,90.83333,56.271305,91.300644,487mnSNu6t,86.43484,82.145836,0.60175085,2.65,0.0,-1.0,0.0,com.sec.android.app.shealth,84.804184,97.6915,58.646877,24172500,,,69.15758,3065553,0,73.61611,50.877983,58ccd97c-aefa-4ac5-a5f5-9503e19de1a7,64.24103,2025-09-07 00:00:00.000,0,1.1666666,0.8333333,
-1,52.730618,63030110,38.446255,1.4082148,2.775295,81.99594,120000,60000,194.0,406869,99.71685,1757492400000,-1.0,0.0,58.471573,55.394123,-1,0,,63030110,0.4250002,2025-09-10 11:45:37.846,2025-09-10 11:45:37.846,81.59277,3,0.0,1433268,0,-1.0,-1,91.7796,0.62870157,120000,60000,1.0166667,81.99594,60.934784,-1.0,86.250015,94.833336,58.948517,72.88246,487mnSNu6t,91.74535,96.125,0.5074108,2.65,0.0,-1.0,0.0,com.sec.android.app.shealth,94.04205,99.71685,59.251717,27870000,,,60.666973,1865334,0,77.35785,53.236694,09def56a-efde-4c0e-be8e-edebd5f16bb1,61.549026,2025-09-10 00:00:00.000,0,1.1666666,0.8333333,
-1,88.81908,63030110,41.68427,4.333479,4.2110972,62.564598,419747,60000,194.0,2286813,91.828,1757758740000,-1.0,0.0,60.4811,57.297882,-1,0,,63030110,0.78414077,2025-09-13 13:31:31.276,2025-09-13 13:31:31.276,83.02241,3,0.0,2961329,0,-1.0,-1,90.78318,0.6642599,193724,60000,1.0833334,62.564598,67.89489,-1.0,84.58334,94.16667,57.568783,92.95219,487mnSNu6t,95.60898,96.41666,1.0290617,2.65,0.0,-1.0,0.0,com.sec.android.app.shealth,89.00738,91.828,54.47702,29660000,,,97.38445,4691176,0,75.428055,52.02145,5fe912c4-c489-4b54-ad22-ba15b398b94f,63.664314,2025-09-13 00:00:00.000,0,1.1666666,0.8333333,
-1,32.980408,63030110,27.683575,8.232554,5.024092,69.772316,867195,167478,194.0,5049262,84.89935,1757846130000,120.461044,104.66164,62.52033,59.229786,-1,1861342,,63030110,0.905496,2025-09-14 14:09:07.454,2025-09-14 14:09:07.454,73.5715,3,0.0,3980932,0,139.29256,-1,93.564835,0.45807034,1564925,359143,1.35,69.772316,68.60294,56.718033,89.236115,91.5,54.23276,52.836765,487mnSNu6t,97.34451,91.04167,1.6386154,2.65,0.0,190.76843,100.88,com.sec.android.app.shealth,87.30614,84.89935,49.030773,30950000,,,52.88843,6930656,0,70.774895,49.080074,a8d7cdd2-6cc2-46b7-ab7a-8c0c919e2b43,65.810875,2025-09-14 00:00:00.000,0,1.1666666,0.8333333,
-1,71.217094,63030110,98.53509,4.537487,4.457793,87.76789,590455,60000,194.0,606542,91.89706,1757923560000,-1.0,0.0,61.815094,58.561665,-1,0,,63030110,1.0083399,2025-09-15 11:35:08.808,2025-09-15 11:35:08.808,87.93905,3,0.0,3353222,0,-1.0,-1,90.94925,0.32476637,1089234,60000,0.96666664,87.76789,62.841465,-1.0,84.8611,95.33333,56.928967,86.46854,487mnSNu6t,97.84633,96.53125,1.0178775,2.65,0.0,-1.0,0.0,com.sec.android.app.shealth,85.864395,91.89706,65.84887,29632500,,,98.39103,5850157,0,74.53422,51.457664,2a3dccf9-2dd0-49b2-a00e-baccfa1910c6,65.06852,2025-09-15 00:00:00.000,0,1.1666666,0.8333333,
-1,67.72989,63030110,76.6494,3.0932686,4.087001,82.00687,406959,60000,194.0,1187316,96.20921,1758005100000,-1.0,0.0,61.660416,58.41513,-1,0,,63030110,1.0827744,2025-09-16 10:03:47.607,2025-09-16 10:03:47.607,84.414795,3,0.0,2939924,0,-1.0,-1,90.34725,0.4430693,777769,60000,0.016666668,82.00687,64.25442,-1.0,83.85417,89.83333,57.91062,93.551186,487mnSNu6t,93.88682,98.975,0.75685537,2.65,0.0,-1.0,0.0,com.sec.android.app.shealth,84.92016,96.20921,62.009335,28554000,,,80.41132,5142686,0,75.90591,52.3226,a65e0af8-0e72-4cd5-9b22-89bcf57b64c6,64.9057,2025-09-16 00:00:00.000,0,1.1666666,0.8333333,
-1,48.346607,63030110,6.828769,7.0467196,5.094553,76.66385,815298,83803,194.0,6994246,89.73474,1758091560000,121.04762,102.952995,62.865673,59.556953,-1,632211,,63030110,1.2130953,2025-09-17 10:11:42.785,2025-09-17 10:11:42.785,77.1056,3,0.0,4070454,0,129.29137,-1,92.58918,0.8439898,1970000,747307,0.25,76.66385,67.27823,75.88818,87.60417,87.5,56.48441,93.8298,487mnSNu6t,87.711685,96.575,1.383187,2.65,0.0,201.56866,100.88,com.sec.android.app.shealth,84.10565,89.73474,52.71756,27978000,,,70.51316,7410982,0,73.913536,51.065838,80a17f5f-df5a-4176-95d8-5359329ce46c,66.17439,2025-09-17 00:00:00.000,0,1.1666666,0.8333333,
-1,60.1306,63030110,32.151657,8.044667,5.6115813,73.79137,1058680,232541,194.0,6292796,89.9422,1758179160000,130.83008,107.45859,63.23278,59.90474,-1,153034,,63030110,1.1160283,2025-09-18 10:31:49.049,2025-09-18 10:31:49.049,80.13461,3,0.0,4735002,0,128.5011,-1,92.89226,0.9481982,2752893,1406114,23.7,73.79137,68.493004,87.98952,88.111115,92.00001,56.100216,82.2755,487mnSNu6t,92.457535,95.64583,1.4335829,2.65,0.0,220.0,100.88,com.sec.android.app.shealth,84.712326,89.9422,52.438072,27755000,,,65.97754,8746063,0,73.37738,50.727146,42ca58db-06d1-495d-afa0-0b1738495843,66.56082,2025-09-18 00:00:00.000,0,1.1666666,0.8333333,
-1,65.62311,63030110,43.63403,8.513286,6.0851946,82.05119,1251704,341562,194.0,6259259,98.53779,1758265290000,140.6949,111.74462,63.124878,59.802517,-1,143129,,63030110,1.094846,2025-09-19 10:42:06.896,2025-09-19 10:42:06.896,83.12598,3,0.0,5301834,0,129.03351,-1,93.71706,0.6691635,3401175,1940728,0.35,82.05119,65.76576,97.08423,89.49074,86.5,56.345707,80.13124,487mnSNu6t,88.86989,93.42856,1.3990161,2.65,0.0,220.0,100.88,com.sec.android.app.shealth,84.84471,98.53779,57.84144,27222857,,,69.088554,9900163,0,73.71995,50.943565,594e0c1e-34b5-4039-a295-4f015ab638ef,66.44724,2025-09-19 00:00:00.000,0,1.1666666,0.8333333,
-1,50.82895,63030110,84.27719,1.6359042,4.1366153,97.38578,404689,60000,194.0,735701,89.53136,1758610800000,-1.0,0.0,62.11052,58.84154,-1,0,,63030110,0.38646245,2025-09-23 10:06:10.845,2025-09-23 10:06:10.845,83.97839,3,0.0,3157900,0,-1.0,-1,97.204506,0.9362187,1764368,771580,23.683332,97.38578,59.980988,-1.0,95.324066,91.83333,58.458603,95.37707,487mnSNu6t,92.55589,84.770836,0.39546925,2.65,0.0,-1.0,0.0,com.sec.android.app.shealth,94.5823,89.53136,70.640686,25117500,,,54.63712,6182273,0,76.6723,52.805264,ae1960f4-ebee-4049-939b-cfd1d2f7cc68,65.37949,2025-09-23 00:00:00.000,0,1.1666666,0.8333333,
-1,90.297424,63051050,80.10136,5.5405803,5.0486417,89.42731,871200,88855,194.0,3243143,99.46787,1758784260000,-1.0,0.0,61.64789,55.483097,-1,0,,63051050,0.2718534,2025-09-25 10:44:20.820,2025-09-25 10:44:20.820,91.78005,3,0.0,4352640,0,-1.0,-1,98.546906,0.9137529,2946365,1734691,0.033333335,89.42731,59.19691,-1.0,97.56946,89.66667,64.236916,82.7285,487mnSNu6t,91.57196,85.70833,1.0974398,2.65,0.0,-1.0,0.0,com.sec.android.app.shealth,96.188965,99.46787,64.8724,25370000,,,91.230415,8338314,0,84.78202,57.888203,ed6beb98-b78a-40df-aa85-7f858b0387f7,61.64789,2025-09-25 00:00:00.000,0,1.1666666,0.8333333,
-1,79.70877,63051050,85.354095,4.537132,4.742269,67.512566,788226,61171,194.0,2544252,77.56979,1758870720000,-1.0,0.0,61.11556,55.004,-1,0,,63051050,0.42192978,2025-09-26 10:22:09.541,2025-09-26 10:22:09.541,79.683624,3,0.0,4023621,0,-1.0,-1,97.38443,0.68766403,2557685,1419540,0.85,67.512566,64.16878,-1.0,95.625015,96.5,62.205864,83.31728,487mnSNu6t,84.8071,84.38889,0.9567428,2.65,0.0,-1.0,0.0,com.sec.android.app.shealth,94.0851,77.56979,51.959408,24980000,,,96.10686,7622429,0,81.9257,56.102943,d89f49af-4499-4123-9977-4f5cf1103f6e,61.11556,2025-09-26 00:00:00.000,0,1.1666666,0.8333333,
-1,60.81816,63051050,97.36935,2.3446245,3.8072648,57.98246,342753,60000,194.0,1395535,74.80046,1759128210000,-1.0,0.0,62.936466,56.64282,-1,0,,63051050,0.5026794,2025-09-29 10:14:47.932,2025-09-29 10:14:47.932,71.796524,3,0.0,2940246,0,-1.0,-1,97.01076,0.70556307,1772281,858538,0.5833333,57.98246,68.39919,-1.0,95.0,99.166664,58.20052,97.38393,487mnSNu6t,82.840675,82.395836,0.6158291,2.65,0.0,-1.0,0.0,com.sec.android.app.shealth,92.953094,74.80046,47.434418,24262500,,,70.42462,5838441,0,76.31128,52.577957,c87da316-38fc-46d4-ae6f-a5f2f1725814,62.936466,2025-09-29 00:00:00.000,0,1.1666666,0.8333333,
-1,87.99915,63051050,69.30052,2.7914019,3.7364013,94.9077,274773,60000,194.0,2331489,94.01998,1759220940000,-1.0,0.0,62.54458,56.29012,-1,0,,63051050,0.82784384,2025-09-30 11:45:24.692,2025-09-30 09:47:02.515,91.55391,3,0.0,2823919,0,-1.0,-1,93.6617,0.2969697,1712756,816020,0.05,94.9077,58.41343,-1.0,89.39815,89.5,56.546955,99.39001,487mnSNu6t,92.08104,84.729164,0.747083,2.65,0.0,-1.0,0.0,com.sec.android.app.shealth,88.394714,94.01998,62.948387,25102500,,,79.82498,5703232,0,74.000824,51.12097,77528654-b731-4c95-88fd-212bb9f667da,62.54458,2025-09-30 00:00:00.000,0,1.1666666,0.8333333,
-1,50.919197,63051050,91.37848,1.9459739,3.4072487,79.178314,120000,60000,194.0,792393,99.75558,1759304100000,-1.0,0.0,62.608753,56.347878,-1,0,,63051050,0.74521434,2025-10-01 10:40:58.874,2025-10-01 10:40:58.874,82.6888,3,0.0,2435889,0,-1.0,-1,93.4818,0.3549884,1436268,618528,0.4,79.178314,62.86598,-1.0,89.09723,85.99999,56.87443,91.3923,487mnSNu6t,94.3745,85.225006,0.57112765,2.65,0.0,-1.0,0.0,com.sec.android.app.shealth,89.55307,99.75558,57.124645,25254000,,,66.40148,5075209,0,74.45805,51.409595,fa2db093-7658-4af7-a5e6-de2a2ef4fda6,62.608753,2025-10-01 00:00:00.000,0,1.1666666,0.8333333,
-1,1.0,63051050,36.208866,10.597923,5.510292,55.247276,1096334,304386,194.0,5516689,77.69202,1759474920000,131.37592,109.3469,65.53239,58.979145,-1,3206505,,63051050,0.9107265,2025-10-03 10:47:55.956,2025-10-03 10:47:55.956,58.315712,3,0.0,4620503,0,145.43721,-1,91.94566,0.6239554,2354430,1031960,1.05,55.247276,72.45148,70.85076,86.52777,94.5,53.024693,31.534096,487mnSNu6t,84.11116,83.895836,1.9232961,2.65,0.0,194.0,100.88,com.sec.android.app.shealth,87.23281,77.69202,44.653965,24802500,,,38.28307,8239422,0,69.0945,48.013817,c4ef20b2-7a37-4bf0-82b7-b347eb867911,65.53239,2025-10-03 00:00:00.000,0,1.1666666,0.8333333,
-1,50.915928,63051050,85.49331,6.2209487,5.6146603,85.61949,1037084,215408,194.0,1305493,93.26998,1759659150000,-1.0,0.0,65.09196,58.58276,-1,0,,63051050,0.9741008,2025-10-05 13:58:26.799,2025-10-05 13:58:26.799,83.22653,3,0.0,4693546,0,-1.0,-1,88.85263,0.15197569,2630853,1283335,1.9833333,85.61949,63.330246,-1.0,81.35417,85.16667,54.63495,79.75687,487mnSNu6t,84.5656,87.35,1.1079831,2.65,0.0,-1.0,0.0,com.sec.android.app.shealth,86.34438,93.26998,61.58007,25764000,,,90.28152,8627310,0,71.334885,49.434914,da749e56-c220-40c0-8087-eb1de3ceac1a,65.09196,2025-10-05 00:00:00.000,0,1.1666666,0.8333333,
-1,59.5662,63051050,95.76616,4.3919783,5.2141924,76.64969,814496,60000,194.0,1845366,95.50382,1759737840000,-1.0,0.0,64.535416,58.08187,-1,0,,63051050,0.84624016,2025-10-06 11:30:01.104,2025-10-06 11:30:01.104,82.860245,3,0.0,4210160,0,-1.0,-1,87.8147,0.51781476,2294460,1043054,1.05,76.64969,65.616486,-1.0,79.61806,94.5,57.79162,83.65211,487mnSNu6t,92.0195,89.975,0.8423123,2.65,0.0,-1.0,0.0,com.sec.android.app.shealth,88.136826,95.50382,62.671825,26394000,,,85.808105,7863218,0,75.73952,52.21777,d70106b0-8e88-4893-aef0-da57faca4428,64.535416,2025-10-06 00:00:00.000,0,1.1666666,0.8333333,
-1,37.701374,63051050,49.645134,8.081383,6.0842447,84.58154,1169852,293912,194.0,5242201,92.49787,1759819380000,133.61096,109.10329,65.68984,59.120857,-1,1716303,,63051050,0.7288044,2025-10-07 10:05:06.111,2025-10-07 10:05:06.111,82.54171,3,0.0,5067790,0,137.42114,-1,86.6107,0.90547264,2897826,1437607,0.016666668,84.58154,64.185036,81.890625,77.60417,89.83333,58.246326,71.2847,487mnSNu6t,91.48081,85.325,1.3282474,2.65,0.0,194.0,100.88,com.sec.android.app.shealth,89.78311,92.49787,66.700294,25278000,,,75.30515,9395799,0,76.37535,52.618313,ff1dd883-6019-4402-887c-76ecdd67e441,65.68984,2025-10-07 00:00:00.000,0,1.1666666,0.8333333,
-1,53.655144,63051050,58.101357,9.725784,7.0027647,84.555756,1498578,507104,194.0,5488087,98.047134,1759908540000,142.68497,115.02639,66.01985,59.417866,-1,1385313,,63051050,0.7246074,2025-10-08 22:24:41.317,2025-10-08 22:24:41.317,83.56904,3,0.0,5910640,0,138.6692,-1,86.6107,0.4028436,3620832,1940168,0.45,84.555756,64.516,89.35571,77.60417,85.5,59.059227,88.427185,487mnSNu6t,89.63898,84.916664,1.3888493,2.65,0.0,194.0,100.88,com.sec.android.app.shealth,89.84195,98.047134,61.187336,25170000,,,70.00357,11099785,0,77.512856,53.334175,8c6ceb72-63f7-4d14-bb76-8a8746f4d6a6,66.01985,2025-10-08 00:00:00.000,0,1.1666666,0.8333333,
-1,73.132614,63051050,77.6746,9.775281,7.2556734,86.75124,1621426,615281,194.0,4524622,96.520584,1759994940000,149.4913,119.3265,65.615166,59.053646,-1,1258412,,63051050,0.66357666,2025-10-09 10:34:31.233,2025-10-09 10:34:31.233,85.39102,3,0.0,6098771,0,140.17938,-1,89.10589,0.6885645,3886814,2145452,0.6333333,86.75124,63.59176,94.26105,81.77779,98.66667,59.81127,95.82393,487mnSNu6t,89.04576,84.68056,1.3472604,2.65,0.0,194.0,100.88,com.sec.android.app.shealth,90.697525,96.520584,63.71758,25085000,,,73.746574,11635874,0,78.56613,53.996243,ad952348-1e0b-483b-a9a1-0526438e28ef,65.615166,2025-10-09 00:00:00.000,0,1.1666666,0.8333333,
-1,74.44228,63051050,70.319,10.016405,7.657557,75.06593,1723329,685130,194.0,5455323,83.41821,1760082120000,154.7227,122.28582,64.56648,58.109833,-1,891558,,63051050,0.50185823,2025-10-10 10:48:17.111,2025-10-10 10:48:17.111,80.92169,3,0.0,6343317,0,142.87827,-1,92.87564,0.8899522,4249655,2411842,0.73333335,75.06593,66.15936,95.95459,88.08333,97.666664,61.91438,90.964966,487mnSNu6t,89.11774,86.979164,1.3080418,2.65,0.0,194.0,100.88,com.sec.android.app.shealth,92.96461,83.41821,54.942837,25675000,,,76.51749,12427926,0,81.516266,55.846607,964cb26e-4000-4572-9b82-b1f000f42d84,64.56648,2025-10-10 00:00:00.000,0,1.1666666,0.8333333,
-1,52.41472,63051050,82.72026,4.5192833,6.3693137,86.44882,1189624,315725,194.0,1614933,94.49823,1760251500000,-1.0,0.0,64.42935,57.986416,-1,0,,63051050,1.3173559,2025-10-12 16:25:08.172,2025-10-12 10:11:07.015,66.266495,3,0.0,5078477,0,-1.0,-1,90.79979,0.21100917,3317812,1789177,4.9333334,86.44882,62.50746,-1.0,84.611115,70.33333,61.562553,77.77434,487mnSNu6t,30.640404,78.26389,0.70954007,2.65,0.0,-1.0,0.0,com.sec.android.app.shealth,83.454025,94.49823,59.280136,22775000,,,77.5724,10120240,0,81.02229,55.537178,98efb325-357c-4fdb-a6ff-b0b8dbf9b74f,64.42935,2025-10-12 00:00:00.000,0,1.1666666,0.8333333,
-1,53.040123,63051050,86.63324,3.3152542,5.794634,77.14644,895001,99951,194.0,1520082,90.4863,1760344260000,-1.0,0.0,64.375626,57.93806,-1,0,,63051050,1.409298,2025-10-14 11:21:12.023,2025-10-14 11:21:12.023,76.09654,3,0.0,4432978,0,-1.0,-1,87.24591,0.667382,2835081,1444369,0.75,77.14644,65.29412,-1.0,78.66667,97.5,60.549995,82.485664,487mnSNu6t,76.642525,79.51389,0.5721249,2.65,0.0,-1.0,0.0,com.sec.android.app.shealth,82.87939,90.4863,56.73573,23225000,,,66.49124,9023751,0,79.6016,54.646362,638afa0f-ed90-4ccf-8f52-5cc9cd5c0a55,64.375626,2025-10-13 00:00:00.000,0,1.1666666,0.8333333,
-1,80.61514,63051050,74.12814,3.889284,5.095092,77.985214,695911,60000,194.0,2788960,99.91957,1760598390000,-1.0,0.0,64.87149,58.38434,-1,0,,63051050,1.6523658,2025-10-16 10:19:46.716,2025-10-16 10:19:46.716,82.29797,3,0.0,3777991,0,-1.0,-1,78.16597,0.890933,2142010,919189,0.76666665,77.985214,65.525,-1.0,65.18518,97.33333,57.065266,84.904434,487mnSNu6t,82.283936,76.166664,0.76333934,2.65,0.0,-1.0,0.0,com.sec.android.app.shealth,81.360214,99.91957,57.034336,22020000,,,80.80036,7583569,0,74.72456,51.577778,9337805c-047e-4a2d-8468-d39bc82a5096,64.87149,2025-10-16 00:00:00.000,0,1.1666666,0.8333333,
-1,65.80359,63051050,72.41666,2.7438588,4.1431136,62.804993,306174,60000,194.0,1683879,82.492676,1760867490000,-1.0,0.0,67.62949,60.866543,-1,0,,63051050,1.294939,2025-10-19 13:42:58.488,2025-10-19 13:42:58.488,75.72188,3,0.0,2757833,0,-1.0,-1,88.54126,0.8361087,1101080,106732,0.35,62.804993,72.06937,-1.0,80.83334,86.5,53.48906,98.32788,487mnSNu6t,82.77198,98.08333,0.6622698,2.65,0.0,-1.0,0.0,com.sec.android.app.shealth,83.59413,82.492676,47.230785,28340000,,,74.60429,5525926,0,69.74012,48.423748,017eb220-8e0e-4969-a62a-a53421e30e10,67.62949,2025-10-19 00:00:00.000,0,1.1666666,0.8333333,
-1,53.667374,63051050,69.88548,2.1723428,3.6409297,80.26651,131371,60000,194.0,987160,90.777435,1761130380000,-1.0,0.0,68.75137,61.876236,-1,0,,63051050,1.4679128,2025-10-22 13:59:21.116,2025-10-22 13:59:21.116,79.472015,3,0.0,2219513,0,-1.0,-1,86.71449,0.4822695,401275,60000,1.4833333,80.26651,68.65976,-1.0,77.77779,90.166664,50.394775,93.39888,487mnSNu6t,82.537506,93.75,0.59664506,2.65,0.0,-1.0,0.0,com.sec.android.app.shealth,82.51305,90.777435,47.448044,30300000,,,68.69806,4289788,0,65.44521,45.6905,c2529708-80f8-4f02-97a6-410a3db23ea4,68.75137,2025-10-22 00:00:00.000,0,1.1666666,0.8333333,
-1,1.0,63051050,1.0,8.64783,5.2094927,89.995735,764218,74056,194.0,8221356,93.98407,1761215520000,120.64718,102.79554,68.92903,62.036125,-1,1830445,,63051050,0.16135074,2025-10-23 13:52:19.381,2025-10-23 13:52:19.381,75.54399,3,0.0,3835438,0,129.15083,-1,91.90415,0.80238503,1717577,467299,0.75,89.995735,66.05797,75.47296,86.45834,97.5,50.30037,50.681534,487mnSNu6t,85.0,79.361115,1.6600138,2.65,0.0,194.0,100.88,com.sec.android.app.shealth,97.738075,93.98407,55.855606,34430000,,,51.7906,7281315,0,65.31447,45.607044,4318fe87-3cf6-4da7-83f9-0a1538eac209,68.92903,2025-10-23 00:00:00.000,0,1.1666666,0.8333333,
-1,7.076343,63051050,14.972624,13.056677,6.899107,80.56853,1431155,509502,194.0,9056685,99.65068,1761287310000,135.49536,113.20333,68.863785,61.977406,-1,2099004,,63051050,1.3735219,2025-10-24 09:42:43.142,2025-10-24 09:42:43.142,76.13373,3,0.0,5532513,0,133.39958,-1,86.714485,0.7360208,3041287,1385501,0.06666667,80.56853,68.66803,87.82044,77.77777,89.33333,50.33601,68.26142,487mnSNu6t,97.79058,88.375,1.892517,2.65,0.0,194.0,100.88,com.sec.android.app.shealth,83.10299,99.65068,50.22129,31590000,,,39.862175,10409535,0,65.363815,45.638554,cf9f82da-ec3c-485a-abec-c1166993059c,68.863785,2025-10-24 00:00:00.000,0,1.1666666,0.8333333,
-1,66.37735,63051050,56.090874,11.79402,7.369017,90.87849,1588915,603564,194.0,5695534,93.5394,1761387060000,140.3169,115.86046,68.1045,61.29405,-1,1060313,,63051050,1.3961594,2025-10-25 13:45:36.207,2025-10-25 13:45:36.207,79.53236,3,0.0,5973732,0,135.40631,-1,84.64844,0.7763578,3522703,1754139,23.75,90.87849,65.06738,91.02365,74.40973,92.5,52.445385,98.90616,487mnSNu6t,75.0,83.93333,1.6004875,2.65,0.0,194.0,100.88,com.sec.android.app.shealth,82.9615,93.5394,58.76065,32784000,,,54.844555,11392815,0,68.28958,47.502296,1794515a-00d9-4db5-8e49-b2fbcfea6025,68.1045,2025-10-25 00:00:00.000,0,1.1666666,0.8333333,
-1,82.20896,63051050,56.075546,5.86481,6.4058113,83.93265,1026334,142966,194.0,4874225,87.18028,1761720120000,127.81963,104.63264,66.16412,59.54771,-1,514222,,63051050,1.7986432,2025-10-29 09:57:00.594,2025-10-29 09:57:00.594,90.32663,3,0.0,4957321,0,128.08875,-1,78.16597,0.6932668,2984027,1446632,0.016666668,83.93265,64.86312,84.767876,65.18518,89.83333,54.276173,97.6082,487mnSNu6t,98.788506,95.09375,0.9155452,2.65,0.0,194.0,100.88,com.sec.android.app.shealth,80.445984,87.18028,49.836464,29977500,,,92.39908,9825435,0,70.83533,49.118378,f1cc558a-1b5e-4cbc-8521-746ebf34d4e6,66.16412,2025-10-29 00:00:00.000,0,1.1666666,0.8333333,
-1,55.149094,63051050,93.571686,4.1327434,6.043323,67.78258,974703,153823,194.0,1764184,89.56276,1761989760000,-1.0,0.0,68.209335,61.3884,-1,0,,63051050,0.9000001,2025-11-01 13:02:23.872,2025-11-01 13:02:23.872,78.67662,3,0.0,4627619,0,-1.0,-1,79.20708,0.7033399,2800169,1349772,1.1166667,67.78258,71.55556,-1.0,66.66667,93.83333,47.810566,81.25222,487mnSNu6t,88.91093,93.75,0.6838528,2.65,0.0,-1.0,0.0,com.sec.android.app.shealth,87.38318,89.56276,44.70003,27300000,,,76.031166,9254439,0,61.871735,43.404602,3a29b105-51b3-493c-8a06-3063aa2d06c1,68.209335,2025-11-01 00:00:00.000,0,1.1666666,0.8333333,
-1,62.70504,63051050,98.12984,5.2738085,6.3275714,93.38866,1020031,153419,194.0,2414856,90.440796,1762151910000,-1.0,0.0,66.35394,59.718548,-1,0,,63051050,1.1737944,2025-11-03 10:09:32.583,2025-11-03 10:09:32.583,84.94037,3,0.0,4876454,0,-1.0,-1,81.89115,0.50516987,3079496,1560879,1.0,93.38866,62.64314,-1.0,70.486115,95.0,52.345997,81.459335,487mnSNu6t,84.40481,84.36111,0.83346486,2.65,0.0,-1.0,0.0,com.sec.android.app.shealth,84.35129,90.440796,61.931385,24970000,,,85.01183,9837342,0,68.15156,47.414528,f61f1a8b-3592-4a2b-b122-02ffeea2511f,66.35394,2025-11-03 00:00:00.000,0,1.1666666,0.8333333,
-1,76.866,63051050,83.48418,4.7402353,6.028753,93.58661,928219,96875,194.0,3028797,99.50621,1762238220000,-1.0,0.0,65.11153,58.600372,-1,0,,63051050,1.199253,2025-11-04 10:02:38.857,2025-11-04 10:02:38.857,83.918106,3,0.0,4627704,0,-1.0,-1,87.96001,0.8384146,2919134,1472234,1.15,93.58661,61.38428,-1.0,79.8611,93.5,53.006317,82.66943,487mnSNu6t,76.69545,80.6875,0.78627133,2.65,0.0,-1.0,0.0,com.sec.android.app.shealth,84.19217,99.50621,53.470203,23647500,,,82.17628,9357843,0,69.06897,47.997597,1589ab0e-2d67-4293-ac10-0a7e8134f060,65.11153,2025-11-04 00:00:00.000,0,1.1666666,0.8333333,
-1,90.86375,63051050,58.029305,4.800314,5.5726447,81.23935,823654,60000,194.0,4328737,97.77749,1762413960000,126.48533,101.88,65.05994,58.55394,-1,57740,,63051050,1.1987606,2025-11-06 10:31:34.814,2025-11-06 10:31:34.814,83.38252,3,0.0,4377912,0,131.41176,-1,93.05278,0.9088542,2837181,1499746,1.0333333,81.23935,64.65678,81.031845,88.37962,94.666664,54.598125,86.2318,487mnSNu6t,79.35014,79.979164,0.8614068,2.65,0.0,194.0,100.88,com.sec.android.app.shealth,84.195244,97.77749,56.798553,23392500,,,87.52661,8788767,0,71.28361,49.40243,1092c6fd-51e9-4c30-a7c2-57408a794422,65.05994,2025-11-06 00:00:00.000,0,1.1666666,0.8333333,
-1,85.36827,63051050,66.358246,3.1538343,4.303867,83.53853,195373,60000,194.0,2595000,99.012146,1762843290000,-1.0,0.0,63.532715,57.179443,-1,0,,63051050,0.4041667,2025-11-11 10:04:25.982,2025-11-11 10:04:25.982,80.964325,3,0.0,3032723,0,-1.0,-1,95.93132,0.5067064,1780992,748064,1.1,83.53853,62.408653,-1.0,93.19446,94.0,56.8041,94.19252,487mnSNu6t,72.73422,74.9375,0.7327909,2.65,0.0,-1.0,0.0,com.sec.android.app.shealth,94.33411,99.012146,56.427555,21585000,,,78.96745,6377522,0,74.35985,51.34761,003febd2-ee5d-4da1-a98f-37299b4a1bd3,63.532715,2025-11-11 00:00:00.000,0,1.1666666,0.8333333,
-1,52.479008,63051050,91.77855,2.260679,3.8695712,84.07002,120000,60000,194.0,984617,98.398674,1762936020000,-1.0,0.0,62.892776,56.603497,-1,0,,63051050,0.89033735,2025-11-12 11:58:07.994,2025-11-12 11:58:07.994,82.08227,3,0.0,2524279,0,-1.0,-1,92.56842,0.78064513,1194457,265760,0.7,84.07002,61.612904,-1.0,87.56946,98.0,58.82822,87.00352,487mnSNu6t,85.02278,80.80556,0.5842195,2.65,0.0,-1.0,0.0,com.sec.android.app.shealth,87.51864,98.398674,60.559185,23690000,,,67.57976,5327160,0,77.1895,53.130764,1c057cf5-a7a9-402e-9536-aff80fe3571e,62.892776,2025-11-12 00:00:00.000,0,1.1666666,0.8333333,
-1,86.181366,63051050,37.642567,3.1113234,3.6504526,90.63365,120000,60000,194.0,3031880,89.948814,1763105340000,-1.0,0.0,60.682472,54.614223,-1,0,,63051050,0.8835167,2025-11-14 10:48:46.162,2025-11-14 10:48:46.162,88.220024,3,0.0,2289068,0,-1.0,-1,91.57201,0.88010204,1010398,134289,0.95,90.63365,58.025864,-1.0,85.90279,95.5,66.04691,82.83541,487mnSNu6t,86.50203,81.25,0.8523117,2.65,0.0,-1.0,0.0,com.sec.android.app.shealth,87.61426,89.948814,79.64321,23850000,,,86.70805,4909081,0,87.33255,59.477978,7943ab7a-39cf-4b7d-aba8-26dcb4bb2193,60.682472,2025-11-14 00:00:00.000,0,1.1666666,0.8333333,
-1,45.353874,63060070,94.58887,1.9878762,3.3769352,82.7525,120000,60000,194.0,521594,90.59479,1763537520000,-1.0,0.0,57.23812,51.51431,-1,0,,63060070,0.13333344,2025-11-19 10:43:02.974,2025-11-19 10:43:02.974,78.94791,3,0.0,1952999,0,-1.0,-1,98.671455,0.073529415,780641,60000,0.73333335,82.7525,56.450382,-1.0,97.77779,97.666664,75.307655,76.087875,487mnSNu6t,81.487564,81.666664,0.5886628,2.65,0.0,-1.0,0.0,com.sec.android.app.shealth,98.13084,90.59479,70.375114,24000000,,,67.97965,4387209,0,100.452736,67.59557,ff413633-4352-418c-ac38-fbeb66526031,57.23812,2025-11-19 00:00:00.000,0,1.1666666,0.8333333,
-1,24.84837,63060070,26.399334,6.725891,4.4286275,67.32232,481470,60000,194.0,5144839,94.283585,1763709300000,117.390205,101.88,59.458527,53.512672,-1,1102238,,63060070,0.38333344,2025-11-21 10:43:55.048,2025-11-21 10:43:55.048,69.82864,3,0.0,3283887,0,132.96199,-1,96.18042,0.80662984,1993656,930786,1.2166667,67.32232,62.466667,68.36763,93.611115,92.833336,68.023445,60.428215,487mnSNu6t,80.26147,79.166664,1.5187304,2.65,0.0,194.0,100.88,com.sec.android.app.shealth,94.62616,94.283585,65.34289,23100000,,,59.039047,6723432,0,90.123085,61.212784,879d0ec6-6ff7-4549-bbd1-348b25a60ce9,59.458527,2025-11-21 00:00:00.000,0,1.1666666,0.8333333,
-1,73.9153,63060070,81.78548,4.728921,4.173373,77.95227,437299,60000,194.0,1967004,98.001976,1763802360000,-1.0,0.0,59.764477,53.78803,-1,0,,63060070,0.45480976,2025-11-22 12:11:26.043,2025-11-22 12:11:26.043,81.70452,3,0.0,3102396,0,-1.0,-1,91.57201,0.9531616,1806018,804409,1.9833333,77.95227,60.376385,-1.0,85.90279,85.16667,69.322464,93.094795,487mnSNu6t,81.02346,81.5,1.1331172,2.65,0.0,-1.0,0.0,com.sec.android.app.shealth,93.62416,98.001976,71.98158,23940000,,,88.019455,6263182,0,91.96,62.352272,8b2da3b8-fdd0-4687-8250-3984fd6bc1f2,59.764477,2025-11-22 00:00:00.000,0,1.1666666,0.8333333,
-1,6.5765247,63060070,21.301495,9.184896,5.3676643,67.55763,995568,232839,194.0,6724494,84.23465,1763894010000,130.41116,107.78662,60.773476,54.696125,-1,1896598,,63060070,1.7165085,2025-11-23 14:33:10.325,2025-11-23 14:33:10.325,60.851097,3,0.0,4389713,0,132.55806,-1,88.76268,0.8659794,2521124,1232884,0.05,67.55763,63.800476,83.10214,81.203705,89.5,66.758446,56.89911,487mnSNu6t,74.77295,94.21875,1.7111533,2.65,0.0,194.0,100.88,com.sec.android.app.shealth,80.95932,84.23465,59.621468,27412500,,,49.166916,8253789,0,88.336464,60.102657,013fce68-dbda-4bcc-b7be-eb274eafdfd1,60.773476,2025-11-23 00:00:00.000,0,1.1666666,0.8333333,
-1,45.856052,63060070,83.19686,5.127248,4.768334,79.84071,712554,60000,194.0,770111,98.27959,1763968710000,-1.0,0.0,60.78558,54.70702,-1,0,,63060070,1.6305537,2025-11-24 10:28:45.685,2025-11-24 10:28:45.685,84.29083,3,0.0,3727724,0,-1.0,-1,86.25781,0.6622163,2017686,873286,1.0666667,79.84071,60.833992,-1.0,77.0139,94.33333,67.29773,83.96722,487mnSNu6t,94.4492,90.100006,1.0752703,2.65,0.0,-1.0,0.0,com.sec.android.app.shealth,81.49654,98.27959,69.49886,26424000,,,93.22567,7110267,0,89.09784,60.575985,99b676f2-4ce8-4955-9ecc-34fb8b7ac16a,60.78558,2025-11-24 00:00:00.000,0,1.1666666,0.8333333,
-1,76.179,63060070,78.17228,4.158119,4.646529,87.23512,628459,60000,194.0,2296073,92.98477,1764053160000,-1.0,0.0,60.39362,54.354256,-1,0,,63060070,1.4949735,2025-11-25 10:21:59.850,2025-11-25 10:21:59.850,89.163956,3,0.0,3566608,0,-1.0,-1,87.01341,0.78708136,1915370,800203,23.8,87.23512,58.433823,-1.0,78.27779,92.99999,66.64013,86.44479,487mnSNu6t,92.839516,89.16667,0.89488715,2.65,0.0,-1.0,0.0,com.sec.android.app.shealth,82.34392,92.98477,63.447235,26200000,,,90.53984,6877864,0,88.16949,59.998802,7479f608-cbed-4a7b-bd33-50390b9b7385,60.39362,2025-11-25 00:00:00.000,0,1.1666666,0.8333333,
-1,62.296417,63060070,81.42943,3.2463007,4.442269,81.84842,574896,60000,194.0,1680827,98.322525,1764144690000,-1.0,0.0,61.06939,54.96245,-1,0,,63060070,1.4796361,2025-11-26 11:43:28.642,2025-11-26 11:43:28.642,84.01979,3,0.0,3291720,0,-1.0,-1,85.5354,0.77689695,1490489,424345,0.8333333,81.84842,60.504982,-1.0,75.80556,96.66667,66.24831,86.750595,487mnSNu6t,90.2829,90.5625,0.73077536,2.65,0.0,-1.0,0.0,com.sec.android.app.shealth,82.43977,98.322525,68.352196,26535000,,,78.84652,6234833,0,87.616646,59.654816,24a55c65-a323-4867-86e2-dbd71361a357,61.06939,2025-11-26 00:00:00.000,0,1.1666666,0.8333333,
-1,89.93521,63060070,60.856773,3.1968837,3.9201488,86.736664,415207,60000,194.0,2506863,99.75432,1764313620000,-1.0,0.0,60.417892,54.376102,-1,0,,63060070,1.4423281,2025-11-28 10:14:32.208,2025-11-28 10:14:32.208,88.48604,3,0.0,3010395,0,-1.0,-1,87.06325,0.7089947,1592896,652061,0.81666666,86.736664,58.557693,-1.0,78.361115,96.83333,66.405525,93.641136,487mnSNu6t,86.79031,91.22917,0.81550056,2.65,0.0,-1.0,0.0,com.sec.android.app.shealth,82.67295,99.75432,66.29154,26695000,,,83.93003,5779616,0,87.83843,59.792824,bc605756-c06f-4830-9a9e-a92087742d06,60.417892,2025-11-28 00:00:00.000,0,1.1666666,0.8333333,
-1,53.863914,63060070,99.48248,2.7268217,3.7094598,77.33803,353550,60000,194.0,1015972,99.15309,1764571740000,-1.0,0.0,59.42916,53.486244,-1,0,,63060070,0.38126123,2025-12-01 10:07:46.412,2025-12-01 10:07:46.412,81.577866,3,0.0,2798843,0,-1.0,-1,92.69297,0.93842363,1445749,555479,0.05,77.33803,60.22015,-1.0,87.77777,89.5,65.86965,95.69805,487mnSNu6t,87.85828,83.479164,0.7350994,2.65,0.0,-1.0,0.0,com.sec.android.app.shealth,94.65522,99.15309,65.481445,24652500,,,79.105965,5407452,0,87.08255,59.322334,8f6435aa-2baa-41de-9c12-9849b34f314e,59.42916,2025-12-01 00:00:00.000,0,1.1666666,0.8333333,
-1,97.65829,63060070,52.047707,3.255412,3.6880436,92.923,349154,60000,194.0,2724482,97.6942,1764658650000,-1.0,0.0,58.726955,52.85426,-1,0,,63060070,0.3946032,2025-12-02 10:29:10.176,2025-12-02 10:29:10.176,90.819595,3,0.0,2780329,0,-1.0,-1,95.57149,0.9169859,1427759,542629,0.43333334,92.923,55.625,-1.0,92.59259,85.666664,66.740746,95.827324,487mnSNu6t,85.23962,82.375,0.88269347,2.65,0.0,-1.0,0.0,com.sec.android.app.shealth,94.46818,97.6942,65.67194,24255000,,,89.44241,5366590,0,88.31149,60.087097,50df4c46-5f1b-4752-9436-7681dea5893e,58.726955,2025-12-02 00:00:00.000,0,1.1666666,0.8333333,
-1,95.41868,63060070,39.929714,3.3524146,3.6264272,74.54718,335958,60000,194.0,2478117,93.30759,1764832770000,-1.0,0.0,58.652565,52.787308,-1,0,,63060070,0.26464066,2025-12-04 10:45:13.351,2025-12-04 10:45:13.351,84.45152,3,0.0,2692815,0,-1.0,-1,96.5679,0.70630205,586339,60000,0.31666666,74.54718,60.20741,-1.0,94.25925,86.83333,69.051315,95.9702,487mnSNu6t,88.02414,81.5,0.9244401,2.65,0.0,-1.0,0.0,com.sec.android.app.shealth,96.290085,93.30759,78.32064,23940000,,,93.199615,4459363,0,91.57637,62.114456,231a37fc-8892-44b9-bfec-5cde53c4dc37,58.652565,2025-12-04 00:00:00.000,0,1.1666666,0.8333333,
-1,43.126774,63060070,20.239586,5.479308,4.1589284,81.900894,569171,60000,194.0,5020355,97.77792,1764918480000,117.29373,101.88,58.498856,52.648968,-1,285789,,63060070,0.22840784,2025-12-05 10:44:04.702,2025-12-05 10:44:04.702,81.24169,3,0.0,3298312,0,131.84174,-1,97.37058,0.9064935,1701556,703413,0.71666664,81.900894,57.942856,65.322845,95.60185,97.833336,71.172714,98.862114,487mnSNu6t,84.99308,81.791664,1.3174808,2.65,0.0,194.0,100.88,com.sec.android.app.shealth,96.79802,97.77792,74.23467,24045000,,,75.95116,6143293,0,94.580414,63.974342,bfe81d35-1c18-4a33-a5a4-fbf4ff3426d8,58.498856,2025-12-05 00:00:00.000,0,1.1666666,0.8333333,
-1,93.02597,63060070,51.441597,5.0148473,4.2231383,62.681396,579139,60000,194.0,3276278,87.62065,1765014240000,-1.0,0.0,59.481216,53.533092,-1,0,,63060070,0.94403696,2025-12-06 13:16:26.476,2025-12-06 13:16:26.476,82.16421,3,0.0,3350415,0,-1.0,-1,94.74808,0.6233766,1755492,741939,0.75,62.681396,63.41066,-1.0,91.21529,97.5,69.67896,87.10123,487mnSNu6t,93.73108,87.100006,1.1874694,2.65,0.0,-1.0,0.0,com.sec.android.app.shealth,86.76584,87.62065,63.83728,25704000,,,83.75184,6265804,0,92.464516,62.66488,f6bc0384-987e-4e59-a4a3-8a7f0090a980,59.481216,2025-12-06 00:00:00.000,0,1.1666666,0.8333333,
-1,38.744114,63060070,29.62027,7.1998043,4.902426,57.822365,866981,139398,194.0,5802048,82.69675,1765092660000,128.871,105.38055,60.543556,54.4892,-1,602178,,63060070,0.94749516,2025-12-07 11:06:47.993,2025-12-07 11:06:47.993,71.34757,3,0.0,4104727,0,131.64598,-1,92.90887,0.73424655,2535335,1358753,1.4333334,57.822365,65.85526,82.637344,88.138885,90.66667,67.89421,95.91849,487mnSNu6t,87.844955,84.63889,1.4686208,2.65,0.0,194.0,100.88,com.sec.android.app.shealth,86.71736,82.69675,59.633327,25070000,,,62.824127,7771126,0,89.94046,61.099403,cbc9231c-28bb-4bd4-929a-cfbf7caa94c6,60.543556,2025-12-07 00:00:00.000,0,1.1666666,0.8333333,
-1,25.497429,63060070,48.466385,10.202372,6.078202,59.185936,1095392,380938,194.0,5475765,77.469055,1765176240000,144.57817,116.076675,61.590736,55.43166,-1,1077865,,63060070,1.3893,2025-12-08 10:09:27.249,2025-12-08 10:09:27.249,57.615494,3,0.0,4274713,0,173.44635,-1,91.613525,0.546875,3033169,1574401,2.4666667,59.185936,66.50323,59.779984,85.97223,82.666664,65.686134,85.73599,487mnSNu6t,62.98518,80.47222,1.678518,2.65,0.0,194.0,100.88,com.sec.android.app.shealth,83.00438,77.469055,54.678757,23570000,,,50.841248,9524689,0,86.82378,59.161205,55f851db-8c62-480c-a2ce-b61227837c14,61.590736,2025-12-08 00:00:00.000,0,1.1666666,0.8333333,
-1,76.48587,63060070,83.4958,7.090254,5.7534814,82.69096,957092,280806,194.0,2864257,94.14541,1765262910000,-1.0,0.0,62.615387,56.353848,-1,0,,63060070,1.3925534,2025-12-09 21:49:05.104,2025-12-09 21:49:05.104,82.1558,3,0.0,3966561,0,-1.0,-1,89.57088,0.76866585,2760404,1379568,0.0,82.69096,61.772907,-1.0,82.55556,90.0,67.142914,76.69561,487mnSNu6t,80.30321,80.94444,1.2323415,2.65,0.0,-1.0,0.0,com.sec.android.app.shealth,82.98404,94.14541,74.90995,23740000,,,81.05951,8905122,0,88.87923,60.440117,38ad4c73-f709-474b-879e-e1c3d855642c,62.615387,2025-12-09 00:00:00.000,0,1.1666666,0.8333333,
-1,45.171585,63060070,85.77115,2.4852319,4.562311,74.054245,482684,60000,194.0,693013,92.85749,1765441440000,-1.0,0.0,61.783405,55.605064,-1,0,,63060070,1.5353982,2025-12-11 11:53:25.738,2025-12-11 11:53:25.738,79.3295,3,0.0,2869089,0,-1.0,-1,88.47482,0.50901806,1759821,664866,0.083333336,74.054245,55.21552,-1.0,80.72223,89.16667,66.761375,87.997734,487mnSNu6t,92.88173,83.125,0.5447309,2.65,0.0,-1.0,0.0,com.sec.android.app.shealth,82.09126,92.85749,76.28583,24525000,,,64.02578,6632370,0,88.34059,60.10521,db014c04-19ec-4b99-be1d-48f2d64e6496,61.783405,2025-12-11 00:00:00.000,0,1.1666666,0.8333333,
-1,6.3791113,63070030,32.830738,8.35877,5.39694,77.45563,839662,199876,194.0,5413288,99.53464,1765714440000,128.08122,107.355095,61.424362,55.281925,-1,2309674,,63070030,1.7534922,2025-12-19 10:50:15.746,2025-12-19 10:50:15.746,71.8195,3,0.0,3686706,0,138.48149,-1,80.2807,0.8819048,2060220,764954,3.4833333,77.45563,62.205795,74.94612,68.19444,77.583336,68.055664,37.808044,487mnSNu6t,82.28183,85.53125,1.5487981,2.65,0.0,194.0,100.88,com.sec.android.app.shealth,80.72817,99.53464,68.652306,25327500,,,57.496445,7824152,0,90.16861,61.241074,5fca075f-d196-463e-9cd0-c635b59205fb,61.424362,2025-12-14 00:00:00.000,0,1.1666666,0.8333333,
-1,83.09975,63070030,62.854603,4.906601,4.8324046,93.123634,607440,60000,194.0,2789249,94.50274,1766128770000,-1.0,0.0,59.00996,53.108963,-1,0,,63070030,1.0958333,2025-12-19 10:50:17.999,2025-12-19 10:50:17.999,87.1847,3,0.0,3198184,0,-1.0,-1,50.539654,0.6454892,1739828,580051,0.76666665,93.123634,55.814125,-1.0,36.3889,97.33333,76.322525,84.132545,487mnSNu6t,80.16724,94.8125,1.0153539,2.65,0.0,-1.0,0.0,com.sec.android.app.shealth,84.83854,94.50274,84.84966,27555000,,,98.61815,6900837,0,101.89738,68.483574,0c54db7b-cc15-4099-a3e5-ca01c42a96ed,59.00996,2025-12-19 00:00:00.000,0,1.1666666,0.8333333,
-1,69.488686,63070030,74.06038,2.805057,4.0704503,77.14699,334215,60000,194.0,1774347,99.30612,1766390310000,-1.0,0.0,56.62184,50.959656,-1,0,,63070030,0.23333335,2025-12-22 11:30:41.968,2025-12-22 11:30:41.968,81.50865,3,0.0,2440501,0,-1.0,-1,95.84828,0.52669036,1255295,278387,0.95,77.14699,57.429554,-1.0,93.05556,95.5,84.41557,93.81685,487mnSNu6t,84.640335,82.916664,0.68912697,2.65,0.0,-1.0,0.0,com.sec.android.app.shealth,96.72897,99.30612,83.983665,24450000,,,76.34762,5602537,0,113.462135,75.554794,57873b17-9b38-498a-8c2e-71ae3baaf39d,56.62184,2025-12-22 00:00:00.000,0,1.1666666,0.8333333,
-1,39.97669,63070030,7.367841,5.871599,4.7284627,82.41086,530391,60000,194.0,6435462,89.559784,1766477760000,-1.0,0.0,56.282616,50.654354,-1,0,,63070030,0.3442876,2025-12-23 11:21:29.530,2025-12-23 11:21:29.530,82.07789,3,0.0,2977170,0,-1.0,-1,96.96924,0.536036,1808025,673195,0.8666667,82.41086,55.604168,-1.0,94.93056,96.333336,81.24688,86.06103,487mnSNu6t,90.08983,84.94444,1.2417564,2.65,0.0,-1.0,0.0,com.sec.android.app.shealth,95.17354,89.559784,75.26191,25180000,,,80.49461,6858025,0,108.92494,72.7883,a9ced605-d2b3-4729-803b-ba265cafe6ff,56.282616,2025-12-23 00:00:00.000,0,1.1666666,0.8333333,
-1,71.40762,63070030,57.402657,1.8798056,3.2530289,87.765396,120000,60000,194.0,1467964,98.04011,1766921340000,-1.0,0.0,55.56618,50.009563,-1,0,,63070030,1.0424994,2025-12-28 14:55:16.907,2025-12-28 14:55:16.907,79.839554,3,0.0,1703634,0,-1.0,-1,88.001526,0.5035461,568661,60000,2.0833333,87.765396,53.66482,-1.0,79.93056,84.583336,81.03972,86.612274,487mnSNu6t,72.85782,99.125,0.57786316,2.65,0.0,-1.0,0.0,com.sec.android.app.shealth,85.38551,98.04011,84.202324,28590000,,,67.00769,4042897,0,108.62872,72.607346,5b83d901-9b9b-466a-a78b-da202dcd388d,55.56618,2025-12-28 00:00:00.000,0,1.1666666,0.8333333,
-1,57.35369,63070030,65.33977,1.6190042,3.0288668,76.346405,120000,60000,194.0,977906,95.77461,1766997060000,-1.0,0.0,55.138126,49.624313,-1,0,,63070030,1.1719191,2025-12-29 11:55:28.869,2025-12-29 08:18:31.647,80.15109,3,0.0,1497066,0,-1.0,-1,79.9879,0.790932,380365,60000,1.8166666,76.346405,56.14539,-1.0,67.77779,86.83333,78.38229,81.01121,487mnSNu6t,87.71912,97.083336,0.53452474,2.65,0.0,-1.0,0.0,com.sec.android.app.shealth,84.36301,95.77461,76.01131,28100000,,,63.10723,3615195,0,104.83329,70.28499,f33ba243-b04d-4e4a-bb1d-4be140352c88,55.138126,2025-12-29 00:00:00.000,0,1.1666666,0.8333333,
-1,93.61154,63070030,34.340683,2.2010088,2.8058355,56.22165,120000,60000,194.0,1876802,81.0759,1767267210000,-1.0,0.0,57.706577,51.935917,-1,0,,63070030,1.3301059,2026-01-01 14:50:24.224,2026-01-01 14:50:24.224,69.23988,3,0.0,1338107,0,-1.0,-1,74.4158,0.8611465,193019,60000,5.016667,56.22165,63.309525,-1.0,60.0,69.91667,74.46871,78.024536,487mnSNu6t,65.19028,92.791664,0.78443974,2.65,0.0,-1.0,0.0,com.sec.android.app.shealth,83.37434,81.0759,64.09291,27070000,,,82.06638,3189651,0,99.259514,66.86125,afb82465-5a7e-4bae-887d-aa4d81b71bc8,57.706577,2026-01-01 00:00:00.000,0,1.1666666,0.8333333,
-1,58.53099,63070030,47.13873,2.761295,2.9185073,97.352776,135920,60000,194.0,990495,90.528984,1767688440000,-1.0,0.0,58.492554,52.643295,-1,0,,63070030,0.57083344,2026-01-06 11:45:09.078,2026-01-06 04:57:14.882,86.66478,3,0.0,1970880,0,-1.0,-1,56.310028,0.75488067,120000,60000,0.43333334,97.352776,53.675587,-1.0,40.555557,85.666664,76.94963,94.8887,487mnSNu6t,83.99431,86.6875,0.94613266,2.65,0.0,-1.0,0.0,com.sec.android.app.shealth,91.997665,90.528984,92.385414,25605000,,,95.15194,2880246,0,102.79068,69.03216,e6237a8d-3bd8-49c8-9eff-534934862f5b,58.492554,2026-01-06 00:00:00.000,0,1.1666666,0.8333333,
-1,2.2212992,63070030,1.0,6.561939,3.9458542,91.91571,501095,60000,194.0,7461059,96.59694,1767774060000,-1.0,0.0,57.120174,51.408157,-1,0,,63070030,0.49778837,2026-01-07 11:58:06.924,2026-01-07 11:58:06.924,77.829056,3,0.0,2981982,0,-1.0,-1,78.57266,0.78396434,626252,60000,0.8666667,91.91571,54.375416,-1.0,65.7639,96.333336,79.53888,88.03534,487mnSNu6t,91.25595,88.54166,1.6629957,2.65,0.0,-1.0,0.0,com.sec.android.app.shealth,93.02165,96.59694,84.98164,26050000,,,51.637608,4840425,0,106.48412,71.29598,808fe80d-fed4-453a-b0c4-b2787b406e4e,57.120174,2026-01-07 00:00:00.000,0,1.1666666,0.8333333,
-1,80.472626,63070030,48.71358,4.1548624,3.8807323,93.00805,398138,60000,194.0,2117604,97.605804,1767946350000,-1.0,0.0,52.620865,47.358776,-1,0,,63070030,0.5288148,2026-01-09 11:42:15.145,2026-01-09 11:42:15.145,89.25356,3,0.0,2838081,0,-1.0,-1,94.76884,0.5353925,571549,60000,1.7333333,93.00805,49.811596,-1.0,91.250015,87.66667,90.757195,93.21606,487mnSNu6t,84.53403,88.20834,1.0706388,2.65,0.0,-1.0,0.0,com.sec.android.app.shealth,92.586716,97.605804,95.21699,25970000,,,93.64251,4716172,0,122.57633,81.083786,cc2f70ca-0467-4fc4-84d6-1ba22c9d4379,52.620865,2026-01-09 00:00:00.000,0,1.1666666,0.8333333,
-1,76.648895,63070030,54.06473,4.665289,4.0338197,52.565918,591472,60000,194.0,3792651,87.367645,1768115820000,-1.0,0.0,55.137737,49.623962,-1,0,,63070030,0.47086564,2026-01-11 10:41:32.888,2026-01-11 10:41:32.888,77.91008,3,0.0,3544079,0,-1.0,-1,92.111725,0.9754464,2488537,1520420,23.816668,52.565918,62.688354,-1.0,86.80554,93.16667,87.95013,88.25699,487mnSNu6t,94.35211,89.15625,1.1565437,2.65,0.0,-1.0,0.0,com.sec.android.app.shealth,93.39908,87.367645,80.03921,26197500,,,85.911064,6796656,0,118.53655,78.63768,f33fe0b4-4375-468f-b2e1-a0691e0e9a15,55.137737,2026-01-11 00:00:00.000,0,1.1666666,0.8333333,
-1,89.79315,63070030,80.98482,2.9556098,3.6018336,85.321396,364652,60000,194.0,2299213,99.975716,1768374120000,-1.0,0.0,55.526154,49.973537,-1,0,,63070030,0.6169295,2026-01-14 10:32:02.596,2026-01-14 10:32:02.596,86.23982,3,0.0,3001061,0,-1.0,-1,90.16043,0.82451254,2125668,1261228,1.05,85.321396,54.078514,-1.0,83.54167,94.5,87.31989,96.53505,487mnSNu6t,82.857056,81.416664,0.8205848,2.65,0.0,-1.0,0.0,com.sec.android.app.shealth,91.351456,99.975716,87.36201,23910000,,,84.235085,5972427,0,117.630745,78.08821,f689862f-8e64-43a8-823c-6feb2148e620,55.526154,2026-01-14 00:00:00.000,0,1.1666666,0.8333333,
-1,71.47643,63070030,71.47643,2.7870839,3.3981962,79.980896,469211,60000,194.0,1535344,93.71607,1768547790000,-1.0,0.0,58.38622,52.547596,-1,0,,63070030,0.61064386,2026-01-16 10:34:05.368,2026-01-16 10:34:05.368,83.07243,3,0.0,4151635,0,-1.0,-1,94.51973,0.9020556,2854484,2038917,0.38333333,79.980896,58.391792,-1.0,90.83334,86.16667,89.03006,97.98952,487mnSNu6t,85.9436,82.80556,0.8201657,2.65,0.0,-1.0,0.0,com.sec.android.app.shealth,91.43957,93.71607,100.92173,24410000,,,84.209946,6483759,0,120.08976,79.57898,e30888bc-7681-4b4a-ac96-78ec0c89bf0d,58.38622,2026-01-16 00:00:00.000,0,1.1666666,0.8333333,
-1,21.630894,63070030,21.630894,6.0966296,4.184479,69.21975,1007765,60000,194.0,6772446,89.66887,1768632420000,-1.0,0.0,59.26066,53.33459,-1,0,,63070030,0.9230719,2026-01-17 10:20:15.302,2026-01-17 10:20:15.302,66.59651,3,0.0,5542236,0,-1.0,-1,93.274216,0.96357614,3514962,2510687,1.75,69.21975,61.88398,-1.0,88.75,87.5,86.77829,85.330246,487mnSNu6t,73.46013,78.4375,1.4569626,2.65,0.0,-1.0,0.0,com.sec.android.app.shealth,87.05974,89.66887,80.359,22837500,,,63.873367,7983986,0,116.85266,77.61594,045b523d-b448-4e47-b644-dfa3bf22507e,59.26066,2026-01-17 00:00:00.000,0,1.1666666,0.8333333,
-1,99.0869,63070030,99.0869,4.7963095,4.3405094,83.7632,1021183,60000,194.0,3156873,99.73944,1768810920000,-1.0,0.0,57.75585,51.980267,-1,0,,63070030,0.81510013,2026-01-19 11:43:56.464,2026-01-19 11:43:56.464,85.86647,3,0.0,5724735,0,-1.0,-1,92.02869,0.39294118,3646027,2604305,1.2833333,83.7632,56.669117,-1.0,86.66666,92.16667,89.09054,86.01594,487mnSNu6t,80.78386,77.479164,1.1050107,2.65,0.0,-1.0,0.0,com.sec.android.app.shealth,88.573364,99.73944,88.91698,22492500,,,90.549034,8281692,0,120.17677,79.63167,e8babe51-2ce9-43a2-8df7-6b1aef1c5d95,57.75585,2026-01-19 00:00:00.000,0,1.1666666,0.8333333,
-1,86.9238,63070030,86.9238,3.9563353,3.9430015,93.106285,790813,60000,194.0,3251437,85.17853,1769065710000,-1.0,0.0,57.93794,52.144142,-1,0,,63070030,0.8096425,2026-01-22 10:46:42.902,2026-01-22 10:46:42.902,87.27577,3,0.0,5063609,0,-1.0,-1,91.14299,0.67675376,3312121,2365800,1.0833334,93.106285,54.806866,-1.0,85.18518,94.16667,86.50302,90.29169,487mnSNu6t,81.686066,77.666664,1.0033816,2.65,0.0,-1.0,0.0,com.sec.android.app.shealth,88.64987,85.17853,77.4786,22560000,,,99.695656,7523247,0,116.45734,77.375854,e6d051ab-c6b4-46cc-ae14-c332afc0e83c,57.93794,2026-01-22 00:00:00.000,0,1.1666666,0.8333333,
-1,37.485268,63070030,37.485268,6.4452057,4.624591,74.405525,838963,60000,194.0,6402028,94.87522,1769241060000,193.0,101.88,56.500225,50.8502,-1,41000,,63070030,0.53657866,2026-01-24 14:03:38.760,2026-01-24 11:15:48.812,76.04503,3,0.0,4605820,0,126.317085,-1,90.07739,0.9527027,3830897,2720995,2.9166667,74.405525,58.024693,86.719604,83.40279,80.416664,87.43101,86.719604,487mnSNu6t,62.830147,83.083336,1.3936813,2.65,0.0,194.0,100.88,com.sec.android.app.shealth,92.47787,94.87522,96.80339,24510000,,,69.56868,8769960,0,117.790436,78.18508,3560c737-d657-402d-8be8-de7948010b12,56.500225,2026-01-24 00:00:00.000,0,1.1666666,0.8333333,
-1,56.939552,63070030,57.844463,4.1546326,4.2331595,48.182747,591625,60000,194.0,1342123,62.448807,1769306340000,-1.0,0.0,60.281948,54.253754,-1,0,,63070030,1.9295704,2026-01-27 03:36:51.885,2026-01-27 03:36:51.885,51.558506,3,0.0,4039650,0,-1.0,-1,79.33721,0.23489933,3502095,2486137,23.5,48.182747,71.62712,-1.0,66.85185,90.0,78.85434,92.09355,487mnSNu6t,41.047703,70.90625,0.98144954,2.65,0.0,-1.0,0.0,com.sec.android.app.shealth,79.627686,62.448807,57.850273,20617500,,,98.33046,8023110,0,105.50689,70.697655,c40e9f78-5197-4951-ad6a-0694088edcd8,60.281948,2026-01-25 00:00:00.000,0,1.1666666,0.8333333,
-1,53.421906,63070030,54.424847,2.7551968,3.8193994,97.1368,298095,60000,194.0,1022391,92.838425,1769497560000,-1.0,0.0,59.871452,53.884304,-1,0,,63070030,1.8185424,2026-01-27 10:36:19.317,2026-01-27 10:36:19.317,75.74223,3,0.0,3409101,0,-1.0,-1,69.60322,0.7063492,3154536,2237880,0.8,97.1368,55.02713,-1.0,54.398148,97.0,79.30064,97.79195,487mnSNu6t,55.40889,67.96875,0.72136915,2.65,0.0,-1.0,0.0,com.sec.android.app.shealth,80.32161,92.838425,91.14426,19912500,,,78.28215,7233655,0,106.14397,71.08775,43f282ed-79b5-41a9-8085-bb3c25fbfa60,59.871452,2026-01-27 00:00:00.000,0,1.1666666,0.8333333,
-1,90.96416,63070030,92.74214,3.0776138,3.7794843,83.364105,234532,60000,194.0,2448022,95.205956,1769585340000,-1.0,0.0,59.62074,53.658665,-1,0,,63070030,1.6736321,2026-01-28 10:52:33.888,2026-01-28 10:52:33.888,81.95389,3,0.0,3313026,0,-1.0,-1,77.79184,0.769821,3121007,2213931,0.96666664,83.364105,58.617886,-1.0,64.65279,95.33333,81.21535,95.17057,487mnSNu6t,74.88292,70.925,0.81429464,2.65,0.0,-1.0,0.0,com.sec.android.app.shealth,81.2273,95.205956,89.19214,20622000,,,83.85768,7157497,0,108.879814,72.76075,eb39543a-b932-4258-8aba-4f66ff64bc57,59.62074,2026-01-28 00:00:00.000,0,1.1666666,0.8333333,
-1,22.506802,63070030,34.891525,7.0230474,4.7387414,54.386444,648679,60000,194.0,5910250,69.285416,1769758470000,138.51445,101.88,62.635147,56.37163,-1,978643,,63070030,1.7093989,2026-01-30 11:04:11.691,2026-01-30 11:04:11.691,61.196686,3,0.0,3968101,0,134.59956,-1,82.13516,0.39344263,3103162,1965864,0.96666664,54.386444,69.87891,87.71382,70.83334,95.33333,77.032936,76.15305,487mnSNu6t,81.25478,72.575,1.4820491,2.65,0.0,194.0,100.88,com.sec.android.app.shealth,81.00375,69.285416,59.48033,21018000,,,61.615585,8164138,0,102.90937,69.105,2978ac62-192c-4bc6-8d24-4bdd0bcfc833,62.635147,2026-01-30 00:00:00.000,0,1.1666666,0.8333333,
-1,46.478867,63070030,39.245335,8.226099,5.3466945,98.634125,923297,60000,194.0,6725760,97.75769,1769853360000,174.67798,104.66143,62.370483,56.133434,-1,46998,,63070030,2.2433333,2026-01-31 13:32:34.101,2026-01-31 13:32:34.101,82.30997,3,0.0,4821440,0,126.97874,-1,88.188354,0.41783217,3885227,2602020,0.4,98.634125,56.70137,94.562294,80.24306,85.99999,73.53991,84.992874,487mnSNu6t,82.049934,77.88333,1.5385392,2.65,0.0,194.0,100.88,com.sec.android.app.shealth,77.666664,97.75769,76.75817,22638000,,,58.022774,9595497,0,97.939514,66.04805,f92b92be-867c-4c7c-9cee-27c8cf10b654,62.370483,2026-01-31 00:00:00.000,0,1.1666666,0.8333333,
-1,45.214252,63070030,54.23855,3.9893966,4.784957,86.30758,607864,60000,194.0,729698,96.24432,1770020760000,-1.0,0.0,59.618744,53.656868,-1,0,,63070030,1.1889586,2026-02-02 11:53:05.913,2026-02-02 11:53:05.913,86.18059,3,0.0,4096459,0,-1.0,-1,92.77601,0.8173516,3413367,2264978,1.1333333,86.30758,57.86842,-1.0,87.91667,93.66667,79.52587,91.738525,487mnSNu6t,95.918015,88.77501,0.8337372,2.65,0.0,-1.0,0.0,com.sec.android.app.shealth,84.25651,96.24432,85.5523,26106000,,,85.03635,8523702,0,106.465546,71.28459,c80ee2bb-147a-4067-8d81-b500b7211d77,59.618744,2026-02-02 00:00:00.000,0,1.1666666,0.8333333,
-1,77.79556,63070030,90.203674,3.6820164,4.731289,79.640274,541999,60000,194.0,2429738,92.89008,1770106770000,-1.0,0.0,60.793983,54.714584,-1,0,,63070030,1.0902932,2026-02-03 11:47:09.559,2026-02-03 11:47:09.559,85.39688,3,0.0,3991466,0,-1.0,-1,93.066635,0.92446446,3368286,2232777,0.93333334,79.640274,60.90333,-1.0,88.40279,95.66667,79.52944,94.02373,487mnSNu6t,94.08443,92.05,0.7782269,2.65,0.0,-1.0,0.0,com.sec.android.app.shealth,84.87317,92.89008,91.32379,26892000,,,81.69362,8421303,0,106.47062,71.28772,96d4a10b-17c1-4107-821e-d517830f521b,60.793983,2026-02-03 00:00:00.000,0,1.1666666,0.8333333,
-1,84.561295,63070030,71.556946,3.749274,4.2591796,97.99167,415623,60000,194.0,3600133,93.191635,1770275280000,-1.0,0.0,60.038017,54.034214,-1,0,,63070030,1.1022127,2026-02-05 10:37:46.512,2026-02-05 10:37:46.512,92.24333,3,0.0,3520887,0,-1.0,-1,91.385185,0.92248064,2971714,1949511,0.68333334,97.99167,54.83806,-1.0,85.59029,98.16667,79.88591,97.1317,487mnSNu6t,89.84131,91.85,0.8802808,2.65,0.0,-1.0,0.0,com.sec.android.app.shealth,84.79867,93.191635,91.20898,26844000,,,89.22527,7520519,0,106.97978,71.599266,f388f740-71fb-494c-82de-aa31d5bc8127,60.038017,2026-02-05 00:00:00.000,0,1.1666666,0.8333333,
-1,73.25632,63070030,88.30659,2.7436461,3.7779806,71.61349,192588,60000,194.0,1760730,93.44066,1770540120000,-1.0,0.0,58.578506,52.720654,-1,0,,63070030,0.40343052,2026-02-08 12:07:49.185,2026-02-08 12:07:49.185,80.87839,3,0.0,2947021,0,-1.0,-1,93.52331,0.90807176,2567507,1660792,1.2666667,71.61349,60.704224,-1.0,89.16666,92.33333,87.87543,94.334236,487mnSNu6t,87.72812,87.15625,0.7262203,2.65,0.0,-1.0,0.0,com.sec.android.app.shealth,94.34444,93.44066,83.67903,25717500,,,78.57322,6602391,0,118.42921,78.57254,b2d0ce53-608c-4bcb-ad0c-84626b26e3cf,58.578506,2026-02-08 00:00:00.000,0,1.1666666,0.8333333,
-1,97.73465,63070030,82.99084,3.1924841,3.7353427,59.68412,158294,60000,194.0,2621751,76.553375,1770624660000,-1.0,0.0,60.361404,54.325264,-1,0,,63070030,0.4814756,2026-02-09 11:36:46.627,2026-02-09 11:36:46.627,78.137405,3,0.0,2881641,0,-1.0,-1,92.41618,0.6666667,2531691,1635209,1.7333333,59.68412,65.0,-1.0,87.314804,87.66667,82.84348,92.7597,487mnSNu6t,83.97797,84.3125,0.8546697,2.65,0.0,-1.0,0.0,com.sec.android.app.shealth,93.25034,76.553375,67.57635,24952500,,,86.92027,6521038,0,111.2096,74.182594,b53d9ed1-8611-4aea-8fa9-f9c45bc6f3ce,60.361404,2026-02-09 00:00:00.000,0,1.1666666,0.8333333,
-1,1.0,63070030,25.385822,8.814317,5.1284213,76.03119,795289,60000,194.0,6511228,98.36015,1770793890000,129.09924,101.88,60.58149,54.52334,-1,2333466,,63070030,0.5454475,2026-02-11 10:31:45.331,2026-02-11 10:31:45.331,68.099464,3,0.0,4318218,0,136.27063,-1,92.360825,0.60196906,2789165,1558344,1.2666667,76.03119,61.783672,79.894135,87.22221,92.33333,79.876045,43.87413,487mnSNu6t,81.28052,80.645836,1.7187194,2.65,0.0,194.0,100.88,com.sec.android.app.shealth,92.35354,98.36015,78.92543,23632500,,,48.778748,8266319,0,106.96565,71.59063,a2a61c41-71d2-4289-b1be-5d5f0b31f57d,60.58149,2026-02-11 00:00:00.000,0,1.1666666,0.8333333,
-1,27.027931,63070030,49.842934,10.945204,6.792495,57.04061,1446444,446792,194.0,6342492,82.115524,1771402710000,142.74336,113.81119,59.49135,53.542213,-1,2260845,,63070030,-1.0,2026-02-18 11:57:56.319,2026-02-18 11:57:56.319,65.64979,3,0.0,5894898,0,136.37448,-1,-1.0,0.83538634,3744069,2113870,0.8666667,57.04061,64.9827,91.60395,-1.0,96.333336,56.025257,65.559494,487mnSNu6t,83.68232,91.625,1.6113672,2.65,0.0,194.0,100.88,com.sec.android.app.shealth,-1.0,82.115524,79.170586,26790000,,,54.286377,10998455,0,73.2728,50.66106,de08b3af-5551-4d63-be4f-da3458ff156a,59.49135,2026-02-18 00:00:00.000,0,1.1666666,0.8333333,
-1,67.67828,63070030,98.76297,7.3336716,6.359215,81.076675,1235780,299894,194.0,2679940,87.4478,1771485780000,-1.0,0.0,64.63474,58.17127,-1,0,,63070030,0.51250005,2026-02-19 10:36:55.378,2026-02-19 10:36:55.378,82.383446,3,0.0,5400475,0,-1.0,-1,94.934906,0.8155844,3380114,1853902,0.96666664,81.076675,64.28679,-1.0,91.52779,95.33333,73.31722,78.59122,487mnSNu6t,84.77908,84.291664,1.1532354,2.65,0.0,-1.0,0.0,com.sec.android.app.shealth,92.81542,87.4478,67.017044,24945000,,,86.20882,10171755,0,97.62321,65.85304,af20ccde-940a-4d85-9b0f-aaaa3a283131,64.63474,2026-02-19 00:00:00.000,0,1.1666666,0.8333333,
-1,76.29015,63070030,81.75248,5.716797,6.1102223,93.79759,1087829,222502,194.0,3027504,96.882195,1771668210000,-1.0,0.0,62.793312,56.51398,-1,0,,63070030,1.0440823,2026-02-21 13:41:57.239,2026-02-21 13:41:57.239,91.93649,3,0.0,4938536,0,-1.0,-1,90.49255,0.48744187,2789387,1322933,1.1,93.79759,59.110447,-1.0,84.09723,94.0,76.791176,79.85737,487mnSNu6t,92.074326,94.083336,0.9356119,2.65,0.0,-1.0,0.0,com.sec.android.app.shealth,85.36334,96.882195,81.552246,27380000,,,94.20506,9315104,0,102.564926,68.89355,19af1921-26b7-40ab-b8e0-2ed14aeaba05,62.793312,2026-02-21 00:00:00.000,0,1.1666666,0.8333333,
-1,66.566666,63070030,62.565056,7.5679913,6.6005197,79.617096,1235937,319211,194.0,4692176,97.059235,1771742100000,133.50247,109.30556,62.83341,56.550068,-1,1102863,,63070030,1.1318387,2026-02-23 15:58:52.926,2026-02-23 15:58:52.926,84.182465,3,0.0,5315367,0,137.63791,-1,86.99127,0.6546961,3243497,1659372,0.55,79.617096,62.953705,81.58185,78.24074,99.5,76.249374,89.35487,487mnSNu6t,90.616554,88.1875,1.1465751,2.65,0.0,194.0,100.88,com.sec.android.app.shealth,84.61351,97.059235,74.64675,25965000,,,86.808235,10292852,0,101.79321,68.41957,fa8ac954-3f58-4105-aafc-9c8319242590,62.83341,2026-02-22 00:00:00.000,0,1.1666666,0.8333333,
-1,46.898808,63070030,35.281578,7.810959,6.56522,96.84758,1160671,232919,194.0,7245339,99.542076,1771920000000,133.08351,107.34249,61.616726,55.45505,-1,692070,,63070030,1.0370497,2026-02-24 11:08:26.077,2026-02-24 11:08:26.077,85.21405,3,0.0,5289168,0,130.37466,-1,87.48257,0.66917294,3392238,1816586,1.35,96.84758,56.75,88.15706,79.062515,91.5,76.417786,99.8472,487mnSNu6t,83.832466,86.5,1.1897483,2.65,0.0,194.0,100.88,com.sec.android.app.shealth,85.461914,99.542076,77.095184,25560000,,,83.615105,10403894,0,102.03303,68.56693,d53c8d4c-52b9-4fc3-bf9f-9fd75ca1c9e3,61.616726,2026-02-24 00:00:00.000,0,1.1666666,0.8333333,
-1,15.040731,63070030,35.01689,9.360512,6.7750936,83.102356,1304617,356641,193.0,7052590,97.676025,1772177940000,129.83801,108.41837,59.29811,53.368298,-1,2499278,,63070030,1.0906861,2026-02-27 11:04:34.879,2026-02-27 11:04:34.879,79.391846,3,0.0,5523111,0,135.41338,-1,87.43413,0.6910755,3051148,1425126,0.36666667,83.102356,58.37829,79.79417,78.981476,86.33333,78.890144,55.54982,487mnSNu6t,91.051636,88.46875,1.3816062,2.65,0.0,193.0,100.35999,com.sec.android.app.shealth,84.87071,97.676025,82.530945,26032500,,,70.65543,10286949,0,105.55797,70.72894,be63f0bb-5d6f-4adc-93dc-68d772d2f558,59.29811,2026-02-27 00:00:00.000,0,1.1666666,0.8333333,
-1,41.02332,63070030,94.37985,2.9056616,5.275726,77.276215,651111,60000,193.0,494247,93.37987,1772434680000,-1.0,0.0,57.958813,52.16293,-1,0,,63070030,0.27799988,2026-03-02 10:26:12.919,2026-03-02 10:26:12.919,79.08919,3,0.0,3824073,0,-1.0,-1,94.60277,0.78271604,1364536,98363,0.21666667,77.276215,58.74815,-1.0,90.97223,87.83333,78.75326,87.60495,487mnSNu6t,89.69493,83.94444,0.5507605,2.65,0.0,-1.0,0.0,com.sec.android.app.shealth,96.102806,93.37987,75.04921,24820000,,,64.56845,6999012,0,105.3626,70.60928,d44a875a-befa-4ca1-b08d-75ddf7339aaf,57.958813,2026-03-02 00:00:00.000,0,1.1666666,0.8333333,
-1,45.327297,63070030,86.75391,2.222983,4.564884,74.17564,310226,60000,193.0,703379,91.60631,1772608380000,-1.0,0.0,59.387154,53.448437,-1,0,,63070030,0.29855612,2026-03-04 10:35:26.061,2026-03-04 10:35:26.061,76.981995,3,0.0,3055669,0,-1.0,-1,96.26346,0.756962,767430,60000,0.6333333,74.17564,61.03502,-1.0,93.750015,98.66667,77.21207,99.91488,487mnSNu6t,85.746864,83.72222,0.48697466,2.65,0.0,-1.0,0.0,com.sec.android.app.shealth,95.81464,91.60631,72.65698,24740000,,,59.33174,5642727,0,103.16466,69.2617,883a0680-e842-4d33-9b07-63f5d7e6c1be,59.387154,2026-03-04 00:00:00.000,0,1.1666666,0.8333333,
-1,51.141167,63110130,44.976562,8.809328,6.3687634,83.02586,972897,60000,193.0,7557081,95.62634,1772875620000,185.3815,105.473564,59.44193,53.497734,-1,81330,,63110130,1.337378,2026-03-07 13:02:08.723,2026-03-07 13:02:08.723,81.12035,3,0.0,5041901,0,127.169136,-1,91.198364,0.89824563,4685804,3157301,23.95,83.02586,58.542614,93.14522,85.27779,94.5,77.02798,85.748566,487mnSNu6t,83.666855,94.16666,1.3832085,2.65,0.0,193.0,100.35999,com.sec.android.app.shealth,83.32889,95.62634,83.81506,27400000,,,70.51124,11487644,0,102.9023,69.10069,a7508724-82ba-4abb-a83f-ed116301abb1,59.44193,2026-03-07 00:00:00.000,0,1.1666666,0.8333333,
-1,38.789234,63110130,48.97619,1.8089862,4.6442604,82.15817,183697,60000,193.0,289477,98.68393,1773126420000,-1.0,0.0,59.467964,53.521168,-1,0,,63110130,1.497096,2026-03-10 10:34:04.940,2026-03-10 10:34:04.940,79.85094,3,0.0,3150916,0,-1.0,-1,84.47763,0.9891008,3237221,2122599,1.0,82.15817,58.826256,-1.0,74.16667,95.0,79.57109,93.264854,487mnSNu6t,90.40126,91.0,0.38951007,2.65,0.0,-1.0,0.0,com.sec.android.app.shealth,82.33065,98.68393,81.634415,26640000,,,54.331387,8197291,0,106.530136,71.324135,4cdb07d1-341a-4b25-a23e-fff7621126a5,59.467964,2026-03-10 00:00:00.000,0,1.1666666,0.8333333,
-1,96.94591,63110130,83.75604,3.2549827,4.54669,64.44896,204098,60000,193.0,3384705,76.388794,1773201600000,-1.0,0.0,60.504723,54.45425,-1,0,,63110130,2.667789,2026-03-11 23:22:09.374,2026-03-11 23:22:09.374,64.53975,3,0.0,3146931,0,-1.0,-1,83.648,0.69101125,3316834,2225628,1.0333333,64.44896,64.1453,-1.0,72.986115,94.666664,75.306366,94.25882,487mnSNu6t,51.94884,76.94444,0.7159016,2.65,0.0,-1.0,0.0,com.sec.android.app.shealth,75.01382,76.388794,61.589478,22300000,,,77.9541,8172699,0,100.45091,67.594444,f404025d-d204-47fc-84c9-5c4f5eab3543,60.504723,2026-03-11 00:00:00.000,0,1.1666666,0.8333333,
-1,47.588356,63110130,56.61416,2.1392844,3.9661865,90.88526,120000,60000,193.0,736982,98.43019,1773299100000,-1.0,0.0,59.618053,53.656246,-1,0,,63110130,2.3295505,2026-03-12 10:30:51.514,2026-03-12 10:30:51.514,78.142815,3,0.0,2593793,0,-1.0,-1,82.33035,0.9346247,2829211,1877326,0.2,90.88526,56.958042,-1.0,71.1111,88.0,76.06881,86.38796,487mnSNu6t,71.95038,78.666664,0.53938067,2.65,0.0,-1.0,0.0,com.sec.android.app.shealth,77.12781,98.43019,78.4028,22920000,,,63.54426,7065099,0,101.53609,68.26162,8e111dee-f3f4-4218-b107-ea6fa1193d92,59.618053,2026-03-12 00:00:00.000,0,1.1666666,0.8333333,
-1,90.93227,63110130,78.69473,3.3154006,4.0804057,86.87198,120000,60000,193.0,3233892,98.29572,1773386700000,-1.0,0.0,59.156048,53.24044,-1,0,,63110130,2.0839972,2026-03-13 10:26:04.611,2026-03-13 10:26:04.611,84.76134,3,0.0,2695917,0,-1.0,-1,85.69733,0.4072165,2925155,1945857,0.95,86.87198,57.308018,-1.0,76.0764,95.5,76.69654,87.77439,487mnSNu6t,79.39338,78.86667,0.8125174,2.65,0.0,-1.0,0.0,com.sec.android.app.shealth,78.66252,98.29572,79.25964,22992000,,,83.751045,7283028,0,102.430084,68.81078,9d67acee-02a5-40ef-aae8-308391d20c41,59.156048,2026-03-13 00:00:00.000,0,1.1666666,0.8333333,
-1,94.80849,63110130,96.585526,5.353208,4.365207,65.200584,426927,60000,193.0,2961653,81.82872,1774079820000,-1.0,0.0,57.304443,51.573997,-1,0,,63110130,-1.0,2026-03-21 11:15:53.243,2026-03-21 11:15:53.243,76.838905,3,0.0,3329333,0,-1.0,-1,-1.0,0.8821989,3366238,2318589,1.5833333,65.200584,60.60889,-1.0,-1.0,89.16667,56.499977,95.362915,487mnSNu6t,76.843025,78.666664,1.2263354,2.65,0.0,-1.0,0.0,com.sec.android.app.shealth,-1.0,81.82872,80.518,22920000,,,81.419876,8028280,0,73.93526,51.07956,3b998567-4460-4c6d-996f-a7bb4184cd33,57.304443,2026-03-21 00:00:00.000,0,1.1666666,0.8333333,
-1,27.359173,63110130,25.542526,7.2055297,4.847552,83.38431,734673,60000,193.0,7395579,98.90185,1774340010000,192.0,101.35999,59.600365,53.640327,-1,46000,,63110130,0.64583325,2026-03-24 11:46:29.954,2026-03-24 11:46:29.954,79.381546,3,0.0,4180621,0,125.673904,-1,93.606346,0.8531012,3888023,2724611,0.56666666,83.38431,58.591835,90.04142,89.30556,99.333336,82.269844,88.31996,487mnSNu6t,88.925575,85.1875,1.4864266,2.65,0.0,193.0,100.35999,com.sec.android.app.shealth,90.94626,98.90185,84.05979,25245000,,,61.22161,9065209,0,110.38842,73.68171,d1c45007-af09-4ba0-b377-37e8909a6473,59.600365,2026-03-24 00:00:00.000,0,1.1666666,0.8333333,
-1,89.529785,63130130,88.92967,4.350235,4.541268,92.784615,604668,60000,193.0,3650097,96.2039,1774686630000,-1.0,0.0,55.701088,50.130978,-1,0,,63130130,0.1500001,2026-03-28 12:14:02.848,2026-03-28 12:14:02.848,93.791565,3,0.0,4010756,0,-1.0,-1,98.50539,0.72670156,3792862,2702958,0.55,92.784615,52.810345,-1.0,97.500015,99.5,82.0742,91.30032,487mnSNu6t,94.259895,97.125,0.957934,2.65,0.0,-1.0,0.0,com.sec.android.app.shealth,97.897194,96.2039,79.81708,28110000,,,96.214066,8642937,0,110.10843,73.51088,7cf418c1-fd4b-49a8-8cdf-724c663f9f9d,55.701088,2026-03-28 00:00:00.000,0,1.1666666,0.8333333,
-1,55.60241,63130130,55.979584,3.028317,4.118909,77.421936,373206,60000,193.0,1228607,96.793274,1774770240000,-1.0,0.0,56.062424,50.45618,-1,0,,63130130,0.71376467,2026-03-30 03:39:56.146,2026-03-30 03:39:56.146,81.20314,3,0.0,3462512,0,-1.0,-1,95.184006,0.89709765,3438081,2449542,1.4166666,77.421936,56.785088,-1.0,91.94446,90.83333,81.11573,98.87241,487mnSNu6t,86.61458,89.66666,0.7352231,2.65,0.0,-1.0,0.0,com.sec.android.app.shealth,89.99395,96.793274,79.23224,26320000,,,79.11339,7837076,0,108.7374,72.67375,8ee74911-1c26-4379-9982-36a54671d8d3,56.062424,2026-03-29 00:00:00.000,0,1.1666666,0.8333333,
-1,46.738354,63130130,47.15515,1.9642606,3.727394,77.13301,138387,60000,193.0,648147,95.15251,1774854840000,-1.0,0.0,56.331593,50.698433,-1,0,,63130130,0.74923575,2026-03-30 10:40:21.224,2026-03-30 10:40:21.224,78.27578,3,0.0,2934045,0,-1.0,-1,95.10097,0.80526316,3109208,2214633,0.9,77.13301,57.1391,-1.0,91.80554,96.0,80.163666,91.60837,487mnSNu6t,84.56292,85.99999,0.52697957,2.65,0.0,-1.0,0.0,com.sec.android.app.shealth,89.49669,95.15251,77.374016,25440000,,,62.42816,7090065,0,107.37657,71.84197,b9446b2a-91e9-4f36-91b9-c73384e8ff2c,56.331593,2026-03-30 00:00:00.000,0,1.1666666,0.8333333,
-1,95.980125,63130130,95.243195,2.9138567,3.6982684,75.463104,124257,60000,193.0,2781686,98.67015,1774941000000,-1.0,0.0,56.001633,50.401466,-1,0,,63130130,0.7300204,2026-03-31 10:31:13.911,2026-03-31 10:31:13.911,82.671875,3,0.0,2898070,0,-1.0,-1,95.35007,0.79514825,3084742,2197158,0.98333335,75.463104,57.272,-1.0,92.22221,95.16667,78.54722,90.98035,487mnSNu6t,82.08327,81.979164,0.7878976,2.65,0.0,-1.0,0.0,com.sec.android.app.shealth,89.766075,98.67015,77.7912,24112500,,,82.27386,7034493,0,105.0686,70.429184,379babb1-e23f-4fcc-9b8a-fc3eea6158bc,56.001633,2026-03-31 00:00:00.000,0,1.1666666,0.8333333,
-1,60.492622,63130130,59.728508,5.2383265,4.277867,78.12193,590360,60000,193.0,4603237,96.295364,1775388090000,-1.0,0.0,57.475403,51.72786,-1,0,,63130130,2.059377,2026-04-05 14:55:33.580,2026-04-05 14:55:33.580,75.79406,3,0.0,3686960,0,-1.0,-1,88.58276,0.97882354,3560249,2533562,0.73333335,78.12193,58.015114,-1.0,80.90279,97.666664,80.43579,89.54849,487mnSNu6t,67.105255,95.70834,1.2245184,2.65,0.0,-1.0,0.0,com.sec.android.app.shealth,78.81639,96.295364,86.46149,27770000,,,81.52889,8129012,0,107.76543,72.079735,d0b81e86-6222-4193-8132-4580f855a11c,57.475403,2026-04-05 00:00:00.000,0,1.1666666,0.8333333,
-1,54.91922,63130130,55.52664,3.3989882,3.8897126,81.46362,363905,60000,193.0,1122948,95.614876,1775458740000,-1.0,0.0,57.433403,51.69006,-1,0,,63130130,2.2911499,2026-04-06 10:24:59.631,2026-04-06 10:24:59.631,82.89811,3,0.0,3179533,0,-1.0,-1,74.35614,0.9355828,3234200,2300669,1.55,81.46362,57.0131,-1.0,59.930557,89.5,85.64665,97.74582,487mnSNu6t,86.548615,91.20834,0.87384045,2.65,0.0,-1.0,0.0,com.sec.android.app.shealth,77.36781,95.614876,93.40665,26690000,,,88.645645,7388413,0,115.22797,76.628914,2dbb7275-d87e-4879-8e52-b0962f5b7291,57.433403,2026-04-06 00:00:00.000,0,1.1666666,0.8333333,
-1,59.913322,63130130,60.982544,2.8339467,3.6530523,86.84211,211504,60000,193.0,1310655,97.61459,1775630700000,-1.0,0.0,56.63233,50.969097,-1,0,,63130130,2.3727133,2026-04-08 10:11:13.997,2026-04-08 10:11:13.997,82.24904,3,0.0,2855822,0,-1.0,-1,85.09533,0.8612717,3035405,2158673,0.98333335,86.84211,54.86878,-1.0,75.06946,95.16667,89.06857,95.67795,487mnSNu6t,80.17825,89.125,0.775775,2.65,0.0,-1.0,0.0,com.sec.android.app.shealth,76.85804,97.61459,87.49294,26190000,,,81.5465,6936865,0,120.14515,79.61253,f6de8a6c-d80e-43c3-8e02-8b512d8e1e3e,56.63233,2026-04-08 00:00:00.000,0,1.1666666,0.8333333,
-1,81.14721,63130130,81.806046,3.817513,4.1939735,56.1967,330119,60000,193.0,2322482,80.587494,1775989320000,-1.0,0.0,58.799774,52.919796,-1,0,,63130130,1.5928851,2026-04-12 13:48:28.293,2026-04-12 13:48:28.293,77.2207,3,0.0,3365992,0,-1.0,-1,87.960014,0.68401486,3489779,2483226,1.4,56.1967,64.51744,-1.0,79.861115,91.0,83.47516,99.516754,487mnSNu6t,85.72505,82.22222,0.9102377,2.65,0.0,-1.0,0.0,com.sec.android.app.shealth,81.73197,80.587494,71.17398,24200000,,,91.9214,7968943,0,112.11433,74.73401,0565de47-30ee-4257-bfef-2a19f03a1d63,58.799774,2026-04-12 00:00:00.000,0,1.1666666,0.8333333,
-1,54.540554,63130130,55.25757,2.0820665,3.295191,73.45079,120000,60000,193.0,933800,95.553925,1776323700000,-1.0,0.0,66.52407,59.871662,-1,0,,63130130,1.4666665,2026-04-16 10:43:58.406,2026-04-16 10:43:58.406,79.5737,3,0.0,2317172,0,-1.0,-1,83.306404,0.8176796,2734802,1943956,1.2166667,73.45079,68.5307,-1.0,72.500015,92.833336,68.97569,82.45894,487mnSNu6t,86.91925,92.5,0.63185,2.65,0.0,-1.0,0.0,com.sec.android.app.shealth,82.520836,95.553925,66.845345,27000000,,,71.86649,6254067,0,91.469406,62.048145,63fce29f-ff02-45d3-93d8-cb9c5cb6dce8,66.52407,2026-04-16 00:00:00.000,0,1.1666666,0.8333333,
-1,82.906235,63130130,82.40105,3.0466347,3.3383214,88.18796,120000,60000,193.0,2888066,97.739494,1776409590000,-1.0,0.0,65.359795,58.823814,-1,0,,63130130,1.2497467,2026-04-17 10:30:50.572,2026-04-17 10:30:50.572,89.12127,3,0.0,2536942,0,-1.0,-1,89.288574,0.92707044,2783952,1982755,0.36666667,88.18796,63.03125,-1.0,82.08334,86.33333,70.98444,85.62616,487mnSNu6t,87.69684,88.70833,0.9126247,2.65,0.0,-1.0,0.0,com.sec.android.app.shealth,83.87659,97.739494,74.090294,26090000,,,92.13623,6349279,0,94.313576,63.809338,bb1ca76c-6258-4e3b-9c9e-26df4a0b9910,65.359795,2026-04-17 00:00:00.000,0,1.1666666,0.8333333,
-1,97.635315,63130130,96.87382,2.9940004,3.3219626,93.40236,120000,60000,193.0,2454656,94.76373,1776672420000,-1.0,0.0,63.98879,57.58991,-1,0,,63130130,0.34415314,2026-04-20 11:33:38.207,2026-04-20 11:33:38.207,89.706024,3,0.0,2540657,0,-1.0,-1,92.56842,0.9115479,2770211,1972940,1.3333334,93.40236,60.40441,-1.0,87.56946,91.666664,74.53688,86.484024,487mnSNu6t,83.28966,80.19444,0.90127456,2.65,0.0,-1.0,0.0,com.sec.android.app.shealth,95.17542,94.76373,82.4035,23470000,,,91.114716,6318066,0,99.356445,66.92093,29860c94-7e63-4acd-9617-305754d765d2,63.98879,2026-04-20 00:00:00.000,0,1.1666666,0.8333333,
-1,88.01573,63200010,88.72613,2.876053,3.181788,81.27803,120000,60000,193.0,1985836,97.99131,1776766020000,-1.0,0.0,63.85278,57.4675,-1,0,,63200010,1.1146963,2026-04-23 03:26:33.711,2026-04-23 03:26:33.711,88.673615,3,0.0,2402687,0,-1.0,-1,91.36441,0.86296296,2654619,1890990,1.1166667,81.27803,63.44475,-1.0,85.55554,93.83333,75.51003,89.51387,487mnSNu6t,92.63656,87.09375,0.903911,2.65,0.0,-1.0,0.0,com.sec.android.app.shealth,84.72065,97.99131,78.482086,25702500,,,91.35199,6052769,0,100.74074,67.77266,a28c8caf-147a-45f7-8364-ca65824021c0,63.85278,2026-04-21 00:00:00.000,0,1.1666666,0.8333333,
-1,92.47458,63200010,91.68095,2.5156796,2.8480833,91.95551,120000,60000,193.0,2222084,96.4597,1776928470000,-1.0,0.0,61.308746,55.17787,-1,0,,63200010,1.0693083,2026-04-23 10:38:47.047,2026-04-23 10:38:47.047,91.92988,3,0.0,2072757,0,-1.0,-1,88.070724,0.7630522,2374307,1690767,1.0166667,91.95551,58.35458,-1.0,80.046295,94.833336,80.07947,84.675,487mnSNu6t,90.8019,87.8125,0.8832886,2.65,0.0,-1.0,0.0,com.sec.android.app.shealth,85.00969,96.4597,85.79708,25875000,,,89.49597,5416060,0,107.25626,71.768394,34659343-6e90-46b7-937d-c2ee4bc05a9b,61.308746,2026-04-23 00:00:00.000,0,1.1666666,0.8333333,
-1,75.607834,63200010,75.11574,3.2837863,3.0621862,87.163345,120000,60000,193.0,2917363,86.83101,1777014240000,-1.0,0.0,60.089397,54.080456,-1,0,,63200010,1.188229,2026-04-24 10:33:40.604,2026-04-24 10:33:40.604,84.6772,3,0.0,2316121,0,-1.0,-1,91.0046,0.9305556,2554153,1819228,1.0666667,87.163345,58.153847,-1.0,84.953705,94.33333,79.59165,89.73767,487mnSNu6t,82.72275,85.03125,1.0723666,2.65,0.0,-1.0,0.0,com.sec.android.app.shealth,84.26107,86.83101,72.30138,25207500,,,93.48701,5824568,0,106.5595,71.342094,73606e58-d049-41de-ab9c-b919eecdf962,60.089397,2026-04-24 00:00:00.000,0,1.1666666,0.8333333,
-1,35.313396,63200010,35.31342,4.5380373,2.9844284,65.4145,594821,60000,193.0,4257135,83.735504,1778224740000,-1.0,0.0,57.26111,51.534996,-1,0,,63200010,-1.0,2026-05-08 10:35:12.531,2026-05-08 10:35:12.531,71.45241,3,0.0,3727013,0,-1.0,-1,-1.0,0.9457547,2506919,1790657,0.25,65.4145,60.52222,-1.0,-1.0,87.5,53.452538,89.64755,487mnSNu6t,83.7576,85.99999,1.5205717,2.65,0.0,-1.0,0.0,com.sec.android.app.shealth,-1.0,83.735504,72.06639,25440000,,,58.944588,5694289,0,69.68932,48.391514,9e3496a4-16c7-4a7c-be9b-d72012ed2e0c,57.26111,2026-05-08 00:00:00.000,0,1.1666666,0.8333333,
-1,84.97777,63200010,84.97779,3.2083662,2.9146397,61.68141,486422,60000,193.0,2449074,83.610016,1778742660000,-1.0,0.0,65.03536,58.531826,-1,0,,63200010,0.25833344,2026-05-14 10:30:10.739,2026-05-14 10:30:10.739,80.05553,3,0.0,3545369,0,-1.0,-1,98.090225,0.63296705,2448297,1748783,23.6,61.68141,69.54851,-1.0,96.80557,91.0,64.9817,93.77132,487mnSNu6t,87.89688,89.875,1.1007762,2.65,0.0,-1.0,0.0,com.sec.android.app.shealth,96.37851,83.610016,57.69948,26370000,,,90.930145,5561132,0,85.830956,58.54251,31b857f7-a35b-4b4f-90f4-649a2a504ddf,65.03536,2026-05-14 00:00:00.000,0,1.1666666,0.8333333,
-1,54.069473,63200010,54.069473,2.0285769,2.4402757,50.98053,216049,60000,193.0,675399,97.98632,1779622860000,-1.0,0.0,63.94179,57.54761,-1,0,,63200010,-1.0,2026-05-24 15:12:19.881,2026-05-24 15:12:19.881,65.969284,3,0.0,2777145,0,-1.0,-1,-1.0,0.98540145,2049831,1464165,2.55,50.98053,73.88358,-1.0,-1.0,82.25,40.98606,96.26181,487mnSNu6t,69.42169,83.666664,0.83129007,2.65,0.0,-1.0,0.0,com.sec.android.app.shealth,-1.0,97.98632,42.37099,32880000,,,84.8774,4656046,0,52.498318,37.35256,fa9923ca-8d32-49e5-aa4c-0586d1bfebb3,63.94179,2026-05-24 00:00:00.000,0,1.1666666,0.8333333,
-1,81.14809,63200010,81.14811,2.5708432,2.5292041,93.29678,224437,60000,193.0,2241438,89.192406,1779682800000,-1.0,0.0,70.01114,63.010025,-1,0,,63200010,2.8,2026-05-31 23:17:36.642,2026-05-31 23:17:36.642,81.8552,3,0.0,2878866,0,-1.0,-1,33.61318,0.7877358,2124531,1517522,0.8,93.29678,66.13869,-1.0,24.166672,97.0,51.187794,96.287735,487mnSNu6t,66.34456,78.333336,1.0164633,2.65,0.0,-1.0,0.0,com.sec.android.app.shealth,74.08879,89.192406,61.83924,22800000,,,98.51831,4825721,0,66.5443,46.391376,7dc40f19-017e-4b3b-912e-4a1c18eec459,70.01114,2026-05-25 00:00:00.000,0,1.1666666,0.8333333,
-1,72.67195,63200010,72.67195,2.077138,2.6461587,49.743652,214197,60000,193.0,1220873,96.53397,1780298280000,-1.0,0.0,65.0561,58.550488,-1,0,,63200010,-1.0,2026-06-01 10:30:28.035,2026-06-01 10:30:28.035,64.57235,3,0.0,2991370,0,-1.0,-1,-1.0,0.6136364,2222773,1587695,2.1666667,49.743652,76.1122,-1.0,-1.0,84.166664,41.996067,95.296555,487mnSNu6t,63.2994,62.000004,0.7849635,2.65,0.0,-1.0,0.0,com.sec.android.app.shealth,-1.0,96.53397,44.48499,18480000,,,82.09781,5048871,0,53.879387,38.249737,6a841230-aa53-4669-86e6-12427b92a387,65.0561,2026-06-01 00:00:00.000,0,1.1666666,0.8333333,
-1,73.20225,63200010,73.2022,2.2859297,2.503142,57.859146,223050,60000,193.0,1165507,86.753624,1780903020000,-1.0,0.0,59.179283,53.261353,-1,0,,63200010,-1.0,2026-06-08 10:40:45.759,2026-06-08 10:40:45.759,75.97763,3,0.0,2850126,0,-1.0,-1,-1.0,0.8778626,2102639,1501885,0.73333335,57.859146,64.35857,-1.0,-1.0,97.666664,49.909176,96.33478,487mnSNu6t,80.241936,80.5,0.9132241,2.65,0.0,-1.0,0.0,com.sec.android.app.shealth,-1.0,86.753624,62.828556,23580000,,,92.19017,4775995,0,64.77279,45.26119,2478821f-63ff-4a8b-a5a8-907d4168dfb6,59.179283,2026-06-08 00:00:00.000,0,1.1666666,0.8333333,
-1,47.503586,63200010,47.503586,2.0335832,2.5216625,84.50511,234810,60000,193.0,465566,99.540955,1781076360000,-1.0,0.0,62.94079,56.64671,-1,0,,63200010,0.17500019,2026-06-10 10:51:37.799,2026-06-10 10:51:37.799,81.22584,3,0.0,2881324,0,-1.0,-1,96.761665,0.7822581,2118196,1512997,1.2333333,84.50511,61.523014,-1.0,94.58334,92.66667,62.894516,96.84474,487mnSNu6t,80.21437,78.75,0.8064454,2.65,0.0,-1.0,0.0,com.sec.android.app.shealth,97.54673,99.540955,62.695545,22950000,,,83.38673,4811332,0,82.89347,56.7084,7b7ead05-5999-441f-870d-92aae8b6b0c2,62.94079,2026-06-10 00:00:00.000,0,1.1666666,0.8333333,
-1,85.157036,63200010,85.157036,2.5273333,2.5933785,88.58642,303622,60000,193.0,2175180,95.46095,1781161050000,-1.0,0.0,61.798912,55.61902,-1,0,,63200010,0.38133544,2026-06-11 10:38:31.661,2026-06-11 10:38:31.661,84.462265,3,0.0,3025402,0,-1.0,-1,96.927734,0.90962964,2178438,1556027,1.3333334,88.58642,59.515152,-1.0,94.861115,91.666664,65.60544,99.89229,487mnSNu6t,76.89101,76.25,0.9745331,2.65,0.0,-1.0,0.0,com.sec.android.app.shealth,94.654175,95.46095,71.38286,22050000,,,97.70798,4948166,0,86.71,59.09033,b767582f-57e0-46ad-91b5-02489ae4232e,61.798912,2026-06-11 00:00:00.000,0,1.1666666,0.8333333,
-1,68.19081,63200010,68.190765,2.356387,2.509519,52.817863,274648,60000,193.0,1067866,89.18256,1782198840000,-1.0,0.0,62.355263,56.119736,-1,0,,63200010,-1.0,2026-06-23 10:34:47.948,2026-06-23 10:34:47.948,70.85552,3,0.0,2908416,0,-1.0,-1,-1.0,0.7521127,2107996,1505711,1.3166666,52.817863,70.710526,-1.0,-1.0,91.833336,47.744335,98.92134,487mnSNu6t,75.194466,73.75,0.93897945,2.65,0.0,-1.0,0.0,com.sec.android.app.shealth,-1.0,89.18256,57.496315,21300000,,,94.50815,4788162,0,61.78031,43.34599,1688df5c-bdc3-4639-ada0-a43b734049a1,62.355263,2026-06-23 00:00:00.000,0,1.1666666,0.8333333,
-1,10.050739,70001070,38.38538,4.3951406,4.201008,59.671112,1064991,380575,193.0,5749540,88.94125,1783407000000,194.0,193.0,57.037502,52.649998,-1,1175977,-1.0,70001070,-1.0,2026-07-07 13:35:33.415,2026-07-07 09:57:20.143,66.143555,4,0.0,4110640,0,128.79166,-1,-1.0,0.553719,3466975,2458733,2.8,59.671112,63.0,75.1061,-1.0,81.0,47.95301,81.756775,487mnSNu6t,51.78346,88.0,1.046211,2.65,0.0,193.0,100.35999,com.sec.android.app.shealth,-1.0,88.94125,58.0,25920000,-1.0,-1.0,95.84101,7953652,0,62.068386,43.530685,79a8de2b-baab-420c-9443-eae02d6b160a,58.5,2026-07-07 00:00:00.000,0,1.1666666,0.8333333,
-1,21.371616,70001070,24.432602,5.966304,4.7390285,64.58956,1256048,450183,193.0,7411931,94.67351,1783504890000,194.0,193.0,65.325005,60.3,-1,203974,-1.0,70001070,0.7541666,2026-07-08 13:50:23.863,2026-07-08 13:50:23.863,74.7009,4,0.0,4842149,0,126.406876,-1,75.30296,0.76555026,3909081,2771714,1.3166666,64.58956,71.0,74.9954,61.111115,91.833336,55.964275,78.88957,487mnSNu6t,85.5804,99.3125,1.2589719,2.65,0.0,193.0,100.35999,com.sec.android.app.shealth,89.42757,94.67351,54.0,28635000,-1.0,-1.0,79.461685,8970364,0,73.18774,50.607304,2a523b28-ea5d-4535-8889-556d007da58e,67.0,2026-07-08 00:00:00.000,0,1.1666666,0.8333333,
-1,66.03128,70001070,71.81523,7.5871305,5.658778,73.67647,1502498,606581,193.0,2310197,98.2702,1783662660000,-1.0,0.0,66.3,61.199997,-1,0,-1.0,70001070,1.4939847,2026-07-10 08:57:44.140,2026-07-10 08:57:44.140,78.7728,4,0.0,5489330,0,-1.0,-1,75.20536,0.8355263,4491532,3133425,0.78333336,73.67647,70.0,-1.0,60.97223,97.16667,55.64098,69.68849,487mnSNu6t,80.96395,84.916664,1.3407719,2.65,0.0,-1.0,0.0,com.sec.android.app.shealth,82.3501,98.2702,55.0,25170000,-1.0,-1.0,74.33052,10535108,0,72.73685,50.322235,618f85bf-1785-4de8-b3eb-426b7e797300,68.0,2026-07-10 00:00:00.000,0,1.1666666,0.8333333,
-1,74.475586,70001070,84.02044,7.659865,5.8810763,80.0,1535694,622398,193.0,4713204,96.84779,1783762830000,194.0,193.0,66.3,61.199997,-1,585802,-1.0,70001070,1.2938489,2026-07-11 13:20:28.577,2026-07-11 13:20:28.577,79.20668,4,0.0,5599862,0,131.89955,-1,72.745316,0.63799286,4644073,3232615,2.7,80.0,68.0,75.5484,58.055557,81.5,56.7001,84.19858,487mnSNu6t,75.55057,84.875,1.3024597,2.65,0.0,193.0,100.35999,com.sec.android.app.shealth,83.600945,96.84779,60.0,25155000,-1.0,-1.0,76.85242,10925063,0,74.214615,51.25595,774b2e04-b13b-4cac-90c4-e68bda30a14c,68.0,2026-07-11 00:00:00.000,0,1.1666666,0.8333333,
-1,55.255676,70050090,59.275116,7.642648,6.369003,93.95523,1563415,590283,193.0,1868784,90.08447,1783927380000,-1.0,0.0,65.325005,60.3,-1,0,-1.0,70050090,1.1746937,2026-07-13 10:28:47.072,2026-07-13 10:28:47.072,84.416245,4,0.0,5893853,0,-1.0,-1,74.44565,0.7917738,4990697,3462136,0.9,93.95523,63.0,-1.0,60.03473,96.0,59.308758,71.80257,487mnSNu6t,84.37449,83.86667,1.1999756,2.65,0.0,-1.0,0.0,com.sec.android.app.shealth,84.345665,90.08447,71.0,24792000,-1.0,-1.0,83.001465,11792792,0,77.86222,53.55387,ef8c6f54-18a7-461c-ab82-6f98cbda0ce2,67.0,2026-07-13 00:00:00.000,0,1.1666666,0.8333333,
-1,51.20969,70050090,55.747406,8.084932,6.924678,57.95527,1634600,600919,193.0,1638639,56.33857,1784092140000,-1.0,0.0,67.275,62.1,-1,0,-1.0,70050090,0.97774494,2026-07-15 08:29:24.694,2026-07-15 08:29:24.694,62.943512,4,0.0,6234478,0,-1.0,-1,78.426254,0.54710144,5375752,3713830,0.55,57.95527,75.0,-1.0,65.55556,99.5,54.980576,72.5598,487mnSNu6t,69.06917,71.71875,1.1675535,2.65,0.0,-1.0,0.0,com.sec.android.app.shealth,86.2933,56.33857,39.0,20812500,-1.0,-1.0,84.946785,12771310,0,71.81635,49.739803,95e4e29e-437d-435f-98ca-005fb9326534,69.0,2026-07-15 00:00:00.000,0,1.1666666,0.8333333,
-1,32.740223,70050090,39.658997,7.0907726,6.826408,81.94174,1487342,460615,193.0,8839352,94.47637,1784452740000,192.0,149.16235,66.95,61.799995,-1,751506,-1.0,70050090,1.3776658,2026-07-19 12:27:55.507,2026-07-19 12:27:55.507,79.93332,4,0.0,6056278,0,129.75754,-1,80.52472,0.58158994,5252324,3613986,1.35,81.94174,68.0,81.43235,68.54167,91.5,55.277836,93.49955,487mnSNu6t,80.335014,78.5,1.0387268,2.65,0.0,193.0,100.35999,com.sec.android.app.shealth,83.07709,94.47637,61.0,22860000,-1.0,-1.0,96.51459,12542928,0,72.230606,50.001995,61fb1ab7-cd7a-4ac6-a2de-76a3131fb336,68.666664,2026-07-19 00:00:00.000,0,1.1666666,0.8333333,
-1,39.251076,70050090,44.36594,5.9413524,6.7128444,94.375015,1354896,345250,193.0,461922,88.62457,1784616240000,-1.0,0.0,67.600006,62.4,-1,0,-1.0,70050090,1.4338716,2026-07-21 10:08:52.494,2026-07-21 10:08:52.494,81.62556,4,0.0,5847824,0,-1.0,-1,80.42712,0.80923074,5156931,3545848,1.3166666,94.375015,65.0,-1.0,68.40279,91.833336,53.948505,78.16097,487mnSNu6t,78.53993,74.916664,0.8850723,2.65,0.0,-1.0,0.0,com.sec.android.app.shealth,82.7258,88.62457,66.0,21580000,-1.0,-1.0,89.65651,12326249,0,70.37926,48.82924,bb09302a-3a7f-4f43-99c0-267dafef01ee,69.333336,2026-07-21 00:00:00.000,0,1.1666666,0.8333333,
-1,55.33892,70050090,61.092396,5.121252,6.498226,75.04953,1255194,277827,193.0,1914292,87.83896,1784708400000,-1.0,0.0,65.65,60.600002,-1,0,-1.0,70050090,1.2060292,2026-07-22 11:49:19.069,2026-07-22 11:49:19.069,80.83886,4,0.0,5604477,0,-1.0,-1,87.08816,0.9478079,4976651,3417077,0.35,75.04953,69.0,-1.0,78.40279,86.5,60.863087,79.31477,487mnSNu6t,90.51845,86.83333,0.7881,2.65,0.0,-1.0,0.0,com.sec.android.app.shealth,84.14982,87.83896,56.0,25640000,-1.0,-1.0,82.286,11916759,0,80.04072,54.921856,0a59a8ec-d9a8-453f-a2a4-414439f4cef2,67.333336,2026-07-22 00:00:00.000,0,1.1666666,0.8333333,
-1,79.87567,70050090,78.32417,6.674522,6.8519187,73.67647,1304095,258019,193.0,5764149,75.00067,1784960580000,192.0,124.17259,66.3,61.199997,-1,298852,-1.0,70050090,1.231213,2026-07-25 20:47:16.205,2026-07-25 20:47:16.205,80.053,4,0.0,5959129,0,127.01878,-1,87.46179,0.7655786,5215242,3570781,0.76666665,73.67647,70.0,85.884445,79.02777,97.33333,57.557224,86.171005,487mnSNu6t,82.969086,82.458336,0.9741099,2.65,0.0,193.0,100.35999,com.sec.android.app.shealth,83.99242,75.00067,47.0,24285000,-1.0,-1.0,97.66989,12533091,0,75.4119,52.011265,e5b44358-4879-4a2a-82d7-55746d309997,68.0,2026-07-25 00:00:00.000,0,1.1666666,0.8333333,
-1,70.990105,70050090,78.99726,6.056512,6.7507114,66.25449,1208944,178320,193.0,3023784,68.59401,1785060330000,-1.0,0.0,67.51875,62.324997,-1,0,-1.0,70050090,2.093727,2026-07-26 13:58:59.912,2026-07-26 13:58:59.912,72.82756,4,0.0,5795220,0,-1.0,-1,82.39543,0.6572104,5130228,3510057,23.516666,66.25449,73.0,-1.0,71.203705,90.166664,52.115074,81.539566,487mnSNu6t,74.18701,90.96875,0.89716643,2.65,0.0,-1.0,0.0,com.sec.android.app.shealth,78.60171,68.59401,41.0,26632500,-1.0,-1.0,90.74498,12339987,0,67.83092,47.210583,318f02d2-dc90-4431-9078-b3e302cea3e9,69.25,2026-07-26 00:00:00.000,0,1.1666666,0.8333333,
-1,25.011662,70050090,58.939484,8.746839,7.547375,95.86957,1435653,289219,193.0,7570014,89.86953,1785221430000,192.0,121.28691,67.275,62.1,-1,2595426,-1.0,70050090,2.0026112,2026-07-28 10:03:53.765,2026-07-28 10:03:53.765,84.27182,4,0.0,6537281,0,132.23944,-1,79.076935,0.795422,5646315,3834945,1.0166667,95.86957,64.0,88.96105,66.481476,94.833336,51.098698,59.801018,487mnSNu6t,90.82051,92.5,1.1589246,2.65,0.0,193.0,100.35999,com.sec.android.app.shealth,79.17118,89.86953,61.0,27000000,-1.0,-1.0,85.696785,13706914,0,66.42076,46.31265,8fd987d5-e4e3-4b19-9a74-73fcddcbd7e5,69.0,2026-07-28 00:00:00.000,0,1.1666666,0.8333333,
-1,78.81058,70050090,71.316666,8.790818,7.818145,73.08272,1450236,246445,193.0,7038403,79.47861,1785393780000,192.0,117.83108,64.8375,59.85,-1,81382,-1.0,70050090,2.1111352,2026-07-30 09:56:49.878,2026-07-30 09:56:42.244,78.755165,4,0.0,6807104,0,126.332085,-1,84.34749,0.7205882,5869851,3993496,1.05,73.08272,59.0,87.98844,73.981476,94.5,57.232834,82.25759,487mnSNu6t,80.12407,84.208336,1.1244123,2.65,0.0,193.0,100.35999,com.sec.android.app.shealth,78.492905,79.47861,87.0,24915000,-1.0,-1.0,88.802895,14219631,0,74.95864,51.72543,8b0d22b6-d268-4693-8462-c2cfc17595ca,66.5,2026-07-30 00:00:00.000,0,1.1666666,0.8333333,
-1,66.56678,70060030,66.56678,5.491992,6.6211233,47.92839,1062653,60000,193.0,2731440,39.608055,1785673860000,-1.0,0.0,66.3,61.199997,-1,0,-1.0,70060030,0.76679766,2026-08-02 17:42:11.325,2026-08-02 17:42:11.325,55.417564,4,0.0,6048400,0,-1.0,-1,72.80498,0.77375567,4864352,3275283,5.15,47.92839,81.0,-1.0,58.125,69.25,56.85095,86.54605,487mnSNu6t,60.36819,77.86111,0.82946527,2.65,0.0,-1.0,0.0,com.sec.android.app.shealth,89.250496,39.608055,33.0,22630000,-1.0,-1.0,84.767914,11935713,0,74.425255,51.388897,a5fea215-6482-4b41-ad38-76e17def253f,68.0,2026-08-02 00:00:00.000,0,1.1666666,0.8333333,
-1,78.03017,70060030,78.03017,5.9313793,6.537852,67.65958,1048234,60000,193.0,3375898,76.54912,1786001700000,-1.0,0.0,68.7375,63.449997,-1,0,-1.0,70060030,0.14166665,2026-08-06 10:46:12.674,2026-08-06 10:46:05.779,80.42954,4,0.0,5818573,0,-1.0,-1,28.035137,0.8752941,5022372,3453288,0.5,67.65958,60.0,-1.0,20.138893,85.0,53.88878,85.664696,487mnSNu6t,89.765274,88.375,0.90723675,2.65,0.0,-1.0,0.0,com.sec.android.app.shealth,98.014015,76.54912,88.0,26010000,-1.0,-1.0,91.651306,12004799,0,70.29618,48.776527,949314b9-57c2-4156-82dc-00a15d846c7e,70.5,2026-08-06 00:00:00.000,0,1.1666666,0.8333333,
-1,77.80841,70060030,77.80841,5.6036873,6.472999,72.750015,972654,60000,193.0,3325185,87.426216,1786088820000,-1.0,0.0,65.0,59.999996,-1,0,-1.0,70060030,0.33856994,2026-08-07 11:15:39.911,2026-08-07 11:15:39.911,81.272964,4,0.0,5676210,0,-1.0,-1,71.13449,0.7582697,4967896,3414376,1.2333333,72.750015,59.0,-1.0,56.180557,92.66667,60.432423,87.39335,487mnSNu6t,85.1384,85.0,0.86570185,2.65,0.0,-1.0,0.0,com.sec.android.app.shealth,95.25369,87.426216,76.0,25200000,-1.0,-1.0,87.91316,11881060,0,79.43674,54.542908,820e3db9-586d-41d5-be79-9a00b3852144,66.666664,2026-08-07 00:00:00.000,0,1.1666666,0.8333333,
-1,1.0,70060030,51.326607,10.116131,8.043139,93.01526,1448544,241680,193.0,8964456,99.21178,1786183980000,192.0,118.67688,63.862503,58.949997,-1,3964486,-1.0,70060030,1.5649092,2026-08-08 13:30:32.530,2026-08-08 13:30:32.530,76.00365,4,0.0,6819091,0,136.60826,-1,73.34192,0.2922591,6055078,4124725,23.666666,93.01526,62.0,90.88121,58.75,91.666664,60.324028,41.450188,487mnSNu6t,75.0,98.3125,1.2577341,2.65,0.0,193.0,100.35999,com.sec.android.app.shealth,81.906815,99.21178,60.0,28395000,-1.0,-1.0,79.53596,14645151,0,79.28476,54.44753,691c0d7d-c2a1-418d-9f1d-f13a95d1a532,65.5,2026-08-08 00:00:00.000,0,1.1666666,0.8333333,
-1,93.209946,70060030,97.801056,8.063963,7.7735453,69.030624,1521151,321064,193.0,5104515,89.88713,1786431240000,192.0,126.471016,59.71875,55.125,-1,49000,-1.0,70060030,1.7872232,2026-08-11 10:21:40.296,2026-08-11 10:21:40.296,84.19522,4,0.0,6861539,0,128.0,-1,84.02214,0.99159664,5900591,4034940,0.95,69.030624,64.0,85.469986,73.51851,95.5,72.007965,80.46593,487mnSNu6t,92.49324,93.0,1.0373597,2.65,0.0,193.0,100.35999,com.sec.android.app.shealth,80.51736,89.88713,67.0,27120000,-1.0,-1.0,96.63762,14202738,0,95.76482,64.70623,a52aaf8e-591d-4f61-88df-1c8d187aeba3,61.25,2026-08-11 00:00:00.000,0,1.1666666,0.8333333,
-1,59.6801,70060030,69.82624,6.9832554,7.571497,64.172035,1387784,218889,193.0,2691747,88.45314,1786517700000,-1.0,0.0,60.645,55.98,-1,0,-1.0,70060030,1.7845759,2026-08-12 10:25:23.734,2026-08-12 10:25:23.734,76.2818,4,0.0,6589366,0,-1.0,-1,87.58635,0.42642644,5730870,3913711,1.3666667,64.172035,66.0,-1.0,79.236115,91.33333,70.5484,81.25476,487mnSNu6t,79.499886,87.05,0.92230844,2.65,0.0,-1.0,0.0,com.sec.android.app.shealth,80.5339,88.45314,65.0,25692000,-1.0,-1.0,93.00777,13817230,0,93.69571,63.42714,33d99e05-673e-4fe8-837d-c816996c9798,62.2,2026-08-12 00:00:00.000,0,1.1666666,0.8333333,
-1,49.772537,70060030,56.85431,6.220392,7.5419908,84.14508,1345412,186673,193.0,1632606,99.9959,1786951440000,-1.0,0.0,62.725002,57.9,-1,0,-1.0,70060030,0.22662303,2026-08-17 10:33:56.576,2026-08-17 10:33:56.576,79.87475,4,0.0,6501797,0,-1.0,-1,97.592,0.98356164,5585712,3775634,1.3166666,84.14508,63.0,-1.0,95.97223,91.833336,65.99497,81.777985,487mnSNu6t,76.181305,72.91666,0.82476795,2.65,0.0,-1.0,0.0,com.sec.android.app.shealth,96.823044,99.9959,66.0,21100000,-1.0,-1.0,84.48608,13640559,0,87.259285,59.43239,b672d9d1-d063-4099-a80a-66468308fc1a,64.333336,2026-08-17 00:00:00.000,0,1.1666666,0.8333333,
-1,26.108524,70060030,56.13559,8.820662,8.221693,83.2258,1469389,228295,193.0,8419674,96.96924,1787123880000,186.1936,113.69574,60.45,55.8,-1,2339894,-1.0,70060030,0.058333397,2026-08-19 10:36:11.071,2026-08-19 10:36:11.071,78.79723,4,0.0,6992259,0,136.40672,-1,99.41876,0.4329609,6000582,4027376,1.3333334,83.2258,61.0,94.39792,99.02779,91.666664,69.88563,68.95796,487mnSNu6t,77.3235,75.25,1.0728523,2.65,0.0,193.0,100.35999,com.sec.android.app.shealth,99.182236,96.96924,74.0,21690000,-1.0,-1.0,93.4433,14781351,0,92.75712,62.84607,df341296-d084-48dd-a171-181dbc4c2814,62.0,2026-08-19 00:00:00.000,0,1.1666666,0.8333333,
-1,84.540596,70060030,94.45513,8.310276,8.206883,69.8684,1394935,142087,193.0,4630393,88.61638,1787210670000,179.95787,108.46783,61.75,56.999996,-1,180477,-1.0,70060030,0.40351462,2026-08-20 10:40:57.587,2026-08-20 10:40:57.587,81.678856,4,0.0,6970110,0,126.9335,-1,97.46745,0.5939394,5979267,4009615,0.53333336,69.8684,66.0,92.74892,95.7639,99.66667,67.15153,85.91925,487mnSNu6t,84.126686,78.083336,1.0125983,2.65,0.0,193.0,100.35999,com.sec.android.app.shealth,94.343254,88.61638,62.0,22710000,-1.0,-1.0,98.86615,14744220,0,88.891396,60.44767,c2bb0002-b0de-4484-9916-64652cd58017,63.333332,2026-08-20 00:00:00.000,0,1.1666666,0.8333333,
-1,53.65704,70060030,53.65704,3.6878119,5.9465213,74.728,974126,60000,193.0,1611409,98.96422,1787555730000,-1.0,0.0,62.725002,57.9,-1,0,-1.0,70060030,0.7045596,2026-08-24 10:32:46.483,2026-08-24 10:32:46.483,81.75104,4,0.0,5584131,0,-1.0,-1,96.05588,0.9382449,4139074,2711909,23.566668,74.728,66.0,-1.0,93.40279,90.66668,67.48897,86.7905,487mnSNu6t,93.974915,83.44444,0.6201629,2.65,0.0,-1.0,0.0,com.sec.android.app.shealth,90.12299,98.96422,67.0,24640000,-1.0,-1.0,70.81467,10489959,0,89.36795,60.74381,4c3bf4b9-a8df-471d-8271-ad897d5ede16,64.333336,2026-08-24 00:00:00.000,0,1.1666666,0.8333333,
-1,54.0388,70060030,54.0388,3.6189346,5.452798,55.72464,789038,60000,193.0,1506832,85.42856,1788160860000,-1.0,0.0,58.5,54.0,-1,0,-1.0,70060030,-1.0,2026-08-31 10:31:30.034,2026-08-31 10:31:30.034,72.95448,4,0.0,4841857,0,-1.0,-1,-1.0,0.75117373,3815217,2506545,0.25,55.72464,66.0,-1.0,-1.0,87.5,51.153316,89.00905,487mnSNu6t,83.90195,86.5,0.663684,2.65,0.0,-1.0,0.0,com.sec.android.app.shealth,-1.0,85.42856,66.0,25560000,-1.0,-1.0,74.73157,9638805,0,66.4965,46.360916,a0cc8b70-f8b5-40c6-81cf-6a8de2b3f029,60.0,2026-08-31 00:00:00.000,0,1.1666666,0.8333333,
-1,57.51676,70060030,57.245033,6.2487583,6.3408237,59.671112,1015681,71453,193.0,6525156,76.99054,1788607530000,192.0,107.03047,69.7125,64.35,-1,341398,-1.0,70060030,0.020833492,2026-09-05 15:08:33.905,2026-09-05 15:08:33.905,67.32791,4,0.0,5217496,0,131.10832,-1,45.153946,0.78879815,4758203,3236406,4.2833333,59.671112,77.0,93.19464,32.5,73.583336,55.09991,93.576675,487mnSNu6t,63.87481,86.8125,0.98548055,2.65,0.0,193.0,100.35999,com.sec.android.app.shealth,99.70795,76.99054,46.0,25635000,-1.0,-1.0,98.693245,11530203,0,71.982635,49.84507,9bd3d1c7-9453-480c-b3b6-1bfbc27ce32e,71.5,2026-09-05 00:00:00.000,0,1.1666666,0.8333333,
-1,40.7995,70060030,40.7995,3.1351519,5.03148,97.676056,771017,60000,193.0,455561,96.454254,1788869640000,-1.0,0.0,69.225,63.899998,-1,0,-1.0,70060030,1.8958333,2026-09-08 15:43:22.999,2026-09-08 15:43:22.999,78.59016,4,0.0,4348478,0,-1.0,-1,80.37831,0.8262195,3731329,2523774,1.3,97.676056,65.0,-1.0,68.33334,92.0,48.90808,86.22795,487mnSNu6t,68.43231,84.625,0.6231073,2.65,0.0,-1.0,0.0,com.sec.android.app.shealth,79.83854,96.454254,52.0,32535000,-1.0,-1.0,71.07965,9104950,0,63.387867,44.375793,eb03d0b5-2f96-41c4-ac30-4612320c271c,71.0,2026-09-08 00:00:00.000,0,1.1666666,0.8333333,
-1,1.0,70060110,40.80871,7.8117876,6.615574,68.738525,1209886,259559,193.0,8181425,82.723755,1788938670000,192.0,120.367775,70.85,65.399994,-1,3643577,-1.0,70060110,2.238141,2026-09-09 10:34:31.420,2026-09-09 10:34:31.420,73.03726,4,0.0,5438843,0,137.44557,-1,75.88859,0.781575,4811923,3224185,1.8,68.738525,76.0,91.99387,61.944458,87.0,46.115654,33.3064,487mnSNu6t,89.26991,98.416664,1.1808178,2.65,0.0,193.0,100.35999,com.sec.android.app.shealth,77.69912,82.723755,41.0,28420000,-1.0,-1.0,84.15093,11877356,0,59.534897,41.903683,ab621aca-6c9c-4452-82db-c13a170664b2,72.666664,2026-09-09 00:00:00.000,0,1.1666666,0.8333333,
-1,65.85083,70060110,78.15808,6.7633066,6.403515,88.998245,1179769,273143,193.0,2604992,93.11887,1789025070000,-1.0,0.0,69.95625,64.575,-1,0,-1.0,70060110,2.103324,2026-09-10 10:49:48.534,2026-09-10 10:49:48.534,84.479,4,0.0,5214255,0,-1.0,-1,84.02214,0.81276006,4667583,3130739,1.4,88.998245,69.0,-1.0,73.51851,91.0,47.971653,78.9745,487mnSNu6t,81.82061,91.34375,1.0561866,2.65,0.0,-1.0,0.0,com.sec.android.app.shealth,78.541725,93.11887,54.0,26722500,-1.0,-1.0,94.94321,11506537,0,62.09411,43.54718,f50538ec-0412-43b9-9bc1-400c8a35b321,71.75,2026-09-10 00:00:00.000,0,1.1666666,0.8333333,
-1,48.968227,70060110,56.351097,3.9597168,5.635554,94.85402,972737,178133,193.0,1156309,89.626045,1789292490000,-1.0,0.0,66.7875,61.649998,-1,0,-1.0,70060110,2.218932,2026-09-13 13:09:45.475,2026-09-13 13:09:45.475,82.6649,4,0.0,4508723,0,-1.0,-1,85.19219,0.79601085,4149961,2797428,0.5,94.85402,64.0,-1.0,75.231476,85.0,51.68841,80.51641,487mnSNu6t,81.32294,99.03125,0.70263135,2.65,0.0,-1.0,0.0,com.sec.android.app.shealth,77.819176,89.626045,62.0,28567500,-1.0,-1.0,77.15788,10168734,0,67.23874,46.833694,7c5fcf21-59f1-49af-a88e-6dda92d8a48d,68.5,2026-09-13 00:00:00.000,0,1.1666666,0.8333333,
-1,95.22519,70060110,91.958954,4.3186836,5.6951323,78.83382,954922,151918,193.0,3882950,98.00829,1789366860000,-1.0,0.0,66.885,61.739998,-1,0,-1.0,70060110,2.0344985,2026-09-14 10:11:02.948,2026-09-14 10:11:02.948,88.78126,4,0.0,4528290,0,-1.0,-1,82.59877,0.97310513,4200007,2833176,23.533333,78.83382,69.0,-1.0,71.49306,90.33333,52.142666,81.216255,487mnSNu6t,96.92886,95.675,0.7583114,2.65,0.0,-1.0,0.0,com.sec.android.app.shealth,78.971886,98.00829,54.0,27762000,-1.0,-1.0,80.49869,10282409,0,67.869225,47.234947,b643282b-c458-4852-b5c3-636607c960db,68.6,2026-09-14 00:00:00.000,0,1.1666666,0.8333333,
-1,84.77193,70060110,97.50543,4.4176292,5.68108,81.15274,947659,146636,193.0,3393099,98.44081,1789456740000,-1.0,0.0,67.665,62.46,-1,0,-1.0,70060110,1.2715542,2026-09-15 10:41:42.846,2026-09-15 10:41:42.846,84.22449,4,0.0,4512210,0,-1.0,-1,87.04664,0.684492,4188203,2824744,1.0833334,81.15274,69.0,-1.0,78.33334,94.16667,52.537735,81.33876,487mnSNu6t,83.89621,82.71667,0.7776038,2.65,0.0,-1.0,0.0,com.sec.android.app.shealth,83.74029,98.44081,54.0,24378000,-1.0,-1.0,81.65623,10255597,0,68.41788,47.583855,6d603c90-4f6e-4226-9c21-d4f29ec8a875,69.4,2026-09-15 00:00:00.000,0,1.1666666,0.8333333,
-1,45.250984,70060110,54.94516,5.9738436,5.955201,84.15431,1165902,296260,193.0,6380397,94.68051,1789543260000,192.0,135.77348,65.715004,60.66,-1,847010,-1.0,70060110,1.1583825,2026-09-16 10:38:14.458,2026-09-16 10:38:14.458,82.82997,4,0.0,5035811,0,129.61415,-1,87.295746,0.83937824,4528692,3099444,0.9166667,84.15431,66.0,83.81497,78.750015,95.83333,57.250957,96.000824,487mnSNu6t,83.57236,84.36667,1.0031304,2.65,0.0,193.0,100.35999,com.sec.android.app.shealth,84.44761,94.68051,63.0,24972000,-1.0,-1.0,99.71826,10888848,0,74.98395,51.741405,08f24282-bfed-482d-b47b-d128314261a0,67.4,2026-09-16 00:00:00.000,0,1.1666666,0.8333333,
-1,72.92923,70060110,80.254295,5.420078,5.8379035,94.09091,1111710,285988,193.0,2705481,86.58192,1789630560000,-1.0,0.0,64.35,59.399998,-1,0,-1.0,70060110,1.0679888,2026-09-17 10:46:45.840,2026-09-17 10:46:45.840,89.92034,4,0.0,4786173,0,-1.0,-1,90.55484,0.91741073,4439037,3037940,0.13333334,94.09091,62.0,-1.0,84.2014,88.666664,61.777367,78.073,487mnSNu6t,91.47838,88.425,0.9284288,2.65,0.0,-1.0,0.0,com.sec.android.app.shealth,85.0282,86.58192,79.0,26022000,-1.0,-1.0,93.55859,10673919,0,81.3239,55.726105,fe240092-6c7c-4e91-9d57-89cfd834c142,66.0,2026-09-17 00:00:00.000,0,1.1666666,0.8333333,
-1,79.517456,70060110,86.80437,5.140253,5.79369,71.2218,1082386,262918,193.0,3095044,97.00158,1789707900000,-1.0,0.0,64.8375,59.85,-1,0,-1.0,70060110,1.8109475,2026-09-18 08:10:47.701,2026-09-18 08:10:47.701,71.15953,4,0.0,4729021,0,-1.0,-1,88.12608,0.95212764,4401898,3011412,1.95,71.2218,69.0,-1.0,80.138885,85.5,62.4619,78.58319,487mnSNu6t,54.778355,80.458336,0.88721573,2.65,0.0,-1.0,0.0,com.sec.android.app.shealth,80.36908,97.00158,66.0,23565000,-1.0,-1.0,89.84941,10589560,0,82.285416,56.328056,9f236014-3070-4d4b-b2bb-38b6e9e114e3,66.5,2026-09-18 00:00:00.000,0,1.1666666,0.8333333,
-1,59.640656,70060110,63.25099,6.1607,6.1174736,87.21924,1142826,270323,193.0,5958717,92.13928,1789816530000,192.0,132.4067,64.48929,59.528572,-1,421129,-1.0,70060110,1.7905102,2026-09-19 14:38:53.486,2026-09-19 14:38:53.486,80.22872,4,0.0,5025469,0,131.47823,-1,84.03841,0.6213786,4649626,3181432,2.9166667,87.21924,64.0,84.82047,73.54166,80.416664,63.99289,90.18529,487mnSNu6t,70.52388,83.02381,1.007066,2.65,0.0,193.0,100.35999,com.sec.android.app.shealth,80.49681,92.13928,74.0,24488571,-1.0,-1.0,99.36406,11183088,0,84.43852,57.673794,110e2c7c-3bd7-4629-99ea-49a57e97f4f1,66.14286,2026-09-19 00:00:00.000,0,1.1666666,0.8333333,
-1,61.73886,70060110,71.955536,5.3979897,5.983495,48.77717,1067520,214125,193.0,2237294,32.932343,1789902330000,-1.0,0.0,66.85714,61.714283,-1,0,-1.0,70060110,1.6853534,2026-09-20 14:41:00.465,2026-09-20 14:41:00.465,61.802925,4,0.0,4865129,0,-1.0,-1,87.26806,0.9272551,4537084,3101046,2.5,48.77717,81.0,-1.0,78.703705,82.5,57.95988,79.9818,487mnSNu6t,84.47934,82.166664,0.9021466,2.65,0.0,-1.0,0.0,com.sec.android.app.shealth,81.154045,32.932343,31.0,24180000,-1.0,-1.0,91.19319,10927458,0,75.97478,52.365993,90f17706-731d-49bc-836b-7006df638556,68.57143,2026-09-20 00:00:00.000,0,1.1666666,0.8333333,
