com.samsung.health.floors_climbed,7006011,7
start_time,custom,update_time,create_time,client_data_id,client_data_ver,floor,raw_data,time_offset,deviceuuid,pkg_name,end_time,datauuid
2023-10-21 03:28:12.660,,2023-10-22 03:00:00.275,2023-10-21 23:24:51.227,,,1.0,,UTC-0300,hriiVjEkYE,com.sec.android.app.shealth,2023-10-22 03:00:00.177,d68ed052-748b-4f97-be9f-9fa409132ad3,
2023-10-22 16:33:07.128,,2023-10-23 03:00:00.298,2023-10-22 21:24:08.982,,,1.0,,UTC-0300,hriiVjEkYE,com.sec.android.app.shealth,2023-10-23 03:00:00.163,09714305-2380-4184-a198-58cc6641336b,
2023-10-24 03:00:00.155,,2023-10-25 03:00:00.189,2023-10-24 11:24:24.858,,,13.0,,UTC-0300,hriiVjEkYE,com.sec.android.app.shealth,2023-10-25 03:00:00.025,22c1a1e1-82bc-439d-82bd-1d8180fb4d18,
2023-10-25 03:00:00.025,,2023-10-26 03:00:00.312,2023-10-25 15:46:10.548,,,1.0,,UTC-0300,hriiVjEkYE,com.sec.android.app.shealth,2023-10-26 03:00:00.148,ae57172a-a2d4-418d-8ce5-0d28c46c8540,
2023-10-26 03:00:00.148,,2023-10-27 03:00:00.283,2023-10-26 11:22:30.547,,,10.0,,UTC-0300,hriiVjEkYE,com.sec.android.app.shealth,2023-10-27 03:00:00.151,fe5c9654-7756-45ce-87cf-ef62f33f21ef,
2023-10-27 14:14:30.184,,2023-10-28 03:00:00.262,2023-10-27 15:43:04.292,,,2.0,,UTC-0300,hriiVjEkYE,com.sec.android.app.shealth,2023-10-28 03:00:00.152,e44dbb51-570a-4da1-93f5-3a5e50f34e71,
2023-10-28 03:00:00.152,,2023-10-29 03:00:00.559,2023-10-29 02:33:30.763,,,1.0,,UTC-0300,hriiVjEkYE,com.sec.android.app.shealth,2023-10-29 03:00:00.080,dac31416-6f65-444f-9877-bcd4b2b41847,
2023-10-29 03:00:00.080,,2023-10-30 03:00:00.302,2023-10-29 22:03:38.727,,,2.0,,UTC-0300,hriiVjEkYE,com.sec.android.app.shealth,2023-10-30 03:00:00.126,62d1fcaa-d61a-47e9-b647-5204f41bfd47,
2023-10-30 03:00:00.126,,2023-10-30 16:05:32.124,2023-10-30 11:21:55.794,,,7.0,,UTC-0300,hriiVjEkYE,com.sec.android.app.shealth,2023-10-30 16:05:32.081,82e85bff-a046-40b5-a326-bd7588f521b7,
2023-10-30 20:30:59.391,,2023-10-31 03:00:00.315,2023-10-30 22:40:26.056,,,1.0,,UTC-0300,hriiVjEkYE,com.sec.android.app.shealth,2023-10-31 03:00:00.189,d75eefd6-82d8-4ec5-b1a3-42f181fa1c9f,
2023-11-01 03:00:00.088,,2023-11-01 11:36:39.284,2023-11-01 11:32:32.597,,,3.0,,UTC-0300,hriiVjEkYE,com.sec.android.app.shealth,2023-11-01 11:36:39.227,2c21c07b-53d7-47c7-bcb3-c64274ae675b,
2023-11-03 15:25:09.700,,2023-11-03 20:20:11.354,2023-11-03 20:20:11.354,,,1.0,,UTC-0300,hriiVjEkYE,com.sec.android.app.shealth,2023-11-03 20:19:37.000,552cdf6a-574c-49c6-b553-bc99a4e893c1,
2023-11-03 21:05:04.917,,2023-11-03 21:24:07.228,2023-11-03 21:24:07.228,,,1.0,,UTC-0300,hriiVjEkYE,com.sec.android.app.shealth,2023-11-03 21:19:45.001,0751fa92-db13-415f-8213-80870ae888e3,
2023-11-03 23:49:59.194,,2023-11-04 01:42:05.616,2023-11-04 01:42:05.616,,,1.0,,UTC-0300,hriiVjEkYE,com.sec.android.app.shealth,2023-11-04 01:29:20.000,4a1ae90b-40d0-4d78-91b5-82f8d67ec477,
2023-11-04 03:00:00.158,,2023-11-04 04:34:02.990,2023-11-04 04:34:02.990,,,1.0,,UTC-0300,hriiVjEkYE,com.sec.android.app.shealth,2023-11-04 04:31:00.000,74c10e63-934c-4766-81e1-3135b48a20c9,
2023-11-04 04:34:04.450,,2023-11-04 04:47:35.216,2023-11-04 04:47:35.216,,,1.0,,UTC-0300,hriiVjEkYE,com.sec.android.app.shealth,2023-11-04 04:35:31.000,ce8aede3-5a05-4725-91df-a36a099132d2,
2023-11-04 04:35:31.000,,2023-11-04 04:47:35.386,2023-11-04 04:47:35.333,,,2.0,,UTC-0300,hriiVjEkYE,com.sec.android.app.shealth,2023-11-04 04:38:49.000,7c029cdd-9d7c-4c31-826c-06e2a8df2de5,
2023-11-04 04:38:48.999,,2023-11-04 04:47:35.668,2023-11-04 04:47:35.469,,,4.0,,UTC-0300,hriiVjEkYE,com.sec.android.app.shealth,2023-11-04 04:41:37.000,de341c37-3b55-46ed-ba12-515f16c150ae,
2023-11-05 02:32:10.865,,2023-11-05 02:39:10.224,2023-11-05 02:39:10.224,,,1.0,,UTC-0300,hriiVjEkYE,com.sec.android.app.shealth,2023-11-05 02:38:45.999,a844cbd9-a7a9-4a1d-8067-635500a8dbb8,
2023-11-06 10:09:16.610,,2023-11-06 11:02:03.649,2023-11-06 11:02:03.649,,,1.0,,UTC-0300,hriiVjEkYE,com.sec.android.app.shealth,2023-11-06 10:55:24.000,425c348e-377e-40c6-a431-2efb7a84f9bd,
2023-11-06 11:02:05.654,,2023-11-06 11:08:33.620,2023-11-06 11:08:33.620,,,1.0,,UTC-0300,hriiVjEkYE,com.sec.android.app.shealth,2023-11-06 11:05:01.001,6fb74eb7-ccae-4b1b-a967-aa832a5f9e05,
2023-11-06 11:05:01.000,,2023-11-06 11:08:33.727,2023-11-06 11:08:33.677,,,2.0,,UTC-0300,hriiVjEkYE,com.sec.android.app.shealth,2023-11-06 11:07:18.000,abbf1345-5f8c-4b65-8370-357e858731a0,
2023-11-06 15:41:28.222,,2023-11-06 16:15:47.926,2023-11-06 16:15:47.802,,,2.0,,UTC-0300,hriiVjEkYE,com.sec.android.app.shealth,2023-11-06 16:08:16.000,b155cea1-71d8-46da-afb2-8f048730468b,
2023-11-06 21:01:25.975,,2023-11-06 21:08:18.855,2023-11-06 21:08:18.855,,,3.0,,UTC-0300,hriiVjEkYE,com.sec.android.app.shealth,2023-11-06 21:08:18.790,5a0bec9e-6818-4071-ae0c-c435b397d728,
2023-11-06 21:08:18.790,,2023-11-06 21:47:47.643,2023-11-06 21:47:47.472,,,2.0,,UTC-0300,hriiVjEkYE,com.sec.android.app.shealth,2023-11-06 21:45:47.000,0ea24859-4767-4467-8866-0ce7e5a8928b,
2023-11-06 21:45:46.999,,2023-11-06 22:05:28.537,2023-11-06 22:05:28.537,,,1.0,,UTC-0300,hriiVjEkYE,com.sec.android.app.shealth,2023-11-06 22:02:14.999,8013aa62-4722-498a-8e50-01a7b1f965c4,
2023-11-06 22:02:15.000,,2023-11-06 22:29:25.664,2023-11-06 22:29:25.559,,,3.0,,UTC-0300,hriiVjEkYE,com.sec.android.app.shealth,2023-11-06 22:26:23.000,1bb2f4b9-7bed-4af1-a58f-65c6b43a7b15,
2023-11-06 22:26:23.000,,2023-11-06 22:29:25.792,2023-11-06 22:29:25.709,,,4.0,,UTC-0300,hriiVjEkYE,com.sec.android.app.shealth,2023-11-06 22:28:25.001,13f55924-ead3-4b3c-b2c3-3e66dff31e92,
2023-11-06 22:49:32.619,,2023-11-06 22:50:07.098,2023-11-06 22:50:07.098,,,1.0,,UTC-0300,hriiVjEkYE,com.sec.android.app.shealth,2023-11-06 22:50:07.064,8088c368-5ef6-4120-b60d-841fefd908dc,
2023-11-07 09:50:04.318,,2023-11-07 11:19:25.917,2023-11-07 11:19:25.917,,,11.0,,UTC-0300,hriiVjEkYE,com.sec.android.app.shealth,2023-11-07 11:19:25.853,d3b5f4cb-4bb6-4d4c-b061-21559977bae7,
2023-11-07 11:19:25.853,,2023-11-07 12:20:11.848,2023-11-07 12:20:11.848,,,3.0,,UTC-0300,hriiVjEkYE,com.sec.android.app.shealth,2023-11-07 12:20:11.782,1d29e653-38aa-48fd-a1e8-a6606682b3e9,
2023-11-07 16:02:18.249,,2023-11-07 16:13:27.187,2023-11-07 16:13:27.187,,,5.0,,UTC-0300,hriiVjEkYE,com.sec.android.app.shealth,2023-11-07 16:13:27.123,4d05ea79-1a3d-483f-9d1d-4c1e3906e806,
2023-11-07 18:35:01.242,,2023-11-07 22:35:26.914,2023-11-07 21:52:32.765,,,2.0,,UTC-0300,hriiVjEkYE,com.sec.android.app.shealth,2023-11-07 21:52:53.000,a24b51d1-31c1-40ce-87fa-535bfc6c14bc,
2023-11-07 21:52:53.000,,2023-11-07 22:35:26.940,2023-11-07 22:35:26.940,,,1.0,,UTC-0300,hriiVjEkYE,com.sec.android.app.shealth,2023-11-07 22:02:41.001,8710bbf8-27e5-4393-b05e-924fb71bce0e,
2023-11-07 22:02:41.001,,2023-11-07 22:35:26.998,2023-11-07 22:35:26.971,,,2.0,,UTC-0300,hriiVjEkYE,com.sec.android.app.shealth,2023-11-07 22:16:53.000,aaf0a46a-f16e-4631-9865-e9975c1973f3,
2023-11-07 22:16:52.999,,2023-11-07 22:35:27.055,2023-11-07 22:35:27.027,,,2.0,,UTC-0300,hriiVjEkYE,com.sec.android.app.shealth,2023-11-07 22:19:28.000,b56ac8ac-2d6a-4200-bf43-da7079ce61b8,
2023-11-07 22:19:28.000,,2023-11-08 00:39:54.539,2023-11-08 00:39:54.539,,,1.0,,UTC-0300,hriiVjEkYE,com.sec.android.app.shealth,2023-11-08 00:38:55.000,e8fba347-039c-455a-ad73-5a022ae2a641,
2023-11-08 09:55:32.045,,2023-11-08 11:29:46.698,2023-11-08 11:29:46.698,,,1.0,,UTC-0300,hriiVjEkYE,com.sec.android.app.shealth,2023-11-08 11:29:46.639,fcc1dabf-5f2f-4756-9ce8-004ab9f56c9f,
2023-11-08 11:29:46.639,,2023-11-08 12:13:25.006,2023-11-08 12:13:25.006,,,5.0,,UTC-0300,hriiVjEkYE,com.sec.android.app.shealth,2023-11-08 12:13:24.973,fd56ba58-8ec8-42ac-8f19-2ce47f2b7928,
2023-11-08 12:13:24.972,,2023-11-08 16:26:59.594,2023-11-08 16:26:59.594,,,4.0,,UTC-0300,hriiVjEkYE,com.sec.android.app.shealth,2023-11-08 16:26:59.526,68cb8710-ffe8-4611-bb40-2a75da84d608,
2023-11-08 20:06:04.541,,2023-11-08 22:15:54.425,2023-11-08 22:15:54.425,,,4.0,,UTC-0300,hriiVjEkYE,com.sec.android.app.shealth,2023-11-08 22:15:54.385,9f29d610-1105-4356-8367-8f487b8d66ad,
2023-11-10 09:54:51.969,,2023-11-10 11:48:58.418,2023-11-10 11:48:58.418,,,1.0,,UTC-0300,hriiVjEkYE,com.sec.android.app.shealth,2023-11-10 11:48:58.345,27b6d9d6-c316-49a9-ab4e-da266d73847e,
2023-11-10 11:48:58.345,,2023-11-10 16:06:05.729,2023-11-10 16:06:05.729,,,3.0,,UTC-0300,hriiVjEkYE,com.sec.android.app.shealth,2023-11-10 16:06:05.672,47c4a5b3-cd23-42cf-88e8-1b32b1dcb095,
2023-11-10 16:06:05.671,,2023-11-10 20:47:09.094,2023-11-10 20:47:09.094,,,1.0,,UTC-0300,hriiVjEkYE,com.sec.android.app.shealth,2023-11-10 20:47:09.018,21939813-7814-4c0f-9c6b-11d97bab80c3,
2023-11-10 20:47:09.019,,2023-11-10 22:14:09.388,2023-11-10 22:14:09.388,,,4.0,,UTC-0300,hriiVjEkYE,com.sec.android.app.shealth,2023-11-10 22:14:09.361,c4961af1-6dac-4b6a-8646-e071f7f84889,
2023-11-10 23:02:22.669,,2023-11-10 23:03:10.684,2023-11-10 23:03:10.684,,,1.0,,UTC-0300,hriiVjEkYE,com.sec.android.app.shealth,2023-11-10 23:03:10.626,ac814f84-d286-42ee-9943-ddde4f45c80f,
2023-11-17 12:06:10.095,,2023-11-17 12:20:16.868,2023-11-17 12:20:16.868,,,1.0,,UTC-0300,hriiVjEkYE,com.sec.android.app.shealth,2023-11-17 12:20:16.691,2b310b5b-c28b-4ce8-8fcf-615c0d74c8e0,
2023-11-17 16:06:10.491,,2023-11-17 16:17:09.318,2023-11-17 16:17:05.271,,,2.0,,UTC-0300,hriiVjEkYE,com.sec.android.app.shealth,2023-11-17 16:16:51.000,d146510e-3977-454a-b23e-8193732a3dc5,
2023-11-20 09:59:33.254,,2023-11-20 11:06:05.992,2023-11-20 11:06:05.665,,,2.0,,UTC-0300,hriiVjEkYE,com.sec.android.app.shealth,2023-11-20 10:09:45.001,d2491cda-e6f6-408a-97e7-e7688f310aa7,
2023-11-20 10:09:45.001,,2023-11-20 11:09:25.779,2023-11-20 11:09:25.779,,,1.0,,UTC-0300,hriiVjEkYE,com.sec.android.app.shealth,2023-11-20 11:08:16.000,a975ec8e-9e7b-43bb-a7a7-39eaa544a3ad,
2023-11-20 11:08:15.999,,2023-11-20 11:13:40.270,2023-11-20 11:13:40.106,,,2.0,,UTC-0300,hriiVjEkYE,com.sec.android.app.shealth,2023-11-20 11:09:32.000,0e7f35f1-02e2-42b4-9913-96f7f7d45914,
2023-11-20 11:09:32.001,,2023-11-20 11:21:31.177,2023-11-20 11:21:29.690,,,1.0,,UTC-0300,hriiVjEkYE,com.sec.android.app.shealth,2023-11-20 11:20:38.000,8c9942a6-f8e9-49ac-b0bf-8357ec0129c7,
2023-11-20 11:21:31.094,,2023-11-20 11:25:58.485,2023-11-20 11:25:58.485,,,3.0,,UTC-0300,hriiVjEkYE,com.sec.android.app.shealth,2023-11-20 11:25:58.454,d17fb960-2625-4981-ac21-0e9e95bac47b,
2023-11-20 13:58:46.624,,2023-11-20 14:31:30.335,2023-11-20 14:31:30.335,,,1.0,,UTC-0300,hriiVjEkYE,com.sec.android.app.shealth,2023-11-20 14:30:35.000,5c9f1ac0-956b-4bd6-bd94-1e0f3dbda69f,
2023-11-20 15:15:02.399,,2023-11-20 19:22:15.702,2023-11-20 19:22:15.702,,,3.0,,UTC-0300,hriiVjEkYE,com.sec.android.app.shealth,2023-11-20 19:21:20.000,d021e2c2-57e6-47ea-868d-c10fd9daf694,
2023-11-20 22:15:01.824,,2023-11-20 22:29:47.928,2023-11-20 22:29:47.928,,,3.0,,UTC-0300,hriiVjEkYE,com.sec.android.app.shealth,2023-11-20 22:29:47.856,e8ff1a02-9e13-4f13-bcb8-88dd01cda093,
2023-11-20 23:33:31.615,,2023-11-20 23:34:22.240,2023-11-20 23:34:22.240,,,1.0,,UTC-0300,hriiVjEkYE,com.sec.android.app.shealth,2023-11-20 23:34:22.172,88fd21a1-46ec-434f-af21-a58b5e53b050,
2023-11-21 09:26:58.375,,2023-11-21 11:15:36.618,2023-11-21 11:15:36.618,,,2.0,,UTC-0300,hriiVjEkYE,com.sec.android.app.shealth,2023-11-21 11:15:36.567,2ff3cc1c-d25f-48ff-8655-3e0640901390,
2023-11-21 11:15:36.567,,2023-11-21 11:19:40.749,2023-11-21 11:19:40.749,,,5.0,,UTC-0300,hriiVjEkYE,com.sec.android.app.shealth,2023-11-21 11:19:40.718,42da1ba9-f068-4d9c-8733-52b88c3ac81f,
2023-11-21 15:54:55.440,,2023-11-21 19:12:16.859,2023-11-21 19:12:16.859,,,1.0,,UTC-0300,hriiVjEkYE,com.sec.android.app.shealth,2023-11-21 19:12:16.810,21fcb9e6-30f7-4540-a484-2033ba0356e8,
2023-11-22 23:46:45.700,,2023-11-23 01:26:32.324,2023-11-23 01:26:32.324,,,1.0,,UTC-0300,hriiVjEkYE,com.sec.android.app.shealth,2023-11-23 01:26:32.223,1102947b-07e1-491a-8c50-d4cffaeddbba,
2023-11-24 09:47:54.151,,2023-11-24 11:32:13.364,2023-11-24 11:32:13.364,,,2.0,,UTC-0300,hriiVjEkYE,com.sec.android.app.shealth,2023-11-24 11:24:18.000,f03d828a-0f7c-4218-a356-4d7bdfef2dc8,
2023-11-24 11:24:18.000,,2023-11-24 11:32:13.506,2023-11-24 11:32:13.431,,,2.0,,UTC-0300,hriiVjEkYE,com.sec.android.app.shealth,2023-11-24 11:25:45.000,7308ab57-82f6-4f5f-a235-71783675abfd,
2023-11-24 11:32:15.518,,2023-11-24 13:23:59.191,2023-11-24 13:23:59.191,,,1.0,,UTC-0300,hriiVjEkYE,com.sec.android.app.shealth,2023-11-24 13:22:42.000,4983c89d-97a2-49c5-89a9-569e368049f1,
2023-11-24 13:24:00.533,,2023-11-24 16:37:08.284,2023-11-24 16:37:08.284,,,1.0,,UTC-0300,hriiVjEkYE,com.sec.android.app.shealth,2023-11-24 16:36:16.000,9bc1d4d6-1a4b-4dce-9a98-4dae22b00bb1,
2023-11-24 23:05:51.548,,2023-11-24 23:30:25.439,2023-11-24 23:30:25.439,,,1.0,,UTC-0300,hriiVjEkYE,com.sec.android.app.shealth,2023-11-24 23:10:52.000,c77eec6c-6038-4a70-b435-cc5245c357d0,
2023-11-24 23:10:52.000,,2023-11-24 23:30:25.710,2023-11-24 23:30:25.590,,,3.0,,UTC-0300,hriiVjEkYE,com.sec.android.app.shealth,2023-11-24 23:22:52.000,db7848f8-974e-4bf9-8a27-5ceb5d6039ae,
2023-11-24 23:22:52.000,,2023-11-25 01:59:09.263,2023-11-25 01:59:09.263,,,1.0,,UTC-0300,hriiVjEkYE,com.sec.android.app.shealth,2023-11-25 01:58:05.000,8979f7e9-5449-4305-8518-5a27c65ba7c7,
2023-11-28 10:02:13.016,,2023-11-28 11:08:32.238,2023-11-28 11:08:32.238,,,1.0,,UTC-0300,hriiVjEkYE,com.sec.android.app.shealth,2023-11-28 11:06:06.000,8c497848-c491-42f4-be59-f2ba0a6e596c,
2023-11-28 11:29:17.364,,2023-11-28 11:34:04.625,2023-11-28 11:34:04.625,,,4.0,,UTC-0300,hriiVjEkYE,com.sec.android.app.shealth,2023-11-28 11:34:04.532,5ca53f42-1d13-4ee4-aaa8-5cfc4fc50968,
2023-11-28 11:40:07.731,,2023-11-28 13:06:08.571,2023-11-28 13:06:08.571,,,1.0,,UTC-0300,hriiVjEkYE,com.sec.android.app.shealth,2023-11-28 13:01:09.000,205c5d22-6197-45b6-8db1-a15396308aaf,
2023-11-28 15:35:28.723,,2023-11-28 15:59:02.377,2023-11-28 15:59:02.292,,,2.0,,UTC-0300,hriiVjEkYE,com.sec.android.app.shealth,2023-11-28 15:56:58.000,be89dfb2-04ed-480a-9f0f-f1c53c1a28f9,
2023-11-28 16:30:33.529,,2023-11-28 21:08:10.903,2023-11-28 21:08:10.198,,,3.0,,UTC-0300,hriiVjEkYE,com.sec.android.app.shealth,2023-11-28 21:05:21.001,f8223fe2-410d-4d44-a099-5252a1bb0fdb,
2023-11-28 22:41:32.380,,2023-11-28 22:48:06.635,2023-11-28 22:47:19.618,,,1.0,,UTC-0300,hriiVjEkYE,com.sec.android.app.shealth,2023-11-28 22:47:19.543,b5a75b18-6841-4d94-b5c1-244228abedd7,
2023-11-30 09:55:56.021,,2023-11-30 11:15:02.394,2023-11-30 11:15:02.394,,,1.0,,UTC-0300,hriiVjEkYE,com.sec.android.app.shealth,2023-11-30 11:15:02.361,4443785c-6ad7-4686-92d2-1acf75e74ca9,
2023-11-30 11:15:02.362,,2023-11-30 11:19:15.337,2023-11-30 11:19:15.337,,,6.0,,UTC-0300,hriiVjEkYE,com.sec.android.app.shealth,2023-11-30 11:19:15.166,16317da0-8a29-4f92-a607-1fef8be9df62,
2023-11-30 12:44:47.333,,2023-11-30 13:15:05.462,2023-11-30 13:15:05.462,,,1.0,,UTC-0300,hriiVjEkYE,com.sec.android.app.shealth,2023-11-30 13:15:05.385,dc1e878d-cbf2-4b14-8dbe-a4efd9ccde79,
2023-11-30 16:29:36.894,,2023-11-30 16:33:19.441,2023-11-30 16:33:19.441,,,3.0,,UTC-0300,hriiVjEkYE,com.sec.android.app.shealth,2023-11-30 16:33:19.371,6b23db23-941a-4086-acd9-4e2d8e34acf9,
2023-11-30 17:04:50.973,,2023-11-30 19:33:09.051,2023-11-30 19:33:09.051,,,1.0,,UTC-0300,hriiVjEkYE,com.sec.android.app.shealth,2023-11-30 19:33:08.995,6832431c-b4cb-47af-990b-13c305289dfc,
2023-11-30 21:17:37.289,,2023-11-30 22:23:08.992,2023-11-30 22:23:08.992,,,2.0,,UTC-0300,hriiVjEkYE,com.sec.android.app.shealth,2023-11-30 22:15:07.000,56815d55-295c-4ebf-a1f8-3c7c4147c587,
2023-12-04 22:05:54.219,,2023-12-04 22:14:25.332,2023-12-04 22:14:25.332,,,1.0,,UTC-0300,hriiVjEkYE,com.sec.android.app.shealth,2023-12-04 22:13:42.000,75487d19-3258-47a1-9878-cd7504472492,
2023-12-04 22:13:42.000,,2023-12-04 22:16:34.817,2023-12-04 22:16:34.817,,,1.0,,UTC-0300,hriiVjEkYE,com.sec.android.app.shealth,2023-12-04 22:16:26.000,8fd6d241-ebfc-4656-a4a1-32daefe6479a,
2023-12-06 10:00:13.801,,2023-12-06 11:15:01.853,2023-12-06 11:15:01.853,,,1.0,,UTC-0300,hriiVjEkYE,com.sec.android.app.shealth,2023-12-06 11:15:01.820,ecdeb739-b229-447e-8c07-fefaf381b4cc,
2023-12-06 11:15:01.820,,2023-12-06 11:19:22.574,2023-12-06 11:19:22.574,,,2.0,,UTC-0300,hriiVjEkYE,com.sec.android.app.shealth,2023-12-06 11:16:05.000,08aef0cf-df14-4fad-b6de-a7b8b5699d58,
2023-12-06 11:16:05.000,,2023-12-06 11:19:22.682,2023-12-06 11:19:22.682,,,1.0,,UTC-0300,hriiVjEkYE,com.sec.android.app.shealth,2023-12-06 11:17:50.000,8a29ecd9-42ec-427b-8543-5583ea7c2823,
2023-12-06 12:08:57.410,,2023-12-06 13:34:10.979,2023-12-06 13:34:10.979,,,1.0,,UTC-0300,hriiVjEkYE,com.sec.android.app.shealth,2023-12-06 13:33:32.000,d3f49355-61d6-46f8-b7b2-4cc5acf21ac2,
2023-12-06 15:09:17.347,,2023-12-06 16:30:25.481,2023-12-06 16:30:25.481,,,1.0,,UTC-0300,hriiVjEkYE,com.sec.android.app.shealth,2023-12-06 16:10:25.000,42f1a457-1119-40a3-b84b-942b75b6929a,
2023-12-06 20:56:06.605,,2023-12-06 21:02:02.688,2023-12-06 21:01:12.095,,,3.0,,UTC-0300,hriiVjEkYE,com.sec.android.app.shealth,2023-12-06 21:01:12.018,05dc8573-013b-4d84-a5e7-bbec21c8c5e3,
2023-12-06 21:03:56.940,,2023-12-06 21:58:01.626,2023-12-06 21:58:01.464,,,2.0,,UTC-0300,hriiVjEkYE,com.sec.android.app.shealth,2023-12-06 21:36:25.000,94025ed5-653a-4396-be71-3540d92df3ca,
2023-12-06 21:36:25.000,,2023-12-06 21:58:01.644,2023-12-06 21:58:01.644,,,2.0,,UTC-0300,hriiVjEkYE,com.sec.android.app.shealth,2023-12-06 21:39:30.000,2cade5d6-06c1-41d8-bfc0-6ea2cc49985a,
2023-12-06 21:39:30.000,,2023-12-06 22:46:18.286,2023-12-06 22:46:17.695,,,3.0,,UTC-0300,hriiVjEkYE,com.sec.android.app.shealth,2023-12-06 22:33:02.000,866f7fd1-8aea-4864-b29d-713f6f5b0e68,
2023-12-06 22:53:57.117,,2023-12-06 22:55:18.220,2023-12-06 22:55:18.220,,,1.0,,UTC-0300,hriiVjEkYE,com.sec.android.app.shealth,2023-12-06 22:55:18.062,d8545691-352c-4709-85e0-e63267228581,
2023-12-07 11:35:32.336,,2023-12-07 11:37:37.959,2023-12-07 11:37:37.959,,,4.0,,UTC-0300,hriiVjEkYE,com.sec.android.app.shealth,2023-12-07 11:37:37.902,d00a746c-dfc6-4ea3-848b-1200b6792e2f,
2023-12-07 11:38:58.930,,2023-12-07 15:15:01.447,2023-12-07 15:15:01.447,,,1.0,,UTC-0300,hriiVjEkYE,com.sec.android.app.shealth,2023-12-07 15:15:01.408,e0d75c90-ec92-4f41-a4fa-3035de302424,
2023-12-08 09:34:47.051,,2023-12-08 10:11:45.709,2023-12-08 10:11:45.636,,,4.0,,UTC-0300,hriiVjEkYE,com.sec.android.app.shealth,2023-12-08 10:07:40.000,3144b2ed-5ddb-40fa-8057-e31b11a1d0d8,
2023-12-08 10:07:40.000,,2023-12-08 10:11:45.754,2023-12-08 10:11:45.725,,,2.0,,UTC-0300,hriiVjEkYE,com.sec.android.app.shealth,2023-12-08 10:09:48.000,ca37c819-16f6-4319-b863-943dc5ee053c,
2023-12-08 10:09:48.000,,2023-12-08 10:13:04.342,2023-12-08 10:13:04.179,,,5.0,,UTC-0300,hriiVjEkYE,com.sec.android.app.shealth,2023-12-08 10:11:36.000,74adbe91-ad0e-49bd-9a38-dd9a6ace7139,
2023-12-08 10:16:25.103,,2023-12-08 10:42:06.769,2023-12-08 10:42:06.606,,,5.0,,UTC-0300,hriiVjEkYE,com.sec.android.app.shealth,2023-12-08 10:39:34.000,9fa504a8-8ba7-4e9a-a97c-365a440e946d,
2023-12-08 11:15:02.492,,2023-12-08 11:20:42.446,2023-12-08 11:20:42.446,,,1.0,,UTC-0300,hriiVjEkYE,com.sec.android.app.shealth,2023-12-08 11:16:39.000,c6d285f5-863b-4df5-9e6f-75a6f79a2417,
2023-12-08 11:16:39.000,,2023-12-08 11:20:42.669,2023-12-08 11:20:42.609,,,2.0,,UTC-0300,hriiVjEkYE,com.sec.android.app.shealth,2023-12-08 11:18:13.000,56d2c544-28d5-40f4-8063-5c0f5e00c6ed,
2023-12-08 13:01:51.853,,2023-12-08 14:24:23.034,2023-12-08 14:24:23.034,,,1.0,,UTC-0300,hriiVjEkYE,com.sec.android.app.shealth,2023-12-08 13:31:40.000,edf2ea67-1549-47e6-a0e8-0aabf961bcba,
2023-12-08 13:31:40.000,,2023-12-08 15:41:57.106,2023-12-08 15:41:55.258,,,1.0,,UTC-0300,hriiVjEkYE,com.sec.android.app.shealth,2023-12-08 15:41:08.000,80ebb76f-685d-4cc1-8d88-8b9deae5c009,
2023-12-08 15:41:57.018,,2023-12-08 16:29:51.260,2023-12-08 16:29:51.260,,,1.0,,UTC-0300,hriiVjEkYE,com.sec.android.app.shealth,2023-12-08 16:29:51.206,fe4b45f8-dddf-4254-b4f6-08dd99f5b664,
2023-12-08 16:29:51.206,,2023-12-08 18:31:28.887,2023-12-08 18:31:28.887,,,1.0,,UTC-0300,hriiVjEkYE,com.sec.android.app.shealth,2023-12-08 18:08:56.000,20ad2f06-fbaa-408b-a2ef-b6a6acdae278,
2023-12-08 19:36:58.798,,2023-12-08 21:03:16.283,2023-12-08 21:03:16.283,,,1.0,,UTC-0300,hriiVjEkYE,com.sec.android.app.shealth,2023-12-08 21:03:15.970,3cbbc5c6-0a67-4969-9995-308bfd573358,
2023-12-08 21:15:02.512,,2023-12-08 21:18:46.382,2023-12-08 21:18:46.382,,,2.0,,UTC-0300,hriiVjEkYE,com.sec.android.app.shealth,2023-12-08 21:18:46.351,1bb1ebc7-0521-4a76-83ae-0c20ef2322ab,
2023-12-08 21:21:36.148,,2023-12-08 22:47:50.991,2023-12-08 22:47:50.907,,,2.0,,UTC-0300,hriiVjEkYE,com.sec.android.app.shealth,2023-12-08 21:59:27.000,cc258ace-134a-4867-a0c0-5bdc4fdb1059,
2023-12-08 21:59:27.000,,2023-12-08 22:47:51.140,2023-12-08 22:47:51.069,,,2.0,,UTC-0300,hriiVjEkYE,com.sec.android.app.shealth,2023-12-08 22:03:03.999,0f8ddae6-8be8-4349-8ad4-6fdff039cd2d,
2023-12-08 22:03:04.000,,2023-12-08 22:47:51.191,2023-12-08 22:47:51.191,,,1.0,,UTC-0300,hriiVjEkYE,com.sec.android.app.shealth,2023-12-08 22:37:41.000,8c0ac77d-bf69-43d3-b1d6-5f8b88205ab8,
2023-12-08 22:37:41.000,,2023-12-08 22:47:51.482,2023-12-08 22:47:51.315,,,2.0,,UTC-0300,hriiVjEkYE,com.sec.android.app.shealth,2023-12-08 22:41:37.000,2f5b0f25-b7c6-490a-b528-6b9f97aa8b24,
2023-12-08 22:50:57.737,,2023-12-08 22:55:49.111,2023-12-08 22:55:49.111,,,1.0,,UTC-0300,hriiVjEkYE,com.sec.android.app.shealth,2023-12-08 22:55:13.000,c44619f4-6b6a-41c4-b6b2-8c9e7344cd96,
2023-12-11 12:30:20.040,,2023-12-11 13:46:03.043,2023-12-11 13:46:03.043,,,1.0,,UTC-0300,hriiVjEkYE,com.sec.android.app.shealth,2023-12-11 13:40:22.001,b6452a54-5c91-43e0-93ea-034ea19eed2c,
2023-12-12 09:27:20.305,,2023-12-12 10:49:21.925,2023-12-12 10:49:21.925,,,2.0,,UTC-0300,hriiVjEkYE,com.sec.android.app.shealth,2023-12-12 10:34:31.000,a97428b5-dd9e-454b-8c28-ad6741ae6c17,
2023-12-12 10:34:31.000,,2023-12-12 10:49:22.426,2023-12-12 10:49:22.109,,,4.0,,UTC-0300,hriiVjEkYE,com.sec.android.app.shealth,2023-12-12 10:39:32.000,81888832-07ee-4fe4-900a-3e4a3777635e,
2023-12-12 10:49:24.255,,2023-12-12 11:14:48.412,2023-12-12 11:14:48.412,,,1.0,,UTC-0300,hriiVjEkYE,com.sec.android.app.shealth,2023-12-12 11:05:40.000,9207225b-ce34-4978-b94d-855898e16dd4,
2023-12-12 11:05:40.000,,2023-12-12 11:14:48.594,2023-12-12 11:14:48.499,,,2.0,,UTC-0300,hriiVjEkYE,com.sec.android.app.shealth,2023-12-12 11:13:24.000,28d571dc-6459-44b8-a4fc-9bf9c9308c99,
2023-12-12 11:14:51.602,,2023-12-12 11:18:15.318,2023-12-12 11:17:39.465,,,2.0,,UTC-0300,hriiVjEkYE,com.sec.android.app.shealth,2023-12-12 11:17:39.422,6ecc19db-db92-447d-98f7-66fe5b982f76,
2023-12-12 11:20:18.863,,2023-12-12 12:38:11.138,2023-12-12 12:38:11.138,,,1.0,,UTC-0300,hriiVjEkYE,com.sec.android.app.shealth,2023-12-12 12:36:33.000,810ff45c-c4c6-4051-a12c-68bc73a59736,
2023-12-12 15:14:34.188,,2023-12-12 15:50:05.655,2023-12-12 15:50:05.655,,,1.0,,UTC-0300,hriiVjEkYE,com.sec.android.app.shealth,2023-12-12 15:45:09.000,d0dd5f9e-f5e0-4c4d-bbe2-f3a54b797dc2,
2023-12-12 16:41:02.081,,2023-12-12 19:46:08.524,2023-12-12 19:46:08.441,,,2.0,,UTC-0300,hriiVjEkYE,com.sec.android.app.shealth,2023-12-12 19:38:15.001,cecb39b8-372a-4e65-ac6d-845e7308c17a,
2023-12-12 21:15:57.907,,2023-12-12 21:20:06.199,2023-12-12 21:20:06.199,,,1.0,,UTC-0300,hriiVjEkYE,com.sec.android.app.shealth,2023-12-12 21:18:57.000,e121eddc-937f-4310-8859-0afc5b86b574,
2023-12-12 22:35:07.722,,2023-12-13 01:43:46.558,2023-12-13 01:43:46.487,,,2.0,,UTC-0300,hriiVjEkYE,com.sec.android.app.shealth,2023-12-13 01:31:51.000,76323fe1-474d-4a22-a008-2ecb2a991a0e,
2023-12-13 01:31:50.999,,2023-12-13 01:43:46.602,2023-12-13 01:43:46.602,,,2.0,,UTC-0300,hriiVjEkYE,com.sec.android.app.shealth,2023-12-13 01:36:58.999,c8044fe1-ebfe-4267-afbb-bef44b45c0d7,
2023-12-13 10:08:53.628,,2023-12-13 11:27:32.253,2023-12-13 11:27:32.253,,,4.0,,UTC-0300,hriiVjEkYE,com.sec.android.app.shealth,2023-12-13 11:27:32.157,01f24129-dd03-491e-9d41-245806a49347,
2023-12-13 11:27:32.157,,2023-12-13 11:31:00.216,2023-12-13 11:31:00.216,,,2.0,,UTC-0300,hriiVjEkYE,com.sec.android.app.shealth,2023-12-13 11:31:00.156,b9d225fe-4fad-4453-bfb6-0df62569f3d2,
2023-12-13 11:32:21.065,,2023-12-13 14:10:01.491,2023-12-13 14:10:01.491,,,1.0,,UTC-0300,hriiVjEkYE,com.sec.android.app.shealth,2023-12-13 14:10:01.465,9e572935-592e-4519-ac09-68d167025bc1,
2023-12-13 14:10:01.465,,2023-12-13 15:38:09.720,2023-12-13 15:38:09.720,,,2.0,,UTC-0300,hriiVjEkYE,com.sec.android.app.shealth,2023-12-13 15:38:09.625,9b06049c-fc76-4e9f-9771-9aee2a33aa64,
2023-12-13 21:08:01.186,,2023-12-13 23:49:22.788,2023-12-13 23:49:22.788,,,2.0,,UTC-0300,hriiVjEkYE,com.sec.android.app.shealth,2023-12-13 23:49:22.727,ab25e536-6ea8-443a-8111-0ff9c8bfc5ea,
2023-12-14 20:41:41.710,,2023-12-14 21:56:39.771,2023-12-14 21:56:39.771,,,6.0,,UTC-0300,hriiVjEkYE,com.sec.android.app.shealth,2023-12-14 21:56:39.743,69b3b071-b16a-403e-be8d-37cc837e0fa2,
2023-12-15 04:25:47.136,,2023-12-15 06:41:11.993,2023-12-15 06:41:11.993,,,2.0,,UTC-0300,hriiVjEkYE,com.sec.android.app.shealth,2023-12-15 06:41:11.864,e4ec1bf2-db02-49d2-b273-59b03633e64d,
2023-12-19 20:19:10.599,,2023-12-19 21:38:17.496,2023-12-19 21:38:17.496,,,1.0,,UTC-0300,hriiVjEkYE,com.sec.android.app.shealth,2023-12-19 21:35:27.999,98dc9935-c424-41a5-82b2-c5e6b838301a,
2023-12-19 21:35:27.999,,2023-12-19 21:38:20.388,2023-12-19 21:38:20.388,,,1.0,,UTC-0300,hriiVjEkYE,com.sec.android.app.shealth,2023-12-19 21:38:10.999,43557267-15bb-4256-b144-0c7d732dd5a3,
2023-12-20 03:00:00.152,,2023-12-20 04:28:27.062,2023-12-20 04:28:26.901,,,2.0,,UTC-0300,hriiVjEkYE,com.sec.android.app.shealth,2023-12-20 04:23:50.001,1b722f89-395e-4211-b638-197fc6c9e004,
2023-12-20 04:23:50.000,,2023-12-20 04:28:27.138,2023-12-20 04:28:27.138,,,1.0,,UTC-0300,hriiVjEkYE,com.sec.android.app.shealth,2023-12-20 04:24:58.999,c0a736d1-7aa5-4c58-8e52-4da0e16109aa,
2023-12-20 04:24:58.999,,2023-12-20 04:32:16.639,2023-12-20 04:28:27.209,,,3.0,,UTC-0300,hriiVjEkYE,com.sec.android.app.shealth,2023-12-20 04:29:02.000,2a0ae114-4711-4554-a1c6-22647d44d132,
2023-12-20 04:29:02.001,,2023-12-20 04:32:16.737,2023-12-20 04:32:16.737,,,1.0,,UTC-0300,hriiVjEkYE,com.sec.android.app.shealth,2023-12-20 04:30:18.000,4d6c1252-ff6b-4a18-aa2c-449a26009f22,
2023-12-20 09:32:14.181,,2023-12-20 10:10:58.343,2023-12-20 10:10:58.343,,,2.0,,UTC-0300,hriiVjEkYE,com.sec.android.app.shealth,2023-12-20 10:06:46.000,28d25ff7-061b-4323-b067-e7c752a56fa5,
2023-12-20 10:06:45.999,,2023-12-20 10:10:58.428,2023-12-20 10:10:58.428,,,1.0,,UTC-0300,hriiVjEkYE,com.sec.android.app.shealth,2023-12-20 10:09:14.999,2fe1d9dc-d90b-4740-a5bf-95fb1c90cb56,
2023-12-20 10:09:14.999,,2023-12-20 11:00:58.404,2023-12-20 10:10:58.490,,,7.0,,UTC-0300,hriiVjEkYE,com.sec.android.app.shealth,2023-12-20 10:11:46.001,8e32f7a9-1a81-4c8b-bc59-17c522516ffa,
2023-12-20 11:15:03.032,,2023-12-20 11:18:09.251,2023-12-20 11:18:09.251,,,5.0,,UTC-0300,hriiVjEkYE,com.sec.android.app.shealth,2023-12-20 11:18:09.219,24bd175a-9366-4282-92db-12360f590038,
2023-12-20 11:18:09.218,,2023-12-20 11:21:19.505,2023-12-20 11:20:41.937,,,1.0,,UTC-0300,hriiVjEkYE,com.sec.android.app.shealth,2023-12-20 11:20:41.876,9d9de9bb-c7c5-430c-9dfd-8c15217cc35c,
2023-12-20 15:15:02.075,,2023-12-20 15:49:54.848,2023-12-20 15:49:54.848,,,1.0,,UTC-0300,hriiVjEkYE,com.sec.android.app.shealth,2023-12-20 15:49:29.000,ca6c565f-4c4f-442e-8a29-4f6f497bbb87,
2023-12-20 21:01:06.678,,2023-12-20 22:11:27.010,2023-12-20 22:11:27.010,,,4.0,,UTC-0300,hriiVjEkYE,com.sec.android.app.shealth,2023-12-20 21:53:57.000,4208fbe3-61c4-46a0-b87b-d3cf105611e8,
2023-12-20 21:53:56.999,,2023-12-20 22:11:28.318,2023-12-20 22:11:27.472,,,3.0,,UTC-0300,hriiVjEkYE,com.sec.android.app.shealth,2023-12-20 21:57:18.999,d94ecfa7-ca4d-48f2-8a18-001c002a35e5,
2023-12-20 22:17:48.676,,2023-12-20 22:18:58.473,2023-12-20 22:18:58.473,,,1.0,,UTC-0300,hriiVjEkYE,com.sec.android.app.shealth,2023-12-20 22:18:58.400,f3422169-a327-44c2-bf7e-2f46996c8ecc,
2023-12-21 09:37:45.912,,2023-12-21 10:10:08.492,2023-12-21 10:10:08.492,,,6.0,,UTC-0300,hriiVjEkYE,com.sec.android.app.shealth,2023-12-21 10:10:08.449,60664a8a-ff75-4b6a-ad09-a79894427114,
2023-12-21 10:10:08.449,,2023-12-21 11:15:02.544,2023-12-21 11:15:02.544,,,14.0,,UTC-0300,hriiVjEkYE,com.sec.android.app.shealth,2023-12-21 11:15:02.474,119d130d-ac6e-4836-b46c-1437866315ca,
2023-12-21 11:15:02.473,,2023-12-21 11:18:32.929,2023-12-21 11:18:32.929,,,2.0,,UTC-0300,hriiVjEkYE,com.sec.android.app.shealth,2023-12-21 11:18:32.900,45cc6b67-5b41-4e93-9ad0-eab2e4cab200,
2023-12-21 11:18:32.900,,2023-12-21 14:04:14.762,2023-12-21 14:04:10.851,,,2.0,,UTC-0300,hriiVjEkYE,com.sec.android.app.shealth,2023-12-21 14:04:10.594,1b8fce75-a67c-45e2-8534-2aeb3b86396e,
2023-12-21 14:04:13.975,,2023-12-21 15:41:07.969,2023-12-21 15:41:07.969,,,1.0,,UTC-0300,hriiVjEkYE,com.sec.android.app.shealth,2023-12-21 15:41:07.941,1f76b7ed-4218-40ae-92a5-f48c9ecf803a,
2023-12-21 15:41:07.942,,2023-12-21 16:25:44.525,2023-12-21 16:25:44.525,,,3.0,,UTC-0300,hriiVjEkYE,com.sec.android.app.shealth,2023-12-21 16:25:44.499,139ecb59-2f3b-46b4-8fa4-d5fd5d3ad3aa,
2023-12-21 21:27:46.269,,2023-12-21 22:52:11.194,2023-12-21 22:52:11.194,,,1.0,,UTC-0300,hriiVjEkYE,com.sec.android.app.shealth,2023-12-21 22:52:11.112,1857ec9f-c5a1-46b4-ad79-398f6fe2dee5,
2023-12-21 22:59:16.707,,2023-12-21 23:00:37.926,2023-12-21 23:00:37.926,,,1.0,,UTC-0300,hriiVjEkYE,com.sec.android.app.shealth,2023-12-21 23:00:37.818,2ec24c45-db52-46d9-bb92-f7b575e78c3e,
2023-12-22 23:11:54.042,,2023-12-22 23:39:16.518,2023-12-22 23:39:16.518,,,1.0,,UTC-0300,hriiVjEkYE,com.sec.android.app.shealth,2023-12-22 23:39:16.415,dfd6b5ed-f308-488f-86ef-8952d78ca093,
2023-12-23 22:10:24.294,,2023-12-24 00:19:34.634,2023-12-24 00:19:34.634,,,1.0,,UTC-0300,hriiVjEkYE,com.sec.android.app.shealth,2023-12-24 00:19:34.569,96990297-8db4-4732-bfcf-0ffce0a7d5fd,
2023-12-24 04:56:52.447,,2023-12-24 05:37:50.210,2023-12-24 05:37:50.210,,,11.0,,UTC-0300,hriiVjEkYE,com.sec.android.app.shealth,2023-12-24 05:37:50.177,b89300d9-529f-459b-a20d-c70991fb3b07,
2023-12-27 15:52:25.797,,2023-12-27 16:02:25.767,2023-12-27 16:02:25.767,,,1.0,,UTC-0300,hriiVjEkYE,com.sec.android.app.shealth,2023-12-27 15:56:58.001,ebb71bff-26ce-4b8d-8bec-0c348b623954,
2023-12-28 17:21:56.798,,2023-12-28 18:40:01.001,2023-12-28 18:40:01.001,,,1.0,30a3cb70-830c-4a8b-927a-1bbebb09cba7.raw_data.json,UTC-0300,hriiVjEkYE,com.sec.android.app.shealth,2023-12-28 18:39:25.000,30a3cb70-830c-4a8b-927a-1bbebb09cba7,
2023-12-30 17:13:27.368,,2023-12-30 19:38:51.475,2023-12-30 19:38:51.475,,,1.0,1b5508cc-0362-4c36-8837-b1a4bc5c5383.raw_data.json,UTC-0300,hriiVjEkYE,com.sec.android.app.shealth,2023-12-30 19:36:38.001,1b5508cc-0362-4c36-8837-b1a4bc5c5383,
2023-12-30 19:36:38.000,,2023-12-30 20:51:36.264,2023-12-30 20:51:36.264,,,1.0,9c8b64d4-74d0-410f-aabf-42d5099842b5.raw_data.json,UTC-0300,hriiVjEkYE,com.sec.android.app.shealth,2023-12-30 20:49:21.999,9c8b64d4-74d0-410f-aabf-42d5099842b5,
2024-01-01 03:00:00.153,,2024-01-01 03:54:42.089,2024-01-01 03:54:42.089,,,1.0,6de820e2-038e-4893-bbbd-3b8bce16059d.raw_data.json,UTC-0300,hriiVjEkYE,com.sec.android.app.shealth,2024-01-01 03:45:13.000,6de820e2-038e-4893-bbbd-3b8bce16059d,
2024-01-03 01:26:40.052,,2024-01-03 01:52:11.996,2024-01-03 01:52:11.996,,,1.0,4ab2ea74-dbba-402a-b7a6-b25f6f137410.raw_data.json,UTC-0300,hriiVjEkYE,com.sec.android.app.shealth,2024-01-03 01:37:07.000,4ab2ea74-dbba-402a-b7a6-b25f6f137410,
2024-01-03 21:51:31.235,,2024-01-04 00:00:06.496,2024-01-03 23:59:47.613,,,1.0,6c44bbf1-2b08-482b-8c53-61187057fa2a.raw_data.json,UTC-0300,hriiVjEkYE,com.sec.android.app.shealth,2024-01-03 23:59:38.000,6c44bbf1-2b08-482b-8c53-61187057fa2a,
2024-01-05 02:14:24.559,,2024-01-05 02:36:39.029,2024-01-05 02:36:39.029,,,1.0,dbffc652-4d94-4873-bd06-02de7af8ea33.raw_data.json,UTC-0300,hriiVjEkYE,com.sec.android.app.shealth,2024-01-05 02:17:58.999,dbffc652-4d94-4873-bd06-02de7af8ea33,
2024-01-06 11:09:40.861,,2024-01-06 11:38:28.792,2024-01-06 11:38:28.792,,,1.0,f710d6e9-c221-4e0b-ac7d-83bdfd1833b2.raw_data.json,UTC-0300,hriiVjEkYE,com.sec.android.app.shealth,2024-01-06 11:37:31.000,f710d6e9-c221-4e0b-ac7d-83bdfd1833b2,
2024-01-06 11:42:13.865,,2024-01-06 11:49:07.138,2024-01-06 11:49:07.138,,,1.0,1ffb0fa2-4bc2-4377-ba44-eb48435c1a74.raw_data.json,UTC-0300,hriiVjEkYE,com.sec.android.app.shealth,2024-01-06 11:48:30.000,1ffb0fa2-4bc2-4377-ba44-eb48435c1a74,
2024-01-07 15:38:56.567,,2024-01-07 18:46:21.697,2024-01-07 18:46:21.697,,,1.0,6a8fa9d9-2c1c-4b9c-a5a5-f4450141b209.raw_data.json,UTC-0300,hriiVjEkYE,com.sec.android.app.shealth,2024-01-07 18:45:44.000,6a8fa9d9-2c1c-4b9c-a5a5-f4450141b209,
2024-01-08 10:10:02.068,,2024-01-08 10:55:34.907,2024-01-08 10:55:34.907,,,1.0,5fe9a9de-c036-463a-ac9a-1766fe851415.raw_data.json,UTC-0300,hriiVjEkYE,com.sec.android.app.shealth,2024-01-08 10:20:02.000,5fe9a9de-c036-463a-ac9a-1766fe851415,
2024-01-08 10:20:02.001,,2024-01-08 10:55:35.076,2024-01-08 10:55:35.076,,,1.0,2b834eed-c4bf-48a9-9737-f1930385222c.raw_data.json,UTC-0300,hriiVjEkYE,com.sec.android.app.shealth,2024-01-08 10:43:28.000,2b834eed-c4bf-48a9-9737-f1930385222c,
2024-01-08 10:43:28.000,,2024-01-08 11:31:52.708,2024-01-08 11:31:52.574,,,2.0,be031764-7b28-4d33-881d-a4c559e03181.raw_data.json,UTC-0300,hriiVjEkYE,com.sec.android.app.shealth,2024-01-08 11:28:51.000,be031764-7b28-4d33-881d-a4c559e03181,
2024-01-08 11:28:51.000,,2024-01-08 11:31:53.130,2024-01-08 11:31:52.881,,,2.0,f8bdf300-994f-4ad4-87e9-0ef34e0a8d00.raw_data.json,UTC-0300,hriiVjEkYE,com.sec.android.app.shealth,2024-01-08 11:30:21.999,f8bdf300-994f-4ad4-87e9-0ef34e0a8d00,
2024-01-08 13:36:15.856,,2024-01-08 13:59:01.565,2024-01-08 13:59:01.565,,,1.0,79482a66-86c5-46b8-a2e8-e0bf24b6bfd0.raw_data.json,UTC-0300,hriiVjEkYE,com.sec.android.app.shealth,2024-01-08 13:46:55.999,79482a66-86c5-46b8-a2e8-e0bf24b6bfd0,
2024-01-08 15:39:35.284,,2024-01-08 16:20:52.874,2024-01-08 16:20:50.622,,,2.0,4cf6d61d-e9a0-422a-ad01-fd9c9fa037d4.raw_data.json,UTC-0300,hriiVjEkYE,com.sec.android.app.shealth,2024-01-08 16:20:07.001,4cf6d61d-e9a0-422a-ad01-fd9c9fa037d4,
2024-01-08 18:21:36.839,,2024-01-08 18:39:47.124,2024-01-08 18:39:47.124,,,1.0,4c8bc58a-1aa8-4803-9923-8bb405dd746b.raw_data.json,UTC-0300,hriiVjEkYE,com.sec.android.app.shealth,2024-01-08 18:36:48.000,4c8bc58a-1aa8-4803-9923-8bb405dd746b,
2024-01-08 18:36:48.000,,2024-01-08 20:51:53.422,2024-01-08 20:51:53.205,,,2.0,f4c76d0c-b112-4a8b-a4cb-f32a60efddf1.raw_data.json,UTC-0300,hriiVjEkYE,com.sec.android.app.shealth,2024-01-08 20:48:10.000,f4c76d0c-b112-4a8b-a4cb-f32a60efddf1,
2024-01-08 22:15:53.657,,2024-01-08 22:23:30.725,2024-01-08 22:23:30.725,,,4.0,ca5d4c0b-d9ac-4a5d-b319-bdba24f8e13b.raw_data.json,UTC-0300,hriiVjEkYE,com.sec.android.app.shealth,2024-01-08 22:23:30.685,ca5d4c0b-d9ac-4a5d-b319-bdba24f8e13b,
2024-01-09 09:28:14.031,,2024-01-09 11:11:04.580,2024-01-09 11:11:04.349,,,2.0,d58144a7-2d20-4e3b-8dc4-47e2b30567d2.raw_data.json,UTC-0300,hriiVjEkYE,com.sec.android.app.shealth,2024-01-09 11:08:51.000,d58144a7-2d20-4e3b-8dc4-47e2b30567d2,
2024-01-09 11:08:51.000,,2024-01-09 11:11:04.836,2024-01-09 11:11:04.671,,,2.0,21dfdcbf-3458-4eea-90e3-67412ed5b751.raw_data.json,UTC-0300,hriiVjEkYE,com.sec.android.app.shealth,2024-01-09 11:10:21.000,21dfdcbf-3458-4eea-90e3-67412ed5b751,
2024-01-09 12:55:08.050,,2024-01-09 13:52:47.976,2024-01-09 13:52:47.976,,,1.0,a340ce1f-4c8e-497a-8ccb-50e9b5eb5a01.raw_data.json,UTC-0300,hriiVjEkYE,com.sec.android.app.shealth,2024-01-09 13:28:54.999,a340ce1f-4c8e-497a-8ccb-50e9b5eb5a01,
2024-01-09 15:39:43.169,,2024-01-09 15:42:31.578,2024-01-09 15:42:31.455,,,2.0,7bd3bbd2-4d77-45e1-ac96-a03f30f79c40.raw_data.json,UTC-0300,hriiVjEkYE,com.sec.android.app.shealth,2024-01-09 15:41:56.001,7bd3bbd2-4d77-45e1-ac96-a03f30f79c40,
2024-01-09 20:49:20.074,,2024-01-09 21:42:28.836,2024-01-09 21:42:28.836,,,1.0,a13ba059-bce4-4957-a467-7581784627af.raw_data.json,UTC-0300,hriiVjEkYE,com.sec.android.app.shealth,2024-01-09 21:35:14.999,a13ba059-bce4-4957-a467-7581784627af,
2024-01-09 22:17:18.027,,2024-01-10 01:01:00.484,2024-01-10 01:00:56.417,,,2.0,0a795584-0101-48fc-8dc4-c34951a764da.raw_data.json,UTC-0300,hriiVjEkYE,com.sec.android.app.shealth,2024-01-10 01:00:56.235,0a795584-0101-48fc-8dc4-c34951a764da,
2024-01-10 09:43:24.501,,2024-01-10 11:14:44.945,2024-01-10 11:14:44.945,,,1.0,c2ec9838-2a1f-4687-a174-672be6a754d5.raw_data.json,UTC-0300,hriiVjEkYE,com.sec.android.app.shealth,2024-01-10 11:13:20.001,c2ec9838-2a1f-4687-a174-672be6a754d5,
2024-01-10 11:14:46.325,,2024-01-10 11:16:37.673,2024-01-10 11:16:37.673,,,2.0,9410aaaa-7546-4c3b-898b-9b6beb09cc2d.raw_data.json,UTC-0300,hriiVjEkYE,com.sec.android.app.shealth,2024-01-10 11:16:37.602,9410aaaa-7546-4c3b-898b-9b6beb09cc2d,
2024-01-10 12:18:59.481,,2024-01-10 13:41:27.646,2024-01-10 13:41:27.646,,,1.0,33106659-3e39-4e30-bef2-458b5baf65f2.raw_data.json,UTC-0300,hriiVjEkYE,com.sec.android.app.shealth,2024-01-10 13:41:27.572,33106659-3e39-4e30-bef2-458b5baf65f2,
2024-01-10 15:50:16.233,,2024-01-10 16:29:52.556,2024-01-10 16:29:52.556,,,1.0,dbf752e1-24c4-4781-ae1c-d6cb53ec2c3b.raw_data.json,UTC-0300,hriiVjEkYE,com.sec.android.app.shealth,2024-01-10 16:28:53.999,dbf752e1-24c4-4781-ae1c-d6cb53ec2c3b,
2024-01-10 16:28:53.999,,2024-01-10 16:32:51.893,2024-01-10 16:32:51.681,,,2.0,79a55bc2-66ea-4ed2-8c60-35a0ee6bb422.raw_data.json,UTC-0300,hriiVjEkYE,com.sec.android.app.shealth,2024-01-10 16:31:04.001,79a55bc2-66ea-4ed2-8c60-35a0ee6bb422,
2024-01-12 10:37:43.276,,2024-01-12 11:13:52.187,2024-01-12 11:13:52.187,,,5.0,b33aa4cd-653c-4dbb-bcdc-6f8b692a41e1.raw_data.json,UTC-0300,hriiVjEkYE,com.sec.android.app.shealth,2024-01-12 11:10:15.001,b33aa4cd-653c-4dbb-bcdc-6f8b692a41e1,
2024-01-12 11:10:15.000,,2024-01-12 11:13:53.067,2024-01-12 11:13:52.975,,,2.0,fb54f1cf-7ab3-44a2-8f1b-659dbd948a72.raw_data.json,UTC-0300,hriiVjEkYE,com.sec.android.app.shealth,2024-01-12 11:12:31.999,fb54f1cf-7ab3-44a2-8f1b-659dbd948a72,
2024-01-12 20:24:20.729,,2024-01-12 20:47:15.454,2024-01-12 20:47:15.245,,,2.0,a7ad1e5d-7add-4665-8c53-4073e09379a6.raw_data.json,UTC-0300,hriiVjEkYE,com.sec.android.app.shealth,2024-01-12 20:44:05.000,a7ad1e5d-7add-4665-8c53-4073e09379a6,
2024-01-12 20:51:33.729,,2024-01-12 21:59:40.125,2024-01-12 21:59:40.125,,,1.0,c257d288-f365-4801-81cc-98cc92bf2592.raw_data.json,UTC-0300,hriiVjEkYE,com.sec.android.app.shealth,2024-01-12 21:58:04.999,c257d288-f365-4801-81cc-98cc92bf2592,
2024-01-12 22:16:35.190,,2024-01-12 23:26:44.097,2024-01-12 23:26:44.097,,,2.0,f34c49a8-0007-4530-a071-976b95a4a5a2.raw_data.json,UTC-0300,hriiVjEkYE,com.sec.android.app.shealth,2024-01-12 23:26:44.032,f34c49a8-0007-4530-a071-976b95a4a5a2,
2024-01-14 15:35:47.904,,2024-01-14 15:44:34.474,2024-01-14 15:44:34.474,,,1.0,18c3378b-4321-4695-a3ec-d1d2e7a69634.raw_data.json,UTC-0300,hriiVjEkYE,com.sec.android.app.shealth,2024-01-14 15:44:34.392,18c3378b-4321-4695-a3ec-d1d2e7a69634,
2024-01-16 09:35:42.030,,2024-01-16 10:45:32.432,2024-01-16 10:45:32.432,,,1.0,fe4c3b1f-9ec6-4ca4-903e-d725fa170d1f.raw_data.json,UTC-0300,hriiVjEkYE,com.sec.android.app.shealth,2024-01-16 10:37:37.000,fe4c3b1f-9ec6-4ca4-903e-d725fa170d1f,
2024-01-16 10:37:37.000,,2024-01-16 11:14:00.699,2024-01-16 11:14:00.601,,,3.0,be65b702-d175-41dc-9acd-e1fb0c11dc47.raw_data.json,UTC-0300,hriiVjEkYE,com.sec.android.app.shealth,2024-01-16 11:11:43.000,be65b702-d175-41dc-9acd-e1fb0c11dc47,
2024-01-16 11:11:43.000,,2024-01-16 11:14:03.316,2024-01-16 11:14:00.770,,,2.0,5f508f61-d56a-46dc-8a88-4372288f0a8d.raw_data.json,UTC-0300,hriiVjEkYE,com.sec.android.app.shealth,2024-01-16 11:13:13.001,5f508f61-d56a-46dc-8a88-4372288f0a8d,
2024-01-16 13:23:10.437,,2024-01-16 16:03:10.447,2024-01-16 16:02:03.899,,,2.0,2ad1309a-236c-43c2-b344-3d08dfeb6191.raw_data.json,UTC-0300,hriiVjEkYE,com.sec.android.app.shealth,2024-01-16 16:02:52.000,2ad1309a-236c-43c2-b344-3d08dfeb6191,
2024-01-16 21:36:24.330,,2024-01-16 22:02:53.275,2024-01-16 22:02:53.275,,,9.0,d0b5f460-9cae-418b-8692-ea0f618a2977.raw_data.json,UTC-0300,hriiVjEkYE,com.sec.android.app.shealth,2024-01-16 22:02:53.212,d0b5f460-9cae-418b-8692-ea0f618a2977,
2024-01-17 09:39:59.288,,2024-01-17 10:19:22.082,2024-01-17 10:19:22.082,,,1.0,d1a140c7-310f-44a8-a2f6-f7eccda5b65c.raw_data.json,UTC-0300,hriiVjEkYE,com.sec.android.app.shealth,2024-01-17 10:05:18.000,d1a140c7-310f-44a8-a2f6-f7eccda5b65c,
2024-01-17 10:05:17.999,,2024-01-17 10:19:22.447,2024-01-17 10:19:22.201,,,3.0,c85ff64f-66ee-49a8-a24c-27546e7530d9.raw_data.json,UTC-0300,hriiVjEkYE,com.sec.android.app.shealth,2024-01-17 10:08:22.000,c85ff64f-66ee-49a8-a24c-27546e7530d9,
2024-01-17 10:08:22.000,,2024-01-17 10:25:27.282,2024-01-17 10:25:27.282,,,1.0,2cb63bcd-78e4-480b-a925-a2edc3cc492b.raw_data.json,UTC-0300,hriiVjEkYE,com.sec.android.app.shealth,2024-01-17 10:24:17.000,2cb63bcd-78e4-480b-a925-a2edc3cc492b,
2024-01-17 10:35:44.759,,2024-01-17 11:12:59.945,2024-01-17 11:12:57.924,,,3.0,346edfd2-bb7e-4248-9c15-1f487835185f.raw_data.json,UTC-0300,hriiVjEkYE,com.sec.android.app.shealth,2024-01-17 11:12:19.000,346edfd2-bb7e-4248-9c15-1f487835185f,
2024-01-17 11:15:01.350,,2024-01-17 12:58:33.428,2024-01-17 12:58:33.428,,,4.0,ba8c50b3-d0e6-451d-9396-55bf29ff137f.raw_data.json,UTC-0300,hriiVjEkYE,com.sec.android.app.shealth,2024-01-17 12:48:36.999,ba8c50b3-d0e6-451d-9396-55bf29ff137f,
2024-01-17 15:55:19.281,,2024-01-17 16:08:16.381,2024-01-17 16:08:16.381,,,1.0,42f4b5e3-828d-4c39-abf3-5b5a5f059a0d.raw_data.json,UTC-0300,hriiVjEkYE,com.sec.android.app.shealth,2024-01-17 16:06:02.999,42f4b5e3-828d-4c39-abf3-5b5a5f059a0d,
2024-01-17 16:06:02.999,,2024-01-17 16:08:18.208,2024-01-17 16:08:16.516,,,1.0,667c9c42-9adc-4282-b084-3b63b485d2ff.raw_data.json,UTC-0300,hriiVjEkYE,com.sec.android.app.shealth,2024-01-17 16:07:40.000,667c9c42-9adc-4282-b084-3b63b485d2ff,
2024-01-19 00:45:07.283,,2024-01-19 00:57:30.628,2024-01-19 00:57:30.628,,,1.0,f56be2c7-68a5-4c3a-9c4c-0a04691d8be2.raw_data.json,UTC-0300,hriiVjEkYE,com.sec.android.app.shealth,2024-01-19 00:57:16.001,f56be2c7-68a5-4c3a-9c4c-0a04691d8be2,
2024-01-19 09:34:20.208,,2024-01-19 10:17:15.616,2024-01-19 10:17:15.616,,,1.0,7a6dc664-7d2a-4663-8d1a-cec931d23676.raw_data.json,UTC-0300,hriiVjEkYE,com.sec.android.app.shealth,2024-01-19 10:10:08.999,7a6dc664-7d2a-4663-8d1a-cec931d23676,
2024-01-19 10:10:09.000,,2024-01-19 11:10:58.042,2024-01-19 11:10:57.913,,,2.0,3784543c-cdfa-4de9-ad1f-d3a6b9001953.raw_data.json,UTC-0300,hriiVjEkYE,com.sec.android.app.shealth,2024-01-19 11:09:33.000,3784543c-cdfa-4de9-ad1f-d3a6b9001953,
2024-01-19 11:09:33.000,,2024-01-19 11:12:30.473,2024-01-19 11:11:33.855,,,2.0,c9506e81-0bb6-4029-83bd-3d4677594c82.raw_data.json,UTC-0300,hriiVjEkYE,com.sec.android.app.shealth,2024-01-19 11:11:33.000,c9506e81-0bb6-4029-83bd-3d4677594c82,
2024-01-19 11:11:33.000,,2024-01-19 11:16:19.088,2024-01-19 11:16:19.088,,,1.0,ea73f22a-2818-45d7-a67c-9ab81b6a9a5e.raw_data.json,UTC-0300,hriiVjEkYE,com.sec.android.app.shealth,2024-01-19 11:15:12.000,ea73f22a-2818-45d7-a67c-9ab81b6a9a5e,
2024-01-19 11:17:52.851,,2024-01-19 12:54:05.964,2024-01-19 12:54:05.964,,,1.0,c8a5cc0c-5a7f-4eda-aa7c-2035e6cd68a0.raw_data.json,UTC-0300,hriiVjEkYE,com.sec.android.app.shealth,2024-01-19 12:50:19.000,c8a5cc0c-5a7f-4eda-aa7c-2035e6cd68a0,
2024-01-19 18:46:43.936,,2024-01-19 19:23:42.433,2024-01-19 19:23:42.433,,,1.0,e4fac1db-057a-45fe-8f3f-82ab5ec99788.raw_data.json,UTC-0300,hriiVjEkYE,com.sec.android.app.shealth,2024-01-19 19:07:13.000,e4fac1db-057a-45fe-8f3f-82ab5ec99788,
2024-01-20 01:12:26.425,,2024-01-20 02:16:31.661,2024-01-20 02:16:31.531,,,2.0,f0342714-353c-454c-8b2a-9bc05920e7e6.raw_data.json,UTC-0300,hriiVjEkYE,com.sec.android.app.shealth,2024-01-20 02:05:40.999,f0342714-353c-454c-8b2a-9bc05920e7e6,
2024-01-20 02:05:40.999,,2024-01-20 02:36:08.192,2024-01-20 02:36:08.192,,,1.0,1bde4648-6786-46db-b020-8da6902aedd1.raw_data.json,UTC-0300,hriiVjEkYE,com.sec.android.app.shealth,2024-01-20 02:19:52.999,1bde4648-6786-46db-b020-8da6902aedd1,
2024-01-20 02:19:52.999,,2024-01-20 02:36:08.370,2024-01-20 02:36:08.259,,,2.0,830de119-07ce-45ba-9ed3-29b692801e24.raw_data.json,UTC-0300,hriiVjEkYE,com.sec.android.app.shealth,2024-01-20 02:21:20.001,830de119-07ce-45ba-9ed3-29b692801e24,
2024-01-20 11:57:40.564,,2024-01-20 12:25:34.308,2024-01-20 12:25:34.308,,,1.0,57e4d955-b344-4f74-8305-5052e95381c3.raw_data.json,UTC-0300,hriiVjEkYE,com.sec.android.app.shealth,2024-01-20 12:00:46.999,57e4d955-b344-4f74-8305-5052e95381c3,
2024-01-20 12:00:47.000,,2024-01-20 13:17:41.796,2024-01-20 13:17:41.796,,,2.0,817dc568-f7e9-42f2-a8ed-d329cac3c8b9.raw_data.json,UTC-0300,hriiVjEkYE,com.sec.android.app.shealth,2024-01-20 12:47:50.001,817dc568-f7e9-42f2-a8ed-d329cac3c8b9,
2024-01-20 12:47:50.001,,2024-01-20 14:30:37.454,2024-01-20 14:30:37.330,,,2.0,10eef249-3a5e-42ca-8e55-114932372168.raw_data.json,UTC-0300,hriiVjEkYE,com.sec.android.app.shealth,2024-01-20 14:22:24.999,10eef249-3a5e-42ca-8e55-114932372168,
2024-01-20 14:22:24.999,,2024-01-20 17:21:37.462,2024-01-20 17:21:37.462,,,1.0,a5b28b7d-3a4b-4b85-8530-b1f4921ffd8a.raw_data.json,UTC-0300,hriiVjEkYE,com.sec.android.app.shealth,2024-01-20 17:19:53.000,a5b28b7d-3a4b-4b85-8530-b1f4921ffd8a,
2024-01-20 17:21:38.903,,2024-01-20 17:25:39.957,2024-01-20 17:25:39.957,,,1.0,ab45f598-e0d2-4b23-95e5-54a12f14d29e.raw_data.json,UTC-0300,hriiVjEkYE,com.sec.android.app.shealth,2024-01-20 17:25:00.000,ab45f598-e0d2-4b23-95e5-54a12f14d29e,
2024-01-20 17:25:00.001,,2024-01-20 17:27:37.612,2024-01-20 17:27:37.612,,,1.0,65e9cd03-4a0d-4b08-a84b-f089f78d5e72.raw_data.json,UTC-0300,hriiVjEkYE,com.sec.android.app.shealth,2024-01-20 17:26:48.001,65e9cd03-4a0d-4b08-a84b-f089f78d5e72,
2024-01-20 20:08:52.270,,2024-01-20 20:40:34.072,2024-01-20 20:40:34.072,,,1.0,65becb74-baa9-44a1-9c2b-e99a7165f606.raw_data.json,UTC-0300,hriiVjEkYE,com.sec.android.app.shealth,2024-01-20 20:32:50.000,65becb74-baa9-44a1-9c2b-e99a7165f606,
2024-01-20 21:25:30.707,,2024-01-20 21:48:40.216,2024-01-20 21:48:40.216,,,1.0,ba07ec46-71db-43f1-9299-1a28a24aaef8.raw_data.json,UTC-0300,hriiVjEkYE,com.sec.android.app.shealth,2024-01-20 21:42:26.000,ba07ec46-71db-43f1-9299-1a28a24aaef8,
2024-01-20 23:35:19.107,,2024-01-21 01:27:42.205,2024-01-21 01:27:42.205,,,1.0,5985b35e-d4a3-446d-9841-5b15297de2d2.raw_data.json,UTC-0300,hriiVjEkYE,com.sec.android.app.shealth,2024-01-21 01:27:40.626,5985b35e-d4a3-446d-9841-5b15297de2d2,
2024-01-21 03:00:00.185,,2024-01-21 04:01:08.474,2024-01-21 04:01:08.474,,,1.0,e30bbbe2-805f-470d-ae22-e6251863eb49.raw_data.json,UTC-0300,hriiVjEkYE,com.sec.android.app.shealth,2024-01-21 04:00:33.000,e30bbbe2-805f-470d-ae22-e6251863eb49,
2024-01-21 04:00:33.000,,2024-01-21 04:09:07.869,2024-01-21 04:09:07.869,,,1.0,75ee45bd-b569-4bec-83c4-37016c0b16d3.raw_data.json,UTC-0300,hriiVjEkYE,com.sec.android.app.shealth,2024-01-21 04:08:13.000,75ee45bd-b569-4bec-83c4-37016c0b16d3,
2024-01-21 12:33:20.991,,2024-01-21 12:47:27.196,2024-01-21 12:47:27.196,,,1.0,f443416f-f288-4b01-8a25-7a9b01904a74.raw_data.json,UTC-0300,hriiVjEkYE,com.sec.android.app.shealth,2024-01-21 12:47:00.000,f443416f-f288-4b01-8a25-7a9b01904a74,
2024-01-22 00:46:49.006,,2024-01-22 02:38:32.586,2024-01-22 02:38:32.586,,,1.0,8b1713b4-9990-460e-84a3-3ade65e3254a.raw_data.json,UTC-0300,hriiVjEkYE,com.sec.android.app.shealth,2024-01-22 02:38:00.000,8b1713b4-9990-460e-84a3-3ade65e3254a,
2024-01-22 03:00:01.165,,2024-01-22 03:08:15.435,2024-01-22 03:08:15.435,,,1.0,36b5ac4d-d7f7-47bf-8e3a-1a3fc0f380cc.raw_data.json,UTC-0300,hriiVjEkYE,com.sec.android.app.shealth,2024-01-22 03:07:35.000,36b5ac4d-d7f7-47bf-8e3a-1a3fc0f380cc,
2024-01-22 03:25:45.030,,2024-01-22 14:58:14.041,2024-01-22 14:58:14.041,,,1.0,62ad293f-4a26-45c4-8093-60b7bc8c5230.raw_data.json,UTC-0300,hriiVjEkYE,com.sec.android.app.shealth,2024-01-22 14:55:12.000,62ad293f-4a26-45c4-8093-60b7bc8c5230,
2024-01-22 15:58:46.123,,2024-01-22 16:39:34.664,2024-01-22 16:39:34.664,,,1.0,e5f8ae84-b444-4aec-b331-9d39f27e301d.raw_data.json,UTC-0300,hriiVjEkYE,com.sec.android.app.shealth,2024-01-22 16:39:08.000,e5f8ae84-b444-4aec-b331-9d39f27e301d,
2024-01-22 16:39:08.000,,2024-01-22 18:03:58.896,2024-01-22 18:03:58.896,,,1.0,9018df54-49c9-44fd-ad5e-076fa6a16e60.raw_data.json,UTC-0300,hriiVjEkYE,com.sec.android.app.shealth,2024-01-22 18:02:50.000,9018df54-49c9-44fd-ad5e-076fa6a16e60,
2024-01-22 18:02:50.000,,2024-01-22 18:23:59.056,2024-01-22 18:23:59.056,,,1.0,a4ac9502-9553-49ac-8a52-fea88c634390.raw_data.json,UTC-0300,hriiVjEkYE,com.sec.android.app.shealth,2024-01-22 18:13:52.000,a4ac9502-9553-49ac-8a52-fea88c634390,
2024-01-22 18:13:52.000,,2024-01-22 18:38:12.351,2024-01-22 18:38:12.351,,,1.0,711a53b0-7835-42e6-adfc-0e39c279c1be.raw_data.json,UTC-0300,hriiVjEkYE,com.sec.android.app.shealth,2024-01-22 18:37:18.000,711a53b0-7835-42e6-adfc-0e39c279c1be,
2024-01-23 03:00:00.153,,2024-01-23 05:18:56.335,2024-01-23 05:18:56.335,,,1.0,b3089c1a-33e2-4f52-b9e2-b3ae7ef6dabd.raw_data.json,UTC-0300,hriiVjEkYE,com.sec.android.app.shealth,2024-01-23 05:18:32.000,b3089c1a-33e2-4f52-b9e2-b3ae7ef6dabd,
2024-01-23 13:59:37.034,,2024-01-23 15:12:44.297,2024-01-23 15:12:44.297,,,1.0,a1d5780e-7134-4297-bda1-ffc0db693c39.raw_data.json,UTC-0300,hriiVjEkYE,com.sec.android.app.shealth,2024-01-23 15:12:11.001,a1d5780e-7134-4297-bda1-ffc0db693c39,
2024-01-23 16:03:14.216,,2024-01-23 17:05:37.612,2024-01-23 17:05:37.612,,,1.0,a9861a06-83d2-4bbc-8dc4-5b1f3cd46d28.raw_data.json,UTC-0300,hriiVjEkYE,com.sec.android.app.shealth,2024-01-23 17:05:17.000,a9861a06-83d2-4bbc-8dc4-5b1f3cd46d28,
2024-01-23 17:23:05.307,,2024-01-23 17:26:42.935,2024-01-23 17:26:42.935,,,1.0,cba16581-3600-4f06-94bd-2eb6df328dc9.raw_data.json,UTC-0300,hriiVjEkYE,com.sec.android.app.shealth,2024-01-23 17:25:48.000,cba16581-3600-4f06-94bd-2eb6df328dc9,
2024-01-24 01:56:55.649,,2024-01-24 02:37:06.255,2024-01-24 02:37:06.001,,,2.0,ffb984a0-02f3-4953-9516-700f27543d51.raw_data.json,UTC-0300,hriiVjEkYE,com.sec.android.app.shealth,2024-01-24 02:23:30.000,ffb984a0-02f3-4953-9516-700f27543d51,
2024-01-24 02:23:30.000,,2024-01-24 02:37:06.393,2024-01-24 02:37:06.393,,,1.0,d4247432-17c4-4551-8058-69ac429de1ca.raw_data.json,UTC-0300,hriiVjEkYE,com.sec.android.app.shealth,2024-01-24 02:28:53.001,d4247432-17c4-4551-8058-69ac429de1ca,
2024-01-24 14:25:34.125,,2024-01-24 15:18:45.438,2024-01-24 15:18:45.438,,,1.0,02fed9ea-ed4b-4e83-a018-69099c767e85.raw_data.json,UTC-0300,hriiVjEkYE,com.sec.android.app.shealth,2024-01-24 15:18:30.000,02fed9ea-ed4b-4e83-a018-69099c767e85,
2024-01-24 17:28:56.252,,2024-01-24 20:41:08.393,2024-01-24 20:41:08.393,,,1.0,23534cf4-4e68-4103-950f-c87e9b3be478.raw_data.json,UTC-0300,hriiVjEkYE,com.sec.android.app.shealth,2024-01-24 20:40:40.000,23534cf4-4e68-4103-950f-c87e9b3be478,
2024-01-24 22:13:51.378,,2024-01-25 00:12:48.398,2024-01-25 00:12:48.398,,,1.0,7a158d6b-1a02-478d-8e3b-79c18348fdaa.raw_data.json,UTC-0300,hriiVjEkYE,com.sec.android.app.shealth,2024-01-25 00:11:59.000,7a158d6b-1a02-478d-8e3b-79c18348fdaa,
2024-01-25 00:11:59.000,,2024-01-25 01:02:07.583,2024-01-25 01:02:07.583,,,1.0,2243e36c-f18c-4a2a-b04c-db2ca6953c66.raw_data.json,UTC-0300,hriiVjEkYE,com.sec.android.app.shealth,2024-01-25 00:47:36.000,2243e36c-f18c-4a2a-b04c-db2ca6953c66,
2024-01-25 03:00:00.153,,2024-01-25 04:49:09.369,2024-01-25 04:49:09.369,,,1.0,d1fc9877-6a33-4878-97f8-982ec0ef8b77.raw_data.json,UTC-0300,hriiVjEkYE,com.sec.android.app.shealth,2024-01-25 04:47:32.001,d1fc9877-6a33-4878-97f8-982ec0ef8b77,
2024-01-25 14:44:09.804,,2024-01-25 15:14:22.541,2024-01-25 15:14:22.541,,,1.0,608b992f-5de9-4d37-8260-cc59f4024870.raw_data.json,UTC-0300,hriiVjEkYE,com.sec.android.app.shealth,2024-01-25 14:55:57.999,608b992f-5de9-4d37-8260-cc59f4024870,
2024-01-25 16:09:26.541,,2024-01-25 22:07:20.360,2024-01-25 22:07:20.360,,,1.0,e0b35700-3dda-451e-a2b8-d2d9cba3fa4a.raw_data.json,UTC-0300,hriiVjEkYE,com.sec.android.app.shealth,2024-01-25 21:54:59.000,e0b35700-3dda-451e-a2b8-d2d9cba3fa4a,
2024-01-26 01:00:35.714,,2024-01-26 01:24:46.859,2024-01-26 01:24:46.859,,,1.0,fdcba392-c9f0-4358-a501-1ae664501d66.raw_data.json,UTC-0300,hriiVjEkYE,com.sec.android.app.shealth,2024-01-26 01:24:19.001,fdcba392-c9f0-4358-a501-1ae664501d66,
2024-01-26 03:00:00.147,,2024-01-26 04:05:01.461,2024-01-26 04:05:01.461,,,1.0,ea5b7baa-fb23-46a6-bf9e-6a17c148674c.raw_data.json,UTC-0300,hriiVjEkYE,com.sec.android.app.shealth,2024-01-26 03:56:59.000,ea5b7baa-fb23-46a6-bf9e-6a17c148674c,
2024-01-26 03:56:58.999,,2024-01-26 04:05:59.822,2024-01-26 04:05:59.822,,,1.0,8100f596-e472-4428-8595-365f51b28a44.raw_data.json,UTC-0300,hriiVjEkYE,com.sec.android.app.shealth,2024-01-26 04:05:44.000,8100f596-e472-4428-8595-365f51b28a44,
2024-01-26 13:37:28.258,,2024-01-26 14:09:19.164,2024-01-26 14:09:17.762,,,1.0,ea0df016-be2b-44ba-9885-64e679111097.raw_data.json,UTC-0300,hriiVjEkYE,com.sec.android.app.shealth,2024-01-26 14:08:39.000,ea0df016-be2b-44ba-9885-64e679111097,
2024-01-26 14:35:05.903,,2024-01-26 15:11:06.201,2024-01-26 15:11:05.936,,,5.0,58cd0ede-a3fb-406e-a459-c5982b7a5326.raw_data.json,UTC-0300,hriiVjEkYE,com.sec.android.app.shealth,2024-01-26 14:59:31.000,58cd0ede-a3fb-406e-a459-c5982b7a5326,
2024-01-28 21:55:11.726,,2024-01-28 22:10:44.334,2024-01-28 22:10:44.334,,,1.0,95153e58-6347-461b-878e-050744f282c5.raw_data.json,UTC-0300,hriiVjEkYE,com.sec.android.app.shealth,2024-01-28 21:56:22.000,95153e58-6347-461b-878e-050744f282c5,
2024-01-29 09:39:54.103,,2024-01-29 10:16:17.440,2024-01-29 10:16:17.440,,,1.0,cde27d60-f936-4681-8d7c-43ca7f7add48.raw_data.json,UTC-0300,hriiVjEkYE,com.sec.android.app.shealth,2024-01-29 10:07:09.000,cde27d60-f936-4681-8d7c-43ca7f7add48,
2024-01-29 10:07:08.999,,2024-01-29 10:16:17.755,2024-01-29 10:16:17.539,,,4.0,a20e79e7-2f5b-4c3c-8ace-b51276e37d9a.raw_data.json,UTC-0300,hriiVjEkYE,com.sec.android.app.shealth,2024-01-29 10:10:55.000,a20e79e7-2f5b-4c3c-8ace-b51276e37d9a,
2024-01-29 11:15:09.570,,2024-01-29 11:19:10.086,2024-01-29 11:19:10.086,,,5.0,864a9fde-3a59-46d0-a012-05c5f9f7ee3b.raw_data.json,UTC-0300,hriiVjEkYE,com.sec.android.app.shealth,2024-01-29 11:19:09.857,864a9fde-3a59-46d0-a012-05c5f9f7ee3b,
2024-01-29 15:55:05.364,,2024-01-29 21:07:59.117,2024-01-29 21:07:59.117,,,2.0,ba56ed18-d393-4236-b0aa-a0c404c3123d.raw_data.json,UTC-0300,hriiVjEkYE,com.sec.android.app.shealth,2024-01-29 21:07:59.008,ba56ed18-d393-4236-b0aa-a0c404c3123d,
2024-01-29 21:17:21.635,,2024-01-29 21:30:06.043,2024-01-29 21:30:05.905,,,2.0,43c5fbe5-f8d0-43b7-9922-234b13d62c9c.raw_data.json,UTC-0300,hriiVjEkYE,com.sec.android.app.shealth,2024-01-29 21:28:50.000,43c5fbe5-f8d0-43b7-9922-234b13d62c9c,
2024-01-29 21:28:50.000,,2024-01-29 22:50:01.065,2024-01-29 22:50:00.503,,,2.0,55d90815-473f-4dba-91dc-1d89093bd391.raw_data.json,UTC-0300,hriiVjEkYE,com.sec.android.app.shealth,2024-01-29 22:15:38.999,55d90815-473f-4dba-91dc-1d89093bd391,
2024-01-29 22:15:39.000,,2024-01-29 22:50:01.417,2024-01-29 22:50:01.417,,,1.0,745c0cf5-94b1-4af9-88f8-8d60e8d92719.raw_data.json,UTC-0300,hriiVjEkYE,com.sec.android.app.shealth,2024-01-29 22:33:52.000,745c0cf5-94b1-4af9-88f8-8d60e8d92719,
2024-01-29 22:33:52.000,,2024-01-29 22:50:02.795,2024-01-29 22:50:02.575,,,3.0,213888d5-5de1-45f6-963a-654d89bcb140.raw_data.json,UTC-0300,hriiVjEkYE,com.sec.android.app.shealth,2024-01-29 22:36:06.000,213888d5-5de1-45f6-963a-654d89bcb140,
2024-01-30 09:44:47.753,,2024-01-30 10:12:58.713,2024-01-30 10:12:58.713,,,1.0,46335276-9499-4bf5-b3a9-333f7261262f.raw_data.json,UTC-0300,hriiVjEkYE,com.sec.android.app.shealth,2024-01-30 10:10:32.000,46335276-9499-4bf5-b3a9-333f7261262f,
2024-01-30 11:15:05.703,,2024-01-30 11:21:10.443,2024-01-30 11:20:47.885,,,6.0,2ca3ff0f-342e-4a88-8daa-0aaa62a21063.raw_data.json,UTC-0300,hriiVjEkYE,com.sec.android.app.shealth,2024-01-30 11:20:47.818,2ca3ff0f-342e-4a88-8daa-0aaa62a21063,
2024-01-30 11:22:36.373,,2024-01-30 13:24:29.905,2024-01-30 13:24:29.905,,,1.0,6a1733aa-c848-437f-b59b-2c8130a29663.raw_data.json,UTC-0300,hriiVjEkYE,com.sec.android.app.shealth,2024-01-30 13:01:09.000,6a1733aa-c848-437f-b59b-2c8130a29663,
2024-01-30 13:25:27.081,,2024-01-30 15:27:09.835,2024-01-30 15:27:09.835,,,1.0,c6dbd296-d1e3-426e-a51d-8477dcfbdacf.raw_data.json,UTC-0300,hriiVjEkYE,com.sec.android.app.shealth,2024-01-30 15:26:34.001,c6dbd296-d1e3-426e-a51d-8477dcfbdacf,
2024-01-30 15:26:34.000,,2024-01-30 16:08:55.763,2024-01-30 16:08:55.763,,,1.0,d669c151-3226-48db-93d7-c2dc888a7e36.raw_data.json,UTC-0300,hriiVjEkYE,com.sec.android.app.shealth,2024-01-30 16:04:13.999,d669c151-3226-48db-93d7-c2dc888a7e36,
2024-01-31 09:54:27.976,,2024-01-31 11:20:07.470,2024-01-31 11:20:07.044,,,2.0,d6c23db2-623f-42a0-9fa1-4cdcac5880e7.raw_data.json,UTC-0300,hriiVjEkYE,com.sec.android.app.shealth,2024-01-31 11:16:38.000,d6c23db2-623f-42a0-9fa1-4cdcac5880e7,
2024-01-31 11:16:38.000,,2024-01-31 11:20:07.843,2024-01-31 11:20:07.667,,,2.0,1b098e43-7e25-4470-ae76-e51a9159d9db.raw_data.json,UTC-0300,hriiVjEkYE,com.sec.android.app.shealth,2024-01-31 11:18:14.000,1b098e43-7e25-4470-ae76-e51a9159d9db,
2024-01-31 14:55:13.430,,2024-01-31 15:10:06.603,2024-01-31 15:10:06.603,,,1.0,64059047-e287-4129-b881-3138396ea04e.raw_data.json,UTC-0300,hriiVjEkYE,com.sec.android.app.shealth,2024-01-31 15:09:43.000,64059047-e287-4129-b881-3138396ea04e,
2024-01-31 15:15:50.369,,2024-01-31 17:16:44.200,2024-01-31 17:16:39.124,,,2.0,510e435a-e0bc-4359-8a83-137979f14bc5.raw_data.json,UTC-0300,hriiVjEkYE,com.sec.android.app.shealth,2024-01-31 17:16:37.999,510e435a-e0bc-4359-8a83-137979f14bc5,
2024-01-31 17:23:09.418,,2024-01-31 17:59:54.763,2024-01-31 17:59:54.763,,,1.0,a22d7b1c-712c-4b02-8eb6-f10300438106.raw_data.json,UTC-0300,hriiVjEkYE,com.sec.android.app.shealth,2024-01-31 17:29:14.001,a22d7b1c-712c-4b02-8eb6-f10300438106,
2024-02-02 00:30:20.362,,2024-02-02 02:52:22.071,2024-02-02 02:52:22.071,,,1.0,c9600b36-b0d1-4a8c-929d-60fd966c6764.raw_data.json,UTC-0300,hriiVjEkYE,com.sec.android.app.shealth,2024-02-02 01:11:42.000,c9600b36-b0d1-4a8c-929d-60fd966c6764,
2024-02-02 22:35:03.615,,2024-02-02 22:38:29.702,2024-02-02 22:37:50.371,,,1.0,874f1549-1780-4864-bed6-53963dbfbf1a.raw_data.json,UTC-0300,hriiVjEkYE,com.sec.android.app.shealth,2024-02-02 22:37:50.279,874f1549-1780-4864-bed6-53963dbfbf1a,
2024-02-05 15:21:41.004,,2024-02-05 15:45:12.515,2024-02-05 15:45:12.515,,,1.0,bb2a863a-d172-4c2f-88c4-c4925a3a0353.raw_data.json,UTC-0300,hriiVjEkYE,com.sec.android.app.shealth,2024-02-05 15:34:30.000,bb2a863a-d172-4c2f-88c4-c4925a3a0353,
2024-02-05 16:17:29.439,,2024-02-05 16:33:28.127,2024-02-05 16:33:28.127,,,1.0,d17655ad-a1b8-4f24-91cb-654acfc41911.raw_data.json,UTC-0300,hriiVjEkYE,com.sec.android.app.shealth,2024-02-05 16:31:22.000,d17655ad-a1b8-4f24-91cb-654acfc41911,
2024-02-05 17:06:10.163,,2024-02-05 17:19:19.125,2024-02-05 17:19:19.125,,,1.0,78958aaa-3d92-42c2-a9e0-68903cf91713.raw_data.json,UTC-0300,hriiVjEkYE,com.sec.android.app.shealth,2024-02-05 17:17:58.999,78958aaa-3d92-42c2-a9e0-68903cf91713,
2024-02-06 09:59:06.633,,2024-02-06 10:31:29.160,2024-02-06 10:31:28.834,,,3.0,63e9582d-f541-4f54-b800-47ded137e517.raw_data.json,UTC-0300,hriiVjEkYE,com.sec.android.app.shealth,2024-02-06 10:10:31.999,63e9582d-f541-4f54-b800-47ded137e517,
2024-02-06 10:10:31.999,,2024-02-06 11:16:51.075,2024-02-06 11:16:51.075,,,1.0,37c62ca8-761c-42de-9575-a22a85c6ca40.raw_data.json,UTC-0300,hriiVjEkYE,com.sec.android.app.shealth,2024-02-06 11:13:45.999,37c62ca8-761c-42de-9575-a22a85c6ca40,
2024-02-06 11:13:46.000,,2024-02-06 11:28:37.665,2024-02-06 11:28:37.425,,,2.0,a17554bf-cc07-4a18-a1fd-d4f8555f4a72.raw_data.json,UTC-0300,hriiVjEkYE,com.sec.android.app.shealth,2024-02-06 11:26:31.000,a17554bf-cc07-4a18-a1fd-d4f8555f4a72,
2024-02-06 11:26:31.000,,2024-02-06 11:28:37.747,2024-02-06 11:28:37.747,,,1.0,bf0902f6-6fad-45e2-866d-4450f5021ebe.raw_data.json,UTC-0300,hriiVjEkYE,com.sec.android.app.shealth,2024-02-06 11:27:33.000,bf0902f6-6fad-45e2-866d-4450f5021ebe,
2024-02-06 11:27:33.000,,2024-02-06 11:30:22.613,2024-02-06 11:30:21.992,,,2.0,35ffd962-3e9b-47f2-8268-2ef123b852ce.raw_data.json,UTC-0300,hriiVjEkYE,com.sec.android.app.shealth,2024-02-06 11:29:05.999,35ffd962-3e9b-47f2-8268-2ef123b852ce,
2024-02-06 11:39:53.920,,2024-02-06 13:28:16.280,2024-02-06 13:28:14.633,,,1.0,163385ac-68d4-4e34-89e3-a2e0c70db483.raw_data.json,UTC-0300,hriiVjEkYE,com.sec.android.app.shealth,2024-02-06 13:27:19.000,163385ac-68d4-4e34-89e3-a2e0c70db483,
2024-02-06 14:50:22.092,,2024-02-06 15:58:06.497,2024-02-06 15:58:06.304,,,2.0,d7191f29-a4eb-427c-95a0-b9fe555a63fb.raw_data.json,UTC-0300,hriiVjEkYE,com.sec.android.app.shealth,2024-02-06 15:57:36.000,d7191f29-a4eb-427c-95a0-b9fe555a63fb,
2024-02-06 20:55:09.730,,2024-02-06 21:08:58.017,2024-02-06 21:08:56.417,,,3.0,91ce458e-fc64-4a50-b16c-2770d6fd0a7c.raw_data.json,UTC-0300,hriiVjEkYE,com.sec.android.app.shealth,2024-02-06 21:06:02.999,91ce458e-fc64-4a50-b16c-2770d6fd0a7c,
2024-02-06 21:13:10.999,,2024-02-06 21:22:37.563,2024-02-06 21:22:37.563,,,1.0,6497b213-1f18-41c9-9817-db1331a1fb9f.raw_data.json,UTC-0300,hriiVjEkYE,com.sec.android.app.shealth,2024-02-06 21:19:04.999,6497b213-1f18-41c9-9817-db1331a1fb9f,
2024-02-07 09:50:28.956,,2024-02-07 10:13:12.293,2024-02-07 10:13:12.293,,,1.0,c5a1639f-0d37-4517-a882-2c49ab48bda7.raw_data.json,UTC-0300,hriiVjEkYE,com.sec.android.app.shealth,2024-02-07 10:07:06.000,c5a1639f-0d37-4517-a882-2c49ab48bda7,
2024-02-07 10:07:06.000,,2024-02-07 10:13:12.606,2024-02-07 10:13:12.479,,,2.0,8185cc92-8654-4e97-8cdb-af0a3cb18d2b.raw_data.json,UTC-0300,hriiVjEkYE,com.sec.android.app.shealth,2024-02-07 10:09:19.001,8185cc92-8654-4e97-8cdb-af0a3cb18d2b,
2024-02-07 10:09:19.000,,2024-02-07 11:17:36.225,2024-02-07 11:17:35.855,,,3.0,290e3a56-6fe4-4c31-81d4-1536b5eb7fdf.raw_data.json,UTC-0300,hriiVjEkYE,com.sec.android.app.shealth,2024-02-07 11:16:44.001,290e3a56-6fe4-4c31-81d4-1536b5eb7fdf,
2024-02-07 11:16:44.001,,2024-02-07 11:19:30.577,2024-02-07 11:19:30.400,,,2.0,9f9b494f-6203-455f-b06f-17aa6ffcd9ad.raw_data.json,UTC-0300,hriiVjEkYE,com.sec.android.app.shealth,2024-02-07 11:18:15.001,9f9b494f-6203-455f-b06f-17aa6ffcd9ad,
2024-02-07 15:31:45.513,,2024-02-07 16:37:55.228,2024-02-07 16:37:54.993,,,2.0,6d3fa1b5-104d-4e36-ae0d-264db3199a95.raw_data.json,UTC-0300,hriiVjEkYE,com.sec.android.app.shealth,2024-02-07 16:37:17.001,6d3fa1b5-104d-4e36-ae0d-264db3199a95,
2024-02-07 21:33:05.561,,2024-02-07 21:45:03.756,2024-02-07 21:45:03.289,,,2.0,070724de-75c6-4c17-8cd5-5aeb4cdfc7ad.raw_data.json,UTC-0300,hriiVjEkYE,com.sec.android.app.shealth,2024-02-07 21:41:29.000,070724de-75c6-4c17-8cd5-5aeb4cdfc7ad,
2024-02-08 02:16:44.976,,2024-02-08 02:29:42.318,2024-02-08 02:29:41.967,,,2.0,4129ca04-1fb5-428d-888e-7f29ccc67615.raw_data.json,UTC-0300,hriiVjEkYE,com.sec.android.app.shealth,2024-02-08 02:24:09.000,4129ca04-1fb5-428d-888e-7f29ccc67615,
2024-02-08 02:24:09.001,,2024-02-08 02:29:42.599,2024-02-08 02:29:42.453,,,2.0,3db7afd3-392e-4e6a-b54a-a9a40c55b184.raw_data.json,UTC-0300,hriiVjEkYE,com.sec.android.app.shealth,2024-02-08 02:26:34.000,3db7afd3-392e-4e6a-b54a-a9a40c55b184,
2024-02-08 02:26:34.001,,2024-02-08 02:35:17.956,2024-02-08 02:35:17.900,,,2.0,f72ee1f5-f093-4d91-b092-963456dd4eca.raw_data.json,UTC-0300,hriiVjEkYE,com.sec.android.app.shealth,2024-02-08 02:30:36.999,f72ee1f5-f093-4d91-b092-963456dd4eca,
2024-02-08 02:30:37.000,,2024-02-08 02:35:49.543,2024-02-08 02:35:17.997,,,7.0,ed2324c1-4292-432c-b848-870309ee7d46.raw_data.json,UTC-0300,hriiVjEkYE,com.sec.android.app.shealth,2024-02-08 02:35:11.000,ed2324c1-4292-432c-b848-870309ee7d46,
2024-02-08 12:07:07.233,,2024-02-08 14:43:45.935,2024-02-08 14:43:45.935,,,1.0,ce373729-6111-4dc3-960e-801a50c0805e.raw_data.json,UTC-0300,hriiVjEkYE,com.sec.android.app.shealth,2024-02-08 14:42:24.000,ce373729-6111-4dc3-960e-801a50c0805e,
2024-02-11 22:15:24.122,,2024-02-11 23:49:56.568,2024-02-11 23:49:56.568,,,1.0,ce829897-81e5-4256-afd1-8c779fc9d0d1.raw_data.json,UTC-0300,hriiVjEkYE,com.sec.android.app.shealth,2024-02-11 23:49:56.501,ce829897-81e5-4256-afd1-8c779fc9d0d1,
2024-02-11 23:49:56.501,,2024-02-11 23:58:47.718,2024-02-11 23:58:47.718,,,1.0,fbf8a461-2c6d-44cb-bb80-f693521455ca.raw_data.json,UTC-0300,hriiVjEkYE,com.sec.android.app.shealth,2024-02-11 23:51:06.999,fbf8a461-2c6d-44cb-bb80-f693521455ca,
2024-02-11 23:51:06.999,,2024-02-12 00:22:03.807,2024-02-12 00:22:03.807,,,2.0,fa181eb9-16d5-4144-aeb3-511e1dbb1609.raw_data.json,UTC-0300,hriiVjEkYE,com.sec.android.app.shealth,2024-02-12 00:01:58.000,fa181eb9-16d5-4144-aeb3-511e1dbb1609,
2024-02-12 00:01:58.001,,2024-02-12 00:22:04.145,2024-02-12 00:22:03.964,,,2.0,ed69c8ee-bb11-4671-aea3-610d7734da68.raw_data.json,UTC-0300,hriiVjEkYE,com.sec.android.app.shealth,2024-02-12 00:21:49.000,ed69c8ee-bb11-4671-aea3-610d7734da68,
2024-02-12 00:21:48.999,,2024-02-12 00:35:43.705,2024-02-12 00:35:43.705,,,1.0,75aa2f80-fb8e-4cfe-8019-0d4e9da45dda.raw_data.json,UTC-0300,hriiVjEkYE,com.sec.android.app.shealth,2024-02-12 00:26:34.000,75aa2f80-fb8e-4cfe-8019-0d4e9da45dda,
2024-02-12 00:26:34.000,,2024-02-12 00:35:43.940,2024-02-12 00:35:43.940,,,1.0,5c871ab8-e89b-470c-9c60-e54aab5117fb.raw_data.json,UTC-0300,hriiVjEkYE,com.sec.android.app.shealth,2024-02-12 00:28:02.000,5c871ab8-e89b-470c-9c60-e54aab5117fb,
2024-02-12 00:28:02.000,,2024-02-12 01:03:02.400,2024-02-12 01:03:02.400,,,1.0,d93424e8-746c-419f-a564-76fa21ac4fd7.raw_data.json,UTC-0300,hriiVjEkYE,com.sec.android.app.shealth,2024-02-12 01:02:48.000,d93424e8-746c-419f-a564-76fa21ac4fd7,
2024-02-12 01:02:48.001,,2024-02-12 01:12:56.959,2024-02-12 01:12:12.482,,,4.0,4a15a57a-162f-4efe-a80f-37deb189bd1b.raw_data.json,UTC-0300,hriiVjEkYE,com.sec.android.app.shealth,2024-02-12 01:12:35.000,4a15a57a-162f-4efe-a80f-37deb189bd1b,
2024-02-15 09:51:34.022,,2024-02-15 11:08:54.376,2024-02-15 11:08:54.376,,,1.0,7e864d9d-b0e9-4d92-a425-4f1207b4ff2b.raw_data.json,UTC-0300,hriiVjEkYE,com.sec.android.app.shealth,2024-02-15 10:07:07.999,7e864d9d-b0e9-4d92-a425-4f1207b4ff2b,
2024-02-15 10:07:07.999,,2024-02-15 11:08:54.739,2024-02-15 11:08:54.547,,,2.0,1eb4aa76-caab-404a-85a3-ec3c001a7b1a.raw_data.json,UTC-0300,hriiVjEkYE,com.sec.android.app.shealth,2024-02-15 10:11:53.000,1eb4aa76-caab-404a-85a3-ec3c001a7b1a,
2024-02-15 11:17:21.489,,2024-02-15 11:21:07.640,2024-02-15 11:20:12.550,,,3.0,e292c3ba-34a3-476c-a314-970838b19834.raw_data.json,UTC-0300,hriiVjEkYE,com.sec.android.app.shealth,2024-02-15 11:20:12.484,e292c3ba-34a3-476c-a314-970838b19834,
2024-02-15 15:26:38.760,,2024-02-15 16:35:49.978,2024-02-15 16:35:49.978,,,1.0,97c4e253-0f69-47d6-8bf2-4253db28f100.raw_data.json,UTC-0300,hriiVjEkYE,com.sec.android.app.shealth,2024-02-15 16:35:30.001,97c4e253-0f69-47d6-8bf2-4253db28f100,
2024-02-15 16:35:30.000,,2024-02-15 16:51:55.076,2024-02-15 16:51:54.857,,,3.0,c189def0-d23c-49ac-bdce-28be25ae82bd.raw_data.json,UTC-0300,hriiVjEkYE,com.sec.android.app.shealth,2024-02-15 16:37:13.000,c189def0-d23c-49ac-bdce-28be25ae82bd,
2024-02-16 09:55:48.361,,2024-02-16 11:22:45.716,2024-02-16 11:22:45.716,,,1.0,23ab5857-0835-4cca-bc69-37bc18dcf29d.raw_data.json,UTC-0300,hriiVjEkYE,com.sec.android.app.shealth,2024-02-16 11:21:34.000,23ab5857-0835-4cca-bc69-37bc18dcf29d,
2024-02-16 11:21:34.001,,2024-02-16 11:25:21.342,2024-02-16 11:25:20.898,,,2.0,fde4f56b-399d-4e96-af2b-6b45e56a5597.raw_data.json,UTC-0300,hriiVjEkYE,com.sec.android.app.shealth,2024-02-16 11:24:35.000,fde4f56b-399d-4e96-af2b-6b45e56a5597,
2024-02-16 13:25:06.497,,2024-02-16 16:18:25.716,2024-02-16 16:18:25.579,,,2.0,d0c4f84a-e75a-43b0-a43b-c1b5a6c7d678.raw_data.json,UTC-0300,hriiVjEkYE,com.sec.android.app.shealth,2024-02-16 16:05:01.999,d0c4f84a-e75a-43b0-a43b-c1b5a6c7d678,
2024-02-16 20:19:05.532,,2024-02-16 21:35:21.320,2024-02-16 21:35:21.320,,,1.0,742c82c6-6f4e-4e77-9193-43c827a50a59.raw_data.json,UTC-0300,hriiVjEkYE,com.sec.android.app.shealth,2024-02-16 21:35:21.255,742c82c6-6f4e-4e77-9193-43c827a50a59,
2024-02-16 21:35:21.256,,2024-02-16 21:50:53.842,2024-02-16 21:50:53.842,,,1.0,3aec8176-d426-4a45-ae9f-b575743f8863.raw_data.json,UTC-0300,hriiVjEkYE,com.sec.android.app.shealth,2024-02-16 21:43:51.000,3aec8176-d426-4a45-ae9f-b575743f8863,
2024-02-16 21:43:51.000,,2024-02-16 22:31:23.152,2024-02-16 22:31:22.985,,,2.0,38599cca-806f-44d7-b7ed-ecd215905f78.raw_data.json,UTC-0300,hriiVjEkYE,com.sec.android.app.shealth,2024-02-16 22:15:52.000,38599cca-806f-44d7-b7ed-ecd215905f78,
2024-02-16 22:15:52.001,,2024-02-16 22:31:23.908,2024-02-16 22:31:23.332,,,2.0,0b582bfa-d3c8-4c44-ab9c-01d81c1fa8c3.raw_data.json,UTC-0300,hriiVjEkYE,com.sec.android.app.shealth,2024-02-16 22:21:15.000,0b582bfa-d3c8-4c44-ab9c-01d81c1fa8c3,
2024-02-16 22:21:15.000,,2024-02-16 22:31:24.203,2024-02-16 22:31:24.203,,,1.0,49a3bc09-dc4b-486a-b3e3-d4279b2a5ad7.raw_data.json,UTC-0300,hriiVjEkYE,com.sec.android.app.shealth,2024-02-16 22:26:16.000,49a3bc09-dc4b-486a-b3e3-d4279b2a5ad7,
2024-02-16 22:55:02.900,,2024-02-16 22:59:52.120,2024-02-16 22:59:52.120,,,2.0,302c0164-7147-4501-b00d-fccb97826ee3.raw_data.json,UTC-0300,hriiVjEkYE,com.sec.android.app.shealth,2024-02-16 22:59:52.034,302c0164-7147-4501-b00d-fccb97826ee3,
2024-02-19 09:43:37.159,,2024-02-19 11:08:12.825,2024-02-19 11:08:12.825,,,1.0,05524ba4-952c-4345-b8af-a4da3458a077.raw_data.json,UTC-0300,hriiVjEkYE,com.sec.android.app.shealth,2024-02-19 11:03:16.001,05524ba4-952c-4345-b8af-a4da3458a077,
2024-02-19 11:03:16.000,,2024-02-19 11:08:13.211,2024-02-19 11:08:13.062,,,2.0,d288e8e4-ce63-409c-a37c-3e5cec908029.raw_data.json,UTC-0300,hriiVjEkYE,com.sec.android.app.shealth,2024-02-19 11:04:50.999,d288e8e4-ce63-409c-a37c-3e5cec908029,
2024-02-19 11:08:15.273,,2024-02-19 15:54:49.242,2024-02-19 15:54:49.030,,,2.0,8259bdea-9b81-403b-b98b-c02303ea6fd5.raw_data.json,UTC-0300,hriiVjEkYE,com.sec.android.app.shealth,2024-02-19 15:52:39.999,8259bdea-9b81-403b-b98b-c02303ea6fd5,
2024-02-19 15:52:39.999,,2024-02-19 16:06:03.191,2024-02-19 16:06:03.191,,,1.0,3da7b9f6-e12d-4297-949d-2d3b93684dcd.raw_data.json,UTC-0300,hriiVjEkYE,com.sec.android.app.shealth,2024-02-19 15:55:01.000,3da7b9f6-e12d-4297-949d-2d3b93684dcd,
2024-02-20 11:15:02.867,,2024-02-20 13:13:41.413,2024-02-20 13:13:22.459,,,4.0,4f9a9cec-cce2-4879-a20e-90ece5595858.raw_data.json,UTC-0300,hriiVjEkYE,com.sec.android.app.shealth,2024-02-20 13:12:56.000,4f9a9cec-cce2-4879-a20e-90ece5595858,
2024-02-20 17:11:53.455,,2024-02-20 17:33:05.822,2024-02-20 17:33:05.822,,,1.0,5ffcd4f8-f772-4f11-9539-a1b96c7e272e.raw_data.json,UTC-0300,hriiVjEkYE,com.sec.android.app.shealth,2024-02-20 17:29:23.000,5ffcd4f8-f772-4f11-9539-a1b96c7e272e,
2024-02-20 17:33:07.780,,2024-02-20 20:10:15.410,2024-02-20 20:10:15.137,,,2.0,920db9f2-537a-4317-b89e-ab3aabb31cf6.raw_data.json,UTC-0300,hriiVjEkYE,com.sec.android.app.shealth,2024-02-20 19:46:22.001,920db9f2-537a-4317-b89e-ab3aabb31cf6,
2024-02-20 19:46:22.001,,2024-02-20 21:55:54.154,2024-02-20 21:55:53.954,,,2.0,62d23684-c617-4a06-8662-532da0cba18f.raw_data.json,UTC-0300,hriiVjEkYE,com.sec.android.app.shealth,2024-02-20 21:52:51.000,62d23684-c617-4a06-8662-532da0cba18f,
2024-02-23 09:50:11.643,,2024-02-23 11:07:18.353,2024-02-23 11:07:18.353,,,1.0,d191e6f5-d100-4cf6-8599-c4731a4cc6ad.raw_data.json,UTC-0300,hriiVjEkYE,com.sec.android.app.shealth,2024-02-23 11:00:49.999,d191e6f5-d100-4cf6-8599-c4731a4cc6ad,
2024-02-23 11:00:50.000,,2024-02-23 11:07:19.295,2024-02-23 11:07:18.771,,,2.0,709cf629-cb43-415b-ae6a-6765f9db4c42.raw_data.json,UTC-0300,hriiVjEkYE,com.sec.android.app.shealth,2024-02-23 11:02:26.001,709cf629-cb43-415b-ae6a-6765f9db4c42,
2024-02-23 11:02:26.000,,2024-02-23 11:07:19.549,2024-02-23 11:07:19.549,,,1.0,8de43f04-4432-4f74-a666-c73f3d78fcf6.raw_data.json,UTC-0300,hriiVjEkYE,com.sec.android.app.shealth,2024-02-23 11:05:25.000,8de43f04-4432-4f74-a666-c73f3d78fcf6,
2024-02-23 15:19:22.910,,2024-02-23 15:58:20.993,2024-02-23 15:58:20.850,,,2.0,1e7fa291-f6ee-4c77-8d73-ecfde290a988.raw_data.json,UTC-0300,hriiVjEkYE,com.sec.android.app.shealth,2024-02-23 15:33:32.000,1e7fa291-f6ee-4c77-8d73-ecfde290a988,
2024-02-23 16:02:26.555,,2024-02-23 18:30:00.439,2024-02-23 18:30:00.439,,,1.0,e304f34e-c01e-4374-aeee-c2ebfc82c033.raw_data.json,UTC-0300,hriiVjEkYE,com.sec.android.app.shealth,2024-02-23 18:28:36.000,e304f34e-c01e-4374-aeee-c2ebfc82c033,
2024-02-23 20:19:36.951,,2024-02-23 20:53:43.892,2024-02-23 20:53:43.660,,,2.0,9ad0a4a4-cd41-4332-911d-b1efc75f9505.raw_data.json,UTC-0300,hriiVjEkYE,com.sec.android.app.shealth,2024-02-23 20:51:12.000,9ad0a4a4-cd41-4332-911d-b1efc75f9505,
2024-02-23 23:40:23.641,,2024-02-23 23:50:43.410,2024-02-23 23:50:43.410,,,1.0,47e230ad-d2ea-43f5-a61a-3d282138edd7.raw_data.json,UTC-0300,hriiVjEkYE,com.sec.android.app.shealth,2024-02-23 23:49:19.999,47e230ad-d2ea-43f5-a61a-3d282138edd7,
2024-02-24 00:20:14.649,,2024-02-24 01:55:48.343,2024-02-24 01:55:30.966,,,1.0,e2733af4-d517-4746-99e8-8a944de35183.raw_data.json,UTC-0300,hriiVjEkYE,com.sec.android.app.shealth,2024-02-24 01:55:17.000,e2733af4-d517-4746-99e8-8a944de35183,
2024-02-24 16:08:57.607,,2024-02-24 17:59:12.620,2024-02-24 17:59:12.620,,,1.0,ebf4bf5d-ccb8-4979-b687-6d2ef9213e79.raw_data.json,UTC-0300,hriiVjEkYE,com.sec.android.app.shealth,2024-02-24 17:57:44.000,ebf4bf5d-ccb8-4979-b687-6d2ef9213e79,
2024-02-24 21:31:48.262,,2024-02-24 23:09:04.463,2024-02-24 23:09:04.463,,,1.0,ed53934e-b4cb-4bad-8def-fcb2ccec6aed.raw_data.json,UTC-0300,hriiVjEkYE,com.sec.android.app.shealth,2024-02-24 23:08:52.999,ed53934e-b4cb-4bad-8def-fcb2ccec6aed,
2024-02-26 11:04:53.660,,2024-02-26 11:10:39.132,2024-02-26 11:10:39.132,,,1.0,058c4142-7239-42f9-97eb-b823a69d59b5.raw_data.json,UTC-0300,hriiVjEkYE,com.sec.android.app.shealth,2024-02-26 11:08:22.000,058c4142-7239-42f9-97eb-b823a69d59b5,
2024-02-26 11:08:22.000,,2024-02-26 11:10:40.911,2024-02-26 11:10:39.206,,,2.0,63d2d068-27da-4d49-835b-5539b49c9ff3.raw_data.json,UTC-0300,hriiVjEkYE,com.sec.android.app.shealth,2024-02-26 11:09:52.000,63d2d068-27da-4d49-835b-5539b49c9ff3,
2024-02-26 11:10:40.861,,2024-02-26 11:14:29.252,2024-02-26 11:14:29.252,,,1.0,aa3c6c68-d646-400b-ad22-bec27bdcd8b6.raw_data.json,UTC-0300,hriiVjEkYE,com.sec.android.app.shealth,2024-02-26 11:13:23.001,aa3c6c68-d646-400b-ad22-bec27bdcd8b6,
2024-02-26 13:00:17.677,,2024-02-26 15:55:22.287,2024-02-26 15:55:22.287,,,1.0,bc4154fe-468a-4fb8-9e52-58434515af98.raw_data.json,UTC-0300,hriiVjEkYE,com.sec.android.app.shealth,2024-02-26 15:55:22.185,bc4154fe-468a-4fb8-9e52-58434515af98,
2024-02-27 09:52:59.307,,2024-02-27 10:59:39.932,2024-02-27 10:59:39.932,,,1.0,b3840894-1a7d-4ab4-959e-86ae8aab4b90.raw_data.json,UTC-0300,hriiVjEkYE,com.sec.android.app.shealth,2024-02-27 10:58:19.000,b3840894-1a7d-4ab4-959e-86ae8aab4b90,
2024-02-27 10:59:41.935,,2024-02-27 12:47:30.947,2024-02-27 12:47:30.947,,,3.0,1e55c0eb-16a1-4cf3-a00c-b8ed723d919c.raw_data.json,UTC-0300,hriiVjEkYE,com.sec.android.app.shealth,2024-02-27 12:40:42.000,1e55c0eb-16a1-4cf3-a00c-b8ed723d919c,
2024-02-27 12:55:03.585,,2024-02-27 16:01:20.837,2024-02-27 16:01:20.707,,,2.0,2aad1305-8d29-4b92-b45f-f258899ea187.raw_data.json,UTC-0300,hriiVjEkYE,com.sec.android.app.shealth,2024-02-27 15:58:00.000,2aad1305-8d29-4b92-b45f-f258899ea187,
2024-02-27 20:34:05.038,,2024-02-27 21:20:59.018,2024-02-27 21:20:58.768,,,2.0,5fb6c5d9-b952-449d-89de-019c55eea585.raw_data.json,UTC-0300,hriiVjEkYE,com.sec.android.app.shealth,2024-02-27 21:17:09.000,5fb6c5d9-b952-449d-89de-019c55eea585,
2024-03-03 11:45:48.342,,2024-03-03 12:18:52.250,2024-03-03 12:18:52.250,,,1.0,eeca6052-f74c-4c15-a2a6-221c14cc33ad.raw_data.json,UTC-0300,hriiVjEkYE,com.sec.android.app.shealth,2024-03-03 12:15:27.000,eeca6052-f74c-4c15-a2a6-221c14cc33ad,
2024-03-03 12:15:27.000,,2024-03-03 12:18:52.452,2024-03-03 12:18:52.385,,,2.0,eaa4a9d8-8c87-445a-956a-93611bbc504c.raw_data.json,UTC-0300,hriiVjEkYE,com.sec.android.app.shealth,2024-03-03 12:16:42.000,eaa4a9d8-8c87-445a-956a-93611bbc504c,
2024-03-03 14:58:19.302,,2024-03-03 17:18:16.274,2024-03-03 17:18:16.274,,,1.0,5dfb941b-090d-483a-b972-560e334516b3.raw_data.json,UTC-0300,hriiVjEkYE,com.sec.android.app.shealth,2024-03-03 17:17:34.000,5dfb941b-090d-483a-b972-560e334516b3,
2024-03-03 18:49:29.033,,2024-03-03 19:34:51.499,2024-03-03 19:34:51.499,,,1.0,225d7962-9992-4716-9855-07db2308903c.raw_data.json,UTC-0300,hriiVjEkYE,com.sec.android.app.shealth,2024-03-03 19:17:58.000,225d7962-9992-4716-9855-07db2308903c,
2024-03-06 04:16:36.156,,2024-03-06 11:11:59.091,2024-03-06 11:11:59.091,,,1.0,6ce829f7-f0f4-4ef0-bf2f-ec88e6368fed.raw_data.json,UTC-0300,hriiVjEkYE,com.sec.android.app.shealth,2024-03-06 11:10:32.001,6ce829f7-f0f4-4ef0-bf2f-ec88e6368fed,
2024-03-06 11:10:32.000,,2024-03-06 11:12:01.426,2024-03-06 11:11:59.454,,,1.0,2f8891bc-1232-446e-9096-33e4fd8c5c59.raw_data.json,UTC-0300,hriiVjEkYE,com.sec.android.app.shealth,2024-03-06 11:11:43.000,2f8891bc-1232-446e-9096-33e4fd8c5c59,
2024-03-06 11:12:01.329,,2024-03-06 13:10:32.551,2024-03-06 13:10:32.551,,,1.0,cff6668d-6469-4ac2-a1a8-649375fd2bbd.raw_data.json,UTC-0300,hriiVjEkYE,com.sec.android.app.shealth,2024-03-06 13:10:32.443,cff6668d-6469-4ac2-a1a8-649375fd2bbd,
2024-03-06 13:10:32.443,,2024-03-06 13:49:55.481,2024-03-06 13:49:55.481,,,1.0,da6f5d32-7e17-409b-924b-effa5a723dcc.raw_data.json,UTC-0300,hriiVjEkYE,com.sec.android.app.shealth,2024-03-06 13:45:17.000,da6f5d32-7e17-409b-924b-effa5a723dcc,
2024-03-08 03:00:00.179,,2024-03-08 11:23:45.769,2024-03-08 11:23:45.769,,,1.0,594279e8-fdb1-435d-a9bd-0de5813a8cff.raw_data.json,UTC-0300,hriiVjEkYE,com.sec.android.app.shealth,2024-03-08 11:20:42.999,594279e8-fdb1-435d-a9bd-0de5813a8cff,
2024-03-08 11:20:42.999,,2024-03-08 11:23:46.088,2024-03-08 11:23:45.863,,,2.0,ec9e290b-2add-418f-9887-18fed10dfa3b.raw_data.json,UTC-0300,hriiVjEkYE,com.sec.android.app.shealth,2024-03-08 11:22:47.000,ec9e290b-2add-418f-9887-18fed10dfa3b,
2024-03-08 13:37:34.893,,2024-03-08 15:35:02.603,2024-03-08 15:35:02.603,,,1.0,4b12919d-cbc4-47a8-8a85-2e55326b5f7d.raw_data.json,UTC-0300,hriiVjEkYE,com.sec.android.app.shealth,2024-03-08 15:35:02.555,4b12919d-cbc4-47a8-8a85-2e55326b5f7d,
2024-03-08 15:35:02.555,,2024-03-08 15:44:59.534,2024-03-08 15:44:59.362,,,2.0,a85acee6-c901-448d-abf5-988f2ed5e3b6.raw_data.json,UTC-0300,hriiVjEkYE,com.sec.android.app.shealth,2024-03-08 15:43:44.001,a85acee6-c901-448d-abf5-988f2ed5e3b6,
2024-03-09 15:10:06.152,,2024-03-09 17:12:10.856,2024-03-09 17:12:10.856,,,1.0,a93c1abe-10c3-4ae0-a668-612623908fcd.raw_data.json,UTC-0300,hriiVjEkYE,com.sec.android.app.shealth,2024-03-09 17:10:53.000,a93c1abe-10c3-4ae0-a668-612623908fcd,
2024-03-09 17:10:53.000,,2024-03-09 17:56:17.723,2024-03-09 17:56:17.723,,,1.0,8badc580-b921-405d-938f-5a980d35d4b9.raw_data.json,UTC-0300,hriiVjEkYE,com.sec.android.app.shealth,2024-03-09 17:47:52.000,8badc580-b921-405d-938f-5a980d35d4b9,
2024-03-10 20:25:06.138,,2024-03-10 21:04:01.103,2024-03-10 21:04:01.103,,,1.0,148ed2b1-96b1-409c-8491-4ba40db3ace1.raw_data.json,UTC-0300,hriiVjEkYE,com.sec.android.app.shealth,2024-03-10 20:35:50.000,148ed2b1-96b1-409c-8491-4ba40db3ace1,
2024-03-10 20:35:50.000,,2024-03-10 21:04:01.414,2024-03-10 21:04:01.414,,,1.0,6e58fdc6-8c22-4bf0-8e38-17a9bb7f0fcf.raw_data.json,UTC-0300,hriiVjEkYE,com.sec.android.app.shealth,2024-03-10 20:41:51.000,6e58fdc6-8c22-4bf0-8e38-17a9bb7f0fcf,
2024-03-10 23:57:34.466,,2024-03-11 00:30:41.354,2024-03-11 00:30:41.154,,,4.0,9c71afda-9720-4723-ab6a-588bf3eddd2c.raw_data.json,UTC-0300,hriiVjEkYE,com.sec.android.app.shealth,2024-03-11 00:23:36.000,9c71afda-9720-4723-ab6a-588bf3eddd2c,
2024-03-11 00:23:36.000,,2024-03-11 00:30:41.443,2024-03-11 00:30:41.443,,,1.0,808ff5b2-eedc-4223-a19b-bf23f6123c00.raw_data.json,UTC-0300,hriiVjEkYE,com.sec.android.app.shealth,2024-03-11 00:26:31.000,808ff5b2-eedc-4223-a19b-bf23f6123c00,
2024-03-11 00:26:31.000,,2024-03-11 00:44:37.634,2024-03-11 00:40:55.408,,,3.0,06ac1911-d734-4b34-83f3-99ba25390033.raw_data.json,UTC-0300,hriiVjEkYE,com.sec.android.app.shealth,2024-03-11 00:40:47.000,06ac1911-d734-4b34-83f3-99ba25390033,
2024-03-11 00:40:47.000,,2024-03-11 01:02:19.624,2024-03-11 01:02:19.624,,,1.0,3a95ffc8-241b-4e56-80c0-a18a2510a080.raw_data.json,UTC-0300,hriiVjEkYE,com.sec.android.app.shealth,2024-03-11 01:02:06.000,3a95ffc8-241b-4e56-80c0-a18a2510a080,
2024-03-11 14:55:37.421,,2024-03-11 14:58:42.553,2024-03-11 14:58:42.553,,,1.0,b86ceed9-f1d9-452d-b46d-df4e38103a5e.raw_data.json,UTC-0300,hriiVjEkYE,com.sec.android.app.shealth,2024-03-11 14:56:46.999,b86ceed9-f1d9-452d-b46d-df4e38103a5e,
2024-03-11 15:14:34.205,,2024-03-11 16:44:30.912,2024-03-11 16:44:30.912,,,1.0,0c69563e-ec82-4703-84d5-5b04fc537cc8.raw_data.json,UTC-0300,hriiVjEkYE,com.sec.android.app.shealth,2024-03-11 16:40:10.001,0c69563e-ec82-4703-84d5-5b04fc537cc8,
2024-03-12 09:45:21.938,,2024-03-12 10:52:18.591,2024-03-12 10:52:18.591,,,1.0,faf3c8d0-2c2e-4e7a-967e-47772462aa2b.raw_data.json,UTC-0300,hriiVjEkYE,com.sec.android.app.shealth,2024-03-12 10:43:52.999,faf3c8d0-2c2e-4e7a-967e-47772462aa2b,
2024-03-12 10:52:21.458,,2024-03-12 11:22:50.849,2024-03-12 11:22:48.367,,,1.0,450b24aa-4788-4dd2-b9e6-1fb7d308d4a2.raw_data.json,UTC-0300,hriiVjEkYE,com.sec.android.app.shealth,2024-03-12 11:22:24.999,450b24aa-4788-4dd2-b9e6-1fb7d308d4a2,
2024-03-12 11:22:50.797,,2024-03-12 11:26:19.345,2024-03-12 11:26:19.088,,,2.0,636d4595-768b-4722-9123-5f032ee64aa0.raw_data.json,UTC-0300,hriiVjEkYE,com.sec.android.app.shealth,2024-03-12 11:24:52.001,636d4595-768b-4722-9123-5f032ee64aa0,
2024-03-12 14:56:07.931,,2024-03-12 16:35:01.206,2024-03-12 16:35:01.206,,,1.0,022d3aac-4e0d-4a09-b1c5-38eecdf022c7.raw_data.json,UTC-0300,hriiVjEkYE,com.sec.android.app.shealth,2024-03-12 16:35:01.151,022d3aac-4e0d-4a09-b1c5-38eecdf022c7,
2024-03-12 16:35:01.152,,2024-03-12 20:55:01.884,2024-03-12 20:55:01.884,,,3.0,d2e4c284-a0c3-4f71-8d78-d82b7a11a389.raw_data.json,UTC-0300,hriiVjEkYE,com.sec.android.app.shealth,2024-03-12 20:55:01.820,d2e4c284-a0c3-4f71-8d78-d82b7a11a389,
2024-03-12 20:55:01.820,,2024-03-12 21:04:28.951,2024-03-12 21:04:28.507,,,2.0,80d7ca03-2257-41b0-a85a-c6aa786113e1.raw_data.json,UTC-0300,hriiVjEkYE,com.sec.android.app.shealth,2024-03-12 21:01:16.999,80d7ca03-2257-41b0-a85a-c6aa786113e1,
2024-03-12 21:15:25.063,,2024-03-12 21:43:09.431,2024-03-12 21:43:09.431,,,1.0,a1d63077-0c8b-4582-8805-fd088de8ffa2.raw_data.json,UTC-0300,hriiVjEkYE,com.sec.android.app.shealth,2024-03-12 21:41:20.999,a1d63077-0c8b-4582-8805-fd088de8ffa2,
2024-03-12 21:55:20.909,,2024-03-12 22:38:25.112,2024-03-12 22:38:25.112,,,2.0,a9840f61-cf81-4313-97bb-31982f2185e9.raw_data.json,UTC-0300,hriiVjEkYE,com.sec.android.app.shealth,2024-03-12 22:35:11.000,a9840f61-cf81-4313-97bb-31982f2185e9,
2024-03-12 23:14:05.249,,2024-03-12 23:15:25.958,2024-03-12 23:15:21.471,,,1.0,1d3e29b0-defb-44e8-b2fa-978486948dfb.raw_data.json,UTC-0300,hriiVjEkYE,com.sec.android.app.shealth,2024-03-12 23:15:21.367,1d3e29b0-defb-44e8-b2fa-978486948dfb,
2024-03-13 10:14:41.199,,2024-03-13 10:47:19.780,2024-03-13 10:47:19.592,,,2.0,0d4bc901-a349-4909-a056-7eb34e30d6b6.raw_data.json,UTC-0300,hriiVjEkYE,com.sec.android.app.shealth,2024-03-13 10:21:51.001,0d4bc901-a349-4909-a056-7eb34e30d6b6,
2024-03-13 10:21:51.000,,2024-03-13 10:57:50.517,2024-03-13 10:57:50.517,,,1.0,34cc7fbb-8602-42ff-b58b-165df13bbf43.raw_data.json,UTC-0300,hriiVjEkYE,com.sec.android.app.shealth,2024-03-13 10:52:30.000,34cc7fbb-8602-42ff-b58b-165df13bbf43,
2024-03-13 11:03:59.610,,2024-03-13 11:34:51.427,2024-03-13 11:34:51.427,,,1.0,97e66943-b72b-4f82-913a-138ceca15e05.raw_data.json,UTC-0300,hriiVjEkYE,com.sec.android.app.shealth,2024-03-13 11:23:00.001,97e66943-b72b-4f82-913a-138ceca15e05,
2024-03-13 11:23:00.001,,2024-03-13 11:43:28.363,2024-03-13 11:36:40.242,,,5.0,8da4b226-5cf9-4c9d-96c3-ce58fa92a38f.raw_data.json,UTC-0300,hriiVjEkYE,com.sec.android.app.shealth,2024-03-13 11:37:43.000,8da4b226-5cf9-4c9d-96c3-ce58fa92a38f,
2024-03-13 19:46:46.328,,2024-03-13 21:45:47.584,2024-03-13 21:45:45.072,,,1.0,0ac066e1-a779-4433-9c7e-9ce275a3664e.raw_data.json,UTC-0300,hriiVjEkYE,com.sec.android.app.shealth,2024-03-13 21:44:58.000,0ac066e1-a779-4433-9c7e-9ce275a3664e,
2024-03-13 23:12:10.742,,2024-03-13 23:13:29.262,2024-03-13 23:13:29.262,,,1.0,ccb7dbaa-b0af-46ac-8231-671687f7949d.raw_data.json,UTC-0300,hriiVjEkYE,com.sec.android.app.shealth,2024-03-13 23:13:28.998,ccb7dbaa-b0af-46ac-8231-671687f7949d,
2024-03-14 14:23:53.522,,2024-03-14 16:23:23.140,2024-03-14 16:23:21.539,,,1.0,6f0cb74b-32fd-4022-aebe-138e7a282079.raw_data.json,UTC-0300,hriiVjEkYE,com.sec.android.app.shealth,2024-03-14 16:22:49.001,6f0cb74b-32fd-4022-aebe-138e7a282079,
2024-03-15 00:49:28.230,,2024-03-15 01:10:44.732,2024-03-15 01:10:44.732,,,1.0,c6a56f89-aaa6-4c3d-842d-825f2b73f61a.raw_data.json,UTC-0300,hriiVjEkYE,com.sec.android.app.shealth,2024-03-15 01:10:02.999,c6a56f89-aaa6-4c3d-842d-825f2b73f61a,
2024-03-15 09:55:32.888,,2024-03-15 10:30:53.685,2024-03-15 10:30:53.685,,,1.0,7c47b97a-0a52-4a38-8ac7-a7d279621a2e.raw_data.json,UTC-0300,hriiVjEkYE,com.sec.android.app.shealth,2024-03-15 10:07:16.000,7c47b97a-0a52-4a38-8ac7-a7d279621a2e,
2024-03-15 10:07:16.000,,2024-03-15 11:02:55.317,2024-03-15 11:02:55.317,,,1.0,23d68f4d-e7f3-4eca-8597-a66378d7d809.raw_data.json,UTC-0300,hriiVjEkYE,com.sec.android.app.shealth,2024-03-15 10:40:02.999,23d68f4d-e7f3-4eca-8597-a66378d7d809,
2024-03-15 10:40:02.999,,2024-03-15 11:02:55.572,2024-03-15 11:02:55.572,,,1.0,953d2d73-ec65-4780-b2e7-df42bdf3691e.raw_data.json,UTC-0300,hriiVjEkYE,com.sec.android.app.shealth,2024-03-15 11:01:55.999,953d2d73-ec65-4780-b2e7-df42bdf3691e,
2024-03-15 11:15:01.756,,2024-03-15 11:18:04.275,2024-03-15 11:18:04.275,,,2.0,b651b942-c73d-448a-b5a6-a889dc4d7d4f.raw_data.json,UTC-0300,hriiVjEkYE,com.sec.android.app.shealth,2024-03-15 11:18:04.212,b651b942-c73d-448a-b5a6-a889dc4d7d4f,
2024-03-15 11:18:04.213,,2024-03-15 11:21:14.159,2024-03-15 11:21:14.159,,,3.0,e8babc50-bb3d-434c-8054-e62cadcb5a97.raw_data.json,UTC-0300,hriiVjEkYE,com.sec.android.app.shealth,2024-03-15 11:21:14.071,e8babc50-bb3d-434c-8054-e62cadcb5a97,
2024-03-15 11:21:14.070,,2024-03-15 11:24:13.500,2024-03-15 11:24:13.500,,,1.0,42b44260-fa13-41f6-afd6-5d06bd20b3ff.raw_data.json,UTC-0300,hriiVjEkYE,com.sec.android.app.shealth,2024-03-15 11:23:16.000,42b44260-fa13-41f6-afd6-5d06bd20b3ff,
2024-03-15 15:38:48.620,,2024-03-15 16:06:43.927,2024-03-15 16:06:43.578,,,2.0,5b7bdd1c-37a0-4db3-9cff-10229aace44c.raw_data.json,UTC-0300,hriiVjEkYE,com.sec.android.app.shealth,2024-03-15 16:05:51.000,5b7bdd1c-37a0-4db3-9cff-10229aace44c,
2024-03-15 16:36:39.178,,2024-03-15 19:39:25.350,2024-03-15 19:39:25.026,,,2.0,282a3039-1655-4a2e-9ba0-8ad641ff96d6.raw_data.json,UTC-0300,hriiVjEkYE,com.sec.android.app.shealth,2024-03-15 19:07:18.001,282a3039-1655-4a2e-9ba0-8ad641ff96d6,
2024-03-15 21:15:20.651,,2024-03-15 21:18:45.506,2024-03-15 21:17:57.480,,,2.0,01d2c7e4-a50d-494c-992f-8469ede04f8f.raw_data.json,UTC-0300,hriiVjEkYE,com.sec.android.app.shealth,2024-03-15 21:17:57.430,01d2c7e4-a50d-494c-992f-8469ede04f8f,
2024-03-16 23:46:27.334,,2024-03-17 02:36:19.341,2024-03-17 02:36:19.341,,,1.0,d4b9219f-1fdd-4b21-8bf3-0dd4700a598f.raw_data.json,UTC-0300,hriiVjEkYE,com.sec.android.app.shealth,2024-03-17 02:24:25.999,d4b9219f-1fdd-4b21-8bf3-0dd4700a598f,
2024-03-17 02:24:25.999,,2024-03-17 02:36:19.606,2024-03-17 02:36:19.606,,,1.0,f6d5dacc-f060-4168-bac2-2ddac3509fd1.raw_data.json,UTC-0300,hriiVjEkYE,com.sec.android.app.shealth,2024-03-17 02:27:50.000,f6d5dacc-f060-4168-bac2-2ddac3509fd1,
2024-03-18 18:02:05.503,,2024-03-18 21:26:56.879,2024-03-18 21:26:56.879,,,1.0,8394193d-5fd9-469b-aeeb-c77892a747ce.raw_data.json,UTC-0300,hriiVjEkYE,com.sec.android.app.shealth,2024-03-18 21:23:38.000,8394193d-5fd9-469b-aeeb-c77892a747ce,
2024-03-19 03:17:05.192,,2024-03-19 10:12:00.866,2024-03-19 10:12:00.866,,,1.0,2f8c2dd3-ee0e-4df9-b9c6-93beaf1aa826.raw_data.json,UTC-0300,hriiVjEkYE,com.sec.android.app.shealth,2024-03-19 10:07:08.000,2f8c2dd3-ee0e-4df9-b9c6-93beaf1aa826,
2024-03-19 10:07:07.999,,2024-03-19 10:12:01.097,2024-03-19 10:12:01.097,,,2.0,faf781e1-e236-437a-af25-4bd94381ec4d.raw_data.json,UTC-0300,hriiVjEkYE,com.sec.android.app.shealth,2024-03-19 10:09:44.000,faf781e1-e236-437a-af25-4bd94381ec4d,
2024-03-19 10:09:44.000,,2024-03-19 10:12:01.335,2024-03-19 10:12:01.177,,,2.0,0f446ee8-336c-42db-9b2e-0b29cce7dd90.raw_data.json,UTC-0300,hriiVjEkYE,com.sec.android.app.shealth,2024-03-19 10:10:59.001,0f446ee8-336c-42db-9b2e-0b29cce7dd90,
2024-03-19 10:10:59.000,,2024-03-19 10:48:32.460,2024-03-19 10:48:32.203,,,3.0,9088c863-abec-4672-b7cb-016f21997a7c.raw_data.json,UTC-0300,hriiVjEkYE,com.sec.android.app.shealth,2024-03-19 10:12:10.000,9088c863-abec-4672-b7cb-016f21997a7c,
2024-03-19 10:12:10.001,,2024-03-19 10:48:32.797,2024-03-19 10:48:32.639,,,2.0,f707be17-debb-4934-ab13-e63ee2e22225.raw_data.json,UTC-0300,hriiVjEkYE,com.sec.android.app.shealth,2024-03-19 10:39:21.999,f707be17-debb-4934-ab13-e63ee2e22225,
2024-03-19 11:15:05.772,,2024-03-19 11:20:23.854,2024-03-19 11:20:23.567,,,2.0,d54d1010-bc8a-46ce-ae90-cd45ce67b452.raw_data.json,UTC-0300,hriiVjEkYE,com.sec.android.app.shealth,2024-03-19 11:18:42.000,d54d1010-bc8a-46ce-ae90-cd45ce67b452,
2024-03-19 11:20:25.887,,2024-03-19 11:24:07.604,2024-03-19 11:23:52.752,,,2.0,eb1a7177-5f50-427c-a425-baf31d699a78.raw_data.json,UTC-0300,hriiVjEkYE,com.sec.android.app.shealth,2024-03-19 11:23:52.660,eb1a7177-5f50-427c-a425-baf31d699a78,
2024-03-19 11:24:07.414,,2024-03-19 13:14:16.174,2024-03-19 13:14:16.174,,,1.0,2e5ea94e-fedc-4c0f-9006-ba358d9833c8.raw_data.json,UTC-0300,hriiVjEkYE,com.sec.android.app.shealth,2024-03-19 13:06:44.999,2e5ea94e-fedc-4c0f-9006-ba358d9833c8,
2024-03-19 14:44:09.797,,2024-03-19 16:05:21.653,2024-03-19 16:05:21.653,,,1.0,ac519112-8107-4c36-8770-33cf14d5beeb.raw_data.json,UTC-0300,hriiVjEkYE,com.sec.android.app.shealth,2024-03-19 16:03:59.001,ac519112-8107-4c36-8770-33cf14d5beeb,
2024-03-19 16:22:37.571,,2024-03-19 21:11:22.532,2024-03-19 21:11:22.008,,,2.0,7e305b4b-d692-4aa0-97fa-c500cdb2212e.raw_data.json,UTC-0300,hriiVjEkYE,com.sec.android.app.shealth,2024-03-19 21:06:43.000,7e305b4b-d692-4aa0-97fa-c500cdb2212e,
2024-03-19 21:14:02.710,,2024-03-19 21:38:34.470,2024-03-19 21:38:34.470,,,1.0,cf21d1d9-9e0d-439c-8f8d-f7e028d99965.raw_data.json,UTC-0300,hriiVjEkYE,com.sec.android.app.shealth,2024-03-19 21:25:54.000,cf21d1d9-9e0d-439c-8f8d-f7e028d99965,
2024-03-19 21:25:53.999,,2024-03-19 22:05:27.489,2024-03-19 22:05:27.489,,,1.0,c658aedb-8578-49ac-83c0-58971687e762.raw_data.json,UTC-0300,hriiVjEkYE,com.sec.android.app.shealth,2024-03-19 22:05:05.000,c658aedb-8578-49ac-83c0-58971687e762,
2024-03-20 20:13:57.200,,2024-03-20 21:05:29.137,2024-03-20 21:05:29.137,,,1.0,36ce4988-6cdb-4bbe-97ec-9d76d2ce180a.raw_data.json,UTC-0300,hriiVjEkYE,com.sec.android.app.shealth,2024-03-20 20:59:02.001,36ce4988-6cdb-4bbe-97ec-9d76d2ce180a,
2024-03-21 10:10:16.647,,2024-03-21 11:19:19.751,2024-03-21 11:19:19.751,,,1.0,96638ba8-e0d8-426f-a6c7-07576e5fe8d3.raw_data.json,UTC-0300,hriiVjEkYE,com.sec.android.app.shealth,2024-03-21 11:18:38.000,96638ba8-e0d8-426f-a6c7-07576e5fe8d3,
2024-03-21 11:35:01.967,,2024-03-21 11:36:35.321,2024-03-21 11:36:28.844,,,4.0,7252fa79-2262-476b-abb3-a6daab648de6.raw_data.json,UTC-0300,hriiVjEkYE,com.sec.android.app.shealth,2024-03-21 11:36:28.747,7252fa79-2262-476b-abb3-a6daab648de6,
2024-03-21 11:36:35.180,,2024-03-21 12:13:08.905,2024-03-21 12:13:08.905,,,1.0,95dceff4-9b32-49d1-97e3-3950a451c5af.raw_data.json,UTC-0300,hriiVjEkYE,com.sec.android.app.shealth,2024-03-21 12:06:12.000,95dceff4-9b32-49d1-97e3-3950a451c5af,
2024-03-21 12:13:10.227,,2024-03-21 13:15:04.688,2024-03-21 13:15:04.688,,,1.0,6b993157-4a59-4ad6-a39e-7fe6ea244dc9.raw_data.json,UTC-0300,hriiVjEkYE,com.sec.android.app.shealth,2024-03-21 13:14:12.000,6b993157-4a59-4ad6-a39e-7fe6ea244dc9,
2024-03-21 16:15:49.120,,2024-03-21 16:37:12.179,2024-03-21 16:37:12.179,,,1.0,2112e386-62a1-41a1-bb29-95bc21cb2e2b.raw_data.json,UTC-0300,hriiVjEkYE,com.sec.android.app.shealth,2024-03-21 16:37:12.129,2112e386-62a1-41a1-bb29-95bc21cb2e2b,
2024-03-21 20:38:29.526,,2024-03-21 20:47:05.785,2024-03-21 20:47:04.947,,,3.0,3304abaf-8b09-488b-b80c-9f479fad413c.raw_data.json,UTC-0300,hriiVjEkYE,com.sec.android.app.shealth,2024-03-21 20:44:43.000,3304abaf-8b09-488b-b80c-9f479fad413c,
2024-03-21 20:51:45.425,,2024-03-21 21:47:52.990,2024-03-21 21:47:52.990,,,1.0,ab8ade15-8ca7-4513-bb67-6eb98865596f.raw_data.json,UTC-0300,hriiVjEkYE,com.sec.android.app.shealth,2024-03-21 21:46:34.000,ab8ade15-8ca7-4513-bb67-6eb98865596f,
2024-03-22 03:13:04.150,,2024-03-22 11:01:05.794,2024-03-22 11:01:05.794,,,1.0,0c4091ba-c350-492f-b283-21e235dda4fb.raw_data.json,UTC-0300,hriiVjEkYE,com.sec.android.app.shealth,2024-03-22 10:21:28.999,0c4091ba-c350-492f-b283-21e235dda4fb,
2024-03-22 10:21:28.999,,2024-03-22 11:30:16.174,2024-03-22 11:30:13.482,,,1.0,caefb58d-c944-4f29-918b-dc51da5bc8d5.raw_data.json,UTC-0300,hriiVjEkYE,com.sec.android.app.shealth,2024-03-22 11:29:32.000,caefb58d-c944-4f29-918b-dc51da5bc8d5,
2024-03-23 12:13:17.270,,2024-03-23 12:20:35.828,2024-03-23 12:20:35.828,,,1.0,6f91aa1b-0cbb-486e-9166-3f84d8e2853c.raw_data.json,UTC-0300,hriiVjEkYE,com.sec.android.app.shealth,2024-03-23 12:15:12.000,6f91aa1b-0cbb-486e-9166-3f84d8e2853c,
2024-03-25 09:53:51.828,,2024-03-25 10:28:08.092,2024-03-25 10:28:08.092,,,1.0,2c143c37-d808-40c8-8521-41c1689d06b7.raw_data.json,UTC-0300,hriiVjEkYE,com.sec.android.app.shealth,2024-03-25 10:20:42.001,2c143c37-d808-40c8-8521-41c1689d06b7,
2024-03-25 10:28:09.946,,2024-03-25 11:20:43.601,2024-03-25 11:20:43.477,,,2.0,924be95a-602f-45ad-925e-c8a076df7088.raw_data.json,UTC-0300,hriiVjEkYE,com.sec.android.app.shealth,2024-03-25 10:30:22.000,924be95a-602f-45ad-925e-c8a076df7088,
2024-03-25 10:30:22.000,,2024-03-25 11:20:43.803,2024-03-25 11:20:43.803,,,1.0,542b29cc-6162-492f-88b1-d31b2685a82d.raw_data.json,UTC-0300,hriiVjEkYE,com.sec.android.app.shealth,2024-03-25 10:41:43.999,542b29cc-6162-492f-88b1-d31b2685a82d,
2024-03-25 10:41:43.999,,2024-03-25 11:20:44.079,2024-03-25 11:20:44.079,,,1.0,b2ae213d-62d3-4aa4-9124-e9eb58021194.raw_data.json,UTC-0300,hriiVjEkYE,com.sec.android.app.shealth,2024-03-25 10:44:06.000,b2ae213d-62d3-4aa4-9124-e9eb58021194,
2024-03-25 10:44:06.000,,2024-03-25 11:20:44.357,2024-03-25 11:20:44.357,,,2.0,ca64251e-9452-46f2-b3e6-38104f2fc285.raw_data.json,UTC-0300,hriiVjEkYE,com.sec.android.app.shealth,2024-03-25 10:51:27.000,ca64251e-9452-46f2-b3e6-38104f2fc285,
2024-03-25 10:51:27.000,,2024-03-25 11:20:44.578,2024-03-25 11:20:44.578,,,1.0,f13db012-3a33-4b01-be16-1f27adf4d2b6.raw_data.json,UTC-0300,hriiVjEkYE,com.sec.android.app.shealth,2024-03-25 10:52:36.000,f13db012-3a33-4b01-be16-1f27adf4d2b6,
2024-03-25 10:52:36.001,,2024-03-25 11:26:55.160,2024-03-25 11:26:53.425,,,2.0,28da250f-5e3a-4697-8e89-0d067fcaf07d.raw_data.json,UTC-0300,hriiVjEkYE,com.sec.android.app.shealth,2024-03-25 11:26:14.001,28da250f-5e3a-4697-8e89-0d067fcaf07d,
2024-03-25 11:26:55.097,,2024-03-25 11:31:03.174,2024-03-25 11:31:02.585,,,2.0,4e1a6f9c-02ef-44db-bd30-24e7a79f97e7.raw_data.json,UTC-0300,hriiVjEkYE,com.sec.android.app.shealth,2024-03-25 11:28:20.000,4e1a6f9c-02ef-44db-bd30-24e7a79f97e7,
2024-03-25 11:33:00.573,,2024-03-25 16:06:08.890,2024-03-25 16:06:08.890,,,1.0,18605786-aa6e-43f1-af2a-8c18af3c401b.raw_data.json,UTC-0300,hriiVjEkYE,com.sec.android.app.shealth,2024-03-25 15:57:15.001,18605786-aa6e-43f1-af2a-8c18af3c401b,
2024-03-25 15:57:15.000,,2024-03-25 16:06:08.981,2024-03-25 16:06:08.981,,,1.0,3df5e63b-8321-4d01-8580-9f73da8594ee.raw_data.json,UTC-0300,hriiVjEkYE,com.sec.android.app.shealth,2024-03-25 16:01:35.000,3df5e63b-8321-4d01-8580-9f73da8594ee,
2024-03-25 22:16:27.945,,2024-03-25 23:28:23.905,2024-03-25 23:28:23.905,,,4.0,bc98c33b-7500-4c40-bf05-6e8481a50d06.raw_data.json,UTC-0300,hriiVjEkYE,com.sec.android.app.shealth,2024-03-25 23:28:23.841,bc98c33b-7500-4c40-bf05-6e8481a50d06,
2024-03-27 20:13:46.394,,2024-03-27 20:17:58.756,2024-03-27 20:17:58.756,,,1.0,be6d8512-1d1e-4c6c-b01b-e4eeb1701da9.raw_data.json,UTC-0300,hriiVjEkYE,com.sec.android.app.shealth,2024-03-27 20:16:18.000,be6d8512-1d1e-4c6c-b01b-e4eeb1701da9,
2024-03-27 20:18:00.331,,2024-03-27 20:29:08.367,2024-03-27 20:29:08.367,,,1.0,3d1c7a96-d4b5-43bc-8594-f527e0b5c46e.raw_data.json,UTC-0300,hriiVjEkYE,com.sec.android.app.shealth,2024-03-27 20:23:00.001,3d1c7a96-d4b5-43bc-8594-f527e0b5c46e,
2024-03-27 20:23:00.000,,2024-03-27 20:29:08.776,2024-03-27 20:29:08.589,,,2.0,12215fd2-f13e-414d-bce4-258c643b2244.raw_data.json,UTC-0300,hriiVjEkYE,com.sec.android.app.shealth,2024-03-27 20:26:01.999,12215fd2-f13e-414d-bce4-258c643b2244,
2024-03-27 20:26:01.999,,2024-03-27 20:52:42.172,2024-03-27 20:52:42.172,,,1.0,031c38b6-2ed9-40ab-89b1-cd34aae79b2c.raw_data.json,UTC-0300,hriiVjEkYE,com.sec.android.app.shealth,2024-03-27 20:51:27.000,031c38b6-2ed9-40ab-89b1-cd34aae79b2c,
2024-03-28 03:00:00.115,,2024-03-28 03:20:56.463,2024-03-28 03:20:56.463,,,1.0,4b7dfaf4-d777-4dc9-837b-65e6a9bf0b38.raw_data.json,UTC-0300,hriiVjEkYE,com.sec.android.app.shealth,2024-03-28 03:15:09.000,4b7dfaf4-d777-4dc9-837b-65e6a9bf0b38,
2024-03-28 03:30:51.871,,2024-03-28 03:36:07.625,2024-03-28 03:36:07.625,,,1.0,993bdf0d-99fb-4337-91cf-488bb8d22ae4.raw_data.json,UTC-0300,hriiVjEkYE,com.sec.android.app.shealth,2024-03-28 03:34:24.000,993bdf0d-99fb-4337-91cf-488bb8d22ae4,
2024-03-28 03:34:24.000,,2024-03-28 03:46:50.749,2024-03-28 03:46:50.562,,,2.0,2f4839a8-6774-464d-ae35-2a27e977359c.raw_data.json,UTC-0300,hriiVjEkYE,com.sec.android.app.shealth,2024-03-28 03:40:07.000,2f4839a8-6774-464d-ae35-2a27e977359c,
2024-03-28 03:40:07.000,,2024-03-28 03:46:50.879,2024-03-28 03:46:50.879,,,1.0,b5bb1058-d982-4663-8910-fae968a69f6a.raw_data.json,UTC-0300,hriiVjEkYE,com.sec.android.app.shealth,2024-03-28 03:41:55.001,b5bb1058-d982-4663-8910-fae968a69f6a,
2024-03-28 21:16:08.776,,2024-03-28 21:26:28.137,2024-03-28 21:26:28.137,,,1.0,215caec7-15d8-41c3-943b-7621a2ce4629.raw_data.json,UTC-0300,hriiVjEkYE,com.sec.android.app.shealth,2024-03-28 21:17:53.000,215caec7-15d8-41c3-943b-7621a2ce4629,
2024-03-31 19:41:04.559,,2024-03-31 19:55:48.342,2024-03-31 19:55:48.342,,,1.0,8f209c10-2fec-4503-afd5-e70906979d37.raw_data.json,UTC-0300,hriiVjEkYE,com.sec.android.app.shealth,2024-03-31 19:42:59.000,8f209c10-2fec-4503-afd5-e70906979d37,
2024-04-02 09:51:02.653,,2024-04-02 11:14:15.394,2024-04-02 11:14:15.281,,,2.0,f43919a5-1ff7-45c1-8cf0-e71edadf35c2.raw_data.json,UTC-0300,hriiVjEkYE,com.sec.android.app.shealth,2024-04-02 11:06:20.000,f43919a5-1ff7-45c1-8cf0-e71edadf35c2,
2024-04-02 11:06:20.000,,2024-04-02 11:14:15.675,2024-04-02 11:14:15.508,,,2.0,be9bc0c4-8d83-4590-8a0a-5ce56160919b.raw_data.json,UTC-0300,hriiVjEkYE,com.sec.android.app.shealth,2024-04-02 11:07:47.000,be9bc0c4-8d83-4590-8a0a-5ce56160919b,
2024-04-02 11:14:17.853,,2024-04-02 12:30:43.916,2024-04-02 12:30:43.916,,,1.0,4db15407-fe38-4de5-9efd-96e8a4e7b9cb.raw_data.json,UTC-0300,hriiVjEkYE,com.sec.android.app.shealth,2024-04-02 12:29:42.001,4db15407-fe38-4de5-9efd-96e8a4e7b9cb,
2024-04-02 15:39:47.340,,2024-04-02 16:11:44.588,2024-04-02 16:11:44.588,,,1.0,108f001a-43cb-4861-9723-021cf96d6327.raw_data.json,UTC-0300,hriiVjEkYE,com.sec.android.app.shealth,2024-04-02 16:09:08.999,108f001a-43cb-4861-9723-021cf96d6327,
2024-04-02 16:09:09.000,,2024-04-02 16:11:46.657,2024-04-02 16:11:44.791,,,2.0,34577601-15bb-4a30-9aa7-54e3475cf343.raw_data.json,UTC-0300,hriiVjEkYE,com.sec.android.app.shealth,2024-04-02 16:11:09.000,34577601-15bb-4a30-9aa7-54e3475cf343,
2024-04-02 16:11:46.611,,2024-04-02 19:08:53.262,2024-04-02 19:08:53.262,,,1.0,37113374-f632-4f9f-8024-18a697c418d2.raw_data.json,UTC-0300,hriiVjEkYE,com.sec.android.app.shealth,2024-04-02 19:06:51.000,37113374-f632-4f9f-8024-18a697c418d2,
2024-04-03 17:33:44.833,,2024-04-04 01:14:04.559,2024-04-04 01:14:04.559,,,1.0,051f5fbf-4ec8-4e67-9255-2b2bb6ff81d1.raw_data.json,UTC-0300,hriiVjEkYE,com.sec.android.app.shealth,2024-04-04 01:13:53.000,051f5fbf-4ec8-4e67-9255-2b2bb6ff81d1,
2024-04-04 16:41:02.786,,2024-04-04 16:45:41.768,2024-04-04 16:45:41.768,,,1.0,f0c54b65-4095-454f-87df-43855a93da86.raw_data.json,UTC-0300,hriiVjEkYE,com.sec.android.app.shealth,2024-04-04 16:45:14.999,f0c54b65-4095-454f-87df-43855a93da86,
2024-04-05 09:52:34.781,,2024-04-05 10:59:33.367,2024-04-05 10:59:30.683,,,2.0,331bbbdd-1e65-4919-8a3f-47af3c33cecb.raw_data.json,UTC-0300,hriiVjEkYE,com.sec.android.app.shealth,2024-04-05 10:59:12.000,331bbbdd-1e65-4919-8a3f-47af3c33cecb,
2024-04-05 10:59:33.106,,2024-04-05 11:02:37.908,2024-04-05 11:02:37.770,,,2.0,d6d6595a-e024-4151-936e-6f5c97d29d6e.raw_data.json,UTC-0300,hriiVjEkYE,com.sec.android.app.shealth,2024-04-05 11:00:47.001,d6d6595a-e024-4151-936e-6f5c97d29d6e,
2024-04-05 11:00:47.000,,2024-04-05 11:04:50.490,2024-04-05 11:04:50.490,,,1.0,be6735f0-2acd-4912-a164-b06916993d6f.raw_data.json,UTC-0300,hriiVjEkYE,com.sec.android.app.shealth,2024-04-05 11:03:45.999,be6735f0-2acd-4912-a164-b06916993d6f,
2024-04-05 15:57:03.316,,2024-04-05 16:39:57.625,2024-04-05 16:39:26.175,,,2.0,7c83a3b9-c4cc-4af2-96e2-bd68b02b9cc5.raw_data.json,UTC-0300,hriiVjEkYE,com.sec.android.app.shealth,2024-04-05 16:38:59.001,7c83a3b9-c4cc-4af2-96e2-bd68b02b9cc5,
2024-04-06 22:31:23.374,,2024-04-06 23:14:59.750,2024-04-06 23:14:59.434,,,4.0,45425f27-f21c-46de-92b8-28916d817761.raw_data.json,UTC-0300,hriiVjEkYE,com.sec.android.app.shealth,2024-04-06 23:13:56.000,45425f27-f21c-46de-92b8-28916d817761,
2024-04-09 01:14:53.166,,2024-04-09 02:15:15.085,2024-04-09 02:15:15.085,,,1.0,677767b4-87a5-4f8e-b090-7c509803e0a8.raw_data.json,UTC-0300,hriiVjEkYE,com.sec.android.app.shealth,2024-04-09 02:15:15.008,677767b4-87a5-4f8e-b090-7c509803e0a8,
2024-04-09 11:22:41.816,,2024-04-09 15:39:35.609,2024-04-09 15:39:35.609,,,1.0,4c4838c0-2e86-4352-b0f2-e1b2576b6cdc.raw_data.json,UTC-0300,hriiVjEkYE,com.sec.android.app.shealth,2024-04-09 15:34:34.000,4c4838c0-2e86-4352-b0f2-e1b2576b6cdc,
2024-04-11 09:53:48.822,,2024-04-11 10:58:26.904,2024-04-11 10:58:26.904,,,1.0,84c4be13-7293-4d02-ab8d-a3ae8b1d7a0a.raw_data.json,UTC-0300,hriiVjEkYE,com.sec.android.app.shealth,2024-04-11 10:57:55.999,84c4be13-7293-4d02-ab8d-a3ae8b1d7a0a,
2024-04-11 10:59:57.477,,2024-04-11 13:14:44.219,2024-04-11 13:14:44.219,,,4.0,eb583d6c-f00c-4918-9ec4-d4f80f5bf688.raw_data.json,UTC-0300,hriiVjEkYE,com.sec.android.app.shealth,2024-04-11 13:05:09.000,eb583d6c-f00c-4918-9ec4-d4f80f5bf688,
2024-04-11 15:05:24.570,,2024-04-11 15:56:36.251,2024-04-11 15:56:36.251,,,1.0,595e2824-875f-439b-acbd-622ebe37971a.raw_data.json,UTC-0300,hriiVjEkYE,com.sec.android.app.shealth,2024-04-11 15:55:07.000,595e2824-875f-439b-acbd-622ebe37971a,
2024-04-11 15:55:07.000,,2024-04-11 16:16:17.454,2024-04-11 16:16:17.312,,,2.0,a8b00a18-0326-4b2b-89e4-a10fcdec9ab1.raw_data.json,UTC-0300,hriiVjEkYE,com.sec.android.app.shealth,2024-04-11 15:57:08.000,a8b00a18-0326-4b2b-89e4-a10fcdec9ab1,
2024-04-11 23:39:17.899,,2024-04-11 23:59:35.499,2024-04-11 23:59:32.792,,,1.0,d455b6e1-4f1f-4e38-8d11-fa14fc12fbf4.raw_data.json,UTC-0300,hriiVjEkYE,com.sec.android.app.shealth,2024-04-11 23:59:17.000,d455b6e1-4f1f-4e38-8d11-fa14fc12fbf4,
2024-04-12 09:58:32.746,,2024-04-12 11:12:21.918,2024-04-12 11:12:21.763,,,2.0,54e4c35f-cbfc-417e-8d47-e31091bdefd6.raw_data.json,UTC-0300,hriiVjEkYE,com.sec.android.app.shealth,2024-04-12 11:05:46.000,54e4c35f-cbfc-417e-8d47-e31091bdefd6,
2024-04-12 11:05:46.000,,2024-04-12 11:12:22.118,2024-04-12 11:12:21.996,,,2.0,8f961eb4-8124-42db-85e9-d477e6d5bcb0.raw_data.json,UTC-0300,hriiVjEkYE,com.sec.android.app.shealth,2024-04-12 11:07:27.000,8f961eb4-8124-42db-85e9-d477e6d5bcb0,
2024-04-12 13:35:31.365,,2024-04-12 13:46:06.020,2024-04-12 13:46:06.020,,,1.0,a8158f4f-215c-4242-92e8-e608f7426112.raw_data.json,UTC-0300,hriiVjEkYE,com.sec.android.app.shealth,2024-04-12 13:41:37.000,a8158f4f-215c-4242-92e8-e608f7426112,
2024-04-12 16:15:27.193,,2024-04-12 18:39:29.209,2024-04-12 18:39:29.209,,,3.0,a9960704-d86e-43a6-b808-7661d4fd080c.raw_data.json,UTC-0300,hriiVjEkYE,com.sec.android.app.shealth,2024-04-12 18:39:29.152,a9960704-d86e-43a6-b808-7661d4fd080c,
2024-04-12 18:39:29.152,,2024-04-12 19:41:50.472,2024-04-12 19:41:50.472,,,1.0,07cf3d6d-a91d-42a5-8252-920a69e54a60.raw_data.json,UTC-0300,hriiVjEkYE,com.sec.android.app.shealth,2024-04-12 19:36:06.000,07cf3d6d-a91d-42a5-8252-920a69e54a60,
2024-04-12 23:22:47.937,,2024-04-12 23:31:05.678,2024-04-12 23:31:05.678,,,1.0,6392d1b6-38fe-40b2-9750-816e9544afa2.raw_data.json,UTC-0300,hriiVjEkYE,com.sec.android.app.shealth,2024-04-12 23:28:36.001,6392d1b6-38fe-40b2-9750-816e9544afa2,
2024-04-13 11:19:43.547,,2024-04-13 12:46:29.131,2024-04-13 12:46:29.131,,,1.0,73fdebc1-cca0-42c7-ae72-5a3566beb6d2.raw_data.json,UTC-0300,hriiVjEkYE,com.sec.android.app.shealth,2024-04-13 12:31:24.999,73fdebc1-cca0-42c7-ae72-5a3566beb6d2,
2024-04-14 20:15:02.409,,2024-04-14 21:08:40.225,2024-04-14 21:08:39.843,,,3.0,92f33e2b-10e2-4d3d-b39c-feedc131cece.raw_data.json,UTC-0300,hriiVjEkYE,com.sec.android.app.shealth,2024-04-14 21:06:31.000,92f33e2b-10e2-4d3d-b39c-feedc131cece,
2024-04-16 09:53:55.724,,2024-04-16 11:06:58.638,2024-04-16 11:06:58.638,,,1.0,eb8e63b6-1db6-4919-8b18-1434e319628f.raw_data.json,UTC-0300,hriiVjEkYE,com.sec.android.app.shealth,2024-04-16 10:59:05.999,eb8e63b6-1db6-4919-8b18-1434e319628f,
2024-04-16 10:59:05.999,,2024-04-16 11:06:58.800,2024-04-16 11:06:58.800,,,1.0,26bab5ca-49c0-4c70-ad83-cc869a579110.raw_data.json,UTC-0300,hriiVjEkYE,com.sec.android.app.shealth,2024-04-16 11:00:06.000,26bab5ca-49c0-4c70-ad83-cc869a579110,
2024-04-16 11:00:06.001,,2024-04-16 11:06:59.242,2024-04-16 11:06:59.009,,,2.0,0e456d20-9ddd-4b67-8d4e-fda05cafb655.raw_data.json,UTC-0300,hriiVjEkYE,com.sec.android.app.shealth,2024-04-16 11:01:34.000,0e456d20-9ddd-4b67-8d4e-fda05cafb655,
2024-04-16 11:07:01.477,,2024-04-16 11:32:02.139,2024-04-16 11:32:02.139,,,1.0,c71956c5-821f-49d1-a4f5-816a92988383.raw_data.json,UTC-0300,hriiVjEkYE,com.sec.android.app.shealth,2024-04-16 11:26:07.001,c71956c5-821f-49d1-a4f5-816a92988383,
2024-04-16 11:26:07.001,,2024-04-16 11:32:02.301,2024-04-16 11:32:02.301,,,2.0,f14e0d72-69ac-49d6-8df9-2d26488628c7.raw_data.json,UTC-0300,hriiVjEkYE,com.sec.android.app.shealth,2024-04-16 11:29:23.001,f14e0d72-69ac-49d6-8df9-2d26488628c7,
2024-04-16 11:32:04.435,,2024-04-16 14:44:31.906,2024-04-16 14:44:31.764,,,2.0,2bf04e9a-11a6-4e21-9aa1-761646cbffc6.raw_data.json,UTC-0300,hriiVjEkYE,com.sec.android.app.shealth,2024-04-16 14:43:20.999,2bf04e9a-11a6-4e21-9aa1-761646cbffc6,
2024-04-16 16:55:01.271,,2024-04-16 19:11:47.093,2024-04-16 19:11:47.093,,,3.0,9e91b7fa-b4ab-4c40-a1cc-71dd5a6f5cd6.raw_data.json,UTC-0300,hriiVjEkYE,com.sec.android.app.shealth,2024-04-16 19:03:38.000,9e91b7fa-b4ab-4c40-a1cc-71dd5a6f5cd6,
2024-04-17 09:35:46.480,,2024-04-17 11:14:06.855,2024-04-17 11:14:06.619,,,2.0,ddca11c7-06c7-40e0-9970-9b9fc59de66f.raw_data.json,UTC-0300,hriiVjEkYE,com.sec.android.app.shealth,2024-04-17 11:08:42.999,ddca11c7-06c7-40e0-9970-9b9fc59de66f,
2024-04-17 11:08:42.999,,2024-04-17 11:14:07.266,2024-04-17 11:14:07.034,,,2.0,70a31115-3026-4a76-9e0a-e91bca959efd.raw_data.json,UTC-0300,hriiVjEkYE,com.sec.android.app.shealth,2024-04-17 11:10:12.000,70a31115-3026-4a76-9e0a-e91bca959efd,
2024-04-17 11:14:09.175,,2024-04-17 12:22:03.603,2024-04-17 12:22:03.603,,,1.0,eaa4f5d2-376c-4c04-9f4a-0bd82833fd4b.raw_data.json,UTC-0300,hriiVjEkYE,com.sec.android.app.shealth,2024-04-17 12:15:53.001,eaa4f5d2-376c-4c04-9f4a-0bd82833fd4b,
2024-04-17 15:28:54.658,,2024-04-17 16:07:59.276,2024-04-17 16:07:58.917,,,2.0,a3433d39-27b8-49b7-85d7-65be1fa013b5.raw_data.json,UTC-0300,hriiVjEkYE,com.sec.android.app.shealth,2024-04-17 16:06:34.000,a3433d39-27b8-49b7-85d7-65be1fa013b5,
2024-04-17 19:18:20.888,,2024-04-17 20:06:04.113,2024-04-17 20:06:04.113,,,1.0,d2e34289-0265-41eb-bae8-f489d76b5652.raw_data.json,UTC-0300,hriiVjEkYE,com.sec.android.app.shealth,2024-04-17 19:41:20.000,d2e34289-0265-41eb-bae8-f489d76b5652,
2024-04-18 00:08:00.136,,2024-04-18 00:13:48.469,2024-04-18 00:13:48.255,,,2.0,f53248dd-5ea7-4cd2-805b-8891b7629c07.raw_data.json,UTC-0300,hriiVjEkYE,com.sec.android.app.shealth,2024-04-18 00:09:33.000,f53248dd-5ea7-4cd2-805b-8891b7629c07,
2024-04-23 18:39:18.664,,2024-04-23 20:38:43.008,2024-04-23 20:38:43.008,,,1.0,0ce104c7-bf2c-4e96-80bc-a3311be1427b.raw_data.json,UTC-0300,hriiVjEkYE,com.sec.android.app.shealth,2024-04-23 20:06:54.001,0ce104c7-bf2c-4e96-80bc-a3311be1427b,
2024-04-24 10:07:09.442,,2024-04-24 11:19:49.842,2024-04-24 11:12:14.340,,,2.0,71a82416-cb13-44ce-a9d0-16488b26e210.raw_data.json,UTC-0300,hriiVjEkYE,com.sec.android.app.shealth,2024-04-24 11:12:27.001,71a82416-cb13-44ce-a9d0-16488b26e210,
2024-04-24 11:12:27.000,,2024-04-24 11:19:50.298,2024-04-24 11:19:50.141,,,2.0,3a50fa5b-a1e9-43ce-bc5c-740279f2d9e5.raw_data.json,UTC-0300,hriiVjEkYE,com.sec.android.app.shealth,2024-04-24 11:14:00.003,3a50fa5b-a1e9-43ce-bc5c-740279f2d9e5,
2024-04-24 11:19:51.415,,2024-04-24 14:12:16.585,2024-04-24 14:12:16.585,,,1.0,ae619716-b8ca-421d-8d31-8bdd1a874e70.raw_data.json,UTC-0300,hriiVjEkYE,com.sec.android.app.shealth,2024-04-24 13:48:23.000,ae619716-b8ca-421d-8d31-8bdd1a874e70,
2024-04-24 15:15:57.110,,2024-04-24 18:06:25.128,2024-04-24 18:06:25.128,,,1.0,81536776-c305-40c4-9b32-3bfb2092f38c.raw_data.json,UTC-0300,hriiVjEkYE,com.sec.android.app.shealth,2024-04-24 18:05:05.999,81536776-c305-40c4-9b32-3bfb2092f38c,
2024-04-26 09:50:26.831,,2024-04-26 11:10:58.333,2024-04-26 11:10:58.118,,,2.0,46e71841-09c0-45f8-b166-643817ae3a37.raw_data.json,UTC-0300,hriiVjEkYE,com.sec.android.app.shealth,2024-04-26 11:04:16.000,46e71841-09c0-45f8-b166-643817ae3a37,
2024-04-26 11:04:16.000,,2024-04-26 11:10:58.865,2024-04-26 11:10:58.603,,,2.0,6f372577-562d-488d-9d1a-416bd3389c97.raw_data.json,UTC-0300,hriiVjEkYE,com.sec.android.app.shealth,2024-04-26 11:05:53.999,6f372577-562d-488d-9d1a-416bd3389c97,
2024-04-26 11:05:54.000,,2024-04-26 11:10:58.976,2024-04-26 11:10:58.976,,,1.0,db2d2b11-b55c-4231-8dff-4f95e1d5ca67.raw_data.json,UTC-0300,hriiVjEkYE,com.sec.android.app.shealth,2024-04-26 11:09:50.000,db2d2b11-b55c-4231-8dff-4f95e1d5ca67,
2024-04-26 15:28:21.923,,2024-04-26 15:50:07.063,2024-04-26 15:50:06.939,,,2.0,bc03c18a-ac26-43dd-98bf-8f6b088be5e6.raw_data.json,UTC-0300,hriiVjEkYE,com.sec.android.app.shealth,2024-04-26 15:46:07.000,bc03c18a-ac26-43dd-98bf-8f6b088be5e6,
2024-04-26 18:35:05.107,,2024-04-26 21:15:01.569,2024-04-26 21:15:01.569,,,1.0,dfad4b2a-8853-4e1e-931b-fac99758060a.raw_data.json,UTC-0300,hriiVjEkYE,com.sec.android.app.shealth,2024-04-26 21:15:01.499,dfad4b2a-8853-4e1e-931b-fac99758060a,
2024-04-28 11:41:33.874,,2024-04-28 15:20:09.975,2024-04-28 15:20:09.975,,,1.0,9c7837bf-5db9-4f89-ae58-6032b73aec49.raw_data.json,UTC-0300,hriiVjEkYE,com.sec.android.app.shealth,2024-04-28 15:17:33.001,9c7837bf-5db9-4f89-ae58-6032b73aec49,
2024-05-01 21:54:46.360,,2024-05-01 22:18:04.757,2024-05-01 22:18:04.757,,,1.0,26b2a840-6f73-44f2-8224-c6318a57a40e.raw_data.json,UTC-0300,hriiVjEkYE,com.sec.android.app.shealth,2024-05-01 22:15:37.001,26b2a840-6f73-44f2-8224-c6318a57a40e,
2024-05-02 15:14:07.225,,2024-05-02 15:58:36.507,2024-05-02 15:58:36.507,,,1.0,2522109f-2eef-4a41-b8ca-9ed0841136c5.raw_data.json,UTC-0300,hriiVjEkYE,com.sec.android.app.shealth,2024-05-02 15:57:52.999,2522109f-2eef-4a41-b8ca-9ed0841136c5,
2024-05-02 15:57:52.999,,2024-05-02 19:01:15.853,2024-05-02 19:01:15.853,,,1.0,c41b88be-d086-40b5-8ec6-fa879a3d4074.raw_data.json,UTC-0300,hriiVjEkYE,com.sec.android.app.shealth,2024-05-02 18:58:51.000,c41b88be-d086-40b5-8ec6-fa879a3d4074,
2024-05-05 21:09:02.979,,2024-05-05 21:34:30.894,2024-05-05 21:34:30.894,,,1.0,a8ff4651-7210-4c31-aa58-d09fd7b6bdaf.raw_data.json,UTC-0300,hriiVjEkYE,com.sec.android.app.shealth,2024-05-05 21:33:30.000,a8ff4651-7210-4c31-aa58-d09fd7b6bdaf,
2024-05-07 22:12:43.309,,2024-05-08 02:15:22.860,2024-05-08 02:15:22.860,,,1.0,7b67745b-360d-4c60-b6c4-9e239ca8b2a3.raw_data.json,UTC-0300,hriiVjEkYE,com.sec.android.app.shealth,2024-05-08 02:08:45.000,7b67745b-360d-4c60-b6c4-9e239ca8b2a3,
2024-05-08 02:08:44.999,,2024-05-08 02:15:22.962,2024-05-08 02:15:22.962,,,1.0,e8a2b45c-fccd-457b-ad6b-531fa5ee1ed5.raw_data.json,UTC-0300,hriiVjEkYE,com.sec.android.app.shealth,2024-05-08 02:14:09.999,e8a2b45c-fccd-457b-ad6b-531fa5ee1ed5,
2024-05-08 02:14:10.000,,2024-05-08 02:36:20.548,2024-05-08 02:36:20.366,,,2.0,c8967239-d354-4b01-a71c-5b409be70247.raw_data.json,UTC-0300,hriiVjEkYE,com.sec.android.app.shealth,2024-05-08 02:22:32.001,c8967239-d354-4b01-a71c-5b409be70247,
2024-05-08 12:39:09.609,,2024-05-08 13:54:50.920,2024-05-08 13:54:50.920,,,1.0,2cf969ea-8d03-418f-b088-022b6708ba99.raw_data.json,UTC-0300,hriiVjEkYE,com.sec.android.app.shealth,2024-05-08 13:43:44.000,2cf969ea-8d03-418f-b088-022b6708ba99,
2024-05-09 21:23:58.602,,2024-05-09 21:28:57.445,2024-05-09 21:28:57.445,,,1.0,2ec9771f-68fb-43f4-9762-06180d51e783.raw_data.json,UTC-0300,hriiVjEkYE,com.sec.android.app.shealth,2024-05-09 21:25:56.000,2ec9771f-68fb-43f4-9762-06180d51e783,
2024-05-10 21:37:40.843,,2024-05-10 21:43:40.515,2024-05-10 21:43:40.515,,,1.0,66260ecb-3f5d-4c32-b1f4-8c6e96fcabdd.raw_data.json,UTC-0300,hriiVjEkYE,com.sec.android.app.shealth,2024-05-10 21:43:40.461,66260ecb-3f5d-4c32-b1f4-8c6e96fcabdd,
2024-05-11 13:42:12.096,,2024-05-11 14:04:12.389,2024-05-11 14:04:12.389,,,1.0,cadb54b2-cd48-42de-9583-3e4875e2c6dc.raw_data.json,UTC-0300,hriiVjEkYE,com.sec.android.app.shealth,2024-05-11 14:03:45.000,cadb54b2-cd48-42de-9583-3e4875e2c6dc,
2024-05-12 15:35:57.851,,2024-05-12 16:35:31.004,2024-05-12 16:35:31.004,,,1.0,28a8f976-268c-4774-95ae-00fb5a3884b2.raw_data.json,UTC-0300,hriiVjEkYE,com.sec.android.app.shealth,2024-05-12 16:21:43.000,28a8f976-268c-4774-95ae-00fb5a3884b2,
2024-05-12 21:34:12.286,,2024-05-13 00:40:52.576,2024-05-13 00:40:52.576,,,1.0,dafe6905-f9c3-45b2-bd5c-5d40aa03828e.raw_data.json,UTC-0300,hriiVjEkYE,com.sec.android.app.shealth,2024-05-13 00:40:31.000,dafe6905-f9c3-45b2-bd5c-5d40aa03828e,
2024-05-14 15:36:58.702,,2024-05-14 15:46:08.820,2024-05-14 15:46:08.820,,,1.0,183de565-2dcf-4b78-a54b-6fc9becf742e.raw_data.json,UTC-0300,hriiVjEkYE,com.sec.android.app.shealth,2024-05-14 15:46:08.159,183de565-2dcf-4b78-a54b-6fc9becf742e,
2024-05-14 16:56:14.523,,2024-05-14 23:24:20.953,2024-05-14 23:24:20.953,,,1.0,5f07eda1-7279-4d50-88a3-9421fe59d658.raw_data.json,UTC-0300,hriiVjEkYE,com.sec.android.app.shealth,2024-05-14 23:14:52.000,5f07eda1-7279-4d50-88a3-9421fe59d658,
2024-05-15 22:55:02.775,,2024-05-16 00:31:59.926,2024-05-16 00:31:59.299,,,4.0,a1312914-28a5-45de-96e6-cba05dd53579.raw_data.json,UTC-0300,hriiVjEkYE,com.sec.android.app.shealth,2024-05-16 00:30:30.000,a1312914-28a5-45de-96e6-cba05dd53579,
2024-05-16 00:32:01.104,,2024-05-16 01:55:35.035,2024-05-16 01:55:35.035,,,1.0,42d3e63e-f468-4986-a64e-81adb9fc83a6.raw_data.json,UTC-0300,hriiVjEkYE,com.sec.android.app.shealth,2024-05-16 01:54:15.000,42d3e63e-f468-4986-a64e-81adb9fc83a6,
2024-05-16 12:53:40.003,,2024-05-16 14:29:31.572,2024-05-16 14:29:31.572,,,1.0,c030b9d1-5c7a-4b94-a9a7-79353c1c85a2.raw_data.json,UTC-0300,hriiVjEkYE,com.sec.android.app.shealth,2024-05-16 13:58:27.000,c030b9d1-5c7a-4b94-a9a7-79353c1c85a2,
2024-05-16 15:15:07.303,,2024-05-16 15:40:08.946,2024-05-16 15:40:08.946,,,1.0,c813e606-cf22-475c-a6bf-bb4bfb8005a7.raw_data.json,UTC-0300,hriiVjEkYE,com.sec.android.app.shealth,2024-05-16 15:28:16.000,c813e606-cf22-475c-a6bf-bb4bfb8005a7,
2024-05-19 14:54:40.267,,2024-05-19 15:01:15.721,2024-05-19 15:01:15.721,,,1.0,bcdd8689-f06e-4ece-a3b0-6027052842c0.raw_data.json,UTC-0300,hriiVjEkYE,com.sec.android.app.shealth,2024-05-19 14:56:36.000,bcdd8689-f06e-4ece-a3b0-6027052842c0,
2024-05-21 09:54:05.111,,2024-05-21 11:08:53.281,2024-05-21 11:08:53.058,,,2.0,43084bff-bf3c-493a-933a-337b2b59aa87.raw_data.json,UTC-0300,hriiVjEkYE,com.sec.android.app.shealth,2024-05-21 11:06:07.001,43084bff-bf3c-493a-933a-337b2b59aa87,
2024-05-21 11:06:07.000,,2024-05-21 11:08:53.527,2024-05-21 11:08:53.379,,,2.0,869a12df-3d9d-4fbe-9752-0201083f53eb.raw_data.json,UTC-0300,hriiVjEkYE,com.sec.android.app.shealth,2024-05-21 11:07:34.000,869a12df-3d9d-4fbe-9752-0201083f53eb,
2024-05-21 11:08:55.240,,2024-05-21 13:13:50.329,2024-05-21 13:13:50.329,,,1.0,ec2dcbd4-ac7c-4a15-a1f0-6bd4170ee101.raw_data.json,UTC-0300,hriiVjEkYE,com.sec.android.app.shealth,2024-05-21 13:12:19.999,ec2dcbd4-ac7c-4a15-a1f0-6bd4170ee101,
2024-05-21 15:34:16.134,,2024-05-21 16:03:33.606,2024-05-21 16:03:33.606,,,1.0,c2806088-a703-469f-a9b0-514fa0cbdbde.raw_data.json,UTC-0300,hriiVjEkYE,com.sec.android.app.shealth,2024-05-21 15:45:39.000,c2806088-a703-469f-a9b0-514fa0cbdbde,
2024-05-21 15:45:39.000,,2024-05-21 16:03:33.779,2024-05-21 16:03:33.779,,,1.0,2ca0a6f0-6cde-48c0-8359-c1be7b64bcd1.raw_data.json,UTC-0300,hriiVjEkYE,com.sec.android.app.shealth,2024-05-21 15:49:19.000,2ca0a6f0-6cde-48c0-8359-c1be7b64bcd1,
2024-05-21 16:58:22.134,,2024-05-21 17:20:47.508,2024-05-21 17:20:47.304,,,2.0,678e3a99-2ede-4e97-8885-159173026ca0.raw_data.json,UTC-0300,hriiVjEkYE,com.sec.android.app.shealth,2024-05-21 17:18:57.000,678e3a99-2ede-4e97-8885-159173026ca0,
2024-05-21 17:18:57.000,,2024-05-21 17:20:49.857,2024-05-21 17:20:47.632,,,1.0,f81624b0-6bda-4057-860c-757c5c36b628.raw_data.json,UTC-0300,hriiVjEkYE,com.sec.android.app.shealth,2024-05-21 17:20:20.000,f81624b0-6bda-4057-860c-757c5c36b628,
2024-05-21 17:20:49.814,,2024-05-21 20:01:33.367,2024-05-21 20:01:33.367,,,3.0,9e1219b8-e506-4fce-8e27-898c777d82a8.raw_data.json,UTC-0300,hriiVjEkYE,com.sec.android.app.shealth,2024-05-21 19:59:16.000,9e1219b8-e506-4fce-8e27-898c777d82a8,
2024-05-22 00:42:13.301,,2024-05-22 00:52:18.390,2024-05-22 00:52:18.390,,,1.0,99adaeba-63ac-4295-bb53-582335fe0afd.raw_data.json,UTC-0300,hriiVjEkYE,com.sec.android.app.shealth,2024-05-22 00:50:51.000,99adaeba-63ac-4295-bb53-582335fe0afd,
2024-05-22 15:43:29.289,,2024-05-22 15:52:15.642,2024-05-22 15:52:15.642,,,1.0,441b8dac-a2bc-4af6-bd0c-912de54a79ad.raw_data.json,UTC-0300,hriiVjEkYE,com.sec.android.app.shealth,2024-05-22 15:50:42.001,441b8dac-a2bc-4af6-bd0c-912de54a79ad,
2024-05-22 16:33:32.720,,2024-05-22 19:15:22.571,2024-05-22 19:15:22.571,,,1.0,2a04efb2-db8e-4f5f-a0da-b9f35923964e.raw_data.json,UTC-0300,hriiVjEkYE,com.sec.android.app.shealth,2024-05-22 19:14:34.999,2a04efb2-db8e-4f5f-a0da-b9f35923964e,
2024-05-23 00:18:09.585,,2024-05-23 00:31:08.747,2024-05-23 00:31:08.747,,,1.0,670d7be5-46dd-4b86-b147-5902da7e9d0d.raw_data.json,UTC-0300,hriiVjEkYE,com.sec.android.app.shealth,2024-05-23 00:29:21.001,670d7be5-46dd-4b86-b147-5902da7e9d0d,
2024-05-23 09:49:29.546,,2024-05-23 11:06:23.883,2024-05-23 11:06:23.647,,,2.0,1f1f1659-bcbf-4149-8767-e394fd6f0012.raw_data.json,UTC-0300,hriiVjEkYE,com.sec.android.app.shealth,2024-05-23 11:03:28.000,1f1f1659-bcbf-4149-8767-e394fd6f0012,
2024-05-23 11:03:28.000,,2024-05-23 11:06:24.200,2024-05-23 11:06:24.046,,,2.0,e0772d8d-3ab7-4b0f-ae02-92fc6acad0ba.raw_data.json,UTC-0300,hriiVjEkYE,com.sec.android.app.shealth,2024-05-23 11:04:56.000,e0772d8d-3ab7-4b0f-ae02-92fc6acad0ba,
2024-05-23 12:16:06.295,,2024-05-23 15:15:01.445,2024-05-23 15:15:01.445,,,1.0,6154e7f1-c4e2-4bc4-8e79-520338b5f96d.raw_data.json,UTC-0300,hriiVjEkYE,com.sec.android.app.shealth,2024-05-23 15:15:01.395,6154e7f1-c4e2-4bc4-8e79-520338b5f96d,
2024-05-23 15:15:01.395,,2024-05-23 15:43:09.018,2024-05-23 15:43:08.788,,,2.0,b8d52a13-b0ed-4be5-b35f-b59ee16686d3.raw_data.json,UTC-0300,hriiVjEkYE,com.sec.android.app.shealth,2024-05-23 15:36:05.000,b8d52a13-b0ed-4be5-b35f-b59ee16686d3,
2024-05-24 09:40:15.950,,2024-05-24 11:05:56.116,2024-05-24 11:05:55.993,,,2.0,ca760f4a-df51-4ed3-868d-1ea776fa41ba.raw_data.json,UTC-0300,hriiVjEkYE,com.sec.android.app.shealth,2024-05-24 11:02:50.001,ca760f4a-df51-4ed3-868d-1ea776fa41ba,
2024-05-24 11:02:50.000,,2024-05-24 11:05:56.323,2024-05-24 11:05:56.219,,,2.0,f432300e-e472-4cfa-bf42-cada7abad9cb.raw_data.json,UTC-0300,hriiVjEkYE,com.sec.android.app.shealth,2024-05-24 11:04:21.999,f432300e-e472-4cfa-bf42-cada7abad9cb,
2024-05-24 11:25:04.571,,2024-05-24 14:57:37.720,2024-05-24 14:57:37.720,,,1.0,828c7857-d9fe-4825-925f-859c278eac1b.raw_data.json,UTC-0300,hriiVjEkYE,com.sec.android.app.shealth,2024-05-24 14:57:37.664,828c7857-d9fe-4825-925f-859c278eac1b,
2024-05-24 14:57:37.665,,2024-05-24 15:27:27.752,2024-05-24 15:27:27.752,,,1.0,93a453cc-0420-4225-9572-485b3382d7cf.raw_data.json,UTC-0300,hriiVjEkYE,com.sec.android.app.shealth,2024-05-24 15:26:55.000,93a453cc-0420-4225-9572-485b3382d7cf,
2024-05-24 15:35:06.775,,2024-05-24 16:14:55.681,2024-05-24 16:14:55.681,,,1.0,16256db1-386b-47d4-9bfd-820f1b73db6b.raw_data.json,UTC-0300,hriiVjEkYE,com.sec.android.app.shealth,2024-05-24 16:14:55.615,16256db1-386b-47d4-9bfd-820f1b73db6b,
2024-05-26 03:00:02.087,,2024-05-26 04:35:34.804,2024-05-26 04:35:34.804,,,1.0,220852b7-f7cc-449e-a6ec-9c6f760ec356.raw_data.json,UTC-0300,hriiVjEkYE,com.sec.android.app.shealth,2024-05-26 04:30:23.001,220852b7-f7cc-449e-a6ec-9c6f760ec356,
2024-05-26 23:02:16.492,,2024-05-27 01:02:54.523,2024-05-27 01:02:54.523,,,1.0,d496c7bd-9ddb-40f4-9ade-3a730cd1ed8c.raw_data.json,UTC-0300,hriiVjEkYE,com.sec.android.app.shealth,2024-05-27 01:00:27.999,d496c7bd-9ddb-40f4-9ade-3a730cd1ed8c,
2024-05-27 22:21:59.280,,2024-05-27 22:31:25.670,2024-05-27 22:31:25.670,,,1.0,c58bc9a1-f9cd-4dea-8b66-b34ac483a093.raw_data.json,UTC-0300,hriiVjEkYE,com.sec.android.app.shealth,2024-05-27 22:29:26.000,c58bc9a1-f9cd-4dea-8b66-b34ac483a093,
2024-05-28 09:48:13.032,,2024-05-28 10:58:31.119,2024-05-28 10:58:31.119,,,1.0,64fa0936-2b62-476e-8d6f-d692c0b6f4b7.raw_data.json,UTC-0300,hriiVjEkYE,com.sec.android.app.shealth,2024-05-28 10:55:29.999,64fa0936-2b62-476e-8d6f-d692c0b6f4b7,
2024-05-28 10:58:32.779,,2024-05-28 11:13:52.126,2024-05-28 11:13:51.976,,,2.0,d005b550-ddca-400e-98b6-4f1733b25486.raw_data.json,UTC-0300,hriiVjEkYE,com.sec.android.app.shealth,2024-05-28 11:11:03.000,d005b550-ddca-400e-98b6-4f1733b25486,
2024-05-28 15:55:31.276,,2024-05-28 16:05:56.320,2024-05-28 16:05:56.320,,,2.0,1ec6f894-6219-41e5-bc1c-0a51a7d79b45.raw_data.json,UTC-0300,hriiVjEkYE,com.sec.android.app.shealth,2024-05-28 16:05:56.262,1ec6f894-6219-41e5-bc1c-0a51a7d79b45,
2024-05-29 03:00:00.227,,2024-05-29 11:00:22.012,2024-05-29 10:55:06.340,,,2.0,fafae1d2-9ecc-4142-866f-0ef91a0749f7.raw_data.json,UTC-0300,hriiVjEkYE,com.sec.android.app.shealth,2024-05-29 10:55:13.000,fafae1d2-9ecc-4142-866f-0ef91a0749f7,
2024-05-29 11:00:23.657,,2024-05-29 11:15:59.589,2024-05-29 11:15:59.475,,,2.0,e3cfaf1b-7749-4119-af71-2a4c7e9f8f22.raw_data.json,UTC-0300,hriiVjEkYE,com.sec.android.app.shealth,2024-05-29 11:10:51.001,e3cfaf1b-7749-4119-af71-2a4c7e9f8f22,
2024-05-31 16:54:05.333,,2024-05-31 17:05:23.921,2024-05-31 17:05:23.921,,,1.0,00ff6d3b-c616-4ab1-8e60-31e16225aefa.raw_data.json,UTC-0300,hriiVjEkYE,com.sec.android.app.shealth,2024-05-31 17:05:11.000,00ff6d3b-c616-4ab1-8e60-31e16225aefa,
2024-06-05 09:51:04.718,,2024-06-05 11:00:23.662,2024-06-05 11:00:23.480,,,2.0,0d603f04-f240-4d64-bbc0-25b9eca65488.raw_data.json,UTC-0300,hriiVjEkYE,com.sec.android.app.shealth,2024-06-05 10:56:26.999,0d603f04-f240-4d64-bbc0-25b9eca65488,
2024-06-05 11:00:25.508,,2024-06-05 11:09:45.691,2024-06-05 11:09:45.556,,,2.0,418e36f1-9b0a-4bab-8cc7-2ac046ba717d.raw_data.json,UTC-0300,hriiVjEkYE,com.sec.android.app.shealth,2024-06-05 11:07:09.999,418e36f1-9b0a-4bab-8cc7-2ac046ba717d,
2024-06-05 12:37:23.332,,2024-06-05 13:05:57.223,2024-06-05 13:05:57.223,,,1.0,c8633aac-d739-40b3-912e-e0f3f89ec8bd.raw_data.json,UTC-0300,hriiVjEkYE,com.sec.android.app.shealth,2024-06-05 13:04:10.000,c8633aac-d739-40b3-912e-e0f3f89ec8bd,
2024-06-05 15:36:14.935,,2024-06-05 16:18:02.092,2024-06-05 16:18:02.092,,,1.0,fa3b34ef-8454-41bf-8f3d-e25b697e92e6.raw_data.json,UTC-0300,hriiVjEkYE,com.sec.android.app.shealth,2024-06-05 15:58:42.001,fa3b34ef-8454-41bf-8f3d-e25b697e92e6,
2024-06-06 16:15:01.551,,2024-06-06 18:04:55.501,2024-06-06 18:04:53.549,,,1.0,66c30e79-4324-4e1c-972c-5c2763038500.raw_data.json,UTC-0300,hriiVjEkYE,com.sec.android.app.shealth,2024-06-06 18:04:53.347,66c30e79-4324-4e1c-972c-5c2763038500,
2024-06-06 19:14:27.144,,2024-06-06 20:54:30.334,2024-06-06 20:54:30.334,,,1.0,d63893c2-92c0-48e6-abd4-6110bce9298a.raw_data.json,UTC-0300,hriiVjEkYE,com.sec.android.app.shealth,2024-06-06 20:54:30.279,d63893c2-92c0-48e6-abd4-6110bce9298a,
2024-06-07 09:59:08.633,,2024-06-07 11:09:18.222,2024-06-07 11:09:18.222,,,1.0,5fffb53a-c6b6-4606-9ba3-36c723e584d7.raw_data.json,UTC-0300,hriiVjEkYE,com.sec.android.app.shealth,2024-06-07 11:04:05.000,5fffb53a-c6b6-4606-9ba3-36c723e584d7,
2024-06-07 11:09:20.091,,2024-06-07 11:21:42.877,2024-06-07 11:21:42.681,,,2.0,6ac0674a-7804-43c3-8db0-1211f27435fe.raw_data.json,UTC-0300,hriiVjEkYE,com.sec.android.app.shealth,2024-06-07 11:18:24.000,6ac0674a-7804-43c3-8db0-1211f27435fe,
2024-06-07 11:21:44.757,,2024-06-07 13:07:30.705,2024-06-07 13:07:30.705,,,1.0,667f823b-9349-4a65-8f04-cc94330e121e.raw_data.json,UTC-0300,hriiVjEkYE,com.sec.android.app.shealth,2024-06-07 12:21:15.000,667f823b-9349-4a65-8f04-cc94330e121e,
2024-06-07 15:19:16.711,,2024-06-07 16:08:54.733,2024-06-07 16:08:54.733,,,1.0,215ce6ae-07ae-460a-90ae-7d4b5e574b8e.raw_data.json,UTC-0300,hriiVjEkYE,com.sec.android.app.shealth,2024-06-07 15:40:01.001,215ce6ae-07ae-460a-90ae-7d4b5e574b8e,
2024-06-08 00:15:26.568,,2024-06-08 00:21:18.432,2024-06-08 00:21:18.432,,,1.0,7e3c70c0-af2c-4343-af82-fdc2e38c8dc8.raw_data.json,UTC-0300,hriiVjEkYE,com.sec.android.app.shealth,2024-06-08 00:21:18.358,7e3c70c0-af2c-4343-af82-fdc2e38c8dc8,
2024-06-08 19:01:30.536,,2024-06-08 19:42:06.913,2024-06-08 19:42:06.913,,,1.0,5e1fa6c9-1bbc-486a-8412-5deae1f5101e.raw_data.json,UTC-0300,hriiVjEkYE,com.sec.android.app.shealth,2024-06-08 19:41:48.000,5e1fa6c9-1bbc-486a-8412-5deae1f5101e,
2024-06-08 20:28:25.359,,2024-06-08 20:52:11.484,2024-06-08 20:52:11.484,,,1.0,6fe4aa70-b396-4004-8f74-68ac8c081ffd.raw_data.json,UTC-0300,hriiVjEkYE,com.sec.android.app.shealth,2024-06-08 20:51:12.000,6fe4aa70-b396-4004-8f74-68ac8c081ffd,
2024-06-08 21:10:29.077,,2024-06-08 21:12:21.017,2024-06-08 21:12:21.017,,,1.0,7bf457f7-a461-4148-92d4-6d32d5a3ae2e.raw_data.json,UTC-0300,hriiVjEkYE,com.sec.android.app.shealth,2024-06-08 21:11:51.001,7bf457f7-a461-4148-92d4-6d32d5a3ae2e,
2024-06-11 03:00:00.166,,2024-06-11 11:07:10.796,2024-06-11 11:07:10.796,,,1.0,6f87f22d-0b3d-401e-8870-d54b682539c9.raw_data.json,UTC-0300,hriiVjEkYE,com.sec.android.app.shealth,2024-06-11 11:03:39.000,6f87f22d-0b3d-401e-8870-d54b682539c9,
2024-06-11 11:07:12.603,,2024-06-11 11:15:53.079,2024-06-11 11:15:52.882,,,2.0,fc75a9e9-5ca5-4d11-b2bf-6b49abfac67b.raw_data.json,UTC-0300,hriiVjEkYE,com.sec.android.app.shealth,2024-06-11 11:14:30.001,fc75a9e9-5ca5-4d11-b2bf-6b49abfac67b,
2024-06-11 11:14:30.001,,2024-06-11 11:19:20.949,2024-06-11 11:19:20.949,,,1.0,cad4f5ec-63a9-4d23-8553-03cd844fac82.raw_data.json,UTC-0300,hriiVjEkYE,com.sec.android.app.shealth,2024-06-11 11:18:30.001,cad4f5ec-63a9-4d23-8553-03cd844fac82,
2024-06-11 12:35:00.080,,2024-06-11 13:12:00.373,2024-06-11 13:12:00.373,,,1.0,e4984796-2923-402a-86f5-ebcc6ea6ed93.raw_data.json,UTC-0300,hriiVjEkYE,com.sec.android.app.shealth,2024-06-11 12:53:26.000,e4984796-2923-402a-86f5-ebcc6ea6ed93,
2024-06-11 15:15:03.365,,2024-06-11 16:26:27.387,2024-06-11 16:26:27.387,,,1.0,0facc17c-98e4-4e83-bffe-3cf2912354c7.raw_data.json,UTC-0300,hriiVjEkYE,com.sec.android.app.shealth,2024-06-11 16:25:36.000,0facc17c-98e4-4e83-bffe-3cf2912354c7,
2024-06-13 00:13:12.141,,2024-06-13 00:18:50.061,2024-06-13 00:18:50.061,,,1.0,c24ca789-9a92-4541-a5e2-e19660a1e9ed.raw_data.json,UTC-0300,hriiVjEkYE,com.sec.android.app.shealth,2024-06-13 00:18:49.998,c24ca789-9a92-4541-a5e2-e19660a1e9ed,
2024-06-13 03:00:00.183,,2024-06-13 11:07:03.861,2024-06-13 11:07:03.861,,,1.0,06475659-5430-46f7-83eb-9f13f3f300cf.raw_data.json,UTC-0300,hriiVjEkYE,com.sec.android.app.shealth,2024-06-13 11:02:47.000,06475659-5430-46f7-83eb-9f13f3f300cf,
2024-06-13 11:02:47.000,,2024-06-13 11:07:04.088,2024-06-13 11:07:03.936,,,2.0,43dbacd4-96ec-417f-a1d6-2d4a4eee5fa1.raw_data.json,UTC-0300,hriiVjEkYE,com.sec.android.app.shealth,2024-06-13 11:04:14.001,43dbacd4-96ec-417f-a1d6-2d4a4eee5fa1,
2024-06-13 11:15:03.329,,2024-06-13 13:44:13.330,2024-06-13 13:44:10.846,,,5.0,0ac8ca37-43bf-4483-a24a-9f5956719827.raw_data.json,UTC-0300,hriiVjEkYE,com.sec.android.app.shealth,2024-06-13 13:43:21.000,0ac8ca37-43bf-4483-a24a-9f5956719827,
2024-06-13 15:15:51.960,,2024-06-13 16:12:21.400,2024-06-13 16:12:21.288,,,2.0,077d0f14-89f8-42b5-98c1-ed2a2f99d368.raw_data.json,UTC-0300,hriiVjEkYE,com.sec.android.app.shealth,2024-06-13 16:09:41.000,077d0f14-89f8-42b5-98c1-ed2a2f99d368,
2024-06-13 16:09:41.000,,2024-06-13 16:12:22.920,2024-06-13 16:12:21.488,,,1.0,b1001562-e977-44ac-8b63-a4e07743333b.raw_data.json,UTC-0300,hriiVjEkYE,com.sec.android.app.shealth,2024-06-13 16:11:26.000,b1001562-e977-44ac-8b63-a4e07743333b,
2024-06-14 12:00:25.701,,2024-06-14 14:51:51.364,2024-06-14 14:51:51.364,,,1.0,50d8bd78-8ad8-4be8-81a2-9a6fae3a4b1e.raw_data.json,UTC-0300,hriiVjEkYE,com.sec.android.app.shealth,2024-06-14 14:39:56.000,50d8bd78-8ad8-4be8-81a2-9a6fae3a4b1e,
2024-06-15 00:11:46.811,,2024-06-15 00:13:36.284,2024-06-15 00:12:57.396,,,1.0,5a8163d2-36c5-4019-9401-189f05ed570b.raw_data.json,UTC-0300,hriiVjEkYE,com.sec.android.app.shealth,2024-06-15 00:12:57.329,5a8163d2-36c5-4019-9401-189f05ed570b,
2024-06-15 14:49:59.831,,2024-06-15 14:56:27.534,2024-06-15 14:55:29.829,,,1.0,82f8016a-8aea-4d87-8ef1-e9c41245130a.raw_data.json,UTC-0300,hriiVjEkYE,com.sec.android.app.shealth,2024-06-15 14:55:29.782,82f8016a-8aea-4d87-8ef1-e9c41245130a,
2024-06-16 16:24:28.218,,2024-06-16 17:36:49.642,2024-06-16 17:36:49.642,,,1.0,8d8e9ca5-08d7-46ab-a055-6a0d61542382.raw_data.json,UTC-0300,hriiVjEkYE,com.sec.android.app.shealth,2024-06-16 17:36:36.000,8d8e9ca5-08d7-46ab-a055-6a0d61542382,
2024-06-16 18:48:35.250,,2024-06-16 19:32:50.132,2024-06-16 19:32:50.132,,,1.0,c8bf458f-9a42-47b6-a75b-ae1eaf6b10ca.raw_data.json,UTC-0300,hriiVjEkYE,com.sec.android.app.shealth,2024-06-16 19:28:09.000,c8bf458f-9a42-47b6-a75b-ae1eaf6b10ca,
2024-06-17 15:36:01.771,,2024-06-17 16:08:34.106,2024-06-17 16:08:34.106,,,1.0,d2f98afc-aa48-4db1-b27f-1be845b74331.raw_data.json,UTC-0300,hriiVjEkYE,com.sec.android.app.shealth,2024-06-17 16:07:37.999,d2f98afc-aa48-4db1-b27f-1be845b74331,
2024-06-18 00:25:50.887,,2024-06-18 00:27:13.977,2024-06-18 00:27:13.977,,,1.0,b54638a0-8918-4436-a47e-9a1bf27b8dbe.raw_data.json,UTC-0300,hriiVjEkYE,com.sec.android.app.shealth,2024-06-18 00:27:13.873,b54638a0-8918-4436-a47e-9a1bf27b8dbe,
2024-06-18 09:54:51.229,,2024-06-18 11:10:13.919,2024-06-18 11:10:13.769,,,2.0,e0e71736-5ccc-463a-af99-66707ce0939a.raw_data.json,UTC-0300,hriiVjEkYE,com.sec.android.app.shealth,2024-06-18 11:05:17.999,e0e71736-5ccc-463a-af99-66707ce0939a,
2024-06-18 11:05:17.999,,2024-06-18 11:10:14.194,2024-06-18 11:10:14.032,,,2.0,948d796d-efef-456e-8c5d-728ebe19a03a.raw_data.json,UTC-0300,hriiVjEkYE,com.sec.android.app.shealth,2024-06-18 11:06:58.001,948d796d-efef-456e-8c5d-728ebe19a03a,
2024-06-18 11:10:16.035,,2024-06-18 14:05:59.115,2024-06-18 14:05:56.598,,,1.0,2b0e2db5-17a9-430a-8758-2298c0877200.raw_data.json,UTC-0300,hriiVjEkYE,com.sec.android.app.shealth,2024-06-18 14:05:06.000,2b0e2db5-17a9-430a-8758-2298c0877200,
2024-06-18 15:34:48.351,,2024-06-18 16:50:42.046,2024-06-18 16:50:42.046,,,1.0,9db4406b-764d-45f7-816b-e76e3106a5f0.raw_data.json,UTC-0300,hriiVjEkYE,com.sec.android.app.shealth,2024-06-18 16:43:45.999,9db4406b-764d-45f7-816b-e76e3106a5f0,
2024-06-18 16:43:45.999,,2024-06-18 16:50:42.641,2024-06-18 16:50:42.273,,,3.0,7393742a-4c48-4c9d-afbd-35c9f482de7a.raw_data.json,UTC-0300,hriiVjEkYE,com.sec.android.app.shealth,2024-06-18 16:49:33.999,7393742a-4c48-4c9d-afbd-35c9f482de7a,
2024-06-18 16:49:33.999,,2024-06-18 16:53:07.950,2024-06-18 16:53:07.789,,,2.0,8b64c985-011e-44fe-933e-77f76fa7da43.raw_data.json,UTC-0300,hriiVjEkYE,com.sec.android.app.shealth,2024-06-18 16:51:26.999,8b64c985-011e-44fe-933e-77f76fa7da43,
2024-06-20 20:00:54.040,,2024-06-20 23:31:52.825,2024-06-20 23:31:48.132,,,1.0,ea29a702-6899-430a-8f9f-4352b5cb7cfa.raw_data.json,UTC-0300,hriiVjEkYE,com.sec.android.app.shealth,2024-06-20 23:31:33.000,ea29a702-6899-430a-8f9f-4352b5cb7cfa,
2024-06-21 09:54:47.775,,2024-06-21 11:04:03.652,2024-06-21 11:04:03.471,,,2.0,e9d268ef-c0f6-4aa0-bee0-7ebeac37b57f.raw_data.json,UTC-0300,hriiVjEkYE,com.sec.android.app.shealth,2024-06-21 10:57:53.999,e9d268ef-c0f6-4aa0-bee0-7ebeac37b57f,
2024-06-21 11:04:05.316,,2024-06-21 11:16:59.204,2024-06-21 11:16:58.984,,,2.0,1e0d24db-adbe-4f1d-9974-6ebf971adea8.raw_data.json,UTC-0300,hriiVjEkYE,com.sec.android.app.shealth,2024-06-21 11:13:33.000,1e0d24db-adbe-4f1d-9974-6ebf971adea8,
2024-06-21 15:32:32.341,,2024-06-21 16:22:03.395,2024-06-21 16:22:03.395,,,1.0,d0bcfc21-a841-49b4-a148-8ac3edd300b2.raw_data.json,UTC-0300,hriiVjEkYE,com.sec.android.app.shealth,2024-06-21 16:22:03.317,d0bcfc21-a841-49b4-a148-8ac3edd300b2,
2024-06-22 16:07:53.834,,2024-06-22 16:28:41.439,2024-06-22 16:28:41.439,,,1.0,21327c52-ec90-470a-a59b-5a8a96e935ad.raw_data.json,UTC-0300,hriiVjEkYE,com.sec.android.app.shealth,2024-06-22 16:25:33.000,21327c52-ec90-470a-a59b-5a8a96e935ad,
2024-06-25 16:29:04.629,,2024-06-25 17:32:44.582,2024-06-25 17:32:44.582,,,1.0,d0fa58e4-3a5b-4a77-a866-332b3ab9df55.raw_data.json,UTC-0300,hriiVjEkYE,com.sec.android.app.shealth,2024-06-25 17:31:55.000,d0fa58e4-3a5b-4a77-a866-332b3ab9df55,
2024-06-25 19:43:58.972,,2024-06-26 00:20:48.683,2024-06-26 00:20:48.683,,,1.0,b9800327-11c9-4ea9-8a7b-45ed257e9458.raw_data.json,UTC-0300,hriiVjEkYE,com.sec.android.app.shealth,2024-06-25 23:39:25.000,b9800327-11c9-4ea9-8a7b-45ed257e9458,
2024-06-26 10:00:10.079,,2024-06-26 11:06:07.669,2024-06-26 11:00:36.802,,,2.0,a3b0c3f2-4ca3-40d6-a304-b85392791923.raw_data.json,UTC-0300,hriiVjEkYE,com.sec.android.app.shealth,2024-06-26 11:00:45.999,a3b0c3f2-4ca3-40d6-a304-b85392791923,
2024-06-26 11:06:09.352,,2024-06-26 11:18:06.142,2024-06-26 11:18:05.999,,,2.0,ba169523-d623-49bd-a912-c9e5b71e8885.raw_data.json,UTC-0300,hriiVjEkYE,com.sec.android.app.shealth,2024-06-26 11:16:17.000,ba169523-d623-49bd-a912-c9e5b71e8885,
2024-06-26 11:19:06.635,,2024-06-26 13:18:29.591,2024-06-26 13:18:29.591,,,1.0,3d4d4a30-0320-4c68-bf19-2a590ce735f8.raw_data.json,UTC-0300,hriiVjEkYE,com.sec.android.app.shealth,2024-06-26 12:26:01.001,3d4d4a30-0320-4c68-bf19-2a590ce735f8,
2024-06-26 15:58:02.197,,2024-06-26 16:26:48.280,2024-06-26 16:26:48.280,,,1.0,43cfc4f8-e11d-42f3-a638-f5c2f6c6fb6c.raw_data.json,UTC-0300,hriiVjEkYE,com.sec.android.app.shealth,2024-06-26 16:10:17.000,43cfc4f8-e11d-42f3-a638-f5c2f6c6fb6c,
2024-06-27 03:00:00.202,,2024-06-27 11:05:59.532,2024-06-27 11:05:59.374,,,2.0,480c6213-f55c-479b-bc88-0d61375b2bc8.raw_data.json,UTC-0300,hriiVjEkYE,com.sec.android.app.shealth,2024-06-27 11:01:56.000,480c6213-f55c-479b-bc88-0d61375b2bc8,
2024-06-27 11:06:01.796,,2024-06-27 11:19:26.741,2024-06-27 11:19:26.598,,,2.0,15903282-d878-4fa6-9653-8ae500ff6317.raw_data.json,UTC-0300,hriiVjEkYE,com.sec.android.app.shealth,2024-06-27 11:15:03.999,15903282-d878-4fa6-9653-8ae500ff6317,
2024-06-27 11:15:03.999,,2024-06-27 11:19:26.805,2024-06-27 11:19:26.805,,,1.0,9a2c9809-e76e-4534-9768-39d1deb0f1d4.raw_data.json,UTC-0300,hriiVjEkYE,com.sec.android.app.shealth,2024-06-27 11:18:15.000,9a2c9809-e76e-4534-9768-39d1deb0f1d4,
2024-06-28 09:56:41.588,,2024-06-28 10:56:59.968,2024-06-28 10:56:59.749,,,2.0,c103f6c0-4e8d-403b-9766-aa3f2849bee9.raw_data.json,UTC-0300,hriiVjEkYE,com.sec.android.app.shealth,2024-06-28 10:56:35.000,c103f6c0-4e8d-403b-9766-aa3f2849bee9,
2024-06-28 11:15:13.367,,2024-06-28 11:18:35.416,2024-06-28 11:18:35.416,,,3.0,9d3fde41-5d5c-4067-8fdc-695e51f44b16.raw_data.json,UTC-0300,hriiVjEkYE,com.sec.android.app.shealth,2024-06-28 11:17:27.001,9d3fde41-5d5c-4067-8fdc-695e51f44b16,
2024-07-04 15:50:33.399,,2024-07-04 17:32:29.358,2024-07-04 17:32:29.358,,,1.0,940006b3-edef-480e-aaf9-03d691b8a99a.raw_data.json,UTC-0300,hriiVjEkYE,com.sec.android.app.shealth,2024-07-04 17:32:29.300,940006b3-edef-480e-aaf9-03d691b8a99a,
2024-07-04 18:32:28.531,,2024-07-04 20:35:19.378,2024-07-04 20:35:19.378,,,1.0,b115d310-7218-4734-bb06-b9abf7cf3301.raw_data.json,UTC-0300,hriiVjEkYE,com.sec.android.app.shealth,2024-07-04 19:01:12.000,b115d310-7218-4734-bb06-b9abf7cf3301,
2024-07-05 12:51:28.321,,2024-07-05 16:19:31.119,2024-07-05 16:19:31.119,,,1.0,74c3cb84-8e01-4ea3-a4cb-47fe04430abc.raw_data.json,UTC-0300,hriiVjEkYE,com.sec.android.app.shealth,2024-07-05 16:10:07.000,74c3cb84-8e01-4ea3-a4cb-47fe04430abc,
2024-07-05 21:51:09.255,,2024-07-05 21:55:30.775,2024-07-05 21:54:42.987,,,1.0,443b33ef-b45a-4d38-85af-7fb4c32f9c45.raw_data.json,UTC-0300,hriiVjEkYE,com.sec.android.app.shealth,2024-07-05 21:54:42.892,443b33ef-b45a-4d38-85af-7fb4c32f9c45,
2024-07-05 23:09:26.841,,2024-07-05 23:44:31.556,2024-07-05 23:44:31.556,,,1.0,db619769-a1d9-4a8f-a97e-baf6cd2b7d75.raw_data.json,UTC-0300,hriiVjEkYE,com.sec.android.app.shealth,2024-07-05 23:28:56.000,db619769-a1d9-4a8f-a97e-baf6cd2b7d75,
2024-07-05 23:57:56.913,,2024-07-06 01:41:07.320,2024-07-06 01:41:02.308,,,2.0,80e61a43-067b-4ba2-8090-f5cbdaf30f64.raw_data.json,UTC-0300,hriiVjEkYE,com.sec.android.app.shealth,2024-07-06 01:41:01.999,80e61a43-067b-4ba2-8090-f5cbdaf30f64,
2024-07-06 03:00:01.052,,2024-07-06 08:57:11.525,2024-07-06 08:57:11.525,,,1.0,a48dd311-9eed-4517-b6db-faa639c9b3e6.raw_data.json,UTC-0300,hriiVjEkYE,com.sec.android.app.shealth,2024-07-06 03:46:43.001,a48dd311-9eed-4517-b6db-faa639c9b3e6,
2024-07-06 03:46:43.001,,2024-07-06 10:25:38.483,2024-07-06 10:25:38.483,,,2.0,8361aeca-d640-4a1a-b9d3-b0f6feff2484.raw_data.json,UTC-0300,hriiVjEkYE,com.sec.android.app.shealth,2024-07-06 09:17:36.000,8361aeca-d640-4a1a-b9d3-b0f6feff2484,
2024-07-06 09:17:36.000,,2024-07-06 10:25:38.559,2024-07-06 10:25:38.559,,,1.0,09aba2ab-f753-4962-b2be-830b2277fddb.raw_data.json,UTC-0300,hriiVjEkYE,com.sec.android.app.shealth,2024-07-06 09:55:56.000,09aba2ab-f753-4962-b2be-830b2277fddb,
2024-07-06 09:55:56.000,,2024-07-06 10:25:38.617,2024-07-06 10:25:38.617,,,1.0,d452cc0b-8840-4e7d-9908-152c53ad309c.raw_data.json,UTC-0300,hriiVjEkYE,com.sec.android.app.shealth,2024-07-06 10:17:52.001,d452cc0b-8840-4e7d-9908-152c53ad309c,
2024-07-06 10:17:52.000,,2024-07-06 13:08:09.302,2024-07-06 13:08:09.302,,,1.0,ffa1916f-d2db-4cc0-b024-88308e7b9eaa.raw_data.json,UTC-0300,hriiVjEkYE,com.sec.android.app.shealth,2024-07-06 12:57:19.999,ffa1916f-d2db-4cc0-b024-88308e7b9eaa,
2024-07-06 12:57:20.000,,2024-07-06 13:08:09.486,2024-07-06 13:08:09.486,,,1.0,05bae4d2-8bc8-4f02-a046-5330dda8b2f4.raw_data.json,UTC-0300,hriiVjEkYE,com.sec.android.app.shealth,2024-07-06 13:04:38.001,05bae4d2-8bc8-4f02-a046-5330dda8b2f4,
2024-07-06 13:56:46.742,,2024-07-06 15:47:39.379,2024-07-06 15:47:39.109,,,2.0,022cfc52-4002-4e5d-b480-f78fff7d10d8.raw_data.json,UTC-0300,hriiVjEkYE,com.sec.android.app.shealth,2024-07-06 15:41:29.999,022cfc52-4002-4e5d-b480-f78fff7d10d8,
2024-07-06 15:41:29.999,,2024-07-06 16:11:33.738,2024-07-06 16:11:33.539,,,2.0,4c93eebf-f446-4717-ac2e-32fd3591abc8.raw_data.json,UTC-0300,hriiVjEkYE,com.sec.android.app.shealth,2024-07-06 16:05:01.999,4c93eebf-f446-4717-ac2e-32fd3591abc8,
2024-07-06 19:06:38.969,,2024-07-06 19:39:40.374,2024-07-06 19:39:38.345,,,3.0,25bae163-8d95-402b-9554-db980a57acf8.raw_data.json,UTC-0300,hriiVjEkYE,com.sec.android.app.shealth,2024-07-06 19:39:38.259,25bae163-8d95-402b-9554-db980a57acf8,
2024-07-08 00:56:17.451,,2024-07-08 02:12:31.527,2024-07-08 02:12:31.527,,,2.0,9f410a76-9ddd-4f0c-84a7-6286a3d525ef.raw_data.json,UTC-0300,hriiVjEkYE,com.sec.android.app.shealth,2024-07-08 02:10:59.000,9f410a76-9ddd-4f0c-84a7-6286a3d525ef,
2024-07-08 14:33:56.311,,2024-07-08 18:11:36.060,2024-07-08 18:11:31.040,,,3.0,539b4b12-2b10-49e7-ae79-6e3ad3a5c22a.raw_data.json,UTC-0300,hriiVjEkYE,com.sec.android.app.shealth,2024-07-08 18:11:30.001,539b4b12-2b10-49e7-ae79-6e3ad3a5c22a,
2024-07-09 03:00:00.962,,2024-07-09 03:27:59.524,2024-07-09 03:27:59.524,,,1.0,35959df6-cbfc-4ff8-b63b-6f8a4e34df56.raw_data.json,UTC-0300,hriiVjEkYE,com.sec.android.app.shealth,2024-07-09 03:20:25.999,35959df6-cbfc-4ff8-b63b-6f8a4e34df56,
2024-07-17 20:39:42.905,,2024-07-17 22:50:45.032,2024-07-17 22:50:45.032,,,1.0,80dcad9c-dabb-40ec-8bad-ca1b4c122793.raw_data.json,UTC-0300,hriiVjEkYE,com.sec.android.app.shealth,2024-07-17 22:47:46.000,80dcad9c-dabb-40ec-8bad-ca1b4c122793,
2024-07-19 16:57:56.605,,2024-07-19 17:19:33.205,2024-07-19 17:19:33.205,,,1.0,37fdea65-f074-42cc-833d-14a6348d15fb.raw_data.json,UTC-0300,hriiVjEkYE,com.sec.android.app.shealth,2024-07-19 17:03:11.000,37fdea65-f074-42cc-833d-14a6348d15fb,
2024-07-21 23:46:38.329,,2024-07-21 23:51:35.862,2024-07-21 23:51:35.862,,,1.0,87007dee-5bb7-4a0e-bbbe-6c965aea768f.raw_data.json,UTC-0300,hriiVjEkYE,com.sec.android.app.shealth,2024-07-21 23:49:42.001,87007dee-5bb7-4a0e-bbbe-6c965aea768f,
2024-07-22 23:48:49.484,,2024-07-22 23:54:14.295,2024-07-22 23:54:14.295,,,1.0,9a1d4a48-6ac4-4322-8720-afbd843afecc.raw_data.json,UTC-0300,hriiVjEkYE,com.sec.android.app.shealth,2024-07-22 23:52:24.000,9a1d4a48-6ac4-4322-8720-afbd843afecc,
2024-07-24 10:58:49.281,,2024-07-24 11:06:02.590,2024-07-24 11:06:02.279,,,2.0,df66c352-868b-4db8-88f3-5e0b5bdcef85.raw_data.json,UTC-0300,hriiVjEkYE,com.sec.android.app.shealth,2024-07-24 11:02:23.999,df66c352-868b-4db8-88f3-5e0b5bdcef85,
2024-07-24 11:06:05.150,,2024-07-24 11:24:59.084,2024-07-24 11:24:58.606,,,2.0,9f70fff7-c1f2-461c-a8db-01a2e234ac38.raw_data.json,UTC-0300,hriiVjEkYE,com.sec.android.app.shealth,2024-07-24 11:20:54.000,9f70fff7-c1f2-461c-a8db-01a2e234ac38,
2024-07-24 11:20:53.999,,2024-07-24 11:24:59.328,2024-07-24 11:24:59.328,,,1.0,39ca4301-71f5-4744-a183-78501e4e72de.raw_data.json,UTC-0300,hriiVjEkYE,com.sec.android.app.shealth,2024-07-24 11:23:08.000,39ca4301-71f5-4744-a183-78501e4e72de,
2024-07-24 11:27:27.568,,2024-07-24 13:36:15.627,2024-07-24 13:36:15.627,,,1.0,eca93137-7860-4068-8beb-614b9a1d6753.raw_data.json,UTC-0300,hriiVjEkYE,com.sec.android.app.shealth,2024-07-24 13:27:36.999,eca93137-7860-4068-8beb-614b9a1d6753,
2024-07-24 16:16:13.886,,2024-07-24 16:47:33.871,2024-07-24 16:47:33.871,,,1.0,5c869bcb-562e-4b49-9fb9-bf8cbe4e28b2.raw_data.json,UTC-0300,hriiVjEkYE,com.sec.android.app.shealth,2024-07-24 16:35:07.001,5c869bcb-562e-4b49-9fb9-bf8cbe4e28b2,
2024-07-25 11:04:30.776,,2024-07-25 11:11:42.192,2024-07-25 11:11:42.032,,,2.0,c5e61c24-a484-4f0e-9592-d28a79cb3265.raw_data.json,UTC-0300,hriiVjEkYE,com.sec.android.app.shealth,2024-07-25 11:07:00.000,c5e61c24-a484-4f0e-9592-d28a79cb3265,
2024-07-25 11:11:44.460,,2024-07-25 11:20:28.654,2024-07-25 11:20:28.555,,,2.0,9159a3ff-33f5-48d6-b607-5cbac2822c3b.raw_data.json,UTC-0300,hriiVjEkYE,com.sec.android.app.shealth,2024-07-25 11:18:57.000,9159a3ff-33f5-48d6-b607-5cbac2822c3b,
2024-07-25 11:18:57.000,,2024-07-25 13:02:34.891,2024-07-25 13:02:34.891,,,1.0,ec33e49b-192f-45dd-b9f3-11d029cfad5f.raw_data.json,UTC-0300,hriiVjEkYE,com.sec.android.app.shealth,2024-07-25 12:53:11.000,ec33e49b-192f-45dd-b9f3-11d029cfad5f,
2024-07-25 15:27:55.085,,2024-07-25 16:00:45.238,2024-07-25 15:55:41.388,,,2.0,c4638243-40f6-49f3-ac15-34086d4f80c7.raw_data.json,UTC-0300,hriiVjEkYE,com.sec.android.app.shealth,2024-07-25 15:55:28.001,c4638243-40f6-49f3-ac15-34086d4f80c7,
2024-07-25 18:55:08.241,,2024-07-25 19:34:52.958,2024-07-25 19:34:52.958,,,1.0,70d2b35d-ef15-4ba8-a53b-1205a4da414e.raw_data.json,UTC-0300,hriiVjEkYE,com.sec.android.app.shealth,2024-07-25 19:08:05.999,70d2b35d-ef15-4ba8-a53b-1205a4da414e,
2024-07-26 03:00:00.059,,2024-07-26 03:04:08.441,2024-07-26 03:01:27.529,,,2.0,e02abeef-e013-4a56-b634-e6a8c23de2f4.raw_data.json,UTC-0300,hriiVjEkYE,com.sec.android.app.shealth,2024-07-26 03:01:27.000,e02abeef-e013-4a56-b634-e6a8c23de2f4,
2024-07-26 03:01:27.001,,2024-07-26 03:04:08.705,2024-07-26 03:04:08.566,,,2.0,431e06d0-803e-4572-8dcf-34294479b2cc.raw_data.json,UTC-0300,hriiVjEkYE,com.sec.android.app.shealth,2024-07-26 03:03:25.000,431e06d0-803e-4572-8dcf-34294479b2cc,
2024-07-26 11:14:42.808,,2024-07-26 11:21:43.491,2024-07-26 11:21:43.370,,,2.0,8298a3f9-f541-4ee3-9b38-8c7096ea0aa7.raw_data.json,UTC-0300,hriiVjEkYE,com.sec.android.app.shealth,2024-07-26 11:17:11.000,8298a3f9-f541-4ee3-9b38-8c7096ea0aa7,
2024-07-26 11:17:11.000,,2024-07-26 11:21:43.813,2024-07-26 11:21:43.586,,,2.0,df1eb04c-9d61-432f-a591-872c01608830.raw_data.json,UTC-0300,hriiVjEkYE,com.sec.android.app.shealth,2024-07-26 11:18:43.999,df1eb04c-9d61-432f-a591-872c01608830,
2024-07-26 11:21:45.825,,2024-07-26 11:23:49.410,2024-07-26 11:23:49.410,,,1.0,28c990f1-9b33-4a82-b33d-917c40cb4943.raw_data.json,UTC-0300,hriiVjEkYE,com.sec.android.app.shealth,2024-07-26 11:22:51.000,28c990f1-9b33-4a82-b33d-917c40cb4943,
2024-07-26 13:04:08.861,,2024-07-26 15:41:12.559,2024-07-26 15:41:12.559,,,1.0,d1b4a306-40c8-45d9-95c5-86dff1a8f263.raw_data.json,UTC-0300,hriiVjEkYE,com.sec.android.app.shealth,2024-07-26 15:41:12.496,d1b4a306-40c8-45d9-95c5-86dff1a8f263,
2024-07-26 15:41:12.497,,2024-07-26 16:29:01.471,2024-07-26 16:29:01.471,,,2.0,20cb586c-c027-405f-be59-6e21d8164876.raw_data.json,UTC-0300,hriiVjEkYE,com.sec.android.app.shealth,2024-07-26 16:29:01.400,20cb586c-c027-405f-be59-6e21d8164876,
2024-07-29 09:56:16.785,,2024-07-29 11:13:42.248,2024-07-29 11:13:41.926,,,2.0,b971aecd-a1ff-48b6-88c2-9171dde48035.raw_data.json,UTC-0300,hriiVjEkYE,com.sec.android.app.shealth,2024-07-29 11:08:06.000,b971aecd-a1ff-48b6-88c2-9171dde48035,
2024-07-29 11:08:06.000,,2024-07-29 11:13:42.598,2024-07-29 11:13:42.386,,,2.0,902837e8-9d8f-42a9-8391-31470617d34f.raw_data.json,UTC-0300,hriiVjEkYE,com.sec.android.app.shealth,2024-07-29 11:09:41.000,902837e8-9d8f-42a9-8391-31470617d34f,
2024-07-29 13:01:43.964,,2024-07-29 14:46:00.838,2024-07-29 14:46:00.838,,,1.0,7ba2e92a-5e10-4fe5-822a-0aacc1c3bc82.raw_data.json,UTC-0300,hriiVjEkYE,com.sec.android.app.shealth,2024-07-29 13:31:25.000,7ba2e92a-5e10-4fe5-822a-0aacc1c3bc82,
2024-07-29 15:30:25.263,,2024-07-29 16:13:41.413,2024-07-29 16:04:57.344,,,2.0,dde53793-393d-4dc5-87fa-9fbcc6dc67a6.raw_data.json,UTC-0300,hriiVjEkYE,com.sec.android.app.shealth,2024-07-29 16:04:56.000,dde53793-393d-4dc5-87fa-9fbcc6dc67a6,
2024-07-30 17:18:54.747,,2024-07-30 17:24:45.139,2024-07-30 17:24:45.139,,,1.0,8f73eff8-9f9e-4421-9e98-8207c7f8d94a.raw_data.json,UTC-0300,hriiVjEkYE,com.sec.android.app.shealth,2024-07-30 17:22:30.000,8f73eff8-9f9e-4421-9e98-8207c7f8d94a,
2024-07-31 11:15:00.759,,2024-07-31 12:18:38.451,2024-07-31 12:18:38.451,,,4.0,c6cb71f1-d850-4532-96b5-2a9992996fa9.raw_data.json,UTC-0300,hriiVjEkYE,com.sec.android.app.shealth,2024-07-31 12:00:54.000,c6cb71f1-d850-4532-96b5-2a9992996fa9,
2024-07-31 13:21:53.788,,2024-07-31 15:57:00.141,2024-07-31 15:56:59.944,,,2.0,60b710ab-75bf-40e9-8e89-e2ee895cda9c.raw_data.json,UTC-0300,hriiVjEkYE,com.sec.android.app.shealth,2024-07-31 15:48:49.000,60b710ab-75bf-40e9-8e89-e2ee895cda9c,
2024-07-31 19:35:17.822,,2024-07-31 21:04:37.762,2024-07-31 21:04:37.762,,,1.0,847b3e79-d86a-4ff6-8ed4-7fce8d7905c9.raw_data.json,UTC-0300,hriiVjEkYE,com.sec.android.app.shealth,2024-07-31 20:02:17.000,847b3e79-d86a-4ff6-8ed4-7fce8d7905c9,
2024-07-31 23:51:34.057,,2024-08-01 00:37:40.804,2024-08-01 00:37:40.804,,,1.0,fd0999a5-c174-4a47-bcf2-8ca24452fd11.raw_data.json,UTC-0300,hriiVjEkYE,com.sec.android.app.shealth,2024-08-01 00:35:34.999,fd0999a5-c174-4a47-bcf2-8ca24452fd11,
2024-08-01 00:37:42.512,,2024-08-01 02:01:46.184,2024-08-01 02:01:46.184,,,1.0,30996508-333b-4806-b511-0da0d8d796c0.raw_data.json,UTC-0300,hriiVjEkYE,com.sec.android.app.shealth,2024-08-01 01:21:57.000,30996508-333b-4806-b511-0da0d8d796c0,
2024-08-03 00:55:06.754,,2024-08-03 01:02:33.200,2024-08-03 00:58:23.877,,,3.0,04ec5aaf-6a89-45fb-b3d8-2d601f106901.raw_data.json,UTC-0300,hriiVjEkYE,com.sec.android.app.shealth,2024-08-03 00:58:55.000,04ec5aaf-6a89-45fb-b3d8-2d601f106901,
2024-08-03 00:58:55.000,,2024-08-03 01:28:46.081,2024-08-03 01:28:46.081,,,1.0,b34cee6f-c212-4d70-a2c4-13181db217a9.raw_data.json,UTC-0300,hriiVjEkYE,com.sec.android.app.shealth,2024-08-03 01:25:30.001,b34cee6f-c212-4d70-a2c4-13181db217a9,
2024-08-04 14:07:51.404,,2024-08-04 16:48:29.005,2024-08-04 16:48:29.005,,,1.0,5a8ed238-487b-4a56-8441-bfce3b42bfad.raw_data.json,UTC-0300,hriiVjEkYE,com.sec.android.app.shealth,2024-08-04 16:47:11.000,5a8ed238-487b-4a56-8441-bfce3b42bfad,
2024-08-04 17:23:19.741,,2024-08-04 17:58:30.184,2024-08-04 17:58:30.184,,,1.0,2b56b76c-bb0b-4ae4-ba62-ccdf85b6ce7c.raw_data.json,UTC-0300,hriiVjEkYE,com.sec.android.app.shealth,2024-08-04 17:57:19.000,2b56b76c-bb0b-4ae4-ba62-ccdf85b6ce7c,
2024-08-04 18:01:34.171,,2024-08-04 18:07:01.837,2024-08-04 18:06:18.534,,,2.0,7043fa87-2dbc-455b-99bd-1a55c52610cb.raw_data.json,UTC-0300,hriiVjEkYE,com.sec.android.app.shealth,2024-08-04 18:06:21.999,7043fa87-2dbc-455b-99bd-1a55c52610cb,
2024-08-04 18:06:21.999,,2024-08-04 18:19:51.487,2024-08-04 18:19:51.385,,,2.0,f40a0165-d72e-4a26-bc5e-70eab0381ed3.raw_data.json,UTC-0300,hriiVjEkYE,com.sec.android.app.shealth,2024-08-04 18:18:43.000,f40a0165-d72e-4a26-bc5e-70eab0381ed3,
2024-08-04 18:18:43.001,,2024-08-04 18:25:44.404,2024-08-04 18:25:44.404,,,1.0,c89b039f-e69f-4750-8c0f-1e364e7e57b2.raw_data.json,UTC-0300,hriiVjEkYE,com.sec.android.app.shealth,2024-08-04 18:21:53.001,c89b039f-e69f-4750-8c0f-1e364e7e57b2,
2024-08-04 18:21:53.000,,2024-08-04 18:45:30.997,2024-08-04 18:45:30.773,,,2.0,712eb949-b0b8-4029-a71f-fabdae44b64b.raw_data.json,UTC-0300,hriiVjEkYE,com.sec.android.app.shealth,2024-08-04 18:35:17.000,712eb949-b0b8-4029-a71f-fabdae44b64b,
2024-08-04 20:29:02.256,,2024-08-04 21:19:09.826,2024-08-04 21:19:09.826,,,1.0,4ea0b715-bc19-4b87-aa77-24b2a25331c3.raw_data.json,UTC-0300,hriiVjEkYE,com.sec.android.app.shealth,2024-08-04 21:15:46.000,4ea0b715-bc19-4b87-aa77-24b2a25331c3,
2024-08-05 15:26:44.404,,2024-08-05 15:46:25.395,2024-08-05 15:46:24.233,,,1.0,a8e6232a-31bf-4eee-923a-e9c3ed8ad90d.raw_data.json,UTC-0300,hriiVjEkYE,com.sec.android.app.shealth,2024-08-05 15:45:59.000,a8e6232a-31bf-4eee-923a-e9c3ed8ad90d,
2024-08-06 09:43:24.974,,2024-08-06 11:35:59.277,2024-08-06 11:35:59.277,,,4.0,23885863-f14c-4cf2-adfe-389cae3d1444.raw_data.json,UTC-0300,hriiVjEkYE,com.sec.android.app.shealth,2024-08-06 11:35:43.000,23885863-f14c-4cf2-adfe-389cae3d1444,
2024-08-06 12:57:27.861,,2024-08-06 13:40:56.664,2024-08-06 13:40:56.664,,,1.0,59e8524f-2cb4-4ac8-b2df-4062acef5688.raw_data.json,UTC-0300,hriiVjEkYE,com.sec.android.app.shealth,2024-08-06 13:27:44.000,59e8524f-2cb4-4ac8-b2df-4062acef5688,
2024-08-06 15:35:01.416,,2024-08-06 15:57:41.253,2024-08-06 15:57:41.253,,,2.0,4fb7564f-176f-4da9-badd-d38985ee783f.raw_data.json,UTC-0300,hriiVjEkYE,com.sec.android.app.shealth,2024-08-06 15:57:41.029,4fb7564f-176f-4da9-badd-d38985ee783f,
2024-08-07 09:50:00.516,,2024-08-07 11:14:52.977,2024-08-07 11:13:16.959,,,2.0,53ad8964-f623-41e3-a41d-18c8afc04a2f.raw_data.json,UTC-0300,hriiVjEkYE,com.sec.android.app.shealth,2024-08-07 11:13:29.999,53ad8964-f623-41e3-a41d-18c8afc04a2f,
2024-08-07 11:14:54.430,,2024-08-07 11:18:28.456,2024-08-07 11:18:28.231,,,2.0,bb415aa8-35f9-4cc0-810c-824471dce180.raw_data.json,UTC-0300,hriiVjEkYE,com.sec.android.app.shealth,2024-08-07 11:16:49.000,bb415aa8-35f9-4cc0-810c-824471dce180,
2024-08-07 11:16:49.000,,2024-08-07 13:42:10.780,2024-08-07 13:42:08.337,,,1.0,26b85f4a-046b-4bd1-b374-0710a136a292.raw_data.json,UTC-0300,hriiVjEkYE,com.sec.android.app.shealth,2024-08-07 13:41:10.000,26b85f4a-046b-4bd1-b374-0710a136a292,
2024-08-07 15:55:51.150,,2024-08-07 16:35:04.759,2024-08-07 16:35:04.759,,,2.0,e25f39e9-ee2a-4a4f-9f60-12b1078f12bc.raw_data.json,UTC-0300,hriiVjEkYE,com.sec.android.app.shealth,2024-08-07 16:35:04.692,e25f39e9-ee2a-4a4f-9f60-12b1078f12bc,
2024-08-07 21:56:36.865,,2024-08-07 22:23:51.884,2024-08-07 22:23:51.884,,,1.0,9e232635-6b84-4fc0-a17b-aa768ef7fc17.raw_data.json,UTC-0300,hriiVjEkYE,com.sec.android.app.shealth,2024-08-07 22:23:22.000,9e232635-6b84-4fc0-a17b-aa768ef7fc17,
2024-08-09 23:12:52.589,,2024-08-09 23:30:53.203,2024-08-09 23:30:51.875,,,1.0,6a992662-c86d-4b3e-a09a-9ddfc4f1a778.raw_data.json,UTC-0300,hriiVjEkYE,com.sec.android.app.shealth,2024-08-09 23:30:33.000,6a992662-c86d-4b3e-a09a-9ddfc4f1a778,
2024-08-11 13:59:58.181,,2024-08-11 15:05:31.798,2024-08-11 15:05:31.798,,,1.0,61fa16ac-ea1c-4934-9621-93519414920d.raw_data.json,UTC-0300,hriiVjEkYE,com.sec.android.app.shealth,2024-08-11 15:04:25.000,61fa16ac-ea1c-4934-9621-93519414920d,
2024-08-11 17:07:36.421,,2024-08-11 17:24:40.219,2024-08-11 17:24:40.219,,,1.0,28597ec2-e806-4b04-b952-0ce5612a1a03.raw_data.json,UTC-0300,hriiVjEkYE,com.sec.android.app.shealth,2024-08-11 17:24:13.001,28597ec2-e806-4b04-b952-0ce5612a1a03,
2024-08-11 20:50:02.620,,2024-08-11 23:10:48.001,2024-08-11 23:10:46.284,,,1.0,9aa18b02-72d1-4083-bc90-cdce725e57ab.raw_data.json,UTC-0300,hriiVjEkYE,com.sec.android.app.shealth,2024-08-11 23:10:15.000,9aa18b02-72d1-4083-bc90-cdce725e57ab,
2024-08-12 11:15:03.360,,2024-08-12 11:36:41.470,2024-08-12 11:36:41.470,,,1.0,08b9e1ad-6251-4013-b09b-9fa35aaa1813.raw_data.json,UTC-0300,hriiVjEkYE,com.sec.android.app.shealth,2024-08-12 11:35:35.000,08b9e1ad-6251-4013-b09b-9fa35aaa1813,
2024-08-13 10:55:01.461,,2024-08-13 11:06:09.662,2024-08-13 11:06:09.662,,,2.0,0b9a981c-eb51-41f3-90d3-6e352f2b3fe8.raw_data.json,UTC-0300,hriiVjEkYE,com.sec.android.app.shealth,2024-08-13 11:06:09.605,0b9a981c-eb51-41f3-90d3-6e352f2b3fe8,
2024-08-13 11:06:09.605,,2024-08-13 11:09:22.939,2024-08-13 11:09:22.351,,,3.0,c9cdb02f-4566-4f16-afb8-c45c065cf422.raw_data.json,UTC-0300,hriiVjEkYE,com.sec.android.app.shealth,2024-08-13 11:08:37.999,c9cdb02f-4566-4f16-afb8-c45c065cf422,
2024-08-13 15:55:52.671,,2024-08-13 16:13:51.192,2024-08-13 16:13:51.087,,,2.0,6a59d964-4006-4efe-8c6c-2363769fcfde.raw_data.json,UTC-0300,hriiVjEkYE,com.sec.android.app.shealth,2024-08-13 16:03:08.000,6a59d964-4006-4efe-8c6c-2363769fcfde,
2024-08-13 16:37:13.984,,2024-08-13 19:10:20.649,2024-08-13 19:10:20.649,,,1.0,6f5cd47a-db21-4e16-b3f6-9ce8616e7073.raw_data.json,UTC-0300,hriiVjEkYE,com.sec.android.app.shealth,2024-08-13 18:17:54.001,6f5cd47a-db21-4e16-b3f6-9ce8616e7073,
2024-08-14 16:35:12.429,,2024-08-14 16:40:19.250,2024-08-14 16:40:19.250,,,1.0,608d209a-a4bd-4214-8c8f-b937ea08aa51.raw_data.json,UTC-0300,hriiVjEkYE,com.sec.android.app.shealth,2024-08-14 16:38:08.001,608d209a-a4bd-4214-8c8f-b937ea08aa51,
2024-08-14 16:42:00.479,,2024-08-14 16:45:55.021,2024-08-14 16:45:55.021,,,1.0,585e36ec-1d46-46d2-907f-e86c4634f42a.raw_data.json,UTC-0300,hriiVjEkYE,com.sec.android.app.shealth,2024-08-14 16:44:32.000,585e36ec-1d46-46d2-907f-e86c4634f42a,
2024-08-14 16:44:32.000,,2024-08-14 16:55:01.623,2024-08-14 16:55:01.623,,,1.0,a4d74604-3f46-4109-871a-243f9abb2860.raw_data.json,UTC-0300,hriiVjEkYE,com.sec.android.app.shealth,2024-08-14 16:53:34.999,a4d74604-3f46-4109-871a-243f9abb2860,
2024-08-15 11:15:02.199,,2024-08-15 11:20:22.896,2024-08-15 11:20:22.896,,,3.0,83ccd04d-fcbe-49ce-9c77-36d2a178a0bd.raw_data.json,UTC-0300,hriiVjEkYE,com.sec.android.app.shealth,2024-08-15 11:20:22.725,83ccd04d-fcbe-49ce-9c77-36d2a178a0bd,
2024-08-15 11:20:22.725,,2024-08-15 12:50:43.651,2024-08-15 12:50:43.651,,,1.0,f625a472-2298-43b2-8bbf-59f21662691f.raw_data.json,UTC-0300,hriiVjEkYE,com.sec.android.app.shealth,2024-08-15 11:58:16.001,f625a472-2298-43b2-8bbf-59f21662691f,
2024-08-15 16:35:02.489,,2024-08-15 18:23:58.050,2024-08-15 18:23:58.050,,,1.0,28c6d216-3e8f-4859-bfcf-ce0c491c1a95.raw_data.json,UTC-0300,hriiVjEkYE,com.sec.android.app.shealth,2024-08-15 18:23:57.864,28c6d216-3e8f-4859-bfcf-ce0c491c1a95,
2024-08-17 15:18:27.633,,2024-08-17 16:22:47.112,2024-08-17 16:22:47.112,,,1.0,9b9d8972-15de-446f-b564-f7aa32aa8c12.raw_data.json,UTC-0300,hriiVjEkYE,com.sec.android.app.shealth,2024-08-17 16:22:27.000,9b9d8972-15de-446f-b564-f7aa32aa8c12,
2024-08-18 20:13:54.364,,2024-08-18 20:27:16.341,2024-08-18 20:27:15.420,,,10.0,d2458577-cfc6-484f-8dd9-96fbd21d3510.raw_data.json,UTC-0300,hriiVjEkYE,com.sec.android.app.shealth,2024-08-18 20:24:57.000,d2458577-cfc6-484f-8dd9-96fbd21d3510,
2024-08-18 23:51:52.630,,2024-08-19 00:26:03.333,2024-08-19 00:26:03.333,,,1.0,179900ef-83e9-421d-9c3e-28d6a901a759.raw_data.json,UTC-0300,hriiVjEkYE,com.sec.android.app.shealth,2024-08-19 00:14:32.000,179900ef-83e9-421d-9c3e-28d6a901a759,
2024-08-19 00:14:32.000,,2024-08-19 00:26:03.815,2024-08-19 00:26:03.607,,,2.0,fba78907-6f1b-4e35-b8fd-521a91a3263a.raw_data.json,UTC-0300,hriiVjEkYE,com.sec.android.app.shealth,2024-08-19 00:17:00.000,fba78907-6f1b-4e35-b8fd-521a91a3263a,
2024-08-19 00:17:00.000,,2024-08-19 00:26:03.912,2024-08-19 00:26:03.912,,,1.0,b3f424e1-7765-4161-a308-63b958a0841f.raw_data.json,UTC-0300,hriiVjEkYE,com.sec.android.app.shealth,2024-08-19 00:18:13.000,b3f424e1-7765-4161-a308-63b958a0841f,
2024-08-19 00:18:13.000,,2024-08-19 00:26:04.029,2024-08-19 00:26:04.029,,,1.0,3a0fa425-e46f-4769-9db7-a6dbb82727dc.raw_data.json,UTC-0300,hriiVjEkYE,com.sec.android.app.shealth,2024-08-19 00:19:41.000,3a0fa425-e46f-4769-9db7-a6dbb82727dc,
2024-08-19 13:00:05.801,,2024-08-19 17:40:34.746,2024-08-19 17:40:34.746,,,1.0,04bfc1d8-c786-4c50-819c-a58a64222c94.raw_data.json,UTC-0300,hriiVjEkYE,com.sec.android.app.shealth,2024-08-19 17:40:17.000,04bfc1d8-c786-4c50-819c-a58a64222c94,
2024-08-20 15:55:02.221,,2024-08-20 16:35:14.405,2024-08-20 16:35:14.405,,,2.0,55873624-3a04-4f62-bb1a-76aebfa0df3c.raw_data.json,UTC-0300,hriiVjEkYE,com.sec.android.app.shealth,2024-08-20 16:35:14.336,55873624-3a04-4f62-bb1a-76aebfa0df3c,
2024-08-20 22:06:39.908,,2024-08-20 23:02:00.216,2024-08-20 23:02:00.216,,,1.0,bcc5fce4-05e6-4f08-9ff0-83aa0b5f71c8.raw_data.json,UTC-0300,hriiVjEkYE,com.sec.android.app.shealth,2024-08-20 22:58:31.000,bcc5fce4-05e6-4f08-9ff0-83aa0b5f71c8,
2024-08-21 00:31:07.550,,2024-08-21 00:39:35.784,2024-08-21 00:39:35.784,,,1.0,bd0f6e80-4e3f-4ac7-b1f9-2e29cc63abcd.raw_data.json,UTC-0300,hriiVjEkYE,com.sec.android.app.shealth,2024-08-21 00:36:22.000,bd0f6e80-4e3f-4ac7-b1f9-2e29cc63abcd,
2024-08-21 00:43:31.546,,2024-08-21 00:49:25.813,2024-08-21 00:49:25.813,,,1.0,f2e5237a-7315-41a2-bc01-c5330005c664.raw_data.json,UTC-0300,hriiVjEkYE,com.sec.android.app.shealth,2024-08-21 00:47:07.000,f2e5237a-7315-41a2-bc01-c5330005c664,
2024-08-21 11:21:37.734,,2024-08-21 11:29:58.761,2024-08-21 11:29:58.584,,,2.0,d407b162-ebd6-41a3-bb82-0f5f723bc434.raw_data.json,UTC-0300,hriiVjEkYE,com.sec.android.app.shealth,2024-08-21 11:24:19.000,d407b162-ebd6-41a3-bb82-0f5f723bc434,
2024-08-21 11:24:19.000,,2024-08-21 11:29:58.945,2024-08-21 11:29:58.848,,,2.0,8c104b8e-c6b0-451a-bf0f-b670bcd2a05d.raw_data.json,UTC-0300,hriiVjEkYE,com.sec.android.app.shealth,2024-08-21 11:26:24.001,8c104b8e-c6b0-451a-bf0f-b670bcd2a05d,
2024-08-21 11:30:01.509,,2024-08-21 13:36:01.342,2024-08-21 13:36:01.342,,,1.0,50b3eecf-86ff-4536-abde-45d3efb646d1.raw_data.json,UTC-0300,hriiVjEkYE,com.sec.android.app.shealth,2024-08-21 13:31:18.000,50b3eecf-86ff-4536-abde-45d3efb646d1,
2024-08-21 13:53:22.823,,2024-08-21 16:33:56.544,2024-08-21 16:33:56.356,,,3.0,856bf7fb-e37d-4ed6-a2fc-c25bbc448dd8.raw_data.json,UTC-0300,hriiVjEkYE,com.sec.android.app.shealth,2024-08-21 16:28:51.000,856bf7fb-e37d-4ed6-a2fc-c25bbc448dd8,
2024-08-21 16:39:35.018,,2024-08-21 18:44:00.445,2024-08-21 18:44:00.445,,,1.0,500f43a1-1ae3-4338-b1ad-b30bdc7b5a0f.raw_data.json,UTC-0300,hriiVjEkYE,com.sec.android.app.shealth,2024-08-21 18:34:36.000,500f43a1-1ae3-4338-b1ad-b30bdc7b5a0f,
2024-08-24 13:23:52.972,,2024-08-24 13:53:51.556,2024-08-24 13:53:50.342,,,1.0,3bde9ee9-224d-4dc3-9bf8-0faf221eb882.raw_data.json,UTC-0300,hriiVjEkYE,com.sec.android.app.shealth,2024-08-24 13:53:35.999,3bde9ee9-224d-4dc3-9bf8-0faf221eb882,
2024-08-25 16:07:30.393,,2024-08-25 17:28:44.680,2024-08-25 17:28:44.680,,,1.0,1cd8d3c5-2f8d-445d-8ba3-604974a767ef.raw_data.json,UTC-0300,hriiVjEkYE,com.sec.android.app.shealth,2024-08-25 17:28:24.000,1cd8d3c5-2f8d-445d-8ba3-604974a767ef,
2024-08-25 19:49:48.139,,2024-08-25 19:52:24.690,2024-08-25 19:52:24.690,,,1.0,a60ea78d-71f7-4301-b918-fe8e0dbde04a.raw_data.json,UTC-0300,hriiVjEkYE,com.sec.android.app.shealth,2024-08-25 19:52:01.001,a60ea78d-71f7-4301-b918-fe8e0dbde04a,
2024-08-25 20:17:48.286,,2024-08-25 21:42:59.198,2024-08-25 21:42:59.198,,,1.0,3dbb77e6-76f2-412c-b534-d90909cfc7d9.raw_data.json,UTC-0300,hriiVjEkYE,com.sec.android.app.shealth,2024-08-25 21:41:27.000,3dbb77e6-76f2-412c-b534-d90909cfc7d9,
2024-08-27 20:02:59.719,,2024-08-27 20:25:22.775,2024-08-27 20:25:22.775,,,1.0,f92fa97e-457f-4d0c-a57c-a3baa37a0c27.raw_data.json,UTC-0300,hriiVjEkYE,com.sec.android.app.shealth,2024-08-27 20:25:22.722,f92fa97e-457f-4d0c-a57c-a3baa37a0c27,
2024-08-28 11:14:43.356,,2024-08-28 11:19:50.389,2024-08-28 11:19:48.393,,,1.0,b2496cd0-c5d7-4021-bc2e-fed767f22837.raw_data.json,UTC-0300,hriiVjEkYE,com.sec.android.app.shealth,2024-08-28 11:19:02.999,b2496cd0-c5d7-4021-bc2e-fed767f22837,
2024-08-28 11:19:50.332,,2024-08-28 11:23:57.961,2024-08-28 11:23:57.961,,,1.0,06af1885-5c98-4131-a893-9aa5526ed197.raw_data.json,UTC-0300,hriiVjEkYE,com.sec.android.app.shealth,2024-08-28 11:20:05.000,06af1885-5c98-4131-a893-9aa5526ed197,
2024-08-28 11:20:05.000,,2024-08-28 11:23:58.182,2024-08-28 11:23:58.182,,,1.0,9fdaa3ea-2f16-4ad8-bab0-daaded264f17.raw_data.json,UTC-0300,hriiVjEkYE,com.sec.android.app.shealth,2024-08-28 11:21:32.000,9fdaa3ea-2f16-4ad8-bab0-daaded264f17,
2024-08-28 15:15:30.739,,2024-08-28 15:49:29.270,2024-08-28 15:49:29.063,,,2.0,c19fd252-e2ec-4a19-b43f-51c15ad3afad.raw_data.json,UTC-0300,hriiVjEkYE,com.sec.android.app.shealth,2024-08-28 15:45:12.999,c19fd252-e2ec-4a19-b43f-51c15ad3afad,
2024-08-28 20:35:02.025,,2024-08-28 21:55:05.798,2024-08-28 21:55:05.798,,,3.0,54fdc717-5850-4cbe-b030-b695fe65ff33.raw_data.json,UTC-0300,hriiVjEkYE,com.sec.android.app.shealth,2024-08-28 21:55:05.756,54fdc717-5850-4cbe-b030-b695fe65ff33,
2024-08-29 16:42:21.619,,2024-08-29 16:49:03.916,2024-08-29 16:49:03.916,,,1.0,119a41d1-0d74-45a2-91d4-b5c7e7578519.raw_data.json,UTC-0300,hriiVjEkYE,com.sec.android.app.shealth,2024-08-29 16:45:06.000,119a41d1-0d74-45a2-91d4-b5c7e7578519,
2024-08-30 11:27:18.898,,2024-08-30 11:34:59.305,2024-08-30 11:34:59.195,,,2.0,5adc3fff-d871-4c8e-baec-782e8e36edb0.raw_data.json,UTC-0300,hriiVjEkYE,com.sec.android.app.shealth,2024-08-30 11:29:33.000,5adc3fff-d871-4c8e-baec-782e8e36edb0,
2024-08-30 11:29:33.000,,2024-08-30 11:34:59.502,2024-08-30 11:34:59.399,,,2.0,9dc9f835-ac45-4db6-988d-73e2603c2627.raw_data.json,UTC-0300,hriiVjEkYE,com.sec.android.app.shealth,2024-08-30 11:31:39.001,9dc9f835-ac45-4db6-988d-73e2603c2627,
2024-08-30 12:49:10.424,,2024-08-30 13:41:03.456,2024-08-30 13:41:03.456,,,1.0,79e009e0-fc00-4444-933f-4c654b5d8a5f.raw_data.json,UTC-0300,hriiVjEkYE,com.sec.android.app.shealth,2024-08-30 13:23:14.000,79e009e0-fc00-4444-933f-4c654b5d8a5f,
2024-08-30 13:23:14.000,,2024-08-30 13:41:03.730,2024-08-30 13:41:03.730,,,1.0,a274786f-577a-487a-a0d0-3731ce383f72.raw_data.json,UTC-0300,hriiVjEkYE,com.sec.android.app.shealth,2024-08-30 13:24:28.000,a274786f-577a-487a-a0d0-3731ce383f72,
2024-08-30 15:10:04.377,,2024-08-30 16:18:18.410,2024-08-30 16:18:18.410,,,1.0,08260fba-9a07-4906-85bd-f159abef069e.raw_data.json,UTC-0300,hriiVjEkYE,com.sec.android.app.shealth,2024-08-30 16:16:42.000,08260fba-9a07-4906-85bd-f159abef069e,
2024-08-30 16:16:42.000,,2024-08-30 16:18:20.341,2024-08-30 16:18:18.542,,,1.0,c5d1fbc3-0eab-43d7-8b15-8dd8d4ea01d7.raw_data.json,UTC-0300,hriiVjEkYE,com.sec.android.app.shealth,2024-08-30 16:17:51.000,c5d1fbc3-0eab-43d7-8b15-8dd8d4ea01d7,
2024-08-30 16:18:20.271,,2024-08-30 16:27:21.154,2024-08-30 16:27:21.154,,,1.0,8c3585cc-bfb1-4222-a1c7-8f270722104f.raw_data.json,UTC-0300,hriiVjEkYE,com.sec.android.app.shealth,2024-08-30 16:20:12.000,8c3585cc-bfb1-4222-a1c7-8f270722104f,
2024-08-31 15:08:40.204,,2024-08-31 15:15:28.553,2024-08-31 15:15:28.553,,,1.0,72b14362-02d0-4502-bb6a-fff73b1f944b.raw_data.json,UTC-0300,hriiVjEkYE,com.sec.android.app.shealth,2024-08-31 15:14:15.001,72b14362-02d0-4502-bb6a-fff73b1f944b,
2024-09-01 20:35:22.357,,2024-09-01 21:20:54.163,2024-09-01 21:20:54.163,,,1.0,899683c1-8f4e-494f-9811-163dc0c6a3aa.raw_data.json,UTC-0300,hriiVjEkYE,com.sec.android.app.shealth,2024-09-01 20:45:54.000,899683c1-8f4e-494f-9811-163dc0c6a3aa,
2024-09-03 00:23:21.515,,2024-09-03 00:28:47.586,2024-09-03 00:27:50.090,,,1.0,82666d40-2dd7-43a1-9f84-f905ef41a882.raw_data.json,UTC-0300,hriiVjEkYE,com.sec.android.app.shealth,2024-09-03 00:27:50.039,82666d40-2dd7-43a1-9f84-f905ef41a882,
2024-09-03 14:35:08.106,,2024-09-03 17:15:44.095,2024-09-03 17:15:44.095,,,1.0,078f94e9-93e8-4578-bb78-e0356d7d0ba4.raw_data.json,UTC-0300,hriiVjEkYE,com.sec.android.app.shealth,2024-09-03 17:11:21.000,078f94e9-93e8-4578-bb78-e0356d7d0ba4,
2024-09-04 11:15:01.767,,2024-09-04 11:19:31.289,2024-09-04 11:19:31.289,,,1.0,f2e635e0-5029-4ce7-9fc0-5c6530dc77de.raw_data.json,UTC-0300,hriiVjEkYE,com.sec.android.app.shealth,2024-09-04 11:17:32.000,f2e635e0-5029-4ce7-9fc0-5c6530dc77de,
2024-09-05 09:37:47.884,,2024-09-05 10:51:11.658,2024-09-05 10:51:11.658,,,1.0,23e5a3a3-ad82-4392-9fa3-c3c33e92ee5b.raw_data.json,UTC-0300,hriiVjEkYE,com.sec.android.app.shealth,2024-09-05 10:18:14.000,23e5a3a3-ad82-4392-9fa3-c3c33e92ee5b,
2024-09-05 10:18:14.000,,2024-09-05 10:51:23.618,2024-09-05 10:51:11.692,,,4.0,f08317a6-d0e5-44e1-851c-a86ea5ff52e3.raw_data.json,UTC-0300,hriiVjEkYE,com.sec.android.app.shealth,2024-09-05 10:22:13.000,f08317a6-d0e5-44e1-851c-a86ea5ff52e3,
2024-09-05 10:22:12.999,,2024-09-05 10:51:24.641,2024-09-05 10:51:24.079,,,2.0,52f9eb86-649f-4b8a-a66c-30a41fbe4171.raw_data.json,UTC-0300,hriiVjEkYE,com.sec.android.app.shealth,2024-09-05 10:23:38.000,52f9eb86-649f-4b8a-a66c-30a41fbe4171,
2024-09-05 10:23:38.000,,2024-09-05 10:51:24.832,2024-09-05 10:51:24.832,,,1.0,89d7f24f-338c-488a-a434-89ef41f85045.raw_data.json,UTC-0300,hriiVjEkYE,com.sec.android.app.shealth,2024-09-05 10:39:06.000,89d7f24f-338c-488a-a434-89ef41f85045,
2024-09-05 10:39:06.000,,2024-09-05 10:51:25.045,2024-09-05 10:51:25.045,,,1.0,3a06c768-f407-4088-8a55-209579d9eb3d.raw_data.json,UTC-0300,hriiVjEkYE,com.sec.android.app.shealth,2024-09-05 10:46:32.000,3a06c768-f407-4088-8a55-209579d9eb3d,
2024-09-05 10:46:32.000,,2024-09-05 10:51:41.682,2024-09-05 10:51:25.361,,,4.0,3f54bc23-86ba-4aeb-ab61-532837df8a6f.raw_data.json,UTC-0300,hriiVjEkYE,com.sec.android.app.shealth,2024-09-05 10:51:33.000,3f54bc23-86ba-4aeb-ab61-532837df8a6f,
2024-09-05 11:21:22.789,,2024-09-05 11:28:21.403,2024-09-05 11:28:21.403,,,1.0,94d3e2e7-b27f-49e2-a29a-0c31c74f789b.raw_data.json,UTC-0300,hriiVjEkYE,com.sec.android.app.shealth,2024-09-05 11:25:54.001,94d3e2e7-b27f-49e2-a29a-0c31c74f789b,
2024-09-05 11:25:54.001,,2024-09-05 11:28:24.036,2024-09-05 11:28:21.571,,,1.0,2772cf2e-e33a-494c-9a1d-d90b5ae5c8a7.raw_data.json,UTC-0300,hriiVjEkYE,com.sec.android.app.shealth,2024-09-05 11:28:05.000,2772cf2e-e33a-494c-9a1d-d90b5ae5c8a7,
2024-09-05 11:28:23.969,,2024-09-05 11:30:54.090,2024-09-05 11:30:41.285,,,2.0,d7cd2397-0c31-4d30-9bca-f0ac67365967.raw_data.json,UTC-0300,hriiVjEkYE,com.sec.android.app.shealth,2024-09-05 11:30:41.178,d7cd2397-0c31-4d30-9bca-f0ac67365967,
2024-09-05 15:22:57.416,,2024-09-05 16:05:52.848,2024-09-05 16:05:52.712,,,2.0,c4f428de-4f06-4cbf-a1f6-2295e1d823d1.raw_data.json,UTC-0300,hriiVjEkYE,com.sec.android.app.shealth,2024-09-05 15:48:15.000,c4f428de-4f06-4cbf-a1f6-2295e1d823d1,
2024-09-05 20:45:16.949,,2024-09-05 21:12:26.714,2024-09-05 21:12:26.714,,,1.0,a1540d79-6a12-40d0-bc72-94a59bab42f6.raw_data.json,UTC-0300,hriiVjEkYE,com.sec.android.app.shealth,2024-09-05 21:05:32.001,a1540d79-6a12-40d0-bc72-94a59bab42f6,
2024-09-05 21:05:32.001,,2024-09-05 21:20:10.838,2024-09-05 21:20:10.728,,,2.0,102dd55e-5a7e-4865-a34b-6c4a0fc5e845.raw_data.json,UTC-0300,hriiVjEkYE,com.sec.android.app.shealth,2024-09-05 21:18:47.000,102dd55e-5a7e-4865-a34b-6c4a0fc5e845,
2024-09-05 21:18:47.000,,2024-09-05 21:22:53.660,2024-09-05 21:22:53.660,,,1.0,a6e62142-2444-4357-a964-f0caa806df49.raw_data.json,UTC-0300,hriiVjEkYE,com.sec.android.app.shealth,2024-09-05 21:21:03.000,a6e62142-2444-4357-a964-f0caa806df49,
2024-09-05 23:00:51.472,,2024-09-05 23:29:50.820,2024-09-05 23:29:50.820,,,1.0,22ad4100-9e3e-4d2d-b195-91fa4bc31069.raw_data.json,UTC-0300,hriiVjEkYE,com.sec.android.app.shealth,2024-09-05 23:17:08.000,22ad4100-9e3e-4d2d-b195-91fa4bc31069,
2024-09-06 03:00:05.836,,2024-09-06 03:44:15.899,2024-09-06 03:44:15.899,,,1.0,4926e70c-f4c5-4d91-8994-095cb382cf2d.raw_data.json,UTC-0300,hriiVjEkYE,com.sec.android.app.shealth,2024-09-06 03:44:15.754,4926e70c-f4c5-4d91-8994-095cb382cf2d,
2024-09-11 09:50:00.188,,2024-09-11 10:23:22.589,2024-09-11 10:23:22.481,,,3.0,28f3fa58-424c-4ae4-b809-9b04eeb32a6d.raw_data.json,UTC-0300,hriiVjEkYE,com.sec.android.app.shealth,2024-09-11 10:18:38.000,28f3fa58-424c-4ae4-b809-9b04eeb32a6d,
2024-09-11 10:18:38.000,,2024-09-11 10:24:11.204,2024-09-11 10:23:22.642,,,3.0,45d96a0a-9ebd-4093-a0fd-41d5c2850096.raw_data.json,UTC-0300,hriiVjEkYE,com.sec.android.app.shealth,2024-09-11 10:20:41.001,45d96a0a-9ebd-4093-a0fd-41d5c2850096,
2024-09-11 10:20:41.000,,2024-09-11 10:24:28.791,2024-09-11 10:24:23.877,,,10.0,1c8fc0bb-ba53-45fa-964a-e07546f4ec01.raw_data.json,UTC-0300,hriiVjEkYE,com.sec.android.app.shealth,2024-09-11 10:23:50.000,1c8fc0bb-ba53-45fa-964a-e07546f4ec01,
2024-09-11 10:24:28.728,,2024-09-11 10:54:30.662,2024-09-11 10:54:30.127,,,4.0,0ad10413-6ae9-421a-9c2d-5e12df88a5ad.raw_data.json,UTC-0300,hriiVjEkYE,com.sec.android.app.shealth,2024-09-11 10:50:02.000,0ad10413-6ae9-421a-9c2d-5e12df88a5ad,
2024-09-11 11:15:02.854,,2024-09-11 11:35:29.081,2024-09-11 11:34:36.404,,,6.0,6392b562-8802-4379-8427-794202f4707c.raw_data.json,UTC-0300,hriiVjEkYE,com.sec.android.app.shealth,2024-09-11 11:34:36.333,6392b562-8802-4379-8427-794202f4707c,
2024-09-11 11:37:30.451,,2024-09-11 13:40:45.396,2024-09-11 13:40:45.396,,,1.0,1484fb5f-44ca-40d2-b2a1-ba4a5d7b6398.raw_data.json,UTC-0300,hriiVjEkYE,com.sec.android.app.shealth,2024-09-11 13:35:04.000,1484fb5f-44ca-40d2-b2a1-ba4a5d7b6398,
2024-09-11 16:15:01.864,,2024-09-11 18:55:16.857,2024-09-11 18:55:16.857,,,2.0,a5dd95f3-f828-4b05-ae60-4c51904c0b69.raw_data.json,UTC-0300,hriiVjEkYE,com.sec.android.app.shealth,2024-09-11 18:55:16.775,a5dd95f3-f828-4b05-ae60-4c51904c0b69,
2024-09-11 18:55:16.775,,2024-09-11 21:56:23.695,2024-09-11 21:56:23.695,,,1.0,a7f44791-1ef1-40d7-b1e6-c0aa28c655d1.raw_data.json,UTC-0300,hriiVjEkYE,com.sec.android.app.shealth,2024-09-11 21:56:23.513,a7f44791-1ef1-40d7-b1e6-c0aa28c655d1,
2024-09-11 22:15:11.864,,2024-09-11 22:22:35.060,2024-09-11 22:22:15.009,,,4.0,449e955b-2816-4acc-9fab-522a9ca0860f.raw_data.json,UTC-0300,hriiVjEkYE,com.sec.android.app.shealth,2024-09-11 22:22:14.963,449e955b-2816-4acc-9fab-522a9ca0860f,
2024-09-12 04:26:09.687,,2024-09-12 05:01:46.114,2024-09-12 05:01:45.904,,,2.0,2bc2741b-2228-437d-8630-06b942674c78.raw_data.json,UTC-0300,hriiVjEkYE,com.sec.android.app.shealth,2024-09-12 04:47:28.000,2bc2741b-2228-437d-8630-06b942674c78,
2024-09-12 04:47:28.000,,2024-09-12 05:01:46.309,2024-09-12 05:01:46.217,,,2.0,4055ef85-ac97-4b5a-8a00-68ad220bc560.raw_data.json,UTC-0300,hriiVjEkYE,com.sec.android.app.shealth,2024-09-12 05:01:04.000,4055ef85-ac97-4b5a-8a00-68ad220bc560,
2024-09-12 20:35:27.620,,2024-09-12 20:53:58.263,2024-09-12 20:53:58.263,,,1.0,2ba25063-0913-49da-89fc-b9c6ad9f5e2b.raw_data.json,UTC-0300,hriiVjEkYE,com.sec.android.app.shealth,2024-09-12 20:52:36.000,2ba25063-0913-49da-89fc-b9c6ad9f5e2b,
2024-09-13 00:46:23.243,,2024-09-13 00:54:21.242,2024-09-13 00:54:21.242,,,1.0,1e7ca0e4-ad56-4879-ae29-a1d1d124094d.raw_data.json,UTC-0300,hriiVjEkYE,com.sec.android.app.shealth,2024-09-13 00:51:55.000,1e7ca0e4-ad56-4879-ae29-a1d1d124094d,
2024-09-13 11:13:55.889,,2024-09-13 11:32:03.830,2024-09-13 11:32:03.659,,,2.0,ab6881ef-f427-49ae-8134-282b3f824c73.raw_data.json,UTC-0300,hriiVjEkYE,com.sec.android.app.shealth,2024-09-13 11:30:42.000,ab6881ef-f427-49ae-8134-282b3f824c73,
2024-09-13 11:32:06.534,,2024-09-13 11:35:02.483,2024-09-13 11:35:02.483,,,2.0,9bbf5502-9b8a-40df-af17-4d5eeb055205.raw_data.json,UTC-0300,hriiVjEkYE,com.sec.android.app.shealth,2024-09-13 11:35:02.435,9bbf5502-9b8a-40df-af17-4d5eeb055205,
2024-09-13 12:35:30.790,,2024-09-13 15:01:03.928,2024-09-13 15:01:03.928,,,1.0,5b126ed6-d8a9-4453-840a-451cc5d2f821.raw_data.json,UTC-0300,hriiVjEkYE,com.sec.android.app.shealth,2024-09-13 15:01:03.778,5b126ed6-d8a9-4453-840a-451cc5d2f821,
2024-09-13 15:01:03.778,,2024-09-13 15:30:47.217,2024-09-13 15:30:46.930,,,3.0,5be62bd8-925f-4deb-a3a0-6b4e6a2afe64.raw_data.json,UTC-0300,hriiVjEkYE,com.sec.android.app.shealth,2024-09-13 15:23:04.000,5be62bd8-925f-4deb-a3a0-6b4e6a2afe64,
2024-09-13 15:51:09.989,,2024-09-13 16:13:45.320,2024-09-13 16:13:45.320,,,1.0,ad8cf885-f254-4913-be25-5e1b8def37c1.raw_data.json,UTC-0300,hriiVjEkYE,com.sec.android.app.shealth,2024-09-13 16:10:00.000,ad8cf885-f254-4913-be25-5e1b8def37c1,
2024-09-13 17:30:38.274,,2024-09-13 21:15:18.101,2024-09-13 21:15:17.538,,,2.0,1b7ad499-8cc0-4f62-82bc-cde214b53966.raw_data.json,UTC-0300,hriiVjEkYE,com.sec.android.app.shealth,2024-09-13 21:09:26.000,1b7ad499-8cc0-4f62-82bc-cde214b53966,
2024-09-13 21:17:35.898,,2024-09-13 22:25:49.258,2024-09-13 22:25:48.950,,,2.0,da185b91-af3b-4d7a-baa8-d843167f57cd.raw_data.json,UTC-0300,hriiVjEkYE,com.sec.android.app.shealth,2024-09-13 22:12:44.000,da185b91-af3b-4d7a-baa8-d843167f57cd,
2024-09-13 22:37:43.587,,2024-09-13 22:43:32.163,2024-09-13 22:43:16.624,,,1.0,c7faed10-8fd3-46a8-bc62-3c8bce9eaf01.raw_data.json,UTC-0300,hriiVjEkYE,com.sec.android.app.shealth,2024-09-13 22:43:16.320,c7faed10-8fd3-46a8-bc62-3c8bce9eaf01,
2024-09-14 22:08:00.168,,2024-09-14 23:30:43.138,2024-09-14 23:30:43.138,,,1.0,25f5d658-7a68-4cd6-acb8-2254d7802e15.raw_data.json,UTC-0300,hriiVjEkYE,com.sec.android.app.shealth,2024-09-14 22:15:37.000,25f5d658-7a68-4cd6-acb8-2254d7802e15,
2024-09-17 09:32:53.722,,2024-09-17 10:41:11.665,2024-09-17 10:41:11.665,,,1.0,601276b6-7c3d-4cb9-bd62-0738c1a32bdf.raw_data.json,UTC-0300,hriiVjEkYE,com.sec.android.app.shealth,2024-09-17 10:39:09.000,601276b6-7c3d-4cb9-bd62-0738c1a32bdf,
2024-09-17 11:15:01.557,,2024-09-17 11:17:50.945,2024-09-17 11:17:49.191,,,1.0,74dfb4ff-5073-4e49-8ce5-4ef44fa5e5bd.raw_data.json,UTC-0300,hriiVjEkYE,com.sec.android.app.shealth,2024-09-17 11:16:52.000,74dfb4ff-5073-4e49-8ce5-4ef44fa5e5bd,
2024-09-17 11:17:50.900,,2024-09-17 11:20:00.754,2024-09-17 11:20:00.754,,,3.0,dfe24db1-7092-46e4-9bad-d4b220c2e65b.raw_data.json,UTC-0300,hriiVjEkYE,com.sec.android.app.shealth,2024-09-17 11:19:00.999,dfe24db1-7092-46e4-9bad-d4b220c2e65b,
2024-09-17 11:19:01.000,,2024-09-17 11:21:03.417,2024-09-17 11:21:03.417,,,1.0,267ed676-520f-4343-b774-3af7d18ba5f6.raw_data.json,UTC-0300,hriiVjEkYE,com.sec.android.app.shealth,2024-09-17 11:20:15.000,267ed676-520f-4343-b774-3af7d18ba5f6,
2024-09-17 12:35:04.579,,2024-09-17 15:24:21.306,2024-09-17 15:24:21.306,,,1.0,7a19d3db-437c-4931-acac-89011dd609e7.raw_data.json,UTC-0300,hriiVjEkYE,com.sec.android.app.shealth,2024-09-17 15:24:21.229,7a19d3db-437c-4931-acac-89011dd609e7,
2024-09-17 15:24:21.228,,2024-09-17 16:00:05.383,2024-09-17 16:00:05.246,,,2.0,57b81884-6fce-4784-9abd-9643738ab007.raw_data.json,UTC-0300,hriiVjEkYE,com.sec.android.app.shealth,2024-09-17 15:48:13.000,57b81884-6fce-4784-9abd-9643738ab007,
2024-09-17 20:35:15.377,,2024-09-17 21:15:26.866,2024-09-17 21:15:26.866,,,2.0,eedd2f81-7d98-4be8-b9f1-1e65cb96eb55.raw_data.json,UTC-0300,hriiVjEkYE,com.sec.android.app.shealth,2024-09-17 21:15:26.787,eedd2f81-7d98-4be8-b9f1-1e65cb96eb55,
2024-09-18 09:58:05.251,,2024-09-18 11:29:11.639,2024-09-18 11:29:10.818,,,2.0,dbaa7fb1-8f42-48df-ac3b-4bf53866cad2.raw_data.json,UTC-0300,hriiVjEkYE,com.sec.android.app.shealth,2024-09-18 11:21:06.000,dbaa7fb1-8f42-48df-ac3b-4bf53866cad2,
2024-09-18 11:21:05.999,,2024-09-18 11:29:13.353,2024-09-18 11:29:12.416,,,3.0,99bd35a3-f14d-4257-85ac-090d0c334a38.raw_data.json,UTC-0300,hriiVjEkYE,com.sec.android.app.shealth,2024-09-18 11:22:41.999,99bd35a3-f14d-4257-85ac-090d0c334a38,
2024-09-18 11:22:42.000,,2024-09-18 11:29:14.490,2024-09-18 11:29:13.615,,,3.0,1669435d-daa5-4148-abec-6c2aabc9e611.raw_data.json,UTC-0300,hriiVjEkYE,com.sec.android.app.shealth,2024-09-18 11:27:16.001,1669435d-daa5-4148-abec-6c2aabc9e611,
2024-09-19 23:35:54.196,,2024-09-19 23:56:42.064,2024-09-19 23:56:42.064,,,1.0,258e1afa-7ece-4c26-be77-f3c3101b8011.raw_data.json,UTC-0300,hriiVjEkYE,com.sec.android.app.shealth,2024-09-19 23:56:06.999,258e1afa-7ece-4c26-be77-f3c3101b8011,
2024-09-20 02:36:43.491,,2024-09-20 02:48:57.410,2024-09-20 02:48:57.026,,,4.0,9de46e98-4182-4d1a-9c0c-c1f85affbdc5.raw_data.json,UTC-0300,hriiVjEkYE,com.sec.android.app.shealth,2024-09-20 02:48:11.000,9de46e98-4182-4d1a-9c0c-c1f85affbdc5,
2024-09-20 03:00:01.025,,2024-09-20 03:46:42.458,2024-09-20 03:46:42.458,,,1.0,459d12da-5a75-4ea0-a12a-47207039bab3.raw_data.json,UTC-0300,hriiVjEkYE,com.sec.android.app.shealth,2024-09-20 03:43:11.000,459d12da-5a75-4ea0-a12a-47207039bab3,
2024-09-20 11:15:01.932,,2024-09-20 11:21:30.830,2024-09-20 11:21:30.830,,,1.0,4a0b6a77-dca8-4268-ad19-726e6edd718e.raw_data.json,UTC-0300,hriiVjEkYE,com.sec.android.app.shealth,2024-09-20 11:16:03.999,4a0b6a77-dca8-4268-ad19-726e6edd718e,
2024-09-20 11:16:03.999,,2024-09-20 11:21:31.150,2024-09-20 11:21:30.976,,,2.0,982384c6-b55b-477b-8804-815a65ddf8cf.raw_data.json,UTC-0300,hriiVjEkYE,com.sec.android.app.shealth,2024-09-20 11:18:15.000,982384c6-b55b-477b-8804-815a65ddf8cf,
2024-09-25 00:29:20.868,,2024-09-25 00:31:11.704,2024-09-25 00:30:38.000,,,1.0,ba2cb05d-78d3-455a-afe9-e7faae5c06cc.raw_data.json,UTC-0300,hriiVjEkYE,com.sec.android.app.shealth,2024-09-25 00:30:37.948,ba2cb05d-78d3-455a-afe9-e7faae5c06cc,
2024-09-26 11:15:01.380,,2024-09-26 11:57:37.724,2024-09-26 11:57:37.724,,,5.0,11b619dc-37a2-4b8a-9c45-75e3f4f048d3.raw_data.json,UTC-0300,hriiVjEkYE,com.sec.android.app.shealth,2024-09-26 11:56:39.000,11b619dc-37a2-4b8a-9c45-75e3f4f048d3,
2024-09-26 19:15:46.014,,2024-09-26 19:42:59.781,2024-09-26 19:42:59.781,,,1.0,dbf938ba-0b76-44ff-9814-4ea520766cd9.raw_data.json,UTC-0300,hriiVjEkYE,com.sec.android.app.shealth,2024-09-26 19:42:59.708,dbf938ba-0b76-44ff-9814-4ea520766cd9,
2024-09-27 23:41:25.078,,2024-09-28 00:04:54.066,2024-09-28 00:04:54.066,,,1.0,7a4fe7e2-6f2a-448f-ba34-590eb5495b65.raw_data.json,UTC-0300,hriiVjEkYE,com.sec.android.app.shealth,2024-09-28 00:00:15.000,7a4fe7e2-6f2a-448f-ba34-590eb5495b65,
2024-09-28 11:21:55.885,,2024-09-28 11:42:00.247,2024-09-28 11:42:00.247,,,1.0,2121bb21-c85d-4634-a787-3c5871796d7b.raw_data.json,UTC-0300,hriiVjEkYE,com.sec.android.app.shealth,2024-09-28 11:35:59.999,2121bb21-c85d-4634-a787-3c5871796d7b,
2024-09-30 11:25:24.964,,2024-09-30 11:30:58.959,2024-09-30 11:30:58.816,,,2.0,996e112c-7638-4c9a-8019-590db4cd0209.raw_data.json,UTC-0300,hriiVjEkYE,com.sec.android.app.shealth,2024-09-30 11:27:54.000,996e112c-7638-4c9a-8019-590db4cd0209,
2024-09-30 11:27:54.000,,2024-09-30 11:30:59.424,2024-09-30 11:30:59.113,,,2.0,f701df23-aa55-41e6-85ac-9a2f24751d01.raw_data.json,UTC-0300,hriiVjEkYE,com.sec.android.app.shealth,2024-09-30 11:29:58.000,f701df23-aa55-41e6-85ac-9a2f24751d01,
2024-09-30 15:23:45.168,,2024-09-30 15:35:10.402,2024-09-30 15:35:10.402,,,1.0,5fff80cc-7c0b-4206-9cad-ed3108447c08.raw_data.json,UTC-0300,hriiVjEkYE,com.sec.android.app.shealth,2024-09-30 15:26:17.000,5fff80cc-7c0b-4206-9cad-ed3108447c08,
2024-09-30 15:26:17.000,,2024-09-30 15:35:10.520,2024-09-30 15:35:10.467,,,3.0,23f6118b-925c-4c02-9665-e788d92b1746.raw_data.json,UTC-0300,hriiVjEkYE,com.sec.android.app.shealth,2024-09-30 15:28:30.000,23f6118b-925c-4c02-9665-e788d92b1746,
2024-09-30 15:28:30.000,,2024-09-30 16:51:52.245,2024-09-30 16:51:52.245,,,1.0,cb2e2e94-a42a-44c5-b5f1-5f9c79f427ef.raw_data.json,UTC-0300,hriiVjEkYE,com.sec.android.app.shealth,2024-09-30 16:46:29.000,cb2e2e94-a42a-44c5-b5f1-5f9c79f427ef,
2024-09-30 16:46:29.000,,2024-09-30 16:51:52.355,2024-09-30 16:51:52.355,,,1.0,35f0ff3d-1531-4f23-8127-833c4502b8b5.raw_data.json,UTC-0300,hriiVjEkYE,com.sec.android.app.shealth,2024-09-30 16:47:31.000,35f0ff3d-1531-4f23-8127-833c4502b8b5,
2024-09-30 16:47:31.000,,2024-09-30 16:51:52.576,2024-09-30 16:51:52.576,,,1.0,bfe3f2e1-2047-4c90-a398-6cd59ceead3a.raw_data.json,UTC-0300,hriiVjEkYE,com.sec.android.app.shealth,2024-09-30 16:49:08.000,bfe3f2e1-2047-4c90-a398-6cd59ceead3a,
2024-10-01 00:35:25.714,,2024-10-01 00:38:48.247,2024-10-01 00:38:48.247,,,1.0,430e7956-405d-4aac-8ed8-f105e984ca7f.raw_data.json,UTC-0300,hriiVjEkYE,com.sec.android.app.shealth,2024-10-01 00:36:42.000,430e7956-405d-4aac-8ed8-f105e984ca7f,
2024-10-02 10:16:09.307,,2024-10-02 11:37:34.371,2024-10-02 11:33:07.188,,,2.0,c3adc961-9e75-44f6-8b8c-a19c68cd5670.raw_data.json,UTC-0300,hriiVjEkYE,com.sec.android.app.shealth,2024-10-02 11:33:20.000,c3adc961-9e75-44f6-8b8c-a19c68cd5670,
2024-10-02 11:33:20.000,,2024-10-02 11:37:34.689,2024-10-02 11:37:34.472,,,2.0,085af166-ce23-46c2-813b-84cd27a3425f.raw_data.json,UTC-0300,hriiVjEkYE,com.sec.android.app.shealth,2024-10-02 11:35:26.000,085af166-ce23-46c2-813b-84cd27a3425f,
2024-10-02 15:32:18.597,,2024-10-02 16:01:10.267,2024-10-02 16:01:10.267,,,1.0,480da8bb-87b0-412a-9237-0091cde94e7e.raw_data.json,UTC-0300,hriiVjEkYE,com.sec.android.app.shealth,2024-10-02 15:59:42.000,480da8bb-87b0-412a-9237-0091cde94e7e,
2024-10-02 15:59:42.000,,2024-10-02 16:02:14.487,2024-10-02 16:02:14.315,,,2.0,a13d9446-5968-4da6-b428-65fee7c99c7d.raw_data.json,UTC-0300,hriiVjEkYE,com.sec.android.app.shealth,2024-10-02 16:01:42.999,a13d9446-5968-4da6-b428-65fee7c99c7d,
2024-10-04 17:23:22.677,,2024-10-04 17:29:35.467,2024-10-04 17:29:35.467,,,1.0,6a87c90b-dfa6-443c-b897-5f30cd907615.raw_data.json,UTC-0300,hriiVjEkYE,com.sec.android.app.shealth,2024-10-04 17:26:56.000,6a87c90b-dfa6-443c-b897-5f30cd907615,
2024-10-05 13:08:40.352,,2024-10-05 13:33:01.811,2024-10-05 13:33:01.811,,,1.0,bae1a4d6-03c7-44da-ad5b-b79f4a3ffd34.raw_data.json,UTC-0300,hriiVjEkYE,com.sec.android.app.shealth,2024-10-05 13:17:22.000,bae1a4d6-03c7-44da-ad5b-b79f4a3ffd34,
2024-10-05 21:35:27.450,,2024-10-05 21:43:49.016,2024-10-05 21:43:49.016,,,1.0,552930af-a83b-41f6-8fdf-1aa101161fba.raw_data.json,UTC-0300,hriiVjEkYE,com.sec.android.app.shealth,2024-10-05 21:42:26.000,552930af-a83b-41f6-8fdf-1aa101161fba,
2024-10-06 03:00:00.000,,2024-10-06 03:00:01.133,2024-10-06 03:00:01.133,,,1.0,fc685a3a-aabc-4008-86bc-754886c3a5c2.raw_data.json,UTC-0300,hriiVjEkYE,com.sec.android.app.shealth,2024-10-06 03:00:00.962,fc685a3a-aabc-4008-86bc-754886c3a5c2,
2024-10-08 11:15:01.657,,2024-10-08 12:56:12.890,2024-10-08 12:56:12.890,,,4.0,4cbc16a8-2d04-414e-a838-b5d037922cce.raw_data.json,UTC-0300,hriiVjEkYE,com.sec.android.app.shealth,2024-10-08 12:56:12.838,4cbc16a8-2d04-414e-a838-b5d037922cce,
2024-10-08 16:15:34.342,,2024-10-08 16:22:06.677,2024-10-08 16:22:06.677,,,1.0,c5fd9924-1e94-4440-8661-6f4a2f0db541.raw_data.json,UTC-0300,hriiVjEkYE,com.sec.android.app.shealth,2024-10-08 16:21:05.000,c5fd9924-1e94-4440-8661-6f4a2f0db541,
2024-10-11 03:00:00.157,,2024-10-11 10:30:13.704,2024-10-11 10:30:13.704,,,1.0,b7052b84-7d1f-49d2-af14-c8482e4f1215.raw_data.json,UTC-0300,hriiVjEkYE,com.sec.android.app.shealth,2024-10-11 10:29:57.000,b7052b84-7d1f-49d2-af14-c8482e4f1215,
2024-10-11 11:27:55.046,,2024-10-11 11:30:59.114,2024-10-11 11:30:58.983,,,2.0,848551a2-2a3f-453b-b549-8dddbe89d848.raw_data.json,UTC-0300,hriiVjEkYE,com.sec.android.app.shealth,2024-10-11 11:29:59.000,848551a2-2a3f-453b-b549-8dddbe89d848,
2024-10-11 11:29:59.000,,2024-10-11 11:34:32.389,2024-10-11 11:34:32.263,,,2.0,b5e61d32-cc03-4ed2-b44a-1c4aedfda5b9.raw_data.json,UTC-0300,hriiVjEkYE,com.sec.android.app.shealth,2024-10-11 11:31:59.000,b5e61d32-cc03-4ed2-b44a-1c4aedfda5b9,
2024-10-11 14:35:49.780,,2024-10-11 14:49:51.986,2024-10-11 14:49:51.831,,,2.0,3296a397-c44b-4f76-ba8a-8eeb90f0a59b.raw_data.json,UTC-0300,hriiVjEkYE,com.sec.android.app.shealth,2024-10-11 14:41:43.000,3296a397-c44b-4f76-ba8a-8eeb90f0a59b,
2024-10-11 14:41:43.000,,2024-10-11 15:33:47.197,2024-10-11 15:33:47.008,,,2.0,c0db1cfd-1ea2-4b6e-8ac8-5c4f0da17c85.raw_data.json,UTC-0300,hriiVjEkYE,com.sec.android.app.shealth,2024-10-11 15:31:01.000,c0db1cfd-1ea2-4b6e-8ac8-5c4f0da17c85,
2024-10-11 15:31:01.000,,2024-10-11 15:36:47.481,2024-10-11 15:36:47.281,,,2.0,de42275b-c0bb-4094-8d98-a83770084e31.raw_data.json,UTC-0300,hriiVjEkYE,com.sec.android.app.shealth,2024-10-11 15:35:33.000,de42275b-c0bb-4094-8d98-a83770084e31,
2024-10-11 15:35:33.000,,2024-10-11 15:40:27.429,2024-10-11 15:40:27.271,,,2.0,ac2be416-9d2f-4e69-8ed0-7b68dbb29cd7.raw_data.json,UTC-0300,hriiVjEkYE,com.sec.android.app.shealth,2024-10-11 15:37:19.000,ac2be416-9d2f-4e69-8ed0-7b68dbb29cd7,
2024-10-11 17:54:38.528,,2024-10-11 18:20:10.573,2024-10-11 18:20:10.317,,,3.0,235867f7-26ea-4913-b9d7-8bc53f381365.raw_data.json,UTC-0300,hriiVjEkYE,com.sec.android.app.shealth,2024-10-11 18:19:06.000,235867f7-26ea-4913-b9d7-8bc53f381365,
2024-10-15 11:12:37.947,,2024-10-15 11:20:18.517,2024-10-15 11:20:18.335,,,2.0,6a945e51-68ce-4333-b9eb-eda27aecc24e.raw_data.json,UTC-0300,hriiVjEkYE,com.sec.android.app.shealth,2024-10-15 11:19:02.000,6a945e51-68ce-4333-b9eb-eda27aecc24e,
2024-10-15 11:19:02.001,,2024-10-15 11:25:18.520,2024-10-15 11:25:18.153,,,2.0,020a73ec-aac6-4921-b5b1-64b224cc1a9c.raw_data.json,UTC-0300,hriiVjEkYE,com.sec.android.app.shealth,2024-10-15 11:20:58.000,020a73ec-aac6-4921-b5b1-64b224cc1a9c,
2024-10-15 11:20:58.000,,2024-10-15 11:25:18.780,2024-10-15 11:25:18.780,,,1.0,035b9fdf-dd95-40c7-9548-ca250af23572.raw_data.json,UTC-0300,hriiVjEkYE,com.sec.android.app.shealth,2024-10-15 11:24:46.000,035b9fdf-dd95-40c7-9548-ca250af23572,
2024-10-15 13:10:53.928,,2024-10-15 14:08:06.215,2024-10-15 14:08:06.215,,,1.0,81cb468d-90f5-46f7-bf3e-b976caa17394.raw_data.json,UTC-0300,hriiVjEkYE,com.sec.android.app.shealth,2024-10-15 13:16:05.000,81cb468d-90f5-46f7-bf3e-b976caa17394,
2024-10-15 16:20:29.835,,2024-10-15 16:26:13.710,2024-10-15 16:26:13.710,,,1.0,7116e67c-26f4-4625-b7c0-312a05d15484.raw_data.json,UTC-0300,hriiVjEkYE,com.sec.android.app.shealth,2024-10-15 16:24:33.999,7116e67c-26f4-4625-b7c0-312a05d15484,
2024-10-15 16:24:34.000,,2024-10-15 16:27:13.457,2024-10-15 16:27:13.118,,,2.0,20cc766f-cef3-4361-ab1f-2a522bd862a0.raw_data.json,UTC-0300,hriiVjEkYE,com.sec.android.app.shealth,2024-10-15 16:26:33.000,20cc766f-cef3-4361-ab1f-2a522bd862a0,
2024-10-15 17:12:18.042,,2024-10-15 19:17:56.661,2024-10-15 19:17:56.661,,,1.0,de0587f6-3cf7-456a-82b7-cfb4fd416890.raw_data.json,UTC-0300,hriiVjEkYE,com.sec.android.app.shealth,2024-10-15 18:50:15.000,de0587f6-3cf7-456a-82b7-cfb4fd416890,
2024-10-16 11:35:49.429,,2024-10-16 11:42:55.129,2024-10-16 11:42:54.957,,,2.0,d7a075ef-924b-4edf-b636-98949554df94.raw_data.json,UTC-0300,hriiVjEkYE,com.sec.android.app.shealth,2024-10-16 11:37:47.000,d7a075ef-924b-4edf-b636-98949554df94,
2024-10-16 11:37:47.000,,2024-10-16 11:42:55.610,2024-10-16 11:42:55.387,,,2.0,d6ab1396-dbc3-424d-9725-f3a1c2f1d83a.raw_data.json,UTC-0300,hriiVjEkYE,com.sec.android.app.shealth,2024-10-16 11:39:47.000,d6ab1396-dbc3-424d-9725-f3a1c2f1d83a,
2024-10-16 15:04:18.910,,2024-10-16 16:01:32.203,2024-10-16 16:01:31.852,,,2.0,8e9cf63f-6485-45c4-9835-fd23f26fc6b7.raw_data.json,UTC-0300,hriiVjEkYE,com.sec.android.app.shealth,2024-10-16 15:59:28.000,8e9cf63f-6485-45c4-9835-fd23f26fc6b7,
2024-10-16 22:06:10.340,,2024-10-17 00:28:37.687,2024-10-17 00:28:37.687,,,1.0,39054498-4074-48a0-b415-83e11e339062.raw_data.json,UTC-0300,hriiVjEkYE,com.sec.android.app.shealth,2024-10-17 00:24:17.000,39054498-4074-48a0-b415-83e11e339062,
2024-10-18 11:24:28.603,,2024-10-18 11:27:48.952,2024-10-18 11:27:48.716,,,2.0,83687e01-9167-4d70-bcf3-a6acedb0d7ab.raw_data.json,UTC-0300,hriiVjEkYE,com.sec.android.app.shealth,2024-10-18 11:26:40.000,83687e01-9167-4d70-bcf3-a6acedb0d7ab,
2024-10-18 11:26:39.999,,2024-10-18 11:30:03.486,2024-10-18 11:28:05.650,,,2.0,f5dcf55d-75a7-47f2-8e39-fb5d2bdd388b.raw_data.json,UTC-0300,hriiVjEkYE,com.sec.android.app.shealth,2024-10-18 11:28:37.999,f5dcf55d-75a7-47f2-8e39-fb5d2bdd388b,
2024-10-18 15:56:40.223,,2024-10-18 18:45:46.225,2024-10-18 18:45:46.225,,,3.0,3d848773-4d59-4bd9-a9db-dfe7cfb673f9.raw_data.json,UTC-0300,hriiVjEkYE,com.sec.android.app.shealth,2024-10-18 18:45:46.165,3d848773-4d59-4bd9-a9db-dfe7cfb673f9,
2024-10-19 21:44:11.067,,2024-10-19 23:16:20.403,2024-10-19 23:16:20.403,,,1.0,ba60a436-aee1-424c-ba59-ec91018a3cb7.raw_data.json,UTC-0300,hriiVjEkYE,com.sec.android.app.shealth,2024-10-19 22:39:04.000,ba60a436-aee1-424c-ba59-ec91018a3cb7,
2024-10-20 16:41:05.827,,2024-10-20 16:55:45.499,2024-10-20 16:55:45.499,,,1.0,270796f6-9d01-48ee-a7d5-b26482767afa.raw_data.json,UTC-0300,hriiVjEkYE,com.sec.android.app.shealth,2024-10-20 16:54:55.001,270796f6-9d01-48ee-a7d5-b26482767afa,
2024-10-20 19:18:35.652,,2024-10-20 19:21:00.596,2024-10-20 19:21:00.596,,,1.0,c871f971-34f8-4f81-89ed-67cf3defb941.raw_data.json,UTC-0300,hriiVjEkYE,com.sec.android.app.shealth,2024-10-20 19:20:19.001,c871f971-34f8-4f81-89ed-67cf3defb941,
2024-10-20 19:20:19.000,,2024-10-20 23:34:57.857,2024-10-20 23:34:57.857,,,1.0,b39b8403-7182-47e7-9ae5-b5d62a3032f5.raw_data.json,UTC-0300,hriiVjEkYE,com.sec.android.app.shealth,2024-10-20 23:25:49.000,b39b8403-7182-47e7-9ae5-b5d62a3032f5,
2024-10-20 23:34:59.411,,2024-10-21 01:04:23.973,2024-10-21 01:04:23.973,,,1.0,84b23d24-5503-4f9c-96cc-11726381e37f.raw_data.json,UTC-0300,hriiVjEkYE,com.sec.android.app.shealth,2024-10-21 01:02:17.000,84b23d24-5503-4f9c-96cc-11726381e37f,
2024-10-21 10:09:20.411,,2024-10-21 11:29:27.308,2024-10-21 11:29:27.095,,,2.0,5ce8cfb0-5a90-4ebf-96c8-d84aa92ba411.raw_data.json,UTC-0300,hriiVjEkYE,com.sec.android.app.shealth,2024-10-21 11:28:26.999,5ce8cfb0-5a90-4ebf-96c8-d84aa92ba411,
2024-10-21 11:28:27.000,,2024-10-21 11:30:51.117,2024-10-21 11:30:50.841,,,2.0,71834253-f282-4c72-b079-05a7109b8c73.raw_data.json,UTC-0300,hriiVjEkYE,com.sec.android.app.shealth,2024-10-21 11:29:58.000,71834253-f282-4c72-b079-05a7109b8c73,
2024-10-21 11:29:58.000,,2024-10-21 11:33:50.091,2024-10-21 11:33:50.091,,,1.0,8f7f5c5e-e3e2-458a-ade8-b8c6e1c3d24c.raw_data.json,UTC-0300,hriiVjEkYE,com.sec.android.app.shealth,2024-10-21 11:32:56.001,8f7f5c5e-e3e2-458a-ade8-b8c6e1c3d24c,
2024-10-21 15:55:31.403,,2024-10-21 16:10:22.962,2024-10-21 16:10:22.962,,,2.0,f8783312-fd19-453e-ad52-23c3a952bc94.raw_data.json,UTC-0300,hriiVjEkYE,com.sec.android.app.shealth,2024-10-21 16:10:22.924,f8783312-fd19-453e-ad52-23c3a952bc94,
2024-10-22 16:29:38.478,,2024-10-22 16:34:55.743,2024-10-22 16:34:55.743,,,1.0,45cd07cc-6940-48f2-9a18-306fb3a9820c.raw_data.json,UTC-0300,hriiVjEkYE,com.sec.android.app.shealth,2024-10-22 16:33:12.000,45cd07cc-6940-48f2-9a18-306fb3a9820c,
2024-10-24 11:09:29.262,,2024-10-24 12:31:35.808,2024-10-24 12:31:35.808,,,1.0,af0aff07-bf9a-42ad-9f91-eef5d2c7bc05.raw_data.json,UTC-0300,hriiVjEkYE,com.sec.android.app.shealth,2024-10-24 12:31:03.999,af0aff07-bf9a-42ad-9f91-eef5d2c7bc05,
2024-10-26 22:43:52.446,,2024-10-27 02:43:43.710,2024-10-27 02:43:43.710,,,1.0,3d2b4023-579a-437a-a736-4a012175589b.raw_data.json,UTC-0300,hriiVjEkYE,com.sec.android.app.shealth,2024-10-27 02:43:36.001,3d2b4023-579a-437a-a736-4a012175589b,
2024-10-28 11:05:51.638,,2024-10-28 11:07:48.785,2024-10-28 11:07:48.785,,,3.0,f171ce77-811b-4cd2-8fad-c9aedcd9a2ca.raw_data.json,UTC-0300,hriiVjEkYE,com.sec.android.app.shealth,2024-10-28 11:07:29.000,f171ce77-811b-4cd2-8fad-c9aedcd9a2ca,
2024-10-28 11:07:29.000,,2024-10-28 11:11:56.676,2024-10-28 11:11:54.694,,,4.0,ae28a0e8-c94f-48ef-9a9b-2da5daf1be49.raw_data.json,UTC-0300,hriiVjEkYE,com.sec.android.app.shealth,2024-10-28 11:11:18.000,ae28a0e8-c94f-48ef-9a9b-2da5daf1be49,
2024-10-28 11:15:02.360,,2024-10-28 11:40:41.483,2024-10-28 11:39:03.283,,,3.0,dca64215-f8f5-4d46-a9f1-2ce8865d6ab9.raw_data.json,UTC-0300,hriiVjEkYE,com.sec.android.app.shealth,2024-10-28 11:39:24.000,dca64215-f8f5-4d46-a9f1-2ce8865d6ab9,
2024-10-28 16:35:18.351,,2024-10-28 17:11:46.556,2024-10-28 17:11:46.556,,,2.0,49ba5af0-7d7f-43c7-b76e-60bec989cc93.raw_data.json,UTC-0300,hriiVjEkYE,com.sec.android.app.shealth,2024-10-28 17:11:46.431,49ba5af0-7d7f-43c7-b76e-60bec989cc93,
2024-10-30 10:08:21.013,,2024-10-30 11:34:09.236,2024-10-30 11:34:09.078,,,2.0,a1cc4e4f-00ab-4c3c-969e-91c468078570.raw_data.json,UTC-0300,hriiVjEkYE,com.sec.android.app.shealth,2024-10-30 11:29:07.000,a1cc4e4f-00ab-4c3c-969e-91c468078570,
2024-10-30 11:29:07.000,,2024-10-30 11:34:09.507,2024-10-30 11:34:09.364,,,2.0,85652ee7-43db-427c-ae64-cbcc910958ce.raw_data.json,UTC-0300,hriiVjEkYE,com.sec.android.app.shealth,2024-10-30 11:31:19.001,85652ee7-43db-427c-ae64-cbcc910958ce,
2024-10-30 16:10:31.628,,2024-10-30 17:03:22.263,2024-10-30 17:03:22.263,,,1.0,bd5f78a7-6699-46b8-873a-92e914ee7944.raw_data.json,UTC-0300,hriiVjEkYE,com.sec.android.app.shealth,2024-10-30 16:24:47.000,bd5f78a7-6699-46b8-873a-92e914ee7944,
2024-10-30 16:24:47.000,,2024-10-30 17:03:22.866,2024-10-30 17:03:22.565,,,2.0,86f5fab6-b2e4-46f7-b25c-41c0ce6e9c0c.raw_data.json,UTC-0300,hriiVjEkYE,com.sec.android.app.shealth,2024-10-30 16:26:47.000,86f5fab6-b2e4-46f7-b25c-41c0ce6e9c0c,
2024-10-31 03:00:00.283,,2024-10-31 16:34:17.888,2024-10-31 16:34:17.888,,,1.0,6543678a-79b3-4d45-ab35-d80eaff9f197.raw_data.json,UTC-0300,hriiVjEkYE,com.sec.android.app.shealth,2024-10-31 16:31:34.000,6543678a-79b3-4d45-ab35-d80eaff9f197,
2024-10-31 16:31:34.000,,2024-10-31 17:13:46.996,2024-10-31 17:13:46.996,,,1.0,389bb434-4a6d-4383-a1a3-28d19640f0f8.raw_data.json,UTC-0300,hriiVjEkYE,com.sec.android.app.shealth,2024-10-31 17:13:23.000,389bb434-4a6d-4383-a1a3-28d19640f0f8,
2024-11-01 03:00:00.487,,2024-11-01 11:39:26.779,2024-11-01 11:39:26.569,,,2.0,b4817478-837e-4f51-ab2c-d53c6f461b75.raw_data.json,UTC-0300,hriiVjEkYE,com.sec.android.app.shealth,2024-11-01 11:36:18.999,b4817478-837e-4f51-ab2c-d53c6f461b75,
2024-11-01 11:36:19.000,,2024-11-01 11:39:27.019,2024-11-01 11:39:27.019,,,1.0,9f113fa6-a42f-4805-969e-2413028ff4be.raw_data.json,UTC-0300,hriiVjEkYE,com.sec.android.app.shealth,2024-11-01 11:37:40.000,9f113fa6-a42f-4805-969e-2413028ff4be,
2024-11-01 11:37:40.000,,2024-11-01 16:26:47.910,2024-11-01 16:26:47.910,,,1.0,900aee80-5509-43cc-9813-20c4ab46020d.raw_data.json,UTC-0300,hriiVjEkYE,com.sec.android.app.shealth,2024-11-01 16:03:06.000,900aee80-5509-43cc-9813-20c4ab46020d,
2024-11-01 16:03:06.000,,2024-11-01 16:26:48.155,2024-11-01 16:26:48.032,,,2.0,b62e631c-4c18-4777-ae82-d4ee3efdb1ee.raw_data.json,UTC-0300,hriiVjEkYE,com.sec.android.app.shealth,2024-11-01 16:04:52.000,b62e631c-4c18-4777-ae82-d4ee3efdb1ee,
2024-11-01 16:04:52.000,,2024-11-02 02:58:22.669,2024-11-02 02:58:22.669,,,1.0,c813b57c-d1c7-4205-983d-848ce2403559.raw_data.json,UTC-0300,hriiVjEkYE,com.sec.android.app.shealth,2024-11-02 00:38:46.001,c813b57c-d1c7-4205-983d-848ce2403559,
2024-11-06 03:00:00.688,,2024-11-06 11:35:11.812,2024-11-06 11:29:32.183,,,2.0,b104fa79-abc3-4430-bc16-12a0af638dad.raw_data.json,UTC-0300,hriiVjEkYE,com.sec.android.app.shealth,2024-11-06 11:29:36.001,b104fa79-abc3-4430-bc16-12a0af638dad,
2024-11-06 11:29:36.001,,2024-11-06 11:35:11.963,2024-11-06 11:35:11.891,,,2.0,5fb11b53-6d91-4116-899c-20aee749e651.raw_data.json,UTC-0300,hriiVjEkYE,com.sec.android.app.shealth,2024-11-06 11:31:55.000,5fb11b53-6d91-4116-899c-20aee749e651,
2024-11-06 11:31:55.000,,2024-11-06 16:30:08.828,2024-11-06 16:30:08.828,,,1.0,079da28b-6f55-401e-86f9-f59ba0d31f9d.raw_data.json,UTC-0300,hriiVjEkYE,com.sec.android.app.shealth,2024-11-06 16:29:28.000,079da28b-6f55-401e-86f9-f59ba0d31f9d,
2024-11-06 16:29:28.000,,2024-11-06 16:32:13.227,2024-11-06 16:32:13.099,,,2.0,2bfe0ffa-5544-4e9b-b3b6-1f1074e81cf2.raw_data.json,UTC-0300,hriiVjEkYE,com.sec.android.app.shealth,2024-11-06 16:31:08.000,2bfe0ffa-5544-4e9b-b3b6-1f1074e81cf2,
2024-11-08 03:00:00.155,,2024-11-08 11:43:50.867,2024-11-08 11:43:50.867,,,1.0,898c9f61-d385-4e8f-8a65-d9c7c5edd00e.raw_data.json,UTC-0300,hriiVjEkYE,com.sec.android.app.shealth,2024-11-08 11:38:45.000,898c9f61-d385-4e8f-8a65-d9c7c5edd00e,
2024-11-08 11:38:45.001,,2024-11-08 11:43:51.745,2024-11-08 11:43:51.479,,,2.0,f2373740-03d3-4176-a59d-d3d3f9e99b6b.raw_data.json,UTC-0300,hriiVjEkYE,com.sec.android.app.shealth,2024-11-08 11:41:31.000,f2373740-03d3-4176-a59d-d3d3f9e99b6b,
2024-11-08 11:41:31.000,,2024-11-08 16:37:10.158,2024-11-08 16:37:10.058,,,2.0,f152d440-7a97-42e7-ae2f-01756792c5bd.raw_data.json,UTC-0300,hriiVjEkYE,com.sec.android.app.shealth,2024-11-08 16:36:07.000,f152d440-7a97-42e7-ae2f-01756792c5bd,
2024-11-09 03:00:00.629,,2024-11-09 03:18:34.148,2024-11-09 03:18:34.148,,,1.0,5197669d-6e01-41b3-be29-7f2eee9c77ee.raw_data.json,UTC-0300,hriiVjEkYE,com.sec.android.app.shealth,2024-11-09 03:18:13.000,5197669d-6e01-41b3-be29-7f2eee9c77ee,
2024-11-11 03:00:00.901,,2024-11-11 15:11:58.003,2024-11-11 15:11:58.003,,,1.0,8a0a50ce-7e00-45fc-b579-f2128ba44602.raw_data.json,UTC-0300,hriiVjEkYE,com.sec.android.app.shealth,2024-11-11 14:49:46.001,8a0a50ce-7e00-45fc-b579-f2128ba44602,
2024-11-11 14:49:46.000,,2024-11-11 15:11:58.116,2024-11-11 15:11:58.116,,,1.0,2ad09b04-6b1b-4869-941f-3cc1a9c0ed2f.raw_data.json,UTC-0300,hriiVjEkYE,com.sec.android.app.shealth,2024-11-11 14:51:54.999,2ad09b04-6b1b-4869-941f-3cc1a9c0ed2f,
2024-11-12 03:00:00.178,,2024-11-12 11:46:53.620,2024-11-12 11:46:53.489,,,2.0,d3d0fb92-23f6-4aae-9289-2ff2c918fbf5.raw_data.json,UTC-0300,hriiVjEkYE,com.sec.android.app.shealth,2024-11-12 11:42:43.000,d3d0fb92-23f6-4aae-9289-2ff2c918fbf5,
2024-11-12 11:42:43.000,,2024-11-12 11:46:53.878,2024-11-12 11:46:53.705,,,2.0,600248a9-d126-4931-9e3c-02533e7abe87.raw_data.json,UTC-0300,hriiVjEkYE,com.sec.android.app.shealth,2024-11-12 11:44:37.999,600248a9-d126-4931-9e3c-02533e7abe87,
2024-11-12 11:44:38.000,,2024-11-12 13:19:14.497,2024-11-12 13:19:14.497,,,1.0,b85381e2-9bc3-4823-bf44-fbec02c068b8.raw_data.json,UTC-0300,hriiVjEkYE,com.sec.android.app.shealth,2024-11-12 12:28:07.000,b85381e2-9bc3-4823-bf44-fbec02c068b8,
2024-11-12 12:28:06.999,,2024-11-12 16:40:18.683,2024-11-12 16:40:18.683,,,1.0,0e0234ae-2ad9-477b-9a43-d66e198dc876.raw_data.json,UTC-0300,hriiVjEkYE,com.sec.android.app.shealth,2024-11-12 16:35:01.999,0e0234ae-2ad9-477b-9a43-d66e198dc876,
2024-11-12 16:35:02.000,,2024-11-12 18:22:22.833,2024-11-12 18:22:22.833,,,1.0,1d6f11ce-c08e-4d81-ba80-63e6e24fe3ef.raw_data.json,UTC-0300,hriiVjEkYE,com.sec.android.app.shealth,2024-11-12 18:19:51.000,1d6f11ce-c08e-4d81-ba80-63e6e24fe3ef,
2024-11-13 03:00:00.718,,2024-11-13 11:46:22.096,2024-11-13 11:46:21.901,,,2.0,8c2ed894-d4d3-4232-a4da-a5fd92af8b84.raw_data.json,UTC-0300,hriiVjEkYE,com.sec.android.app.shealth,2024-11-13 11:41:32.000,8c2ed894-d4d3-4232-a4da-a5fd92af8b84,
2024-11-13 11:41:32.001,,2024-11-13 11:46:22.315,2024-11-13 11:46:22.204,,,2.0,8593198b-073b-4094-ae96-ca1885e1611d.raw_data.json,UTC-0300,hriiVjEkYE,com.sec.android.app.shealth,2024-11-13 11:43:03.999,8593198b-073b-4094-ae96-ca1885e1611d,
2024-11-13 11:43:03.999,,2024-11-13 12:53:46.342,2024-11-13 12:53:46.342,,,1.0,f5ace393-10ae-40c8-be0a-f2f5b989660e.raw_data.json,UTC-0300,hriiVjEkYE,com.sec.android.app.shealth,2024-11-13 12:32:57.000,f5ace393-10ae-40c8-be0a-f2f5b989660e,
2024-11-13 12:32:57.000,,2024-11-13 16:34:52.094,2024-11-13 16:34:52.094,,,1.0,a06e7cd0-61b9-41d1-9d7c-156cc0375748.raw_data.json,UTC-0300,hriiVjEkYE,com.sec.android.app.shealth,2024-11-13 16:27:03.000,a06e7cd0-61b9-41d1-9d7c-156cc0375748,
2024-11-13 16:27:03.000,,2024-11-13 16:34:52.308,2024-11-13 16:34:52.185,,,2.0,f28586a0-f73d-49fc-b880-cfd373a28885.raw_data.json,UTC-0300,hriiVjEkYE,com.sec.android.app.shealth,2024-11-13 16:29:07.999,f28586a0-f73d-49fc-b880-cfd373a28885,
2024-11-13 16:29:07.999,,2024-11-14 00:31:05.412,2024-11-14 00:31:05.412,,,1.0,f3dc10ef-458d-456e-8cc6-c536af68f65d.raw_data.json,UTC-0300,hriiVjEkYE,com.sec.android.app.shealth,2024-11-14 00:30:50.000,f3dc10ef-458d-456e-8cc6-c536af68f65d,
2024-11-14 03:00:00.305,,2024-11-14 16:32:00.893,2024-11-14 16:32:00.893,,,1.0,f11b2689-a77d-4bed-8ba2-8577d5c86c2e.raw_data.json,UTC-0300,hriiVjEkYE,com.sec.android.app.shealth,2024-11-14 16:29:23.999,f11b2689-a77d-4bed-8ba2-8577d5c86c2e,
2024-11-16 03:00:01.412,,2024-11-16 19:44:37.543,2024-11-16 19:44:37.543,,,1.0,027b6863-506f-4f06-9a5a-f182483c2155.raw_data.json,UTC-0300,hriiVjEkYE,com.sec.android.app.shealth,2024-11-16 19:40:49.000,027b6863-506f-4f06-9a5a-f182483c2155,
2024-11-16 19:40:49.000,,2024-11-17 00:03:34.239,2024-11-17 00:03:33.867,,,5.0,3175a678-f56d-43dc-bfcd-bd15ba814e3b.raw_data.json,UTC-0300,hriiVjEkYE,com.sec.android.app.shealth,2024-11-17 00:01:29.000,3175a678-f56d-43dc-bfcd-bd15ba814e3b,
2024-11-18 03:00:00.604,,2024-11-18 11:34:24.326,2024-11-18 11:34:24.326,,,1.0,73f909ed-74c5-4028-a9fc-ec0cd387908a.raw_data.json,UTC-0300,hriiVjEkYE,com.sec.android.app.shealth,2024-11-18 11:34:03.000,73f909ed-74c5-4028-a9fc-ec0cd387908a,
2024-11-18 11:34:03.000,,2024-11-18 11:37:18.055,2024-11-18 11:37:17.853,,,2.0,88676a6f-ce16-408e-a085-054ff49e3b4c.raw_data.json,UTC-0300,hriiVjEkYE,com.sec.android.app.shealth,2024-11-18 11:35:36.000,88676a6f-ce16-408e-a085-054ff49e3b4c,
2024-11-18 11:35:36.000,,2024-11-18 11:38:45.404,2024-11-18 11:38:45.404,,,1.0,6fe910ef-8765-4e20-b3b7-1829bd21262b.raw_data.json,UTC-0300,hriiVjEkYE,com.sec.android.app.shealth,2024-11-18 11:38:05.000,6fe910ef-8765-4e20-b3b7-1829bd21262b,
2024-11-18 11:38:05.000,,2024-11-18 16:17:16.452,2024-11-18 16:17:16.337,,,2.0,abb4a69b-2a95-4095-be1f-4b515ab1abff.raw_data.json,UTC-0300,hriiVjEkYE,com.sec.android.app.shealth,2024-11-18 16:15:10.000,abb4a69b-2a95-4095-be1f-4b515ab1abff,
2024-11-18 16:15:10.000,,2024-11-18 16:22:42.706,2024-11-18 16:22:42.706,,,1.0,b6274cdb-6b9a-4c13-b733-5188646cd8c3.raw_data.json,UTC-0300,hriiVjEkYE,com.sec.android.app.shealth,2024-11-18 16:22:16.000,b6274cdb-6b9a-4c13-b733-5188646cd8c3,
2024-11-18 16:22:16.000,,2024-11-18 16:31:31.679,2024-11-18 16:31:31.457,,,2.0,b66ffb1f-b3d2-4bec-8f27-a0982e7ce8fb.raw_data.json,UTC-0300,hriiVjEkYE,com.sec.android.app.shealth,2024-11-18 16:28:56.000,b66ffb1f-b3d2-4bec-8f27-a0982e7ce8fb,
2024-11-18 16:28:56.000,,2024-11-18 17:58:30.631,2024-11-18 17:58:30.631,,,1.0,ee098609-fe8d-4e4d-81dd-a5d905cf6645.raw_data.json,UTC-0300,hriiVjEkYE,com.sec.android.app.shealth,2024-11-18 17:57:07.000,ee098609-fe8d-4e4d-81dd-a5d905cf6645,
2024-11-19 16:07:56.952,,2024-11-20 00:16:17.096,2024-11-20 00:16:17.096,,,1.0,d75f9f1b-2eb6-466d-a2f5-9b881de372eb.raw_data.json,UTC-0300,hriiVjEkYE,com.sec.android.app.shealth,2024-11-20 00:13:57.999,d75f9f1b-2eb6-466d-a2f5-9b881de372eb,
2024-11-20 00:13:57.999,,2024-11-20 00:23:35.887,2024-11-20 00:23:35.887,,,1.0,3a9a1afc-b482-4964-9df5-2ba0f368cae3.raw_data.json,UTC-0300,hriiVjEkYE,com.sec.android.app.shealth,2024-11-20 00:23:20.999,3a9a1afc-b482-4964-9df5-2ba0f368cae3,
2024-11-20 03:00:00.660,,2024-11-20 22:18:23.290,2024-11-20 22:18:23.065,,,4.0,931b7c57-4bd7-484a-8191-ca734a39bc35.raw_data.json,UTC-0300,hriiVjEkYE,com.sec.android.app.shealth,2024-11-20 22:17:17.001,931b7c57-4bd7-484a-8191-ca734a39bc35,
2024-11-25 03:00:02.171,,2024-11-26 02:21:53.106,2024-11-26 02:21:53.106,,,1.0,8197b199-d630-4406-991f-797e7ecd4db1.raw_data.json,UTC-0300,hriiVjEkYE,com.sec.android.app.shealth,2024-11-26 01:48:11.000,8197b199-d630-4406-991f-797e7ecd4db1,
2024-11-27 03:00:00.889,,2024-11-27 11:16:27.818,2024-11-27 11:16:27.818,,,1.0,1f7d7370-99b8-475f-9864-52ee2a378f60.raw_data.json,UTC-0300,hriiVjEkYE,com.sec.android.app.shealth,2024-11-27 11:15:57.000,1f7d7370-99b8-475f-9864-52ee2a378f60,
2024-11-27 11:15:57.000,,2024-11-27 11:19:05.683,2024-11-27 11:19:05.438,,,2.0,0149fb89-c7b0-4b64-bff5-30bbee1acc9b.raw_data.json,UTC-0300,hriiVjEkYE,com.sec.android.app.shealth,2024-11-27 11:18:12.000,0149fb89-c7b0-4b64-bff5-30bbee1acc9b,
2024-11-27 11:18:12.000,,2024-11-27 12:40:57.130,2024-11-27 12:40:57.130,,,1.0,2fdd43d2-8ad9-47dd-86e9-deb38dffa7f5.raw_data.json,UTC-0300,hriiVjEkYE,com.sec.android.app.shealth,2024-11-27 12:37:56.000,2fdd43d2-8ad9-47dd-86e9-deb38dffa7f5,
2024-11-27 12:37:56.000,,2024-11-27 16:24:20.884,2024-11-27 16:24:20.884,,,1.0,d0cbd5b0-13f4-47cc-8992-ccce618fdaff.raw_data.json,UTC-0300,hriiVjEkYE,com.sec.android.app.shealth,2024-11-27 16:14:21.000,d0cbd5b0-13f4-47cc-8992-ccce618fdaff,
2024-11-27 16:14:20.999,,2024-11-27 16:34:05.959,2024-11-27 16:34:05.800,,,2.0,575e2bf1-84e4-4b0e-a233-27b3a11b9bc4.raw_data.json,UTC-0300,hriiVjEkYE,com.sec.android.app.shealth,2024-11-27 16:31:22.000,575e2bf1-84e4-4b0e-a233-27b3a11b9bc4,
2024-11-28 03:00:00.898,,2024-11-28 11:26:28.143,2024-11-28 11:26:27.976,,,2.0,0f3e3ed2-86ea-4f51-9388-4775aaa732fa.raw_data.json,UTC-0300,hriiVjEkYE,com.sec.android.app.shealth,2024-11-28 11:25:14.999,0f3e3ed2-86ea-4f51-9388-4775aaa732fa,
2024-11-28 11:25:15.000,,2024-11-28 11:41:16.545,2024-11-28 11:41:16.349,,,2.0,99cfeb6a-d09b-4869-93df-7d3d7327c98b.raw_data.json,UTC-0300,hriiVjEkYE,com.sec.android.app.shealth,2024-11-28 11:27:41.000,99cfeb6a-d09b-4869-93df-7d3d7327c98b,
2024-11-28 11:27:41.000,,2024-11-28 15:58:18.613,2024-11-28 15:58:18.613,,,1.0,335f43e6-6dbf-49e5-bc21-a699871437b8.raw_data.json,UTC-0300,hriiVjEkYE,com.sec.android.app.shealth,2024-11-28 15:57:44.000,335f43e6-6dbf-49e5-bc21-a699871437b8,
2024-11-28 15:57:44.000,,2024-11-28 16:00:02.702,2024-11-28 16:00:02.506,,,2.0,8661ed5d-30a2-44c6-a4bc-8cc7f4245ed9.raw_data.json,UTC-0300,hriiVjEkYE,com.sec.android.app.shealth,2024-11-28 15:59:39.000,8661ed5d-30a2-44c6-a4bc-8cc7f4245ed9,
2024-11-28 15:59:39.000,,2024-11-28 16:53:43.435,2024-11-28 16:53:43.435,,,1.0,e5721c40-6c45-4bcb-a76e-4921dcc3c705.raw_data.json,UTC-0300,hriiVjEkYE,com.sec.android.app.shealth,2024-11-28 16:53:25.001,e5721c40-6c45-4bcb-a76e-4921dcc3c705,
2024-12-01 19:46:44.720,,2024-12-02 00:07:10.061,2024-12-02 00:07:09.947,,,2.0,fb789da6-e444-4b14-84ba-2f5c070bc625.raw_data.json,UTC-0300,hriiVjEkYE,com.sec.android.app.shealth,2024-12-02 00:02:09.999,fb789da6-e444-4b14-84ba-2f5c070bc625,
2024-12-04 03:00:00.620,,2024-12-04 11:31:12.558,2024-12-04 11:31:12.429,,,2.0,61b202ac-d72b-4f2b-921d-04394aae6d69.raw_data.json,UTC-0300,hriiVjEkYE,com.sec.android.app.shealth,2024-12-04 11:22:56.001,61b202ac-d72b-4f2b-921d-04394aae6d69,
2024-12-04 11:22:56.001,,2024-12-04 11:31:12.795,2024-12-04 11:31:12.677,,,2.0,a0ff1b2a-f9a7-41c1-bc27-dbb11ca49de9.raw_data.json,UTC-0300,hriiVjEkYE,com.sec.android.app.shealth,2024-12-04 11:25:04.001,a0ff1b2a-f9a7-41c1-bc27-dbb11ca49de9,
2024-12-04 11:25:04.001,,2024-12-04 16:23:44.202,2024-12-04 16:23:44.202,,,1.0,d58de094-1814-46f4-8f15-af7805de8137.raw_data.json,UTC-0300,hriiVjEkYE,com.sec.android.app.shealth,2024-12-04 16:22:18.000,d58de094-1814-46f4-8f15-af7805de8137,
2024-12-04 16:22:18.000,,2024-12-04 17:03:42.743,2024-12-04 17:03:42.564,,,2.0,c19ad67a-ed37-410c-a543-82191af01e4b.raw_data.json,UTC-0300,hriiVjEkYE,com.sec.android.app.shealth,2024-12-04 16:24:14.999,c19ad67a-ed37-410c-a543-82191af01e4b,
2024-12-04 16:24:15.000,,2024-12-04 18:18:47.346,2024-12-04 18:18:47.346,,,1.0,f59cece4-08f2-427c-a15d-3e69b4d898c8.raw_data.json,UTC-0300,hriiVjEkYE,com.sec.android.app.shealth,2024-12-04 17:35:29.000,f59cece4-08f2-427c-a15d-3e69b4d898c8,
2024-12-04 17:35:28.999,,2024-12-04 19:37:33.582,2024-12-04 19:37:32.867,,,4.0,29e1f703-7d05-4e26-89d6-fe4bb1cfffca.raw_data.json,UTC-0300,hriiVjEkYE,com.sec.android.app.shealth,2024-12-04 19:26:26.000,29e1f703-7d05-4e26-89d6-fe4bb1cfffca,
2024-12-05 23:10:13.363,,2024-12-06 02:11:48.173,2024-12-06 02:11:48.173,,,1.0,3ab343f1-1b9d-45bb-bb65-f4e50eaadfde.raw_data.json,UTC-0300,hriiVjEkYE,com.sec.android.app.shealth,2024-12-06 01:59:28.999,3ab343f1-1b9d-45bb-bb65-f4e50eaadfde,
2024-12-06 01:59:28.999,,2024-12-06 02:11:48.298,2024-12-06 02:11:48.298,,,1.0,011aa645-ba78-4f56-8c01-a34fd5223c0b.raw_data.json,UTC-0300,hriiVjEkYE,com.sec.android.app.shealth,2024-12-06 02:05:02.000,011aa645-ba78-4f56-8c01-a34fd5223c0b,
2024-12-06 02:05:02.001,,2024-12-06 02:19:05.786,2024-12-06 02:19:05.664,,,3.0,0295677f-ba61-4b8e-bce0-8728fc04c760.raw_data.json,UTC-0300,hriiVjEkYE,com.sec.android.app.shealth,2024-12-06 02:15:06.000,0295677f-ba61-4b8e-bce0-8728fc04c760,
2024-12-06 03:00:00.727,,2024-12-06 03:22:51.491,2024-12-06 03:22:51.491,,,1.0,57664aef-265b-4939-90e2-a4ccb1b472f3.raw_data.json,UTC-0300,hriiVjEkYE,com.sec.android.app.shealth,2024-12-06 03:15:56.999,57664aef-265b-4939-90e2-a4ccb1b472f3,
2024-12-06 03:15:57.000,,2024-12-06 11:34:13.645,2024-12-06 11:34:13.645,,,1.0,41ac53e5-bf00-4009-9c9c-22712384d840.raw_data.json,UTC-0300,hriiVjEkYE,com.sec.android.app.shealth,2024-12-06 11:30:11.000,41ac53e5-bf00-4009-9c9c-22712384d840,
2024-12-06 11:30:11.000,,2024-12-06 11:34:13.966,2024-12-06 11:34:13.730,,,2.0,864f9ab0-b4c9-40b4-aed3-b23239638fd1.raw_data.json,UTC-0300,hriiVjEkYE,com.sec.android.app.shealth,2024-12-06 11:32:13.001,864f9ab0-b4c9-40b4-aed3-b23239638fd1,
2024-12-06 11:32:13.000,,2024-12-06 16:16:15.627,2024-12-06 16:16:15.402,,,2.0,caa0b930-a8b8-4b10-bbf0-5af53e7301da.raw_data.json,UTC-0300,hriiVjEkYE,com.sec.android.app.shealth,2024-12-06 15:58:39.999,caa0b930-a8b8-4b10-bbf0-5af53e7301da,
2024-12-06 15:58:40.000,,2024-12-06 20:42:53.312,2024-12-06 20:42:53.312,,,1.0,244b252d-36dc-456c-be14-cdcfeca26b52.raw_data.json,UTC-0300,hriiVjEkYE,com.sec.android.app.shealth,2024-12-06 20:40:13.001,244b252d-36dc-456c-be14-cdcfeca26b52,
2024-12-08 15:43:58.030,,2024-12-08 16:20:29.306,2024-12-08 16:20:29.306,,,1.0,4adfbeef-20ae-4f21-9e6c-c7d7d82ee78d.raw_data.json,UTC-0300,hriiVjEkYE,com.sec.android.app.shealth,2024-12-08 16:16:00.001,4adfbeef-20ae-4f21-9e6c-c7d7d82ee78d,
2024-12-08 16:16:00.001,,2024-12-08 19:28:36.173,2024-12-08 19:28:36.173,,,1.0,bde19e8c-a968-4bb8-8fee-c5d9d3893295.raw_data.json,UTC-0300,hriiVjEkYE,com.sec.android.app.shealth,2024-12-08 19:05:38.001,bde19e8c-a968-4bb8-8fee-c5d9d3893295,
2024-12-10 17:07:53.831,,2024-12-10 18:54:51.621,2024-12-10 18:54:51.621,,,1.0,b8723811-ebd4-4691-83a7-bf2069a93500.raw_data.json,UTC-0300,hriiVjEkYE,com.sec.android.app.shealth,2024-12-10 18:42:37.000,b8723811-ebd4-4691-83a7-bf2069a93500,
2024-12-10 18:42:37.000,,2024-12-10 23:56:55.106,2024-12-10 23:56:55.106,,,1.0,f40d56a1-2b93-4acf-8639-2dddaab5c69a.raw_data.json,UTC-0300,hriiVjEkYE,com.sec.android.app.shealth,2024-12-10 23:46:48.000,f40d56a1-2b93-4acf-8639-2dddaab5c69a,
2024-12-10 23:46:48.000,,2024-12-11 00:34:24.771,2024-12-11 00:34:24.581,,,2.0,fb5057b1-3d22-4d41-816d-58dd73144bd4.raw_data.json,UTC-0300,hriiVjEkYE,com.sec.android.app.shealth,2024-12-11 00:33:36.000,fb5057b1-3d22-4d41-816d-58dd73144bd4,
2024-12-11 03:00:00.769,,2024-12-11 16:35:13.898,2024-12-11 16:35:13.898,,,1.0,7c0e9d97-34c3-4583-af06-ec9fef1c4ead.raw_data.json,UTC-0300,hriiVjEkYE,com.sec.android.app.shealth,2024-12-11 16:34:52.000,7c0e9d97-34c3-4583-af06-ec9fef1c4ead,
2024-12-13 10:32:55.620,,2024-12-13 11:34:44.584,2024-12-13 11:34:43.761,,,2.0,d1957153-7442-42fc-a223-b3ea9b2d2c5b.raw_data.json,UTC-0300,hriiVjEkYE,com.sec.android.app.shealth,2024-12-13 11:31:44.000,d1957153-7442-42fc-a223-b3ea9b2d2c5b,
2024-12-13 11:31:44.000,,2024-12-13 11:34:44.717,2024-12-13 11:34:44.667,,,2.0,bd00a9ed-a30f-467a-aab1-f4968dd47c89.raw_data.json,UTC-0300,hriiVjEkYE,com.sec.android.app.shealth,2024-12-13 11:33:51.001,bd00a9ed-a30f-467a-aab1-f4968dd47c89,
2024-12-13 11:33:51.000,,2024-12-13 12:19:46.769,2024-12-13 12:19:46.769,,,1.0,12991748-534d-490c-a575-0f19f62809d2.raw_data.json,UTC-0300,hriiVjEkYE,com.sec.android.app.shealth,2024-12-13 12:06:03.000,12991748-534d-490c-a575-0f19f62809d2,
2024-12-13 12:06:03.001,,2024-12-13 16:37:32.552,2024-12-13 16:37:32.552,,,1.0,69b50d69-217b-479c-a12f-d67b7d8dd845.raw_data.json,UTC-0300,hriiVjEkYE,com.sec.android.app.shealth,2024-12-13 16:36:11.001,69b50d69-217b-479c-a12f-d67b7d8dd845,
2024-12-13 16:36:11.001,,2024-12-13 16:38:27.390,2024-12-13 16:38:02.390,,,2.0,152ac904-5af0-4f67-9045-6418470c2eab.raw_data.json,UTC-0300,hriiVjEkYE,com.sec.android.app.shealth,2024-12-13 16:38:01.000,152ac904-5af0-4f67-9045-6418470c2eab,
2024-12-13 16:38:01.000,,2024-12-13 18:20:29.827,2024-12-13 18:20:29.827,,,1.0,ddc8f1f3-52c2-43e6-9b4c-cc618a961db7.raw_data.json,UTC-0300,hriiVjEkYE,com.sec.android.app.shealth,2024-12-13 18:07:28.000,ddc8f1f3-52c2-43e6-9b4c-cc618a961db7,
2024-12-14 03:00:00.798,,2024-12-14 13:16:06.368,2024-12-14 13:16:06.368,,,1.0,9ae0e6fe-5b5f-479c-a9cc-a988ada312fc.raw_data.json,UTC-0300,hriiVjEkYE,com.sec.android.app.shealth,2024-12-14 13:13:46.000,9ae0e6fe-5b5f-479c-a9cc-a988ada312fc,
2024-12-20 13:18:03.741,,2024-12-20 16:01:59.370,2024-12-20 16:01:59.238,,,2.0,db5432d1-156a-4fb3-83dd-a8828ce762a8.raw_data.json,UTC-0300,hriiVjEkYE,com.sec.android.app.shealth,2024-12-20 16:01:08.000,db5432d1-156a-4fb3-83dd-a8828ce762a8,
2024-12-20 16:01:08.000,,2024-12-20 16:22:17.387,2024-12-20 16:22:17.387,,,1.0,69f7662a-878a-41a6-8746-cda3361d2629.raw_data.json,UTC-0300,hriiVjEkYE,com.sec.android.app.shealth,2024-12-20 16:21:21.000,69f7662a-878a-41a6-8746-cda3361d2629,
2024-12-20 16:21:21.000,,2024-12-20 16:29:15.207,2024-12-20 16:29:15.207,,,1.0,2276a96e-6b9e-48c8-9ab7-fa40598c5f6a.raw_data.json,UTC-0300,hriiVjEkYE,com.sec.android.app.shealth,2024-12-20 16:25:16.000,2276a96e-6b9e-48c8-9ab7-fa40598c5f6a,
2024-12-20 16:25:16.000,,2024-12-20 16:29:15.305,2024-12-20 16:29:15.305,,,1.0,3a3d4278-55de-44d7-b97a-6b6f145fb055.raw_data.json,UTC-0300,hriiVjEkYE,com.sec.android.app.shealth,2024-12-20 16:26:17.000,3a3d4278-55de-44d7-b97a-6b6f145fb055,
2024-12-20 16:26:17.001,,2024-12-20 16:29:15.574,2024-12-20 16:29:15.441,,,2.0,48839816-046e-44e1-a833-4b881071406b.raw_data.json,UTC-0300,hriiVjEkYE,com.sec.android.app.shealth,2024-12-20 16:27:48.000,48839816-046e-44e1-a833-4b881071406b,
2024-12-21 03:00:00.637,,2024-12-21 17:06:32.248,2024-12-21 17:06:32.248,,,1.0,d4f63554-1c42-417b-a7e2-f75f40ad7de6.raw_data.json,UTC-0300,hriiVjEkYE,com.sec.android.app.shealth,2024-12-21 17:06:13.000,d4f63554-1c42-417b-a7e2-f75f40ad7de6,
2024-12-29 16:21:04.654,,2024-12-29 19:19:31.050,2024-12-29 19:19:31.050,,,1.0,883998c0-9d77-48bb-a2ba-bfeeaed6e326.raw_data.json,UTC-0300,hriiVjEkYE,com.sec.android.app.shealth,2024-12-29 19:19:04.001,883998c0-9d77-48bb-a2ba-bfeeaed6e326,
2024-12-30 03:00:00.307,,2024-12-30 15:50:01.131,2024-12-30 15:50:01.131,,,1.0,cd3b1b26-a33a-4582-ab6b-d65527258bc7.raw_data.json,UTC-0300,hriiVjEkYE,com.sec.android.app.shealth,2024-12-30 15:49:22.000,cd3b1b26-a33a-4582-ab6b-d65527258bc7,
2025-01-01 03:00:00.383,,2025-01-01 04:28:52.808,2025-01-01 04:28:52.808,,,1.0,75c8f9f5-9dc1-43ef-b9f1-416a2fb4e9ea.raw_data.json,UTC-0300,hriiVjEkYE,com.sec.android.app.shealth,2025-01-01 04:27:58.000,75c8f9f5-9dc1-43ef-b9f1-416a2fb4e9ea,
2025-01-09 03:00:00.262,,2025-01-09 11:12:07.197,2025-01-09 11:12:06.284,,,2.0,359b4e8a-6c92-4956-a70a-d3f8133fb260.raw_data.json,UTC-0300,hriiVjEkYE,com.sec.android.app.shealth,2025-01-09 11:11:05.000,359b4e8a-6c92-4956-a70a-d3f8133fb260,
2025-01-09 11:11:05.000,,2025-01-09 11:14:39.139,2025-01-09 11:14:38.957,,,2.0,e01e1301-7fdd-4110-80e3-a512c0dbfd73.raw_data.json,UTC-0300,hriiVjEkYE,com.sec.android.app.shealth,2025-01-09 11:13:13.000,e01e1301-7fdd-4110-80e3-a512c0dbfd73,
2025-01-09 11:13:13.000,,2025-01-09 16:26:12.308,2025-01-09 16:26:12.308,,,1.0,7efd7d76-3f85-454e-8f6d-ec21707241ec.raw_data.json,UTC-0300,hriiVjEkYE,com.sec.android.app.shealth,2025-01-09 16:23:36.000,7efd7d76-3f85-454e-8f6d-ec21707241ec,
2025-01-09 16:23:36.000,,2025-01-09 16:30:15.082,2025-01-09 16:30:14.982,,,2.0,52e27adf-0cf6-4082-8ad9-8b147770adba.raw_data.json,UTC-0300,hriiVjEkYE,com.sec.android.app.shealth,2025-01-09 16:27:40.001,52e27adf-0cf6-4082-8ad9-8b147770adba,
2025-01-09 16:27:40.001,,2025-01-09 22:50:42.154,2025-01-09 22:50:42.154,,,1.0,97b72c44-7449-4b08-a77b-bbad1a04d504.raw_data.json,UTC-0300,hriiVjEkYE,com.sec.android.app.shealth,2025-01-09 22:50:29.000,97b72c44-7449-4b08-a77b-bbad1a04d504,
2025-01-10 03:00:00.200,,2025-01-10 11:40:05.074,2025-01-10 11:40:04.827,,,2.0,88e458b6-9c6e-41b7-8d2f-61b2471b0dfe.raw_data.json,UTC-0300,hriiVjEkYE,com.sec.android.app.shealth,2025-01-10 11:38:26.000,88e458b6-9c6e-41b7-8d2f-61b2471b0dfe,
2025-01-10 11:38:26.000,,2025-01-10 11:44:09.263,2025-01-10 11:40:05.302,,,2.0,45779f84-e2c9-4dc5-916d-2afeeeec8923.raw_data.json,UTC-0300,hriiVjEkYE,com.sec.android.app.shealth,2025-01-10 11:40:24.000,45779f84-e2c9-4dc5-916d-2afeeeec8923,
2025-01-16 03:00:01.361,,2025-01-16 11:28:27.643,2025-01-16 11:28:27.643,,,1.0,17ccdf38-c296-45a2-9da0-766ed6fc7052.raw_data.json,UTC-0300,hriiVjEkYE,com.sec.android.app.shealth,2025-01-16 11:24:21.999,17ccdf38-c296-45a2-9da0-766ed6fc7052,
2025-01-16 11:24:22.000,,2025-01-16 11:28:27.898,2025-01-16 11:28:27.801,,,2.0,004b338e-a6a7-4d85-af83-93b80290574f.raw_data.json,UTC-0300,hriiVjEkYE,com.sec.android.app.shealth,2025-01-16 11:27:08.000,004b338e-a6a7-4d85-af83-93b80290574f,
2025-01-16 11:27:08.000,,2025-01-16 16:12:49.712,2025-01-16 16:12:49.460,,,2.0,5922e453-d3ac-4302-ad64-24548d3bd46a.raw_data.json,UTC-0300,hriiVjEkYE,com.sec.android.app.shealth,2025-01-16 15:42:53.000,5922e453-d3ac-4302-ad64-24548d3bd46a,
2025-01-23 03:00:00.242,,2025-01-23 11:31:11.907,2025-01-23 11:31:11.561,,,2.0,3bfa0f77-f1f7-46a6-ba54-f19a169cad34.raw_data.json,UTC-0300,hriiVjEkYE,com.sec.android.app.shealth,2025-01-23 11:29:58.999,3bfa0f77-f1f7-46a6-ba54-f19a169cad34,
2025-01-23 11:29:59.000,,2025-01-23 11:35:22.183,2025-01-23 11:35:22.124,,,2.0,b8861320-acdc-4a80-91ca-e8c9c77ad2ba.raw_data.json,UTC-0300,hriiVjEkYE,com.sec.android.app.shealth,2025-01-23 11:32:06.001,b8861320-acdc-4a80-91ca-e8c9c77ad2ba,
2025-01-23 11:32:06.000,,2025-01-23 15:36:07.818,2025-01-23 15:36:07.818,,,1.0,0c8e996a-f0df-4539-9f41-f17e6a063fe1.raw_data.json,UTC-0300,hriiVjEkYE,com.sec.android.app.shealth,2025-01-23 15:34:26.999,0c8e996a-f0df-4539-9f41-f17e6a063fe1,
2025-01-23 15:34:27.000,,2025-01-23 16:13:12.207,2025-01-23 16:13:12.083,,,2.0,4f9364f4-8e0c-49cb-bb2a-559a7e81f017.raw_data.json,UTC-0300,hriiVjEkYE,com.sec.android.app.shealth,2025-01-23 15:59:09.000,4f9364f4-8e0c-49cb-bb2a-559a7e81f017,
2025-01-25 03:00:00.249,,2025-01-25 23:53:44.133,2025-01-25 23:53:44.133,,,1.0,e54e7fc5-41df-44f6-aa92-f7cfe47ec445.raw_data.json,UTC-0300,hriiVjEkYE,com.sec.android.app.shealth,2025-01-25 23:33:51.000,e54e7fc5-41df-44f6-aa92-f7cfe47ec445,
2025-01-25 23:33:51.000,,2025-01-25 23:53:44.213,2025-01-25 23:53:44.213,,,1.0,c7ad34c1-0216-496d-8cf3-ef92f1bc08e4.raw_data.json,UTC-0300,hriiVjEkYE,com.sec.android.app.shealth,2025-01-25 23:37:02.000,c7ad34c1-0216-496d-8cf3-ef92f1bc08e4,
2025-01-27 15:03:25.731,,2025-01-27 16:32:05.390,2025-01-27 16:32:05.390,,,1.0,ff06bf39-021a-44b4-a401-30ab44b9bbdd.raw_data.json,UTC-0300,hriiVjEkYE,com.sec.android.app.shealth,2025-01-27 16:31:27.001,ff06bf39-021a-44b4-a401-30ab44b9bbdd,
2025-01-30 03:00:00.278,,2025-01-30 11:42:23.986,2025-01-30 11:42:23.866,,,2.0,79c470d7-5ebb-45f9-8730-1e4bf6ee05e1.raw_data.json,UTC-0300,hriiVjEkYE,com.sec.android.app.shealth,2025-01-30 11:39:17.000,79c470d7-5ebb-45f9-8730-1e4bf6ee05e1,
2025-01-30 11:39:16.999,,2025-01-30 11:42:24.241,2025-01-30 11:42:24.145,,,2.0,2c56f1b4-3ed2-48a7-9730-191f61a36398.raw_data.json,UTC-0300,hriiVjEkYE,com.sec.android.app.shealth,2025-01-30 11:41:38.001,2c56f1b4-3ed2-48a7-9730-191f61a36398,
2025-01-30 11:41:38.001,,2025-01-30 16:14:13.973,2025-01-30 16:14:13.923,,,2.0,d85acde6-1ae0-4fdf-8741-deb2fca56951.raw_data.json,UTC-0300,hriiVjEkYE,com.sec.android.app.shealth,2025-01-30 16:13:26.999,d85acde6-1ae0-4fdf-8741-deb2fca56951,
2025-01-31 03:00:00.252,,2025-01-31 11:14:34.003,2025-01-31 11:14:34.003,,,1.0,fdf90cd0-b3d8-420c-8bce-67ae4bb4b829.raw_data.json,UTC-0300,hriiVjEkYE,com.sec.android.app.shealth,2025-01-31 11:13:46.000,fdf90cd0-b3d8-420c-8bce-67ae4bb4b829,
2025-01-31 11:13:46.001,,2025-01-31 11:17:46.280,2025-01-31 11:17:46.184,,,2.0,381f7349-b9d6-443a-afc3-e11e09a8506c.raw_data.json,UTC-0300,hriiVjEkYE,com.sec.android.app.shealth,2025-01-31 11:16:21.000,381f7349-b9d6-443a-afc3-e11e09a8506c,
2025-01-31 11:16:21.000,,2025-01-31 11:20:11.367,2025-01-31 11:20:11.367,,,1.0,b4c902a5-0551-44bf-9bc6-9b98b1c8290d.raw_data.json,UTC-0300,hriiVjEkYE,com.sec.android.app.shealth,2025-01-31 11:19:02.000,b4c902a5-0551-44bf-9bc6-9b98b1c8290d,
2025-02-05 03:00:00.639,,2025-02-05 11:42:27.412,2025-02-05 11:35:15.030,,,2.0,09559369-5143-4c92-8922-868601a668c6.raw_data.json,UTC-0300,hriiVjEkYE,com.sec.android.app.shealth,2025-02-05 11:35:31.000,09559369-5143-4c92-8922-868601a668c6,
2025-02-05 11:35:31.000,,2025-02-05 11:42:27.638,2025-02-05 11:42:27.638,,,1.0,ada8f46d-e566-4739-b95b-1cb101624071.raw_data.json,UTC-0300,hriiVjEkYE,com.sec.android.app.shealth,2025-02-05 11:37:13.001,ada8f46d-e566-4739-b95b-1cb101624071,
2025-02-05 11:37:13.001,,2025-02-05 11:42:27.775,2025-02-05 11:42:27.775,,,1.0,a06c5cf6-23b3-4ba1-9a89-4495cff22b6a.raw_data.json,UTC-0300,hriiVjEkYE,com.sec.android.app.shealth,2025-02-05 11:41:12.000,a06c5cf6-23b3-4ba1-9a89-4495cff22b6a,
2025-02-07 03:00:00.352,,2025-02-07 11:29:34.463,2025-02-07 11:28:12.285,,,2.0,96e39f1e-dcce-445d-8cfd-013d67165452.raw_data.json,UTC-0300,hriiVjEkYE,com.sec.android.app.shealth,2025-02-07 11:28:44.000,96e39f1e-dcce-445d-8cfd-013d67165452,
2025-02-07 11:28:44.000,,2025-02-07 16:23:15.614,2025-02-07 16:23:15.346,,,2.0,8d107b4c-f695-4448-be88-e9c55a0a0e79.raw_data.json,UTC-0300,hriiVjEkYE,com.sec.android.app.shealth,2025-02-07 16:00:18.000,8d107b4c-f695-4448-be88-e9c55a0a0e79,
2025-02-10 17:31:03.954,,2025-02-10 23:04:56.133,2025-02-10 23:04:56.133,,,1.0,cbc5cdc5-b05a-41f2-b566-55ee33d305a4.raw_data.json,UTC-0300,hriiVjEkYE,com.sec.android.app.shealth,2025-02-10 22:48:19.001,cbc5cdc5-b05a-41f2-b566-55ee33d305a4,
2025-02-12 12:45:27.320,,2025-02-12 16:07:33.637,2025-02-12 16:07:33.637,,,1.0,227ed89e-625c-443e-a4e3-be7da60080d4.raw_data.json,UTC-0300,hriiVjEkYE,com.sec.android.app.shealth,2025-02-12 16:00:03.000,227ed89e-625c-443e-a4e3-be7da60080d4,
2025-02-13 03:00:00.329,,2025-02-13 11:34:33.770,2025-02-13 11:34:33.770,,,1.0,add91a35-5e2e-4725-a352-8b6fe79791f8.raw_data.json,UTC-0300,hriiVjEkYE,com.sec.android.app.shealth,2025-02-13 11:32:46.000,add91a35-5e2e-4725-a352-8b6fe79791f8,
2025-02-13 11:32:46.000,,2025-02-13 11:37:22.492,2025-02-13 11:35:19.503,,,2.0,87f092b9-5441-4e74-a98a-9e734bba8936.raw_data.json,UTC-0300,hriiVjEkYE,com.sec.android.app.shealth,2025-02-13 11:35:41.000,87f092b9-5441-4e74-a98a-9e734bba8936,
2025-02-13 11:35:41.000,,2025-02-13 16:25:22.202,2025-02-13 16:25:22.202,,,1.0,354386fb-adac-4499-aedb-95f4f5c9ff3e.raw_data.json,UTC-0300,hriiVjEkYE,com.sec.android.app.shealth,2025-02-13 16:21:39.000,354386fb-adac-4499-aedb-95f4f5c9ff3e,
2025-02-19 03:00:00.199,,2025-02-19 11:48:51.412,2025-02-19 11:48:51.412,,,1.0,2f968a63-04ef-45e8-8e0d-13b02a64cb8a.raw_data.json,UTC-0300,hriiVjEkYE,com.sec.android.app.shealth,2025-02-19 11:46:09.000,2f968a63-04ef-45e8-8e0d-13b02a64cb8a,
2025-02-19 11:46:09.000,,2025-02-19 11:54:56.129,2025-02-19 11:54:56.129,,,1.0,e254b299-2290-4981-a276-ef258559149c.raw_data.json,UTC-0300,hriiVjEkYE,com.sec.android.app.shealth,2025-02-19 11:50:42.000,e254b299-2290-4981-a276-ef258559149c,
2025-02-19 11:50:42.000,,2025-02-19 11:54:56.281,2025-02-19 11:54:56.281,,,1.0,77e5297d-62d5-456c-b58c-b88d268719c9.raw_data.json,UTC-0300,hriiVjEkYE,com.sec.android.app.shealth,2025-02-19 11:51:49.000,77e5297d-62d5-456c-b58c-b88d268719c9,
2025-02-19 11:51:49.000,,2025-02-19 11:54:56.385,2025-02-19 11:54:56.385,,,1.0,3f2fe4ae-fb79-4699-9704-105bb5d83e04.raw_data.json,UTC-0300,hriiVjEkYE,com.sec.android.app.shealth,2025-02-19 11:52:55.000,3f2fe4ae-fb79-4699-9704-105bb5d83e04,
2025-02-20 03:00:00.384,,2025-02-20 11:15:04.958,2025-02-20 11:15:04.958,,,1.0,ab0a4298-f22b-4719-9dd1-66e9ec65a07b.raw_data.json,UTC-0300,hriiVjEkYE,com.sec.android.app.shealth,2025-02-20 11:10:20.000,ab0a4298-f22b-4719-9dd1-66e9ec65a07b,
2025-02-20 11:10:20.000,,2025-02-20 11:31:27.386,2025-02-20 11:31:27.386,,,1.0,0e9a9e59-eeb2-46fb-8528-6c45a28d7f9c.raw_data.json,UTC-0300,hriiVjEkYE,com.sec.android.app.shealth,2025-02-20 11:16:27.000,0e9a9e59-eeb2-46fb-8528-6c45a28d7f9c,
2025-02-20 11:16:27.000,,2025-02-20 11:33:36.566,2025-02-20 11:33:36.566,,,1.0,11bbdaa0-1f59-4353-93a1-d421624642b2.raw_data.json,UTC-0300,hriiVjEkYE,com.sec.android.app.shealth,2025-02-20 11:31:44.000,11bbdaa0-1f59-4353-93a1-d421624642b2,
2025-02-20 11:31:44.000,,2025-02-20 11:33:37.656,2025-02-20 11:33:36.728,,,2.0,2f1b42db-d755-4c4b-99f8-096aa04c251a.raw_data.json,UTC-0300,hriiVjEkYE,com.sec.android.app.shealth,2025-02-20 11:33:21.000,2f1b42db-d755-4c4b-99f8-096aa04c251a,
2025-02-20 11:33:21.000,,2025-02-20 11:37:02.984,2025-02-20 11:37:02.984,,,1.0,b27fa5e4-d071-4351-9615-360e770d0b49.raw_data.json,UTC-0300,hriiVjEkYE,com.sec.android.app.shealth,2025-02-20 11:35:55.000,b27fa5e4-d071-4351-9615-360e770d0b49,
2025-02-20 11:35:55.000,,2025-02-20 16:37:15.660,2025-02-20 16:37:15.660,,,1.0,92223720-50b6-4ced-af05-5f6def585cb7.raw_data.json,UTC-0300,hriiVjEkYE,com.sec.android.app.shealth,2025-02-20 16:35:54.000,92223720-50b6-4ced-af05-5f6def585cb7,
2025-02-20 16:35:54.001,,2025-02-20 16:41:20.797,2025-02-20 16:41:20.692,,,2.0,d5b7b4a5-3413-4628-87b2-516ee1445fd0.raw_data.json,UTC-0300,hriiVjEkYE,com.sec.android.app.shealth,2025-02-20 16:37:47.000,d5b7b4a5-3413-4628-87b2-516ee1445fd0,
2025-02-20 16:37:47.000,,2025-02-20 21:49:30.993,2025-02-20 21:49:30.515,,,2.0,42c2315d-08de-4a75-9bc9-6131e22228ec.raw_data.json,UTC-0300,hriiVjEkYE,com.sec.android.app.shealth,2025-02-20 21:45:29.000,42c2315d-08de-4a75-9bc9-6131e22228ec,
2025-02-20 21:45:29.000,,2025-02-20 21:54:13.745,2025-02-20 21:54:13.745,,,1.0,d2f43167-574d-4b5d-b85a-e49931540c41.raw_data.json,UTC-0300,hriiVjEkYE,com.sec.android.app.shealth,2025-02-20 21:53:59.000,d2f43167-574d-4b5d-b85a-e49931540c41,
2025-02-20 21:53:59.000,,2025-02-20 23:05:49.971,2025-02-20 23:05:49.971,,,1.0,7ff82a54-9de0-467a-b6f5-3f2269f28e89.raw_data.json,UTC-0300,hriiVjEkYE,com.sec.android.app.shealth,2025-02-20 23:03:22.000,7ff82a54-9de0-467a-b6f5-3f2269f28e89,
2025-02-21 03:00:00.414,,2025-02-21 11:04:02.153,2025-02-21 11:04:02.153,,,1.0,2a95b946-d6ee-424f-b55e-2beb7b1190ce.raw_data.json,UTC-0300,hriiVjEkYE,com.sec.android.app.shealth,2025-02-21 11:02:59.001,2a95b946-d6ee-424f-b55e-2beb7b1190ce,
2025-02-21 11:02:59.000,,2025-02-21 11:06:06.603,2025-02-21 11:05:54.300,,,2.0,5ea610d0-280e-45c4-8b19-10941ceafe56.raw_data.json,UTC-0300,hriiVjEkYE,com.sec.android.app.shealth,2025-02-21 11:05:00.000,5ea610d0-280e-45c4-8b19-10941ceafe56,
2025-02-21 11:05:00.000,,2025-02-21 12:21:25.083,2025-02-21 12:21:25.083,,,1.0,b78675e9-f862-425f-90c3-31fff75e69b7.raw_data.json,UTC-0300,hriiVjEkYE,com.sec.android.app.shealth,2025-02-21 12:20:03.000,b78675e9-f862-425f-90c3-31fff75e69b7,
2025-02-21 12:20:03.000,,2025-02-21 16:20:35.310,2025-02-21 16:20:35.310,,,1.0,c06271fd-4ca6-4793-a711-af06fb1d1a7d.raw_data.json,UTC-0300,hriiVjEkYE,com.sec.android.app.shealth,2025-02-21 16:20:13.000,c06271fd-4ca6-4793-a711-af06fb1d1a7d,
2025-02-26 03:00:00.399,,2025-02-26 11:06:42.728,2025-02-26 11:06:42.728,,,1.0,c0b4aee1-de82-4932-89cf-3c37b4a6b548.raw_data.json,UTC-0300,hriiVjEkYE,com.sec.android.app.shealth,2025-02-26 10:58:56.000,c0b4aee1-de82-4932-89cf-3c37b4a6b548,
2025-02-26 10:58:56.000,,2025-02-26 11:34:22.163,2025-02-26 11:34:22.163,,,1.0,7c7b9865-05f8-48ef-ac8b-57f7343ac0c3.raw_data.json,UTC-0300,hriiVjEkYE,com.sec.android.app.shealth,2025-02-26 11:30:34.000,7c7b9865-05f8-48ef-ac8b-57f7343ac0c3,
2025-02-26 11:30:34.000,,2025-02-26 11:37:58.578,2025-02-26 11:37:58.578,,,1.0,6b123e67-f5d0-47a9-b8c4-9d7f3c8950ed.raw_data.json,UTC-0300,hriiVjEkYE,com.sec.android.app.shealth,2025-02-26 11:35:14.000,6b123e67-f5d0-47a9-b8c4-9d7f3c8950ed,
2025-02-26 11:35:14.000,,2025-02-26 11:37:58.792,2025-02-26 11:37:58.613,,,2.0,b2f10e5d-44e6-444e-b535-6b4fe752e63b.raw_data.json,UTC-0300,hriiVjEkYE,com.sec.android.app.shealth,2025-02-26 11:37:15.000,b2f10e5d-44e6-444e-b535-6b4fe752e63b,
2025-02-26 11:37:15.000,,2025-02-26 16:16:48.602,2025-02-26 16:16:48.505,,,2.0,8c60b3e1-f88e-4315-9541-a62fe557f992.raw_data.json,UTC-0300,hriiVjEkYE,com.sec.android.app.shealth,2025-02-26 16:14:47.000,8c60b3e1-f88e-4315-9541-a62fe557f992,
2025-02-26 16:14:47.000,,2025-02-26 21:17:24.955,2025-02-26 21:17:23.758,,,2.0,07ecdccd-c0fc-406d-82e8-b2a8a95a3980.raw_data.json,UTC-0300,hriiVjEkYE,com.sec.android.app.shealth,2025-02-26 21:16:38.000,07ecdccd-c0fc-406d-82e8-b2a8a95a3980,
2025-02-27 03:00:00.246,,2025-02-27 11:46:23.054,2025-02-27 11:46:23.054,,,1.0,ac26dc98-9517-4c89-b1ef-4fd5776ad370.raw_data.json,UTC-0300,hriiVjEkYE,com.sec.android.app.shealth,2025-02-27 11:45:03.000,ac26dc98-9517-4c89-b1ef-4fd5776ad370,
2025-02-27 11:45:03.001,,2025-02-27 11:48:18.456,2025-02-27 11:48:18.115,,,2.0,0f6af2b7-d567-482f-aa42-ce15b33678d7.raw_data.json,UTC-0300,hriiVjEkYE,com.sec.android.app.shealth,2025-02-27 11:47:04.000,0f6af2b7-d567-482f-aa42-ce15b33678d7,
2025-03-01 03:00:00.327,,2025-03-01 17:52:10.689,2025-03-01 17:52:10.689,,,1.0,5a20e036-efb4-4616-a14d-c8a8b4804362.raw_data.json,UTC-0300,hriiVjEkYE,com.sec.android.app.shealth,2025-03-01 17:51:51.000,5a20e036-efb4-4616-a14d-c8a8b4804362,
2025-03-01 17:51:51.000,,2025-03-01 23:15:18.243,2025-03-01 23:15:18.243,,,1.0,3289430b-bceb-45d9-82f0-b5c49f0a634d.raw_data.json,UTC-0300,hriiVjEkYE,com.sec.android.app.shealth,2025-03-01 23:13:01.000,3289430b-bceb-45d9-82f0-b5c49f0a634d,
2025-03-04 03:00:00.368,,2025-03-04 15:28:54.404,2025-03-04 15:28:54.404,,,1.0,59388b5f-0c0b-4647-88ba-3cae13e548a0.raw_data.json,UTC-0300,hriiVjEkYE,com.sec.android.app.shealth,2025-03-04 15:26:31.000,59388b5f-0c0b-4647-88ba-3cae13e548a0,
2025-03-04 15:26:31.000,,2025-03-04 17:03:44.411,2025-03-04 17:03:44.411,,,1.0,7a0594f6-11ad-4c8c-a906-0a9ab3f11273.raw_data.json,UTC-0300,hriiVjEkYE,com.sec.android.app.shealth,2025-03-04 17:02:41.000,7a0594f6-11ad-4c8c-a906-0a9ab3f11273,
2025-03-06 03:00:00.319,,2025-03-06 21:28:51.935,2025-03-06 21:28:51.935,,,1.0,0033cb72-9173-4d35-9966-3a87d996d528.raw_data.json,UTC-0300,hriiVjEkYE,com.sec.android.app.shealth,2025-03-06 21:20:09.000,0033cb72-9173-4d35-9966-3a87d996d528,
2025-03-07 03:00:01.338,,2025-03-07 11:41:35.621,2025-03-07 11:41:35.621,,,1.0,d76bd25c-244f-48d4-ba4c-45d36c2dc06a.raw_data.json,UTC-0300,hriiVjEkYE,com.sec.android.app.shealth,2025-03-07 11:37:58.001,d76bd25c-244f-48d4-ba4c-45d36c2dc06a,
2025-03-07 11:37:58.000,,2025-03-07 11:41:35.909,2025-03-07 11:41:35.796,,,2.0,7b1dd39b-64e9-4be3-bd5e-59a8774b94cf.raw_data.json,UTC-0300,hriiVjEkYE,com.sec.android.app.shealth,2025-03-07 11:40:05.999,7b1dd39b-64e9-4be3-bd5e-59a8774b94cf,
2025-03-07 11:40:05.999,,2025-03-07 11:43:44.110,2025-03-07 11:43:44.110,,,1.0,9368ef9e-530b-42d3-ac37-a64b5816cd92.raw_data.json,UTC-0300,hriiVjEkYE,com.sec.android.app.shealth,2025-03-07 11:42:53.000,9368ef9e-530b-42d3-ac37-a64b5816cd92,
2025-03-07 11:42:53.000,,2025-03-07 15:51:13.651,2025-03-07 15:51:13.456,,,2.0,371719d6-8336-4261-978d-1ebca4a7d331.raw_data.json,UTC-0300,hriiVjEkYE,com.sec.android.app.shealth,2025-03-07 15:50:33.999,371719d6-8336-4261-978d-1ebca4a7d331,
2025-03-07 15:50:34.000,,2025-03-07 16:23:32.029,2025-03-07 16:23:31.678,,,2.0,7a90bac1-083a-4ab6-b337-3c1ef4519ac5.raw_data.json,UTC-0300,hriiVjEkYE,com.sec.android.app.shealth,2025-03-07 16:22:30.999,7a90bac1-083a-4ab6-b337-3c1ef4519ac5,
2025-03-07 16:22:30.999,,2025-03-07 16:24:37.213,2025-03-07 16:24:37.170,,,2.0,a81d9455-0eff-4c33-9493-e79d5b1895ed.raw_data.json,UTC-0300,hriiVjEkYE,com.sec.android.app.shealth,2025-03-07 16:23:59.001,a81d9455-0eff-4c33-9493-e79d5b1895ed,
2025-03-08 03:00:01.526,,2025-03-08 13:10:14.434,2025-03-08 13:10:08.367,,,2.0,12c43b64-b441-4482-b7b1-8eee8630ec80.raw_data.json,UTC-0300,hriiVjEkYE,com.sec.android.app.shealth,2025-03-08 13:10:06.001,12c43b64-b441-4482-b7b1-8eee8630ec80,
2025-03-08 13:10:06.000,,2025-03-08 14:33:41.527,2025-03-08 14:33:41.527,,,1.0,26ecede1-c669-4714-90f0-30ad278b55c5.raw_data.json,UTC-0300,hriiVjEkYE,com.sec.android.app.shealth,2025-03-08 14:30:41.999,26ecede1-c669-4714-90f0-30ad278b55c5,
2025-03-14 03:00:00.351,,2025-03-14 11:39:59.511,2025-03-14 11:39:59.511,,,1.0,d3f040e3-3be4-41de-8a09-ed298cc4879d.raw_data.json,UTC-0300,hriiVjEkYE,com.sec.android.app.shealth,2025-03-14 11:38:44.000,d3f040e3-3be4-41de-8a09-ed298cc4879d,
2025-03-14 11:38:44.000,,2025-03-14 11:45:22.968,2025-03-14 11:45:22.779,,,2.0,d6241b41-a7fd-47a7-a166-49a4fa7657a2.raw_data.json,UTC-0300,hriiVjEkYE,com.sec.android.app.shealth,2025-03-14 11:41:53.001,d6241b41-a7fd-47a7-a166-49a4fa7657a2,
2025-03-14 11:41:53.001,,2025-03-14 15:34:03.227,2025-03-14 15:34:03.114,,,2.0,690d0641-289f-4f7b-b268-34a2f9e9c034.raw_data.json,UTC-0300,hriiVjEkYE,com.sec.android.app.shealth,2025-03-14 15:31:45.001,690d0641-289f-4f7b-b268-34a2f9e9c034,
2025-03-14 15:31:45.001,,2025-03-14 18:57:19.504,2025-03-14 18:57:19.504,,,1.0,507a3c39-6747-4dfb-a4a0-6875ecf698a3.raw_data.json,UTC-0300,hriiVjEkYE,com.sec.android.app.shealth,2025-03-14 18:48:06.000,507a3c39-6747-4dfb-a4a0-6875ecf698a3,
2025-03-17 03:00:01.491,,2025-03-17 14:47:14.626,2025-03-17 14:47:14.626,,,1.0,702aad44-d878-4668-9c1d-a23c70aa3d26.raw_data.json,UTC-0300,hriiVjEkYE,com.sec.android.app.shealth,2025-03-17 14:45:34.000,702aad44-d878-4668-9c1d-a23c70aa3d26,
2025-03-17 14:45:34.000,,2025-03-17 15:24:54.087,2025-03-17 15:24:54.087,,,1.0,1ea82902-01f8-4044-93a6-69befa31b405.raw_data.json,UTC-0300,hriiVjEkYE,com.sec.android.app.shealth,2025-03-17 15:23:05.000,1ea82902-01f8-4044-93a6-69befa31b405,
2025-03-17 15:23:06.179,,2025-03-17 22:49:01.906,2025-03-17 22:49:01.906,,,1.0,5e200200-6fb0-4eb7-9aa9-0090840552d2.raw_data.json,UTC-0300,hriiVjEkYE,com.sec.android.app.shealth,2025-03-17 22:48:40.000,5e200200-6fb0-4eb7-9aa9-0090840552d2,
2025-03-18 13:17:36.938,,2025-03-19 00:41:27.491,2025-03-19 00:41:27.491,,,1.0,f61b06b5-8804-46ae-ab27-004c193bb3da.raw_data.json,UTC-0300,hriiVjEkYE,com.sec.android.app.shealth,2025-03-19 00:39:06.000,f61b06b5-8804-46ae-ab27-004c193bb3da,
2025-03-19 03:00:00.278,,2025-03-19 11:34:29.191,2025-03-19 11:34:28.958,,,2.0,995c4fce-ba5f-4d5a-8bf7-926f298e4821.raw_data.json,UTC-0300,hriiVjEkYE,com.sec.android.app.shealth,2025-03-19 11:32:06.000,995c4fce-ba5f-4d5a-8bf7-926f298e4821,
2025-03-19 11:32:06.000,,2025-03-19 11:34:29.434,2025-03-19 11:34:29.265,,,2.0,22be9ee1-1075-4ed8-9eb9-e41be9865475.raw_data.json,UTC-0300,hriiVjEkYE,com.sec.android.app.shealth,2025-03-19 11:33:33.000,22be9ee1-1075-4ed8-9eb9-e41be9865475,
2025-03-19 11:33:33.000,,2025-03-19 11:37:16.911,2025-03-19 11:37:16.911,,,1.0,28d7e354-7b18-431b-9a6e-7f510ddf53cf.raw_data.json,UTC-0300,hriiVjEkYE,com.sec.android.app.shealth,2025-03-19 11:36:26.000,28d7e354-7b18-431b-9a6e-7f510ddf53cf,
2025-03-19 11:36:26.000,,2025-03-19 16:32:41.832,2025-03-19 16:32:41.757,,,2.0,34aa01af-6012-4c74-9627-a5d758c4a57b.raw_data.json,UTC-0300,hriiVjEkYE,com.sec.android.app.shealth,2025-03-19 16:31:06.000,34aa01af-6012-4c74-9627-a5d758c4a57b,
2025-03-19 16:31:06.000,,2025-03-20 02:31:24.551,2025-03-20 02:31:24.551,,,1.0,f4309895-d48a-4e0c-ac77-19e545856f67.raw_data.json,UTC-0300,hriiVjEkYE,com.sec.android.app.shealth,2025-03-20 02:20:28.000,f4309895-d48a-4e0c-ac77-19e545856f67,
2025-03-21 03:00:00.304,,2025-03-21 11:36:09.626,2025-03-21 11:36:09.626,,,1.0,a4964017-0695-4651-881a-d7653bf864c7.raw_data.json,UTC-0300,hriiVjEkYE,com.sec.android.app.shealth,2025-03-21 11:31:40.000,a4964017-0695-4651-881a-d7653bf864c7,
2025-03-21 11:31:40.000,,2025-03-21 11:36:09.747,2025-03-21 11:36:09.691,,,2.0,baf7c4d4-856d-44ce-b2b2-4033b42a3dd6.raw_data.json,UTC-0300,hriiVjEkYE,com.sec.android.app.shealth,2025-03-21 11:33:51.000,baf7c4d4-856d-44ce-b2b2-4033b42a3dd6,
2025-03-21 11:33:51.000,,2025-03-21 11:38:56.800,2025-03-21 11:38:56.800,,,1.0,e9e0e271-5cf1-4d0a-b25d-1ae25e2619c7.raw_data.json,UTC-0300,hriiVjEkYE,com.sec.android.app.shealth,2025-03-21 11:38:01.000,e9e0e271-5cf1-4d0a-b25d-1ae25e2619c7,
2025-03-21 11:38:01.000,,2025-03-21 16:37:14.559,2025-03-21 16:37:14.559,,,1.0,b69947a2-d646-4f04-82bd-7c484db4aa85.raw_data.json,UTC-0300,hriiVjEkYE,com.sec.android.app.shealth,2025-03-21 16:35:38.000,b69947a2-d646-4f04-82bd-7c484db4aa85,
2025-03-21 16:35:38.000,,2025-03-21 16:40:29.753,2025-03-21 16:37:17.782,,,2.0,d34ed653-f275-4a58-84d3-76635629dc2f.raw_data.json,UTC-0300,hriiVjEkYE,com.sec.android.app.shealth,2025-03-21 16:37:17.000,d34ed653-f275-4a58-84d3-76635629dc2f,
2025-03-21 16:37:17.000,,2025-03-22 00:11:06.709,2025-03-22 00:11:06.709,,,1.0,4ed90ab6-4b3c-45b9-922e-17288e811f49.raw_data.json,UTC-0300,hriiVjEkYE,com.sec.android.app.shealth,2025-03-22 00:10:41.000,4ed90ab6-4b3c-45b9-922e-17288e811f49,
2025-03-25 03:00:00.319,,2025-03-25 21:07:25.003,2025-03-25 21:07:25.003,,,1.0,09cbcf20-a1bb-4f12-8474-1b92f3964bf2.raw_data.json,UTC-0300,hriiVjEkYE,com.sec.android.app.shealth,2025-03-25 21:07:12.001,09cbcf20-a1bb-4f12-8474-1b92f3964bf2,
2025-03-26 16:48:42.364,,2025-03-27 00:21:24.987,2025-03-27 00:21:24.987,,,1.0,18a2678b-11c3-4fbc-a0ec-a18553d98803.raw_data.json,UTC-0300,hriiVjEkYE,com.sec.android.app.shealth,2025-03-27 00:18:54.999,18a2678b-11c3-4fbc-a0ec-a18553d98803,
2025-03-27 03:00:00.311,,2025-03-27 12:34:01.652,2025-03-27 12:34:01.652,,,1.0,3c328a64-f792-4ffb-b51b-db8255eb77f0.raw_data.json,UTC-0300,hriiVjEkYE,com.sec.android.app.shealth,2025-03-27 11:35:46.000,3c328a64-f792-4ffb-b51b-db8255eb77f0,
2025-03-27 11:35:46.001,,2025-03-27 12:34:01.870,2025-03-27 12:34:01.870,,,1.0,9d2435f0-f953-4b77-84df-8411e4c528f6.raw_data.json,UTC-0300,hriiVjEkYE,com.sec.android.app.shealth,2025-03-27 11:36:50.001,9d2435f0-f953-4b77-84df-8411e4c528f6,
2025-03-27 11:36:50.000,,2025-03-27 12:34:02.359,2025-03-27 12:34:02.021,,,2.0,6fff3aff-be54-4e79-9e98-55f6777da857.raw_data.json,UTC-0300,hriiVjEkYE,com.sec.android.app.shealth,2025-03-27 11:38:16.999,6fff3aff-be54-4e79-9e98-55f6777da857,
2025-03-27 11:38:16.999,,2025-03-27 12:34:02.612,2025-03-27 12:34:02.612,,,1.0,33b25da6-893d-4a11-8b5a-1e54ba7de8ac.raw_data.json,UTC-0300,hriiVjEkYE,com.sec.android.app.shealth,2025-03-27 11:41:34.000,33b25da6-893d-4a11-8b5a-1e54ba7de8ac,
2025-03-27 11:41:34.000,,2025-03-27 13:59:09.260,2025-03-27 13:59:09.260,,,1.0,d51bfb9f-ff51-44f6-aeb5-aaea5e448b72.raw_data.json,UTC-0300,hriiVjEkYE,com.sec.android.app.shealth,2025-03-27 12:58:55.000,d51bfb9f-ff51-44f6-aeb5-aaea5e448b72,
2025-03-27 12:58:55.000,,2025-03-27 16:03:50.805,2025-03-27 16:03:50.805,,,1.0,bdfb01bf-8cbf-459b-ad44-869e7076260e.raw_data.json,UTC-0300,hriiVjEkYE,com.sec.android.app.shealth,2025-03-27 15:58:36.999,bdfb01bf-8cbf-459b-ad44-869e7076260e,
2025-03-27 15:58:36.999,,2025-03-27 16:16:55.416,2025-03-27 16:16:55.416,,,1.0,171f5f71-1b07-4ee3-bea1-cbb26a4bf652.raw_data.json,UTC-0300,hriiVjEkYE,com.sec.android.app.shealth,2025-03-27 16:13:12.000,171f5f71-1b07-4ee3-bea1-cbb26a4bf652,
2025-03-27 16:13:12.000,,2025-03-27 16:16:55.627,2025-03-27 16:16:55.627,,,1.0,e14296cc-4371-4d28-a757-235417f2eb4f.raw_data.json,UTC-0300,hriiVjEkYE,com.sec.android.app.shealth,2025-03-27 16:15:39.000,e14296cc-4371-4d28-a757-235417f2eb4f,
2025-03-28 03:00:00.228,,2025-03-28 12:42:42.593,2025-03-28 12:42:42.290,,,3.0,39aebc05-4525-4bb5-9a0c-c712a0dd6c9e.raw_data.json,UTC-0300,hriiVjEkYE,com.sec.android.app.shealth,2025-03-28 11:44:12.000,39aebc05-4525-4bb5-9a0c-c712a0dd6c9e,
2025-03-28 11:44:12.000,,2025-03-28 12:42:43.140,2025-03-28 12:42:42.851,,,2.0,ccace457-bfa3-4f76-8702-cf710a955f2b.raw_data.json,UTC-0300,hriiVjEkYE,com.sec.android.app.shealth,2025-03-28 11:45:41.999,ccace457-bfa3-4f76-8702-cf710a955f2b,
2025-03-28 11:45:41.999,,2025-03-28 12:42:43.354,2025-03-28 12:42:43.354,,,1.0,f231774a-f2bb-4570-9685-50288093d46b.raw_data.json,UTC-0300,hriiVjEkYE,com.sec.android.app.shealth,2025-03-28 11:50:06.000,f231774a-f2bb-4570-9685-50288093d46b,
2025-04-01 03:00:00.262,,2025-04-01 11:40:46.109,2025-04-01 11:40:45.939,,,2.0,f0d72f79-ccac-4392-a17a-ee2071d9b7b4.raw_data.json,UTC-0300,hriiVjEkYE,com.sec.android.app.shealth,2025-04-01 11:37:05.999,f0d72f79-ccac-4392-a17a-ee2071d9b7b4,
2025-04-01 11:37:05.999,,2025-04-01 11:40:46.276,2025-04-01 11:40:46.161,,,2.0,975beb72-5de0-4ecc-8ee6-cd2256c25a75.raw_data.json,UTC-0300,hriiVjEkYE,com.sec.android.app.shealth,2025-04-01 11:38:33.001,975beb72-5de0-4ecc-8ee6-cd2256c25a75,
2025-04-01 11:38:33.001,,2025-04-01 11:42:03.953,2025-04-01 11:42:03.953,,,1.0,442919d4-fc14-432b-9be6-23514526c258.raw_data.json,UTC-0300,hriiVjEkYE,com.sec.android.app.shealth,2025-04-01 11:41:19.001,442919d4-fc14-432b-9be6-23514526c258,
2025-04-01 11:41:19.001,,2025-04-01 16:33:08.300,2025-04-01 16:33:08.300,,,1.0,ab60b297-88a5-4ad3-b86c-b21713b4648e.raw_data.json,UTC-0300,hriiVjEkYE,com.sec.android.app.shealth,2025-04-01 16:32:27.001,ab60b297-88a5-4ad3-b86c-b21713b4648e,
2025-04-01 16:32:27.001,,2025-04-01 16:38:33.552,2025-04-01 16:38:33.110,,,2.0,399a7462-e0c6-4f8b-a261-1bafa6a09814.raw_data.json,UTC-0300,hriiVjEkYE,com.sec.android.app.shealth,2025-04-01 16:35:14.000,399a7462-e0c6-4f8b-a261-1bafa6a09814,
2025-04-01 16:35:14.000,,2025-04-01 18:17:09.365,2025-04-01 18:17:09.365,,,1.0,3a5ab52f-9e51-4817-b9ca-2a60cb7f5ac5.raw_data.json,UTC-0300,hriiVjEkYE,com.sec.android.app.shealth,2025-04-01 18:10:53.999,3a5ab52f-9e51-4817-b9ca-2a60cb7f5ac5,
2025-04-02 03:00:00.211,,2025-04-02 11:51:04.618,2025-04-02 11:51:04.618,,,1.0,4ec37867-3c16-43af-bc3f-037693a0c999.raw_data.json,UTC-0300,hriiVjEkYE,com.sec.android.app.shealth,2025-04-02 11:49:48.000,4ec37867-3c16-43af-bc3f-037693a0c999,
2025-04-02 11:49:48.000,,2025-04-02 11:53:23.244,2025-04-02 11:53:23.043,,,2.0,92ac0538-f97e-47da-802b-5e509e61d2fc.raw_data.json,UTC-0300,hriiVjEkYE,com.sec.android.app.shealth,2025-04-02 11:52:04.000,92ac0538-f97e-47da-802b-5e509e61d2fc,
2025-04-02 11:52:03.999,,2025-04-02 11:55:15.905,2025-04-02 11:55:15.905,,,1.0,d6e4f706-f68e-4679-af99-48966a1626de.raw_data.json,UTC-0300,hriiVjEkYE,com.sec.android.app.shealth,2025-04-02 11:54:31.999,d6e4f706-f68e-4679-af99-48966a1626de,
2025-04-09 03:00:00.197,,2025-04-09 12:26:56.267,2025-04-09 12:26:56.267,,,1.0,68c37202-88e2-4a04-81c9-8e9c3c2c1a6c.raw_data.json,UTC-0300,hriiVjEkYE,com.sec.android.app.shealth,2025-04-09 12:23:22.999,68c37202-88e2-4a04-81c9-8e9c3c2c1a6c,
2025-04-09 12:23:22.999,,2025-04-09 12:26:56.417,2025-04-09 12:26:56.330,,,2.0,4d0d5e10-faaf-4c41-85c6-d8862e8419b0.raw_data.json,UTC-0300,hriiVjEkYE,com.sec.android.app.shealth,2025-04-09 12:26:06.999,4d0d5e10-faaf-4c41-85c6-d8862e8419b0,
2025-04-09 12:26:07.000,,2025-04-09 16:24:55.351,2025-04-09 16:24:55.351,,,1.0,437774d0-ea62-46f9-9846-5c938016d352.raw_data.json,UTC-0300,hriiVjEkYE,com.sec.android.app.shealth,2025-04-09 16:20:42.000,437774d0-ea62-46f9-9846-5c938016d352,
2025-04-09 16:20:41.999,,2025-04-09 16:24:55.702,2025-04-09 16:24:55.431,,,2.0,a7a4c1c1-2182-4d87-a84c-7b7585d86deb.raw_data.json,UTC-0300,hriiVjEkYE,com.sec.android.app.shealth,2025-04-09 16:22:48.999,a7a4c1c1-2182-4d87-a84c-7b7585d86deb,
2025-04-11 16:01:52.847,,2025-04-11 16:18:03.280,2025-04-11 16:18:03.049,,,2.0,1255d717-4cb0-448f-9a16-607837623e62.raw_data.json,UTC-0300,hriiVjEkYE,com.sec.android.app.shealth,2025-04-11 16:03:56.000,1255d717-4cb0-448f-9a16-607837623e62,
2025-04-15 03:00:00.547,,2025-04-15 16:39:47.635,2025-04-15 16:39:47.635,,,1.0,aa1a12ba-7a0b-4c3a-bbc2-24d114971cdb.raw_data.json,UTC-0300,hriiVjEkYE,com.sec.android.app.shealth,2025-04-15 16:38:07.001,aa1a12ba-7a0b-4c3a-bbc2-24d114971cdb,
2025-04-15 18:13:54.631,,2025-04-15 20:59:42.329,2025-04-15 20:59:42.329,,,1.0,050febbf-f6cd-4514-bac5-9ba00a53a85d.raw_data.json,UTC-0300,hriiVjEkYE,com.sec.android.app.shealth,2025-04-15 20:59:28.001,050febbf-f6cd-4514-bac5-9ba00a53a85d,
2025-04-16 03:00:00.293,,2025-04-16 11:41:22.790,2025-04-16 11:41:22.438,,,2.0,07e85d3b-8489-4c90-bdee-0c0e683821be.raw_data.json,UTC-0300,hriiVjEkYE,com.sec.android.app.shealth,2025-04-16 11:40:04.000,07e85d3b-8489-4c90-bdee-0c0e683821be,
2025-04-16 11:40:03.999,,2025-04-16 11:45:16.887,2025-04-16 11:45:16.887,,,1.0,e4968c06-bc6a-40cd-a001-c3b745e5cf8e.raw_data.json,UTC-0300,hriiVjEkYE,com.sec.android.app.shealth,2025-04-16 11:41:34.000,e4968c06-bc6a-40cd-a001-c3b745e5cf8e,
2025-04-16 11:41:34.000,,2025-04-16 11:45:17.006,2025-04-16 11:45:17.006,,,1.0,4699af55-40f6-48d6-a51b-58c6ed95bf79.raw_data.json,UTC-0300,hriiVjEkYE,com.sec.android.app.shealth,2025-04-16 11:42:48.000,4699af55-40f6-48d6-a51b-58c6ed95bf79,
2025-04-16 11:42:48.000,,2025-04-16 16:30:00.898,2025-04-16 16:30:00.898,,,1.0,e4de6ad5-4c04-46f1-9611-172bc4093d38.raw_data.json,UTC-0300,hriiVjEkYE,com.sec.android.app.shealth,2025-04-16 16:14:11.999,e4de6ad5-4c04-46f1-9611-172bc4093d38,
2025-04-16 16:14:11.999,,2025-04-16 16:30:01.155,2025-04-16 16:30:01.007,,,2.0,91e9f73f-2822-485f-96d2-abc812b784ec.raw_data.json,UTC-0300,hriiVjEkYE,com.sec.android.app.shealth,2025-04-16 16:16:12.000,91e9f73f-2822-485f-96d2-abc812b784ec,
2025-04-17 03:00:00.219,,2025-04-17 11:32:19.084,2025-04-17 11:32:19.084,,,1.0,204365e0-af60-4ff6-a73f-d9c6b520c565.raw_data.json,UTC-0300,hriiVjEkYE,com.sec.android.app.shealth,2025-04-17 11:30:34.000,204365e0-af60-4ff6-a73f-d9c6b520c565,
2025-04-17 11:30:34.001,,2025-04-17 11:35:33.159,2025-04-17 11:33:08.737,,,2.0,64e43364-bf39-4c9d-be4b-03529b4ca3e5.raw_data.json,UTC-0300,hriiVjEkYE,com.sec.android.app.shealth,2025-04-17 11:33:21.000,64e43364-bf39-4c9d-be4b-03529b4ca3e5,
2025-04-17 11:33:21.000,,2025-04-17 16:16:26.075,2025-04-17 16:16:26.075,,,1.0,7c7e9f1a-deac-42cd-a0ba-79aee553c073.raw_data.json,UTC-0300,hriiVjEkYE,com.sec.android.app.shealth,2025-04-17 16:15:09.000,7c7e9f1a-deac-42cd-a0ba-79aee553c073,
2025-04-17 16:15:09.000,,2025-04-17 16:18:28.316,2025-04-17 16:18:28.223,,,2.0,8d825a15-e04d-4013-bc7b-7f50ce73c671.raw_data.json,UTC-0300,hriiVjEkYE,com.sec.android.app.shealth,2025-04-17 16:16:56.000,8d825a15-e04d-4013-bc7b-7f50ce73c671,
2025-04-20 15:34:50.848,,2025-04-20 18:17:33.232,2025-04-20 18:17:33.232,,,1.0,565cb2b2-0cec-4ed4-88d9-fabb296e5781.raw_data.json,UTC-0300,hriiVjEkYE,com.sec.android.app.shealth,2025-04-20 18:17:24.999,565cb2b2-0cec-4ed4-88d9-fabb296e5781,
2025-04-23 03:00:00.283,,2025-04-24 01:32:57.016,2025-04-24 01:32:57.016,,,1.0,cdafbbf5-23b9-4cf6-b7a9-56d49fcc222c.raw_data.json,UTC-0300,hriiVjEkYE,com.sec.android.app.shealth,2025-04-24 01:32:41.000,cdafbbf5-23b9-4cf6-b7a9-56d49fcc222c,
2025-04-24 03:00:00.215,,2025-04-24 12:18:43.543,2025-04-24 12:18:43.332,,,2.0,ff6c920a-b8b5-4e7a-83aa-5e2ed4ae5948.raw_data.json,UTC-0300,hriiVjEkYE,com.sec.android.app.shealth,2025-04-24 12:15:19.000,ff6c920a-b8b5-4e7a-83aa-5e2ed4ae5948,
2025-04-24 12:15:19.000,,2025-04-24 12:18:43.719,2025-04-24 12:18:43.645,,,2.0,ad56c34a-99fe-4ef6-815b-66cb1e3cf6a2.raw_data.json,UTC-0300,hriiVjEkYE,com.sec.android.app.shealth,2025-04-24 12:16:45.000,ad56c34a-99fe-4ef6-815b-66cb1e3cf6a2,
2025-04-24 12:16:45.000,,2025-04-24 12:21:25.642,2025-04-24 12:21:25.642,,,1.0,fe434954-c8ab-43ad-9f65-95cafeb4a9f2.raw_data.json,UTC-0300,hriiVjEkYE,com.sec.android.app.shealth,2025-04-24 12:20:37.000,fe434954-c8ab-43ad-9f65-95cafeb4a9f2,
2025-04-24 12:20:37.000,,2025-04-24 15:50:25.520,2025-04-24 15:50:25.410,,,2.0,4d234c79-f8f1-41d9-bc98-090651f8fc82.raw_data.json,UTC-0300,hriiVjEkYE,com.sec.android.app.shealth,2025-04-24 15:48:35.000,4d234c79-f8f1-41d9-bc98-090651f8fc82,
2025-04-29 03:00:00.354,,2025-04-29 11:53:01.700,2025-04-29 11:53:01.499,,,2.0,b181a4b5-d51e-4e73-9534-5a5dd9d322ce.raw_data.json,UTC-0300,hriiVjEkYE,com.sec.android.app.shealth,2025-04-29 11:51:04.000,b181a4b5-d51e-4e73-9534-5a5dd9d322ce,
2025-04-29 11:51:04.000,,2025-04-29 11:53:01.869,2025-04-29 11:53:01.749,,,2.0,f563ab0a-561e-4ea6-b1c9-f36ac244da9c.raw_data.json,UTC-0300,hriiVjEkYE,com.sec.android.app.shealth,2025-04-29 11:52:28.000,f563ab0a-561e-4ea6-b1c9-f36ac244da9c,
2025-04-29 11:52:28.000,,2025-04-29 11:58:20.892,2025-04-29 11:58:20.892,,,1.0,26e05f40-bafd-4925-b39e-15facc9ab990.raw_data.json,UTC-0300,hriiVjEkYE,com.sec.android.app.shealth,2025-04-29 11:57:23.000,26e05f40-bafd-4925-b39e-15facc9ab990,
2025-04-29 11:57:23.001,,2025-04-29 16:22:44.309,2025-04-29 16:22:44.309,,,1.0,8a20f0be-13f3-4073-9d5d-09e98255d2c1.raw_data.json,UTC-0300,hriiVjEkYE,com.sec.android.app.shealth,2025-04-29 16:18:24.001,8a20f0be-13f3-4073-9d5d-09e98255d2c1,
2025-04-29 16:18:24.000,,2025-04-29 16:22:44.405,2025-04-29 16:22:44.405,,,1.0,1ee0170b-e3b7-4536-b202-a046b8bc6f93.raw_data.json,UTC-0300,hriiVjEkYE,com.sec.android.app.shealth,2025-04-29 16:20:07.000,1ee0170b-e3b7-4536-b202-a046b8bc6f93,
2025-05-06 19:16:22.852,,2025-05-06 22:04:45.627,2025-05-06 22:04:45.627,,,1.0,24af665b-8cda-49aa-a47c-d2adcd51ac08.raw_data.json,UTC-0300,hriiVjEkYE,com.sec.android.app.shealth,2025-05-06 22:03:56.000,24af665b-8cda-49aa-a47c-d2adcd51ac08,
2025-05-07 03:00:00.285,,2025-05-07 20:43:25.226,2025-05-07 20:43:25.226,,,1.0,a253a338-8508-4741-a3f5-c622efbd9a52.raw_data.json,UTC-0300,hriiVjEkYE,com.sec.android.app.shealth,2025-05-07 20:40:04.999,a253a338-8508-4741-a3f5-c622efbd9a52,
2025-05-10 03:00:00.278,,2025-05-10 16:11:19.946,2025-05-10 16:11:19.946,,,1.0,b9924f7e-1543-4bbd-89e0-25b0bbb2bc97.raw_data.json,UTC-0300,hriiVjEkYE,com.sec.android.app.shealth,2025-05-10 16:11:05.000,b9924f7e-1543-4bbd-89e0-25b0bbb2bc97,
2025-05-11 15:37:14.144,,2025-05-11 20:47:25.128,2025-05-11 20:47:25.128,,,1.0,d202e833-7d29-45ba-83c9-2cec6e33d083.raw_data.json,UTC-0300,hriiVjEkYE,com.sec.android.app.shealth,2025-05-11 20:47:10.000,d202e833-7d29-45ba-83c9-2cec6e33d083,
2025-05-13 18:33:50.491,,2025-05-14 00:55:18.493,2025-05-14 00:55:18.493,,,1.0,b2462000-9cac-4b62-a37b-70d3a7561455.raw_data.json,UTC-0300,hriiVjEkYE,com.sec.android.app.shealth,2025-05-14 00:50:41.001,b2462000-9cac-4b62-a37b-70d3a7561455,
2025-05-14 03:00:00.321,,2025-05-14 11:49:16.694,2025-05-14 11:49:16.694,,,1.0,90ce5437-af0f-432b-bb4a-5426b0316b3f.raw_data.json,UTC-0300,hriiVjEkYE,com.sec.android.app.shealth,2025-05-14 11:44:23.000,90ce5437-af0f-432b-bb4a-5426b0316b3f,
2025-05-14 11:44:23.001,,2025-05-14 19:49:56.213,2025-05-14 19:49:56.213,,,1.0,c60e068f-e852-444d-873a-7fee27f8b8e4.raw_data.json,UTC-0300,hriiVjEkYE,com.sec.android.app.shealth,2025-05-14 19:47:17.001,c60e068f-e852-444d-873a-7fee27f8b8e4,
2025-05-14 19:47:17.001,,2025-05-15 02:20:00.896,2025-05-15 02:20:00.896,,,1.0,bf865f20-c51e-4ac6-a6ee-b216293dc88a.raw_data.json,UTC-0300,hriiVjEkYE,com.sec.android.app.shealth,2025-05-14 22:43:35.001,bf865f20-c51e-4ac6-a6ee-b216293dc88a,
2025-05-18 03:00:00.267,,2025-05-18 14:56:08.248,2025-05-18 14:56:08.248,,,1.0,8b6cc5d0-405b-4503-a31c-a8a9750982b4.raw_data.json,UTC-0300,hriiVjEkYE,com.sec.android.app.shealth,2025-05-18 14:53:03.000,8b6cc5d0-405b-4503-a31c-a8a9750982b4,
2025-05-19 13:26:56.486,,2025-05-20 00:22:30.456,2025-05-20 00:22:30.456,,,1.0,ea594ee9-a26e-482d-9274-ed45ec65850a.raw_data.json,UTC-0300,hriiVjEkYE,com.sec.android.app.shealth,2025-05-20 00:20:36.000,ea594ee9-a26e-482d-9274-ed45ec65850a,
2025-05-23 18:24:27.193,,2025-05-24 01:03:44.764,2025-05-24 01:03:44.764,,,1.0,1dbd07cd-54e4-48eb-8550-79350efaf913.raw_data.json,UTC-0300,hriiVjEkYE,com.sec.android.app.shealth,2025-05-24 00:48:07.001,1dbd07cd-54e4-48eb-8550-79350efaf913,
2025-05-24 00:48:07.001,,2025-05-24 01:03:44.945,2025-05-24 01:03:44.945,,,1.0,07b298d1-7d91-4186-b852-e225293c4568.raw_data.json,UTC-0300,hriiVjEkYE,com.sec.android.app.shealth,2025-05-24 01:03:04.000,07b298d1-7d91-4186-b852-e225293c4568,
2025-05-24 01:03:03.999,,2025-05-24 01:06:02.416,2025-05-24 01:06:02.416,,,1.0,91299d82-c249-4189-96ea-5780f44db6fa.raw_data.json,UTC-0300,hriiVjEkYE,com.sec.android.app.shealth,2025-05-24 01:04:55.000,91299d82-c249-4189-96ea-5780f44db6fa,
2025-05-24 01:04:55.000,,2025-05-24 01:18:43.380,2025-05-24 01:18:42.918,,,2.0,dc693dec-1665-4f04-be4e-13e84905d83a.raw_data.json,UTC-0300,hriiVjEkYE,com.sec.android.app.shealth,2025-05-24 01:17:28.001,dc693dec-1665-4f04-be4e-13e84905d83a,
2025-05-24 01:17:28.000,,2025-05-24 02:11:18.424,2025-05-24 02:11:18.424,,,1.0,fbcfe429-d9ac-4bfa-9b56-0fd309e33d78.raw_data.json,UTC-0300,hriiVjEkYE,com.sec.android.app.shealth,2025-05-24 01:38:07.999,fbcfe429-d9ac-4bfa-9b56-0fd309e33d78,
2025-05-24 01:38:07.999,,2025-05-24 02:54:49.806,2025-05-24 02:54:49.806,,,1.0,ea2bd19c-bff0-47f3-a902-f30b8e81541b.raw_data.json,UTC-0300,hriiVjEkYE,com.sec.android.app.shealth,2025-05-24 02:54:34.000,ea2bd19c-bff0-47f3-a902-f30b8e81541b,
2025-05-24 03:00:00.323,,2025-05-24 07:25:16.279,2025-05-24 07:25:16.156,,,2.0,bb836980-a8bb-47eb-bcb4-839ce01f1516.raw_data.json,UTC-0300,hriiVjEkYE,com.sec.android.app.shealth,2025-05-24 07:24:39.001,bb836980-a8bb-47eb-bcb4-839ce01f1516,
2025-05-24 07:24:39.001,,2025-05-24 07:27:08.496,2025-05-24 07:27:08.496,,,1.0,bdcc0f14-e01e-415e-b066-73f61b71c47a.raw_data.json,UTC-0300,hriiVjEkYE,com.sec.android.app.shealth,2025-05-24 07:26:24.001,bdcc0f14-e01e-415e-b066-73f61b71c47a,
2025-05-24 07:26:24.001,,2025-05-24 08:05:48.466,2025-05-24 08:05:48.466,,,1.0,4462ca81-6c11-40b6-bdeb-46d4bad37662.raw_data.json,UTC-0300,hriiVjEkYE,com.sec.android.app.shealth,2025-05-24 08:03:17.000,4462ca81-6c11-40b6-bdeb-46d4bad37662,
2025-05-26 18:35:50.220,,2025-05-27 00:46:09.758,2025-05-27 00:46:09.758,,,1.0,eaf69800-4162-4bdb-a3ca-d3e1cc8565da.raw_data.json,UTC-0300,hriiVjEkYE,com.sec.android.app.shealth,2025-05-27 00:43:51.001,eaf69800-4162-4bdb-a3ca-d3e1cc8565da,
2025-05-27 00:43:51.001,,2025-05-27 01:52:06.399,2025-05-27 01:52:06.399,,,1.0,8679b139-fe9d-43ed-9e54-dea47323547d.raw_data.json,UTC-0300,hriiVjEkYE,com.sec.android.app.shealth,2025-05-27 01:51:37.001,8679b139-fe9d-43ed-9e54-dea47323547d,
2025-05-27 03:00:00.302,,2025-05-27 16:05:56.986,2025-05-27 16:05:56.986,,,1.0,57f9e3db-8e61-4290-b0a3-f989f76053b3.raw_data.json,UTC-0300,hriiVjEkYE,com.sec.android.app.shealth,2025-05-27 16:02:29.000,57f9e3db-8e61-4290-b0a3-f989f76053b3,
2025-05-27 16:02:29.000,,2025-05-27 17:32:08.884,2025-05-27 17:32:08.884,,,1.0,3f406706-1ccb-46b9-b0bd-5ce880250105.raw_data.json,UTC-0300,hriiVjEkYE,com.sec.android.app.shealth,2025-05-27 17:25:27.000,3f406706-1ccb-46b9-b0bd-5ce880250105,
2025-05-27 17:25:26.999,,2025-05-27 19:11:41.568,2025-05-27 19:11:41.568,,,1.0,cbd249fd-cf76-4aec-9622-00ea8be5d888.raw_data.json,UTC-0300,hriiVjEkYE,com.sec.android.app.shealth,2025-05-27 19:11:25.999,cbd249fd-cf76-4aec-9622-00ea8be5d888,
2025-05-28 17:43:10.667,,2025-05-29 00:26:06.192,2025-05-29 00:26:06.192,,,1.0,e15d8706-a967-4523-a96e-e979485fb173.raw_data.json,UTC-0300,hriiVjEkYE,com.sec.android.app.shealth,2025-05-29 00:23:36.000,e15d8706-a967-4523-a96e-e979485fb173,
2025-05-29 03:00:00.348,,2025-05-29 11:35:34.718,2025-05-29 11:35:34.615,,,2.0,ecc372d8-b18b-4853-ba2a-686932cc9ad4.raw_data.json,UTC-0300,hriiVjEkYE,com.sec.android.app.shealth,2025-05-29 11:32:47.000,ecc372d8-b18b-4853-ba2a-686932cc9ad4,
2025-05-29 11:32:47.000,,2025-05-29 11:35:34.855,2025-05-29 11:35:34.798,,,2.0,6ff97e35-1e73-4d9c-9b65-6bff3cca99a2.raw_data.json,UTC-0300,hriiVjEkYE,com.sec.android.app.shealth,2025-05-29 11:34:53.000,6ff97e35-1e73-4d9c-9b65-6bff3cca99a2,
2025-05-29 11:34:53.000,,2025-05-29 16:28:11.802,2025-05-29 16:28:11.802,,,1.0,59bc827b-f824-4cb7-9588-fb5c1fc902df.raw_data.json,UTC-0300,hriiVjEkYE,com.sec.android.app.shealth,2025-05-29 16:27:01.000,59bc827b-f824-4cb7-9588-fb5c1fc902df,
2025-05-29 16:27:01.000,,2025-05-29 16:32:53.755,2025-05-29 16:32:53.624,,,2.0,34e83a55-7a74-409f-a6da-fc8ec409e17a.raw_data.json,UTC-0300,hriiVjEkYE,com.sec.android.app.shealth,2025-05-29 16:28:54.000,34e83a55-7a74-409f-a6da-fc8ec409e17a,
2025-05-30 03:00:00.255,,2025-05-30 11:41:11.366,2025-05-30 11:41:11.190,,,2.0,a180dd5d-cee9-4d92-9427-6b3195dcae1f.raw_data.json,UTC-0300,hriiVjEkYE,com.sec.android.app.shealth,2025-05-30 11:37:14.000,a180dd5d-cee9-4d92-9427-6b3195dcae1f,
2025-05-30 11:37:13.999,,2025-05-30 11:41:11.833,2025-05-30 11:41:11.519,,,2.0,4272463e-c726-4097-8c48-fc8d9eb29396.raw_data.json,UTC-0300,hriiVjEkYE,com.sec.android.app.shealth,2025-05-30 11:39:12.000,4272463e-c726-4097-8c48-fc8d9eb29396,
2025-05-30 11:39:12.000,,2025-05-30 16:26:22.177,2025-05-30 16:26:22.177,,,1.0,ea7c547e-fb30-4817-a3c0-78c16277d1f4.raw_data.json,UTC-0300,hriiVjEkYE,com.sec.android.app.shealth,2025-05-30 16:19:47.000,ea7c547e-fb30-4817-a3c0-78c16277d1f4,
2025-05-30 16:19:47.000,,2025-05-30 16:26:22.550,2025-05-30 16:26:22.348,,,2.0,0d2bcb0a-a632-4896-b50f-8ecc43ccea74.raw_data.json,UTC-0300,hriiVjEkYE,com.sec.android.app.shealth,2025-05-30 16:21:30.000,0d2bcb0a-a632-4896-b50f-8ecc43ccea74,
2025-05-31 03:00:01.910,,2025-05-31 06:47:29.571,2025-05-31 06:47:29.571,,,1.0,f3b36aa1-0bea-4795-b58c-3af7f8714789.raw_data.json,UTC-0300,hriiVjEkYE,com.sec.android.app.shealth,2025-05-31 06:45:58.999,f3b36aa1-0bea-4795-b58c-3af7f8714789,
2025-05-31 06:45:58.999,,2025-05-31 08:07:10.897,2025-05-31 08:07:10.897,,,1.0,c9b5fce0-0d93-47c3-8dde-b967ebdedb6d.raw_data.json,UTC-0300,hriiVjEkYE,com.sec.android.app.shealth,2025-05-31 07:44:27.000,c9b5fce0-0d93-47c3-8dde-b967ebdedb6d,
2025-05-31 07:44:27.001,,2025-05-31 13:40:11.645,2025-05-31 13:40:11.645,,,1.0,715bebd3-2fe0-4773-a3e0-9b562d10f857.raw_data.json,UTC-0300,hriiVjEkYE,com.sec.android.app.shealth,2025-05-31 13:28:49.001,715bebd3-2fe0-4773-a3e0-9b562d10f857,
2025-06-04 03:00:02.477,,2025-06-04 11:49:12.987,2025-06-04 11:49:12.856,,,2.0,82a01f7d-5988-4ab9-91e3-14564d09e532.raw_data.json,UTC-0300,hriiVjEkYE,com.sec.android.app.shealth,2025-06-04 11:48:25.000,82a01f7d-5988-4ab9-91e3-14564d09e532,
2025-06-04 11:48:25.000,,2025-06-04 11:52:22.701,2025-06-04 11:52:22.701,,,1.0,ad9274e1-920f-4dff-9f53-b314c63f5221.raw_data.json,UTC-0300,hriiVjEkYE,com.sec.android.app.shealth,2025-06-04 11:49:54.000,ad9274e1-920f-4dff-9f53-b314c63f5221,
2025-06-04 11:49:54.000,,2025-06-04 11:52:22.843,2025-06-04 11:52:22.843,,,1.0,bb39e918-eba5-48a0-a3d2-3639c4dc40a1.raw_data.json,UTC-0300,hriiVjEkYE,com.sec.android.app.shealth,2025-06-04 11:51:07.000,bb39e918-eba5-48a0-a3d2-3639c4dc40a1,
2025-06-04 11:51:07.001,,2025-06-04 13:11:48.305,2025-06-04 13:11:48.305,,,1.0,a2f6b851-7d88-4a62-a767-5c35229f4af9.raw_data.json,UTC-0300,hriiVjEkYE,com.sec.android.app.shealth,2025-06-04 13:11:10.001,a2f6b851-7d88-4a62-a767-5c35229f4af9,
2025-06-04 13:11:10.000,,2025-06-04 16:22:55.369,2025-06-04 16:22:55.369,,,1.0,1ea665d5-4af0-4db4-9f91-5d839839e66b.raw_data.json,UTC-0300,hriiVjEkYE,com.sec.android.app.shealth,2025-06-04 16:20:19.000,1ea665d5-4af0-4db4-9f91-5d839839e66b,
2025-06-04 16:20:19.000,,2025-06-04 16:22:55.528,2025-06-04 16:22:55.528,,,1.0,53f96afe-72c6-4c9e-9b4c-04443280d0d0.raw_data.json,UTC-0300,hriiVjEkYE,com.sec.android.app.shealth,2025-06-04 16:21:52.999,53f96afe-72c6-4c9e-9b4c-04443280d0d0,
2025-06-05 03:00:00.223,,2025-06-05 12:39:43.248,2025-06-05 12:39:43.248,,,1.0,973726ee-d4f4-490f-a898-5c66b520a45e.raw_data.json,UTC-0300,hriiVjEkYE,com.sec.android.app.shealth,2025-06-05 11:41:56.000,973726ee-d4f4-490f-a898-5c66b520a45e,
2025-06-05 11:41:56.000,,2025-06-05 12:39:43.624,2025-06-05 12:39:43.624,,,1.0,e9be9e39-7523-408a-bb03-31601091b1b5.raw_data.json,UTC-0300,hriiVjEkYE,com.sec.android.app.shealth,2025-06-05 11:44:08.001,e9be9e39-7523-408a-bb03-31601091b1b5,
2025-06-05 11:44:08.001,,2025-06-05 12:39:43.846,2025-06-05 12:39:43.846,,,1.0,7ac9f42a-4a5f-4116-a403-d87f04c6e508.raw_data.json,UTC-0300,hriiVjEkYE,com.sec.android.app.shealth,2025-06-05 11:47:14.001,7ac9f42a-4a5f-4116-a403-d87f04c6e508,
2025-06-05 11:47:14.000,,2025-06-05 17:27:00.935,2025-06-05 17:27:00.517,,,2.0,4f718424-bfcf-4f3e-97ee-2bcc3453001b.raw_data.json,UTC-0300,hriiVjEkYE,com.sec.android.app.shealth,2025-06-05 16:28:52.999,4f718424-bfcf-4f3e-97ee-2bcc3453001b,
2025-06-11 10:34:11.049,,2025-06-11 11:45:19.922,2025-06-11 11:45:19.922,,,1.0,6402e7b7-7db6-41dd-a666-846b37a335d4.raw_data.json,UTC-0300,hriiVjEkYE,com.sec.android.app.shealth,2025-06-11 11:39:41.000,6402e7b7-7db6-41dd-a666-846b37a335d4,
2025-06-11 11:39:41.000,,2025-06-11 11:45:22.511,2025-06-11 11:45:22.283,,,2.0,ef35e61a-3851-4e9a-9321-e1e97d34d1d0.raw_data.json,UTC-0300,hriiVjEkYE,com.sec.android.app.shealth,2025-06-11 11:42:20.000,ef35e61a-3851-4e9a-9321-e1e97d34d1d0,
2025-06-11 11:42:21.183,,2025-06-11 14:55:35.761,2025-06-11 14:55:35.761,,,1.0,9981362b-55ca-41a3-96ef-273451c0cf6f.raw_data.json,UTC-0300,hriiVjEkYE,com.sec.android.app.shealth,2025-06-11 14:53:50.000,9981362b-55ca-41a3-96ef-273451c0cf6f,
2025-06-11 14:53:50.000,,2025-06-11 16:35:30.889,2025-06-11 16:35:30.889,,,1.0,ef6f445f-5789-4a0b-af7b-9f041704b28c.raw_data.json,UTC-0300,hriiVjEkYE,com.sec.android.app.shealth,2025-06-11 16:25:47.000,ef6f445f-5789-4a0b-af7b-9f041704b28c,
2025-06-11 16:25:47.000,,2025-06-11 16:35:31.119,2025-06-11 16:35:31.042,,,2.0,9ceb3c67-5c45-4996-b8d3-7f422c356380.raw_data.json,UTC-0300,hriiVjEkYE,com.sec.android.app.shealth,2025-06-11 16:27:33.000,9ceb3c67-5c45-4996-b8d3-7f422c356380,
2025-06-12 03:00:00.273,,2025-06-12 13:27:29.158,2025-06-12 13:27:29.158,,,1.0,f5136299-68fb-48ac-b06e-2be4763999ec.raw_data.json,UTC-0300,hriiVjEkYE,com.sec.android.app.shealth,2025-06-12 13:21:45.001,f5136299-68fb-48ac-b06e-2be4763999ec,
2025-06-17 03:00:00.279,,2025-06-17 11:53:28.780,2025-06-17 11:53:28.444,,,2.0,e05b4c33-9154-4726-8e4b-6721905b3ffe.raw_data.json,UTC-0300,hriiVjEkYE,com.sec.android.app.shealth,2025-06-17 11:51:40.000,e05b4c33-9154-4726-8e4b-6721905b3ffe,
2025-06-17 11:51:39.999,,2025-06-17 11:54:38.192,2025-06-17 11:53:28.886,,,2.0,43d1f7c4-21ed-4345-ab6b-74b42f1f5c9b.raw_data.json,UTC-0300,hriiVjEkYE,com.sec.android.app.shealth,2025-06-17 11:53:50.999,43d1f7c4-21ed-4345-ab6b-74b42f1f5c9b,
2025-06-17 11:53:51.000,,2025-06-17 16:09:51.878,2025-06-17 16:09:51.878,,,1.0,b2bc6acf-0dd4-4355-8cd1-babf3193a92a.raw_data.json,UTC-0300,hriiVjEkYE,com.sec.android.app.shealth,2025-06-17 16:08:29.001,b2bc6acf-0dd4-4355-8cd1-babf3193a92a,
2025-06-17 16:08:29.000,,2025-06-17 16:13:52.523,2025-06-17 16:13:52.425,,,2.0,82f49237-119d-413c-ba1d-7459fc6a1fe8.raw_data.json,UTC-0300,hriiVjEkYE,com.sec.android.app.shealth,2025-06-17 16:10:23.001,82f49237-119d-413c-ba1d-7459fc6a1fe8,
2025-06-17 16:10:23.001,,2025-06-17 20:35:48.244,2025-06-17 20:35:48.244,,,1.0,8f551d7b-2720-4c0e-9f1c-1d9c859d9813.raw_data.json,UTC-0300,hriiVjEkYE,com.sec.android.app.shealth,2025-06-17 20:10:42.001,8f551d7b-2720-4c0e-9f1c-1d9c859d9813,
2025-06-19 03:00:00.330,,2025-06-19 21:43:36.358,2025-06-19 21:43:36.358,,,1.0,9cc215e3-aa4b-496b-b06d-28a831152b87.raw_data.json,UTC-0300,hriiVjEkYE,com.sec.android.app.shealth,2025-06-19 21:37:06.000,9cc215e3-aa4b-496b-b06d-28a831152b87,
2025-06-20 03:00:00.333,,2025-06-20 20:46:33.455,2025-06-20 20:46:33.455,,,1.0,ffa6ff2c-31d4-40f0-9b26-e891c0dda9b6.raw_data.json,UTC-0300,hriiVjEkYE,com.sec.android.app.shealth,2025-06-20 15:53:04.000,ffa6ff2c-31d4-40f0-9b26-e891c0dda9b6,
2025-06-25 03:00:00.316,,2025-06-25 10:45:24.989,2025-06-25 10:45:24.989,,,1.0,eaa14042-5c22-4b05-9d3e-0120cd467a9b.raw_data.json,UTC-0300,hriiVjEkYE,com.sec.android.app.shealth,2025-06-25 10:41:49.999,eaa14042-5c22-4b05-9d3e-0120cd467a9b,
2025-06-25 10:41:50.000,,2025-06-25 11:48:49.935,2025-06-25 11:48:49.608,,,2.0,b4e1fa0a-bc08-405c-8f95-70074eb7b481.raw_data.json,UTC-0300,hriiVjEkYE,com.sec.android.app.shealth,2025-06-25 11:43:43.000,b4e1fa0a-bc08-405c-8f95-70074eb7b481,
2025-06-25 11:43:43.000,,2025-06-25 11:48:50.111,2025-06-25 11:48:50.111,,,1.0,a71d8afa-91a1-409b-a42d-1270e8f8126c.raw_data.json,UTC-0300,hriiVjEkYE,com.sec.android.app.shealth,2025-06-25 11:45:00.000,a71d8afa-91a1-409b-a42d-1270e8f8126c,
2025-06-25 11:45:00.000,,2025-06-25 11:48:50.279,2025-06-25 11:48:50.279,,,1.0,70c67c5d-37a5-4d89-b931-1b89b01bbbab.raw_data.json,UTC-0300,hriiVjEkYE,com.sec.android.app.shealth,2025-06-25 11:46:04.001,70c67c5d-37a5-4d89-b931-1b89b01bbbab,
2025-06-25 11:46:04.001,,2025-06-25 13:33:59.679,2025-06-25 13:33:59.679,,,1.0,fb62e12d-a921-4f23-8dc2-806da5c9b811.raw_data.json,UTC-0300,hriiVjEkYE,com.sec.android.app.shealth,2025-06-25 13:04:26.000,fb62e12d-a921-4f23-8dc2-806da5c9b811,
2025-06-25 13:04:26.000,,2025-06-25 17:17:15.488,2025-06-25 17:17:15.488,,,1.0,5f1d2619-46e9-4037-8668-d5aadf249c6e.raw_data.json,UTC-0300,hriiVjEkYE,com.sec.android.app.shealth,2025-06-25 16:35:01.001,5f1d2619-46e9-4037-8668-d5aadf249c6e,
2025-06-25 16:35:01.001,,2025-06-25 17:17:16.088,2025-06-25 17:17:15.863,,,2.0,16582fa3-ba43-491a-bd5b-b2eccd642cdb.raw_data.json,UTC-0300,hriiVjEkYE,com.sec.android.app.shealth,2025-06-25 16:36:58.001,16582fa3-ba43-491a-bd5b-b2eccd642cdb,
2025-06-26 03:25:39.093,,2025-06-26 11:39:20.472,2025-06-26 11:39:20.360,,,2.0,e7b5308f-7197-4d6c-a117-669b63a8f77a.raw_data.json,UTC-0300,hriiVjEkYE,com.sec.android.app.shealth,2025-06-26 11:38:07.000,e7b5308f-7197-4d6c-a117-669b63a8f77a,
2025-06-26 11:38:06.999,,2025-06-26 11:44:06.357,2025-06-26 11:44:06.231,,,2.0,15c89940-52a6-4a73-86d7-a90e7e242af0.raw_data.json,UTC-0300,hriiVjEkYE,com.sec.android.app.shealth,2025-06-26 11:40:24.999,15c89940-52a6-4a73-86d7-a90e7e242af0,
2025-06-26 11:40:24.999,,2025-06-26 17:30:27.264,2025-06-26 17:30:27.089,,,2.0,6c4a2831-4a6f-4415-b68b-f5fe6b4569fb.raw_data.json,UTC-0300,hriiVjEkYE,com.sec.android.app.shealth,2025-06-26 16:43:47.000,6c4a2831-4a6f-4415-b68b-f5fe6b4569fb,
2025-06-27 23:02:27.969,,2025-06-27 23:16:53.337,2025-06-27 23:16:53.337,,,1.0,2c53e76d-9ac9-4718-951e-876cedf029c8.raw_data.json,UTC-0300,hriiVjEkYE,com.sec.android.app.shealth,2025-06-27 23:15:02.999,2c53e76d-9ac9-4718-951e-876cedf029c8,
2025-07-02 16:09:11.796,,2025-07-02 23:01:10.634,2025-07-02 23:01:10.634,,,1.0,ca3dcea7-62b8-4ca3-bf16-9aade4b4bbab.raw_data.json,UTC-0300,hriiVjEkYE,com.sec.android.app.shealth,2025-07-02 22:56:01.000,ca3dcea7-62b8-4ca3-bf16-9aade4b4bbab,
2025-07-03 03:00:00.263,,2025-07-03 11:58:18.683,2025-07-03 11:58:18.138,,,3.0,9d778411-b037-4c27-a71e-fcf5c80d19a2.raw_data.json,UTC-0300,hriiVjEkYE,com.sec.android.app.shealth,2025-07-03 11:33:39.000,9d778411-b037-4c27-a71e-fcf5c80d19a2,
2025-07-03 11:33:39.000,,2025-07-03 11:59:07.131,2025-07-03 11:59:06.865,,,2.0,8d335980-cd69-4f42-9420-7ecb07ebeb72.raw_data.json,UTC-0300,hriiVjEkYE,com.sec.android.app.shealth,2025-07-03 11:58:45.000,8d335980-cd69-4f42-9420-7ecb07ebeb72,
2025-07-03 11:58:45.000,,2025-07-03 12:03:17.182,2025-07-03 12:03:17.182,,,1.0,9003c6d0-a05b-4ffe-8771-d6d0ad0893c0.raw_data.json,UTC-0300,hriiVjEkYE,com.sec.android.app.shealth,2025-07-03 12:02:16.000,9003c6d0-a05b-4ffe-8771-d6d0ad0893c0,
2025-07-03 12:02:16.000,,2025-07-03 14:58:45.999,2025-07-03 14:58:45.999,,,1.0,e95e350a-255d-4063-89c7-4fbd72817da3.raw_data.json,UTC-0300,hriiVjEkYE,com.sec.android.app.shealth,2025-07-03 14:06:20.000,e95e350a-255d-4063-89c7-4fbd72817da3,
2025-07-03 14:06:20.000,,2025-07-03 16:26:59.603,2025-07-03 16:26:59.603,,,1.0,f5e62383-32a6-4609-b227-4a42e1c7d408.raw_data.json,UTC-0300,hriiVjEkYE,com.sec.android.app.shealth,2025-07-03 16:19:00.000,f5e62383-32a6-4609-b227-4a42e1c7d408,
2025-07-03 16:19:00.000,,2025-07-03 16:26:59.830,2025-07-03 16:26:59.731,,,2.0,3affa3f4-e572-41ac-bef8-ef1365101eb1.raw_data.json,UTC-0300,hriiVjEkYE,com.sec.android.app.shealth,2025-07-03 16:26:30.000,3affa3f4-e572-41ac-bef8-ef1365101eb1,
2025-07-03 16:26:30.000,,2025-07-03 18:31:11.749,2025-07-03 18:31:11.749,,,1.0,9546b8fd-4f7b-463b-9234-e1dd66df57be.raw_data.json,UTC-0300,hriiVjEkYE,com.sec.android.app.shealth,2025-07-03 18:30:33.000,9546b8fd-4f7b-463b-9234-e1dd66df57be,
2025-07-09 03:00:01.142,,2025-07-09 11:43:56.631,2025-07-09 11:43:56.631,,,1.0,1d096e51-11c8-4775-9081-0ab6c2495a18.raw_data.json,UTC-0300,hriiVjEkYE,com.sec.android.app.shealth,2025-07-09 11:38:45.001,1d096e51-11c8-4775-9081-0ab6c2495a18,
2025-07-09 11:38:45.000,,2025-07-09 11:43:56.890,2025-07-09 11:43:56.737,,,2.0,6bfae467-1768-47e3-b3c4-1fb3ced1f914.raw_data.json,UTC-0300,hriiVjEkYE,com.sec.android.app.shealth,2025-07-09 11:41:03.001,6bfae467-1768-47e3-b3c4-1fb3ced1f914,
2025-07-09 11:41:03.000,,2025-07-09 16:06:21.828,2025-07-09 16:06:21.618,,,2.0,ee424394-6549-476a-9465-668f2099baf6.raw_data.json,UTC-0300,hriiVjEkYE,com.sec.android.app.shealth,2025-07-09 16:02:56.000,ee424394-6549-476a-9465-668f2099baf6,
2025-07-09 16:02:55.999,,2025-07-09 16:06:21.923,2025-07-09 16:06:21.923,,,1.0,b90099d0-fa09-474d-bcc3-7e9188091c23.raw_data.json,UTC-0300,hriiVjEkYE,com.sec.android.app.shealth,2025-07-09 16:05:36.000,b90099d0-fa09-474d-bcc3-7e9188091c23,
2025-07-10 14:06:03.902,,2025-07-10 16:08:29.201,2025-07-10 16:08:29.201,,,1.0,f05c2220-4907-4980-8ee2-513afc4990b2.raw_data.json,UTC-0300,hriiVjEkYE,com.sec.android.app.shealth,2025-07-10 16:07:25.000,f05c2220-4907-4980-8ee2-513afc4990b2,
2025-07-10 16:07:25.000,,2025-07-10 16:34:32.924,2025-07-10 16:33:32.632,,,2.0,192ecf7a-89c0-4fca-8b58-183ff00cf8c0.raw_data.json,UTC-0300,hriiVjEkYE,com.sec.android.app.shealth,2025-07-10 16:33:32.001,192ecf7a-89c0-4fca-8b58-183ff00cf8c0,
2025-07-11 03:00:00.323,,2025-07-11 11:49:45.608,2025-07-11 11:49:45.408,,,2.0,bcfe706d-d835-444f-87d3-bda5d62aa52e.raw_data.json,UTC-0300,hriiVjEkYE,com.sec.android.app.shealth,2025-07-11 11:46:03.000,bcfe706d-d835-444f-87d3-bda5d62aa52e,
2025-07-11 11:46:03.000,,2025-07-11 11:49:45.754,2025-07-11 11:49:45.689,,,2.0,a2e880e1-4b99-410f-a317-4ca1dc080147.raw_data.json,UTC-0300,hriiVjEkYE,com.sec.android.app.shealth,2025-07-11 11:47:58.001,a2e880e1-4b99-410f-a317-4ca1dc080147,
2025-07-11 11:47:58.000,,2025-07-11 16:31:47.165,2025-07-11 16:31:47.165,,,1.0,8b5d7cc6-4f47-421a-9ee7-cbf4518ca088.raw_data.json,UTC-0300,hriiVjEkYE,com.sec.android.app.shealth,2025-07-11 16:30:51.000,8b5d7cc6-4f47-421a-9ee7-cbf4518ca088,
2025-07-11 16:30:51.000,,2025-07-11 16:49:56.510,2025-07-11 16:49:56.060,,,2.0,92bde2f8-43b7-4543-b6cd-b45d4566177f.raw_data.json,UTC-0300,hriiVjEkYE,com.sec.android.app.shealth,2025-07-11 16:32:37.999,92bde2f8-43b7-4543-b6cd-b45d4566177f,
2025-07-11 16:32:38.000,,2025-07-11 21:56:01.911,2025-07-11 21:56:01.911,,,1.0,cc57a4e5-a0d1-4c53-bb3b-fcebece99141.raw_data.json,UTC-0300,hriiVjEkYE,com.sec.android.app.shealth,2025-07-11 21:52:32.001,cc57a4e5-a0d1-4c53-bb3b-fcebece99141,
2025-07-13 03:00:00.288,,2025-07-13 20:04:31.491,2025-07-13 20:04:31.491,,,1.0,941a689d-4c5a-4d1f-bb51-296a577d0bd0.raw_data.json,UTC-0300,hriiVjEkYE,com.sec.android.app.shealth,2025-07-13 20:03:33.000,941a689d-4c5a-4d1f-bb51-296a577d0bd0,
2025-07-17 03:00:00.350,,2025-07-17 11:29:26.978,2025-07-17 11:29:26.978,,,1.0,2521ce33-313d-4d98-8488-0bde96ba65b0.raw_data.json,UTC-0300,hriiVjEkYE,com.sec.android.app.shealth,2025-07-17 11:25:54.001,2521ce33-313d-4d98-8488-0bde96ba65b0,
2025-07-17 11:25:54.001,,2025-07-17 11:29:27.324,2025-07-17 11:29:27.179,,,2.0,b9c49c8e-4db3-439a-bb20-238953d1b710.raw_data.json,UTC-0300,hriiVjEkYE,com.sec.android.app.shealth,2025-07-17 11:28:33.000,b9c49c8e-4db3-439a-bb20-238953d1b710,
2025-07-17 11:28:33.000,,2025-07-17 15:40:16.101,2025-07-17 15:40:15.944,,,2.0,52e1fcf5-9fe0-4ee3-bd7e-4296f69e8590.raw_data.json,UTC-0300,hriiVjEkYE,com.sec.android.app.shealth,2025-07-17 15:39:31.001,52e1fcf5-9fe0-4ee3-bd7e-4296f69e8590,
2025-07-18 03:00:00.478,,2025-07-18 11:45:30.458,2025-07-18 11:45:30.272,,,2.0,885eeede-8666-47c7-b75c-f44957c82a84.raw_data.json,UTC-0300,hriiVjEkYE,com.sec.android.app.shealth,2025-07-18 11:39:38.001,885eeede-8666-47c7-b75c-f44957c82a84,
2025-07-18 11:39:38.001,,2025-07-18 11:45:30.713,2025-07-18 11:45:30.585,,,2.0,22769d61-279e-42e2-9deb-ccbabf42b6b2.raw_data.json,UTC-0300,hriiVjEkYE,com.sec.android.app.shealth,2025-07-18 11:41:04.000,22769d61-279e-42e2-9deb-ccbabf42b6b2,
2025-07-18 11:41:04.000,,2025-07-18 11:45:30.830,2025-07-18 11:45:30.830,,,1.0,b8e45053-801a-4a1b-a58e-890c3424d060.raw_data.json,UTC-0300,hriiVjEkYE,com.sec.android.app.shealth,2025-07-18 11:44:03.000,b8e45053-801a-4a1b-a58e-890c3424d060,
2025-07-18 11:44:03.000,,2025-07-18 16:19:05.898,2025-07-18 16:19:05.898,,,1.0,7ec1fc7d-49e6-45c6-8b61-a6344dbe72bc.raw_data.json,UTC-0300,hriiVjEkYE,com.sec.android.app.shealth,2025-07-18 16:10:17.000,7ec1fc7d-49e6-45c6-8b61-a6344dbe72bc,
2025-07-18 16:10:17.000,,2025-07-18 16:19:06.057,2025-07-18 16:19:05.952,,,2.0,f05c1d8e-b578-4f46-b5e1-ffdfe39b35b7.raw_data.json,UTC-0300,hriiVjEkYE,com.sec.android.app.shealth,2025-07-18 16:12:45.001,f05c1d8e-b578-4f46-b5e1-ffdfe39b35b7,
2025-07-18 16:12:45.000,,2025-07-19 00:23:42.296,2025-07-19 00:23:42.296,,,1.0,6d3e3100-c5e3-4433-805a-804a6d006697.raw_data.json,UTC-0300,hriiVjEkYE,com.sec.android.app.shealth,2025-07-19 00:20:54.999,6d3e3100-c5e3-4433-805a-804a6d006697,
2025-07-20 14:07:04.521,,2025-07-20 23:58:09.077,2025-07-20 23:58:09.077,,,1.0,dca7fe2f-4aa5-45c2-b024-18ce9d69887f.raw_data.json,UTC-0300,hriiVjEkYE,com.sec.android.app.shealth,2025-07-20 23:56:47.001,dca7fe2f-4aa5-45c2-b024-18ce9d69887f,
2025-07-20 23:56:47.001,,2025-07-21 02:05:43.823,2025-07-21 02:05:43.823,,,1.0,ce74f41d-9464-4fa6-893d-791600a7344c.raw_data.json,UTC-0300,hriiVjEkYE,com.sec.android.app.shealth,2025-07-21 02:00:53.000,ce74f41d-9464-4fa6-893d-791600a7344c,
2025-07-23 03:00:00.273,,2025-07-23 12:36:49.184,2025-07-23 12:36:48.841,,,2.0,7909bdd2-a5e6-4d51-859e-36cf89b024f9.raw_data.json,UTC-0300,hriiVjEkYE,com.sec.android.app.shealth,2025-07-23 11:40:20.000,7909bdd2-a5e6-4d51-859e-36cf89b024f9,
2025-07-23 11:40:20.000,,2025-07-23 12:36:49.606,2025-07-23 12:36:49.353,,,2.0,930c468c-89be-447a-9408-8d5e87e76c5e.raw_data.json,UTC-0300,hriiVjEkYE,com.sec.android.app.shealth,2025-07-23 11:42:26.999,930c468c-89be-447a-9408-8d5e87e76c5e,
2025-07-23 11:42:26.999,,2025-07-23 16:28:57.487,2025-07-23 16:28:57.487,,,1.0,18bcf70e-aac9-4960-98d3-3a96518920f4.raw_data.json,UTC-0300,hriiVjEkYE,com.sec.android.app.shealth,2025-07-23 16:23:29.999,18bcf70e-aac9-4960-98d3-3a96518920f4,
2025-07-23 16:23:30.000,,2025-07-23 16:28:57.684,2025-07-23 16:28:57.578,,,2.0,70e355d7-e509-4ac7-83a4-9ed94406fa4f.raw_data.json,UTC-0300,hriiVjEkYE,com.sec.android.app.shealth,2025-07-23 16:25:11.999,70e355d7-e509-4ac7-83a4-9ed94406fa4f,
2025-07-23 16:25:12.000,,2025-07-24 00:19:05.815,2025-07-24 00:19:05.815,,,1.0,5e7d31b8-7801-4ec9-b1ab-3340b3e88d32.raw_data.json,UTC-0300,hriiVjEkYE,com.sec.android.app.shealth,2025-07-24 00:17:19.998,5e7d31b8-7801-4ec9-b1ab-3340b3e88d32,
2025-07-24 03:00:00.294,,2025-07-24 11:36:37.834,2025-07-24 11:36:37.711,,,2.0,0dbb551a-6c04-4069-b5b6-410c2ec8a472.raw_data.json,UTC-0300,hriiVjEkYE,com.sec.android.app.shealth,2025-07-24 11:34:35.000,0dbb551a-6c04-4069-b5b6-410c2ec8a472,
2025-07-24 11:34:34.999,,2025-07-24 11:41:14.812,2025-07-24 11:36:37.881,,,2.0,d4f6b8ef-0663-48fb-bffd-365f7f897884.raw_data.json,UTC-0300,hriiVjEkYE,com.sec.android.app.shealth,2025-07-24 11:36:48.001,d4f6b8ef-0663-48fb-bffd-365f7f897884,
2025-07-24 11:36:48.001,,2025-07-24 11:41:14.934,2025-07-24 11:41:14.934,,,1.0,b9ff182b-c46b-47b3-a40a-0092a179f18c.raw_data.json,UTC-0300,hriiVjEkYE,com.sec.android.app.shealth,2025-07-24 11:40:28.001,b9ff182b-c46b-47b3-a40a-0092a179f18c,
2025-07-25 03:51:34.949,,2025-07-25 11:46:06.014,2025-07-25 11:46:05.708,,,2.0,412fea19-0714-4e88-881a-d8ae9a054266.raw_data.json,UTC-0300,hriiVjEkYE,com.sec.android.app.shealth,2025-07-25 11:41:25.000,412fea19-0714-4e88-881a-d8ae9a054266,
2025-07-25 11:41:25.000,,2025-07-25 11:46:06.254,2025-07-25 11:46:06.104,,,2.0,7be47d09-f683-4e2c-a920-a28552ecaf09.raw_data.json,UTC-0300,hriiVjEkYE,com.sec.android.app.shealth,2025-07-25 11:43:27.999,7be47d09-f683-4e2c-a920-a28552ecaf09,
2025-07-25 11:43:27.999,,2025-07-25 13:25:09.741,2025-07-25 13:25:09.741,,,1.0,66d86f70-51cc-4dc3-8da3-7cf0c4f8e0cb.raw_data.json,UTC-0300,hriiVjEkYE,com.sec.android.app.shealth,2025-07-25 13:21:57.000,66d86f70-51cc-4dc3-8da3-7cf0c4f8e0cb,
2025-07-25 13:21:57.001,,2025-07-25 16:21:58.484,2025-07-25 16:21:58.484,,,1.0,f69aa59f-0fb6-4713-b7d5-ff7962ca55dd.raw_data.json,UTC-0300,hriiVjEkYE,com.sec.android.app.shealth,2025-07-25 16:14:21.001,f69aa59f-0fb6-4713-b7d5-ff7962ca55dd,
2025-07-25 16:14:21.000,,2025-07-25 16:21:58.721,2025-07-25 16:21:58.608,,,2.0,9c23ab29-054e-412c-be72-3f1a4bc7bdec.raw_data.json,UTC-0300,hriiVjEkYE,com.sec.android.app.shealth,2025-07-25 16:16:04.000,9c23ab29-054e-412c-be72-3f1a4bc7bdec,
2025-07-25 16:16:04.000,,2025-07-25 18:39:14.639,2025-07-25 18:39:14.639,,,1.0,b4efe051-c016-4b04-921f-57dc5cb79510.raw_data.json,UTC-0300,hriiVjEkYE,com.sec.android.app.shealth,2025-07-25 18:36:55.000,b4efe051-c016-4b04-921f-57dc5cb79510,
2025-07-27 03:00:00.177,,2025-07-27 17:42:14.596,2025-07-27 17:42:14.596,,,1.0,2ca75332-e430-4c2f-97b3-078d518a20f8.raw_data.json,UTC-0300,hriiVjEkYE,com.sec.android.app.shealth,2025-07-27 17:41:49.000,2ca75332-e430-4c2f-97b3-078d518a20f8,
2025-07-30 03:00:00.223,,2025-07-30 11:40:28.249,2025-07-30 11:40:28.249,,,1.0,6489d38a-3433-42bf-ba78-0037d8234100.raw_data.json,UTC-0300,hriiVjEkYE,com.sec.android.app.shealth,2025-07-30 11:35:37.001,6489d38a-3433-42bf-ba78-0037d8234100,
2025-07-30 11:35:37.000,,2025-07-30 11:40:28.485,2025-07-30 11:40:28.378,,,2.0,a88f4136-2c76-4141-bd4f-3bf1c39de03c.raw_data.json,UTC-0300,hriiVjEkYE,com.sec.android.app.shealth,2025-07-30 11:37:39.001,a88f4136-2c76-4141-bd4f-3bf1c39de03c,
2025-07-30 11:37:39.000,,2025-07-30 16:24:45.691,2025-07-30 16:24:45.481,,,2.0,26d7aec2-0f3c-4950-8cf8-389ef5f1f220.raw_data.json,UTC-0300,hriiVjEkYE,com.sec.android.app.shealth,2025-07-30 16:24:13.000,26d7aec2-0f3c-4950-8cf8-389ef5f1f220,
2025-08-01 13:54:58.187,,2025-08-01 16:02:41.511,2025-08-01 16:02:41.511,,,1.0,a906325f-117e-4b2e-ae8a-ffd8f628dd7b.raw_data.json,UTC-0300,hriiVjEkYE,com.sec.android.app.shealth,2025-08-01 16:01:45.000,a906325f-117e-4b2e-ae8a-ffd8f628dd7b,
2025-08-01 16:01:45.000,,2025-08-01 16:13:45.155,2025-08-01 16:13:45.155,,,1.0,f9c49845-847b-42ae-8989-de472c4fa2db.raw_data.json,UTC-0300,hriiVjEkYE,com.sec.android.app.shealth,2025-08-01 16:07:56.001,f9c49845-847b-42ae-8989-de472c4fa2db,
2025-08-01 16:07:56.001,,2025-08-01 16:21:49.414,2025-08-01 16:13:45.230,,,2.0,f75c9489-c13b-4712-ba23-150ae9f8046b.raw_data.json,UTC-0300,hriiVjEkYE,com.sec.android.app.shealth,2025-08-01 16:14:19.000,f75c9489-c13b-4712-ba23-150ae9f8046b,
2025-08-01 16:14:18.999,,2025-08-01 16:21:49.736,2025-08-01 16:21:49.559,,,2.0,fb543a2e-e077-46da-8584-58147f002866.raw_data.json,UTC-0300,hriiVjEkYE,com.sec.android.app.shealth,2025-08-01 16:16:00.001,fb543a2e-e077-46da-8584-58147f002866,
2025-08-01 16:16:00.001,,2025-08-01 18:30:52.733,2025-08-01 18:30:52.733,,,1.0,2fb2e931-b867-43ae-a0b1-5f6d10f109b6.raw_data.json,UTC-0300,hriiVjEkYE,com.sec.android.app.shealth,2025-08-01 18:05:22.001,2fb2e931-b867-43ae-a0b1-5f6d10f109b6,
2025-08-02 03:00:01.400,,2025-08-02 17:16:22.809,2025-08-02 17:16:22.809,,,1.0,584537f4-3e5b-4f9d-a6d4-95323c3249f6.raw_data.json,UTC-0300,hriiVjEkYE,com.sec.android.app.shealth,2025-08-02 17:15:49.000,584537f4-3e5b-4f9d-a6d4-95323c3249f6,
2025-08-06 03:00:00.281,,2025-08-06 11:52:03.688,2025-08-06 11:52:03.557,,,2.0,d9790bce-03dc-46dc-97ef-f4b4bf886536.raw_data.json,UTC-0300,hriiVjEkYE,com.sec.android.app.shealth,2025-08-06 11:46:17.000,d9790bce-03dc-46dc-97ef-f4b4bf886536,
2025-08-06 11:46:17.000,,2025-08-06 11:52:03.912,2025-08-06 11:52:03.814,,,2.0,5adea20d-b63e-4050-b0ad-f1e3e2939f4d.raw_data.json,UTC-0300,hriiVjEkYE,com.sec.android.app.shealth,2025-08-06 11:48:29.000,5adea20d-b63e-4050-b0ad-f1e3e2939f4d,
2025-08-13 03:00:00.308,,2025-08-13 11:55:37.390,2025-08-13 11:55:37.218,,,2.0,5d38bc2d-f5a6-4809-a905-41094cdb6f54.raw_data.json,UTC-0300,hriiVjEkYE,com.sec.android.app.shealth,2025-08-13 11:49:22.000,5d38bc2d-f5a6-4809-a905-41094cdb6f54,
2025-08-13 11:49:22.000,,2025-08-13 11:55:37.563,2025-08-13 11:55:37.445,,,2.0,259004e4-5221-484f-a00f-4bab736e910f.raw_data.json,UTC-0300,hriiVjEkYE,com.sec.android.app.shealth,2025-08-13 11:51:22.000,259004e4-5221-484f-a00f-4bab736e910f,
2025-08-13 11:51:22.000,,2025-08-13 11:55:37.679,2025-08-13 11:55:37.679,,,1.0,d3524393-0604-4213-8ff2-5e04e8e9dac0.raw_data.json,UTC-0300,hriiVjEkYE,com.sec.android.app.shealth,2025-08-13 11:54:35.000,d3524393-0604-4213-8ff2-5e04e8e9dac0,
2025-08-13 11:54:36.024,,2025-08-13 16:57:25.199,2025-08-13 16:57:25.199,,,1.0,c67bc917-d915-410f-8a85-aaa41155efe8.raw_data.json,UTC-0300,hriiVjEkYE,com.sec.android.app.shealth,2025-08-13 16:36:03.000,c67bc917-d915-410f-8a85-aaa41155efe8,
2025-08-13 16:36:03.000,,2025-08-13 16:57:25.427,2025-08-13 16:57:25.427,,,1.0,631c169e-127d-4619-b683-c98f906dcb88.raw_data.json,UTC-0300,hriiVjEkYE,com.sec.android.app.shealth,2025-08-13 16:37:04.000,631c169e-127d-4619-b683-c98f906dcb88,
2025-08-13 16:37:04.000,,2025-08-13 16:57:25.823,2025-08-13 16:57:25.702,,,2.0,bf8b6699-0e1e-4c44-a126-2f812d021f5e.raw_data.json,UTC-0300,hriiVjEkYE,com.sec.android.app.shealth,2025-08-13 16:39:02.000,bf8b6699-0e1e-4c44-a126-2f812d021f5e,
2025-08-13 16:39:02.000,,2025-08-13 19:10:14.989,2025-08-13 19:10:14.989,,,1.0,667df4f8-1bc6-4854-aba7-99b58fa8df72.raw_data.json,UTC-0300,hriiVjEkYE,com.sec.android.app.shealth,2025-08-13 18:45:20.000,667df4f8-1bc6-4854-aba7-99b58fa8df72,
2025-08-14 03:00:00.311,,2025-08-14 13:14:50.702,2025-08-14 13:14:50.608,,,2.0,330cfafb-eb45-4774-bb19-ab30147de89c.raw_data.json,UTC-0300,hriiVjEkYE,com.sec.android.app.shealth,2025-08-14 11:43:57.001,330cfafb-eb45-4774-bb19-ab30147de89c,
2025-08-14 11:43:57.000,,2025-08-14 13:14:50.880,2025-08-14 13:14:50.795,,,2.0,ca1d31af-3bb0-4877-aa3e-2145beb929bd.raw_data.json,UTC-0300,hriiVjEkYE,com.sec.android.app.shealth,2025-08-14 11:46:03.000,ca1d31af-3bb0-4877-aa3e-2145beb929bd,
2025-08-16 03:00:01.429,,2025-08-16 13:53:07.824,2025-08-16 13:53:07.824,,,1.0,46113da2-6d29-468e-99e3-ba9d5f131ea1.raw_data.json,UTC-0300,hriiVjEkYE,com.sec.android.app.shealth,2025-08-16 13:52:55.000,46113da2-6d29-468e-99e3-ba9d5f131ea1,
2025-08-19 03:00:00.343,,2025-08-19 11:35:24.443,2025-08-19 11:35:24.443,,,1.0,679c3c40-0797-46ba-bae4-c01d327a16fa.raw_data.json,UTC-0300,hriiVjEkYE,com.sec.android.app.shealth,2025-08-19 11:32:42.000,679c3c40-0797-46ba-bae4-c01d327a16fa,
2025-08-20 03:00:00.315,,2025-08-20 11:53:46.369,2025-08-20 11:53:46.369,,,1.0,b7234746-5da4-48b8-a93c-bb4331f76f12.raw_data.json,UTC-0300,hriiVjEkYE,com.sec.android.app.shealth,2025-08-20 11:48:00.000,b7234746-5da4-48b8-a93c-bb4331f76f12,
2025-08-20 11:48:00.000,,2025-08-20 11:53:46.517,2025-08-20 11:53:46.517,,,1.0,2a2ebb85-49bb-447a-a223-87f6812b9fe9.raw_data.json,UTC-0300,hriiVjEkYE,com.sec.android.app.shealth,2025-08-20 11:49:51.000,2a2ebb85-49bb-447a-a223-87f6812b9fe9,
2025-08-21 10:27:47.480,,2025-08-21 11:32:44.465,2025-08-21 11:32:44.390,,,2.0,d6816b54-5157-420b-bb58-741bb389b0c0.raw_data.json,UTC-0300,hriiVjEkYE,com.sec.android.app.shealth,2025-08-21 11:29:42.000,d6816b54-5157-420b-bb58-741bb389b0c0,
2025-08-21 11:29:42.000,,2025-08-21 11:32:44.638,2025-08-21 11:32:44.525,,,2.0,f3662560-3520-4477-b240-19f35323b101.raw_data.json,UTC-0300,hriiVjEkYE,com.sec.android.app.shealth,2025-08-21 11:31:06.000,f3662560-3520-4477-b240-19f35323b101,
2025-08-21 11:31:06.000,,2025-08-21 11:35:19.605,2025-08-21 11:35:19.605,,,1.0,454dd038-1622-44d1-9386-b4e0ad3c08a9.raw_data.json,UTC-0300,hriiVjEkYE,com.sec.android.app.shealth,2025-08-21 11:34:16.000,454dd038-1622-44d1-9386-b4e0ad3c08a9,
2025-08-21 11:34:16.000,,2025-08-21 16:30:17.870,2025-08-21 16:30:17.870,,,1.0,42480567-dffe-43d6-a541-612329c24995.raw_data.json,UTC-0300,hriiVjEkYE,com.sec.android.app.shealth,2025-08-21 16:25:37.999,42480567-dffe-43d6-a541-612329c24995,
2025-08-21 16:25:38.000,,2025-08-21 16:30:18.014,2025-08-21 16:30:18.014,,,1.0,a2e7778b-1bd9-4ab2-9f50-9b20c4cbc24c.raw_data.json,UTC-0300,hriiVjEkYE,com.sec.android.app.shealth,2025-08-21 16:27:56.001,a2e7778b-1bd9-4ab2-9f50-9b20c4cbc24c,
2025-08-21 16:27:56.000,,2025-08-21 16:33:36.609,2025-08-21 16:33:36.437,,,2.0,bf96a383-9f60-4dc5-bcb7-b26cedd8cc6d.raw_data.json,UTC-0300,hriiVjEkYE,com.sec.android.app.shealth,2025-08-21 16:32:54.000,bf96a383-9f60-4dc5-bcb7-b26cedd8cc6d,
2025-08-21 16:32:54.000,,2025-08-21 18:09:39.843,2025-08-21 18:09:39.843,,,1.0,b9b4c8bc-6201-40bf-8a58-145027711d43.raw_data.json,UTC-0300,hriiVjEkYE,com.sec.android.app.shealth,2025-08-21 18:03:12.000,b9b4c8bc-6201-40bf-8a58-145027711d43,
2025-08-22 03:00:01.063,,2025-08-22 15:42:43.252,2025-08-22 15:42:43.252,,,1.0,4bb03647-96c8-41cf-9ba7-3d6a38929c0a.raw_data.json,UTC-0300,hriiVjEkYE,com.sec.android.app.shealth,2025-08-22 15:25:13.000,4bb03647-96c8-41cf-9ba7-3d6a38929c0a,
2025-08-23 18:20:54.144,,2025-08-23 22:12:17.211,2025-08-23 22:12:17.082,,,2.0,88064dc8-71f6-4c8d-87de-178132c921d8.raw_data.json,UTC-0300,hriiVjEkYE,com.sec.android.app.shealth,2025-08-23 21:57:35.000,88064dc8-71f6-4c8d-87de-178132c921d8,
2025-08-26 03:38:26.038,,2025-08-26 11:14:24.274,2025-08-26 11:14:24.274,,,1.0,070b5dd5-fc12-4df4-bfd7-35a9775b8443.raw_data.json,UTC-0300,hriiVjEkYE,com.sec.android.app.shealth,2025-08-26 11:11:36.999,070b5dd5-fc12-4df4-bfd7-35a9775b8443,
2025-08-26 11:11:37.000,,2025-08-26 15:06:20.615,2025-08-26 15:06:20.615,,,1.0,b54c6a70-5290-4726-a29a-48871dd13a92.raw_data.json,UTC-0300,hriiVjEkYE,com.sec.android.app.shealth,2025-08-26 15:03:07.001,b54c6a70-5290-4726-a29a-48871dd13a92,
2025-08-27 03:00:01.129,,2025-08-27 11:55:14.661,2025-08-27 11:55:14.661,,,1.0,ee88a377-5452-42c5-bc77-9cb5adb5817b.raw_data.json,UTC-0300,hriiVjEkYE,com.sec.android.app.shealth,2025-08-27 11:49:13.000,ee88a377-5452-42c5-bc77-9cb5adb5817b,
2025-08-27 11:49:12.999,,2025-08-27 11:55:14.780,2025-08-27 11:55:14.780,,,1.0,d8bb7133-b558-47d8-8a07-21fa2beb20fb.raw_data.json,UTC-0300,hriiVjEkYE,com.sec.android.app.shealth,2025-08-27 11:50:14.999,d8bb7133-b558-47d8-8a07-21fa2beb20fb,
2025-08-27 11:50:15.000,,2025-08-27 11:55:14.841,2025-08-27 11:55:14.841,,,1.0,6b422270-d802-45fc-943b-bfd078450206.raw_data.json,UTC-0300,hriiVjEkYE,com.sec.android.app.shealth,2025-08-27 11:51:25.000,6b422270-d802-45fc-943b-bfd078450206,
2025-08-27 11:51:25.000,,2025-08-27 11:55:14.884,2025-08-27 11:55:14.884,,,1.0,8d4654c0-65e0-42c8-a31f-e49c4f6c6ac3.raw_data.json,UTC-0300,hriiVjEkYE,com.sec.android.app.shealth,2025-08-27 11:52:29.001,8d4654c0-65e0-42c8-a31f-e49c4f6c6ac3,
2025-08-28 16:09:44.363,,2025-08-28 16:31:55.916,2025-08-28 16:31:55.916,,,1.0,cbe00412-76ee-486b-8c4a-0a19e0e7ef6e.raw_data.json,UTC-0300,hriiVjEkYE,com.sec.android.app.shealth,2025-08-28 16:29:12.000,cbe00412-76ee-486b-8c4a-0a19e0e7ef6e,
2025-08-28 16:29:11.999,,2025-08-28 16:31:56.164,2025-08-28 16:31:56.024,,,2.0,9869ceca-6ac6-4a9f-ad9b-761eb84f6521.raw_data.json,UTC-0300,hriiVjEkYE,com.sec.android.app.shealth,2025-08-28 16:30:46.000,9869ceca-6ac6-4a9f-ad9b-761eb84f6521,
2025-08-29 03:00:01.285,,2025-08-29 11:53:43.142,2025-08-29 11:51:51.695,,,2.0,b79dcc8a-8aff-4996-b143-d924c38f0f12.raw_data.json,UTC-0300,hriiVjEkYE,com.sec.android.app.shealth,2025-08-29 11:51:42.000,b79dcc8a-8aff-4996-b143-d924c38f0f12,
2025-08-29 11:51:42.000,,2025-08-29 11:53:43.290,2025-08-29 11:53:43.219,,,2.0,f9cf10ac-b298-43d3-a0f3-29f765237b79.raw_data.json,UTC-0300,hriiVjEkYE,com.sec.android.app.shealth,2025-08-29 11:53:06.001,f9cf10ac-b298-43d3-a0f3-29f765237b79,
2025-08-29 11:53:06.000,,2025-08-29 16:51:21.086,2025-08-29 16:51:20.886,,,2.0,9bd22492-5305-43cb-acdb-9d74a583ff29.raw_data.json,UTC-0300,hriiVjEkYE,com.sec.android.app.shealth,2025-08-29 16:40:09.999,9bd22492-5305-43cb-acdb-9d74a583ff29,
2025-08-29 16:40:09.999,,2025-08-29 19:15:56.906,2025-08-29 19:15:56.906,,,1.0,08d98cb2-aa87-4785-8aee-b26aa5969059.raw_data.json,UTC-0300,hriiVjEkYE,com.sec.android.app.shealth,2025-08-29 19:15:08.999,08d98cb2-aa87-4785-8aee-b26aa5969059,
2025-08-29 19:15:08.999,,2025-08-29 20:19:02.069,2025-08-29 20:19:02.069,,,1.0,e1d6370c-65cf-49cc-9345-71530b88406e.raw_data.json,UTC-0300,hriiVjEkYE,com.sec.android.app.shealth,2025-08-29 20:16:16.000,e1d6370c-65cf-49cc-9345-71530b88406e,
2025-08-31 15:29:44.108,,2025-08-31 21:43:45.634,2025-08-31 21:43:45.634,,,1.0,2b262f20-9124-4656-a7be-64f45b8cffd2.raw_data.json,UTC-0300,hriiVjEkYE,com.sec.android.app.shealth,2025-08-31 21:32:42.000,2b262f20-9124-4656-a7be-64f45b8cffd2,
2025-08-31 21:32:41.999,,2025-08-31 21:50:51.474,2025-08-31 21:50:51.474,,,1.0,f56c48fd-58a8-4fec-8bce-727a52b39146.raw_data.json,UTC-0300,hriiVjEkYE,com.sec.android.app.shealth,2025-08-31 21:43:54.000,f56c48fd-58a8-4fec-8bce-727a52b39146,
2025-08-31 21:43:54.001,,2025-08-31 22:15:01.899,2025-08-31 22:15:01.899,,,1.0,a6a4317a-f69b-41de-86c6-e9884b1e9ef6.raw_data.json,UTC-0300,hriiVjEkYE,com.sec.android.app.shealth,2025-08-31 22:13:40.001,a6a4317a-f69b-41de-86c6-e9884b1e9ef6,
2025-08-31 22:13:40.001,,2025-09-01 00:09:34.739,2025-09-01 00:09:34.739,,,1.0,7434e04a-85fc-48b3-a1d1-ce5997a146aa.raw_data.json,UTC-0300,hriiVjEkYE,com.sec.android.app.shealth,2025-09-01 00:09:04.000,7434e04a-85fc-48b3-a1d1-ce5997a146aa,
2025-09-02 03:00:00.228,,2025-09-03 02:09:15.225,2025-09-03 02:09:15.225,,,1.0,834f5265-cb62-46ef-af53-a126b75a287d.raw_data.json,UTC-0300,hriiVjEkYE,com.sec.android.app.shealth,2025-09-03 02:08:56.000,834f5265-cb62-46ef-af53-a126b75a287d,
2025-09-03 03:00:00.225,,2025-09-03 11:56:54.663,2025-09-03 11:56:54.486,,,2.0,007ee092-96a7-417f-8583-631812b589f1.raw_data.json,UTC-0300,hriiVjEkYE,com.sec.android.app.shealth,2025-09-03 11:50:30.000,007ee092-96a7-417f-8583-631812b589f1,
2025-09-03 11:50:30.000,,2025-09-03 11:56:54.938,2025-09-03 11:56:54.808,,,2.0,2bb5a6c4-559d-4bfa-8b59-8d87df238cbd.raw_data.json,UTC-0300,hriiVjEkYE,com.sec.android.app.shealth,2025-09-03 11:51:56.001,2bb5a6c4-559d-4bfa-8b59-8d87df238cbd,
2025-09-03 11:51:56.001,,2025-09-03 11:56:55.277,2025-09-03 11:56:55.277,,,1.0,05f6b21c-6cd5-47c2-ac48-366cfb69565c.raw_data.json,UTC-0300,hriiVjEkYE,com.sec.android.app.shealth,2025-09-03 11:55:58.000,05f6b21c-6cd5-47c2-ac48-366cfb69565c,
2025-09-03 11:55:58.000,,2025-09-03 16:32:23.937,2025-09-03 16:32:23.813,,,2.0,b1f2968b-fa02-4011-a38a-66eaddd74f1d.raw_data.json,UTC-0300,hriiVjEkYE,com.sec.android.app.shealth,2025-09-03 16:31:30.999,b1f2968b-fa02-4011-a38a-66eaddd74f1d,
2025-09-13 03:00:00.278,,2025-09-13 23:24:20.594,2025-09-13 23:24:20.594,,,1.0,72bab6e2-bdb2-41f2-aaaf-7a3e540d4a20.raw_data.json,UTC-0300,hriiVjEkYE,com.sec.android.app.shealth,2025-09-13 23:22:53.000,72bab6e2-bdb2-41f2-aaaf-7a3e540d4a20,
2025-09-16 03:00:00.000,,2025-09-17 00:28:42.142,2025-09-17 00:28:42.142,,,1.0,ceea31e7-083f-489a-8bea-09bd7936b9af.raw_data.json,UTC-0300,hriiVjEkYE,com.sec.android.app.shealth,2025-09-17 00:26:34.001,ceea31e7-083f-489a-8bea-09bd7936b9af,
2025-09-17 03:00:00.296,,2025-09-17 11:41:42.862,2025-09-17 11:41:42.646,,,2.0,5490b5ef-8b94-4ede-aea8-0c85b2ccae1d.raw_data.json,UTC-0300,hriiVjEkYE,com.sec.android.app.shealth,2025-09-17 11:40:39.000,5490b5ef-8b94-4ede-aea8-0c85b2ccae1d,
2025-09-17 11:40:39.000,,2025-09-17 11:43:55.706,2025-09-17 11:43:55.583,,,2.0,583d1bd3-4f07-4c98-bc38-f54b97d09dc0.raw_data.json,UTC-0300,hriiVjEkYE,com.sec.android.app.shealth,2025-09-17 11:42:50.999,583d1bd3-4f07-4c98-bc38-f54b97d09dc0,
2025-09-17 11:42:51.000,,2025-09-17 16:26:54.493,2025-09-17 16:26:54.425,,,2.0,dd1e603e-9dc0-4af9-a54e-ba015ce887a3.raw_data.json,UTC-0300,hriiVjEkYE,com.sec.android.app.shealth,2025-09-17 16:26:19.000,dd1e603e-9dc0-4af9-a54e-ba015ce887a3,
2025-09-17 16:26:19.000,,2025-09-17 17:38:20.050,2025-09-17 17:38:20.050,,,1.0,5370a6f2-75d4-447d-87e8-f34c561e27f9.raw_data.json,UTC-0300,hriiVjEkYE,com.sec.android.app.shealth,2025-09-17 17:34:20.000,5370a6f2-75d4-447d-87e8-f34c561e27f9,
2025-09-17 17:34:20.000,,2025-09-17 17:38:20.160,2025-09-17 17:38:20.160,,,1.0,8c9e08b8-d1d0-494d-a5ff-d6228769530f.raw_data.json,UTC-0300,hriiVjEkYE,com.sec.android.app.shealth,2025-09-17 17:38:02.001,8c9e08b8-d1d0-494d-a5ff-d6228769530f,
2025-09-17 17:38:02.001,,2025-09-17 17:40:59.449,2025-09-17 17:40:59.402,,,2.0,3b791c7b-5a61-4f5c-b80c-37bee4f3ed65.raw_data.json,UTC-0300,hriiVjEkYE,com.sec.android.app.shealth,2025-09-17 17:39:32.000,3b791c7b-5a61-4f5c-b80c-37bee4f3ed65,
2025-09-18 03:00:00.288,,2025-09-18 10:48:45.444,2025-09-18 10:48:45.444,,,1.0,c7db78a3-c736-4134-ba05-cb014f72b6ee.raw_data.json,UTC-0300,hriiVjEkYE,com.sec.android.app.shealth,2025-09-18 10:46:36.000,c7db78a3-c736-4134-ba05-cb014f72b6ee,
2025-09-18 10:46:36.000,,2025-09-18 11:51:53.665,2025-09-18 11:51:53.665,,,1.0,7a72fe16-e97c-47b9-97ee-3cb44104cf7d.raw_data.json,UTC-0300,hriiVjEkYE,com.sec.android.app.shealth,2025-09-18 11:48:52.000,7a72fe16-e97c-47b9-97ee-3cb44104cf7d,
2025-09-18 11:48:52.000,,2025-09-18 11:51:54.032,2025-09-18 11:51:53.863,,,2.0,67aba705-d591-447e-8bfe-f8f13a6f975c.raw_data.json,UTC-0300,hriiVjEkYE,com.sec.android.app.shealth,2025-09-18 11:51:06.000,67aba705-d591-447e-8bfe-f8f13a6f975c,
2025-09-18 11:51:06.000,,2025-09-18 11:55:32.725,2025-09-18 11:55:32.725,,,1.0,cbe9cc14-a448-477d-b1f5-c33e22ae7887.raw_data.json,UTC-0300,hriiVjEkYE,com.sec.android.app.shealth,2025-09-18 11:54:37.000,cbe9cc14-a448-477d-b1f5-c33e22ae7887,
2025-09-18 11:54:37.000,,2025-09-18 16:31:09.732,2025-09-18 16:31:09.732,,,1.0,010bbd4f-fd4f-40ba-ac68-777b15efab98.raw_data.json,UTC-0300,hriiVjEkYE,com.sec.android.app.shealth,2025-09-18 16:27:32.000,010bbd4f-fd4f-40ba-ac68-777b15efab98,
2025-09-18 16:27:32.000,,2025-09-18 16:31:09.833,2025-09-18 16:31:09.833,,,1.0,23708868-aa71-4b80-97fd-7c34e90ab630.raw_data.json,UTC-0300,hriiVjEkYE,com.sec.android.app.shealth,2025-09-18 16:29:02.000,23708868-aa71-4b80-97fd-7c34e90ab630,
2025-09-19 03:00:00.380,,2025-09-19 11:46:59.817,2025-09-19 11:46:59.617,,,2.0,581f7395-7adf-41b6-a685-4d2370d935f5.raw_data.json,UTC-0300,hriiVjEkYE,com.sec.android.app.shealth,2025-09-19 11:41:59.000,581f7395-7adf-41b6-a685-4d2370d935f5,
2025-09-19 11:41:58.999,,2025-09-19 11:47:00.073,2025-09-19 11:46:59.950,,,2.0,37d2b80c-9825-46d0-80d8-c47a0a09bcc0.raw_data.json,UTC-0300,hriiVjEkYE,com.sec.android.app.shealth,2025-09-19 11:44:10.000,37d2b80c-9825-46d0-80d8-c47a0a09bcc0,
2025-09-19 11:44:10.000,,2025-09-19 16:45:51.908,2025-09-19 16:45:51.819,,,2.0,235a2de4-02a2-43e2-90fa-b4b823397d54.raw_data.json,UTC-0300,hriiVjEkYE,com.sec.android.app.shealth,2025-09-19 16:43:38.000,235a2de4-02a2-43e2-90fa-b4b823397d54,
2025-09-23 03:00:01.784,,2025-09-23 23:47:05.172,2025-09-23 23:47:05.172,,,1.0,4c3f0453-cf3f-45fd-ae68-c31be02f6a20.raw_data.json,UTC-0300,hriiVjEkYE,com.sec.android.app.shealth,2025-09-23 23:44:26.000,4c3f0453-cf3f-45fd-ae68-c31be02f6a20,
2025-09-24 14:01:38.171,,2025-09-24 16:43:55.910,2025-09-24 16:43:55.910,,,1.0,c0096c1f-f82c-467f-b230-0f9f611992af.raw_data.json,UTC-0300,hriiVjEkYE,com.sec.android.app.shealth,2025-09-24 16:38:04.000,c0096c1f-f82c-467f-b230-0f9f611992af,
2025-09-24 16:38:04.001,,2025-09-24 16:43:56.203,2025-09-24 16:43:56.009,,,2.0,6fd74af4-4f86-4d69-9a5b-56a0a2e92691.raw_data.json,UTC-0300,hriiVjEkYE,com.sec.android.app.shealth,2025-09-24 16:39:46.000,6fd74af4-4f86-4d69-9a5b-56a0a2e92691,
2025-09-24 16:39:46.000,,2025-09-24 19:07:15.059,2025-09-24 19:07:15.059,,,1.0,bd59100a-83b1-414f-a2e4-83ec64ba8ad2.raw_data.json,UTC-0300,hriiVjEkYE,com.sec.android.app.shealth,2025-09-24 19:06:23.001,bd59100a-83b1-414f-a2e4-83ec64ba8ad2,
2025-09-24 19:06:23.001,,2025-09-24 19:48:59.338,2025-09-24 19:48:59.338,,,1.0,44a8eb0b-e250-4421-af41-150d70c21da9.raw_data.json,UTC-0300,hriiVjEkYE,com.sec.android.app.shealth,2025-09-24 19:38:38.001,44a8eb0b-e250-4421-af41-150d70c21da9,
2025-09-24 19:38:38.001,,2025-09-25 00:08:48.664,2025-09-25 00:08:48.664,,,1.0,dfc3dc3d-916f-4755-a1a3-bb2112cca943.raw_data.json,UTC-0300,hriiVjEkYE,com.sec.android.app.shealth,2025-09-25 00:05:35.001,dfc3dc3d-916f-4755-a1a3-bb2112cca943,
2025-09-25 03:00:00.186,,2025-09-25 11:44:45.227,2025-09-25 11:44:45.151,,,2.0,171973ee-e619-4a8a-b1c6-ed7ec3b06cc2.raw_data.json,UTC-0300,hriiVjEkYE,com.sec.android.app.shealth,2025-09-25 11:43:45.000,171973ee-e619-4a8a-b1c6-ed7ec3b06cc2,
2025-09-25 11:43:45.000,,2025-09-25 11:48:12.868,2025-09-25 11:48:12.798,,,2.0,bb67384a-eb03-4bb1-8c79-3628e59a4975.raw_data.json,UTC-0300,hriiVjEkYE,com.sec.android.app.shealth,2025-09-25 11:45:52.000,bb67384a-eb03-4bb1-8c79-3628e59a4975,
2025-09-25 11:45:51.999,,2025-09-25 16:01:24.283,2025-09-25 16:01:24.135,,,2.0,c30b3e33-a924-4fd1-91fb-d6832de81785.raw_data.json,UTC-0300,hriiVjEkYE,com.sec.android.app.shealth,2025-09-25 15:54:38.000,c30b3e33-a924-4fd1-91fb-d6832de81785,
2025-09-26 03:00:00.242,,2025-09-26 11:49:28.578,2025-09-26 11:49:28.513,,,2.0,a9ae24ff-38e0-4344-98a5-e8c2c51e18e7.raw_data.json,UTC-0300,hriiVjEkYE,com.sec.android.app.shealth,2025-09-26 11:47:26.001,a9ae24ff-38e0-4344-98a5-e8c2c51e18e7,
2025-09-26 11:47:26.001,,2025-09-26 11:53:22.638,2025-09-26 11:53:22.638,,,1.0,82469826-8a29-41be-8523-8cd4bcf6d983.raw_data.json,UTC-0300,hriiVjEkYE,com.sec.android.app.shealth,2025-09-26 11:49:39.000,82469826-8a29-41be-8523-8cd4bcf6d983,
2025-09-28 03:00:00.310,,2025-09-28 04:50:38.963,2025-09-28 04:50:38.963,,,1.0,972d9534-705f-42d1-be0b-20c80d4c66dc.raw_data.json,UTC-0300,hriiVjEkYE,com.sec.android.app.shealth,2025-09-28 04:32:50.000,972d9534-705f-42d1-be0b-20c80d4c66dc,
2025-09-28 04:32:50.000,,2025-09-28 04:50:39.045,2025-09-28 04:50:39.045,,,1.0,5575c796-96ba-4084-b0cb-de795a956be7.raw_data.json,UTC-0300,hriiVjEkYE,com.sec.android.app.shealth,2025-09-28 04:44:36.000,5575c796-96ba-4084-b0cb-de795a956be7,
2025-09-28 04:44:36.000,,2025-09-28 04:54:14.126,2025-09-28 04:54:14.126,,,1.0,3ed6929c-7bef-4995-a9f1-3187aa83c16f.raw_data.json,UTC-0300,hriiVjEkYE,com.sec.android.app.shealth,2025-09-28 04:51:47.000,3ed6929c-7bef-4995-a9f1-3187aa83c16f,
2025-09-28 04:51:47.000,,2025-09-28 04:54:14.248,2025-09-28 04:54:14.248,,,1.0,27d9973e-94e4-412a-9f5c-f20530b811f4.raw_data.json,UTC-0300,hriiVjEkYE,com.sec.android.app.shealth,2025-09-28 04:53:03.000,27d9973e-94e4-412a-9f5c-f20530b811f4,
2025-09-28 04:53:03.000,,2025-09-28 04:58:58.968,2025-09-28 04:58:58.968,,,1.0,7a485e43-183a-4d94-af58-8fb88396fc7c.raw_data.json,UTC-0300,hriiVjEkYE,com.sec.android.app.shealth,2025-09-28 04:55:23.000,7a485e43-183a-4d94-af58-8fb88396fc7c,
2025-09-28 04:55:23.000,,2025-09-28 04:58:59.012,2025-09-28 04:58:59.012,,,1.0,4a1e6698-02a0-4198-bfab-ee81ebd3577f.raw_data.json,UTC-0300,hriiVjEkYE,com.sec.android.app.shealth,2025-09-28 04:58:12.999,4a1e6698-02a0-4198-bfab-ee81ebd3577f,
2025-09-28 04:58:12.999,,2025-09-28 05:06:32.844,2025-09-28 05:06:32.844,,,1.0,dc81e59c-be82-4e8b-879b-0acd6925d271.raw_data.json,UTC-0300,hriiVjEkYE,com.sec.android.app.shealth,2025-09-28 05:06:15.000,dc81e59c-be82-4e8b-879b-0acd6925d271,
2025-09-29 03:00:00.242,,2025-09-29 11:51:44.979,2025-09-29 11:51:44.833,,,2.0,b4baadb4-0b59-4f79-b934-b4ed8a4a53ed.raw_data.json,UTC-0300,hriiVjEkYE,com.sec.android.app.shealth,2025-09-29 11:48:39.000,b4baadb4-0b59-4f79-b934-b4ed8a4a53ed,
2025-09-29 11:48:39.001,,2025-09-29 11:51:45.137,2025-09-29 11:51:45.052,,,2.0,7fcac356-cbb4-4366-ab2b-5f52ade88f57.raw_data.json,UTC-0300,hriiVjEkYE,com.sec.android.app.shealth,2025-09-29 11:50:02.000,7fcac356-cbb4-4366-ab2b-5f52ade88f57,
2025-09-29 11:50:02.000,,2025-09-29 11:54:13.808,2025-09-29 11:54:13.808,,,1.0,f4d06279-b2a2-4805-93b1-dcc1eb9a045d.raw_data.json,UTC-0300,hriiVjEkYE,com.sec.android.app.shealth,2025-09-29 11:53:30.000,f4d06279-b2a2-4805-93b1-dcc1eb9a045d,
2025-09-29 11:53:30.000,,2025-09-29 16:24:09.658,2025-09-29 16:24:09.658,,,1.0,d118ed3c-2031-48c1-b16d-46332bcae846.raw_data.json,UTC-0300,hriiVjEkYE,com.sec.android.app.shealth,2025-09-29 16:20:01.000,d118ed3c-2031-48c1-b16d-46332bcae846,
2025-09-29 16:20:01.000,,2025-09-29 16:24:09.769,2025-09-29 16:24:09.769,,,1.0,bcbf6737-2c67-4ae6-8b54-4118be169456.raw_data.json,UTC-0300,hriiVjEkYE,com.sec.android.app.shealth,2025-09-29 16:22:18.000,bcbf6737-2c67-4ae6-8b54-4118be169456,
2025-10-01 03:00:00.221,,2025-10-01 11:51:38.070,2025-10-01 11:51:38.070,,,1.0,8099c6a7-a409-4557-91f6-97c659f7f67c.raw_data.json,UTC-0300,hriiVjEkYE,com.sec.android.app.shealth,2025-10-01 11:51:02.000,8099c6a7-a409-4557-91f6-97c659f7f67c,
2025-10-01 11:51:02.000,,2025-10-01 11:56:59.259,2025-10-01 11:56:59.151,,,2.0,e67533db-a4df-400d-896a-e612bd865ebf.raw_data.json,UTC-0300,hriiVjEkYE,com.sec.android.app.shealth,2025-10-01 11:53:49.000,e67533db-a4df-400d-896a-e612bd865ebf,
2025-10-01 11:53:49.000,,2025-10-01 16:26:34.709,2025-10-01 16:26:34.645,,,2.0,d1f2d29d-71f1-4441-b3dc-0b9155caa8e0.raw_data.json,UTC-0300,hriiVjEkYE,com.sec.android.app.shealth,2025-10-01 16:22:31.001,d1f2d29d-71f1-4441-b3dc-0b9155caa8e0,
2025-10-01 16:22:31.001,,2025-10-01 17:04:25.289,2025-10-01 17:04:25.144,,,2.0,6cb07ef4-d867-4767-a43f-988a4312caf9.raw_data.json,UTC-0300,hriiVjEkYE,com.sec.android.app.shealth,2025-10-01 16:37:46.000,6cb07ef4-d867-4767-a43f-988a4312caf9,
2025-10-03 03:00:00.335,,2025-10-03 11:55:11.010,2025-10-03 11:55:11.010,,,1.0,8bef5f02-f292-4980-9f24-aa22c31c8c7d.raw_data.json,UTC-0300,hriiVjEkYE,com.sec.android.app.shealth,2025-10-03 11:53:30.001,8bef5f02-f292-4980-9f24-aa22c31c8c7d,
2025-10-03 11:53:30.000,,2025-10-03 12:00:49.457,2025-10-03 12:00:49.151,,,2.0,34e12d75-f4b9-4a11-bc4d-e3a1aeb02c9b.raw_data.json,UTC-0300,hriiVjEkYE,com.sec.android.app.shealth,2025-10-03 11:55:36.001,34e12d75-f4b9-4a11-bc4d-e3a1aeb02c9b,
2025-10-03 11:55:36.000,,2025-10-03 12:00:49.511,2025-10-03 12:00:49.511,,,1.0,bf0ff570-d387-4947-98de-354126b3150a.raw_data.json,UTC-0300,hriiVjEkYE,com.sec.android.app.shealth,2025-10-03 11:59:58.000,bf0ff570-d387-4947-98de-354126b3150a,
2025-10-03 11:59:58.000,,2025-10-03 16:24:24.098,2025-10-03 16:24:24.098,,,1.0,9be7ec67-eecc-4088-ac39-6f909af52101.raw_data.json,UTC-0300,hriiVjEkYE,com.sec.android.app.shealth,2025-10-03 16:22:18.000,9be7ec67-eecc-4088-ac39-6f909af52101,
2025-10-03 16:22:18.000,,2025-10-03 16:26:35.756,2025-10-03 16:24:24.176,,,2.0,539708af-1041-4966-bfd5-b6631ea8239e.raw_data.json,UTC-0300,hriiVjEkYE,com.sec.android.app.shealth,2025-10-03 16:24:21.000,539708af-1041-4966-bfd5-b6631ea8239e,
2025-10-03 16:24:21.000,,2025-10-03 19:31:36.653,2025-10-03 19:31:36.653,,,1.0,1dace487-0f86-43a7-bbff-4b25722a09f7.raw_data.json,UTC-0300,hriiVjEkYE,com.sec.android.app.shealth,2025-10-03 19:28:27.000,1dace487-0f86-43a7-bbff-4b25722a09f7,
2025-10-05 03:00:00.277,,2025-10-06 02:07:15.516,2025-10-06 02:07:15.516,,,1.0,a642cd97-3215-4db4-917b-12922acc0a76.raw_data.json,UTC-0300,hriiVjEkYE,com.sec.android.app.shealth,2025-10-06 02:06:30.001,a642cd97-3215-4db4-917b-12922acc0a76,
2025-10-09 03:00:00.277,,2025-10-09 11:51:08.956,2025-10-09 11:51:08.956,,,1.0,fafd0466-f284-4fc5-84ad-1369b0f11262.raw_data.json,UTC-0300,hriiVjEkYE,com.sec.android.app.shealth,2025-10-09 11:44:48.001,fafd0466-f284-4fc5-84ad-1369b0f11262,
2025-10-09 11:44:48.000,,2025-10-09 11:51:09.183,2025-10-09 11:51:09.183,,,1.0,637b7a4f-8de6-4b69-9afe-b25f4096b03c.raw_data.json,UTC-0300,hriiVjEkYE,com.sec.android.app.shealth,2025-10-09 11:46:48.999,637b7a4f-8de6-4b69-9afe-b25f4096b03c,
2025-10-09 11:46:48.999,,2025-10-09 11:51:09.282,2025-10-09 11:51:09.282,,,1.0,feb09f80-6d7c-4630-888e-a771ef4d2581.raw_data.json,UTC-0300,hriiVjEkYE,com.sec.android.app.shealth,2025-10-09 11:47:50.000,feb09f80-6d7c-4630-888e-a771ef4d2581,
2025-10-09 11:47:50.001,,2025-10-09 16:07:48.431,2025-10-09 16:07:48.360,,,2.0,3b7f6ca4-83d3-421e-8b7f-6c6b1ee4cfe5.raw_data.json,UTC-0300,hriiVjEkYE,com.sec.android.app.shealth,2025-10-09 15:43:46.000,3b7f6ca4-83d3-421e-8b7f-6c6b1ee4cfe5,
2025-10-09 15:43:46.000,,2025-10-09 19:33:50.679,2025-10-09 19:33:50.679,,,1.0,f6296aa5-f10c-4f1a-a991-20fc49a1e429.raw_data.json,UTC-0300,hriiVjEkYE,com.sec.android.app.shealth,2025-10-09 19:32:28.000,f6296aa5-f10c-4f1a-a991-20fc49a1e429,
2025-10-09 19:32:28.000,,2025-10-09 23:07:05.737,2025-10-09 23:07:05.737,,,1.0,32a607c7-84b7-464b-8358-a30594dadeb4.raw_data.json,UTC-0300,hriiVjEkYE,com.sec.android.app.shealth,2025-10-09 23:03:48.000,32a607c7-84b7-464b-8358-a30594dadeb4,
2025-10-15 03:00:00.282,,2025-10-15 11:49:15.158,2025-10-15 11:49:14.926,,,2.0,1b38a1a2-eba8-46ed-b723-641ec4d81faf.raw_data.json,UTC-0300,hriiVjEkYE,com.sec.android.app.shealth,2025-10-15 11:45:25.000,1b38a1a2-eba8-46ed-b723-641ec4d81faf,
2025-10-15 11:45:25.001,,2025-10-15 11:49:15.295,2025-10-15 11:49:15.238,,,2.0,37633427-1c4d-4757-9cf7-8a0d90217b80.raw_data.json,UTC-0300,hriiVjEkYE,com.sec.android.app.shealth,2025-10-15 11:46:54.000,37633427-1c4d-4757-9cf7-8a0d90217b80,
2025-10-15 11:46:54.000,,2025-10-15 11:51:27.832,2025-10-15 11:51:27.832,,,1.0,a0a84693-6efb-4248-b888-8e244c8ef86c.raw_data.json,UTC-0300,hriiVjEkYE,com.sec.android.app.shealth,2025-10-15 11:50:34.000,a0a84693-6efb-4248-b888-8e244c8ef86c,
2025-10-15 11:50:33.999,,2025-10-15 16:52:45.488,2025-10-15 16:52:45.488,,,1.0,9fc7eab4-e4ef-48e4-8143-712d34379c4d.raw_data.json,UTC-0300,hriiVjEkYE,com.sec.android.app.shealth,2025-10-15 16:38:27.000,9fc7eab4-e4ef-48e4-8143-712d34379c4d,
2025-10-16 03:00:00.229,,2025-10-16 11:55:11.288,2025-10-16 11:55:11.288,,,1.0,374715fe-8908-4f8a-88fc-52c9b057a64e.raw_data.json,UTC-0300,hriiVjEkYE,com.sec.android.app.shealth,2025-10-16 11:48:56.000,374715fe-8908-4f8a-88fc-52c9b057a64e,
2025-10-16 11:48:56.000,,2025-10-16 11:55:11.890,2025-10-16 11:55:11.462,,,2.0,e23f24b1-1a23-4c78-8653-a761152d0da9.raw_data.json,UTC-0300,hriiVjEkYE,com.sec.android.app.shealth,2025-10-16 11:51:59.001,e23f24b1-1a23-4c78-8653-a761152d0da9,
2025-10-16 11:51:59.001,,2025-10-16 11:56:08.437,2025-10-16 11:56:08.437,,,1.0,f4cf5565-1168-4e36-8a1f-54254475a7d0.raw_data.json,UTC-0300,hriiVjEkYE,com.sec.android.app.shealth,2025-10-16 11:55:28.000,f4cf5565-1168-4e36-8a1f-54254475a7d0,
2025-10-19 03:00:01.246,,2025-10-19 18:03:17.121,2025-10-19 18:03:17.121,,,1.0,7a4bd815-c951-443a-bc40-1e09db036819.raw_data.json,UTC-0300,hriiVjEkYE,com.sec.android.app.shealth,2025-10-19 18:02:36.001,7a4bd815-c951-443a-bc40-1e09db036819,
2025-10-19 18:02:36.000,,2025-10-19 18:38:48.731,2025-10-19 18:38:48.731,,,1.0,5534eeb1-4d5f-4b32-ada6-7773b1a2d3b6.raw_data.json,UTC-0300,hriiVjEkYE,com.sec.android.app.shealth,2025-10-19 18:38:15.999,5534eeb1-4d5f-4b32-ada6-7773b1a2d3b6,
2025-10-22 03:00:00.261,,2025-10-22 15:44:54.489,2025-10-22 15:44:54.489,,,1.0,150a84e6-ffcd-4d55-a486-146e2037de32.raw_data.json,UTC-0300,hriiVjEkYE,com.sec.android.app.shealth,2025-10-22 15:42:47.999,150a84e6-ffcd-4d55-a486-146e2037de32,
2025-10-22 15:42:47.999,,2025-10-22 19:15:10.691,2025-10-22 19:15:10.691,,,1.0,641fe067-7a7a-4465-aa77-379459e4832b.raw_data.json,UTC-0300,hriiVjEkYE,com.sec.android.app.shealth,2025-10-22 19:13:55.999,641fe067-7a7a-4465-aa77-379459e4832b,
2025-10-22 19:13:56.000,,2025-10-22 20:49:07.866,2025-10-22 20:49:07.866,,,1.0,9f873d86-b23a-424c-aded-18038d220d49.raw_data.json,UTC-0300,hriiVjEkYE,com.sec.android.app.shealth,2025-10-22 20:35:58.000,9f873d86-b23a-424c-aded-18038d220d49,
2025-10-22 20:35:57.999,,2025-10-22 20:57:09.141,2025-10-22 20:57:09.141,,,1.0,27cf7988-2212-423f-ab1b-cda91080db49.raw_data.json,UTC-0300,hriiVjEkYE,com.sec.android.app.shealth,2025-10-22 20:50:01.999,27cf7988-2212-423f-ab1b-cda91080db49,
2025-10-23 03:00:00.292,,2025-10-23 14:15:34.538,2025-10-23 14:15:34.538,,,1.0,15a02c3f-eb42-415c-998d-9c194a6cdbc5.raw_data.json,UTC-0300,hriiVjEkYE,com.sec.android.app.shealth,2025-10-23 14:15:15.999,15a02c3f-eb42-415c-998d-9c194a6cdbc5,
2025-10-23 14:15:16.000,,2025-10-23 21:28:09.783,2025-10-23 21:28:09.592,,,2.0,8a74475e-4497-4362-a80a-afd25bb8820d.raw_data.json,UTC-0300,hriiVjEkYE,com.sec.android.app.shealth,2025-10-23 21:11:40.000,8a74475e-4497-4362-a80a-afd25bb8820d,
2025-10-23 21:11:40.000,,2025-10-23 21:28:09.994,2025-10-23 21:28:09.848,,,3.0,15569610-f7a6-4a54-b93a-0f6ed50c3106.raw_data.json,UTC-0300,hriiVjEkYE,com.sec.android.app.shealth,2025-10-23 21:18:14.000,15569610-f7a6-4a54-b93a-0f6ed50c3106,
2025-10-23 21:18:14.000,,2025-10-23 21:38:01.365,2025-10-23 21:38:01.365,,,1.0,aaa84dba-a0c8-4781-bb4b-4ccd0c9fd818.raw_data.json,UTC-0300,hriiVjEkYE,com.sec.android.app.shealth,2025-10-23 21:35:27.999,aaa84dba-a0c8-4781-bb4b-4ccd0c9fd818,
2025-10-24 03:00:00.206,,2025-10-24 11:28:19.935,2025-10-24 11:28:19.935,,,1.0,d90eb2ce-bb36-4b76-9185-3719438e7982.raw_data.json,UTC-0300,hriiVjEkYE,com.sec.android.app.shealth,2025-10-24 11:26:18.000,d90eb2ce-bb36-4b76-9185-3719438e7982,
2025-10-25 03:00:00.310,,2025-10-25 18:30:15.138,2025-10-25 18:30:15.138,,,1.0,c650b038-794f-4dae-a1ba-5bd47602f12e.raw_data.json,UTC-0300,hriiVjEkYE,com.sec.android.app.shealth,2025-10-25 17:30:26.000,c650b038-794f-4dae-a1ba-5bd47602f12e,
2025-10-26 03:00:00.275,,2025-10-26 17:21:04.463,2025-10-26 17:21:04.463,,,1.0,0b30638a-e3d1-47c7-9c05-e8ac98bec3d7.raw_data.json,UTC-0300,hriiVjEkYE,com.sec.android.app.shealth,2025-10-26 16:57:00.000,0b30638a-e3d1-47c7-9c05-e8ac98bec3d7,
2025-10-26 16:57:00.001,,2025-10-26 17:49:09.177,2025-10-26 17:49:09.177,,,1.0,6fd63819-ebd0-4464-ad4e-62bf20f49cec.raw_data.json,UTC-0300,hriiVjEkYE,com.sec.android.app.shealth,2025-10-26 17:30:38.001,6fd63819-ebd0-4464-ad4e-62bf20f49cec,
2025-10-26 17:30:38.000,,2025-10-26 21:11:42.492,2025-10-26 21:11:42.492,,,1.0,eef7b66c-c41a-4a2c-af6b-66cd6989f66d.raw_data.json,UTC-0300,hriiVjEkYE,com.sec.android.app.shealth,2025-10-26 21:03:33.000,eef7b66c-c41a-4a2c-af6b-66cd6989f66d,
2025-10-26 21:03:33.000,,2025-10-26 21:46:49.694,2025-10-26 21:11:42.547,,,2.0,b0758da5-5316-420e-8447-41f7e7694870.raw_data.json,UTC-0300,hriiVjEkYE,com.sec.android.app.shealth,2025-10-26 21:11:54.000,b0758da5-5316-420e-8447-41f7e7694870,
2025-10-26 21:11:54.000,,2025-10-26 21:46:49.747,2025-10-26 21:46:49.747,,,1.0,7d6ccbb7-e5c0-42a9-8116-c4be2601badd.raw_data.json,UTC-0300,hriiVjEkYE,com.sec.android.app.shealth,2025-10-26 21:13:20.000,7d6ccbb7-e5c0-42a9-8116-c4be2601badd,
2025-10-26 21:13:20.000,,2025-10-26 21:46:49.915,2025-10-26 21:46:49.915,,,1.0,5445a689-758b-47ee-b3e1-26a30d7a42bf.raw_data.json,UTC-0300,hriiVjEkYE,com.sec.android.app.shealth,2025-10-26 21:44:43.999,5445a689-758b-47ee-b3e1-26a30d7a42bf,
2025-10-26 21:44:43.999,,2025-10-26 21:48:32.082,2025-10-26 21:48:32.082,,,1.0,12bdd136-2efc-4281-ab85-a1bf11b9cb78.raw_data.json,UTC-0300,hriiVjEkYE,com.sec.android.app.shealth,2025-10-26 21:48:08.000,12bdd136-2efc-4281-ab85-a1bf11b9cb78,
2025-11-01 00:31:14.126,,2025-11-01 01:42:41.797,2025-11-01 01:42:41.797,,,1.0,d5e4cd76-420c-4c23-8260-13396b523ce4.raw_data.json,UTC-0300,hriiVjEkYE,com.sec.android.app.shealth,2025-11-01 01:41:44.000,d5e4cd76-420c-4c23-8260-13396b523ce4,
2025-11-03 03:58:28.498,,2025-11-03 11:38:30.676,2025-11-03 11:38:30.544,,,2.0,c46268f7-6e2b-434a-9d0b-7a40cd2aacef.raw_data.json,UTC-0300,hriiVjEkYE,com.sec.android.app.shealth,2025-11-03 11:31:59.000,c46268f7-6e2b-434a-9d0b-7a40cd2aacef,
2025-11-03 11:31:59.000,,2025-11-03 11:38:30.977,2025-11-03 11:38:30.780,,,2.0,21261b74-2fc3-4603-92ce-ff23c2363999.raw_data.json,UTC-0300,hriiVjEkYE,com.sec.android.app.shealth,2025-11-03 11:33:58.001,21261b74-2fc3-4603-92ce-ff23c2363999,
2025-11-03 11:33:58.000,,2025-11-03 11:38:31.067,2025-11-03 11:38:31.067,,,1.0,797e5221-5c41-4d16-8b69-47c5cb1fc853.raw_data.json,UTC-0300,hriiVjEkYE,com.sec.android.app.shealth,2025-11-03 11:37:25.999,797e5221-5c41-4d16-8b69-47c5cb1fc853,
2025-11-03 11:37:26.000,,2025-11-03 17:30:53.358,2025-11-03 17:30:53.090,,,2.0,2d676bfa-1f36-459b-9240-8b63b2804f2e.raw_data.json,UTC-0300,hriiVjEkYE,com.sec.android.app.shealth,2025-11-03 16:28:53.000,2d676bfa-1f36-459b-9240-8b63b2804f2e,
2025-11-06 03:00:00.286,,2025-11-06 11:33:03.035,2025-11-06 11:33:03.035,,,1.0,4157745d-6c9e-4ae4-9342-b3795631036b.raw_data.json,UTC-0300,hriiVjEkYE,com.sec.android.app.shealth,2025-11-06 11:31:18.999,4157745d-6c9e-4ae4-9342-b3795631036b,
2025-11-06 11:31:18.999,,2025-11-06 11:37:20.663,2025-11-06 11:37:20.501,,,2.0,b3650876-c5ab-4c40-8c34-11daa9464fa5.raw_data.json,UTC-0300,hriiVjEkYE,com.sec.android.app.shealth,2025-11-06 11:34:06.000,b3650876-c5ab-4c40-8c34-11daa9464fa5,
2025-11-06 11:34:06.001,,2025-11-06 13:32:24.723,2025-11-06 13:32:24.723,,,1.0,f0835b76-66f6-4769-84db-72d7e2f1617b.raw_data.json,UTC-0300,hriiVjEkYE,com.sec.android.app.shealth,2025-11-06 13:31:50.001,f0835b76-66f6-4769-84db-72d7e2f1617b,
2025-11-06 13:31:50.000,,2025-11-06 16:49:46.506,2025-11-06 16:49:46.506,,,1.0,828cfcf2-5ba0-4f9f-b3f6-5d374724bdc9.raw_data.json,UTC-0300,hriiVjEkYE,com.sec.android.app.shealth,2025-11-06 16:47:36.999,828cfcf2-5ba0-4f9f-b3f6-5d374724bdc9,
2025-11-06 16:47:36.999,,2025-11-06 16:49:46.897,2025-11-06 16:49:46.769,,,2.0,258e3651-a712-4d3e-8654-02ee1d7298bc.raw_data.json,UTC-0300,hriiVjEkYE,com.sec.android.app.shealth,2025-11-06 16:49:17.000,258e3651-a712-4d3e-8654-02ee1d7298bc,
2025-11-06 16:49:17.000,,2025-11-06 18:41:47.086,2025-11-06 18:41:47.086,,,1.0,fc9b9308-b6ba-47b1-9ef0-f2844bfcc563.raw_data.json,UTC-0300,hriiVjEkYE,com.sec.android.app.shealth,2025-11-06 18:40:58.000,fc9b9308-b6ba-47b1-9ef0-f2844bfcc563,
2025-11-10 12:53:17.794,,2025-11-10 16:17:51.336,2025-11-10 16:17:51.336,,,1.0,0e88c625-4ec3-4fc5-841a-b723fc15628a.raw_data.json,UTC-0300,hriiVjEkYE,com.sec.android.app.shealth,2025-11-10 16:15:43.000,0e88c625-4ec3-4fc5-841a-b723fc15628a,
2025-11-10 16:15:43.000,,2025-11-10 16:20:07.646,2025-11-10 16:17:51.519,,,2.0,2bbf345e-a878-40e8-915b-8642b0bb5664.raw_data.json,UTC-0300,hriiVjEkYE,com.sec.android.app.shealth,2025-11-10 16:17:37.000,2bbf345e-a878-40e8-915b-8642b0bb5664,
2025-11-13 10:57:42.342,,2025-11-13 11:46:11.964,2025-11-13 11:46:11.964,,,1.0,46deadea-1dfe-40cc-b733-b5f20ca98b4c.raw_data.json,UTC-0300,hriiVjEkYE,com.sec.android.app.shealth,2025-11-13 11:44:25.999,46deadea-1dfe-40cc-b733-b5f20ca98b4c,
2025-11-13 11:44:26.000,,2025-11-13 11:50:30.827,2025-11-13 11:50:30.657,,,2.0,2ce31e45-d3db-43a3-83b1-d0457bb38724.raw_data.json,UTC-0300,hriiVjEkYE,com.sec.android.app.shealth,2025-11-13 11:47:25.000,2ce31e45-d3db-43a3-83b1-d0457bb38724,
2025-11-13 11:47:24.999,,2025-11-13 15:38:58.803,2025-11-13 15:38:58.803,,,1.0,b046eb6f-5e69-405f-bc4e-40d306a1007a.raw_data.json,UTC-0300,hriiVjEkYE,com.sec.android.app.shealth,2025-11-13 15:37:42.999,b046eb6f-5e69-405f-bc4e-40d306a1007a,
2025-11-13 15:37:43.000,,2025-11-13 15:42:43.582,2025-11-13 15:42:43.434,,,2.0,baed29dc-3cbc-4e65-9fae-23e536362fb1.raw_data.json,UTC-0300,hriiVjEkYE,com.sec.android.app.shealth,2025-11-13 15:39:38.000,baed29dc-3cbc-4e65-9fae-23e536362fb1,
2025-11-13 15:39:38.000,,2025-11-13 16:29:19.471,2025-11-13 16:29:19.471,,,1.0,33e5197d-b025-4aa7-be73-6b7a1e20f1ba.raw_data.json,UTC-0300,hriiVjEkYE,com.sec.android.app.shealth,2025-11-13 16:01:21.001,33e5197d-b025-4aa7-be73-6b7a1e20f1ba,
2025-11-13 16:01:21.001,,2025-11-13 16:29:19.738,2025-11-13 16:29:19.616,,,2.0,054c9a21-c0e4-47d7-a0a3-49a8a1a698cc.raw_data.json,UTC-0300,hriiVjEkYE,com.sec.android.app.shealth,2025-11-13 16:21:03.000,054c9a21-c0e4-47d7-a0a3-49a8a1a698cc,
2025-11-14 03:00:00.259,,2025-11-14 11:52:34.775,2025-11-14 11:52:34.617,,,2.0,0e26000a-6a78-47c4-9ac3-032efd9fda36.raw_data.json,UTC-0300,hriiVjEkYE,com.sec.android.app.shealth,2025-11-14 11:47:54.000,0e26000a-6a78-47c4-9ac3-032efd9fda36,
2025-11-14 11:47:54.000,,2025-11-14 11:52:35.069,2025-11-14 11:52:34.896,,,2.0,1544e0db-8647-448b-a002-f0f8a82aaf61.raw_data.json,UTC-0300,hriiVjEkYE,com.sec.android.app.shealth,2025-11-14 11:50:00.000,1544e0db-8647-448b-a002-f0f8a82aaf61,
2025-11-14 11:50:00.000,,2025-11-14 16:37:28.617,2025-11-14 16:37:28.437,,,2.0,164cfa9e-d854-4c7a-9c5a-49c367f0724c.raw_data.json,UTC-0300,hriiVjEkYE,com.sec.android.app.shealth,2025-11-14 16:36:41.000,164cfa9e-d854-4c7a-9c5a-49c367f0724c,
2025-11-19 03:00:00.274,,2025-11-19 11:52:35.044,2025-11-19 11:52:34.862,,,2.0,dcab02e8-daea-4e3f-b17d-9d0c0afbcb5c.raw_data.json,UTC-0300,hriiVjEkYE,com.sec.android.app.shealth,2025-11-19 11:46:26.000,dcab02e8-daea-4e3f-b17d-9d0c0afbcb5c,
2025-11-19 11:46:26.000,,2025-11-19 11:52:35.343,2025-11-19 11:52:35.181,,,2.0,4eb4c37b-2cc5-45f1-ab7e-c807ef0ea134.raw_data.json,UTC-0300,hriiVjEkYE,com.sec.android.app.shealth,2025-11-19 11:47:54.000,4eb4c37b-2cc5-45f1-ab7e-c807ef0ea134,
2025-11-19 11:47:54.000,,2025-11-19 11:52:35.441,2025-11-19 11:52:35.441,,,1.0,24215d9d-7004-4242-9ef1-e7157c5fea67.raw_data.json,UTC-0300,hriiVjEkYE,com.sec.android.app.shealth,2025-11-19 11:51:38.999,24215d9d-7004-4242-9ef1-e7157c5fea67,
2025-11-19 11:51:38.999,,2025-11-19 13:37:38.219,2025-11-19 13:37:38.219,,,1.0,6a1edf03-0c03-4a9d-98d9-94e18982d794.raw_data.json,UTC-0300,hriiVjEkYE,com.sec.android.app.shealth,2025-11-19 13:11:42.000,6a1edf03-0c03-4a9d-98d9-94e18982d794,
2025-11-19 13:11:42.000,,2025-11-19 14:09:06.640,2025-11-19 14:09:06.640,,,1.0,c02991d2-e3ea-4f9b-8355-bb8b4faaa484.raw_data.json,UTC-0300,hriiVjEkYE,com.sec.android.app.shealth,2025-11-19 14:08:11.000,c02991d2-e3ea-4f9b-8355-bb8b4faaa484,
2025-11-19 14:08:11.000,,2025-11-19 14:10:16.761,2025-11-19 14:10:16.608,,,2.0,aebc9359-9826-4330-a2da-7a0cd75bfb63.raw_data.json,UTC-0300,hriiVjEkYE,com.sec.android.app.shealth,2025-11-19 14:09:43.001,aebc9359-9826-4330-a2da-7a0cd75bfb63,
2025-11-19 14:09:43.000,,2025-11-19 15:02:14.858,2025-11-19 15:02:14.858,,,1.0,6e62bd11-8861-49b0-8691-0db2d4171215.raw_data.json,UTC-0300,hriiVjEkYE,com.sec.android.app.shealth,2025-11-19 15:01:21.000,6e62bd11-8861-49b0-8691-0db2d4171215,
2025-11-19 15:01:21.000,,2025-11-19 15:02:59.047,2025-11-19 15:02:58.919,,,2.0,6c3e4361-b46e-4978-9540-e039abb8e988.raw_data.json,UTC-0300,hriiVjEkYE,com.sec.android.app.shealth,2025-11-19 15:02:40.000,6c3e4361-b46e-4978-9540-e039abb8e988,
2025-11-19 15:02:40.000,,2025-11-19 16:37:13.390,2025-11-19 16:37:13.288,,,2.0,66771407-4c18-4d39-b7c1-7958677df4cc.raw_data.json,UTC-0300,hriiVjEkYE,com.sec.android.app.shealth,2025-11-19 16:35:26.001,66771407-4c18-4d39-b7c1-7958677df4cc,
2025-11-19 16:35:26.000,,2025-11-19 17:44:03.963,2025-11-19 17:44:03.963,,,1.0,bf8dbc20-d87c-4ce3-a957-90ae1a6a8cd2.raw_data.json,UTC-0300,hriiVjEkYE,com.sec.android.app.shealth,2025-11-19 17:43:03.000,bf8dbc20-d87c-4ce3-a957-90ae1a6a8cd2,
2025-11-20 03:00:01.159,,2025-11-20 13:19:00.471,2025-11-20 13:19:00.471,,,1.0,9e3ca7f3-5a5d-485c-9ac8-c6800dd4d6fc.raw_data.json,UTC-0300,hriiVjEkYE,com.sec.android.app.shealth,2025-11-20 13:08:30.999,9e3ca7f3-5a5d-485c-9ac8-c6800dd4d6fc,
2025-11-21 03:00:00.875,,2025-11-21 23:41:04.584,2025-11-21 23:41:04.584,,,1.0,4fdfe985-2743-416c-88ad-fc969e2be6e4.raw_data.json,UTC-0300,hriiVjEkYE,com.sec.android.app.shealth,2025-11-21 23:16:57.000,4fdfe985-2743-416c-88ad-fc969e2be6e4,
2025-11-22 03:00:00.206,,2025-11-22 13:39:54.216,2025-11-22 13:39:54.216,,,1.0,725d2f62-a529-4bbe-8753-a3d4ec046550.raw_data.json,UTC-0300,hriiVjEkYE,com.sec.android.app.shealth,2025-11-22 13:36:52.000,725d2f62-a529-4bbe-8753-a3d4ec046550,
2025-11-22 13:36:52.000,,2025-11-22 13:39:54.325,2025-11-22 13:39:54.325,,,1.0,8cd89ecf-c835-465e-a33c-7a4491b5c946.raw_data.json,UTC-0300,hriiVjEkYE,com.sec.android.app.shealth,2025-11-22 13:38:50.000,8cd89ecf-c835-465e-a33c-7a4491b5c946,
2025-11-22 13:38:50.000,,2025-11-22 13:52:19.046,2025-11-22 13:52:19.046,,,1.0,596a5921-151e-41f3-9260-60b51319876d.raw_data.json,UTC-0300,hriiVjEkYE,com.sec.android.app.shealth,2025-11-22 13:48:08.000,596a5921-151e-41f3-9260-60b51319876d,
2025-11-22 13:48:08.000,,2025-11-22 14:59:52.888,2025-11-22 14:59:52.888,,,1.0,fbdbad88-f7df-4f5d-a0c6-e9c0bd81caf2.raw_data.json,UTC-0300,hriiVjEkYE,com.sec.android.app.shealth,2025-11-22 14:57:43.000,fbdbad88-f7df-4f5d-a0c6-e9c0bd81caf2,
2025-11-24 03:00:00.237,,2025-11-24 11:47:42.351,2025-11-24 11:47:42.134,,,2.0,905fa791-eb41-4035-84ce-d26be5f6c6ec.raw_data.json,UTC-0300,hriiVjEkYE,com.sec.android.app.shealth,2025-11-24 11:44:04.999,905fa791-eb41-4035-84ce-d26be5f6c6ec,
2025-11-24 11:44:05.000,,2025-11-24 11:47:42.910,2025-11-24 11:47:42.562,,,2.0,a4e6e827-74eb-49c6-8389-56e21286f092.raw_data.json,UTC-0300,hriiVjEkYE,com.sec.android.app.shealth,2025-11-24 11:45:25.999,a4e6e827-74eb-49c6-8389-56e21286f092,
2025-11-28 03:42:13.816,,2025-11-28 11:44:10.434,2025-11-28 11:44:10.344,,,2.0,c36a5dfa-69ff-4b76-ae4d-997368f8bafe.raw_data.json,UTC-0300,hriiVjEkYE,com.sec.android.app.shealth,2025-11-28 11:39:45.000,c36a5dfa-69ff-4b76-ae4d-997368f8bafe,
2025-11-28 11:39:45.000,,2025-11-28 11:44:10.574,2025-11-28 11:44:10.481,,,2.0,4e29b048-99dd-4b77-883b-53f0566909c4.raw_data.json,UTC-0300,hriiVjEkYE,com.sec.android.app.shealth,2025-11-28 11:41:45.000,4e29b048-99dd-4b77-883b-53f0566909c4,
2025-11-28 11:41:45.000,,2025-11-28 16:49:11.503,2025-11-28 16:49:11.425,,,2.0,4e7a0c13-ecd9-40d7-93b4-82b4491ce697.raw_data.json,UTC-0300,hriiVjEkYE,com.sec.android.app.shealth,2025-11-28 16:48:37.000,4e7a0c13-ecd9-40d7-93b4-82b4491ce697,
2025-11-28 16:48:37.000,,2025-11-28 17:24:33.289,2025-11-28 17:24:33.289,,,1.0,f9b3e2ae-c5cc-4bd8-b554-64ad987c72a9.raw_data.json,UTC-0300,hriiVjEkYE,com.sec.android.app.shealth,2025-11-28 17:21:07.000,f9b3e2ae-c5cc-4bd8-b554-64ad987c72a9,
2025-11-28 17:21:07.000,,2025-11-28 17:24:33.532,2025-11-28 17:24:33.371,,,2.0,e2c53f6f-d888-4faf-8c06-d0e728032506.raw_data.json,UTC-0300,hriiVjEkYE,com.sec.android.app.shealth,2025-11-28 17:23:50.000,e2c53f6f-d888-4faf-8c06-d0e728032506,
2025-11-28 17:23:50.000,,2025-11-28 22:55:05.804,2025-11-28 22:55:05.804,,,1.0,7b2ac49e-dacd-4e08-8f96-df226fce1293.raw_data.json,UTC-0300,hriiVjEkYE,com.sec.android.app.shealth,2025-11-28 22:53:27.000,7b2ac49e-dacd-4e08-8f96-df226fce1293,
2025-11-28 22:53:27.000,,2025-11-28 22:56:46.805,2025-11-28 22:55:48.860,,,2.0,b111fee9-ae46-4981-b37d-4a9b4158bef7.raw_data.json,UTC-0300,hriiVjEkYE,com.sec.android.app.shealth,2025-11-28 22:56:29.000,b111fee9-ae46-4981-b37d-4a9b4158bef7,
2025-12-01 03:00:00.284,,2025-12-01 11:44:39.274,2025-12-01 11:44:39.090,,,2.0,73ce6a41-0a32-41fb-b2c2-dfb19a724440.raw_data.json,UTC-0300,hriiVjEkYE,com.sec.android.app.shealth,2025-12-01 11:38:23.001,73ce6a41-0a32-41fb-b2c2-dfb19a724440,
2025-12-01 11:38:23.000,,2025-12-01 11:44:39.504,2025-12-01 11:44:39.383,,,2.0,279bde8f-bf02-4ae9-bb22-edb769e837c4.raw_data.json,UTC-0300,hriiVjEkYE,com.sec.android.app.shealth,2025-12-01 11:39:54.999,279bde8f-bf02-4ae9-bb22-edb769e837c4,
2025-12-01 11:39:55.000,,2025-12-01 11:44:39.659,2025-12-01 11:44:39.659,,,1.0,f0ffec6c-0979-4d29-a245-b33adfc0d662.raw_data.json,UTC-0300,hriiVjEkYE,com.sec.android.app.shealth,2025-12-01 11:43:27.000,f0ffec6c-0979-4d29-a245-b33adfc0d662,
2025-12-01 11:43:27.000,,2025-12-01 16:19:19.089,2025-12-01 16:19:19.089,,,1.0,eb3ff9e1-78f8-4e69-ba9a-e8efe0a17a6a.raw_data.json,UTC-0300,hriiVjEkYE,com.sec.android.app.shealth,2025-12-01 16:18:08.000,eb3ff9e1-78f8-4e69-ba9a-e8efe0a17a6a,
2025-12-01 16:18:08.000,,2025-12-01 16:20:27.546,2025-12-01 16:19:53.645,,,2.0,95c07f0c-edf1-4c90-9c5a-e67476911c76.raw_data.json,UTC-0300,hriiVjEkYE,com.sec.android.app.shealth,2025-12-01 16:19:53.000,95c07f0c-edf1-4c90-9c5a-e67476911c76,
2025-12-04 03:07:26.413,,2025-12-04 11:57:20.939,2025-12-04 11:57:20.939,,,1.0,8dd6f70e-e8e0-4df2-b5ed-f14f75e33ee3.raw_data.json,UTC-0300,hriiVjEkYE,com.sec.android.app.shealth,2025-12-04 11:50:45.000,8dd6f70e-e8e0-4df2-b5ed-f14f75e33ee3,
2025-12-04 11:50:45.000,,2025-12-04 11:57:21.435,2025-12-04 11:57:21.319,,,2.0,0cedb8a2-5c32-4de6-8e14-7f024d7b9ccc.raw_data.json,UTC-0300,hriiVjEkYE,com.sec.android.app.shealth,2025-12-04 11:53:02.001,0cedb8a2-5c32-4de6-8e14-7f024d7b9ccc,
2025-12-04 11:53:02.000,,2025-12-04 13:30:23.335,2025-12-04 13:30:23.335,,,1.0,0985c815-923e-4fd9-94be-2b9718333a2e.raw_data.json,UTC-0300,hriiVjEkYE,com.sec.android.app.shealth,2025-12-04 13:29:19.000,0985c815-923e-4fd9-94be-2b9718333a2e,
2025-12-04 13:29:19.001,,2025-12-04 15:27:31.761,2025-12-04 15:27:31.761,,,1.0,03352c2c-7f7f-407f-b218-bfb40f94911b.raw_data.json,UTC-0300,hriiVjEkYE,com.sec.android.app.shealth,2025-12-04 15:04:10.000,03352c2c-7f7f-407f-b218-bfb40f94911b,
2025-12-04 15:04:09.999,,2025-12-04 16:07:43.874,2025-12-04 16:07:43.795,,,2.0,8595bdef-00ed-4b38-a396-8640ce985bd7.raw_data.json,UTC-0300,hriiVjEkYE,com.sec.android.app.shealth,2025-12-04 16:01:02.000,8595bdef-00ed-4b38-a396-8640ce985bd7,
2025-12-04 16:01:02.000,,2025-12-04 16:09:16.891,2025-12-04 16:07:44.031,,,2.0,b8091bbd-0f73-4fa3-859a-14461fd5f7e4.raw_data.json,UTC-0300,hriiVjEkYE,com.sec.android.app.shealth,2025-12-04 16:07:54.000,b8091bbd-0f73-4fa3-859a-14461fd5f7e4,
2025-12-04 16:07:54.000,,2025-12-04 16:12:21.423,2025-12-04 16:12:21.273,,,2.0,f62a7da9-78ed-498d-94fe-9f50638ca93b.raw_data.json,UTC-0300,hriiVjEkYE,com.sec.android.app.shealth,2025-12-04 16:09:48.000,f62a7da9-78ed-498d-94fe-9f50638ca93b,
2025-12-04 16:09:49.093,,2025-12-04 18:40:51.194,2025-12-04 18:40:51.194,,,1.0,314a98ca-5f6f-4740-b90a-440acc7727da.raw_data.json,UTC-0300,hriiVjEkYE,com.sec.android.app.shealth,2025-12-04 18:29:19.000,314a98ca-5f6f-4740-b90a-440acc7727da,
2025-12-05 03:00:00.266,,2025-12-05 11:53:23.847,2025-12-05 11:53:23.847,,,1.0,de8668e7-10c4-4300-b698-857def0f5b43.raw_data.json,UTC-0300,hriiVjEkYE,com.sec.android.app.shealth,2025-12-05 11:51:15.999,de8668e7-10c4-4300-b698-857def0f5b43,
2025-12-05 11:51:15.999,,2025-12-05 11:53:41.347,2025-12-05 11:53:24.273,,,2.0,c98573b5-9fe9-431c-a2b8-91c15ce43f72.raw_data.json,UTC-0300,hriiVjEkYE,com.sec.android.app.shealth,2025-12-05 11:53:22.999,c98573b5-9fe9-431c-a2b8-91c15ce43f72,
2025-12-05 11:53:22.999,,2025-12-05 11:57:38.214,2025-12-05 11:57:38.214,,,1.0,20acc631-7ed8-46a0-a647-9a2f135cbc2f.raw_data.json,UTC-0300,hriiVjEkYE,com.sec.android.app.shealth,2025-12-05 11:56:34.999,20acc631-7ed8-46a0-a647-9a2f135cbc2f,
2025-12-05 11:56:35.000,,2025-12-05 16:52:35.215,2025-12-05 16:52:35.088,,,2.0,5ba35718-545c-45ef-8e62-4067c92bc6b0.raw_data.json,UTC-0300,hriiVjEkYE,com.sec.android.app.shealth,2025-12-05 16:51:48.001,5ba35718-545c-45ef-8e62-4067c92bc6b0,
2025-12-07 03:00:00.317,,2025-12-07 14:00:51.307,2025-12-07 14:00:51.307,,,1.0,66af472b-aa77-49cf-a4d2-43182c16bc7a.raw_data.json,UTC-0300,hriiVjEkYE,com.sec.android.app.shealth,2025-12-07 13:59:07.999,66af472b-aa77-49cf-a4d2-43182c16bc7a,
2025-12-07 13:59:08.000,,2025-12-07 14:00:51.376,2025-12-07 14:00:51.376,,,1.0,ba373e65-48ae-4150-9b48-39dde8af54ae.raw_data.json,UTC-0300,hriiVjEkYE,com.sec.android.app.shealth,2025-12-07 14:00:14.001,ba373e65-48ae-4150-9b48-39dde8af54ae,
2025-12-08 03:00:00.735,,2025-12-08 11:52:36.601,2025-12-08 11:52:36.601,,,1.0,78e9ef6e-f38c-4a80-b486-26fa4ef945e0.raw_data.json,UTC-0300,hriiVjEkYE,com.sec.android.app.shealth,2025-12-08 11:47:20.000,78e9ef6e-f38c-4a80-b486-26fa4ef945e0,
2025-12-08 11:47:20.001,,2025-12-08 11:52:37.122,2025-12-08 11:52:36.788,,,2.0,adfb49aa-9c37-465d-b409-2643723c875d.raw_data.json,UTC-0300,hriiVjEkYE,com.sec.android.app.shealth,2025-12-08 11:49:28.001,adfb49aa-9c37-465d-b409-2643723c875d,
2025-12-08 11:49:28.000,,2025-12-08 11:54:51.462,2025-12-08 11:54:51.462,,,1.0,d2c2a360-4394-4545-b9bb-60f2147a339c.raw_data.json,UTC-0300,hriiVjEkYE,com.sec.android.app.shealth,2025-12-08 11:54:01.999,d2c2a360-4394-4545-b9bb-60f2147a339c,
2025-12-08 11:54:02.000,,2025-12-08 16:03:59.166,2025-12-08 16:03:59.166,,,1.0,20108920-54ff-4c79-b7a7-e7c3ff8a811b.raw_data.json,UTC-0300,hriiVjEkYE,com.sec.android.app.shealth,2025-12-08 15:57:27.001,20108920-54ff-4c79-b7a7-e7c3ff8a811b,
2025-12-12 13:19:15.583,,2025-12-12 16:45:49.112,2025-12-12 16:45:49.038,,,2.0,859227cb-06cf-4c50-8fbf-0cb13a8ecc3e.raw_data.json,UTC-0300,hriiVjEkYE,com.sec.android.app.shealth,2025-12-12 16:45:23.000,859227cb-06cf-4c50-8fbf-0cb13a8ecc3e,
2025-12-14 03:00:00.238,,2025-12-14 05:16:19.869,2025-12-14 05:16:19.869,,,1.0,b96110a4-9a6c-4b0d-9c6e-9d552add6b2c.raw_data.json,UTC-0300,hriiVjEkYE,com.sec.android.app.shealth,2025-12-14 05:15:23.001,b96110a4-9a6c-4b0d-9c6e-9d552add6b2c,
2025-12-14 05:15:23.001,,2025-12-14 05:24:13.059,2025-12-14 05:24:13.059,,,1.0,0469cf60-881f-4fea-bea3-70cfa4ca020a.raw_data.json,UTC-0300,hriiVjEkYE,com.sec.android.app.shealth,2025-12-14 05:21:19.001,0469cf60-881f-4fea-bea3-70cfa4ca020a,
2025-12-14 05:21:19.001,,2025-12-14 05:46:31.167,2025-12-14 05:46:31.062,,,2.0,8a807ccc-925a-4001-84da-0bd04996e28a.raw_data.json,UTC-0300,hriiVjEkYE,com.sec.android.app.shealth,2025-12-14 05:26:02.001,8a807ccc-925a-4001-84da-0bd04996e28a,
2025-12-16 12:58:32.527,,2025-12-16 18:06:48.214,2025-12-16 18:06:48.214,,,1.0,6544fbbd-bd43-4797-a5cd-756a836799dc.raw_data.json,UTC-0300,hriiVjEkYE,com.sec.android.app.shealth,2025-12-16 18:06:18.000,6544fbbd-bd43-4797-a5cd-756a836799dc,
2025-12-17 03:00:00.277,,2025-12-17 22:47:56.608,2025-12-17 22:47:56.608,,,1.0,e285e0ff-3eb8-4c16-8f83-a5de32f674de.raw_data.json,UTC-0300,hriiVjEkYE,com.sec.android.app.shealth,2025-12-17 22:46:11.000,e285e0ff-3eb8-4c16-8f83-a5de32f674de,
2025-12-19 03:00:00.218,,2025-12-20 00:57:08.069,2025-12-20 00:57:08.069,,,1.0,6facab3d-d274-46b4-9f75-af9c3de915ea.raw_data.json,UTC-0300,hriiVjEkYE,com.sec.android.app.shealth,2025-12-20 00:55:58.000,6facab3d-d274-46b4-9f75-af9c3de915ea,
2025-12-21 03:00:01.320,,2025-12-22 01:43:43.841,2025-12-22 01:43:43.841,,,1.0,9ed16b8e-6a61-4cb8-b467-e62638cdc110.raw_data.json,UTC-0300,hriiVjEkYE,com.sec.android.app.shealth,2025-12-22 01:41:31.999,9ed16b8e-6a61-4cb8-b467-e62638cdc110,
2026-01-01 03:00:00.307,,2026-01-01 04:18:11.532,2026-01-01 04:09:06.735,,,3.0,0c5a2a89-56e7-42e3-8041-69fd04050a3f.raw_data.json,UTC-0300,hriiVjEkYE,com.sec.android.app.shealth,2026-01-01 04:09:06.000,0c5a2a89-56e7-42e3-8041-69fd04050a3f,
2026-01-01 04:09:06.000,,2026-01-01 19:41:36.110,2026-01-01 19:41:36.110,,,1.0,647e235c-4763-44dd-9c19-f64bc02b4846.raw_data.json,UTC-0300,hriiVjEkYE,com.sec.android.app.shealth,2026-01-01 19:33:21.000,647e235c-4763-44dd-9c19-f64bc02b4846,
2026-01-10 12:12:54.165,,2026-01-10 15:43:56.626,2026-01-10 15:43:56.626,,,1.0,177b97f1-adf4-412b-bbeb-8e8f93b96dfc.raw_data.json,UTC-0300,hriiVjEkYE,com.sec.android.app.shealth,2026-01-10 15:41:09.000,177b97f1-adf4-412b-bbeb-8e8f93b96dfc,
2026-01-10 15:41:09.000,,2026-01-10 16:22:10.577,2026-01-10 16:22:10.577,,,1.0,edd422f2-2a3a-46e4-80e7-45b32fabe79c.raw_data.json,UTC-0300,hriiVjEkYE,com.sec.android.app.shealth,2026-01-10 16:20:23.000,edd422f2-2a3a-46e4-80e7-45b32fabe79c,
2026-01-11 03:00:01.232,,2026-01-11 11:18:21.171,2026-01-11 11:18:21.171,,,1.0,d69dfbd7-74f0-4489-8b55-e992d7d0ffbb.raw_data.json,UTC-0300,hriiVjEkYE,com.sec.android.app.shealth,2026-01-11 11:17:49.000,d69dfbd7-74f0-4489-8b55-e992d7d0ffbb,
2026-01-11 11:17:49.000,,2026-01-11 12:00:16.493,2026-01-11 12:00:16.493,,,1.0,740c5e4c-0320-469e-ba49-5af44f99fc44.raw_data.json,UTC-0300,hriiVjEkYE,com.sec.android.app.shealth,2026-01-11 11:53:40.000,740c5e4c-0320-469e-ba49-5af44f99fc44,
2026-01-11 11:53:39.999,,2026-01-11 15:15:50.376,2026-01-11 15:15:50.376,,,1.0,0ff5d537-1e67-45f6-adb0-c024db10934b.raw_data.json,UTC-0300,hriiVjEkYE,com.sec.android.app.shealth,2026-01-11 15:15:30.999,0ff5d537-1e67-45f6-adb0-c024db10934b,
2026-01-13 13:40:46.885,,2026-01-13 17:23:01.442,2026-01-13 17:23:01.442,,,1.0,b106736d-9113-41c0-95ff-4ac98d9fe632.raw_data.json,UTC-0300,hriiVjEkYE,com.sec.android.app.shealth,2026-01-13 17:22:40.000,b106736d-9113-41c0-95ff-4ac98d9fe632,
2026-01-14 03:00:00.224,,2026-01-14 11:43:32.219,2026-01-14 11:43:32.219,,,1.0,2edb56f2-3b00-452b-ae6d-fa4456aaca2c.raw_data.json,UTC-0300,hriiVjEkYE,com.sec.android.app.shealth,2026-01-14 11:37:13.999,2edb56f2-3b00-452b-ae6d-fa4456aaca2c,
2026-01-14 11:37:13.999,,2026-01-14 11:43:32.584,2026-01-14 11:43:32.459,,,2.0,b74eb287-e3ab-40d9-9ddb-ab37d25a3216.raw_data.json,UTC-0300,hriiVjEkYE,com.sec.android.app.shealth,2026-01-14 11:40:08.000,b74eb287-e3ab-40d9-9ddb-ab37d25a3216,
2026-01-14 11:40:10.475,,2026-01-14 16:31:59.468,2026-01-14 16:31:59.414,,,2.0,80113929-498e-4e15-b6b8-fac6a106d64d.raw_data.json,UTC-0300,hriiVjEkYE,com.sec.android.app.shealth,2026-01-14 16:31:26.000,80113929-498e-4e15-b6b8-fac6a106d64d,
2026-01-16 03:12:21.635,,2026-01-16 12:37:23.540,2026-01-16 12:37:23.416,,,2.0,69fe3c0e-f9d1-42d5-afea-f7a1f47e5d88.raw_data.json,UTC-0300,hriiVjEkYE,com.sec.android.app.shealth,2026-01-16 11:40:16.001,69fe3c0e-f9d1-42d5-afea-f7a1f47e5d88,
2026-01-16 11:40:16.001,,2026-01-16 12:37:23.593,2026-01-16 12:37:23.593,,,1.0,df1663ae-01ae-4a6f-91ca-3a13b359c4da.raw_data.json,UTC-0300,hriiVjEkYE,com.sec.android.app.shealth,2026-01-16 11:41:34.000,df1663ae-01ae-4a6f-91ca-3a13b359c4da,
2026-01-16 11:41:33.999,,2026-01-16 12:37:23.629,2026-01-16 12:37:23.629,,,1.0,b1322c6d-b9ab-41c6-aae0-536b5803a074.raw_data.json,UTC-0300,hriiVjEkYE,com.sec.android.app.shealth,2026-01-16 11:42:38.999,b1322c6d-b9ab-41c6-aae0-536b5803a074,
2026-01-16 11:42:39.000,,2026-01-16 16:20:39.335,2026-01-16 16:20:39.335,,,1.0,3183ba25-554d-431b-87df-d0d016eae44c.raw_data.json,UTC-0300,hriiVjEkYE,com.sec.android.app.shealth,2026-01-16 16:19:25.000,3183ba25-554d-431b-87df-d0d016eae44c,
2026-01-16 16:19:25.000,,2026-01-16 16:24:00.548,2026-01-16 16:24:00.390,,,2.0,9c21d3fa-d783-49aa-95a5-c927afa68288.raw_data.json,UTC-0300,hriiVjEkYE,com.sec.android.app.shealth,2026-01-16 16:21:07.999,9c21d3fa-d783-49aa-95a5-c927afa68288,
2026-01-17 03:00:01.588,,2026-01-17 11:59:45.398,2026-01-17 11:59:45.398,,,1.0,fe293c8e-2516-475b-ae2f-46db8617af00.raw_data.json,UTC-0300,hriiVjEkYE,com.sec.android.app.shealth,2026-01-17 11:58:38.000,fe293c8e-2516-475b-ae2f-46db8617af00,
2026-01-17 11:58:38.000,,2026-01-17 13:25:35.877,2026-01-17 13:25:35.877,,,1.0,2ab5336a-b919-4260-b97b-81854a7e3b6f.raw_data.json,UTC-0300,hriiVjEkYE,com.sec.android.app.shealth,2026-01-17 13:24:38.000,2ab5336a-b919-4260-b97b-81854a7e3b6f,
2026-01-21 03:00:00.293,,2026-01-21 11:36:58.732,2026-01-21 11:36:58.558,,,2.0,9c036f38-5c57-4684-b2d3-99d68cc3a6a0.raw_data.json,UTC-0300,hriiVjEkYE,com.sec.android.app.shealth,2026-01-21 11:31:16.999,9c036f38-5c57-4684-b2d3-99d68cc3a6a0,
2026-01-21 11:31:17.000,,2026-01-21 11:36:58.798,2026-01-21 11:36:58.762,,,2.0,82ae72a4-f5f0-4a49-9ca9-9d20214ba665.raw_data.json,UTC-0300,hriiVjEkYE,com.sec.android.app.shealth,2026-01-21 11:33:28.001,82ae72a4-f5f0-4a49-9ca9-9d20214ba665,
2026-01-21 11:33:28.000,,2026-01-21 16:46:08.236,2026-01-21 16:46:07.877,,,2.0,cad7a80e-8b76-4b3e-aa67-aeab20ac9a35.raw_data.json,UTC-0300,hriiVjEkYE,com.sec.android.app.shealth,2026-01-21 16:44:24.000,cad7a80e-8b76-4b3e-aa67-aeab20ac9a35,
2026-01-21 16:44:24.000,,2026-01-21 16:46:27.360,2026-01-21 16:46:08.382,,,2.0,2b40b378-3f48-4eee-a96d-d51799b63cfe.raw_data.json,UTC-0300,hriiVjEkYE,com.sec.android.app.shealth,2026-01-21 16:46:03.000,2b40b378-3f48-4eee-a96d-d51799b63cfe,
2026-01-22 03:00:01.285,,2026-01-22 11:50:40.978,2026-01-22 11:50:40.720,,,2.0,888a2b13-f3a9-4565-b348-6035d0cd7af5.raw_data.json,UTC-0300,hriiVjEkYE,com.sec.android.app.shealth,2026-01-22 11:45:17.001,888a2b13-f3a9-4565-b348-6035d0cd7af5,
2026-01-22 11:45:17.000,,2026-01-22 11:50:41.052,2026-01-22 11:50:41.052,,,1.0,f2e7b912-733e-43f3-b153-12644b494ad4.raw_data.json,UTC-0300,hriiVjEkYE,com.sec.android.app.shealth,2026-01-22 11:46:33.000,f2e7b912-733e-43f3-b153-12644b494ad4,
2026-01-23 13:06:14.515,,2026-01-23 16:27:13.469,2026-01-23 16:27:13.469,,,1.0,dacc64e3-9b9a-4269-aa03-f34c3b647a6b.raw_data.json,UTC-0300,hriiVjEkYE,com.sec.android.app.shealth,2026-01-23 16:24:58.000,dacc64e3-9b9a-4269-aa03-f34c3b647a6b,
2026-01-23 16:24:58.000,,2026-01-23 16:27:13.765,2026-01-23 16:27:13.698,,,2.0,a60bc300-978d-42f1-a960-b8d37f80de68.raw_data.json,UTC-0300,hriiVjEkYE,com.sec.android.app.shealth,2026-01-23 16:26:45.000,a60bc300-978d-42f1-a960-b8d37f80de68,
2026-01-23 16:26:45.000,,2026-01-23 17:41:09.396,2026-01-23 17:41:09.396,,,1.0,c1d48abc-8121-4b36-ad27-1d56b9f6b009.raw_data.json,UTC-0300,hriiVjEkYE,com.sec.android.app.shealth,2026-01-23 17:40:07.000,c1d48abc-8121-4b36-ad27-1d56b9f6b009,
2026-01-23 17:40:07.000,,2026-01-24 02:00:39.437,2026-01-24 02:00:39.437,,,1.0,b42830b9-5aa1-4298-98c5-57c402b66d09.raw_data.json,UTC-0300,hriiVjEkYE,com.sec.android.app.shealth,2026-01-24 02:00:28.000,b42830b9-5aa1-4298-98c5-57c402b66d09,
2026-01-27 03:36:39.942,,2026-01-27 14:04:48.440,2026-01-27 14:04:48.440,,,1.0,7f5d8dc6-f0b2-4e53-9775-0cce20efb225.raw_data.json,UTC-0300,hriiVjEkYE,com.sec.android.app.shealth,2026-01-27 14:00:23.000,7f5d8dc6-f0b2-4e53-9775-0cce20efb225,
2026-01-27 14:00:23.000,,2026-01-27 14:50:20.482,2026-01-27 14:50:20.482,,,1.0,14b3c8d1-37be-43f3-ad81-a1f0d440ae8f.raw_data.json,UTC-0300,hriiVjEkYE,com.sec.android.app.shealth,2026-01-27 14:50:05.000,14b3c8d1-37be-43f3-ad81-a1f0d440ae8f,
2026-01-27 14:50:04.999,,2026-01-27 15:25:37.530,2026-01-27 15:25:37.530,,,1.0,7f6a60ab-b601-4dba-8bf3-2bfa33c6af09.raw_data.json,UTC-0300,hriiVjEkYE,com.sec.android.app.shealth,2026-01-27 15:20:38.999,7f6a60ab-b601-4dba-8bf3-2bfa33c6af09,
2026-01-28 03:00:01.259,,2026-01-28 12:00:03.301,2026-01-28 12:00:03.196,,,2.0,99e5fdd8-852a-467c-9856-f88ef12791cf.raw_data.json,UTC-0300,hriiVjEkYE,com.sec.android.app.shealth,2026-01-28 11:53:52.000,99e5fdd8-852a-467c-9856-f88ef12791cf,
2026-01-28 11:53:52.000,,2026-01-28 12:00:03.361,2026-01-28 12:00:03.329,,,2.0,e423f3f2-9aaf-4ff8-923b-edcabb627f8d.raw_data.json,UTC-0300,hriiVjEkYE,com.sec.android.app.shealth,2026-01-28 11:55:31.000,e423f3f2-9aaf-4ff8-923b-edcabb627f8d,
2026-01-28 11:55:31.000,,2026-01-28 12:00:03.379,2026-01-28 12:00:03.379,,,1.0,7f358af3-57bb-464c-b55e-adabf8ee869e.raw_data.json,UTC-0300,hriiVjEkYE,com.sec.android.app.shealth,2026-01-28 11:59:34.999,7f358af3-57bb-464c-b55e-adabf8ee869e,
2026-01-28 11:59:35.000,,2026-01-28 16:29:20.563,2026-01-28 16:29:20.397,,,2.0,0e41176c-b822-43c8-9ee2-d4701c7e3c29.raw_data.json,UTC-0300,hriiVjEkYE,com.sec.android.app.shealth,2026-01-28 16:28:18.000,0e41176c-b822-43c8-9ee2-d4701c7e3c29,
2026-01-28 16:28:18.001,,2026-01-28 16:30:20.544,2026-01-28 16:30:20.430,,,2.0,69d63dc0-cd00-47e7-b1d6-84db5de10603.raw_data.json,UTC-0300,hriiVjEkYE,com.sec.android.app.shealth,2026-01-28 16:29:49.000,69d63dc0-cd00-47e7-b1d6-84db5de10603,
2026-01-29 03:39:22.068,,2026-01-29 11:58:30.544,2026-01-29 11:58:30.544,,,1.0,e99c31c9-9d73-4669-951a-6657cfe8e451.raw_data.json,UTC-0300,hriiVjEkYE,com.sec.android.app.shealth,2026-01-29 11:53:24.000,e99c31c9-9d73-4669-951a-6657cfe8e451,
2026-01-29 11:53:23.999,,2026-01-29 11:58:30.682,2026-01-29 11:58:30.629,,,2.0,73758863-627a-48cd-ae73-79423e7af1c3.raw_data.json,UTC-0300,hriiVjEkYE,com.sec.android.app.shealth,2026-01-29 11:55:22.999,73758863-627a-48cd-ae73-79423e7af1c3,
2026-01-29 11:55:23.000,,2026-01-29 16:26:16.541,2026-01-29 16:26:16.415,,,2.0,cf0972d8-280a-4761-80de-dba33ff4f77d.raw_data.json,UTC-0300,hriiVjEkYE,com.sec.android.app.shealth,2026-01-29 16:23:57.000,cf0972d8-280a-4761-80de-dba33ff4f77d,
2026-01-29 16:23:57.000,,2026-01-29 16:26:16.693,2026-01-29 16:26:16.568,,,2.0,6ea425c1-97f3-4fd6-b6cd-536434af0ad8.raw_data.json,UTC-0300,hriiVjEkYE,com.sec.android.app.shealth,2026-01-29 16:25:17.999,6ea425c1-97f3-4fd6-b6cd-536434af0ad8,
2026-01-30 03:00:05.141,,2026-01-30 12:03:37.752,2026-01-30 11:59:34.387,,,2.0,d006d9fe-c045-4ea9-b691-289d94ef79df.raw_data.json,UTC-0300,hriiVjEkYE,com.sec.android.app.shealth,2026-01-30 11:59:48.000,d006d9fe-c045-4ea9-b691-289d94ef79df,
2026-01-30 11:59:47.999,,2026-01-30 12:03:37.968,2026-01-30 12:03:37.896,,,2.0,6e2468c1-71f5-420b-ae59-8ac838cf8a40.raw_data.json,UTC-0300,hriiVjEkYE,com.sec.android.app.shealth,2026-01-30 12:01:12.000,6e2468c1-71f5-420b-ae59-8ac838cf8a40,
2026-01-30 12:01:12.000,,2026-01-30 12:57:29.138,2026-01-30 12:57:29.138,,,1.0,d0790998-8354-413b-85f8-a36114bd7669.raw_data.json,UTC-0300,hriiVjEkYE,com.sec.android.app.shealth,2026-01-30 12:04:59.999,d0790998-8354-413b-85f8-a36114bd7669,
2026-01-30 12:05:00.000,,2026-01-30 16:27:33.398,2026-01-30 16:27:33.398,,,1.0,8897fcf4-e68d-4c57-bfe5-e1d3486d7a1c.raw_data.json,UTC-0300,hriiVjEkYE,com.sec.android.app.shealth,2026-01-30 16:27:14.001,8897fcf4-e68d-4c57-bfe5-e1d3486d7a1c,
2026-01-30 16:27:14.001,,2026-01-30 16:30:40.530,2026-01-30 16:30:40.461,,,2.0,7b055e8d-f994-4e06-bf2b-ce9416b4848a.raw_data.json,UTC-0300,hriiVjEkYE,com.sec.android.app.shealth,2026-01-30 16:29:10.999,7b055e8d-f994-4e06-bf2b-ce9416b4848a,
2026-02-02 03:00:01.317,,2026-02-02 14:09:52.127,2026-02-02 14:09:52.127,,,1.0,3bfe077f-b2aa-4d5f-9dd7-f18a28f80a96.raw_data.json,UTC-0300,hriiVjEkYE,com.sec.android.app.shealth,2026-02-02 14:09:38.000,3bfe077f-b2aa-4d5f-9dd7-f18a28f80a96,
2026-02-02 14:09:38.912,,2026-02-02 21:46:47.985,2026-02-02 21:46:47.985,,,1.0,ced97ab5-4df7-4156-b990-ef6d6594f828.raw_data.json,UTC-0300,hriiVjEkYE,com.sec.android.app.shealth,2026-02-02 21:46:32.999,ced97ab5-4df7-4156-b990-ef6d6594f828,
2026-02-04 03:00:01.208,,2026-02-04 10:54:04.488,2026-02-04 10:54:04.488,,,1.0,eb085da7-5807-46e3-b83d-2e7c05ba8386.raw_data.json,UTC-0300,hriiVjEkYE,com.sec.android.app.shealth,2026-02-04 10:49:38.999,eb085da7-5807-46e3-b83d-2e7c05ba8386,
2026-02-04 10:49:41.530,,2026-02-04 11:52:29.495,2026-02-04 11:52:29.495,,,1.0,d9a6f924-9c9a-4747-a31a-5ed349e6c7de.raw_data.json,UTC-0300,hriiVjEkYE,com.sec.android.app.shealth,2026-02-04 11:47:51.001,d9a6f924-9c9a-4747-a31a-5ed349e6c7de,
2026-02-04 11:47:51.000,,2026-02-04 11:52:29.621,2026-02-04 11:52:29.564,,,2.0,85e55dfb-a297-45b6-95ad-0efccb1ebe03.raw_data.json,UTC-0300,hriiVjEkYE,com.sec.android.app.shealth,2026-02-04 11:49:55.000,85e55dfb-a297-45b6-95ad-0efccb1ebe03,
2026-02-04 11:49:55.000,,2026-02-04 11:57:39.386,2026-02-04 11:57:39.386,,,1.0,901abe79-6ea5-4c5b-a00e-69dfbba8bc83.raw_data.json,UTC-0300,hriiVjEkYE,com.sec.android.app.shealth,2026-02-04 11:54:10.000,901abe79-6ea5-4c5b-a00e-69dfbba8bc83,
2026-02-04 12:16:55.643,,2026-02-04 16:36:53.615,2026-02-04 16:36:53.615,,,1.0,03857722-a002-4eec-9e8e-4517f6f921ec.raw_data.json,UTC-0300,hriiVjEkYE,com.sec.android.app.shealth,2026-02-04 16:35:47.001,03857722-a002-4eec-9e8e-4517f6f921ec,
2026-02-04 16:35:47.000,,2026-02-04 16:39:02.731,2026-02-04 16:39:02.731,,,1.0,80574882-470e-40cb-a301-695186486ebb.raw_data.json,UTC-0300,hriiVjEkYE,com.sec.android.app.shealth,2026-02-04 16:37:04.999,80574882-470e-40cb-a301-695186486ebb,
2026-02-05 03:00:00.184,,2026-02-05 12:22:29.756,2026-02-05 12:22:29.578,,,2.0,6b7ed479-1de3-445d-bb04-a48d5ba080d8.raw_data.json,UTC-0300,hriiVjEkYE,com.sec.android.app.shealth,2026-02-05 12:16:24.000,6b7ed479-1de3-445d-bb04-a48d5ba080d8,
2026-02-05 12:16:24.000,,2026-02-05 12:22:29.956,2026-02-05 12:22:29.850,,,2.0,d7a51c70-409c-413f-bb17-88dcb9c9e820.raw_data.json,UTC-0300,hriiVjEkYE,com.sec.android.app.shealth,2026-02-05 12:17:44.000,d7a51c70-409c-413f-bb17-88dcb9c9e820,
2026-02-05 12:17:44.000,,2026-02-05 12:22:30.013,2026-02-05 12:22:30.013,,,1.0,6761569a-13ff-45d6-9188-9d58de985d89.raw_data.json,UTC-0300,hriiVjEkYE,com.sec.android.app.shealth,2026-02-05 12:20:39.000,6761569a-13ff-45d6-9188-9d58de985d89,
2026-02-08 03:00:00.249,,2026-02-08 18:23:39.339,2026-02-08 18:23:39.339,,,1.0,661f33ab-a16d-4988-ba4f-87cf7efd5d68.raw_data.json,UTC-0300,hriiVjEkYE,com.sec.android.app.shealth,2026-02-08 18:12:40.999,661f33ab-a16d-4988-ba4f-87cf7efd5d68,
2026-02-08 18:12:41.000,,2026-02-08 18:33:58.284,2026-02-08 18:33:58.284,,,1.0,9ff7cbcb-03f7-4913-a573-ebbb20792791.raw_data.json,UTC-0300,hriiVjEkYE,com.sec.android.app.shealth,2026-02-08 18:33:06.000,9ff7cbcb-03f7-4913-a573-ebbb20792791,
2026-02-08 18:33:06.000,,2026-02-08 23:28:59.560,2026-02-08 23:28:59.560,,,1.0,e5a1d2ca-987e-496c-91e3-ff7395b69acb.raw_data.json,UTC-0300,hriiVjEkYE,com.sec.android.app.shealth,2026-02-08 23:28:22.000,e5a1d2ca-987e-496c-91e3-ff7395b69acb,
2026-02-10 03:00:02.605,,2026-02-11 00:26:08.741,2026-02-11 00:26:08.741,,,1.0,a4f625cc-b8c5-4dab-bc7f-e1dbc072af41.raw_data.json,UTC-0300,hriiVjEkYE,com.sec.android.app.shealth,2026-02-11 00:17:07.000,a4f625cc-b8c5-4dab-bc7f-e1dbc072af41,
2026-02-11 00:17:07.000,,2026-02-11 01:00:33.452,2026-02-11 01:00:33.452,,,1.0,7cd1e543-2caf-45b0-8240-14d697dc78c8.raw_data.json,UTC-0300,hriiVjEkYE,com.sec.android.app.shealth,2026-02-11 00:58:57.000,7cd1e543-2caf-45b0-8240-14d697dc78c8,
2026-02-11 03:00:01.389,,2026-02-11 11:50:46.706,2026-02-11 11:50:46.411,,,2.0,5e6c0d27-eda4-4fcb-901c-74d317c42e5b.raw_data.json,UTC-0300,hriiVjEkYE,com.sec.android.app.shealth,2026-02-11 11:45:53.000,5e6c0d27-eda4-4fcb-901c-74d317c42e5b,
2026-02-11 11:45:53.000,,2026-02-11 11:50:46.915,2026-02-11 11:50:46.783,,,2.0,1da90dfc-8175-43a1-ba56-538d3c080098.raw_data.json,UTC-0300,hriiVjEkYE,com.sec.android.app.shealth,2026-02-11 11:48:09.000,1da90dfc-8175-43a1-ba56-538d3c080098,
2026-02-11 11:48:09.685,,2026-02-11 16:32:34.666,2026-02-11 16:32:34.666,,,1.0,07553cd1-5e63-420f-96c2-8b672452d04e.raw_data.json,UTC-0300,hriiVjEkYE,com.sec.android.app.shealth,2026-02-11 16:28:32.001,07553cd1-5e63-420f-96c2-8b672452d04e,
2026-02-11 16:28:32.000,,2026-02-11 16:32:34.843,2026-02-11 16:32:34.843,,,1.0,20d9d1c9-c365-42c7-80ac-d5760bf3253a.raw_data.json,UTC-0300,hriiVjEkYE,com.sec.android.app.shealth,2026-02-11 16:30:16.000,20d9d1c9-c365-42c7-80ac-d5760bf3253a,
2026-02-13 10:40:35.926,,2026-02-13 11:51:46.602,2026-02-13 11:51:46.510,,,2.0,9ef4fae8-17ff-4ad5-8caf-51be8087ece6.raw_data.json,UTC-0300,hriiVjEkYE,com.sec.android.app.shealth,2026-02-13 11:44:20.001,9ef4fae8-17ff-4ad5-8caf-51be8087ece6,
2026-02-13 11:44:20.000,,2026-02-13 11:51:46.646,2026-02-13 11:51:46.646,,,1.0,812167bf-665d-4692-ab16-786cb7a9972b.raw_data.json,UTC-0300,hriiVjEkYE,com.sec.android.app.shealth,2026-02-13 11:45:46.999,812167bf-665d-4692-ab16-786cb7a9972b,
2026-02-13 11:45:46.999,,2026-02-13 11:51:46.677,2026-02-13 11:51:46.677,,,1.0,6dfe43eb-66f3-4507-91eb-e58ea4ca3a8b.raw_data.json,UTC-0300,hriiVjEkYE,com.sec.android.app.shealth,2026-02-13 11:46:47.999,6dfe43eb-66f3-4507-91eb-e58ea4ca3a8b,
2026-02-13 11:46:49.217,,2026-02-13 13:27:43.877,2026-02-13 13:27:43.877,,,1.0,e065c0e6-b7c8-4a92-8bb0-f0bcc4271f86.raw_data.json,UTC-0300,hriiVjEkYE,com.sec.android.app.shealth,2026-02-13 13:18:40.001,e065c0e6-b7c8-4a92-8bb0-f0bcc4271f86,
2026-02-13 13:18:40.001,,2026-02-13 16:42:01.533,2026-02-13 16:42:01.533,,,1.0,aaf9673a-524b-437e-a761-b28307b3ce78.raw_data.json,UTC-0300,hriiVjEkYE,com.sec.android.app.shealth,2026-02-13 16:32:15.001,aaf9673a-524b-437e-a761-b28307b3ce78,
2026-02-13 16:32:15.001,,2026-02-13 16:42:01.699,2026-02-13 16:42:01.592,,,2.0,dd3f1d92-de82-496e-aee0-a93e8d8e800d.raw_data.json,UTC-0300,hriiVjEkYE,com.sec.android.app.shealth,2026-02-13 16:34:08.000,dd3f1d92-de82-496e-aee0-a93e8d8e800d,
2026-02-13 16:34:08.001,,2026-02-13 17:37:07.608,2026-02-13 17:37:07.608,,,1.0,de4ab609-49be-4694-a838-be540d1f9993.raw_data.json,UTC-0300,hriiVjEkYE,com.sec.android.app.shealth,2026-02-13 17:36:18.001,de4ab609-49be-4694-a838-be540d1f9993,
2026-02-14 03:00:03.566,,2026-02-14 19:01:41.400,2026-02-14 19:01:41.400,,,1.0,f20599be-9c41-46eb-99ad-222a2c7bff2b.raw_data.json,UTC-0300,hriiVjEkYE,com.sec.android.app.shealth,2026-02-14 19:01:10.999,f20599be-9c41-46eb-99ad-222a2c7bff2b,
2026-02-14 19:01:10.999,,2026-02-14 19:15:41.256,2026-02-14 19:15:41.256,,,1.0,0f0543d1-b964-403f-a675-bcb3beb034c7.raw_data.json,UTC-0300,hriiVjEkYE,com.sec.android.app.shealth,2026-02-14 19:13:36.999,0f0543d1-b964-403f-a675-bcb3beb034c7,
2026-02-18 03:00:03.319,,2026-02-18 16:44:28.146,2026-02-18 16:44:28.146,,,1.0,17a35472-b944-4d67-bfda-5aa3719a8b42.raw_data.json,UTC-0300,hriiVjEkYE,com.sec.android.app.shealth,2026-02-18 16:43:34.000,17a35472-b944-4d67-bfda-5aa3719a8b42,
2026-02-18 16:43:34.000,,2026-02-18 19:52:36.525,2026-02-18 19:52:36.525,,,1.0,4e8626bf-fceb-442c-8fb9-440be70fc8f2.raw_data.json,UTC-0300,hriiVjEkYE,com.sec.android.app.shealth,2026-02-18 19:50:48.000,4e8626bf-fceb-442c-8fb9-440be70fc8f2,
2026-02-18 19:50:48.000,,2026-02-18 20:06:00.451,2026-02-18 20:06:00.451,,,1.0,a1572c81-d720-4c90-8bd1-9eb7dfd51454.raw_data.json,UTC-0300,hriiVjEkYE,com.sec.android.app.shealth,2026-02-18 20:05:12.000,a1572c81-d720-4c90-8bd1-9eb7dfd51454,
2026-02-19 03:00:01.817,,2026-02-19 11:41:38.700,2026-02-19 11:41:38.657,,,2.0,029815d6-659d-4bb0-b6bb-d1be428d0023.raw_data.json,UTC-0300,hriiVjEkYE,com.sec.android.app.shealth,2026-02-19 11:36:58.000,029815d6-659d-4bb0-b6bb-d1be428d0023,
2026-02-19 11:36:57.999,,2026-02-19 11:41:39.056,2026-02-19 11:41:38.746,,,3.0,35b73f92-ffd8-4c55-ad21-cb5a37941e03.raw_data.json,UTC-0300,hriiVjEkYE,com.sec.android.app.shealth,2026-02-19 11:39:27.000,35b73f92-ffd8-4c55-ad21-cb5a37941e03,
2026-02-19 11:39:27.000,,2026-02-19 13:00:24.022,2026-02-19 13:00:24.022,,,1.0,15078221-5b67-4ed9-9619-9d55f3d8c905.raw_data.json,UTC-0300,hriiVjEkYE,com.sec.android.app.shealth,2026-02-19 12:59:10.000,15078221-5b67-4ed9-9619-9d55f3d8c905,
2026-02-19 12:59:10.000,,2026-02-19 16:28:16.429,2026-02-19 16:28:16.429,,,1.0,ae5ef19e-d1c2-4bfc-a1c1-d9688ad66849.raw_data.json,UTC-0300,hriiVjEkYE,com.sec.android.app.shealth,2026-02-19 16:22:22.000,ae5ef19e-d1c2-4bfc-a1c1-d9688ad66849,
2026-02-19 16:22:22.000,,2026-02-19 16:28:16.601,2026-02-19 16:28:16.515,,,2.0,d165fddd-cf7d-4e1d-9533-3942c3b3c9bd.raw_data.json,UTC-0300,hriiVjEkYE,com.sec.android.app.shealth,2026-02-19 16:24:20.000,d165fddd-cf7d-4e1d-9533-3942c3b3c9bd,
2026-02-21 03:00:00.281,,2026-02-21 18:49:38.568,2026-02-21 18:49:38.568,,,1.0,f438223d-37a8-4bf2-bea6-2aa16fe2f44a.raw_data.json,UTC-0300,hriiVjEkYE,com.sec.android.app.shealth,2026-02-21 18:49:09.000,f438223d-37a8-4bf2-bea6-2aa16fe2f44a,
2026-02-21 18:49:09.683,,2026-02-21 22:24:51.492,2026-02-21 22:24:51.492,,,1.0,105a8e5b-7d70-4a8f-b064-8dc8c9f008ef.raw_data.json,UTC-0300,hriiVjEkYE,com.sec.android.app.shealth,2026-02-21 22:24:09.000,105a8e5b-7d70-4a8f-b064-8dc8c9f008ef,
2026-02-23 15:58:40.382,,2026-02-23 16:27:16.243,2026-02-23 16:27:16.243,,,1.0,3377a70a-e7f2-4c9d-b299-3e2f433967f1.raw_data.json,UTC-0300,hriiVjEkYE,com.sec.android.app.shealth,2026-02-23 16:25:52.001,3377a70a-e7f2-4c9d-b299-3e2f433967f1,
2026-02-23 16:25:52.000,,2026-02-23 16:29:30.169,2026-02-23 16:29:30.169,,,1.0,aad9400c-eb0e-4b37-a7fc-65027e4825f2.raw_data.json,UTC-0300,hriiVjEkYE,com.sec.android.app.shealth,2026-02-23 16:27:29.000,aad9400c-eb0e-4b37-a7fc-65027e4825f2,
2026-02-24 03:00:01.338,,2026-02-24 19:11:23.495,2026-02-24 19:11:23.495,,,1.0,8f48f099-615f-4d17-9bff-d7767cf3188e.raw_data.json,UTC-0300,hriiVjEkYE,com.sec.android.app.shealth,2026-02-24 19:05:45.999,8f48f099-615f-4d17-9bff-d7767cf3188e,
2026-02-26 10:41:11.116,,2026-02-26 11:50:27.647,2026-02-26 11:50:27.592,,,2.0,ada85918-b745-495d-a435-1d033e804d07.raw_data.json,UTC-0300,hriiVjEkYE,com.sec.android.app.shealth,2026-02-26 11:47:33.000,ada85918-b745-495d-a435-1d033e804d07,
2026-02-26 11:47:33.000,,2026-02-26 11:50:27.829,2026-02-26 11:50:27.678,,,2.0,c7b67b82-d62e-44fa-938b-38561313af48.raw_data.json,UTC-0300,hriiVjEkYE,com.sec.android.app.shealth,2026-02-26 11:49:39.000,c7b67b82-d62e-44fa-938b-38561313af48,
2026-02-26 11:49:38.999,,2026-02-26 16:10:31.226,2026-02-26 16:10:31.226,,,1.0,e0c9f447-9bec-4647-9313-20940782cc2a.raw_data.json,UTC-0300,hriiVjEkYE,com.sec.android.app.shealth,2026-02-26 16:10:11.000,e0c9f447-9bec-4647-9313-20940782cc2a,
2026-02-26 16:10:11.000,,2026-02-26 16:13:06.552,2026-02-26 16:13:06.433,,,2.0,4cfe8117-896c-464b-a5ba-53c5d4d48fb1.raw_data.json,UTC-0300,hriiVjEkYE,com.sec.android.app.shealth,2026-02-26 16:12:07.000,4cfe8117-896c-464b-a5ba-53c5d4d48fb1,
2026-02-26 16:12:07.001,,2026-02-26 18:52:11.340,2026-02-26 18:52:11.340,,,1.0,1a94a361-b856-4dcc-82d9-ff2135352067.raw_data.json,UTC-0300,hriiVjEkYE,com.sec.android.app.shealth,2026-02-26 18:47:37.001,1a94a361-b856-4dcc-82d9-ff2135352067,
2026-03-02 03:00:01.190,,2026-03-02 11:41:28.366,2026-03-02 11:41:28.366,,,1.0,8971daf6-701f-417f-a9f1-a3fa5fba8951.raw_data.json,UTC-0300,hriiVjEkYE,com.sec.android.app.shealth,2026-03-02 11:40:11.001,8971daf6-701f-417f-a9f1-a3fa5fba8951,
2026-03-02 11:40:11.000,,2026-03-02 11:44:22.522,2026-03-02 11:44:22.423,,,2.0,718f1ca8-5edb-4934-a9b5-19bab07172c5.raw_data.json,UTC-0300,hriiVjEkYE,com.sec.android.app.shealth,2026-03-02 11:41:55.999,718f1ca8-5edb-4934-a9b5-19bab07172c5,
2026-03-02 11:41:56.000,,2026-03-02 12:03:18.353,2026-03-02 12:03:18.353,,,1.0,7bfc5fea-51e6-4b57-a7c3-520433298541.raw_data.json,UTC-0300,hriiVjEkYE,com.sec.android.app.shealth,2026-03-02 11:49:47.000,7bfc5fea-51e6-4b57-a7c3-520433298541,
2026-03-02 11:49:47.000,,2026-03-02 13:44:15.314,2026-03-02 13:44:15.314,,,1.0,f0e904df-7898-4d87-abc1-6a638ad2bbed.raw_data.json,UTC-0300,hriiVjEkYE,com.sec.android.app.shealth,2026-03-02 13:03:51.000,f0e904df-7898-4d87-abc1-6a638ad2bbed,
2026-03-02 13:03:50.999,,2026-03-02 17:27:16.793,2026-03-02 17:27:16.793,,,1.0,ab5de050-41db-4bba-8496-b9a0e2863022.raw_data.json,UTC-0300,hriiVjEkYE,com.sec.android.app.shealth,2026-03-02 16:48:54.999,ab5de050-41db-4bba-8496-b9a0e2863022,
2026-03-02 16:48:55.000,,2026-03-02 17:27:17.026,2026-03-02 17:27:16.876,,,2.0,7c07bfd3-3af8-4a6c-ad01-0d824970d44f.raw_data.json,UTC-0300,hriiVjEkYE,com.sec.android.app.shealth,2026-03-02 16:50:52.000,7c07bfd3-3af8-4a6c-ad01-0d824970d44f,
2026-03-04 03:00:00.269,,2026-03-04 10:44:14.448,2026-03-04 10:44:14.448,,,1.0,e4e95456-d2da-40ab-88fa-cee44b94a657.raw_data.json,UTC-0300,hriiVjEkYE,com.sec.android.app.shealth,2026-03-04 10:43:14.000,e4e95456-d2da-40ab-88fa-cee44b94a657,
2026-03-04 10:43:13.999,,2026-03-04 11:43:14.797,2026-03-04 11:43:14.797,,,1.0,a3ff96b2-5990-4365-af75-21d199521e90.raw_data.json,UTC-0300,hriiVjEkYE,com.sec.android.app.shealth,2026-03-04 11:41:12.999,a3ff96b2-5990-4365-af75-21d199521e90,
2026-03-04 11:41:13.000,,2026-03-04 11:47:30.621,2026-03-04 11:47:30.541,,,2.0,60b7fa80-3a95-468f-adc8-f6240b35e423.raw_data.json,UTC-0300,hriiVjEkYE,com.sec.android.app.shealth,2026-03-04 11:43:36.000,60b7fa80-3a95-468f-adc8-f6240b35e423,
2026-03-04 11:43:35.999,,2026-03-04 12:20:37.372,2026-03-04 12:20:37.372,,,1.0,798184ad-5f68-4a57-9abe-d831fab88cbf.raw_data.json,UTC-0300,hriiVjEkYE,com.sec.android.app.shealth,2026-03-04 11:50:16.999,798184ad-5f68-4a57-9abe-d831fab88cbf,
2026-03-04 11:50:16.999,,2026-03-04 12:20:37.498,2026-03-04 12:20:37.498,,,1.0,5d82b04b-4eba-44d5-bd6b-3cd2364ee366.raw_data.json,UTC-0300,hriiVjEkYE,com.sec.android.app.shealth,2026-03-04 11:52:52.999,5d82b04b-4eba-44d5-bd6b-3cd2364ee366,
2026-03-04 11:52:53.000,,2026-03-04 13:47:52.522,2026-03-04 13:47:52.389,,,2.0,23573ca5-23d5-4fe6-a851-94e471cd8cf8.raw_data.json,UTC-0300,hriiVjEkYE,com.sec.android.app.shealth,2026-03-04 13:45:33.001,23573ca5-23d5-4fe6-a851-94e471cd8cf8,
2026-03-04 13:45:33.001,,2026-03-04 16:46:51.870,2026-03-04 16:46:51.870,,,1.0,25e02293-1992-410d-9d69-525446dd7b03.raw_data.json,UTC-0300,hriiVjEkYE,com.sec.android.app.shealth,2026-03-04 16:45:27.001,25e02293-1992-410d-9d69-525446dd7b03,
2026-03-04 16:45:27.001,,2026-03-04 16:47:31.776,2026-03-04 16:47:31.776,,,1.0,880eeb4e-8229-4362-b65c-011ac5f1ae7f.raw_data.json,UTC-0300,hriiVjEkYE,com.sec.android.app.shealth,2026-03-04 16:47:04.001,880eeb4e-8229-4362-b65c-011ac5f1ae7f,
2026-03-04 16:47:05.584,,2026-03-04 18:30:56.914,2026-03-04 18:30:56.914,,,1.0,3d93581f-e0a5-4ab4-bdc1-f24f39f063ab.raw_data.json,UTC-0300,hriiVjEkYE,com.sec.android.app.shealth,2026-03-04 17:59:44.000,3d93581f-e0a5-4ab4-bdc1-f24f39f063ab,
2026-03-06 14:35:21.437,,2026-03-06 16:19:17.456,2026-03-06 16:19:17.456,,,1.0,bafca82b-5719-47cc-99e7-4015b734a173.raw_data.json,UTC-0300,hriiVjEkYE,com.sec.android.app.shealth,2026-03-06 16:15:39.999,bafca82b-5719-47cc-99e7-4015b734a173,
2026-03-06 16:15:40.000,,2026-03-06 16:19:17.750,2026-03-06 16:19:17.615,,,2.0,4880f3bf-db42-44c3-a6a2-7e78ce94f237.raw_data.json,UTC-0300,hriiVjEkYE,com.sec.android.app.shealth,2026-03-06 16:17:36.000,4880f3bf-db42-44c3-a6a2-7e78ce94f237,
2026-03-07 03:00:00.262,,2026-03-07 13:04:55.354,2026-03-07 13:04:55.354,,,1.0,238824da-eda8-41b8-b4a9-3607a79545ce.raw_data.json,UTC-0300,hriiVjEkYE,com.sec.android.app.shealth,2026-03-07 13:02:07.000,238824da-eda8-41b8-b4a9-3607a79545ce,
2026-03-07 13:02:06.999,,2026-03-07 13:04:55.595,2026-03-07 13:04:55.450,,,2.0,35dbfeef-b60e-47a4-b716-6a65b833f1f4.raw_data.json,UTC-0300,hriiVjEkYE,com.sec.android.app.shealth,2026-03-07 13:03:59.999,35dbfeef-b60e-47a4-b716-6a65b833f1f4,
2026-03-07 13:04:00.000,,2026-03-07 23:05:34.737,2026-03-07 23:05:34.737,,,1.0,05649199-777b-4f8a-945f-df861eb42567.raw_data.json,UTC-0300,hriiVjEkYE,com.sec.android.app.shealth,2026-03-07 23:05:17.000,05649199-777b-4f8a-945f-df861eb42567,
2026-03-09 17:56:11.540,,2026-03-09 18:42:24.870,2026-03-09 18:42:24.870,,,1.0,e293384e-fe6b-45da-89d4-1b6274d36dca.raw_data.json,UTC-0300,hriiVjEkYE,com.sec.android.app.shealth,2026-03-09 18:42:04.000,e293384e-fe6b-45da-89d4-1b6274d36dca,
2026-03-10 03:00:01.186,,2026-03-10 11:51:05.377,2026-03-10 11:51:05.377,,,1.0,13d2d4e9-d9f9-4a17-8dde-47e796d191c4.raw_data.json,UTC-0300,hriiVjEkYE,com.sec.android.app.shealth,2026-03-10 11:48:38.999,13d2d4e9-d9f9-4a17-8dde-47e796d191c4,
2026-03-10 11:48:38.999,,2026-03-10 11:51:05.673,2026-03-10 11:51:05.470,,,2.0,c3bff3cf-da9a-479b-8ca7-d8df531af20b.raw_data.json,UTC-0300,hriiVjEkYE,com.sec.android.app.shealth,2026-03-10 11:50:16.000,c3bff3cf-da9a-479b-8ca7-d8df531af20b,
2026-03-10 11:50:16.001,,2026-03-10 11:55:11.574,2026-03-10 11:55:11.574,,,1.0,fe50b2d1-9359-4dac-897d-f87da8f4039c.raw_data.json,UTC-0300,hriiVjEkYE,com.sec.android.app.shealth,2026-03-10 11:54:10.000,fe50b2d1-9359-4dac-897d-f87da8f4039c,
2026-03-10 11:54:09.999,,2026-03-10 16:41:59.557,2026-03-10 16:41:59.557,,,1.0,ec77b96b-e681-4e2f-a811-3efe4e3812c3.raw_data.json,UTC-0300,hriiVjEkYE,com.sec.android.app.shealth,2026-03-10 16:37:44.999,ec77b96b-e681-4e2f-a811-3efe4e3812c3,
2026-03-10 16:37:45.000,,2026-03-10 16:41:59.804,2026-03-10 16:41:59.804,,,1.0,e1e86888-3324-49a8-b300-335062812dbc.raw_data.json,UTC-0300,hriiVjEkYE,com.sec.android.app.shealth,2026-03-10 16:39:26.001,e1e86888-3324-49a8-b300-335062812dbc,
2026-03-12 03:00:00.334,,2026-03-12 11:56:52.735,2026-03-12 11:56:52.592,,,2.0,d973d081-8b74-451d-ba49-a0d3665f38b1.raw_data.json,UTC-0300,hriiVjEkYE,com.sec.android.app.shealth,2026-03-12 11:50:01.000,d973d081-8b74-451d-ba49-a0d3665f38b1,
2026-03-12 11:50:01.000,,2026-03-12 11:56:52.833,2026-03-12 11:56:52.770,,,2.0,f28f65dd-9041-4ebf-a2d1-028d9f7fae06.raw_data.json,UTC-0300,hriiVjEkYE,com.sec.android.app.shealth,2026-03-12 11:51:35.000,f28f65dd-9041-4ebf-a2d1-028d9f7fae06,
2026-03-12 11:51:35.000,,2026-03-12 12:35:29.481,2026-03-12 12:35:29.481,,,1.0,93b0b98b-7a84-46f8-bfc7-f885c6799984.raw_data.json,UTC-0300,hriiVjEkYE,com.sec.android.app.shealth,2026-03-12 12:34:23.000,93b0b98b-7a84-46f8-bfc7-f885c6799984,
2026-03-12 12:34:23.000,,2026-03-12 16:30:53.559,2026-03-12 16:30:53.559,,,1.0,971d326f-6acb-412c-9c2d-617bb83f7170.raw_data.json,UTC-0300,hriiVjEkYE,com.sec.android.app.shealth,2026-03-12 16:28:50.000,971d326f-6acb-412c-9c2d-617bb83f7170,
2026-03-12 16:28:50.000,,2026-03-12 16:30:53.889,2026-03-12 16:30:53.617,,,3.0,1778d729-5041-42cc-bdf5-0c384ebe93d1.raw_data.json,UTC-0300,hriiVjEkYE,com.sec.android.app.shealth,2026-03-12 16:30:29.000,1778d729-5041-42cc-bdf5-0c384ebe93d1,
2026-03-12 16:30:29.000,,2026-03-12 19:28:02.491,2026-03-12 19:28:02.491,,,1.0,87b1220a-fb04-4ccd-8baf-e237571453bb.raw_data.json,UTC-0300,hriiVjEkYE,com.sec.android.app.shealth,2026-03-12 19:23:55.000,87b1220a-fb04-4ccd-8baf-e237571453bb,
2026-03-13 03:00:00.284,,2026-03-13 11:48:21.579,2026-03-13 11:48:21.452,,,2.0,681ebacb-c46b-493f-bbf4-18c2d3b4ab61.raw_data.json,UTC-0300,hriiVjEkYE,com.sec.android.app.shealth,2026-03-13 11:44:32.000,681ebacb-c46b-493f-bbf4-18c2d3b4ab61,
2026-03-13 11:44:32.000,,2026-03-13 11:48:21.750,2026-03-13 11:48:21.631,,,2.0,cda06755-d592-4522-ab9d-be53dad468a1.raw_data.json,UTC-0300,hriiVjEkYE,com.sec.android.app.shealth,2026-03-13 11:46:06.000,cda06755-d592-4522-ab9d-be53dad468a1,
2026-03-13 11:46:06.001,,2026-03-13 11:50:52.609,2026-03-13 11:50:52.609,,,1.0,c7d81588-3be6-4cbf-ad1e-2a42d33df2a2.raw_data.json,UTC-0300,hriiVjEkYE,com.sec.android.app.shealth,2026-03-13 11:50:04.000,c7d81588-3be6-4cbf-ad1e-2a42d33df2a2,
2026-03-19 03:00:02.362,,2026-03-19 12:06:50.106,2026-03-19 12:06:49.961,,,2.0,cb6a38d3-c7d5-49ff-863f-1434c0e7b569.raw_data.json,UTC-0300,hriiVjEkYE,com.sec.android.app.shealth,2026-03-19 12:03:46.001,cb6a38d3-c7d5-49ff-863f-1434c0e7b569,
2026-03-19 12:03:46.000,,2026-03-19 12:06:50.470,2026-03-19 12:06:50.333,,,2.0,e13de3b6-7327-4b02-8377-53d1f0267606.raw_data.json,UTC-0300,hriiVjEkYE,com.sec.android.app.shealth,2026-03-19 12:05:07.000,e13de3b6-7327-4b02-8377-53d1f0267606,
2026-03-19 12:05:07.000,,2026-03-19 12:08:44.509,2026-03-19 12:08:44.509,,,1.0,68799fbb-ed2f-4721-a100-792696abf029.raw_data.json,UTC-0300,hriiVjEkYE,com.sec.android.app.shealth,2026-03-19 12:08:07.000,68799fbb-ed2f-4721-a100-792696abf029,
2026-03-19 12:08:07.001,,2026-03-19 16:51:45.547,2026-03-19 16:51:45.452,,,2.0,d7dd8fa8-29f7-412c-b77e-f8385a4f3d71.raw_data.json,UTC-0300,hriiVjEkYE,com.sec.android.app.shealth,2026-03-19 16:51:20.000,d7dd8fa8-29f7-412c-b77e-f8385a4f3d71,
2026-03-19 16:51:20.000,,2026-03-19 21:17:05.393,2026-03-19 21:11:09.939,,,2.0,0afd1358-997b-4bc9-90f4-38d98a748db5.raw_data.json,UTC-0300,hriiVjEkYE,com.sec.android.app.shealth,2026-03-19 21:11:09.000,0afd1358-997b-4bc9-90f4-38d98a748db5,
2026-03-19 21:11:09.000,,2026-03-19 22:00:01.582,2026-03-19 22:00:01.004,,,3.0,281e2e25-6bf7-416e-a674-a784b550482e.raw_data.json,UTC-0300,hriiVjEkYE,com.sec.android.app.shealth,2026-03-19 21:52:34.000,281e2e25-6bf7-416e-a674-a784b550482e,
2026-03-19 21:52:34.000,,2026-03-19 22:44:05.966,2026-03-19 22:44:05.966,,,1.0,43900738-c178-425f-9274-0adad0d056c9.raw_data.json,UTC-0300,hriiVjEkYE,com.sec.android.app.shealth,2026-03-19 22:41:11.000,43900738-c178-425f-9274-0adad0d056c9,
2026-03-21 03:58:06.171,,2026-03-21 15:00:37.555,2026-03-21 15:00:37.483,,,2.0,510446fb-3cbb-455f-9287-6f1d1f2206a8.raw_data.json,UTC-0300,hriiVjEkYE,com.sec.android.app.shealth,2026-03-21 14:39:52.000,510446fb-3cbb-455f-9287-6f1d1f2206a8,
2026-03-25 03:00:00.260,,2026-03-25 11:57:07.448,2026-03-25 11:55:54.721,,,2.0,dc301c49-4e3d-4ca2-91cf-01d02634421e.raw_data.json,UTC-0300,hriiVjEkYE,com.sec.android.app.shealth,2026-03-25 11:55:44.999,dc301c49-4e3d-4ca2-91cf-01d02634421e,
2026-03-25 11:55:44.999,,2026-03-25 12:01:01.542,2026-03-25 12:01:01.382,,,2.0,315ab856-533a-4158-8a59-9d8204b31277.raw_data.json,UTC-0300,hriiVjEkYE,com.sec.android.app.shealth,2026-03-25 11:57:21.001,315ab856-533a-4158-8a59-9d8204b31277,
2026-03-25 11:57:21.001,,2026-03-25 12:02:59.371,2026-03-25 12:02:59.371,,,1.0,1a9adbba-ae81-4761-b787-13fa77096706.raw_data.json,UTC-0300,hriiVjEkYE,com.sec.android.app.shealth,2026-03-25 12:01:10.001,1a9adbba-ae81-4761-b787-13fa77096706,
2026-03-27 20:08:27.714,,2026-03-27 22:10:17.614,2026-03-27 22:10:17.614,,,1.0,c1b712e6-d03d-4eb6-8076-98272a233601.raw_data.json,UTC-0300,hriiVjEkYE,com.sec.android.app.shealth,2026-03-27 22:02:23.000,c1b712e6-d03d-4eb6-8076-98272a233601,
2026-03-30 03:39:36.809,,2026-03-30 11:46:54.601,2026-03-30 11:46:54.601,,,1.0,6b486b08-cd2a-493b-809c-37af86430915.raw_data.json,UTC-0300,hriiVjEkYE,com.sec.android.app.shealth,2026-03-30 11:40:43.000,6b486b08-cd2a-493b-809c-37af86430915,
2026-03-30 11:40:42.999,,2026-03-30 11:46:54.882,2026-03-30 11:46:54.740,,,2.0,8ec2e8dc-adb7-4a24-8b07-af902aeff14a.raw_data.json,UTC-0300,hriiVjEkYE,com.sec.android.app.shealth,2026-03-30 11:43:51.999,8ec2e8dc-adb7-4a24-8b07-af902aeff14a,
2026-03-30 11:43:51.999,,2026-03-30 16:32:53.881,2026-03-30 16:32:53.779,,,2.0,01da0710-3633-436b-a6db-2915d01b97b3.raw_data.json,UTC-0300,hriiVjEkYE,com.sec.android.app.shealth,2026-03-30 16:32:12.000,01da0710-3633-436b-a6db-2915d01b97b3,
2026-03-31 03:00:00.274,,2026-03-31 13:38:15.392,2026-03-31 13:38:15.392,,,1.0,146ef92b-0b7c-48e8-a1b0-11e9ff843bb7.raw_data.json,UTC-0300,hriiVjEkYE,com.sec.android.app.shealth,2026-03-31 13:34:48.000,146ef92b-0b7c-48e8-a1b0-11e9ff843bb7,
2026-03-31 13:34:48.000,,2026-03-31 13:38:15.725,2026-03-31 13:38:15.477,,,2.0,4a6ea192-ff13-48d8-be62-ca56eb5e6bc2.raw_data.json,UTC-0300,hriiVjEkYE,com.sec.android.app.shealth,2026-03-31 13:36:17.000,4a6ea192-ff13-48d8-be62-ca56eb5e6bc2,
2026-03-31 13:36:17.000,,2026-03-31 16:43:37.326,2026-03-31 16:43:37.326,,,1.0,20729b43-e48e-4439-931e-593d1e146436.raw_data.json,UTC-0300,hriiVjEkYE,com.sec.android.app.shealth,2026-03-31 16:41:22.999,20729b43-e48e-4439-931e-593d1e146436,
2026-03-31 16:41:23.000,,2026-03-31 16:45:43.479,2026-03-31 16:43:39.075,,,2.0,b68a77fa-a91d-4ff7-8203-1f9e96858398.raw_data.json,UTC-0300,hriiVjEkYE,com.sec.android.app.shealth,2026-03-31 16:43:37.999,b68a77fa-a91d-4ff7-8203-1f9e96858398,
2026-03-31 16:43:37.999,,2026-03-31 17:56:22.590,2026-03-31 17:56:22.590,,,1.0,c275e60e-5d77-4693-b064-86744221e445.raw_data.json,UTC-0300,hriiVjEkYE,com.sec.android.app.shealth,2026-03-31 17:47:16.999,c275e60e-5d77-4693-b064-86744221e445,
2026-04-03 03:00:01.052,,2026-04-03 11:17:26.545,2026-04-03 11:17:26.545,,,1.0,eb7def97-7390-4f25-80ff-5863efcea573.raw_data.json,UTC-0300,hriiVjEkYE,com.sec.android.app.shealth,2026-04-03 11:12:18.000,eb7def97-7390-4f25-80ff-5863efcea573,
2026-04-03 11:12:18.444,,2026-04-03 16:08:42.395,2026-04-03 16:08:42.395,,,1.0,72f826c5-362f-4981-9620-cde11ac20e51.raw_data.json,UTC-0300,hriiVjEkYE,com.sec.android.app.shealth,2026-04-03 15:40:48.000,72f826c5-362f-4981-9620-cde11ac20e51,
2026-04-06 03:00:00.205,,2026-04-06 11:45:21.402,2026-04-06 11:45:21.402,,,1.0,17a52828-cabb-4991-922e-82a90261cfc5.raw_data.json,UTC-0300,hriiVjEkYE,com.sec.android.app.shealth,2026-04-06 11:42:56.000,17a52828-cabb-4991-922e-82a90261cfc5,
2026-04-06 11:42:56.000,,2026-04-06 11:45:21.615,2026-04-06 11:45:21.501,,,2.0,247555d7-19b8-4cc3-84e6-3758ec3839fc.raw_data.json,UTC-0300,hriiVjEkYE,com.sec.android.app.shealth,2026-04-06 11:44:34.000,247555d7-19b8-4cc3-84e6-3758ec3839fc,
2026-04-06 11:44:33.999,,2026-04-06 11:49:39.376,2026-04-06 11:49:39.376,,,1.0,6f32f600-310d-4627-828f-9f32b6853c92.raw_data.json,UTC-0300,hriiVjEkYE,com.sec.android.app.shealth,2026-04-06 11:48:53.999,6f32f600-310d-4627-828f-9f32b6853c92,
2026-04-07 21:06:14.528,,2026-04-07 23:36:06.355,2026-04-07 23:36:06.355,,,1.0,4752a010-443e-43ca-a5ed-1671b8f4835c.raw_data.json,UTC-0300,hriiVjEkYE,com.sec.android.app.shealth,2026-04-07 23:34:32.001,4752a010-443e-43ca-a5ed-1671b8f4835c,
2026-04-08 03:00:00.301,,2026-04-08 13:23:01.756,2026-04-08 13:23:01.756,,,1.0,285ce83d-1c98-409a-880c-83c23dbcb685.raw_data.json,UTC-0300,hriiVjEkYE,com.sec.android.app.shealth,2026-04-08 13:19:44.001,285ce83d-1c98-409a-880c-83c23dbcb685,
2026-04-08 13:19:44.000,,2026-04-08 13:23:01.891,2026-04-08 13:23:01.827,,,2.0,927d7ff4-5c6f-431e-a24f-3acc491f0543.raw_data.json,UTC-0300,hriiVjEkYE,com.sec.android.app.shealth,2026-04-08 13:20:58.000,927d7ff4-5c6f-431e-a24f-3acc491f0543,
2026-04-08 13:20:58.000,,2026-04-08 16:37:46.592,2026-04-08 16:37:46.592,,,1.0,2c3b30f6-b6af-44d3-a03d-949a901283a9.raw_data.json,UTC-0300,hriiVjEkYE,com.sec.android.app.shealth,2026-04-08 16:36:21.000,2c3b30f6-b6af-44d3-a03d-949a901283a9,
2026-04-08 16:36:21.000,,2026-04-08 16:41:45.525,2026-04-08 16:41:45.525,,,1.0,ee53904c-d908-4936-8c4b-a6535d2c2b7e.raw_data.json,UTC-0300,hriiVjEkYE,com.sec.android.app.shealth,2026-04-08 16:38:12.000,ee53904c-d908-4936-8c4b-a6535d2c2b7e,
2026-04-08 16:38:11.771,,2026-04-08 18:15:18.862,2026-04-08 18:15:18.862,,,1.0,2b59e788-9614-470b-91b8-0b4175194b6a.raw_data.json,UTC-0300,hriiVjEkYE,com.sec.android.app.shealth,2026-04-08 18:14:31.999,2b59e788-9614-470b-91b8-0b4175194b6a,
2026-04-08 18:14:34.607,,2026-04-09 00:19:43.019,2026-04-09 00:19:43.019,,,1.0,0bc6567e-cdd8-4485-a5ec-d54e8dd16486.raw_data.json,UTC-0300,hriiVjEkYE,com.sec.android.app.shealth,2026-04-09 00:06:31.000,0bc6567e-cdd8-4485-a5ec-d54e8dd16486,
2026-04-16 03:00:01.667,,2026-04-16 12:28:06.567,2026-04-16 12:28:06.520,,,2.0,fdd20b5c-46d1-4e43-a432-8a8e7d138920.raw_data.json,UTC-0300,hriiVjEkYE,com.sec.android.app.shealth,2026-04-16 12:27:27.000,fdd20b5c-46d1-4e43-a432-8a8e7d138920,
2026-04-16 12:27:27.000,,2026-04-16 13:35:43.312,2026-04-16 13:35:43.312,,,1.0,b944890d-e486-46fc-a6e0-ebcdf7f404b5.raw_data.json,UTC-0300,hriiVjEkYE,com.sec.android.app.shealth,2026-04-16 13:04:59.000,b944890d-e486-46fc-a6e0-ebcdf7f404b5,
2026-04-16 13:04:59.000,,2026-04-16 16:44:03.373,2026-04-16 16:44:03.373,,,1.0,15ac53ee-9560-46bb-b52c-5f3156e177e4.raw_data.json,UTC-0300,hriiVjEkYE,com.sec.android.app.shealth,2026-04-16 16:41:55.001,15ac53ee-9560-46bb-b52c-5f3156e177e4,
2026-04-16 16:41:55.001,,2026-04-16 16:46:17.504,2026-04-16 16:46:17.410,,,2.0,2a8187e0-e8f4-4d8f-9ebe-c18853cf1ce7.raw_data.json,UTC-0300,hriiVjEkYE,com.sec.android.app.shealth,2026-04-16 16:44:34.000,2a8187e0-e8f4-4d8f-9ebe-c18853cf1ce7,
2026-04-16 16:44:34.001,,2026-04-16 22:14:04.646,2026-04-16 22:14:04.420,,,3.0,eaa8f29a-9c1b-45ea-9925-7c1f59da9259.raw_data.json,UTC-0300,hriiVjEkYE,com.sec.android.app.shealth,2026-04-16 22:04:53.001,eaa8f29a-9c1b-45ea-9925-7c1f59da9259,
2026-04-17 03:00:02.159,,2026-04-17 11:54:25.619,2026-04-17 11:54:25.561,,,2.0,88e34442-794e-4624-be79-aebe5390bc82.raw_data.json,UTC-0300,hriiVjEkYE,com.sec.android.app.shealth,2026-04-17 11:52:04.000,88e34442-794e-4624-be79-aebe5390bc82,
2026-04-17 11:52:04.000,,2026-04-17 11:54:25.685,2026-04-17 11:54:25.654,,,2.0,6bfbd333-fc44-40cf-a6da-46855dc72fb0.raw_data.json,UTC-0300,hriiVjEkYE,com.sec.android.app.shealth,2026-04-17 11:53:37.000,6bfbd333-fc44-40cf-a6da-46855dc72fb0,
2026-04-17 11:53:37.000,,2026-04-17 11:57:29.317,2026-04-17 11:57:29.317,,,1.0,4a01214c-6f07-48d3-98e7-b09c72ec4f4f.raw_data.json,UTC-0300,hriiVjEkYE,com.sec.android.app.shealth,2026-04-17 11:56:36.000,4a01214c-6f07-48d3-98e7-b09c72ec4f4f,
2026-04-17 11:56:36.000,,2026-04-17 12:58:39.377,2026-04-17 12:58:39.377,,,1.0,5896b1e6-e30b-4490-ab34-9a2e3df48e98.raw_data.json,UTC-0300,hriiVjEkYE,com.sec.android.app.shealth,2026-04-17 12:44:49.000,5896b1e6-e30b-4490-ab34-9a2e3df48e98,
2026-04-23 03:26:10.450,,2026-04-23 11:51:48.832,2026-04-23 11:51:48.492,,,2.0,8f06a0d7-571e-497e-824e-9978e928f88e.raw_data.json,UTC-0300,hriiVjEkYE,com.sec.android.app.shealth,2026-04-23 11:48:07.000,8f06a0d7-571e-497e-824e-9978e928f88e,
2026-04-23 11:48:06.999,,2026-04-23 11:51:49.037,2026-04-23 11:51:48.946,,,2.0,8365f091-505e-49c9-99f7-3aa819b85bf3.raw_data.json,UTC-0300,hriiVjEkYE,com.sec.android.app.shealth,2026-04-23 11:49:53.999,8365f091-505e-49c9-99f7-3aa819b85bf3,
2026-04-23 11:49:54.000,,2026-04-23 11:54:52.211,2026-04-23 11:54:52.211,,,1.0,95161b1c-aed7-49d2-b0ed-1be3e17075d5.raw_data.json,UTC-0300,hriiVjEkYE,com.sec.android.app.shealth,2026-04-23 11:53:13.001,95161b1c-aed7-49d2-b0ed-1be3e17075d5,
2026-04-23 11:53:15.924,,2026-04-23 16:44:24.437,2026-04-23 16:44:24.351,,,2.0,9a7f9c2e-ab76-49bc-9f27-a5fb6ad2cc0f.raw_data.json,UTC-0300,hriiVjEkYE,com.sec.android.app.shealth,2026-04-23 16:42:40.000,9a7f9c2e-ab76-49bc-9f27-a5fb6ad2cc0f,
2026-04-23 16:42:40.000,,2026-04-23 16:44:48.263,2026-04-23 16:44:48.263,,,1.0,b6be7c18-206f-44fc-a018-584f5cb2e03f.raw_data.json,UTC-0300,hriiVjEkYE,com.sec.android.app.shealth,2026-04-23 16:44:21.000,b6be7c18-206f-44fc-a018-584f5cb2e03f,
2026-04-23 16:44:21.000,,2026-04-23 17:44:21.454,2026-04-23 17:44:21.454,,,1.0,6d96f6ae-4db5-44fe-af0e-27f734751602.raw_data.json,UTC-0300,hriiVjEkYE,com.sec.android.app.shealth,2026-04-23 17:43:14.000,6d96f6ae-4db5-44fe-af0e-27f734751602,
2026-04-23 17:43:14.000,,2026-04-23 19:43:58.105,2026-04-23 19:43:58.105,,,1.0,d366785d-954c-4e89-a8cf-4a22f2c5fee5.raw_data.json,UTC-0300,hriiVjEkYE,com.sec.android.app.shealth,2026-04-23 19:37:47.000,d366785d-954c-4e89-a8cf-4a22f2c5fee5,
2026-04-24 03:00:01.214,,2026-04-24 11:27:15.376,2026-04-24 11:27:15.376,,,1.0,64c461a8-83f3-484b-84ad-e9c14d64b62c.raw_data.json,UTC-0300,hriiVjEkYE,com.sec.android.app.shealth,2026-04-24 11:26:34.001,64c461a8-83f3-484b-84ad-e9c14d64b62c,
2026-04-24 11:26:34.000,,2026-04-24 12:01:39.260,2026-04-24 12:01:39.260,,,1.0,8ee9b82e-e7f9-4e33-aad2-a42da3c282d4.raw_data.json,UTC-0300,hriiVjEkYE,com.sec.android.app.shealth,2026-04-24 11:52:28.000,8ee9b82e-e7f9-4e33-aad2-a42da3c282d4,
2026-04-24 11:52:28.000,,2026-04-24 12:01:39.480,2026-04-24 12:01:39.310,,,3.0,d0a5f907-2350-4f5a-a786-7cc7b338cdc5.raw_data.json,UTC-0300,hriiVjEkYE,com.sec.android.app.shealth,2026-04-24 11:59:43.000,d0a5f907-2350-4f5a-a786-7cc7b338cdc5,
2026-04-24 11:59:43.000,,2026-04-24 12:04:29.293,2026-04-24 12:04:29.293,,,1.0,f883293b-a417-44e7-a816-cc915d0e2e87.raw_data.json,UTC-0300,hriiVjEkYE,com.sec.android.app.shealth,2026-04-24 12:03:22.999,f883293b-a417-44e7-a816-cc915d0e2e87,
2026-04-29 03:00:01.232,,2026-04-29 11:59:06.514,2026-04-29 11:59:06.264,,,2.0,e1a7ef9c-3479-4e1f-8838-c14aa36e1bc8.raw_data.json,UTC-0300,hriiVjEkYE,com.sec.android.app.shealth,2026-04-29 11:57:33.000,e1a7ef9c-3479-4e1f-8838-c14aa36e1bc8,
2026-04-29 11:57:33.000,,2026-04-29 12:03:15.615,2026-04-29 11:59:06.777,,,2.0,6c9b0b53-164c-4510-b6d5-aa5e6b607969.raw_data.json,UTC-0300,hriiVjEkYE,com.sec.android.app.shealth,2026-04-29 11:58:59.000,6c9b0b53-164c-4510-b6d5-aa5e6b607969,
2026-04-29 11:58:59.000,,2026-04-29 12:03:15.857,2026-04-29 12:03:15.857,,,1.0,cd88c4f9-0ea6-4d03-8d4b-181734e39360.raw_data.json,UTC-0300,hriiVjEkYE,com.sec.android.app.shealth,2026-04-29 12:02:24.000,cd88c4f9-0ea6-4d03-8d4b-181734e39360,
2026-04-29 12:02:24.000,,2026-04-29 16:52:05.698,2026-04-29 16:52:05.478,,,3.0,c9457c05-58ec-49d5-b294-047619c6408e.raw_data.json,UTC-0300,hriiVjEkYE,com.sec.android.app.shealth,2026-04-29 16:49:07.000,c9457c05-58ec-49d5-b294-047619c6408e,
2026-04-29 16:49:08.153,,2026-04-29 20:48:33.826,2026-04-29 20:48:33.592,,,2.0,068ef6dc-be21-4b19-bced-ba5881e88c17.raw_data.json,UTC-0300,hriiVjEkYE,com.sec.android.app.shealth,2026-04-29 20:46:54.000,068ef6dc-be21-4b19-bced-ba5881e88c17,
2026-05-06 03:00:03.626,,2026-05-06 11:53:54.775,2026-05-06 11:53:54.617,,,2.0,f4936a90-8976-4981-90aa-9cc1ce868843.raw_data.json,UTC-0300,hriiVjEkYE,com.sec.android.app.shealth,2026-05-06 11:49:35.001,f4936a90-8976-4981-90aa-9cc1ce868843,
2026-05-06 11:49:35.000,,2026-05-06 11:53:55.008,2026-05-06 11:53:54.882,,,2.0,aca1626b-9267-45b6-8ba7-6ae7a21046b1.raw_data.json,UTC-0300,hriiVjEkYE,com.sec.android.app.shealth,2026-05-06 11:51:12.999,aca1626b-9267-45b6-8ba7-6ae7a21046b1,
2026-05-06 11:51:12.999,,2026-05-06 11:56:15.423,2026-05-06 11:56:15.423,,,1.0,282dc1a8-eae6-412c-a271-2bcd0b760b93.raw_data.json,UTC-0300,hriiVjEkYE,com.sec.android.app.shealth,2026-05-06 11:55:21.000,282dc1a8-eae6-412c-a271-2bcd0b760b93,
2026-05-06 11:55:21.000,,2026-05-06 12:35:40.809,2026-05-06 12:35:40.809,,,1.0,800df636-50cf-429d-903f-4c990b6aae79.raw_data.json,UTC-0300,hriiVjEkYE,com.sec.android.app.shealth,2026-05-06 12:18:05.000,800df636-50cf-429d-903f-4c990b6aae79,
2026-05-06 12:18:05.001,,2026-05-06 12:35:40.862,2026-05-06 12:35:40.862,,,1.0,55dfd81a-74da-4060-bb86-3339a08feaf2.raw_data.json,UTC-0300,hriiVjEkYE,com.sec.android.app.shealth,2026-05-06 12:20:19.001,55dfd81a-74da-4060-bb86-3339a08feaf2,
2026-05-06 12:20:19.000,,2026-05-06 16:37:27.822,2026-05-06 16:37:27.822,,,1.0,353199db-aa91-4a8a-91da-5650079c6821.raw_data.json,UTC-0300,hriiVjEkYE,com.sec.android.app.shealth,2026-05-06 16:36:15.000,353199db-aa91-4a8a-91da-5650079c6821,
2026-05-06 16:36:15.000,,2026-05-06 16:45:30.526,2026-05-06 16:45:30.312,,,2.0,ba52032e-40e6-460a-b4ca-b42360a46b50.raw_data.json,UTC-0300,hriiVjEkYE,com.sec.android.app.shealth,2026-05-06 16:37:58.001,ba52032e-40e6-460a-b4ca-b42360a46b50,
2026-05-07 12:54:22.887,,2026-05-07 16:04:35.505,2026-05-07 16:04:35.505,,,1.0,4dfaa6d9-cdd8-4311-8fc8-7abe88dd3038.raw_data.json,UTC-0300,hriiVjEkYE,com.sec.android.app.shealth,2026-05-07 16:01:12.000,4dfaa6d9-cdd8-4311-8fc8-7abe88dd3038,
2026-05-07 16:01:12.000,,2026-05-07 16:43:49.451,2026-05-07 16:43:49.451,,,1.0,1a756fb5-921a-4179-86d1-04b89606af8f.raw_data.json,UTC-0300,hriiVjEkYE,com.sec.android.app.shealth,2026-05-07 16:41:07.000,1a756fb5-921a-4179-86d1-04b89606af8f,
2026-05-07 16:41:07.000,,2026-05-07 16:43:49.655,2026-05-07 16:43:49.580,,,2.0,46f06285-58b0-4355-b5c6-bc9d8c3f5309.raw_data.json,UTC-0300,hriiVjEkYE,com.sec.android.app.shealth,2026-05-07 16:43:02.000,46f06285-58b0-4355-b5c6-bc9d8c3f5309,
2026-05-07 16:43:01.999,,2026-05-08 00:11:11.754,2026-05-08 00:11:11.754,,,1.0,b945650f-4dc0-4991-9a5c-1f3fbfc9e7d2.raw_data.json,UTC-0300,hriiVjEkYE,com.sec.android.app.shealth,2026-05-08 00:08:05.000,b945650f-4dc0-4991-9a5c-1f3fbfc9e7d2,
2026-05-08 03:00:01.191,,2026-05-08 11:55:31.424,2026-05-08 11:55:31.348,,,2.0,92d7e5bf-1ca6-4d10-9af6-71c648b83955.raw_data.json,UTC-0300,hriiVjEkYE,com.sec.android.app.shealth,2026-05-08 11:51:31.999,92d7e5bf-1ca6-4d10-9af6-71c648b83955,
2026-05-08 11:51:32.000,,2026-05-08 11:55:31.776,2026-05-08 11:55:31.629,,,2.0,238dbc2b-08b9-4a23-ba56-4f8ddbf07fbe.raw_data.json,UTC-0300,hriiVjEkYE,com.sec.android.app.shealth,2026-05-08 11:53:44.000,238dbc2b-08b9-4a23-ba56-4f8ddbf07fbe,
2026-05-08 11:53:44.000,,2026-05-08 12:30:28.310,2026-05-08 12:30:28.310,,,1.0,acd8cdd2-7985-4144-99dd-3dd9ec92d35b.raw_data.json,UTC-0300,hriiVjEkYE,com.sec.android.app.shealth,2026-05-08 12:08:28.000,acd8cdd2-7985-4144-99dd-3dd9ec92d35b,
2026-05-08 12:08:28.717,,2026-05-08 15:59:59.520,2026-05-08 15:59:59.520,,,1.0,c521b438-252a-4551-891c-c99f3666b48f.raw_data.json,UTC-0300,hriiVjEkYE,com.sec.android.app.shealth,2026-05-08 15:59:14.000,c521b438-252a-4551-891c-c99f3666b48f,
2026-05-08 15:59:14.000,,2026-05-08 16:44:28.395,2026-05-08 16:44:28.223,,,2.0,e5cce236-744e-44ed-9ce9-e1093ab7a6f1.raw_data.json,UTC-0300,hriiVjEkYE,com.sec.android.app.shealth,2026-05-08 16:01:02.000,e5cce236-744e-44ed-9ce9-e1093ab7a6f1,
2026-05-13 11:18:06.913,,2026-05-13 11:49:52.674,2026-05-13 11:49:52.601,,,2.0,d1708cac-b29e-4aed-bd95-ac1cc2a2bcac.raw_data.json,UTC-0300,hriiVjEkYE,com.sec.android.app.shealth,2026-05-13 11:45:57.000,d1708cac-b29e-4aed-bd95-ac1cc2a2bcac,
2026-05-13 11:45:57.000,,2026-05-13 11:49:52.746,2026-05-13 11:49:52.746,,,1.0,1dabe2e1-ef0f-4dfe-9ecd-6ecb5c80ff6f.raw_data.json,UTC-0300,hriiVjEkYE,com.sec.android.app.shealth,2026-05-13 11:47:16.000,1dabe2e1-ef0f-4dfe-9ecd-6ecb5c80ff6f,
2026-05-13 11:47:16.000,,2026-05-13 11:49:52.800,2026-05-13 11:49:52.800,,,1.0,72a66672-59ca-47e2-9a87-d91fdda9e2df.raw_data.json,UTC-0300,hriiVjEkYE,com.sec.android.app.shealth,2026-05-13 11:48:20.000,72a66672-59ca-47e2-9a87-d91fdda9e2df,
2026-05-13 11:48:20.000,,2026-05-13 17:56:58.825,2026-05-13 17:56:58.648,,,2.0,951f0a0d-adff-4142-bfde-ae24537551c5.raw_data.json,UTC-0300,hriiVjEkYE,com.sec.android.app.shealth,2026-05-13 16:44:34.000,951f0a0d-adff-4142-bfde-ae24537551c5,
2026-05-14 03:00:00.891,,2026-05-14 11:50:07.605,2026-05-14 11:50:07.546,,,2.0,348260eb-ae50-4622-acb5-86e2f93b3400.raw_data.json,UTC-0300,hriiVjEkYE,com.sec.android.app.shealth,2026-05-14 11:47:03.001,348260eb-ae50-4622-acb5-86e2f93b3400,
2026-05-14 11:47:03.000,,2026-05-14 11:50:07.856,2026-05-14 11:50:07.640,,,3.0,84ba370d-dd0c-4ddf-a805-a079a43a2135.raw_data.json,UTC-0300,hriiVjEkYE,com.sec.android.app.shealth,2026-05-14 11:49:07.000,84ba370d-dd0c-4ddf-a805-a079a43a2135,
2026-05-14 11:49:07.000,,2026-05-14 12:42:23.318,2026-05-14 12:42:23.318,,,1.0,d0d05a34-3d1a-44d4-a223-005514130c79.raw_data.json,UTC-0300,hriiVjEkYE,com.sec.android.app.shealth,2026-05-14 12:41:31.000,d0d05a34-3d1a-44d4-a223-005514130c79,
2026-05-14 12:41:31.000,,2026-05-14 16:44:27.597,2026-05-14 16:44:27.550,,,2.0,5a1e2dad-1e08-4b76-a07a-0a25c581be56.raw_data.json,UTC-0300,hriiVjEkYE,com.sec.android.app.shealth,2026-05-14 16:42:30.000,5a1e2dad-1e08-4b76-a07a-0a25c581be56,
2026-05-19 03:00:00.181,,2026-05-19 11:50:28.936,2026-05-19 11:50:28.936,,,1.0,0cd94260-3916-4d16-ac25-c7a1d5e2e8eb.raw_data.json,UTC-0300,hriiVjEkYE,com.sec.android.app.shealth,2026-05-19 11:48:08.000,0cd94260-3916-4d16-ac25-c7a1d5e2e8eb,
2026-05-19 11:48:08.000,,2026-05-19 11:52:38.430,2026-05-19 11:52:38.430,,,1.0,d3fad0cb-e152-4315-afb8-8aeba054149f.raw_data.json,UTC-0300,hriiVjEkYE,com.sec.android.app.shealth,2026-05-19 11:51:56.000,d3fad0cb-e152-4315-afb8-8aeba054149f,
2026-05-19 11:51:56.000,,2026-05-19 11:58:35.651,2026-05-19 11:58:35.461,,,2.0,f86a34c8-6f0e-4e8a-a1c7-46e5b7be1935.raw_data.json,UTC-0300,hriiVjEkYE,com.sec.android.app.shealth,2026-05-19 11:54:09.000,f86a34c8-6f0e-4e8a-a1c7-46e5b7be1935,
2026-05-19 11:54:08.999,,2026-05-19 11:58:35.681,2026-05-19 11:58:35.681,,,1.0,404c30ce-31b0-4718-8c94-add9091cc977.raw_data.json,UTC-0300,hriiVjEkYE,com.sec.android.app.shealth,2026-05-19 11:57:44.999,404c30ce-31b0-4718-8c94-add9091cc977,
2026-05-19 11:57:45.285,,2026-05-19 16:37:18.414,2026-05-19 16:37:18.414,,,1.0,0000f7ec-6add-4b03-99e3-8945b562c969.raw_data.json,UTC-0300,hriiVjEkYE,com.sec.android.app.shealth,2026-05-19 16:36:27.999,0000f7ec-6add-4b03-99e3-8945b562c969,
2026-05-19 16:36:28.000,,2026-05-19 16:39:14.561,2026-05-19 16:39:14.477,,,2.0,9e89a6a5-7978-4e62-9731-72633d552723.raw_data.json,UTC-0300,hriiVjEkYE,com.sec.android.app.shealth,2026-05-19 16:38:31.000,9e89a6a5-7978-4e62-9731-72633d552723,
2026-06-01 03:00:00.239,,2026-06-01 11:53:03.745,2026-06-01 11:53:03.745,,,1.0,a8aed85b-ffdc-40c6-865e-a313fa15e458.raw_data.json,UTC-0300,hriiVjEkYE,com.sec.android.app.shealth,2026-06-01 11:49:38.000,a8aed85b-ffdc-40c6-865e-a313fa15e458,
2026-06-01 11:49:38.000,,2026-06-01 11:53:04.210,2026-06-01 11:53:03.809,,,2.0,dd1cd407-9e43-4a85-861c-0450570f00eb.raw_data.json,UTC-0300,hriiVjEkYE,com.sec.android.app.shealth,2026-06-01 11:51:45.000,dd1cd407-9e43-4a85-861c-0450570f00eb,
2026-06-01 11:51:45.001,,2026-06-01 11:56:54.271,2026-06-01 11:56:54.271,,,1.0,fcf5939b-2053-42fe-9ea7-f70c32cda0c7.raw_data.json,UTC-0300,hriiVjEkYE,com.sec.android.app.shealth,2026-06-01 11:55:52.001,fcf5939b-2053-42fe-9ea7-f70c32cda0c7,
2026-06-01 11:55:52.000,,2026-06-01 13:14:13.537,2026-06-01 13:14:13.537,,,1.0,7918b238-a44f-4fb3-b8a0-a110202a8c4d.raw_data.json,UTC-0300,hriiVjEkYE,com.sec.android.app.shealth,2026-06-01 12:21:26.000,7918b238-a44f-4fb3-b8a0-a110202a8c4d,
2026-06-01 12:21:26.000,,2026-06-01 16:40:16.542,2026-06-01 16:40:16.542,,,1.0,c7be6628-17a2-4183-8a56-06037d491a4b.raw_data.json,UTC-0300,hriiVjEkYE,com.sec.android.app.shealth,2026-06-01 16:38:40.000,c7be6628-17a2-4183-8a56-06037d491a4b,
2026-06-01 16:38:40.000,,2026-06-01 16:45:49.404,2026-06-01 16:45:49.322,,,2.0,7564c1c5-3ede-42c3-b268-ae22747bc70e.raw_data.json,UTC-0300,hriiVjEkYE,com.sec.android.app.shealth,2026-06-01 16:40:32.000,7564c1c5-3ede-42c3-b268-ae22747bc70e,
2026-06-01 16:40:32.000,,2026-06-01 20:02:09.326,2026-06-01 20:02:09.326,,,1.0,2464f0f7-e67c-45f4-a22f-ae2e00dce467.raw_data.json,UTC-0300,hriiVjEkYE,com.sec.android.app.shealth,2026-06-01 19:46:34.000,2464f0f7-e67c-45f4-a22f-ae2e00dce467,
2026-06-02 03:00:01.240,,2026-06-02 12:00:11.752,2026-06-02 12:00:11.752,,,1.0,1c7e4ab6-1f93-43b1-a6af-2697c24ed968.raw_data.json,UTC-0300,hriiVjEkYE,com.sec.android.app.shealth,2026-06-02 11:52:10.000,1c7e4ab6-1f93-43b1-a6af-2697c24ed968,
2026-06-02 11:52:10.001,,2026-06-02 12:00:11.993,2026-06-02 12:00:11.890,,,2.0,46e968b5-34a2-4b33-ad8e-434be153606c.raw_data.json,UTC-0300,hriiVjEkYE,com.sec.android.app.shealth,2026-06-02 11:55:00.000,46e968b5-34a2-4b33-ad8e-434be153606c,
2026-06-02 11:55:00.000,,2026-06-02 12:00:12.140,2026-06-02 12:00:12.140,,,1.0,1a7bd944-96a9-40d0-9131-ba16880b9643.raw_data.json,UTC-0300,hriiVjEkYE,com.sec.android.app.shealth,2026-06-02 11:59:25.999,1a7bd944-96a9-40d0-9131-ba16880b9643,
2026-06-04 21:26:50.225,,2026-06-04 23:15:44.272,2026-06-04 23:15:44.272,,,1.0,462d6ff6-828a-4b4d-bf26-82354d4653d7.raw_data.json,UTC-0300,hriiVjEkYE,com.sec.android.app.shealth,2026-06-04 23:10:56.999,462d6ff6-828a-4b4d-bf26-82354d4653d7,
2026-06-07 15:43:22.936,,2026-06-07 19:15:39.500,2026-06-07 19:15:39.500,,,1.0,4a6ba8e8-4c1b-4e7b-81aa-15ac3d0ef291.raw_data.json,UTC-0300,hriiVjEkYE,com.sec.android.app.shealth,2026-06-07 19:13:12.000,4a6ba8e8-4c1b-4e7b-81aa-15ac3d0ef291,
2026-06-08 03:00:00.228,,2026-06-08 11:56:12.389,2026-06-08 11:56:12.332,,,2.0,10ea5228-898e-490a-ad65-1f63bfdb1794.raw_data.json,UTC-0300,hriiVjEkYE,com.sec.android.app.shealth,2026-06-08 11:53:27.000,10ea5228-898e-490a-ad65-1f63bfdb1794,
2026-06-08 11:53:27.000,,2026-06-08 11:56:12.939,2026-06-08 11:56:12.483,,,2.0,6346b9ec-8ece-4070-8380-a8995f50a07f.raw_data.json,UTC-0300,hriiVjEkYE,com.sec.android.app.shealth,2026-06-08 11:54:55.000,6346b9ec-8ece-4070-8380-a8995f50a07f,
2026-06-08 11:54:55.000,,2026-06-08 11:59:51.323,2026-06-08 11:59:51.323,,,1.0,5bb09d26-37c8-463d-abab-e4845f953ae0.raw_data.json,UTC-0300,hriiVjEkYE,com.sec.android.app.shealth,2026-06-08 11:58:48.000,5bb09d26-37c8-463d-abab-e4845f953ae0,
2026-06-08 11:58:47.999,,2026-06-08 16:42:47.693,2026-06-08 16:42:47.693,,,1.0,0b506318-9614-47e5-b3db-a0e1638a1ee4.raw_data.json,UTC-0300,hriiVjEkYE,com.sec.android.app.shealth,2026-06-08 16:42:05.999,0b506318-9614-47e5-b3db-a0e1638a1ee4,
2026-06-08 16:42:06.000,,2026-06-08 16:44:25.550,2026-06-08 16:44:25.307,,,2.0,cdc95615-5da3-43ee-a4d6-c3e31d966039.raw_data.json,UTC-0300,hriiVjEkYE,com.sec.android.app.shealth,2026-06-08 16:43:57.000,cdc95615-5da3-43ee-a4d6-c3e31d966039,
2026-06-10 03:00:00.297,,2026-06-10 11:58:10.093,2026-06-10 11:58:09.921,,,2.0,58491c83-0841-49c0-81fb-d09ced6e4306.raw_data.json,UTC-0300,hriiVjEkYE,com.sec.android.app.shealth,2026-06-10 11:54:50.000,58491c83-0841-49c0-81fb-d09ced6e4306,
2026-06-10 11:54:50.001,,2026-06-10 11:58:10.236,2026-06-10 11:58:10.236,,,1.0,00759b27-5c79-4d18-b194-acb8e807ab99.raw_data.json,UTC-0300,hriiVjEkYE,com.sec.android.app.shealth,2026-06-10 11:56:01.001,00759b27-5c79-4d18-b194-acb8e807ab99,
2026-06-10 11:56:01.000,,2026-06-10 11:58:10.595,2026-06-10 11:58:10.595,,,1.0,6c490798-6aad-4069-9a25-678f73adf5fd.raw_data.json,UTC-0300,hriiVjEkYE,com.sec.android.app.shealth,2026-06-10 11:57:02.999,6c490798-6aad-4069-9a25-678f73adf5fd,
2026-06-10 11:57:02.999,,2026-06-10 16:39:51.815,2026-06-10 16:39:51.506,,,2.0,2787f06b-1b8b-4803-a021-0324572e9e82.raw_data.json,UTC-0300,hriiVjEkYE,com.sec.android.app.shealth,2026-06-10 16:38:48.999,2787f06b-1b8b-4803-a021-0324572e9e82,
2026-06-10 16:38:49.000,,2026-06-10 21:09:59.079,2026-06-10 21:09:58.645,,,4.0,764696b7-bb5a-4c46-8d0b-89936ded6d41.raw_data.json,UTC-0300,hriiVjEkYE,com.sec.android.app.shealth,2026-06-10 21:01:05.000,764696b7-bb5a-4c46-8d0b-89936ded6d41,
2026-06-17 03:00:00.310,,2026-06-17 11:47:13.559,2026-06-17 11:47:13.495,,,2.0,d33bcc38-1eb2-4d92-b83b-2f23b486e69f.raw_data.json,UTC-0300,hriiVjEkYE,com.sec.android.app.shealth,2026-06-17 11:44:13.001,d33bcc38-1eb2-4d92-b83b-2f23b486e69f,
2026-06-17 11:44:13.001,,2026-06-17 11:47:13.709,2026-06-17 11:47:13.641,,,3.0,5a042a10-cd26-4d0d-8d4f-c4c8dc13a59a.raw_data.json,UTC-0300,hriiVjEkYE,com.sec.android.app.shealth,2026-06-17 11:46:26.000,5a042a10-cd26-4d0d-8d4f-c4c8dc13a59a,
2026-06-17 11:46:25.999,,2026-06-17 16:42:58.647,2026-06-17 16:42:58.647,,,1.0,7a3d16df-4056-4353-9168-957f8651a5d0.raw_data.json,UTC-0300,hriiVjEkYE,com.sec.android.app.shealth,2026-06-17 16:41:25.999,7a3d16df-4056-4353-9168-957f8651a5d0,
2026-06-17 16:41:25.999,,2026-06-17 17:06:15.483,2026-06-17 17:06:15.302,,,2.0,d3f433c6-49eb-45d5-8826-b763ff84b1e7.raw_data.json,UTC-0300,hriiVjEkYE,com.sec.android.app.shealth,2026-06-17 16:43:34.001,d3f433c6-49eb-45d5-8826-b763ff84b1e7,
2026-06-17 16:43:34.000,,2026-06-17 21:06:27.776,2026-06-17 21:06:27.660,,,2.0,b35c36a8-81a6-4406-bf47-9544f73d6a4f.raw_data.json,UTC-0300,hriiVjEkYE,com.sec.android.app.shealth,2026-06-17 21:02:49.000,b35c36a8-81a6-4406-bf47-9544f73d6a4f,
2026-06-17 21:02:49.000,,2026-06-17 21:06:27.806,2026-06-17 21:06:27.806,,,1.0,3ab0faaf-824d-44a1-a799-bfbb96078bf0.raw_data.json,UTC-0300,hriiVjEkYE,com.sec.android.app.shealth,2026-06-17 21:03:56.000,3ab0faaf-824d-44a1-a799-bfbb96078bf0,
2026-06-18 03:00:07.103,,2026-06-18 11:51:58.916,2026-06-18 11:51:58.603,,,2.0,32b82ead-ddc5-44fd-bcd9-be9cf2b6026c.raw_data.json,UTC-0300,hriiVjEkYE,com.sec.android.app.shealth,2026-06-18 11:46:06.000,32b82ead-ddc5-44fd-bcd9-be9cf2b6026c,
2026-06-18 11:46:06.001,,2026-06-18 11:51:59.066,2026-06-18 11:51:58.937,,,2.0,7b33ef5c-1fef-48b6-b046-c7e41df57b34.raw_data.json,UTC-0300,hriiVjEkYE,com.sec.android.app.shealth,2026-06-18 11:48:06.001,7b33ef5c-1fef-48b6-b046-c7e41df57b34,
2026-06-18 11:48:06.000,,2026-06-18 13:26:34.338,2026-06-18 13:26:34.338,,,1.0,a9ed8f03-f392-4a68-9430-29a0ab941e31.raw_data.json,UTC-0300,hriiVjEkYE,com.sec.android.app.shealth,2026-06-18 13:25:54.000,a9ed8f03-f392-4a68-9430-29a0ab941e31,
2026-06-18 13:25:54.001,,2026-06-18 16:06:47.877,2026-06-18 16:06:47.656,,,3.0,a1b88503-f390-4640-a39a-c3fbe90b2a03.raw_data.json,UTC-0300,hriiVjEkYE,com.sec.android.app.shealth,2026-06-18 16:04:16.000,a1b88503-f390-4640-a39a-c3fbe90b2a03,
2026-06-18 16:04:16.000,,2026-06-18 16:41:21.320,2026-06-18 16:41:21.320,,,1.0,7b442034-78e3-4aaa-9a81-f214696ac773.raw_data.json,UTC-0300,hriiVjEkYE,com.sec.android.app.shealth,2026-06-18 16:40:46.000,7b442034-78e3-4aaa-9a81-f214696ac773,
2026-06-23 03:00:03.286,,2026-06-23 11:56:10.525,2026-06-23 11:56:10.485,,,2.0,8f382466-1a67-449f-9950-7fe1d26ab014.raw_data.json,UTC-0300,hriiVjEkYE,com.sec.android.app.shealth,2026-06-23 11:51:55.000,8f382466-1a67-449f-9950-7fe1d26ab014,
2026-06-23 11:51:55.000,,2026-06-23 11:56:10.591,2026-06-23 11:56:10.545,,,2.0,1e3bdaf1-f9ce-42c8-8321-35020856f49c.raw_data.json,UTC-0300,hriiVjEkYE,com.sec.android.app.shealth,2026-06-23 11:54:03.000,1e3bdaf1-f9ce-42c8-8321-35020856f49c,
2026-06-23 11:54:03.000,,2026-06-23 16:09:16.194,2026-06-23 16:09:16.194,,,1.0,579b8dc0-be98-44cb-8f31-e3c4362ecbc2.raw_data.json,UTC-0300,hriiVjEkYE,com.sec.android.app.shealth,2026-06-23 16:06:39.001,579b8dc0-be98-44cb-8f31-e3c4362ecbc2,
2026-06-23 16:06:39.000,,2026-06-23 16:35:29.629,2026-06-23 16:35:29.458,,,2.0,6b3a096f-1cd8-415f-bd9b-c90ebb51dfef.raw_data.json,UTC-0300,hriiVjEkYE,com.sec.android.app.shealth,2026-06-23 16:34:55.000,6b3a096f-1cd8-415f-bd9b-c90ebb51dfef,
2026-06-23 16:34:54.999,,2026-06-23 17:38:27.328,2026-06-23 17:38:27.328,,,2.0,b540bda9-1597-4da0-b020-a626c86ad431.raw_data.json,UTC-0300,hriiVjEkYE,com.sec.android.app.shealth,2026-06-23 17:27:00.999,b540bda9-1597-4da0-b020-a626c86ad431,
2026-06-23 17:27:01.000,,2026-06-23 21:02:22.602,2026-06-23 21:02:22.389,,,3.0,fbfc21fe-6d36-4195-997b-8b8e35a59d39.raw_data.json,UTC-0300,hriiVjEkYE,com.sec.android.app.shealth,2026-06-23 21:01:41.000,fbfc21fe-6d36-4195-997b-8b8e35a59d39,
2026-06-24 03:00:00.258,,2026-06-24 10:52:03.397,2026-06-24 10:52:03.397,,,1.0,912c7fa8-94ae-478a-b4ea-85a97e420a7b.raw_data.json,UTC-0300,hriiVjEkYE,com.sec.android.app.shealth,2026-06-24 10:51:14.000,912c7fa8-94ae-478a-b4ea-85a97e420a7b,
2026-06-24 10:51:14.000,,2026-06-24 11:58:57.509,2026-06-24 11:55:02.240,,,2.0,47192e7d-087d-471f-b12a-08916054ce92.raw_data.json,UTC-0300,hriiVjEkYE,com.sec.android.app.shealth,2026-06-24 11:55:11.000,47192e7d-087d-471f-b12a-08916054ce92,
2026-06-24 11:55:11.001,,2026-06-24 11:58:57.821,2026-06-24 11:58:57.606,,,2.0,32d294a0-8400-4f3e-ade4-815193806121.raw_data.json,UTC-0300,hriiVjEkYE,com.sec.android.app.shealth,2026-06-24 11:57:13.000,32d294a0-8400-4f3e-ade4-815193806121,
2026-06-24 11:57:13.000,,2026-06-24 12:01:36.699,2026-06-24 12:01:36.560,,,2.0,c20754f4-1632-464e-815b-483620d9c962.raw_data.json,UTC-0300,hriiVjEkYE,com.sec.android.app.shealth,2026-06-24 12:01:09.000,c20754f4-1632-464e-815b-483620d9c962,
2026-06-24 12:01:08.999,,2026-06-24 17:13:44.579,2026-06-24 17:13:44.579,,,1.0,579eebd2-69b5-4c63-bc77-bea3d34c9caf.raw_data.json,UTC-0300,hriiVjEkYE,com.sec.android.app.shealth,2026-06-24 16:12:08.000,579eebd2-69b5-4c63-bc77-bea3d34c9caf,
2026-06-24 16:12:08.001,,2026-06-24 17:13:45.058,2026-06-24 17:13:44.838,,,2.0,372297a1-61cf-4f04-b7dd-424247c23adb.raw_data.json,UTC-0300,hriiVjEkYE,com.sec.android.app.shealth,2026-06-24 16:14:00.000,372297a1-61cf-4f04-b7dd-424247c23adb,
2026-07-07 03:00:02.974,,2026-07-07 23:13:17.820,2026-07-07 23:13:17.820,,,1.0,25e0fddb-6a07-4826-b7a9-2222c9b7b47a.raw_data.json,UTC-0300,hriiVjEkYE,com.sec.android.app.shealth,2026-07-07 23:08:16.000,25e0fddb-6a07-4826-b7a9-2222c9b7b47a,
2026-07-08 20:02:23.830,,2026-07-08 21:35:21.584,2026-07-08 21:35:21.584,,,1.0,4ebecb8b-f351-4ac6-86bd-20085b2b4d72.raw_data.json,UTC-0300,hriiVjEkYE,com.sec.android.app.shealth,2026-07-08 21:32:51.999,4ebecb8b-f351-4ac6-86bd-20085b2b4d72,
2026-07-11 03:00:00.289,,2026-07-11 15:35:46.330,2026-07-11 15:35:46.330,,,1.0,0af29b05-bb34-4571-ae37-561302e69230.raw_data.json,UTC-0300,hriiVjEkYE,com.sec.android.app.shealth,2026-07-11 15:33:40.000,0af29b05-bb34-4571-ae37-561302e69230,
2026-07-12 21:23:07.579,,2026-07-13 00:15:06.324,2026-07-13 00:15:06.324,,,1.0,21679e01-f566-4c2d-8b2a-a817c30a4d38.raw_data.json,UTC-0300,hriiVjEkYE,com.sec.android.app.shealth,2026-07-13 00:03:01.999,21679e01-f566-4c2d-8b2a-a817c30a4d38,
2026-07-13 00:03:01.999,,2026-07-13 00:22:32.376,2026-07-13 00:22:32.376,,,1.0,a0c472b9-bd1f-4fb3-802e-7448d827dfde.raw_data.json,UTC-0300,hriiVjEkYE,com.sec.android.app.shealth,2026-07-13 00:22:15.999,a0c472b9-bd1f-4fb3-802e-7448d827dfde,
2026-07-13 00:22:15.999,,2026-07-13 00:47:39.336,2026-07-13 00:47:39.336,,,1.0,f0798661-7a46-4b14-be20-6b8f7d60f51c.raw_data.json,UTC-0300,hriiVjEkYE,com.sec.android.app.shealth,2026-07-13 00:45:54.000,f0798661-7a46-4b14-be20-6b8f7d60f51c,
2026-07-13 03:00:00.215,,2026-07-13 15:51:09.008,2026-07-13 15:51:09.008,,,1.0,0c1af247-1946-4fe3-ac89-710d81085498.raw_data.json,UTC-0300,hriiVjEkYE,com.sec.android.app.shealth,2026-07-13 15:45:33.000,0c1af247-1946-4fe3-ac89-710d81085498,
2026-07-13 15:45:33.579,,2026-07-13 23:00:01.857,2026-07-13 23:00:01.857,,,1.0,f9d45deb-cb4a-4fad-91ed-36c99538cf5e.raw_data.json,UTC-0300,hriiVjEkYE,com.sec.android.app.shealth,2026-07-13 22:44:52.000,f9d45deb-cb4a-4fad-91ed-36c99538cf5e,
2026-07-15 00:33:33.752,,2026-07-15 01:20:04.517,2026-07-15 01:20:04.517,,,1.0,ae821c71-af3f-4317-b67c-ba7c01250116.raw_data.json,UTC-0300,hriiVjEkYE,com.sec.android.app.shealth,2026-07-15 01:19:33.001,ae821c71-af3f-4317-b67c-ba7c01250116,
2026-07-17 14:58:27.470,,2026-07-17 21:39:18.436,2026-07-17 21:39:18.436,,,1.0,132aee83-7743-4186-ae27-9f977a0ea11b.raw_data.json,UTC-0300,hriiVjEkYE,com.sec.android.app.shealth,2026-07-17 21:36:46.000,132aee83-7743-4186-ae27-9f977a0ea11b,
2026-07-17 21:36:46.000,,2026-07-17 23:11:46.637,2026-07-17 23:11:46.637,,,1.0,3ffd209c-9067-4389-bd62-765af070e120.raw_data.json,UTC-0300,hriiVjEkYE,com.sec.android.app.shealth,2026-07-17 23:07:15.000,3ffd209c-9067-4389-bd62-765af070e120,
2026-07-17 23:07:14.999,,2026-07-17 23:23:06.645,2026-07-17 23:23:06.477,,,3.0,a35d2efe-aa2d-471d-80b3-a5008377ac22.raw_data.json,UTC-0300,hriiVjEkYE,com.sec.android.app.shealth,2026-07-17 23:20:15.000,a35d2efe-aa2d-471d-80b3-a5008377ac22,
2026-07-18 03:00:00.297,,2026-07-18 20:19:24.433,2026-07-18 20:19:24.433,,,1.0,c61ffe2e-bff1-468b-9038-81d13f3619e4.raw_data.json,UTC-0300,hriiVjEkYE,com.sec.android.app.shealth,2026-07-18 20:01:31.999,c61ffe2e-bff1-468b-9038-81d13f3619e4,
2026-07-18 20:01:32.000,,2026-07-18 20:34:50.585,2026-07-18 20:34:50.585,,,1.0,f1ef1e7e-f41c-497a-9eb7-1718fea234ed.raw_data.json,UTC-0300,hriiVjEkYE,com.sec.android.app.shealth,2026-07-18 20:28:27.000,f1ef1e7e-f41c-497a-9eb7-1718fea234ed,
2026-07-18 20:28:27.000,,2026-07-18 21:32:14.818,2026-07-18 21:32:14.585,,,3.0,dbef6725-6bed-4d76-8fce-f8cc038f8dcf.raw_data.json,UTC-0300,hriiVjEkYE,com.sec.android.app.shealth,2026-07-18 21:31:55.999,dbef6725-6bed-4d76-8fce-f8cc038f8dcf,
2026-07-18 21:31:56.000,,2026-07-19 00:28:01.425,2026-07-19 00:28:01.425,,,1.0,a8ad86b6-b414-44b0-a1b1-808ebb3041ba.raw_data.json,UTC-0300,hriiVjEkYE,com.sec.android.app.shealth,2026-07-19 00:27:16.000,a8ad86b6-b414-44b0-a1b1-808ebb3041ba,
2026-07-19 00:27:16.000,,2026-07-19 00:50:49.390,2026-07-19 00:50:49.390,,,1.0,84248f78-9183-4ca4-b410-1899b7f6d9fd.raw_data.json,UTC-0300,hriiVjEkYE,com.sec.android.app.shealth,2026-07-19 00:40:32.001,84248f78-9183-4ca4-b410-1899b7f6d9fd,
2026-07-19 03:00:00.816,,2026-07-19 16:12:56.037,2026-07-19 16:12:56.037,,,1.0,22fdb351-9652-4e7d-b6bd-032813520ac8.raw_data.json,UTC-0300,hriiVjEkYE,com.sec.android.app.shealth,2026-07-19 16:11:43.001,22fdb351-9652-4e7d-b6bd-032813520ac8,
2026-07-19 16:11:43.000,,2026-07-19 19:29:57.242,2026-07-19 19:29:56.386,,,2.0,0a016e55-2907-491d-990d-0549dbc25db8.raw_data.json,UTC-0300,hriiVjEkYE,com.sec.android.app.shealth,2026-07-19 19:21:26.000,0a016e55-2907-491d-990d-0549dbc25db8,
2026-07-19 19:21:26.000,,2026-07-19 21:30:23.405,2026-07-19 21:08:24.524,,,2.0,5ce38037-aa65-4f4d-87e3-1ced467e82e4.raw_data.json,UTC-0300,hriiVjEkYE,com.sec.android.app.shealth,2026-07-19 21:08:22.001,5ce38037-aa65-4f4d-87e3-1ced467e82e4,
2026-07-22 03:00:01.184,,2026-07-22 11:45:44.428,2026-07-22 11:45:44.428,,,1.0,4cb99068-27c0-4f40-9994-266531aae632.raw_data.json,UTC-0300,hriiVjEkYE,com.sec.android.app.shealth,2026-07-22 11:44:58.000,4cb99068-27c0-4f40-9994-266531aae632,
2026-07-26 03:00:06.399,,2026-07-26 20:54:15.592,2026-07-26 20:54:15.592,,,1.0,885416a3-5c29-4d55-9e8f-b7b6e9874b7f.raw_data.json,UTC-0300,hriiVjEkYE,com.sec.android.app.shealth,2026-07-26 20:52:29.999,885416a3-5c29-4d55-9e8f-b7b6e9874b7f,
2026-07-26 20:52:29.999,,2026-07-27 00:34:05.940,2026-07-27 00:34:05.940,,,1.0,c07d789b-67b6-418d-8a7d-25aa29b24dbe.raw_data.json,UTC-0300,hriiVjEkYE,com.sec.android.app.shealth,2026-07-27 00:33:33.999,c07d789b-67b6-418d-8a7d-25aa29b24dbe,
2026-07-27 18:14:27.585,,2026-07-28 00:12:17.077,2026-07-28 00:12:17.077,,,1.0,0989eaaa-c668-4b3e-a04a-78733077974d.raw_data.json,UTC-0300,hriiVjEkYE,com.sec.android.app.shealth,2026-07-28 00:10:19.000,0989eaaa-c668-4b3e-a04a-78733077974d,
2026-07-28 03:00:00.217,,2026-07-28 11:32:06.613,2026-07-28 11:32:06.581,,,2.0,ada25e80-1504-4cde-bd97-b392a57df7c9.raw_data.json,UTC-0300,hriiVjEkYE,com.sec.android.app.shealth,2026-07-28 11:28:46.000,ada25e80-1504-4cde-bd97-b392a57df7c9,
2026-07-28 11:28:46.000,,2026-07-28 11:32:06.773,2026-07-28 11:32:06.672,,,2.0,6c2b5b6b-683b-4461-8ef6-affc9f02299c.raw_data.json,UTC-0300,hriiVjEkYE,com.sec.android.app.shealth,2026-07-28 11:30:52.000,6c2b5b6b-683b-4461-8ef6-affc9f02299c,
2026-07-28 11:30:51.999,,2026-07-28 12:58:15.601,2026-07-28 12:58:15.601,,,1.0,555d4b9c-9753-4e5a-ae92-b11de9d98c8f.raw_data.json,UTC-0300,hriiVjEkYE,com.sec.android.app.shealth,2026-07-28 12:57:22.999,555d4b9c-9753-4e5a-ae92-b11de9d98c8f,
2026-07-28 12:57:23.000,,2026-07-28 16:34:17.732,2026-07-28 16:34:17.732,,,1.0,c6ca7cbc-e638-4c10-9fee-47d0a2d926a9.raw_data.json,UTC-0300,hriiVjEkYE,com.sec.android.app.shealth,2026-07-28 16:30:44.000,c6ca7cbc-e638-4c10-9fee-47d0a2d926a9,
2026-07-28 16:30:44.000,,2026-07-28 16:34:17.933,2026-07-28 16:34:17.758,,,2.0,0332e86e-0654-4891-8c8f-0974e8ba518d.raw_data.json,UTC-0300,hriiVjEkYE,com.sec.android.app.shealth,2026-07-28 16:32:39.000,0332e86e-0654-4891-8c8f-0974e8ba518d,
2026-07-29 11:44:43.238,,2026-07-29 16:18:25.784,2026-07-29 16:18:25.715,,,2.0,a8556f32-0744-48ae-9757-f2eb30df5016.raw_data.json,UTC-0300,hriiVjEkYE,com.sec.android.app.shealth,2026-07-29 16:17:42.000,a8556f32-0744-48ae-9757-f2eb30df5016,
2026-07-29 16:17:41.999,,2026-07-29 22:05:06.472,2026-07-29 22:05:06.472,,,1.0,979b4fac-def3-44f5-a198-d77609cab780.raw_data.json,UTC-0300,hriiVjEkYE,com.sec.android.app.shealth,2026-07-29 22:04:06.999,979b4fac-def3-44f5-a198-d77609cab780,
2026-07-30 03:00:00.275,,2026-07-30 11:07:58.333,2026-07-30 11:07:58.333,,,1.0,704a20cc-9880-4adf-8483-4b4d10ac2e45.raw_data.json,UTC-0300,hriiVjEkYE,com.sec.android.app.shealth,2026-07-30 11:05:52.000,704a20cc-9880-4adf-8483-4b4d10ac2e45,
2026-07-30 11:05:52.000,,2026-07-30 11:38:04.362,2026-07-30 11:38:04.362,,,1.0,db9d36f4-5fa0-4dd2-8a09-d6135268e14d.raw_data.json,UTC-0300,hriiVjEkYE,com.sec.android.app.shealth,2026-07-30 11:32:34.000,db9d36f4-5fa0-4dd2-8a09-d6135268e14d,
2026-07-30 11:32:34.000,,2026-07-30 11:38:04.642,2026-07-30 11:38:04.459,,,2.0,b9fe1e65-401c-4c77-ac81-79c2b2446ea7.raw_data.json,UTC-0300,hriiVjEkYE,com.sec.android.app.shealth,2026-07-30 11:34:55.000,b9fe1e65-401c-4c77-ac81-79c2b2446ea7,
2026-07-30 11:34:55.815,,2026-07-30 16:38:51.380,2026-07-30 16:38:51.380,,,1.0,5df837ff-41b9-49eb-8c9a-c9327aa40417.raw_data.json,UTC-0300,hriiVjEkYE,com.sec.android.app.shealth,2026-07-30 16:37:15.000,5df837ff-41b9-49eb-8c9a-c9327aa40417,
2026-07-30 16:37:15.000,,2026-07-30 16:41:09.641,2026-07-30 16:39:52.355,,,2.0,42828f7d-0446-4a98-95c7-df6b268c1f50.raw_data.json,UTC-0300,hriiVjEkYE,com.sec.android.app.shealth,2026-07-30 16:39:49.000,42828f7d-0446-4a98-95c7-df6b268c1f50,
2026-07-30 16:39:49.000,,2026-07-30 20:23:29.452,2026-07-30 20:23:29.452,,,1.0,8a7518a6-87aa-44cc-96b9-a8b6eeeac994.raw_data.json,UTC-0300,hriiVjEkYE,com.sec.android.app.shealth,2026-07-30 20:08:35.000,8a7518a6-87aa-44cc-96b9-a8b6eeeac994,
2026-08-01 15:57:12.645,,2026-08-01 19:06:39.542,2026-08-01 19:06:39.542,,,1.0,978eb7dd-33d5-47a7-9537-e92f12d62489.raw_data.json,UTC-0300,hriiVjEkYE,com.sec.android.app.shealth,2026-08-01 18:51:08.000,978eb7dd-33d5-47a7-9537-e92f12d62489,
2026-08-02 03:00:00.175,,2026-08-02 07:17:26.432,2026-08-02 07:17:26.432,,,1.0,21613fe5-0b07-4783-8b6e-510c31d2037f.raw_data.json,UTC-0300,hriiVjEkYE,com.sec.android.app.shealth,2026-08-02 07:14:41.999,21613fe5-0b07-4783-8b6e-510c31d2037f,
2026-08-02 07:14:42.000,,2026-08-02 07:27:17.595,2026-08-02 07:27:17.407,,,2.0,9c5f2e04-85ea-4bba-a6bb-f82b4e3b4942.raw_data.json,UTC-0300,hriiVjEkYE,com.sec.android.app.shealth,2026-08-02 07:20:11.001,9c5f2e04-85ea-4bba-a6bb-f82b4e3b4942,
2026-08-05 03:00:00.324,,2026-08-05 11:54:57.332,2026-08-05 11:54:57.155,,,2.0,aa3212b5-46ab-408d-9fe9-f533120defb0.raw_data.json,UTC-0300,hriiVjEkYE,com.sec.android.app.shealth,2026-08-05 11:54:30.000,aa3212b5-46ab-408d-9fe9-f533120defb0,
2026-08-05 11:54:30.000,,2026-08-05 11:57:50.436,2026-08-05 11:57:50.333,,,2.0,dcc52408-9b00-4cc2-81cd-2b85f17d54a5.raw_data.json,UTC-0300,hriiVjEkYE,com.sec.android.app.shealth,2026-08-05 11:55:53.999,dcc52408-9b00-4cc2-81cd-2b85f17d54a5,
2026-08-05 11:55:54.000,,2026-08-05 12:00:10.349,2026-08-05 12:00:10.349,,,1.0,c231c660-8804-48c3-8a27-14e4aa2c34d3.raw_data.json,UTC-0300,hriiVjEkYE,com.sec.android.app.shealth,2026-08-05 11:59:17.000,c231c660-8804-48c3-8a27-14e4aa2c34d3,
2026-08-05 11:59:17.000,,2026-08-05 13:16:27.323,2026-08-05 13:16:27.323,,,1.0,e919f5bd-a05a-4b2e-b3dc-b06cf87c3571.raw_data.json,UTC-0300,hriiVjEkYE,com.sec.android.app.shealth,2026-08-05 13:15:53.000,e919f5bd-a05a-4b2e-b3dc-b06cf87c3571,
2026-08-05 13:15:53.000,,2026-08-05 16:38:04.859,2026-08-05 16:38:04.781,,,2.0,f25e6025-6bf8-4918-8403-0f2c17c2a9ee.raw_data.json,UTC-0300,hriiVjEkYE,com.sec.android.app.shealth,2026-08-05 16:34:33.001,f25e6025-6bf8-4918-8403-0f2c17c2a9ee,
2026-08-05 16:34:33.000,,2026-08-05 16:38:05.076,2026-08-05 16:38:04.956,,,2.0,7a8c2398-a581-43e7-aac2-85e2c650fe96.raw_data.json,UTC-0300,hriiVjEkYE,com.sec.android.app.shealth,2026-08-05 16:36:21.999,7a8c2398-a581-43e7-aac2-85e2c650fe96,
2026-08-06 03:00:00.117,,2026-08-06 11:50:26.526,2026-08-06 11:50:26.526,,,1.0,c477c42f-c4e7-41b4-9cbd-641a7732adc6.raw_data.json,UTC-0300,hriiVjEkYE,com.sec.android.app.shealth,2026-08-06 11:48:44.000,c477c42f-c4e7-41b4-9cbd-641a7732adc6,
2026-08-06 11:48:44.000,,2026-08-06 11:52:24.249,2026-08-06 11:50:26.693,,,2.0,11ade54a-f064-4014-b5d5-bdb255e5a955.raw_data.json,UTC-0300,hriiVjEkYE,com.sec.android.app.shealth,2026-08-06 11:50:49.999,11ade54a-f064-4014-b5d5-bdb255e5a955,
2026-08-06 11:50:50.000,,2026-08-06 16:26:51.467,2026-08-06 16:26:51.467,,,1.0,9710e345-934a-43d4-b477-270dfa6ca7c0.raw_data.json,UTC-0300,hriiVjEkYE,com.sec.android.app.shealth,2026-08-06 16:22:30.000,9710e345-934a-43d4-b477-270dfa6ca7c0,
2026-08-06 16:22:30.000,,2026-08-06 16:26:51.553,2026-08-06 16:26:51.553,,,1.0,266bd82c-e2f6-4974-b5cf-9601e20d3947.raw_data.json,UTC-0300,hriiVjEkYE,com.sec.android.app.shealth,2026-08-06 16:24:50.000,266bd82c-e2f6-4974-b5cf-9601e20d3947,
2026-08-07 03:00:04.790,,2026-08-08 00:04:49.609,2026-08-08 00:04:49.609,,,1.0,8ff67605-4553-460c-858b-8ddba10454f9.raw_data.json,UTC-0300,hriiVjEkYE,com.sec.android.app.shealth,2026-08-08 00:02:50.999,8ff67605-4553-460c-858b-8ddba10454f9,
2026-08-08 03:00:01.142,,2026-08-08 14:16:08.745,2026-08-08 14:16:08.745,,,1.0,ba45f68f-8cc4-4678-a503-57a656cc69cf.raw_data.json,UTC-0300,hriiVjEkYE,com.sec.android.app.shealth,2026-08-08 14:15:12.000,ba45f68f-8cc4-4678-a503-57a656cc69cf,
2026-08-11 03:00:00.170,,2026-08-11 11:55:38.727,2026-08-11 11:55:38.277,,,2.0,7ff52eff-3b1f-4548-81fe-14a4b5c11846.raw_data.json,UTC-0300,hriiVjEkYE,com.sec.android.app.shealth,2026-08-11 11:47:30.000,7ff52eff-3b1f-4548-81fe-14a4b5c11846,
2026-08-11 11:47:30.001,,2026-08-11 11:55:38.844,2026-08-11 11:55:38.775,,,2.0,7f7f4dfc-0e44-49e7-bab6-b8995af07bbf.raw_data.json,UTC-0300,hriiVjEkYE,com.sec.android.app.shealth,2026-08-11 11:49:43.000,7f7f4dfc-0e44-49e7-bab6-b8995af07bbf,
2026-08-12 03:00:00.438,,2026-08-12 11:56:43.758,2026-08-12 11:56:43.691,,,2.0,d804f560-f92f-4758-b8b9-58f76a2844e6.raw_data.json,UTC-0300,hriiVjEkYE,com.sec.android.app.shealth,2026-08-12 11:54:41.999,d804f560-f92f-4758-b8b9-58f76a2844e6,
2026-08-12 11:54:41.999,,2026-08-12 11:56:43.793,2026-08-12 11:56:43.793,,,1.0,65102760-fd10-4bfc-ab19-f8e706a86e35.raw_data.json,UTC-0300,hriiVjEkYE,com.sec.android.app.shealth,2026-08-12 11:55:50.999,65102760-fd10-4bfc-ab19-f8e706a86e35,
2026-08-12 11:55:51.000,,2026-08-12 11:57:35.409,2026-08-12 11:57:35.409,,,1.0,8d9759f2-94c7-42b1-b564-0bce98d9dbea.raw_data.json,UTC-0300,hriiVjEkYE,com.sec.android.app.shealth,2026-08-12 11:56:52.001,8d9759f2-94c7-42b1-b564-0bce98d9dbea,
2026-08-12 11:56:52.001,,2026-08-12 16:31:56.476,2026-08-12 16:31:56.476,,,1.0,1ff549f5-f000-41d6-a901-1c80f11d0644.raw_data.json,UTC-0300,hriiVjEkYE,com.sec.android.app.shealth,2026-08-12 16:28:44.000,1ff549f5-f000-41d6-a901-1c80f11d0644,
2026-08-12 16:28:43.999,,2026-08-12 16:31:56.601,2026-08-12 16:31:56.499,,,2.0,9f2435b8-a92f-403b-93ce-6b35609d3147.raw_data.json,UTC-0300,hriiVjEkYE,com.sec.android.app.shealth,2026-08-12 16:30:41.001,9f2435b8-a92f-403b-93ce-6b35609d3147,
2026-08-13 03:00:01.343,,2026-08-13 12:12:03.817,2026-08-13 12:12:03.662,,,2.0,f5f713e9-f388-4a3b-a791-c70a0d51f277.raw_data.json,UTC-0300,hriiVjEkYE,com.sec.android.app.shealth,2026-08-13 12:07:31.999,f5f713e9-f388-4a3b-a791-c70a0d51f277,
2026-08-13 12:07:32.000,,2026-08-13 12:12:04.018,2026-08-13 12:12:03.879,,,2.0,bb8dbccc-85b9-4ff9-9391-ebb266572cff.raw_data.json,UTC-0300,hriiVjEkYE,com.sec.android.app.shealth,2026-08-13 12:09:36.001,bb8dbccc-85b9-4ff9-9391-ebb266572cff,
2026-08-13 12:09:36.000,,2026-08-13 16:42:34.686,2026-08-13 16:42:34.686,,,1.0,48a785ea-c3cb-44e3-bcf9-0066b15cbce4.raw_data.json,UTC-0300,hriiVjEkYE,com.sec.android.app.shealth,2026-08-13 16:38:13.999,48a785ea-c3cb-44e3-bcf9-0066b15cbce4,
2026-08-13 16:38:14.000,,2026-08-13 16:42:35.119,2026-08-13 16:42:34.912,,,2.0,2628fa18-7c72-47ad-bf37-6a9b75e50039.raw_data.json,UTC-0300,hriiVjEkYE,com.sec.android.app.shealth,2026-08-13 16:40:18.000,2628fa18-7c72-47ad-bf37-6a9b75e50039,
2026-08-14 13:52:45.328,,2026-08-14 15:48:11.648,2026-08-14 15:48:11.648,,,1.0,77fdfdb1-1e96-4df8-ba9c-086b5fed53a0.raw_data.json,UTC-0300,hriiVjEkYE,com.sec.android.app.shealth,2026-08-14 15:44:11.000,77fdfdb1-1e96-4df8-ba9c-086b5fed53a0,
2026-08-14 15:44:11.000,,2026-08-14 16:39:41.618,2026-08-14 16:39:41.449,,,2.0,2a595d0a-f48e-4768-b7a0-a06c52c1f11d.raw_data.json,UTC-0300,hriiVjEkYE,com.sec.android.app.shealth,2026-08-14 16:38:49.000,2a595d0a-f48e-4768-b7a0-a06c52c1f11d,
2026-08-17 03:00:00.140,,2026-08-17 11:58:32.307,2026-08-17 11:55:08.456,,,2.0,d248a669-20e2-4956-8d89-f3f5f23477a7.raw_data.json,UTC-0300,hriiVjEkYE,com.sec.android.app.shealth,2026-08-17 11:55:21.000,d248a669-20e2-4956-8d89-f3f5f23477a7,
2026-08-17 11:55:21.000,,2026-08-17 11:58:32.348,2026-08-17 11:58:32.348,,,1.0,90368430-8e78-45de-b780-b7b9b98f9e4f.raw_data.json,UTC-0300,hriiVjEkYE,com.sec.android.app.shealth,2026-08-17 11:56:37.999,90368430-8e78-45de-b780-b7b9b98f9e4f,
2026-08-17 11:56:37.999,,2026-08-17 11:58:32.477,2026-08-17 11:58:32.477,,,1.0,29238693-8a2e-41d3-ab12-e368d90faa2a.raw_data.json,UTC-0300,hriiVjEkYE,com.sec.android.app.shealth,2026-08-17 11:57:43.999,29238693-8a2e-41d3-ab12-e368d90faa2a,
2026-08-17 11:57:44.000,,2026-08-17 15:33:02.612,2026-08-17 15:33:02.479,,,2.0,b7add84e-306e-4d39-9408-c61b37d077fe.raw_data.json,UTC-0300,hriiVjEkYE,com.sec.android.app.shealth,2026-08-17 15:31:50.001,b7add84e-306e-4d39-9408-c61b37d077fe,
2026-08-17 15:31:50.000,,2026-08-17 16:28:19.445,2026-08-17 16:28:19.445,,,1.0,134d657d-b093-46c1-a135-6976096d7929.raw_data.json,UTC-0300,hriiVjEkYE,com.sec.android.app.shealth,2026-08-17 16:26:55.000,134d657d-b093-46c1-a135-6976096d7929,
2026-08-17 16:26:55.000,,2026-08-17 16:29:25.519,2026-08-17 16:29:25.331,,,2.0,058c2a41-89e4-4989-bef0-24b30fa11c47.raw_data.json,UTC-0300,hriiVjEkYE,com.sec.android.app.shealth,2026-08-17 16:28:52.000,058c2a41-89e4-4989-bef0-24b30fa11c47,
2026-08-17 16:28:51.838,,2026-08-17 17:58:05.356,2026-08-17 17:58:05.356,,,1.0,ce6b2b19-725d-41e4-9e39-4fe5881df9d8.raw_data.json,UTC-0300,hriiVjEkYE,com.sec.android.app.shealth,2026-08-17 17:57:26.000,ce6b2b19-725d-41e4-9e39-4fe5881df9d8,
2026-08-17 17:57:26.000,,2026-08-17 19:09:29.545,2026-08-17 19:09:29.349,,,3.0,fff49050-fffb-4737-9c3e-073d8836ace1.raw_data.json,UTC-0300,hriiVjEkYE,com.sec.android.app.shealth,2026-08-17 19:07:37.000,fff49050-fffb-4737-9c3e-073d8836ace1,
2026-08-17 19:07:37.000,,2026-08-17 20:03:30.511,2026-08-17 20:03:30.511,,,1.0,75ede3be-2211-48ee-9f5c-dd13512f35cf.raw_data.json,UTC-0300,hriiVjEkYE,com.sec.android.app.shealth,2026-08-17 20:01:08.000,75ede3be-2211-48ee-9f5c-dd13512f35cf,
2026-08-19 03:00:00.141,,2026-08-19 11:49:22.579,2026-08-19 11:49:22.358,,,2.0,ffb017e4-1617-48e6-b901-fb00bd5e95cb.raw_data.json,UTC-0300,hriiVjEkYE,com.sec.android.app.shealth,2026-08-19 11:46:51.000,ffb017e4-1617-48e6-b901-fb00bd5e95cb,
2026-08-19 11:46:51.001,,2026-08-19 11:49:22.629,2026-08-19 11:49:22.629,,,1.0,3d776071-fc1c-47bf-b491-4021c15fa101.raw_data.json,UTC-0300,hriiVjEkYE,com.sec.android.app.shealth,2026-08-19 11:47:56.001,3d776071-fc1c-47bf-b491-4021c15fa101,
2026-08-19 11:47:56.001,,2026-08-19 16:39:28.645,2026-08-19 16:39:28.645,,,1.0,a937085d-edb7-4d17-adf8-d23945303c79.raw_data.json,UTC-0300,hriiVjEkYE,com.sec.android.app.shealth,2026-08-19 16:35:30.001,a937085d-edb7-4d17-adf8-d23945303c79,
2026-08-19 16:35:30.000,,2026-08-19 16:39:28.869,2026-08-19 16:39:28.869,,,1.0,9660f0be-2fec-485b-b135-33e745d9baf5.raw_data.json,UTC-0300,hriiVjEkYE,com.sec.android.app.shealth,2026-08-19 16:36:55.000,9660f0be-2fec-485b-b135-33e745d9baf5,
2026-08-20 03:00:07.411,,2026-08-20 12:06:03.657,2026-08-20 12:06:03.541,,,2.0,b9b4e97f-9742-4c44-ac61-3946e3ac4ac4.raw_data.json,UTC-0300,hriiVjEkYE,com.sec.android.app.shealth,2026-08-20 12:03:59.999,b9b4e97f-9742-4c44-ac61-3946e3ac4ac4,
2026-08-20 12:04:00.000,,2026-08-20 16:20:23.110,2026-08-20 16:20:23.110,,,1.0,9e5f01a2-d063-44a1-bb36-045afd20e405.raw_data.json,UTC-0300,hriiVjEkYE,com.sec.android.app.shealth,2026-08-20 16:17:32.001,9e5f01a2-d063-44a1-bb36-045afd20e405,
2026-08-20 16:17:32.001,,2026-08-20 16:20:23.162,2026-08-20 16:20:23.162,,,1.0,8843bdd8-420e-4647-8b53-1d8ae3ddc26a.raw_data.json,UTC-0300,hriiVjEkYE,com.sec.android.app.shealth,2026-08-20 16:19:13.000,8843bdd8-420e-4647-8b53-1d8ae3ddc26a,
2026-08-20 16:19:13.000,,2026-08-20 23:14:58.607,2026-08-20 23:14:58.607,,,1.0,c6cfe27c-69a9-4fb7-a23a-614e1a6d8d4f.raw_data.json,UTC-0300,hriiVjEkYE,com.sec.android.app.shealth,2026-08-20 23:14:28.000,c6cfe27c-69a9-4fb7-a23a-614e1a6d8d4f,
2026-08-24 03:00:00.121,,2026-08-24 11:54:01.594,2026-08-24 11:54:01.463,,,2.0,73b7be2c-0d5c-4fcf-ad3b-5a7531dd0163.raw_data.json,UTC-0300,hriiVjEkYE,com.sec.android.app.shealth,2026-08-24 11:49:06.000,73b7be2c-0d5c-4fcf-ad3b-5a7531dd0163,
2026-08-24 11:49:06.000,,2026-08-24 11:54:01.754,2026-08-24 11:54:01.623,,,3.0,13d5e59f-12f9-480e-9532-a176b4a98288.raw_data.json,UTC-0300,hriiVjEkYE,com.sec.android.app.shealth,2026-08-24 11:51:30.001,13d5e59f-12f9-480e-9532-a176b4a98288,
2026-08-24 11:51:30.001,,2026-08-24 12:08:48.359,2026-08-24 12:08:48.359,,,1.0,02279c01-13aa-4fca-b41b-e2704f3befe0.raw_data.json,UTC-0300,hriiVjEkYE,com.sec.android.app.shealth,2026-08-24 12:05:40.000,02279c01-13aa-4fca-b41b-e2704f3befe0,
2026-08-24 12:05:39.999,,2026-08-24 12:09:13.278,2026-08-24 12:09:13.278,,,1.0,a7695208-8f84-44ad-b7d4-2e623857a609.raw_data.json,UTC-0300,hriiVjEkYE,com.sec.android.app.shealth,2026-08-24 12:08:50.999,a7695208-8f84-44ad-b7d4-2e623857a609,
2026-08-24 12:08:51.000,,2026-08-24 12:28:29.633,2026-08-24 12:28:29.559,,,2.0,e667fed5-dfef-496d-ab9a-8a8738e02e3e.raw_data.json,UTC-0300,hriiVjEkYE,com.sec.android.app.shealth,2026-08-24 12:27:28.000,e667fed5-dfef-496d-ab9a-8a8738e02e3e,
2026-08-24 12:27:28.000,,2026-08-24 16:38:21.613,2026-08-24 16:38:21.544,,,2.0,5edf085f-9943-4206-9232-284b9fffb1dc.raw_data.json,UTC-0300,hriiVjEkYE,com.sec.android.app.shealth,2026-08-24 16:35:43.000,5edf085f-9943-4206-9232-284b9fffb1dc,
2026-08-24 16:35:43.001,,2026-08-24 16:38:21.741,2026-08-24 16:38:21.626,,,2.0,7c8f25cb-73e5-4818-a8b7-fae825ab84aa.raw_data.json,UTC-0300,hriiVjEkYE,com.sec.android.app.shealth,2026-08-24 16:37:25.000,7c8f25cb-73e5-4818-a8b7-fae825ab84aa,
2026-08-24 16:37:24.999,,2026-08-24 20:59:04.748,2026-08-24 20:59:04.648,,,2.0,9b495678-ac8b-490b-99b5-18b2ecc8c6dd.raw_data.json,UTC-0300,hriiVjEkYE,com.sec.android.app.shealth,2026-08-24 20:56:05.000,9b495678-ac8b-490b-99b5-18b2ecc8c6dd,
2026-08-24 20:56:05.000,,2026-08-24 20:59:04.776,2026-08-24 20:59:04.776,,,1.0,55a13cb2-b22e-436e-915c-1c3f224441b2.raw_data.json,UTC-0300,hriiVjEkYE,com.sec.android.app.shealth,2026-08-24 20:57:25.001,55a13cb2-b22e-436e-915c-1c3f224441b2,
2026-08-26 10:39:24.079,,2026-08-26 11:54:26.634,2026-08-26 11:54:26.503,,,2.0,fd9985c2-6f06-496d-a84d-920630db99e8.raw_data.json,UTC-0300,hriiVjEkYE,com.sec.android.app.shealth,2026-08-26 11:51:00.000,fd9985c2-6f06-496d-a84d-920630db99e8,
2026-08-26 11:51:00.001,,2026-08-26 11:54:26.876,2026-08-26 11:54:26.674,,,3.0,0361c6d9-5a90-4ab5-8c80-2f650da92980.raw_data.json,UTC-0300,hriiVjEkYE,com.sec.android.app.shealth,2026-08-26 11:53:04.999,0361c6d9-5a90-4ab5-8c80-2f650da92980,
2026-08-26 11:53:05.000,,2026-08-26 16:40:20.561,2026-08-26 16:40:20.561,,,1.0,2bca2233-da0e-4ea3-b13c-f1eea4a5ffc9.raw_data.json,UTC-0300,hriiVjEkYE,com.sec.android.app.shealth,2026-08-26 16:38:51.000,2bca2233-da0e-4ea3-b13c-f1eea4a5ffc9,
2026-08-26 16:38:50.999,,2026-08-26 16:43:16.324,2026-08-26 16:43:16.324,,,1.0,eed58d77-b166-4d21-b881-0ba0b4bcc95f.raw_data.json,UTC-0300,hriiVjEkYE,com.sec.android.app.shealth,2026-08-26 16:40:52.000,eed58d77-b166-4d21-b881-0ba0b4bcc95f,
2026-08-27 03:00:05.074,,2026-08-27 11:57:00.905,2026-08-27 11:57:00.801,,,2.0,372d2cba-51c3-45da-a7ed-c344451a9f83.raw_data.json,UTC-0300,hriiVjEkYE,com.sec.android.app.shealth,2026-08-27 11:53:12.000,372d2cba-51c3-45da-a7ed-c344451a9f83,
2026-08-27 11:53:12.000,,2026-08-27 11:57:01.322,2026-08-27 11:57:01.007,,,2.0,074a55d3-4a45-4011-926f-bafc74a00041.raw_data.json,UTC-0300,hriiVjEkYE,com.sec.android.app.shealth,2026-08-27 11:55:23.000,074a55d3-4a45-4011-926f-bafc74a00041,
2026-08-27 11:55:24.237,,2026-08-27 15:53:12.890,2026-08-27 15:53:12.890,,,1.0,ac692020-1607-4146-8a8c-2f73bd10451d.raw_data.json,UTC-0300,hriiVjEkYE,com.sec.android.app.shealth,2026-08-27 15:52:50.000,ac692020-1607-4146-8a8c-2f73bd10451d,
2026-08-27 15:52:50.000,,2026-08-27 15:55:23.842,2026-08-27 15:55:23.305,,,3.0,3b17cd8e-07ea-485b-95cf-90918be006a2.raw_data.json,UTC-0300,hriiVjEkYE,com.sec.android.app.shealth,2026-08-27 15:54:53.000,3b17cd8e-07ea-485b-95cf-90918be006a2,
2026-08-31 03:00:00.151,,2026-08-31 11:51:27.418,2026-08-31 11:51:27.418,,,1.0,6ce23596-9d8d-476b-a803-c20ef63ae50c.raw_data.json,UTC-0300,hriiVjEkYE,com.sec.android.app.shealth,2026-08-31 11:49:50.999,6ce23596-9d8d-476b-a803-c20ef63ae50c,
2026-08-31 11:49:50.999,,2026-08-31 11:54:34.072,2026-08-31 11:54:33.969,,,2.0,f0e7fce9-baa5-42e7-b91c-6663a7593fdd.raw_data.json,UTC-0300,hriiVjEkYE,com.sec.android.app.shealth,2026-08-31 11:52:09.000,f0e7fce9-baa5-42e7-b91c-6663a7593fdd,
2026-08-31 11:52:09.947,,2026-08-31 16:30:52.586,2026-08-31 16:30:52.586,,,1.0,c9fe24a7-7569-4174-8e19-71e085bc9496.raw_data.json,UTC-0300,hriiVjEkYE,com.sec.android.app.shealth,2026-08-31 16:29:58.000,c9fe24a7-7569-4174-8e19-71e085bc9496,
2026-09-01 20:41:08.477,,2026-09-01 20:55:19.557,2026-09-01 20:55:19.483,,,2.0,e76e674c-f1d9-473b-8b97-af447b32496d.raw_data.json,UTC-0300,hriiVjEkYE,com.sec.android.app.shealth,2026-09-01 20:53:02.001,e76e674c-f1d9-473b-8b97-af447b32496d,
2026-09-01 20:53:02.001,,2026-09-01 20:55:19.601,2026-09-01 20:55:19.601,,,1.0,8aa4df0b-1a51-42a4-85bd-cfa88a4481e5.raw_data.json,UTC-0300,hriiVjEkYE,com.sec.android.app.shealth,2026-09-01 20:54:15.000,8aa4df0b-1a51-42a4-85bd-cfa88a4481e5,
2026-09-02 03:00:00.883,,2026-09-02 11:54:06.689,2026-09-02 11:54:06.689,,,1.0,972e33bc-4134-4c85-9df0-bbd07aab1b0a.raw_data.json,UTC-0300,hriiVjEkYE,com.sec.android.app.shealth,2026-09-02 11:51:16.001,972e33bc-4134-4c85-9df0-bbd07aab1b0a,
2026-09-02 11:51:16.001,,2026-09-02 11:54:06.753,2026-09-02 11:54:06.753,,,1.0,b8cc03ee-1f87-4907-b81e-e286cae6b13b.raw_data.json,UTC-0300,hriiVjEkYE,com.sec.android.app.shealth,2026-09-02 11:52:18.000,b8cc03ee-1f87-4907-b81e-e286cae6b13b,
2026-09-02 11:52:17.999,,2026-09-02 11:54:06.847,2026-09-02 11:54:06.847,,,1.0,f1bdc7a5-95d6-4eb3-836a-b35f97d1fea7.raw_data.json,UTC-0300,hriiVjEkYE,com.sec.android.app.shealth,2026-09-02 11:53:32.999,f1bdc7a5-95d6-4eb3-836a-b35f97d1fea7,
2026-09-02 11:53:33.000,,2026-09-02 11:56:26.376,2026-09-02 11:56:26.376,,,1.0,76a07f0b-021e-458a-88f6-fc0494b8f275.raw_data.json,UTC-0300,hriiVjEkYE,com.sec.android.app.shealth,2026-09-02 11:54:37.001,76a07f0b-021e-458a-88f6-fc0494b8f275,
2026-09-02 11:54:37.000,,2026-09-02 14:10:23.684,2026-09-02 14:10:23.684,,,1.0,45f55d36-faf2-4db6-ba80-c5dc1ecfe08f.raw_data.json,UTC-0300,hriiVjEkYE,com.sec.android.app.shealth,2026-09-02 14:09:34.000,45f55d36-faf2-4db6-ba80-c5dc1ecfe08f,
2026-09-02 14:09:34.001,,2026-09-02 16:29:28.613,2026-09-02 16:29:28.613,,,1.0,0a4dcdd3-c575-4452-87bf-4e422a293c99.raw_data.json,UTC-0300,hriiVjEkYE,com.sec.android.app.shealth,2026-09-02 16:26:15.000,0a4dcdd3-c575-4452-87bf-4e422a293c99,
2026-09-02 16:26:14.999,,2026-09-02 16:30:52.826,2026-09-02 16:30:17.447,,,2.0,6a3263f0-3e14-4120-b01a-c0f23206f75a.raw_data.json,UTC-0300,hriiVjEkYE,com.sec.android.app.shealth,2026-09-02 16:30:15.000,6a3263f0-3e14-4120-b01a-c0f23206f75a,
2026-09-02 16:30:15.000,,2026-09-02 19:22:03.997,2026-09-02 19:22:03.935,,,2.0,ecadb32f-2f26-47c5-bf79-b32fcff2e061.raw_data.json,UTC-0300,hriiVjEkYE,com.sec.android.app.shealth,2026-09-02 19:20:29.000,ecadb32f-2f26-47c5-bf79-b32fcff2e061,
2026-09-04 03:00:00.225,,2026-09-04 16:47:25.723,2026-09-04 16:47:25.723,,,1.0,fc651167-00e0-4f06-92ad-5cc19075000c.raw_data.json,UTC-0300,hriiVjEkYE,com.sec.android.app.shealth,2026-09-04 16:47:09.999,fc651167-00e0-4f06-92ad-5cc19075000c,
2026-09-08 03:00:00.202,,2026-09-08 20:08:03.529,2026-09-08 20:08:03.529,,,1.0,3f0652da-535f-4cd6-ba88-2346dbe39abb.raw_data.json,UTC-0300,hriiVjEkYE,com.sec.android.app.shealth,2026-09-08 20:03:54.000,3f0652da-535f-4cd6-ba88-2346dbe39abb,
2026-09-08 20:03:54.001,,2026-09-08 23:40:57.431,2026-09-08 23:40:57.431,,,1.0,245b9f99-92a1-459c-860b-4328158a133b.raw_data.json,UTC-0300,hriiVjEkYE,com.sec.android.app.shealth,2026-09-08 23:35:17.001,245b9f99-92a1-459c-860b-4328158a133b,
2026-09-08 23:35:17.001,,2026-09-08 23:42:12.552,2026-09-08 23:42:12.552,,,1.0,486fb33b-b536-4ca4-8e86-9ad5545fa6d5.raw_data.json,UTC-0300,hriiVjEkYE,com.sec.android.app.shealth,2026-09-08 23:41:58.001,486fb33b-b536-4ca4-8e86-9ad5545fa6d5,
2026-09-10 03:00:00.119,,2026-09-10 11:57:29.586,2026-09-10 11:57:29.465,,,2.0,bc97c046-62c8-4cb3-8011-a3018dc68f33.raw_data.json,UTC-0300,hriiVjEkYE,com.sec.android.app.shealth,2026-09-10 11:56:04.000,bc97c046-62c8-4cb3-8011-a3018dc68f33,
2026-09-10 11:56:04.001,,2026-09-10 12:00:01.343,2026-09-10 12:00:01.343,,,1.0,49cae1fd-4522-454e-a738-51399b04d550.raw_data.json,UTC-0300,hriiVjEkYE,com.sec.android.app.shealth,2026-09-10 11:59:16.001,49cae1fd-4522-454e-a738-51399b04d550,
2026-09-10 11:59:16.000,,2026-09-10 20:51:11.835,2026-09-10 20:51:11.714,,,2.0,0c76aba8-165d-47b7-8fc4-2959625409e9.raw_data.json,UTC-0300,hriiVjEkYE,com.sec.android.app.shealth,2026-09-10 20:49:02.000,0c76aba8-165d-47b7-8fc4-2959625409e9,
2026-09-10 20:49:02.000,,2026-09-10 20:51:11.866,2026-09-10 20:51:11.866,,,1.0,3a3d31c2-2590-4b18-8a54-6ea345c627f3.raw_data.json,UTC-0300,hriiVjEkYE,com.sec.android.app.shealth,2026-09-10 20:50:15.001,3a3d31c2-2590-4b18-8a54-6ea345c627f3,
2026-09-13 03:00:01.141,,2026-09-13 03:17:55.409,2026-09-13 03:17:55.409,,,1.0,5665f3c7-21ea-4fb9-b145-c78db567cbe2.raw_data.json,UTC-0300,hriiVjEkYE,com.sec.android.app.shealth,2026-09-13 03:12:16.001,5665f3c7-21ea-4fb9-b145-c78db567cbe2,
2026-09-13 03:12:16.000,,2026-09-13 13:58:23.576,2026-09-13 13:58:23.576,,,1.0,c65ae81b-73df-496e-be02-a607a44ea1cb.raw_data.json,UTC-0300,hriiVjEkYE,com.sec.android.app.shealth,2026-09-13 13:57:13.999,c65ae81b-73df-496e-be02-a607a44ea1cb,
2026-09-13 13:57:13.999,,2026-09-13 17:16:45.589,2026-09-13 17:16:45.589,,,1.0,2b15426e-0de5-4e78-9fc7-2a21fb52a6ad.raw_data.json,UTC-0300,hriiVjEkYE,com.sec.android.app.shealth,2026-09-13 17:13:56.999,2b15426e-0de5-4e78-9fc7-2a21fb52a6ad,
2026-09-14 03:00:00.186,,2026-09-14 10:18:38.256,2026-09-14 10:18:38.256,,,1.0,5dddc66e-8928-4d4f-8017-f95fe001276d.raw_data.json,UTC-0300,hriiVjEkYE,com.sec.android.app.shealth,2026-09-14 10:18:16.000,5dddc66e-8928-4d4f-8017-f95fe001276d,
2026-09-14 10:18:16.000,,2026-09-14 11:36:51.548,2026-09-14 11:36:51.468,,,2.0,97eca255-a75d-4bac-b3cd-7e02ffcf2e7c.raw_data.json,UTC-0300,hriiVjEkYE,com.sec.android.app.shealth,2026-09-14 11:31:46.000,97eca255-a75d-4bac-b3cd-7e02ffcf2e7c,
2026-09-14 11:31:46.000,,2026-09-14 11:36:51.865,2026-09-14 11:36:51.689,,,3.0,fb8b89da-d8d7-42d9-97d0-a49b27247293.raw_data.json,UTC-0300,hriiVjEkYE,com.sec.android.app.shealth,2026-09-14 11:33:54.000,fb8b89da-d8d7-42d9-97d0-a49b27247293,
2026-09-14 11:33:54.000,,2026-09-14 16:25:13.698,2026-09-14 16:25:13.698,,,1.0,819a0cc1-4737-4929-87f6-98b683c54563.raw_data.json,UTC-0300,hriiVjEkYE,com.sec.android.app.shealth,2026-09-14 16:20:44.000,819a0cc1-4737-4929-87f6-98b683c54563,
2026-09-14 16:20:44.000,,2026-09-14 16:25:14.258,2026-09-14 16:25:14.042,,,2.0,d826ce9b-c93b-4f96-9ff7-71d669165083.raw_data.json,UTC-0300,hriiVjEkYE,com.sec.android.app.shealth,2026-09-14 16:22:44.000,d826ce9b-c93b-4f96-9ff7-71d669165083,
2026-09-14 16:22:44.000,,2026-09-14 19:40:56.309,2026-09-14 19:40:56.309,,,1.0,afcd0640-75d4-46da-b703-4a568f6107ae.raw_data.json,UTC-0300,hriiVjEkYE,com.sec.android.app.shealth,2026-09-14 19:21:50.000,afcd0640-75d4-46da-b703-4a568f6107ae,
2026-09-15 03:00:00.667,,2026-09-15 11:55:32.598,2026-09-15 11:55:32.598,,,1.0,ed330544-b962-42b7-a785-8a268c2d6bd0.raw_data.json,UTC-0300,hriiVjEkYE,com.sec.android.app.shealth,2026-09-15 11:50:25.999,ed330544-b962-42b7-a785-8a268c2d6bd0,
2026-09-15 11:50:25.999,,2026-09-15 11:55:32.651,2026-09-15 11:55:32.626,,,2.0,55fbd2b7-c86a-4562-b8f9-718c0c45a182.raw_data.json,UTC-0300,hriiVjEkYE,com.sec.android.app.shealth,2026-09-15 11:53:20.000,55fbd2b7-c86a-4562-b8f9-718c0c45a182,
2026-09-15 11:53:20.000,,2026-09-15 16:34:03.494,2026-09-15 16:34:03.494,,,1.0,5ad9f727-e62c-4fc4-b612-3909748860df.raw_data.json,UTC-0300,hriiVjEkYE,com.sec.android.app.shealth,2026-09-15 16:24:45.000,5ad9f727-e62c-4fc4-b612-3909748860df,
2026-09-15 16:24:45.000,,2026-09-15 16:34:03.709,2026-09-15 16:34:03.558,,,2.0,f822f5ee-9af6-4144-8f51-edec11688d84.raw_data.json,UTC-0300,hriiVjEkYE,com.sec.android.app.shealth,2026-09-15 16:26:35.000,f822f5ee-9af6-4144-8f51-edec11688d84,
2026-09-16 03:00:00.221,,2026-09-16 11:49:28.698,2026-09-16 11:48:06.394,,,2.0,d95c89fd-362e-4f31-a381-5c7b3e64dab1.raw_data.json,UTC-0300,hriiVjEkYE,com.sec.android.app.shealth,2026-09-16 11:48:12.001,d95c89fd-362e-4f31-a381-5c7b3e64dab1,
2026-09-16 11:48:12.000,,2026-09-16 11:50:41.480,2026-09-16 11:50:41.295,,,2.0,0a820248-e765-4816-b5d9-23626bbd6c13.raw_data.json,UTC-0300,hriiVjEkYE,com.sec.android.app.shealth,2026-09-16 11:50:22.000,0a820248-e765-4816-b5d9-23626bbd6c13,
2026-09-16 11:50:21.999,,2026-09-16 16:34:08.508,2026-09-16 16:34:08.508,,,1.0,bc47fae5-3e2e-44e7-8f5b-f33cf9f99543.raw_data.json,UTC-0300,hriiVjEkYE,com.sec.android.app.shealth,2026-09-16 16:31:29.999,bc47fae5-3e2e-44e7-8f5b-f33cf9f99543,
2026-09-16 16:31:30.000,,2026-09-16 16:34:08.717,2026-09-16 16:34:08.599,,,2.0,9f89f2eb-223d-4bc0-a455-496618052afc.raw_data.json,UTC-0300,hriiVjEkYE,com.sec.android.app.shealth,2026-09-16 16:33:21.000,9f89f2eb-223d-4bc0-a455-496618052afc,
2026-09-17 03:00:01.564,,2026-09-17 11:58:07.019,2026-09-17 11:58:06.873,,,2.0,215c6028-38bd-4196-a6d1-2ce28161ce87.raw_data.json,UTC-0300,hriiVjEkYE,com.sec.android.app.shealth,2026-09-17 11:55:16.001,215c6028-38bd-4196-a6d1-2ce28161ce87,
2026-09-17 11:55:16.000,,2026-09-17 11:58:07.271,2026-09-17 11:58:07.142,,,2.0,3da4f4cd-e339-47a3-899e-7476ed034f7f.raw_data.json,UTC-0300,hriiVjEkYE,com.sec.android.app.shealth,2026-09-17 11:57:20.000,3da4f4cd-e339-47a3-899e-7476ed034f7f,
2026-09-17 11:57:19.999,,2026-09-17 16:34:48.289,2026-09-17 16:34:48.289,,,1.0,88cfd8b9-49d1-4707-a91b-e758391a2378.raw_data.json,UTC-0300,hriiVjEkYE,com.sec.android.app.shealth,2026-09-17 16:30:39.999,88cfd8b9-49d1-4707-a91b-e758391a2378,
2026-09-17 16:30:40.000,,2026-09-17 16:34:48.733,2026-09-17 16:34:48.337,,,3.0,bab62b62-1493-40fc-84cf-9c850fddde29.raw_data.json,UTC-0300,hriiVjEkYE,com.sec.android.app.shealth,2026-09-17 16:33:12.000,bab62b62-1493-40fc-84cf-9c850fddde29,
2026-09-18 03:00:00.959,,2026-09-18 13:19:56.801,2026-09-18 13:19:56.801,,,1.0,ba80e094-0961-4395-ad84-62d8c02cc725.raw_data.json,UTC-0300,hriiVjEkYE,com.sec.android.app.shealth,2026-09-18 13:19:23.999,ba80e094-0961-4395-ad84-62d8c02cc725,
2026-09-18 13:19:24.000,,2026-09-18 16:27:26.354,2026-09-18 16:27:26.354,,,1.0,72fa2ad0-691d-4599-8ab8-72d71e945170.raw_data.json,UTC-0300,hriiVjEkYE,com.sec.android.app.shealth,2026-09-18 16:27:09.000,72fa2ad0-691d-4599-8ab8-72d71e945170,
2026-09-18 16:27:10.950,,2026-09-18 22:18:16.286,2026-09-18 22:18:16.286,,,1.0,e3c20a36-583e-4ab9-a5a5-425c9f994be4.raw_data.json,UTC-0300,hriiVjEkYE,com.sec.android.app.shealth,2026-09-18 22:17:51.000,e3c20a36-583e-4ab9-a5a5-425c9f994be4,
2026-09-18 22:17:51.000,,2026-09-18 22:31:38.273,2026-09-18 22:31:38.273,,,1.0,dac16cf7-d767-4386-a9f0-7ce3dc7d9792.raw_data.json,UTC-0300,hriiVjEkYE,com.sec.android.app.shealth,2026-09-18 22:31:21.000,dac16cf7-d767-4386-a9f0-7ce3dc7d9792,
2026-09-19 03:00:00.128,,2026-09-19 21:59:42.512,2026-09-19 21:59:42.512,,,1.0,c86770da-9917-452f-b8a5-598a87de77b9.raw_data.json,UTC-0300,hriiVjEkYE,com.sec.android.app.shealth,2026-09-19 21:59:10.001,c86770da-9917-452f-b8a5-598a87de77b9,
2026-09-20 03:00:00.272,,2026-09-20 14:44:48.243,2026-09-20 14:44:48.243,,,1.0,d8f40818-e936-4789-9da4-43c3fd991e5f.raw_data.json,UTC-0300,hriiVjEkYE,com.sec.android.app.shealth,2026-09-20 14:44:18.999,d8f40818-e936-4789-9da4-43c3fd991e5f,
2026-09-20 14:44:19.221,,2026-09-20 15:05:16.480,2026-09-20 15:05:16.480,,,1.0,98812fc4-607b-410c-a63a-ccf3294ddc0f.raw_data.json,UTC-0300,hriiVjEkYE,com.sec.android.app.shealth,2026-09-20 14:59:50.000,98812fc4-607b-410c-a63a-ccf3294ddc0f,
2026-09-20 14:59:50.000,,2026-09-20 15:05:16.646,2026-09-20 15:05:16.646,,,1.0,5dc04c50-8d04-4a7d-8b2a-166f3b0bacb6.raw_data.json,UTC-0300,hriiVjEkYE,com.sec.android.app.shealth,2026-09-20 15:03:20.000,5dc04c50-8d04-4a7d-8b2a-166f3b0bacb6,
2026-09-20 15:03:20.000,,2026-09-20 17:30:24.624,2026-09-20 17:30:24.624,,,1.0,b916d955-05a5-4f38-92fd-f7f3af3dc54b.raw_data.json,UTC-0300,hriiVjEkYE,com.sec.android.app.shealth,2026-09-20 16:38:59.000,b916d955-05a5-4f38-92fd-f7f3af3dc54b,
2026-09-20 16:38:59.000,,2026-09-20 19:55:24.457,2026-09-20 19:55:24.457,,,1.0,a7788757-09d6-406f-bdee-b8fc05009e06.raw_data.json,UTC-0300,hriiVjEkYE,com.sec.android.app.shealth,2026-09-20 19:46:18.000,a7788757-09d6-406f-bdee-b8fc05009e06,
