com.samsung.health.hrv,7006011,1
create_sh_ver,start_time,custom,binning_data,modify_sh_ver,update_time,create_time,time_offset,deviceuuid,comment,pkg_name,end_time,datauuid
62800471,2024-12-30 04:00:00.000,,aa1cb277-f8e4-495c-9e46-5dd490eb3cce.binning_data.json,62800471,2024-12-30 05:15:26.162,2024-12-30 05:15:26.162,UTC-0300,hriiVjEkYE,,com.sec.android.app.shealth,2024-12-30 05:00:00.000,aa1cb277-f8e4-495c-9e46-5dd490eb3cce,
62800471,2024-12-30 05:00:00.000,,f4cd5cb8-6297-4a5e-8959-44f6602d3dc7.binning_data.json,62800471,2024-12-30 06:16:20.642,2024-12-30 06:16:20.642,UTC-0300,hriiVjEkYE,,com.sec.android.app.shealth,2024-12-30 06:00:00.000,f4cd5cb8-6297-4a5e-8959-44f6602d3dc7,
62800471,2024-12-30 06:00:00.000,,fe361ad8-91ba-405e-94dd-1e1b20edcd45.binning_data.json,62800471,2024-12-30 07:15:00.476,2024-12-30 07:15:00.476,UTC-0300,hriiVjEkYE,,com.sec.android.app.shealth,2024-12-30 07:00:00.000,fe361ad8-91ba-405e-94dd-1e1b20edcd45,
62800471,2024-12-30 07:00:00.000,,a1927937-9904-432f-93de-cefc0a5aa37f.binning_data.json,62800471,2024-12-30 08:15:00.745,2024-12-30 08:15:00.745,UTC-0300,hriiVjEkYE,,com.sec.android.app.shealth,2024-12-30 08:00:00.000,a1927937-9904-432f-93de-cefc0a5aa37f,
62800471,2024-12-30 08:00:00.000,,582ef9ce-c120-4c66-91ef-cb3b22876b2b.binning_data.json,62800471,2024-12-30 09:17:17.665,2024-12-30 09:17:17.665,UTC-0300,hriiVjEkYE,,com.sec.android.app.shealth,2024-12-30 09:00:00.000,582ef9ce-c120-4c66-91ef-cb3b22876b2b,
62800471,2024-12-30 09:00:00.000,,c61710c9-7ca2-4c0b-b243-65d5f2f0ce23.binning_data.json,62800471,2024-12-30 10:12:19.181,2024-12-30 10:12:19.181,UTC-0300,hriiVjEkYE,,com.sec.android.app.shealth,2024-12-30 10:00:00.000,c61710c9-7ca2-4c0b-b243-65d5f2f0ce23,
62800471,2024-12-30 10:00:00.000,,f3676825-66ff-480c-a729-56d37e5c34d4.binning_data.json,62800471,2024-12-30 11:08:04.272,2024-12-30 11:08:04.272,UTC-0300,hriiVjEkYE,,com.sec.android.app.shealth,2024-12-30 11:00:00.000,f3676825-66ff-480c-a729-56d37e5c34d4,
62800471,2024-12-30 11:00:00.000,,20944a11-0021-479c-9599-21306dad6a2a.binning_data.json,62800471,2024-12-30 12:09:04.554,2024-12-30 12:09:04.554,UTC-0300,hriiVjEkYE,,com.sec.android.app.shealth,2024-12-30 12:00:00.000,20944a11-0021-479c-9599-21306dad6a2a,
62800471,2024-12-30 12:00:00.000,,bf442636-4a9e-4052-aed4-5eab8805decc.binning_data.json,62800471,2024-12-30 12:25:21.518,2024-12-30 12:25:21.518,UTC-0300,hriiVjEkYE,,com.sec.android.app.shealth,2024-12-30 12:25:21.431,bf442636-4a9e-4052-aed4-5eab8805decc,
62800471,2025-01-01 06:00:00.000,,64d39f21-de40-403a-bbcb-0e5e3541279c.binning_data.json,62800471,2025-01-01 07:08:06.655,2025-01-01 07:08:06.655,UTC-0300,hriiVjEkYE,,com.sec.android.app.shealth,2025-01-01 07:00:00.000,64d39f21-de40-403a-bbcb-0e5e3541279c,
62800471,2025-01-01 07:00:00.000,,a4040cff-9f98-4245-bcd4-db178937688f.binning_data.json,62800471,2025-01-01 08:16:30.361,2025-01-01 08:16:30.361,UTC-0300,hriiVjEkYE,,com.sec.android.app.shealth,2025-01-01 08:00:00.000,a4040cff-9f98-4245-bcd4-db178937688f,
62800471,2025-01-01 08:00:00.000,,3b9d5066-9530-4ae6-8d55-2ea3b1562120.binning_data.json,62800471,2025-01-01 09:17:46.322,2025-01-01 09:17:46.322,UTC-0300,hriiVjEkYE,,com.sec.android.app.shealth,2025-01-01 09:00:00.000,3b9d5066-9530-4ae6-8d55-2ea3b1562120,
62800471,2025-01-01 09:00:00.000,,861be303-0617-48fa-ace1-5ffbb84e2eeb.binning_data.json,62800471,2025-01-01 10:06:51.124,2025-01-01 10:06:51.124,UTC-0300,hriiVjEkYE,,com.sec.android.app.shealth,2025-01-01 10:00:00.000,861be303-0617-48fa-ace1-5ffbb84e2eeb,
62800471,2025-01-01 10:00:00.000,,b6b6262e-9cf8-4b81-bb58-ff56209679ae.binning_data.json,62800471,2025-01-01 11:15:00.971,2025-01-01 11:15:00.971,UTC-0300,hriiVjEkYE,,com.sec.android.app.shealth,2025-01-01 11:00:00.000,b6b6262e-9cf8-4b81-bb58-ff56209679ae,
62800471,2025-01-01 11:00:00.000,,bd269a41-f31e-4149-ba3b-6cbdffafe1af.binning_data.json,62800471,2025-01-01 12:16:29.319,2025-01-01 12:16:29.319,UTC-0300,hriiVjEkYE,,com.sec.android.app.shealth,2025-01-01 12:00:00.000,bd269a41-f31e-4149-ba3b-6cbdffafe1af,
62800471,2025-01-01 12:00:00.000,,4d8a8258-2315-4c29-890f-8abf3d978e45.binning_data.json,62800471,2025-01-01 13:13:32.629,2025-01-01 13:13:32.629,UTC-0300,hriiVjEkYE,,com.sec.android.app.shealth,2025-01-01 13:00:00.000,4d8a8258-2315-4c29-890f-8abf3d978e45,
62800471,2025-01-01 13:00:00.000,,47873c7f-56a0-401b-8298-d84b0b7ddba0.binning_data.json,62800471,2025-01-01 14:19:27.113,2025-01-01 14:19:27.113,UTC-0300,hriiVjEkYE,,com.sec.android.app.shealth,2025-01-01 14:00:00.000,47873c7f-56a0-401b-8298-d84b0b7ddba0,
62800471,2025-01-01 14:00:00.000,,f58d981b-2728-4a8e-b92e-e13b6dba869d.binning_data.json,62800471,2025-01-01 15:15:46.633,2025-01-01 15:15:46.633,UTC-0300,hriiVjEkYE,,com.sec.android.app.shealth,2025-01-01 15:00:00.000,f58d981b-2728-4a8e-b92e-e13b6dba869d,
62800471,2025-01-01 15:00:00.000,,03b29bac-9999-4c53-938b-67e6ad9b5756.binning_data.json,62800471,2025-01-01 15:41:57.446,2025-01-01 15:41:57.446,UTC-0300,hriiVjEkYE,,com.sec.android.app.shealth,2025-01-01 15:41:57.297,03b29bac-9999-4c53-938b-67e6ad9b5756,
62800471,2025-01-04 05:00:00.000,,f5867dee-ec47-431c-ba91-44508025f13e.binning_data.json,62800471,2025-01-04 06:15:49.849,2025-01-04 06:15:49.849,UTC-0300,hriiVjEkYE,,com.sec.android.app.shealth,2025-01-04 06:00:00.000,f5867dee-ec47-431c-ba91-44508025f13e,
62800471,2025-01-04 06:00:00.000,,9bf9f613-ce80-4c85-bf0f-1783386f6041.binning_data.json,62800471,2025-01-04 07:10:03.989,2025-01-04 07:10:03.989,UTC-0300,hriiVjEkYE,,com.sec.android.app.shealth,2025-01-04 07:00:00.000,9bf9f613-ce80-4c85-bf0f-1783386f6041,
62800471,2025-01-04 07:00:00.000,,b646f6b8-333d-466a-a4d1-336520ab8942.binning_data.json,62800471,2025-01-04 08:13:21.922,2025-01-04 08:13:21.922,UTC-0300,hriiVjEkYE,,com.sec.android.app.shealth,2025-01-04 08:00:00.000,b646f6b8-333d-466a-a4d1-336520ab8942,
62800471,2025-01-04 08:00:00.000,,dd3562ba-a006-4f4c-868c-3c36505f40b6.binning_data.json,62800471,2025-01-04 09:17:53.175,2025-01-04 09:17:53.175,UTC-0300,hriiVjEkYE,,com.sec.android.app.shealth,2025-01-04 09:00:00.000,dd3562ba-a006-4f4c-868c-3c36505f40b6,
62800471,2025-01-04 09:00:00.000,,332cb6b3-222c-4238-862c-3abde6635677.binning_data.json,62800471,2025-01-04 10:17:21.556,2025-01-04 10:17:21.556,UTC-0300,hriiVjEkYE,,com.sec.android.app.shealth,2025-01-04 10:00:00.000,332cb6b3-222c-4238-862c-3abde6635677,
62800471,2025-01-04 10:00:00.000,,18ae57b0-0a08-4406-b2df-932af25e96e4.binning_data.json,62800471,2025-01-04 11:06:14.186,2025-01-04 11:06:14.186,UTC-0300,hriiVjEkYE,,com.sec.android.app.shealth,2025-01-04 11:00:00.000,18ae57b0-0a08-4406-b2df-932af25e96e4,
62800471,2025-01-04 11:00:00.000,,b5644d84-5e76-47ae-8238-c4543234bbc7.binning_data.json,62800471,2025-01-04 12:18:54.322,2025-01-04 12:18:54.322,UTC-0300,hriiVjEkYE,,com.sec.android.app.shealth,2025-01-04 12:00:00.000,b5644d84-5e76-47ae-8238-c4543234bbc7,
62800471,2025-01-04 12:00:00.000,,5f1e2a8f-3d0c-4995-be0b-93c00258859c.binning_data.json,62800471,2025-01-04 13:12:04.547,2025-01-04 13:12:04.547,UTC-0300,hriiVjEkYE,,com.sec.android.app.shealth,2025-01-04 13:00:00.000,5f1e2a8f-3d0c-4995-be0b-93c00258859c,
62800471,2025-01-04 13:00:00.000,,351d2b69-23f7-4a1d-8e34-4d255291d70e.binning_data.json,62800471,2025-01-04 14:19:34.656,2025-01-04 14:19:34.656,UTC-0300,hriiVjEkYE,,com.sec.android.app.shealth,2025-01-04 14:00:00.000,351d2b69-23f7-4a1d-8e34-4d255291d70e,
62800471,2025-01-04 14:00:00.000,,6d80791a-87ce-4e7d-80ec-733ccc537644.binning_data.json,62800471,2025-01-04 14:36:42.908,2025-01-04 14:36:42.908,UTC-0300,hriiVjEkYE,,com.sec.android.app.shealth,2025-01-04 14:36:42.806,6d80791a-87ce-4e7d-80ec-733ccc537644,
62800471,2025-01-05 05:00:00.000,,603f1629-5f32-48bb-a764-9e571a24f693.binning_data.json,62800471,2025-01-05 06:18:19.239,2025-01-05 06:18:19.239,UTC-0300,hriiVjEkYE,,com.sec.android.app.shealth,2025-01-05 06:00:00.000,603f1629-5f32-48bb-a764-9e571a24f693,
62800471,2025-01-05 06:00:00.000,,5de106f4-576f-417b-9fe7-d49be9ac3c17.binning_data.json,62800471,2025-01-05 07:17:04.435,2025-01-05 07:17:04.435,UTC-0300,hriiVjEkYE,,com.sec.android.app.shealth,2025-01-05 07:00:00.000,5de106f4-576f-417b-9fe7-d49be9ac3c17,
62800471,2025-01-05 07:00:00.000,,80d070e4-7641-467e-92b2-b21a0bb4afb1.binning_data.json,62800471,2025-01-05 08:22:02.347,2025-01-05 08:22:02.347,UTC-0300,hriiVjEkYE,,com.sec.android.app.shealth,2025-01-05 08:00:00.000,80d070e4-7641-467e-92b2-b21a0bb4afb1,
62800471,2025-01-05 08:00:00.000,,e483003b-edb0-4fbc-b942-d79ba6ca408f.binning_data.json,62800471,2025-01-05 09:16:36.221,2025-01-05 09:16:36.221,UTC-0300,hriiVjEkYE,,com.sec.android.app.shealth,2025-01-05 09:00:00.000,e483003b-edb0-4fbc-b942-d79ba6ca408f,
62800471,2025-01-05 09:00:00.000,,209e4dbd-9ca8-42eb-82bd-9124fdadab38.binning_data.json,62800471,2025-01-05 10:15:00.443,2025-01-05 10:15:00.443,UTC-0300,hriiVjEkYE,,com.sec.android.app.shealth,2025-01-05 10:00:00.000,209e4dbd-9ca8-42eb-82bd-9124fdadab38,
62800471,2025-01-05 10:00:00.000,,c0c10e13-2b02-4286-a12e-9523b6531882.binning_data.json,62800471,2025-01-05 11:15:08.565,2025-01-05 11:15:08.565,UTC-0300,hriiVjEkYE,,com.sec.android.app.shealth,2025-01-05 11:00:00.000,c0c10e13-2b02-4286-a12e-9523b6531882,
62800471,2025-01-05 11:00:00.000,,cb07670b-6429-46ef-934a-046971fbce42.binning_data.json,62800471,2025-01-05 12:15:05.233,2025-01-05 12:15:05.233,UTC-0300,hriiVjEkYE,,com.sec.android.app.shealth,2025-01-05 12:00:00.000,cb07670b-6429-46ef-934a-046971fbce42,
62800471,2025-01-05 12:00:00.000,,744f0d5d-9b9e-4aee-a3d9-c85cd9205043.binning_data.json,62800471,2025-01-05 13:18:46.125,2025-01-05 13:18:46.125,UTC-0300,hriiVjEkYE,,com.sec.android.app.shealth,2025-01-05 13:00:00.000,744f0d5d-9b9e-4aee-a3d9-c85cd9205043,
62800471,2025-01-05 13:00:00.000,,6ffa26d3-2fc0-4f0f-b41a-ce37ef6ab195.binning_data.json,62800471,2025-01-05 14:17:57.897,2025-01-05 14:17:57.897,UTC-0300,hriiVjEkYE,,com.sec.android.app.shealth,2025-01-05 14:00:00.000,6ffa26d3-2fc0-4f0f-b41a-ce37ef6ab195,
62800471,2025-01-05 14:00:00.000,,ec624340-fe0c-4bd5-8b64-a1265fb5f9ca.binning_data.json,62800471,2025-01-05 15:05:25.906,2025-01-05 15:05:25.906,UTC-0300,hriiVjEkYE,,com.sec.android.app.shealth,2025-01-05 15:00:00.000,ec624340-fe0c-4bd5-8b64-a1265fb5f9ca,
62800471,2025-01-05 15:00:00.000,,7cc413da-2cd7-44aa-a5d4-c382f39f3dda.binning_data.json,62800471,2025-01-05 15:20:03.571,2025-01-05 15:20:03.571,UTC-0300,hriiVjEkYE,,com.sec.android.app.shealth,2025-01-05 15:20:03.425,7cc413da-2cd7-44aa-a5d4-c382f39f3dda,
62800471,2025-01-07 03:00:00.000,,6bbaa0f0-a7e0-47a7-8461-e724fed9f9ef.binning_data.json,62800471,2025-01-07 04:18:32.184,2025-01-07 04:18:32.184,UTC-0300,hriiVjEkYE,,com.sec.android.app.shealth,2025-01-07 04:00:00.000,6bbaa0f0-a7e0-47a7-8461-e724fed9f9ef,
62800471,2025-01-07 04:00:00.000,,6149a355-9458-4b43-990d-b3b2d365fc0f.binning_data.json,62800471,2025-01-07 05:20:51.545,2025-01-07 05:20:51.545,UTC-0300,hriiVjEkYE,,com.sec.android.app.shealth,2025-01-07 05:00:00.000,6149a355-9458-4b43-990d-b3b2d365fc0f,
62800471,2025-01-07 05:00:00.000,,edf03fb3-4631-4432-af37-7791df4090c2.binning_data.json,62800471,2025-01-07 06:19:12.850,2025-01-07 06:19:12.850,UTC-0300,hriiVjEkYE,,com.sec.android.app.shealth,2025-01-07 06:00:00.000,edf03fb3-4631-4432-af37-7791df4090c2,
62800471,2025-01-07 06:00:00.000,,0f62a743-a61a-458d-bd77-bcd379784c8b.binning_data.json,62800471,2025-01-07 07:19:33.060,2025-01-07 07:19:33.060,UTC-0300,hriiVjEkYE,,com.sec.android.app.shealth,2025-01-07 07:00:00.000,0f62a743-a61a-458d-bd77-bcd379784c8b,
62800471,2025-01-07 07:00:00.000,,3ab21e78-6594-46a2-8e41-2b96ac474e94.binning_data.json,62800471,2025-01-07 08:15:01.139,2025-01-07 08:15:01.139,UTC-0300,hriiVjEkYE,,com.sec.android.app.shealth,2025-01-07 08:00:00.000,3ab21e78-6594-46a2-8e41-2b96ac474e94,
62800471,2025-01-07 08:00:00.000,,03001172-6362-4d24-a715-d5190fea8cd5.binning_data.json,62800471,2025-01-07 09:17:56.932,2025-01-07 09:17:56.932,UTC-0300,hriiVjEkYE,,com.sec.android.app.shealth,2025-01-07 09:00:00.000,03001172-6362-4d24-a715-d5190fea8cd5,
62800471,2025-01-07 09:00:00.000,,90110b16-fc89-48fb-9c36-546f63f90a71.binning_data.json,62800471,2025-01-07 10:15:00.452,2025-01-07 10:15:00.452,UTC-0300,hriiVjEkYE,,com.sec.android.app.shealth,2025-01-07 10:00:00.000,90110b16-fc89-48fb-9c36-546f63f90a71,
62800471,2025-01-07 10:00:00.000,,dcc56636-810a-4b4b-a15a-655b1b795a9e.binning_data.json,62800471,2025-01-07 11:06:51.664,2025-01-07 11:06:51.526,UTC-0300,hriiVjEkYE,,com.sec.android.app.shealth,2025-01-07 11:00:00.000,dcc56636-810a-4b4b-a15a-655b1b795a9e,
62800471,2025-01-09 04:00:00.000,,26be8fbe-8566-42b2-bd6c-d296c50cf500.binning_data.json,62800471,2025-01-09 05:18:50.190,2025-01-09 05:18:50.190,UTC-0300,hriiVjEkYE,,com.sec.android.app.shealth,2025-01-09 05:00:00.000,26be8fbe-8566-42b2-bd6c-d296c50cf500,
62800471,2025-01-09 05:00:00.000,,40c45962-2932-4394-bfb2-2c6f8565c7bb.binning_data.json,62800471,2025-01-09 06:16:22.521,2025-01-09 06:16:22.521,UTC-0300,hriiVjEkYE,,com.sec.android.app.shealth,2025-01-09 06:00:00.000,40c45962-2932-4394-bfb2-2c6f8565c7bb,
62800471,2025-01-09 06:00:00.000,,08757e58-19ba-4f38-a5ab-f69b8d13b8fc.binning_data.json,62800471,2025-01-09 07:19:30.580,2025-01-09 07:19:30.580,UTC-0300,hriiVjEkYE,,com.sec.android.app.shealth,2025-01-09 07:00:00.000,08757e58-19ba-4f38-a5ab-f69b8d13b8fc,
62800471,2025-01-09 07:00:00.000,,dcdd54a4-4201-4038-bc07-5572b709bab1.binning_data.json,62800471,2025-01-09 08:19:50.917,2025-01-09 08:19:50.917,UTC-0300,hriiVjEkYE,,com.sec.android.app.shealth,2025-01-09 08:00:00.000,dcdd54a4-4201-4038-bc07-5572b709bab1,
62800471,2025-01-09 08:00:00.000,,a5a246e1-13da-41ce-8104-81d0f28abf0d.binning_data.json,62800471,2025-01-09 09:15:09.607,2025-01-09 09:15:09.607,UTC-0300,hriiVjEkYE,,com.sec.android.app.shealth,2025-01-09 09:00:00.000,a5a246e1-13da-41ce-8104-81d0f28abf0d,
62800471,2025-01-09 09:00:00.000,,54ea6bed-c435-4dd1-9d4c-ca6825468c80.binning_data.json,62800471,2025-01-09 10:07:30.185,2025-01-09 10:07:30.185,UTC-0300,hriiVjEkYE,,com.sec.android.app.shealth,2025-01-09 10:00:00.000,54ea6bed-c435-4dd1-9d4c-ca6825468c80,
62800471,2025-01-09 10:00:00.000,,03dbad27-5f75-41a7-a059-c4cf17bce730.binning_data.json,62800471,2025-01-09 10:08:29.946,2025-01-09 10:08:29.946,UTC-0300,hriiVjEkYE,,com.sec.android.app.shealth,2025-01-09 10:08:29.866,03dbad27-5f75-41a7-a059-c4cf17bce730,
62800471,2025-01-10 04:00:00.000,,a6be912a-959e-4092-a735-a0ba1e6c70e2.binning_data.json,62800471,2025-01-10 05:18:42.435,2025-01-10 05:18:42.435,UTC-0300,hriiVjEkYE,,com.sec.android.app.shealth,2025-01-10 05:00:00.000,a6be912a-959e-4092-a735-a0ba1e6c70e2,
62800471,2025-01-10 05:00:00.000,,bfa05ca5-beb4-4cac-af05-ccc65456a329.binning_data.json,62800471,2025-01-10 06:15:14.783,2025-01-10 06:15:14.783,UTC-0300,hriiVjEkYE,,com.sec.android.app.shealth,2025-01-10 06:00:00.000,bfa05ca5-beb4-4cac-af05-ccc65456a329,
62800471,2025-01-10 06:00:00.000,,24961b45-f473-4c3b-9015-a5807d45b8e8.binning_data.json,62800471,2025-01-10 07:07:30.868,2025-01-10 07:07:30.868,UTC-0300,hriiVjEkYE,,com.sec.android.app.shealth,2025-01-10 07:00:00.000,24961b45-f473-4c3b-9015-a5807d45b8e8,
62800471,2025-01-10 07:00:00.000,,4e563dde-6974-4c1f-a2e1-c6e5807cdb00.binning_data.json,62800471,2025-01-10 08:15:07.739,2025-01-10 08:15:07.739,UTC-0300,hriiVjEkYE,,com.sec.android.app.shealth,2025-01-10 08:00:00.000,4e563dde-6974-4c1f-a2e1-c6e5807cdb00,
62800471,2025-01-10 08:00:00.000,,93b7c4ce-5390-4589-ad29-20dbe2a00804.binning_data.json,62800471,2025-01-10 09:15:28.066,2025-01-10 09:15:28.066,UTC-0300,hriiVjEkYE,,com.sec.android.app.shealth,2025-01-10 09:00:00.000,93b7c4ce-5390-4589-ad29-20dbe2a00804,
62800471,2025-01-10 09:00:00.000,,ac66baa0-47f6-480d-a547-315235c4aef0.binning_data.json,62800471,2025-01-10 10:12:13.975,2025-01-10 10:12:13.975,UTC-0300,hriiVjEkYE,,com.sec.android.app.shealth,2025-01-10 10:00:00.000,ac66baa0-47f6-480d-a547-315235c4aef0,
62800471,2025-01-10 10:00:00.000,,49a5411a-52dd-4c4a-b001-be9949477269.binning_data.json,62800471,2025-01-10 10:40:46.968,2025-01-10 10:40:46.968,UTC-0300,hriiVjEkYE,,com.sec.android.app.shealth,2025-01-10 10:40:46.840,49a5411a-52dd-4c4a-b001-be9949477269,
62800471,2025-01-12 00:00:00.000,,4ba18bfd-db15-414b-adf4-d10be64991e4.binning_data.json,62800471,2025-01-12 01:15:01.163,2025-01-12 01:15:01.163,UTC-0300,hriiVjEkYE,,com.sec.android.app.shealth,2025-01-12 01:00:00.000,4ba18bfd-db15-414b-adf4-d10be64991e4,
62800471,2025-01-12 01:00:00.000,,4a23e6de-ed75-4c89-82b4-c9436fde9fc0.binning_data.json,62800471,2025-01-12 02:17:12.501,2025-01-12 02:17:12.501,UTC-0300,hriiVjEkYE,,com.sec.android.app.shealth,2025-01-12 02:00:00.000,4a23e6de-ed75-4c89-82b4-c9436fde9fc0,
62800471,2025-01-12 02:00:00.000,,05e79e91-bf30-44f3-a7ed-998a2a972ec3.binning_data.json,62800471,2025-01-12 02:32:18.312,2025-01-12 02:32:18.312,UTC-0300,hriiVjEkYE,,com.sec.android.app.shealth,2025-01-12 02:32:18.116,05e79e91-bf30-44f3-a7ed-998a2a972ec3,
62800471,2025-01-12 06:00:00.000,,22958f0f-f273-4151-bf45-61deadf33dc6.binning_data.json,62800471,2025-01-12 07:16:44.154,2025-01-12 07:16:44.154,UTC-0300,hriiVjEkYE,,com.sec.android.app.shealth,2025-01-12 07:00:00.000,22958f0f-f273-4151-bf45-61deadf33dc6,
62800471,2025-01-12 07:00:00.000,,b39b02b2-5a70-4fcf-9550-297f526c0a76.binning_data.json,62800471,2025-01-12 08:06:43.584,2025-01-12 08:06:43.584,UTC-0300,hriiVjEkYE,,com.sec.android.app.shealth,2025-01-12 08:00:00.000,b39b02b2-5a70-4fcf-9550-297f526c0a76,
62800471,2025-01-12 08:00:00.000,,6ef7cb9d-f941-4a13-b0f4-68ee0a25c7be.binning_data.json,62800471,2025-01-12 09:15:00.823,2025-01-12 09:15:00.823,UTC-0300,hriiVjEkYE,,com.sec.android.app.shealth,2025-01-12 09:00:00.000,6ef7cb9d-f941-4a13-b0f4-68ee0a25c7be,
62800471,2025-01-12 09:00:00.000,,86d7a400-e4cf-4bb0-ae0b-b5b0e87168f1.binning_data.json,62800471,2025-01-12 10:15:00.549,2025-01-12 10:15:00.549,UTC-0300,hriiVjEkYE,,com.sec.android.app.shealth,2025-01-12 10:00:00.000,86d7a400-e4cf-4bb0-ae0b-b5b0e87168f1,
62800471,2025-01-12 10:00:00.000,,781bf271-3395-4968-b759-e65a0a2ef723.binning_data.json,62800471,2025-01-12 11:18:00.017,2025-01-12 11:18:00.017,UTC-0300,hriiVjEkYE,,com.sec.android.app.shealth,2025-01-12 11:00:00.000,781bf271-3395-4968-b759-e65a0a2ef723,
62800471,2025-01-12 11:00:00.000,,c445a6a6-e4f5-47a0-865a-32a2bc8b4681.binning_data.json,62800471,2025-01-12 12:15:48.584,2025-01-12 12:15:48.584,UTC-0300,hriiVjEkYE,,com.sec.android.app.shealth,2025-01-12 12:00:00.000,c445a6a6-e4f5-47a0-865a-32a2bc8b4681,
62800471,2025-01-12 12:00:00.000,,6f259f81-d353-443d-89d8-9a2c3334b5c7.binning_data.json,62800471,2025-01-12 13:12:41.130,2025-01-12 13:12:41.130,UTC-0300,hriiVjEkYE,,com.sec.android.app.shealth,2025-01-12 13:00:00.000,6f259f81-d353-443d-89d8-9a2c3334b5c7,
62800471,2025-01-12 13:00:00.000,,cf5c5f48-6292-4247-aade-3ae1b351a593.binning_data.json,62800471,2025-01-12 14:15:17.050,2025-01-12 14:15:17.050,UTC-0300,hriiVjEkYE,,com.sec.android.app.shealth,2025-01-12 14:00:00.000,cf5c5f48-6292-4247-aade-3ae1b351a593,
62800471,2025-01-12 14:00:00.000,,218e5f5e-61d8-4549-be9b-ae0d2e44a5d2.binning_data.json,62800471,2025-01-12 15:01:10.696,2025-01-12 15:01:10.696,UTC-0300,hriiVjEkYE,,com.sec.android.app.shealth,2025-01-12 15:00:00.000,218e5f5e-61d8-4549-be9b-ae0d2e44a5d2,
62800471,2025-01-13 04:00:00.000,,f591e76c-6c75-43e2-aa87-4c52718a5430.binning_data.json,62800471,2025-01-13 05:18:42.441,2025-01-13 05:18:42.441,UTC-0300,hriiVjEkYE,,com.sec.android.app.shealth,2025-01-13 05:00:00.000,f591e76c-6c75-43e2-aa87-4c52718a5430,
62800471,2025-01-13 05:00:00.000,,949b2c8b-640b-47da-bd7a-2544aad29734.binning_data.json,62800471,2025-01-13 06:12:16.334,2025-01-13 06:12:16.334,UTC-0300,hriiVjEkYE,,com.sec.android.app.shealth,2025-01-13 06:00:00.000,949b2c8b-640b-47da-bd7a-2544aad29734,
62800471,2025-01-13 06:00:00.000,,d5ca9658-b81e-4851-8e8d-ad2d2764e98a.binning_data.json,62800471,2025-01-13 07:19:12.118,2025-01-13 07:19:12.118,UTC-0300,hriiVjEkYE,,com.sec.android.app.shealth,2025-01-13 07:00:00.000,d5ca9658-b81e-4851-8e8d-ad2d2764e98a,
62800471,2025-01-13 07:00:00.000,,d62bd4ff-953e-4a30-9255-7a8812427d3d.binning_data.json,62800471,2025-01-13 08:16:24.125,2025-01-13 08:16:24.125,UTC-0300,hriiVjEkYE,,com.sec.android.app.shealth,2025-01-13 08:00:00.000,d62bd4ff-953e-4a30-9255-7a8812427d3d,
62800471,2025-01-13 08:00:00.000,,1b8c00ab-87ae-4b50-936b-70943e972413.binning_data.json,62800471,2025-01-13 09:09:25.206,2025-01-13 09:09:25.206,UTC-0300,hriiVjEkYE,,com.sec.android.app.shealth,2025-01-13 09:00:00.000,1b8c00ab-87ae-4b50-936b-70943e972413,
62800471,2025-01-14 04:00:00.000,,06844422-6b98-446e-9bca-402623ebeeb8.binning_data.json,62800471,2025-01-14 05:15:57.183,2025-01-14 05:15:57.183,UTC-0300,hriiVjEkYE,,com.sec.android.app.shealth,2025-01-14 05:00:00.000,06844422-6b98-446e-9bca-402623ebeeb8,
62800471,2025-01-14 05:00:00.000,,2b01f52c-fc8b-41d4-9717-c4ab16cc1a57.binning_data.json,62800471,2025-01-14 06:16:17.273,2025-01-14 06:16:17.273,UTC-0300,hriiVjEkYE,,com.sec.android.app.shealth,2025-01-14 06:00:00.000,2b01f52c-fc8b-41d4-9717-c4ab16cc1a57,
62800471,2025-01-14 06:00:00.000,,eb3a0f12-9ae2-4a63-896c-62970786518a.binning_data.json,62800471,2025-01-14 07:16:37.353,2025-01-14 07:16:37.353,UTC-0300,hriiVjEkYE,,com.sec.android.app.shealth,2025-01-14 07:00:00.000,eb3a0f12-9ae2-4a63-896c-62970786518a,
62800471,2025-01-14 07:00:00.000,,7cf3e62d-a559-49d0-865b-5af59634cab7.binning_data.json,62800471,2025-01-14 08:14:59.482,2025-01-14 08:14:59.482,UTC-0300,hriiVjEkYE,,com.sec.android.app.shealth,2025-01-14 08:00:00.000,7cf3e62d-a559-49d0-865b-5af59634cab7,
62800471,2025-01-14 08:00:00.000,,2555f93d-22e3-4bb1-821c-fb5f6f143b9e.binning_data.json,62800471,2025-01-14 09:14:59.601,2025-01-14 09:14:59.601,UTC-0300,hriiVjEkYE,,com.sec.android.app.shealth,2025-01-14 09:00:00.000,2555f93d-22e3-4bb1-821c-fb5f6f143b9e,
62800471,2025-01-14 09:00:00.000,,d564209d-6b2f-4987-ae49-69d02433d96a.binning_data.json,62800471,2025-01-14 10:04:35.123,2025-01-14 10:04:35.123,UTC-0300,hriiVjEkYE,,com.sec.android.app.shealth,2025-01-14 10:00:00.000,d564209d-6b2f-4987-ae49-69d02433d96a,
62800471,2025-01-15 04:00:00.000,,4ff93235-335f-4894-a819-0aeacb32a537.binning_data.json,62800471,2025-01-15 05:15:00.361,2025-01-15 05:15:00.361,UTC-0300,hriiVjEkYE,,com.sec.android.app.shealth,2025-01-15 05:00:00.000,4ff93235-335f-4894-a819-0aeacb32a537,
62800471,2025-01-15 05:00:00.000,,8869813a-4458-403d-8124-253c9c366c67.binning_data.json,62800471,2025-01-15 06:18:21.697,2025-01-15 06:18:21.697,UTC-0300,hriiVjEkYE,,com.sec.android.app.shealth,2025-01-15 06:00:00.000,8869813a-4458-403d-8124-253c9c366c67,
62800471,2025-01-15 06:00:00.000,,034c53d2-d572-4cef-b07f-6ef00a4125d8.binning_data.json,62800471,2025-01-15 07:17:46.334,2025-01-15 07:17:46.334,UTC-0300,hriiVjEkYE,,com.sec.android.app.shealth,2025-01-15 07:00:00.000,034c53d2-d572-4cef-b07f-6ef00a4125d8,
62800471,2025-01-15 07:00:00.000,,cd3c9657-0143-4611-9d2d-39e26b76f092.binning_data.json,62800471,2025-01-15 08:16:18.210,2025-01-15 08:16:18.210,UTC-0300,hriiVjEkYE,,com.sec.android.app.shealth,2025-01-15 08:00:00.000,cd3c9657-0143-4611-9d2d-39e26b76f092,
62800471,2025-01-15 08:00:00.000,,b47ba3b1-9c4e-4c93-bcbd-d0f32550e93d.binning_data.json,62800471,2025-01-15 09:15:55.221,2025-01-15 09:15:55.221,UTC-0300,hriiVjEkYE,,com.sec.android.app.shealth,2025-01-15 09:00:00.000,b47ba3b1-9c4e-4c93-bcbd-d0f32550e93d,
62800471,2025-01-15 09:00:00.000,,a532ef57-e62f-4a31-a4b1-7b0d1ad06248.binning_data.json,62800471,2025-01-15 10:13:22.357,2025-01-15 10:13:22.357,UTC-0300,hriiVjEkYE,,com.sec.android.app.shealth,2025-01-15 10:00:00.000,a532ef57-e62f-4a31-a4b1-7b0d1ad06248,
62800471,2025-01-15 10:00:00.000,,8e2c0b87-a388-4a24-919b-ba1f4f24c097.binning_data.json,62800471,2025-01-15 11:06:29.921,2025-01-15 11:06:29.921,UTC-0300,hriiVjEkYE,,com.sec.android.app.shealth,2025-01-15 11:00:00.000,8e2c0b87-a388-4a24-919b-ba1f4f24c097,
62800471,2025-01-15 11:00:00.000,,8bd93a71-b7c1-43a5-9d94-d76e5e24ad10.binning_data.json,62800471,2025-01-15 11:18:04.202,2025-01-15 11:18:04.202,UTC-0300,hriiVjEkYE,,com.sec.android.app.shealth,2025-01-15 11:18:04.085,8bd93a71-b7c1-43a5-9d94-d76e5e24ad10,
62900571,2025-01-16 04:00:00.000,,693e4ce5-c14b-4a93-84cd-4ee2eb9d597e.binning_data.json,62900571,2025-01-16 05:15:00.142,2025-01-16 05:15:00.142,UTC-0300,hriiVjEkYE,,com.sec.android.app.shealth,2025-01-16 05:00:00.000,693e4ce5-c14b-4a93-84cd-4ee2eb9d597e,
62900571,2025-01-16 05:00:00.000,,022f9f55-4474-4ce6-b66a-23b6e3ff458f.binning_data.json,62900571,2025-01-16 06:05:38.396,2025-01-16 06:05:38.396,UTC-0300,hriiVjEkYE,,com.sec.android.app.shealth,2025-01-16 06:00:00.000,022f9f55-4474-4ce6-b66a-23b6e3ff458f,
62900571,2025-01-16 06:00:00.000,,ee83a3ca-d419-41cb-8ae1-9e5e0bddecba.binning_data.json,62900571,2025-01-16 07:15:00.158,2025-01-16 07:15:00.158,UTC-0300,hriiVjEkYE,,com.sec.android.app.shealth,2025-01-16 07:00:00.000,ee83a3ca-d419-41cb-8ae1-9e5e0bddecba,
62900571,2025-01-16 07:00:00.000,,c5adb916-f84e-4ba8-a6a2-be15016bee1b.binning_data.json,62900571,2025-01-16 08:15:00.147,2025-01-16 08:15:00.147,UTC-0300,hriiVjEkYE,,com.sec.android.app.shealth,2025-01-16 08:00:00.000,c5adb916-f84e-4ba8-a6a2-be15016bee1b,
62900571,2025-01-16 08:00:00.000,,3240fc8a-7778-414b-b7fa-b84332ecb6f8.binning_data.json,62900571,2025-01-16 09:05:27.466,2025-01-16 09:05:27.466,UTC-0300,hriiVjEkYE,,com.sec.android.app.shealth,2025-01-16 09:00:00.000,3240fc8a-7778-414b-b7fa-b84332ecb6f8,
62900571,2025-01-16 09:00:00.000,,0ec15f6a-7ff1-450f-a735-c7ca59eef879.binning_data.json,62900571,2025-01-16 10:11:47.692,2025-01-16 10:11:47.692,UTC-0300,hriiVjEkYE,,com.sec.android.app.shealth,2025-01-16 10:00:00.000,0ec15f6a-7ff1-450f-a735-c7ca59eef879,
62900571,2025-01-16 10:00:00.000,,ae7de65f-3fac-49ed-a07d-f5bd3c1c8fe7.binning_data.json,62900571,2025-01-16 10:24:31.914,2025-01-16 10:24:31.914,UTC-0300,hriiVjEkYE,,com.sec.android.app.shealth,2025-01-16 10:24:31.870,ae7de65f-3fac-49ed-a07d-f5bd3c1c8fe7,
62900571,2025-01-17 04:00:00.000,,10944cdb-c0ee-4c9e-b2ae-b9539e9306ff.binning_data.json,62900571,2025-01-17 05:15:00.607,2025-01-17 05:15:00.607,UTC-0300,hriiVjEkYE,,com.sec.android.app.shealth,2025-01-17 05:00:00.000,10944cdb-c0ee-4c9e-b2ae-b9539e9306ff,
62900571,2025-01-17 05:00:00.000,,1b54a463-06d2-4062-a98d-6783b3a4f60f.binning_data.json,62900571,2025-01-17 06:15:00.473,2025-01-17 06:15:00.473,UTC-0300,hriiVjEkYE,,com.sec.android.app.shealth,2025-01-17 06:00:00.000,1b54a463-06d2-4062-a98d-6783b3a4f60f,
62900571,2025-01-17 06:00:00.000,,ab608276-d5b7-4d60-a06b-a0ad17b5e645.binning_data.json,62900571,2025-01-17 07:15:00.435,2025-01-17 07:15:00.435,UTC-0300,hriiVjEkYE,,com.sec.android.app.shealth,2025-01-17 07:00:00.000,ab608276-d5b7-4d60-a06b-a0ad17b5e645,
62900571,2025-01-17 07:00:00.000,,22e0c315-f3eb-4e65-ab34-0fd6a49af7be.binning_data.json,62900571,2025-01-17 08:15:00.359,2025-01-17 08:15:00.359,UTC-0300,hriiVjEkYE,,com.sec.android.app.shealth,2025-01-17 08:00:00.000,22e0c315-f3eb-4e65-ab34-0fd6a49af7be,
62900571,2025-01-17 08:00:00.000,,b4556e7b-5f9d-42bc-a4c7-fd886e5b5875.binning_data.json,62900571,2025-01-17 09:15:00.328,2025-01-17 09:15:00.328,UTC-0300,hriiVjEkYE,,com.sec.android.app.shealth,2025-01-17 09:00:00.000,b4556e7b-5f9d-42bc-a4c7-fd886e5b5875,
62900571,2025-01-17 09:00:00.000,,b1145e8a-9f61-45d6-9683-e7cf779f0b5c.binning_data.json,62900571,2025-01-17 10:13:12.652,2025-01-17 10:13:12.652,UTC-0300,hriiVjEkYE,,com.sec.android.app.shealth,2025-01-17 10:00:00.000,b1145e8a-9f61-45d6-9683-e7cf779f0b5c,
62900571,2025-01-17 10:00:00.000,,def66f17-f5cc-4122-9692-ff35c5ef005f.binning_data.json,62900571,2025-01-17 11:12:52.988,2025-01-17 11:12:52.988,UTC-0300,hriiVjEkYE,,com.sec.android.app.shealth,2025-01-17 11:00:00.000,def66f17-f5cc-4122-9692-ff35c5ef005f,
62900571,2025-01-17 11:00:00.000,,db5387dc-8500-45ba-8188-f0ccf1dfd122.binning_data.json,62900571,2025-01-17 11:35:01.911,2025-01-17 11:35:01.911,UTC-0300,hriiVjEkYE,,com.sec.android.app.shealth,2025-01-17 11:35:01.797,db5387dc-8500-45ba-8188-f0ccf1dfd122,
62900571,2025-01-20 04:00:00.000,,cf997e14-2d33-4da5-b60f-bbc7cfb764f9.binning_data.json,62900571,2025-01-20 05:15:00.232,2025-01-20 05:15:00.232,UTC-0300,hriiVjEkYE,,com.sec.android.app.shealth,2025-01-20 05:00:00.000,cf997e14-2d33-4da5-b60f-bbc7cfb764f9,
62900571,2025-01-20 05:00:00.000,,a110aa76-dc3f-47f3-ae38-4f0451583f43.binning_data.json,62900571,2025-01-20 06:15:00.188,2025-01-20 06:15:00.188,UTC-0300,hriiVjEkYE,,com.sec.android.app.shealth,2025-01-20 06:00:00.000,a110aa76-dc3f-47f3-ae38-4f0451583f43,
62900571,2025-01-20 06:00:00.000,,157a2f97-56af-40e4-9050-26f547cf150a.binning_data.json,62900571,2025-01-20 07:15:00.344,2025-01-20 07:15:00.344,UTC-0300,hriiVjEkYE,,com.sec.android.app.shealth,2025-01-20 07:00:00.000,157a2f97-56af-40e4-9050-26f547cf150a,
62900571,2025-01-20 07:00:00.000,,b077b1a5-e919-4e2d-844e-14cef5f3ccfe.binning_data.json,62900571,2025-01-20 08:15:00.579,2025-01-20 08:15:00.579,UTC-0300,hriiVjEkYE,,com.sec.android.app.shealth,2025-01-20 08:00:00.000,b077b1a5-e919-4e2d-844e-14cef5f3ccfe,
62900571,2025-01-20 08:00:00.000,,3a63a6b5-99da-4dfa-b140-9d13ce807d7d.binning_data.json,62900571,2025-01-20 09:15:00.654,2025-01-20 09:15:00.654,UTC-0300,hriiVjEkYE,,com.sec.android.app.shealth,2025-01-20 09:00:00.000,3a63a6b5-99da-4dfa-b140-9d13ce807d7d,
62900571,2025-01-20 09:00:00.000,,a1bb86ce-7eca-496d-9966-07b94fb6e743.binning_data.json,62900571,2025-01-20 10:15:00.590,2025-01-20 10:15:00.590,UTC-0300,hriiVjEkYE,,com.sec.android.app.shealth,2025-01-20 10:00:00.000,a1bb86ce-7eca-496d-9966-07b94fb6e743,
62900571,2025-01-20 10:00:00.000,,aa4bd692-806a-4294-b9a5-249a6beb286c.binning_data.json,62900571,2025-01-20 11:06:58.094,2025-01-20 11:06:58.094,UTC-0300,hriiVjEkYE,,com.sec.android.app.shealth,2025-01-20 11:00:00.000,aa4bd692-806a-4294-b9a5-249a6beb286c,
62900571,2025-01-20 11:00:00.000,,11e9bf34-da83-4510-b57b-93465a2a56a9.binning_data.json,62900571,2025-01-20 11:17:54.280,2025-01-20 11:17:54.280,UTC-0300,hriiVjEkYE,,com.sec.android.app.shealth,2025-01-20 11:17:54.153,11e9bf34-da83-4510-b57b-93465a2a56a9,
62900571,2025-01-21 03:00:00.000,,f04fb3d6-8cec-44ff-b859-c5d8b6c42902.binning_data.json,62900571,2025-01-21 04:09:35.457,2025-01-21 04:09:35.457,UTC-0300,hriiVjEkYE,,com.sec.android.app.shealth,2025-01-21 04:00:00.000,f04fb3d6-8cec-44ff-b859-c5d8b6c42902,
62900571,2025-01-21 04:00:00.000,,8ba0c92c-bdf7-4289-94d2-d34f6ff481fd.binning_data.json,62900571,2025-01-21 05:15:01.793,2025-01-21 05:15:01.793,UTC-0300,hriiVjEkYE,,com.sec.android.app.shealth,2025-01-21 05:00:00.000,8ba0c92c-bdf7-4289-94d2-d34f6ff481fd,
62900571,2025-01-21 05:00:00.000,,759abe11-64e4-4fee-8987-f2d0c2e51663.binning_data.json,62900571,2025-01-21 06:15:01.845,2025-01-21 06:15:01.845,UTC-0300,hriiVjEkYE,,com.sec.android.app.shealth,2025-01-21 06:00:00.000,759abe11-64e4-4fee-8987-f2d0c2e51663,
62900571,2025-01-21 06:00:00.000,,ae5d2ac3-39b8-4576-81cb-e7b966c75f64.binning_data.json,62900571,2025-01-21 07:06:07.544,2025-01-21 07:06:07.544,UTC-0300,hriiVjEkYE,,com.sec.android.app.shealth,2025-01-21 07:00:00.000,ae5d2ac3-39b8-4576-81cb-e7b966c75f64,
62900571,2025-01-21 07:00:00.000,,d1f35fb4-8351-458b-8e36-5c5afc1216a4.binning_data.json,62900571,2025-01-21 08:15:01.803,2025-01-21 08:15:01.803,UTC-0300,hriiVjEkYE,,com.sec.android.app.shealth,2025-01-21 08:00:00.000,d1f35fb4-8351-458b-8e36-5c5afc1216a4,
62900571,2025-01-21 08:00:00.000,,dcd2ac06-724d-408e-a19f-f287065e4eb1.binning_data.json,62900571,2025-01-21 09:15:01.721,2025-01-21 09:15:01.721,UTC-0300,hriiVjEkYE,,com.sec.android.app.shealth,2025-01-21 09:00:00.000,dcd2ac06-724d-408e-a19f-f287065e4eb1,
62900571,2025-01-21 09:00:00.000,,7ec89e97-77db-4b5d-a1b1-ce40a603edb2.binning_data.json,62900571,2025-01-21 10:11:15.360,2025-01-21 10:11:15.360,UTC-0300,hriiVjEkYE,,com.sec.android.app.shealth,2025-01-21 10:00:00.000,7ec89e97-77db-4b5d-a1b1-ce40a603edb2,
62900571,2025-01-21 10:00:00.000,,66669d45-bc37-4d0e-ad56-88318ddcdc60.binning_data.json,62900571,2025-01-21 11:14:53.932,2025-01-21 11:14:53.932,UTC-0300,hriiVjEkYE,,com.sec.android.app.shealth,2025-01-21 11:00:00.000,66669d45-bc37-4d0e-ad56-88318ddcdc60,
62900571,2025-01-21 11:00:00.000,,d5d05f59-301b-437c-8600-50093c38a0f7.binning_data.json,62900571,2025-01-21 11:43:05.153,2025-01-21 11:43:05.153,UTC-0300,hriiVjEkYE,,com.sec.android.app.shealth,2025-01-21 11:43:05.064,d5d05f59-301b-437c-8600-50093c38a0f7,
62900571,2025-01-23 02:00:00.000,,8d5d4a90-59da-40a9-a6c6-d93e88768806.binning_data.json,62900571,2025-01-23 03:12:51.453,2025-01-23 03:12:51.453,UTC-0300,hriiVjEkYE,,com.sec.android.app.shealth,2025-01-23 03:00:00.000,8d5d4a90-59da-40a9-a6c6-d93e88768806,
62900571,2025-01-23 03:00:00.000,,b7af6d4b-1d81-408d-a315-2bcb741d0676.binning_data.json,62900571,2025-01-23 04:15:00.949,2025-01-23 04:15:00.949,UTC-0300,hriiVjEkYE,,com.sec.android.app.shealth,2025-01-23 04:00:00.000,b7af6d4b-1d81-408d-a315-2bcb741d0676,
62900571,2025-01-23 04:00:00.000,,88973d97-6122-42dc-b47a-23a90f9eccd3.binning_data.json,62900571,2025-01-23 05:15:00.380,2025-01-23 05:15:00.380,UTC-0300,hriiVjEkYE,,com.sec.android.app.shealth,2025-01-23 05:00:00.000,88973d97-6122-42dc-b47a-23a90f9eccd3,
62900571,2025-01-23 05:00:00.000,,ed977d54-32a6-4e7e-88c4-65801b2612de.binning_data.json,62900571,2025-01-23 06:15:00.915,2025-01-23 06:15:00.915,UTC-0300,hriiVjEkYE,,com.sec.android.app.shealth,2025-01-23 06:00:00.000,ed977d54-32a6-4e7e-88c4-65801b2612de,
62900571,2025-01-23 06:00:00.000,,a74444a6-aa27-4c8e-9c9c-1a6b176d5c63.binning_data.json,62900571,2025-01-23 07:15:00.465,2025-01-23 07:15:00.465,UTC-0300,hriiVjEkYE,,com.sec.android.app.shealth,2025-01-23 07:00:00.000,a74444a6-aa27-4c8e-9c9c-1a6b176d5c63,
62900571,2025-01-23 07:00:00.000,,d15676bc-4cbc-4417-8d15-f0234f9ba86b.binning_data.json,62900571,2025-01-23 08:15:01.166,2025-01-23 08:15:01.166,UTC-0300,hriiVjEkYE,,com.sec.android.app.shealth,2025-01-23 08:00:00.000,d15676bc-4cbc-4417-8d15-f0234f9ba86b,
62900571,2025-01-23 08:00:00.000,,7b0c26a9-6955-4a9e-81c4-e90216404376.binning_data.json,62900571,2025-01-23 09:15:00.829,2025-01-23 09:15:00.829,UTC-0300,hriiVjEkYE,,com.sec.android.app.shealth,2025-01-23 09:00:00.000,7b0c26a9-6955-4a9e-81c4-e90216404376,
62900571,2025-01-23 09:00:00.000,,af5b34ab-6691-425a-b3a2-d698336f1767.binning_data.json,62900571,2025-01-23 10:06:30.275,2025-01-23 10:06:30.275,UTC-0300,hriiVjEkYE,,com.sec.android.app.shealth,2025-01-23 10:00:00.000,af5b34ab-6691-425a-b3a2-d698336f1767,
62900571,2025-01-23 10:00:00.000,,2356be8c-80ff-4d46-a7fe-320a0a2090ed.binning_data.json,62900571,2025-01-23 10:25:28.363,2025-01-23 10:25:28.363,UTC-0300,hriiVjEkYE,,com.sec.android.app.shealth,2025-01-23 10:25:28.197,2356be8c-80ff-4d46-a7fe-320a0a2090ed,
62900571,2025-01-24 03:00:00.000,,a9c7a060-ec58-440d-b0f4-ee36a078bd5d.binning_data.json,62900571,2025-01-24 04:15:00.954,2025-01-24 04:15:00.954,UTC-0300,hriiVjEkYE,,com.sec.android.app.shealth,2025-01-24 04:00:00.000,a9c7a060-ec58-440d-b0f4-ee36a078bd5d,
62900571,2025-01-24 04:00:00.000,,cdfeb70a-373d-4e96-890e-329077c5e9dc.binning_data.json,62900571,2025-01-24 05:15:01.141,2025-01-24 05:15:01.141,UTC-0300,hriiVjEkYE,,com.sec.android.app.shealth,2025-01-24 05:00:00.000,cdfeb70a-373d-4e96-890e-329077c5e9dc,
62900571,2025-01-24 05:00:00.000,,7ee5ce91-4a38-4cb0-8bd8-08f46d5be940.binning_data.json,62900571,2025-01-24 06:15:00.401,2025-01-24 06:15:00.401,UTC-0300,hriiVjEkYE,,com.sec.android.app.shealth,2025-01-24 06:00:00.000,7ee5ce91-4a38-4cb0-8bd8-08f46d5be940,
62900571,2025-01-24 06:00:00.000,,cf32e0e1-e492-48af-9499-497cdc90e040.binning_data.json,62900571,2025-01-24 07:15:00.817,2025-01-24 07:15:00.817,UTC-0300,hriiVjEkYE,,com.sec.android.app.shealth,2025-01-24 07:00:00.000,cf32e0e1-e492-48af-9499-497cdc90e040,
62900571,2025-01-24 07:00:00.000,,0eb51031-702e-4b6a-a1d9-64d83f539f97.binning_data.json,62900571,2025-01-24 08:15:01.066,2025-01-24 08:15:01.066,UTC-0300,hriiVjEkYE,,com.sec.android.app.shealth,2025-01-24 08:00:00.000,0eb51031-702e-4b6a-a1d9-64d83f539f97,
62900571,2025-01-24 08:00:00.000,,aad38646-8af4-41ee-bdef-7b4da4de514e.binning_data.json,62900571,2025-01-24 09:15:01.292,2025-01-24 09:15:01.292,UTC-0300,hriiVjEkYE,,com.sec.android.app.shealth,2025-01-24 09:00:00.000,aad38646-8af4-41ee-bdef-7b4da4de514e,
62900571,2025-01-24 09:00:00.000,,f1afcef4-1cea-41c0-9f95-ffa2e3d8888b.binning_data.json,62900571,2025-01-24 10:10:22.568,2025-01-24 10:10:22.568,UTC-0300,hriiVjEkYE,,com.sec.android.app.shealth,2025-01-24 10:00:00.000,f1afcef4-1cea-41c0-9f95-ffa2e3d8888b,
62900571,2025-01-24 10:00:00.000,,e8c38173-b9e0-4b27-834a-1f283b7c6fd6.binning_data.json,62900571,2025-01-24 11:10:59.058,2025-01-24 11:10:59.058,UTC-0300,hriiVjEkYE,,com.sec.android.app.shealth,2025-01-24 11:00:00.000,e8c38173-b9e0-4b27-834a-1f283b7c6fd6,
62900571,2025-01-24 11:00:00.000,,014447d2-0a07-4a9f-99bd-9174ecd49fc2.binning_data.json,62900571,2025-01-24 11:37:49.393,2025-01-24 11:37:49.393,UTC-0300,hriiVjEkYE,,com.sec.android.app.shealth,2025-01-24 11:37:49.354,014447d2-0a07-4a9f-99bd-9174ecd49fc2,
62900571,2025-01-25 03:00:00.000,,192c0aab-1550-4e15-874c-4668b4b1fbd6.binning_data.json,62900571,2025-01-25 04:15:01.467,2025-01-25 04:15:01.467,UTC-0300,hriiVjEkYE,,com.sec.android.app.shealth,2025-01-25 04:00:00.000,192c0aab-1550-4e15-874c-4668b4b1fbd6,
62900571,2025-01-25 04:00:00.000,,1d805278-8ca0-4817-9092-c6afaafd2231.binning_data.json,62900571,2025-01-25 05:15:01.320,2025-01-25 05:15:01.320,UTC-0300,hriiVjEkYE,,com.sec.android.app.shealth,2025-01-25 05:00:00.000,1d805278-8ca0-4817-9092-c6afaafd2231,
62900571,2025-01-25 05:00:00.000,,bf0c749c-ba41-43db-8be6-a758afc1c136.binning_data.json,62900571,2025-01-25 06:15:01.188,2025-01-25 06:15:01.188,UTC-0300,hriiVjEkYE,,com.sec.android.app.shealth,2025-01-25 06:00:00.000,bf0c749c-ba41-43db-8be6-a758afc1c136,
62900571,2025-01-25 06:00:00.000,,c3769e3b-00ba-44a4-a497-57ae4d0c64b6.binning_data.json,62900571,2025-01-25 07:15:01.140,2025-01-25 07:15:01.140,UTC-0300,hriiVjEkYE,,com.sec.android.app.shealth,2025-01-25 07:00:00.000,c3769e3b-00ba-44a4-a497-57ae4d0c64b6,
62900571,2025-01-25 07:00:00.000,,5aee93a7-f6d7-4fba-b0c9-7a0525203f9e.binning_data.json,62900571,2025-01-25 08:15:01.013,2025-01-25 08:15:01.013,UTC-0300,hriiVjEkYE,,com.sec.android.app.shealth,2025-01-25 08:00:00.000,5aee93a7-f6d7-4fba-b0c9-7a0525203f9e,
62900571,2025-01-25 08:00:00.000,,942c2164-403e-4feb-8298-9fd6b6d903f6.binning_data.json,62900571,2025-01-25 09:14:59.710,2025-01-25 09:14:59.710,UTC-0300,hriiVjEkYE,,com.sec.android.app.shealth,2025-01-25 09:00:00.000,942c2164-403e-4feb-8298-9fd6b6d903f6,
62900571,2025-01-25 09:00:00.000,,23007d75-d12d-48b2-b414-7cd46b32ae3b.binning_data.json,62900571,2025-01-25 09:33:00.735,2025-01-25 09:33:00.735,UTC-0300,hriiVjEkYE,,com.sec.android.app.shealth,2025-01-25 09:33:00.701,23007d75-d12d-48b2-b414-7cd46b32ae3b,
62900571,2025-01-25 10:00:00.000,,f27bbdf1-0494-4c2c-9a6c-5bfba0cf7800.binning_data.json,62900571,2025-01-25 11:15:01.166,2025-01-25 11:15:01.166,UTC-0300,hriiVjEkYE,,com.sec.android.app.shealth,2025-01-25 11:00:00.000,f27bbdf1-0494-4c2c-9a6c-5bfba0cf7800,
62900571,2025-01-25 11:00:00.000,,027b9b21-7047-45bf-81cb-864b4c7250a1.binning_data.json,62900571,2025-01-25 12:15:01.088,2025-01-25 12:15:01.088,UTC-0300,hriiVjEkYE,,com.sec.android.app.shealth,2025-01-25 12:00:00.000,027b9b21-7047-45bf-81cb-864b4c7250a1,
62900571,2025-01-25 12:00:00.000,,59e19a5a-bce6-4d42-9cc3-8fa7d36252be.binning_data.json,62900571,2025-01-25 13:08:35.376,2025-01-25 13:08:35.376,UTC-0300,hriiVjEkYE,,com.sec.android.app.shealth,2025-01-25 13:00:00.000,59e19a5a-bce6-4d42-9cc3-8fa7d36252be,
62900571,2025-01-25 13:00:00.000,,5273a1af-b254-46cf-9695-5c5a8b184db7.binning_data.json,62900571,2025-01-25 13:18:25.180,2025-01-25 13:18:25.180,UTC-0300,hriiVjEkYE,,com.sec.android.app.shealth,2025-01-25 13:18:25.114,5273a1af-b254-46cf-9695-5c5a8b184db7,
62900571,2025-01-26 05:00:00.000,,1599a3e4-d53b-4225-8b6c-f14b5e8de664.binning_data.json,62900571,2025-01-26 06:15:00.845,2025-01-26 06:15:00.845,UTC-0300,hriiVjEkYE,,com.sec.android.app.shealth,2025-01-26 06:00:00.000,1599a3e4-d53b-4225-8b6c-f14b5e8de664,
62900571,2025-01-26 06:00:00.000,,e3167f35-1383-4f31-98d4-a8ccca43a072.binning_data.json,62900571,2025-01-26 07:15:00.546,2025-01-26 07:15:00.546,UTC-0300,hriiVjEkYE,,com.sec.android.app.shealth,2025-01-26 07:00:00.000,e3167f35-1383-4f31-98d4-a8ccca43a072,
62900571,2025-01-26 07:00:00.000,,62eac22c-d8c3-4b86-94e7-f284a5bce8ba.binning_data.json,62900571,2025-01-26 08:15:01.398,2025-01-26 08:15:01.398,UTC-0300,hriiVjEkYE,,com.sec.android.app.shealth,2025-01-26 08:00:00.000,62eac22c-d8c3-4b86-94e7-f284a5bce8ba,
62900571,2025-01-26 08:00:00.000,,f6bbe7ad-d78c-4dbc-890d-fc5d5f8b2d78.binning_data.json,62900571,2025-01-26 09:15:01.124,2025-01-26 09:15:01.124,UTC-0300,hriiVjEkYE,,com.sec.android.app.shealth,2025-01-26 09:00:00.000,f6bbe7ad-d78c-4dbc-890d-fc5d5f8b2d78,
62900571,2025-01-26 09:00:00.000,,392a39c5-6298-405d-8258-6154a37f3fc3.binning_data.json,62900571,2025-01-26 10:15:00.718,2025-01-26 10:15:00.718,UTC-0300,hriiVjEkYE,,com.sec.android.app.shealth,2025-01-26 10:00:00.000,392a39c5-6298-405d-8258-6154a37f3fc3,
62900571,2025-01-26 10:00:00.000,,1054ddb9-f215-4bef-8523-c545c7d86362.binning_data.json,62900571,2025-01-26 11:15:00.588,2025-01-26 11:15:00.588,UTC-0300,hriiVjEkYE,,com.sec.android.app.shealth,2025-01-26 11:00:00.000,1054ddb9-f215-4bef-8523-c545c7d86362,
62900571,2025-01-26 11:00:00.000,,e98fe918-a111-4a84-b57f-09d6e415dec6.binning_data.json,62900571,2025-01-26 12:15:01.487,2025-01-26 12:15:01.487,UTC-0300,hriiVjEkYE,,com.sec.android.app.shealth,2025-01-26 12:00:00.000,e98fe918-a111-4a84-b57f-09d6e415dec6,
62900571,2025-01-26 12:00:00.000,,c102f040-30e0-4fef-9f3e-a21a2cc63431.binning_data.json,62900571,2025-01-26 13:15:01.177,2025-01-26 13:15:01.177,UTC-0300,hriiVjEkYE,,com.sec.android.app.shealth,2025-01-26 13:00:00.000,c102f040-30e0-4fef-9f3e-a21a2cc63431,
62900571,2025-01-26 13:00:00.000,,273c71f7-2f36-4696-b9f3-5cf794575394.binning_data.json,62900571,2025-01-26 13:58:45.965,2025-01-26 13:58:45.965,UTC-0300,hriiVjEkYE,,com.sec.android.app.shealth,2025-01-26 13:58:45.843,273c71f7-2f36-4696-b9f3-5cf794575394,
62900571,2025-01-28 03:00:00.000,,37a78456-d525-42c0-bef7-3193ddc4ee03.binning_data.json,62900571,2025-01-28 04:15:01.893,2025-01-28 04:15:01.893,UTC-0300,hriiVjEkYE,,com.sec.android.app.shealth,2025-01-28 04:00:00.000,37a78456-d525-42c0-bef7-3193ddc4ee03,
62900571,2025-01-28 04:00:00.000,,28e341de-35dd-48af-bb2c-770bad2e4d31.binning_data.json,62900571,2025-01-28 05:06:03.091,2025-01-28 05:06:03.091,UTC-0300,hriiVjEkYE,,com.sec.android.app.shealth,2025-01-28 05:00:00.000,28e341de-35dd-48af-bb2c-770bad2e4d31,
62900571,2025-01-28 05:00:00.000,,8d0ec0b3-f9a0-457f-8732-2bdc2311672a.binning_data.json,62900571,2025-01-28 06:15:02.067,2025-01-28 06:15:02.067,UTC-0300,hriiVjEkYE,,com.sec.android.app.shealth,2025-01-28 06:00:00.000,8d0ec0b3-f9a0-457f-8732-2bdc2311672a,
62900571,2025-01-28 06:00:00.000,,c40e253d-876d-4f43-9fdf-7064625f499a.binning_data.json,62900571,2025-01-28 07:15:01.929,2025-01-28 07:15:01.929,UTC-0300,hriiVjEkYE,,com.sec.android.app.shealth,2025-01-28 07:00:00.000,c40e253d-876d-4f43-9fdf-7064625f499a,
62900571,2025-01-28 07:00:00.000,,535a782c-e10a-4759-b278-1ad15d4f11f1.binning_data.json,62900571,2025-01-28 08:05:21.683,2025-01-28 08:05:21.683,UTC-0300,hriiVjEkYE,,com.sec.android.app.shealth,2025-01-28 08:00:00.000,535a782c-e10a-4759-b278-1ad15d4f11f1,
62900571,2025-01-28 08:00:00.000,,df3f1cde-ae24-46a0-a46f-57b3dd1b9470.binning_data.json,62900571,2025-01-28 09:15:02.083,2025-01-28 09:15:02.083,UTC-0300,hriiVjEkYE,,com.sec.android.app.shealth,2025-01-28 09:00:00.000,df3f1cde-ae24-46a0-a46f-57b3dd1b9470,
62900571,2025-01-28 09:00:00.000,,793414a5-e6dd-4fd3-8a01-f29881e89b7d.binning_data.json,62900571,2025-01-28 10:09:05.134,2025-01-28 10:09:05.134,UTC-0300,hriiVjEkYE,,com.sec.android.app.shealth,2025-01-28 10:00:00.000,793414a5-e6dd-4fd3-8a01-f29881e89b7d,
62900571,2025-01-28 10:00:00.000,,4de7e67b-0efb-450d-b38d-905170105223.binning_data.json,62900571,2025-01-28 10:46:58.256,2025-01-28 10:46:58.256,UTC-0300,hriiVjEkYE,,com.sec.android.app.shealth,2025-01-28 10:46:58.123,4de7e67b-0efb-450d-b38d-905170105223,
62900571,2025-01-28 11:00:00.000,,14409f04-b5c4-4454-be0e-09270fd210e5.binning_data.json,62900571,2025-01-28 11:57:19.616,2025-01-28 11:57:19.616,UTC-0300,hriiVjEkYE,,com.sec.android.app.shealth,2025-01-28 11:57:19.539,14409f04-b5c4-4454-be0e-09270fd210e5,
62900571,2025-01-30 04:00:00.000,,1adce763-b672-4b75-a858-d6dfd7b1d4ab.binning_data.json,62900571,2025-01-30 05:15:00.938,2025-01-30 05:15:00.938,UTC-0300,hriiVjEkYE,,com.sec.android.app.shealth,2025-01-30 05:00:00.000,1adce763-b672-4b75-a858-d6dfd7b1d4ab,
62900571,2025-01-30 05:00:00.000,,db68990f-1718-4cb9-85ed-d0239f567457.binning_data.json,62900571,2025-01-30 06:09:02.225,2025-01-30 06:09:02.225,UTC-0300,hriiVjEkYE,,com.sec.android.app.shealth,2025-01-30 06:00:00.000,db68990f-1718-4cb9-85ed-d0239f567457,
62900571,2025-01-30 06:00:00.000,,54e0fff7-37b8-4715-8ead-2c57b963aac1.binning_data.json,62900571,2025-01-30 07:14:59.991,2025-01-30 07:14:59.991,UTC-0300,hriiVjEkYE,,com.sec.android.app.shealth,2025-01-30 07:00:00.000,54e0fff7-37b8-4715-8ead-2c57b963aac1,
62900571,2025-01-30 07:00:00.000,,1002ec25-1062-4c73-810e-b98916f7df59.binning_data.json,62900571,2025-01-30 08:15:00.933,2025-01-30 08:15:00.933,UTC-0300,hriiVjEkYE,,com.sec.android.app.shealth,2025-01-30 08:00:00.000,1002ec25-1062-4c73-810e-b98916f7df59,
62900571,2025-01-30 08:00:00.000,,932270b1-49a6-47ba-ae5f-64a06f186856.binning_data.json,62900571,2025-01-30 09:15:00.080,2025-01-30 09:15:00.080,UTC-0300,hriiVjEkYE,,com.sec.android.app.shealth,2025-01-30 09:00:00.000,932270b1-49a6-47ba-ae5f-64a06f186856,
62900571,2025-01-30 09:00:00.000,,2905f064-97ad-468f-861e-e01059f9c6ce.binning_data.json,62900571,2025-01-30 10:10:18.086,2025-01-30 10:10:18.086,UTC-0300,hriiVjEkYE,,com.sec.android.app.shealth,2025-01-30 10:00:00.000,2905f064-97ad-468f-861e-e01059f9c6ce,
62900571,2025-01-30 10:00:00.000,,e7d23898-9f38-4c13-a406-7539a99bff43.binning_data.json,62900571,2025-01-30 10:35:49.947,2025-01-30 10:35:49.947,UTC-0300,hriiVjEkYE,,com.sec.android.app.shealth,2025-01-30 10:35:49.809,e7d23898-9f38-4c13-a406-7539a99bff43,
62900571,2025-01-31 03:00:00.000,,132fbd17-65d8-4113-bbce-f86be97b525b.binning_data.json,62900571,2025-01-31 04:15:00.677,2025-01-31 04:15:00.677,UTC-0300,hriiVjEkYE,,com.sec.android.app.shealth,2025-01-31 04:00:00.000,132fbd17-65d8-4113-bbce-f86be97b525b,
62900571,2025-01-31 04:00:00.000,,d9ea8fc8-f8b6-4e00-a747-9250489c7ee9.binning_data.json,62900571,2025-01-31 05:05:10.034,2025-01-31 05:05:10.034,UTC-0300,hriiVjEkYE,,com.sec.android.app.shealth,2025-01-31 05:00:00.000,d9ea8fc8-f8b6-4e00-a747-9250489c7ee9,
62900571,2025-01-31 05:00:00.000,,eec6b218-e34a-4368-b075-441a7b54af8c.binning_data.json,62900571,2025-01-31 06:15:00.648,2025-01-31 06:15:00.648,UTC-0300,hriiVjEkYE,,com.sec.android.app.shealth,2025-01-31 06:00:00.000,eec6b218-e34a-4368-b075-441a7b54af8c,
62900571,2025-01-31 06:00:00.000,,b0419de3-218a-488b-a588-063ecb5935b5.binning_data.json,62900571,2025-01-31 07:15:00.663,2025-01-31 07:15:00.663,UTC-0300,hriiVjEkYE,,com.sec.android.app.shealth,2025-01-31 07:00:00.000,b0419de3-218a-488b-a588-063ecb5935b5,
62900571,2025-01-31 07:00:00.000,,031a9186-be26-4317-976c-2fd4f5fb4cfb.binning_data.json,62900571,2025-01-31 08:07:36.617,2025-01-31 08:07:36.617,UTC-0300,hriiVjEkYE,,com.sec.android.app.shealth,2025-01-31 08:00:00.000,031a9186-be26-4317-976c-2fd4f5fb4cfb,
62900571,2025-01-31 08:00:00.000,,cafb8cd9-85ae-41cf-85cf-77905bef7a71.binning_data.json,62900571,2025-01-31 09:15:00.880,2025-01-31 09:15:00.880,UTC-0300,hriiVjEkYE,,com.sec.android.app.shealth,2025-01-31 09:00:00.000,cafb8cd9-85ae-41cf-85cf-77905bef7a71,
62900571,2025-01-31 09:00:00.000,,e7d62a28-2ed6-4804-90ab-2b7795403933.binning_data.json,62900571,2025-01-31 09:58:37.590,2025-01-31 09:58:37.590,UTC-0300,hriiVjEkYE,,com.sec.android.app.shealth,2025-01-31 09:58:37.534,e7d62a28-2ed6-4804-90ab-2b7795403933,
62900571,2025-02-03 05:00:00.000,,8d4641f5-371f-48b0-aeb1-7b060ea2e347.binning_data.json,62900571,2025-02-03 06:15:01.120,2025-02-03 06:15:01.120,UTC-0300,hriiVjEkYE,,com.sec.android.app.shealth,2025-02-03 06:00:00.000,8d4641f5-371f-48b0-aeb1-7b060ea2e347,
62900571,2025-02-03 06:00:00.000,,5ef60efc-2adf-4147-8f34-33cc211256ff.binning_data.json,62900571,2025-02-03 07:15:00.372,2025-02-03 07:15:00.372,UTC-0300,hriiVjEkYE,,com.sec.android.app.shealth,2025-02-03 07:00:00.000,5ef60efc-2adf-4147-8f34-33cc211256ff,
62900571,2025-02-03 07:00:00.000,,418c1bb9-7925-4033-87f3-2c90e3cd99e9.binning_data.json,62900571,2025-02-03 08:15:00.509,2025-02-03 08:15:00.509,UTC-0300,hriiVjEkYE,,com.sec.android.app.shealth,2025-02-03 08:00:00.000,418c1bb9-7925-4033-87f3-2c90e3cd99e9,
62900571,2025-02-03 08:00:00.000,,9f92ac88-2e31-4054-a365-840d9e5a6353.binning_data.json,62900571,2025-02-03 09:15:00.774,2025-02-03 09:15:00.774,UTC-0300,hriiVjEkYE,,com.sec.android.app.shealth,2025-02-03 09:00:00.000,9f92ac88-2e31-4054-a365-840d9e5a6353,
62900571,2025-02-03 09:00:00.000,,ddd4e4f4-e3b2-4e7e-898f-1c2b5384b9fd.binning_data.json,62900571,2025-02-03 10:12:38.264,2025-02-03 10:12:38.264,UTC-0300,hriiVjEkYE,,com.sec.android.app.shealth,2025-02-03 10:00:00.000,ddd4e4f4-e3b2-4e7e-898f-1c2b5384b9fd,
62900571,2025-02-03 10:00:00.000,,a1989133-605b-4efc-bbd3-f24341430cd1.binning_data.json,62900571,2025-02-03 10:15:40.909,2025-02-03 10:15:40.909,UTC-0300,hriiVjEkYE,,com.sec.android.app.shealth,2025-02-03 10:15:40.651,a1989133-605b-4efc-bbd3-f24341430cd1,
62900571,2025-02-04 03:00:00.000,,460b7e69-2a3e-48e7-95c0-8b157902287b.binning_data.json,62900571,2025-02-04 04:15:00.437,2025-02-04 04:15:00.437,UTC-0300,hriiVjEkYE,,com.sec.android.app.shealth,2025-02-04 04:00:00.000,460b7e69-2a3e-48e7-95c0-8b157902287b,
62900571,2025-02-04 04:00:00.000,,b253186d-a5ae-4752-a1de-bca1e4e0f53b.binning_data.json,62900571,2025-02-04 05:15:00.203,2025-02-04 05:15:00.203,UTC-0300,hriiVjEkYE,,com.sec.android.app.shealth,2025-02-04 05:00:00.000,b253186d-a5ae-4752-a1de-bca1e4e0f53b,
62900571,2025-02-04 05:00:00.000,,ab432c9a-ed6a-49b8-b5cd-88f74d34f980.binning_data.json,62900571,2025-02-04 06:15:01.114,2025-02-04 06:15:01.114,UTC-0300,hriiVjEkYE,,com.sec.android.app.shealth,2025-02-04 06:00:00.000,ab432c9a-ed6a-49b8-b5cd-88f74d34f980,
62900571,2025-02-04 06:00:00.000,,875b2251-840f-4206-9152-9f2a78f07441.binning_data.json,62900571,2025-02-04 07:15:00.834,2025-02-04 07:15:00.834,UTC-0300,hriiVjEkYE,,com.sec.android.app.shealth,2025-02-04 07:00:00.000,875b2251-840f-4206-9152-9f2a78f07441,
62900571,2025-02-04 07:00:00.000,,33b1eedc-6b52-46c1-8528-460913358a76.binning_data.json,62900571,2025-02-04 08:15:00.523,2025-02-04 08:15:00.523,UTC-0300,hriiVjEkYE,,com.sec.android.app.shealth,2025-02-04 08:00:00.000,33b1eedc-6b52-46c1-8528-460913358a76,
62900571,2025-02-04 08:00:00.000,,81d56e61-8ccb-4a90-9ba8-ec7469269992.binning_data.json,62900571,2025-02-04 09:15:00.211,2025-02-04 09:15:00.211,UTC-0300,hriiVjEkYE,,com.sec.android.app.shealth,2025-02-04 09:00:00.000,81d56e61-8ccb-4a90-9ba8-ec7469269992,
62900571,2025-02-04 09:00:00.000,,46245caf-dceb-4205-bcf0-64c08e335ac0.binning_data.json,62900571,2025-02-04 10:15:00.190,2025-02-04 10:15:00.190,UTC-0300,hriiVjEkYE,,com.sec.android.app.shealth,2025-02-04 10:00:00.000,46245caf-dceb-4205-bcf0-64c08e335ac0,
62900571,2025-02-04 10:00:00.000,,7ed9aecb-a97e-444e-8229-e96d9a884855.binning_data.json,62900571,2025-02-04 11:15:00.252,2025-02-04 11:15:00.252,UTC-0300,hriiVjEkYE,,com.sec.android.app.shealth,2025-02-04 11:00:00.000,7ed9aecb-a97e-444e-8229-e96d9a884855,
62900571,2025-02-04 11:00:00.000,,915e5bc6-54c5-4950-aedd-1130538a6c0c.binning_data.json,62900571,2025-02-04 11:32:04.861,2025-02-04 11:32:04.861,UTC-0300,hriiVjEkYE,,com.sec.android.app.shealth,2025-02-04 11:32:04.693,915e5bc6-54c5-4950-aedd-1130538a6c0c,
62900571,2025-02-05 04:00:00.000,,6f06fec3-6a8f-4dda-ae54-be5163c53db0.binning_data.json,62900571,2025-02-05 05:15:00.707,2025-02-05 05:15:00.707,UTC-0300,hriiVjEkYE,,com.sec.android.app.shealth,2025-02-05 05:00:00.000,6f06fec3-6a8f-4dda-ae54-be5163c53db0,
62900571,2025-02-05 05:00:00.000,,81e92da8-3efa-48a8-83b1-0fc57325a486.binning_data.json,62900571,2025-02-05 06:15:00.399,2025-02-05 06:15:00.399,UTC-0300,hriiVjEkYE,,com.sec.android.app.shealth,2025-02-05 06:00:00.000,81e92da8-3efa-48a8-83b1-0fc57325a486,
62900571,2025-02-05 06:00:00.000,,4adc6f1c-d011-4547-8a0a-fa1e0018c13e.binning_data.json,62900571,2025-02-05 07:06:45.205,2025-02-05 07:06:45.205,UTC-0300,hriiVjEkYE,,com.sec.android.app.shealth,2025-02-05 07:00:00.000,4adc6f1c-d011-4547-8a0a-fa1e0018c13e,
62900571,2025-02-05 07:00:00.000,,8a936d6a-8193-40a4-ab6f-a0f584322b4e.binning_data.json,62900571,2025-02-05 08:15:01.122,2025-02-05 08:15:01.122,UTC-0300,hriiVjEkYE,,com.sec.android.app.shealth,2025-02-05 08:00:00.000,8a936d6a-8193-40a4-ab6f-a0f584322b4e,
62900571,2025-02-05 08:00:00.000,,cfab79f5-3ac2-43f1-8fb7-a67cf5ccfcd1.binning_data.json,62900571,2025-02-05 09:15:00.943,2025-02-05 09:15:00.943,UTC-0300,hriiVjEkYE,,com.sec.android.app.shealth,2025-02-05 09:00:00.000,cfab79f5-3ac2-43f1-8fb7-a67cf5ccfcd1,
62900571,2025-02-05 09:00:00.000,,d7ae557b-67e8-4f28-a1b7-7cb72e7aa3e2.binning_data.json,62900571,2025-02-05 10:09:55.657,2025-02-05 10:09:55.657,UTC-0300,hriiVjEkYE,,com.sec.android.app.shealth,2025-02-05 10:00:00.000,d7ae557b-67e8-4f28-a1b7-7cb72e7aa3e2,
62900571,2025-02-05 10:00:00.000,,4e1b6232-b7eb-4f15-bd55-451c9784631d.binning_data.json,62900571,2025-02-05 10:22:38.647,2025-02-05 10:22:38.647,UTC-0300,hriiVjEkYE,,com.sec.android.app.shealth,2025-02-05 10:22:38.545,4e1b6232-b7eb-4f15-bd55-451c9784631d,
62900571,2025-02-07 04:00:00.000,,e04c4c05-243b-4a73-96f0-d26065afab66.binning_data.json,62900571,2025-02-07 05:15:00.972,2025-02-07 05:15:00.972,UTC-0300,hriiVjEkYE,,com.sec.android.app.shealth,2025-02-07 05:00:00.000,e04c4c05-243b-4a73-96f0-d26065afab66,
62900571,2025-02-07 05:00:00.000,,8b596d20-a3d1-4f4a-80f8-c10053ac2838.binning_data.json,62900571,2025-02-07 06:05:36.336,2025-02-07 06:05:36.336,UTC-0300,hriiVjEkYE,,com.sec.android.app.shealth,2025-02-07 06:00:00.000,8b596d20-a3d1-4f4a-80f8-c10053ac2838,
62900571,2025-02-07 06:00:00.000,,241e0697-5de7-434c-8977-57d0db1a331b.binning_data.json,62900571,2025-02-07 07:15:00.860,2025-02-07 07:15:00.860,UTC-0300,hriiVjEkYE,,com.sec.android.app.shealth,2025-02-07 07:00:00.000,241e0697-5de7-434c-8977-57d0db1a331b,
62900571,2025-02-07 07:00:00.000,,3b95f186-0f89-4511-929f-46348f229dbc.binning_data.json,62900571,2025-02-07 08:15:00.799,2025-02-07 08:15:00.799,UTC-0300,hriiVjEkYE,,com.sec.android.app.shealth,2025-02-07 08:00:00.000,3b95f186-0f89-4511-929f-46348f229dbc,
62900571,2025-02-07 08:00:00.000,,6f07452b-c785-4be5-a6a7-a7f2e83632b4.binning_data.json,62900571,2025-02-07 09:06:31.246,2025-02-07 09:06:31.246,UTC-0300,hriiVjEkYE,,com.sec.android.app.shealth,2025-02-07 09:00:00.000,6f07452b-c785-4be5-a6a7-a7f2e83632b4,
62900571,2025-02-07 09:00:00.000,,b3ad2c28-3989-4770-b1fb-7e73ed4542f3.binning_data.json,62900571,2025-02-07 10:11:53.002,2025-02-07 10:11:53.002,UTC-0300,hriiVjEkYE,,com.sec.android.app.shealth,2025-02-07 10:00:00.000,b3ad2c28-3989-4770-b1fb-7e73ed4542f3,
62900571,2025-02-07 10:00:00.000,,45ec5fe5-79d0-44b8-b493-38769cafe7c9.binning_data.json,62900571,2025-02-07 10:32:50.902,2025-02-07 10:32:50.902,UTC-0300,hriiVjEkYE,,com.sec.android.app.shealth,2025-02-07 10:32:50.769,45ec5fe5-79d0-44b8-b493-38769cafe7c9,
62900571,2025-02-08 04:00:00.000,,cd004048-2d7d-4e08-a0c0-526f97a582fb.binning_data.json,62900571,2025-02-08 05:09:35.713,2025-02-08 05:09:35.713,UTC-0300,hriiVjEkYE,,com.sec.android.app.shealth,2025-02-08 05:00:00.000,cd004048-2d7d-4e08-a0c0-526f97a582fb,
62900571,2025-02-08 05:00:00.000,,d4aad8cb-33fa-4e14-aaaf-6d590b9f79aa.binning_data.json,62900571,2025-02-08 06:15:00.186,2025-02-08 06:15:00.186,UTC-0300,hriiVjEkYE,,com.sec.android.app.shealth,2025-02-08 06:00:00.000,d4aad8cb-33fa-4e14-aaaf-6d590b9f79aa,
62900571,2025-02-08 06:00:00.000,,15f98245-7313-4780-b210-8334ae8d6d51.binning_data.json,62900571,2025-02-08 07:15:00.300,2025-02-08 07:15:00.300,UTC-0300,hriiVjEkYE,,com.sec.android.app.shealth,2025-02-08 07:00:00.000,15f98245-7313-4780-b210-8334ae8d6d51,
62900571,2025-02-08 07:00:00.000,,d7543a4f-a0ba-43fc-a263-92c1e66b03ba.binning_data.json,62900571,2025-02-08 08:15:00.131,2025-02-08 08:15:00.131,UTC-0300,hriiVjEkYE,,com.sec.android.app.shealth,2025-02-08 08:00:00.000,d7543a4f-a0ba-43fc-a263-92c1e66b03ba,
62900571,2025-02-08 08:00:00.000,,5e70b0bc-4079-4587-8fd7-ec69c86c1b75.binning_data.json,62900571,2025-02-08 09:15:00.224,2025-02-08 09:15:00.224,UTC-0300,hriiVjEkYE,,com.sec.android.app.shealth,2025-02-08 09:00:00.000,5e70b0bc-4079-4587-8fd7-ec69c86c1b75,
62900571,2025-02-08 09:00:00.000,,e5b0f9ba-2c07-4f7a-a53a-0a4ecb2f30c8.binning_data.json,62900571,2025-02-08 10:15:00.243,2025-02-08 10:15:00.243,UTC-0300,hriiVjEkYE,,com.sec.android.app.shealth,2025-02-08 10:00:00.000,e5b0f9ba-2c07-4f7a-a53a-0a4ecb2f30c8,
62900571,2025-02-08 10:00:00.000,,2f5cb6de-a809-484f-85e6-c8d4044013a6.binning_data.json,62900571,2025-02-08 11:15:00.295,2025-02-08 11:15:00.295,UTC-0300,hriiVjEkYE,,com.sec.android.app.shealth,2025-02-08 11:00:00.000,2f5cb6de-a809-484f-85e6-c8d4044013a6,
62900571,2025-02-08 11:00:00.000,,8ddc773f-05d2-4059-895b-f817a0695547.binning_data.json,62900571,2025-02-08 11:46:22.631,2025-02-08 11:46:22.631,UTC-0300,hriiVjEkYE,,com.sec.android.app.shealth,2025-02-08 11:46:22.487,8ddc773f-05d2-4059-895b-f817a0695547,
62900571,2025-02-09 03:00:00.000,,7c6b0055-6c98-4b87-9d8c-e711a716ece6.binning_data.json,62900571,2025-02-09 04:06:19.485,2025-02-09 04:06:19.485,UTC-0300,hriiVjEkYE,,com.sec.android.app.shealth,2025-02-09 04:00:00.000,7c6b0055-6c98-4b87-9d8c-e711a716ece6,
62900571,2025-02-09 04:00:00.000,,4daacf08-b8c1-4778-8bf0-c22c40782d9b.binning_data.json,62900571,2025-02-09 05:15:00.954,2025-02-09 05:15:00.954,UTC-0300,hriiVjEkYE,,com.sec.android.app.shealth,2025-02-09 05:00:00.000,4daacf08-b8c1-4778-8bf0-c22c40782d9b,
62900571,2025-02-09 05:00:00.000,,6a555d7f-96c6-4c5a-97b8-57855e83918b.binning_data.json,62900571,2025-02-09 06:15:01.063,2025-02-09 06:15:01.063,UTC-0300,hriiVjEkYE,,com.sec.android.app.shealth,2025-02-09 06:00:00.000,6a555d7f-96c6-4c5a-97b8-57855e83918b,
62900571,2025-02-09 06:00:00.000,,26a9ce0a-ff05-463a-80c8-e1fdd9f8354f.binning_data.json,62900571,2025-02-09 07:07:09.443,2025-02-09 07:07:09.443,UTC-0300,hriiVjEkYE,,com.sec.android.app.shealth,2025-02-09 07:00:00.000,26a9ce0a-ff05-463a-80c8-e1fdd9f8354f,
62900571,2025-02-09 07:00:00.000,,ec5c7eca-6f8a-4794-941e-137e694d274b.binning_data.json,62900571,2025-02-09 08:15:00.388,2025-02-09 08:15:00.388,UTC-0300,hriiVjEkYE,,com.sec.android.app.shealth,2025-02-09 08:00:00.000,ec5c7eca-6f8a-4794-941e-137e694d274b,
62900571,2025-02-09 08:00:00.000,,64a39865-b54f-45cc-960e-50c4e837e178.binning_data.json,62900571,2025-02-09 09:15:00.711,2025-02-09 09:15:00.711,UTC-0300,hriiVjEkYE,,com.sec.android.app.shealth,2025-02-09 09:00:00.000,64a39865-b54f-45cc-960e-50c4e837e178,
62900571,2025-02-09 09:00:00.000,,5f1f3d38-c648-40a3-af8b-1cfdc5ae57b4.binning_data.json,62900571,2025-02-09 10:05:05.353,2025-02-09 10:05:05.353,UTC-0300,hriiVjEkYE,,com.sec.android.app.shealth,2025-02-09 10:00:00.000,5f1f3d38-c648-40a3-af8b-1cfdc5ae57b4,
62900571,2025-02-09 10:00:00.000,,e65c149b-db7f-4d6f-89d0-e72d2cfe9d82.binning_data.json,62900571,2025-02-09 11:14:57.092,2025-02-09 11:14:57.092,UTC-0300,hriiVjEkYE,,com.sec.android.app.shealth,2025-02-09 11:00:00.000,e65c149b-db7f-4d6f-89d0-e72d2cfe9d82,
62900571,2025-02-09 11:00:00.000,,ecbec9d6-5fc5-49b7-b4cd-79141c8f8c61.binning_data.json,62900571,2025-02-09 12:15:01.074,2025-02-09 12:15:01.074,UTC-0300,hriiVjEkYE,,com.sec.android.app.shealth,2025-02-09 12:00:00.000,ecbec9d6-5fc5-49b7-b4cd-79141c8f8c61,
62900571,2025-02-09 12:00:00.000,,09593194-1e04-47cf-9d89-c65bcf06f60b.binning_data.json,62900571,2025-02-09 13:08:09.271,2025-02-09 13:08:09.271,UTC-0300,hriiVjEkYE,,com.sec.android.app.shealth,2025-02-09 13:00:00.000,09593194-1e04-47cf-9d89-c65bcf06f60b,
62900571,2025-02-09 13:00:00.000,,8aba8f3f-6a18-459f-9233-fe025f57d6eb.binning_data.json,62900571,2025-02-09 14:07:59.033,2025-02-09 14:07:59.033,UTC-0300,hriiVjEkYE,,com.sec.android.app.shealth,2025-02-09 14:00:00.000,8aba8f3f-6a18-459f-9233-fe025f57d6eb,
62900571,2025-02-09 14:00:00.000,,8f4fe72d-e78b-4af8-a0c7-1ad3e1e07855.binning_data.json,62900571,2025-02-09 14:23:34.085,2025-02-09 14:23:34.085,UTC-0300,hriiVjEkYE,,com.sec.android.app.shealth,2025-02-09 14:23:33.963,8f4fe72d-e78b-4af8-a0c7-1ad3e1e07855,
62900571,2025-02-10 03:00:00.000,,f7a0cc89-0962-4fce-b878-482fe7a4b1ef.binning_data.json,62900571,2025-02-10 04:14:13.032,2025-02-10 04:14:13.032,UTC-0300,hriiVjEkYE,,com.sec.android.app.shealth,2025-02-10 04:00:00.000,f7a0cc89-0962-4fce-b878-482fe7a4b1ef,
62900571,2025-02-10 04:00:00.000,,ff603d87-0efe-4ba1-885e-f93c5834ab0b.binning_data.json,62900571,2025-02-10 05:15:00.184,2025-02-10 05:15:00.184,UTC-0300,hriiVjEkYE,,com.sec.android.app.shealth,2025-02-10 05:00:00.000,ff603d87-0efe-4ba1-885e-f93c5834ab0b,
62900571,2025-02-10 05:00:00.000,,7c1393f8-7bca-4f9d-ab58-a3abe64bbaf9.binning_data.json,62900571,2025-02-10 06:15:01.062,2025-02-10 06:15:01.062,UTC-0300,hriiVjEkYE,,com.sec.android.app.shealth,2025-02-10 06:00:00.000,7c1393f8-7bca-4f9d-ab58-a3abe64bbaf9,
62900571,2025-02-10 06:00:00.000,,28a33aa8-7ab4-4025-8efc-5eeee662ae8c.binning_data.json,62900571,2025-02-10 07:15:00.902,2025-02-10 07:15:00.902,UTC-0300,hriiVjEkYE,,com.sec.android.app.shealth,2025-02-10 07:00:00.000,28a33aa8-7ab4-4025-8efc-5eeee662ae8c,
62900571,2025-02-10 07:00:00.000,,0170908a-73fa-4f2a-84c6-e809542cb37e.binning_data.json,62900571,2025-02-10 08:15:00.909,2025-02-10 08:15:00.909,UTC-0300,hriiVjEkYE,,com.sec.android.app.shealth,2025-02-10 08:00:00.000,0170908a-73fa-4f2a-84c6-e809542cb37e,
62900571,2025-02-10 08:00:00.000,,52b7104d-56b8-4dab-9db0-d1f7603f01d3.binning_data.json,62900571,2025-02-10 09:15:00.961,2025-02-10 09:15:00.961,UTC-0300,hriiVjEkYE,,com.sec.android.app.shealth,2025-02-10 09:00:00.000,52b7104d-56b8-4dab-9db0-d1f7603f01d3,
62900571,2025-02-10 09:00:00.000,,0f7266d0-a7f8-46df-8859-70042a511e0a.binning_data.json,62900571,2025-02-10 10:15:00.870,2025-02-10 10:15:00.870,UTC-0300,hriiVjEkYE,,com.sec.android.app.shealth,2025-02-10 10:00:00.000,0f7266d0-a7f8-46df-8859-70042a511e0a,
62900571,2025-02-10 10:00:00.000,,d260a341-dfca-46dc-97ce-a8498742e779.binning_data.json,62900571,2025-02-10 11:11:31.886,2025-02-10 11:11:31.886,UTC-0300,hriiVjEkYE,,com.sec.android.app.shealth,2025-02-10 11:00:00.000,d260a341-dfca-46dc-97ce-a8498742e779,
62900571,2025-02-10 11:00:00.000,,1fcd5e0c-a70a-47be-97b3-40550bfad021.binning_data.json,62900571,2025-02-10 11:25:38.910,2025-02-10 11:25:38.910,UTC-0300,hriiVjEkYE,,com.sec.android.app.shealth,2025-02-10 11:25:38.767,1fcd5e0c-a70a-47be-97b3-40550bfad021,
62900571,2025-02-11 04:00:00.000,,fe02ba1d-1e0a-4b61-b2bc-42184ab52982.binning_data.json,62900571,2025-02-11 05:15:00.287,2025-02-11 05:15:00.287,UTC-0300,hriiVjEkYE,,com.sec.android.app.shealth,2025-02-11 05:00:00.000,fe02ba1d-1e0a-4b61-b2bc-42184ab52982,
62900571,2025-02-11 05:00:00.000,,056ac549-b800-4e00-a970-f199464b851e.binning_data.json,62900571,2025-02-11 06:15:00.379,2025-02-11 06:15:00.379,UTC-0300,hriiVjEkYE,,com.sec.android.app.shealth,2025-02-11 06:00:00.000,056ac549-b800-4e00-a970-f199464b851e,
62900571,2025-02-11 06:00:00.000,,e62c386f-4e46-4e1c-ac74-07d06856b38c.binning_data.json,62900571,2025-02-11 07:11:39.032,2025-02-11 07:11:39.032,UTC-0300,hriiVjEkYE,,com.sec.android.app.shealth,2025-02-11 07:00:00.000,e62c386f-4e46-4e1c-ac74-07d06856b38c,
62900571,2025-02-11 07:00:00.000,,ebd0ba8a-287a-4547-8fcc-4fed8c5a6438.binning_data.json,62900571,2025-02-11 08:15:00.680,2025-02-11 08:15:00.680,UTC-0300,hriiVjEkYE,,com.sec.android.app.shealth,2025-02-11 08:00:00.000,ebd0ba8a-287a-4547-8fcc-4fed8c5a6438,
62900571,2025-02-11 08:00:00.000,,61ff1fcf-ce6b-4ef8-bd6f-1f18682cc34f.binning_data.json,62900571,2025-02-11 09:15:00.986,2025-02-11 09:15:00.986,UTC-0300,hriiVjEkYE,,com.sec.android.app.shealth,2025-02-11 09:00:00.000,61ff1fcf-ce6b-4ef8-bd6f-1f18682cc34f,
62900571,2025-02-11 09:00:00.000,,099a30ad-db63-4076-870f-102d3eb1f8d4.binning_data.json,62900571,2025-02-11 10:06:53.883,2025-02-11 10:06:53.883,UTC-0300,hriiVjEkYE,,com.sec.android.app.shealth,2025-02-11 10:00:00.000,099a30ad-db63-4076-870f-102d3eb1f8d4,
62900571,2025-02-11 10:00:00.000,,118c7f5b-1d58-4567-918e-c827cdef9728.binning_data.json,62900571,2025-02-11 11:11:37.702,2025-02-11 10:16:42.795,UTC-0300,hriiVjEkYE,,com.sec.android.app.shealth,2025-02-11 11:00:00.000,118c7f5b-1d58-4567-918e-c827cdef9728,
62900571,2025-02-11 11:00:00.000,,ec1b790c-5860-4bf5-894d-d95a1b8fa71e.binning_data.json,62900571,2025-02-11 11:28:05.127,2025-02-11 11:28:05.127,UTC-0300,hriiVjEkYE,,com.sec.android.app.shealth,2025-02-11 11:28:05.092,ec1b790c-5860-4bf5-894d-d95a1b8fa71e,
62900571,2025-02-13 04:00:00.000,,705d3f5a-0331-4afe-b0b7-49cb17447c8f.binning_data.json,62900571,2025-02-13 05:15:00.529,2025-02-13 05:15:00.529,UTC-0300,hriiVjEkYE,,com.sec.android.app.shealth,2025-02-13 05:00:00.000,705d3f5a-0331-4afe-b0b7-49cb17447c8f,
62900571,2025-02-13 05:00:00.000,,cb4a371c-ef42-4319-be42-1ae20b8f7af2.binning_data.json,62900571,2025-02-13 06:15:00.725,2025-02-13 06:15:00.725,UTC-0300,hriiVjEkYE,,com.sec.android.app.shealth,2025-02-13 06:00:00.000,cb4a371c-ef42-4319-be42-1ae20b8f7af2,
62900571,2025-02-13 06:00:00.000,,4af440a7-483b-43b6-96cc-04420e2faf60.binning_data.json,62900571,2025-02-13 07:15:01.080,2025-02-13 07:15:01.080,UTC-0300,hriiVjEkYE,,com.sec.android.app.shealth,2025-02-13 07:00:00.000,4af440a7-483b-43b6-96cc-04420e2faf60,
62900571,2025-02-13 07:00:00.000,,8f73830d-a778-445c-a059-f828014e94b8.binning_data.json,62900571,2025-02-13 08:15:00.255,2025-02-13 08:15:00.255,UTC-0300,hriiVjEkYE,,com.sec.android.app.shealth,2025-02-13 08:00:00.000,8f73830d-a778-445c-a059-f828014e94b8,
62900571,2025-02-13 08:00:00.000,,8d8e4ce8-6d5f-4e02-a6df-4dd6d9299e79.binning_data.json,62900571,2025-02-13 09:15:00.490,2025-02-13 09:15:00.490,UTC-0300,hriiVjEkYE,,com.sec.android.app.shealth,2025-02-13 09:00:00.000,8d8e4ce8-6d5f-4e02-a6df-4dd6d9299e79,
62900571,2025-02-13 09:00:00.000,,2c880c79-53bb-4e20-bfa8-b1e00689fb02.binning_data.json,62900571,2025-02-13 10:09:31.625,2025-02-13 10:09:31.625,UTC-0300,hriiVjEkYE,,com.sec.android.app.shealth,2025-02-13 10:00:00.000,2c880c79-53bb-4e20-bfa8-b1e00689fb02,
62900571,2025-02-13 10:00:00.000,,d9ba64be-5fcb-401e-9bd8-aed42f68d534.binning_data.json,62900571,2025-02-13 10:35:58.882,2025-02-13 10:35:58.882,UTC-0300,hriiVjEkYE,,com.sec.android.app.shealth,2025-02-13 10:35:58.735,d9ba64be-5fcb-401e-9bd8-aed42f68d534,
62900571,2025-02-16 05:00:00.000,,7d4c5754-d025-4f9b-ab88-da3c62751c96.binning_data.json,62900571,2025-02-16 06:15:01.632,2025-02-16 06:15:01.632,UTC-0300,hriiVjEkYE,,com.sec.android.app.shealth,2025-02-16 06:00:00.000,7d4c5754-d025-4f9b-ab88-da3c62751c96,
62900571,2025-02-16 06:00:00.000,,630acd72-fe76-49e3-9c77-f7a6688f74b9.binning_data.json,62900571,2025-02-16 07:15:01.593,2025-02-16 07:15:01.593,UTC-0300,hriiVjEkYE,,com.sec.android.app.shealth,2025-02-16 07:00:00.000,630acd72-fe76-49e3-9c77-f7a6688f74b9,
62900571,2025-02-16 07:00:00.000,,f6f2cb75-60dc-4a59-885d-3b7637bfb387.binning_data.json,62900571,2025-02-16 08:15:01.641,2025-02-16 08:15:01.641,UTC-0300,hriiVjEkYE,,com.sec.android.app.shealth,2025-02-16 08:00:00.000,f6f2cb75-60dc-4a59-885d-3b7637bfb387,
62900571,2025-02-16 08:00:00.000,,04a59155-9785-4b91-8f8e-05c452cad80d.binning_data.json,62900571,2025-02-16 09:15:00.680,2025-02-16 09:15:00.680,UTC-0300,hriiVjEkYE,,com.sec.android.app.shealth,2025-02-16 09:00:00.000,04a59155-9785-4b91-8f8e-05c452cad80d,
62900571,2025-02-16 09:00:00.000,,625018b3-6d6f-4493-9945-1106fcebc023.binning_data.json,62900571,2025-02-16 10:15:00.728,2025-02-16 10:15:00.728,UTC-0300,hriiVjEkYE,,com.sec.android.app.shealth,2025-02-16 10:00:00.000,625018b3-6d6f-4493-9945-1106fcebc023,
62900571,2025-02-16 10:00:00.000,,1e5dd689-5441-417b-bdc6-97a74035dfbd.binning_data.json,62900571,2025-02-16 11:17:08.848,2025-02-16 11:17:08.848,UTC-0300,hriiVjEkYE,,com.sec.android.app.shealth,2025-02-16 11:00:00.000,1e5dd689-5441-417b-bdc6-97a74035dfbd,
62900571,2025-02-16 11:00:00.000,,a22e2db5-0a97-48e9-b400-56ce7bc56246.binning_data.json,62900571,2025-02-16 12:15:00.841,2025-02-16 12:15:00.841,UTC-0300,hriiVjEkYE,,com.sec.android.app.shealth,2025-02-16 12:00:00.000,a22e2db5-0a97-48e9-b400-56ce7bc56246,
62900571,2025-02-16 12:00:00.000,,e094c449-e72f-475a-914a-f6324be55d7d.binning_data.json,62900571,2025-02-16 13:15:00.736,2025-02-16 13:15:00.736,UTC-0300,hriiVjEkYE,,com.sec.android.app.shealth,2025-02-16 13:00:00.000,e094c449-e72f-475a-914a-f6324be55d7d,
62900571,2025-02-16 13:00:00.000,,14c9b310-a373-4335-96b0-f2277d8eac39.binning_data.json,62900571,2025-02-16 13:57:04.746,2025-02-16 13:57:04.746,UTC-0300,hriiVjEkYE,,com.sec.android.app.shealth,2025-02-16 13:57:04.627,14c9b310-a373-4335-96b0-f2277d8eac39,
62910031,2025-02-18 04:00:00.000,,ce7cd49b-6762-4ac4-a7ab-18bc32514c5d.binning_data.json,62910031,2025-02-18 05:15:00.395,2025-02-18 05:15:00.395,UTC-0300,hriiVjEkYE,,com.sec.android.app.shealth,2025-02-18 05:00:00.000,ce7cd49b-6762-4ac4-a7ab-18bc32514c5d,
62910031,2025-02-18 05:00:00.000,,bb74b100-9fec-452c-a2be-02ee46277347.binning_data.json,62910031,2025-02-18 06:09:34.868,2025-02-18 06:09:34.868,UTC-0300,hriiVjEkYE,,com.sec.android.app.shealth,2025-02-18 06:00:00.000,bb74b100-9fec-452c-a2be-02ee46277347,
62910031,2025-02-18 06:00:00.000,,601b3003-0567-4224-a899-97988763d7ad.binning_data.json,62910031,2025-02-18 07:15:00.570,2025-02-18 07:15:00.570,UTC-0300,hriiVjEkYE,,com.sec.android.app.shealth,2025-02-18 07:00:00.000,601b3003-0567-4224-a899-97988763d7ad,
62910031,2025-02-18 07:00:00.000,,8c94b5e8-3a96-45d1-a550-a4f5085203a9.binning_data.json,62910031,2025-02-18 08:15:00.553,2025-02-18 08:15:00.553,UTC-0300,hriiVjEkYE,,com.sec.android.app.shealth,2025-02-18 08:00:00.000,8c94b5e8-3a96-45d1-a550-a4f5085203a9,
62910031,2025-02-18 08:00:00.000,,fe1c8818-7520-489a-bf3e-d6e26439893e.binning_data.json,62910031,2025-02-18 09:07:52.202,2025-02-18 09:07:52.202,UTC-0300,hriiVjEkYE,,com.sec.android.app.shealth,2025-02-18 09:00:00.000,fe1c8818-7520-489a-bf3e-d6e26439893e,
62910031,2025-02-18 09:00:00.000,,c9e428a8-cc8f-4422-8cb4-ff76a70116bb.binning_data.json,62910031,2025-02-18 10:10:51.113,2025-02-18 10:10:51.113,UTC-0300,hriiVjEkYE,,com.sec.android.app.shealth,2025-02-18 10:00:00.000,c9e428a8-cc8f-4422-8cb4-ff76a70116bb,
62910031,2025-02-18 10:00:00.000,,dcf826e9-e2c1-4a24-8ac5-693c72fac986.binning_data.json,62910031,2025-02-18 11:06:22.321,2025-02-18 11:06:22.321,UTC-0300,hriiVjEkYE,,com.sec.android.app.shealth,2025-02-18 11:00:00.000,dcf826e9-e2c1-4a24-8ac5-693c72fac986,
62910031,2025-02-18 11:00:00.000,,d026b41c-830d-4b27-b858-fecc92350e6c.binning_data.json,62910031,2025-02-18 11:13:12.612,2025-02-18 11:13:12.612,UTC-0300,hriiVjEkYE,,com.sec.android.app.shealth,2025-02-18 11:13:12.467,d026b41c-830d-4b27-b858-fecc92350e6c,
62910031,2025-02-19 04:00:00.000,,35d46248-d451-46a1-8fc7-beccd3431ce7.binning_data.json,62910031,2025-02-19 05:15:00.718,2025-02-19 05:15:00.718,UTC-0300,hriiVjEkYE,,com.sec.android.app.shealth,2025-02-19 05:00:00.000,35d46248-d451-46a1-8fc7-beccd3431ce7,
62910031,2025-02-19 05:00:00.000,,794d5739-6204-4af3-b135-312959cdfe3b.binning_data.json,62910031,2025-02-19 06:12:02.728,2025-02-19 06:12:02.728,UTC-0300,hriiVjEkYE,,com.sec.android.app.shealth,2025-02-19 06:00:00.000,794d5739-6204-4af3-b135-312959cdfe3b,
62910031,2025-02-19 06:00:00.000,,88069e5f-b593-41a6-beb3-388b8a3ccbf1.binning_data.json,62910031,2025-02-19 07:15:00.342,2025-02-19 07:15:00.342,UTC-0300,hriiVjEkYE,,com.sec.android.app.shealth,2025-02-19 07:00:00.000,88069e5f-b593-41a6-beb3-388b8a3ccbf1,
62910031,2025-02-19 07:00:00.000,,36c9b265-c2a9-4791-b735-5f724b86506d.binning_data.json,62910031,2025-02-19 08:15:00.314,2025-02-19 08:15:00.314,UTC-0300,hriiVjEkYE,,com.sec.android.app.shealth,2025-02-19 08:00:00.000,36c9b265-c2a9-4791-b735-5f724b86506d,
62910031,2025-02-19 08:00:00.000,,e33044db-7efb-48f3-bab2-3df06b02d289.binning_data.json,62910031,2025-02-19 09:15:00.464,2025-02-19 09:15:00.464,UTC-0300,hriiVjEkYE,,com.sec.android.app.shealth,2025-02-19 09:00:00.000,e33044db-7efb-48f3-bab2-3df06b02d289,
62910031,2025-02-19 09:00:00.000,,74bdf65a-c2ae-434e-8744-1c76a1a582af.binning_data.json,62910031,2025-02-19 10:12:17.762,2025-02-19 10:12:17.762,UTC-0300,hriiVjEkYE,,com.sec.android.app.shealth,2025-02-19 10:00:00.000,74bdf65a-c2ae-434e-8744-1c76a1a582af,
62910031,2025-02-19 10:00:00.000,,c2bd30a0-2df0-4031-9018-89e200c6efb7.binning_data.json,62910031,2025-02-19 10:33:26.281,2025-02-19 10:33:26.281,UTC-0300,hriiVjEkYE,,com.sec.android.app.shealth,2025-02-19 10:33:26.203,c2bd30a0-2df0-4031-9018-89e200c6efb7,
62910031,2025-02-20 03:00:00.000,,17cbd1a3-5bad-43ac-84e8-93f0d297dd6e.binning_data.json,62910031,2025-02-20 04:05:32.067,2025-02-20 04:05:32.067,UTC-0300,hriiVjEkYE,,com.sec.android.app.shealth,2025-02-20 04:00:00.000,17cbd1a3-5bad-43ac-84e8-93f0d297dd6e,
62910031,2025-02-20 04:00:00.000,,d621d530-54ca-467e-8ab4-ae6b39b054ed.binning_data.json,62910031,2025-02-20 05:15:00.317,2025-02-20 05:15:00.317,UTC-0300,hriiVjEkYE,,com.sec.android.app.shealth,2025-02-20 05:00:00.000,d621d530-54ca-467e-8ab4-ae6b39b054ed,
62910031,2025-02-20 05:00:00.000,,4391c75e-541e-4432-9155-2e10e268473f.binning_data.json,62910031,2025-02-20 06:15:00.463,2025-02-20 06:15:00.463,UTC-0300,hriiVjEkYE,,com.sec.android.app.shealth,2025-02-20 06:00:00.000,4391c75e-541e-4432-9155-2e10e268473f,
62910031,2025-02-20 06:00:00.000,,33bc7695-0eb6-4a42-b8b5-f5fb6d7d44cd.binning_data.json,62910031,2025-02-20 07:06:32.897,2025-02-20 07:06:32.897,UTC-0300,hriiVjEkYE,,com.sec.android.app.shealth,2025-02-20 07:00:00.000,33bc7695-0eb6-4a42-b8b5-f5fb6d7d44cd,
62910031,2025-02-20 07:00:00.000,,24d60dc4-c64a-414a-838a-597f288bd53e.binning_data.json,62910031,2025-02-20 08:15:01.007,2025-02-20 08:15:01.007,UTC-0300,hriiVjEkYE,,com.sec.android.app.shealth,2025-02-20 08:00:00.000,24d60dc4-c64a-414a-838a-597f288bd53e,
62910031,2025-02-20 08:00:00.000,,0dd98721-298e-464f-8b94-6d1efbf20635.binning_data.json,62910031,2025-02-20 09:15:01.129,2025-02-20 09:15:01.129,UTC-0300,hriiVjEkYE,,com.sec.android.app.shealth,2025-02-20 09:00:00.000,0dd98721-298e-464f-8b94-6d1efbf20635,
62910031,2025-02-20 09:00:00.000,,cf4a9606-abf2-4fab-aa11-6761ec417a58.binning_data.json,62910031,2025-02-20 10:07:40.631,2025-02-20 10:07:40.631,UTC-0300,hriiVjEkYE,,com.sec.android.app.shealth,2025-02-20 10:00:00.000,cf4a9606-abf2-4fab-aa11-6761ec417a58,
62910031,2025-02-20 10:00:00.000,,3235d79e-fdcf-4c93-8bf9-ebcf824afb9a.binning_data.json,62910031,2025-02-20 10:25:41.514,2025-02-20 10:25:41.514,UTC-0300,hriiVjEkYE,,com.sec.android.app.shealth,2025-02-20 10:25:41.436,3235d79e-fdcf-4c93-8bf9-ebcf824afb9a,
62910031,2025-02-21 03:00:00.000,,1baea0cd-b5de-47a1-a004-012dc1037aba.binning_data.json,62910031,2025-02-21 04:07:18.015,2025-02-21 04:07:18.015,UTC-0300,hriiVjEkYE,,com.sec.android.app.shealth,2025-02-21 04:00:00.000,1baea0cd-b5de-47a1-a004-012dc1037aba,
62910031,2025-02-21 04:00:00.000,,8fc9c75b-aa9c-4c48-9e91-cc880f56bc98.binning_data.json,62910031,2025-02-21 05:15:00.397,2025-02-21 05:15:00.397,UTC-0300,hriiVjEkYE,,com.sec.android.app.shealth,2025-02-21 05:00:00.000,8fc9c75b-aa9c-4c48-9e91-cc880f56bc98,
62910031,2025-02-21 05:00:00.000,,f5d85210-fe10-4a35-b54b-5ab48c3e9efb.binning_data.json,62910031,2025-02-21 06:15:00.548,2025-02-21 06:15:00.548,UTC-0300,hriiVjEkYE,,com.sec.android.app.shealth,2025-02-21 06:00:00.000,f5d85210-fe10-4a35-b54b-5ab48c3e9efb,
62910031,2025-02-21 06:00:00.000,,3b2fc609-69f5-4c7e-a8cd-35049310e9b3.binning_data.json,62910031,2025-02-21 07:09:03.454,2025-02-21 07:09:03.454,UTC-0300,hriiVjEkYE,,com.sec.android.app.shealth,2025-02-21 07:00:00.000,3b2fc609-69f5-4c7e-a8cd-35049310e9b3,
62910031,2025-02-21 07:00:00.000,,a084f229-0e04-49a4-8edc-193f31825562.binning_data.json,62910031,2025-02-21 08:15:00.878,2025-02-21 08:15:00.878,UTC-0300,hriiVjEkYE,,com.sec.android.app.shealth,2025-02-21 08:00:00.000,a084f229-0e04-49a4-8edc-193f31825562,
62910031,2025-02-21 08:00:00.000,,785c5a74-28dc-4fae-b271-329bd2b66219.binning_data.json,62910031,2025-02-21 09:10:16.021,2025-02-21 09:10:16.021,UTC-0300,hriiVjEkYE,,com.sec.android.app.shealth,2025-02-21 09:00:00.000,785c5a74-28dc-4fae-b271-329bd2b66219,
62910031,2025-02-21 09:00:00.000,,483f9b23-3ac8-4be5-961b-38fbec0f8253.binning_data.json,62910031,2025-02-21 09:42:28.646,2025-02-21 09:42:28.646,UTC-0300,hriiVjEkYE,,com.sec.android.app.shealth,2025-02-21 09:42:28.514,483f9b23-3ac8-4be5-961b-38fbec0f8253,
62910031,2025-02-24 04:00:00.000,,5e369726-e4e8-4cc5-93b4-cba9597b27cb.binning_data.json,62910031,2025-02-24 05:15:00.209,2025-02-24 05:15:00.209,UTC-0300,hriiVjEkYE,,com.sec.android.app.shealth,2025-02-24 05:00:00.000,5e369726-e4e8-4cc5-93b4-cba9597b27cb,
62910031,2025-02-24 05:00:00.000,,3c7c8edc-63a1-4b79-bc9c-83c6e7c2c6b5.binning_data.json,62910031,2025-02-24 06:15:00.707,2025-02-24 06:15:00.707,UTC-0300,hriiVjEkYE,,com.sec.android.app.shealth,2025-02-24 06:00:00.000,3c7c8edc-63a1-4b79-bc9c-83c6e7c2c6b5,
62910031,2025-02-24 06:00:00.000,,125f6f78-e24d-4d70-b263-96f557de1ca3.binning_data.json,62910031,2025-02-24 07:15:00.606,2025-02-24 07:15:00.606,UTC-0300,hriiVjEkYE,,com.sec.android.app.shealth,2025-02-24 07:00:00.000,125f6f78-e24d-4d70-b263-96f557de1ca3,
62910031,2025-02-24 07:00:00.000,,5023df84-e94a-4c2c-a2d6-e9518fef8b4d.binning_data.json,62910031,2025-02-24 08:15:00.483,2025-02-24 08:15:00.483,UTC-0300,hriiVjEkYE,,com.sec.android.app.shealth,2025-02-24 08:00:00.000,5023df84-e94a-4c2c-a2d6-e9518fef8b4d,
62910031,2025-02-24 08:00:00.000,,32afaa95-6311-4e84-b66a-4864c0662520.binning_data.json,62910031,2025-02-24 09:15:00.203,2025-02-24 09:15:00.203,UTC-0300,hriiVjEkYE,,com.sec.android.app.shealth,2025-02-24 09:00:00.000,32afaa95-6311-4e84-b66a-4864c0662520,
62910031,2025-02-24 09:00:00.000,,94664bae-b41c-4218-bb84-1b6ec513b9c5.binning_data.json,62910031,2025-02-24 10:15:01.005,2025-02-24 10:15:01.005,UTC-0300,hriiVjEkYE,,com.sec.android.app.shealth,2025-02-24 10:00:00.000,94664bae-b41c-4218-bb84-1b6ec513b9c5,
62910031,2025-02-24 10:00:00.000,,48968e71-1167-46a5-ad5b-ec10848111b7.binning_data.json,62910031,2025-02-24 11:11:33.795,2025-02-24 11:11:33.795,UTC-0300,hriiVjEkYE,,com.sec.android.app.shealth,2025-02-24 11:00:00.000,48968e71-1167-46a5-ad5b-ec10848111b7,
62910031,2025-02-24 11:00:00.000,,b7cea4d5-96ee-44cf-a990-f0f87cd5effd.binning_data.json,62910031,2025-02-24 11:43:51.207,2025-02-24 11:43:51.207,UTC-0300,hriiVjEkYE,,com.sec.android.app.shealth,2025-02-24 11:43:50.965,b7cea4d5-96ee-44cf-a990-f0f87cd5effd,
62910031,2025-02-26 04:00:00.000,,6e4527f2-66c7-484c-901a-fa93fa70bbde.binning_data.json,62910031,2025-02-26 05:15:00.196,2025-02-26 05:15:00.196,UTC-0300,hriiVjEkYE,,com.sec.android.app.shealth,2025-02-26 05:00:00.000,6e4527f2-66c7-484c-901a-fa93fa70bbde,
62910031,2025-02-26 05:00:00.000,,09067fa9-fe39-4ad2-86db-179e7d6d6bdc.binning_data.json,62910031,2025-02-26 06:15:00.199,2025-02-26 06:15:00.199,UTC-0300,hriiVjEkYE,,com.sec.android.app.shealth,2025-02-26 06:00:00.000,09067fa9-fe39-4ad2-86db-179e7d6d6bdc,
62910031,2025-02-26 06:00:00.000,,82914892-472d-4952-90a2-5058ea546a38.binning_data.json,62910031,2025-02-26 07:15:00.504,2025-02-26 07:15:00.504,UTC-0300,hriiVjEkYE,,com.sec.android.app.shealth,2025-02-26 07:00:00.000,82914892-472d-4952-90a2-5058ea546a38,
62910031,2025-02-26 07:00:00.000,,5d44782b-7064-4d5f-9695-584c547c38ff.binning_data.json,62910031,2025-02-26 08:15:00.696,2025-02-26 08:15:00.696,UTC-0300,hriiVjEkYE,,com.sec.android.app.shealth,2025-02-26 08:00:00.000,5d44782b-7064-4d5f-9695-584c547c38ff,
62910031,2025-02-26 08:00:00.000,,58317613-01e8-40f8-bdc1-97eb8c23cb65.binning_data.json,62910031,2025-02-26 09:15:00.608,2025-02-26 09:15:00.608,UTC-0300,hriiVjEkYE,,com.sec.android.app.shealth,2025-02-26 09:00:00.000,58317613-01e8-40f8-bdc1-97eb8c23cb65,
62910031,2025-02-26 09:00:00.000,,bd2e7497-ebb8-4cc0-b0ad-dd382813964d.binning_data.json,62910031,2025-02-26 10:11:20.276,2025-02-26 10:11:20.276,UTC-0300,hriiVjEkYE,,com.sec.android.app.shealth,2025-02-26 10:00:00.000,bd2e7497-ebb8-4cc0-b0ad-dd382813964d,
62910031,2025-02-26 10:00:00.000,,c4de94eb-7dfa-4643-b3d9-55dce26a8f26.binning_data.json,62910031,2025-02-26 10:35:57.791,2025-02-26 10:35:57.791,UTC-0300,hriiVjEkYE,,com.sec.android.app.shealth,2025-02-26 10:35:57.739,c4de94eb-7dfa-4643-b3d9-55dce26a8f26,
62910031,2025-02-27 04:00:00.000,,5827457d-b9e8-45f6-a5fd-18c81af68ae0.binning_data.json,62910031,2025-02-27 05:15:02.065,2025-02-27 05:15:02.065,UTC-0300,hriiVjEkYE,,com.sec.android.app.shealth,2025-02-27 05:00:00.000,5827457d-b9e8-45f6-a5fd-18c81af68ae0,
62910031,2025-02-27 05:00:00.000,,eb3fc3fd-bd8e-48b1-be8c-018b829a026e.binning_data.json,62910031,2025-02-27 06:15:01.973,2025-02-27 06:15:01.973,UTC-0300,hriiVjEkYE,,com.sec.android.app.shealth,2025-02-27 06:00:00.000,eb3fc3fd-bd8e-48b1-be8c-018b829a026e,
62910031,2025-02-27 06:00:00.000,,ba665c48-773e-41b0-89ef-4eef419a8b24.binning_data.json,62910031,2025-02-27 07:15:01.274,2025-02-27 07:15:01.274,UTC-0300,hriiVjEkYE,,com.sec.android.app.shealth,2025-02-27 07:00:00.000,ba665c48-773e-41b0-89ef-4eef419a8b24,
62910031,2025-02-27 07:00:00.000,,84cddc6e-50f2-480b-98f3-dac959c4e435.binning_data.json,62910031,2025-02-27 08:15:01.471,2025-02-27 08:15:01.471,UTC-0300,hriiVjEkYE,,com.sec.android.app.shealth,2025-02-27 08:00:00.000,84cddc6e-50f2-480b-98f3-dac959c4e435,
62910031,2025-02-27 08:00:00.000,,ee4c040a-174a-44bc-bedf-28e8088ddce7.binning_data.json,62910031,2025-02-27 09:06:00.907,2025-02-27 09:06:00.907,UTC-0300,hriiVjEkYE,,com.sec.android.app.shealth,2025-02-27 09:00:00.000,ee4c040a-174a-44bc-bedf-28e8088ddce7,
62910031,2025-02-27 09:00:00.000,,09911700-b06e-40bb-aa0c-3d638928840b.binning_data.json,62910031,2025-02-27 10:15:01.140,2025-02-27 10:15:01.140,UTC-0300,hriiVjEkYE,,com.sec.android.app.shealth,2025-02-27 10:00:00.000,09911700-b06e-40bb-aa0c-3d638928840b,
62910031,2025-02-27 10:00:00.000,,3c439f8c-8d4a-4c25-9041-0fb88be2acbb.binning_data.json,62910031,2025-02-27 10:47:06.461,2025-02-27 10:47:06.461,UTC-0300,hriiVjEkYE,,com.sec.android.app.shealth,2025-02-27 10:47:06.347,3c439f8c-8d4a-4c25-9041-0fb88be2acbb,
62910031,2025-03-01 04:00:00.000,,708f90ab-0f41-4584-bae8-db5d5f7c23fa.binning_data.json,62910031,2025-03-01 05:15:00.658,2025-03-01 05:15:00.658,UTC-0300,hriiVjEkYE,,com.sec.android.app.shealth,2025-03-01 05:00:00.000,708f90ab-0f41-4584-bae8-db5d5f7c23fa,
62910031,2025-03-01 05:00:00.000,,6620b2da-554c-4b7e-8157-3d75257e2e2f.binning_data.json,62910031,2025-03-01 06:15:00.624,2025-03-01 06:15:00.624,UTC-0300,hriiVjEkYE,,com.sec.android.app.shealth,2025-03-01 06:00:00.000,6620b2da-554c-4b7e-8157-3d75257e2e2f,
62910031,2025-03-01 06:00:00.000,,06ab1cd9-a51b-4183-a5ff-a0ef0ac51e51.binning_data.json,62910031,2025-03-01 07:15:00.633,2025-03-01 07:15:00.633,UTC-0300,hriiVjEkYE,,com.sec.android.app.shealth,2025-03-01 07:00:00.000,06ab1cd9-a51b-4183-a5ff-a0ef0ac51e51,
62910031,2025-03-01 07:00:00.000,,b11bab2b-6898-4bb6-9961-ce3e969923e6.binning_data.json,62910031,2025-03-01 08:15:01.801,2025-03-01 08:15:01.801,UTC-0300,hriiVjEkYE,,com.sec.android.app.shealth,2025-03-01 08:00:00.000,b11bab2b-6898-4bb6-9961-ce3e969923e6,
62910031,2025-03-01 08:00:00.000,,b136fdd4-16b9-46bc-b4fb-0b7868a1d935.binning_data.json,62910031,2025-03-01 09:12:46.233,2025-03-01 09:12:46.233,UTC-0300,hriiVjEkYE,,com.sec.android.app.shealth,2025-03-01 09:00:00.000,b136fdd4-16b9-46bc-b4fb-0b7868a1d935,
62910031,2025-03-01 09:00:00.000,,f03c5d44-4267-4534-9fc1-d839424555df.binning_data.json,62910031,2025-03-01 10:11:05.967,2025-03-01 10:11:05.967,UTC-0300,hriiVjEkYE,,com.sec.android.app.shealth,2025-03-01 10:00:00.000,f03c5d44-4267-4534-9fc1-d839424555df,
62910031,2025-03-01 10:00:00.000,,9c6c867f-b9cc-46b4-80db-b522c91d68f0.binning_data.json,62910031,2025-03-01 11:15:01.074,2025-03-01 11:15:01.074,UTC-0300,hriiVjEkYE,,com.sec.android.app.shealth,2025-03-01 11:00:00.000,9c6c867f-b9cc-46b4-80db-b522c91d68f0,
62910031,2025-03-01 11:00:00.000,,4db9a73f-bd0e-4c2f-9d0e-f351523e34f6.binning_data.json,62910031,2025-03-01 12:11:56.441,2025-03-01 12:11:56.441,UTC-0300,hriiVjEkYE,,com.sec.android.app.shealth,2025-03-01 12:00:00.000,4db9a73f-bd0e-4c2f-9d0e-f351523e34f6,
62910031,2025-03-01 12:00:00.000,,9c3cb5ca-cae2-42b2-88d7-2b65a16f8931.binning_data.json,62910031,2025-03-01 13:15:00.588,2025-03-01 13:15:00.588,UTC-0300,hriiVjEkYE,,com.sec.android.app.shealth,2025-03-01 13:00:00.000,9c3cb5ca-cae2-42b2-88d7-2b65a16f8931,
62910031,2025-03-01 13:00:00.000,,fbf68784-d49b-4c73-9041-b622cc7f64f3.binning_data.json,62910031,2025-03-01 14:05:10.510,2025-03-01 14:05:10.510,UTC-0300,hriiVjEkYE,,com.sec.android.app.shealth,2025-03-01 14:00:00.000,fbf68784-d49b-4c73-9041-b622cc7f64f3,
62910031,2025-03-01 20:00:00.000,,adb54617-bb6e-4b21-bd78-f5badfa675c3.binning_data.json,62910031,2025-03-01 21:08:52.100,2025-03-01 21:08:51.933,UTC-0300,hriiVjEkYE,,com.sec.android.app.shealth,2025-03-01 21:00:00.000,adb54617-bb6e-4b21-bd78-f5badfa675c3,
62910031,2025-03-02 05:00:00.000,,99aa8d93-006b-4b33-b48d-1ae823ed64d9.binning_data.json,62910031,2025-03-02 06:15:00.578,2025-03-02 06:15:00.578,UTC-0300,hriiVjEkYE,,com.sec.android.app.shealth,2025-03-02 06:00:00.000,99aa8d93-006b-4b33-b48d-1ae823ed64d9,
62910031,2025-03-02 06:00:00.000,,5c72835b-b6a4-47fa-bd9d-15573605ec42.binning_data.json,62910031,2025-03-02 07:15:00.965,2025-03-02 07:15:00.965,UTC-0300,hriiVjEkYE,,com.sec.android.app.shealth,2025-03-02 07:00:00.000,5c72835b-b6a4-47fa-bd9d-15573605ec42,
62910031,2025-03-02 07:00:00.000,,239b7a42-6b74-4e59-ab55-842e8f317b18.binning_data.json,62910031,2025-03-02 08:09:00.794,2025-03-02 08:09:00.794,UTC-0300,hriiVjEkYE,,com.sec.android.app.shealth,2025-03-02 08:00:00.000,239b7a42-6b74-4e59-ab55-842e8f317b18,
62910031,2025-03-02 08:00:00.000,,28f2586e-2f26-4111-877a-bdd9b7b13028.binning_data.json,62910031,2025-03-02 09:15:00.669,2025-03-02 09:15:00.669,UTC-0300,hriiVjEkYE,,com.sec.android.app.shealth,2025-03-02 09:00:00.000,28f2586e-2f26-4111-877a-bdd9b7b13028,
62910031,2025-03-02 09:00:00.000,,18d10beb-7873-4f22-8c9a-71134eab2b34.binning_data.json,62910031,2025-03-02 10:15:01.018,2025-03-02 10:15:01.018,UTC-0300,hriiVjEkYE,,com.sec.android.app.shealth,2025-03-02 10:00:00.000,18d10beb-7873-4f22-8c9a-71134eab2b34,
62910031,2025-03-02 10:00:00.000,,3c7c1833-43e7-45ed-b3fb-66e690bd78b7.binning_data.json,62910031,2025-03-02 11:15:00.220,2025-03-02 11:15:00.220,UTC-0300,hriiVjEkYE,,com.sec.android.app.shealth,2025-03-02 11:00:00.000,3c7c1833-43e7-45ed-b3fb-66e690bd78b7,
62910031,2025-03-04 05:00:00.000,,548d6573-26d5-41e2-84b4-d6b8ff8d4ebc.binning_data.json,62910031,2025-03-04 06:10:44.190,2025-03-04 06:10:44.190,UTC-0300,hriiVjEkYE,,com.sec.android.app.shealth,2025-03-04 06:00:00.000,548d6573-26d5-41e2-84b4-d6b8ff8d4ebc,
62910031,2025-03-04 06:00:00.000,,58216218-0c09-4a7b-8518-50bc5585a12b.binning_data.json,62910031,2025-03-04 07:15:01.609,2025-03-04 07:15:01.609,UTC-0300,hriiVjEkYE,,com.sec.android.app.shealth,2025-03-04 07:00:00.000,58216218-0c09-4a7b-8518-50bc5585a12b,
62910031,2025-03-04 07:00:00.000,,343cd088-5d08-452a-997a-8bdc5780c888.binning_data.json,62910031,2025-03-04 08:05:47.490,2025-03-04 08:05:47.490,UTC-0300,hriiVjEkYE,,com.sec.android.app.shealth,2025-03-04 08:00:00.000,343cd088-5d08-452a-997a-8bdc5780c888,
62910031,2025-03-04 08:00:00.000,,1c4b18d8-b84a-4be3-a998-01821d3a4963.binning_data.json,62910031,2025-03-04 09:15:01.976,2025-03-04 09:15:01.976,UTC-0300,hriiVjEkYE,,com.sec.android.app.shealth,2025-03-04 09:00:00.000,1c4b18d8-b84a-4be3-a998-01821d3a4963,
62910031,2025-03-04 09:00:00.000,,1f9b4cd9-f0a1-4aa3-b0c1-1028619ca4e3.binning_data.json,62910031,2025-03-04 10:15:01.209,2025-03-04 10:15:01.209,UTC-0300,hriiVjEkYE,,com.sec.android.app.shealth,2025-03-04 10:00:00.000,1f9b4cd9-f0a1-4aa3-b0c1-1028619ca4e3,
62910031,2025-03-04 10:00:00.000,,c9872ac2-93ca-49c2-9b58-59de184d86d1.binning_data.json,62910031,2025-03-04 11:05:26.974,2025-03-04 11:05:26.974,UTC-0300,hriiVjEkYE,,com.sec.android.app.shealth,2025-03-04 11:00:00.000,c9872ac2-93ca-49c2-9b58-59de184d86d1,
62910031,2025-03-04 11:00:00.000,,08591c29-45d4-4ded-9833-2cb262ad2fac.binning_data.json,62910031,2025-03-04 12:10:15.065,2025-03-04 12:10:15.065,UTC-0300,hriiVjEkYE,,com.sec.android.app.shealth,2025-03-04 12:00:00.000,08591c29-45d4-4ded-9833-2cb262ad2fac,
62910031,2025-03-04 12:00:00.000,,31f38d1e-03a8-4551-8211-b6229cbe2972.binning_data.json,62910031,2025-03-04 13:07:15.979,2025-03-04 13:07:15.979,UTC-0300,hriiVjEkYE,,com.sec.android.app.shealth,2025-03-04 13:00:00.000,31f38d1e-03a8-4551-8211-b6229cbe2972,
62910031,2025-03-05 05:00:00.000,,8197b014-c6c1-41c4-8f7e-f63f6999cf47.binning_data.json,62910031,2025-03-05 06:15:00.816,2025-03-05 06:15:00.816,UTC-0300,hriiVjEkYE,,com.sec.android.app.shealth,2025-03-05 06:00:00.000,8197b014-c6c1-41c4-8f7e-f63f6999cf47,
62910031,2025-03-05 06:00:00.000,,095b2171-2f22-4c09-ae7c-e304e18c8598.binning_data.json,62910031,2025-03-05 07:15:00.170,2025-03-05 07:15:00.170,UTC-0300,hriiVjEkYE,,com.sec.android.app.shealth,2025-03-05 07:00:00.000,095b2171-2f22-4c09-ae7c-e304e18c8598,
62910031,2025-03-05 07:00:00.000,,2b6eaa76-f56f-4080-9d30-f8a4283af874.binning_data.json,62910031,2025-03-05 08:15:00.200,2025-03-05 08:15:00.200,UTC-0300,hriiVjEkYE,,com.sec.android.app.shealth,2025-03-05 08:00:00.000,2b6eaa76-f56f-4080-9d30-f8a4283af874,
62910031,2025-03-05 08:00:00.000,,f7aefdc7-ce70-44a5-a464-0f49edf66d08.binning_data.json,62910031,2025-03-05 09:15:00.664,2025-03-05 09:15:00.664,UTC-0300,hriiVjEkYE,,com.sec.android.app.shealth,2025-03-05 09:00:00.000,f7aefdc7-ce70-44a5-a464-0f49edf66d08,
62910031,2025-03-05 09:00:00.000,,c6638ea2-8538-4237-887e-8036b3a2734f.binning_data.json,62910031,2025-03-05 10:16:17.082,2025-03-05 10:16:17.082,UTC-0300,hriiVjEkYE,,com.sec.android.app.shealth,2025-03-05 10:00:00.000,c6638ea2-8538-4237-887e-8036b3a2734f,
62910031,2025-03-05 10:00:00.000,,3bfc2655-f9c6-493c-9de3-cce6da8ee8c5.binning_data.json,62910031,2025-03-05 11:14:53.151,2025-03-05 11:14:53.151,UTC-0300,hriiVjEkYE,,com.sec.android.app.shealth,2025-03-05 11:00:00.000,3bfc2655-f9c6-493c-9de3-cce6da8ee8c5,
62910031,2025-03-05 11:00:00.000,,ee80fabd-7b19-4c17-83dd-ce276beb76bb.binning_data.json,62910031,2025-03-05 11:19:44.713,2025-03-05 11:19:44.713,UTC-0300,hriiVjEkYE,,com.sec.android.app.shealth,2025-03-05 11:19:44.535,ee80fabd-7b19-4c17-83dd-ce276beb76bb,
62910031,2025-03-06 05:00:00.000,,d2cb1cb3-77b9-424d-99e8-713b6ceb7474.binning_data.json,62910031,2025-03-06 06:15:00.571,2025-03-06 06:15:00.571,UTC-0300,hriiVjEkYE,,com.sec.android.app.shealth,2025-03-06 06:00:00.000,d2cb1cb3-77b9-424d-99e8-713b6ceb7474,
62910031,2025-03-06 06:00:00.000,,b59f1860-79c7-412a-a341-a9e5c22b5e4e.binning_data.json,62910031,2025-03-06 07:05:27.551,2025-03-06 07:05:27.551,UTC-0300,hriiVjEkYE,,com.sec.android.app.shealth,2025-03-06 07:00:00.000,b59f1860-79c7-412a-a341-a9e5c22b5e4e,
62910031,2025-03-06 07:00:00.000,,911f75f6-a9a2-4387-ac86-c08b361e1748.binning_data.json,62910031,2025-03-06 08:15:00.364,2025-03-06 08:15:00.364,UTC-0300,hriiVjEkYE,,com.sec.android.app.shealth,2025-03-06 08:00:00.000,911f75f6-a9a2-4387-ac86-c08b361e1748,
62910031,2025-03-06 08:00:00.000,,2b793d4e-e0a0-44c9-a543-c8823ba6780f.binning_data.json,62910031,2025-03-06 09:15:00.402,2025-03-06 09:15:00.402,UTC-0300,hriiVjEkYE,,com.sec.android.app.shealth,2025-03-06 09:00:00.000,2b793d4e-e0a0-44c9-a543-c8823ba6780f,
62910031,2025-03-06 09:00:00.000,,2c1b993a-5493-4581-b31a-111b221b2e67.binning_data.json,62910031,2025-03-06 10:15:00.175,2025-03-06 10:15:00.175,UTC-0300,hriiVjEkYE,,com.sec.android.app.shealth,2025-03-06 10:00:00.000,2c1b993a-5493-4581-b31a-111b221b2e67,
62910031,2025-03-06 10:00:00.000,,b2ba28bc-a2cf-478b-9247-3dab1379123f.binning_data.json,62910031,2025-03-06 11:11:16.871,2025-03-06 11:11:16.871,UTC-0300,hriiVjEkYE,,com.sec.android.app.shealth,2025-03-06 11:00:00.000,b2ba28bc-a2cf-478b-9247-3dab1379123f,
62910031,2025-03-06 11:00:00.000,,fe0d1baa-1847-42bc-9088-a433f2015243.binning_data.json,62910031,2025-03-06 11:44:28.409,2025-03-06 11:44:28.409,UTC-0300,hriiVjEkYE,,com.sec.android.app.shealth,2025-03-06 11:44:28.286,fe0d1baa-1847-42bc-9088-a433f2015243,
62910031,2025-03-07 04:00:00.000,,de578c9d-9f3d-4e5f-860e-88ed05df72dd.binning_data.json,62910031,2025-03-07 05:15:01.458,2025-03-07 05:15:01.458,UTC-0300,hriiVjEkYE,,com.sec.android.app.shealth,2025-03-07 05:00:00.000,de578c9d-9f3d-4e5f-860e-88ed05df72dd,
62910031,2025-03-07 05:00:00.000,,c94d4192-a6a6-41c1-aa66-6980fbc8df7b.binning_data.json,62910031,2025-03-07 06:09:00.967,2025-03-07 06:09:00.967,UTC-0300,hriiVjEkYE,,com.sec.android.app.shealth,2025-03-07 06:00:00.000,c94d4192-a6a6-41c1-aa66-6980fbc8df7b,
62910031,2025-03-07 06:00:00.000,,de385fc8-caa6-41ac-a409-db34c3f6b723.binning_data.json,62910031,2025-03-07 07:15:01.160,2025-03-07 07:15:01.160,UTC-0300,hriiVjEkYE,,com.sec.android.app.shealth,2025-03-07 07:00:00.000,de385fc8-caa6-41ac-a409-db34c3f6b723,
62910031,2025-03-07 07:00:00.000,,8819c2f6-a538-4c3e-a37f-13e1504d4441.binning_data.json,62910031,2025-03-07 08:15:01.224,2025-03-07 08:15:01.224,UTC-0300,hriiVjEkYE,,com.sec.android.app.shealth,2025-03-07 08:00:00.000,8819c2f6-a538-4c3e-a37f-13e1504d4441,
62910031,2025-03-07 08:00:00.000,,4d9fdf26-bc74-4699-9454-a06e306541a1.binning_data.json,62910031,2025-03-07 09:15:01.242,2025-03-07 09:15:01.242,UTC-0300,hriiVjEkYE,,com.sec.android.app.shealth,2025-03-07 09:00:00.000,4d9fdf26-bc74-4699-9454-a06e306541a1,
62910031,2025-03-07 09:00:00.000,,ff476cff-eebd-4b5d-9685-c8f949863eb9.binning_data.json,62910031,2025-03-07 10:10:59.936,2025-03-07 10:10:59.936,UTC-0300,hriiVjEkYE,,com.sec.android.app.shealth,2025-03-07 10:00:00.000,ff476cff-eebd-4b5d-9685-c8f949863eb9,
62910031,2025-03-07 10:00:00.000,,7a7d6078-78a9-4b97-8d5b-97304f613475.binning_data.json,62910031,2025-03-07 10:30:30.361,2025-03-07 10:30:30.361,UTC-0300,hriiVjEkYE,,com.sec.android.app.shealth,2025-03-07 10:30:30.229,7a7d6078-78a9-4b97-8d5b-97304f613475,
62910031,2025-03-09 04:00:00.000,,949ad68d-f71f-42d9-8a2b-d9a758a3a605.binning_data.json,62910031,2025-03-09 05:15:00.431,2025-03-09 05:15:00.431,UTC-0300,hriiVjEkYE,,com.sec.android.app.shealth,2025-03-09 05:00:00.000,949ad68d-f71f-42d9-8a2b-d9a758a3a605,
62910031,2025-03-09 05:00:00.000,,ced9b837-1ccf-4704-af40-09e1ee903ec0.binning_data.json,62910031,2025-03-09 06:15:00.388,2025-03-09 06:15:00.388,UTC-0300,hriiVjEkYE,,com.sec.android.app.shealth,2025-03-09 06:00:00.000,ced9b837-1ccf-4704-af40-09e1ee903ec0,
62910031,2025-03-09 06:00:00.000,,e63108bb-27d9-4476-9473-72b948f9bd3b.binning_data.json,62910031,2025-03-09 07:15:00.294,2025-03-09 07:15:00.294,UTC-0300,hriiVjEkYE,,com.sec.android.app.shealth,2025-03-09 07:00:00.000,e63108bb-27d9-4476-9473-72b948f9bd3b,
62910031,2025-03-09 07:00:00.000,,5f45a3c2-5f14-464c-a43d-2dbdd591e1cd.binning_data.json,62910031,2025-03-09 08:15:00.388,2025-03-09 08:15:00.388,UTC-0300,hriiVjEkYE,,com.sec.android.app.shealth,2025-03-09 08:00:00.000,5f45a3c2-5f14-464c-a43d-2dbdd591e1cd,
62910031,2025-03-09 08:00:00.000,,302ee5e0-7e01-403e-bafc-5bec2b1be98b.binning_data.json,62910031,2025-03-09 09:15:00.344,2025-03-09 09:15:00.344,UTC-0300,hriiVjEkYE,,com.sec.android.app.shealth,2025-03-09 09:00:00.000,302ee5e0-7e01-403e-bafc-5bec2b1be98b,
62910031,2025-03-09 09:00:00.000,,8e607589-ded7-45b5-81f0-c069d0e02e9f.binning_data.json,62910031,2025-03-09 10:09:24.501,2025-03-09 10:09:24.501,UTC-0300,hriiVjEkYE,,com.sec.android.app.shealth,2025-03-09 10:00:00.000,8e607589-ded7-45b5-81f0-c069d0e02e9f,
62910031,2025-03-09 10:00:00.000,,9a6db6d1-6b7b-4a41-8914-88335ec496c6.binning_data.json,62910031,2025-03-09 11:15:00.293,2025-03-09 11:15:00.293,UTC-0300,hriiVjEkYE,,com.sec.android.app.shealth,2025-03-09 11:00:00.000,9a6db6d1-6b7b-4a41-8914-88335ec496c6,
62910031,2025-03-09 11:00:00.000,,bdaaefd5-9704-412f-b212-720294020b6b.binning_data.json,62910031,2025-03-09 12:13:22.776,2025-03-09 12:13:22.776,UTC-0300,hriiVjEkYE,,com.sec.android.app.shealth,2025-03-09 12:00:00.000,bdaaefd5-9704-412f-b212-720294020b6b,
62910031,2025-03-09 12:00:00.000,,2af7ea07-0e42-495a-9416-ebe66f9c1c37.binning_data.json,62910031,2025-03-09 12:21:28.048,2025-03-09 12:21:28.048,UTC-0300,hriiVjEkYE,,com.sec.android.app.shealth,2025-03-09 12:21:27.648,2af7ea07-0e42-495a-9416-ebe66f9c1c37,
62910031,2025-03-11 04:00:00.000,,81c8a08e-7087-4ace-aa65-b8144cf22fed.binning_data.json,62910031,2025-03-11 05:15:00.125,2025-03-11 05:15:00.125,UTC-0300,hriiVjEkYE,,com.sec.android.app.shealth,2025-03-11 05:00:00.000,81c8a08e-7087-4ace-aa65-b8144cf22fed,
62910031,2025-03-11 05:00:00.000,,81c4c714-50d1-4d58-b3a1-1bac8ccf5240.binning_data.json,62910031,2025-03-11 06:14:49.091,2025-03-11 06:14:49.091,UTC-0300,hriiVjEkYE,,com.sec.android.app.shealth,2025-03-11 06:00:00.000,81c4c714-50d1-4d58-b3a1-1bac8ccf5240,
62910031,2025-03-11 06:00:00.000,,e277a150-182c-498a-a67c-90d898e87a7e.binning_data.json,62910031,2025-03-11 07:15:00.172,2025-03-11 07:15:00.172,UTC-0300,hriiVjEkYE,,com.sec.android.app.shealth,2025-03-11 07:00:00.000,e277a150-182c-498a-a67c-90d898e87a7e,
62910031,2025-03-11 07:00:00.000,,c4973fd3-3148-4a31-97ea-77fdb09d3a23.binning_data.json,62910031,2025-03-11 08:15:00.174,2025-03-11 08:15:00.174,UTC-0300,hriiVjEkYE,,com.sec.android.app.shealth,2025-03-11 08:00:00.000,c4973fd3-3148-4a31-97ea-77fdb09d3a23,
62910031,2025-03-11 08:00:00.000,,64ee2b70-df07-4867-8af8-fb2fba83679b.binning_data.json,62910031,2025-03-11 09:12:57.486,2025-03-11 09:12:57.486,UTC-0300,hriiVjEkYE,,com.sec.android.app.shealth,2025-03-11 09:00:00.000,64ee2b70-df07-4867-8af8-fb2fba83679b,
62910031,2025-03-11 09:00:00.000,,dfe09729-094d-4580-b02c-05090eafbe7a.binning_data.json,62910031,2025-03-11 10:15:00.337,2025-03-11 10:15:00.337,UTC-0300,hriiVjEkYE,,com.sec.android.app.shealth,2025-03-11 10:00:00.000,dfe09729-094d-4580-b02c-05090eafbe7a,
62910031,2025-03-11 10:00:00.000,,c5d6a1a5-527b-40cf-8864-28dd8b508611.binning_data.json,62910031,2025-03-11 11:10:52.651,2025-03-11 11:10:52.651,UTC-0300,hriiVjEkYE,,com.sec.android.app.shealth,2025-03-11 11:00:00.000,c5d6a1a5-527b-40cf-8864-28dd8b508611,
62910031,2025-03-11 11:00:00.000,,ad75c6bf-2103-45a9-a03b-421eadd8af89.binning_data.json,62910031,2025-03-11 11:26:50.984,2025-03-11 11:26:50.984,UTC-0300,hriiVjEkYE,,com.sec.android.app.shealth,2025-03-11 11:26:50.854,ad75c6bf-2103-45a9-a03b-421eadd8af89,
62910031,2025-03-14 04:00:00.000,,99fad49a-fe1a-48e2-8a01-731a844c5541.binning_data.json,62910031,2025-03-14 05:15:00.821,2025-03-14 05:15:00.821,UTC-0300,hriiVjEkYE,,com.sec.android.app.shealth,2025-03-14 05:00:00.000,99fad49a-fe1a-48e2-8a01-731a844c5541,
62910031,2025-03-14 05:00:00.000,,cc5fc606-c9c4-49eb-a794-e427d9c06e78.binning_data.json,62910031,2025-03-14 06:06:11.012,2025-03-14 06:06:11.012,UTC-0300,hriiVjEkYE,,com.sec.android.app.shealth,2025-03-14 06:00:00.000,cc5fc606-c9c4-49eb-a794-e427d9c06e78,
62910031,2025-03-14 06:00:00.000,,a82d436a-b57d-4d76-8854-d2cfd8508753.binning_data.json,62910031,2025-03-14 07:15:00.839,2025-03-14 07:15:00.839,UTC-0300,hriiVjEkYE,,com.sec.android.app.shealth,2025-03-14 07:00:00.000,a82d436a-b57d-4d76-8854-d2cfd8508753,
62910031,2025-03-14 07:00:00.000,,7ee852cb-31e8-4355-af54-c3f289dbc4eb.binning_data.json,62910031,2025-03-14 08:15:00.966,2025-03-14 08:15:00.966,UTC-0300,hriiVjEkYE,,com.sec.android.app.shealth,2025-03-14 08:00:00.000,7ee852cb-31e8-4355-af54-c3f289dbc4eb,
62910031,2025-03-14 08:00:00.000,,2cc89407-e1bd-463a-8844-a937b751a5cc.binning_data.json,62910031,2025-03-14 09:06:19.484,2025-03-14 09:06:19.484,UTC-0300,hriiVjEkYE,,com.sec.android.app.shealth,2025-03-14 09:00:00.000,2cc89407-e1bd-463a-8844-a937b751a5cc,
62910031,2025-03-14 09:00:00.000,,fae7e66e-cc90-4b81-a32a-df8acc6282e1.binning_data.json,62910031,2025-03-14 10:06:12.428,2025-03-14 10:06:12.428,UTC-0300,hriiVjEkYE,,com.sec.android.app.shealth,2025-03-14 10:00:00.000,fae7e66e-cc90-4b81-a32a-df8acc6282e1,
62910031,2025-03-14 10:00:00.000,,4494b741-0353-4fb3-b91e-7d8145a9016d.binning_data.json,62910031,2025-03-14 10:25:32.261,2025-03-14 10:25:32.261,UTC-0300,hriiVjEkYE,,com.sec.android.app.shealth,2025-03-14 10:25:32.144,4494b741-0353-4fb3-b91e-7d8145a9016d,
62910031,2025-03-15 04:00:00.000,,c198fc40-a6fc-459f-8233-fdb7e75a05cd.binning_data.json,62910031,2025-03-15 05:15:00.873,2025-03-15 05:15:00.873,UTC-0300,hriiVjEkYE,,com.sec.android.app.shealth,2025-03-15 05:00:00.000,c198fc40-a6fc-459f-8233-fdb7e75a05cd,
62910031,2025-03-15 05:00:00.000,,cc0dc30b-2a08-4cd3-abae-3d077a0f723a.binning_data.json,62910031,2025-03-15 06:15:01.027,2025-03-15 06:15:01.027,UTC-0300,hriiVjEkYE,,com.sec.android.app.shealth,2025-03-15 06:00:00.000,cc0dc30b-2a08-4cd3-abae-3d077a0f723a,
62910031,2025-03-15 06:00:00.000,,30bc6b25-f165-4d57-82c7-805afe8aa309.binning_data.json,62910031,2025-03-15 07:15:00.136,2025-03-15 07:15:00.136,UTC-0300,hriiVjEkYE,,com.sec.android.app.shealth,2025-03-15 07:00:00.000,30bc6b25-f165-4d57-82c7-805afe8aa309,
62910031,2025-03-15 07:00:00.000,,8aee9e25-30e3-4a40-943a-4bbdcc9a5f23.binning_data.json,62910031,2025-03-15 08:15:00.240,2025-03-15 08:15:00.240,UTC-0300,hriiVjEkYE,,com.sec.android.app.shealth,2025-03-15 08:00:00.000,8aee9e25-30e3-4a40-943a-4bbdcc9a5f23,
62910031,2025-03-15 08:00:00.000,,d5f9860e-c283-45d9-a09a-1aacb872a421.binning_data.json,62910031,2025-03-15 09:19:30.302,2025-03-15 09:19:30.302,UTC-0300,hriiVjEkYE,,com.sec.android.app.shealth,2025-03-15 09:00:00.000,d5f9860e-c283-45d9-a09a-1aacb872a421,
62910031,2025-03-17 04:00:00.000,,d406238d-4def-4227-a276-2f726a74bc03.binning_data.json,62910031,2025-03-17 05:09:05.590,2025-03-17 05:09:05.590,UTC-0300,hriiVjEkYE,,com.sec.android.app.shealth,2025-03-17 05:00:00.000,d406238d-4def-4227-a276-2f726a74bc03,
62910031,2025-03-17 05:00:00.000,,1781af79-b149-41ee-9e35-3d990308c201.binning_data.json,62910031,2025-03-17 06:15:00.876,2025-03-17 06:15:00.876,UTC-0300,hriiVjEkYE,,com.sec.android.app.shealth,2025-03-17 06:00:00.000,1781af79-b149-41ee-9e35-3d990308c201,
62910031,2025-03-17 06:00:00.000,,aeb6b2b9-5d4b-4787-9b14-2391748b601f.binning_data.json,62910031,2025-03-17 07:15:00.930,2025-03-17 07:15:00.930,UTC-0300,hriiVjEkYE,,com.sec.android.app.shealth,2025-03-17 07:00:00.000,aeb6b2b9-5d4b-4787-9b14-2391748b601f,
62910031,2025-03-17 07:00:00.000,,9d4b2749-fd8c-4d94-b8ec-eafaaf5cc071.binning_data.json,62910031,2025-03-17 08:15:00.264,2025-03-17 08:15:00.264,UTC-0300,hriiVjEkYE,,com.sec.android.app.shealth,2025-03-17 08:00:00.000,9d4b2749-fd8c-4d94-b8ec-eafaaf5cc071,
62910031,2025-03-17 08:00:00.000,,9e6966b5-716e-4f3b-8d51-2e2ae15ab83f.binning_data.json,62910031,2025-03-17 09:15:00.449,2025-03-17 09:15:00.449,UTC-0300,hriiVjEkYE,,com.sec.android.app.shealth,2025-03-17 09:00:00.000,9e6966b5-716e-4f3b-8d51-2e2ae15ab83f,
62910031,2025-03-17 09:00:00.000,,59a343b2-3201-48ff-893b-33e294e4b565.binning_data.json,62910031,2025-03-17 10:15:00.147,2025-03-17 10:15:00.147,UTC-0300,hriiVjEkYE,,com.sec.android.app.shealth,2025-03-17 10:00:00.000,59a343b2-3201-48ff-893b-33e294e4b565,
62910031,2025-03-17 10:00:00.000,,e53dcd30-78fc-440d-81ce-0c7bcffe369f.binning_data.json,62910031,2025-03-17 11:10:24.961,2025-03-17 11:10:24.961,UTC-0300,hriiVjEkYE,,com.sec.android.app.shealth,2025-03-17 11:00:00.000,e53dcd30-78fc-440d-81ce-0c7bcffe369f,
62910031,2025-03-17 11:00:00.000,,e1d2f89d-d208-47fe-8eb0-f475870c9042.binning_data.json,62910031,2025-03-17 11:28:15.028,2025-03-17 11:28:15.028,UTC-0300,hriiVjEkYE,,com.sec.android.app.shealth,2025-03-17 11:28:14.880,e1d2f89d-d208-47fe-8eb0-f475870c9042,
62910031,2025-03-18 04:00:00.000,,5afada7d-3e01-46e6-b339-0a974dc02fbc.binning_data.json,62910031,2025-03-18 05:15:00.435,2025-03-18 05:15:00.435,UTC-0300,hriiVjEkYE,,com.sec.android.app.shealth,2025-03-18 05:00:00.000,5afada7d-3e01-46e6-b339-0a974dc02fbc,
62910031,2025-03-18 05:00:00.000,,7a919762-4e44-495b-9b8f-bfdc7f1307d1.binning_data.json,62910031,2025-03-18 06:14:59.833,2025-03-18 06:14:59.833,UTC-0300,hriiVjEkYE,,com.sec.android.app.shealth,2025-03-18 06:00:00.000,7a919762-4e44-495b-9b8f-bfdc7f1307d1,
62910031,2025-03-18 06:00:00.000,,6d00d6f4-c198-48a3-9c6f-a8c6c62c3c6f.binning_data.json,62910031,2025-03-18 07:15:00.253,2025-03-18 07:15:00.253,UTC-0300,hriiVjEkYE,,com.sec.android.app.shealth,2025-03-18 07:00:00.000,6d00d6f4-c198-48a3-9c6f-a8c6c62c3c6f,
62910031,2025-03-18 07:00:00.000,,51ab6b66-c8fc-45c1-8d1a-2ceff3441afe.binning_data.json,62910031,2025-03-18 08:15:00.366,2025-03-18 08:15:00.366,UTC-0300,hriiVjEkYE,,com.sec.android.app.shealth,2025-03-18 08:00:00.000,51ab6b66-c8fc-45c1-8d1a-2ceff3441afe,
62910031,2025-03-18 08:00:00.000,,38c6836e-a844-45f2-b6b1-72ec0faf7fce.binning_data.json,62910031,2025-03-18 09:09:37.241,2025-03-18 09:09:37.241,UTC-0300,hriiVjEkYE,,com.sec.android.app.shealth,2025-03-18 09:00:00.000,38c6836e-a844-45f2-b6b1-72ec0faf7fce,
62910031,2025-03-19 03:00:00.000,,a6697cdf-8b31-415f-ad90-0f86b262d7cc.binning_data.json,62910031,2025-03-19 04:15:01.813,2025-03-19 04:15:01.813,UTC-0300,hriiVjEkYE,,com.sec.android.app.shealth,2025-03-19 04:00:00.000,a6697cdf-8b31-415f-ad90-0f86b262d7cc,
62910031,2025-03-19 04:00:00.000,,b12dd57c-b34f-4e79-881d-5d87a05ebd64.binning_data.json,62910031,2025-03-19 05:15:01.784,2025-03-19 05:15:01.784,UTC-0300,hriiVjEkYE,,com.sec.android.app.shealth,2025-03-19 05:00:00.000,b12dd57c-b34f-4e79-881d-5d87a05ebd64,
62910031,2025-03-19 05:00:00.000,,b13d0193-38ad-4d69-9bcf-f06dc10ea7d1.binning_data.json,62910031,2025-03-19 06:15:01.862,2025-03-19 06:15:01.862,UTC-0300,hriiVjEkYE,,com.sec.android.app.shealth,2025-03-19 06:00:00.000,b13d0193-38ad-4d69-9bcf-f06dc10ea7d1,
62910031,2025-03-19 06:00:00.000,,9259968b-dbeb-4235-bf6f-2024340a8fc2.binning_data.json,62910031,2025-03-19 07:15:01.611,2025-03-19 07:15:01.611,UTC-0300,hriiVjEkYE,,com.sec.android.app.shealth,2025-03-19 07:00:00.000,9259968b-dbeb-4235-bf6f-2024340a8fc2,
62910031,2025-03-19 07:00:00.000,,0c16d18c-8a24-4f97-b8e7-f4e59e2ff8e8.binning_data.json,62910031,2025-03-19 08:15:01.742,2025-03-19 08:15:01.742,UTC-0300,hriiVjEkYE,,com.sec.android.app.shealth,2025-03-19 08:00:00.000,0c16d18c-8a24-4f97-b8e7-f4e59e2ff8e8,
62910031,2025-03-19 08:00:00.000,,c257931c-1746-404b-9601-d143779e32a0.binning_data.json,62910031,2025-03-19 09:15:01.850,2025-03-19 09:15:01.850,UTC-0300,hriiVjEkYE,,com.sec.android.app.shealth,2025-03-19 09:00:00.000,c257931c-1746-404b-9601-d143779e32a0,
62910031,2025-03-19 09:00:00.000,,01b12a17-32bd-4041-8c26-db9c29c6fd37.binning_data.json,62910031,2025-03-19 10:11:31.386,2025-03-19 10:11:31.386,UTC-0300,hriiVjEkYE,,com.sec.android.app.shealth,2025-03-19 10:00:00.000,01b12a17-32bd-4041-8c26-db9c29c6fd37,
62910031,2025-03-19 10:00:00.000,,8bafadee-7cbc-4ece-b2fe-eea1b9750ce5.binning_data.json,62910031,2025-03-19 10:26:38.843,2025-03-19 10:26:38.843,UTC-0300,hriiVjEkYE,,com.sec.android.app.shealth,2025-03-19 10:26:38.706,8bafadee-7cbc-4ece-b2fe-eea1b9750ce5,
62910031,2025-03-21 03:00:00.000,,026b75d3-e45c-4de3-af9c-718ed3111b5c.binning_data.json,62910031,2025-03-21 04:09:52.194,2025-03-21 04:09:52.194,UTC-0300,hriiVjEkYE,,com.sec.android.app.shealth,2025-03-21 04:00:00.000,026b75d3-e45c-4de3-af9c-718ed3111b5c,
62910031,2025-03-21 04:00:00.000,,879368da-63c4-494e-8400-0cdd5e24de1b.binning_data.json,62910031,2025-03-21 05:15:00.819,2025-03-21 05:15:00.819,UTC-0300,hriiVjEkYE,,com.sec.android.app.shealth,2025-03-21 05:00:00.000,879368da-63c4-494e-8400-0cdd5e24de1b,
62910031,2025-03-21 05:00:00.000,,2e84a13a-0cf1-4aa6-8105-7a9fc090ee8d.binning_data.json,62910031,2025-03-21 06:07:54.335,2025-03-21 06:07:54.335,UTC-0300,hriiVjEkYE,,com.sec.android.app.shealth,2025-03-21 06:00:00.000,2e84a13a-0cf1-4aa6-8105-7a9fc090ee8d,
62910031,2025-03-21 06:00:00.000,,e91f363f-27ad-4270-af71-66740409945e.binning_data.json,62910031,2025-03-21 07:15:00.633,2025-03-21 07:15:00.633,UTC-0300,hriiVjEkYE,,com.sec.android.app.shealth,2025-03-21 07:00:00.000,e91f363f-27ad-4270-af71-66740409945e,
62910031,2025-03-21 07:00:00.000,,c311335c-bf8f-461d-bc55-f6685be60f86.binning_data.json,62910031,2025-03-21 08:15:01.469,2025-03-21 08:15:01.469,UTC-0300,hriiVjEkYE,,com.sec.android.app.shealth,2025-03-21 08:00:00.000,c311335c-bf8f-461d-bc55-f6685be60f86,
62910031,2025-03-21 08:00:00.000,,807c93b3-dd67-48c0-a9b2-2bd16eaece9a.binning_data.json,62910031,2025-03-21 09:08:27.582,2025-03-21 09:08:27.582,UTC-0300,hriiVjEkYE,,com.sec.android.app.shealth,2025-03-21 09:00:00.000,807c93b3-dd67-48c0-a9b2-2bd16eaece9a,
62910031,2025-03-21 09:00:00.000,,4a60aac7-6da0-4f00-b745-af80b2594dc2.binning_data.json,62910031,2025-03-21 10:08:36.172,2025-03-21 10:08:36.172,UTC-0300,hriiVjEkYE,,com.sec.android.app.shealth,2025-03-21 10:00:00.000,4a60aac7-6da0-4f00-b745-af80b2594dc2,
62910031,2025-03-21 10:00:00.000,,c7d67c54-a826-40c8-8287-131e3f05a038.binning_data.json,62910031,2025-03-21 10:34:02.101,2025-03-21 10:34:02.101,UTC-0300,hriiVjEkYE,,com.sec.android.app.shealth,2025-03-21 10:34:01.956,c7d67c54-a826-40c8-8287-131e3f05a038,
62910031,2025-03-22 04:00:00.000,,8a1e05ba-20c7-4bbf-b1d8-e337d5d4bfd2.binning_data.json,62910031,2025-03-22 05:15:00.595,2025-03-22 05:15:00.595,UTC-0300,hriiVjEkYE,,com.sec.android.app.shealth,2025-03-22 05:00:00.000,8a1e05ba-20c7-4bbf-b1d8-e337d5d4bfd2,
62910031,2025-03-22 05:00:00.000,,aae36a29-9609-4458-af98-567e1db6fa22.binning_data.json,62910031,2025-03-22 06:05:34.672,2025-03-22 06:05:34.672,UTC-0300,hriiVjEkYE,,com.sec.android.app.shealth,2025-03-22 06:00:00.000,aae36a29-9609-4458-af98-567e1db6fa22,
62910031,2025-03-22 06:00:00.000,,a19cd324-8264-42ba-8f66-b7e664713808.binning_data.json,62910031,2025-03-22 07:09:53.796,2025-03-22 07:09:53.796,UTC-0300,hriiVjEkYE,,com.sec.android.app.shealth,2025-03-22 07:00:00.000,a19cd324-8264-42ba-8f66-b7e664713808,
62910031,2025-03-23 05:00:00.000,,d5be807f-68d4-4347-94dd-8c6378e23c06.binning_data.json,62910031,2025-03-23 06:08:04.173,2025-03-23 06:08:04.173,UTC-0300,hriiVjEkYE,,com.sec.android.app.shealth,2025-03-23 06:00:00.000,d5be807f-68d4-4347-94dd-8c6378e23c06,
62910031,2025-03-23 06:00:00.000,,0dbc2d13-ed0e-4823-93a9-1d612fab1bf7.binning_data.json,62910031,2025-03-23 07:15:00.419,2025-03-23 07:15:00.419,UTC-0300,hriiVjEkYE,,com.sec.android.app.shealth,2025-03-23 07:00:00.000,0dbc2d13-ed0e-4823-93a9-1d612fab1bf7,
62910031,2025-03-23 07:00:00.000,,4b7ca07d-81b0-4e7a-bfd6-1337aab1fd90.binning_data.json,62910031,2025-03-23 08:15:00.702,2025-03-23 08:15:00.702,UTC-0300,hriiVjEkYE,,com.sec.android.app.shealth,2025-03-23 08:00:00.000,4b7ca07d-81b0-4e7a-bfd6-1337aab1fd90,
62910031,2025-03-23 08:00:00.000,,d7e3d06e-7dca-4eb7-a638-ab87ab53c09c.binning_data.json,62910031,2025-03-23 09:07:30.220,2025-03-23 09:07:30.220,UTC-0300,hriiVjEkYE,,com.sec.android.app.shealth,2025-03-23 09:00:00.000,d7e3d06e-7dca-4eb7-a638-ab87ab53c09c,
62910031,2025-03-23 09:00:00.000,,d9efbb35-923b-4b92-b6ad-f8fca7aa4e50.binning_data.json,62910031,2025-03-23 10:15:00.935,2025-03-23 10:15:00.935,UTC-0300,hriiVjEkYE,,com.sec.android.app.shealth,2025-03-23 10:00:00.000,d9efbb35-923b-4b92-b6ad-f8fca7aa4e50,
62910031,2025-03-23 10:00:00.000,,0df2b51f-b794-4139-8b70-2dcd13bc0aa9.binning_data.json,62910031,2025-03-23 11:15:01.130,2025-03-23 11:15:01.130,UTC-0300,hriiVjEkYE,,com.sec.android.app.shealth,2025-03-23 11:00:00.000,0df2b51f-b794-4139-8b70-2dcd13bc0aa9,
62910031,2025-03-23 11:00:00.000,,c1afc0d3-31c3-4e72-81a5-e3db6f882e34.binning_data.json,62910031,2025-03-23 12:05:33.437,2025-03-23 12:05:33.437,UTC-0300,hriiVjEkYE,,com.sec.android.app.shealth,2025-03-23 12:00:00.000,c1afc0d3-31c3-4e72-81a5-e3db6f882e34,
62910031,2025-03-23 12:00:00.000,,ede6e59d-30bd-4c53-a42c-a4521f822ca4.binning_data.json,62910031,2025-03-23 13:15:00.065,2025-03-23 13:15:00.065,UTC-0300,hriiVjEkYE,,com.sec.android.app.shealth,2025-03-23 13:00:00.000,ede6e59d-30bd-4c53-a42c-a4521f822ca4,
62910031,2025-03-23 13:00:00.000,,0400c5b2-be35-4418-9b4a-98d64a7adad9.binning_data.json,62910031,2025-03-23 14:06:00.564,2025-03-23 14:06:00.564,UTC-0300,hriiVjEkYE,,com.sec.android.app.shealth,2025-03-23 14:00:00.000,0400c5b2-be35-4418-9b4a-98d64a7adad9,
62910031,2025-03-23 14:00:00.000,,19e07f54-24a3-4565-a25f-59ac64ed3da3.binning_data.json,62910031,2025-03-23 14:36:22.715,2025-03-23 14:36:22.715,UTC-0300,hriiVjEkYE,,com.sec.android.app.shealth,2025-03-23 14:36:22.439,19e07f54-24a3-4565-a25f-59ac64ed3da3,
62910031,2025-03-25 04:00:00.000,,44a79de9-8b18-48ab-9483-9d25829d5feb.binning_data.json,62910031,2025-03-25 05:15:00.723,2025-03-25 05:15:00.723,UTC-0300,hriiVjEkYE,,com.sec.android.app.shealth,2025-03-25 05:00:00.000,44a79de9-8b18-48ab-9483-9d25829d5feb,
62910031,2025-03-25 05:00:00.000,,346f50a8-cf11-4c14-b9bf-5cfdb7e4d65c.binning_data.json,62910031,2025-03-25 06:15:00.543,2025-03-25 06:15:00.543,UTC-0300,hriiVjEkYE,,com.sec.android.app.shealth,2025-03-25 06:00:00.000,346f50a8-cf11-4c14-b9bf-5cfdb7e4d65c,
62910031,2025-03-25 06:00:00.000,,87797e75-14dc-461e-a2ab-27eade6c8460.binning_data.json,62910031,2025-03-25 07:15:00.402,2025-03-25 07:15:00.402,UTC-0300,hriiVjEkYE,,com.sec.android.app.shealth,2025-03-25 07:00:00.000,87797e75-14dc-461e-a2ab-27eade6c8460,
62910031,2025-03-25 07:00:00.000,,7de6107e-9ed1-45fa-9bb6-e507e67da181.binning_data.json,62910031,2025-03-25 08:15:00.349,2025-03-25 08:15:00.349,UTC-0300,hriiVjEkYE,,com.sec.android.app.shealth,2025-03-25 08:00:00.000,7de6107e-9ed1-45fa-9bb6-e507e67da181,
62910031,2025-03-25 08:00:00.000,,5500513e-2281-494a-84c7-c7752fe2d203.binning_data.json,62910031,2025-03-25 09:15:00.336,2025-03-25 09:15:00.336,UTC-0300,hriiVjEkYE,,com.sec.android.app.shealth,2025-03-25 09:00:00.000,5500513e-2281-494a-84c7-c7752fe2d203,
62910031,2025-03-25 09:00:00.000,,ed458335-e7f7-4d12-8ebb-14c5cb5f6c84.binning_data.json,62910031,2025-03-25 10:10:44.008,2025-03-25 10:10:44.008,UTC-0300,hriiVjEkYE,,com.sec.android.app.shealth,2025-03-25 10:00:00.000,ed458335-e7f7-4d12-8ebb-14c5cb5f6c84,
62910031,2025-03-25 10:00:00.000,,36091a0b-fdfa-4b09-b2a8-32b9c2e94359.binning_data.json,62910031,2025-03-25 11:10:51.630,2025-03-25 11:10:51.630,UTC-0300,hriiVjEkYE,,com.sec.android.app.shealth,2025-03-25 11:00:00.000,36091a0b-fdfa-4b09-b2a8-32b9c2e94359,
62910031,2025-03-25 11:00:00.000,,03eab70f-94a6-4b46-a942-e672ffa25de3.binning_data.json,62910031,2025-03-25 11:53:00.472,2025-03-25 11:53:00.472,UTC-0300,hriiVjEkYE,,com.sec.android.app.shealth,2025-03-25 11:53:00.119,03eab70f-94a6-4b46-a942-e672ffa25de3,
62910031,2025-03-27 03:00:00.000,,5abd6357-278e-4355-852a-77c147c4f8de.binning_data.json,62910031,2025-03-27 04:15:00.451,2025-03-27 04:15:00.451,UTC-0300,hriiVjEkYE,,com.sec.android.app.shealth,2025-03-27 04:00:00.000,5abd6357-278e-4355-852a-77c147c4f8de,
62910031,2025-03-27 04:00:00.000,,43f80f8f-e924-4496-86d0-98f0bca5f89e.binning_data.json,62910031,2025-03-27 05:06:18.779,2025-03-27 05:06:18.779,UTC-0300,hriiVjEkYE,,com.sec.android.app.shealth,2025-03-27 05:00:00.000,43f80f8f-e924-4496-86d0-98f0bca5f89e,
62910031,2025-03-27 05:00:00.000,,d89ccdf4-c988-4b9f-af88-4b414295b193.binning_data.json,62910031,2025-03-27 06:15:00.899,2025-03-27 06:15:00.899,UTC-0300,hriiVjEkYE,,com.sec.android.app.shealth,2025-03-27 06:00:00.000,d89ccdf4-c988-4b9f-af88-4b414295b193,
62910031,2025-03-27 06:00:00.000,,38c7e50e-6da1-4d23-93d6-da21f8126daa.binning_data.json,62910031,2025-03-27 07:15:00.216,2025-03-27 07:15:00.216,UTC-0300,hriiVjEkYE,,com.sec.android.app.shealth,2025-03-27 07:00:00.000,38c7e50e-6da1-4d23-93d6-da21f8126daa,
62910031,2025-03-27 07:00:00.000,,7dbb1979-adb7-4583-9b76-a88f2447384d.binning_data.json,62910031,2025-03-27 08:15:00.695,2025-03-27 08:15:00.695,UTC-0300,hriiVjEkYE,,com.sec.android.app.shealth,2025-03-27 08:00:00.000,7dbb1979-adb7-4583-9b76-a88f2447384d,
62910031,2025-03-27 08:00:00.000,,c461cc2a-8aee-44e3-8e47-4f14fafe6d0b.binning_data.json,62910031,2025-03-27 09:15:00.870,2025-03-27 09:15:00.870,UTC-0300,hriiVjEkYE,,com.sec.android.app.shealth,2025-03-27 09:00:00.000,c461cc2a-8aee-44e3-8e47-4f14fafe6d0b,
62910031,2025-03-27 09:00:00.000,,d5e1eae5-049c-4e3e-bac8-91716216db51.binning_data.json,62910031,2025-03-27 10:12:22.065,2025-03-27 10:12:22.065,UTC-0300,hriiVjEkYE,,com.sec.android.app.shealth,2025-03-27 10:00:00.000,d5e1eae5-049c-4e3e-bac8-91716216db51,
62910031,2025-03-27 10:00:00.000,,d06d6a84-780e-47c2-abdb-da6e289a4fb4.binning_data.json,62910031,2025-03-27 10:26:11.801,2025-03-27 10:26:11.801,UTC-0300,hriiVjEkYE,,com.sec.android.app.shealth,2025-03-27 10:26:11.714,d06d6a84-780e-47c2-abdb-da6e289a4fb4,
62910031,2025-03-28 04:00:00.000,,6b974242-9900-488e-aede-45bd0b6f273d.binning_data.json,62910031,2025-03-28 05:15:00.483,2025-03-28 05:15:00.483,UTC-0300,hriiVjEkYE,,com.sec.android.app.shealth,2025-03-28 05:00:00.000,6b974242-9900-488e-aede-45bd0b6f273d,
62910031,2025-03-28 05:00:00.000,,a104f621-b7f2-4779-af40-3b6afb01d1c9.binning_data.json,62910031,2025-03-28 06:15:00.615,2025-03-28 06:15:00.615,UTC-0300,hriiVjEkYE,,com.sec.android.app.shealth,2025-03-28 06:00:00.000,a104f621-b7f2-4779-af40-3b6afb01d1c9,
62910031,2025-03-28 06:00:00.000,,f89818d3-3147-4a6e-8f65-b0efacb2e054.binning_data.json,62910031,2025-03-28 07:15:00.365,2025-03-28 07:15:00.365,UTC-0300,hriiVjEkYE,,com.sec.android.app.shealth,2025-03-28 07:00:00.000,f89818d3-3147-4a6e-8f65-b0efacb2e054,
62910031,2025-03-28 07:00:00.000,,e349ff46-37d8-4817-85ff-61a2722dce1c.binning_data.json,62910031,2025-03-28 08:09:55.240,2025-03-28 08:09:55.240,UTC-0300,hriiVjEkYE,,com.sec.android.app.shealth,2025-03-28 08:00:00.000,e349ff46-37d8-4817-85ff-61a2722dce1c,
62910031,2025-03-28 08:00:00.000,,533b0feb-4b49-4d62-a87e-1209f1b0d50f.binning_data.json,62910031,2025-03-28 09:15:00.271,2025-03-28 09:15:00.271,UTC-0300,hriiVjEkYE,,com.sec.android.app.shealth,2025-03-28 09:00:00.000,533b0feb-4b49-4d62-a87e-1209f1b0d50f,
62910031,2025-03-28 09:00:00.000,,4779c7a2-7ed1-49ea-8d41-c139d15e9b17.binning_data.json,62910031,2025-03-28 10:11:46.553,2025-03-28 10:11:46.553,UTC-0300,hriiVjEkYE,,com.sec.android.app.shealth,2025-03-28 10:00:00.000,4779c7a2-7ed1-49ea-8d41-c139d15e9b17,
62910031,2025-03-28 10:00:00.000,,6d794702-1c47-42fd-9021-352961e882b4.binning_data.json,62910031,2025-03-28 10:49:55.823,2025-03-28 10:49:55.823,UTC-0300,hriiVjEkYE,,com.sec.android.app.shealth,2025-03-28 10:49:55.615,6d794702-1c47-42fd-9021-352961e882b4,
62910031,2025-03-30 04:00:00.000,,5949cf0a-f8ad-496c-96be-47dcdccf068d.binning_data.json,62910031,2025-03-30 05:15:00.430,2025-03-30 05:15:00.430,UTC-0300,hriiVjEkYE,,com.sec.android.app.shealth,2025-03-30 05:00:00.000,5949cf0a-f8ad-496c-96be-47dcdccf068d,
62910031,2025-03-30 05:00:00.000,,29add79c-8e3f-402f-9301-3ca0462e79ae.binning_data.json,62910031,2025-03-30 06:15:01.018,2025-03-30 06:15:01.018,UTC-0300,hriiVjEkYE,,com.sec.android.app.shealth,2025-03-30 06:00:00.000,29add79c-8e3f-402f-9301-3ca0462e79ae,
62910031,2025-03-30 06:00:00.000,,8fcfcdaf-dc6b-48dd-812c-47340fb06a00.binning_data.json,62910031,2025-03-30 07:15:00.382,2025-03-30 07:15:00.382,UTC-0300,hriiVjEkYE,,com.sec.android.app.shealth,2025-03-30 07:00:00.000,8fcfcdaf-dc6b-48dd-812c-47340fb06a00,
62910031,2025-03-30 07:00:00.000,,36e3cc1b-59e8-41d1-850d-58ee2ea09113.binning_data.json,62910031,2025-03-30 08:08:32.771,2025-03-30 08:08:32.771,UTC-0300,hriiVjEkYE,,com.sec.android.app.shealth,2025-03-30 08:00:00.000,36e3cc1b-59e8-41d1-850d-58ee2ea09113,
62910031,2025-03-30 08:00:00.000,,cbc90684-fe5d-4f49-a1bf-3f8140cd9f2a.binning_data.json,62910031,2025-03-30 09:15:00.331,2025-03-30 09:15:00.331,UTC-0300,hriiVjEkYE,,com.sec.android.app.shealth,2025-03-30 09:00:00.000,cbc90684-fe5d-4f49-a1bf-3f8140cd9f2a,
62910031,2025-03-30 09:00:00.000,,5346617e-1c3a-4443-b0b1-38768804e9ad.binning_data.json,62910031,2025-03-30 10:15:00.809,2025-03-30 10:15:00.809,UTC-0300,hriiVjEkYE,,com.sec.android.app.shealth,2025-03-30 10:00:00.000,5346617e-1c3a-4443-b0b1-38768804e9ad,
62910031,2025-03-30 10:00:00.000,,075ac842-6265-480b-b1e6-cce361bc67e3.binning_data.json,62910031,2025-03-30 11:06:51.829,2025-03-30 11:06:51.829,UTC-0300,hriiVjEkYE,,com.sec.android.app.shealth,2025-03-30 11:00:00.000,075ac842-6265-480b-b1e6-cce361bc67e3,
62910031,2025-03-30 11:00:00.000,,e618c02e-05e1-48ae-9c47-5fab5aa3e4a9.binning_data.json,62910031,2025-03-30 12:15:00.912,2025-03-30 12:15:00.912,UTC-0300,hriiVjEkYE,,com.sec.android.app.shealth,2025-03-30 12:00:00.000,e618c02e-05e1-48ae-9c47-5fab5aa3e4a9,
62910031,2025-03-30 12:00:00.000,,4c6c7fb6-4276-4c6b-b961-c43f44f5c5a5.binning_data.json,62910031,2025-03-30 13:14:36.516,2025-03-30 13:14:36.516,UTC-0300,hriiVjEkYE,,com.sec.android.app.shealth,2025-03-30 13:00:00.000,4c6c7fb6-4276-4c6b-b961-c43f44f5c5a5,
62910031,2025-03-30 13:00:00.000,,b705ace9-d2c2-4970-9639-1cadf8a37ee4.binning_data.json,62910031,2025-03-30 13:35:56.005,2025-03-30 13:35:56.005,UTC-0300,hriiVjEkYE,,com.sec.android.app.shealth,2025-03-30 13:35:55.943,b705ace9-d2c2-4970-9639-1cadf8a37ee4,
62910031,2025-03-30 15:00:00.000,,805aabe6-f68b-4087-a747-7e6da77ab409.binning_data.json,62910031,2025-03-30 16:15:00.926,2025-03-30 16:15:00.926,UTC-0300,hriiVjEkYE,,com.sec.android.app.shealth,2025-03-30 16:00:00.000,805aabe6-f68b-4087-a747-7e6da77ab409,
62910031,2025-03-30 16:00:00.000,,6257f1f3-6a8e-4cef-8213-d47894d88815.binning_data.json,62910031,2025-03-30 16:20:49.918,2025-03-30 16:20:49.918,UTC-0300,hriiVjEkYE,,com.sec.android.app.shealth,2025-03-30 16:20:49.879,6257f1f3-6a8e-4cef-8213-d47894d88815,
62910031,2025-03-31 04:00:00.000,,421c5898-11bd-4989-bdad-0fc9ad2e7357.binning_data.json,62910031,2025-03-31 05:15:01.169,2025-03-31 05:15:01.169,UTC-0300,hriiVjEkYE,,com.sec.android.app.shealth,2025-03-31 05:00:00.000,421c5898-11bd-4989-bdad-0fc9ad2e7357,
62910031,2025-03-31 05:00:00.000,,b1152d80-491b-4b1b-9cab-70da00444615.binning_data.json,62910031,2025-03-31 06:14:06.600,2025-03-31 06:14:06.600,UTC-0300,hriiVjEkYE,,com.sec.android.app.shealth,2025-03-31 06:00:00.000,b1152d80-491b-4b1b-9cab-70da00444615,
62910031,2025-03-31 06:00:00.000,,729aebba-0987-4fe5-bff9-57a7fd171167.binning_data.json,62910031,2025-03-31 07:15:02.242,2025-03-31 07:15:02.242,UTC-0300,hriiVjEkYE,,com.sec.android.app.shealth,2025-03-31 07:00:00.000,729aebba-0987-4fe5-bff9-57a7fd171167,
62910031,2025-03-31 07:00:00.000,,027bef7d-7dc1-4d01-96b2-e71a905af3fe.binning_data.json,62910031,2025-03-31 08:15:01.351,2025-03-31 08:15:01.351,UTC-0300,hriiVjEkYE,,com.sec.android.app.shealth,2025-03-31 08:00:00.000,027bef7d-7dc1-4d01-96b2-e71a905af3fe,
62910031,2025-03-31 08:00:00.000,,1581305f-0177-4d7a-8586-685c461e0f2c.binning_data.json,62910031,2025-03-31 09:15:01.806,2025-03-31 09:15:01.806,UTC-0300,hriiVjEkYE,,com.sec.android.app.shealth,2025-03-31 09:00:00.000,1581305f-0177-4d7a-8586-685c461e0f2c,
62910031,2025-03-31 09:00:00.000,,cceb92b7-76b4-4467-bf0e-564a4a84872e.binning_data.json,62910031,2025-03-31 10:15:02.119,2025-03-31 10:15:02.119,UTC-0300,hriiVjEkYE,,com.sec.android.app.shealth,2025-03-31 10:00:00.000,cceb92b7-76b4-4467-bf0e-564a4a84872e,
62910031,2025-03-31 10:00:00.000,,f62d7014-cc54-4a79-a848-9eb0de6e2c32.binning_data.json,62910031,2025-03-31 11:15:00.285,2025-03-31 11:15:00.285,UTC-0300,hriiVjEkYE,,com.sec.android.app.shealth,2025-03-31 11:00:00.000,f62d7014-cc54-4a79-a848-9eb0de6e2c32,
62910031,2025-03-31 11:00:00.000,,7fe5fe00-3942-4ea4-8dee-d55e1611a2fa.binning_data.json,62910031,2025-03-31 11:22:21.778,2025-03-31 11:22:21.778,UTC-0300,hriiVjEkYE,,com.sec.android.app.shealth,2025-03-31 11:22:21.727,7fe5fe00-3942-4ea4-8dee-d55e1611a2fa,
62910031,2025-04-01 03:00:00.000,,666c8e12-c44f-471e-a134-4d1d45652ecd.binning_data.json,62910031,2025-04-01 04:15:00.943,2025-04-01 04:15:00.943,UTC-0300,hriiVjEkYE,,com.sec.android.app.shealth,2025-04-01 04:00:00.000,666c8e12-c44f-471e-a134-4d1d45652ecd,
62910031,2025-04-01 04:00:00.000,,216d5a0b-72e6-48e1-9280-ae660ebe071a.binning_data.json,62910031,2025-04-01 05:15:00.731,2025-04-01 05:15:00.731,UTC-0300,hriiVjEkYE,,com.sec.android.app.shealth,2025-04-01 05:00:00.000,216d5a0b-72e6-48e1-9280-ae660ebe071a,
62910031,2025-04-01 05:00:00.000,,bcb4ca24-8f6a-4cfb-a5f9-3bd53d3f58cf.binning_data.json,62910031,2025-04-01 06:15:01.425,2025-04-01 06:15:01.425,UTC-0300,hriiVjEkYE,,com.sec.android.app.shealth,2025-04-01 06:00:00.000,bcb4ca24-8f6a-4cfb-a5f9-3bd53d3f58cf,
62910031,2025-04-01 06:00:00.000,,1643607d-f3a1-440b-85c0-ceeedbba6bb5.binning_data.json,62910031,2025-04-01 07:08:11.185,2025-04-01 07:08:11.185,UTC-0300,hriiVjEkYE,,com.sec.android.app.shealth,2025-04-01 07:00:00.000,1643607d-f3a1-440b-85c0-ceeedbba6bb5,
62910031,2025-04-01 07:00:00.000,,cb6ad13e-50ac-4a4c-9809-2a561d30cbd2.binning_data.json,62910031,2025-04-01 08:15:01.409,2025-04-01 08:15:01.409,UTC-0300,hriiVjEkYE,,com.sec.android.app.shealth,2025-04-01 08:00:00.000,cb6ad13e-50ac-4a4c-9809-2a561d30cbd2,
62910031,2025-04-01 08:00:00.000,,bb66188b-d770-4724-b532-233d11ef10f8.binning_data.json,62910031,2025-04-01 09:15:01.537,2025-04-01 09:15:01.537,UTC-0300,hriiVjEkYE,,com.sec.android.app.shealth,2025-04-01 09:00:00.000,bb66188b-d770-4724-b532-233d11ef10f8,
62910031,2025-04-01 09:00:00.000,,365bd8b2-488e-4e76-a0d3-f423770926e7.binning_data.json,62910031,2025-04-01 10:10:30.488,2025-04-01 10:10:30.488,UTC-0300,hriiVjEkYE,,com.sec.android.app.shealth,2025-04-01 10:00:00.000,365bd8b2-488e-4e76-a0d3-f423770926e7,
62910031,2025-04-01 10:00:00.000,,07f38de5-4b25-45b7-ae9e-b8e86fc29fea.binning_data.json,62910031,2025-04-01 10:21:35.829,2025-04-01 10:21:35.829,UTC-0300,hriiVjEkYE,,com.sec.android.app.shealth,2025-04-01 10:21:35.710,07f38de5-4b25-45b7-ae9e-b8e86fc29fea,
62910031,2025-04-02 04:00:00.000,,d1ff6491-b731-4351-9456-c56c9a2c7148.binning_data.json,62910031,2025-04-02 05:14:59.778,2025-04-02 05:14:59.778,UTC-0300,hriiVjEkYE,,com.sec.android.app.shealth,2025-04-02 05:00:00.000,d1ff6491-b731-4351-9456-c56c9a2c7148,
62910031,2025-04-02 05:00:00.000,,08923a6d-0760-4464-99b0-cd161e8889c6.binning_data.json,62910031,2025-04-02 06:14:59.792,2025-04-02 06:14:59.792,UTC-0300,hriiVjEkYE,,com.sec.android.app.shealth,2025-04-02 06:00:00.000,08923a6d-0760-4464-99b0-cd161e8889c6,
62910031,2025-04-02 06:00:00.000,,a9655207-748e-40c0-9163-e9d34685d855.binning_data.json,62910031,2025-04-02 07:14:59.840,2025-04-02 07:14:59.840,UTC-0300,hriiVjEkYE,,com.sec.android.app.shealth,2025-04-02 07:00:00.000,a9655207-748e-40c0-9163-e9d34685d855,
62910031,2025-04-02 07:00:00.000,,d4b168ed-54cc-45db-bc2c-39a8cf67e5d1.binning_data.json,62910031,2025-04-02 08:15:00.624,2025-04-02 08:15:00.624,UTC-0300,hriiVjEkYE,,com.sec.android.app.shealth,2025-04-02 08:00:00.000,d4b168ed-54cc-45db-bc2c-39a8cf67e5d1,
62910031,2025-04-02 08:00:00.000,,a47b8061-d559-4d8b-baaf-81268de0e137.binning_data.json,62910031,2025-04-02 09:06:27.594,2025-04-02 09:06:27.594,UTC-0300,hriiVjEkYE,,com.sec.android.app.shealth,2025-04-02 09:00:00.000,a47b8061-d559-4d8b-baaf-81268de0e137,
62910031,2025-04-02 09:00:00.000,,458c2893-7606-46e9-bd41-58617a5e41dd.binning_data.json,62910031,2025-04-02 10:11:16.187,2025-04-02 10:11:16.187,UTC-0300,hriiVjEkYE,,com.sec.android.app.shealth,2025-04-02 10:00:00.000,458c2893-7606-46e9-bd41-58617a5e41dd,
62910031,2025-04-02 10:00:00.000,,45ce05b7-57b1-4bd9-a45e-463b10173745.binning_data.json,62910031,2025-04-02 10:36:01.226,2025-04-02 10:36:01.226,UTC-0300,hriiVjEkYE,,com.sec.android.app.shealth,2025-04-02 10:36:01.106,45ce05b7-57b1-4bd9-a45e-463b10173745,
62950051,2025-04-04 04:00:00.000,,3a260258-7cb2-4044-b309-909e356145cc.binning_data.json,62950051,2025-04-04 05:15:00.941,2025-04-04 05:15:00.941,UTC-0300,hriiVjEkYE,,com.sec.android.app.shealth,2025-04-04 05:00:00.000,3a260258-7cb2-4044-b309-909e356145cc,
62950051,2025-04-04 05:00:00.000,,3bebca6c-cc6c-4e07-83e3-6224032dfd17.binning_data.json,62950051,2025-04-04 06:15:00.673,2025-04-04 06:15:00.673,UTC-0300,hriiVjEkYE,,com.sec.android.app.shealth,2025-04-04 06:00:00.000,3bebca6c-cc6c-4e07-83e3-6224032dfd17,
62950051,2025-04-04 06:00:00.000,,1d41e847-974a-4c77-a588-caa5c583c549.binning_data.json,62950051,2025-04-04 07:15:00.516,2025-04-04 07:15:00.516,UTC-0300,hriiVjEkYE,,com.sec.android.app.shealth,2025-04-04 07:00:00.000,1d41e847-974a-4c77-a588-caa5c583c549,
62950051,2025-04-04 07:00:00.000,,ec1b3fc1-6112-4d09-be54-6b4444aed906.binning_data.json,62950051,2025-04-04 08:15:00.440,2025-04-04 08:15:00.440,UTC-0300,hriiVjEkYE,,com.sec.android.app.shealth,2025-04-04 08:00:00.000,ec1b3fc1-6112-4d09-be54-6b4444aed906,
62950051,2025-04-04 08:00:00.000,,80503899-fa0a-4109-a15c-d5a21c2b487c.binning_data.json,62950051,2025-04-04 09:15:00.676,2025-04-04 09:15:00.676,UTC-0300,hriiVjEkYE,,com.sec.android.app.shealth,2025-04-04 09:00:00.000,80503899-fa0a-4109-a15c-d5a21c2b487c,
62950051,2025-04-04 09:00:00.000,,ac82c542-2714-478c-aab3-279690fc3e83.binning_data.json,62950051,2025-04-04 10:15:00.021,2025-04-04 10:15:00.021,UTC-0300,hriiVjEkYE,,com.sec.android.app.shealth,2025-04-04 10:00:00.000,ac82c542-2714-478c-aab3-279690fc3e83,
62950051,2025-04-04 10:00:00.000,,02c8213a-48c8-4a17-a51b-00806d602950.binning_data.json,62950051,2025-04-04 11:15:00.172,2025-04-04 11:15:00.172,UTC-0300,hriiVjEkYE,,com.sec.android.app.shealth,2025-04-04 11:00:00.000,02c8213a-48c8-4a17-a51b-00806d602950,
62950051,2025-04-04 11:00:00.000,,1899629c-8c11-43b0-ab5e-aea0b78f3fd8.binning_data.json,62950051,2025-04-04 11:48:27.968,2025-04-04 11:48:27.968,UTC-0300,hriiVjEkYE,,com.sec.android.app.shealth,2025-04-04 11:48:27.861,1899629c-8c11-43b0-ab5e-aea0b78f3fd8,
62950051,2025-04-05 04:00:00.000,,0679cea6-3e18-4066-b579-23690fe0d51d.binning_data.json,62950051,2025-04-05 05:10:34.010,2025-04-05 05:10:34.010,UTC-0300,hriiVjEkYE,,com.sec.android.app.shealth,2025-04-05 05:00:00.000,0679cea6-3e18-4066-b579-23690fe0d51d,
62950051,2025-04-05 05:00:00.000,,325e6f60-71d7-485e-8ddf-e57ed2aef2c3.binning_data.json,62950051,2025-04-05 06:15:01.067,2025-04-05 06:15:01.067,UTC-0300,hriiVjEkYE,,com.sec.android.app.shealth,2025-04-05 06:00:00.000,325e6f60-71d7-485e-8ddf-e57ed2aef2c3,
62950051,2025-04-05 06:00:00.000,,eb348ce5-02f1-4fde-80c4-aafc43e7ddf8.binning_data.json,62950051,2025-04-05 07:15:01.052,2025-04-05 07:15:01.052,UTC-0300,hriiVjEkYE,,com.sec.android.app.shealth,2025-04-05 07:00:00.000,eb348ce5-02f1-4fde-80c4-aafc43e7ddf8,
62950051,2025-04-05 07:00:00.000,,38a16081-d8aa-4e83-9b94-d7d0e3aa3b57.binning_data.json,62950051,2025-04-05 08:15:00.212,2025-04-05 08:15:00.212,UTC-0300,hriiVjEkYE,,com.sec.android.app.shealth,2025-04-05 08:00:00.000,38a16081-d8aa-4e83-9b94-d7d0e3aa3b57,
62950051,2025-04-05 08:00:00.000,,126b0580-d0e4-4712-91fb-02edcd272dcd.binning_data.json,62950051,2025-04-05 09:15:00.348,2025-04-05 09:15:00.348,UTC-0300,hriiVjEkYE,,com.sec.android.app.shealth,2025-04-05 09:00:00.000,126b0580-d0e4-4712-91fb-02edcd272dcd,
62950051,2025-04-05 09:00:00.000,,a1cece3f-3e5b-4204-a6a6-112af7cf49a3.binning_data.json,62950051,2025-04-05 10:15:00.386,2025-04-05 10:15:00.386,UTC-0300,hriiVjEkYE,,com.sec.android.app.shealth,2025-04-05 10:00:00.000,a1cece3f-3e5b-4204-a6a6-112af7cf49a3,
62950051,2025-04-05 10:00:00.000,,d8fde373-e21f-47fc-a53b-4961f3db503e.binning_data.json,62950051,2025-04-05 11:15:00.642,2025-04-05 11:15:00.642,UTC-0300,hriiVjEkYE,,com.sec.android.app.shealth,2025-04-05 11:00:00.000,d8fde373-e21f-47fc-a53b-4961f3db503e,
62950051,2025-04-05 11:00:00.000,,be2cf950-6e31-47fc-82bd-4c0cab06a500.binning_data.json,62950051,2025-04-05 12:12:48.129,2025-04-05 12:12:48.129,UTC-0300,hriiVjEkYE,,com.sec.android.app.shealth,2025-04-05 12:00:00.000,be2cf950-6e31-47fc-82bd-4c0cab06a500,
62950051,2025-04-05 12:00:00.000,,982385b6-bdb9-42c2-8935-203ad6d5abd7.binning_data.json,62950051,2025-04-05 13:08:35.932,2025-04-05 13:08:35.932,UTC-0300,hriiVjEkYE,,com.sec.android.app.shealth,2025-04-05 13:00:00.000,982385b6-bdb9-42c2-8935-203ad6d5abd7,
62950051,2025-04-05 13:00:00.000,,6b44deec-8f95-4cd2-a61c-646b3c35e793.binning_data.json,62950051,2025-04-05 13:36:16.404,2025-04-05 13:36:16.404,UTC-0300,hriiVjEkYE,,com.sec.android.app.shealth,2025-04-05 13:36:16.287,6b44deec-8f95-4cd2-a61c-646b3c35e793,
62950051,2025-04-06 04:00:00.000,,f716c959-41b3-48c9-bce0-a83f4196590b.binning_data.json,62950051,2025-04-06 05:15:00.730,2025-04-06 05:15:00.730,UTC-0300,hriiVjEkYE,,com.sec.android.app.shealth,2025-04-06 05:00:00.000,f716c959-41b3-48c9-bce0-a83f4196590b,
62950051,2025-04-06 05:00:00.000,,c6f353bc-0070-4c9a-89ad-1e98d8c99bc8.binning_data.json,62950051,2025-04-06 06:15:00.791,2025-04-06 06:15:00.791,UTC-0300,hriiVjEkYE,,com.sec.android.app.shealth,2025-04-06 06:00:00.000,c6f353bc-0070-4c9a-89ad-1e98d8c99bc8,
62950051,2025-04-06 06:00:00.000,,7da50fb7-437a-47b8-a1e9-63eb4a772f17.binning_data.json,62950051,2025-04-06 07:07:04.546,2025-04-06 07:07:04.546,UTC-0300,hriiVjEkYE,,com.sec.android.app.shealth,2025-04-06 07:00:00.000,7da50fb7-437a-47b8-a1e9-63eb4a772f17,
62950051,2025-04-06 07:00:00.000,,52ce02a6-45f9-4054-a36a-115485ec8309.binning_data.json,62950051,2025-04-06 08:15:01.117,2025-04-06 08:15:01.117,UTC-0300,hriiVjEkYE,,com.sec.android.app.shealth,2025-04-06 08:00:00.000,52ce02a6-45f9-4054-a36a-115485ec8309,
62950051,2025-04-06 08:00:00.000,,7b19a0d4-102a-4fae-8f03-46d6373fe386.binning_data.json,62950051,2025-04-06 09:15:00.256,2025-04-06 09:15:00.256,UTC-0300,hriiVjEkYE,,com.sec.android.app.shealth,2025-04-06 09:00:00.000,7b19a0d4-102a-4fae-8f03-46d6373fe386,
62950051,2025-04-06 09:00:00.000,,3d3b529e-ee2f-4512-a91e-84b4ab569679.binning_data.json,62950051,2025-04-06 10:08:50.622,2025-04-06 10:08:50.622,UTC-0300,hriiVjEkYE,,com.sec.android.app.shealth,2025-04-06 10:00:00.000,3d3b529e-ee2f-4512-a91e-84b4ab569679,
62950051,2025-04-06 10:00:00.000,,483863bb-352e-4410-babc-f1c8ee629f19.binning_data.json,62950051,2025-04-06 11:15:00.437,2025-04-06 11:15:00.437,UTC-0300,hriiVjEkYE,,com.sec.android.app.shealth,2025-04-06 11:00:00.000,483863bb-352e-4410-babc-f1c8ee629f19,
62950051,2025-04-06 11:00:00.000,,168bfb3b-d507-47b1-8ed0-8520ec2ab197.binning_data.json,62950051,2025-04-06 12:15:00.357,2025-04-06 12:15:00.357,UTC-0300,hriiVjEkYE,,com.sec.android.app.shealth,2025-04-06 12:00:00.000,168bfb3b-d507-47b1-8ed0-8520ec2ab197,
62950051,2025-04-06 12:00:00.000,,0249420e-9289-4f53-bddd-f96a03a1e5e6.binning_data.json,62950051,2025-04-06 13:07:03.775,2025-04-06 13:07:03.775,UTC-0300,hriiVjEkYE,,com.sec.android.app.shealth,2025-04-06 13:00:00.000,0249420e-9289-4f53-bddd-f96a03a1e5e6,
62950051,2025-04-06 13:00:00.000,,26f538ad-c3ea-4009-b818-2c650f4e6aef.binning_data.json,62950051,2025-04-06 13:33:15.391,2025-04-06 13:33:15.391,UTC-0300,hriiVjEkYE,,com.sec.android.app.shealth,2025-04-06 13:33:15.226,26f538ad-c3ea-4009-b818-2c650f4e6aef,
62950051,2025-04-07 04:00:00.000,,e3bc7553-ff0d-4da4-8b9a-5a21ccb4933a.binning_data.json,62950051,2025-04-07 05:15:01.566,2025-04-07 05:15:01.566,UTC-0300,hriiVjEkYE,,com.sec.android.app.shealth,2025-04-07 05:00:00.000,e3bc7553-ff0d-4da4-8b9a-5a21ccb4933a,
62950051,2025-04-07 05:00:00.000,,96c43928-9925-4455-8b66-8125a49a9797.binning_data.json,62950051,2025-04-07 06:15:01.934,2025-04-07 06:15:01.934,UTC-0300,hriiVjEkYE,,com.sec.android.app.shealth,2025-04-07 06:00:00.000,96c43928-9925-4455-8b66-8125a49a9797,
62950051,2025-04-07 06:00:00.000,,0534dcfd-1a5c-415e-bdea-fd4cf09af75b.binning_data.json,62950051,2025-04-07 07:06:27.614,2025-04-07 07:06:27.614,UTC-0300,hriiVjEkYE,,com.sec.android.app.shealth,2025-04-07 07:00:00.000,0534dcfd-1a5c-415e-bdea-fd4cf09af75b,
62950051,2025-04-07 07:00:00.000,,e012f978-2264-49b6-b0a3-1f13ebfc141d.binning_data.json,62950051,2025-04-07 08:15:01.239,2025-04-07 08:15:01.239,UTC-0300,hriiVjEkYE,,com.sec.android.app.shealth,2025-04-07 08:00:00.000,e012f978-2264-49b6-b0a3-1f13ebfc141d,
62950051,2025-04-07 08:00:00.000,,d24f50b6-cc2c-4e0c-a74d-9743c03f8e7a.binning_data.json,62950051,2025-04-07 09:15:01.581,2025-04-07 09:15:01.581,UTC-0300,hriiVjEkYE,,com.sec.android.app.shealth,2025-04-07 09:00:00.000,d24f50b6-cc2c-4e0c-a74d-9743c03f8e7a,
62950051,2025-04-07 09:00:00.000,,4506f6c3-b52c-4cc8-adba-834daadbed2a.binning_data.json,62950051,2025-04-07 10:11:44.691,2025-04-07 10:11:44.691,UTC-0300,hriiVjEkYE,,com.sec.android.app.shealth,2025-04-07 10:00:00.000,4506f6c3-b52c-4cc8-adba-834daadbed2a,
62950051,2025-04-07 10:00:00.000,,203d0817-850a-4497-b218-d4aa5c4bb2f3.binning_data.json,62950051,2025-04-07 11:09:27.457,2025-04-07 11:09:27.457,UTC-0300,hriiVjEkYE,,com.sec.android.app.shealth,2025-04-07 11:00:00.000,203d0817-850a-4497-b218-d4aa5c4bb2f3,
62950051,2025-04-08 04:00:00.000,,ee4c005f-11aa-49ae-a581-8e4744898d85.binning_data.json,62950051,2025-04-08 05:15:00.457,2025-04-08 05:15:00.457,UTC-0300,hriiVjEkYE,,com.sec.android.app.shealth,2025-04-08 05:00:00.000,ee4c005f-11aa-49ae-a581-8e4744898d85,
62950051,2025-04-08 05:00:00.000,,52982935-80a3-419f-b87b-6b63e2682d22.binning_data.json,62950051,2025-04-08 06:06:31.692,2025-04-08 06:06:31.692,UTC-0300,hriiVjEkYE,,com.sec.android.app.shealth,2025-04-08 06:00:00.000,52982935-80a3-419f-b87b-6b63e2682d22,
62950051,2025-04-08 06:00:00.000,,0d21e5b2-55f5-439d-8d48-f5b8e24f8c0d.binning_data.json,62950051,2025-04-08 07:15:00.421,2025-04-08 07:15:00.421,UTC-0300,hriiVjEkYE,,com.sec.android.app.shealth,2025-04-08 07:00:00.000,0d21e5b2-55f5-439d-8d48-f5b8e24f8c0d,
62950051,2025-04-08 07:00:00.000,,0926c662-d791-464c-a484-03d625d124ca.binning_data.json,62950051,2025-04-08 08:15:00.576,2025-04-08 08:15:00.576,UTC-0300,hriiVjEkYE,,com.sec.android.app.shealth,2025-04-08 08:00:00.000,0926c662-d791-464c-a484-03d625d124ca,
62950051,2025-04-08 08:00:00.000,,f73092c4-36b4-4df2-a408-1ef9d1818b18.binning_data.json,62950051,2025-04-08 09:12:33.151,2025-04-08 09:12:33.151,UTC-0300,hriiVjEkYE,,com.sec.android.app.shealth,2025-04-08 09:00:00.000,f73092c4-36b4-4df2-a408-1ef9d1818b18,
62950051,2025-04-08 09:00:00.000,,ee31c857-6dcd-47c8-a544-730034484778.binning_data.json,62950051,2025-04-08 10:15:00.044,2025-04-08 10:15:00.044,UTC-0300,hriiVjEkYE,,com.sec.android.app.shealth,2025-04-08 10:00:00.000,ee31c857-6dcd-47c8-a544-730034484778,
62950051,2025-04-08 10:00:00.000,,175d6678-1ba4-4ef3-85a0-84bdb2fe7198.binning_data.json,62950051,2025-04-08 11:06:32.660,2025-04-08 11:06:32.660,UTC-0300,hriiVjEkYE,,com.sec.android.app.shealth,2025-04-08 11:00:00.000,175d6678-1ba4-4ef3-85a0-84bdb2fe7198,
62950051,2025-04-08 11:00:00.000,,69763485-91ab-4ef7-8c10-36ef1493fe2b.binning_data.json,62950051,2025-04-08 11:30:20.068,2025-04-08 11:30:20.068,UTC-0300,hriiVjEkYE,,com.sec.android.app.shealth,2025-04-08 11:30:19.889,69763485-91ab-4ef7-8c10-36ef1493fe2b,
62950051,2025-04-09 03:00:00.000,,120f6ab8-61f7-49ec-9264-9ca701f5e12b.binning_data.json,62950051,2025-04-09 04:08:49.668,2025-04-09 04:08:49.668,UTC-0300,hriiVjEkYE,,com.sec.android.app.shealth,2025-04-09 04:00:00.000,120f6ab8-61f7-49ec-9264-9ca701f5e12b,
62950051,2025-04-09 04:00:00.000,,c6e7376e-6a4b-4a04-9e8a-60265ffffea0.binning_data.json,62950051,2025-04-09 05:15:01.721,2025-04-09 05:15:01.721,UTC-0300,hriiVjEkYE,,com.sec.android.app.shealth,2025-04-09 05:00:00.000,c6e7376e-6a4b-4a04-9e8a-60265ffffea0,
62950051,2025-04-09 05:00:00.000,,7139f343-c834-4b32-b7da-3fa0beb2a5dd.binning_data.json,62950051,2025-04-09 06:15:01.599,2025-04-09 06:15:01.599,UTC-0300,hriiVjEkYE,,com.sec.android.app.shealth,2025-04-09 06:00:00.000,7139f343-c834-4b32-b7da-3fa0beb2a5dd,
62950051,2025-04-09 06:00:00.000,,56ac68da-0778-451a-a50b-3beac78389a3.binning_data.json,62950051,2025-04-09 07:15:01.340,2025-04-09 07:15:01.340,UTC-0300,hriiVjEkYE,,com.sec.android.app.shealth,2025-04-09 07:00:00.000,56ac68da-0778-451a-a50b-3beac78389a3,
62950051,2025-04-09 07:00:00.000,,729ce7f6-63ef-4ab7-aa58-6fd69f5a9631.binning_data.json,62950051,2025-04-09 08:15:01.071,2025-04-09 08:15:01.071,UTC-0300,hriiVjEkYE,,com.sec.android.app.shealth,2025-04-09 08:00:00.000,729ce7f6-63ef-4ab7-aa58-6fd69f5a9631,
62950051,2025-04-09 08:00:00.000,,1eef933b-874b-4aba-83a1-75380b1694f4.binning_data.json,62950051,2025-04-09 09:15:00.913,2025-04-09 09:15:00.913,UTC-0300,hriiVjEkYE,,com.sec.android.app.shealth,2025-04-09 09:00:00.000,1eef933b-874b-4aba-83a1-75380b1694f4,
62950051,2025-04-09 09:00:00.000,,56147348-438d-440d-8006-162d86e26b8f.binning_data.json,62950051,2025-04-09 10:10:49.253,2025-04-09 10:10:49.253,UTC-0300,hriiVjEkYE,,com.sec.android.app.shealth,2025-04-09 10:00:00.000,56147348-438d-440d-8006-162d86e26b8f,
62950051,2025-04-09 10:00:00.000,,eb43a64a-9b5a-4942-bb65-ca0136ea6584.binning_data.json,62950051,2025-04-09 10:27:57.639,2025-04-09 10:27:57.639,UTC-0300,hriiVjEkYE,,com.sec.android.app.shealth,2025-04-09 10:27:57.536,eb43a64a-9b5a-4942-bb65-ca0136ea6584,
62950051,2025-04-12 04:00:00.000,,73418885-8429-414e-b6b3-319d66e229a2.binning_data.json,62950051,2025-04-12 05:15:00.158,2025-04-12 05:15:00.158,UTC-0300,hriiVjEkYE,,com.sec.android.app.shealth,2025-04-12 05:00:00.000,73418885-8429-414e-b6b3-319d66e229a2,
62950051,2025-04-12 05:00:00.000,,ef7e2a62-644c-4187-805b-592f061bc067.binning_data.json,62950051,2025-04-12 06:11:39.099,2025-04-12 06:11:39.099,UTC-0300,hriiVjEkYE,,com.sec.android.app.shealth,2025-04-12 06:00:00.000,ef7e2a62-644c-4187-805b-592f061bc067,
62950051,2025-04-12 06:00:00.000,,8401999b-a366-4d34-b741-d3483a514e4a.binning_data.json,62950051,2025-04-12 07:15:00.626,2025-04-12 07:15:00.626,UTC-0300,hriiVjEkYE,,com.sec.android.app.shealth,2025-04-12 07:00:00.000,8401999b-a366-4d34-b741-d3483a514e4a,
62950051,2025-04-12 07:00:00.000,,9210c6e7-45e4-400f-8430-24a4f0844c54.binning_data.json,62950051,2025-04-12 08:15:00.863,2025-04-12 08:15:00.863,UTC-0300,hriiVjEkYE,,com.sec.android.app.shealth,2025-04-12 08:00:00.000,9210c6e7-45e4-400f-8430-24a4f0844c54,
62950051,2025-04-12 08:00:00.000,,8d011c7b-e59d-4bf1-9206-965e5105dad6.binning_data.json,62950051,2025-04-12 09:11:09.172,2025-04-12 09:11:09.172,UTC-0300,hriiVjEkYE,,com.sec.android.app.shealth,2025-04-12 09:00:00.000,8d011c7b-e59d-4bf1-9206-965e5105dad6,
62950051,2025-04-12 09:00:00.000,,226376f4-bfbf-4550-95fc-b7062412ad32.binning_data.json,62950051,2025-04-12 10:15:01.091,2025-04-12 10:15:01.091,UTC-0300,hriiVjEkYE,,com.sec.android.app.shealth,2025-04-12 10:00:00.000,226376f4-bfbf-4550-95fc-b7062412ad32,
62950051,2025-04-12 10:00:00.000,,a5424167-52b5-4891-a1cd-e38155f8fd8c.binning_data.json,62950051,2025-04-12 11:15:01.092,2025-04-12 11:15:01.092,UTC-0300,hriiVjEkYE,,com.sec.android.app.shealth,2025-04-12 11:00:00.000,a5424167-52b5-4891-a1cd-e38155f8fd8c,
62950051,2025-04-12 11:00:00.000,,4d26f8ec-905b-4386-a772-ccd854e0f29e.binning_data.json,62950051,2025-04-12 12:05:10.692,2025-04-12 12:05:10.692,UTC-0300,hriiVjEkYE,,com.sec.android.app.shealth,2025-04-12 12:00:00.000,4d26f8ec-905b-4386-a772-ccd854e0f29e,
62950051,2025-04-12 12:00:00.000,,eeb2a5ae-793c-4f58-954c-975af143f5ed.binning_data.json,62950051,2025-04-12 13:15:00.602,2025-04-12 13:15:00.602,UTC-0300,hriiVjEkYE,,com.sec.android.app.shealth,2025-04-12 13:00:00.000,eeb2a5ae-793c-4f58-954c-975af143f5ed,
62950051,2025-04-12 13:00:00.000,,0b96648c-5475-4f36-a7f2-3ce33ad888d2.binning_data.json,62950051,2025-04-12 14:15:00.000,2025-04-12 14:15:00.000,UTC-0300,hriiVjEkYE,,com.sec.android.app.shealth,2025-04-12 14:00:00.000,0b96648c-5475-4f36-a7f2-3ce33ad888d2,
62950051,2025-04-12 14:00:00.000,,c1f06719-d906-4952-95b3-5158683d6ec4.binning_data.json,62950051,2025-04-12 14:43:24.665,2025-04-12 14:43:24.665,UTC-0300,hriiVjEkYE,,com.sec.android.app.shealth,2025-04-12 14:43:24.605,c1f06719-d906-4952-95b3-5158683d6ec4,
62950051,2025-04-13 03:00:00.000,,b6048754-6288-45ce-baa1-ac71af14e10e.binning_data.json,62950051,2025-04-13 04:15:00.221,2025-04-13 04:15:00.221,UTC-0300,hriiVjEkYE,,com.sec.android.app.shealth,2025-04-13 04:00:00.000,b6048754-6288-45ce-baa1-ac71af14e10e,
62950051,2025-04-13 04:00:00.000,,3eb949b3-33ea-4f73-8e8d-9772f78db19c.binning_data.json,62950051,2025-04-13 05:15:00.428,2025-04-13 05:15:00.428,UTC-0300,hriiVjEkYE,,com.sec.android.app.shealth,2025-04-13 05:00:00.000,3eb949b3-33ea-4f73-8e8d-9772f78db19c,
62950051,2025-04-13 05:00:00.000,,4d8bb9d4-1488-4da8-b322-73cb2671c4a4.binning_data.json,62950051,2025-04-13 06:05:31.582,2025-04-13 06:05:31.582,UTC-0300,hriiVjEkYE,,com.sec.android.app.shealth,2025-04-13 06:00:00.000,4d8bb9d4-1488-4da8-b322-73cb2671c4a4,
62950051,2025-04-13 06:00:00.000,,d57a3572-3317-4068-9673-e1829571da7f.binning_data.json,62950051,2025-04-13 07:15:00.749,2025-04-13 07:15:00.749,UTC-0300,hriiVjEkYE,,com.sec.android.app.shealth,2025-04-13 07:00:00.000,d57a3572-3317-4068-9673-e1829571da7f,
62950051,2025-04-13 07:00:00.000,,4e3c3c17-3ce6-42cd-811b-19e05fe7f66a.binning_data.json,62950051,2025-04-13 08:15:00.898,2025-04-13 08:15:00.898,UTC-0300,hriiVjEkYE,,com.sec.android.app.shealth,2025-04-13 08:00:00.000,4e3c3c17-3ce6-42cd-811b-19e05fe7f66a,
62950051,2025-04-13 08:00:00.000,,b8d1b0c5-3587-4986-94d1-1d72f967d111.binning_data.json,62950051,2025-04-13 09:06:32.329,2025-04-13 09:06:32.329,UTC-0300,hriiVjEkYE,,com.sec.android.app.shealth,2025-04-13 09:00:00.000,b8d1b0c5-3587-4986-94d1-1d72f967d111,
62950051,2025-04-13 09:00:00.000,,24121569-5bea-4ad8-9d3e-5d011aa1314d.binning_data.json,62950051,2025-04-13 10:15:01.120,2025-04-13 10:15:01.120,UTC-0300,hriiVjEkYE,,com.sec.android.app.shealth,2025-04-13 10:00:00.000,24121569-5bea-4ad8-9d3e-5d011aa1314d,
62950051,2025-04-13 10:00:00.000,,727bfbb5-b416-4ac6-9116-9e9ff6461732.binning_data.json,62950051,2025-04-13 11:15:01.141,2025-04-13 11:15:01.141,UTC-0300,hriiVjEkYE,,com.sec.android.app.shealth,2025-04-13 11:00:00.000,727bfbb5-b416-4ac6-9116-9e9ff6461732,
62950051,2025-04-14 05:00:00.000,,24d2f7a8-daee-48ff-ab96-3bc25603d07b.binning_data.json,62950051,2025-04-14 06:06:11.703,2025-04-14 06:06:11.703,UTC-0300,hriiVjEkYE,,com.sec.android.app.shealth,2025-04-14 06:00:00.000,24d2f7a8-daee-48ff-ab96-3bc25603d07b,
62950051,2025-04-14 06:00:00.000,,f9e6518b-8b92-417c-ba36-9739949d29de.binning_data.json,62950051,2025-04-14 07:15:00.742,2025-04-14 07:15:00.742,UTC-0300,hriiVjEkYE,,com.sec.android.app.shealth,2025-04-14 07:00:00.000,f9e6518b-8b92-417c-ba36-9739949d29de,
62950051,2025-04-14 07:00:00.000,,91f2cd62-2da2-49c7-aeff-7b73f77a680e.binning_data.json,62950051,2025-04-14 08:15:00.867,2025-04-14 08:15:00.867,UTC-0300,hriiVjEkYE,,com.sec.android.app.shealth,2025-04-14 08:00:00.000,91f2cd62-2da2-49c7-aeff-7b73f77a680e,
62950051,2025-04-14 08:00:00.000,,bc58b2e8-4564-4f22-832e-6d53bd49da77.binning_data.json,62950051,2025-04-14 09:06:11.660,2025-04-14 09:06:11.660,UTC-0300,hriiVjEkYE,,com.sec.android.app.shealth,2025-04-14 09:00:00.000,bc58b2e8-4564-4f22-832e-6d53bd49da77,
62950051,2025-04-14 09:00:00.000,,f8c3f3a6-f489-4f96-8ba5-05d4094aafe1.binning_data.json,62950051,2025-04-14 10:15:00.199,2025-04-14 10:15:00.199,UTC-0300,hriiVjEkYE,,com.sec.android.app.shealth,2025-04-14 10:00:00.000,f8c3f3a6-f489-4f96-8ba5-05d4094aafe1,
62950051,2025-04-14 10:00:00.000,,45dd5fff-1867-4555-8ed0-9fffeea04000.binning_data.json,62950051,2025-04-14 11:06:04.930,2025-04-14 11:06:04.930,UTC-0300,hriiVjEkYE,,com.sec.android.app.shealth,2025-04-14 11:00:00.000,45dd5fff-1867-4555-8ed0-9fffeea04000,
62950051,2025-04-14 11:00:00.000,,2b53bc3e-d9e1-494d-86d1-9a8fb594e0c8.binning_data.json,62950051,2025-04-14 11:23:47.786,2025-04-14 11:23:47.786,UTC-0300,hriiVjEkYE,,com.sec.android.app.shealth,2025-04-14 11:23:47.620,2b53bc3e-d9e1-494d-86d1-9a8fb594e0c8,
62950051,2025-04-15 04:00:00.000,,88ddb72b-ca15-4223-a9f6-d7bfd52d7b3a.binning_data.json,62950051,2025-04-15 05:06:11.751,2025-04-15 05:06:11.751,UTC-0300,hriiVjEkYE,,com.sec.android.app.shealth,2025-04-15 05:00:00.000,88ddb72b-ca15-4223-a9f6-d7bfd52d7b3a,
62950051,2025-04-15 05:00:00.000,,f97683ba-f61e-410b-b898-75ced9fc5fd3.binning_data.json,62950051,2025-04-15 06:15:00.362,2025-04-15 06:15:00.362,UTC-0300,hriiVjEkYE,,com.sec.android.app.shealth,2025-04-15 06:00:00.000,f97683ba-f61e-410b-b898-75ced9fc5fd3,
62950051,2025-04-15 06:00:00.000,,08acdfbb-b919-42c2-a25b-56e87f2e6002.binning_data.json,62950051,2025-04-15 07:15:00.669,2025-04-15 07:15:00.669,UTC-0300,hriiVjEkYE,,com.sec.android.app.shealth,2025-04-15 07:00:00.000,08acdfbb-b919-42c2-a25b-56e87f2e6002,
62950051,2025-04-15 07:00:00.000,,2e2841ed-4e44-45bc-9369-376c11f794c9.binning_data.json,62950051,2025-04-15 08:05:47.782,2025-04-15 08:05:47.782,UTC-0300,hriiVjEkYE,,com.sec.android.app.shealth,2025-04-15 08:00:00.000,2e2841ed-4e44-45bc-9369-376c11f794c9,
62950051,2025-04-15 08:00:00.000,,629be9b3-1c28-4ed0-ad90-2026835c14d0.binning_data.json,62950051,2025-04-15 09:15:00.686,2025-04-15 09:15:00.686,UTC-0300,hriiVjEkYE,,com.sec.android.app.shealth,2025-04-15 09:00:00.000,629be9b3-1c28-4ed0-ad90-2026835c14d0,
62950051,2025-04-15 09:00:00.000,,e93eca5c-b103-4ec6-b413-8be1ff4660a8.binning_data.json,62950051,2025-04-15 10:06:14.153,2025-04-15 10:06:14.153,UTC-0300,hriiVjEkYE,,com.sec.android.app.shealth,2025-04-15 10:00:00.000,e93eca5c-b103-4ec6-b413-8be1ff4660a8,
62950051,2025-04-15 10:00:00.000,,356738ac-279e-4fd9-a271-cd2f290f550b.binning_data.json,62950051,2025-04-15 11:10:54.329,2025-04-15 11:10:54.329,UTC-0300,hriiVjEkYE,,com.sec.android.app.shealth,2025-04-15 11:00:00.000,356738ac-279e-4fd9-a271-cd2f290f550b,
62950051,2025-04-15 11:00:00.000,,5677b6e5-222c-4176-af18-197e82bb6b62.binning_data.json,62950051,2025-04-15 11:45:49.001,2025-04-15 11:45:49.001,UTC-0300,hriiVjEkYE,,com.sec.android.app.shealth,2025-04-15 11:45:48.887,5677b6e5-222c-4176-af18-197e82bb6b62,
62950051,2025-04-16 04:00:00.000,,f11e0bab-6b6f-47f5-8d83-1223e543722a.binning_data.json,62950051,2025-04-16 05:06:30.554,2025-04-16 05:06:30.554,UTC-0300,hriiVjEkYE,,com.sec.android.app.shealth,2025-04-16 05:00:00.000,f11e0bab-6b6f-47f5-8d83-1223e543722a,
62950051,2025-04-16 05:00:00.000,,0864a5f3-5c11-49de-9a4d-8bf15e871274.binning_data.json,62950051,2025-04-16 06:15:01.446,2025-04-16 06:15:01.446,UTC-0300,hriiVjEkYE,,com.sec.android.app.shealth,2025-04-16 06:00:00.000,0864a5f3-5c11-49de-9a4d-8bf15e871274,
62950051,2025-04-16 06:00:00.000,,660d9c3c-d6f9-4977-acb2-80df76ff947a.binning_data.json,62950051,2025-04-16 07:15:01.639,2025-04-16 07:15:01.639,UTC-0300,hriiVjEkYE,,com.sec.android.app.shealth,2025-04-16 07:00:00.000,660d9c3c-d6f9-4977-acb2-80df76ff947a,
62950051,2025-04-16 07:00:00.000,,648390fc-4fc9-4698-92dd-27f5ea8fb4c2.binning_data.json,62950051,2025-04-16 08:08:26.439,2025-04-16 08:08:26.439,UTC-0300,hriiVjEkYE,,com.sec.android.app.shealth,2025-04-16 08:00:00.000,648390fc-4fc9-4698-92dd-27f5ea8fb4c2,
62950051,2025-04-16 08:00:00.000,,71ed7707-9955-4695-a6e7-511a63a88328.binning_data.json,62950051,2025-04-16 09:15:01.317,2025-04-16 09:15:01.317,UTC-0300,hriiVjEkYE,,com.sec.android.app.shealth,2025-04-16 09:00:00.000,71ed7707-9955-4695-a6e7-511a63a88328,
62950051,2025-04-16 09:00:00.000,,4a3f561f-ddef-4c68-9e89-4f74d2cf053d.binning_data.json,62950051,2025-04-16 10:06:49.082,2025-04-16 10:06:49.082,UTC-0300,hriiVjEkYE,,com.sec.android.app.shealth,2025-04-16 10:00:00.000,4a3f561f-ddef-4c68-9e89-4f74d2cf053d,
62950051,2025-04-16 10:00:00.000,,552b9db0-b472-4884-834b-16c0c4374999.binning_data.json,62950051,2025-04-16 10:26:20.599,2025-04-16 10:26:20.599,UTC-0300,hriiVjEkYE,,com.sec.android.app.shealth,2025-04-16 10:26:20.440,552b9db0-b472-4884-834b-16c0c4374999,
62950051,2025-04-17 03:00:00.000,,defe41c2-b798-4706-b846-d6be4aeb6e99.binning_data.json,62950051,2025-04-17 04:15:00.697,2025-04-17 04:15:00.697,UTC-0300,hriiVjEkYE,,com.sec.android.app.shealth,2025-04-17 04:00:00.000,defe41c2-b798-4706-b846-d6be4aeb6e99,
62950051,2025-04-17 04:00:00.000,,e92e6658-2e5f-40e6-9480-d7e2c3d4f458.binning_data.json,62950051,2025-04-17 05:15:00.952,2025-04-17 05:15:00.952,UTC-0300,hriiVjEkYE,,com.sec.android.app.shealth,2025-04-17 05:00:00.000,e92e6658-2e5f-40e6-9480-d7e2c3d4f458,
62950051,2025-04-17 05:00:00.000,,46434839-4380-4457-a806-77956c63fb9b.binning_data.json,62950051,2025-04-17 06:15:01.289,2025-04-17 06:15:01.289,UTC-0300,hriiVjEkYE,,com.sec.android.app.shealth,2025-04-17 06:00:00.000,46434839-4380-4457-a806-77956c63fb9b,
62950051,2025-04-17 06:00:00.000,,00e136ca-33f8-4fa4-9402-18c0a4264aac.binning_data.json,62950051,2025-04-17 07:15:01.334,2025-04-17 07:15:01.334,UTC-0300,hriiVjEkYE,,com.sec.android.app.shealth,2025-04-17 07:00:00.000,00e136ca-33f8-4fa4-9402-18c0a4264aac,
62950051,2025-04-17 07:00:00.000,,7b2344d3-2dd2-4972-980d-9e248d4696c6.binning_data.json,62950051,2025-04-17 08:16:09.448,2025-04-17 08:16:09.448,UTC-0300,hriiVjEkYE,,com.sec.android.app.shealth,2025-04-17 08:00:00.000,7b2344d3-2dd2-4972-980d-9e248d4696c6,
62950051,2025-04-17 08:00:00.000,,f20df424-b4d2-4231-a503-b6bb6195e4e2.binning_data.json,62950051,2025-04-17 09:15:01.611,2025-04-17 09:15:01.611,UTC-0300,hriiVjEkYE,,com.sec.android.app.shealth,2025-04-17 09:00:00.000,f20df424-b4d2-4231-a503-b6bb6195e4e2,
62950051,2025-04-17 09:00:00.000,,ebcbeb91-4687-430a-b435-60cd60e5b072.binning_data.json,62950051,2025-04-17 10:12:21.517,2025-04-17 10:12:21.517,UTC-0300,hriiVjEkYE,,com.sec.android.app.shealth,2025-04-17 10:00:00.000,ebcbeb91-4687-430a-b435-60cd60e5b072,
62950051,2025-04-17 10:00:00.000,,8508bf96-3161-46e6-9e25-6371659dc51a.binning_data.json,62950051,2025-04-17 10:26:28.004,2025-04-17 10:26:28.004,UTC-0300,hriiVjEkYE,,com.sec.android.app.shealth,2025-04-17 10:26:27.942,8508bf96-3161-46e6-9e25-6371659dc51a,
62950051,2025-04-18 04:00:00.000,,164e91d1-512b-4334-bff7-cf472b604a8a.binning_data.json,62950051,2025-04-18 05:15:00.920,2025-04-18 05:15:00.920,UTC-0300,hriiVjEkYE,,com.sec.android.app.shealth,2025-04-18 05:00:00.000,164e91d1-512b-4334-bff7-cf472b604a8a,
62950051,2025-04-18 05:00:00.000,,1a8cb4fc-ffed-4eb3-982a-54f0ee125968.binning_data.json,62950051,2025-04-18 06:14:59.683,2025-04-18 06:14:59.683,UTC-0300,hriiVjEkYE,,com.sec.android.app.shealth,2025-04-18 06:00:00.000,1a8cb4fc-ffed-4eb3-982a-54f0ee125968,
62950051,2025-04-18 06:00:00.000,,da5bb2e0-130b-4f07-8587-07b3e74e8780.binning_data.json,62950051,2025-04-18 07:15:00.506,2025-04-18 07:15:00.506,UTC-0300,hriiVjEkYE,,com.sec.android.app.shealth,2025-04-18 07:00:00.000,da5bb2e0-130b-4f07-8587-07b3e74e8780,
62950051,2025-04-18 07:00:00.000,,dcc49a7c-0181-4e80-9323-21fe68cf8db9.binning_data.json,62950051,2025-04-18 08:15:00.498,2025-04-18 08:15:00.498,UTC-0300,hriiVjEkYE,,com.sec.android.app.shealth,2025-04-18 08:00:00.000,dcc49a7c-0181-4e80-9323-21fe68cf8db9,
62950051,2025-04-18 08:00:00.000,,745779c9-67b8-4964-b452-fd04f5974eb8.binning_data.json,62950051,2025-04-18 09:15:00.287,2025-04-18 09:15:00.287,UTC-0300,hriiVjEkYE,,com.sec.android.app.shealth,2025-04-18 09:00:00.000,745779c9-67b8-4964-b452-fd04f5974eb8,
62950051,2025-04-18 09:00:00.000,,362c7320-ee33-4f0b-8279-7bd9c455cfc7.binning_data.json,62950051,2025-04-18 10:15:00.076,2025-04-18 10:15:00.076,UTC-0300,hriiVjEkYE,,com.sec.android.app.shealth,2025-04-18 10:00:00.000,362c7320-ee33-4f0b-8279-7bd9c455cfc7,
62950051,2025-04-18 10:00:00.000,,a294116d-60b0-40ea-a51c-e8b6d56eb9d8.binning_data.json,62950051,2025-04-18 11:14:59.728,2025-04-18 11:14:59.728,UTC-0300,hriiVjEkYE,,com.sec.android.app.shealth,2025-04-18 11:00:00.000,a294116d-60b0-40ea-a51c-e8b6d56eb9d8,
62950051,2025-04-18 11:00:00.000,,97fdf0b7-4b07-428a-89b5-067a3c2ffd74.binning_data.json,62950051,2025-04-18 12:15:00.417,2025-04-18 12:15:00.417,UTC-0300,hriiVjEkYE,,com.sec.android.app.shealth,2025-04-18 12:00:00.000,97fdf0b7-4b07-428a-89b5-067a3c2ffd74,
62950051,2025-04-18 12:00:00.000,,2338f00e-23dc-4d79-8a6a-8d5b25de0c10.binning_data.json,62950051,2025-04-18 13:14:59.936,2025-04-18 13:14:59.936,UTC-0300,hriiVjEkYE,,com.sec.android.app.shealth,2025-04-18 13:00:00.000,2338f00e-23dc-4d79-8a6a-8d5b25de0c10,
62950051,2025-04-18 13:00:00.000,,27364789-02ff-483a-9a87-f6f3ffd746f0.binning_data.json,62950051,2025-04-18 14:08:51.533,2025-04-18 14:08:51.533,UTC-0300,hriiVjEkYE,,com.sec.android.app.shealth,2025-04-18 14:00:00.000,27364789-02ff-483a-9a87-f6f3ffd746f0,
62950051,2025-04-18 14:00:00.000,,d689d809-eed9-4d39-aeec-007cfdc5a121.binning_data.json,62950051,2025-04-18 14:28:02.117,2025-04-18 14:28:02.117,UTC-0300,hriiVjEkYE,,com.sec.android.app.shealth,2025-04-18 14:28:01.933,d689d809-eed9-4d39-aeec-007cfdc5a121,
62950051,2025-04-21 04:00:00.000,,0eb750d0-c1c0-4cb4-8254-ba36379f402d.binning_data.json,62950051,2025-04-21 05:15:00.446,2025-04-21 05:15:00.446,UTC-0300,hriiVjEkYE,,com.sec.android.app.shealth,2025-04-21 05:00:00.000,0eb750d0-c1c0-4cb4-8254-ba36379f402d,
62950051,2025-04-21 05:00:00.000,,76cae00b-80c4-44b9-8957-edc68c20ae42.binning_data.json,62950051,2025-04-21 06:15:00.396,2025-04-21 06:15:00.396,UTC-0300,hriiVjEkYE,,com.sec.android.app.shealth,2025-04-21 06:00:00.000,76cae00b-80c4-44b9-8957-edc68c20ae42,
62950051,2025-04-21 06:00:00.000,,d1a94157-b2b5-4bbc-b700-2f9bfa55b492.binning_data.json,62950051,2025-04-21 07:15:00.535,2025-04-21 07:15:00.535,UTC-0300,hriiVjEkYE,,com.sec.android.app.shealth,2025-04-21 07:00:00.000,d1a94157-b2b5-4bbc-b700-2f9bfa55b492,
62950051,2025-04-21 07:00:00.000,,d9327944-7c93-4091-84a4-8a01cd04e82d.binning_data.json,62950051,2025-04-21 08:15:00.388,2025-04-21 08:15:00.388,UTC-0300,hriiVjEkYE,,com.sec.android.app.shealth,2025-04-21 08:00:00.000,d9327944-7c93-4091-84a4-8a01cd04e82d,
62950051,2025-04-21 08:00:00.000,,275662a7-b9c3-42d4-a8e6-89462ef2ab50.binning_data.json,62950051,2025-04-21 09:15:00.377,2025-04-21 09:15:00.377,UTC-0300,hriiVjEkYE,,com.sec.android.app.shealth,2025-04-21 09:00:00.000,275662a7-b9c3-42d4-a8e6-89462ef2ab50,
62950051,2025-04-21 09:00:00.000,,75034510-1c0d-4fd0-ad96-9f67cbaead5e.binning_data.json,62950051,2025-04-21 10:15:00.653,2025-04-21 10:15:00.653,UTC-0300,hriiVjEkYE,,com.sec.android.app.shealth,2025-04-21 10:00:00.000,75034510-1c0d-4fd0-ad96-9f67cbaead5e,
62950051,2025-04-21 10:00:00.000,,b5a238a9-f03c-4817-8134-41b7aca4104c.binning_data.json,62950051,2025-04-21 11:15:00.693,2025-04-21 11:15:00.693,UTC-0300,hriiVjEkYE,,com.sec.android.app.shealth,2025-04-21 11:00:00.000,b5a238a9-f03c-4817-8134-41b7aca4104c,
62950051,2025-04-21 11:00:00.000,,2eef03fe-75a0-4342-8b4a-de24dd27835b.binning_data.json,62950051,2025-04-21 12:15:00.807,2025-04-21 12:15:00.807,UTC-0300,hriiVjEkYE,,com.sec.android.app.shealth,2025-04-21 12:00:00.000,2eef03fe-75a0-4342-8b4a-de24dd27835b,
62950051,2025-04-21 12:00:00.000,,a76fea4b-0e49-4097-a95d-a8dc7c06ae86.binning_data.json,62950051,2025-04-21 13:15:00.824,2025-04-21 13:15:00.824,UTC-0300,hriiVjEkYE,,com.sec.android.app.shealth,2025-04-21 13:00:00.000,a76fea4b-0e49-4097-a95d-a8dc7c06ae86,
62950051,2025-04-21 13:00:00.000,,c43fb83a-86ef-4925-b00b-4f828793e266.binning_data.json,62950051,2025-04-21 14:05:20.665,2025-04-21 14:05:20.665,UTC-0300,hriiVjEkYE,,com.sec.android.app.shealth,2025-04-21 14:00:00.000,c43fb83a-86ef-4925-b00b-4f828793e266,
62950051,2025-04-21 14:00:00.000,,fd924125-141b-434d-9cea-e4bd1676f864.binning_data.json,62950051,2025-04-21 14:23:25.443,2025-04-21 14:23:25.443,UTC-0300,hriiVjEkYE,,com.sec.android.app.shealth,2025-04-21 14:23:25.187,fd924125-141b-434d-9cea-e4bd1676f864,
62950051,2025-04-22 05:00:00.000,,f64e6575-726b-4ed3-81cf-09d479373f57.binning_data.json,62950051,2025-04-22 06:15:00.384,2025-04-22 06:15:00.384,UTC-0300,hriiVjEkYE,,com.sec.android.app.shealth,2025-04-22 06:00:00.000,f64e6575-726b-4ed3-81cf-09d479373f57,
62950051,2025-04-22 06:00:00.000,,1023fc89-8701-4df4-99af-eb286c16b251.binning_data.json,62950051,2025-04-22 07:05:22.367,2025-04-22 07:05:22.367,UTC-0300,hriiVjEkYE,,com.sec.android.app.shealth,2025-04-22 07:00:00.000,1023fc89-8701-4df4-99af-eb286c16b251,
62950051,2025-04-22 07:00:00.000,,dffcaf21-c690-4997-b329-fbbb0a66838e.binning_data.json,62950051,2025-04-22 08:15:00.652,2025-04-22 08:15:00.652,UTC-0300,hriiVjEkYE,,com.sec.android.app.shealth,2025-04-22 08:00:00.000,dffcaf21-c690-4997-b329-fbbb0a66838e,
62950051,2025-04-22 08:00:00.000,,1f74e360-b369-4d00-b16b-2332be38c735.binning_data.json,62950051,2025-04-22 09:15:00.898,2025-04-22 09:15:00.898,UTC-0300,hriiVjEkYE,,com.sec.android.app.shealth,2025-04-22 09:00:00.000,1f74e360-b369-4d00-b16b-2332be38c735,
62950051,2025-04-22 09:00:00.000,,25004e59-2701-47e8-8a82-4017c10aa2e1.binning_data.json,62950051,2025-04-22 10:15:00.069,2025-04-22 10:15:00.069,UTC-0300,hriiVjEkYE,,com.sec.android.app.shealth,2025-04-22 10:00:00.000,25004e59-2701-47e8-8a82-4017c10aa2e1,
62950051,2025-04-22 10:00:00.000,,2fcaa6fd-2e90-4658-a6a0-76ab01c124e4.binning_data.json,62950051,2025-04-22 11:02:20.166,2025-04-22 11:02:20.166,UTC-0300,hriiVjEkYE,,com.sec.android.app.shealth,2025-04-22 11:00:00.000,2fcaa6fd-2e90-4658-a6a0-76ab01c124e4,
62950051,2025-04-23 05:00:00.000,,6533ccd9-2415-4f4f-9306-e56099f9ff9e.binning_data.json,62950051,2025-04-23 06:15:01.109,2025-04-23 06:15:01.109,UTC-0300,hriiVjEkYE,,com.sec.android.app.shealth,2025-04-23 06:00:00.000,6533ccd9-2415-4f4f-9306-e56099f9ff9e,
62950051,2025-04-23 06:00:00.000,,fb914425-cfda-4c8a-a95a-06850e9cc3fb.binning_data.json,62950051,2025-04-23 07:15:00.307,2025-04-23 07:15:00.307,UTC-0300,hriiVjEkYE,,com.sec.android.app.shealth,2025-04-23 07:00:00.000,fb914425-cfda-4c8a-a95a-06850e9cc3fb,
62950051,2025-04-23 07:00:00.000,,9b6a6b9b-2140-4a95-86ef-f1404109dbe3.binning_data.json,62950051,2025-04-23 08:15:00.600,2025-04-23 08:15:00.600,UTC-0300,hriiVjEkYE,,com.sec.android.app.shealth,2025-04-23 08:00:00.000,9b6a6b9b-2140-4a95-86ef-f1404109dbe3,
62950051,2025-04-23 08:00:00.000,,e7a2f7e4-16ce-4a47-9c7d-0e2bd83b87b4.binning_data.json,62950051,2025-04-23 09:15:00.839,2025-04-23 09:15:00.839,UTC-0300,hriiVjEkYE,,com.sec.android.app.shealth,2025-04-23 09:00:00.000,e7a2f7e4-16ce-4a47-9c7d-0e2bd83b87b4,
62950051,2025-04-23 09:00:00.000,,fc82437e-6819-4733-b371-baa7addd9a48.binning_data.json,62950051,2025-04-23 10:15:00.907,2025-04-23 10:15:00.907,UTC-0300,hriiVjEkYE,,com.sec.android.app.shealth,2025-04-23 10:00:00.000,fc82437e-6819-4733-b371-baa7addd9a48,
62950051,2025-04-23 10:00:00.000,,cfe9a993-b2f4-40e9-86cb-daed8547be0d.binning_data.json,62950051,2025-04-23 11:14:10.480,2025-04-23 11:14:10.480,UTC-0300,hriiVjEkYE,,com.sec.android.app.shealth,2025-04-23 11:00:00.000,cfe9a993-b2f4-40e9-86cb-daed8547be0d,
62950051,2025-04-23 11:00:00.000,,2fda065d-33aa-4bfe-aa89-7acb63862486.binning_data.json,62950051,2025-04-23 11:43:22.559,2025-04-23 11:43:22.559,UTC-0300,hriiVjEkYE,,com.sec.android.app.shealth,2025-04-23 11:43:22.394,2fda065d-33aa-4bfe-aa89-7acb63862486,
62950051,2025-04-24 03:00:00.000,,782dae1a-1b4f-4886-bba5-e035b424e04b.binning_data.json,62950051,2025-04-24 04:15:00.464,2025-04-24 04:15:00.464,UTC-0300,hriiVjEkYE,,com.sec.android.app.shealth,2025-04-24 04:00:00.000,782dae1a-1b4f-4886-bba5-e035b424e04b,
62950051,2025-04-24 04:00:00.000,,7e2282db-f848-4920-94b2-1d381c1e438a.binning_data.json,62950051,2025-04-24 05:15:00.738,2025-04-24 05:15:00.738,UTC-0300,hriiVjEkYE,,com.sec.android.app.shealth,2025-04-24 05:00:00.000,7e2282db-f848-4920-94b2-1d381c1e438a,
62950051,2025-04-24 05:00:00.000,,f76f4174-12eb-4dfe-8b40-24d8b8d8a625.binning_data.json,62950051,2025-04-24 06:15:00.805,2025-04-24 06:15:00.805,UTC-0300,hriiVjEkYE,,com.sec.android.app.shealth,2025-04-24 06:00:00.000,f76f4174-12eb-4dfe-8b40-24d8b8d8a625,
62950051,2025-04-24 06:00:00.000,,9a5e3790-b79f-4eb3-b842-cc2f0583d62b.binning_data.json,62950051,2025-04-24 07:15:00.730,2025-04-24 07:15:00.730,UTC-0300,hriiVjEkYE,,com.sec.android.app.shealth,2025-04-24 07:00:00.000,9a5e3790-b79f-4eb3-b842-cc2f0583d62b,
62950051,2025-04-24 07:00:00.000,,47714a47-85fd-48e3-9d0b-31748573cc6f.binning_data.json,62950051,2025-04-24 08:15:00.836,2025-04-24 08:15:00.836,UTC-0300,hriiVjEkYE,,com.sec.android.app.shealth,2025-04-24 08:00:00.000,47714a47-85fd-48e3-9d0b-31748573cc6f,
62950051,2025-04-24 08:00:00.000,,5191cb9a-6b8d-4ca4-bc4e-3bed977947cb.binning_data.json,62950051,2025-04-24 09:15:00.185,2025-04-24 09:15:00.185,UTC-0300,hriiVjEkYE,,com.sec.android.app.shealth,2025-04-24 09:00:00.000,5191cb9a-6b8d-4ca4-bc4e-3bed977947cb,
62950051,2025-04-24 09:00:00.000,,a60ad3fa-1bdc-4ed2-9051-34dce241c499.binning_data.json,62950051,2025-04-24 10:10:33.430,2025-04-24 10:10:33.430,UTC-0300,hriiVjEkYE,,com.sec.android.app.shealth,2025-04-24 10:00:00.000,a60ad3fa-1bdc-4ed2-9051-34dce241c499,
62950051,2025-04-24 10:00:00.000,,2fdbf4ed-13b6-486c-9301-4f54d837dcf7.binning_data.json,62950051,2025-04-24 10:54:05.133,2025-04-24 10:54:05.133,UTC-0300,hriiVjEkYE,,com.sec.android.app.shealth,2025-04-24 10:54:05.029,2fdbf4ed-13b6-486c-9301-4f54d837dcf7,
62950051,2025-04-26 03:00:00.000,,947a4c59-1a11-4922-9a93-fcb7c91f5742.binning_data.json,62950051,2025-04-26 04:10:51.271,2025-04-26 04:10:51.271,UTC-0300,hriiVjEkYE,,com.sec.android.app.shealth,2025-04-26 04:00:00.000,947a4c59-1a11-4922-9a93-fcb7c91f5742,
62950051,2025-04-26 04:00:00.000,,c50ec4aa-0ee3-4eeb-b2c0-6b6e3593af05.binning_data.json,62950051,2025-04-26 05:09:04.202,2025-04-26 05:09:04.202,UTC-0300,hriiVjEkYE,,com.sec.android.app.shealth,2025-04-26 05:00:00.000,c50ec4aa-0ee3-4eeb-b2c0-6b6e3593af05,
62950051,2025-04-26 05:00:00.000,,1c235b20-45f0-49e2-a580-a6f09f489d6f.binning_data.json,62950051,2025-04-26 06:15:00.669,2025-04-26 06:15:00.669,UTC-0300,hriiVjEkYE,,com.sec.android.app.shealth,2025-04-26 06:00:00.000,1c235b20-45f0-49e2-a580-a6f09f489d6f,
62950051,2025-04-26 06:00:00.000,,ce8729e9-507c-48cc-9ab5-2877bf9ba776.binning_data.json,62950051,2025-04-26 07:15:00.795,2025-04-26 07:15:00.795,UTC-0300,hriiVjEkYE,,com.sec.android.app.shealth,2025-04-26 07:00:00.000,ce8729e9-507c-48cc-9ab5-2877bf9ba776,
62950051,2025-04-26 07:00:00.000,,7f1dbd7c-2208-442d-a4df-5849c999338e.binning_data.json,62950051,2025-04-26 08:15:00.999,2025-04-26 08:15:00.999,UTC-0300,hriiVjEkYE,,com.sec.android.app.shealth,2025-04-26 08:00:00.000,7f1dbd7c-2208-442d-a4df-5849c999338e,
62950051,2025-04-26 08:00:00.000,,bbd077dc-3dd7-4b21-95a9-18b6be09a789.binning_data.json,62950051,2025-04-26 09:15:00.164,2025-04-26 09:15:00.164,UTC-0300,hriiVjEkYE,,com.sec.android.app.shealth,2025-04-26 09:00:00.000,bbd077dc-3dd7-4b21-95a9-18b6be09a789,
62950051,2025-04-26 09:00:00.000,,54ad40c6-aea8-48dd-b612-1f0d64bff551.binning_data.json,62950051,2025-04-26 10:15:00.523,2025-04-26 10:15:00.523,UTC-0300,hriiVjEkYE,,com.sec.android.app.shealth,2025-04-26 10:00:00.000,54ad40c6-aea8-48dd-b612-1f0d64bff551,
62950051,2025-04-26 10:00:00.000,,c86f454c-db46-4ccd-b92e-d8d910754a99.binning_data.json,62950051,2025-04-26 11:15:00.595,2025-04-26 11:15:00.595,UTC-0300,hriiVjEkYE,,com.sec.android.app.shealth,2025-04-26 11:00:00.000,c86f454c-db46-4ccd-b92e-d8d910754a99,
62950051,2025-04-26 11:00:00.000,,9da29f18-db8b-45ea-b657-cbb863bb8ffd.binning_data.json,62950051,2025-04-26 12:15:00.714,2025-04-26 12:15:00.714,UTC-0300,hriiVjEkYE,,com.sec.android.app.shealth,2025-04-26 12:00:00.000,9da29f18-db8b-45ea-b657-cbb863bb8ffd,
62950051,2025-04-26 12:00:00.000,,a45b37f5-c462-4d4e-af24-242ef0226253.binning_data.json,62950051,2025-04-26 13:15:00.946,2025-04-26 13:15:00.946,UTC-0300,hriiVjEkYE,,com.sec.android.app.shealth,2025-04-26 13:00:00.000,a45b37f5-c462-4d4e-af24-242ef0226253,
62950051,2025-04-26 13:00:00.000,,856663fe-15aa-4e40-84ad-4411e7977120.binning_data.json,62950051,2025-04-26 14:15:01.003,2025-04-26 14:15:01.003,UTC-0300,hriiVjEkYE,,com.sec.android.app.shealth,2025-04-26 14:00:00.000,856663fe-15aa-4e40-84ad-4411e7977120,
62950051,2025-04-26 14:00:00.000,,8d9528ac-03a4-4af3-a7d8-518accd83410.binning_data.json,62950051,2025-04-26 14:51:05.401,2025-04-26 14:51:05.401,UTC-0300,hriiVjEkYE,,com.sec.android.app.shealth,2025-04-26 14:51:05.084,8d9528ac-03a4-4af3-a7d8-518accd83410,
62950051,2025-04-28 04:00:00.000,,5225079f-cdca-438b-a4d9-d270ffd2d6fa.binning_data.json,62950051,2025-04-28 05:15:00.645,2025-04-28 05:15:00.645,UTC-0300,hriiVjEkYE,,com.sec.android.app.shealth,2025-04-28 05:00:00.000,5225079f-cdca-438b-a4d9-d270ffd2d6fa,
62950051,2025-04-28 05:00:00.000,,934eb856-b584-4a92-8eac-6f7ee199ec33.binning_data.json,62950051,2025-04-28 06:15:01.190,2025-04-28 06:15:01.190,UTC-0300,hriiVjEkYE,,com.sec.android.app.shealth,2025-04-28 06:00:00.000,934eb856-b584-4a92-8eac-6f7ee199ec33,
62950051,2025-04-28 06:00:00.000,,868fb5ad-d581-4f3d-92b9-0f269087dd7d.binning_data.json,62950051,2025-04-28 07:12:31.855,2025-04-28 07:12:31.855,UTC-0300,hriiVjEkYE,,com.sec.android.app.shealth,2025-04-28 07:00:00.000,868fb5ad-d581-4f3d-92b9-0f269087dd7d,
62950051,2025-04-28 07:00:00.000,,525a1e3f-7b4d-4fca-bcac-9a49b32dfb56.binning_data.json,62950051,2025-04-28 08:15:01.184,2025-04-28 08:15:01.184,UTC-0300,hriiVjEkYE,,com.sec.android.app.shealth,2025-04-28 08:00:00.000,525a1e3f-7b4d-4fca-bcac-9a49b32dfb56,
62950051,2025-04-28 08:00:00.000,,344cac12-2e69-452f-967b-e1bf1c678beb.binning_data.json,62950051,2025-04-28 09:15:00.535,2025-04-28 09:15:00.535,UTC-0300,hriiVjEkYE,,com.sec.android.app.shealth,2025-04-28 09:00:00.000,344cac12-2e69-452f-967b-e1bf1c678beb,
62950051,2025-04-28 09:00:00.000,,b895d620-dabb-4af2-818b-8fabe53ce9d0.binning_data.json,62950051,2025-04-28 10:13:31.073,2025-04-28 10:13:31.073,UTC-0300,hriiVjEkYE,,com.sec.android.app.shealth,2025-04-28 10:00:00.000,b895d620-dabb-4af2-818b-8fabe53ce9d0,
62950051,2025-04-29 04:00:00.000,,7d3f8c27-7ad6-46e5-8cc4-59917e2f45c1.binning_data.json,62950051,2025-04-29 05:15:00.173,2025-04-29 05:15:00.173,UTC-0300,hriiVjEkYE,,com.sec.android.app.shealth,2025-04-29 05:00:00.000,7d3f8c27-7ad6-46e5-8cc4-59917e2f45c1,
62950051,2025-04-29 05:00:00.000,,32b05717-8ac6-4cc5-a711-4f045ce23daa.binning_data.json,62950051,2025-04-29 06:15:00.177,2025-04-29 06:15:00.177,UTC-0300,hriiVjEkYE,,com.sec.android.app.shealth,2025-04-29 06:00:00.000,32b05717-8ac6-4cc5-a711-4f045ce23daa,
62950051,2025-04-29 06:00:00.000,,732d177f-279a-4036-9d43-297b906a13c2.binning_data.json,62950051,2025-04-29 07:15:00.299,2025-04-29 07:15:00.299,UTC-0300,hriiVjEkYE,,com.sec.android.app.shealth,2025-04-29 07:00:00.000,732d177f-279a-4036-9d43-297b906a13c2,
62950051,2025-04-29 07:00:00.000,,dae26c87-0131-4aa0-b666-75c7f4f22058.binning_data.json,62950051,2025-04-29 08:15:00.393,2025-04-29 08:15:00.393,UTC-0300,hriiVjEkYE,,com.sec.android.app.shealth,2025-04-29 08:00:00.000,dae26c87-0131-4aa0-b666-75c7f4f22058,
62950051,2025-04-29 08:00:00.000,,e595d9a8-7bec-4a85-9446-c26f3a9d59d7.binning_data.json,62950051,2025-04-29 09:15:00.777,2025-04-29 09:15:00.777,UTC-0300,hriiVjEkYE,,com.sec.android.app.shealth,2025-04-29 09:00:00.000,e595d9a8-7bec-4a85-9446-c26f3a9d59d7,
62950051,2025-04-29 09:00:00.000,,d4a686d0-d36c-4ea5-917f-61adc523a84f.binning_data.json,62950051,2025-04-29 10:05:08.590,2025-04-29 10:05:08.590,UTC-0300,hriiVjEkYE,,com.sec.android.app.shealth,2025-04-29 10:00:00.000,d4a686d0-d36c-4ea5-917f-61adc523a84f,
62950051,2025-04-29 10:00:00.000,,4d93dc36-bba6-4653-bb4c-131bc7fc7e41.binning_data.json,62950051,2025-04-29 10:38:21.460,2025-04-29 10:38:21.460,UTC-0300,hriiVjEkYE,,com.sec.android.app.shealth,2025-04-29 10:38:21.316,4d93dc36-bba6-4653-bb4c-131bc7fc7e41,
62950051,2025-04-30 04:00:00.000,,ff842aa9-2084-4282-9624-47d75d09d2ed.binning_data.json,62950051,2025-04-30 05:06:12.738,2025-04-30 05:06:12.738,UTC-0300,hriiVjEkYE,,com.sec.android.app.shealth,2025-04-30 05:00:00.000,ff842aa9-2084-4282-9624-47d75d09d2ed,
62950051,2025-04-30 05:00:00.000,,6ac702b7-60c5-4cbd-8116-5a934a57fcb8.binning_data.json,62950051,2025-04-30 06:15:00.138,2025-04-30 06:15:00.138,UTC-0300,hriiVjEkYE,,com.sec.android.app.shealth,2025-04-30 06:00:00.000,6ac702b7-60c5-4cbd-8116-5a934a57fcb8,
62950051,2025-04-30 06:00:00.000,,f3354cab-8894-41dc-b723-3ef95589e860.binning_data.json,62950051,2025-04-30 07:15:00.613,2025-04-30 07:15:00.613,UTC-0300,hriiVjEkYE,,com.sec.android.app.shealth,2025-04-30 07:00:00.000,f3354cab-8894-41dc-b723-3ef95589e860,
62950051,2025-04-30 07:00:00.000,,045f7ff6-7604-465d-817b-e6edda167222.binning_data.json,62950051,2025-04-30 08:07:29.627,2025-04-30 08:07:29.627,UTC-0300,hriiVjEkYE,,com.sec.android.app.shealth,2025-04-30 08:00:00.000,045f7ff6-7604-465d-817b-e6edda167222,
62950051,2025-04-30 08:00:00.000,,e55910e1-12c1-4218-8c4f-6470b0d39801.binning_data.json,62950051,2025-04-30 09:15:00.374,2025-04-30 09:15:00.374,UTC-0300,hriiVjEkYE,,com.sec.android.app.shealth,2025-04-30 09:00:00.000,e55910e1-12c1-4218-8c4f-6470b0d39801,
62950051,2025-04-30 09:00:00.000,,9dbb342c-39df-4986-b1d4-670408c85e8b.binning_data.json,62950051,2025-04-30 10:13:33.374,2025-04-30 10:13:33.374,UTC-0300,hriiVjEkYE,,com.sec.android.app.shealth,2025-04-30 10:00:00.000,9dbb342c-39df-4986-b1d4-670408c85e8b,
62950051,2025-04-30 10:00:00.000,,75d549e6-c60c-405a-941c-d5118a49b8ac.binning_data.json,62950051,2025-04-30 11:01:33.782,2025-04-30 11:01:33.782,UTC-0300,hriiVjEkYE,,com.sec.android.app.shealth,2025-04-30 11:00:00.000,75d549e6-c60c-405a-941c-d5118a49b8ac,
62970091,2025-05-02 05:00:00.000,,d70df14e-a7ea-4e11-b855-84b635aa0602.binning_data.json,62970091,2025-05-02 06:15:01.069,2025-05-02 06:15:01.069,UTC-0300,hriiVjEkYE,,com.sec.android.app.shealth,2025-05-02 06:00:00.000,d70df14e-a7ea-4e11-b855-84b635aa0602,
62970091,2025-05-02 06:00:00.000,,cc032a65-6d66-47a0-8ac8-363254900f8b.binning_data.json,62970091,2025-05-02 07:15:00.466,2025-05-02 07:15:00.466,UTC-0300,hriiVjEkYE,,com.sec.android.app.shealth,2025-05-02 07:00:00.000,cc032a65-6d66-47a0-8ac8-363254900f8b,
62970091,2025-05-02 07:00:00.000,,cd350b3f-ff1e-47e4-8f29-5f8163005b39.binning_data.json,62970091,2025-05-02 08:15:01.199,2025-05-02 08:15:01.199,UTC-0300,hriiVjEkYE,,com.sec.android.app.shealth,2025-05-02 08:00:00.000,cd350b3f-ff1e-47e4-8f29-5f8163005b39,
62970091,2025-05-02 08:00:00.000,,2832e77c-a7ec-4ba7-9816-138dcfa29ce3.binning_data.json,62970091,2025-05-02 09:15:00.665,2025-05-02 09:15:00.665,UTC-0300,hriiVjEkYE,,com.sec.android.app.shealth,2025-05-02 09:00:00.000,2832e77c-a7ec-4ba7-9816-138dcfa29ce3,
62970091,2025-05-02 09:00:00.000,,829f6a13-2e00-418c-91f2-1eca5ff245f2.binning_data.json,62970091,2025-05-02 10:15:01.028,2025-05-02 10:15:01.028,UTC-0300,hriiVjEkYE,,com.sec.android.app.shealth,2025-05-02 10:00:00.000,829f6a13-2e00-418c-91f2-1eca5ff245f2,
62970091,2025-05-02 10:00:00.000,,8a3bec2d-6fed-4419-a120-dffafae99baa.binning_data.json,62970091,2025-05-02 11:15:00.569,2025-05-02 11:15:00.569,UTC-0300,hriiVjEkYE,,com.sec.android.app.shealth,2025-05-02 11:00:00.000,8a3bec2d-6fed-4419-a120-dffafae99baa,
62970091,2025-05-02 11:00:00.000,,0fcad9c8-a79c-4a50-ad30-5cfd3eb9dd98.binning_data.json,62970091,2025-05-02 12:15:01.120,2025-05-02 12:15:01.120,UTC-0300,hriiVjEkYE,,com.sec.android.app.shealth,2025-05-02 12:00:00.000,0fcad9c8-a79c-4a50-ad30-5cfd3eb9dd98,
62970091,2025-05-02 12:00:00.000,,e8378fdc-1089-439a-9bb8-068c9b249ab9.binning_data.json,62970091,2025-05-02 13:05:03.698,2025-05-02 13:05:03.698,UTC-0300,hriiVjEkYE,,com.sec.android.app.shealth,2025-05-02 13:00:00.000,e8378fdc-1089-439a-9bb8-068c9b249ab9,
62970091,2025-05-02 13:00:00.000,,fd0c0bda-8d14-4a44-8ba3-1b8eaf00c084.binning_data.json,62970091,2025-05-02 14:15:01.222,2025-05-02 14:15:01.222,UTC-0300,hriiVjEkYE,,com.sec.android.app.shealth,2025-05-02 14:00:00.000,fd0c0bda-8d14-4a44-8ba3-1b8eaf00c084,
62970091,2025-05-02 14:00:00.000,,d6f25f69-84c1-4c4f-bc06-087e58755091.binning_data.json,62970091,2025-05-02 14:25:57.145,2025-05-02 14:25:57.145,UTC-0300,hriiVjEkYE,,com.sec.android.app.shealth,2025-05-02 14:25:57.014,d6f25f69-84c1-4c4f-bc06-087e58755091,
62970091,2025-05-03 05:00:00.000,,72b84ab1-0138-4489-8dd9-f4f689924057.binning_data.json,62970091,2025-05-03 06:15:00.841,2025-05-03 06:15:00.841,UTC-0300,hriiVjEkYE,,com.sec.android.app.shealth,2025-05-03 06:00:00.000,72b84ab1-0138-4489-8dd9-f4f689924057,
62970091,2025-05-03 06:00:00.000,,bf0b7741-e559-4543-9554-2afef69c43c4.binning_data.json,62970091,2025-05-03 07:07:28.729,2025-05-03 07:07:28.729,UTC-0300,hriiVjEkYE,,com.sec.android.app.shealth,2025-05-03 07:00:00.000,bf0b7741-e559-4543-9554-2afef69c43c4,
62970091,2025-05-03 07:00:00.000,,debbf8cd-5277-462f-9b58-86dba684a6df.binning_data.json,62970091,2025-05-03 08:15:00.895,2025-05-03 08:15:00.895,UTC-0300,hriiVjEkYE,,com.sec.android.app.shealth,2025-05-03 08:00:00.000,debbf8cd-5277-462f-9b58-86dba684a6df,
62970091,2025-05-03 08:00:00.000,,17acddd0-1820-4e80-8ff9-c83f9c722460.binning_data.json,62970091,2025-05-03 09:15:00.447,2025-05-03 09:15:00.447,UTC-0300,hriiVjEkYE,,com.sec.android.app.shealth,2025-05-03 09:00:00.000,17acddd0-1820-4e80-8ff9-c83f9c722460,
62970091,2025-05-04 05:00:00.000,,6770a36d-9cfc-4346-b380-d64242d7d239.binning_data.json,62970091,2025-05-04 06:07:41.159,2025-05-04 06:07:41.159,UTC-0300,hriiVjEkYE,,com.sec.android.app.shealth,2025-05-04 06:00:00.000,6770a36d-9cfc-4346-b380-d64242d7d239,
62970091,2025-05-04 06:00:00.000,,d2a03c69-f394-44fa-b2b9-8a4c36a45cd3.binning_data.json,62970091,2025-05-04 07:15:00.414,2025-05-04 07:15:00.414,UTC-0300,hriiVjEkYE,,com.sec.android.app.shealth,2025-05-04 07:00:00.000,d2a03c69-f394-44fa-b2b9-8a4c36a45cd3,
62970091,2025-05-04 07:00:00.000,,1b513aef-ba0a-486b-9abd-1a64feb67025.binning_data.json,62970091,2025-05-04 08:15:00.423,2025-05-04 08:15:00.423,UTC-0300,hriiVjEkYE,,com.sec.android.app.shealth,2025-05-04 08:00:00.000,1b513aef-ba0a-486b-9abd-1a64feb67025,
62970091,2025-05-04 08:00:00.000,,5b7b88b4-bfed-4827-810e-567a7b388ff7.binning_data.json,62970091,2025-05-04 09:15:00.428,2025-05-04 09:15:00.428,UTC-0300,hriiVjEkYE,,com.sec.android.app.shealth,2025-05-04 09:00:00.000,5b7b88b4-bfed-4827-810e-567a7b388ff7,
62970091,2025-05-04 09:00:00.000,,d6f10b3a-a5d9-49c7-a6a7-5328e513057e.binning_data.json,62970091,2025-05-04 10:15:00.209,2025-05-04 10:15:00.209,UTC-0300,hriiVjEkYE,,com.sec.android.app.shealth,2025-05-04 10:00:00.000,d6f10b3a-a5d9-49c7-a6a7-5328e513057e,
62970091,2025-05-04 10:00:00.000,,2476289e-7dbe-4766-885b-1f0c41a02889.binning_data.json,62970091,2025-05-04 11:10:03.849,2025-05-04 11:10:03.849,UTC-0300,hriiVjEkYE,,com.sec.android.app.shealth,2025-05-04 11:00:00.000,2476289e-7dbe-4766-885b-1f0c41a02889,
62970091,2025-05-04 11:00:00.000,,ccf15d61-f27c-4dd5-be0c-d6169c8eaf19.binning_data.json,62970091,2025-05-04 12:10:36.392,2025-05-04 12:10:36.392,UTC-0300,hriiVjEkYE,,com.sec.android.app.shealth,2025-05-04 12:00:00.000,ccf15d61-f27c-4dd5-be0c-d6169c8eaf19,
62970091,2025-05-04 12:00:00.000,,73db8a25-d187-454b-8b2c-98a8072f842d.binning_data.json,62970091,2025-05-04 12:23:02.089,2025-05-04 12:23:02.089,UTC-0300,hriiVjEkYE,,com.sec.android.app.shealth,2025-05-04 12:23:02.016,73db8a25-d187-454b-8b2c-98a8072f842d,
62970091,2025-05-07 05:00:00.000,,81ad5cf1-bc95-41f1-8f2e-707371927c27.binning_data.json,62970091,2025-05-07 06:15:01.145,2025-05-07 06:15:01.145,UTC-0300,hriiVjEkYE,,com.sec.android.app.shealth,2025-05-07 06:00:00.000,81ad5cf1-bc95-41f1-8f2e-707371927c27,
62970091,2025-05-07 06:00:00.000,,1706c9ca-a300-4ecc-997e-3b5b1989f82f.binning_data.json,62970091,2025-05-07 07:15:00.253,2025-05-07 07:15:00.253,UTC-0300,hriiVjEkYE,,com.sec.android.app.shealth,2025-05-07 07:00:00.000,1706c9ca-a300-4ecc-997e-3b5b1989f82f,
62970091,2025-05-07 07:00:00.000,,493154ee-e379-42ef-873f-41de8dba1f59.binning_data.json,62970091,2025-05-07 08:15:00.329,2025-05-07 08:15:00.329,UTC-0300,hriiVjEkYE,,com.sec.android.app.shealth,2025-05-07 08:00:00.000,493154ee-e379-42ef-873f-41de8dba1f59,
62970091,2025-05-07 08:00:00.000,,9d5c4f8a-d3ff-4535-b407-338566684735.binning_data.json,62970091,2025-05-07 09:15:00.225,2025-05-07 09:15:00.225,UTC-0300,hriiVjEkYE,,com.sec.android.app.shealth,2025-05-07 09:00:00.000,9d5c4f8a-d3ff-4535-b407-338566684735,
62970091,2025-05-07 09:00:00.000,,4b3fc1c2-c1fa-42f4-a427-2cf1a17f107d.binning_data.json,62970091,2025-05-07 10:15:00.177,2025-05-07 10:15:00.177,UTC-0300,hriiVjEkYE,,com.sec.android.app.shealth,2025-05-07 10:00:00.000,4b3fc1c2-c1fa-42f4-a427-2cf1a17f107d,
62970091,2025-05-07 10:00:00.000,,040557a1-34da-488b-81d4-7780315fc8fe.binning_data.json,62970091,2025-05-07 11:15:00.403,2025-05-07 11:15:00.403,UTC-0300,hriiVjEkYE,,com.sec.android.app.shealth,2025-05-07 11:00:00.000,040557a1-34da-488b-81d4-7780315fc8fe,
62970091,2025-05-07 11:00:00.000,,07b65c7a-15fd-42c5-9bc1-5d46e052cfe6.binning_data.json,62970091,2025-05-07 12:11:19.186,2025-05-07 12:11:19.186,UTC-0300,hriiVjEkYE,,com.sec.android.app.shealth,2025-05-07 12:00:00.000,07b65c7a-15fd-42c5-9bc1-5d46e052cfe6,
62970091,2025-05-07 12:00:00.000,,d9fe647c-5b50-4995-93c9-e327d230ba6f.binning_data.json,62970091,2025-05-07 13:15:00.208,2025-05-07 13:15:00.208,UTC-0300,hriiVjEkYE,,com.sec.android.app.shealth,2025-05-07 13:00:00.000,d9fe647c-5b50-4995-93c9-e327d230ba6f,
62970091,2025-05-07 13:00:00.000,,fd17d4cc-5bd2-44e2-92e5-350a89531824.binning_data.json,62970091,2025-05-07 14:07:45.441,2025-05-07 14:07:45.441,UTC-0300,hriiVjEkYE,,com.sec.android.app.shealth,2025-05-07 14:00:00.000,fd17d4cc-5bd2-44e2-92e5-350a89531824,
62970091,2025-05-07 14:00:00.000,,24f1ad2b-ad55-40bb-b015-b0fe4da9f3a4.binning_data.json,62970091,2025-05-07 14:09:00.017,2025-05-07 14:09:00.017,UTC-0300,hriiVjEkYE,,com.sec.android.app.shealth,2025-05-07 14:08:59.849,24f1ad2b-ad55-40bb-b015-b0fe4da9f3a4,
62970091,2025-05-08 05:00:00.000,,1db2fa84-2e90-4596-b670-132fc9d5f6a3.binning_data.json,62970091,2025-05-08 06:15:00.946,2025-05-08 06:15:00.946,UTC-0300,hriiVjEkYE,,com.sec.android.app.shealth,2025-05-08 06:00:00.000,1db2fa84-2e90-4596-b670-132fc9d5f6a3,
62970091,2025-05-08 06:00:00.000,,4651a970-055d-46d8-a0fb-57fae4563dd9.binning_data.json,62970091,2025-05-08 07:07:53.562,2025-05-08 07:07:53.562,UTC-0300,hriiVjEkYE,,com.sec.android.app.shealth,2025-05-08 07:00:00.000,4651a970-055d-46d8-a0fb-57fae4563dd9,
62970091,2025-05-08 07:00:00.000,,8f67ff57-1ed0-49a6-925d-dc055ca66d2a.binning_data.json,62970091,2025-05-08 08:15:00.580,2025-05-08 08:15:00.580,UTC-0300,hriiVjEkYE,,com.sec.android.app.shealth,2025-05-08 08:00:00.000,8f67ff57-1ed0-49a6-925d-dc055ca66d2a,
62970091,2025-05-08 08:00:00.000,,6a6aa0a5-f683-4812-a9d8-7e0266e68632.binning_data.json,62970091,2025-05-08 09:15:01.007,2025-05-08 09:15:01.007,UTC-0300,hriiVjEkYE,,com.sec.android.app.shealth,2025-05-08 09:00:00.000,6a6aa0a5-f683-4812-a9d8-7e0266e68632,
62970091,2025-05-08 09:00:00.000,,6c58ab32-0dd2-4add-bce7-65a614510351.binning_data.json,62970091,2025-05-08 10:05:33.145,2025-05-08 10:05:33.145,UTC-0300,hriiVjEkYE,,com.sec.android.app.shealth,2025-05-08 10:00:00.000,6c58ab32-0dd2-4add-bce7-65a614510351,
62970091,2025-05-08 10:00:00.000,,4c233738-0177-461f-bc20-a8e2f1d9c846.binning_data.json,62970091,2025-05-08 11:15:00.701,2025-05-08 11:15:00.701,UTC-0300,hriiVjEkYE,,com.sec.android.app.shealth,2025-05-08 11:00:00.000,4c233738-0177-461f-bc20-a8e2f1d9c846,
62970091,2025-05-08 11:00:00.000,,8b491765-9ba5-4251-ab40-99d0eb7c8605.binning_data.json,62970091,2025-05-08 11:38:06.335,2025-05-08 11:38:06.335,UTC-0300,hriiVjEkYE,,com.sec.android.app.shealth,2025-05-08 11:38:06.239,8b491765-9ba5-4251-ab40-99d0eb7c8605,
62970091,2025-05-08 12:00:00.000,,9ca31f3e-20dd-4d53-a1e2-1f955a34be36.binning_data.json,62970091,2025-05-08 13:07:13.307,2025-05-08 13:07:13.307,UTC-0300,hriiVjEkYE,,com.sec.android.app.shealth,2025-05-08 13:00:00.000,9ca31f3e-20dd-4d53-a1e2-1f955a34be36,
62970091,2025-05-08 13:00:00.000,,0f16039b-fc82-46f6-9f23-c074366c8f17.binning_data.json,62970091,2025-05-08 13:53:51.082,2025-05-08 13:53:51.082,UTC-0300,hriiVjEkYE,,com.sec.android.app.shealth,2025-05-08 13:53:50.944,0f16039b-fc82-46f6-9f23-c074366c8f17,
62970091,2025-05-12 04:00:00.000,,e223686e-eccb-4813-8521-a54bf456b332.binning_data.json,62970091,2025-05-12 05:06:12.913,2025-05-12 05:06:12.913,UTC-0300,hriiVjEkYE,,com.sec.android.app.shealth,2025-05-12 05:00:00.000,e223686e-eccb-4813-8521-a54bf456b332,
62970091,2025-05-12 05:00:00.000,,3ebee0c3-2eb2-44fe-ab2d-02ef4d1be9ed.binning_data.json,62970091,2025-05-12 06:15:01.005,2025-05-12 06:15:01.005,UTC-0300,hriiVjEkYE,,com.sec.android.app.shealth,2025-05-12 06:00:00.000,3ebee0c3-2eb2-44fe-ab2d-02ef4d1be9ed,
62970091,2025-05-12 06:00:00.000,,bc82af05-c2d5-4f59-82e6-554a9184f004.binning_data.json,62970091,2025-05-12 07:15:00.703,2025-05-12 07:15:00.703,UTC-0300,hriiVjEkYE,,com.sec.android.app.shealth,2025-05-12 07:00:00.000,bc82af05-c2d5-4f59-82e6-554a9184f004,
62970091,2025-05-12 07:00:00.000,,493c16bd-6e1c-4b22-89dc-a2b1f125914b.binning_data.json,62970091,2025-05-12 08:15:00.371,2025-05-12 08:15:00.371,UTC-0300,hriiVjEkYE,,com.sec.android.app.shealth,2025-05-12 08:00:00.000,493c16bd-6e1c-4b22-89dc-a2b1f125914b,
62970091,2025-05-12 08:00:00.000,,5d636df5-0c46-4562-b6ed-7500141054a0.binning_data.json,62970091,2025-05-12 09:15:00.402,2025-05-12 09:15:00.402,UTC-0300,hriiVjEkYE,,com.sec.android.app.shealth,2025-05-12 09:00:00.000,5d636df5-0c46-4562-b6ed-7500141054a0,
62970091,2025-05-12 09:00:00.000,,2356237b-687c-4f33-8687-eafc5ed50852.binning_data.json,62970091,2025-05-12 10:04:10.352,2025-05-12 10:04:10.352,UTC-0300,hriiVjEkYE,,com.sec.android.app.shealth,2025-05-12 10:00:00.000,2356237b-687c-4f33-8687-eafc5ed50852,
62970091,2025-05-12 10:00:00.000,,89d1f27e-8fed-4fe2-a9c9-b1a4f20246c0.binning_data.json,62970091,2025-05-12 11:11:53.752,2025-05-12 11:11:53.752,UTC-0300,hriiVjEkYE,,com.sec.android.app.shealth,2025-05-12 11:00:00.000,89d1f27e-8fed-4fe2-a9c9-b1a4f20246c0,
62970091,2025-05-12 11:00:00.000,,ed195d93-ff48-4e9b-b9a5-8ee6ad789932.binning_data.json,62970091,2025-05-12 11:48:42.749,2025-05-12 11:48:42.749,UTC-0300,hriiVjEkYE,,com.sec.android.app.shealth,2025-05-12 11:48:42.652,ed195d93-ff48-4e9b-b9a5-8ee6ad789932,
62970091,2025-05-14 05:00:00.000,,0b58ed4f-bfee-4856-b2f8-a0fc58be380e.binning_data.json,62970091,2025-05-14 06:15:02.115,2025-05-14 06:15:02.115,UTC-0300,hriiVjEkYE,,com.sec.android.app.shealth,2025-05-14 06:00:00.000,0b58ed4f-bfee-4856-b2f8-a0fc58be380e,
62970091,2025-05-14 06:00:00.000,,6767f5fe-83a4-4b71-8079-d662594ab64a.binning_data.json,62970091,2025-05-14 07:15:01.244,2025-05-14 07:15:01.244,UTC-0300,hriiVjEkYE,,com.sec.android.app.shealth,2025-05-14 07:00:00.000,6767f5fe-83a4-4b71-8079-d662594ab64a,
62970091,2025-05-14 07:00:00.000,,3c02a77c-d474-40db-8365-0a1209de2f31.binning_data.json,62970091,2025-05-14 08:15:01.532,2025-05-14 08:15:01.532,UTC-0300,hriiVjEkYE,,com.sec.android.app.shealth,2025-05-14 08:00:00.000,3c02a77c-d474-40db-8365-0a1209de2f31,
62970091,2025-05-14 08:00:00.000,,d998ad17-e571-463c-917b-c4e5305be1d5.binning_data.json,62970091,2025-05-14 09:15:01.621,2025-05-14 09:15:01.621,UTC-0300,hriiVjEkYE,,com.sec.android.app.shealth,2025-05-14 09:00:00.000,d998ad17-e571-463c-917b-c4e5305be1d5,
62970091,2025-05-14 09:00:00.000,,0dad11cb-f3c0-460c-a16b-a6228d58774b.binning_data.json,62970091,2025-05-14 10:15:01.527,2025-05-14 10:15:01.527,UTC-0300,hriiVjEkYE,,com.sec.android.app.shealth,2025-05-14 10:00:00.000,0dad11cb-f3c0-460c-a16b-a6228d58774b,
62970091,2025-05-14 10:00:00.000,,13823ff7-50cb-400d-9a7e-0a39a8017d5e.binning_data.json,62970091,2025-05-14 11:06:16.313,2025-05-14 11:06:16.313,UTC-0300,hriiVjEkYE,,com.sec.android.app.shealth,2025-05-14 11:00:00.000,13823ff7-50cb-400d-9a7e-0a39a8017d5e,
62970091,2025-05-14 11:00:00.000,,ccaa587e-2601-424e-ad86-acb76793a1c1.binning_data.json,62970091,2025-05-14 11:24:55.135,2025-05-14 11:24:55.135,UTC-0300,hriiVjEkYE,,com.sec.android.app.shealth,2025-05-14 11:24:54.964,ccaa587e-2601-424e-ad86-acb76793a1c1,
62970091,2025-05-17 04:00:00.000,,89c7d3f2-715c-48ed-a34e-9cbe92df0598.binning_data.json,62970091,2025-05-17 05:15:01.071,2025-05-17 05:15:01.071,UTC-0300,hriiVjEkYE,,com.sec.android.app.shealth,2025-05-17 05:00:00.000,89c7d3f2-715c-48ed-a34e-9cbe92df0598,
62970091,2025-05-17 05:00:00.000,,c8442b24-588f-4bf9-bb2a-932d351568cd.binning_data.json,62970091,2025-05-17 06:15:00.190,2025-05-17 06:15:00.190,UTC-0300,hriiVjEkYE,,com.sec.android.app.shealth,2025-05-17 06:00:00.000,c8442b24-588f-4bf9-bb2a-932d351568cd,
62970091,2025-05-17 06:00:00.000,,037afad1-bd5c-44c4-8ccd-985a7bc4141c.binning_data.json,62970091,2025-05-17 07:05:26.446,2025-05-17 07:05:26.446,UTC-0300,hriiVjEkYE,,com.sec.android.app.shealth,2025-05-17 07:00:00.000,037afad1-bd5c-44c4-8ccd-985a7bc4141c,
62970091,2025-05-17 07:00:00.000,,8b267355-1101-4589-895b-8d321532fc0f.binning_data.json,62970091,2025-05-17 08:18:23.708,2025-05-17 08:18:23.708,UTC-0300,hriiVjEkYE,,com.sec.android.app.shealth,2025-05-17 08:00:00.000,8b267355-1101-4589-895b-8d321532fc0f,
62970091,2025-05-17 08:00:00.000,,893c22f0-3b66-4620-8290-dc174d1ad953.binning_data.json,62970091,2025-05-17 09:15:00.360,2025-05-17 09:15:00.360,UTC-0300,hriiVjEkYE,,com.sec.android.app.shealth,2025-05-17 09:00:00.000,893c22f0-3b66-4620-8290-dc174d1ad953,
62970091,2025-05-17 09:00:00.000,,35eaee66-ecdc-43db-81a8-de5986a9571f.binning_data.json,62970091,2025-05-17 10:15:00.282,2025-05-17 10:15:00.282,UTC-0300,hriiVjEkYE,,com.sec.android.app.shealth,2025-05-17 10:00:00.000,35eaee66-ecdc-43db-81a8-de5986a9571f,
62970091,2025-05-17 10:00:00.000,,bfb2b6d7-517a-4555-bfe1-607be4099d88.binning_data.json,62970091,2025-05-17 11:15:00.252,2025-05-17 11:15:00.252,UTC-0300,hriiVjEkYE,,com.sec.android.app.shealth,2025-05-17 11:00:00.000,bfb2b6d7-517a-4555-bfe1-607be4099d88,
62970091,2025-05-17 11:00:00.000,,4b89d47f-78f4-483a-a0b4-a9311baeaf6a.binning_data.json,62970091,2025-05-17 12:10:29.762,2025-05-17 12:10:29.762,UTC-0300,hriiVjEkYE,,com.sec.android.app.shealth,2025-05-17 12:00:00.000,4b89d47f-78f4-483a-a0b4-a9311baeaf6a,
62970091,2025-05-18 04:00:00.000,,c433935d-7256-400e-a1c3-d7e6c915138e.binning_data.json,62970091,2025-05-18 05:05:39.319,2025-05-18 05:05:39.319,UTC-0300,hriiVjEkYE,,com.sec.android.app.shealth,2025-05-18 05:00:00.000,c433935d-7256-400e-a1c3-d7e6c915138e,
62970091,2025-05-18 05:00:00.000,,d2eea9c1-086c-44e1-bf45-e77da1f36f95.binning_data.json,62970091,2025-05-18 06:15:00.794,2025-05-18 06:15:00.794,UTC-0300,hriiVjEkYE,,com.sec.android.app.shealth,2025-05-18 06:00:00.000,d2eea9c1-086c-44e1-bf45-e77da1f36f95,
62970091,2025-05-18 06:00:00.000,,d77c5d35-f359-41a6-bd66-40113081129d.binning_data.json,62970091,2025-05-18 07:15:00.625,2025-05-18 07:15:00.625,UTC-0300,hriiVjEkYE,,com.sec.android.app.shealth,2025-05-18 07:00:00.000,d77c5d35-f359-41a6-bd66-40113081129d,
62970091,2025-05-18 07:00:00.000,,3e3c13d9-65c7-48c3-83a7-ae3d4fc50876.binning_data.json,62970091,2025-05-18 08:15:00.877,2025-05-18 08:15:00.877,UTC-0300,hriiVjEkYE,,com.sec.android.app.shealth,2025-05-18 08:00:00.000,3e3c13d9-65c7-48c3-83a7-ae3d4fc50876,
62970091,2025-05-18 08:00:00.000,,59552308-6a0c-418a-b1fd-97d0aeab9d38.binning_data.json,62970091,2025-05-18 09:15:01.028,2025-05-18 09:15:01.028,UTC-0300,hriiVjEkYE,,com.sec.android.app.shealth,2025-05-18 09:00:00.000,59552308-6a0c-418a-b1fd-97d0aeab9d38,
62970091,2025-05-18 09:00:00.000,,4f399be8-4571-4ede-a037-5cefc334d76a.binning_data.json,62970091,2025-05-18 10:15:01.184,2025-05-18 10:15:01.184,UTC-0300,hriiVjEkYE,,com.sec.android.app.shealth,2025-05-18 10:00:00.000,4f399be8-4571-4ede-a037-5cefc334d76a,
62970091,2025-05-18 10:00:00.000,,ff24ef42-aaef-45cc-ab38-649014c6730b.binning_data.json,62970091,2025-05-18 11:15:01.186,2025-05-18 11:15:01.186,UTC-0300,hriiVjEkYE,,com.sec.android.app.shealth,2025-05-18 11:00:00.000,ff24ef42-aaef-45cc-ab38-649014c6730b,
62970091,2025-05-18 11:00:00.000,,47d3bb86-becc-4025-8c81-29bf26578ee9.binning_data.json,62970091,2025-05-18 12:15:00.222,2025-05-18 12:15:00.222,UTC-0300,hriiVjEkYE,,com.sec.android.app.shealth,2025-05-18 12:00:00.000,47d3bb86-becc-4025-8c81-29bf26578ee9,
62970091,2025-05-18 12:00:00.000,,0bf319a5-f017-4710-a8c8-bc24b589a91c.binning_data.json,62970091,2025-05-18 13:06:22.719,2025-05-18 13:06:22.719,UTC-0300,hriiVjEkYE,,com.sec.android.app.shealth,2025-05-18 13:00:00.000,0bf319a5-f017-4710-a8c8-bc24b589a91c,
62970091,2025-05-18 13:00:00.000,,4870b542-d27a-42ed-9c39-bf18f050499a.binning_data.json,62970091,2025-05-18 14:15:01.260,2025-05-18 14:15:01.260,UTC-0300,hriiVjEkYE,,com.sec.android.app.shealth,2025-05-18 14:00:00.000,4870b542-d27a-42ed-9c39-bf18f050499a,
62970091,2025-05-20 06:00:00.000,,18a6c27c-e426-4841-9b7d-6c1656d0cdf1.binning_data.json,62970091,2025-05-20 07:15:00.178,2025-05-20 07:15:00.178,UTC-0300,hriiVjEkYE,,com.sec.android.app.shealth,2025-05-20 07:00:00.000,18a6c27c-e426-4841-9b7d-6c1656d0cdf1,
62970091,2025-05-20 07:00:00.000,,baa77f2b-121e-4de2-904d-b9c6c20ef5be.binning_data.json,62970091,2025-05-20 08:15:00.404,2025-05-20 08:15:00.404,UTC-0300,hriiVjEkYE,,com.sec.android.app.shealth,2025-05-20 08:00:00.000,baa77f2b-121e-4de2-904d-b9c6c20ef5be,
62970091,2025-05-20 08:00:00.000,,4a7f2577-cefc-4ec1-9d98-199428a4d17d.binning_data.json,62970091,2025-05-20 09:08:13.497,2025-05-20 09:08:13.497,UTC-0300,hriiVjEkYE,,com.sec.android.app.shealth,2025-05-20 09:00:00.000,4a7f2577-cefc-4ec1-9d98-199428a4d17d,
62970091,2025-05-20 09:00:00.000,,7cf62f5a-a543-4314-868f-dbacfd58991d.binning_data.json,62970091,2025-05-20 10:15:00.659,2025-05-20 10:15:00.659,UTC-0300,hriiVjEkYE,,com.sec.android.app.shealth,2025-05-20 10:00:00.000,7cf62f5a-a543-4314-868f-dbacfd58991d,
62970091,2025-05-20 10:00:00.000,,820508d0-afc5-4c9a-b977-76f756ff148d.binning_data.json,62970091,2025-05-20 11:15:00.948,2025-05-20 11:15:00.948,UTC-0300,hriiVjEkYE,,com.sec.android.app.shealth,2025-05-20 11:00:00.000,820508d0-afc5-4c9a-b977-76f756ff148d,
62970091,2025-05-20 11:00:00.000,,c6e970e8-df39-4d20-8102-336aee5398d3.binning_data.json,62970091,2025-05-20 12:10:30.817,2025-05-20 12:10:30.817,UTC-0300,hriiVjEkYE,,com.sec.android.app.shealth,2025-05-20 12:00:00.000,c6e970e8-df39-4d20-8102-336aee5398d3,
62970091,2025-05-20 12:00:00.000,,11dfcc46-067b-4d07-a18d-22ebfe89f694.binning_data.json,62970091,2025-05-20 13:11:45.556,2025-05-20 13:11:45.556,UTC-0300,hriiVjEkYE,,com.sec.android.app.shealth,2025-05-20 13:00:00.000,11dfcc46-067b-4d07-a18d-22ebfe89f694,
62970091,2025-05-20 13:00:00.000,,5124ae2f-dc70-42ad-9011-cf4ef764e0ec.binning_data.json,62970091,2025-05-20 13:29:59.048,2025-05-20 13:29:59.048,UTC-0300,hriiVjEkYE,,com.sec.android.app.shealth,2025-05-20 13:29:58.960,5124ae2f-dc70-42ad-9011-cf4ef764e0ec,
62980011,2025-05-27 05:00:00.000,,e52043fa-446c-4cd0-8893-930c119d383f.binning_data.json,62980011,2025-05-27 06:15:01.131,2025-05-27 06:15:01.131,UTC-0300,hriiVjEkYE,,com.sec.android.app.shealth,2025-05-27 06:00:00.000,e52043fa-446c-4cd0-8893-930c119d383f,
62980011,2025-05-27 06:00:00.000,,399d875c-4d66-43f9-b4ae-a910760c576a.binning_data.json,62980011,2025-05-27 07:15:00.199,2025-05-27 07:15:00.199,UTC-0300,hriiVjEkYE,,com.sec.android.app.shealth,2025-05-27 07:00:00.000,399d875c-4d66-43f9-b4ae-a910760c576a,
62980011,2025-05-27 07:00:00.000,,f417539c-9af8-4857-a121-3eccd926f56a.binning_data.json,62980011,2025-05-27 08:07:24.408,2025-05-27 08:07:24.408,UTC-0300,hriiVjEkYE,,com.sec.android.app.shealth,2025-05-27 08:00:00.000,f417539c-9af8-4857-a121-3eccd926f56a,
62980011,2025-05-27 08:00:00.000,,d568a904-5d46-4346-a2eb-39bb6176f771.binning_data.json,62980011,2025-05-27 09:15:00.243,2025-05-27 09:15:00.243,UTC-0300,hriiVjEkYE,,com.sec.android.app.shealth,2025-05-27 09:00:00.000,d568a904-5d46-4346-a2eb-39bb6176f771,
62980011,2025-05-27 09:00:00.000,,fc8fd4fd-1328-4280-aea4-ff241be1e472.binning_data.json,62980011,2025-05-27 10:10:50.362,2025-05-27 10:10:50.362,UTC-0300,hriiVjEkYE,,com.sec.android.app.shealth,2025-05-27 10:00:00.000,fc8fd4fd-1328-4280-aea4-ff241be1e472,
62980011,2025-05-27 10:00:00.000,,5346764a-0ae0-489d-97bf-8826f207c586.binning_data.json,62980011,2025-05-27 11:12:23.049,2025-05-27 11:12:23.049,UTC-0300,hriiVjEkYE,,com.sec.android.app.shealth,2025-05-27 11:00:00.000,5346764a-0ae0-489d-97bf-8826f207c586,
62980011,2025-05-27 11:00:00.000,,ca73fc17-430c-4bb6-9571-04ea85ef6f32.binning_data.json,62980011,2025-05-27 11:17:08.071,2025-05-27 11:17:08.071,UTC-0300,hriiVjEkYE,,com.sec.android.app.shealth,2025-05-27 11:17:08.011,ca73fc17-430c-4bb6-9571-04ea85ef6f32,
62980011,2025-05-29 03:00:00.000,,d1a357dc-c6ab-43db-962f-252bd6d355f4.binning_data.json,62980011,2025-05-29 04:15:00.962,2025-05-29 04:15:00.962,UTC-0300,hriiVjEkYE,,com.sec.android.app.shealth,2025-05-29 04:00:00.000,d1a357dc-c6ab-43db-962f-252bd6d355f4,
62980011,2025-05-29 04:00:00.000,,25cbb11d-99af-4aa0-a45e-92b0e25be7b8.binning_data.json,62980011,2025-05-29 05:15:01.020,2025-05-29 05:15:01.020,UTC-0300,hriiVjEkYE,,com.sec.android.app.shealth,2025-05-29 05:00:00.000,25cbb11d-99af-4aa0-a45e-92b0e25be7b8,
62980011,2025-05-29 05:00:00.000,,b1a8a39a-314c-4824-8470-77693a13eaae.binning_data.json,62980011,2025-05-29 06:15:00.227,2025-05-29 06:15:00.227,UTC-0300,hriiVjEkYE,,com.sec.android.app.shealth,2025-05-29 06:00:00.000,b1a8a39a-314c-4824-8470-77693a13eaae,
62980011,2025-05-29 06:00:00.000,,45c8d5f7-1dab-4142-b165-e649643c2195.binning_data.json,62980011,2025-05-29 07:15:00.278,2025-05-29 07:15:00.278,UTC-0300,hriiVjEkYE,,com.sec.android.app.shealth,2025-05-29 07:00:00.000,45c8d5f7-1dab-4142-b165-e649643c2195,
62980011,2025-05-29 07:00:00.000,,df54dbcd-9ff1-4663-bb18-28faaf49ef40.binning_data.json,62980011,2025-05-29 08:15:00.760,2025-05-29 08:15:00.760,UTC-0300,hriiVjEkYE,,com.sec.android.app.shealth,2025-05-29 08:00:00.000,df54dbcd-9ff1-4663-bb18-28faaf49ef40,
62980011,2025-05-29 08:00:00.000,,26ce8fca-34ed-423f-9f75-c92511de71c4.binning_data.json,62980011,2025-05-29 09:15:01.143,2025-05-29 09:15:01.143,UTC-0300,hriiVjEkYE,,com.sec.android.app.shealth,2025-05-29 09:00:00.000,26ce8fca-34ed-423f-9f75-c92511de71c4,
62980011,2025-05-29 09:00:00.000,,70a470ba-5846-4eb9-adf4-4f72104812ab.binning_data.json,62980011,2025-05-29 10:10:29.237,2025-05-29 10:10:29.237,UTC-0300,hriiVjEkYE,,com.sec.android.app.shealth,2025-05-29 10:00:00.000,70a470ba-5846-4eb9-adf4-4f72104812ab,
62980011,2025-05-29 10:00:00.000,,6a30fb0f-253a-4a20-a179-7c53fee80fd4.binning_data.json,62980011,2025-05-29 10:13:32.468,2025-05-29 10:13:32.468,UTC-0300,hriiVjEkYE,,com.sec.android.app.shealth,2025-05-29 10:13:32.426,6a30fb0f-253a-4a20-a179-7c53fee80fd4,
62980011,2025-05-30 03:00:00.000,,042267c2-9ad1-4fb6-b943-b84efd9ff82d.binning_data.json,62980011,2025-05-30 04:15:00.832,2025-05-30 04:15:00.832,UTC-0300,hriiVjEkYE,,com.sec.android.app.shealth,2025-05-30 04:00:00.000,042267c2-9ad1-4fb6-b943-b84efd9ff82d,
62980011,2025-05-30 04:00:00.000,,f5b4d2c8-4b50-4ea0-95e8-7edc7f684db0.binning_data.json,62980011,2025-05-30 05:06:05.642,2025-05-30 05:06:05.642,UTC-0300,hriiVjEkYE,,com.sec.android.app.shealth,2025-05-30 05:00:00.000,f5b4d2c8-4b50-4ea0-95e8-7edc7f684db0,
62980011,2025-05-30 05:00:00.000,,b0826570-a8a7-4e0c-8b27-ad51b9156888.binning_data.json,62980011,2025-05-30 06:15:01.353,2025-05-30 06:15:01.353,UTC-0300,hriiVjEkYE,,com.sec.android.app.shealth,2025-05-30 06:00:00.000,b0826570-a8a7-4e0c-8b27-ad51b9156888,
62980011,2025-05-30 06:00:00.000,,bd79da28-c36c-459d-8861-01562172946b.binning_data.json,62980011,2025-05-30 07:15:00.476,2025-05-30 07:15:00.476,UTC-0300,hriiVjEkYE,,com.sec.android.app.shealth,2025-05-30 07:00:00.000,bd79da28-c36c-459d-8861-01562172946b,
62980011,2025-05-30 07:00:00.000,,afa09003-9851-4862-9814-5a6b0b6ce413.binning_data.json,62980011,2025-05-30 08:11:59.317,2025-05-30 08:11:59.317,UTC-0300,hriiVjEkYE,,com.sec.android.app.shealth,2025-05-30 08:00:00.000,afa09003-9851-4862-9814-5a6b0b6ce413,
62980011,2025-05-30 08:00:00.000,,05545f9e-70f5-4d5f-b997-4b7c5b907fd7.binning_data.json,62980011,2025-05-30 09:15:00.682,2025-05-30 09:15:00.682,UTC-0300,hriiVjEkYE,,com.sec.android.app.shealth,2025-05-30 09:00:00.000,05545f9e-70f5-4d5f-b997-4b7c5b907fd7,
62980011,2025-05-30 09:00:00.000,,d56a2d54-0b1e-4528-b49f-26c3681376d8.binning_data.json,62980011,2025-05-30 10:10:14.932,2025-05-30 10:10:14.932,UTC-0300,hriiVjEkYE,,com.sec.android.app.shealth,2025-05-30 10:00:00.000,d56a2d54-0b1e-4528-b49f-26c3681376d8,
62980011,2025-05-31 14:00:00.000,,ef70134c-ddfa-4e05-a745-79a78515e91e.binning_data.json,62980011,2025-05-31 15:15:00.809,2025-05-31 15:15:00.809,UTC-0300,hriiVjEkYE,,com.sec.android.app.shealth,2025-05-31 15:00:00.000,ef70134c-ddfa-4e05-a745-79a78515e91e,
62980011,2025-05-31 15:00:00.000,,53fa554e-7184-4339-9cc0-498822f1c507.binning_data.json,62980011,2025-05-31 16:15:00.228,2025-05-31 16:15:00.228,UTC-0300,hriiVjEkYE,,com.sec.android.app.shealth,2025-05-31 16:00:00.000,53fa554e-7184-4339-9cc0-498822f1c507,
62980011,2025-06-03 03:00:00.000,,ceb025b7-1b85-4143-b080-14cd3b572a4b.binning_data.json,62980011,2025-06-03 04:08:04.194,2025-06-03 04:08:04.194,UTC-0300,hriiVjEkYE,,com.sec.android.app.shealth,2025-06-03 04:00:00.000,ceb025b7-1b85-4143-b080-14cd3b572a4b,
62980011,2025-06-03 04:00:00.000,,24b0c232-b188-4cce-bdae-f4195b628761.binning_data.json,62980011,2025-06-03 05:15:01.287,2025-06-03 05:15:01.287,UTC-0300,hriiVjEkYE,,com.sec.android.app.shealth,2025-06-03 05:00:00.000,24b0c232-b188-4cce-bdae-f4195b628761,
62980011,2025-06-03 05:00:00.000,,4a03887b-6bac-4df5-8b8e-99ae3c8fa459.binning_data.json,62980011,2025-06-03 06:15:01.453,2025-06-03 06:15:01.453,UTC-0300,hriiVjEkYE,,com.sec.android.app.shealth,2025-06-03 06:00:00.000,4a03887b-6bac-4df5-8b8e-99ae3c8fa459,
62980011,2025-06-03 06:00:00.000,,5632085a-f52b-4042-8d64-494563ddc407.binning_data.json,62980011,2025-06-03 07:08:09.093,2025-06-03 07:08:09.093,UTC-0300,hriiVjEkYE,,com.sec.android.app.shealth,2025-06-03 07:00:00.000,5632085a-f52b-4042-8d64-494563ddc407,
62980011,2025-06-03 07:00:00.000,,3072e9a3-1c69-47bb-a1b6-43b4c1f5c1de.binning_data.json,62980011,2025-06-03 08:15:01.193,2025-06-03 08:15:01.193,UTC-0300,hriiVjEkYE,,com.sec.android.app.shealth,2025-06-03 08:00:00.000,3072e9a3-1c69-47bb-a1b6-43b4c1f5c1de,
62980011,2025-06-03 08:00:00.000,,a3b246d2-b51a-46e5-9762-c37cc616de0d.binning_data.json,62980011,2025-06-03 09:15:01.337,2025-06-03 09:15:01.337,UTC-0300,hriiVjEkYE,,com.sec.android.app.shealth,2025-06-03 09:00:00.000,a3b246d2-b51a-46e5-9762-c37cc616de0d,
62980011,2025-06-03 09:00:00.000,,486947be-aac3-446a-bc8f-051e53d6dcea.binning_data.json,62980011,2025-06-03 10:11:34.655,2025-06-03 10:11:34.655,UTC-0300,hriiVjEkYE,,com.sec.android.app.shealth,2025-06-03 10:00:00.000,486947be-aac3-446a-bc8f-051e53d6dcea,
62980011,2025-06-03 10:00:00.000,,f5ed91c7-5576-4f5b-988a-cf2072f35f4b.binning_data.json,62980011,2025-06-03 11:11:16.032,2025-06-03 11:11:16.032,UTC-0300,hriiVjEkYE,,com.sec.android.app.shealth,2025-06-03 11:00:00.000,f5ed91c7-5576-4f5b-988a-cf2072f35f4b,
62980011,2025-06-03 11:00:00.000,,c6fdf882-7d9a-4804-9fa9-9362556abda3.binning_data.json,62980011,2025-06-03 11:49:26.439,2025-06-03 11:49:26.439,UTC-0300,hriiVjEkYE,,com.sec.android.app.shealth,2025-06-03 11:49:26.336,c6fdf882-7d9a-4804-9fa9-9362556abda3,
62980011,2025-06-04 04:00:00.000,,bfaf7f93-0d7f-4cf4-936d-e75c84f8cf37.binning_data.json,62980011,2025-06-04 05:15:00.547,2025-06-04 05:15:00.547,UTC-0300,hriiVjEkYE,,com.sec.android.app.shealth,2025-06-04 05:00:00.000,bfaf7f93-0d7f-4cf4-936d-e75c84f8cf37,
62980011,2025-06-04 05:00:00.000,,562a02af-0dbf-4ee8-ab33-a0dd1a930dc6.binning_data.json,62980011,2025-06-04 06:05:57.814,2025-06-04 06:05:57.641,UTC-0300,hriiVjEkYE,,com.sec.android.app.shealth,2025-06-04 06:00:00.000,562a02af-0dbf-4ee8-ab33-a0dd1a930dc6,
62980011,2025-06-04 06:00:00.000,,eb452597-7e9f-4b6a-9c15-ec35b00398b1.binning_data.json,62980011,2025-06-04 07:15:00.595,2025-06-04 07:15:00.595,UTC-0300,hriiVjEkYE,,com.sec.android.app.shealth,2025-06-04 07:00:00.000,eb452597-7e9f-4b6a-9c15-ec35b00398b1,
62980011,2025-06-04 07:00:00.000,,0c43cd11-0fcd-4268-8e54-88131d59bc3d.binning_data.json,62980011,2025-06-04 08:05:36.457,2025-06-04 08:05:36.457,UTC-0300,hriiVjEkYE,,com.sec.android.app.shealth,2025-06-04 08:00:00.000,0c43cd11-0fcd-4268-8e54-88131d59bc3d,
62980011,2025-06-04 08:00:00.000,,22fcb395-830d-4a41-ab19-ee565e984bb7.binning_data.json,62980011,2025-06-04 09:15:00.847,2025-06-04 09:15:00.847,UTC-0300,hriiVjEkYE,,com.sec.android.app.shealth,2025-06-04 09:00:00.000,22fcb395-830d-4a41-ab19-ee565e984bb7,
62980011,2025-06-04 09:00:00.000,,f6795e00-f04f-4aa5-aca9-055e2e629e06.binning_data.json,62980011,2025-06-04 10:10:39.013,2025-06-04 10:10:39.013,UTC-0300,hriiVjEkYE,,com.sec.android.app.shealth,2025-06-04 10:00:00.000,f6795e00-f04f-4aa5-aca9-055e2e629e06,
62980011,2025-06-04 10:00:00.000,,a727faa5-dca3-4522-8831-f50924b59edc.binning_data.json,62980011,2025-06-04 10:28:26.195,2025-06-04 10:28:26.195,UTC-0300,hriiVjEkYE,,com.sec.android.app.shealth,2025-06-04 10:28:26.124,a727faa5-dca3-4522-8831-f50924b59edc,
62980011,2025-06-05 05:00:00.000,,b1bd108b-a6fa-471e-a22f-ff01a45ac937.binning_data.json,62980011,2025-06-05 06:15:00.828,2025-06-05 06:15:00.828,UTC-0300,hriiVjEkYE,,com.sec.android.app.shealth,2025-06-05 06:00:00.000,b1bd108b-a6fa-471e-a22f-ff01a45ac937,
62980011,2025-06-05 06:00:00.000,,7fad88de-b015-4390-888b-843ab8dc3046.binning_data.json,62980011,2025-06-05 07:15:00.929,2025-06-05 07:15:00.929,UTC-0300,hriiVjEkYE,,com.sec.android.app.shealth,2025-06-05 07:00:00.000,7fad88de-b015-4390-888b-843ab8dc3046,
62980011,2025-06-05 07:00:00.000,,5ee07e3a-4c7f-4d45-b998-9346aa864be8.binning_data.json,62980011,2025-06-05 08:15:01.005,2025-06-05 08:15:01.005,UTC-0300,hriiVjEkYE,,com.sec.android.app.shealth,2025-06-05 08:00:00.000,5ee07e3a-4c7f-4d45-b998-9346aa864be8,
62980011,2025-06-05 08:00:00.000,,f89bb89a-3e61-408a-8b17-9b0ef2b4abbe.binning_data.json,62980011,2025-06-05 09:15:01.144,2025-06-05 09:15:01.144,UTC-0300,hriiVjEkYE,,com.sec.android.app.shealth,2025-06-05 09:00:00.000,f89bb89a-3e61-408a-8b17-9b0ef2b4abbe,
62980011,2025-06-05 09:00:00.000,,5e1367a0-4d48-4d1b-8f76-ef4dfb3bd64e.binning_data.json,62980011,2025-06-05 10:14:51.842,2025-06-05 10:14:51.842,UTC-0300,hriiVjEkYE,,com.sec.android.app.shealth,2025-06-05 10:00:00.000,5e1367a0-4d48-4d1b-8f76-ef4dfb3bd64e,
62980011,2025-06-05 10:00:00.000,,f3560bb8-f3b5-407b-bf0c-92e49119573d.binning_data.json,62980011,2025-06-05 10:15:24.763,2025-06-05 10:15:24.763,UTC-0300,hriiVjEkYE,,com.sec.android.app.shealth,2025-06-05 10:15:24.503,f3560bb8-f3b5-407b-bf0c-92e49119573d,
62980011,2025-06-12 04:00:00.000,,280801f4-e417-407a-8a24-5ec3a66fbd68.binning_data.json,62980011,2025-06-12 05:15:00.923,2025-06-12 05:15:00.923,UTC-0300,hriiVjEkYE,,com.sec.android.app.shealth,2025-06-12 05:00:00.000,280801f4-e417-407a-8a24-5ec3a66fbd68,
62980011,2025-06-12 05:00:00.000,,6898bacd-fe1c-4bc1-96a4-17d44d2c04d4.binning_data.json,62980011,2025-06-12 06:15:00.937,2025-06-12 06:15:00.937,UTC-0300,hriiVjEkYE,,com.sec.android.app.shealth,2025-06-12 06:00:00.000,6898bacd-fe1c-4bc1-96a4-17d44d2c04d4,
62980011,2025-06-12 06:00:00.000,,2deac3de-615c-4509-b1c4-b8abcbe79a7a.binning_data.json,62980011,2025-06-12 07:15:00.736,2025-06-12 07:15:00.736,UTC-0300,hriiVjEkYE,,com.sec.android.app.shealth,2025-06-12 07:00:00.000,2deac3de-615c-4509-b1c4-b8abcbe79a7a,
62980011,2025-06-12 07:00:00.000,,80c3f9a0-3c41-4622-a016-4db34fc5e485.binning_data.json,62980011,2025-06-12 08:15:00.979,2025-06-12 08:15:00.979,UTC-0300,hriiVjEkYE,,com.sec.android.app.shealth,2025-06-12 08:00:00.000,80c3f9a0-3c41-4622-a016-4db34fc5e485,
62980011,2025-06-12 08:00:00.000,,9613317b-cd35-49ca-9397-dd3312d3b465.binning_data.json,62980011,2025-06-12 09:15:01.099,2025-06-12 09:15:01.099,UTC-0300,hriiVjEkYE,,com.sec.android.app.shealth,2025-06-12 09:00:00.000,9613317b-cd35-49ca-9397-dd3312d3b465,
62980011,2025-06-12 09:00:00.000,,44f65d6c-0b96-4a69-a361-cdb004026fe1.binning_data.json,62980011,2025-06-12 10:11:06.335,2025-06-12 10:11:06.335,UTC-0300,hriiVjEkYE,,com.sec.android.app.shealth,2025-06-12 10:00:00.000,44f65d6c-0b96-4a69-a361-cdb004026fe1,
62980011,2025-06-12 10:00:00.000,,ab1ef2b8-92fd-4306-8a08-cba0049acfa4.binning_data.json,62980011,2025-06-12 11:10:29.463,2025-06-12 11:10:29.463,UTC-0300,hriiVjEkYE,,com.sec.android.app.shealth,2025-06-12 11:00:00.000,ab1ef2b8-92fd-4306-8a08-cba0049acfa4,
62980011,2025-06-12 11:00:00.000,,02bd6401-3a55-4b44-9f21-e3a13c609bbd.binning_data.json,62980011,2025-06-12 11:44:43.455,2025-06-12 11:44:43.455,UTC-0300,hriiVjEkYE,,com.sec.android.app.shealth,2025-06-12 11:44:43.330,02bd6401-3a55-4b44-9f21-e3a13c609bbd,
62980011,2025-06-14 05:00:00.000,,65c77b42-e052-4a8f-aa20-4235d3b2deb9.binning_data.json,62980011,2025-06-14 06:07:11.255,2025-06-14 06:07:11.255,UTC-0300,hriiVjEkYE,,com.sec.android.app.shealth,2025-06-14 06:00:00.000,65c77b42-e052-4a8f-aa20-4235d3b2deb9,
62980011,2025-06-14 06:00:00.000,,41b905ff-21d1-4045-a906-08e989f09e62.binning_data.json,62980011,2025-06-14 07:15:01.760,2025-06-14 07:15:01.760,UTC-0300,hriiVjEkYE,,com.sec.android.app.shealth,2025-06-14 07:00:00.000,41b905ff-21d1-4045-a906-08e989f09e62,
62980011,2025-06-14 07:00:00.000,,e6d05c50-0b62-4e93-a314-ab3d98d9ccf6.binning_data.json,62980011,2025-06-14 08:15:00.606,2025-06-14 08:15:00.606,UTC-0300,hriiVjEkYE,,com.sec.android.app.shealth,2025-06-14 08:00:00.000,e6d05c50-0b62-4e93-a314-ab3d98d9ccf6,
62980011,2025-06-14 08:00:00.000,,57addf3d-8940-4875-bf63-9e252b765f0c.binning_data.json,62980011,2025-06-14 09:10:11.417,2025-06-14 09:10:11.417,UTC-0300,hriiVjEkYE,,com.sec.android.app.shealth,2025-06-14 09:00:00.000,57addf3d-8940-4875-bf63-9e252b765f0c,
62980011,2025-06-14 09:00:00.000,,e86b830e-3ecc-498e-ab40-f8f11b4e8bbe.binning_data.json,62980011,2025-06-14 10:06:22.086,2025-06-14 10:06:22.086,UTC-0300,hriiVjEkYE,,com.sec.android.app.shealth,2025-06-14 10:00:00.000,e86b830e-3ecc-498e-ab40-f8f11b4e8bbe,
62980011,2025-06-14 09:00:00.000,,76261f46-097b-4eb2-8443-b9665b27e097.binning_data.json,62980011,2025-06-14 10:06:22.104,2025-06-14 10:06:22.104,UTC-0300,hriiVjEkYE,,com.sec.android.app.shealth,2025-06-14 10:00:00.000,76261f46-097b-4eb2-8443-b9665b27e097,
62980011,2025-06-14 10:00:00.000,,6b3b9106-462c-4c14-9324-65cbe099844f.binning_data.json,62980011,2025-06-14 11:15:00.425,2025-06-14 11:15:00.425,UTC-0300,hriiVjEkYE,,com.sec.android.app.shealth,2025-06-14 11:00:00.000,6b3b9106-462c-4c14-9324-65cbe099844f,
62980011,2025-06-14 11:00:00.000,,b6de7985-4b44-4df5-869c-ef26920fc14c.binning_data.json,62980011,2025-06-14 12:11:52.377,2025-06-14 12:11:52.377,UTC-0300,hriiVjEkYE,,com.sec.android.app.shealth,2025-06-14 12:00:00.000,b6de7985-4b44-4df5-869c-ef26920fc14c,
62980011,2025-06-14 12:00:00.000,,3131356e-e369-4f93-801e-f3781ac224ce.binning_data.json,62980011,2025-06-14 12:39:13.061,2025-06-14 12:39:13.061,UTC-0300,hriiVjEkYE,,com.sec.android.app.shealth,2025-06-14 12:39:12.995,3131356e-e369-4f93-801e-f3781ac224ce,
62980011,2025-06-17 03:00:00.000,,2d4c4361-ef9e-4973-95dc-f39c233520e7.binning_data.json,62980011,2025-06-17 04:15:00.479,2025-06-17 04:15:00.479,UTC-0300,hriiVjEkYE,,com.sec.android.app.shealth,2025-06-17 04:00:00.000,2d4c4361-ef9e-4973-95dc-f39c233520e7,
62980011,2025-06-17 04:00:00.000,,ab581d94-2e74-467c-915d-de2f4c7c850a.binning_data.json,62980011,2025-06-17 05:11:05.749,2025-06-17 05:11:05.749,UTC-0300,hriiVjEkYE,,com.sec.android.app.shealth,2025-06-17 05:00:00.000,ab581d94-2e74-467c-915d-de2f4c7c850a,
62980011,2025-06-17 05:00:00.000,,bec5f9c9-67ef-4d18-81f6-96dddb3eb2b2.binning_data.json,62980011,2025-06-17 06:15:00.806,2025-06-17 06:15:00.806,UTC-0300,hriiVjEkYE,,com.sec.android.app.shealth,2025-06-17 06:00:00.000,bec5f9c9-67ef-4d18-81f6-96dddb3eb2b2,
62980011,2025-06-17 06:00:00.000,,25486b3b-4094-473b-9273-8cbac0c64d71.binning_data.json,62980011,2025-06-17 07:15:00.943,2025-06-17 07:15:00.943,UTC-0300,hriiVjEkYE,,com.sec.android.app.shealth,2025-06-17 07:00:00.000,25486b3b-4094-473b-9273-8cbac0c64d71,
62980011,2025-06-17 07:00:00.000,,d55c0c1b-11da-410c-b3a5-228e6bf52d43.binning_data.json,62980011,2025-06-17 08:15:01.167,2025-06-17 08:15:01.167,UTC-0300,hriiVjEkYE,,com.sec.android.app.shealth,2025-06-17 08:00:00.000,d55c0c1b-11da-410c-b3a5-228e6bf52d43,
62980011,2025-06-17 08:00:00.000,,1cfc157a-43e5-41dc-ab51-1f948e374e0a.binning_data.json,62980011,2025-06-17 09:15:00.190,2025-06-17 09:15:00.190,UTC-0300,hriiVjEkYE,,com.sec.android.app.shealth,2025-06-17 09:00:00.000,1cfc157a-43e5-41dc-ab51-1f948e374e0a,
62980011,2025-06-17 09:00:00.000,,fcd37aae-1743-4c9e-aab1-865e8eb796d8.binning_data.json,62980011,2025-06-17 10:10:42.566,2025-06-17 10:10:42.566,UTC-0300,hriiVjEkYE,,com.sec.android.app.shealth,2025-06-17 10:00:00.000,fcd37aae-1743-4c9e-aab1-865e8eb796d8,
62980011,2025-06-17 10:00:00.000,,3226fac4-0593-4055-bca0-c93eec56cbd2.binning_data.json,62980011,2025-06-17 10:35:56.719,2025-06-17 10:35:56.719,UTC-0300,hriiVjEkYE,,com.sec.android.app.shealth,2025-06-17 10:35:56.663,3226fac4-0593-4055-bca0-c93eec56cbd2,
62980011,2025-06-19 05:00:00.000,,77fba988-4ebf-4a4b-be7a-4025d6f16ef7.binning_data.json,62980011,2025-06-19 06:15:01.117,2025-06-19 06:15:01.117,UTC-0300,hriiVjEkYE,,com.sec.android.app.shealth,2025-06-19 06:00:00.000,77fba988-4ebf-4a4b-be7a-4025d6f16ef7,
62980011,2025-06-19 06:00:00.000,,481d2acd-1ebc-41e9-8816-ea28bca0dc77.binning_data.json,62980011,2025-06-19 07:05:37.450,2025-06-19 07:05:37.450,UTC-0300,hriiVjEkYE,,com.sec.android.app.shealth,2025-06-19 07:00:00.000,481d2acd-1ebc-41e9-8816-ea28bca0dc77,
62980011,2025-06-19 07:00:00.000,,7d1eaa1b-01e5-479e-9d72-090960e22f13.binning_data.json,62980011,2025-06-19 08:15:00.208,2025-06-19 08:15:00.208,UTC-0300,hriiVjEkYE,,com.sec.android.app.shealth,2025-06-19 08:00:00.000,7d1eaa1b-01e5-479e-9d72-090960e22f13,
62980011,2025-06-19 08:00:00.000,,f97c5d60-6256-4fd6-a6f9-32faf8625f19.binning_data.json,62980011,2025-06-19 09:15:00.218,2025-06-19 09:15:00.218,UTC-0300,hriiVjEkYE,,com.sec.android.app.shealth,2025-06-19 09:00:00.000,f97c5d60-6256-4fd6-a6f9-32faf8625f19,
62980011,2025-06-19 09:00:00.000,,5fadfa6d-6125-4f2a-8b00-23a31c461da8.binning_data.json,62980011,2025-06-19 10:15:01.041,2025-06-19 10:15:01.041,UTC-0300,hriiVjEkYE,,com.sec.android.app.shealth,2025-06-19 10:00:00.000,5fadfa6d-6125-4f2a-8b00-23a31c461da8,
62980011,2025-06-19 10:00:00.000,,3146397e-8ebc-4812-964a-005a87fe89f5.binning_data.json,62980011,2025-06-19 11:15:00.808,2025-06-19 11:15:00.808,UTC-0300,hriiVjEkYE,,com.sec.android.app.shealth,2025-06-19 11:00:00.000,3146397e-8ebc-4812-964a-005a87fe89f5,
62980011,2025-06-19 11:00:00.000,,dbc0f96e-b07b-49de-8b26-d0bc58ac0977.binning_data.json,62980011,2025-06-19 12:05:06.567,2025-06-19 12:05:06.567,UTC-0300,hriiVjEkYE,,com.sec.android.app.shealth,2025-06-19 12:00:00.000,dbc0f96e-b07b-49de-8b26-d0bc58ac0977,
62980011,2025-06-19 12:00:00.000,,f407734c-3af5-4076-906f-3931d631c85d.binning_data.json,62980011,2025-06-19 13:09:07.930,2025-06-19 13:09:07.930,UTC-0300,hriiVjEkYE,,com.sec.android.app.shealth,2025-06-19 13:00:00.000,f407734c-3af5-4076-906f-3931d631c85d,
62980011,2025-06-19 13:00:00.000,,3da259cd-618f-4e90-93f3-4d24871f56a7.binning_data.json,62980011,2025-06-19 13:51:31.941,2025-06-19 13:51:31.941,UTC-0300,hriiVjEkYE,,com.sec.android.app.shealth,2025-06-19 13:51:31.732,3da259cd-618f-4e90-93f3-4d24871f56a7,
62980011,2025-06-20 04:00:00.000,,d2304cf3-e5dc-4a50-8ab9-fe3ae53d16d1.binning_data.json,62980011,2025-06-20 05:15:00.238,2025-06-20 05:15:00.238,UTC-0300,hriiVjEkYE,,com.sec.android.app.shealth,2025-06-20 05:00:00.000,d2304cf3-e5dc-4a50-8ab9-fe3ae53d16d1,
62980011,2025-06-20 05:00:00.000,,0b5447e2-480b-41ca-a9f6-318790486e43.binning_data.json,62980011,2025-06-20 06:09:39.654,2025-06-20 06:09:39.654,UTC-0300,hriiVjEkYE,,com.sec.android.app.shealth,2025-06-20 06:00:00.000,0b5447e2-480b-41ca-a9f6-318790486e43,
62980011,2025-06-20 06:00:00.000,,9e589fc4-d78c-4e5f-9881-02b902c63463.binning_data.json,62980011,2025-06-20 07:15:00.367,2025-06-20 07:15:00.367,UTC-0300,hriiVjEkYE,,com.sec.android.app.shealth,2025-06-20 07:00:00.000,9e589fc4-d78c-4e5f-9881-02b902c63463,
62980011,2025-06-20 07:00:00.000,,3b9044af-8aeb-4b2a-a1d3-6348ed8cbce0.binning_data.json,62980011,2025-06-20 08:15:00.647,2025-06-20 08:15:00.647,UTC-0300,hriiVjEkYE,,com.sec.android.app.shealth,2025-06-20 08:00:00.000,3b9044af-8aeb-4b2a-a1d3-6348ed8cbce0,
62980011,2025-06-20 08:00:00.000,,2554cfb7-7ca6-47fa-b8de-e5a603131a80.binning_data.json,62980011,2025-06-20 09:08:37.373,2025-06-20 09:08:37.373,UTC-0300,hriiVjEkYE,,com.sec.android.app.shealth,2025-06-20 09:00:00.000,2554cfb7-7ca6-47fa-b8de-e5a603131a80,
62980011,2025-06-20 09:00:00.000,,aae28a97-f4cd-414a-bec1-cf2b970e0cbd.binning_data.json,62980011,2025-06-20 10:15:00.578,2025-06-20 10:15:00.578,UTC-0300,hriiVjEkYE,,com.sec.android.app.shealth,2025-06-20 10:00:00.000,aae28a97-f4cd-414a-bec1-cf2b970e0cbd,
62980011,2025-06-20 10:00:00.000,,8c359d8c-c35a-4a9a-a59d-4c4763f536f1.binning_data.json,62980011,2025-06-20 10:52:06.882,2025-06-20 10:52:06.882,UTC-0300,hriiVjEkYE,,com.sec.android.app.shealth,2025-06-20 10:52:06.595,8c359d8c-c35a-4a9a-a59d-4c4763f536f1,
62980011,2025-06-22 03:00:00.000,,d4a98039-ab59-4800-87b7-75f13b15ab99.binning_data.json,62980011,2025-06-22 04:11:01.242,2025-06-22 04:11:01.242,UTC-0300,hriiVjEkYE,,com.sec.android.app.shealth,2025-06-22 04:00:00.000,d4a98039-ab59-4800-87b7-75f13b15ab99,
62980011,2025-06-22 04:00:00.000,,4b78785c-181c-43e8-99d2-0e1d53ed9663.binning_data.json,62980011,2025-06-22 05:15:00.346,2025-06-22 05:15:00.346,UTC-0300,hriiVjEkYE,,com.sec.android.app.shealth,2025-06-22 05:00:00.000,4b78785c-181c-43e8-99d2-0e1d53ed9663,
62980011,2025-06-22 05:00:00.000,,526c45a8-f448-4789-82c6-8bf87457891a.binning_data.json,62980011,2025-06-22 06:16:34.280,2025-06-22 06:16:34.280,UTC-0300,hriiVjEkYE,,com.sec.android.app.shealth,2025-06-22 06:00:00.000,526c45a8-f448-4789-82c6-8bf87457891a,
62980011,2025-06-22 06:00:00.000,,fe1a545c-57ed-4e91-86c3-c8170cae1f24.binning_data.json,62980011,2025-06-22 07:07:00.733,2025-06-22 07:07:00.733,UTC-0300,hriiVjEkYE,,com.sec.android.app.shealth,2025-06-22 07:00:00.000,fe1a545c-57ed-4e91-86c3-c8170cae1f24,
62980011,2025-06-22 07:00:00.000,,c567b230-b561-4960-9c69-bdcd4198baa1.binning_data.json,62980011,2025-06-22 08:14:59.957,2025-06-22 08:14:59.957,UTC-0300,hriiVjEkYE,,com.sec.android.app.shealth,2025-06-22 08:00:00.000,c567b230-b561-4960-9c69-bdcd4198baa1,
62980011,2025-06-22 08:00:00.000,,454f3885-567f-4f34-b133-ebc329a94581.binning_data.json,62980011,2025-06-22 09:15:00.227,2025-06-22 09:15:00.227,UTC-0300,hriiVjEkYE,,com.sec.android.app.shealth,2025-06-22 09:00:00.000,454f3885-567f-4f34-b133-ebc329a94581,
62980011,2025-06-22 09:00:00.000,,e6311d60-e5c7-4b6e-b2cc-a107dd12d6f1.binning_data.json,62980011,2025-06-22 10:08:09.594,2025-06-22 10:08:09.594,UTC-0300,hriiVjEkYE,,com.sec.android.app.shealth,2025-06-22 10:00:00.000,e6311d60-e5c7-4b6e-b2cc-a107dd12d6f1,
62980011,2025-06-22 10:00:00.000,,08cbf63b-e96e-4011-83a1-a7c263ecd8b0.binning_data.json,62980011,2025-06-22 11:15:00.372,2025-06-22 11:15:00.372,UTC-0300,hriiVjEkYE,,com.sec.android.app.shealth,2025-06-22 11:00:00.000,08cbf63b-e96e-4011-83a1-a7c263ecd8b0,
62980011,2025-06-22 11:00:00.000,,bd646bb1-b374-4437-aae3-b8154ec0187f.binning_data.json,62980011,2025-06-22 12:13:12.238,2025-06-22 12:13:12.238,UTC-0300,hriiVjEkYE,,com.sec.android.app.shealth,2025-06-22 12:00:00.000,bd646bb1-b374-4437-aae3-b8154ec0187f,
62980011,2025-06-22 12:00:00.000,,12acf8a7-386a-4023-8611-cb68b81eb4a6.binning_data.json,62980011,2025-06-22 13:09:32.175,2025-06-22 13:09:32.175,UTC-0300,hriiVjEkYE,,com.sec.android.app.shealth,2025-06-22 13:00:00.000,12acf8a7-386a-4023-8611-cb68b81eb4a6,
62980011,2025-06-22 13:00:00.000,,a7b9ab3a-2260-4559-9c85-acab7f5023a7.binning_data.json,62980011,2025-06-22 14:08:10.182,2025-06-22 14:08:10.182,UTC-0300,hriiVjEkYE,,com.sec.android.app.shealth,2025-06-22 14:00:00.000,a7b9ab3a-2260-4559-9c85-acab7f5023a7,
62980011,2025-06-22 14:00:00.000,,3674f3ee-69d6-4681-ad9f-7afd1b03a93e.binning_data.json,62980011,2025-06-22 14:23:10.654,2025-06-22 14:23:10.654,UTC-0300,hriiVjEkYE,,com.sec.android.app.shealth,2025-06-22 14:23:10.589,3674f3ee-69d6-4681-ad9f-7afd1b03a93e,
62980011,2025-06-22 20:00:00.000,,0b91f359-9127-4af1-a14e-907835840dd9.binning_data.json,62980011,2025-06-22 21:11:07.323,2025-06-22 21:11:07.323,UTC-0300,hriiVjEkYE,,com.sec.android.app.shealth,2025-06-22 21:00:00.000,0b91f359-9127-4af1-a14e-907835840dd9,
62980011,2025-06-22 21:00:00.000,,9f084d76-7eb6-4b3a-af8e-cdfc7e42dc22.binning_data.json,62980011,2025-06-22 22:08:00.883,2025-06-22 22:08:00.883,UTC-0300,hriiVjEkYE,,com.sec.android.app.shealth,2025-06-22 22:00:00.000,9f084d76-7eb6-4b3a-af8e-cdfc7e42dc22,
62980011,2025-06-22 22:00:00.000,,6c374631-c39e-4be4-a916-315abd0d3363.binning_data.json,62980011,2025-06-22 22:24:07.332,2025-06-22 22:24:07.332,UTC-0300,hriiVjEkYE,,com.sec.android.app.shealth,2025-06-22 22:24:07.195,6c374631-c39e-4be4-a916-315abd0d3363,
62980011,2025-06-23 04:00:00.000,,178c05dc-0d17-4f16-bebf-49c9e4953514.binning_data.json,62980011,2025-06-23 05:15:01.476,2025-06-23 05:15:01.476,UTC-0300,hriiVjEkYE,,com.sec.android.app.shealth,2025-06-23 05:00:00.000,178c05dc-0d17-4f16-bebf-49c9e4953514,
62980011,2025-06-23 05:00:00.000,,8d1833c9-67b1-48b8-885f-c2e998f0cc1a.binning_data.json,62980011,2025-06-23 06:15:01.667,2025-06-23 06:15:01.667,UTC-0300,hriiVjEkYE,,com.sec.android.app.shealth,2025-06-23 06:00:00.000,8d1833c9-67b1-48b8-885f-c2e998f0cc1a,
62980011,2025-06-23 06:00:00.000,,cd0562b0-f19e-4d38-ac8f-df3481e0a20d.binning_data.json,62980011,2025-06-23 07:15:01.441,2025-06-23 07:15:01.441,UTC-0300,hriiVjEkYE,,com.sec.android.app.shealth,2025-06-23 07:00:00.000,cd0562b0-f19e-4d38-ac8f-df3481e0a20d,
62980011,2025-06-23 07:00:00.000,,b1b59b2b-3a90-4b41-8d51-dbedef129e25.binning_data.json,62980011,2025-06-23 08:15:01.434,2025-06-23 08:15:01.434,UTC-0300,hriiVjEkYE,,com.sec.android.app.shealth,2025-06-23 08:00:00.000,b1b59b2b-3a90-4b41-8d51-dbedef129e25,
62980011,2025-06-23 08:00:00.000,,4d07a280-e0d6-455c-9030-70baa7695190.binning_data.json,62980011,2025-06-23 09:15:01.289,2025-06-23 09:15:01.289,UTC-0300,hriiVjEkYE,,com.sec.android.app.shealth,2025-06-23 09:00:00.000,4d07a280-e0d6-455c-9030-70baa7695190,
62980011,2025-06-23 09:00:00.000,,c41ee058-d8ed-4c91-8b88-65407e76fe3b.binning_data.json,62980011,2025-06-23 10:12:54.152,2025-06-23 10:12:54.152,UTC-0300,hriiVjEkYE,,com.sec.android.app.shealth,2025-06-23 10:00:00.000,c41ee058-d8ed-4c91-8b88-65407e76fe3b,
62980011,2025-06-23 10:00:00.000,,7dc772fa-073b-4620-bd43-53fd78e43386.binning_data.json,62980011,2025-06-23 11:08:22.250,2025-06-23 11:08:22.162,UTC-0300,hriiVjEkYE,,com.sec.android.app.shealth,2025-06-23 11:00:00.000,7dc772fa-073b-4620-bd43-53fd78e43386,
62980011,2025-06-24 04:00:00.000,,9839547c-4000-432b-9bdf-90927525681b.binning_data.json,62980011,2025-06-24 05:15:00.711,2025-06-24 05:15:00.711,UTC-0300,hriiVjEkYE,,com.sec.android.app.shealth,2025-06-24 05:00:00.000,9839547c-4000-432b-9bdf-90927525681b,
62980011,2025-06-24 05:00:00.000,,b5ace093-ef7c-4a5c-9ee4-2dba7981e8a7.binning_data.json,62980011,2025-06-24 06:15:01.037,2025-06-24 06:15:01.037,UTC-0300,hriiVjEkYE,,com.sec.android.app.shealth,2025-06-24 06:00:00.000,b5ace093-ef7c-4a5c-9ee4-2dba7981e8a7,
62980011,2025-06-24 06:00:00.000,,2c354989-5594-4052-947a-8bbe61d6d8d5.binning_data.json,62980011,2025-06-24 07:15:00.985,2025-06-24 07:15:00.985,UTC-0300,hriiVjEkYE,,com.sec.android.app.shealth,2025-06-24 07:00:00.000,2c354989-5594-4052-947a-8bbe61d6d8d5,
62980011,2025-06-24 07:00:00.000,,955c6a9e-33b4-4836-9b9a-1fa21a6a6455.binning_data.json,62980011,2025-06-24 08:15:00.225,2025-06-24 08:15:00.225,UTC-0300,hriiVjEkYE,,com.sec.android.app.shealth,2025-06-24 08:00:00.000,955c6a9e-33b4-4836-9b9a-1fa21a6a6455,
62980011,2025-06-24 08:00:00.000,,13bf24ab-a5bc-410b-bca8-97b47473cea0.binning_data.json,62980011,2025-06-24 09:15:00.604,2025-06-24 09:15:00.604,UTC-0300,hriiVjEkYE,,com.sec.android.app.shealth,2025-06-24 09:00:00.000,13bf24ab-a5bc-410b-bca8-97b47473cea0,
62980011,2025-06-24 09:00:00.000,,5b84aaa6-4c80-4e1c-a364-0fd55d2890d9.binning_data.json,62980011,2025-06-24 10:15:00.785,2025-06-24 10:15:00.785,UTC-0300,hriiVjEkYE,,com.sec.android.app.shealth,2025-06-24 10:00:00.000,5b84aaa6-4c80-4e1c-a364-0fd55d2890d9,
62980011,2025-06-24 10:00:00.000,,1f88d91d-7642-4ddd-9b2f-56cd17795aeb.binning_data.json,62980011,2025-06-24 11:13:31.130,2025-06-24 11:13:31.130,UTC-0300,hriiVjEkYE,,com.sec.android.app.shealth,2025-06-24 11:00:00.000,1f88d91d-7642-4ddd-9b2f-56cd17795aeb,
62980011,2025-06-24 11:00:00.000,,82995536-8cb8-4a14-ab87-a58ea2e6d7d6.binning_data.json,62980011,2025-06-24 11:41:43.101,2025-06-24 11:41:43.101,UTC-0300,hriiVjEkYE,,com.sec.android.app.shealth,2025-06-24 11:41:43.006,82995536-8cb8-4a14-ab87-a58ea2e6d7d6,
62980011,2025-06-25 04:00:00.000,,5f2015de-0365-46c2-9c2a-92fb651de7d9.binning_data.json,62980011,2025-06-25 05:15:00.696,2025-06-25 05:15:00.696,UTC-0300,hriiVjEkYE,,com.sec.android.app.shealth,2025-06-25 05:00:00.000,5f2015de-0365-46c2-9c2a-92fb651de7d9,
62980011,2025-06-25 05:00:00.000,,cffc277c-8d32-4cc4-b179-e86ab19ac5af.binning_data.json,62980011,2025-06-25 06:15:00.953,2025-06-25 06:15:00.953,UTC-0300,hriiVjEkYE,,com.sec.android.app.shealth,2025-06-25 06:00:00.000,cffc277c-8d32-4cc4-b179-e86ab19ac5af,
62980011,2025-06-25 06:00:00.000,,8a88824d-8e20-451d-aefb-445bb01bcb08.binning_data.json,62980011,2025-06-25 07:07:33.139,2025-06-25 07:07:33.139,UTC-0300,hriiVjEkYE,,com.sec.android.app.shealth,2025-06-25 07:00:00.000,8a88824d-8e20-451d-aefb-445bb01bcb08,
62980011,2025-06-25 07:00:00.000,,668e082d-6304-4add-8978-8a8071079639.binning_data.json,62980011,2025-06-25 08:15:00.215,2025-06-25 08:15:00.215,UTC-0300,hriiVjEkYE,,com.sec.android.app.shealth,2025-06-25 08:00:00.000,668e082d-6304-4add-8978-8a8071079639,
62980011,2025-06-25 08:00:00.000,,3e3a9ee9-f81c-4a41-9f6c-81aa45b247da.binning_data.json,62980011,2025-06-25 09:15:42.057,2025-06-25 09:15:42.057,UTC-0300,hriiVjEkYE,,com.sec.android.app.shealth,2025-06-25 09:00:00.000,3e3a9ee9-f81c-4a41-9f6c-81aa45b247da,
62980011,2025-06-25 09:00:00.000,,27f2cd20-8017-4056-b6cc-0a0b51053592.binning_data.json,62980011,2025-06-25 10:05:04.600,2025-06-25 10:05:04.600,UTC-0300,hriiVjEkYE,,com.sec.android.app.shealth,2025-06-25 10:00:00.000,27f2cd20-8017-4056-b6cc-0a0b51053592,
62980011,2025-06-25 10:00:00.000,,b5bae9a1-f8be-44d6-bc2e-f442c11c4db0.binning_data.json,62980011,2025-06-25 10:32:16.319,2025-06-25 10:32:16.319,UTC-0300,hriiVjEkYE,,com.sec.android.app.shealth,2025-06-25 10:32:16.180,b5bae9a1-f8be-44d6-bc2e-f442c11c4db0,
62980011,2025-06-26 04:00:00.000,,2e6bbee6-761c-499b-9aa8-bc9baa3bf26d.binning_data.json,62980011,2025-06-26 05:12:03.584,2025-06-26 05:12:03.584,UTC-0300,hriiVjEkYE,,com.sec.android.app.shealth,2025-06-26 05:00:00.000,2e6bbee6-761c-499b-9aa8-bc9baa3bf26d,
62980011,2025-06-26 05:00:00.000,,edf150b0-9a3a-4914-8242-9eb7553220f4.binning_data.json,62980011,2025-06-26 06:15:00.228,2025-06-26 06:15:00.228,UTC-0300,hriiVjEkYE,,com.sec.android.app.shealth,2025-06-26 06:00:00.000,edf150b0-9a3a-4914-8242-9eb7553220f4,
62980011,2025-06-26 06:00:00.000,,7c3bf1e2-0181-4834-8448-6c873f29483c.binning_data.json,62980011,2025-06-26 07:15:00.564,2025-06-26 07:15:00.564,UTC-0300,hriiVjEkYE,,com.sec.android.app.shealth,2025-06-26 07:00:00.000,7c3bf1e2-0181-4834-8448-6c873f29483c,
62980011,2025-06-26 07:00:00.000,,402221fb-864c-45fd-a573-ca17161c5f2c.binning_data.json,62980011,2025-06-26 08:15:01.038,2025-06-26 08:15:01.038,UTC-0300,hriiVjEkYE,,com.sec.android.app.shealth,2025-06-26 08:00:00.000,402221fb-864c-45fd-a573-ca17161c5f2c,
62980011,2025-06-26 08:00:00.000,,adc37dc5-4a79-4e2e-ae91-e8d136f88bcc.binning_data.json,62980011,2025-06-26 09:15:27.838,2025-06-26 09:15:27.838,UTC-0300,hriiVjEkYE,,com.sec.android.app.shealth,2025-06-26 09:00:00.000,adc37dc5-4a79-4e2e-ae91-e8d136f88bcc,
62980011,2025-06-26 09:00:00.000,,0349ce7c-8a20-49cb-938d-3995b04b617b.binning_data.json,62980011,2025-06-26 10:10:02.687,2025-06-26 10:10:02.687,UTC-0300,hriiVjEkYE,,com.sec.android.app.shealth,2025-06-26 10:00:00.000,0349ce7c-8a20-49cb-938d-3995b04b617b,
62980011,2025-06-26 10:00:00.000,,5e9caa49-6bed-47a8-95d2-eebf8cf3a954.binning_data.json,62980011,2025-06-26 10:39:58.213,2025-06-26 10:39:58.213,UTC-0300,hriiVjEkYE,,com.sec.android.app.shealth,2025-06-26 10:39:58.021,5e9caa49-6bed-47a8-95d2-eebf8cf3a954,
62980011,2025-06-27 04:00:00.000,,aaecb2f2-42bb-46f4-91f0-0dd206393039.binning_data.json,62980011,2025-06-27 05:15:00.245,2025-06-27 05:15:00.245,UTC-0300,hriiVjEkYE,,com.sec.android.app.shealth,2025-06-27 05:00:00.000,aaecb2f2-42bb-46f4-91f0-0dd206393039,
62980011,2025-06-27 05:00:00.000,,2f1dcfc4-1ac5-455a-a11a-ea7bd97c5d22.binning_data.json,62980011,2025-06-27 06:15:00.243,2025-06-27 06:15:00.243,UTC-0300,hriiVjEkYE,,com.sec.android.app.shealth,2025-06-27 06:00:00.000,2f1dcfc4-1ac5-455a-a11a-ea7bd97c5d22,
62980011,2025-06-27 06:00:00.000,,d073f755-aa64-4366-a8ec-c693a5385671.binning_data.json,62980011,2025-06-27 07:15:00.416,2025-06-27 07:15:00.416,UTC-0300,hriiVjEkYE,,com.sec.android.app.shealth,2025-06-27 07:00:00.000,d073f755-aa64-4366-a8ec-c693a5385671,
62980011,2025-06-27 07:00:00.000,,033aa804-bf57-40c1-9195-1718cebee03f.binning_data.json,62980011,2025-06-27 08:15:00.393,2025-06-27 08:15:00.393,UTC-0300,hriiVjEkYE,,com.sec.android.app.shealth,2025-06-27 08:00:00.000,033aa804-bf57-40c1-9195-1718cebee03f,
62980011,2025-06-27 08:00:00.000,,5a92160e-6835-4d45-baf3-089f812e9cde.binning_data.json,62980011,2025-06-27 09:15:00.767,2025-06-27 09:15:00.767,UTC-0300,hriiVjEkYE,,com.sec.android.app.shealth,2025-06-27 09:00:00.000,5a92160e-6835-4d45-baf3-089f812e9cde,
62980011,2025-06-27 09:00:00.000,,e941223f-5324-4468-88d8-979050650019.binning_data.json,62980011,2025-06-27 10:12:00.467,2025-06-27 10:12:00.467,UTC-0300,hriiVjEkYE,,com.sec.android.app.shealth,2025-06-27 10:00:00.000,e941223f-5324-4468-88d8-979050650019,
62980011,2025-06-27 10:00:00.000,,203487c8-c55e-44ac-be24-f56b5232fb62.binning_data.json,62980011,2025-06-27 11:12:15.325,2025-06-27 11:12:15.325,UTC-0300,hriiVjEkYE,,com.sec.android.app.shealth,2025-06-27 11:00:00.000,203487c8-c55e-44ac-be24-f56b5232fb62,
62980011,2025-06-27 11:00:00.000,,f7cad2d0-b708-48f6-9227-80bc84d088f9.binning_data.json,62980011,2025-06-27 12:03:27.564,2025-06-27 12:03:27.564,UTC-0300,hriiVjEkYE,,com.sec.android.app.shealth,2025-06-27 12:00:00.000,f7cad2d0-b708-48f6-9227-80bc84d088f9,
62980011,2025-06-28 04:00:00.000,,e3a142e1-fa32-4d4b-904d-2b4a81b33486.binning_data.json,62980011,2025-06-28 05:15:00.213,2025-06-28 05:15:00.213,UTC-0300,hriiVjEkYE,,com.sec.android.app.shealth,2025-06-28 05:00:00.000,e3a142e1-fa32-4d4b-904d-2b4a81b33486,
62980011,2025-06-28 05:00:00.000,,77826bf5-4898-4c5f-b648-30214cb89bd3.binning_data.json,62980011,2025-06-28 06:15:00.962,2025-06-28 06:15:00.962,UTC-0300,hriiVjEkYE,,com.sec.android.app.shealth,2025-06-28 06:00:00.000,77826bf5-4898-4c5f-b648-30214cb89bd3,
62980011,2025-06-28 06:00:00.000,,406fbf29-369d-4993-bf76-ab99d6c5ed4f.binning_data.json,62980011,2025-06-28 07:05:29.315,2025-06-28 07:05:29.315,UTC-0300,hriiVjEkYE,,com.sec.android.app.shealth,2025-06-28 07:00:00.000,406fbf29-369d-4993-bf76-ab99d6c5ed4f,
62980011,2025-06-28 07:00:00.000,,b98c596b-3a8c-4f6f-b62d-b686037b43c6.binning_data.json,62980011,2025-06-28 08:15:00.134,2025-06-28 08:15:00.134,UTC-0300,hriiVjEkYE,,com.sec.android.app.shealth,2025-06-28 08:00:00.000,b98c596b-3a8c-4f6f-b62d-b686037b43c6,
62980011,2025-06-28 08:00:00.000,,d15e5afa-c718-4362-8962-270614fdcb4b.binning_data.json,62980011,2025-06-28 09:15:00.334,2025-06-28 09:15:00.334,UTC-0300,hriiVjEkYE,,com.sec.android.app.shealth,2025-06-28 09:00:00.000,d15e5afa-c718-4362-8962-270614fdcb4b,
62980011,2025-06-28 09:00:00.000,,0809d857-0423-4f60-b39e-6d2f48947440.binning_data.json,62980011,2025-06-28 10:14:05.384,2025-06-28 10:14:05.384,UTC-0300,hriiVjEkYE,,com.sec.android.app.shealth,2025-06-28 10:00:00.000,0809d857-0423-4f60-b39e-6d2f48947440,
62980011,2025-06-28 10:00:00.000,,822d9531-c433-42da-b213-718bfc8cbf25.binning_data.json,62980011,2025-06-28 11:15:00.244,2025-06-28 11:15:00.244,UTC-0300,hriiVjEkYE,,com.sec.android.app.shealth,2025-06-28 11:00:00.000,822d9531-c433-42da-b213-718bfc8cbf25,
62980011,2025-06-28 11:00:00.000,,2c4a864d-0bcc-4642-85eb-98ac76232414.binning_data.json,62980011,2025-06-28 12:10:24.407,2025-06-28 12:10:24.407,UTC-0300,hriiVjEkYE,,com.sec.android.app.shealth,2025-06-28 12:00:00.000,2c4a864d-0bcc-4642-85eb-98ac76232414,
62980011,2025-06-28 12:00:00.000,,e090cdc6-94d2-4d3b-965f-231faaa41911.binning_data.json,62980011,2025-06-28 13:05:23.716,2025-06-28 13:05:23.716,UTC-0300,hriiVjEkYE,,com.sec.android.app.shealth,2025-06-28 13:00:00.000,e090cdc6-94d2-4d3b-965f-231faaa41911,
62980011,2025-06-28 13:00:00.000,,73f5a5ae-cd60-465c-a027-1d43cb6db9b0.binning_data.json,62980011,2025-06-28 13:39:16.661,2025-06-28 13:39:16.661,UTC-0300,hriiVjEkYE,,com.sec.android.app.shealth,2025-06-28 13:39:16.547,73f5a5ae-cd60-465c-a027-1d43cb6db9b0,
62980011,2025-06-28 20:00:00.000,,ef6088f5-c007-4ddc-9c2a-887740bc7589.binning_data.json,62980011,2025-06-28 21:09:34.319,2025-06-28 21:09:34.319,UTC-0300,hriiVjEkYE,,com.sec.android.app.shealth,2025-06-28 21:00:00.000,ef6088f5-c007-4ddc-9c2a-887740bc7589,
62980011,2025-06-28 21:00:00.000,,f02e8704-36ce-4c97-816b-b032df56225a.binning_data.json,62980011,2025-06-28 21:33:52.542,2025-06-28 21:33:52.542,UTC-0300,hriiVjEkYE,,com.sec.android.app.shealth,2025-06-28 21:33:52.436,f02e8704-36ce-4c97-816b-b032df56225a,
62980011,2025-06-29 05:00:00.000,,fdc5e9f2-abc9-4bd7-bfb9-d50080d7a247.binning_data.json,62980011,2025-06-29 06:15:00.257,2025-06-29 06:15:00.257,UTC-0300,hriiVjEkYE,,com.sec.android.app.shealth,2025-06-29 06:00:00.000,fdc5e9f2-abc9-4bd7-bfb9-d50080d7a247,
62980011,2025-06-29 06:00:00.000,,556689a6-7d54-4bb6-9f57-f5d1c4b34fef.binning_data.json,62980011,2025-06-29 07:05:04.642,2025-06-29 07:05:04.642,UTC-0300,hriiVjEkYE,,com.sec.android.app.shealth,2025-06-29 07:00:00.000,556689a6-7d54-4bb6-9f57-f5d1c4b34fef,
62980011,2025-06-29 07:00:00.000,,d287260e-f9ce-46d3-8c09-43be08c90db1.binning_data.json,62980011,2025-06-29 08:15:00.945,2025-06-29 08:15:00.945,UTC-0300,hriiVjEkYE,,com.sec.android.app.shealth,2025-06-29 08:00:00.000,d287260e-f9ce-46d3-8c09-43be08c90db1,
62980011,2025-06-29 08:00:00.000,,1a3fdf61-0913-4d18-a870-5a02781281c4.binning_data.json,62980011,2025-06-29 09:15:01.154,2025-06-29 09:15:01.154,UTC-0300,hriiVjEkYE,,com.sec.android.app.shealth,2025-06-29 09:00:00.000,1a3fdf61-0913-4d18-a870-5a02781281c4,
62980011,2025-06-29 09:00:00.000,,34057e8c-bc16-4143-b8f0-986c384329a0.binning_data.json,62980011,2025-06-29 10:07:54.652,2025-06-29 10:07:54.652,UTC-0300,hriiVjEkYE,,com.sec.android.app.shealth,2025-06-29 10:00:00.000,34057e8c-bc16-4143-b8f0-986c384329a0,
62980011,2025-06-29 10:00:00.000,,c4f18cc6-0442-4e7f-8734-ff7f90a70f48.binning_data.json,62980011,2025-06-29 11:15:00.438,2025-06-29 11:15:00.438,UTC-0300,hriiVjEkYE,,com.sec.android.app.shealth,2025-06-29 11:00:00.000,c4f18cc6-0442-4e7f-8734-ff7f90a70f48,
62980011,2025-06-29 11:00:00.000,,34ae2c39-82d4-4c93-9a32-8c6a8a5b683f.binning_data.json,62980011,2025-06-29 12:10:45.928,2025-06-29 12:10:45.928,UTC-0300,hriiVjEkYE,,com.sec.android.app.shealth,2025-06-29 12:00:00.000,34ae2c39-82d4-4c93-9a32-8c6a8a5b683f,
62980011,2025-06-29 12:00:00.000,,5cdd55bc-cd8c-4e57-9da0-83b29b45351d.binning_data.json,62980011,2025-06-29 13:15:00.880,2025-06-29 13:15:00.880,UTC-0300,hriiVjEkYE,,com.sec.android.app.shealth,2025-06-29 13:00:00.000,5cdd55bc-cd8c-4e57-9da0-83b29b45351d,
62980011,2025-07-01 05:00:00.000,,1f81405e-61e4-4674-b64b-b14fe9ba8349.binning_data.json,62980011,2025-07-01 06:15:00.526,2025-07-01 06:15:00.526,UTC-0300,hriiVjEkYE,,com.sec.android.app.shealth,2025-07-01 06:00:00.000,1f81405e-61e4-4674-b64b-b14fe9ba8349,
62980011,2025-07-01 06:00:00.000,,3e9ec902-c343-4fea-838d-6bf32edb9249.binning_data.json,62980011,2025-07-01 07:16:22.254,2025-07-01 07:16:22.254,UTC-0300,hriiVjEkYE,,com.sec.android.app.shealth,2025-07-01 07:00:00.000,3e9ec902-c343-4fea-838d-6bf32edb9249,
62980011,2025-07-01 07:00:00.000,,1cd1c9a2-58e0-4cb4-b640-ab85d417f017.binning_data.json,62980011,2025-07-01 08:15:01.303,2025-07-01 08:15:01.303,UTC-0300,hriiVjEkYE,,com.sec.android.app.shealth,2025-07-01 08:00:00.000,1cd1c9a2-58e0-4cb4-b640-ab85d417f017,
62980011,2025-07-01 08:00:00.000,,93948183-0351-492a-959e-476735f03eb5.binning_data.json,62980011,2025-07-01 09:15:00.700,2025-07-01 09:15:00.700,UTC-0300,hriiVjEkYE,,com.sec.android.app.shealth,2025-07-01 09:00:00.000,93948183-0351-492a-959e-476735f03eb5,
62980011,2025-07-01 09:00:00.000,,bacf4c84-c315-4be6-a540-6879f4641482.binning_data.json,62980011,2025-07-01 10:15:00.413,2025-07-01 10:15:00.413,UTC-0300,hriiVjEkYE,,com.sec.android.app.shealth,2025-07-01 10:00:00.000,bacf4c84-c315-4be6-a540-6879f4641482,
62980011,2025-07-01 10:00:00.000,,a109aba3-b594-4aef-af01-71d1c02812ca.binning_data.json,62980011,2025-07-01 11:10:37.986,2025-07-01 11:10:37.986,UTC-0300,hriiVjEkYE,,com.sec.android.app.shealth,2025-07-01 11:00:00.000,a109aba3-b594-4aef-af01-71d1c02812ca,
62980011,2025-07-01 11:00:00.000,,70251fc4-f7e5-4b08-ac7e-42e3f7456573.binning_data.json,62980011,2025-07-01 11:53:55.297,2025-07-01 11:53:55.297,UTC-0300,hriiVjEkYE,,com.sec.android.app.shealth,2025-07-01 11:53:55.161,70251fc4-f7e5-4b08-ac7e-42e3f7456573,
62981051,2025-07-03 04:00:00.000,,768e5e90-f46b-4e75-a664-0864756d1e44.binning_data.json,62981051,2025-07-03 05:06:38.386,2025-07-03 05:06:38.386,UTC-0300,hriiVjEkYE,,com.sec.android.app.shealth,2025-07-03 05:00:00.000,768e5e90-f46b-4e75-a664-0864756d1e44,
62981051,2025-07-03 05:00:00.000,,523c5e90-ec7d-46bf-af24-5792a8fcfb1a.binning_data.json,62981051,2025-07-03 06:15:00.840,2025-07-03 06:15:00.840,UTC-0300,hriiVjEkYE,,com.sec.android.app.shealth,2025-07-03 06:00:00.000,523c5e90-ec7d-46bf-af24-5792a8fcfb1a,
62981051,2025-07-03 06:00:00.000,,9172854f-2970-4f3f-a08e-694475bc43a7.binning_data.json,62981051,2025-07-03 07:15:00.810,2025-07-03 07:15:00.810,UTC-0300,hriiVjEkYE,,com.sec.android.app.shealth,2025-07-03 07:00:00.000,9172854f-2970-4f3f-a08e-694475bc43a7,
62981051,2025-07-03 07:00:00.000,,0dad9151-6118-4bfa-8c7b-1b3f247f7058.binning_data.json,62981051,2025-07-03 08:15:01.009,2025-07-03 08:15:01.009,UTC-0300,hriiVjEkYE,,com.sec.android.app.shealth,2025-07-03 08:00:00.000,0dad9151-6118-4bfa-8c7b-1b3f247f7058,
62981051,2025-07-03 08:00:00.000,,db7ac9e6-ae9c-4002-b13d-ba18cbffff46.binning_data.json,62981051,2025-07-03 09:15:00.209,2025-07-03 09:15:00.209,UTC-0300,hriiVjEkYE,,com.sec.android.app.shealth,2025-07-03 09:00:00.000,db7ac9e6-ae9c-4002-b13d-ba18cbffff46,
62981051,2025-07-03 09:00:00.000,,c5d939a3-6d19-412a-afd6-e8435b8de963.binning_data.json,62981051,2025-07-03 10:05:19.969,2025-07-03 10:05:19.969,UTC-0300,hriiVjEkYE,,com.sec.android.app.shealth,2025-07-03 10:00:00.000,c5d939a3-6d19-412a-afd6-e8435b8de963,
62981051,2025-07-03 10:00:00.000,,565a96cc-3515-4a45-a6e5-e7b781722fa3.binning_data.json,62981051,2025-07-03 10:16:41.363,2025-07-03 10:16:41.363,UTC-0300,hriiVjEkYE,,com.sec.android.app.shealth,2025-07-03 10:16:41.247,565a96cc-3515-4a45-a6e5-e7b781722fa3,
62981051,2025-07-04 04:00:00.000,,91f500e0-01bc-4b38-b99b-61f72e92592a.binning_data.json,62981051,2025-07-04 05:15:01.059,2025-07-04 04:38:14.219,UTC-0300,hriiVjEkYE,,com.sec.android.app.shealth,2025-07-04 05:00:00.000,91f500e0-01bc-4b38-b99b-61f72e92592a,
62981051,2025-07-04 05:00:00.000,,7c6999c5-8c2d-4599-a5ad-6b814bfc0a01.binning_data.json,62981051,2025-07-04 06:14:15.984,2025-07-04 06:14:15.984,UTC-0300,hriiVjEkYE,,com.sec.android.app.shealth,2025-07-04 06:00:00.000,7c6999c5-8c2d-4599-a5ad-6b814bfc0a01,
62981051,2025-07-04 06:00:00.000,,8a3fa4cb-320f-4428-a76f-f974576c7753.binning_data.json,62981051,2025-07-04 07:06:10.417,2025-07-04 07:06:10.417,UTC-0300,hriiVjEkYE,,com.sec.android.app.shealth,2025-07-04 07:00:00.000,8a3fa4cb-320f-4428-a76f-f974576c7753,
62981051,2025-07-04 07:00:00.000,,71927bd6-4e2d-4c9f-a207-0aded89fa3ab.binning_data.json,62981051,2025-07-04 08:15:00.483,2025-07-04 08:15:00.483,UTC-0300,hriiVjEkYE,,com.sec.android.app.shealth,2025-07-04 08:00:00.000,71927bd6-4e2d-4c9f-a207-0aded89fa3ab,
62981051,2025-07-04 08:00:00.000,,5e6f21bb-3c22-4e96-b276-ec81e6d41b0e.binning_data.json,62981051,2025-07-04 09:15:00.767,2025-07-04 09:15:00.767,UTC-0300,hriiVjEkYE,,com.sec.android.app.shealth,2025-07-04 09:00:00.000,5e6f21bb-3c22-4e96-b276-ec81e6d41b0e,
62981051,2025-07-04 09:00:00.000,,1ae87a91-1f6b-4831-966d-7e1568c2c7dd.binning_data.json,62981051,2025-07-04 10:05:02.933,2025-07-04 10:05:02.933,UTC-0300,hriiVjEkYE,,com.sec.android.app.shealth,2025-07-04 10:00:00.000,1ae87a91-1f6b-4831-966d-7e1568c2c7dd,
62981051,2025-07-04 10:00:00.000,,9b1d5a00-e36e-48ef-af23-4d30e6046bd9.binning_data.json,62981051,2025-07-04 10:50:21.111,2025-07-04 10:50:21.111,UTC-0300,hriiVjEkYE,,com.sec.android.app.shealth,2025-07-04 10:50:21.014,9b1d5a00-e36e-48ef-af23-4d30e6046bd9,
62981051,2025-07-07 04:00:00.000,,634c6fa4-4e65-48c9-9354-24a2c789c7f0.binning_data.json,62981051,2025-07-07 05:07:18.613,2025-07-07 05:07:18.613,UTC-0300,hriiVjEkYE,,com.sec.android.app.shealth,2025-07-07 05:00:00.000,634c6fa4-4e65-48c9-9354-24a2c789c7f0,
62981051,2025-07-07 05:00:00.000,,d1732c37-6fc0-4928-b19a-4df8288cd950.binning_data.json,62981051,2025-07-07 06:15:00.150,2025-07-07 06:15:00.150,UTC-0300,hriiVjEkYE,,com.sec.android.app.shealth,2025-07-07 06:00:00.000,d1732c37-6fc0-4928-b19a-4df8288cd950,
62981051,2025-07-07 06:00:00.000,,2fac37ca-98b6-457a-87d5-542be1e2d0ab.binning_data.json,62981051,2025-07-07 07:15:01.160,2025-07-07 07:15:01.160,UTC-0300,hriiVjEkYE,,com.sec.android.app.shealth,2025-07-07 07:00:00.000,2fac37ca-98b6-457a-87d5-542be1e2d0ab,
62981051,2025-07-07 07:00:00.000,,7b92438e-c6b6-4c82-882b-40ee79142ab1.binning_data.json,62981051,2025-07-07 08:08:39.128,2025-07-07 08:08:39.128,UTC-0300,hriiVjEkYE,,com.sec.android.app.shealth,2025-07-07 08:00:00.000,7b92438e-c6b6-4c82-882b-40ee79142ab1,
62981051,2025-07-07 08:00:00.000,,4e9ae96b-dabb-4f12-bd4f-fd6b37c62678.binning_data.json,62981051,2025-07-07 09:15:00.413,2025-07-07 09:15:00.413,UTC-0300,hriiVjEkYE,,com.sec.android.app.shealth,2025-07-07 09:00:00.000,4e9ae96b-dabb-4f12-bd4f-fd6b37c62678,
62981051,2025-07-07 09:00:00.000,,effb547d-0fa0-4b8c-a625-25f3f82f758b.binning_data.json,62981051,2025-07-07 10:15:00.832,2025-07-07 10:15:00.832,UTC-0300,hriiVjEkYE,,com.sec.android.app.shealth,2025-07-07 10:00:00.000,effb547d-0fa0-4b8c-a625-25f3f82f758b,
62981051,2025-07-07 10:00:00.000,,e290772c-ce68-4d2f-809c-95a679e364ef.binning_data.json,62981051,2025-07-07 11:12:21.808,2025-07-07 11:12:21.808,UTC-0300,hriiVjEkYE,,com.sec.android.app.shealth,2025-07-07 11:00:00.000,e290772c-ce68-4d2f-809c-95a679e364ef,
62981051,2025-07-07 11:00:00.000,,54661426-ebe8-4eac-b6e2-749145b7fe5d.binning_data.json,62981051,2025-07-07 11:39:14.002,2025-07-07 11:39:14.002,UTC-0300,hriiVjEkYE,,com.sec.android.app.shealth,2025-07-07 11:39:13.823,54661426-ebe8-4eac-b6e2-749145b7fe5d,
62981051,2025-07-09 03:00:00.000,,93d34e94-b00e-47da-89c9-5df57219b550.binning_data.json,62981051,2025-07-09 04:06:29.442,2025-07-09 04:06:29.442,UTC-0300,hriiVjEkYE,,com.sec.android.app.shealth,2025-07-09 04:00:00.000,93d34e94-b00e-47da-89c9-5df57219b550,
62981051,2025-07-09 04:00:00.000,,2d25e952-c1ce-4215-8bcd-a0557732af78.binning_data.json,62981051,2025-07-09 05:15:00.578,2025-07-09 05:15:00.578,UTC-0300,hriiVjEkYE,,com.sec.android.app.shealth,2025-07-09 05:00:00.000,2d25e952-c1ce-4215-8bcd-a0557732af78,
62981051,2025-07-09 05:00:00.000,,f6988141-cdcd-4812-b271-b69cf2d4ca7f.binning_data.json,62981051,2025-07-09 06:15:00.236,2025-07-09 06:15:00.236,UTC-0300,hriiVjEkYE,,com.sec.android.app.shealth,2025-07-09 06:00:00.000,f6988141-cdcd-4812-b271-b69cf2d4ca7f,
62981051,2025-07-09 06:00:00.000,,11504c4e-77be-471c-befa-8ed0b5539a64.binning_data.json,62981051,2025-07-09 07:15:01.048,2025-07-09 07:15:01.048,UTC-0300,hriiVjEkYE,,com.sec.android.app.shealth,2025-07-09 07:00:00.000,11504c4e-77be-471c-befa-8ed0b5539a64,
62981051,2025-07-09 07:00:00.000,,a47dc582-b56a-48aa-bc15-8c9f194e9ba5.binning_data.json,62981051,2025-07-09 08:15:00.792,2025-07-09 08:15:00.792,UTC-0300,hriiVjEkYE,,com.sec.android.app.shealth,2025-07-09 08:00:00.000,a47dc582-b56a-48aa-bc15-8c9f194e9ba5,
62981051,2025-07-09 08:00:00.000,,e6d9a495-3a89-43d4-b95f-dbaab786d85a.binning_data.json,62981051,2025-07-09 09:15:00.717,2025-07-09 09:15:00.717,UTC-0300,hriiVjEkYE,,com.sec.android.app.shealth,2025-07-09 09:00:00.000,e6d9a495-3a89-43d4-b95f-dbaab786d85a,
62981051,2025-07-09 09:00:00.000,,13a92397-2c04-405b-8887-1b2ab3b7828a.binning_data.json,62981051,2025-07-09 10:10:20.987,2025-07-09 10:10:20.987,UTC-0300,hriiVjEkYE,,com.sec.android.app.shealth,2025-07-09 10:00:00.000,13a92397-2c04-405b-8887-1b2ab3b7828a,
62981051,2025-07-09 10:00:00.000,,6c8cb6ac-3c99-49cb-bf26-aa1ff2bfd130.binning_data.json,62981051,2025-07-09 10:19:39.004,2025-07-09 10:19:39.004,UTC-0300,hriiVjEkYE,,com.sec.android.app.shealth,2025-07-09 10:19:38.961,6c8cb6ac-3c99-49cb-bf26-aa1ff2bfd130,
62981051,2025-07-13 03:00:00.000,,14e18be8-6b9e-443f-a4b0-a88416aa8ef7.binning_data.json,62981051,2025-07-13 04:08:28.357,2025-07-13 04:08:28.357,UTC-0300,hriiVjEkYE,,com.sec.android.app.shealth,2025-07-13 04:00:00.000,14e18be8-6b9e-443f-a4b0-a88416aa8ef7,
62981051,2025-07-13 04:00:00.000,,df52e6b0-1ad9-4d88-9535-9cac9ab18529.binning_data.json,62981051,2025-07-13 04:22:26.476,2025-07-13 04:22:26.476,UTC-0300,hriiVjEkYE,,com.sec.android.app.shealth,2025-07-13 04:22:26.260,df52e6b0-1ad9-4d88-9535-9cac9ab18529,
62981051,2025-07-13 05:00:00.000,,094513b6-8a07-4da5-99fb-b6e221707531.binning_data.json,62981051,2025-07-13 06:06:00.566,2025-07-13 06:06:00.566,UTC-0300,hriiVjEkYE,,com.sec.android.app.shealth,2025-07-13 06:00:00.000,094513b6-8a07-4da5-99fb-b6e221707531,
62981051,2025-07-13 06:00:00.000,,ecab7e35-8bca-4ef4-81eb-377d8ede96a7.binning_data.json,62981051,2025-07-13 07:15:01.100,2025-07-13 07:15:01.100,UTC-0300,hriiVjEkYE,,com.sec.android.app.shealth,2025-07-13 07:00:00.000,ecab7e35-8bca-4ef4-81eb-377d8ede96a7,
62981051,2025-07-13 07:00:00.000,,96dbf0e0-0b5e-4714-ba81-20d15a119f04.binning_data.json,62981051,2025-07-13 08:15:01.358,2025-07-13 08:15:01.358,UTC-0300,hriiVjEkYE,,com.sec.android.app.shealth,2025-07-13 08:00:00.000,96dbf0e0-0b5e-4714-ba81-20d15a119f04,
62981051,2025-07-13 08:00:00.000,,320d7011-b3bc-4257-8bc2-a900d763166c.binning_data.json,62981051,2025-07-13 09:05:57.602,2025-07-13 09:05:57.602,UTC-0300,hriiVjEkYE,,com.sec.android.app.shealth,2025-07-13 09:00:00.000,320d7011-b3bc-4257-8bc2-a900d763166c,
62981051,2025-07-13 09:00:00.000,,860ccf43-4ecf-4e30-a34d-e2e73109b280.binning_data.json,62981051,2025-07-13 10:15:00.628,2025-07-13 10:15:00.628,UTC-0300,hriiVjEkYE,,com.sec.android.app.shealth,2025-07-13 10:00:00.000,860ccf43-4ecf-4e30-a34d-e2e73109b280,
62981051,2025-07-13 10:00:00.000,,2d2ef1c2-8869-4eff-9d5c-c8ede7513dd8.binning_data.json,62981051,2025-07-13 11:15:00.723,2025-07-13 11:15:00.723,UTC-0300,hriiVjEkYE,,com.sec.android.app.shealth,2025-07-13 11:00:00.000,2d2ef1c2-8869-4eff-9d5c-c8ede7513dd8,
62981051,2025-07-13 11:00:00.000,,bc023761-b038-4b34-b6b1-1e2b4b19587e.binning_data.json,62981051,2025-07-13 12:05:49.011,2025-07-13 12:05:49.011,UTC-0300,hriiVjEkYE,,com.sec.android.app.shealth,2025-07-13 12:00:00.000,bc023761-b038-4b34-b6b1-1e2b4b19587e,
62981051,2025-07-13 12:00:00.000,,81a99892-131c-4cc3-af16-edb72efe0c8c.binning_data.json,62981051,2025-07-13 13:15:01.084,2025-07-13 13:15:01.084,UTC-0300,hriiVjEkYE,,com.sec.android.app.shealth,2025-07-13 13:00:00.000,81a99892-131c-4cc3-af16-edb72efe0c8c,
62981051,2025-07-13 13:00:00.000,,ab4f97ae-ba7a-4751-b822-a161c040461a.binning_data.json,62981051,2025-07-13 14:05:11.943,2025-07-13 14:05:11.943,UTC-0300,hriiVjEkYE,,com.sec.android.app.shealth,2025-07-13 14:00:00.000,ab4f97ae-ba7a-4751-b822-a161c040461a,
62981051,2025-07-13 14:00:00.000,,0a09ec5e-4090-4c74-9aca-1d0ba185d303.binning_data.json,62981051,2025-07-13 14:32:53.175,2025-07-13 14:32:53.175,UTC-0300,hriiVjEkYE,,com.sec.android.app.shealth,2025-07-13 14:32:52.941,0a09ec5e-4090-4c74-9aca-1d0ba185d303,
62981051,2025-07-14 04:00:00.000,,ad990b7e-9bc4-48a9-b5a2-02e27e32752b.binning_data.json,62981051,2025-07-14 05:15:01.050,2025-07-14 05:15:01.050,UTC-0300,hriiVjEkYE,,com.sec.android.app.shealth,2025-07-14 05:00:00.000,ad990b7e-9bc4-48a9-b5a2-02e27e32752b,
62981051,2025-07-14 05:00:00.000,,af260ebf-ae90-4203-ae6f-f410bd31df57.binning_data.json,62981051,2025-07-14 06:08:00.386,2025-07-14 06:08:00.386,UTC-0300,hriiVjEkYE,,com.sec.android.app.shealth,2025-07-14 06:00:00.000,af260ebf-ae90-4203-ae6f-f410bd31df57,
62981051,2025-07-14 06:00:00.000,,a20a59e4-5dfe-4355-905c-a2f8c0926bec.binning_data.json,62981051,2025-07-14 07:15:01.079,2025-07-14 07:15:01.079,UTC-0300,hriiVjEkYE,,com.sec.android.app.shealth,2025-07-14 07:00:00.000,a20a59e4-5dfe-4355-905c-a2f8c0926bec,
62981051,2025-07-14 07:00:00.000,,5a189bc3-b47f-4434-8b70-f97e935d6175.binning_data.json,62981051,2025-07-14 08:15:00.726,2025-07-14 08:15:00.726,UTC-0300,hriiVjEkYE,,com.sec.android.app.shealth,2025-07-14 08:00:00.000,5a189bc3-b47f-4434-8b70-f97e935d6175,
62981051,2025-07-14 08:00:00.000,,c77c571e-c772-41a2-bf81-b9e67a411251.binning_data.json,62981051,2025-07-14 09:09:24.791,2025-07-14 09:09:24.791,UTC-0300,hriiVjEkYE,,com.sec.android.app.shealth,2025-07-14 09:00:00.000,c77c571e-c772-41a2-bf81-b9e67a411251,
62981051,2025-07-14 09:00:00.000,,d28206cb-f319-478f-948a-53e6118cf211.binning_data.json,62981051,2025-07-14 10:15:00.574,2025-07-14 10:15:00.574,UTC-0300,hriiVjEkYE,,com.sec.android.app.shealth,2025-07-14 10:00:00.000,d28206cb-f319-478f-948a-53e6118cf211,
62981051,2025-07-14 10:00:00.000,,5cd8239c-7160-4cc3-8d18-811ff7a2a64a.binning_data.json,62981051,2025-07-14 11:09:51.098,2025-07-14 11:09:51.098,UTC-0300,hriiVjEkYE,,com.sec.android.app.shealth,2025-07-14 11:00:00.000,5cd8239c-7160-4cc3-8d18-811ff7a2a64a,
62981051,2025-07-14 11:00:00.000,,70e2bc7f-274c-4d51-a069-a61cb9e8d1e1.binning_data.json,62981051,2025-07-14 11:28:48.714,2025-07-14 11:28:48.714,UTC-0300,hriiVjEkYE,,com.sec.android.app.shealth,2025-07-14 11:28:48.675,70e2bc7f-274c-4d51-a069-a61cb9e8d1e1,
62981051,2025-07-16 04:00:00.000,,83f0e472-ea8c-492a-91fd-72f2789b6abb.binning_data.json,62981051,2025-07-16 05:15:00.831,2025-07-16 05:15:00.831,UTC-0300,hriiVjEkYE,,com.sec.android.app.shealth,2025-07-16 05:00:00.000,83f0e472-ea8c-492a-91fd-72f2789b6abb,
62981051,2025-07-16 05:00:00.000,,0df60317-d51b-4138-953e-48f270735438.binning_data.json,62981051,2025-07-16 06:15:00.719,2025-07-16 06:15:00.719,UTC-0300,hriiVjEkYE,,com.sec.android.app.shealth,2025-07-16 06:00:00.000,0df60317-d51b-4138-953e-48f270735438,
62981051,2025-07-16 06:00:00.000,,12ee63cb-d732-4978-a5dc-eab6907ff4d4.binning_data.json,62981051,2025-07-16 07:15:00.759,2025-07-16 07:15:00.759,UTC-0300,hriiVjEkYE,,com.sec.android.app.shealth,2025-07-16 07:00:00.000,12ee63cb-d732-4978-a5dc-eab6907ff4d4,
62981051,2025-07-16 07:00:00.000,,75b87256-2b08-488b-b083-c7fff85bb524.binning_data.json,62981051,2025-07-16 08:16:27.270,2025-07-16 08:16:27.270,UTC-0300,hriiVjEkYE,,com.sec.android.app.shealth,2025-07-16 08:00:00.000,75b87256-2b08-488b-b083-c7fff85bb524,
62981051,2025-07-16 08:00:00.000,,62adcc0d-3f37-4c31-bc36-bad594f6347a.binning_data.json,62981051,2025-07-16 09:15:00.252,2025-07-16 09:15:00.252,UTC-0300,hriiVjEkYE,,com.sec.android.app.shealth,2025-07-16 09:00:00.000,62adcc0d-3f37-4c31-bc36-bad594f6347a,
62981051,2025-07-16 09:00:00.000,,5f1c451b-7848-4cc9-9263-96990d5807b3.binning_data.json,62981051,2025-07-16 10:12:20.269,2025-07-16 10:12:20.269,UTC-0300,hriiVjEkYE,,com.sec.android.app.shealth,2025-07-16 10:00:00.000,5f1c451b-7848-4cc9-9263-96990d5807b3,
62981051,2025-07-16 10:00:00.000,,dc6c0d69-66de-41cd-8bfc-9b999f618f15.binning_data.json,62981051,2025-07-16 11:12:40.094,2025-07-16 11:12:40.094,UTC-0300,hriiVjEkYE,,com.sec.android.app.shealth,2025-07-16 11:00:00.000,dc6c0d69-66de-41cd-8bfc-9b999f618f15,
62981051,2025-07-16 11:00:00.000,,4891be82-5351-450e-87c2-3764d9f7b762.binning_data.json,62981051,2025-07-16 11:40:51.956,2025-07-16 11:40:51.956,UTC-0300,hriiVjEkYE,,com.sec.android.app.shealth,2025-07-16 11:40:51.812,4891be82-5351-450e-87c2-3764d9f7b762,
62981051,2025-07-17 04:00:00.000,,d1b5ca6f-9310-4bef-9ec8-7a71d55e9d81.binning_data.json,62981051,2025-07-17 05:06:02.721,2025-07-17 05:06:02.721,UTC-0300,hriiVjEkYE,,com.sec.android.app.shealth,2025-07-17 05:00:00.000,d1b5ca6f-9310-4bef-9ec8-7a71d55e9d81,
62981051,2025-07-17 05:00:00.000,,07378083-8164-4061-8464-b48bc7b60a4c.binning_data.json,62981051,2025-07-17 06:15:00.194,2025-07-17 06:15:00.194,UTC-0300,hriiVjEkYE,,com.sec.android.app.shealth,2025-07-17 06:00:00.000,07378083-8164-4061-8464-b48bc7b60a4c,
62981051,2025-07-17 06:00:00.000,,46310cd7-e585-4327-bb28-c7228efbb477.binning_data.json,62981051,2025-07-17 07:15:00.626,2025-07-17 07:15:00.626,UTC-0300,hriiVjEkYE,,com.sec.android.app.shealth,2025-07-17 07:00:00.000,46310cd7-e585-4327-bb28-c7228efbb477,
62981051,2025-07-17 07:00:00.000,,306a626e-1723-4934-8bf0-c0cdd896b110.binning_data.json,62981051,2025-07-17 08:09:35.113,2025-07-17 08:09:35.113,UTC-0300,hriiVjEkYE,,com.sec.android.app.shealth,2025-07-17 08:00:00.000,306a626e-1723-4934-8bf0-c0cdd896b110,
62981051,2025-07-17 08:00:00.000,,0a145ab0-3c52-4ef0-977f-34b2f421409d.binning_data.json,62981051,2025-07-17 09:15:01.102,2025-07-17 09:15:01.102,UTC-0300,hriiVjEkYE,,com.sec.android.app.shealth,2025-07-17 09:00:00.000,0a145ab0-3c52-4ef0-977f-34b2f421409d,
62981051,2025-07-17 09:00:00.000,,4f4a0944-7bc7-4d27-bfde-aa9d778e5ac5.binning_data.json,62981051,2025-07-17 10:10:15.324,2025-07-17 10:10:15.324,UTC-0300,hriiVjEkYE,,com.sec.android.app.shealth,2025-07-17 10:00:00.000,4f4a0944-7bc7-4d27-bfde-aa9d778e5ac5,
62981051,2025-07-17 10:00:00.000,,66d656a2-b40f-42aa-a038-7a1d2c76ebbc.binning_data.json,62981051,2025-07-17 10:31:24.284,2025-07-17 10:31:24.284,UTC-0300,hriiVjEkYE,,com.sec.android.app.shealth,2025-07-17 10:31:24.236,66d656a2-b40f-42aa-a038-7a1d2c76ebbc,
62981551,2025-07-18 03:00:00.000,,0946c0b0-e85e-4ce0-b5ff-3e75f0a31e3d.binning_data.json,62981551,2025-07-18 04:07:39.547,2025-07-18 04:07:39.547,UTC-0300,hriiVjEkYE,,com.sec.android.app.shealth,2025-07-18 04:00:00.000,0946c0b0-e85e-4ce0-b5ff-3e75f0a31e3d,
62981551,2025-07-18 04:00:00.000,,9d429be0-d2e0-4ab5-92fb-baf86437a947.binning_data.json,62981551,2025-07-18 05:15:00.627,2025-07-18 05:15:00.627,UTC-0300,hriiVjEkYE,,com.sec.android.app.shealth,2025-07-18 05:00:00.000,9d429be0-d2e0-4ab5-92fb-baf86437a947,
62981551,2025-07-18 05:00:00.000,,66d1901c-a4ea-47b3-997b-889861cd2cad.binning_data.json,62981551,2025-07-18 06:15:00.366,2025-07-18 06:15:00.366,UTC-0300,hriiVjEkYE,,com.sec.android.app.shealth,2025-07-18 06:00:00.000,66d1901c-a4ea-47b3-997b-889861cd2cad,
62981551,2025-07-18 06:00:00.000,,f25e9c05-c7e8-440d-b78a-1dcc0f13de9d.binning_data.json,62981551,2025-07-18 07:14:59.944,2025-07-18 07:14:59.944,UTC-0300,hriiVjEkYE,,com.sec.android.app.shealth,2025-07-18 07:00:00.000,f25e9c05-c7e8-440d-b78a-1dcc0f13de9d,
62981551,2025-07-18 07:00:00.000,,d7eda903-ce90-498a-9788-317cce7406e4.binning_data.json,62981551,2025-07-18 08:08:10.778,2025-07-18 08:08:10.778,UTC-0300,hriiVjEkYE,,com.sec.android.app.shealth,2025-07-18 08:00:00.000,d7eda903-ce90-498a-9788-317cce7406e4,
62981551,2025-07-18 08:00:00.000,,356015e7-1fcf-4cc9-b4c5-2f18059fdcc3.binning_data.json,62981551,2025-07-18 09:15:00.602,2025-07-18 09:15:00.602,UTC-0300,hriiVjEkYE,,com.sec.android.app.shealth,2025-07-18 09:00:00.000,356015e7-1fcf-4cc9-b4c5-2f18059fdcc3,
62981551,2025-07-18 09:00:00.000,,77edd4ad-1ecb-474b-bf6d-b71e02c1dcae.binning_data.json,62981551,2025-07-18 10:05:07.585,2025-07-18 10:05:07.585,UTC-0300,hriiVjEkYE,,com.sec.android.app.shealth,2025-07-18 10:00:00.000,77edd4ad-1ecb-474b-bf6d-b71e02c1dcae,
62981551,2025-07-18 10:00:00.000,,a4502ce4-0dac-4025-8c46-2f945818e526.binning_data.json,62981551,2025-07-18 10:23:14.632,2025-07-18 10:23:14.632,UTC-0300,hriiVjEkYE,,com.sec.android.app.shealth,2025-07-18 10:23:14.566,a4502ce4-0dac-4025-8c46-2f945818e526,
62981551,2025-07-19 04:00:00.000,,761446da-fc02-40a3-b3c0-449b683c9692.binning_data.json,62981551,2025-07-19 05:15:00.639,2025-07-19 05:15:00.639,UTC-0300,hriiVjEkYE,,com.sec.android.app.shealth,2025-07-19 05:00:00.000,761446da-fc02-40a3-b3c0-449b683c9692,
62981551,2025-07-19 05:00:00.000,,eb047cdf-1870-4aa7-b80c-9099107d2577.binning_data.json,62981551,2025-07-19 06:05:37.201,2025-07-19 06:05:37.201,UTC-0300,hriiVjEkYE,,com.sec.android.app.shealth,2025-07-19 06:00:00.000,eb047cdf-1870-4aa7-b80c-9099107d2577,
62981551,2025-07-19 06:00:00.000,,408017bf-454a-4896-8ea3-5f6e4e31eff3.binning_data.json,62981551,2025-07-19 07:15:00.636,2025-07-19 07:15:00.636,UTC-0300,hriiVjEkYE,,com.sec.android.app.shealth,2025-07-19 07:00:00.000,408017bf-454a-4896-8ea3-5f6e4e31eff3,
62981551,2025-07-19 07:00:00.000,,674fa949-6782-4827-891e-f8877f79cde5.binning_data.json,62981551,2025-07-19 08:14:59.897,2025-07-19 08:14:59.897,UTC-0300,hriiVjEkYE,,com.sec.android.app.shealth,2025-07-19 08:00:00.000,674fa949-6782-4827-891e-f8877f79cde5,
62981551,2025-07-19 08:00:00.000,,61e137a0-3c50-45e2-a268-03f313496f94.binning_data.json,62981551,2025-07-19 09:15:00.847,2025-07-19 09:15:00.847,UTC-0300,hriiVjEkYE,,com.sec.android.app.shealth,2025-07-19 09:00:00.000,61e137a0-3c50-45e2-a268-03f313496f94,
62981551,2025-07-19 09:00:00.000,,437a44df-23aa-4b4e-b699-ed6d79862995.binning_data.json,62981551,2025-07-19 10:15:00.248,2025-07-19 10:15:00.248,UTC-0300,hriiVjEkYE,,com.sec.android.app.shealth,2025-07-19 10:00:00.000,437a44df-23aa-4b4e-b699-ed6d79862995,
62981551,2025-07-19 10:00:00.000,,b1a7c2d8-4d7b-48d2-91ee-c5e948dbf70a.binning_data.json,62981551,2025-07-19 11:07:07.864,2025-07-19 11:07:07.864,UTC-0300,hriiVjEkYE,,com.sec.android.app.shealth,2025-07-19 11:00:00.000,b1a7c2d8-4d7b-48d2-91ee-c5e948dbf70a,
62981551,2025-07-19 11:00:00.000,,455f3033-333c-4631-9e16-6886d69a7f42.binning_data.json,62981551,2025-07-19 12:09:38.029,2025-07-19 12:09:38.029,UTC-0300,hriiVjEkYE,,com.sec.android.app.shealth,2025-07-19 12:00:00.000,455f3033-333c-4631-9e16-6886d69a7f42,
62981551,2025-07-19 12:00:00.000,,d3788001-c980-4813-afcd-22ab90188d7c.binning_data.json,62981551,2025-07-19 13:11:08.372,2025-07-19 13:11:08.372,UTC-0300,hriiVjEkYE,,com.sec.android.app.shealth,2025-07-19 13:00:00.000,d3788001-c980-4813-afcd-22ab90188d7c,
62981551,2025-07-19 13:00:00.000,,80b4b02a-15a5-4be0-be77-ec2d9aff3336.binning_data.json,62981551,2025-07-19 13:18:12.143,2025-07-19 13:18:12.143,UTC-0300,hriiVjEkYE,,com.sec.android.app.shealth,2025-07-19 13:18:12.060,80b4b02a-15a5-4be0-be77-ec2d9aff3336,
62981551,2025-07-21 04:00:00.000,,0845628b-d6da-442a-8523-fb71d7deb5d3.binning_data.json,62981551,2025-07-21 05:10:01.638,2025-07-21 05:10:01.638,UTC-0300,hriiVjEkYE,,com.sec.android.app.shealth,2025-07-21 05:00:00.000,0845628b-d6da-442a-8523-fb71d7deb5d3,
62981551,2025-07-21 05:00:00.000,,373735c0-b137-4973-ac3f-34efb0fbad18.binning_data.json,62981551,2025-07-21 06:15:01.029,2025-07-21 06:15:01.029,UTC-0300,hriiVjEkYE,,com.sec.android.app.shealth,2025-07-21 06:00:00.000,373735c0-b137-4973-ac3f-34efb0fbad18,
62981551,2025-07-21 06:00:00.000,,0a9ebfa1-cf8d-47d1-adce-2d4e5d383e80.binning_data.json,62981551,2025-07-21 07:15:00.164,2025-07-21 07:15:00.164,UTC-0300,hriiVjEkYE,,com.sec.android.app.shealth,2025-07-21 07:00:00.000,0a9ebfa1-cf8d-47d1-adce-2d4e5d383e80,
62981551,2025-07-21 07:00:00.000,,f3729b95-33ce-494c-bc29-90e7ce58e9f5.binning_data.json,62981551,2025-07-21 08:06:12.144,2025-07-21 08:06:12.144,UTC-0300,hriiVjEkYE,,com.sec.android.app.shealth,2025-07-21 08:00:00.000,f3729b95-33ce-494c-bc29-90e7ce58e9f5,
62981551,2025-07-21 08:00:00.000,,b4e40cd4-60bb-49c2-93a6-e5115e2eb9cb.binning_data.json,62981551,2025-07-21 09:15:01.183,2025-07-21 09:15:01.183,UTC-0300,hriiVjEkYE,,com.sec.android.app.shealth,2025-07-21 09:00:00.000,b4e40cd4-60bb-49c2-93a6-e5115e2eb9cb,
62981551,2025-07-21 09:00:00.000,,8e645220-d966-4199-8809-7ce8820b615a.binning_data.json,62981551,2025-07-21 10:05:18.355,2025-07-21 10:05:18.355,UTC-0300,hriiVjEkYE,,com.sec.android.app.shealth,2025-07-21 10:00:00.000,8e645220-d966-4199-8809-7ce8820b615a,
62981551,2025-07-21 10:00:00.000,,546163a3-d4f8-4334-98d9-c521d61475b8.binning_data.json,62981551,2025-07-21 10:48:58.897,2025-07-21 10:48:58.897,UTC-0300,hriiVjEkYE,,com.sec.android.app.shealth,2025-07-21 10:48:58.724,546163a3-d4f8-4334-98d9-c521d61475b8,
62981551,2025-07-22 04:00:00.000,,72eab93f-4e21-40bc-9016-f242872aa664.binning_data.json,62981551,2025-07-22 05:15:00.353,2025-07-22 05:15:00.353,UTC-0300,hriiVjEkYE,,com.sec.android.app.shealth,2025-07-22 05:00:00.000,72eab93f-4e21-40bc-9016-f242872aa664,
62981551,2025-07-22 05:00:00.000,,5220c800-aa75-423a-98cb-59a7ce64db6a.binning_data.json,62981551,2025-07-22 06:15:00.833,2025-07-22 06:15:00.833,UTC-0300,hriiVjEkYE,,com.sec.android.app.shealth,2025-07-22 06:00:00.000,5220c800-aa75-423a-98cb-59a7ce64db6a,
62981551,2025-07-22 06:00:00.000,,fbeb65ba-2f2e-4c1e-9fc5-1374cba015b6.binning_data.json,62981551,2025-07-22 07:15:00.195,2025-07-22 07:15:00.195,UTC-0300,hriiVjEkYE,,com.sec.android.app.shealth,2025-07-22 07:00:00.000,fbeb65ba-2f2e-4c1e-9fc5-1374cba015b6,
62981551,2025-07-22 07:00:00.000,,a9f0dd9d-fd20-485d-b3e3-284acb63d981.binning_data.json,62981551,2025-07-22 08:15:00.614,2025-07-22 08:15:00.614,UTC-0300,hriiVjEkYE,,com.sec.android.app.shealth,2025-07-22 08:00:00.000,a9f0dd9d-fd20-485d-b3e3-284acb63d981,
62981551,2025-07-22 08:00:00.000,,9f0f6427-2819-4a05-bab4-17ddb9a54c5b.binning_data.json,62981551,2025-07-22 09:15:00.908,2025-07-22 09:15:00.908,UTC-0300,hriiVjEkYE,,com.sec.android.app.shealth,2025-07-22 09:00:00.000,9f0f6427-2819-4a05-bab4-17ddb9a54c5b,
62981551,2025-07-22 09:00:00.000,,258164cd-32b7-4a99-982b-fd06387ba6c6.binning_data.json,62981551,2025-07-22 10:14:57.090,2025-07-22 10:14:57.090,UTC-0300,hriiVjEkYE,,com.sec.android.app.shealth,2025-07-22 10:00:00.000,258164cd-32b7-4a99-982b-fd06387ba6c6,
62981551,2025-07-22 10:00:00.000,,7aa36a53-5eb7-4073-9008-09fca2208aff.binning_data.json,62981551,2025-07-22 11:12:42.035,2025-07-22 11:12:42.035,UTC-0300,hriiVjEkYE,,com.sec.android.app.shealth,2025-07-22 11:00:00.000,7aa36a53-5eb7-4073-9008-09fca2208aff,
62981551,2025-07-22 11:00:00.000,,2d0da160-2533-4e13-9283-a92d26b1b302.binning_data.json,62981551,2025-07-22 12:00:17.855,2025-07-22 12:00:17.855,UTC-0300,hriiVjEkYE,,com.sec.android.app.shealth,2025-07-22 12:00:00.000,2d0da160-2533-4e13-9283-a92d26b1b302,
62981551,2025-07-23 04:00:00.000,,9df04569-8750-445c-ac5b-a05488bce68d.binning_data.json,62981551,2025-07-23 05:15:00.264,2025-07-23 05:15:00.264,UTC-0300,hriiVjEkYE,,com.sec.android.app.shealth,2025-07-23 05:00:00.000,9df04569-8750-445c-ac5b-a05488bce68d,
62981551,2025-07-23 05:00:00.000,,f5e72a37-f171-424b-8fd0-de92eb7b9f21.binning_data.json,62981551,2025-07-23 06:15:00.527,2025-07-23 06:15:00.527,UTC-0300,hriiVjEkYE,,com.sec.android.app.shealth,2025-07-23 06:00:00.000,f5e72a37-f171-424b-8fd0-de92eb7b9f21,
62981551,2025-07-23 06:00:00.000,,f92a8aa0-4ccd-4c32-bab8-dfcd09256cb4.binning_data.json,62981551,2025-07-23 07:07:00.714,2025-07-23 07:07:00.714,UTC-0300,hriiVjEkYE,,com.sec.android.app.shealth,2025-07-23 07:00:00.000,f92a8aa0-4ccd-4c32-bab8-dfcd09256cb4,
62981551,2025-07-23 07:00:00.000,,3b2d3903-0b95-4483-9b63-c53a9aa2b721.binning_data.json,62981551,2025-07-23 08:15:00.196,2025-07-23 08:15:00.196,UTC-0300,hriiVjEkYE,,com.sec.android.app.shealth,2025-07-23 08:00:00.000,3b2d3903-0b95-4483-9b63-c53a9aa2b721,
62981551,2025-07-23 08:00:00.000,,c175d526-4009-4f7b-91ff-5bb77863d2d6.binning_data.json,62981551,2025-07-23 09:15:00.359,2025-07-23 09:15:00.359,UTC-0300,hriiVjEkYE,,com.sec.android.app.shealth,2025-07-23 09:00:00.000,c175d526-4009-4f7b-91ff-5bb77863d2d6,
62981551,2025-07-23 09:00:00.000,,c7d4b2ee-9630-4d56-8294-55cb7cdfcdb5.binning_data.json,62981551,2025-07-23 10:13:03.608,2025-07-23 10:13:03.608,UTC-0300,hriiVjEkYE,,com.sec.android.app.shealth,2025-07-23 10:00:00.000,c7d4b2ee-9630-4d56-8294-55cb7cdfcdb5,
62981551,2025-07-23 10:00:00.000,,2d6f019a-8cce-4377-b1db-dd27989e94b4.binning_data.json,62981551,2025-07-23 10:21:08.484,2025-07-23 10:21:08.484,UTC-0300,hriiVjEkYE,,com.sec.android.app.shealth,2025-07-23 10:21:08.459,2d6f019a-8cce-4377-b1db-dd27989e94b4,
62981551,2025-07-24 03:00:00.000,,0bddccda-f950-4cd7-a57a-5b962054049e.binning_data.json,62981551,2025-07-24 04:15:00.947,2025-07-24 04:15:00.947,UTC-0300,hriiVjEkYE,,com.sec.android.app.shealth,2025-07-24 04:00:00.000,0bddccda-f950-4cd7-a57a-5b962054049e,
62981551,2025-07-24 04:00:00.000,,e9af9802-2bdb-445e-aca0-958bc3dfb58e.binning_data.json,62981551,2025-07-24 05:15:00.107,2025-07-24 05:15:00.107,UTC-0300,hriiVjEkYE,,com.sec.android.app.shealth,2025-07-24 05:00:00.000,e9af9802-2bdb-445e-aca0-958bc3dfb58e,
62981551,2025-07-24 05:00:00.000,,671fd437-ee5c-4aaa-b6d4-1bad3b943c34.binning_data.json,62981551,2025-07-24 06:15:00.229,2025-07-24 06:15:00.229,UTC-0300,hriiVjEkYE,,com.sec.android.app.shealth,2025-07-24 06:00:00.000,671fd437-ee5c-4aaa-b6d4-1bad3b943c34,
62981551,2025-07-24 06:00:00.000,,205ad5ad-4b06-469a-a318-be060ab728c5.binning_data.json,62981551,2025-07-24 07:15:00.280,2025-07-24 07:15:00.280,UTC-0300,hriiVjEkYE,,com.sec.android.app.shealth,2025-07-24 07:00:00.000,205ad5ad-4b06-469a-a318-be060ab728c5,
62981551,2025-07-24 07:00:00.000,,8436e42a-c3b3-42b3-91f9-965bb7a48571.binning_data.json,62981551,2025-07-24 08:15:00.556,2025-07-24 08:15:00.556,UTC-0300,hriiVjEkYE,,com.sec.android.app.shealth,2025-07-24 08:00:00.000,8436e42a-c3b3-42b3-91f9-965bb7a48571,
62981551,2025-07-24 08:00:00.000,,8326d55a-8ae1-4583-a89e-5c5cb5ad9148.binning_data.json,62981551,2025-07-24 09:15:00.565,2025-07-24 09:15:00.565,UTC-0300,hriiVjEkYE,,com.sec.android.app.shealth,2025-07-24 09:00:00.000,8326d55a-8ae1-4583-a89e-5c5cb5ad9148,
62981551,2025-07-24 09:00:00.000,,39d225ed-c926-4e4c-a031-e05b06f492b8.binning_data.json,62981551,2025-07-24 10:13:08.036,2025-07-24 10:13:08.036,UTC-0300,hriiVjEkYE,,com.sec.android.app.shealth,2025-07-24 10:00:00.000,39d225ed-c926-4e4c-a031-e05b06f492b8,
62981551,2025-07-24 10:00:00.000,,fb9e3648-4caf-4571-ba5e-0cc91c8cdc0b.binning_data.json,62981551,2025-07-24 10:35:09.239,2025-07-24 10:35:09.239,UTC-0300,hriiVjEkYE,,com.sec.android.app.shealth,2025-07-24 10:35:08.984,fb9e3648-4caf-4571-ba5e-0cc91c8cdc0b,
62981551,2025-07-25 04:00:00.000,,cbc81ffb-f8c7-4fef-8962-72f7c417eace.binning_data.json,62981551,2025-07-25 05:15:00.198,2025-07-25 05:15:00.198,UTC-0300,hriiVjEkYE,,com.sec.android.app.shealth,2025-07-25 05:00:00.000,cbc81ffb-f8c7-4fef-8962-72f7c417eace,
62981551,2025-07-25 05:00:00.000,,dfa46ca9-1d84-40e3-8250-b8c7d931e6b7.binning_data.json,62981551,2025-07-25 06:15:00.759,2025-07-25 06:15:00.759,UTC-0300,hriiVjEkYE,,com.sec.android.app.shealth,2025-07-25 06:00:00.000,dfa46ca9-1d84-40e3-8250-b8c7d931e6b7,
62981551,2025-07-25 06:00:00.000,,21f84feb-ef92-45bf-834e-e2890a7c7243.binning_data.json,62981551,2025-07-25 07:06:22.053,2025-07-25 07:06:22.053,UTC-0300,hriiVjEkYE,,com.sec.android.app.shealth,2025-07-25 07:00:00.000,21f84feb-ef92-45bf-834e-e2890a7c7243,
62981551,2025-07-25 07:00:00.000,,a2fdeaaa-f33a-4ab8-a728-62361c852729.binning_data.json,62981551,2025-07-25 08:15:00.623,2025-07-25 08:15:00.623,UTC-0300,hriiVjEkYE,,com.sec.android.app.shealth,2025-07-25 08:00:00.000,a2fdeaaa-f33a-4ab8-a728-62361c852729,
62981551,2025-07-25 08:00:00.000,,b176bb1d-e5f0-4a86-a337-30745b923d5f.binning_data.json,62981551,2025-07-25 09:15:01.103,2025-07-25 09:15:01.103,UTC-0300,hriiVjEkYE,,com.sec.android.app.shealth,2025-07-25 09:00:00.000,b176bb1d-e5f0-4a86-a337-30745b923d5f,
62981551,2025-07-25 09:00:00.000,,64e7afab-aaae-4751-9cb5-8a9269661785.binning_data.json,62981551,2025-07-25 10:10:57.583,2025-07-25 10:10:57.583,UTC-0300,hriiVjEkYE,,com.sec.android.app.shealth,2025-07-25 10:00:00.000,64e7afab-aaae-4751-9cb5-8a9269661785,
62981551,2025-07-25 10:00:00.000,,761e5cea-e5ad-4363-abac-80fa2c4c23c0.binning_data.json,62981551,2025-07-25 10:37:44.964,2025-07-25 10:37:44.964,UTC-0300,hriiVjEkYE,,com.sec.android.app.shealth,2025-07-25 10:37:44.840,761e5cea-e5ad-4363-abac-80fa2c4c23c0,
62981551,2025-07-27 05:00:00.000,,7a5e6b9d-cc19-4221-9eed-634dcc788bce.binning_data.json,62981551,2025-07-27 06:15:00.459,2025-07-27 06:15:00.459,UTC-0300,hriiVjEkYE,,com.sec.android.app.shealth,2025-07-27 06:00:00.000,7a5e6b9d-cc19-4221-9eed-634dcc788bce,
62981551,2025-07-27 06:00:00.000,,d683bd7d-164c-4315-a521-53a6fc4a9b24.binning_data.json,62981551,2025-07-27 07:15:00.574,2025-07-27 07:15:00.574,UTC-0300,hriiVjEkYE,,com.sec.android.app.shealth,2025-07-27 07:00:00.000,d683bd7d-164c-4315-a521-53a6fc4a9b24,
62981551,2025-07-27 07:00:00.000,,a4960469-ef9d-4b2c-afaa-acb409156344.binning_data.json,62981551,2025-07-27 08:15:00.974,2025-07-27 08:15:00.974,UTC-0300,hriiVjEkYE,,com.sec.android.app.shealth,2025-07-27 08:00:00.000,a4960469-ef9d-4b2c-afaa-acb409156344,
62981551,2025-07-27 08:00:00.000,,a8012fb3-0e80-4a41-a0f8-9b52b47bf1b2.binning_data.json,62981551,2025-07-27 09:15:00.196,2025-07-27 09:15:00.196,UTC-0300,hriiVjEkYE,,com.sec.android.app.shealth,2025-07-27 09:00:00.000,a8012fb3-0e80-4a41-a0f8-9b52b47bf1b2,
62981551,2025-07-27 09:00:00.000,,93566894-2ed2-4c2f-bd0b-4c849a279ce6.binning_data.json,62981551,2025-07-27 10:15:00.349,2025-07-27 10:15:00.349,UTC-0300,hriiVjEkYE,,com.sec.android.app.shealth,2025-07-27 10:00:00.000,93566894-2ed2-4c2f-bd0b-4c849a279ce6,
62981551,2025-07-27 10:00:00.000,,29b719d6-9538-4931-bb44-aef5bd24d37c.binning_data.json,62981551,2025-07-27 11:15:00.448,2025-07-27 11:15:00.448,UTC-0300,hriiVjEkYE,,com.sec.android.app.shealth,2025-07-27 11:00:00.000,29b719d6-9538-4931-bb44-aef5bd24d37c,
62981551,2025-07-27 11:00:00.000,,93474304-1217-40a7-8f42-ea7dafebfc44.binning_data.json,62981551,2025-07-27 12:15:00.718,2025-07-27 12:15:00.718,UTC-0300,hriiVjEkYE,,com.sec.android.app.shealth,2025-07-27 12:00:00.000,93474304-1217-40a7-8f42-ea7dafebfc44,
62981551,2025-07-27 12:00:00.000,,7989ee48-a67f-4243-8828-caec839690b6.binning_data.json,62981551,2025-07-27 13:15:00.267,2025-07-27 13:15:00.267,UTC-0300,hriiVjEkYE,,com.sec.android.app.shealth,2025-07-27 13:00:00.000,7989ee48-a67f-4243-8828-caec839690b6,
62981551,2025-07-27 13:00:00.000,,a4e08a5e-0990-48f8-9605-358fafebfb4e.binning_data.json,62981551,2025-07-27 14:15:00.183,2025-07-27 14:15:00.183,UTC-0300,hriiVjEkYE,,com.sec.android.app.shealth,2025-07-27 14:00:00.000,a4e08a5e-0990-48f8-9605-358fafebfb4e,
62981551,2025-07-27 14:00:00.000,,f3825327-6f3b-4382-984d-d4bd1c1e1ba8.binning_data.json,62981551,2025-07-27 15:07:12.009,2025-07-27 15:07:12.009,UTC-0300,hriiVjEkYE,,com.sec.android.app.shealth,2025-07-27 15:00:00.000,f3825327-6f3b-4382-984d-d4bd1c1e1ba8,
62981551,2025-07-27 15:00:00.000,,0ed98bd1-79cc-4b3a-b0e8-e8e7bc0b9ad0.binning_data.json,62981551,2025-07-27 15:26:21.159,2025-07-27 15:26:21.159,UTC-0300,hriiVjEkYE,,com.sec.android.app.shealth,2025-07-27 15:26:21.047,0ed98bd1-79cc-4b3a-b0e8-e8e7bc0b9ad0,
62981551,2025-07-29 05:00:00.000,,4f606fcb-837e-467b-9caf-4ecfd1c6602b.binning_data.json,62981551,2025-07-29 06:08:09.314,2025-07-29 06:08:09.314,UTC-0300,hriiVjEkYE,,com.sec.android.app.shealth,2025-07-29 06:00:00.000,4f606fcb-837e-467b-9caf-4ecfd1c6602b,
62981551,2025-07-29 06:00:00.000,,4e7b774b-0794-4648-947a-0c3bf8b831a1.binning_data.json,62981551,2025-07-29 07:15:00.869,2025-07-29 07:15:00.869,UTC-0300,hriiVjEkYE,,com.sec.android.app.shealth,2025-07-29 07:00:00.000,4e7b774b-0794-4648-947a-0c3bf8b831a1,
62981551,2025-07-29 07:00:00.000,,0c6ee9cc-2045-4364-9c2a-24da6dca26fb.binning_data.json,62981551,2025-07-29 08:15:00.958,2025-07-29 08:15:00.958,UTC-0300,hriiVjEkYE,,com.sec.android.app.shealth,2025-07-29 08:00:00.000,0c6ee9cc-2045-4364-9c2a-24da6dca26fb,
62981551,2025-07-29 08:00:00.000,,4d831832-518f-4c1b-8f8f-1b35e84fb064.binning_data.json,62981551,2025-07-29 09:15:00.165,2025-07-29 09:15:00.165,UTC-0300,hriiVjEkYE,,com.sec.android.app.shealth,2025-07-29 09:00:00.000,4d831832-518f-4c1b-8f8f-1b35e84fb064,
62981551,2025-07-29 09:00:00.000,,a2b3cd46-a9b4-4113-a35c-42ec60c6896a.binning_data.json,62981551,2025-07-29 10:13:49.464,2025-07-29 10:13:49.464,UTC-0300,hriiVjEkYE,,com.sec.android.app.shealth,2025-07-29 10:00:00.000,a2b3cd46-a9b4-4113-a35c-42ec60c6896a,
62981551,2025-07-29 10:00:00.000,,6cda1fce-1bb5-4464-acfe-3e53db0c28c2.binning_data.json,62981551,2025-07-29 11:07:22.120,2025-07-29 11:07:22.120,UTC-0300,hriiVjEkYE,,com.sec.android.app.shealth,2025-07-29 11:00:00.000,6cda1fce-1bb5-4464-acfe-3e53db0c28c2,
62981551,2025-07-29 11:00:00.000,,d2a8d2d4-4f96-421a-b85f-1227667a70ce.binning_data.json,62981551,2025-07-29 11:14:47.401,2025-07-29 11:14:47.401,UTC-0300,hriiVjEkYE,,com.sec.android.app.shealth,2025-07-29 11:14:47.242,d2a8d2d4-4f96-421a-b85f-1227667a70ce,
62981551,2025-07-30 03:00:00.000,,b9379fa1-c52c-4b67-9b17-051db471e759.binning_data.json,62981551,2025-07-30 04:06:33.360,2025-07-30 04:06:33.360,UTC-0300,hriiVjEkYE,,com.sec.android.app.shealth,2025-07-30 04:00:00.000,b9379fa1-c52c-4b67-9b17-051db471e759,
62981551,2025-07-30 04:00:00.000,,a2e0bd91-c800-419b-abdb-eedec8c5c4d2.binning_data.json,62981551,2025-07-30 05:10:54.471,2025-07-30 05:10:54.471,UTC-0300,hriiVjEkYE,,com.sec.android.app.shealth,2025-07-30 05:00:00.000,a2e0bd91-c800-419b-abdb-eedec8c5c4d2,
62981551,2025-07-30 05:00:00.000,,6efbf577-063f-4478-bfb8-d731bc37e44a.binning_data.json,62981551,2025-07-30 06:15:00.157,2025-07-30 06:15:00.157,UTC-0300,hriiVjEkYE,,com.sec.android.app.shealth,2025-07-30 06:00:00.000,6efbf577-063f-4478-bfb8-d731bc37e44a,
62981551,2025-07-30 06:00:00.000,,c8ec1ade-4497-44e7-9b48-707417ef2962.binning_data.json,62981551,2025-07-30 07:15:00.425,2025-07-30 07:15:00.425,UTC-0300,hriiVjEkYE,,com.sec.android.app.shealth,2025-07-30 07:00:00.000,c8ec1ade-4497-44e7-9b48-707417ef2962,
62981551,2025-07-30 07:00:00.000,,f39b5c04-e79d-4a5c-bf40-de2532cb8746.binning_data.json,62981551,2025-07-30 08:05:09.861,2025-07-30 08:05:09.861,UTC-0300,hriiVjEkYE,,com.sec.android.app.shealth,2025-07-30 08:00:00.000,f39b5c04-e79d-4a5c-bf40-de2532cb8746,
62981551,2025-07-30 08:00:00.000,,cb97d856-3287-4a2a-a293-a95c7e9b6aa0.binning_data.json,62981551,2025-07-30 09:15:01.172,2025-07-30 09:15:01.172,UTC-0300,hriiVjEkYE,,com.sec.android.app.shealth,2025-07-30 09:00:00.000,cb97d856-3287-4a2a-a293-a95c7e9b6aa0,
62981551,2025-07-30 09:00:00.000,,f68be680-aa35-49f6-8b6e-c915197cb6b0.binning_data.json,62981551,2025-07-30 10:15:00.137,2025-07-30 10:15:00.137,UTC-0300,hriiVjEkYE,,com.sec.android.app.shealth,2025-07-30 10:00:00.000,f68be680-aa35-49f6-8b6e-c915197cb6b0,
62981551,2025-07-30 10:00:00.000,,7587edbe-b1ee-4957-8a94-b1e5477a1d4e.binning_data.json,62981551,2025-07-30 10:26:51.127,2025-07-30 10:26:51.127,UTC-0300,hriiVjEkYE,,com.sec.android.app.shealth,2025-07-30 10:26:51.050,7587edbe-b1ee-4957-8a94-b1e5477a1d4e,
62981551,2025-08-06 04:00:00.000,,b4e78d55-ef90-4a15-8e33-afe055d94238.binning_data.json,62981551,2025-08-06 05:15:00.239,2025-08-06 05:15:00.239,UTC-0300,hriiVjEkYE,,com.sec.android.app.shealth,2025-08-06 05:00:00.000,b4e78d55-ef90-4a15-8e33-afe055d94238,
62981551,2025-08-06 05:00:00.000,,b7740f0e-03b5-46c2-82e7-c3b2807b65f4.binning_data.json,62981551,2025-08-06 06:15:00.261,2025-08-06 06:15:00.261,UTC-0300,hriiVjEkYE,,com.sec.android.app.shealth,2025-08-06 06:00:00.000,b7740f0e-03b5-46c2-82e7-c3b2807b65f4,
62981551,2025-08-06 06:00:00.000,,37f63047-b36d-4820-b8b8-192724a24575.binning_data.json,62981551,2025-08-06 07:08:06.616,2025-08-06 07:08:06.616,UTC-0300,hriiVjEkYE,,com.sec.android.app.shealth,2025-08-06 07:00:00.000,37f63047-b36d-4820-b8b8-192724a24575,
62981551,2025-08-06 07:00:00.000,,a75a1db7-16a5-40a4-9278-937346d7ec6a.binning_data.json,62981551,2025-08-06 08:15:00.383,2025-08-06 08:15:00.383,UTC-0300,hriiVjEkYE,,com.sec.android.app.shealth,2025-08-06 08:00:00.000,a75a1db7-16a5-40a4-9278-937346d7ec6a,
62981551,2025-08-06 08:00:00.000,,47438e00-6ff3-492a-9aee-818eb336ebdb.binning_data.json,62981551,2025-08-06 09:15:00.385,2025-08-06 09:15:00.385,UTC-0300,hriiVjEkYE,,com.sec.android.app.shealth,2025-08-06 09:00:00.000,47438e00-6ff3-492a-9aee-818eb336ebdb,
62981551,2025-08-06 09:00:00.000,,4bc7c5ef-2cbf-47dc-bae2-896af9d457d7.binning_data.json,62981551,2025-08-06 10:14:35.238,2025-08-06 10:14:35.238,UTC-0300,hriiVjEkYE,,com.sec.android.app.shealth,2025-08-06 10:00:00.000,4bc7c5ef-2cbf-47dc-bae2-896af9d457d7,
62981551,2025-08-06 10:00:00.000,,a8386c09-e695-4372-888b-76987ce342fa.binning_data.json,62981551,2025-08-06 10:36:44.329,2025-08-06 10:36:44.329,UTC-0300,hriiVjEkYE,,com.sec.android.app.shealth,2025-08-06 10:36:44.211,a8386c09-e695-4372-888b-76987ce342fa,
62981551,2025-08-09 04:00:00.000,,a197108b-7077-49ac-b26f-300f12b8db99.binning_data.json,62981551,2025-08-09 05:08:51.620,2025-08-09 05:08:51.620,UTC-0300,hriiVjEkYE,,com.sec.android.app.shealth,2025-08-09 05:00:00.000,a197108b-7077-49ac-b26f-300f12b8db99,
62981551,2025-08-09 05:00:00.000,,1eaa2c12-0c40-419a-be3c-ea0bc70a0c6c.binning_data.json,62981551,2025-08-09 06:14:59.973,2025-08-09 06:14:59.973,UTC-0300,hriiVjEkYE,,com.sec.android.app.shealth,2025-08-09 06:00:00.000,1eaa2c12-0c40-419a-be3c-ea0bc70a0c6c,
62981551,2025-08-09 06:00:00.000,,87a80814-8751-41a4-82a9-45cecaa25c45.binning_data.json,62981551,2025-08-09 07:15:00.109,2025-08-09 07:15:00.109,UTC-0300,hriiVjEkYE,,com.sec.android.app.shealth,2025-08-09 07:00:00.000,87a80814-8751-41a4-82a9-45cecaa25c45,
62981551,2025-08-09 07:00:00.000,,77b5814e-5b31-4b94-ad8a-d4864adc1cd0.binning_data.json,62981551,2025-08-09 08:05:35.546,2025-08-09 08:05:35.546,UTC-0300,hriiVjEkYE,,com.sec.android.app.shealth,2025-08-09 08:00:00.000,77b5814e-5b31-4b94-ad8a-d4864adc1cd0,
62981551,2025-08-09 08:00:00.000,,d9a45a67-5b9e-437d-b012-ebb892cadb9e.binning_data.json,62981551,2025-08-09 09:15:00.515,2025-08-09 09:15:00.515,UTC-0300,hriiVjEkYE,,com.sec.android.app.shealth,2025-08-09 09:00:00.000,d9a45a67-5b9e-437d-b012-ebb892cadb9e,
62981551,2025-08-09 09:00:00.000,,d820dd89-ea80-48c2-b1bd-3029d6cc5383.binning_data.json,62981551,2025-08-09 10:14:59.938,2025-08-09 10:14:59.938,UTC-0300,hriiVjEkYE,,com.sec.android.app.shealth,2025-08-09 10:00:00.000,d820dd89-ea80-48c2-b1bd-3029d6cc5383,
62981551,2025-08-09 10:00:00.000,,45f92422-f53b-4e8b-9a29-48d3340ed6b7.binning_data.json,62981551,2025-08-09 11:05:27.315,2025-08-09 11:05:27.315,UTC-0300,hriiVjEkYE,,com.sec.android.app.shealth,2025-08-09 11:00:00.000,45f92422-f53b-4e8b-9a29-48d3340ed6b7,
62981551,2025-08-09 11:00:00.000,,ca9d3629-1507-49c7-b45b-9444b3d5db40.binning_data.json,62981551,2025-08-09 12:14:25.234,2025-08-09 12:14:25.234,UTC-0300,hriiVjEkYE,,com.sec.android.app.shealth,2025-08-09 12:00:00.000,ca9d3629-1507-49c7-b45b-9444b3d5db40,
62981551,2025-08-09 12:00:00.000,,92f10529-7b23-417e-8ba1-71a382522d18.binning_data.json,62981551,2025-08-09 13:12:45.305,2025-08-09 13:12:45.305,UTC-0300,hriiVjEkYE,,com.sec.android.app.shealth,2025-08-09 13:00:00.000,92f10529-7b23-417e-8ba1-71a382522d18,
62981551,2025-08-09 13:00:00.000,,a7f70626-6a90-4cfc-a5d7-8345d61e62a4.binning_data.json,62981551,2025-08-09 13:23:19.778,2025-08-09 13:23:19.778,UTC-0300,hriiVjEkYE,,com.sec.android.app.shealth,2025-08-09 13:23:19.735,a7f70626-6a90-4cfc-a5d7-8345d61e62a4,
62981551,2025-08-13 04:00:00.000,,0b4e5012-ff2d-4596-bd4c-6b2bb8ceee60.binning_data.json,62981551,2025-08-13 05:11:52.362,2025-08-13 05:11:52.362,UTC-0300,hriiVjEkYE,,com.sec.android.app.shealth,2025-08-13 05:00:00.000,0b4e5012-ff2d-4596-bd4c-6b2bb8ceee60,
62981551,2025-08-13 05:00:00.000,,ab546f8c-cfcf-41ee-96e6-ec42f442335c.binning_data.json,62981551,2025-08-13 06:15:01.244,2025-08-13 06:15:01.244,UTC-0300,hriiVjEkYE,,com.sec.android.app.shealth,2025-08-13 06:00:00.000,ab546f8c-cfcf-41ee-96e6-ec42f442335c,
62981551,2025-08-13 06:00:00.000,,db394e71-cd1d-4bc9-8d2b-9ba73609b19c.binning_data.json,62981551,2025-08-13 07:16:01.916,2025-08-13 07:16:01.916,UTC-0300,hriiVjEkYE,,com.sec.android.app.shealth,2025-08-13 07:00:00.000,db394e71-cd1d-4bc9-8d2b-9ba73609b19c,
62981551,2025-08-13 07:00:00.000,,5f2f52d4-edf1-45da-bbae-bdacd3dc1b43.binning_data.json,62981551,2025-08-13 08:15:00.440,2025-08-13 08:15:00.440,UTC-0300,hriiVjEkYE,,com.sec.android.app.shealth,2025-08-13 08:00:00.000,5f2f52d4-edf1-45da-bbae-bdacd3dc1b43,
62981551,2025-08-13 08:00:00.000,,171734d6-78c3-4bd5-8ff3-4833f8c5ed58.binning_data.json,62981551,2025-08-13 09:15:01.315,2025-08-13 09:15:01.315,UTC-0300,hriiVjEkYE,,com.sec.android.app.shealth,2025-08-13 09:00:00.000,171734d6-78c3-4bd5-8ff3-4833f8c5ed58,
62981551,2025-08-13 09:00:00.000,,7e4f00ea-d573-4981-b23f-15df41e8f3c3.binning_data.json,62981551,2025-08-13 10:10:09.612,2025-08-13 10:10:09.612,UTC-0300,hriiVjEkYE,,com.sec.android.app.shealth,2025-08-13 10:00:00.000,7e4f00ea-d573-4981-b23f-15df41e8f3c3,
62981551,2025-08-13 10:00:00.000,,19db17c0-741c-4be6-804e-f393612a205f.binning_data.json,62981551,2025-08-13 10:24:14.809,2025-08-13 10:24:14.809,UTC-0300,hriiVjEkYE,,com.sec.android.app.shealth,2025-08-13 10:24:14.656,19db17c0-741c-4be6-804e-f393612a205f,
62981551,2025-08-16 03:00:00.000,,9c0e62c5-917d-43fb-89f9-f426c3b2b3ea.binning_data.json,62981551,2025-08-16 04:14:01.067,2025-08-16 04:14:01.067,UTC-0300,hriiVjEkYE,,com.sec.android.app.shealth,2025-08-16 04:00:00.000,9c0e62c5-917d-43fb-89f9-f426c3b2b3ea,
62981551,2025-08-16 04:00:00.000,,2c135e51-fcf8-431b-a9de-4f60dbb49b22.binning_data.json,62981551,2025-08-16 05:14:59.373,2025-08-16 05:14:59.373,UTC-0300,hriiVjEkYE,,com.sec.android.app.shealth,2025-08-16 05:00:00.000,2c135e51-fcf8-431b-a9de-4f60dbb49b22,
62981551,2025-08-16 05:00:00.000,,0b3f1b2b-9872-4928-b5a1-d0214bf8140e.binning_data.json,62981551,2025-08-16 06:05:03.127,2025-08-16 06:05:03.127,UTC-0300,hriiVjEkYE,,com.sec.android.app.shealth,2025-08-16 06:00:00.000,0b3f1b2b-9872-4928-b5a1-d0214bf8140e,
62981551,2025-08-16 06:00:00.000,,8ae883bd-65b1-4998-b9a8-3f7cc0785d6a.binning_data.json,62981551,2025-08-16 07:15:00.176,2025-08-16 07:15:00.176,UTC-0300,hriiVjEkYE,,com.sec.android.app.shealth,2025-08-16 07:00:00.000,8ae883bd-65b1-4998-b9a8-3f7cc0785d6a,
62981551,2025-08-16 07:00:00.000,,cb81b85a-9c2b-4105-811d-0c36ca9e6411.binning_data.json,62981551,2025-08-16 08:15:00.399,2025-08-16 08:15:00.399,UTC-0300,hriiVjEkYE,,com.sec.android.app.shealth,2025-08-16 08:00:00.000,cb81b85a-9c2b-4105-811d-0c36ca9e6411,
62981551,2025-08-16 08:00:00.000,,b386250e-b25d-4d0f-9907-a7114f47f60a.binning_data.json,62981551,2025-08-16 09:14:59.560,2025-08-16 09:14:59.560,UTC-0300,hriiVjEkYE,,com.sec.android.app.shealth,2025-08-16 09:00:00.000,b386250e-b25d-4d0f-9907-a7114f47f60a,
62981551,2025-08-16 09:00:00.000,,f1a4b715-0002-44f5-a679-b489b50b63da.binning_data.json,62981551,2025-08-16 10:15:00.299,2025-08-16 10:15:00.299,UTC-0300,hriiVjEkYE,,com.sec.android.app.shealth,2025-08-16 10:00:00.000,f1a4b715-0002-44f5-a679-b489b50b63da,
62981551,2025-08-16 10:00:00.000,,72f8ef6a-6e37-4adb-8dbc-c79d12c45818.binning_data.json,62981551,2025-08-16 11:14:59.547,2025-08-16 11:14:59.547,UTC-0300,hriiVjEkYE,,com.sec.android.app.shealth,2025-08-16 11:00:00.000,72f8ef6a-6e37-4adb-8dbc-c79d12c45818,
62981551,2025-08-16 11:00:00.000,,5839c281-bafe-42f3-bd5e-ac9f7dc58d8a.binning_data.json,62981551,2025-08-16 12:14:59.317,2025-08-16 12:14:59.317,UTC-0300,hriiVjEkYE,,com.sec.android.app.shealth,2025-08-16 12:00:00.000,5839c281-bafe-42f3-bd5e-ac9f7dc58d8a,
62981551,2025-08-16 12:00:00.000,,28cf54ca-759f-4660-aa81-d13949938b26.binning_data.json,62981551,2025-08-16 13:06:21.699,2025-08-16 13:06:21.699,UTC-0300,hriiVjEkYE,,com.sec.android.app.shealth,2025-08-16 13:00:00.000,28cf54ca-759f-4660-aa81-d13949938b26,
62981551,2025-08-16 13:00:00.000,,b1068e04-b09b-443f-b414-5bc5373ca27c.binning_data.json,62981551,2025-08-16 13:10:50.865,2025-08-16 13:10:50.865,UTC-0300,hriiVjEkYE,,com.sec.android.app.shealth,2025-08-16 13:10:50.730,b1068e04-b09b-443f-b414-5bc5373ca27c,
62981551,2025-08-19 03:00:00.000,,db32c3b9-460b-4ba2-b507-c2aca1ca86c7.binning_data.json,62981551,2025-08-19 04:15:00.220,2025-08-19 04:15:00.220,UTC-0300,hriiVjEkYE,,com.sec.android.app.shealth,2025-08-19 04:00:00.000,db32c3b9-460b-4ba2-b507-c2aca1ca86c7,
62981551,2025-08-19 04:00:00.000,,11ccc847-1ddb-4a55-aa46-8e7bd66546f1.binning_data.json,62981551,2025-08-19 05:15:00.713,2025-08-19 05:15:00.713,UTC-0300,hriiVjEkYE,,com.sec.android.app.shealth,2025-08-19 05:00:00.000,11ccc847-1ddb-4a55-aa46-8e7bd66546f1,
62981551,2025-08-19 05:00:00.000,,1ee0a947-5942-4cd5-bd18-2ec3e8bc043a.binning_data.json,62981551,2025-08-19 06:15:01.161,2025-08-19 06:15:01.161,UTC-0300,hriiVjEkYE,,com.sec.android.app.shealth,2025-08-19 06:00:00.000,1ee0a947-5942-4cd5-bd18-2ec3e8bc043a,
62981551,2025-08-19 06:00:00.000,,60267ac9-e2cb-427b-92e9-183bd3065ba1.binning_data.json,62981551,2025-08-19 07:15:00.358,2025-08-19 07:15:00.358,UTC-0300,hriiVjEkYE,,com.sec.android.app.shealth,2025-08-19 07:00:00.000,60267ac9-e2cb-427b-92e9-183bd3065ba1,
62981551,2025-08-19 07:00:00.000,,3adc2ad1-00be-49b8-897d-9e34453fe1fe.binning_data.json,62981551,2025-08-19 08:15:00.458,2025-08-19 08:15:00.458,UTC-0300,hriiVjEkYE,,com.sec.android.app.shealth,2025-08-19 08:00:00.000,3adc2ad1-00be-49b8-897d-9e34453fe1fe,
62981551,2025-08-19 08:00:00.000,,40bce677-9c0f-4eea-b717-589f4522a459.binning_data.json,62981551,2025-08-19 09:15:01.058,2025-08-19 09:15:01.058,UTC-0300,hriiVjEkYE,,com.sec.android.app.shealth,2025-08-19 09:00:00.000,40bce677-9c0f-4eea-b717-589f4522a459,
62981551,2025-08-19 09:00:00.000,,b8395a00-1e6b-443c-b811-8a554843b38e.binning_data.json,62981551,2025-08-19 10:00:57.232,2025-08-19 10:00:57.232,UTC-0300,hriiVjEkYE,,com.sec.android.app.shealth,2025-08-19 10:00:00.000,b8395a00-1e6b-443c-b811-8a554843b38e,
62981551,2025-08-20 03:00:00.000,,945d9ddc-a5e8-4c5e-b61e-2ab286f576a4.binning_data.json,62981551,2025-08-20 04:15:01.056,2025-08-20 04:15:01.056,UTC-0300,hriiVjEkYE,,com.sec.android.app.shealth,2025-08-20 04:00:00.000,945d9ddc-a5e8-4c5e-b61e-2ab286f576a4,
62981551,2025-08-20 04:00:00.000,,801b4398-b50c-4316-9b75-5fd90e6eb39f.binning_data.json,62981551,2025-08-20 05:15:00.430,2025-08-20 05:15:00.430,UTC-0300,hriiVjEkYE,,com.sec.android.app.shealth,2025-08-20 05:00:00.000,801b4398-b50c-4316-9b75-5fd90e6eb39f,
62981551,2025-08-20 05:00:00.000,,056c8280-50cd-4552-a186-35a4de1b3593.binning_data.json,62981551,2025-08-20 06:15:00.839,2025-08-20 06:15:00.839,UTC-0300,hriiVjEkYE,,com.sec.android.app.shealth,2025-08-20 06:00:00.000,056c8280-50cd-4552-a186-35a4de1b3593,
62981551,2025-08-20 06:00:00.000,,c80c601d-3938-44c0-8e95-7e3c591f5304.binning_data.json,62981551,2025-08-20 07:15:00.228,2025-08-20 07:15:00.228,UTC-0300,hriiVjEkYE,,com.sec.android.app.shealth,2025-08-20 07:00:00.000,c80c601d-3938-44c0-8e95-7e3c591f5304,
62981551,2025-08-20 07:00:00.000,,02d1e766-27d5-474f-b3b2-5e7ac6e353a0.binning_data.json,62981551,2025-08-20 08:15:00.628,2025-08-20 08:15:00.628,UTC-0300,hriiVjEkYE,,com.sec.android.app.shealth,2025-08-20 08:00:00.000,02d1e766-27d5-474f-b3b2-5e7ac6e353a0,
62981551,2025-08-20 08:00:00.000,,a07d7745-29de-417d-95e0-f9bdd330ec69.binning_data.json,62981551,2025-08-20 09:15:00.849,2025-08-20 09:15:00.849,UTC-0300,hriiVjEkYE,,com.sec.android.app.shealth,2025-08-20 09:00:00.000,a07d7745-29de-417d-95e0-f9bdd330ec69,
62981551,2025-08-20 09:00:00.000,,319155e9-5c89-4fb2-ac1e-adadcb5de9e5.binning_data.json,62981551,2025-08-20 10:10:01.940,2025-08-20 10:10:01.940,UTC-0300,hriiVjEkYE,,com.sec.android.app.shealth,2025-08-20 10:00:00.000,319155e9-5c89-4fb2-ac1e-adadcb5de9e5,
62981551,2025-08-20 10:00:00.000,,e0916be2-9c70-41eb-990d-1390e85ced1c.binning_data.json,62981551,2025-08-20 10:38:09.484,2025-08-20 10:38:09.484,UTC-0300,hriiVjEkYE,,com.sec.android.app.shealth,2025-08-20 10:38:09.437,e0916be2-9c70-41eb-990d-1390e85ced1c,
62981551,2025-08-22 04:00:00.000,,5c9a7916-e501-4d54-b342-aaedc99187bf.binning_data.json,62981551,2025-08-22 05:15:00.234,2025-08-22 05:15:00.234,UTC-0300,hriiVjEkYE,,com.sec.android.app.shealth,2025-08-22 05:00:00.000,5c9a7916-e501-4d54-b342-aaedc99187bf,
62981551,2025-08-22 05:00:00.000,,2d614fea-4847-45b5-b39a-d6540e3330b3.binning_data.json,62981551,2025-08-22 06:05:43.268,2025-08-22 06:05:43.268,UTC-0300,hriiVjEkYE,,com.sec.android.app.shealth,2025-08-22 06:00:00.000,2d614fea-4847-45b5-b39a-d6540e3330b3,
62981551,2025-08-22 06:00:00.000,,c4e42c7c-892a-487a-97d4-215a2c5e0125.binning_data.json,62981551,2025-08-22 07:15:00.358,2025-08-22 07:15:00.358,UTC-0300,hriiVjEkYE,,com.sec.android.app.shealth,2025-08-22 07:00:00.000,c4e42c7c-892a-487a-97d4-215a2c5e0125,
62981551,2025-08-22 07:00:00.000,,c6a93794-01a9-4bff-8865-2aa1aef0b0c4.binning_data.json,62981551,2025-08-22 08:15:01.065,2025-08-22 08:15:01.065,UTC-0300,hriiVjEkYE,,com.sec.android.app.shealth,2025-08-22 08:00:00.000,c6a93794-01a9-4bff-8865-2aa1aef0b0c4,
62981551,2025-08-22 08:00:00.000,,ee08749b-4d9a-453a-9426-17811182f023.binning_data.json,62981551,2025-08-22 09:05:45.151,2025-08-22 09:05:45.151,UTC-0300,hriiVjEkYE,,com.sec.android.app.shealth,2025-08-22 09:00:00.000,ee08749b-4d9a-453a-9426-17811182f023,
62981551,2025-08-22 09:00:00.000,,8bd02e05-05ea-4163-a85e-1bf5a8265f1b.binning_data.json,62981551,2025-08-22 10:15:00.995,2025-08-22 10:15:00.995,UTC-0300,hriiVjEkYE,,com.sec.android.app.shealth,2025-08-22 10:00:00.000,8bd02e05-05ea-4163-a85e-1bf5a8265f1b,
62981551,2025-08-22 10:00:00.000,,062a95da-1a60-4d3c-be02-1042670ec4de.binning_data.json,62981551,2025-08-22 11:10:11.615,2025-08-22 11:10:11.615,UTC-0300,hriiVjEkYE,,com.sec.android.app.shealth,2025-08-22 11:00:00.000,062a95da-1a60-4d3c-be02-1042670ec4de,
62981551,2025-08-22 11:00:00.000,,20e6adac-0cec-4a85-aaf4-014b997ca746.binning_data.json,62981551,2025-08-22 12:15:00.658,2025-08-22 12:15:00.658,UTC-0300,hriiVjEkYE,,com.sec.android.app.shealth,2025-08-22 12:00:00.000,20e6adac-0cec-4a85-aaf4-014b997ca746,
62981551,2025-08-22 12:00:00.000,,dd3a08df-3914-4e63-96bc-75e7380b517b.binning_data.json,62981551,2025-08-22 12:22:07.185,2025-08-22 12:22:07.185,UTC-0300,hriiVjEkYE,,com.sec.android.app.shealth,2025-08-22 12:22:06.857,dd3a08df-3914-4e63-96bc-75e7380b517b,
62981551,2025-08-25 04:00:00.000,,d822c1dc-8785-4eec-93ab-29ad6398c7ac.binning_data.json,62981551,2025-08-25 05:15:00.893,2025-08-25 05:15:00.893,UTC-0300,hriiVjEkYE,,com.sec.android.app.shealth,2025-08-25 05:00:00.000,d822c1dc-8785-4eec-93ab-29ad6398c7ac,
62981551,2025-08-25 05:00:00.000,,888092a7-03fb-4742-b6c1-a331836ea4a1.binning_data.json,62981551,2025-08-25 06:10:43.521,2025-08-25 06:10:43.521,UTC-0300,hriiVjEkYE,,com.sec.android.app.shealth,2025-08-25 06:00:00.000,888092a7-03fb-4742-b6c1-a331836ea4a1,
62981551,2025-08-25 06:00:00.000,,3abe7c2f-de72-4836-87d3-8d9b2cba45dd.binning_data.json,62981551,2025-08-25 07:15:00.421,2025-08-25 07:15:00.421,UTC-0300,hriiVjEkYE,,com.sec.android.app.shealth,2025-08-25 07:00:00.000,3abe7c2f-de72-4836-87d3-8d9b2cba45dd,
62981551,2025-08-25 07:00:00.000,,dd28e683-d1ea-46da-be44-9629640021ee.binning_data.json,62981551,2025-08-25 08:15:00.628,2025-08-25 08:15:00.628,UTC-0300,hriiVjEkYE,,com.sec.android.app.shealth,2025-08-25 08:00:00.000,dd28e683-d1ea-46da-be44-9629640021ee,
62981551,2025-08-25 08:00:00.000,,1b7cf6f0-ed1c-4609-aef3-5886ae26ac96.binning_data.json,62981551,2025-08-25 09:09:22.213,2025-08-25 09:09:22.213,UTC-0300,hriiVjEkYE,,com.sec.android.app.shealth,2025-08-25 09:00:00.000,1b7cf6f0-ed1c-4609-aef3-5886ae26ac96,
62981551,2025-08-25 09:00:00.000,,7e2ba7f6-972e-4820-9c87-f45e027521c2.binning_data.json,62981551,2025-08-25 10:15:01.105,2025-08-25 10:15:01.105,UTC-0300,hriiVjEkYE,,com.sec.android.app.shealth,2025-08-25 10:00:00.000,7e2ba7f6-972e-4820-9c87-f45e027521c2,
62981551,2025-08-25 10:00:00.000,,8a8ecb3e-db3b-43cb-839f-a630eb68c659.binning_data.json,62981551,2025-08-25 11:11:07.371,2025-08-25 11:11:07.371,UTC-0300,hriiVjEkYE,,com.sec.android.app.shealth,2025-08-25 11:00:00.000,8a8ecb3e-db3b-43cb-839f-a630eb68c659,
62981551,2025-08-25 11:00:00.000,,7bee9de2-841d-4ec2-ae65-46edcaf25581.binning_data.json,62981551,2025-08-25 11:51:01.385,2025-08-25 11:51:01.385,UTC-0300,hriiVjEkYE,,com.sec.android.app.shealth,2025-08-25 11:51:01.278,7bee9de2-841d-4ec2-ae65-46edcaf25581,
62981551,2025-08-26 04:00:00.000,,7fcb58de-e668-4eea-8a74-5e3f3ef10d4e.binning_data.json,62981551,2025-08-26 05:15:00.543,2025-08-26 05:15:00.543,UTC-0300,hriiVjEkYE,,com.sec.android.app.shealth,2025-08-26 05:00:00.000,7fcb58de-e668-4eea-8a74-5e3f3ef10d4e,
62981551,2025-08-26 05:00:00.000,,50372a55-fb5b-43ad-a974-8ff27506cc83.binning_data.json,62981551,2025-08-26 06:15:00.741,2025-08-26 06:15:00.741,UTC-0300,hriiVjEkYE,,com.sec.android.app.shealth,2025-08-26 06:00:00.000,50372a55-fb5b-43ad-a974-8ff27506cc83,
62981551,2025-08-26 06:00:00.000,,93045b5d-43d2-42c1-85ed-d0e5e689c9ac.binning_data.json,62981551,2025-08-26 07:09:10.540,2025-08-26 07:09:10.540,UTC-0300,hriiVjEkYE,,com.sec.android.app.shealth,2025-08-26 07:00:00.000,93045b5d-43d2-42c1-85ed-d0e5e689c9ac,
62981551,2025-08-26 07:00:00.000,,625553ef-4dc7-45cc-a46f-8bd3c02babb4.binning_data.json,62981551,2025-08-26 08:15:01.004,2025-08-26 08:15:01.004,UTC-0300,hriiVjEkYE,,com.sec.android.app.shealth,2025-08-26 08:00:00.000,625553ef-4dc7-45cc-a46f-8bd3c02babb4,
62981551,2025-08-26 08:00:00.000,,1b82cb60-ee3e-4ed6-abcc-7eee4d028dfd.binning_data.json,62981551,2025-08-26 09:15:01.005,2025-08-26 09:15:01.005,UTC-0300,hriiVjEkYE,,com.sec.android.app.shealth,2025-08-26 09:00:00.000,1b82cb60-ee3e-4ed6-abcc-7eee4d028dfd,
62981551,2025-08-26 09:00:00.000,,83b5342f-61c9-4e3a-98fc-86dcbb97ff32.binning_data.json,62981551,2025-08-26 09:54:27.577,2025-08-26 09:54:27.577,UTC-0300,hriiVjEkYE,,com.sec.android.app.shealth,2025-08-26 09:54:27.515,83b5342f-61c9-4e3a-98fc-86dcbb97ff32,
62981551,2025-08-27 04:00:00.000,,86b16517-c6bd-4ece-81d5-8d0dddaad5bc.binning_data.json,62981551,2025-08-27 05:15:00.572,2025-08-27 05:15:00.572,UTC-0300,hriiVjEkYE,,com.sec.android.app.shealth,2025-08-27 05:00:00.000,86b16517-c6bd-4ece-81d5-8d0dddaad5bc,
62981551,2025-08-27 05:00:00.000,,7f7aba7b-b792-4455-837b-93b2a4be1bf8.binning_data.json,62981551,2025-08-27 06:07:27.054,2025-08-27 06:07:27.054,UTC-0300,hriiVjEkYE,,com.sec.android.app.shealth,2025-08-27 06:00:00.000,7f7aba7b-b792-4455-837b-93b2a4be1bf8,
62981551,2025-08-27 06:00:00.000,,7043e983-97e3-4c33-88cf-3f6790d33eee.binning_data.json,62981551,2025-08-27 07:15:00.990,2025-08-27 07:15:00.990,UTC-0300,hriiVjEkYE,,com.sec.android.app.shealth,2025-08-27 07:00:00.000,7043e983-97e3-4c33-88cf-3f6790d33eee,
62981551,2025-08-27 07:00:00.000,,25dfdac5-b5d9-4c30-9312-59fc5351bb09.binning_data.json,62981551,2025-08-27 08:15:01.165,2025-08-27 08:15:01.165,UTC-0300,hriiVjEkYE,,com.sec.android.app.shealth,2025-08-27 08:00:00.000,25dfdac5-b5d9-4c30-9312-59fc5351bb09,
62981551,2025-08-27 08:00:00.000,,ce48e161-80ed-4a28-a283-c7560d395d3a.binning_data.json,62981551,2025-08-27 09:06:46.580,2025-08-27 09:06:46.580,UTC-0300,hriiVjEkYE,,com.sec.android.app.shealth,2025-08-27 09:00:00.000,ce48e161-80ed-4a28-a283-c7560d395d3a,
62981551,2025-08-27 09:00:00.000,,328890a2-5057-46f8-801d-67a0d3fde3d9.binning_data.json,62981551,2025-08-27 10:11:44.906,2025-08-27 10:11:44.906,UTC-0300,hriiVjEkYE,,com.sec.android.app.shealth,2025-08-27 10:00:00.000,328890a2-5057-46f8-801d-67a0d3fde3d9,
62981551,2025-08-27 10:00:00.000,,6767c780-5cc0-4775-b8bd-8a87997943ed.binning_data.json,62981551,2025-08-27 10:46:37.609,2025-08-27 10:46:37.609,UTC-0300,hriiVjEkYE,,com.sec.android.app.shealth,2025-08-27 10:46:37.464,6767c780-5cc0-4775-b8bd-8a87997943ed,
62981551,2025-08-29 04:00:00.000,,f0f3ac4b-349c-44d2-b413-5fc400e46cb8.binning_data.json,62981551,2025-08-29 05:22:00.358,2025-08-29 05:22:00.358,UTC-0300,hriiVjEkYE,,com.sec.android.app.shealth,2025-08-29 05:00:00.000,f0f3ac4b-349c-44d2-b413-5fc400e46cb8,
62981551,2025-08-29 05:00:00.000,,27e41eb8-e827-4075-9cbe-e2b4eefda9a2.binning_data.json,62981551,2025-08-29 06:15:00.801,2025-08-29 06:15:00.801,UTC-0300,hriiVjEkYE,,com.sec.android.app.shealth,2025-08-29 06:00:00.000,27e41eb8-e827-4075-9cbe-e2b4eefda9a2,
62981551,2025-08-29 06:00:00.000,,998485e7-3e39-47c1-9698-3b2538481ae3.binning_data.json,62981551,2025-08-29 07:15:01.204,2025-08-29 07:15:01.204,UTC-0300,hriiVjEkYE,,com.sec.android.app.shealth,2025-08-29 07:00:00.000,998485e7-3e39-47c1-9698-3b2538481ae3,
62981551,2025-08-29 07:00:00.000,,855138eb-a6a1-463b-b8da-9995d1f87da0.binning_data.json,62981551,2025-08-29 08:15:00.905,2025-08-29 08:15:00.905,UTC-0300,hriiVjEkYE,,com.sec.android.app.shealth,2025-08-29 08:00:00.000,855138eb-a6a1-463b-b8da-9995d1f87da0,
62981551,2025-08-29 08:00:00.000,,7c427d0c-6714-4d3c-92bd-956d8d93c5d7.binning_data.json,62981551,2025-08-29 09:15:01.249,2025-08-29 09:15:01.249,UTC-0300,hriiVjEkYE,,com.sec.android.app.shealth,2025-08-29 09:00:00.000,7c427d0c-6714-4d3c-92bd-956d8d93c5d7,
62981551,2025-08-29 09:00:00.000,,62cfe1bb-c00c-4955-9d03-5d59b04097ad.binning_data.json,62981551,2025-08-29 10:13:39.663,2025-08-29 10:13:39.663,UTC-0300,hriiVjEkYE,,com.sec.android.app.shealth,2025-08-29 10:00:00.000,62cfe1bb-c00c-4955-9d03-5d59b04097ad,
62981551,2025-08-29 10:00:00.000,,b85334f8-8650-4d5c-aa1f-7ef12b579212.binning_data.json,62981551,2025-08-29 10:34:49.072,2025-08-29 10:34:49.072,UTC-0300,hriiVjEkYE,,com.sec.android.app.shealth,2025-08-29 10:34:49.024,b85334f8-8650-4d5c-aa1f-7ef12b579212,
62981551,2025-09-01 03:00:00.000,,e28129bf-3d11-4e86-98dd-1baea89a404f.binning_data.json,62981551,2025-09-01 04:14:59.904,2025-09-01 04:14:59.904,UTC-0300,hriiVjEkYE,,com.sec.android.app.shealth,2025-09-01 04:00:00.000,e28129bf-3d11-4e86-98dd-1baea89a404f,
62981551,2025-09-01 04:00:00.000,,1a6a0ddd-ad34-4175-b454-97bcc253564f.binning_data.json,62981551,2025-09-01 05:15:00.214,2025-09-01 05:15:00.214,UTC-0300,hriiVjEkYE,,com.sec.android.app.shealth,2025-09-01 05:00:00.000,1a6a0ddd-ad34-4175-b454-97bcc253564f,
62981551,2025-09-01 05:00:00.000,,a984e448-cf94-4419-b557-199114636b3e.binning_data.json,62981551,2025-09-01 06:15:00.409,2025-09-01 06:15:00.409,UTC-0300,hriiVjEkYE,,com.sec.android.app.shealth,2025-09-01 06:00:00.000,a984e448-cf94-4419-b557-199114636b3e,
62981551,2025-09-01 06:00:00.000,,50c51123-7ee5-444f-8685-59e442f0a4aa.binning_data.json,62981551,2025-09-01 07:15:00.695,2025-09-01 07:15:00.695,UTC-0300,hriiVjEkYE,,com.sec.android.app.shealth,2025-09-01 07:00:00.000,50c51123-7ee5-444f-8685-59e442f0a4aa,
62981551,2025-09-01 07:00:00.000,,5a923987-09a3-4c8a-949e-8959eb350cec.binning_data.json,62981551,2025-09-01 08:15:08.381,2025-09-01 08:15:08.381,UTC-0300,hriiVjEkYE,,com.sec.android.app.shealth,2025-09-01 08:00:00.000,5a923987-09a3-4c8a-949e-8959eb350cec,
62981551,2025-09-01 08:00:00.000,,0aad3e68-41cb-4119-aef2-0d0934ec2bb5.binning_data.json,62981551,2025-09-01 09:15:00.036,2025-09-01 09:15:00.036,UTC-0300,hriiVjEkYE,,com.sec.android.app.shealth,2025-09-01 09:00:00.000,0aad3e68-41cb-4119-aef2-0d0934ec2bb5,
62981551,2025-09-01 09:00:00.000,,cc045c64-dce1-4f10-83b9-943e1163f533.binning_data.json,62981551,2025-09-01 10:15:00.281,2025-09-01 10:15:00.281,UTC-0300,hriiVjEkYE,,com.sec.android.app.shealth,2025-09-01 10:00:00.000,cc045c64-dce1-4f10-83b9-943e1163f533,
62981551,2025-09-01 10:00:00.000,,127d743c-d60a-499f-9bf4-032b5603bfc9.binning_data.json,62981551,2025-09-01 11:02:36.283,2025-09-01 11:02:36.283,UTC-0300,hriiVjEkYE,,com.sec.android.app.shealth,2025-09-01 11:00:00.000,127d743c-d60a-499f-9bf4-032b5603bfc9,
62981551,2025-09-02 04:00:00.000,,21d928a4-e8d3-459a-a114-88af342c9a50.binning_data.json,62981551,2025-09-02 05:15:00.746,2025-09-02 05:15:00.746,UTC-0300,hriiVjEkYE,,com.sec.android.app.shealth,2025-09-02 05:00:00.000,21d928a4-e8d3-459a-a114-88af342c9a50,
62981551,2025-09-02 05:00:00.000,,a5867938-d5fe-4b6f-8edb-d29fe8ae69bb.binning_data.json,62981551,2025-09-02 06:14:59.994,2025-09-02 06:14:59.994,UTC-0300,hriiVjEkYE,,com.sec.android.app.shealth,2025-09-02 06:00:00.000,a5867938-d5fe-4b6f-8edb-d29fe8ae69bb,
62981551,2025-09-02 06:00:00.000,,25383dd8-603d-40c0-a230-ac6b35339fb8.binning_data.json,62981551,2025-09-02 07:15:00.570,2025-09-02 07:15:00.570,UTC-0300,hriiVjEkYE,,com.sec.android.app.shealth,2025-09-02 07:00:00.000,25383dd8-603d-40c0-a230-ac6b35339fb8,
62981551,2025-09-02 07:00:00.000,,39d5e6e9-763a-42b8-9da3-49232a1755a2.binning_data.json,62981551,2025-09-02 08:11:14.645,2025-09-02 08:11:14.645,UTC-0300,hriiVjEkYE,,com.sec.android.app.shealth,2025-09-02 08:00:00.000,39d5e6e9-763a-42b8-9da3-49232a1755a2,
62981551,2025-09-02 08:00:00.000,,c22834b3-65fb-4d97-a466-7cb445a83b81.binning_data.json,62981551,2025-09-02 09:14:59.727,2025-09-02 09:14:59.727,UTC-0300,hriiVjEkYE,,com.sec.android.app.shealth,2025-09-02 09:00:00.000,c22834b3-65fb-4d97-a466-7cb445a83b81,
62981551,2025-09-02 09:00:00.000,,3e542e4f-b43d-41e1-a4ad-a76418f5e5a3.binning_data.json,62981551,2025-09-02 10:02:06.830,2025-09-02 10:02:06.830,UTC-0300,hriiVjEkYE,,com.sec.android.app.shealth,2025-09-02 10:00:00.000,3e542e4f-b43d-41e1-a4ad-a76418f5e5a3,
62981551,2025-09-03 03:00:00.000,,3997541c-c5c7-454b-b171-f80c8ed51f6c.binning_data.json,62981551,2025-09-03 04:10:37.921,2025-09-03 04:10:37.921,UTC-0300,hriiVjEkYE,,com.sec.android.app.shealth,2025-09-03 04:00:00.000,3997541c-c5c7-454b-b171-f80c8ed51f6c,
62981551,2025-09-03 04:00:00.000,,db84c7ab-d280-4f8f-a0a5-5fc1c046a2f5.binning_data.json,62981551,2025-09-03 05:14:59.769,2025-09-03 05:14:59.769,UTC-0300,hriiVjEkYE,,com.sec.android.app.shealth,2025-09-03 05:00:00.000,db84c7ab-d280-4f8f-a0a5-5fc1c046a2f5,
62981551,2025-09-03 05:00:00.000,,54c1e3da-44e7-45b6-9270-29cb4bb9c12a.binning_data.json,62981551,2025-09-03 06:05:02.788,2025-09-03 06:05:02.788,UTC-0300,hriiVjEkYE,,com.sec.android.app.shealth,2025-09-03 06:00:00.000,54c1e3da-44e7-45b6-9270-29cb4bb9c12a,
62981551,2025-09-03 06:00:00.000,,3179f802-2ff2-470e-9bb5-f2c7c0a79062.binning_data.json,62981551,2025-09-03 07:15:00.340,2025-09-03 07:15:00.340,UTC-0300,hriiVjEkYE,,com.sec.android.app.shealth,2025-09-03 07:00:00.000,3179f802-2ff2-470e-9bb5-f2c7c0a79062,
62981551,2025-09-03 07:00:00.000,,31ab6b39-9df8-427a-afd1-91d9a5062d39.binning_data.json,62981551,2025-09-03 08:14:59.832,2025-09-03 08:14:59.832,UTC-0300,hriiVjEkYE,,com.sec.android.app.shealth,2025-09-03 08:00:00.000,31ab6b39-9df8-427a-afd1-91d9a5062d39,
62981551,2025-09-03 08:00:00.000,,2ca46660-76f5-49c8-97bb-3a0dc38f6f24.binning_data.json,62981551,2025-09-03 09:15:00.669,2025-09-03 09:15:00.669,UTC-0300,hriiVjEkYE,,com.sec.android.app.shealth,2025-09-03 09:00:00.000,2ca46660-76f5-49c8-97bb-3a0dc38f6f24,
62981551,2025-09-03 09:00:00.000,,bff4984f-e734-4e31-89fc-d74f40537821.binning_data.json,62981551,2025-09-03 10:14:59.762,2025-09-03 10:14:59.762,UTC-0300,hriiVjEkYE,,com.sec.android.app.shealth,2025-09-03 10:00:00.000,bff4984f-e734-4e31-89fc-d74f40537821,
62981551,2025-09-03 10:00:00.000,,9dc81c0b-ddb0-4fa1-86fc-adb8976b7324.binning_data.json,62981551,2025-09-03 10:30:21.276,2025-09-03 10:30:21.276,UTC-0300,hriiVjEkYE,,com.sec.android.app.shealth,2025-09-03 10:30:21.102,9dc81c0b-ddb0-4fa1-86fc-adb8976b7324,
62981551,2025-09-07 04:00:00.000,,eea34c62-cf7a-4890-945c-49126e311892.binning_data.json,62981551,2025-09-07 05:15:00.001,2025-09-07 05:15:00.001,UTC-0300,hriiVjEkYE,,com.sec.android.app.shealth,2025-09-07 05:00:00.000,eea34c62-cf7a-4890-945c-49126e311892,
62981551,2025-09-07 05:00:00.000,,c27403c8-ddf9-472f-83df-8932a9b9eb9e.binning_data.json,62981551,2025-09-07 06:15:00.246,2025-09-07 06:15:00.246,UTC-0300,hriiVjEkYE,,com.sec.android.app.shealth,2025-09-07 06:00:00.000,c27403c8-ddf9-472f-83df-8932a9b9eb9e,
62981551,2025-09-07 06:00:00.000,,eb714d8b-0868-4111-a15d-188b4544ece1.binning_data.json,62981551,2025-09-07 07:07:16.978,2025-09-07 07:07:16.978,UTC-0300,hriiVjEkYE,,com.sec.android.app.shealth,2025-09-07 07:00:00.000,eb714d8b-0868-4111-a15d-188b4544ece1,
62981551,2025-09-07 07:00:00.000,,f36d59d5-cd53-45a6-a668-d914ccf3edd5.binning_data.json,62981551,2025-09-07 08:15:00.752,2025-09-07 08:15:00.752,UTC-0300,hriiVjEkYE,,com.sec.android.app.shealth,2025-09-07 08:00:00.000,f36d59d5-cd53-45a6-a668-d914ccf3edd5,
62981551,2025-09-07 08:00:00.000,,f34eedcb-382b-4d36-b5ea-3d8de3364c91.binning_data.json,62981551,2025-09-07 09:14:59.823,2025-09-07 09:14:59.823,UTC-0300,hriiVjEkYE,,com.sec.android.app.shealth,2025-09-07 09:00:00.000,f34eedcb-382b-4d36-b5ea-3d8de3364c91,
62981551,2025-09-07 09:00:00.000,,ea371022-1b25-4c7e-8696-56dd13b5ebe2.binning_data.json,62981551,2025-09-07 10:14:59.923,2025-09-07 10:14:59.923,UTC-0300,hriiVjEkYE,,com.sec.android.app.shealth,2025-09-07 10:00:00.000,ea371022-1b25-4c7e-8696-56dd13b5ebe2,
62981551,2025-09-07 10:00:00.000,,b0284b41-987a-4f3d-8e85-340b7da1b64d.binning_data.json,62981551,2025-09-07 11:14:59.984,2025-09-07 11:14:59.984,UTC-0300,hriiVjEkYE,,com.sec.android.app.shealth,2025-09-07 11:00:00.000,b0284b41-987a-4f3d-8e85-340b7da1b64d,
62981551,2025-09-07 11:00:00.000,,0834f127-b4eb-43e5-9c65-0194b6ab64db.binning_data.json,62981551,2025-09-07 12:15:00.120,2025-09-07 12:15:00.120,UTC-0300,hriiVjEkYE,,com.sec.android.app.shealth,2025-09-07 12:00:00.000,0834f127-b4eb-43e5-9c65-0194b6ab64db,
62981551,2025-09-07 12:00:00.000,,19397189-259f-42e9-b258-92d34e662d48.binning_data.json,62981551,2025-09-07 13:10:12.278,2025-09-07 13:10:12.278,UTC-0300,hriiVjEkYE,,com.sec.android.app.shealth,2025-09-07 13:00:00.000,19397189-259f-42e9-b258-92d34e662d48,
62981551,2025-09-07 13:00:00.000,,2ca13415-0f3f-4648-9a14-3986dadf3e28.binning_data.json,62981551,2025-09-07 13:16:10.459,2025-09-07 13:16:10.459,UTC-0300,hriiVjEkYE,,com.sec.android.app.shealth,2025-09-07 13:16:10.377,2ca13415-0f3f-4648-9a14-3986dadf3e28,
62981551,2025-09-10 04:00:00.000,,7f838988-7226-451f-a672-7692b341ac43.binning_data.json,62981551,2025-09-10 05:15:00.925,2025-09-10 05:15:00.925,UTC-0300,hriiVjEkYE,,com.sec.android.app.shealth,2025-09-10 05:00:00.000,7f838988-7226-451f-a672-7692b341ac43,
62981551,2025-09-10 05:00:00.000,,fbd49566-b036-42b0-8153-0afba5405963.binning_data.json,62981551,2025-09-10 06:15:00.760,2025-09-10 06:15:00.760,UTC-0300,hriiVjEkYE,,com.sec.android.app.shealth,2025-09-10 06:00:00.000,fbd49566-b036-42b0-8153-0afba5405963,
62981551,2025-09-10 06:00:00.000,,4578adce-21d5-495b-9fab-2a3f3d514f28.binning_data.json,62981551,2025-09-10 07:15:00.462,2025-09-10 07:15:00.462,UTC-0300,hriiVjEkYE,,com.sec.android.app.shealth,2025-09-10 07:00:00.000,4578adce-21d5-495b-9fab-2a3f3d514f28,
62981551,2025-09-10 07:00:00.000,,9ef3a276-02a9-45ca-b3d5-da1d6db1b17a.binning_data.json,62981551,2025-09-10 08:15:01.138,2025-09-10 08:15:01.138,UTC-0300,hriiVjEkYE,,com.sec.android.app.shealth,2025-09-10 08:00:00.000,9ef3a276-02a9-45ca-b3d5-da1d6db1b17a,
62981551,2025-09-10 08:00:00.000,,eb8572ce-696d-4290-9991-4393062de088.binning_data.json,62981551,2025-09-10 09:05:04.807,2025-09-10 09:05:04.807,UTC-0300,hriiVjEkYE,,com.sec.android.app.shealth,2025-09-10 09:00:00.000,eb8572ce-696d-4290-9991-4393062de088,
62981551,2025-09-10 09:00:00.000,,0c31e355-35a3-4067-a712-c9f53a10dc6d.binning_data.json,62981551,2025-09-10 10:15:00.231,2025-09-10 10:15:00.231,UTC-0300,hriiVjEkYE,,com.sec.android.app.shealth,2025-09-10 10:00:00.000,0c31e355-35a3-4067-a712-c9f53a10dc6d,
62981551,2025-09-10 10:00:00.000,,11150d2d-663e-445a-af66-858a5984a018.binning_data.json,62981551,2025-09-10 11:10:36.693,2025-09-10 11:10:36.693,UTC-0300,hriiVjEkYE,,com.sec.android.app.shealth,2025-09-10 11:00:00.000,11150d2d-663e-445a-af66-858a5984a018,
62981551,2025-09-10 11:00:00.000,,97eb021c-43fb-45a4-9b4c-e5eabc123db8.binning_data.json,62981551,2025-09-10 11:45:28.880,2025-09-10 11:45:28.880,UTC-0300,hriiVjEkYE,,com.sec.android.app.shealth,2025-09-10 11:45:28.715,97eb021c-43fb-45a4-9b4c-e5eabc123db8,
62981551,2025-09-13 04:00:00.000,,1a894abd-e1db-401c-bd39-492577a7b509.binning_data.json,62981551,2025-09-13 05:15:01.074,2025-09-13 05:15:01.074,UTC-0300,hriiVjEkYE,,com.sec.android.app.shealth,2025-09-13 05:00:00.000,1a894abd-e1db-401c-bd39-492577a7b509,
62981551,2025-09-13 05:00:00.000,,5e7912b9-1dbb-487c-82d0-e1ed71372d61.binning_data.json,62981551,2025-09-13 06:15:00.951,2025-09-13 06:15:00.951,UTC-0300,hriiVjEkYE,,com.sec.android.app.shealth,2025-09-13 06:00:00.000,5e7912b9-1dbb-487c-82d0-e1ed71372d61,
62981551,2025-09-13 06:00:00.000,,11d56a44-1c5a-441d-9c90-2f97682012ca.binning_data.json,62981551,2025-09-13 07:15:00.882,2025-09-13 07:15:00.882,UTC-0300,hriiVjEkYE,,com.sec.android.app.shealth,2025-09-13 07:00:00.000,11d56a44-1c5a-441d-9c90-2f97682012ca,
62981551,2025-09-13 07:00:00.000,,08543a07-58bb-40cf-b24d-3296a84c95d3.binning_data.json,62981551,2025-09-13 08:15:00.846,2025-09-13 08:15:00.846,UTC-0300,hriiVjEkYE,,com.sec.android.app.shealth,2025-09-13 08:00:00.000,08543a07-58bb-40cf-b24d-3296a84c95d3,
62981551,2025-09-13 08:00:00.000,,78bce128-4eff-4da2-8357-ff3ef9a5b3e1.binning_data.json,62981551,2025-09-13 09:15:01.079,2025-09-13 09:15:01.079,UTC-0300,hriiVjEkYE,,com.sec.android.app.shealth,2025-09-13 09:00:00.000,78bce128-4eff-4da2-8357-ff3ef9a5b3e1,
62981551,2025-09-13 09:00:00.000,,dddd1594-2d4b-41f9-9229-5664eb43d57f.binning_data.json,62981551,2025-09-13 10:15:00.824,2025-09-13 10:15:00.824,UTC-0300,hriiVjEkYE,,com.sec.android.app.shealth,2025-09-13 10:00:00.000,dddd1594-2d4b-41f9-9229-5664eb43d57f,
62981551,2025-09-13 10:00:00.000,,16c3dfbc-df9c-43c3-baef-14e125d60dc4.binning_data.json,62981551,2025-09-13 11:12:34.592,2025-09-13 11:12:34.592,UTC-0300,hriiVjEkYE,,com.sec.android.app.shealth,2025-09-13 11:00:00.000,16c3dfbc-df9c-43c3-baef-14e125d60dc4,
62981551,2025-09-13 11:00:00.000,,8f633f8b-9c41-4ca8-bde1-510a4acc12f4.binning_data.json,62981551,2025-09-13 12:12:53.614,2025-09-13 12:12:53.614,UTC-0300,hriiVjEkYE,,com.sec.android.app.shealth,2025-09-13 12:00:00.000,8f633f8b-9c41-4ca8-bde1-510a4acc12f4,
62981551,2025-09-13 12:00:00.000,,25669d3b-4c58-4d22-b1ef-9253e1e8653f.binning_data.json,62981551,2025-09-13 13:15:01.180,2025-09-13 13:15:01.180,UTC-0300,hriiVjEkYE,,com.sec.android.app.shealth,2025-09-13 13:00:00.000,25669d3b-4c58-4d22-b1ef-9253e1e8653f,
62981551,2025-09-13 13:00:00.000,,3a6570c4-cbe3-4465-a2d7-95ead46c8d4f.binning_data.json,62981551,2025-09-13 13:31:20.219,2025-09-13 13:31:20.219,UTC-0300,hriiVjEkYE,,com.sec.android.app.shealth,2025-09-13 13:31:20.142,3a6570c4-cbe3-4465-a2d7-95ead46c8d4f,
62981551,2025-09-14 04:00:00.000,,7e6bb298-e5ee-4b4c-90b8-f6addc6fe133.binning_data.json,62981551,2025-09-14 05:15:00.988,2025-09-14 05:15:00.988,UTC-0300,hriiVjEkYE,,com.sec.android.app.shealth,2025-09-14 05:00:00.000,7e6bb298-e5ee-4b4c-90b8-f6addc6fe133,
62981551,2025-09-14 05:00:00.000,,d528c52b-c3ad-41bf-9343-5dd66356ce98.binning_data.json,62981551,2025-09-14 06:15:00.813,2025-09-14 06:15:00.813,UTC-0300,hriiVjEkYE,,com.sec.android.app.shealth,2025-09-14 06:00:00.000,d528c52b-c3ad-41bf-9343-5dd66356ce98,
62981551,2025-09-14 06:00:00.000,,06c7b49a-4bfd-4eda-ba1f-a3f1445c06c0.binning_data.json,62981551,2025-09-14 07:15:00.777,2025-09-14 07:15:00.777,UTC-0300,hriiVjEkYE,,com.sec.android.app.shealth,2025-09-14 07:00:00.000,06c7b49a-4bfd-4eda-ba1f-a3f1445c06c0,
62981551,2025-09-14 07:00:00.000,,177ced5a-5c8a-4ca1-af90-1e4057ea9cc9.binning_data.json,62981551,2025-09-14 08:15:00.617,2025-09-14 08:15:00.617,UTC-0300,hriiVjEkYE,,com.sec.android.app.shealth,2025-09-14 08:00:00.000,177ced5a-5c8a-4ca1-af90-1e4057ea9cc9,
62981551,2025-09-14 08:00:00.000,,90349117-0392-48f4-9bcc-076f5d203cc2.binning_data.json,62981551,2025-09-14 09:15:00.622,2025-09-14 09:15:00.622,UTC-0300,hriiVjEkYE,,com.sec.android.app.shealth,2025-09-14 09:00:00.000,90349117-0392-48f4-9bcc-076f5d203cc2,
62981551,2025-09-14 09:00:00.000,,16f38d6f-19c2-48b0-aa29-cafc279f23c1.binning_data.json,62981551,2025-09-14 10:10:57.154,2025-09-14 10:10:57.154,UTC-0300,hriiVjEkYE,,com.sec.android.app.shealth,2025-09-14 10:00:00.000,16f38d6f-19c2-48b0-aa29-cafc279f23c1,
62981551,2025-09-14 10:00:00.000,,fb0057b7-1b2e-4041-8339-53dbf5e358f8.binning_data.json,62981551,2025-09-14 11:15:00.825,2025-09-14 11:15:00.825,UTC-0300,hriiVjEkYE,,com.sec.android.app.shealth,2025-09-14 11:00:00.000,fb0057b7-1b2e-4041-8339-53dbf5e358f8,
62981551,2025-09-14 11:00:00.000,,e36c0006-077a-4aec-a5b0-7b78d7c6fa35.binning_data.json,62981551,2025-09-14 12:12:00.874,2025-09-14 12:12:00.874,UTC-0300,hriiVjEkYE,,com.sec.android.app.shealth,2025-09-14 12:00:00.000,e36c0006-077a-4aec-a5b0-7b78d7c6fa35,
62981551,2025-09-14 12:00:00.000,,4e077e68-dda4-471c-b623-947fe8036227.binning_data.json,62981551,2025-09-14 13:11:35.255,2025-09-14 13:11:35.255,UTC-0300,hriiVjEkYE,,com.sec.android.app.shealth,2025-09-14 13:00:00.000,4e077e68-dda4-471c-b623-947fe8036227,
62981551,2025-09-14 13:00:00.000,,40c560cc-ba1a-4506-ad31-0411511ee4e8.binning_data.json,62981551,2025-09-14 14:08:56.361,2025-09-14 14:08:56.277,UTC-0300,hriiVjEkYE,,com.sec.android.app.shealth,2025-09-14 14:00:00.000,40c560cc-ba1a-4506-ad31-0411511ee4e8,
62981551,2025-09-15 04:00:00.000,,2e192a0e-4fc1-443f-8bd1-b34961ac9da9.binning_data.json,62981551,2025-09-15 05:15:00.835,2025-09-15 05:15:00.835,UTC-0300,hriiVjEkYE,,com.sec.android.app.shealth,2025-09-15 05:00:00.000,2e192a0e-4fc1-443f-8bd1-b34961ac9da9,
62981551,2025-09-15 05:00:00.000,,4bb78a91-fcc0-469a-8f94-8e15e48fd99d.binning_data.json,62981551,2025-09-15 06:15:00.913,2025-09-15 06:15:00.913,UTC-0300,hriiVjEkYE,,com.sec.android.app.shealth,2025-09-15 06:00:00.000,4bb78a91-fcc0-469a-8f94-8e15e48fd99d,
62981551,2025-09-15 06:00:00.000,,c043f3b7-0141-4c06-aed1-fef17686cdf4.binning_data.json,62981551,2025-09-15 07:15:00.142,2025-09-15 07:15:00.142,UTC-0300,hriiVjEkYE,,com.sec.android.app.shealth,2025-09-15 07:00:00.000,c043f3b7-0141-4c06-aed1-fef17686cdf4,
62981551,2025-09-15 07:00:00.000,,3637f31f-800d-4ab9-a23b-660851c7e815.binning_data.json,62981551,2025-09-15 08:15:00.237,2025-09-15 08:15:00.237,UTC-0300,hriiVjEkYE,,com.sec.android.app.shealth,2025-09-15 08:00:00.000,3637f31f-800d-4ab9-a23b-660851c7e815,
62981551,2025-09-15 08:00:00.000,,8e951f81-265f-46c7-8402-5ee2ead1271c.binning_data.json,62981551,2025-09-15 09:10:01.092,2025-09-15 09:10:01.092,UTC-0300,hriiVjEkYE,,com.sec.android.app.shealth,2025-09-15 09:00:00.000,8e951f81-265f-46c7-8402-5ee2ead1271c,
62981551,2025-09-15 09:00:00.000,,ab90a3ba-5760-4707-a988-311c12bb08a9.binning_data.json,62981551,2025-09-15 10:15:00.288,2025-09-15 10:15:00.288,UTC-0300,hriiVjEkYE,,com.sec.android.app.shealth,2025-09-15 10:00:00.000,ab90a3ba-5760-4707-a988-311c12bb08a9,
62981551,2025-09-15 10:00:00.000,,0116731d-3927-4898-9fcd-409ee8965a8a.binning_data.json,62981551,2025-09-15 11:08:23.143,2025-09-15 11:08:23.143,UTC-0300,hriiVjEkYE,,com.sec.android.app.shealth,2025-09-15 11:00:00.000,0116731d-3927-4898-9fcd-409ee8965a8a,
62981551,2025-09-15 11:00:00.000,,e30f9a52-7201-477d-b3df-98b4462abf60.binning_data.json,62981551,2025-09-15 11:35:01.727,2025-09-15 11:35:01.727,UTC-0300,hriiVjEkYE,,com.sec.android.app.shealth,2025-09-15 11:35:01.616,e30f9a52-7201-477d-b3df-98b4462abf60,
62981551,2025-09-16 03:00:00.000,,0819ae19-88d5-4d3d-a11c-049b1c2c0ef1.binning_data.json,62981551,2025-09-16 04:15:00.854,2025-09-16 04:15:00.854,UTC-0300,hriiVjEkYE,,com.sec.android.app.shealth,2025-09-16 04:00:00.000,0819ae19-88d5-4d3d-a11c-049b1c2c0ef1,
62981551,2025-09-16 04:00:00.000,,2e365de4-a426-4cd8-a74b-b5bf7454325c.binning_data.json,62981551,2025-09-16 05:15:00.846,2025-09-16 05:15:00.846,UTC-0300,hriiVjEkYE,,com.sec.android.app.shealth,2025-09-16 05:00:00.000,2e365de4-a426-4cd8-a74b-b5bf7454325c,
62981551,2025-09-16 05:00:00.000,,0cacbe19-098e-4db6-9934-ac81c77ccf69.binning_data.json,62981551,2025-09-16 06:15:00.984,2025-09-16 06:15:00.984,UTC-0300,hriiVjEkYE,,com.sec.android.app.shealth,2025-09-16 06:00:00.000,0cacbe19-098e-4db6-9934-ac81c77ccf69,
62981551,2025-09-16 06:00:00.000,,5d55379f-01d8-470f-b462-1392ccf0de9e.binning_data.json,62981551,2025-09-16 07:15:00.793,2025-09-16 07:15:00.793,UTC-0300,hriiVjEkYE,,com.sec.android.app.shealth,2025-09-16 07:00:00.000,5d55379f-01d8-470f-b462-1392ccf0de9e,
62981551,2025-09-16 07:00:00.000,,923555f7-83a8-498e-a3db-7bd8630e2e66.binning_data.json,62981551,2025-09-16 08:07:12.737,2025-09-16 08:07:12.737,UTC-0300,hriiVjEkYE,,com.sec.android.app.shealth,2025-09-16 08:00:00.000,923555f7-83a8-498e-a3db-7bd8630e2e66,
62981551,2025-09-16 08:00:00.000,,4707631b-73cd-40d4-9218-779272079bdd.binning_data.json,62981551,2025-09-16 09:15:01.085,2025-09-16 09:15:01.085,UTC-0300,hriiVjEkYE,,com.sec.android.app.shealth,2025-09-16 09:00:00.000,4707631b-73cd-40d4-9218-779272079bdd,
62981551,2025-09-16 09:00:00.000,,715f55d4-8975-491e-8f78-4d7288f1ab4d.binning_data.json,62981551,2025-09-16 10:03:39.564,2025-09-16 10:03:39.564,UTC-0300,hriiVjEkYE,,com.sec.android.app.shealth,2025-09-16 10:00:00.000,715f55d4-8975-491e-8f78-4d7288f1ab4d,
62981551,2025-09-17 03:00:00.000,,4d6d7a8a-968d-4eef-a1df-e11c5499fc7d.binning_data.json,62981551,2025-09-17 04:15:00.628,2025-09-17 04:15:00.628,UTC-0300,hriiVjEkYE,,com.sec.android.app.shealth,2025-09-17 04:00:00.000,4d6d7a8a-968d-4eef-a1df-e11c5499fc7d,
62981551,2025-09-17 04:00:00.000,,dcf55614-01be-4e0b-889c-e1bfe30f8557.binning_data.json,62981551,2025-09-17 05:15:00.241,2025-09-17 05:15:00.241,UTC-0300,hriiVjEkYE,,com.sec.android.app.shealth,2025-09-17 05:00:00.000,dcf55614-01be-4e0b-889c-e1bfe30f8557,
62981551,2025-09-17 05:00:00.000,,42b58b25-7910-4194-aef9-519ff932380d.binning_data.json,62981551,2025-09-17 06:15:00.220,2025-09-17 06:15:00.220,UTC-0300,hriiVjEkYE,,com.sec.android.app.shealth,2025-09-17 06:00:00.000,42b58b25-7910-4194-aef9-519ff932380d,
62981551,2025-09-17 06:00:00.000,,ab27336c-2750-4e95-af64-f1c8110053c9.binning_data.json,62981551,2025-09-17 07:06:46.202,2025-09-17 07:06:46.202,UTC-0300,hriiVjEkYE,,com.sec.android.app.shealth,2025-09-17 07:00:00.000,ab27336c-2750-4e95-af64-f1c8110053c9,
62981551,2025-09-17 07:00:00.000,,94ff1e9b-ac6f-4fdb-91d6-326f1a4b937d.binning_data.json,62981551,2025-09-17 08:15:00.073,2025-09-17 08:15:00.073,UTC-0300,hriiVjEkYE,,com.sec.android.app.shealth,2025-09-17 08:00:00.000,94ff1e9b-ac6f-4fdb-91d6-326f1a4b937d,
62981551,2025-09-17 08:00:00.000,,00178100-bf7a-4d38-935d-e04e23138d9b.binning_data.json,62981551,2025-09-17 09:15:00.911,2025-09-17 09:15:00.911,UTC-0300,hriiVjEkYE,,com.sec.android.app.shealth,2025-09-17 09:00:00.000,00178100-bf7a-4d38-935d-e04e23138d9b,
62981551,2025-09-17 09:00:00.000,,4d411504-4a7a-41df-9dbd-6a79ce4ae6db.binning_data.json,62981551,2025-09-17 10:11:32.980,2025-09-17 10:11:32.980,UTC-0300,hriiVjEkYE,,com.sec.android.app.shealth,2025-09-17 10:00:00.000,4d411504-4a7a-41df-9dbd-6a79ce4ae6db,
62981551,2025-09-18 03:00:00.000,,9f38cf02-b433-4a0b-b81f-4e548ef91e9c.binning_data.json,62981551,2025-09-18 04:15:00.087,2025-09-18 04:15:00.087,UTC-0300,hriiVjEkYE,,com.sec.android.app.shealth,2025-09-18 04:00:00.000,9f38cf02-b433-4a0b-b81f-4e548ef91e9c,
62981551,2025-09-18 04:00:00.000,,831599e5-b624-427c-a889-38e0ed1a4d84.binning_data.json,62981551,2025-09-18 05:15:00.103,2025-09-18 05:15:00.103,UTC-0300,hriiVjEkYE,,com.sec.android.app.shealth,2025-09-18 05:00:00.000,831599e5-b624-427c-a889-38e0ed1a4d84,
62981551,2025-09-18 05:00:00.000,,91fb0a7e-cca8-4750-863e-d661d3e9b4dd.binning_data.json,62981551,2025-09-18 06:15:00.102,2025-09-18 06:15:00.102,UTC-0300,hriiVjEkYE,,com.sec.android.app.shealth,2025-09-18 06:00:00.000,91fb0a7e-cca8-4750-863e-d661d3e9b4dd,
62981551,2025-09-18 06:00:00.000,,462d7576-eb81-4275-a33f-18c9c4b20c92.binning_data.json,62981551,2025-09-18 07:15:00.027,2025-09-18 07:15:00.027,UTC-0300,hriiVjEkYE,,com.sec.android.app.shealth,2025-09-18 07:00:00.000,462d7576-eb81-4275-a33f-18c9c4b20c92,
62981551,2025-09-18 07:00:00.000,,996543c6-5318-440f-9857-f57a82455afd.binning_data.json,62981551,2025-09-18 08:07:54.550,2025-09-18 08:07:54.550,UTC-0300,hriiVjEkYE,,com.sec.android.app.shealth,2025-09-18 08:00:00.000,996543c6-5318-440f-9857-f57a82455afd,
62981551,2025-09-18 08:00:00.000,,c1a7de8b-60a8-490c-9c37-a0d87004ce77.binning_data.json,62981551,2025-09-18 09:15:00.039,2025-09-18 09:15:00.039,UTC-0300,hriiVjEkYE,,com.sec.android.app.shealth,2025-09-18 09:00:00.000,c1a7de8b-60a8-490c-9c37-a0d87004ce77,
62981551,2025-09-18 09:00:00.000,,1228c479-a5aa-417c-b4b2-834ea4d420cc.binning_data.json,62981551,2025-09-18 10:08:34.351,2025-09-18 10:08:34.351,UTC-0300,hriiVjEkYE,,com.sec.android.app.shealth,2025-09-18 10:00:00.000,1228c479-a5aa-417c-b4b2-834ea4d420cc,
62981551,2025-09-18 10:00:00.000,,7d0023bf-2bfd-4f38-a039-725374e9ed62.binning_data.json,62981551,2025-09-18 10:30:49.582,2025-09-18 10:30:49.582,UTC-0300,hriiVjEkYE,,com.sec.android.app.shealth,2025-09-18 10:30:49.513,7d0023bf-2bfd-4f38-a039-725374e9ed62,
62981551,2025-09-19 03:00:00.000,,c52d1796-1d03-40d3-bb50-213c24d73378.binning_data.json,62981551,2025-09-19 04:15:01.000,2025-09-19 04:15:01.000,UTC-0300,hriiVjEkYE,,com.sec.android.app.shealth,2025-09-19 04:00:00.000,c52d1796-1d03-40d3-bb50-213c24d73378,
62981551,2025-09-19 04:00:00.000,,3feeefe5-4aad-4659-9444-ec2387fe1567.binning_data.json,62981551,2025-09-19 05:15:01.517,2025-09-19 05:15:01.517,UTC-0300,hriiVjEkYE,,com.sec.android.app.shealth,2025-09-19 05:00:00.000,3feeefe5-4aad-4659-9444-ec2387fe1567,
62981551,2025-09-19 05:00:00.000,,4a70dd1a-77e5-42cd-9e3c-e5a7e477ee0d.binning_data.json,62981551,2025-09-19 06:05:09.350,2025-09-19 06:05:09.350,UTC-0300,hriiVjEkYE,,com.sec.android.app.shealth,2025-09-19 06:00:00.000,4a70dd1a-77e5-42cd-9e3c-e5a7e477ee0d,
62981551,2025-09-19 06:00:00.000,,ac9664eb-adfe-40bb-bc63-7a13e30f7887.binning_data.json,62981551,2025-09-19 07:15:01.482,2025-09-19 07:15:01.482,UTC-0300,hriiVjEkYE,,com.sec.android.app.shealth,2025-09-19 07:00:00.000,ac9664eb-adfe-40bb-bc63-7a13e30f7887,
62981551,2025-09-19 07:00:00.000,,3aa771f2-381d-43eb-97d4-e5d59f263a06.binning_data.json,62981551,2025-09-19 08:15:01.048,2025-09-19 08:15:01.048,UTC-0300,hriiVjEkYE,,com.sec.android.app.shealth,2025-09-19 08:00:00.000,3aa771f2-381d-43eb-97d4-e5d59f263a06,
62981551,2025-09-19 08:00:00.000,,9986a02e-8ef6-404d-b6c4-7fa086010869.binning_data.json,62981551,2025-09-19 09:15:01.606,2025-09-19 09:15:01.606,UTC-0300,hriiVjEkYE,,com.sec.android.app.shealth,2025-09-19 09:00:00.000,9986a02e-8ef6-404d-b6c4-7fa086010869,
62981551,2025-09-19 09:00:00.000,,fd26106f-60ae-455a-bc5d-828ac3d4c9ec.binning_data.json,62981551,2025-09-19 10:07:38.016,2025-09-19 10:07:38.016,UTC-0300,hriiVjEkYE,,com.sec.android.app.shealth,2025-09-19 10:00:00.000,fd26106f-60ae-455a-bc5d-828ac3d4c9ec,
62981551,2025-09-19 10:00:00.000,,5fa00866-19cb-4d3e-b336-2cad469cd925.binning_data.json,62981551,2025-09-19 10:41:56.513,2025-09-19 10:41:56.513,UTC-0300,hriiVjEkYE,,com.sec.android.app.shealth,2025-09-19 10:41:56.381,5fa00866-19cb-4d3e-b336-2cad469cd925,
62981551,2025-09-23 02:00:00.000,,df3a6301-5b87-432f-9a7c-088925a784db.binning_data.json,62981551,2025-09-23 03:15:00.014,2025-09-23 03:15:00.014,UTC-0300,hriiVjEkYE,,com.sec.android.app.shealth,2025-09-23 03:00:00.000,df3a6301-5b87-432f-9a7c-088925a784db,
62981551,2025-09-23 03:00:00.000,,02dc5375-8124-4323-b7d9-a116e524ac27.binning_data.json,62981551,2025-09-23 04:05:14.602,2025-09-23 04:05:14.602,UTC-0300,hriiVjEkYE,,com.sec.android.app.shealth,2025-09-23 04:00:00.000,02dc5375-8124-4323-b7d9-a116e524ac27,
62981551,2025-09-23 04:00:00.000,,0b3ce30d-175f-469d-9e75-85a54d199d16.binning_data.json,62981551,2025-09-23 05:14:59.568,2025-09-23 05:14:59.568,UTC-0300,hriiVjEkYE,,com.sec.android.app.shealth,2025-09-23 05:00:00.000,0b3ce30d-175f-469d-9e75-85a54d199d16,
62981551,2025-09-23 05:00:00.000,,2f360fea-9aae-4ca5-b8fa-1a27859e20b6.binning_data.json,62981551,2025-09-23 06:14:59.660,2025-09-23 06:14:59.660,UTC-0300,hriiVjEkYE,,com.sec.android.app.shealth,2025-09-23 06:00:00.000,2f360fea-9aae-4ca5-b8fa-1a27859e20b6,
62981551,2025-09-23 06:00:00.000,,f4ef1ddf-c4a0-4edb-bb85-51dbe83f3543.binning_data.json,62981551,2025-09-23 07:08:58.921,2025-09-23 07:08:58.921,UTC-0300,hriiVjEkYE,,com.sec.android.app.shealth,2025-09-23 07:00:00.000,f4ef1ddf-c4a0-4edb-bb85-51dbe83f3543,
62981551,2025-09-23 07:00:00.000,,e3981117-30fa-4e48-bbd5-65ebc65e2b2f.binning_data.json,62981551,2025-09-23 08:14:59.573,2025-09-23 08:14:59.573,UTC-0300,hriiVjEkYE,,com.sec.android.app.shealth,2025-09-23 08:00:00.000,e3981117-30fa-4e48-bbd5-65ebc65e2b2f,
62981551,2025-09-23 08:00:00.000,,6fa7aa44-aa27-4693-a9f0-69f18d2c3069.binning_data.json,62981551,2025-09-23 09:14:59.586,2025-09-23 09:14:59.586,UTC-0300,hriiVjEkYE,,com.sec.android.app.shealth,2025-09-23 09:00:00.000,6fa7aa44-aa27-4693-a9f0-69f18d2c3069,
62981551,2025-09-23 09:00:00.000,,d6af7d1f-f980-41d5-951c-d9bac74dfecb.binning_data.json,62981551,2025-09-23 10:06:01.655,2025-09-23 10:06:01.655,UTC-0300,hriiVjEkYE,,com.sec.android.app.shealth,2025-09-23 10:00:00.000,d6af7d1f-f980-41d5-951c-d9bac74dfecb,
62981551,2025-09-25 03:00:00.000,,ee2f85e5-fe88-421c-bf05-f7e848a9a4c8.binning_data.json,62981551,2025-09-25 04:08:28.323,2025-09-25 04:08:28.323,UTC-0300,hriiVjEkYE,,com.sec.android.app.shealth,2025-09-25 04:00:00.000,ee2f85e5-fe88-421c-bf05-f7e848a9a4c8,
62981551,2025-09-25 04:00:00.000,,cf4276dd-fec7-4c94-8f0f-581cfae7a860.binning_data.json,62981551,2025-09-25 05:15:00.234,2025-09-25 05:15:00.234,UTC-0300,hriiVjEkYE,,com.sec.android.app.shealth,2025-09-25 05:00:00.000,cf4276dd-fec7-4c94-8f0f-581cfae7a860,
62981551,2025-09-25 05:00:00.000,,07f07586-787c-4795-85b5-8db2d79f467e.binning_data.json,62981551,2025-09-25 06:15:00.193,2025-09-25 06:15:00.193,UTC-0300,hriiVjEkYE,,com.sec.android.app.shealth,2025-09-25 06:00:00.000,07f07586-787c-4795-85b5-8db2d79f467e,
62981551,2025-09-25 06:00:00.000,,edcbf539-eec0-4a9d-8cf4-f5856eb46a9a.binning_data.json,62981551,2025-09-25 07:06:54.420,2025-09-25 07:06:54.420,UTC-0300,hriiVjEkYE,,com.sec.android.app.shealth,2025-09-25 07:00:00.000,edcbf539-eec0-4a9d-8cf4-f5856eb46a9a,
62981551,2025-09-25 07:00:00.000,,3459bf45-17f4-4fe4-b50d-88df31493218.binning_data.json,62981551,2025-09-25 08:15:01.009,2025-09-25 08:15:01.009,UTC-0300,hriiVjEkYE,,com.sec.android.app.shealth,2025-09-25 08:00:00.000,3459bf45-17f4-4fe4-b50d-88df31493218,
62981551,2025-09-25 08:00:00.000,,b0b3f918-610b-428c-b62f-6d694afeafd4.binning_data.json,62981551,2025-09-25 09:15:00.954,2025-09-25 09:15:00.954,UTC-0300,hriiVjEkYE,,com.sec.android.app.shealth,2025-09-25 09:00:00.000,b0b3f918-610b-428c-b62f-6d694afeafd4,
62981551,2025-09-25 09:00:00.000,,f455af5a-9119-493d-8656-5466b7de6a10.binning_data.json,62981551,2025-09-25 10:15:00.959,2025-09-25 10:15:00.959,UTC-0300,hriiVjEkYE,,com.sec.android.app.shealth,2025-09-25 10:00:00.000,f455af5a-9119-493d-8656-5466b7de6a10,
62981551,2025-09-25 10:00:00.000,,b470d2d1-c354-40a3-b21d-db31f2205c46.binning_data.json,62981551,2025-09-25 10:44:10.917,2025-09-25 10:44:10.917,UTC-0300,hriiVjEkYE,,com.sec.android.app.shealth,2025-09-25 10:44:10.872,b470d2d1-c354-40a3-b21d-db31f2205c46,
62981551,2025-09-26 04:00:00.000,,2ffe8155-e3af-4d2c-bac7-7ad11799e434.binning_data.json,62981551,2025-09-26 05:15:01.024,2025-09-26 05:15:01.024,UTC-0300,hriiVjEkYE,,com.sec.android.app.shealth,2025-09-26 05:00:00.000,2ffe8155-e3af-4d2c-bac7-7ad11799e434,
62981551,2025-09-26 05:00:00.000,,78ce3ddf-7cb9-4cfd-9ffe-10481c3eecbf.binning_data.json,62981551,2025-09-26 06:15:00.211,2025-09-26 06:15:00.211,UTC-0300,hriiVjEkYE,,com.sec.android.app.shealth,2025-09-26 06:00:00.000,78ce3ddf-7cb9-4cfd-9ffe-10481c3eecbf,
62981551,2025-09-26 06:00:00.000,,944da6e7-3913-4008-9e22-f4c2454d4147.binning_data.json,62981551,2025-09-26 07:15:00.610,2025-09-26 07:15:00.610,UTC-0300,hriiVjEkYE,,com.sec.android.app.shealth,2025-09-26 07:00:00.000,944da6e7-3913-4008-9e22-f4c2454d4147,
62981551,2025-09-26 07:00:00.000,,93009151-71d1-4942-ba68-5e26037237d7.binning_data.json,62981551,2025-09-26 08:15:00.681,2025-09-26 08:15:00.681,UTC-0300,hriiVjEkYE,,com.sec.android.app.shealth,2025-09-26 08:00:00.000,93009151-71d1-4942-ba68-5e26037237d7,
62981551,2025-09-26 08:00:00.000,,671ebb80-2dd1-4bb7-8fbe-f074a209fe29.binning_data.json,62981551,2025-09-26 09:15:00.751,2025-09-26 09:15:00.751,UTC-0300,hriiVjEkYE,,com.sec.android.app.shealth,2025-09-26 09:00:00.000,671ebb80-2dd1-4bb7-8fbe-f074a209fe29,
62981551,2025-09-26 09:00:00.000,,fedff505-59d1-4a26-a9be-c9a4b3ab48fc.binning_data.json,62981551,2025-09-26 10:11:08.486,2025-09-26 10:11:08.486,UTC-0300,hriiVjEkYE,,com.sec.android.app.shealth,2025-09-26 10:00:00.000,fedff505-59d1-4a26-a9be-c9a4b3ab48fc,
62981551,2025-09-26 10:00:00.000,,b6c2bf57-1d6a-4525-901a-c5ae33d9a8a0.binning_data.json,62981551,2025-09-26 10:21:57.361,2025-09-26 10:21:57.361,UTC-0300,hriiVjEkYE,,com.sec.android.app.shealth,2025-09-26 10:21:57.292,b6c2bf57-1d6a-4525-901a-c5ae33d9a8a0,
62981551,2025-09-29 03:00:00.000,,eee168b1-3c69-4e23-9e37-a79c09a85573.binning_data.json,62981551,2025-09-29 04:15:00.165,2025-09-29 04:15:00.165,UTC-0300,hriiVjEkYE,,com.sec.android.app.shealth,2025-09-29 04:00:00.000,eee168b1-3c69-4e23-9e37-a79c09a85573,
62981551,2025-09-29 04:00:00.000,,4cf71e7b-f997-4c75-be5e-e4699d0df706.binning_data.json,62981551,2025-09-29 05:15:01.092,2025-09-29 05:15:01.092,UTC-0300,hriiVjEkYE,,com.sec.android.app.shealth,2025-09-29 05:00:00.000,4cf71e7b-f997-4c75-be5e-e4699d0df706,
62981551,2025-09-29 05:00:00.000,,10bd410c-7641-4f0a-a9c4-8653b4c6ae40.binning_data.json,62981551,2025-09-29 06:15:00.856,2025-09-29 06:15:00.856,UTC-0300,hriiVjEkYE,,com.sec.android.app.shealth,2025-09-29 06:00:00.000,10bd410c-7641-4f0a-a9c4-8653b4c6ae40,
62981551,2025-09-29 06:00:00.000,,9a61ce72-09f5-4c3e-a874-8ecd6978c9af.binning_data.json,62981551,2025-09-29 07:15:00.777,2025-09-29 07:15:00.777,UTC-0300,hriiVjEkYE,,com.sec.android.app.shealth,2025-09-29 07:00:00.000,9a61ce72-09f5-4c3e-a874-8ecd6978c9af,
62981551,2025-09-29 07:00:00.000,,4bec37b2-3a49-42b5-bbf0-4b919601f21d.binning_data.json,62981551,2025-09-29 08:15:00.899,2025-09-29 08:15:00.899,UTC-0300,hriiVjEkYE,,com.sec.android.app.shealth,2025-09-29 08:00:00.000,4bec37b2-3a49-42b5-bbf0-4b919601f21d,
62981551,2025-09-29 08:00:00.000,,150a199c-ce32-44ef-abcb-412471ba035f.binning_data.json,62981551,2025-09-29 09:15:01.094,2025-09-29 09:15:01.094,UTC-0300,hriiVjEkYE,,com.sec.android.app.shealth,2025-09-29 09:00:00.000,150a199c-ce32-44ef-abcb-412471ba035f,
62981551,2025-09-29 09:00:00.000,,a454b77e-c9ce-41ec-8089-d1aceab1ad4e.binning_data.json,62981551,2025-09-29 10:08:59.248,2025-09-29 10:08:59.248,UTC-0300,hriiVjEkYE,,com.sec.android.app.shealth,2025-09-29 10:00:00.000,a454b77e-c9ce-41ec-8089-d1aceab1ad4e,
62981551,2025-09-29 10:00:00.000,,1b420104-08fd-442a-b963-4126aae1d4e4.binning_data.json,62981551,2025-09-29 10:14:39.916,2025-09-29 10:14:39.916,UTC-0300,hriiVjEkYE,,com.sec.android.app.shealth,2025-09-29 10:14:39.779,1b420104-08fd-442a-b963-4126aae1d4e4,
62981551,2025-09-30 03:00:00.000,,13a442b9-cd7b-482a-8d02-d1743ffbd603.binning_data.json,62981551,2025-09-30 04:15:00.525,2025-09-30 04:15:00.525,UTC-0300,hriiVjEkYE,,com.sec.android.app.shealth,2025-09-30 04:00:00.000,13a442b9-cd7b-482a-8d02-d1743ffbd603,
62981551,2025-09-30 04:00:00.000,,7e6f10c5-0598-4bf7-bd7c-47fcce6e93c0.binning_data.json,62981551,2025-09-30 05:09:32.474,2025-09-30 05:09:32.474,UTC-0300,hriiVjEkYE,,com.sec.android.app.shealth,2025-09-30 05:00:00.000,7e6f10c5-0598-4bf7-bd7c-47fcce6e93c0,
62981551,2025-09-30 05:00:00.000,,d7c1695a-862e-4c4a-8d52-238fa07cf5bd.binning_data.json,62981551,2025-09-30 06:15:01.025,2025-09-30 06:15:01.025,UTC-0300,hriiVjEkYE,,com.sec.android.app.shealth,2025-09-30 06:00:00.000,d7c1695a-862e-4c4a-8d52-238fa07cf5bd,
62981551,2025-09-30 06:00:00.000,,40996d9f-9be7-44b8-ae34-07da3dac998b.binning_data.json,62981551,2025-09-30 07:15:00.687,2025-09-30 07:15:00.687,UTC-0300,hriiVjEkYE,,com.sec.android.app.shealth,2025-09-30 07:00:00.000,40996d9f-9be7-44b8-ae34-07da3dac998b,
62981551,2025-09-30 07:00:00.000,,cf9287cf-1ca2-4db8-84fe-55d44100c190.binning_data.json,62981551,2025-09-30 08:07:37.415,2025-09-30 08:07:37.415,UTC-0300,hriiVjEkYE,,com.sec.android.app.shealth,2025-09-30 08:00:00.000,cf9287cf-1ca2-4db8-84fe-55d44100c190,
62981551,2025-09-30 08:00:00.000,,647e86f4-b4de-4c07-8af5-8d34a3f3ec8a.binning_data.json,62981551,2025-09-30 09:15:00.424,2025-09-30 09:15:00.424,UTC-0300,hriiVjEkYE,,com.sec.android.app.shealth,2025-09-30 09:00:00.000,647e86f4-b4de-4c07-8af5-8d34a3f3ec8a,
62981551,2025-09-30 09:00:00.000,,0bf649d1-c3eb-413e-95ef-ed1e6610a330.binning_data.json,62981551,2025-09-30 10:15:00.952,2025-09-30 09:46:54.982,UTC-0300,hriiVjEkYE,,com.sec.android.app.shealth,2025-09-30 10:00:00.000,0bf649d1-c3eb-413e-95ef-ed1e6610a330,
62981551,2025-09-30 10:00:00.000,,7aa0b773-fcd8-446d-a714-2dd2692de14b.binning_data.json,62981551,2025-09-30 11:10:32.684,2025-09-30 11:10:32.684,UTC-0300,hriiVjEkYE,,com.sec.android.app.shealth,2025-09-30 11:00:00.000,7aa0b773-fcd8-446d-a714-2dd2692de14b,
62981551,2025-09-30 11:00:00.000,,46a11ca0-c649-4632-b880-1d87586bfbb3.binning_data.json,62981551,2025-09-30 11:45:17.010,2025-09-30 11:45:17.010,UTC-0300,hriiVjEkYE,,com.sec.android.app.shealth,2025-09-30 11:45:16.910,46a11ca0-c649-4632-b880-1d87586bfbb3,
62981551,2025-10-01 03:00:00.000,,55931be7-0de7-4c0a-8910-f8d092f20d36.binning_data.json,62981551,2025-10-01 04:15:01.015,2025-10-01 04:15:01.015,UTC-0300,hriiVjEkYE,,com.sec.android.app.shealth,2025-10-01 04:00:00.000,55931be7-0de7-4c0a-8910-f8d092f20d36,
62981551,2025-10-01 04:00:00.000,,b33887dc-6240-4984-a35c-e4596e67b664.binning_data.json,62981551,2025-10-01 05:15:00.841,2025-10-01 05:15:00.841,UTC-0300,hriiVjEkYE,,com.sec.android.app.shealth,2025-10-01 05:00:00.000,b33887dc-6240-4984-a35c-e4596e67b664,
62981551,2025-10-01 05:00:00.000,,b26c4dab-2e07-459f-90b2-03de6372eb50.binning_data.json,62981551,2025-10-01 06:15:00.517,2025-10-01 06:15:00.517,UTC-0300,hriiVjEkYE,,com.sec.android.app.shealth,2025-10-01 06:00:00.000,b26c4dab-2e07-459f-90b2-03de6372eb50,
62981551,2025-10-01 06:00:00.000,,740787ce-b14e-44f6-ab83-f2e256bca6d3.binning_data.json,62981551,2025-10-01 07:15:00.413,2025-10-01 07:15:00.413,UTC-0300,hriiVjEkYE,,com.sec.android.app.shealth,2025-10-01 07:00:00.000,740787ce-b14e-44f6-ab83-f2e256bca6d3,
62981551,2025-10-01 07:00:00.000,,ed2524e6-51dd-46f6-bda9-93b332cd5e01.binning_data.json,62981551,2025-10-01 08:15:00.321,2025-10-01 08:15:00.321,UTC-0300,hriiVjEkYE,,com.sec.android.app.shealth,2025-10-01 08:00:00.000,ed2524e6-51dd-46f6-bda9-93b332cd5e01,
62981551,2025-10-01 08:00:00.000,,086662d0-ad9b-4ff2-9b33-29f4ee836508.binning_data.json,62981551,2025-10-01 09:15:00.324,2025-10-01 09:15:00.324,UTC-0300,hriiVjEkYE,,com.sec.android.app.shealth,2025-10-01 09:00:00.000,086662d0-ad9b-4ff2-9b33-29f4ee836508,
62981551,2025-10-01 09:00:00.000,,7b670751-9ab7-4fc9-83be-5ba80736412f.binning_data.json,62981551,2025-10-01 10:05:06.876,2025-10-01 10:05:06.876,UTC-0300,hriiVjEkYE,,com.sec.android.app.shealth,2025-10-01 10:00:00.000,7b670751-9ab7-4fc9-83be-5ba80736412f,
62981551,2025-10-01 10:00:00.000,,1c051d84-048b-4ee0-83e1-717190bc9b1f.binning_data.json,62981551,2025-10-01 10:40:50.799,2025-10-01 10:40:50.799,UTC-0300,hriiVjEkYE,,com.sec.android.app.shealth,2025-10-01 10:40:50.706,1c051d84-048b-4ee0-83e1-717190bc9b1f,
62981551,2025-10-03 04:00:00.000,,8abaa5d4-4ee8-422c-a3e7-25a857f4ade3.binning_data.json,62981551,2025-10-03 05:15:00.329,2025-10-03 05:15:00.329,UTC-0300,hriiVjEkYE,,com.sec.android.app.shealth,2025-10-03 05:00:00.000,8abaa5d4-4ee8-422c-a3e7-25a857f4ade3,
62981551,2025-10-03 05:00:00.000,,616af1f9-c3b9-4c40-9614-b11ce0a67822.binning_data.json,62981551,2025-10-03 06:15:00.303,2025-10-03 06:15:00.303,UTC-0300,hriiVjEkYE,,com.sec.android.app.shealth,2025-10-03 06:00:00.000,616af1f9-c3b9-4c40-9614-b11ce0a67822,
62981551,2025-10-03 06:00:00.000,,f8e53dc0-b92a-42d0-9cdf-a05c0e37d55f.binning_data.json,62981551,2025-10-03 07:05:34.483,2025-10-03 07:05:34.483,UTC-0300,hriiVjEkYE,,com.sec.android.app.shealth,2025-10-03 07:00:00.000,f8e53dc0-b92a-42d0-9cdf-a05c0e37d55f,
62981551,2025-10-03 07:00:00.000,,bb59d988-bdc3-44f0-add4-ebbbcd87a875.binning_data.json,62981551,2025-10-03 08:15:00.087,2025-10-03 08:15:00.087,UTC-0300,hriiVjEkYE,,com.sec.android.app.shealth,2025-10-03 08:00:00.000,bb59d988-bdc3-44f0-add4-ebbbcd87a875,
62981551,2025-10-03 08:00:00.000,,6b321ba1-4f53-4772-84b6-f1411b6ba618.binning_data.json,62981551,2025-10-03 09:14:59.861,2025-10-03 09:14:59.861,UTC-0300,hriiVjEkYE,,com.sec.android.app.shealth,2025-10-03 09:00:00.000,6b321ba1-4f53-4772-84b6-f1411b6ba618,
62981551,2025-10-03 09:00:00.000,,a6c9e548-1ca8-4b3c-bad0-097f9df4f97f.binning_data.json,62981551,2025-10-03 10:05:53.596,2025-10-03 10:05:53.596,UTC-0300,hriiVjEkYE,,com.sec.android.app.shealth,2025-10-03 10:00:00.000,a6c9e548-1ca8-4b3c-bad0-097f9df4f97f,
62981551,2025-10-03 10:00:00.000,,ffc56af2-0196-40bd-9b0a-8fb8a8b658a3.binning_data.json,62981551,2025-10-03 10:47:47.310,2025-10-03 10:47:47.310,UTC-0300,hriiVjEkYE,,com.sec.android.app.shealth,2025-10-03 10:47:47.242,ffc56af2-0196-40bd-9b0a-8fb8a8b658a3,
62981551,2025-10-05 05:00:00.000,,a4b916e7-62c0-49f4-9b9f-78b552acb6cf.binning_data.json,62981551,2025-10-05 06:14:59.992,2025-10-05 06:14:59.992,UTC-0300,hriiVjEkYE,,com.sec.android.app.shealth,2025-10-05 06:00:00.000,a4b916e7-62c0-49f4-9b9f-78b552acb6cf,
62981551,2025-10-05 06:00:00.000,,6759319d-bfc7-4419-8d82-8b29b7e5def0.binning_data.json,62981551,2025-10-05 07:14:59.998,2025-10-05 07:14:59.998,UTC-0300,hriiVjEkYE,,com.sec.android.app.shealth,2025-10-05 07:00:00.000,6759319d-bfc7-4419-8d82-8b29b7e5def0,
62981551,2025-10-05 07:00:00.000,,2f82f13b-2e68-4bdc-b5c2-3309c1886645.binning_data.json,62981551,2025-10-05 08:15:00.200,2025-10-05 08:15:00.200,UTC-0300,hriiVjEkYE,,com.sec.android.app.shealth,2025-10-05 08:00:00.000,2f82f13b-2e68-4bdc-b5c2-3309c1886645,
62981551,2025-10-05 08:00:00.000,,e4ff74c4-2238-43a9-8760-5e59dddc0249.binning_data.json,62981551,2025-10-05 09:15:00.267,2025-10-05 09:15:00.267,UTC-0300,hriiVjEkYE,,com.sec.android.app.shealth,2025-10-05 09:00:00.000,e4ff74c4-2238-43a9-8760-5e59dddc0249,
62981551,2025-10-05 09:00:00.000,,0953bb86-af5e-40a0-aefc-b8cde67d6c86.binning_data.json,62981551,2025-10-05 10:15:00.537,2025-10-05 10:15:00.537,UTC-0300,hriiVjEkYE,,com.sec.android.app.shealth,2025-10-05 10:00:00.000,0953bb86-af5e-40a0-aefc-b8cde67d6c86,
62981551,2025-10-05 10:00:00.000,,06ef2a5a-c8e2-4417-9406-c31fec38e590.binning_data.json,62981551,2025-10-05 11:14:59.812,2025-10-05 11:14:59.812,UTC-0300,hriiVjEkYE,,com.sec.android.app.shealth,2025-10-05 11:00:00.000,06ef2a5a-c8e2-4417-9406-c31fec38e590,
62981551,2025-10-05 11:00:00.000,,796775b7-36f9-42a4-a844-b74c3d7ed4a0.binning_data.json,62981551,2025-10-05 12:14:59.985,2025-10-05 12:14:59.985,UTC-0300,hriiVjEkYE,,com.sec.android.app.shealth,2025-10-05 12:00:00.000,796775b7-36f9-42a4-a844-b74c3d7ed4a0,
62981551,2025-10-05 12:00:00.000,,aa27cb9a-9dcc-4765-b32e-ea6c34e6355d.binning_data.json,62981551,2025-10-05 13:15:00.198,2025-10-05 13:15:00.198,UTC-0300,hriiVjEkYE,,com.sec.android.app.shealth,2025-10-05 13:00:00.000,aa27cb9a-9dcc-4765-b32e-ea6c34e6355d,
62981551,2025-10-05 13:00:00.000,,96663119-2447-4168-b255-6fb9bf7aa9cd.binning_data.json,62981551,2025-10-05 13:58:08.399,2025-10-05 13:58:08.399,UTC-0300,hriiVjEkYE,,com.sec.android.app.shealth,2025-10-05 13:58:08.317,96663119-2447-4168-b255-6fb9bf7aa9cd,
62981551,2025-10-06 04:00:00.000,,6bc70416-3a22-4a7c-9250-7c3d1c565a23.binning_data.json,62981551,2025-10-06 05:15:00.788,2025-10-06 05:15:00.788,UTC-0300,hriiVjEkYE,,com.sec.android.app.shealth,2025-10-06 05:00:00.000,6bc70416-3a22-4a7c-9250-7c3d1c565a23,
62981551,2025-10-06 05:00:00.000,,5dd83abf-6e5c-4f7f-a8f5-e67253b1ff80.binning_data.json,62981551,2025-10-06 06:09:17.143,2025-10-06 06:09:17.143,UTC-0300,hriiVjEkYE,,com.sec.android.app.shealth,2025-10-06 06:00:00.000,5dd83abf-6e5c-4f7f-a8f5-e67253b1ff80,
62981551,2025-10-06 06:00:00.000,,14ccde3c-1ecc-447c-94b8-a7974f5459e3.binning_data.json,62981551,2025-10-06 07:15:01.271,2025-10-06 07:15:01.271,UTC-0300,hriiVjEkYE,,com.sec.android.app.shealth,2025-10-06 07:00:00.000,14ccde3c-1ecc-447c-94b8-a7974f5459e3,
62981551,2025-10-06 07:00:00.000,,cc14983f-85a3-4e02-9ae8-3a19d3201bd1.binning_data.json,62981551,2025-10-06 08:15:01.406,2025-10-06 08:15:01.406,UTC-0300,hriiVjEkYE,,com.sec.android.app.shealth,2025-10-06 08:00:00.000,cc14983f-85a3-4e02-9ae8-3a19d3201bd1,
62981551,2025-10-06 08:00:00.000,,8ba61df6-e7bc-473d-be69-c2bc48257386.binning_data.json,62981551,2025-10-06 09:05:32.290,2025-10-06 09:05:32.290,UTC-0300,hriiVjEkYE,,com.sec.android.app.shealth,2025-10-06 09:00:00.000,8ba61df6-e7bc-473d-be69-c2bc48257386,
62981551,2025-10-06 09:00:00.000,,df0b3eac-88f2-44aa-b89c-4f9491aac226.binning_data.json,62981551,2025-10-06 10:15:01.474,2025-10-06 10:15:01.474,UTC-0300,hriiVjEkYE,,com.sec.android.app.shealth,2025-10-06 10:00:00.000,df0b3eac-88f2-44aa-b89c-4f9491aac226,
62981551,2025-10-06 10:00:00.000,,f3110326-8c68-40e3-817a-a87955ddd16a.binning_data.json,62981551,2025-10-06 11:07:59.403,2025-10-06 11:07:59.403,UTC-0300,hriiVjEkYE,,com.sec.android.app.shealth,2025-10-06 11:00:00.000,f3110326-8c68-40e3-817a-a87955ddd16a,
62981551,2025-10-06 11:00:00.000,,1aba792c-59fe-4bfe-bfb7-09668e6431bb.binning_data.json,62981551,2025-10-06 11:29:23.221,2025-10-06 11:29:23.221,UTC-0300,hriiVjEkYE,,com.sec.android.app.shealth,2025-10-06 11:29:22.789,1aba792c-59fe-4bfe-bfb7-09668e6431bb,
62981551,2025-10-07 03:00:00.000,,7f9e28a7-210a-4f05-a7d4-98e01b16311a.binning_data.json,62981551,2025-10-07 04:15:00.213,2025-10-07 04:15:00.213,UTC-0300,hriiVjEkYE,,com.sec.android.app.shealth,2025-10-07 04:00:00.000,7f9e28a7-210a-4f05-a7d4-98e01b16311a,
62981551,2025-10-07 04:00:00.000,,beb40f2e-e3ad-48fe-bb22-63aa57c162c7.binning_data.json,62981551,2025-10-07 05:15:00.162,2025-10-07 05:15:00.162,UTC-0300,hriiVjEkYE,,com.sec.android.app.shealth,2025-10-07 05:00:00.000,beb40f2e-e3ad-48fe-bb22-63aa57c162c7,
62981551,2025-10-07 05:00:00.000,,75bd3a67-a584-441d-841c-61fc67cf7d91.binning_data.json,62981551,2025-10-07 06:09:05.433,2025-10-07 06:09:05.433,UTC-0300,hriiVjEkYE,,com.sec.android.app.shealth,2025-10-07 06:00:00.000,75bd3a67-a584-441d-841c-61fc67cf7d91,
62981551,2025-10-07 06:00:00.000,,61ee2e06-d554-4ae8-b4ce-126683a7680c.binning_data.json,62981551,2025-10-07 07:14:59.985,2025-10-07 07:14:59.985,UTC-0300,hriiVjEkYE,,com.sec.android.app.shealth,2025-10-07 07:00:00.000,61ee2e06-d554-4ae8-b4ce-126683a7680c,
62981551,2025-10-07 07:00:00.000,,5010b0c2-ef8c-49e5-84d6-91b465c9bdcc.binning_data.json,62981551,2025-10-07 08:15:00.431,2025-10-07 08:15:00.431,UTC-0300,hriiVjEkYE,,com.sec.android.app.shealth,2025-10-07 08:00:00.000,5010b0c2-ef8c-49e5-84d6-91b465c9bdcc,
62981551,2025-10-07 08:00:00.000,,908300d6-fcd8-4906-821c-44985f42dc11.binning_data.json,62981551,2025-10-07 09:06:18.191,2025-10-07 09:06:18.191,UTC-0300,hriiVjEkYE,,com.sec.android.app.shealth,2025-10-07 09:00:00.000,908300d6-fcd8-4906-821c-44985f42dc11,
62981551,2025-10-07 09:00:00.000,,47726629-01b7-432c-9bab-19107ff3bf70.binning_data.json,62981551,2025-10-07 10:04:51.926,2025-10-07 10:04:51.926,UTC-0300,hriiVjEkYE,,com.sec.android.app.shealth,2025-10-07 10:00:00.000,47726629-01b7-432c-9bab-19107ff3bf70,
62981551,2025-10-08 03:00:00.000,,cf3c1276-df68-40dd-b425-886cbcf541ae.binning_data.json,62981551,2025-10-08 04:15:00.567,2025-10-08 04:15:00.567,UTC-0300,hriiVjEkYE,,com.sec.android.app.shealth,2025-10-08 04:00:00.000,cf3c1276-df68-40dd-b425-886cbcf541ae,
62981551,2025-10-08 04:00:00.000,,041efbcc-c8fc-4e75-be69-10f8beabdbe4.binning_data.json,62981551,2025-10-08 05:06:07.942,2025-10-08 05:06:07.942,UTC-0300,hriiVjEkYE,,com.sec.android.app.shealth,2025-10-08 05:00:00.000,041efbcc-c8fc-4e75-be69-10f8beabdbe4,
62981551,2025-10-08 05:00:00.000,,7c28816d-099a-4b3b-998b-05533ef2ab96.binning_data.json,62981551,2025-10-08 06:15:00.402,2025-10-08 06:15:00.402,UTC-0300,hriiVjEkYE,,com.sec.android.app.shealth,2025-10-08 06:00:00.000,7c28816d-099a-4b3b-998b-05533ef2ab96,
62981551,2025-10-08 06:00:00.000,,9ecede15-050a-4f78-8997-d98ca70d17f4.binning_data.json,62981551,2025-10-08 07:15:00.017,2025-10-08 07:15:00.017,UTC-0300,hriiVjEkYE,,com.sec.android.app.shealth,2025-10-08 07:00:00.000,9ecede15-050a-4f78-8997-d98ca70d17f4,
62981551,2025-10-08 07:00:00.000,,0d6536e3-1579-4cbd-adb7-db253c7b7f87.binning_data.json,62981551,2025-10-08 08:08:24.452,2025-10-08 08:08:24.452,UTC-0300,hriiVjEkYE,,com.sec.android.app.shealth,2025-10-08 08:00:00.000,0d6536e3-1579-4cbd-adb7-db253c7b7f87,
62981551,2025-10-08 08:00:00.000,,8f6e93a6-ab7f-45b6-a6af-cdf8f706d92a.binning_data.json,62981551,2025-10-08 09:14:59.753,2025-10-08 09:14:59.753,UTC-0300,hriiVjEkYE,,com.sec.android.app.shealth,2025-10-08 09:00:00.000,8f6e93a6-ab7f-45b6-a6af-cdf8f706d92a,
62981551,2025-10-08 09:00:00.000,,09d11cd9-28e6-4c29-a737-a0d4961ecb90.binning_data.json,62981551,2025-10-08 10:17:11.281,2025-10-08 10:17:11.281,UTC-0300,hriiVjEkYE,,com.sec.android.app.shealth,2025-10-08 10:00:00.000,09d11cd9-28e6-4c29-a737-a0d4961ecb90,
62981551,2025-10-09 03:00:00.000,,0585204d-2c77-4b9a-a603-fb8de28e55a7.binning_data.json,62981551,2025-10-09 04:06:52.611,2025-10-09 04:06:52.611,UTC-0300,hriiVjEkYE,,com.sec.android.app.shealth,2025-10-09 04:00:00.000,0585204d-2c77-4b9a-a603-fb8de28e55a7,
62981551,2025-10-09 04:00:00.000,,f49a5e28-c20d-4000-95fd-1d44fc486ba5.binning_data.json,62981551,2025-10-09 05:15:01.081,2025-10-09 05:15:01.081,UTC-0300,hriiVjEkYE,,com.sec.android.app.shealth,2025-10-09 05:00:00.000,f49a5e28-c20d-4000-95fd-1d44fc486ba5,
62981551,2025-10-09 05:00:00.000,,2a61e3d7-ea83-4a90-9113-4a3dd961729e.binning_data.json,62981551,2025-10-09 06:05:38.847,2025-10-09 06:05:38.847,UTC-0300,hriiVjEkYE,,com.sec.android.app.shealth,2025-10-09 06:00:00.000,2a61e3d7-ea83-4a90-9113-4a3dd961729e,
62981551,2025-10-09 06:00:00.000,,6c73a7fc-1c05-4599-a434-9901585031be.binning_data.json,62981551,2025-10-09 07:15:00.821,2025-10-09 07:15:00.821,UTC-0300,hriiVjEkYE,,com.sec.android.app.shealth,2025-10-09 07:00:00.000,6c73a7fc-1c05-4599-a434-9901585031be,
62981551,2025-10-09 07:00:00.000,,0ca061c3-b926-4086-9b47-6058dc25389b.binning_data.json,62981551,2025-10-09 08:15:00.848,2025-10-09 08:15:00.848,UTC-0300,hriiVjEkYE,,com.sec.android.app.shealth,2025-10-09 08:00:00.000,0ca061c3-b926-4086-9b47-6058dc25389b,
62981551,2025-10-09 08:00:00.000,,f5c17da3-80c6-437c-89e5-470273e32a1c.binning_data.json,62981551,2025-10-09 09:05:13.497,2025-10-09 09:05:13.497,UTC-0300,hriiVjEkYE,,com.sec.android.app.shealth,2025-10-09 09:00:00.000,f5c17da3-80c6-437c-89e5-470273e32a1c,
62981551,2025-10-09 09:00:00.000,,1f8ea17d-b895-441d-a8ac-b9905a3cb120.binning_data.json,62981551,2025-10-09 10:11:22.498,2025-10-09 10:11:22.498,UTC-0300,hriiVjEkYE,,com.sec.android.app.shealth,2025-10-09 10:00:00.000,1f8ea17d-b895-441d-a8ac-b9905a3cb120,
62981551,2025-10-09 10:00:00.000,,83d35ebe-bfe1-4d72-97b1-daf10bd78e22.binning_data.json,62981551,2025-10-09 10:34:23.084,2025-10-09 10:34:23.084,UTC-0300,hriiVjEkYE,,com.sec.android.app.shealth,2025-10-09 10:34:22.900,83d35ebe-bfe1-4d72-97b1-daf10bd78e22,
62981551,2025-10-10 03:00:00.000,,7003a621-cbee-47af-b82e-504131328e7f.binning_data.json,62981551,2025-10-10 04:08:53.019,2025-10-10 04:08:53.019,UTC-0300,hriiVjEkYE,,com.sec.android.app.shealth,2025-10-10 04:00:00.000,7003a621-cbee-47af-b82e-504131328e7f,
62981551,2025-10-10 04:00:00.000,,af2cffab-ec97-4f33-afa8-19574ec742ed.binning_data.json,62981551,2025-10-10 05:15:01.169,2025-10-10 05:15:01.169,UTC-0300,hriiVjEkYE,,com.sec.android.app.shealth,2025-10-10 05:00:00.000,af2cffab-ec97-4f33-afa8-19574ec742ed,
62981551,2025-10-10 05:00:00.000,,cbd4ee33-2e47-41d4-8ab9-14a7a70769bb.binning_data.json,62981551,2025-10-10 06:09:45.774,2025-10-10 06:09:45.774,UTC-0300,hriiVjEkYE,,com.sec.android.app.shealth,2025-10-10 06:00:00.000,cbd4ee33-2e47-41d4-8ab9-14a7a70769bb,
62981551,2025-10-10 06:00:00.000,,83848194-06bf-41a6-962e-60e05903cb39.binning_data.json,62981551,2025-10-10 07:15:00.521,2025-10-10 07:15:00.521,UTC-0300,hriiVjEkYE,,com.sec.android.app.shealth,2025-10-10 07:00:00.000,83848194-06bf-41a6-962e-60e05903cb39,
62981551,2025-10-10 07:00:00.000,,b8f9cffd-3cbd-41cc-acac-69c7a25199cc.binning_data.json,62981551,2025-10-10 08:15:00.710,2025-10-10 08:15:00.710,UTC-0300,hriiVjEkYE,,com.sec.android.app.shealth,2025-10-10 08:00:00.000,b8f9cffd-3cbd-41cc-acac-69c7a25199cc,
62981551,2025-10-10 08:00:00.000,,e284e0fb-e518-4892-90b8-a3f33a97ee6e.binning_data.json,62981551,2025-10-10 09:06:26.198,2025-10-10 09:06:26.198,UTC-0300,hriiVjEkYE,,com.sec.android.app.shealth,2025-10-10 09:00:00.000,e284e0fb-e518-4892-90b8-a3f33a97ee6e,
62981551,2025-10-10 09:00:00.000,,d156b07b-96d9-4d13-a9ad-ed8726f7b413.binning_data.json,62981551,2025-10-10 10:14:05.555,2025-10-10 10:14:05.555,UTC-0300,hriiVjEkYE,,com.sec.android.app.shealth,2025-10-10 10:00:00.000,d156b07b-96d9-4d13-a9ad-ed8726f7b413,
62981551,2025-10-10 10:00:00.000,,4079cdf5-bb36-4859-b948-5d37b9d61010.binning_data.json,62981551,2025-10-10 10:48:09.017,2025-10-10 10:48:09.017,UTC-0300,hriiVjEkYE,,com.sec.android.app.shealth,2025-10-10 10:48:08.843,4079cdf5-bb36-4859-b948-5d37b9d61010,
62981551,2025-10-12 06:00:00.000,,3889f11d-a130-4729-94e3-06a1a7bb5ba3.binning_data.json,62981551,2025-10-12 07:14:56.895,2025-10-12 07:14:56.895,UTC-0300,hriiVjEkYE,,com.sec.android.app.shealth,2025-10-12 07:00:00.000,3889f11d-a130-4729-94e3-06a1a7bb5ba3,
62981551,2025-10-12 07:00:00.000,,4b766993-a306-4912-9ab1-8359f392525f.binning_data.json,62981551,2025-10-12 07:25:02.367,2025-10-12 07:25:02.367,UTC-0300,hriiVjEkYE,,com.sec.android.app.shealth,2025-10-12 07:25:02.315,4b766993-a306-4912-9ab1-8359f392525f,
62981551,2025-10-12 08:00:00.000,,8f7c14ce-e7ca-43c0-a8ce-43bb8a95eb5a.binning_data.json,62981551,2025-10-12 09:15:01.067,2025-10-12 09:15:01.067,UTC-0300,hriiVjEkYE,,com.sec.android.app.shealth,2025-10-12 09:00:00.000,8f7c14ce-e7ca-43c0-a8ce-43bb8a95eb5a,
62981551,2025-10-12 09:00:00.000,,4445e71c-20bf-420d-a205-81dfbd4f6037.binning_data.json,62981551,2025-10-12 10:09:12.847,2025-10-12 10:09:12.847,UTC-0300,hriiVjEkYE,,com.sec.android.app.shealth,2025-10-12 10:00:00.000,4445e71c-20bf-420d-a205-81dfbd4f6037,
62981551,2025-10-12 10:00:00.000,,48f318f4-47de-484d-8b70-554f90be2a00.binning_data.json,62981551,2025-10-12 10:10:58.864,2025-10-12 10:10:58.864,UTC-0300,hriiVjEkYE,,com.sec.android.app.shealth,2025-10-12 10:10:58.628,48f318f4-47de-484d-8b70-554f90be2a00,
62981551,2025-10-12 14:00:00.000,,b526fdc1-1f20-4f64-91c1-cc87599694af.binning_data.json,62981551,2025-10-12 15:12:11.217,2025-10-12 15:12:11.217,UTC-0300,hriiVjEkYE,,com.sec.android.app.shealth,2025-10-12 15:00:00.000,b526fdc1-1f20-4f64-91c1-cc87599694af,
62981551,2025-10-12 15:00:00.000,,b630fca2-d6fd-462b-b699-ee8af231363f.binning_data.json,62981551,2025-10-12 16:06:13.136,2025-10-12 16:06:13.136,UTC-0300,hriiVjEkYE,,com.sec.android.app.shealth,2025-10-12 16:00:00.000,b630fca2-d6fd-462b-b699-ee8af231363f,
62981551,2025-10-12 16:00:00.000,,408cac02-ecac-495f-9420-42e8014b6fb1.binning_data.json,62981551,2025-10-12 16:25:02.278,2025-10-12 16:25:02.278,UTC-0300,hriiVjEkYE,,com.sec.android.app.shealth,2025-10-12 16:25:02.048,408cac02-ecac-495f-9420-42e8014b6fb1,
62981551,2025-10-13 04:00:00.000,,375af700-54d6-4d61-a49e-6ea465d48668.binning_data.json,62981551,2025-10-13 05:15:00.233,2025-10-13 05:15:00.233,UTC-0300,hriiVjEkYE,,com.sec.android.app.shealth,2025-10-13 05:00:00.000,375af700-54d6-4d61-a49e-6ea465d48668,
62981551,2025-10-13 05:00:00.000,,bf4ac8ca-e0f8-4d01-89e7-2dd4fae31359.binning_data.json,62981551,2025-10-13 06:15:00.582,2025-10-13 06:15:00.582,UTC-0300,hriiVjEkYE,,com.sec.android.app.shealth,2025-10-13 06:00:00.000,bf4ac8ca-e0f8-4d01-89e7-2dd4fae31359,
62981551,2025-10-13 06:00:00.000,,47adf55c-cf31-4311-bf33-278f15c4af91.binning_data.json,62981551,2025-10-13 07:15:00.966,2025-10-13 07:15:00.966,UTC-0300,hriiVjEkYE,,com.sec.android.app.shealth,2025-10-13 07:00:00.000,47adf55c-cf31-4311-bf33-278f15c4af91,
62981551,2025-10-13 07:00:00.000,,831a3d81-73d6-4be5-ac7c-e3ee35d3105b.binning_data.json,62981551,2025-10-13 08:15:00.501,2025-10-13 08:15:00.501,UTC-0300,hriiVjEkYE,,com.sec.android.app.shealth,2025-10-13 08:00:00.000,831a3d81-73d6-4be5-ac7c-e3ee35d3105b,
62981551,2025-10-13 08:00:00.000,,2bfdac57-4c67-4f33-a4cf-7ac66ceb3611.binning_data.json,62981551,2025-10-13 09:15:00.831,2025-10-13 09:15:00.831,UTC-0300,hriiVjEkYE,,com.sec.android.app.shealth,2025-10-13 09:00:00.000,2bfdac57-4c67-4f33-a4cf-7ac66ceb3611,
62981551,2025-10-13 09:00:00.000,,6015eeb6-6d47-4313-9230-f7dc4a3dd500.binning_data.json,62981551,2025-10-13 10:05:53.396,2025-10-13 10:05:53.396,UTC-0300,hriiVjEkYE,,com.sec.android.app.shealth,2025-10-13 10:00:00.000,6015eeb6-6d47-4313-9230-f7dc4a3dd500,
62981551,2025-10-13 10:00:00.000,,af905363-ac5d-4c9d-9604-21315de5648c.binning_data.json,62981551,2025-10-13 11:12:36.963,2025-10-13 11:12:36.963,UTC-0300,hriiVjEkYE,,com.sec.android.app.shealth,2025-10-13 11:00:00.000,af905363-ac5d-4c9d-9604-21315de5648c,
62981551,2025-10-16 04:00:00.000,,d15e113a-1c91-483e-ad41-b9da1ad10760.binning_data.json,62981551,2025-10-16 05:15:01.081,2025-10-16 05:15:01.081,UTC-0300,hriiVjEkYE,,com.sec.android.app.shealth,2025-10-16 05:00:00.000,d15e113a-1c91-483e-ad41-b9da1ad10760,
62981551,2025-10-16 05:00:00.000,,271e115f-f0f9-4305-b29d-b4d4f7069b4d.binning_data.json,62981551,2025-10-16 06:15:00.298,2025-10-16 06:15:00.298,UTC-0300,hriiVjEkYE,,com.sec.android.app.shealth,2025-10-16 06:00:00.000,271e115f-f0f9-4305-b29d-b4d4f7069b4d,
62981551,2025-10-16 06:00:00.000,,5842686b-80f2-4392-8719-afb62b335dfb.binning_data.json,62981551,2025-10-16 07:07:20.660,2025-10-16 07:07:20.660,UTC-0300,hriiVjEkYE,,com.sec.android.app.shealth,2025-10-16 07:00:00.000,5842686b-80f2-4392-8719-afb62b335dfb,
62981551,2025-10-16 07:00:00.000,,91eef13e-49b7-47d8-a000-fe25a570c596.binning_data.json,62981551,2025-10-16 08:15:00.962,2025-10-16 08:15:00.962,UTC-0300,hriiVjEkYE,,com.sec.android.app.shealth,2025-10-16 08:00:00.000,91eef13e-49b7-47d8-a000-fe25a570c596,
62981551,2025-10-16 08:00:00.000,,b1ea2f0c-9f50-4567-890c-f62abc83c2e0.binning_data.json,62981551,2025-10-16 09:15:50.148,2025-10-16 09:15:50.148,UTC-0300,hriiVjEkYE,,com.sec.android.app.shealth,2025-10-16 09:00:00.000,b1ea2f0c-9f50-4567-890c-f62abc83c2e0,
62981551,2025-10-16 09:00:00.000,,565da563-57dd-48b5-acd1-1ee12a716ae3.binning_data.json,62981551,2025-10-16 10:08:27.036,2025-10-16 10:08:27.036,UTC-0300,hriiVjEkYE,,com.sec.android.app.shealth,2025-10-16 10:00:00.000,565da563-57dd-48b5-acd1-1ee12a716ae3,
62981551,2025-10-16 10:00:00.000,,175f41f0-37fc-449b-bd3d-681ab9394849.binning_data.json,62981551,2025-10-16 10:19:39.124,2025-10-16 10:19:39.124,UTC-0300,hriiVjEkYE,,com.sec.android.app.shealth,2025-10-16 10:19:38.999,175f41f0-37fc-449b-bd3d-681ab9394849,
62981551,2025-10-19 03:00:00.000,,f6af1813-30ad-4389-8f04-7913a9358ad3.binning_data.json,62981551,2025-10-19 04:11:35.884,2025-10-19 04:11:35.884,UTC-0300,hriiVjEkYE,,com.sec.android.app.shealth,2025-10-19 04:00:00.000,f6af1813-30ad-4389-8f04-7913a9358ad3,
62981551,2025-10-19 04:00:00.000,,14a51af8-1146-4c40-a9ee-55ac7cb22199.binning_data.json,62981551,2025-10-19 05:15:00.497,2025-10-19 05:15:00.497,UTC-0300,hriiVjEkYE,,com.sec.android.app.shealth,2025-10-19 05:00:00.000,14a51af8-1146-4c40-a9ee-55ac7cb22199,
62981551,2025-10-19 05:00:00.000,,93098f67-6e01-4f6d-8b62-c80b28f743ea.binning_data.json,62981551,2025-10-19 06:15:00.626,2025-10-19 06:15:00.626,UTC-0300,hriiVjEkYE,,com.sec.android.app.shealth,2025-10-19 06:00:00.000,93098f67-6e01-4f6d-8b62-c80b28f743ea,
62981551,2025-10-19 06:00:00.000,,f2fe6135-7dfe-4990-ba86-7c349f29d204.binning_data.json,62981551,2025-10-19 07:06:06.525,2025-10-19 07:06:06.525,UTC-0300,hriiVjEkYE,,com.sec.android.app.shealth,2025-10-19 07:00:00.000,f2fe6135-7dfe-4990-ba86-7c349f29d204,
62981551,2025-10-19 07:00:00.000,,8f45607d-ca5b-4239-be30-6bf64fdd049e.binning_data.json,62981551,2025-10-19 08:15:01.077,2025-10-19 08:15:01.077,UTC-0300,hriiVjEkYE,,com.sec.android.app.shealth,2025-10-19 08:00:00.000,8f45607d-ca5b-4239-be30-6bf64fdd049e,
62981551,2025-10-19 08:00:00.000,,6252f081-f65b-4a5b-b984-146f3df57c65.binning_data.json,62981551,2025-10-19 09:15:01.375,2025-10-19 09:15:01.375,UTC-0300,hriiVjEkYE,,com.sec.android.app.shealth,2025-10-19 09:00:00.000,6252f081-f65b-4a5b-b984-146f3df57c65,
62981551,2025-10-19 09:00:00.000,,d2fe9cab-3908-4110-bd2e-4672e52604c8.binning_data.json,62981551,2025-10-19 10:15:01.474,2025-10-19 10:15:01.474,UTC-0300,hriiVjEkYE,,com.sec.android.app.shealth,2025-10-19 10:00:00.000,d2fe9cab-3908-4110-bd2e-4672e52604c8,
62981551,2025-10-19 10:00:00.000,,f90e33b0-9dab-4228-8254-7f18a7b9acb1.binning_data.json,62981551,2025-10-19 11:15:00.681,2025-10-19 11:15:00.681,UTC-0300,hriiVjEkYE,,com.sec.android.app.shealth,2025-10-19 11:00:00.000,f90e33b0-9dab-4228-8254-7f18a7b9acb1,
62981551,2025-10-19 11:00:00.000,,f28fb1d5-ec31-4c4d-b402-f2012eff8cc7.binning_data.json,62981551,2025-10-19 12:14:18.428,2025-10-19 12:14:18.428,UTC-0300,hriiVjEkYE,,com.sec.android.app.shealth,2025-10-19 12:00:00.000,f28fb1d5-ec31-4c4d-b402-f2012eff8cc7,
62981551,2025-10-19 12:00:00.000,,5aa9863d-810a-4ceb-9d7e-97b8b3733eb2.binning_data.json,62981551,2025-10-19 13:14:13.401,2025-10-19 13:14:13.401,UTC-0300,hriiVjEkYE,,com.sec.android.app.shealth,2025-10-19 13:00:00.000,5aa9863d-810a-4ceb-9d7e-97b8b3733eb2,
62981551,2025-10-19 13:00:00.000,,99bd7d08-13a9-4c11-913d-bb0be41ce51f.binning_data.json,62981551,2025-10-19 13:42:50.432,2025-10-19 13:42:50.432,UTC-0300,hriiVjEkYE,,com.sec.android.app.shealth,2025-10-19 13:42:50.362,99bd7d08-13a9-4c11-913d-bb0be41ce51f,
62981551,2025-10-22 04:00:00.000,,a26fd06e-5484-4813-82f2-85358d9b37af.binning_data.json,62981551,2025-10-22 05:15:00.186,2025-10-22 05:15:00.186,UTC-0300,hriiVjEkYE,,com.sec.android.app.shealth,2025-10-22 05:00:00.000,a26fd06e-5484-4813-82f2-85358d9b37af,
62981551,2025-10-22 05:00:00.000,,0b22242f-38cd-4843-914c-e228e2e25e02.binning_data.json,62981551,2025-10-22 06:05:32.537,2025-10-22 06:05:32.537,UTC-0300,hriiVjEkYE,,com.sec.android.app.shealth,2025-10-22 06:00:00.000,0b22242f-38cd-4843-914c-e228e2e25e02,
62981551,2025-10-22 06:00:00.000,,a2fe7066-980d-447c-b2b1-1dfd8524774b.binning_data.json,62981551,2025-10-22 07:15:00.254,2025-10-22 07:15:00.254,UTC-0300,hriiVjEkYE,,com.sec.android.app.shealth,2025-10-22 07:00:00.000,a2fe7066-980d-447c-b2b1-1dfd8524774b,
62981551,2025-10-22 07:00:00.000,,6ac559c2-6e5f-469c-9119-7c77c1255962.binning_data.json,62981551,2025-10-22 08:15:00.738,2025-10-22 08:15:00.738,UTC-0300,hriiVjEkYE,,com.sec.android.app.shealth,2025-10-22 08:00:00.000,6ac559c2-6e5f-469c-9119-7c77c1255962,
62981551,2025-10-22 08:00:00.000,,6e3b5e79-e28e-4c0f-a337-df9a306848d8.binning_data.json,62981551,2025-10-22 09:06:34.316,2025-10-22 09:06:34.316,UTC-0300,hriiVjEkYE,,com.sec.android.app.shealth,2025-10-22 09:00:00.000,6e3b5e79-e28e-4c0f-a337-df9a306848d8,
62981551,2025-10-22 09:00:00.000,,6c80cbed-0d10-4e95-83b0-fe2295a2a273.binning_data.json,62981551,2025-10-22 10:15:00.397,2025-10-22 10:15:00.397,UTC-0300,hriiVjEkYE,,com.sec.android.app.shealth,2025-10-22 10:00:00.000,6c80cbed-0d10-4e95-83b0-fe2295a2a273,
62981551,2025-10-22 10:00:00.000,,fbe17058-eb9a-46f7-a662-1f2a71e04531.binning_data.json,62981551,2025-10-22 11:15:00.802,2025-10-22 11:15:00.802,UTC-0300,hriiVjEkYE,,com.sec.android.app.shealth,2025-10-22 11:00:00.000,fbe17058-eb9a-46f7-a662-1f2a71e04531,
62981551,2025-10-22 11:00:00.000,,0d686d74-ec30-4b43-93f0-a72cafe0b394.binning_data.json,62981551,2025-10-22 12:12:36.689,2025-10-22 12:12:36.689,UTC-0300,hriiVjEkYE,,com.sec.android.app.shealth,2025-10-22 12:00:00.000,0d686d74-ec30-4b43-93f0-a72cafe0b394,
62981551,2025-10-22 12:00:00.000,,6a3d4daf-b906-4c9a-9304-91d3a3b85d19.binning_data.json,62981551,2025-10-22 13:08:00.536,2025-10-22 13:08:00.536,UTC-0300,hriiVjEkYE,,com.sec.android.app.shealth,2025-10-22 13:00:00.000,6a3d4daf-b906-4c9a-9304-91d3a3b85d19,
62981551,2025-10-22 13:00:00.000,,2b9d4286-aee2-437d-a17c-5c23ef3900ea.binning_data.json,62981551,2025-10-22 13:59:12.887,2025-10-22 13:59:12.887,UTC-0300,hriiVjEkYE,,com.sec.android.app.shealth,2025-10-22 13:59:12.853,2b9d4286-aee2-437d-a17c-5c23ef3900ea,
62981551,2025-10-23 04:00:00.000,,603e01fd-da19-48a9-9560-b31bf3c54a77.binning_data.json,62981551,2025-10-23 05:15:00.118,2025-10-23 05:15:00.118,UTC-0300,hriiVjEkYE,,com.sec.android.app.shealth,2025-10-23 05:00:00.000,603e01fd-da19-48a9-9560-b31bf3c54a77,
62981551,2025-10-23 05:00:00.000,,096b66fb-dbb8-47c4-b623-ce59a8f78186.binning_data.json,62981551,2025-10-23 06:05:47.478,2025-10-23 06:05:47.478,UTC-0300,hriiVjEkYE,,com.sec.android.app.shealth,2025-10-23 06:00:00.000,096b66fb-dbb8-47c4-b623-ce59a8f78186,
62981551,2025-10-23 06:00:00.000,,c8cac471-932a-4498-8120-e5ca437284d5.binning_data.json,62981551,2025-10-23 07:15:00.280,2025-10-23 07:15:00.280,UTC-0300,hriiVjEkYE,,com.sec.android.app.shealth,2025-10-23 07:00:00.000,c8cac471-932a-4498-8120-e5ca437284d5,
62981551,2025-10-23 07:00:00.000,,ebf6913e-a21f-49ea-8ffc-b10a7dd0b932.binning_data.json,62981551,2025-10-23 08:15:00.217,2025-10-23 08:15:00.217,UTC-0300,hriiVjEkYE,,com.sec.android.app.shealth,2025-10-23 08:00:00.000,ebf6913e-a21f-49ea-8ffc-b10a7dd0b932,
62981551,2025-10-23 08:00:00.000,,0680a576-20fc-401e-9def-e4b5b258f604.binning_data.json,62981551,2025-10-23 09:05:53.384,2025-10-23 09:05:53.384,UTC-0300,hriiVjEkYE,,com.sec.android.app.shealth,2025-10-23 09:00:00.000,0680a576-20fc-401e-9def-e4b5b258f604,
62981551,2025-10-23 09:00:00.000,,183cd71d-fc67-4993-bf09-0dc043ff8bd9.binning_data.json,62981551,2025-10-23 10:10:35.556,2025-10-23 10:10:35.556,UTC-0300,hriiVjEkYE,,com.sec.android.app.shealth,2025-10-23 10:00:00.000,183cd71d-fc67-4993-bf09-0dc043ff8bd9,
62981551,2025-10-23 10:00:00.000,,e85f7993-e9d0-474a-929f-bf8bf8b71ed7.binning_data.json,62981551,2025-10-23 11:15:00.241,2025-10-23 11:15:00.241,UTC-0300,hriiVjEkYE,,com.sec.android.app.shealth,2025-10-23 11:00:00.000,e85f7993-e9d0-474a-929f-bf8bf8b71ed7,
62981551,2025-10-23 11:00:00.000,,8066a11b-0b68-482f-a2c0-c9fbad9460c6.binning_data.json,62981551,2025-10-23 12:13:30.457,2025-10-23 12:13:30.457,UTC-0300,hriiVjEkYE,,com.sec.android.app.shealth,2025-10-23 12:00:00.000,8066a11b-0b68-482f-a2c0-c9fbad9460c6,
62981551,2025-10-23 12:00:00.000,,86b7a837-6de0-47cb-b32d-2e49fc5e09fc.binning_data.json,62981551,2025-10-23 13:15:00.294,2025-10-23 13:15:00.294,UTC-0300,hriiVjEkYE,,com.sec.android.app.shealth,2025-10-23 13:00:00.000,86b7a837-6de0-47cb-b32d-2e49fc5e09fc,
62981551,2025-10-23 13:00:00.000,,e05d706f-618b-41d2-83a3-02890048f60d.binning_data.json,62981551,2025-10-23 13:52:08.157,2025-10-23 13:52:08.157,UTC-0300,hriiVjEkYE,,com.sec.android.app.shealth,2025-10-23 13:52:08.056,e05d706f-618b-41d2-83a3-02890048f60d,
62981551,2025-10-24 03:00:00.000,,be00ab9e-1e0f-4d5a-a7db-0a1a30dd307f.binning_data.json,62981551,2025-10-24 04:15:02.086,2025-10-24 04:15:02.086,UTC-0300,hriiVjEkYE,,com.sec.android.app.shealth,2025-10-24 04:00:00.000,be00ab9e-1e0f-4d5a-a7db-0a1a30dd307f,
62981551,2025-10-24 04:00:00.000,,267d995a-5724-4416-9fbd-ea6559fc4ded.binning_data.json,62981551,2025-10-24 05:15:01.165,2025-10-24 05:15:01.165,UTC-0300,hriiVjEkYE,,com.sec.android.app.shealth,2025-10-24 05:00:00.000,267d995a-5724-4416-9fbd-ea6559fc4ded,
62981551,2025-10-24 05:00:00.000,,50ad6027-8f42-4732-bc1a-23db2803d90b.binning_data.json,62981551,2025-10-24 06:15:01.405,2025-10-24 06:15:01.405,UTC-0300,hriiVjEkYE,,com.sec.android.app.shealth,2025-10-24 06:00:00.000,50ad6027-8f42-4732-bc1a-23db2803d90b,
62981551,2025-10-24 06:00:00.000,,d5a3bbf8-02ad-4572-af8b-095b66f8d82d.binning_data.json,62981551,2025-10-24 07:15:01.564,2025-10-24 07:15:01.564,UTC-0300,hriiVjEkYE,,com.sec.android.app.shealth,2025-10-24 07:00:00.000,d5a3bbf8-02ad-4572-af8b-095b66f8d82d,
62981551,2025-10-24 07:00:00.000,,8ebc59b6-1505-4fb5-bcf3-3af60291a387.binning_data.json,62981551,2025-10-24 08:15:01.722,2025-10-24 08:15:01.722,UTC-0300,hriiVjEkYE,,com.sec.android.app.shealth,2025-10-24 08:00:00.000,8ebc59b6-1505-4fb5-bcf3-3af60291a387,
62981551,2025-10-24 08:00:00.000,,5f521ca8-413d-4477-9a5e-cc1b0ad57706.binning_data.json,62981551,2025-10-24 09:15:01.580,2025-10-24 09:15:01.580,UTC-0300,hriiVjEkYE,,com.sec.android.app.shealth,2025-10-24 09:00:00.000,5f521ca8-413d-4477-9a5e-cc1b0ad57706,
62981551,2025-10-24 09:00:00.000,,fdfba6eb-b8a1-4146-985f-5d45a97c5059.binning_data.json,62981551,2025-10-24 09:42:33.531,2025-10-24 09:42:33.531,UTC-0300,hriiVjEkYE,,com.sec.android.app.shealth,2025-10-24 09:42:33.428,fdfba6eb-b8a1-4146-985f-5d45a97c5059,
62981551,2025-10-25 03:00:00.000,,9376a2a9-8700-4eed-b8f7-e9622bf470f1.binning_data.json,62981551,2025-10-25 04:15:00.708,2025-10-25 04:15:00.708,UTC-0300,hriiVjEkYE,,com.sec.android.app.shealth,2025-10-25 04:00:00.000,9376a2a9-8700-4eed-b8f7-e9622bf470f1,
62981551,2025-10-25 04:00:00.000,,d63e3f47-fd2d-4339-abe1-ed013587789d.binning_data.json,62981551,2025-10-25 05:15:00.899,2025-10-25 05:15:00.899,UTC-0300,hriiVjEkYE,,com.sec.android.app.shealth,2025-10-25 05:00:00.000,d63e3f47-fd2d-4339-abe1-ed013587789d,
62981551,2025-10-25 05:00:00.000,,20a85479-dc33-4f66-9af1-d9dd882a7ca3.binning_data.json,62981551,2025-10-25 06:15:00.186,2025-10-25 06:15:00.186,UTC-0300,hriiVjEkYE,,com.sec.android.app.shealth,2025-10-25 06:00:00.000,20a85479-dc33-4f66-9af1-d9dd882a7ca3,
62981551,2025-10-25 06:00:00.000,,1dda0329-e27e-4c58-b7ae-57d4749b068d.binning_data.json,62981551,2025-10-25 07:15:00.654,2025-10-25 07:15:00.654,UTC-0300,hriiVjEkYE,,com.sec.android.app.shealth,2025-10-25 07:00:00.000,1dda0329-e27e-4c58-b7ae-57d4749b068d,
62981551,2025-10-25 07:00:00.000,,3388d6fd-32d2-4edf-a8f4-a0d0b04442a2.binning_data.json,62981551,2025-10-25 08:09:53.676,2025-10-25 08:09:53.676,UTC-0300,hriiVjEkYE,,com.sec.android.app.shealth,2025-10-25 08:00:00.000,3388d6fd-32d2-4edf-a8f4-a0d0b04442a2,
62981551,2025-10-25 08:00:00.000,,a83eb63e-7b9b-46d1-8f0a-d6dbd7fccd70.binning_data.json,62981551,2025-10-25 09:15:00.216,2025-10-25 09:15:00.216,UTC-0300,hriiVjEkYE,,com.sec.android.app.shealth,2025-10-25 09:00:00.000,a83eb63e-7b9b-46d1-8f0a-d6dbd7fccd70,
62981551,2025-10-25 09:00:00.000,,0de6ffa0-c1c9-467d-8c77-3839e0d5896a.binning_data.json,62981551,2025-10-25 10:15:00.385,2025-10-25 10:15:00.385,UTC-0300,hriiVjEkYE,,com.sec.android.app.shealth,2025-10-25 10:00:00.000,0de6ffa0-c1c9-467d-8c77-3839e0d5896a,
62981551,2025-10-25 10:00:00.000,,54828333-6ffd-4e5d-a7bb-b701a1186003.binning_data.json,62981551,2025-10-25 11:08:31.550,2025-10-25 11:08:31.550,UTC-0300,hriiVjEkYE,,com.sec.android.app.shealth,2025-10-25 11:00:00.000,54828333-6ffd-4e5d-a7bb-b701a1186003,
62981551,2025-10-25 11:00:00.000,,64956368-8931-4608-aef3-991e97f92c69.binning_data.json,62981551,2025-10-25 12:10:39.199,2025-10-25 12:10:39.199,UTC-0300,hriiVjEkYE,,com.sec.android.app.shealth,2025-10-25 12:00:00.000,64956368-8931-4608-aef3-991e97f92c69,
62981551,2025-10-25 12:00:00.000,,2db4c451-f42f-4a7a-afe1-e3099fae4713.binning_data.json,62981551,2025-10-25 13:14:39.349,2025-10-25 13:14:39.349,UTC-0300,hriiVjEkYE,,com.sec.android.app.shealth,2025-10-25 13:00:00.000,2db4c451-f42f-4a7a-afe1-e3099fae4713,
62981551,2025-10-25 13:00:00.000,,397159a5-20b6-4128-ac00-25c5f9b635f9.binning_data.json,62981551,2025-10-25 13:45:26.879,2025-10-25 13:45:26.879,UTC-0300,hriiVjEkYE,,com.sec.android.app.shealth,2025-10-25 13:45:26.761,397159a5-20b6-4128-ac00-25c5f9b635f9,
62981551,2025-10-29 03:00:00.000,,15013174-31c4-4f1c-87ff-2de71bd2aae7.binning_data.json,62981551,2025-10-29 04:15:00.412,2025-10-29 04:15:00.412,UTC-0300,hriiVjEkYE,,com.sec.android.app.shealth,2025-10-29 04:00:00.000,15013174-31c4-4f1c-87ff-2de71bd2aae7,
62981551,2025-10-29 04:00:00.000,,1e549981-9e47-47f2-81fd-946ad5acf1aa.binning_data.json,62981551,2025-10-29 05:15:01.262,2025-10-29 05:15:01.262,UTC-0300,hriiVjEkYE,,com.sec.android.app.shealth,2025-10-29 05:00:00.000,1e549981-9e47-47f2-81fd-946ad5acf1aa,
62981551,2025-10-29 05:00:00.000,,20552150-deb9-407f-9a25-9c16e1da1f8a.binning_data.json,62981551,2025-10-29 06:09:34.879,2025-10-29 06:09:34.879,UTC-0300,hriiVjEkYE,,com.sec.android.app.shealth,2025-10-29 06:00:00.000,20552150-deb9-407f-9a25-9c16e1da1f8a,
62981551,2025-10-29 06:00:00.000,,b868b73a-a2ad-4eaa-af40-b1090706af10.binning_data.json,62981551,2025-10-29 07:15:00.795,2025-10-29 07:15:00.795,UTC-0300,hriiVjEkYE,,com.sec.android.app.shealth,2025-10-29 07:00:00.000,b868b73a-a2ad-4eaa-af40-b1090706af10,
62981551,2025-10-29 07:00:00.000,,dc3136ac-63d6-4ad8-a8d0-fd4753c3ff38.binning_data.json,62981551,2025-10-29 08:15:00.454,2025-10-29 08:15:00.454,UTC-0300,hriiVjEkYE,,com.sec.android.app.shealth,2025-10-29 08:00:00.000,dc3136ac-63d6-4ad8-a8d0-fd4753c3ff38,
62981551,2025-10-29 08:00:00.000,,48357e0c-08fc-4b48-879c-c72e2fd20a11.binning_data.json,62981551,2025-10-29 09:12:52.369,2025-10-29 09:12:52.369,UTC-0300,hriiVjEkYE,,com.sec.android.app.shealth,2025-10-29 09:00:00.000,48357e0c-08fc-4b48-879c-c72e2fd20a11,
62981551,2025-10-29 09:00:00.000,,403dd793-1de2-4834-a92d-e7a043359c44.binning_data.json,62981551,2025-10-29 09:56:52.129,2025-10-29 09:56:52.129,UTC-0300,hriiVjEkYE,,com.sec.android.app.shealth,2025-10-29 09:56:52.034,403dd793-1de2-4834-a92d-e7a043359c44,
62981551,2025-11-01 04:00:00.000,,90b5efea-c0b2-423c-8750-eb54e2cc0732.binning_data.json,62981551,2025-11-01 05:15:00.966,2025-11-01 05:15:00.966,UTC-0300,hriiVjEkYE,,com.sec.android.app.shealth,2025-11-01 05:00:00.000,90b5efea-c0b2-423c-8750-eb54e2cc0732,
62981551,2025-11-01 05:00:00.000,,e29eb663-c8ab-4103-bd66-d97f16a4b144.binning_data.json,62981551,2025-11-01 06:15:00.772,2025-11-01 06:15:00.772,UTC-0300,hriiVjEkYE,,com.sec.android.app.shealth,2025-11-01 06:00:00.000,e29eb663-c8ab-4103-bd66-d97f16a4b144,
62981551,2025-11-01 06:00:00.000,,fce59834-83bd-44b2-a89b-debbbd45a681.binning_data.json,62981551,2025-11-01 07:15:00.566,2025-11-01 07:15:00.566,UTC-0300,hriiVjEkYE,,com.sec.android.app.shealth,2025-11-01 07:00:00.000,fce59834-83bd-44b2-a89b-debbbd45a681,
62981551,2025-11-01 07:00:00.000,,3608b5db-d272-4509-82f8-5f3cefedcf13.binning_data.json,62981551,2025-11-01 08:15:00.376,2025-11-01 08:15:00.376,UTC-0300,hriiVjEkYE,,com.sec.android.app.shealth,2025-11-01 08:00:00.000,3608b5db-d272-4509-82f8-5f3cefedcf13,
62981551,2025-11-01 08:00:00.000,,ce89bc7b-7917-4570-a26f-d9ea4a721ae9.binning_data.json,62981551,2025-11-01 09:15:00.408,2025-11-01 09:15:00.408,UTC-0300,hriiVjEkYE,,com.sec.android.app.shealth,2025-11-01 09:00:00.000,ce89bc7b-7917-4570-a26f-d9ea4a721ae9,
62981551,2025-11-01 09:00:00.000,,80fcca45-4a6f-4284-892f-93cf4ea3a3ea.binning_data.json,62981551,2025-11-01 10:15:00.203,2025-11-01 10:15:00.203,UTC-0300,hriiVjEkYE,,com.sec.android.app.shealth,2025-11-01 10:00:00.000,80fcca45-4a6f-4284-892f-93cf4ea3a3ea,
62981551,2025-11-01 10:00:00.000,,ab36318f-33be-450c-9c2e-298d7d19b691.binning_data.json,62981551,2025-11-01 11:15:00.163,2025-11-01 11:15:00.163,UTC-0300,hriiVjEkYE,,com.sec.android.app.shealth,2025-11-01 11:00:00.000,ab36318f-33be-450c-9c2e-298d7d19b691,
62981551,2025-11-01 11:00:00.000,,0967ae77-75b1-4ae9-8e8f-475811f51e6f.binning_data.json,62981551,2025-11-01 12:15:00.237,2025-11-01 12:15:00.237,UTC-0300,hriiVjEkYE,,com.sec.android.app.shealth,2025-11-01 12:00:00.000,0967ae77-75b1-4ae9-8e8f-475811f51e6f,
62981551,2025-11-01 12:00:00.000,,baaabf59-fd4b-48f6-85e1-36bdbe69a22a.binning_data.json,62981551,2025-11-01 13:02:16.411,2025-11-01 13:02:16.411,UTC-0300,hriiVjEkYE,,com.sec.android.app.shealth,2025-11-01 13:00:00.000,baaabf59-fd4b-48f6-85e1-36bdbe69a22a,
62981551,2025-11-03 04:00:00.000,,882fb7c1-e0c5-4308-8f0e-c03dc8baa136.binning_data.json,62981551,2025-11-03 05:15:01.053,2025-11-03 05:15:01.053,UTC-0300,hriiVjEkYE,,com.sec.android.app.shealth,2025-11-03 05:00:00.000,882fb7c1-e0c5-4308-8f0e-c03dc8baa136,
62981551,2025-11-03 05:00:00.000,,25edefa9-70d8-46a8-988a-3dbdc4fa1e73.binning_data.json,62981551,2025-11-03 06:09:39.285,2025-11-03 06:09:39.285,UTC-0300,hriiVjEkYE,,com.sec.android.app.shealth,2025-11-03 06:00:00.000,25edefa9-70d8-46a8-988a-3dbdc4fa1e73,
62981551,2025-11-03 06:00:00.000,,36758b27-ab69-4dbd-9590-28ec8065251d.binning_data.json,62981551,2025-11-03 07:15:00.599,2025-11-03 07:15:00.599,UTC-0300,hriiVjEkYE,,com.sec.android.app.shealth,2025-11-03 07:00:00.000,36758b27-ab69-4dbd-9590-28ec8065251d,
62981551,2025-11-03 07:00:00.000,,b678aedb-319c-4602-b0db-7e33dc5f4930.binning_data.json,62981551,2025-11-03 08:15:00.147,2025-11-03 08:15:00.147,UTC-0300,hriiVjEkYE,,com.sec.android.app.shealth,2025-11-03 08:00:00.000,b678aedb-319c-4602-b0db-7e33dc5f4930,
62981551,2025-11-03 08:00:00.000,,ebe10e49-3dbc-4a39-ba15-95b53816d51c.binning_data.json,62981551,2025-11-03 09:07:52.781,2025-11-03 09:07:52.781,UTC-0300,hriiVjEkYE,,com.sec.android.app.shealth,2025-11-03 09:00:00.000,ebe10e49-3dbc-4a39-ba15-95b53816d51c,
62981551,2025-11-03 09:00:00.000,,0b597ca9-3d02-4c36-821d-49c43897a7ad.binning_data.json,62981551,2025-11-03 10:09:25.286,2025-11-03 10:09:25.286,UTC-0300,hriiVjEkYE,,com.sec.android.app.shealth,2025-11-03 10:00:00.000,0b597ca9-3d02-4c36-821d-49c43897a7ad,
62981551,2025-11-04 04:00:00.000,,8d999e39-e131-4f24-a599-35b7da74664d.binning_data.json,62981551,2025-11-04 05:15:00.682,2025-11-04 05:15:00.682,UTC-0300,hriiVjEkYE,,com.sec.android.app.shealth,2025-11-04 05:00:00.000,8d999e39-e131-4f24-a599-35b7da74664d,
62981551,2025-11-04 05:00:00.000,,0be047ab-8a9d-4097-9ca2-d395065a5065.binning_data.json,62981551,2025-11-04 06:15:00.519,2025-11-04 06:15:00.519,UTC-0300,hriiVjEkYE,,com.sec.android.app.shealth,2025-11-04 06:00:00.000,0be047ab-8a9d-4097-9ca2-d395065a5065,
62981551,2025-11-04 06:00:00.000,,41830761-eb54-4ae5-96c1-559db1fadf62.binning_data.json,62981551,2025-11-04 07:15:00.556,2025-11-04 07:15:00.556,UTC-0300,hriiVjEkYE,,com.sec.android.app.shealth,2025-11-04 07:00:00.000,41830761-eb54-4ae5-96c1-559db1fadf62,
62981551,2025-11-04 07:00:00.000,,f09a8c06-66d3-4af0-8318-38a18a503ef8.binning_data.json,62981551,2025-11-04 08:15:00.236,2025-11-04 08:15:00.236,UTC-0300,hriiVjEkYE,,com.sec.android.app.shealth,2025-11-04 08:00:00.000,f09a8c06-66d3-4af0-8318-38a18a503ef8,
62981551,2025-11-04 08:00:00.000,,e25444ea-c832-466a-8a77-37cc815f3143.binning_data.json,62981551,2025-11-04 09:15:00.096,2025-11-04 09:15:00.096,UTC-0300,hriiVjEkYE,,com.sec.android.app.shealth,2025-11-04 09:00:00.000,e25444ea-c832-466a-8a77-37cc815f3143,
62981551,2025-11-04 09:00:00.000,,37aa63a1-0b14-4155-aac1-2a1bfdea12c0.binning_data.json,62981551,2025-11-04 10:02:27.340,2025-11-04 10:02:27.340,UTC-0300,hriiVjEkYE,,com.sec.android.app.shealth,2025-11-04 10:00:00.000,37aa63a1-0b14-4155-aac1-2a1bfdea12c0,
62981551,2025-11-06 04:00:00.000,,3ca38373-712f-4191-99e7-09e817e0910a.binning_data.json,62981551,2025-11-06 05:14:59.723,2025-11-06 05:14:59.723,UTC-0300,hriiVjEkYE,,com.sec.android.app.shealth,2025-11-06 05:00:00.000,3ca38373-712f-4191-99e7-09e817e0910a,
62981551,2025-11-06 05:00:00.000,,a2602dc2-91a0-4c76-856f-66194474608e.binning_data.json,62981551,2025-11-06 06:14:59.453,2025-11-06 06:14:59.453,UTC-0300,hriiVjEkYE,,com.sec.android.app.shealth,2025-11-06 06:00:00.000,a2602dc2-91a0-4c76-856f-66194474608e,
62981551,2025-11-06 06:00:00.000,,666d047e-1e0c-4a0b-af27-75ee80b3c40a.binning_data.json,62981551,2025-11-06 07:14:59.478,2025-11-06 07:14:59.478,UTC-0300,hriiVjEkYE,,com.sec.android.app.shealth,2025-11-06 07:00:00.000,666d047e-1e0c-4a0b-af27-75ee80b3c40a,
62981551,2025-11-06 07:00:00.000,,fab3b3c2-326e-41a2-99a3-0d6fb1fe3103.binning_data.json,62981551,2025-11-06 08:14:59.525,2025-11-06 08:14:59.525,UTC-0300,hriiVjEkYE,,com.sec.android.app.shealth,2025-11-06 08:00:00.000,fab3b3c2-326e-41a2-99a3-0d6fb1fe3103,
62981551,2025-11-06 08:00:00.000,,a95b43ef-91c4-4040-b941-b4cf5768a869.binning_data.json,62981551,2025-11-06 09:14:59.582,2025-11-06 09:14:59.582,UTC-0300,hriiVjEkYE,,com.sec.android.app.shealth,2025-11-06 09:00:00.000,a95b43ef-91c4-4040-b941-b4cf5768a869,
62981551,2025-11-06 09:00:00.000,,5846dd7c-08da-4a93-9156-6e613099f399.binning_data.json,62981551,2025-11-06 10:10:03.185,2025-11-06 10:10:03.185,UTC-0300,hriiVjEkYE,,com.sec.android.app.shealth,2025-11-06 10:00:00.000,5846dd7c-08da-4a93-9156-6e613099f399,
62981551,2025-11-06 10:00:00.000,,11285735-4b53-4763-acf7-0e70c278765a.binning_data.json,62981551,2025-11-06 10:31:25.334,2025-11-06 10:31:25.334,UTC-0300,hriiVjEkYE,,com.sec.android.app.shealth,2025-11-06 10:31:25.277,11285735-4b53-4763-acf7-0e70c278765a,
62981551,2025-11-11 04:00:00.000,,87b2ea92-87b1-4547-862b-666b313f5160.binning_data.json,62981551,2025-11-11 05:15:00.266,2025-11-11 05:15:00.266,UTC-0300,hriiVjEkYE,,com.sec.android.app.shealth,2025-11-11 05:00:00.000,87b2ea92-87b1-4547-862b-666b313f5160,
62981551,2025-11-11 05:00:00.000,,59e7c68f-d79b-4e03-a699-5d5a4a8377df.binning_data.json,62981551,2025-11-11 06:15:00.608,2025-11-11 06:15:00.608,UTC-0300,hriiVjEkYE,,com.sec.android.app.shealth,2025-11-11 06:00:00.000,59e7c68f-d79b-4e03-a699-5d5a4a8377df,
62981551,2025-11-11 06:00:00.000,,49d783d6-2be2-418e-9831-0fc6fd281910.binning_data.json,62981551,2025-11-11 07:15:00.916,2025-11-11 07:15:00.916,UTC-0300,hriiVjEkYE,,com.sec.android.app.shealth,2025-11-11 07:00:00.000,49d783d6-2be2-418e-9831-0fc6fd281910,
62981551,2025-11-11 07:00:00.000,,31036e6e-5621-475a-ac4c-a47027be3ce1.binning_data.json,62981551,2025-11-11 08:15:01.012,2025-11-11 08:15:01.012,UTC-0300,hriiVjEkYE,,com.sec.android.app.shealth,2025-11-11 08:00:00.000,31036e6e-5621-475a-ac4c-a47027be3ce1,
62981551,2025-11-11 08:00:00.000,,4fd593a3-42ee-497b-b980-e0aa4291d4b7.binning_data.json,62981551,2025-11-11 09:15:00.252,2025-11-11 09:15:00.252,UTC-0300,hriiVjEkYE,,com.sec.android.app.shealth,2025-11-11 09:00:00.000,4fd593a3-42ee-497b-b980-e0aa4291d4b7,
62981551,2025-11-11 09:00:00.000,,0e6342e9-10da-4683-9c59-923e028d27d0.binning_data.json,62981551,2025-11-11 10:04:18.993,2025-11-11 10:04:18.993,UTC-0300,hriiVjEkYE,,com.sec.android.app.shealth,2025-11-11 10:00:00.000,0e6342e9-10da-4683-9c59-923e028d27d0,
62981551,2025-11-12 03:00:00.000,,52ac7a68-76a3-436a-996f-89cc79c9ff9e.binning_data.json,62981551,2025-11-12 04:08:48.311,2025-11-12 04:08:48.311,UTC-0300,hriiVjEkYE,,com.sec.android.app.shealth,2025-11-12 04:00:00.000,52ac7a68-76a3-436a-996f-89cc79c9ff9e,
62981551,2025-11-12 04:00:00.000,,565a9e8d-42a0-4a16-b7ae-25a7f4488692.binning_data.json,62981551,2025-11-12 05:15:00.385,2025-11-12 05:15:00.385,UTC-0300,hriiVjEkYE,,com.sec.android.app.shealth,2025-11-12 05:00:00.000,565a9e8d-42a0-4a16-b7ae-25a7f4488692,
62981551,2025-11-12 05:00:00.000,,2828acb6-4b71-4968-bf9c-b611e8be6338.binning_data.json,62981551,2025-11-12 06:15:00.322,2025-11-12 06:15:00.322,UTC-0300,hriiVjEkYE,,com.sec.android.app.shealth,2025-11-12 06:00:00.000,2828acb6-4b71-4968-bf9c-b611e8be6338,
62981551,2025-11-12 06:00:00.000,,c4939b5e-962d-4a12-b77f-e2f1e3c2005c.binning_data.json,62981551,2025-11-12 07:15:00.300,2025-11-12 07:15:00.300,UTC-0300,hriiVjEkYE,,com.sec.android.app.shealth,2025-11-12 07:00:00.000,c4939b5e-962d-4a12-b77f-e2f1e3c2005c,
62981551,2025-11-12 07:00:00.000,,2f40c99c-1aee-4bc7-ab7f-bfb3614acde7.binning_data.json,62981551,2025-11-12 08:15:00.422,2025-11-12 08:15:00.422,UTC-0300,hriiVjEkYE,,com.sec.android.app.shealth,2025-11-12 08:00:00.000,2f40c99c-1aee-4bc7-ab7f-bfb3614acde7,
62981551,2025-11-12 08:00:00.000,,f2740260-7b08-4750-b8bb-57f020f56b0a.binning_data.json,62981551,2025-11-12 09:15:00.430,2025-11-12 09:15:00.430,UTC-0300,hriiVjEkYE,,com.sec.android.app.shealth,2025-11-12 09:00:00.000,f2740260-7b08-4750-b8bb-57f020f56b0a,
62981551,2025-11-12 09:00:00.000,,600b326a-dadb-4a72-a4ec-9535f937cbe0.binning_data.json,62981551,2025-11-12 10:15:00.257,2025-11-12 10:15:00.257,UTC-0300,hriiVjEkYE,,com.sec.android.app.shealth,2025-11-12 10:00:00.000,600b326a-dadb-4a72-a4ec-9535f937cbe0,
62981551,2025-11-12 10:00:00.000,,ad1fc8fb-8a3f-4f5b-b0bd-d966e265f7d5.binning_data.json,62981551,2025-11-12 11:12:17.371,2025-11-12 11:12:17.371,UTC-0300,hriiVjEkYE,,com.sec.android.app.shealth,2025-11-12 11:00:00.000,ad1fc8fb-8a3f-4f5b-b0bd-d966e265f7d5,
62981551,2025-11-12 11:00:00.000,,3b8d655f-3cae-463d-8bce-b41e9ff15284.binning_data.json,62981551,2025-11-12 11:57:57.161,2025-11-12 11:57:57.161,UTC-0300,hriiVjEkYE,,com.sec.android.app.shealth,2025-11-12 11:57:56.991,3b8d655f-3cae-463d-8bce-b41e9ff15284,
62981551,2025-11-14 04:00:00.000,,e9042224-e35e-4c73-b0da-92c08ffd5dff.binning_data.json,62981551,2025-11-14 05:15:02.156,2025-11-14 05:15:02.156,UTC-0300,hriiVjEkYE,,com.sec.android.app.shealth,2025-11-14 05:00:00.000,e9042224-e35e-4c73-b0da-92c08ffd5dff,
62981551,2025-11-14 05:00:00.000,,e45b09ce-68dd-44d7-91ba-b29c7bcc959f.binning_data.json,62981551,2025-11-14 06:07:29.267,2025-11-14 06:07:29.267,UTC-0300,hriiVjEkYE,,com.sec.android.app.shealth,2025-11-14 06:00:00.000,e45b09ce-68dd-44d7-91ba-b29c7bcc959f,
62981551,2025-11-14 06:00:00.000,,71364f92-3599-4967-aaf6-f378aec2811a.binning_data.json,62981551,2025-11-14 07:15:02.049,2025-11-14 07:15:02.049,UTC-0300,hriiVjEkYE,,com.sec.android.app.shealth,2025-11-14 07:00:00.000,71364f92-3599-4967-aaf6-f378aec2811a,
62981551,2025-11-14 07:00:00.000,,9029da53-373f-49b5-90ac-97db92b3e67f.binning_data.json,62981551,2025-11-14 08:15:02.055,2025-11-14 08:15:02.055,UTC-0300,hriiVjEkYE,,com.sec.android.app.shealth,2025-11-14 08:00:00.000,9029da53-373f-49b5-90ac-97db92b3e67f,
62981551,2025-11-14 08:00:00.000,,908bbcf1-545d-4320-b756-955d4e2d290b.binning_data.json,62981551,2025-11-14 09:05:38.416,2025-11-14 09:05:38.416,UTC-0300,hriiVjEkYE,,com.sec.android.app.shealth,2025-11-14 09:00:00.000,908bbcf1-545d-4320-b756-955d4e2d290b,
62981551,2025-11-14 09:00:00.000,,f6dce618-0d1a-499a-a0e2-897e85525ac8.binning_data.json,62981551,2025-11-14 10:10:03.974,2025-11-14 10:10:03.974,UTC-0300,hriiVjEkYE,,com.sec.android.app.shealth,2025-11-14 10:00:00.000,f6dce618-0d1a-499a-a0e2-897e85525ac8,
62981551,2025-11-14 10:00:00.000,,07a13954-f814-4f1a-bc7e-b8d80d3ba30b.binning_data.json,62981551,2025-11-14 10:48:37.871,2025-11-14 10:48:37.871,UTC-0300,hriiVjEkYE,,com.sec.android.app.shealth,2025-11-14 10:48:37.721,07a13954-f814-4f1a-bc7e-b8d80d3ba30b,
62981551,2025-11-19 03:00:00.000,,056a386d-23e5-45ed-bc32-7ac3c4afe72d.binning_data.json,62981551,2025-11-19 04:09:38.773,2025-11-19 04:09:38.773,UTC-0300,hriiVjEkYE,,com.sec.android.app.shealth,2025-11-19 04:00:00.000,056a386d-23e5-45ed-bc32-7ac3c4afe72d,
62981551,2025-11-19 04:00:00.000,,f79d2932-2caa-4796-b54d-473cd1721b49.binning_data.json,62981551,2025-11-19 05:15:01.609,2025-11-19 05:15:01.609,UTC-0300,hriiVjEkYE,,com.sec.android.app.shealth,2025-11-19 05:00:00.000,f79d2932-2caa-4796-b54d-473cd1721b49,
62981551,2025-11-19 05:00:00.000,,85a35c46-c7db-4f00-b506-0d3c92bfbadf.binning_data.json,62981551,2025-11-19 06:15:01.715,2025-11-19 06:15:01.715,UTC-0300,hriiVjEkYE,,com.sec.android.app.shealth,2025-11-19 06:00:00.000,85a35c46-c7db-4f00-b506-0d3c92bfbadf,
62981551,2025-11-19 06:00:00.000,,32a245ff-aca7-4cc7-bf06-edc643caeca9.binning_data.json,62981551,2025-11-19 07:15:01.722,2025-11-19 07:15:01.722,UTC-0300,hriiVjEkYE,,com.sec.android.app.shealth,2025-11-19 07:00:00.000,32a245ff-aca7-4cc7-bf06-edc643caeca9,
62981551,2025-11-19 07:00:00.000,,0357022a-493a-4a8a-b126-9d94973472fc.binning_data.json,62981551,2025-11-19 08:15:01.866,2025-11-19 08:15:01.866,UTC-0300,hriiVjEkYE,,com.sec.android.app.shealth,2025-11-19 08:00:00.000,0357022a-493a-4a8a-b126-9d94973472fc,
62981551,2025-11-19 08:00:00.000,,4923f179-9822-425f-87f2-ec74f16f0cd1.binning_data.json,62981551,2025-11-19 09:15:00.899,2025-11-19 09:15:00.899,UTC-0300,hriiVjEkYE,,com.sec.android.app.shealth,2025-11-19 09:00:00.000,4923f179-9822-425f-87f2-ec74f16f0cd1,
62981551,2025-11-19 09:00:00.000,,18b2ed61-92fb-4acd-a648-c3a6313c45df.binning_data.json,62981551,2025-11-19 10:12:56.778,2025-11-19 10:12:56.778,UTC-0300,hriiVjEkYE,,com.sec.android.app.shealth,2025-11-19 10:00:00.000,18b2ed61-92fb-4acd-a648-c3a6313c45df,
62981551,2025-11-19 10:00:00.000,,5da9ecd1-fb2e-43b5-88fc-8f5d194c6db6.binning_data.json,62981551,2025-11-19 10:42:51.509,2025-11-19 10:42:51.509,UTC-0300,hriiVjEkYE,,com.sec.android.app.shealth,2025-11-19 10:42:51.314,5da9ecd1-fb2e-43b5-88fc-8f5d194c6db6,
62981551,2025-11-21 04:00:00.000,,e860f295-29dc-4636-8963-37e9f10abe3b.binning_data.json,62981551,2025-11-21 05:15:00.233,2025-11-21 05:15:00.233,UTC-0300,hriiVjEkYE,,com.sec.android.app.shealth,2025-11-21 05:00:00.000,e860f295-29dc-4636-8963-37e9f10abe3b,
62981551,2025-11-21 05:00:00.000,,f86c95a7-5455-49fd-8a48-d1fc1429c039.binning_data.json,62981551,2025-11-21 06:11:21.364,2025-11-21 06:11:21.364,UTC-0300,hriiVjEkYE,,com.sec.android.app.shealth,2025-11-21 06:00:00.000,f86c95a7-5455-49fd-8a48-d1fc1429c039,
62981551,2025-11-21 06:00:00.000,,8e70e92d-7213-4e95-ad54-98cf55c679f7.binning_data.json,62981551,2025-11-21 07:15:00.755,2025-11-21 07:15:00.755,UTC-0300,hriiVjEkYE,,com.sec.android.app.shealth,2025-11-21 07:00:00.000,8e70e92d-7213-4e95-ad54-98cf55c679f7,
62981551,2025-11-21 07:00:00.000,,b9136759-49c4-489b-b9e9-6a60a75d9f08.binning_data.json,62981551,2025-11-21 08:15:00.849,2025-11-21 08:15:00.849,UTC-0300,hriiVjEkYE,,com.sec.android.app.shealth,2025-11-21 08:00:00.000,b9136759-49c4-489b-b9e9-6a60a75d9f08,
62981551,2025-11-21 08:00:00.000,,0756081c-4b92-4c2b-ae8b-1d32da4b7497.binning_data.json,62981551,2025-11-21 09:10:42.047,2025-11-21 09:10:42.047,UTC-0300,hriiVjEkYE,,com.sec.android.app.shealth,2025-11-21 09:00:00.000,0756081c-4b92-4c2b-ae8b-1d32da4b7497,
62981551,2025-11-21 09:00:00.000,,218ef66e-4af1-44cc-9804-cc47a284da76.binning_data.json,62981551,2025-11-21 10:11:42.583,2025-11-21 10:11:42.583,UTC-0300,hriiVjEkYE,,com.sec.android.app.shealth,2025-11-21 10:00:00.000,218ef66e-4af1-44cc-9804-cc47a284da76,
62981551,2025-11-21 10:00:00.000,,eeab3865-fa12-4769-94a8-143ee5ebe64a.binning_data.json,62981551,2025-11-21 10:43:38.837,2025-11-21 10:43:38.837,UTC-0300,hriiVjEkYE,,com.sec.android.app.shealth,2025-11-21 10:43:38.505,eeab3865-fa12-4769-94a8-143ee5ebe64a,
62981551,2025-11-21 11:00:00.000,,8c221a85-c2bf-479a-b5fa-0b4881e34660.binning_data.json,62981551,2025-11-21 11:35:54.264,2025-11-21 11:35:54.264,UTC-0300,hriiVjEkYE,,com.sec.android.app.shealth,2025-11-21 11:35:54.241,8c221a85-c2bf-479a-b5fa-0b4881e34660,
62981551,2025-11-22 05:00:00.000,,26cd56f2-7102-478c-97aa-b07525d06034.binning_data.json,62981551,2025-11-22 06:15:01.131,2025-11-22 06:15:01.131,UTC-0300,hriiVjEkYE,,com.sec.android.app.shealth,2025-11-22 06:00:00.000,26cd56f2-7102-478c-97aa-b07525d06034,
62981551,2025-11-22 06:00:00.000,,682a5b87-514c-4f24-a33d-18acc7316e35.binning_data.json,62981551,2025-11-22 07:10:21.782,2025-11-22 07:10:21.782,UTC-0300,hriiVjEkYE,,com.sec.android.app.shealth,2025-11-22 07:00:00.000,682a5b87-514c-4f24-a33d-18acc7316e35,
62981551,2025-11-22 07:00:00.000,,9162bebf-6959-427c-af66-d050a61b297c.binning_data.json,62981551,2025-11-22 08:15:00.768,2025-11-22 08:15:00.768,UTC-0300,hriiVjEkYE,,com.sec.android.app.shealth,2025-11-22 08:00:00.000,9162bebf-6959-427c-af66-d050a61b297c,
62981551,2025-11-22 08:00:00.000,,396fd562-745b-4ebc-98b5-96402ecc2c4f.binning_data.json,62981551,2025-11-22 09:15:01.096,2025-11-22 09:15:01.096,UTC-0300,hriiVjEkYE,,com.sec.android.app.shealth,2025-11-22 09:00:00.000,396fd562-745b-4ebc-98b5-96402ecc2c4f,
62981551,2025-11-22 09:00:00.000,,5ef9fa61-abe2-4b76-a875-d25d206c5da3.binning_data.json,62981551,2025-11-22 10:09:40.210,2025-11-22 10:09:40.210,UTC-0300,hriiVjEkYE,,com.sec.android.app.shealth,2025-11-22 10:00:00.000,5ef9fa61-abe2-4b76-a875-d25d206c5da3,
62981551,2025-11-22 10:00:00.000,,4541302b-33c3-4898-b067-a4d84f360ff3.binning_data.json,62981551,2025-11-22 11:15:00.322,2025-11-22 11:15:00.322,UTC-0300,hriiVjEkYE,,com.sec.android.app.shealth,2025-11-22 11:00:00.000,4541302b-33c3-4898-b067-a4d84f360ff3,
62981551,2025-11-22 11:00:00.000,,cb1466e2-262f-492b-bd73-4022d4238ef9.binning_data.json,62981551,2025-11-22 12:11:15.318,2025-11-22 12:11:15.107,UTC-0300,hriiVjEkYE,,com.sec.android.app.shealth,2025-11-22 12:00:00.000,cb1466e2-262f-492b-bd73-4022d4238ef9,
62981551,2025-11-23 03:00:00.000,,ef80d4d8-8a64-430a-9ec4-101249301afb.binning_data.json,62981551,2025-11-23 04:15:00.782,2025-11-23 04:15:00.782,UTC-0300,hriiVjEkYE,,com.sec.android.app.shealth,2025-11-23 04:00:00.000,ef80d4d8-8a64-430a-9ec4-101249301afb,
62981551,2025-11-23 04:00:00.000,,17e9acaf-52af-4154-bee0-b6495ac66fe3.binning_data.json,62981551,2025-11-23 05:15:00.815,2025-11-23 05:15:00.815,UTC-0300,hriiVjEkYE,,com.sec.android.app.shealth,2025-11-23 05:00:00.000,17e9acaf-52af-4154-bee0-b6495ac66fe3,
62981551,2025-11-23 05:00:00.000,,2aff28e6-ac3b-4b62-9962-b278188b7627.binning_data.json,62981551,2025-11-23 06:06:31.602,2025-11-23 06:06:31.602,UTC-0300,hriiVjEkYE,,com.sec.android.app.shealth,2025-11-23 06:00:00.000,2aff28e6-ac3b-4b62-9962-b278188b7627,
62981551,2025-11-23 06:00:00.000,,2e9deb1d-a2a0-4cf7-bc60-cbf2a1ebefef.binning_data.json,62981551,2025-11-23 07:15:00.835,2025-11-23 07:15:00.835,UTC-0300,hriiVjEkYE,,com.sec.android.app.shealth,2025-11-23 07:00:00.000,2e9deb1d-a2a0-4cf7-bc60-cbf2a1ebefef,
62981551,2025-11-23 07:00:00.000,,db9fefa4-9541-47f2-82f9-a7d20d7caff9.binning_data.json,62981551,2025-11-23 08:15:01.093,2025-11-23 08:15:01.093,UTC-0300,hriiVjEkYE,,com.sec.android.app.shealth,2025-11-23 08:00:00.000,db9fefa4-9541-47f2-82f9-a7d20d7caff9,
62981551,2025-11-23 08:00:00.000,,c5c9a03b-e24f-4bed-a4bc-358154492697.binning_data.json,62981551,2025-11-23 09:15:00.676,2025-11-23 09:15:00.676,UTC-0300,hriiVjEkYE,,com.sec.android.app.shealth,2025-11-23 09:00:00.000,c5c9a03b-e24f-4bed-a4bc-358154492697,
62981551,2025-11-23 09:00:00.000,,bca66250-2750-47a4-802f-a2e15af8926e.binning_data.json,62981551,2025-11-23 10:15:01.505,2025-11-23 10:15:01.505,UTC-0300,hriiVjEkYE,,com.sec.android.app.shealth,2025-11-23 10:00:00.000,bca66250-2750-47a4-802f-a2e15af8926e,
62981551,2025-11-23 10:00:00.000,,bbd6c482-692b-4f90-8040-4126ea3fe497.binning_data.json,62981551,2025-11-23 11:15:00.574,2025-11-23 11:15:00.574,UTC-0300,hriiVjEkYE,,com.sec.android.app.shealth,2025-11-23 11:00:00.000,bbd6c482-692b-4f90-8040-4126ea3fe497,
62981551,2025-11-23 11:00:00.000,,01fda145-b894-4f13-a5ae-e17a128899f5.binning_data.json,62981551,2025-11-23 12:13:53.492,2025-11-23 12:13:53.492,UTC-0300,hriiVjEkYE,,com.sec.android.app.shealth,2025-11-23 12:00:00.000,01fda145-b894-4f13-a5ae-e17a128899f5,
62981551,2025-11-23 12:00:00.000,,2b46915a-5277-4d48-a1ce-d8466a288c31.binning_data.json,62981551,2025-11-23 13:15:01.106,2025-11-23 13:15:01.106,UTC-0300,hriiVjEkYE,,com.sec.android.app.shealth,2025-11-23 13:00:00.000,2b46915a-5277-4d48-a1ce-d8466a288c31,
62981551,2025-11-23 13:00:00.000,,2de38a22-147f-4fe9-8c3e-c883abd9fd8c.binning_data.json,62981551,2025-11-23 14:15:01.266,2025-11-23 14:15:01.266,UTC-0300,hriiVjEkYE,,com.sec.android.app.shealth,2025-11-23 14:00:00.000,2de38a22-147f-4fe9-8c3e-c883abd9fd8c,
62981551,2025-11-23 14:00:00.000,,45aa2bd3-0fe3-4499-9769-eb064b177570.binning_data.json,62981551,2025-11-23 14:32:53.533,2025-11-23 14:32:53.533,UTC-0300,hriiVjEkYE,,com.sec.android.app.shealth,2025-11-23 14:32:53.493,45aa2bd3-0fe3-4499-9769-eb064b177570,
62981551,2025-11-24 04:00:00.000,,a97f7b96-fda8-4179-bc39-8290cc418769.binning_data.json,62981551,2025-11-24 05:15:00.550,2025-11-24 05:15:00.550,UTC-0300,hriiVjEkYE,,com.sec.android.app.shealth,2025-11-24 05:00:00.000,a97f7b96-fda8-4179-bc39-8290cc418769,
62981551,2025-11-24 05:00:00.000,,094b68ac-768c-4523-8c05-a16fd8ce0b6a.binning_data.json,62981551,2025-11-24 06:07:27.923,2025-11-24 06:07:27.923,UTC-0300,hriiVjEkYE,,com.sec.android.app.shealth,2025-11-24 06:00:00.000,094b68ac-768c-4523-8c05-a16fd8ce0b6a,
62981551,2025-11-24 06:00:00.000,,d4a0c647-5483-47a2-9e92-d4486f4eaf5d.binning_data.json,62981551,2025-11-24 07:15:01.161,2025-11-24 07:15:01.161,UTC-0300,hriiVjEkYE,,com.sec.android.app.shealth,2025-11-24 07:00:00.000,d4a0c647-5483-47a2-9e92-d4486f4eaf5d,
62981551,2025-11-24 07:00:00.000,,ba418bdc-a550-44b1-8280-ce2346588939.binning_data.json,62981551,2025-11-24 08:15:01.118,2025-11-24 08:15:01.118,UTC-0300,hriiVjEkYE,,com.sec.android.app.shealth,2025-11-24 08:00:00.000,ba418bdc-a550-44b1-8280-ce2346588939,
62981551,2025-11-24 08:00:00.000,,47e81503-93f9-42fe-80c4-c676421274f9.binning_data.json,62981551,2025-11-24 09:09:58.797,2025-11-24 09:09:58.797,UTC-0300,hriiVjEkYE,,com.sec.android.app.shealth,2025-11-24 09:00:00.000,47e81503-93f9-42fe-80c4-c676421274f9,
62981551,2025-11-24 09:00:00.000,,cc3b2d9c-b214-4663-ac5e-11c207fa2288.binning_data.json,62981551,2025-11-24 10:10:03.080,2025-11-24 10:10:03.080,UTC-0300,hriiVjEkYE,,com.sec.android.app.shealth,2025-11-24 10:00:00.000,cc3b2d9c-b214-4663-ac5e-11c207fa2288,
62981551,2025-11-24 10:00:00.000,,458f7823-5205-4384-83c7-ab3d7aa51b98.binning_data.json,62981551,2025-11-24 10:28:33.486,2025-11-24 10:28:33.486,UTC-0300,hriiVjEkYE,,com.sec.android.app.shealth,2025-11-24 10:28:33.402,458f7823-5205-4384-83c7-ab3d7aa51b98,
62981551,2025-11-25 03:00:00.000,,6d33af4c-561b-45a7-af2b-b90547ecdca8.binning_data.json,62981551,2025-11-25 04:15:00.311,2025-11-25 04:15:00.311,UTC-0300,hriiVjEkYE,,com.sec.android.app.shealth,2025-11-25 04:00:00.000,6d33af4c-561b-45a7-af2b-b90547ecdca8,
62981551,2025-11-25 04:00:00.000,,11694a23-9d5a-4b7b-9216-55a95aeecddb.binning_data.json,62981551,2025-11-25 05:05:27.499,2025-11-25 05:05:27.499,UTC-0300,hriiVjEkYE,,com.sec.android.app.shealth,2025-11-25 05:00:00.000,11694a23-9d5a-4b7b-9216-55a95aeecddb,
62981551,2025-11-25 05:00:00.000,,59d6ba6b-a9b5-481f-8041-cc80a8c21920.binning_data.json,62981551,2025-11-25 06:15:00.590,2025-11-25 06:15:00.590,UTC-0300,hriiVjEkYE,,com.sec.android.app.shealth,2025-11-25 06:00:00.000,59d6ba6b-a9b5-481f-8041-cc80a8c21920,
62981551,2025-11-25 06:00:00.000,,a9c42e3c-1941-4390-824d-22c9d985f3bc.binning_data.json,62981551,2025-11-25 07:15:00.643,2025-11-25 07:15:00.643,UTC-0300,hriiVjEkYE,,com.sec.android.app.shealth,2025-11-25 07:00:00.000,a9c42e3c-1941-4390-824d-22c9d985f3bc,
62981551,2025-11-25 07:00:00.000,,b5d7b449-b372-4457-8a8b-bfccbdaac988.binning_data.json,62981551,2025-11-25 08:10:13.636,2025-11-25 08:10:13.636,UTC-0300,hriiVjEkYE,,com.sec.android.app.shealth,2025-11-25 08:00:00.000,b5d7b449-b372-4457-8a8b-bfccbdaac988,
62981551,2025-11-25 08:00:00.000,,a416dba4-673f-47a6-91cf-eb4b8cc92ef6.binning_data.json,62981551,2025-11-25 09:15:00.869,2025-11-25 09:15:00.869,UTC-0300,hriiVjEkYE,,com.sec.android.app.shealth,2025-11-25 09:00:00.000,a416dba4-673f-47a6-91cf-eb4b8cc92ef6,
62981551,2025-11-25 09:00:00.000,,95816c1b-cfc9-4c55-8011-85b31c7abc79.binning_data.json,62981551,2025-11-25 10:08:22.467,2025-11-25 10:08:22.467,UTC-0300,hriiVjEkYE,,com.sec.android.app.shealth,2025-11-25 10:00:00.000,95816c1b-cfc9-4c55-8011-85b31c7abc79,
62981551,2025-11-25 10:00:00.000,,485966f2-d984-4ddb-a9c9-b0825fe90084.binning_data.json,62981551,2025-11-25 10:21:47.193,2025-11-25 10:21:47.193,UTC-0300,hriiVjEkYE,,com.sec.android.app.shealth,2025-11-25 10:21:47.117,485966f2-d984-4ddb-a9c9-b0825fe90084,
62981551,2025-11-26 04:00:00.000,,dec654c5-417e-4839-93d2-e8d3a5e69b8c.binning_data.json,62981551,2025-11-26 05:05:04.894,2025-11-26 05:05:04.894,UTC-0300,hriiVjEkYE,,com.sec.android.app.shealth,2025-11-26 05:00:00.000,dec654c5-417e-4839-93d2-e8d3a5e69b8c,
62981551,2025-11-26 05:00:00.000,,feec1f11-1bc5-4336-aaa7-b8ff7c34e40c.binning_data.json,62981551,2025-11-26 06:15:00.982,2025-11-26 06:15:00.982,UTC-0300,hriiVjEkYE,,com.sec.android.app.shealth,2025-11-26 06:00:00.000,feec1f11-1bc5-4336-aaa7-b8ff7c34e40c,
62981551,2025-11-26 06:00:00.000,,c9662e6b-aa53-468b-8e9d-4e0463a6d257.binning_data.json,62981551,2025-11-26 07:15:00.913,2025-11-26 07:15:00.913,UTC-0300,hriiVjEkYE,,com.sec.android.app.shealth,2025-11-26 07:00:00.000,c9662e6b-aa53-468b-8e9d-4e0463a6d257,
62981551,2025-11-26 07:00:00.000,,512b526b-3c93-4518-8196-54166474f348.binning_data.json,62981551,2025-11-26 08:05:32.555,2025-11-26 08:05:32.555,UTC-0300,hriiVjEkYE,,com.sec.android.app.shealth,2025-11-26 08:00:00.000,512b526b-3c93-4518-8196-54166474f348,
62981551,2025-11-26 08:00:00.000,,87101a09-c48b-4fbb-9f21-7153c1b4ac8f.binning_data.json,62981551,2025-11-26 09:15:00.700,2025-11-26 09:15:00.700,UTC-0300,hriiVjEkYE,,com.sec.android.app.shealth,2025-11-26 09:00:00.000,87101a09-c48b-4fbb-9f21-7153c1b4ac8f,
62981551,2025-11-26 09:00:00.000,,18285c13-e5dd-4394-b7c0-b6e9d816e910.binning_data.json,62981551,2025-11-26 10:15:00.678,2025-11-26 10:15:00.678,UTC-0300,hriiVjEkYE,,com.sec.android.app.shealth,2025-11-26 10:00:00.000,18285c13-e5dd-4394-b7c0-b6e9d816e910,
62981551,2025-11-26 10:00:00.000,,17c06b47-fe8f-4c5e-86f2-32b7494f1853.binning_data.json,62981551,2025-11-26 11:12:01.298,2025-11-26 11:12:01.298,UTC-0300,hriiVjEkYE,,com.sec.android.app.shealth,2025-11-26 11:00:00.000,17c06b47-fe8f-4c5e-86f2-32b7494f1853,
62981551,2025-11-26 11:00:00.000,,1395d586-069a-4797-b7a2-d60b89e18160.binning_data.json,62981551,2025-11-26 11:43:13.879,2025-11-26 11:43:13.879,UTC-0300,hriiVjEkYE,,com.sec.android.app.shealth,2025-11-26 11:43:13.821,1395d586-069a-4797-b7a2-d60b89e18160,
62981551,2025-11-28 04:00:00.000,,83e20c95-f1bb-444b-8590-6e68183da981.binning_data.json,62981551,2025-11-28 05:15:00.188,2025-11-28 05:15:00.188,UTC-0300,hriiVjEkYE,,com.sec.android.app.shealth,2025-11-28 05:00:00.000,83e20c95-f1bb-444b-8590-6e68183da981,
62981551,2025-11-28 05:00:00.000,,f8956109-f00a-40d8-81e8-1ceedb7dc161.binning_data.json,62981551,2025-11-28 06:15:00.195,2025-11-28 06:15:00.195,UTC-0300,hriiVjEkYE,,com.sec.android.app.shealth,2025-11-28 06:00:00.000,f8956109-f00a-40d8-81e8-1ceedb7dc161,
62981551,2025-11-28 06:00:00.000,,82e8af5d-60a4-42b7-ba15-5cbdf870b269.binning_data.json,62981551,2025-11-28 07:15:00.394,2025-11-28 07:15:00.394,UTC-0300,hriiVjEkYE,,com.sec.android.app.shealth,2025-11-28 07:00:00.000,82e8af5d-60a4-42b7-ba15-5cbdf870b269,
62981551,2025-11-28 07:00:00.000,,c5ff45d5-6d19-4d73-8113-7ddb871b380b.binning_data.json,62981551,2025-11-28 08:15:00.607,2025-11-28 08:15:00.607,UTC-0300,hriiVjEkYE,,com.sec.android.app.shealth,2025-11-28 08:00:00.000,c5ff45d5-6d19-4d73-8113-7ddb871b380b,
62981551,2025-11-28 08:00:00.000,,01210795-b90b-44b9-9fcd-beec7fa60082.binning_data.json,62981551,2025-11-28 09:15:00.677,2025-11-28 09:15:00.677,UTC-0300,hriiVjEkYE,,com.sec.android.app.shealth,2025-11-28 09:00:00.000,01210795-b90b-44b9-9fcd-beec7fa60082,
62981551,2025-11-28 09:00:00.000,,a5cc878d-21eb-4d8b-9918-8b9a82792ed7.binning_data.json,62981551,2025-11-28 10:11:41.338,2025-11-28 10:11:41.338,UTC-0300,hriiVjEkYE,,com.sec.android.app.shealth,2025-11-28 10:00:00.000,a5cc878d-21eb-4d8b-9918-8b9a82792ed7,
62981551,2025-11-28 10:00:00.000,,cda9a3d3-7a97-402f-bc19-9437b68e4892.binning_data.json,62981551,2025-11-28 10:14:20.096,2025-11-28 10:14:20.096,UTC-0300,hriiVjEkYE,,com.sec.android.app.shealth,2025-11-28 10:14:19.888,cda9a3d3-7a97-402f-bc19-9437b68e4892,
62981551,2025-12-01 03:00:00.000,,835f53c6-4f00-45b2-959c-f2cc0ebdded2.binning_data.json,62981551,2025-12-01 04:15:01.083,2025-12-01 04:15:01.083,UTC-0300,hriiVjEkYE,,com.sec.android.app.shealth,2025-12-01 04:00:00.000,835f53c6-4f00-45b2-959c-f2cc0ebdded2,
62981551,2025-12-01 04:00:00.000,,89e367b7-2d9d-4f4f-a6a8-e4e0626c2260.binning_data.json,62981551,2025-12-01 05:15:01.179,2025-12-01 05:15:01.179,UTC-0300,hriiVjEkYE,,com.sec.android.app.shealth,2025-12-01 05:00:00.000,89e367b7-2d9d-4f4f-a6a8-e4e0626c2260,
62981551,2025-12-01 05:00:00.000,,6727a2ba-2abb-4a84-8151-aa50d8948fe6.binning_data.json,62981551,2025-12-01 06:15:01.087,2025-12-01 06:15:01.087,UTC-0300,hriiVjEkYE,,com.sec.android.app.shealth,2025-12-01 06:00:00.000,6727a2ba-2abb-4a84-8151-aa50d8948fe6,
62981551,2025-12-01 06:00:00.000,,3781cf35-f766-4618-9681-7f97220acf9d.binning_data.json,62981551,2025-12-01 07:16:40.767,2025-12-01 07:16:40.767,UTC-0300,hriiVjEkYE,,com.sec.android.app.shealth,2025-12-01 07:00:00.000,3781cf35-f766-4618-9681-7f97220acf9d,
62981551,2025-12-01 07:00:00.000,,8143465c-f284-4341-97d6-5170c2c367aa.binning_data.json,62981551,2025-12-01 08:15:00.348,2025-12-01 08:15:00.348,UTC-0300,hriiVjEkYE,,com.sec.android.app.shealth,2025-12-01 08:00:00.000,8143465c-f284-4341-97d6-5170c2c367aa,
62981551,2025-12-01 08:00:00.000,,d3b2b5c7-c82a-4996-b88d-c2edb2e89183.binning_data.json,62981551,2025-12-01 09:15:00.643,2025-12-01 09:15:00.643,UTC-0300,hriiVjEkYE,,com.sec.android.app.shealth,2025-12-01 09:00:00.000,d3b2b5c7-c82a-4996-b88d-c2edb2e89183,
62981551,2025-12-01 09:00:00.000,,e385d2d9-4ebf-4d60-8474-b892b22cf100.binning_data.json,62981551,2025-12-01 10:07:32.016,2025-12-01 10:07:32.016,UTC-0300,hriiVjEkYE,,com.sec.android.app.shealth,2025-12-01 10:00:00.000,e385d2d9-4ebf-4d60-8474-b892b22cf100,
62981551,2025-12-02 03:00:00.000,,0d03e5f1-c52a-458a-9a3b-065dda2dac82.binning_data.json,62981551,2025-12-02 04:15:01.335,2025-12-02 04:15:01.335,UTC-0300,hriiVjEkYE,,com.sec.android.app.shealth,2025-12-02 04:00:00.000,0d03e5f1-c52a-458a-9a3b-065dda2dac82,
62981551,2025-12-02 04:00:00.000,,47446fd0-6e66-4bae-8810-7b6f3ea8c0b9.binning_data.json,62981551,2025-12-02 05:15:01.510,2025-12-02 05:15:01.510,UTC-0300,hriiVjEkYE,,com.sec.android.app.shealth,2025-12-02 05:00:00.000,47446fd0-6e66-4bae-8810-7b6f3ea8c0b9,
62981551,2025-12-02 05:00:00.000,,d8391a86-3e64-4a44-8b54-b8893d0a1a3a.binning_data.json,62981551,2025-12-02 06:15:01.582,2025-12-02 06:15:01.582,UTC-0300,hriiVjEkYE,,com.sec.android.app.shealth,2025-12-02 06:00:00.000,d8391a86-3e64-4a44-8b54-b8893d0a1a3a,
62981551,2025-12-02 06:00:00.000,,93df4a5b-1f39-4544-b1fa-946e6d985bcf.binning_data.json,62981551,2025-12-02 07:15:01.681,2025-12-02 07:15:01.681,UTC-0300,hriiVjEkYE,,com.sec.android.app.shealth,2025-12-02 07:00:00.000,93df4a5b-1f39-4544-b1fa-946e6d985bcf,
62981551,2025-12-02 07:00:00.000,,7f4b1a83-25d7-435c-b43f-abbe124c7c11.binning_data.json,62981551,2025-12-02 08:15:01.718,2025-12-02 08:15:01.718,UTC-0300,hriiVjEkYE,,com.sec.android.app.shealth,2025-12-02 08:00:00.000,7f4b1a83-25d7-435c-b43f-abbe124c7c11,
62981551,2025-12-02 08:00:00.000,,62162123-175a-41d0-9bea-db4a34202486.binning_data.json,62981551,2025-12-02 09:15:01.755,2025-12-02 09:15:01.755,UTC-0300,hriiVjEkYE,,com.sec.android.app.shealth,2025-12-02 09:00:00.000,62162123-175a-41d0-9bea-db4a34202486,
62981551,2025-12-02 09:00:00.000,,1939c66f-6baa-44b5-b1c6-4c081c222946.binning_data.json,62981551,2025-12-02 10:27:54.649,2025-12-02 10:27:54.649,UTC-0300,hriiVjEkYE,,com.sec.android.app.shealth,2025-12-02 10:00:00.000,1939c66f-6baa-44b5-b1c6-4c081c222946,
62981551,2025-12-02 10:00:00.000,,87bb104e-4597-41cf-93eb-f776bc1bea0e.binning_data.json,62981551,2025-12-02 10:28:56.268,2025-12-02 10:28:56.268,UTC-0300,hriiVjEkYE,,com.sec.android.app.shealth,2025-12-02 10:28:56.198,87bb104e-4597-41cf-93eb-f776bc1bea0e,
62981551,2025-12-04 03:00:00.000,,eedc34ad-1e61-4699-8b4b-e43ddab840f2.binning_data.json,62981551,2025-12-04 04:15:29.393,2025-12-04 04:15:29.393,UTC-0300,hriiVjEkYE,,com.sec.android.app.shealth,2025-12-04 04:00:00.000,eedc34ad-1e61-4699-8b4b-e43ddab840f2,
62981551,2025-12-04 04:00:00.000,,429e9dfb-fd62-41f8-a92f-4c9d42b03f03.binning_data.json,62981551,2025-12-04 05:15:01.536,2025-12-04 05:15:01.536,UTC-0300,hriiVjEkYE,,com.sec.android.app.shealth,2025-12-04 05:00:00.000,429e9dfb-fd62-41f8-a92f-4c9d42b03f03,
62981551,2025-12-04 05:00:00.000,,ebc8fa63-326a-499f-a91f-cbd0f0e3ab4e.binning_data.json,62981551,2025-12-04 06:15:01.669,2025-12-04 06:15:01.669,UTC-0300,hriiVjEkYE,,com.sec.android.app.shealth,2025-12-04 06:00:00.000,ebc8fa63-326a-499f-a91f-cbd0f0e3ab4e,
62981551,2025-12-04 06:00:00.000,,757d5715-4a9a-4efa-b457-9ef41cd4815f.binning_data.json,62981551,2025-12-04 07:15:01.905,2025-12-04 07:15:01.905,UTC-0300,hriiVjEkYE,,com.sec.android.app.shealth,2025-12-04 07:00:00.000,757d5715-4a9a-4efa-b457-9ef41cd4815f,
62981551,2025-12-04 07:00:00.000,,1695d95f-5b2f-4ba0-b0d5-18ed2cdb9b37.binning_data.json,62981551,2025-12-04 08:15:01.121,2025-12-04 08:15:01.121,UTC-0300,hriiVjEkYE,,com.sec.android.app.shealth,2025-12-04 08:00:00.000,1695d95f-5b2f-4ba0-b0d5-18ed2cdb9b37,
62981551,2025-12-04 08:00:00.000,,aadf6d5d-ed85-4bfa-af05-49e089faf19b.binning_data.json,62981551,2025-12-04 09:15:01.107,2025-12-04 09:15:01.107,UTC-0300,hriiVjEkYE,,com.sec.android.app.shealth,2025-12-04 09:00:00.000,aadf6d5d-ed85-4bfa-af05-49e089faf19b,
62981551,2025-12-04 09:00:00.000,,cdeb22fa-4d25-444b-a6df-417dbd6ca3a1.binning_data.json,62981551,2025-12-04 10:10:03.013,2025-12-04 10:10:03.013,UTC-0300,hriiVjEkYE,,com.sec.android.app.shealth,2025-12-04 10:00:00.000,cdeb22fa-4d25-444b-a6df-417dbd6ca3a1,
62981551,2025-12-04 10:00:00.000,,b4f2a35b-0abb-4a76-94b7-78a3e18f24ef.binning_data.json,62981551,2025-12-04 10:44:58.043,2025-12-04 10:44:58.043,UTC-0300,hriiVjEkYE,,com.sec.android.app.shealth,2025-12-04 10:44:57.765,b4f2a35b-0abb-4a76-94b7-78a3e18f24ef,
62981551,2025-12-05 03:00:00.000,,8e0f6942-2d8b-43de-9ebd-3142eb10ab44.binning_data.json,62981551,2025-12-05 04:09:41.308,2025-12-05 04:09:41.308,UTC-0300,hriiVjEkYE,,com.sec.android.app.shealth,2025-12-05 04:00:00.000,8e0f6942-2d8b-43de-9ebd-3142eb10ab44,
62981551,2025-12-05 04:00:00.000,,19199239-9f48-451d-95e9-d1b7ce0133dc.binning_data.json,62981551,2025-12-05 05:08:13.531,2025-12-05 05:08:13.531,UTC-0300,hriiVjEkYE,,com.sec.android.app.shealth,2025-12-05 05:00:00.000,19199239-9f48-451d-95e9-d1b7ce0133dc,
62981551,2025-12-05 05:00:00.000,,86e0a7eb-79db-47e9-9e98-fb0ea60633d7.binning_data.json,62981551,2025-12-05 06:15:00.816,2025-12-05 06:15:00.816,UTC-0300,hriiVjEkYE,,com.sec.android.app.shealth,2025-12-05 06:00:00.000,86e0a7eb-79db-47e9-9e98-fb0ea60633d7,
62981551,2025-12-05 06:00:00.000,,e7c106a4-b15f-4ca0-9067-569a3aa941b4.binning_data.json,62981551,2025-12-05 07:15:00.868,2025-12-05 07:15:00.868,UTC-0300,hriiVjEkYE,,com.sec.android.app.shealth,2025-12-05 07:00:00.000,e7c106a4-b15f-4ca0-9067-569a3aa941b4,
62981551,2025-12-05 07:00:00.000,,964c6c8d-ef79-4eec-8f91-e9121e259e7b.binning_data.json,62981551,2025-12-05 08:07:12.395,2025-12-05 08:07:12.395,UTC-0300,hriiVjEkYE,,com.sec.android.app.shealth,2025-12-05 08:00:00.000,964c6c8d-ef79-4eec-8f91-e9121e259e7b,
62981551,2025-12-05 08:00:00.000,,ec8d853f-b5e6-4606-85a2-8b6e745f73ee.binning_data.json,62981551,2025-12-05 09:15:00.693,2025-12-05 09:15:00.693,UTC-0300,hriiVjEkYE,,com.sec.android.app.shealth,2025-12-05 09:00:00.000,ec8d853f-b5e6-4606-85a2-8b6e745f73ee,
62981551,2025-12-05 09:00:00.000,,edbda82f-8f1a-4f48-9bf1-8f78faecec59.binning_data.json,62981551,2025-12-05 10:10:03.968,2025-12-05 10:10:03.968,UTC-0300,hriiVjEkYE,,com.sec.android.app.shealth,2025-12-05 10:00:00.000,edbda82f-8f1a-4f48-9bf1-8f78faecec59,
62981551,2025-12-05 10:00:00.000,,86e82b60-11ce-48d7-885b-8a8dfa2c09f0.binning_data.json,62981551,2025-12-05 10:43:53.097,2025-12-05 10:43:53.097,UTC-0300,hriiVjEkYE,,com.sec.android.app.shealth,2025-12-05 10:43:52.926,86e82b60-11ce-48d7-885b-8a8dfa2c09f0,
62981551,2025-12-06 04:00:00.000,,86d862be-ed37-444d-a51c-210742726b00.binning_data.json,62981551,2025-12-06 05:15:00.447,2025-12-06 05:15:00.447,UTC-0300,hriiVjEkYE,,com.sec.android.app.shealth,2025-12-06 05:00:00.000,86d862be-ed37-444d-a51c-210742726b00,
62981551,2025-12-06 05:00:00.000,,a1408fb8-7e45-45e6-a9b3-d4944b3f3abf.binning_data.json,62981551,2025-12-06 06:15:00.380,2025-12-06 06:15:00.380,UTC-0300,hriiVjEkYE,,com.sec.android.app.shealth,2025-12-06 06:00:00.000,a1408fb8-7e45-45e6-a9b3-d4944b3f3abf,
62981551,2025-12-06 06:00:00.000,,da2b1217-31a9-48ac-a861-7725edff5aeb.binning_data.json,62981551,2025-12-06 07:15:00.619,2025-12-06 07:15:00.619,UTC-0300,hriiVjEkYE,,com.sec.android.app.shealth,2025-12-06 07:00:00.000,da2b1217-31a9-48ac-a861-7725edff5aeb,
62981551,2025-12-06 07:00:00.000,,6abb4fc4-5a17-4c93-9ebf-dad7763e8bf8.binning_data.json,62981551,2025-12-06 08:15:00.220,2025-12-06 08:15:00.220,UTC-0300,hriiVjEkYE,,com.sec.android.app.shealth,2025-12-06 08:00:00.000,6abb4fc4-5a17-4c93-9ebf-dad7763e8bf8,
62981551,2025-12-06 08:00:00.000,,eb0c1fb7-b412-4f75-9541-7df2cbcfd4a7.binning_data.json,62981551,2025-12-06 09:07:54.585,2025-12-06 09:07:54.585,UTC-0300,hriiVjEkYE,,com.sec.android.app.shealth,2025-12-06 09:00:00.000,eb0c1fb7-b412-4f75-9541-7df2cbcfd4a7,
62981551,2025-12-06 09:00:00.000,,f323be6d-1e3d-422b-b744-8d3405a3e861.binning_data.json,62981551,2025-12-06 10:15:00.214,2025-12-06 10:15:00.214,UTC-0300,hriiVjEkYE,,com.sec.android.app.shealth,2025-12-06 10:00:00.000,f323be6d-1e3d-422b-b744-8d3405a3e861,
62981551,2025-12-06 10:00:00.000,,5027c3d2-a125-4311-9739-2e3e8b2bc3a6.binning_data.json,62981551,2025-12-06 11:15:01.247,2025-12-06 11:15:01.247,UTC-0300,hriiVjEkYE,,com.sec.android.app.shealth,2025-12-06 11:00:00.000,5027c3d2-a125-4311-9739-2e3e8b2bc3a6,
62981551,2025-12-06 11:00:00.000,,c3bdca8f-4690-4e9d-9377-068bc01bc3de.binning_data.json,62981551,2025-12-06 12:11:37.505,2025-12-06 12:11:37.505,UTC-0300,hriiVjEkYE,,com.sec.android.app.shealth,2025-12-06 12:00:00.000,c3bdca8f-4690-4e9d-9377-068bc01bc3de,
62981551,2025-12-06 12:00:00.000,,8f407ca1-fbd8-4b09-af99-8a5bb4e03b2a.binning_data.json,62981551,2025-12-06 13:15:51.060,2025-12-06 13:15:51.060,UTC-0300,hriiVjEkYE,,com.sec.android.app.shealth,2025-12-06 13:00:00.000,8f407ca1-fbd8-4b09-af99-8a5bb4e03b2a,
62981551,2025-12-06 13:00:00.000,,ecba0c8c-e92a-4fcb-9144-f1024a9a9527.binning_data.json,62981551,2025-12-06 13:16:15.893,2025-12-06 13:16:15.893,UTC-0300,hriiVjEkYE,,com.sec.android.app.shealth,2025-12-06 13:16:15.813,ecba0c8c-e92a-4fcb-9144-f1024a9a9527,
62981551,2025-12-07 04:00:00.000,,01d82dba-a37b-480d-8968-fbeae0b8fadd.binning_data.json,62981551,2025-12-07 05:15:00.808,2025-12-07 05:15:00.808,UTC-0300,hriiVjEkYE,,com.sec.android.app.shealth,2025-12-07 05:00:00.000,01d82dba-a37b-480d-8968-fbeae0b8fadd,
62981551,2025-12-07 05:00:00.000,,858b8f81-a3cb-4b24-82ff-0c4779ba46bc.binning_data.json,62981551,2025-12-07 06:15:00.773,2025-12-07 06:15:00.773,UTC-0300,hriiVjEkYE,,com.sec.android.app.shealth,2025-12-07 06:00:00.000,858b8f81-a3cb-4b24-82ff-0c4779ba46bc,
62981551,2025-12-07 06:00:00.000,,4f664acf-ecda-4835-a260-31e6e89634c2.binning_data.json,62981551,2025-12-07 07:10:57.700,2025-12-07 07:10:57.700,UTC-0300,hriiVjEkYE,,com.sec.android.app.shealth,2025-12-07 07:00:00.000,4f664acf-ecda-4835-a260-31e6e89634c2,
62981551,2025-12-07 07:00:00.000,,9db00300-0262-49de-8eca-6f218c57e42a.binning_data.json,62981551,2025-12-07 08:09:13.997,2025-12-07 08:09:13.997,UTC-0300,hriiVjEkYE,,com.sec.android.app.shealth,2025-12-07 08:00:00.000,9db00300-0262-49de-8eca-6f218c57e42a,
62981551,2025-12-07 08:00:00.000,,15d5e279-09e8-4989-8cb7-fa52685442fa.binning_data.json,62981551,2025-12-07 09:15:00.324,2025-12-07 09:15:00.324,UTC-0300,hriiVjEkYE,,com.sec.android.app.shealth,2025-12-07 09:00:00.000,15d5e279-09e8-4989-8cb7-fa52685442fa,
62981551,2025-12-07 09:00:00.000,,4583e734-a2ba-4b87-a58b-a0740c2dc510.binning_data.json,62981551,2025-12-07 10:09:30.569,2025-12-07 10:09:30.569,UTC-0300,hriiVjEkYE,,com.sec.android.app.shealth,2025-12-07 10:00:00.000,4583e734-a2ba-4b87-a58b-a0740c2dc510,
62981551,2025-12-07 10:00:00.000,,63988cef-d702-4c13-8373-d1a3f626ed92.binning_data.json,62981551,2025-12-07 11:06:32.020,2025-12-07 11:06:31.844,UTC-0300,hriiVjEkYE,,com.sec.android.app.shealth,2025-12-07 11:00:00.000,63988cef-d702-4c13-8373-d1a3f626ed92,
62981551,2025-12-08 05:00:00.000,,15b53ac1-6c68-451e-9d74-0233bfa6f784.binning_data.json,62981551,2025-12-08 06:15:01.639,2025-12-08 06:15:01.639,UTC-0300,hriiVjEkYE,,com.sec.android.app.shealth,2025-12-08 06:00:00.000,15b53ac1-6c68-451e-9d74-0233bfa6f784,
62981551,2025-12-08 06:00:00.000,,3bb49e10-b44f-4ebb-b7d0-a5e0c96bd40f.binning_data.json,62981551,2025-12-08 07:15:01.268,2025-12-08 07:15:01.268,UTC-0300,hriiVjEkYE,,com.sec.android.app.shealth,2025-12-08 07:00:00.000,3bb49e10-b44f-4ebb-b7d0-a5e0c96bd40f,
62981551,2025-12-08 07:00:00.000,,8ad8a16d-560b-47cf-9cdc-7b25a408e906.binning_data.json,62981551,2025-12-08 08:08:42.658,2025-12-08 08:08:42.658,UTC-0300,hriiVjEkYE,,com.sec.android.app.shealth,2025-12-08 08:00:00.000,8ad8a16d-560b-47cf-9cdc-7b25a408e906,
62981551,2025-12-08 08:00:00.000,,6a1bf3b9-01cc-4651-b005-9f8f037152c3.binning_data.json,62981551,2025-12-08 09:15:01.675,2025-12-08 09:15:01.675,UTC-0300,hriiVjEkYE,,com.sec.android.app.shealth,2025-12-08 09:00:00.000,6a1bf3b9-01cc-4651-b005-9f8f037152c3,
62981551,2025-12-08 09:00:00.000,,bf9bd080-6650-4a35-9c30-0b6da118665e.binning_data.json,62981551,2025-12-08 10:07:07.944,2025-12-08 10:07:07.944,UTC-0300,hriiVjEkYE,,com.sec.android.app.shealth,2025-12-08 10:00:00.000,bf9bd080-6650-4a35-9c30-0b6da118665e,
62981551,2025-12-08 10:00:00.000,,3da3a7dd-f4e5-456b-9cfa-9c21055f4e0d.binning_data.json,62981551,2025-12-08 10:09:14.840,2025-12-08 10:09:14.840,UTC-0300,hriiVjEkYE,,com.sec.android.app.shealth,2025-12-08 10:09:14.786,3da3a7dd-f4e5-456b-9cfa-9c21055f4e0d,
62981551,2025-12-09 03:00:00.000,,f53e4992-426b-439f-b0e2-667031479422.binning_data.json,62981551,2025-12-09 04:15:00.603,2025-12-09 04:15:00.603,UTC-0300,hriiVjEkYE,,com.sec.android.app.shealth,2025-12-09 04:00:00.000,f53e4992-426b-439f-b0e2-667031479422,
62981551,2025-12-09 04:00:00.000,,cd8c27db-1cc3-41e3-b87a-6264282e4eaa.binning_data.json,62981551,2025-12-09 05:15:00.046,2025-12-09 05:15:00.046,UTC-0300,hriiVjEkYE,,com.sec.android.app.shealth,2025-12-09 05:00:00.000,cd8c27db-1cc3-41e3-b87a-6264282e4eaa,
62981551,2025-12-09 05:00:00.000,,a917e2d2-ba72-46f4-ad67-2b3826380d16.binning_data.json,62981551,2025-12-09 06:15:00.494,2025-12-09 06:15:00.494,UTC-0300,hriiVjEkYE,,com.sec.android.app.shealth,2025-12-09 06:00:00.000,a917e2d2-ba72-46f4-ad67-2b3826380d16,
62981551,2025-12-09 06:00:00.000,,9e2d7da1-34b0-4a40-b33d-8dbfa378a086.binning_data.json,62981551,2025-12-09 07:08:41.005,2025-12-09 07:08:41.005,UTC-0300,hriiVjEkYE,,com.sec.android.app.shealth,2025-12-09 07:00:00.000,9e2d7da1-34b0-4a40-b33d-8dbfa378a086,
62981551,2025-12-09 07:00:00.000,,ed9a2d46-ab69-4ed3-a0a0-b7f0958332b2.binning_data.json,62981551,2025-12-09 08:15:00.561,2025-12-09 08:15:00.561,UTC-0300,hriiVjEkYE,,com.sec.android.app.shealth,2025-12-09 08:00:00.000,ed9a2d46-ab69-4ed3-a0a0-b7f0958332b2,
62981551,2025-12-09 08:00:00.000,,52841878-0b84-4f6d-95f2-ba00e1d512c5.binning_data.json,62981551,2025-12-09 09:15:00.004,2025-12-09 09:15:00.004,UTC-0300,hriiVjEkYE,,com.sec.android.app.shealth,2025-12-09 09:00:00.000,52841878-0b84-4f6d-95f2-ba00e1d512c5,
62981551,2025-12-11 03:00:00.000,,4392d044-9aae-42da-aa05-c75693386f74.binning_data.json,62981551,2025-12-11 04:15:00.343,2025-12-11 04:15:00.343,UTC-0300,hriiVjEkYE,,com.sec.android.app.shealth,2025-12-11 04:00:00.000,4392d044-9aae-42da-aa05-c75693386f74,
62981551,2025-12-11 04:00:00.000,,20d235ff-9e71-4cfa-9d95-e51bbadce5c1.binning_data.json,62981551,2025-12-11 05:15:00.349,2025-12-11 05:15:00.349,UTC-0300,hriiVjEkYE,,com.sec.android.app.shealth,2025-12-11 05:00:00.000,20d235ff-9e71-4cfa-9d95-e51bbadce5c1,
62981551,2025-12-11 05:00:00.000,,540e0a3b-d489-4e1b-b550-ea006b900bda.binning_data.json,62981551,2025-12-11 06:15:00.428,2025-12-11 06:15:00.428,UTC-0300,hriiVjEkYE,,com.sec.android.app.shealth,2025-12-11 06:00:00.000,540e0a3b-d489-4e1b-b550-ea006b900bda,
62981551,2025-12-11 06:00:00.000,,4fc9a598-e2e9-4be0-92f8-7d3632077f78.binning_data.json,62981551,2025-12-11 07:15:00.439,2025-12-11 07:15:00.439,UTC-0300,hriiVjEkYE,,com.sec.android.app.shealth,2025-12-11 07:00:00.000,4fc9a598-e2e9-4be0-92f8-7d3632077f78,
62981551,2025-12-11 07:00:00.000,,4df6bf88-e343-4bc0-ac71-ac0985a5df3f.binning_data.json,62981551,2025-12-11 08:15:00.441,2025-12-11 08:15:00.441,UTC-0300,hriiVjEkYE,,com.sec.android.app.shealth,2025-12-11 08:00:00.000,4df6bf88-e343-4bc0-ac71-ac0985a5df3f,
62981551,2025-12-11 08:00:00.000,,0dd48df5-2271-4155-8cd8-8264dce38ae0.binning_data.json,62981551,2025-12-11 09:15:00.759,2025-12-11 09:15:00.759,UTC-0300,hriiVjEkYE,,com.sec.android.app.shealth,2025-12-11 09:00:00.000,0dd48df5-2271-4155-8cd8-8264dce38ae0,
62981551,2025-12-11 09:00:00.000,,541aa20d-7a13-46aa-8660-2483e5a04462.binning_data.json,62981551,2025-12-11 10:10:02.169,2025-12-11 10:10:02.169,UTC-0300,hriiVjEkYE,,com.sec.android.app.shealth,2025-12-11 10:00:00.000,541aa20d-7a13-46aa-8660-2483e5a04462,
62981551,2025-12-11 10:00:00.000,,0fc8a8dd-3537-4ce9-9d9f-61b6108a0fa4.binning_data.json,62981551,2025-12-11 11:09:53.140,2025-12-11 11:09:53.140,UTC-0300,hriiVjEkYE,,com.sec.android.app.shealth,2025-12-11 11:00:00.000,0fc8a8dd-3537-4ce9-9d9f-61b6108a0fa4,
62981551,2025-12-11 11:00:00.000,,558ab099-065b-4282-8907-441dc0cb9c8f.binning_data.json,62981551,2025-12-11 11:52:45.083,2025-12-11 11:52:45.083,UTC-0300,hriiVjEkYE,,com.sec.android.app.shealth,2025-12-11 11:52:44.779,558ab099-065b-4282-8907-441dc0cb9c8f,
62981551,2025-12-14 06:00:00.000,,32fad717-bebe-48d7-84da-d5f5be4d5cc3.binning_data.json,62981551,2025-12-14 07:15:00.553,2025-12-14 07:15:00.553,UTC-0300,hriiVjEkYE,,com.sec.android.app.shealth,2025-12-14 07:00:00.000,32fad717-bebe-48d7-84da-d5f5be4d5cc3,
62981551,2025-12-14 07:00:00.000,,0a8092cf-e90b-4750-893b-b67f732272fc.binning_data.json,62981551,2025-12-14 08:15:00.721,2025-12-14 08:15:00.721,UTC-0300,hriiVjEkYE,,com.sec.android.app.shealth,2025-12-14 08:00:00.000,0a8092cf-e90b-4750-893b-b67f732272fc,
62981551,2025-12-14 08:00:00.000,,63e8bded-692c-4de8-8b59-9cd008d11f1c.binning_data.json,62981551,2025-12-14 09:05:59.506,2025-12-14 09:05:59.506,UTC-0300,hriiVjEkYE,,com.sec.android.app.shealth,2025-12-14 09:00:00.000,63e8bded-692c-4de8-8b59-9cd008d11f1c,
62981551,2025-12-14 09:00:00.000,,71a92d7c-3251-4565-8c9e-7e5982b96363.binning_data.json,62981551,2025-12-14 10:15:01.042,2025-12-14 10:15:01.042,UTC-0300,hriiVjEkYE,,com.sec.android.app.shealth,2025-12-14 10:00:00.000,71a92d7c-3251-4565-8c9e-7e5982b96363,
62981551,2025-12-14 10:00:00.000,,57d9cfd7-e0ce-4d49-856e-889b6817d4ea.binning_data.json,62981551,2025-12-14 11:15:01.114,2025-12-14 11:15:01.114,UTC-0300,hriiVjEkYE,,com.sec.android.app.shealth,2025-12-14 11:00:00.000,57d9cfd7-e0ce-4d49-856e-889b6817d4ea,
62981551,2025-12-14 11:00:00.000,,982fce4c-3352-4963-9e9c-6674c8b442b3.binning_data.json,62981551,2025-12-14 12:06:11.153,2025-12-14 12:06:11.153,UTC-0300,hriiVjEkYE,,com.sec.android.app.shealth,2025-12-14 12:00:00.000,982fce4c-3352-4963-9e9c-6674c8b442b3,
62981551,2025-12-14 12:00:00.000,,8424bb37-b165-4287-bfd1-58d9b3fd16e4.binning_data.json,62981551,2025-12-14 13:15:00.372,2025-12-14 13:15:00.372,UTC-0300,hriiVjEkYE,,com.sec.android.app.shealth,2025-12-14 13:00:00.000,8424bb37-b165-4287-bfd1-58d9b3fd16e4,
62981551,2025-12-14 13:00:00.000,,870174fc-3adf-4296-b5ce-57bf7dbb8c7a.binning_data.json,62981551,2025-12-14 14:15:00.263,2025-12-14 14:15:00.263,UTC-0300,hriiVjEkYE,,com.sec.android.app.shealth,2025-12-14 14:00:00.000,870174fc-3adf-4296-b5ce-57bf7dbb8c7a,
62981551,2025-12-14 14:00:00.000,,bfdc267d-40d6-4e4b-8e9f-9654ca8c3325.binning_data.json,62981551,2025-12-14 15:08:43.456,2025-12-14 15:08:43.456,UTC-0300,hriiVjEkYE,,com.sec.android.app.shealth,2025-12-14 15:00:00.000,bfdc267d-40d6-4e4b-8e9f-9654ca8c3325,
62981551,2025-12-19 04:00:00.000,,01806aa2-6ba9-4257-bf1b-89fe6f2f944d.binning_data.json,62981551,2025-12-19 05:15:00.887,2025-12-19 05:15:00.887,UTC-0300,hriiVjEkYE,,com.sec.android.app.shealth,2025-12-19 05:00:00.000,01806aa2-6ba9-4257-bf1b-89fe6f2f944d,
62981551,2025-12-19 05:00:00.000,,f2a9f676-8022-4fa1-b1e4-373a915a756b.binning_data.json,62981551,2025-12-19 06:15:00.682,2025-12-19 06:15:00.682,UTC-0300,hriiVjEkYE,,com.sec.android.app.shealth,2025-12-19 06:00:00.000,f2a9f676-8022-4fa1-b1e4-373a915a756b,
62981551,2025-12-19 06:00:00.000,,1343acd8-e9c8-4d6b-84c7-4e705bc16686.binning_data.json,62981551,2025-12-19 07:15:00.575,2025-12-19 07:15:00.575,UTC-0300,hriiVjEkYE,,com.sec.android.app.shealth,2025-12-19 07:00:00.000,1343acd8-e9c8-4d6b-84c7-4e705bc16686,
62981551,2025-12-19 07:00:00.000,,4e36e54e-7d6b-4806-90bf-d8936dc43962.binning_data.json,62981551,2025-12-19 08:12:04.927,2025-12-19 08:12:04.927,UTC-0300,hriiVjEkYE,,com.sec.android.app.shealth,2025-12-19 08:00:00.000,4e36e54e-7d6b-4806-90bf-d8936dc43962,
62981551,2025-12-19 08:00:00.000,,c8c2709a-c74c-4fb9-ad0f-2cc4f24b93d1.binning_data.json,62981551,2025-12-19 09:15:00.225,2025-12-19 09:15:00.225,UTC-0300,hriiVjEkYE,,com.sec.android.app.shealth,2025-12-19 09:00:00.000,c8c2709a-c74c-4fb9-ad0f-2cc4f24b93d1,
62981551,2025-12-19 09:00:00.000,,59ae5373-11e3-49db-9954-cfae14feaf6d.binning_data.json,62981551,2025-12-19 10:10:05.841,2025-12-19 10:10:05.841,UTC-0300,hriiVjEkYE,,com.sec.android.app.shealth,2025-12-19 10:00:00.000,59ae5373-11e3-49db-9954-cfae14feaf6d,
62981551,2025-12-19 10:00:00.000,,44be864a-e463-44a8-b65e-4efcdfea4ef9.binning_data.json,62981551,2025-12-19 10:49:58.869,2025-12-19 10:49:58.869,UTC-0300,hriiVjEkYE,,com.sec.android.app.shealth,2025-12-19 10:49:58.763,44be864a-e463-44a8-b65e-4efcdfea4ef9,
62981551,2025-12-22 04:00:00.000,,45646e48-f031-4106-92a2-8d9b83d2b9c9.binning_data.json,62981551,2025-12-22 05:15:00.967,2025-12-22 05:15:00.967,UTC-0300,hriiVjEkYE,,com.sec.android.app.shealth,2025-12-22 05:00:00.000,45646e48-f031-4106-92a2-8d9b83d2b9c9,
62981551,2025-12-22 05:00:00.000,,a2555d83-96f4-459b-9770-74ef0e702995.binning_data.json,62981551,2025-12-22 06:15:00.445,2025-12-22 06:15:00.445,UTC-0300,hriiVjEkYE,,com.sec.android.app.shealth,2025-12-22 06:00:00.000,a2555d83-96f4-459b-9770-74ef0e702995,
62981551,2025-12-22 06:00:00.000,,f404a1ca-3c36-4bdb-8710-501e7699d441.binning_data.json,62981551,2025-12-22 07:08:48.599,2025-12-22 07:08:48.599,UTC-0300,hriiVjEkYE,,com.sec.android.app.shealth,2025-12-22 07:00:00.000,f404a1ca-3c36-4bdb-8710-501e7699d441,
62981551,2025-12-22 07:00:00.000,,954fe23f-333f-49f9-8fd4-5fdb3d071a33.binning_data.json,62981551,2025-12-22 08:15:00.854,2025-12-22 08:15:00.854,UTC-0300,hriiVjEkYE,,com.sec.android.app.shealth,2025-12-22 08:00:00.000,954fe23f-333f-49f9-8fd4-5fdb3d071a33,
62981551,2025-12-22 08:00:00.000,,d1632366-7227-4eac-83d0-efbbe6960242.binning_data.json,62981551,2025-12-22 09:15:00.925,2025-12-22 09:15:00.925,UTC-0300,hriiVjEkYE,,com.sec.android.app.shealth,2025-12-22 09:00:00.000,d1632366-7227-4eac-83d0-efbbe6960242,
62981551,2025-12-22 09:00:00.000,,25d9c854-8fa5-48fb-9dcc-94d01ae60148.binning_data.json,62981551,2025-12-22 10:10:02.001,2025-12-22 10:10:02.001,UTC-0300,hriiVjEkYE,,com.sec.android.app.shealth,2025-12-22 10:00:00.000,25d9c854-8fa5-48fb-9dcc-94d01ae60148,
62981551,2025-12-22 10:00:00.000,,ba0442a5-05d2-4464-9d06-0812ce2eae20.binning_data.json,62981551,2025-12-22 11:08:38.148,2025-12-22 11:08:38.148,UTC-0300,hriiVjEkYE,,com.sec.android.app.shealth,2025-12-22 11:00:00.000,ba0442a5-05d2-4464-9d06-0812ce2eae20,
62981551,2025-12-22 11:00:00.000,,b69eec69-ee49-488b-9267-30462b1a5b01.binning_data.json,62981551,2025-12-22 11:30:33.360,2025-12-22 11:30:33.360,UTC-0300,hriiVjEkYE,,com.sec.android.app.shealth,2025-12-22 11:30:33.193,b69eec69-ee49-488b-9267-30462b1a5b01,
62981551,2025-12-23 04:00:00.000,,d127206e-634e-48c7-8a8a-a8cfbc9be48c.binning_data.json,62981551,2025-12-23 05:15:00.111,2025-12-23 05:15:00.111,UTC-0300,hriiVjEkYE,,com.sec.android.app.shealth,2025-12-23 05:00:00.000,d127206e-634e-48c7-8a8a-a8cfbc9be48c,
62981551,2025-12-23 05:00:00.000,,c58acac4-d014-41c9-9785-6184c80e1d28.binning_data.json,62981551,2025-12-23 06:05:04.520,2025-12-23 06:05:04.520,UTC-0300,hriiVjEkYE,,com.sec.android.app.shealth,2025-12-23 06:00:00.000,c58acac4-d014-41c9-9785-6184c80e1d28,
62981551,2025-12-23 06:00:00.000,,2dc66565-1ce1-4133-b095-fe3e73bf061c.binning_data.json,62981551,2025-12-23 07:15:00.575,2025-12-23 07:15:00.575,UTC-0300,hriiVjEkYE,,com.sec.android.app.shealth,2025-12-23 07:00:00.000,2dc66565-1ce1-4133-b095-fe3e73bf061c,
62981551,2025-12-23 07:00:00.000,,7819ace7-1f50-48f8-8168-1848d17b83a0.binning_data.json,62981551,2025-12-23 08:15:00.744,2025-12-23 08:15:00.744,UTC-0300,hriiVjEkYE,,com.sec.android.app.shealth,2025-12-23 08:00:00.000,7819ace7-1f50-48f8-8168-1848d17b83a0,
62981551,2025-12-23 08:00:00.000,,05168472-381d-4dd4-9946-4269a472f05f.binning_data.json,62981551,2025-12-23 09:07:09.915,2025-12-23 09:07:09.915,UTC-0300,hriiVjEkYE,,com.sec.android.app.shealth,2025-12-23 09:00:00.000,05168472-381d-4dd4-9946-4269a472f05f,
62981551,2025-12-23 09:00:00.000,,1e289fb0-9c1d-4bd4-81dc-892b7d98357d.binning_data.json,62981551,2025-12-23 10:15:00.104,2025-12-23 10:15:00.104,UTC-0300,hriiVjEkYE,,com.sec.android.app.shealth,2025-12-23 10:00:00.000,1e289fb0-9c1d-4bd4-81dc-892b7d98357d,
62981551,2025-12-23 10:00:00.000,,86c0a1ef-066a-40f2-90f7-dcc16d50bae9.binning_data.json,62981551,2025-12-23 11:13:09.867,2025-12-23 11:13:09.867,UTC-0300,hriiVjEkYE,,com.sec.android.app.shealth,2025-12-23 11:00:00.000,86c0a1ef-066a-40f2-90f7-dcc16d50bae9,
62981551,2025-12-23 11:00:00.000,,ebd2d207-ff9a-4de1-848c-8b1af9bb793b.binning_data.json,62981551,2025-12-23 11:21:15.234,2025-12-23 11:21:15.234,UTC-0300,hriiVjEkYE,,com.sec.android.app.shealth,2025-12-23 11:21:15.183,ebd2d207-ff9a-4de1-848c-8b1af9bb793b,
62981551,2025-12-28 05:00:00.000,,18cce736-c4c5-4dd3-8cdc-348343d5cade.binning_data.json,62981551,2025-12-28 06:15:01.754,2025-12-28 06:15:01.754,UTC-0300,hriiVjEkYE,,com.sec.android.app.shealth,2025-12-28 06:00:00.000,18cce736-c4c5-4dd3-8cdc-348343d5cade,
62981551,2025-12-28 06:00:00.000,,17046345-1e2a-48a2-8971-50ec77c47ff2.binning_data.json,62981551,2025-12-28 07:15:01.727,2025-12-28 07:15:01.727,UTC-0300,hriiVjEkYE,,com.sec.android.app.shealth,2025-12-28 07:00:00.000,17046345-1e2a-48a2-8971-50ec77c47ff2,
62981551,2025-12-28 07:00:00.000,,a3c2bb89-4812-4756-9617-20049ecd4758.binning_data.json,62981551,2025-12-28 08:15:01.590,2025-12-28 08:15:01.590,UTC-0300,hriiVjEkYE,,com.sec.android.app.shealth,2025-12-28 08:00:00.000,a3c2bb89-4812-4756-9617-20049ecd4758,
62981551,2025-12-28 08:00:00.000,,0bd85d1f-6042-4cb3-bdb8-369cca411101.binning_data.json,62981551,2025-12-28 09:15:01.623,2025-12-28 09:15:01.623,UTC-0300,hriiVjEkYE,,com.sec.android.app.shealth,2025-12-28 09:00:00.000,0bd85d1f-6042-4cb3-bdb8-369cca411101,
62981551,2025-12-28 09:00:00.000,,c6a4a06f-dde1-45db-ae47-bde1587f4d5a.binning_data.json,62981551,2025-12-28 10:15:01.627,2025-12-28 10:15:01.627,UTC-0300,hriiVjEkYE,,com.sec.android.app.shealth,2025-12-28 10:00:00.000,c6a4a06f-dde1-45db-ae47-bde1587f4d5a,
62981551,2025-12-28 10:00:00.000,,33109c1e-ebd1-447a-8a8f-3d7ecf435818.binning_data.json,62981551,2025-12-28 11:15:01.758,2025-12-28 11:15:01.758,UTC-0300,hriiVjEkYE,,com.sec.android.app.shealth,2025-12-28 11:00:00.000,33109c1e-ebd1-447a-8a8f-3d7ecf435818,
62981551,2025-12-28 11:00:00.000,,cb953a31-52a3-4c32-828d-2c2d3d3448e0.binning_data.json,62981551,2025-12-28 12:15:00.930,2025-12-28 12:15:00.930,UTC-0300,hriiVjEkYE,,com.sec.android.app.shealth,2025-12-28 12:00:00.000,cb953a31-52a3-4c32-828d-2c2d3d3448e0,
62981551,2025-12-28 12:00:00.000,,8bf9465d-d1ea-4867-b39d-f3abc1ed06bd.binning_data.json,62981551,2025-12-28 13:15:01.142,2025-12-28 13:15:01.142,UTC-0300,hriiVjEkYE,,com.sec.android.app.shealth,2025-12-28 13:00:00.000,8bf9465d-d1ea-4867-b39d-f3abc1ed06bd,
62981551,2025-12-28 13:00:00.000,,4632c6f4-b503-49a5-9e3e-dcdeae1d2747.binning_data.json,62981551,2025-12-28 14:07:09.760,2025-12-28 14:07:09.760,UTC-0300,hriiVjEkYE,,com.sec.android.app.shealth,2025-12-28 14:00:00.000,4632c6f4-b503-49a5-9e3e-dcdeae1d2747,
62981551,2025-12-28 14:00:00.000,,6bc38cd9-a7fe-407e-a099-13305b9f1a80.binning_data.json,62981551,2025-12-28 14:55:02.735,2025-12-28 14:55:02.735,UTC-0300,hriiVjEkYE,,com.sec.android.app.shealth,2025-12-28 14:55:02.696,6bc38cd9-a7fe-407e-a099-13305b9f1a80,
62981551,2025-12-29 05:00:00.000,,0d53e161-7a71-4293-a654-d491dae0dbf5.binning_data.json,62981551,2025-12-29 06:14:59.904,2025-12-29 06:14:59.904,UTC-0300,hriiVjEkYE,,com.sec.android.app.shealth,2025-12-29 06:00:00.000,0d53e161-7a71-4293-a654-d491dae0dbf5,
62981551,2025-12-29 06:00:00.000,,b1a6938c-36b7-4a2d-81d0-0e430a2f4f76.binning_data.json,62981551,2025-12-29 07:14:59.993,2025-12-29 07:14:59.993,UTC-0300,hriiVjEkYE,,com.sec.android.app.shealth,2025-12-29 07:00:00.000,b1a6938c-36b7-4a2d-81d0-0e430a2f4f76,
62981551,2025-12-29 07:00:00.000,,c432c9f7-d94e-4a65-88ae-dc8ac4f9f27f.binning_data.json,62981551,2025-12-29 08:05:57.998,2025-12-29 08:05:57.998,UTC-0300,hriiVjEkYE,,com.sec.android.app.shealth,2025-12-29 08:00:00.000,c432c9f7-d94e-4a65-88ae-dc8ac4f9f27f,
62981551,2025-12-29 08:00:00.000,,6daca81a-a422-4d8a-b8ba-f5a74ed01372.binning_data.json,62981551,2025-12-29 09:15:00.595,2025-12-29 08:18:19.857,UTC-0300,hriiVjEkYE,,com.sec.android.app.shealth,2025-12-29 09:00:00.000,6daca81a-a422-4d8a-b8ba-f5a74ed01372,
62981551,2025-12-29 09:00:00.000,,da7325a3-9ef6-4db0-8f16-1eeffd6acc40.binning_data.json,62981551,2025-12-29 10:15:00.792,2025-12-29 10:15:00.792,UTC-0300,hriiVjEkYE,,com.sec.android.app.shealth,2025-12-29 10:00:00.000,da7325a3-9ef6-4db0-8f16-1eeffd6acc40,
62981551,2025-12-29 10:00:00.000,,31952e03-d72a-4332-9adc-fd5909b87d2e.binning_data.json,62981551,2025-12-29 11:12:38.205,2025-12-29 11:12:38.205,UTC-0300,hriiVjEkYE,,com.sec.android.app.shealth,2025-12-29 11:00:00.000,31952e03-d72a-4332-9adc-fd5909b87d2e,
62981551,2025-12-29 11:00:00.000,,63c2b99b-9273-42f8-a719-2e545f6bfe68.binning_data.json,62981551,2025-12-29 11:55:22.166,2025-12-29 11:55:22.166,UTC-0300,hriiVjEkYE,,com.sec.android.app.shealth,2025-12-29 11:55:22.005,63c2b99b-9273-42f8-a719-2e545f6bfe68,
62981551,2026-01-01 08:00:00.000,,31d94be0-c6d0-4414-9086-047591790c27.binning_data.json,62981551,2026-01-01 09:16:21.692,2026-01-01 09:16:21.692,UTC-0300,hriiVjEkYE,,com.sec.android.app.shealth,2026-01-01 09:00:00.000,31d94be0-c6d0-4414-9086-047591790c27,
62981551,2026-01-01 09:00:00.000,,c14955bb-e8ab-4c02-81f2-394887ba495e.binning_data.json,62981551,2026-01-01 10:15:00.484,2026-01-01 10:15:00.484,UTC-0300,hriiVjEkYE,,com.sec.android.app.shealth,2026-01-01 10:00:00.000,c14955bb-e8ab-4c02-81f2-394887ba495e,
62981551,2026-01-01 10:00:00.000,,ed720d20-b52d-4a56-8318-d177cf96ff42.binning_data.json,62981551,2026-01-01 11:15:00.339,2026-01-01 11:15:00.339,UTC-0300,hriiVjEkYE,,com.sec.android.app.shealth,2026-01-01 11:00:00.000,ed720d20-b52d-4a56-8318-d177cf96ff42,
62981551,2026-01-01 11:00:00.000,,d6a71765-2ee2-4246-9172-86a40ed2e440.binning_data.json,62981551,2026-01-01 12:15:00.188,2026-01-01 12:15:00.188,UTC-0300,hriiVjEkYE,,com.sec.android.app.shealth,2026-01-01 12:00:00.000,d6a71765-2ee2-4246-9172-86a40ed2e440,
62981551,2026-01-01 12:00:00.000,,5366394b-e80e-4c7c-9a1a-fb6daa069978.binning_data.json,62981551,2026-01-01 13:15:00.188,2026-01-01 13:15:00.188,UTC-0300,hriiVjEkYE,,com.sec.android.app.shealth,2026-01-01 13:00:00.000,5366394b-e80e-4c7c-9a1a-fb6daa069978,
62981551,2026-01-01 13:00:00.000,,9c08c724-5baa-42d2-89fb-01d5d6ca0102.binning_data.json,62981551,2026-01-01 14:08:06.846,2026-01-01 14:08:06.846,UTC-0300,hriiVjEkYE,,com.sec.android.app.shealth,2026-01-01 14:00:00.000,9c08c724-5baa-42d2-89fb-01d5d6ca0102,
62981551,2026-01-01 14:00:00.000,,ce8beca8-08e7-4a5f-816e-21b9aefadb03.binning_data.json,62981551,2026-01-01 14:50:14.945,2026-01-01 14:50:14.945,UTC-0300,hriiVjEkYE,,com.sec.android.app.shealth,2026-01-01 14:50:14.761,ce8beca8-08e7-4a5f-816e-21b9aefadb03,
62981551,2026-01-06 03:00:00.000,,19e46175-d2ba-4987-80e1-d50e6c04ba30.binning_data.json,62981551,2026-01-06 04:15:00.772,2026-01-06 04:15:00.772,UTC-0300,hriiVjEkYE,,com.sec.android.app.shealth,2026-01-06 04:00:00.000,19e46175-d2ba-4987-80e1-d50e6c04ba30,
62981551,2026-01-06 04:00:00.000,,456dbfd5-eb11-4f22-8971-04b8560b130f.binning_data.json,62981551,2026-01-06 04:39:51.126,2026-01-06 04:39:51.126,UTC-0300,hriiVjEkYE,,com.sec.android.app.shealth,2026-01-06 04:39:50.867,456dbfd5-eb11-4f22-8971-04b8560b130f,
62981551,2026-01-06 05:00:00.000,,4a30b5d1-c2c5-4950-b740-6303633f53ff.binning_data.json,62981551,2026-01-06 06:08:01.650,2026-01-06 06:08:01.650,UTC-0300,hriiVjEkYE,,com.sec.android.app.shealth,2026-01-06 06:00:00.000,4a30b5d1-c2c5-4950-b740-6303633f53ff,
62981551,2026-01-06 06:00:00.000,,00867865-662a-4d03-9a62-24bccf468ede.binning_data.json,62981551,2026-01-06 07:15:00.818,2026-01-06 07:15:00.818,UTC-0300,hriiVjEkYE,,com.sec.android.app.shealth,2026-01-06 07:00:00.000,00867865-662a-4d03-9a62-24bccf468ede,
62981551,2026-01-06 07:00:00.000,,383b3f41-9c40-4ffe-bc5b-d8b85c9ac273.binning_data.json,62981551,2026-01-06 08:18:09.988,2026-01-06 08:18:09.988,UTC-0300,hriiVjEkYE,,com.sec.android.app.shealth,2026-01-06 08:00:00.000,383b3f41-9c40-4ffe-bc5b-d8b85c9ac273,
62981551,2026-01-06 08:00:00.000,,29097540-1261-4ffa-97b5-fdbbf521265c.binning_data.json,62981551,2026-01-06 09:06:57.023,2026-01-06 09:06:57.023,UTC-0300,hriiVjEkYE,,com.sec.android.app.shealth,2026-01-06 09:00:00.000,29097540-1261-4ffa-97b5-fdbbf521265c,
62981551,2026-01-06 09:00:00.000,,23d272d9-34cd-4c1b-8841-108a89ff5009.binning_data.json,62981551,2026-01-06 10:10:04.135,2026-01-06 10:10:04.135,UTC-0300,hriiVjEkYE,,com.sec.android.app.shealth,2026-01-06 10:00:00.000,23d272d9-34cd-4c1b-8841-108a89ff5009,
62981551,2026-01-06 10:00:00.000,,f9d536be-8b07-421e-88d9-c237954c4e38.binning_data.json,62981551,2026-01-06 11:12:28.874,2026-01-06 11:12:28.874,UTC-0300,hriiVjEkYE,,com.sec.android.app.shealth,2026-01-06 11:00:00.000,f9d536be-8b07-421e-88d9-c237954c4e38,
62981551,2026-01-06 11:00:00.000,,396eedf3-9842-43c9-8e6e-3bf82a01fdbc.binning_data.json,62981551,2026-01-06 11:44:55.040,2026-01-06 11:44:55.040,UTC-0300,hriiVjEkYE,,com.sec.android.app.shealth,2026-01-06 11:44:54.866,396eedf3-9842-43c9-8e6e-3bf82a01fdbc,
62981551,2026-01-07 04:00:00.000,,ac3e977e-1360-4220-b6cb-8892ea4f122c.binning_data.json,62981551,2026-01-07 05:08:34.988,2026-01-07 05:08:34.988,UTC-0300,hriiVjEkYE,,com.sec.android.app.shealth,2026-01-07 05:00:00.000,ac3e977e-1360-4220-b6cb-8892ea4f122c,
62981551,2026-01-07 05:00:00.000,,54512e03-408a-4f41-a972-0f5a79ac8772.binning_data.json,62981551,2026-01-07 06:15:00.271,2026-01-07 06:15:00.271,UTC-0300,hriiVjEkYE,,com.sec.android.app.shealth,2026-01-07 06:00:00.000,54512e03-408a-4f41-a972-0f5a79ac8772,
62981551,2026-01-07 06:00:00.000,,2ec942f4-1c72-4a21-9961-f1c2703db66a.binning_data.json,62981551,2026-01-07 07:15:00.481,2026-01-07 07:15:00.481,UTC-0300,hriiVjEkYE,,com.sec.android.app.shealth,2026-01-07 07:00:00.000,2ec942f4-1c72-4a21-9961-f1c2703db66a,
62981551,2026-01-07 07:00:00.000,,74670300-696b-4252-a38c-a6519b6fb02e.binning_data.json,62981551,2026-01-07 08:09:35.635,2026-01-07 08:09:35.635,UTC-0300,hriiVjEkYE,,com.sec.android.app.shealth,2026-01-07 08:00:00.000,74670300-696b-4252-a38c-a6519b6fb02e,
62981551,2026-01-07 08:00:00.000,,d5a470e4-71e6-44a9-8348-b4e41689311a.binning_data.json,62981551,2026-01-07 09:15:00.800,2026-01-07 09:15:00.800,UTC-0300,hriiVjEkYE,,com.sec.android.app.shealth,2026-01-07 09:00:00.000,d5a470e4-71e6-44a9-8348-b4e41689311a,
62981551,2026-01-07 09:00:00.000,,5a163cd4-5121-4c66-9665-3ad15b49d5b9.binning_data.json,62981551,2026-01-07 10:15:00.730,2026-01-07 10:15:00.730,UTC-0300,hriiVjEkYE,,com.sec.android.app.shealth,2026-01-07 10:00:00.000,5a163cd4-5121-4c66-9665-3ad15b49d5b9,
62981551,2026-01-07 10:00:00.000,,5ceafba0-1a91-4b70-9f70-c199b1d26c9c.binning_data.json,62981551,2026-01-07 11:10:36.068,2026-01-07 11:10:36.068,UTC-0300,hriiVjEkYE,,com.sec.android.app.shealth,2026-01-07 11:00:00.000,5ceafba0-1a91-4b70-9f70-c199b1d26c9c,
62981551,2026-01-07 11:00:00.000,,d633e432-e0a7-4246-8bea-07824ac15a08.binning_data.json,62981551,2026-01-07 11:57:53.728,2026-01-07 11:57:53.728,UTC-0300,hriiVjEkYE,,com.sec.android.app.shealth,2026-01-07 11:57:53.625,d633e432-e0a7-4246-8bea-07824ac15a08,
63001751,2026-01-09 05:00:00.000,,5c7ef468-30a4-4964-843e-0ab44f9d35b6.binning_data.json,63001751,2026-01-09 06:14:59.375,2026-01-09 06:14:59.375,UTC-0300,hriiVjEkYE,,com.sec.android.app.shealth,2026-01-09 06:00:00.000,5c7ef468-30a4-4964-843e-0ab44f9d35b6,
63001751,2026-01-09 06:00:00.000,,66035147-d9b4-44d3-9b89-6a612195bbe4.binning_data.json,63001751,2026-01-09 07:15:01.196,2026-01-09 07:15:01.196,UTC-0300,hriiVjEkYE,,com.sec.android.app.shealth,2026-01-09 07:00:00.000,66035147-d9b4-44d3-9b89-6a612195bbe4,
63001751,2026-01-09 07:00:00.000,,1fb51af6-1e98-438a-ba11-6498b14bb2ba.binning_data.json,63001751,2026-01-09 08:15:00.208,2026-01-09 08:15:00.208,UTC-0300,hriiVjEkYE,,com.sec.android.app.shealth,2026-01-09 08:00:00.000,1fb51af6-1e98-438a-ba11-6498b14bb2ba,
63001751,2026-01-09 08:00:00.000,,00c73d0e-293d-4fee-ac35-d769e6e9b648.binning_data.json,63001751,2026-01-09 09:15:01.248,2026-01-09 09:15:01.248,UTC-0300,hriiVjEkYE,,com.sec.android.app.shealth,2026-01-09 09:00:00.000,00c73d0e-293d-4fee-ac35-d769e6e9b648,
63001751,2026-01-09 09:00:00.000,,ca4e7110-f48c-4658-9857-68dd53e97ab0.binning_data.json,63001751,2026-01-09 10:10:04.155,2026-01-09 10:10:04.155,UTC-0300,hriiVjEkYE,,com.sec.android.app.shealth,2026-01-09 10:00:00.000,ca4e7110-f48c-4658-9857-68dd53e97ab0,
63001751,2026-01-09 10:00:00.000,,30352927-9e2e-4c63-a771-a20c6bfb2e10.binning_data.json,63001751,2026-01-09 11:11:24.304,2026-01-09 11:11:24.304,UTC-0300,hriiVjEkYE,,com.sec.android.app.shealth,2026-01-09 11:00:00.000,30352927-9e2e-4c63-a771-a20c6bfb2e10,
63001751,2026-01-09 11:00:00.000,,77b497eb-1907-4e21-a09e-b06fc5d90341.binning_data.json,63001751,2026-01-09 11:42:02.084,2026-01-09 11:42:02.084,UTC-0300,hriiVjEkYE,,com.sec.android.app.shealth,2026-01-09 11:42:01.920,77b497eb-1907-4e21-a09e-b06fc5d90341,
63070031,2026-01-11 03:00:00.000,,fd349b3f-6ee4-47d1-8ee1-c489799866cd.binning_data.json,63070031,2026-01-11 04:05:35.411,2026-01-11 04:05:35.411,UTC-0300,hriiVjEkYE,,com.sec.android.app.shealth,2026-01-11 04:00:00.000,fd349b3f-6ee4-47d1-8ee1-c489799866cd,
63070031,2026-01-11 04:00:00.000,,bc524f45-ab6d-45b6-9b75-063d0b623df4.binning_data.json,63070031,2026-01-11 05:15:01.202,2026-01-11 05:15:01.202,UTC-0300,hriiVjEkYE,,com.sec.android.app.shealth,2026-01-11 05:00:00.000,bc524f45-ab6d-45b6-9b75-063d0b623df4,
63070031,2026-01-11 05:00:00.000,,31fe959d-283b-4e01-86fd-3591d3299e32.binning_data.json,63070031,2026-01-11 06:15:01.619,2026-01-11 06:15:01.619,UTC-0300,hriiVjEkYE,,com.sec.android.app.shealth,2026-01-11 06:00:00.000,31fe959d-283b-4e01-86fd-3591d3299e32,
63070031,2026-01-11 06:00:00.000,,12514d8a-ae91-4621-9502-923d0ab9c6a9.binning_data.json,63070031,2026-01-11 07:05:32.256,2026-01-11 07:05:32.256,UTC-0300,hriiVjEkYE,,com.sec.android.app.shealth,2026-01-11 07:00:00.000,12514d8a-ae91-4621-9502-923d0ab9c6a9,
63070031,2026-01-11 07:00:00.000,,a0278eec-16ff-4bdb-887c-25734f5b3cf6.binning_data.json,63070031,2026-01-11 08:15:02.221,2026-01-11 08:15:02.221,UTC-0300,hriiVjEkYE,,com.sec.android.app.shealth,2026-01-11 08:00:00.000,a0278eec-16ff-4bdb-887c-25734f5b3cf6,
63070031,2026-01-11 08:00:00.000,,9ea47322-d733-4cdc-87aa-6e71d74a7bbe.binning_data.json,63070031,2026-01-11 09:15:01.613,2026-01-11 09:15:01.613,UTC-0300,hriiVjEkYE,,com.sec.android.app.shealth,2026-01-11 09:00:00.000,9ea47322-d733-4cdc-87aa-6e71d74a7bbe,
63070031,2026-01-11 09:00:00.000,,e90e804a-07f5-4c34-bee2-1b2a58817f40.binning_data.json,63070031,2026-01-11 10:05:04.190,2026-01-11 10:05:04.190,UTC-0300,hriiVjEkYE,,com.sec.android.app.shealth,2026-01-11 10:00:00.000,e90e804a-07f5-4c34-bee2-1b2a58817f40,
63070031,2026-01-11 10:00:00.000,,f2c6b0de-f3db-4cf7-9ca2-808094ae3573.binning_data.json,63070031,2026-01-11 10:41:17.227,2026-01-11 10:41:17.227,UTC-0300,hriiVjEkYE,,com.sec.android.app.shealth,2026-01-11 10:41:17.067,f2c6b0de-f3db-4cf7-9ca2-808094ae3573,
63070031,2026-01-14 04:00:00.000,,7c6c549e-ce22-4281-ad6d-c4e0623d95a4.binning_data.json,63070031,2026-01-14 05:15:01.264,2026-01-14 05:15:01.264,UTC-0300,hriiVjEkYE,,com.sec.android.app.shealth,2026-01-14 05:00:00.000,7c6c549e-ce22-4281-ad6d-c4e0623d95a4,
63070031,2026-01-14 05:00:00.000,,515f7044-c9ce-4f78-a729-70672526f209.binning_data.json,63070031,2026-01-14 06:15:01.166,2026-01-14 06:15:01.166,UTC-0300,hriiVjEkYE,,com.sec.android.app.shealth,2026-01-14 06:00:00.000,515f7044-c9ce-4f78-a729-70672526f209,
63070031,2026-01-14 06:00:00.000,,2b49070b-168b-4710-8ec6-c998c2e5d592.binning_data.json,63070031,2026-01-14 07:15:00.618,2026-01-14 07:15:00.618,UTC-0300,hriiVjEkYE,,com.sec.android.app.shealth,2026-01-14 07:00:00.000,2b49070b-168b-4710-8ec6-c998c2e5d592,
63070031,2026-01-14 07:00:00.000,,004af544-c3d2-43d9-8fa1-625a842921a3.binning_data.json,63070031,2026-01-14 08:10:01.061,2026-01-14 08:10:01.061,UTC-0300,hriiVjEkYE,,com.sec.android.app.shealth,2026-01-14 08:00:00.000,004af544-c3d2-43d9-8fa1-625a842921a3,
63070031,2026-01-14 08:00:00.000,,d62866dc-2d7f-4add-a109-3ff9c4b9df83.binning_data.json,63070031,2026-01-14 09:15:00.992,2026-01-14 09:15:00.992,UTC-0300,hriiVjEkYE,,com.sec.android.app.shealth,2026-01-14 09:00:00.000,d62866dc-2d7f-4add-a109-3ff9c4b9df83,
63070031,2026-01-14 09:00:00.000,,da66adca-4348-4d41-9dba-de138f52b99e.binning_data.json,63070031,2026-01-14 10:08:13.362,2026-01-14 10:08:13.362,UTC-0300,hriiVjEkYE,,com.sec.android.app.shealth,2026-01-14 10:00:00.000,da66adca-4348-4d41-9dba-de138f52b99e,
63070031,2026-01-14 10:00:00.000,,f5022e63-794f-4b0e-98be-b3a0957383a8.binning_data.json,63070031,2026-01-14 10:31:50.878,2026-01-14 10:31:50.878,UTC-0300,hriiVjEkYE,,com.sec.android.app.shealth,2026-01-14 10:31:50.607,f5022e63-794f-4b0e-98be-b3a0957383a8,
63070031,2026-01-16 03:00:00.000,,a02a1ad6-b1fa-43b3-a249-27193f682d78.binning_data.json,63070031,2026-01-16 04:15:00.303,2026-01-16 04:15:00.303,UTC-0300,hriiVjEkYE,,com.sec.android.app.shealth,2026-01-16 04:00:00.000,a02a1ad6-b1fa-43b3-a249-27193f682d78,
63070031,2026-01-16 04:00:00.000,,94bea077-d2cf-40fa-a6af-00c9c600d150.binning_data.json,63070031,2026-01-16 05:15:00.458,2026-01-16 05:15:00.458,UTC-0300,hriiVjEkYE,,com.sec.android.app.shealth,2026-01-16 05:00:00.000,94bea077-d2cf-40fa-a6af-00c9c600d150,
63070031,2026-01-16 05:00:00.000,,d763fd7d-f199-4671-bbc6-470ecb5652c9.binning_data.json,63070031,2026-01-16 06:15:01.396,2026-01-16 06:15:01.396,UTC-0300,hriiVjEkYE,,com.sec.android.app.shealth,2026-01-16 06:00:00.000,d763fd7d-f199-4671-bbc6-470ecb5652c9,
63070031,2026-01-16 06:00:00.000,,043d789a-6301-4334-8bd9-e5c024b81db9.binning_data.json,63070031,2026-01-16 07:15:00.216,2026-01-16 07:15:00.216,UTC-0300,hriiVjEkYE,,com.sec.android.app.shealth,2026-01-16 07:00:00.000,043d789a-6301-4334-8bd9-e5c024b81db9,
63070031,2026-01-16 07:00:00.000,,501fb9f4-1ee2-4d40-869e-2cf70c7fa4d4.binning_data.json,63070031,2026-01-16 08:06:57.246,2026-01-16 08:06:57.246,UTC-0300,hriiVjEkYE,,com.sec.android.app.shealth,2026-01-16 08:00:00.000,501fb9f4-1ee2-4d40-869e-2cf70c7fa4d4,
63070031,2026-01-16 08:00:00.000,,7fc5e875-6c73-4f16-9d93-0feb7563592d.binning_data.json,63070031,2026-01-16 09:15:02.231,2026-01-16 09:15:02.231,UTC-0300,hriiVjEkYE,,com.sec.android.app.shealth,2026-01-16 09:00:00.000,7fc5e875-6c73-4f16-9d93-0feb7563592d,
63070031,2026-01-16 09:00:00.000,,ae2fa82f-0248-4a08-abc4-99a2478077ae.binning_data.json,63070031,2026-01-16 10:10:03.995,2026-01-16 10:10:03.995,UTC-0300,hriiVjEkYE,,com.sec.android.app.shealth,2026-01-16 10:00:00.000,ae2fa82f-0248-4a08-abc4-99a2478077ae,
63070031,2026-01-16 10:00:00.000,,ef35b9cc-6383-420e-915f-aeb8140730a0.binning_data.json,63070031,2026-01-16 10:33:52.048,2026-01-16 10:33:52.048,UTC-0300,hriiVjEkYE,,com.sec.android.app.shealth,2026-01-16 10:33:51.888,ef35b9cc-6383-420e-915f-aeb8140730a0,
63070031,2026-01-17 05:00:00.000,,39f5aa64-8911-40d6-bb6f-31fd3873714e.binning_data.json,63070031,2026-01-17 06:15:01.225,2026-01-17 06:15:01.225,UTC-0300,hriiVjEkYE,,com.sec.android.app.shealth,2026-01-17 06:00:00.000,39f5aa64-8911-40d6-bb6f-31fd3873714e,
63070031,2026-01-17 06:00:00.000,,7c972379-2090-4462-a6fa-e9dc6a32111d.binning_data.json,63070031,2026-01-17 07:15:00.563,2026-01-17 07:15:00.563,UTC-0300,hriiVjEkYE,,com.sec.android.app.shealth,2026-01-17 07:00:00.000,7c972379-2090-4462-a6fa-e9dc6a32111d,
63070031,2026-01-17 07:00:00.000,,e572fd39-a391-424c-9950-b84775d597c8.binning_data.json,63070031,2026-01-17 08:06:24.260,2026-01-17 08:06:24.260,UTC-0300,hriiVjEkYE,,com.sec.android.app.shealth,2026-01-17 08:00:00.000,e572fd39-a391-424c-9950-b84775d597c8,
63070031,2026-01-17 08:00:00.000,,6efe62b8-eae6-40ac-9bd6-c7d9d50c9aca.binning_data.json,63070031,2026-01-17 09:15:00.265,2026-01-17 09:15:00.265,UTC-0300,hriiVjEkYE,,com.sec.android.app.shealth,2026-01-17 09:00:00.000,6efe62b8-eae6-40ac-9bd6-c7d9d50c9aca,
63070031,2026-01-17 09:00:00.000,,815fe9d4-2ad7-438a-822c-4065fc7410cc.binning_data.json,63070031,2026-01-17 10:13:46.229,2026-01-17 10:13:46.229,UTC-0300,hriiVjEkYE,,com.sec.android.app.shealth,2026-01-17 10:00:00.000,815fe9d4-2ad7-438a-822c-4065fc7410cc,
63070031,2026-01-17 10:00:00.000,,10a22f69-b3c4-41fe-b1a9-61f6524bb849.binning_data.json,63070031,2026-01-17 10:19:58.769,2026-01-17 10:19:58.769,UTC-0300,hriiVjEkYE,,com.sec.android.app.shealth,2026-01-17 10:19:58.692,10a22f69-b3c4-41fe-b1a9-61f6524bb849,
63070031,2026-01-18 19:00:00.000,,c5986d8f-69d8-41fe-a102-de1f7bcf6df2.binning_data.json,63070031,2026-01-18 20:05:05.270,2026-01-18 20:05:05.270,UTC-0300,hriiVjEkYE,,com.sec.android.app.shealth,2026-01-18 20:00:00.000,c5986d8f-69d8-41fe-a102-de1f7bcf6df2,
63070031,2026-01-18 20:00:00.000,,813d192d-7e35-4932-8c4d-1024d5fd47da.binning_data.json,63070031,2026-01-18 21:08:56.205,2026-01-18 20:28:33.239,UTC-0300,hriiVjEkYE,,com.sec.android.app.shealth,2026-01-18 21:00:00.000,813d192d-7e35-4932-8c4d-1024d5fd47da,
63070031,2026-01-18 21:00:00.000,,eed03e62-5428-4f69-be3c-b5acbd2dec1e.binning_data.json,63070031,2026-01-18 22:02:07.650,2026-01-18 22:02:07.650,UTC-0300,hriiVjEkYE,,com.sec.android.app.shealth,2026-01-18 22:00:00.000,eed03e62-5428-4f69-be3c-b5acbd2dec1e,
63070031,2026-01-19 04:00:00.000,,c4687b77-6b5a-471d-b094-2a5d86e0773b.binning_data.json,63070031,2026-01-19 05:15:00.121,2026-01-19 05:15:00.121,UTC-0300,hriiVjEkYE,,com.sec.android.app.shealth,2026-01-19 05:00:00.000,c4687b77-6b5a-471d-b094-2a5d86e0773b,
63070031,2026-01-19 05:00:00.000,,29758145-0438-4a84-b983-4c10ddb9bd19.binning_data.json,63070031,2026-01-19 06:14:59.414,2026-01-19 06:14:59.414,UTC-0300,hriiVjEkYE,,com.sec.android.app.shealth,2026-01-19 06:00:00.000,29758145-0438-4a84-b983-4c10ddb9bd19,
63070031,2026-01-19 06:00:00.000,,bfe1cbbb-6d9d-460a-b59c-8a28fb15b83e.binning_data.json,63070031,2026-01-19 07:14:59.647,2026-01-19 07:14:59.647,UTC-0300,hriiVjEkYE,,com.sec.android.app.shealth,2026-01-19 07:00:00.000,bfe1cbbb-6d9d-460a-b59c-8a28fb15b83e,
63070031,2026-01-19 07:00:00.000,,70d569a9-8111-4cca-a017-688e9a71d941.binning_data.json,63070031,2026-01-19 08:05:03.460,2026-01-19 08:05:03.460,UTC-0300,hriiVjEkYE,,com.sec.android.app.shealth,2026-01-19 08:00:00.000,70d569a9-8111-4cca-a017-688e9a71d941,
63070031,2026-01-19 08:00:00.000,,890574a2-c438-4703-9860-2eb840b56409.binning_data.json,63070031,2026-01-19 09:14:59.552,2026-01-19 09:14:59.552,UTC-0300,hriiVjEkYE,,com.sec.android.app.shealth,2026-01-19 09:00:00.000,890574a2-c438-4703-9860-2eb840b56409,
63070031,2026-01-19 09:00:00.000,,96efdb75-9189-42b9-9ad7-830af7682d8b.binning_data.json,63070031,2026-01-19 10:15:00.171,2026-01-19 10:15:00.171,UTC-0300,hriiVjEkYE,,com.sec.android.app.shealth,2026-01-19 10:00:00.000,96efdb75-9189-42b9-9ad7-830af7682d8b,
63070031,2026-01-19 10:00:00.000,,e7ba59f2-8b59-4d11-89f1-ce6e7180d8e1.binning_data.json,63070031,2026-01-19 11:12:31.216,2026-01-19 11:12:31.216,UTC-0300,hriiVjEkYE,,com.sec.android.app.shealth,2026-01-19 11:00:00.000,e7ba59f2-8b59-4d11-89f1-ce6e7180d8e1,
63070031,2026-01-19 11:00:00.000,,a9c67bf6-6027-4348-b3b9-2b09a0f5178d.binning_data.json,63070031,2026-01-19 11:43:42.816,2026-01-19 11:43:42.816,UTC-0300,hriiVjEkYE,,com.sec.android.app.shealth,2026-01-19 11:43:42.770,a9c67bf6-6027-4348-b3b9-2b09a0f5178d,
63070031,2026-01-22 04:00:00.000,,d29d8de2-09a9-4612-aa3e-b4fc19da8ee1.binning_data.json,63070031,2026-01-22 05:15:00.256,2026-01-22 05:15:00.256,UTC-0300,hriiVjEkYE,,com.sec.android.app.shealth,2026-01-22 05:00:00.000,d29d8de2-09a9-4612-aa3e-b4fc19da8ee1,
63070031,2026-01-22 05:00:00.000,,461f5733-60ce-4c9c-b260-93d0863559a3.binning_data.json,63070031,2026-01-22 06:14:15.157,2026-01-22 06:14:15.157,UTC-0300,hriiVjEkYE,,com.sec.android.app.shealth,2026-01-22 06:00:00.000,461f5733-60ce-4c9c-b260-93d0863559a3,
63070031,2026-01-22 06:00:00.000,,1637f46b-7b79-4423-8b88-8e3161a11d3e.binning_data.json,63070031,2026-01-22 07:15:01.223,2026-01-22 07:15:01.223,UTC-0300,hriiVjEkYE,,com.sec.android.app.shealth,2026-01-22 07:00:00.000,1637f46b-7b79-4423-8b88-8e3161a11d3e,
63070031,2026-01-22 07:00:00.000,,3f136438-cea2-4813-a93c-59e2361a5b97.binning_data.json,63070031,2026-01-22 08:15:01.258,2026-01-22 08:15:01.258,UTC-0300,hriiVjEkYE,,com.sec.android.app.shealth,2026-01-22 08:00:00.000,3f136438-cea2-4813-a93c-59e2361a5b97,
63070031,2026-01-22 08:00:00.000,,255822a0-73a1-4d1f-9b82-71eaf493eeb9.binning_data.json,63070031,2026-01-22 09:15:01.255,2026-01-22 09:15:01.255,UTC-0300,hriiVjEkYE,,com.sec.android.app.shealth,2026-01-22 09:00:00.000,255822a0-73a1-4d1f-9b82-71eaf493eeb9,
63070031,2026-01-22 09:00:00.000,,2c5e0b52-e2cf-4e5a-a8d8-d04dfb7252ea.binning_data.json,63070031,2026-01-22 10:10:02.048,2026-01-22 10:10:02.048,UTC-0300,hriiVjEkYE,,com.sec.android.app.shealth,2026-01-22 10:00:00.000,2c5e0b52-e2cf-4e5a-a8d8-d04dfb7252ea,
63070031,2026-01-22 10:00:00.000,,7d750086-b552-4074-9739-4b1d4a7ba501.binning_data.json,63070031,2026-01-22 10:46:30.142,2026-01-22 10:46:30.142,UTC-0300,hriiVjEkYE,,com.sec.android.app.shealth,2026-01-22 10:46:30.030,7d750086-b552-4074-9739-4b1d4a7ba501,
63070031,2026-01-24 06:00:00.000,,ac1934f3-cb8b-4f9a-9fd0-0085dc25f407.binning_data.json,63070031,2026-01-24 07:15:00.487,2026-01-24 07:15:00.487,UTC-0300,hriiVjEkYE,,com.sec.android.app.shealth,2026-01-24 07:00:00.000,ac1934f3-cb8b-4f9a-9fd0-0085dc25f407,
63070031,2026-01-24 07:00:00.000,,1e413220-a9ee-47d1-97b4-f83871b0ac5e.binning_data.json,63070031,2026-01-24 08:07:56.081,2026-01-24 08:07:56.081,UTC-0300,hriiVjEkYE,,com.sec.android.app.shealth,2026-01-24 08:00:00.000,1e413220-a9ee-47d1-97b4-f83871b0ac5e,
63070031,2026-01-24 08:00:00.000,,ea18f1cb-464d-4cfd-85e6-87f10726d4f4.binning_data.json,63070031,2026-01-24 09:15:01.253,2026-01-24 09:15:01.253,UTC-0300,hriiVjEkYE,,com.sec.android.app.shealth,2026-01-24 09:00:00.000,ea18f1cb-464d-4cfd-85e6-87f10726d4f4,
63070031,2026-01-24 09:00:00.000,,f1b40b0a-a3f9-46c8-929e-3b9fdb92941a.binning_data.json,63070031,2026-01-24 10:10:02.624,2026-01-24 10:10:02.624,UTC-0300,hriiVjEkYE,,com.sec.android.app.shealth,2026-01-24 10:00:00.000,f1b40b0a-a3f9-46c8-929e-3b9fdb92941a,
63070031,2026-01-24 10:00:00.000,,b3613d70-b0ea-4c0d-9d21-ef42bde6feec.binning_data.json,63070031,2026-01-24 11:06:32.325,2026-01-24 11:06:32.325,UTC-0300,hriiVjEkYE,,com.sec.android.app.shealth,2026-01-24 11:00:00.000,b3613d70-b0ea-4c0d-9d21-ef42bde6feec,
63070031,2026-01-24 11:00:00.000,,dd935767-12cb-4585-9635-ff465cb386ed.binning_data.json,63070031,2026-01-24 12:11:52.252,2026-01-24 11:15:34.003,UTC-0300,hriiVjEkYE,,com.sec.android.app.shealth,2026-01-24 12:00:00.000,dd935767-12cb-4585-9635-ff465cb386ed,
63070031,2026-01-24 12:00:00.000,,4d33fbe8-832f-45c2-ac9c-8d988787de71.binning_data.json,63070031,2026-01-24 13:17:14.139,2026-01-24 13:17:14.139,UTC-0300,hriiVjEkYE,,com.sec.android.app.shealth,2026-01-24 13:00:00.000,4d33fbe8-832f-45c2-ac9c-8d988787de71,
63070031,2026-01-24 13:00:00.000,,884020dc-a9b3-4307-80dc-0283e1c25eed.binning_data.json,63070031,2026-01-24 14:03:29.133,2026-01-24 14:03:29.133,UTC-0300,hriiVjEkYE,,com.sec.android.app.shealth,2026-01-24 14:00:00.000,884020dc-a9b3-4307-80dc-0283e1c25eed,
63070031,2026-01-25 02:00:00.000,,6e66cdb2-bca6-49c8-bcd3-4386fa873389.binning_data.json,63070031,2026-01-25 03:15:01.169,2026-01-25 03:15:01.169,UTC-0300,hriiVjEkYE,,com.sec.android.app.shealth,2026-01-25 03:00:00.000,6e66cdb2-bca6-49c8-bcd3-4386fa873389,
63070031,2026-01-25 03:00:00.000,,8c3dd4e1-a2f7-49d5-b8e5-4b34891faf9b.binning_data.json,63070031,2026-01-25 04:15:01.628,2026-01-25 04:15:01.628,UTC-0300,hriiVjEkYE,,com.sec.android.app.shealth,2026-01-25 04:00:00.000,8c3dd4e1-a2f7-49d5-b8e5-4b34891faf9b,
63070031,2026-01-27 04:00:00.000,,718c09f2-a090-4739-8328-03593c73d46c.binning_data.json,63070031,2026-01-27 05:15:00.665,2026-01-27 05:15:00.665,UTC-0300,hriiVjEkYE,,com.sec.android.app.shealth,2026-01-27 05:00:00.000,718c09f2-a090-4739-8328-03593c73d46c,
63070031,2026-01-27 05:00:00.000,,5c3749ff-ef05-4103-bd7e-62c8e97e92db.binning_data.json,63070031,2026-01-27 06:05:29.322,2026-01-27 06:05:29.322,UTC-0300,hriiVjEkYE,,com.sec.android.app.shealth,2026-01-27 06:00:00.000,5c3749ff-ef05-4103-bd7e-62c8e97e92db,
63070031,2026-01-27 06:00:00.000,,111b8e98-291d-4081-ab61-c05801598cf0.binning_data.json,63070031,2026-01-27 07:15:00.324,2026-01-27 07:15:00.324,UTC-0300,hriiVjEkYE,,com.sec.android.app.shealth,2026-01-27 07:00:00.000,111b8e98-291d-4081-ab61-c05801598cf0,
63070031,2026-01-27 07:00:00.000,,7e8f92fc-abf0-4837-a4e1-26a3e72fe39e.binning_data.json,63070031,2026-01-27 08:14:59.280,2026-01-27 08:14:59.280,UTC-0300,hriiVjEkYE,,com.sec.android.app.shealth,2026-01-27 08:00:00.000,7e8f92fc-abf0-4837-a4e1-26a3e72fe39e,
63070031,2026-01-27 08:00:00.000,,d5dbe8f8-8a88-4f5c-a3a1-73c66d306235.binning_data.json,63070031,2026-01-27 09:06:31.368,2026-01-27 09:06:31.368,UTC-0300,hriiVjEkYE,,com.sec.android.app.shealth,2026-01-27 09:00:00.000,d5dbe8f8-8a88-4f5c-a3a1-73c66d306235,
63070031,2026-01-27 09:00:00.000,,cbf0ce08-652e-4062-bff4-01c14b20fc5d.binning_data.json,63070031,2026-01-27 10:12:51.305,2026-01-27 10:12:51.305,UTC-0300,hriiVjEkYE,,com.sec.android.app.shealth,2026-01-27 10:00:00.000,cbf0ce08-652e-4062-bff4-01c14b20fc5d,
63070031,2026-01-27 10:00:00.000,,69bcc641-804b-4e50-80d9-98e7d91c940a.binning_data.json,63070031,2026-01-27 10:36:01.646,2026-01-27 10:36:01.646,UTC-0300,hriiVjEkYE,,com.sec.android.app.shealth,2026-01-27 10:36:01.566,69bcc641-804b-4e50-80d9-98e7d91c940a,
63070031,2026-01-28 04:00:00.000,,61921c58-67ac-469e-8d05-30f4851c0357.binning_data.json,63070031,2026-01-28 05:14:59.375,2026-01-28 05:14:59.375,UTC-0300,hriiVjEkYE,,com.sec.android.app.shealth,2026-01-28 05:00:00.000,61921c58-67ac-469e-8d05-30f4851c0357,
63070031,2026-01-28 05:00:00.000,,e7cc532d-bfb0-4af3-8d11-5c266c314812.binning_data.json,63070031,2026-01-28 06:15:00.224,2026-01-28 06:15:00.224,UTC-0300,hriiVjEkYE,,com.sec.android.app.shealth,2026-01-28 06:00:00.000,e7cc532d-bfb0-4af3-8d11-5c266c314812,
63070031,2026-01-28 06:00:00.000,,160922a4-6f93-41b6-82b8-aa096805578a.binning_data.json,63070031,2026-01-28 07:14:59.210,2026-01-28 07:14:59.210,UTC-0300,hriiVjEkYE,,com.sec.android.app.shealth,2026-01-28 07:00:00.000,160922a4-6f93-41b6-82b8-aa096805578a,
63070031,2026-01-28 07:00:00.000,,d6bc3a5a-de2a-4ad1-b71d-96222f54a2a5.binning_data.json,63070031,2026-01-28 08:15:00.651,2026-01-28 08:15:00.651,UTC-0300,hriiVjEkYE,,com.sec.android.app.shealth,2026-01-28 08:00:00.000,d6bc3a5a-de2a-4ad1-b71d-96222f54a2a5,
63070031,2026-01-28 08:00:00.000,,77a6ab97-8fe9-4361-a925-8c4eee73a5b1.binning_data.json,63070031,2026-01-28 09:15:00.208,2026-01-28 09:15:00.208,UTC-0300,hriiVjEkYE,,com.sec.android.app.shealth,2026-01-28 09:00:00.000,77a6ab97-8fe9-4361-a925-8c4eee73a5b1,
63070031,2026-01-28 09:00:00.000,,f8260b15-f166-47f4-bcfb-227956304258.binning_data.json,63070031,2026-01-28 10:10:03.436,2026-01-28 10:10:03.436,UTC-0300,hriiVjEkYE,,com.sec.android.app.shealth,2026-01-28 10:00:00.000,f8260b15-f166-47f4-bcfb-227956304258,
63070031,2026-01-28 10:00:00.000,,b74d59ec-0eda-46d6-a5bc-d808604acbd0.binning_data.json,63070031,2026-01-28 10:52:14.802,2026-01-28 10:52:14.802,UTC-0300,hriiVjEkYE,,com.sec.android.app.shealth,2026-01-28 10:52:14.596,b74d59ec-0eda-46d6-a5bc-d808604acbd0,
63070031,2026-01-30 04:00:00.000,,1d9388f8-5b9c-463c-8b4e-99a62cbbee44.binning_data.json,63070031,2026-01-30 05:15:01.182,2026-01-30 05:15:01.182,UTC-0300,hriiVjEkYE,,com.sec.android.app.shealth,2026-01-30 05:00:00.000,1d9388f8-5b9c-463c-8b4e-99a62cbbee44,
63070031,2026-01-30 05:00:00.000,,35423dcb-d381-4453-a53a-f3490e7cc20b.binning_data.json,63070031,2026-01-30 06:15:01.218,2026-01-30 06:15:01.218,UTC-0300,hriiVjEkYE,,com.sec.android.app.shealth,2026-01-30 06:00:00.000,35423dcb-d381-4453-a53a-f3490e7cc20b,
63070031,2026-01-30 06:00:00.000,,a94deecd-8b7b-47b4-b130-318fde6d2afe.binning_data.json,63070031,2026-01-30 07:06:04.243,2026-01-30 07:06:04.243,UTC-0300,hriiVjEkYE,,com.sec.android.app.shealth,2026-01-30 07:00:00.000,a94deecd-8b7b-47b4-b130-318fde6d2afe,
63070031,2026-01-30 07:00:00.000,,1e87cfe2-d17d-4c3b-a765-97ac88b26585.binning_data.json,63070031,2026-01-30 08:15:00.420,2026-01-30 08:15:00.420,UTC-0300,hriiVjEkYE,,com.sec.android.app.shealth,2026-01-30 08:00:00.000,1e87cfe2-d17d-4c3b-a765-97ac88b26585,
63070031,2026-01-30 08:00:00.000,,8063eafd-3545-4d62-8327-a290abd58f0b.binning_data.json,63070031,2026-01-30 09:15:00.525,2026-01-30 09:15:00.525,UTC-0300,hriiVjEkYE,,com.sec.android.app.shealth,2026-01-30 09:00:00.000,8063eafd-3545-4d62-8327-a290abd58f0b,
63070031,2026-01-30 09:00:00.000,,07138ae3-0143-4309-aad5-abd14d89e2d6.binning_data.json,63070031,2026-01-30 10:09:59.880,2026-01-30 10:09:59.880,UTC-0300,hriiVjEkYE,,com.sec.android.app.shealth,2026-01-30 10:00:00.000,07138ae3-0143-4309-aad5-abd14d89e2d6,
63070031,2026-01-30 10:00:00.000,,f8cf8609-68b9-4574-9fb7-e9f4bcfe8ef2.binning_data.json,63070031,2026-01-30 11:03:51.117,2026-01-30 11:03:51.117,UTC-0300,hriiVjEkYE,,com.sec.android.app.shealth,2026-01-30 11:00:00.000,f8cf8609-68b9-4574-9fb7-e9f4bcfe8ef2,
63070031,2026-01-31 03:00:00.000,,8a8442f1-fe6a-423f-8fdb-99d26e64f16d.binning_data.json,63070031,2026-01-31 04:15:01.250,2026-01-31 04:15:01.250,UTC-0300,hriiVjEkYE,,com.sec.android.app.shealth,2026-01-31 04:00:00.000,8a8442f1-fe6a-423f-8fdb-99d26e64f16d,
63070031,2026-01-31 04:00:00.000,,d63ea79b-18ac-4af7-ac02-a4b09e953f8d.binning_data.json,63070031,2026-01-31 05:06:39.382,2026-01-31 05:06:39.382,UTC-0300,hriiVjEkYE,,com.sec.android.app.shealth,2026-01-31 05:00:00.000,d63ea79b-18ac-4af7-ac02-a4b09e953f8d,
63070031,2026-01-31 05:00:00.000,,7c155e8d-eceb-4eb2-8dac-1b4b78ef115d.binning_data.json,63070031,2026-01-31 06:15:01.595,2026-01-31 06:15:01.595,UTC-0300,hriiVjEkYE,,com.sec.android.app.shealth,2026-01-31 06:00:00.000,7c155e8d-eceb-4eb2-8dac-1b4b78ef115d,
63070031,2026-01-31 06:00:00.000,,1bc4229a-1243-4423-826c-b2143cd88ccc.binning_data.json,63070031,2026-01-31 07:15:02.174,2026-01-31 07:15:02.174,UTC-0300,hriiVjEkYE,,com.sec.android.app.shealth,2026-01-31 07:00:00.000,1bc4229a-1243-4423-826c-b2143cd88ccc,
63070031,2026-01-31 07:00:00.000,,f951db49-2c86-4998-8ca0-9e2d2f7050c9.binning_data.json,63070031,2026-01-31 08:06:35.452,2026-01-31 08:06:35.452,UTC-0300,hriiVjEkYE,,com.sec.android.app.shealth,2026-01-31 08:00:00.000,f951db49-2c86-4998-8ca0-9e2d2f7050c9,
63070031,2026-01-31 08:00:00.000,,d0d1ca7a-6c20-4780-810f-fca66bb1ea02.binning_data.json,63070031,2026-01-31 09:15:00.212,2026-01-31 09:15:00.212,UTC-0300,hriiVjEkYE,,com.sec.android.app.shealth,2026-01-31 09:00:00.000,d0d1ca7a-6c20-4780-810f-fca66bb1ea02,
63070031,2026-01-31 09:00:00.000,,1a8c882b-002b-4273-9b51-a7c38cbf5199.binning_data.json,63070031,2026-01-31 10:15:01.200,2026-01-31 10:15:01.200,UTC-0300,hriiVjEkYE,,com.sec.android.app.shealth,2026-01-31 10:00:00.000,1a8c882b-002b-4273-9b51-a7c38cbf5199,
63070031,2026-01-31 10:00:00.000,,ce4c9a29-eeab-4447-ac38-26d9cafe2963.binning_data.json,63070031,2026-01-31 11:05:04.116,2026-01-31 11:05:04.116,UTC-0300,hriiVjEkYE,,com.sec.android.app.shealth,2026-01-31 11:00:00.000,ce4c9a29-eeab-4447-ac38-26d9cafe2963,
63070031,2026-01-31 11:00:00.000,,c8f0f5f7-062f-4f3b-880b-be2c33762ad2.binning_data.json,63070031,2026-01-31 12:15:01.235,2026-01-31 12:15:01.235,UTC-0300,hriiVjEkYE,,com.sec.android.app.shealth,2026-01-31 12:00:00.000,c8f0f5f7-062f-4f3b-880b-be2c33762ad2,
63070031,2026-01-31 12:00:00.000,,18cc1201-1628-404a-8809-860bc6c0f355.binning_data.json,63070031,2026-01-31 13:09:56.464,2026-01-31 13:09:56.464,UTC-0300,hriiVjEkYE,,com.sec.android.app.shealth,2026-01-31 13:00:00.000,18cc1201-1628-404a-8809-860bc6c0f355,
63070031,2026-01-31 13:00:00.000,,15ef3d56-4863-4797-bfac-53c93f8d7637.binning_data.json,63070031,2026-01-31 13:32:21.612,2026-01-31 13:32:21.612,UTC-0300,hriiVjEkYE,,com.sec.android.app.shealth,2026-01-31 13:32:21.404,15ef3d56-4863-4797-bfac-53c93f8d7637,
63070031,2026-02-02 04:00:00.000,,1d3664b8-b40a-4ffc-8a1c-3ff6e15d2a88.binning_data.json,63070031,2026-02-02 05:15:00.298,2026-02-02 05:15:00.298,UTC-0300,hriiVjEkYE,,com.sec.android.app.shealth,2026-02-02 05:00:00.000,1d3664b8-b40a-4ffc-8a1c-3ff6e15d2a88,
63070031,2026-02-02 05:00:00.000,,5d5ab607-a9d4-4e32-9c03-4d01c4aec65f.binning_data.json,63070031,2026-02-02 06:15:00.211,2026-02-02 06:15:00.211,UTC-0300,hriiVjEkYE,,com.sec.android.app.shealth,2026-02-02 06:00:00.000,5d5ab607-a9d4-4e32-9c03-4d01c4aec65f,
63070031,2026-02-02 06:00:00.000,,808a36b3-4e6d-46f3-a4cf-8f2f0e027a24.binning_data.json,63070031,2026-02-02 07:15:01.220,2026-02-02 07:15:01.220,UTC-0300,hriiVjEkYE,,com.sec.android.app.shealth,2026-02-02 07:00:00.000,808a36b3-4e6d-46f3-a4cf-8f2f0e027a24,
63070031,2026-02-02 07:00:00.000,,8f44499d-dfcb-4840-ac28-c167a5078056.binning_data.json,63070031,2026-02-02 08:15:29.062,2026-02-02 08:15:29.062,UTC-0300,hriiVjEkYE,,com.sec.android.app.shealth,2026-02-02 08:00:00.000,8f44499d-dfcb-4840-ac28-c167a5078056,
63070031,2026-02-02 08:00:00.000,,b3203749-e81d-42a1-9c2c-744a0dd60599.binning_data.json,63070031,2026-02-02 09:15:00.293,2026-02-02 09:15:00.293,UTC-0300,hriiVjEkYE,,com.sec.android.app.shealth,2026-02-02 09:00:00.000,b3203749-e81d-42a1-9c2c-744a0dd60599,
63070031,2026-02-02 09:00:00.000,,f2bfc475-5dac-4014-8673-a28fbfadfed7.binning_data.json,63070031,2026-02-02 10:15:00.214,2026-02-02 10:15:00.214,UTC-0300,hriiVjEkYE,,com.sec.android.app.shealth,2026-02-02 10:00:00.000,f2bfc475-5dac-4014-8673-a28fbfadfed7,
63070031,2026-02-02 10:00:00.000,,f0224ba3-d060-459e-aa22-038ecd14f55f.binning_data.json,63070031,2026-02-02 11:10:36.222,2026-02-02 11:10:36.222,UTC-0300,hriiVjEkYE,,com.sec.android.app.shealth,2026-02-02 11:00:00.000,f0224ba3-d060-459e-aa22-038ecd14f55f,
63070031,2026-02-02 11:00:00.000,,a5a87a72-5c98-4d26-bc7f-3e38ae5af34d.binning_data.json,63070031,2026-02-02 11:52:52.130,2026-02-02 11:52:52.130,UTC-0300,hriiVjEkYE,,com.sec.android.app.shealth,2026-02-02 11:52:52.040,a5a87a72-5c98-4d26-bc7f-3e38ae5af34d,
63070031,2026-02-03 04:00:00.000,,3792ff46-d63c-4edc-8a81-c13548d09113.binning_data.json,63070031,2026-02-03 05:15:01.210,2026-02-03 05:15:01.210,UTC-0300,hriiVjEkYE,,com.sec.android.app.shealth,2026-02-03 05:00:00.000,3792ff46-d63c-4edc-8a81-c13548d09113,
63070031,2026-02-03 05:00:00.000,,f7bff8c4-3524-4a01-b91e-7c53d23256b3.binning_data.json,63070031,2026-02-03 06:15:01.605,2026-02-03 06:15:01.605,UTC-0300,hriiVjEkYE,,com.sec.android.app.shealth,2026-02-03 06:00:00.000,f7bff8c4-3524-4a01-b91e-7c53d23256b3,
63070031,2026-02-03 06:00:00.000,,63e8eda1-91a3-480d-8337-63e2087b6515.binning_data.json,63070031,2026-02-03 07:15:01.597,2026-02-03 07:15:01.597,UTC-0300,hriiVjEkYE,,com.sec.android.app.shealth,2026-02-03 07:00:00.000,63e8eda1-91a3-480d-8337-63e2087b6515,
63070031,2026-02-03 07:00:00.000,,2b42454f-4b2b-4014-bd7b-8d148ef1f964.binning_data.json,63070031,2026-02-03 08:15:00.482,2026-02-03 08:15:00.482,UTC-0300,hriiVjEkYE,,com.sec.android.app.shealth,2026-02-03 08:00:00.000,2b42454f-4b2b-4014-bd7b-8d148ef1f964,
63070031,2026-02-03 08:00:00.000,,90491349-c30f-472a-a880-39e89b05f720.binning_data.json,63070031,2026-02-03 09:15:01.265,2026-02-03 09:15:01.265,UTC-0300,hriiVjEkYE,,com.sec.android.app.shealth,2026-02-03 09:00:00.000,90491349-c30f-472a-a880-39e89b05f720,
63070031,2026-02-03 09:00:00.000,,cd12d90c-c3d2-49c0-b723-9bafadda9c4d.binning_data.json,63070031,2026-02-03 10:10:02.681,2026-02-03 10:10:02.681,UTC-0300,hriiVjEkYE,,com.sec.android.app.shealth,2026-02-03 10:00:00.000,cd12d90c-c3d2-49c0-b723-9bafadda9c4d,
63070031,2026-02-03 10:00:00.000,,8e574742-b73c-4c49-8b00-f3c42ea98d57.binning_data.json,63070031,2026-02-03 11:10:11.296,2026-02-03 11:10:11.296,UTC-0300,hriiVjEkYE,,com.sec.android.app.shealth,2026-02-03 11:00:00.000,8e574742-b73c-4c49-8b00-f3c42ea98d57,
63070031,2026-02-03 11:00:00.000,,af17255e-2cc0-410b-b469-58e2658bf4d7.binning_data.json,63070031,2026-02-03 11:46:51.484,2026-02-03 11:46:51.484,UTC-0300,hriiVjEkYE,,com.sec.android.app.shealth,2026-02-03 11:46:51.361,af17255e-2cc0-410b-b469-58e2658bf4d7,
63070031,2026-02-05 03:00:00.000,,6414ee0f-5e57-4086-a7a6-ca93261bd18d.binning_data.json,63070031,2026-02-05 04:10:48.076,2026-02-05 04:10:48.076,UTC-0300,hriiVjEkYE,,com.sec.android.app.shealth,2026-02-05 04:00:00.000,6414ee0f-5e57-4086-a7a6-ca93261bd18d,
63070031,2026-02-05 04:00:00.000,,aa9eb6a0-b552-4140-8d82-58b4922a9d4e.binning_data.json,63070031,2026-02-05 05:05:09.031,2026-02-05 05:05:09.031,UTC-0300,hriiVjEkYE,,com.sec.android.app.shealth,2026-02-05 05:00:00.000,aa9eb6a0-b552-4140-8d82-58b4922a9d4e,
63070031,2026-02-05 05:00:00.000,,f255bb14-91b1-4c59-805e-5fce0f8e9f17.binning_data.json,63070031,2026-02-05 06:15:00.250,2026-02-05 06:15:00.250,UTC-0300,hriiVjEkYE,,com.sec.android.app.shealth,2026-02-05 06:00:00.000,f255bb14-91b1-4c59-805e-5fce0f8e9f17,
63070031,2026-02-05 06:00:00.000,,66038c92-25df-4421-86d4-04885023a1b3.binning_data.json,63070031,2026-02-05 07:15:00.191,2026-02-05 07:15:00.191,UTC-0300,hriiVjEkYE,,com.sec.android.app.shealth,2026-02-05 07:00:00.000,66038c92-25df-4421-86d4-04885023a1b3,
63070031,2026-02-05 07:00:00.000,,17637882-a77a-41ea-80ac-6ff4482da9f1.binning_data.json,63070031,2026-02-05 08:06:08.298,2026-02-05 08:06:08.298,UTC-0300,hriiVjEkYE,,com.sec.android.app.shealth,2026-02-05 08:00:00.000,17637882-a77a-41ea-80ac-6ff4482da9f1,
63070031,2026-02-05 08:00:00.000,,11ee5221-8295-466d-8ddb-bedeb9a34a00.binning_data.json,63070031,2026-02-05 09:15:01.193,2026-02-05 09:15:01.193,UTC-0300,hriiVjEkYE,,com.sec.android.app.shealth,2026-02-05 09:00:00.000,11ee5221-8295-466d-8ddb-bedeb9a34a00,
63070031,2026-02-05 09:00:00.000,,8c947243-3f12-4a28-9e1d-691d2c4672c1.binning_data.json,63070031,2026-02-05 10:10:03.787,2026-02-05 10:10:03.787,UTC-0300,hriiVjEkYE,,com.sec.android.app.shealth,2026-02-05 10:00:00.000,8c947243-3f12-4a28-9e1d-691d2c4672c1,
63070031,2026-02-05 10:00:00.000,,a33d3b7b-39b9-4c57-b773-58da6a1441b3.binning_data.json,63070031,2026-02-05 10:37:26.118,2026-02-05 10:37:26.118,UTC-0300,hriiVjEkYE,,com.sec.android.app.shealth,2026-02-05 10:37:26.047,a33d3b7b-39b9-4c57-b773-58da6a1441b3,
63070031,2026-02-08 04:00:00.000,,21833591-3a6f-4bca-a573-9e496dae3aa9.binning_data.json,63070031,2026-02-08 05:14:59.211,2026-02-08 05:14:59.211,UTC-0300,hriiVjEkYE,,com.sec.android.app.shealth,2026-02-08 05:00:00.000,21833591-3a6f-4bca-a573-9e496dae3aa9,
63070031,2026-02-08 05:00:00.000,,d8848c0a-4f21-461a-9719-12026504e4de.binning_data.json,63070031,2026-02-08 06:15:00.193,2026-02-08 06:15:00.193,UTC-0300,hriiVjEkYE,,com.sec.android.app.shealth,2026-02-08 06:00:00.000,d8848c0a-4f21-461a-9719-12026504e4de,
63070031,2026-02-08 06:00:00.000,,273a82c0-18be-4492-9ac7-2af0d8755c4c.binning_data.json,63070031,2026-02-08 07:15:00.613,2026-02-08 07:15:00.613,UTC-0300,hriiVjEkYE,,com.sec.android.app.shealth,2026-02-08 07:00:00.000,273a82c0-18be-4492-9ac7-2af0d8755c4c,
63070031,2026-02-08 07:00:00.000,,8688d773-4248-4d52-a4a7-dfcf19ef6ddb.binning_data.json,63070031,2026-02-08 08:15:00.217,2026-02-08 08:15:00.217,UTC-0300,hriiVjEkYE,,com.sec.android.app.shealth,2026-02-08 08:00:00.000,8688d773-4248-4d52-a4a7-dfcf19ef6ddb,
63070031,2026-02-08 08:00:00.000,,a29476d6-5510-4c04-a4b0-1e5b189f8133.binning_data.json,63070031,2026-02-08 09:14:59.542,2026-02-08 09:14:59.542,UTC-0300,hriiVjEkYE,,com.sec.android.app.shealth,2026-02-08 09:00:00.000,a29476d6-5510-4c04-a4b0-1e5b189f8133,
63070031,2026-02-08 09:00:00.000,,38719c13-eb82-41fe-bec3-3b5851e2caae.binning_data.json,63070031,2026-02-08 10:15:00.686,2026-02-08 10:15:00.686,UTC-0300,hriiVjEkYE,,com.sec.android.app.shealth,2026-02-08 10:00:00.000,38719c13-eb82-41fe-bec3-3b5851e2caae,
63070031,2026-02-08 10:00:00.000,,da795b74-ab97-4898-8556-e15af623d2ed.binning_data.json,63070031,2026-02-08 11:15:00.320,2026-02-08 11:15:00.320,UTC-0300,hriiVjEkYE,,com.sec.android.app.shealth,2026-02-08 11:00:00.000,da795b74-ab97-4898-8556-e15af623d2ed,
63070031,2026-02-08 11:00:00.000,,1f26a664-e05b-4d79-a3dc-1e155f878952.binning_data.json,63070031,2026-02-08 12:06:26.627,2026-02-08 12:06:26.627,UTC-0300,hriiVjEkYE,,com.sec.android.app.shealth,2026-02-08 12:00:00.000,1f26a664-e05b-4d79-a3dc-1e155f878952,
63070031,2026-02-08 12:00:00.000,,61827c0a-dca1-4b36-8bee-a0042443d6b8.binning_data.json,63070031,2026-02-08 12:07:39.889,2026-02-08 12:07:39.889,UTC-0300,hriiVjEkYE,,com.sec.android.app.shealth,2026-02-08 12:07:39.771,61827c0a-dca1-4b36-8bee-a0042443d6b8,
63070031,2026-02-09 05:00:00.000,,119122ab-5765-47ad-af32-6660ea14f83a.binning_data.json,63070031,2026-02-09 06:15:00.265,2026-02-09 06:15:00.265,UTC-0300,hriiVjEkYE,,com.sec.android.app.shealth,2026-02-09 06:00:00.000,119122ab-5765-47ad-af32-6660ea14f83a,
63070031,2026-02-09 06:00:00.000,,870a3d9c-96a1-4d19-be78-4a34b2d4c237.binning_data.json,63070031,2026-02-09 07:15:01.223,2026-02-09 07:15:01.223,UTC-0300,hriiVjEkYE,,com.sec.android.app.shealth,2026-02-09 07:00:00.000,870a3d9c-96a1-4d19-be78-4a34b2d4c237,
63070031,2026-02-09 07:00:00.000,,2c8cd7f2-9091-444e-956e-1572c3f31cfa.binning_data.json,63070031,2026-02-09 08:15:00.589,2026-02-09 08:15:00.589,UTC-0300,hriiVjEkYE,,com.sec.android.app.shealth,2026-02-09 08:00:00.000,2c8cd7f2-9091-444e-956e-1572c3f31cfa,
63070031,2026-02-09 08:00:00.000,,c2faa3f4-cd1c-43ed-a094-0f0b40d5f340.binning_data.json,63070031,2026-02-09 09:14:59.539,2026-02-09 09:14:59.539,UTC-0300,hriiVjEkYE,,com.sec.android.app.shealth,2026-02-09 09:00:00.000,c2faa3f4-cd1c-43ed-a094-0f0b40d5f340,
63070031,2026-02-09 09:00:00.000,,14a13b5d-0b95-44cf-ae53-d840733c0086.binning_data.json,63070031,2026-02-09 10:05:59.500,2026-02-09 10:05:59.500,UTC-0300,hriiVjEkYE,,com.sec.android.app.shealth,2026-02-09 10:00:00.000,14a13b5d-0b95-44cf-ae53-d840733c0086,
63070031,2026-02-09 10:00:00.000,,53fa46e9-0083-4809-aebe-e77ca6792266.binning_data.json,63070031,2026-02-09 11:10:12.064,2026-02-09 11:10:12.064,UTC-0300,hriiVjEkYE,,com.sec.android.app.shealth,2026-02-09 11:00:00.000,53fa46e9-0083-4809-aebe-e77ca6792266,
63070031,2026-02-09 11:00:00.000,,94cb3b05-a020-49f8-b247-3ecb6dc3fee4.binning_data.json,63070031,2026-02-09 11:36:30.275,2026-02-09 11:36:30.275,UTC-0300,hriiVjEkYE,,com.sec.android.app.shealth,2026-02-09 11:36:30.128,94cb3b05-a020-49f8-b247-3ecb6dc3fee4,
63070031,2026-02-11 04:00:00.000,,a3ec70d4-dc16-46dc-9417-bcade56a8d4a.binning_data.json,63070031,2026-02-11 05:15:00.302,2026-02-11 05:15:00.302,UTC-0300,hriiVjEkYE,,com.sec.android.app.shealth,2026-02-11 05:00:00.000,a3ec70d4-dc16-46dc-9417-bcade56a8d4a,
63070031,2026-02-11 05:00:00.000,,268c94db-4ea6-4e87-a903-4981b1339322.binning_data.json,63070031,2026-02-11 06:05:07.278,2026-02-11 06:05:07.278,UTC-0300,hriiVjEkYE,,com.sec.android.app.shealth,2026-02-11 06:00:00.000,268c94db-4ea6-4e87-a903-4981b1339322,
63070031,2026-02-11 06:00:00.000,,33d7b811-9911-4554-8ea9-1697dc51139a.binning_data.json,63070031,2026-02-11 07:15:01.189,2026-02-11 07:15:01.189,UTC-0300,hriiVjEkYE,,com.sec.android.app.shealth,2026-02-11 07:00:00.000,33d7b811-9911-4554-8ea9-1697dc51139a,
63070031,2026-02-11 07:00:00.000,,a17c6382-ac89-426c-b7dd-85473f72a0ce.binning_data.json,63070031,2026-02-11 08:15:01.228,2026-02-11 08:15:01.228,UTC-0300,hriiVjEkYE,,com.sec.android.app.shealth,2026-02-11 08:00:00.000,a17c6382-ac89-426c-b7dd-85473f72a0ce,
63070031,2026-02-11 08:00:00.000,,9e96eb9f-7f95-4100-a571-021225b2a26c.binning_data.json,63070031,2026-02-11 09:15:01.260,2026-02-11 09:15:01.260,UTC-0300,hriiVjEkYE,,com.sec.android.app.shealth,2026-02-11 09:00:00.000,9e96eb9f-7f95-4100-a571-021225b2a26c,
63070031,2026-02-11 09:00:00.000,,42b6074c-d928-47fc-86b8-ce2633fe715e.binning_data.json,63070031,2026-02-11 10:10:23.234,2026-02-11 10:10:23.234,UTC-0300,hriiVjEkYE,,com.sec.android.app.shealth,2026-02-11 10:00:00.000,42b6074c-d928-47fc-86b8-ce2633fe715e,
63070031,2026-02-11 10:00:00.000,,d2600cce-4f2a-40c1-b4c5-444b71897852.binning_data.json,63070031,2026-02-11 10:31:30.791,2026-02-11 10:31:30.791,UTC-0300,hriiVjEkYE,,com.sec.android.app.shealth,2026-02-11 10:31:30.696,d2600cce-4f2a-40c1-b4c5-444b71897852,
63070031,2026-02-18 04:00:00.000,,9570c234-e26e-45eb-97b5-3285cde98015.binning_data.json,63070031,2026-02-18 05:15:00.254,2026-02-18 05:15:00.254,UTC-0300,hriiVjEkYE,,com.sec.android.app.shealth,2026-02-18 05:00:00.000,9570c234-e26e-45eb-97b5-3285cde98015,
63070031,2026-02-18 05:00:00.000,,9a9c0b24-4103-4d87-823c-af8195b09ed9.binning_data.json,63070031,2026-02-18 06:15:00.202,2026-02-18 06:15:00.202,UTC-0300,hriiVjEkYE,,com.sec.android.app.shealth,2026-02-18 06:00:00.000,9a9c0b24-4103-4d87-823c-af8195b09ed9,
63070031,2026-02-18 06:00:00.000,,145e4dc1-437c-4cb2-b7f0-72d1d524fe30.binning_data.json,63070031,2026-02-18 07:14:59.267,2026-02-18 07:14:59.267,UTC-0300,hriiVjEkYE,,com.sec.android.app.shealth,2026-02-18 07:00:00.000,145e4dc1-437c-4cb2-b7f0-72d1d524fe30,
63070031,2026-02-18 07:00:00.000,,abea4880-010f-4771-b1c5-f64ffcd61b1f.binning_data.json,63070031,2026-02-18 08:14:59.527,2026-02-18 08:14:59.527,UTC-0300,hriiVjEkYE,,com.sec.android.app.shealth,2026-02-18 08:00:00.000,abea4880-010f-4771-b1c5-f64ffcd61b1f,
63070031,2026-02-18 08:00:00.000,,f2530a19-e465-471e-884b-8c8aa3d8637e.binning_data.json,63070031,2026-02-18 09:15:00.190,2026-02-18 09:15:00.190,UTC-0300,hriiVjEkYE,,com.sec.android.app.shealth,2026-02-18 09:00:00.000,f2530a19-e465-471e-884b-8c8aa3d8637e,
63070031,2026-02-18 09:00:00.000,,bde22913-1034-4921-afb4-fde1a744ab41.binning_data.json,63070031,2026-02-18 10:13:03.052,2026-02-18 10:13:03.052,UTC-0300,hriiVjEkYE,,com.sec.android.app.shealth,2026-02-18 10:00:00.000,bde22913-1034-4921-afb4-fde1a744ab41,
63070031,2026-02-18 10:00:00.000,,5c46a774-fa3a-4cc6-bf9a-c0ffe7d9518a.binning_data.json,63070031,2026-02-18 11:11:36.556,2026-02-18 11:11:36.556,UTC-0300,hriiVjEkYE,,com.sec.android.app.shealth,2026-02-18 11:00:00.000,5c46a774-fa3a-4cc6-bf9a-c0ffe7d9518a,
63070031,2026-02-18 11:00:00.000,,df3d3d30-8190-4598-a09b-7c7b6346b7d8.binning_data.json,63070031,2026-02-18 11:57:36.609,2026-02-18 11:57:36.609,UTC-0300,hriiVjEkYE,,com.sec.android.app.shealth,2026-02-18 11:57:36.537,df3d3d30-8190-4598-a09b-7c7b6346b7d8,
63070031,2026-02-19 04:00:00.000,,f150cffa-7d24-4f23-a582-8af0abdf7703.binning_data.json,63070031,2026-02-19 05:15:00.561,2026-02-19 05:15:00.561,UTC-0300,hriiVjEkYE,,com.sec.android.app.shealth,2026-02-19 05:00:00.000,f150cffa-7d24-4f23-a582-8af0abdf7703,
63070031,2026-02-19 05:00:00.000,,12b3ae23-d79e-4ab4-a754-ae1575b53666.binning_data.json,63070031,2026-02-19 06:14:59.464,2026-02-19 06:14:59.464,UTC-0300,hriiVjEkYE,,com.sec.android.app.shealth,2026-02-19 06:00:00.000,12b3ae23-d79e-4ab4-a754-ae1575b53666,
63070031,2026-02-19 06:00:00.000,,ca518cf1-5048-4223-9ebf-15ded3b8750a.binning_data.json,63070031,2026-02-19 07:06:51.307,2026-02-19 07:06:51.307,UTC-0300,hriiVjEkYE,,com.sec.android.app.shealth,2026-02-19 07:00:00.000,ca518cf1-5048-4223-9ebf-15ded3b8750a,
63070031,2026-02-19 07:00:00.000,,b7afca9f-68b9-4486-b5e8-969c6e1f299d.binning_data.json,63070031,2026-02-19 08:15:00.170,2026-02-19 08:15:00.170,UTC-0300,hriiVjEkYE,,com.sec.android.app.shealth,2026-02-19 08:00:00.000,b7afca9f-68b9-4486-b5e8-969c6e1f299d,
63070031,2026-02-19 08:00:00.000,,1703b0df-a70a-44da-bbc0-f78f86da097f.binning_data.json,63070031,2026-02-19 09:14:59.199,2026-02-19 09:14:59.199,UTC-0300,hriiVjEkYE,,com.sec.android.app.shealth,2026-02-19 09:00:00.000,1703b0df-a70a-44da-bbc0-f78f86da097f,
63070031,2026-02-19 09:00:00.000,,60c64f3d-d36e-4fc4-86e0-28ed45afb96b.binning_data.json,63070031,2026-02-19 10:10:47.142,2026-02-19 10:10:47.142,UTC-0300,hriiVjEkYE,,com.sec.android.app.shealth,2026-02-19 10:00:00.000,60c64f3d-d36e-4fc4-86e0-28ed45afb96b,
63070031,2026-02-19 10:00:00.000,,db766be9-e5e2-421c-9c8b-983e8357bfe6.binning_data.json,63070031,2026-02-19 10:36:42.366,2026-02-19 10:36:42.366,UTC-0300,hriiVjEkYE,,com.sec.android.app.shealth,2026-02-19 10:36:42.290,db766be9-e5e2-421c-9c8b-983e8357bfe6,
63070031,2026-02-21 04:00:00.000,,71f16789-c6f1-4002-a5b8-0675296fce94.binning_data.json,63070031,2026-02-21 05:15:00.449,2026-02-21 05:15:00.449,UTC-0300,hriiVjEkYE,,com.sec.android.app.shealth,2026-02-21 05:00:00.000,71f16789-c6f1-4002-a5b8-0675296fce94,
63070031,2026-02-21 05:00:00.000,,48830e19-7664-467c-9cf3-95cd2b7961c6.binning_data.json,63070031,2026-02-21 06:06:05.290,2026-02-21 06:06:05.290,UTC-0300,hriiVjEkYE,,com.sec.android.app.shealth,2026-02-21 06:00:00.000,48830e19-7664-467c-9cf3-95cd2b7961c6,
63070031,2026-02-21 06:00:00.000,,e355216b-329e-495f-b52f-edc20bea4790.binning_data.json,63070031,2026-02-21 07:15:00.240,2026-02-21 07:15:00.240,UTC-0300,hriiVjEkYE,,com.sec.android.app.shealth,2026-02-21 07:00:00.000,e355216b-329e-495f-b52f-edc20bea4790,
63070031,2026-02-21 07:00:00.000,,c1775892-31e3-41d3-84c8-5b5c7601b0e8.binning_data.json,63070031,2026-02-21 08:14:59.267,2026-02-21 08:14:59.267,UTC-0300,hriiVjEkYE,,com.sec.android.app.shealth,2026-02-21 08:00:00.000,c1775892-31e3-41d3-84c8-5b5c7601b0e8,
63070031,2026-02-21 08:00:00.000,,bd9cd480-910b-4ec6-951e-2decbb506b2c.binning_data.json,63070031,2026-02-21 09:09:46.075,2026-02-21 09:09:46.075,UTC-0300,hriiVjEkYE,,com.sec.android.app.shealth,2026-02-21 09:00:00.000,bd9cd480-910b-4ec6-951e-2decbb506b2c,
63070031,2026-02-21 09:00:00.000,,096a58e7-123b-448f-b08b-a9fa8687150d.binning_data.json,63070031,2026-02-21 10:14:59.595,2026-02-21 10:14:59.595,UTC-0300,hriiVjEkYE,,com.sec.android.app.shealth,2026-02-21 10:00:00.000,096a58e7-123b-448f-b08b-a9fa8687150d,
63070031,2026-02-21 10:00:00.000,,d5672f6f-4683-4e9f-985f-b492b0c39f23.binning_data.json,63070031,2026-02-21 11:15:00.625,2026-02-21 11:15:00.625,UTC-0300,hriiVjEkYE,,com.sec.android.app.shealth,2026-02-21 11:00:00.000,d5672f6f-4683-4e9f-985f-b492b0c39f23,
63070031,2026-02-21 11:00:00.000,,b10f2381-a564-4d46-84ba-17bc7451d87a.binning_data.json,63070031,2026-02-21 12:13:10.191,2026-02-21 12:13:10.191,UTC-0300,hriiVjEkYE,,com.sec.android.app.shealth,2026-02-21 12:00:00.000,b10f2381-a564-4d46-84ba-17bc7451d87a,
63070031,2026-02-21 12:00:00.000,,0ef6e681-2818-42e6-865d-cec9907300ad.binning_data.json,63070031,2026-02-21 13:15:00.465,2026-02-21 13:15:00.465,UTC-0300,hriiVjEkYE,,com.sec.android.app.shealth,2026-02-21 13:00:00.000,0ef6e681-2818-42e6-865d-cec9907300ad,
63070031,2026-02-21 13:00:00.000,,6c2addce-a58b-49e5-8cd4-0107273b118d.binning_data.json,63070031,2026-02-21 13:41:40.276,2026-02-21 13:41:40.276,UTC-0300,hriiVjEkYE,,com.sec.android.app.shealth,2026-02-21 13:41:40.219,6c2addce-a58b-49e5-8cd4-0107273b118d,
63070031,2026-02-22 03:00:00.000,,59865bef-58f7-4ec2-8215-f6e57e8d1429.binning_data.json,63070031,2026-02-22 04:15:01.577,2026-02-22 04:15:01.577,UTC-0300,hriiVjEkYE,,com.sec.android.app.shealth,2026-02-22 04:00:00.000,59865bef-58f7-4ec2-8215-f6e57e8d1429,
63070031,2026-02-22 04:00:00.000,,f7c617df-a9b5-44a8-934d-5ce19ce3a1bd.binning_data.json,63070031,2026-02-22 05:15:00.404,2026-02-22 05:15:00.404,UTC-0300,hriiVjEkYE,,com.sec.android.app.shealth,2026-02-22 05:00:00.000,f7c617df-a9b5-44a8-934d-5ce19ce3a1bd,
63070031,2026-02-22 05:00:00.000,,f5650744-d37d-4d18-9d36-5c6b4ee455b8.binning_data.json,63070031,2026-02-22 06:15:01.265,2026-02-22 06:15:01.265,UTC-0300,hriiVjEkYE,,com.sec.android.app.shealth,2026-02-22 06:00:00.000,f5650744-d37d-4d18-9d36-5c6b4ee455b8,
63070031,2026-02-22 06:00:00.000,,6c3323f0-2055-4dda-ac0a-77f9694aff64.binning_data.json,63070031,2026-02-22 07:15:00.629,2026-02-22 07:15:00.629,UTC-0300,hriiVjEkYE,,com.sec.android.app.shealth,2026-02-22 07:00:00.000,6c3323f0-2055-4dda-ac0a-77f9694aff64,
63070031,2026-02-22 07:00:00.000,,d302ec79-c33d-44a0-b528-bae13ee69af1.binning_data.json,63070031,2026-02-22 08:15:00.462,2026-02-22 08:15:00.462,UTC-0300,hriiVjEkYE,,com.sec.android.app.shealth,2026-02-22 08:00:00.000,d302ec79-c33d-44a0-b528-bae13ee69af1,
63070031,2026-02-22 08:00:00.000,,69ad0d08-4128-42cc-9590-a5102f32f236.binning_data.json,63070031,2026-02-22 09:15:00.413,2026-02-22 09:15:00.413,UTC-0300,hriiVjEkYE,,com.sec.android.app.shealth,2026-02-22 09:00:00.000,69ad0d08-4128-42cc-9590-a5102f32f236,
63070031,2026-02-24 04:00:00.000,,a248622a-a800-40fb-a9fa-f7985b130420.binning_data.json,63070031,2026-02-24 05:15:00.086,2026-02-24 05:15:00.086,UTC-0300,hriiVjEkYE,,com.sec.android.app.shealth,2026-02-24 05:00:00.000,a248622a-a800-40fb-a9fa-f7985b130420,
63070031,2026-02-24 05:00:00.000,,e03610b6-08df-4560-9f43-95fdf93f52be.binning_data.json,63070031,2026-02-24 06:15:01.198,2026-02-24 06:15:01.198,UTC-0300,hriiVjEkYE,,com.sec.android.app.shealth,2026-02-24 06:00:00.000,e03610b6-08df-4560-9f43-95fdf93f52be,
63070031,2026-02-24 06:00:00.000,,9eb4dc8f-6a88-4616-a741-4e3b1e6abf93.binning_data.json,63070031,2026-02-24 07:16:49.172,2026-02-24 07:16:49.172,UTC-0300,hriiVjEkYE,,com.sec.android.app.shealth,2026-02-24 07:00:00.000,9eb4dc8f-6a88-4616-a741-4e3b1e6abf93,
63070031,2026-02-24 07:00:00.000,,90a9c28d-3a60-402a-9020-fc75154786c1.binning_data.json,63070031,2026-02-24 08:15:01.162,2026-02-24 08:15:01.162,UTC-0300,hriiVjEkYE,,com.sec.android.app.shealth,2026-02-24 08:00:00.000,90a9c28d-3a60-402a-9020-fc75154786c1,
63070031,2026-02-24 08:00:00.000,,99fc597f-1522-4e51-87bb-8e89eba0cbca.binning_data.json,63070031,2026-02-24 09:14:59.513,2026-02-24 09:14:59.513,UTC-0300,hriiVjEkYE,,com.sec.android.app.shealth,2026-02-24 09:00:00.000,99fc597f-1522-4e51-87bb-8e89eba0cbca,
63070031,2026-02-24 09:00:00.000,,ea18437c-72a0-44ac-87cc-bcf2a8dd1915.binning_data.json,63070031,2026-02-24 10:15:00.617,2026-02-24 10:15:00.617,UTC-0300,hriiVjEkYE,,com.sec.android.app.shealth,2026-02-24 10:00:00.000,ea18437c-72a0-44ac-87cc-bcf2a8dd1915,
63070031,2026-02-24 10:00:00.000,,3e0bc6ed-381c-4fad-90d3-bf5c6eca7444.binning_data.json,63070031,2026-02-24 11:07:49.963,2026-02-24 11:07:49.963,UTC-0300,hriiVjEkYE,,com.sec.android.app.shealth,2026-02-24 11:00:00.000,3e0bc6ed-381c-4fad-90d3-bf5c6eca7444,
63070031,2026-02-24 11:00:00.000,,f4341d75-7141-4fd1-9dfe-48c6c1742a41.binning_data.json,63070031,2026-02-24 12:07:02.121,2026-02-24 11:08:07.437,UTC-0300,hriiVjEkYE,,com.sec.android.app.shealth,2026-02-24 12:00:00.000,f4341d75-7141-4fd1-9dfe-48c6c1742a41,
63070031,2026-02-24 12:00:00.000,,d0e52c02-a2f8-4984-9819-9305e21936f7.binning_data.json,63070031,2026-02-24 12:14:28.538,2026-02-24 12:14:28.538,UTC-0300,hriiVjEkYE,,com.sec.android.app.shealth,2026-02-24 12:14:28.502,d0e52c02-a2f8-4984-9819-9305e21936f7,
63070031,2026-02-27 03:00:00.000,,2de759dc-a29a-41fd-b24d-88066bb551ae.binning_data.json,63070031,2026-02-27 04:05:41.255,2026-02-27 04:05:41.255,UTC-0300,hriiVjEkYE,,com.sec.android.app.shealth,2026-02-27 04:00:00.000,2de759dc-a29a-41fd-b24d-88066bb551ae,
63070031,2026-02-27 04:00:00.000,,221b90ef-6a9b-46c8-aa6a-c18c41ffd1c5.binning_data.json,63070031,2026-02-27 05:15:00.654,2026-02-27 05:15:00.654,UTC-0300,hriiVjEkYE,,com.sec.android.app.shealth,2026-02-27 05:00:00.000,221b90ef-6a9b-46c8-aa6a-c18c41ffd1c5,
63070031,2026-02-27 05:00:00.000,,d7f2a427-3adf-42a5-9d8c-c2b08e2c0b44.binning_data.json,63070031,2026-02-27 06:15:01.254,2026-02-27 06:15:01.254,UTC-0300,hriiVjEkYE,,com.sec.android.app.shealth,2026-02-27 06:00:00.000,d7f2a427-3adf-42a5-9d8c-c2b08e2c0b44,
63070031,2026-02-27 06:00:00.000,,747e7a06-de61-4672-8b0a-20c71d9ca2be.binning_data.json,63070031,2026-02-27 07:08:08.293,2026-02-27 07:08:08.293,UTC-0300,hriiVjEkYE,,com.sec.android.app.shealth,2026-02-27 07:00:00.000,747e7a06-de61-4672-8b0a-20c71d9ca2be,
63070031,2026-02-27 07:00:00.000,,96e76ac4-4565-4551-9b99-720c9a9bceb5.binning_data.json,63070031,2026-02-27 08:15:00.264,2026-02-27 08:15:00.264,UTC-0300,hriiVjEkYE,,com.sec.android.app.shealth,2026-02-27 08:00:00.000,96e76ac4-4565-4551-9b99-720c9a9bceb5,
63070031,2026-02-27 08:00:00.000,,e4f19a2f-11f6-4060-b19e-87f70e89ea00.binning_data.json,63070031,2026-02-27 09:15:00.294,2026-02-27 09:15:00.294,UTC-0300,hriiVjEkYE,,com.sec.android.app.shealth,2026-02-27 09:00:00.000,e4f19a2f-11f6-4060-b19e-87f70e89ea00,
63070031,2026-02-27 09:00:00.000,,6b7c1664-3fc2-4430-a486-772ccba2b40b.binning_data.json,63070031,2026-02-27 10:11:03.165,2026-02-27 10:11:03.165,UTC-0300,hriiVjEkYE,,com.sec.android.app.shealth,2026-02-27 10:00:00.000,6b7c1664-3fc2-4430-a486-772ccba2b40b,
63070031,2026-02-27 10:00:00.000,,7c13e142-3bdc-4431-b92a-355f4be5e957.binning_data.json,63070031,2026-02-27 11:04:23.267,2026-02-27 11:04:23.267,UTC-0300,hriiVjEkYE,,com.sec.android.app.shealth,2026-02-27 11:00:00.000,7c13e142-3bdc-4431-b92a-355f4be5e957,
63070031,2026-03-02 03:00:00.000,,34e2a46c-056b-4a58-ab89-d6c0ee489947.binning_data.json,63070031,2026-03-02 04:15:01.669,2026-03-02 04:15:01.669,UTC-0300,hriiVjEkYE,,com.sec.android.app.shealth,2026-03-02 04:00:00.000,34e2a46c-056b-4a58-ab89-d6c0ee489947,
63070031,2026-03-02 04:00:00.000,,28f2cb79-6e5a-49f2-b4af-da723edb6d3f.binning_data.json,63070031,2026-03-02 05:15:00.499,2026-03-02 05:15:00.499,UTC-0300,hriiVjEkYE,,com.sec.android.app.shealth,2026-03-02 05:00:00.000,28f2cb79-6e5a-49f2-b4af-da723edb6d3f,
63070031,2026-03-02 05:00:00.000,,f63ee2ae-bbf4-40d6-9f7a-641fe3cdb074.binning_data.json,63070031,2026-03-02 06:06:04.307,2026-03-02 06:06:04.307,UTC-0300,hriiVjEkYE,,com.sec.android.app.shealth,2026-03-02 06:00:00.000,f63ee2ae-bbf4-40d6-9f7a-641fe3cdb074,
63070031,2026-03-02 06:00:00.000,,b1034d68-ce94-4621-99d1-757569869104.binning_data.json,63070031,2026-03-02 07:15:00.355,2026-03-02 07:15:00.355,UTC-0300,hriiVjEkYE,,com.sec.android.app.shealth,2026-03-02 07:00:00.000,b1034d68-ce94-4621-99d1-757569869104,
63070031,2026-03-02 07:00:00.000,,5b7f5d61-9a7a-4f8c-9a02-66167c202da9.binning_data.json,63070031,2026-03-02 08:15:00.198,2026-03-02 08:15:00.198,UTC-0300,hriiVjEkYE,,com.sec.android.app.shealth,2026-03-02 08:00:00.000,5b7f5d61-9a7a-4f8c-9a02-66167c202da9,
63070031,2026-03-02 08:00:00.000,,9c531f4a-a871-4ac7-a1ec-913690745f7b.binning_data.json,63070031,2026-03-02 09:05:49.143,2026-03-02 09:05:49.143,UTC-0300,hriiVjEkYE,,com.sec.android.app.shealth,2026-03-02 09:00:00.000,9c531f4a-a871-4ac7-a1ec-913690745f7b,
63070031,2026-03-02 09:00:00.000,,7a56e38f-3097-422c-bc0b-685e490d8a45.binning_data.json,63070031,2026-03-02 10:10:53.232,2026-03-02 10:10:53.232,UTC-0300,hriiVjEkYE,,com.sec.android.app.shealth,2026-03-02 10:00:00.000,7a56e38f-3097-422c-bc0b-685e490d8a45,
63070031,2026-03-02 10:00:00.000,,5724cf49-f175-483a-99dc-2ee21f26d9f0.binning_data.json,63070031,2026-03-02 10:25:59.371,2026-03-02 10:25:59.371,UTC-0300,hriiVjEkYE,,com.sec.android.app.shealth,2026-03-02 10:25:59.045,5724cf49-f175-483a-99dc-2ee21f26d9f0,
63070031,2026-03-04 03:00:00.000,,64bdac7d-55e3-4c26-bf09-ba71e8a8c4ad.binning_data.json,63070031,2026-03-04 04:05:58.309,2026-03-04 04:05:58.309,UTC-0300,hriiVjEkYE,,com.sec.android.app.shealth,2026-03-04 04:00:00.000,64bdac7d-55e3-4c26-bf09-ba71e8a8c4ad,
63070031,2026-03-04 04:00:00.000,,15a90a00-b92b-4297-9e8e-8338c2c6f448.binning_data.json,63070031,2026-03-04 05:15:00.526,2026-03-04 05:15:00.526,UTC-0300,hriiVjEkYE,,com.sec.android.app.shealth,2026-03-04 05:00:00.000,15a90a00-b92b-4297-9e8e-8338c2c6f448,
63070031,2026-03-04 05:00:00.000,,ad2fa1d2-979f-45e9-9ff0-fee738786a8d.binning_data.json,63070031,2026-03-04 06:15:00.562,2026-03-04 06:15:00.562,UTC-0300,hriiVjEkYE,,com.sec.android.app.shealth,2026-03-04 06:00:00.000,ad2fa1d2-979f-45e9-9ff0-fee738786a8d,
63070031,2026-03-04 06:00:00.000,,565e4707-1557-4e2e-93a6-2cdb2762e48b.binning_data.json,63070031,2026-03-04 07:15:01.217,2026-03-04 07:15:01.217,UTC-0300,hriiVjEkYE,,com.sec.android.app.shealth,2026-03-04 07:00:00.000,565e4707-1557-4e2e-93a6-2cdb2762e48b,
63070031,2026-03-04 07:00:00.000,,f6b3fba7-1a87-4db0-9774-787e72f84dc7.binning_data.json,63070031,2026-03-04 08:15:01.174,2026-03-04 08:15:01.174,UTC-0300,hriiVjEkYE,,com.sec.android.app.shealth,2026-03-04 08:00:00.000,f6b3fba7-1a87-4db0-9774-787e72f84dc7,
63070031,2026-03-04 08:00:00.000,,96caf65e-7597-4fb8-b651-1fd0de4516bd.binning_data.json,63070031,2026-03-04 09:15:00.247,2026-03-04 09:15:00.247,UTC-0300,hriiVjEkYE,,com.sec.android.app.shealth,2026-03-04 09:00:00.000,96caf65e-7597-4fb8-b651-1fd0de4516bd,
63070031,2026-03-04 09:00:00.000,,bb44d994-5b61-4e6a-a131-143a453dad65.binning_data.json,63070031,2026-03-04 10:10:10.306,2026-03-04 10:10:10.306,UTC-0300,hriiVjEkYE,,com.sec.android.app.shealth,2026-03-04 10:00:00.000,bb44d994-5b61-4e6a-a131-143a453dad65,
63070031,2026-03-04 10:00:00.000,,4a3f6ae7-852e-46c3-a0b7-96c8fb29f7f0.binning_data.json,63070031,2026-03-04 10:35:10.295,2026-03-04 10:35:10.295,UTC-0300,hriiVjEkYE,,com.sec.android.app.shealth,2026-03-04 10:35:10.241,4a3f6ae7-852e-46c3-a0b7-96c8fb29f7f0,
63070031,2026-03-07 03:00:00.000,,2da043b5-f92f-451d-9d39-247fe529e499.binning_data.json,63070031,2026-03-07 04:15:01.301,2026-03-07 04:15:01.301,UTC-0300,hriiVjEkYE,,com.sec.android.app.shealth,2026-03-07 04:00:00.000,2da043b5-f92f-451d-9d39-247fe529e499,
63070031,2026-03-07 04:00:00.000,,dba73b5c-1bbe-4ab4-8ce8-db142d02da42.binning_data.json,63070031,2026-03-07 05:15:01.229,2026-03-07 05:15:01.229,UTC-0300,hriiVjEkYE,,com.sec.android.app.shealth,2026-03-07 05:00:00.000,dba73b5c-1bbe-4ab4-8ce8-db142d02da42,
63070031,2026-03-07 05:00:00.000,,2c14fe31-7ae2-477c-a13f-7da9fdb012a3.binning_data.json,63070031,2026-03-07 06:07:33.282,2026-03-07 06:07:33.282,UTC-0300,hriiVjEkYE,,com.sec.android.app.shealth,2026-03-07 06:00:00.000,2c14fe31-7ae2-477c-a13f-7da9fdb012a3,
63070031,2026-03-07 06:00:00.000,,532034e7-032a-4718-9d69-b7146a0bf71a.binning_data.json,63070031,2026-03-07 07:15:00.596,2026-03-07 07:15:00.596,UTC-0300,hriiVjEkYE,,com.sec.android.app.shealth,2026-03-07 07:00:00.000,532034e7-032a-4718-9d69-b7146a0bf71a,
63070031,2026-03-07 07:00:00.000,,0517501b-00c7-45fc-a9d1-dec61f8fd1bf.binning_data.json,63070031,2026-03-07 08:15:01.215,2026-03-07 08:15:01.215,UTC-0300,hriiVjEkYE,,com.sec.android.app.shealth,2026-03-07 08:00:00.000,0517501b-00c7-45fc-a9d1-dec61f8fd1bf,
63070031,2026-03-07 08:00:00.000,,c79de462-d44e-452f-abd8-a6a3fee8dfea.binning_data.json,63070031,2026-03-07 09:06:24.409,2026-03-07 09:06:24.409,UTC-0300,hriiVjEkYE,,com.sec.android.app.shealth,2026-03-07 09:00:00.000,c79de462-d44e-452f-abd8-a6a3fee8dfea,
63070031,2026-03-07 09:00:00.000,,186ea62d-9c04-4e72-aceb-25f7b8349f59.binning_data.json,63070031,2026-03-07 10:15:00.597,2026-03-07 10:15:00.597,UTC-0300,hriiVjEkYE,,com.sec.android.app.shealth,2026-03-07 10:00:00.000,186ea62d-9c04-4e72-aceb-25f7b8349f59,
63070031,2026-03-07 10:00:00.000,,0647cf7d-6b48-484e-9f56-d70aec1436fd.binning_data.json,63070031,2026-03-07 11:15:01.203,2026-03-07 11:15:01.203,UTC-0300,hriiVjEkYE,,com.sec.android.app.shealth,2026-03-07 11:00:00.000,0647cf7d-6b48-484e-9f56-d70aec1436fd,
63070031,2026-03-07 11:00:00.000,,e4c6a401-8988-4621-bf84-d8e8fdee827f.binning_data.json,63070031,2026-03-07 12:15:00.583,2026-03-07 12:15:00.583,UTC-0300,hriiVjEkYE,,com.sec.android.app.shealth,2026-03-07 12:00:00.000,e4c6a401-8988-4621-bf84-d8e8fdee827f,
63070031,2026-03-07 12:00:00.000,,963418b0-3659-4866-b7dc-bf2538790073.binning_data.json,63070031,2026-03-07 13:01:56.975,2026-03-07 13:01:56.975,UTC-0300,hriiVjEkYE,,com.sec.android.app.shealth,2026-03-07 13:00:00.000,963418b0-3659-4866-b7dc-bf2538790073,
63070031,2026-03-10 04:00:00.000,,7832608d-4131-45c4-952e-8e4a1f6420b9.binning_data.json,63070031,2026-03-10 05:15:01.225,2026-03-10 05:15:01.225,UTC-0300,hriiVjEkYE,,com.sec.android.app.shealth,2026-03-10 05:00:00.000,7832608d-4131-45c4-952e-8e4a1f6420b9,
63070031,2026-03-10 05:00:00.000,,02fd9692-8e86-449d-b31b-828086d3dfa8.binning_data.json,63070031,2026-03-10 06:15:00.416,2026-03-10 06:15:00.416,UTC-0300,hriiVjEkYE,,com.sec.android.app.shealth,2026-03-10 06:00:00.000,02fd9692-8e86-449d-b31b-828086d3dfa8,
63070031,2026-03-10 06:00:00.000,,bb3d24b0-243e-4d7e-9a31-1a7ae52c84f1.binning_data.json,63070031,2026-03-10 07:15:01.224,2026-03-10 07:15:01.224,UTC-0300,hriiVjEkYE,,com.sec.android.app.shealth,2026-03-10 07:00:00.000,bb3d24b0-243e-4d7e-9a31-1a7ae52c84f1,
63070031,2026-03-10 07:00:00.000,,cf5e78b3-7525-451f-8b13-a4b9b9244dc2.binning_data.json,63070031,2026-03-10 08:15:01.645,2026-03-10 08:15:01.645,UTC-0300,hriiVjEkYE,,com.sec.android.app.shealth,2026-03-10 08:00:00.000,cf5e78b3-7525-451f-8b13-a4b9b9244dc2,
63070031,2026-03-10 08:00:00.000,,654024b6-2dc7-4ad9-849f-5d76d0e061c4.binning_data.json,63070031,2026-03-10 09:15:00.420,2026-03-10 09:15:00.420,UTC-0300,hriiVjEkYE,,com.sec.android.app.shealth,2026-03-10 09:00:00.000,654024b6-2dc7-4ad9-849f-5d76d0e061c4,
63070031,2026-03-10 09:00:00.000,,b6879989-9cbf-4e4c-9487-d86818d44c43.binning_data.json,63070031,2026-03-10 10:05:09.005,2026-03-10 10:05:09.005,UTC-0300,hriiVjEkYE,,com.sec.android.app.shealth,2026-03-10 10:00:00.000,b6879989-9cbf-4e4c-9487-d86818d44c43,
63070031,2026-03-10 10:00:00.000,,8721ac92-c401-46ab-a612-b06e92b7884d.binning_data.json,63070031,2026-03-10 10:33:51.298,2026-03-10 10:33:51.298,UTC-0300,hriiVjEkYE,,com.sec.android.app.shealth,2026-03-10 10:33:51.258,8721ac92-c401-46ab-a612-b06e92b7884d,
63100571,2026-03-11 04:00:00.000,,18a04c56-d3e7-403c-a6d5-9c49db4de393.binning_data.json,63100571,2026-03-11 05:15:01.268,2026-03-11 05:15:01.268,UTC-0300,hriiVjEkYE,,com.sec.android.app.shealth,2026-03-11 05:00:00.000,18a04c56-d3e7-403c-a6d5-9c49db4de393,
63100571,2026-03-11 05:00:00.000,,754c6b81-7745-43fd-b3f6-ddd50ccbdece.binning_data.json,63100571,2026-03-11 06:15:00.187,2026-03-11 06:15:00.187,UTC-0300,hriiVjEkYE,,com.sec.android.app.shealth,2026-03-11 06:00:00.000,754c6b81-7745-43fd-b3f6-ddd50ccbdece,
63100571,2026-03-12 03:00:00.000,,a1422ab4-0fd6-431a-a4b6-abfd8e2da8d4.binning_data.json,63100571,2026-03-12 04:15:01.257,2026-03-12 04:15:01.257,UTC-0300,hriiVjEkYE,,com.sec.android.app.shealth,2026-03-12 04:00:00.000,a1422ab4-0fd6-431a-a4b6-abfd8e2da8d4,
63100571,2026-03-12 04:00:00.000,,5f9e1d40-6062-4b2a-9cd8-58bad8b8d69a.binning_data.json,63100571,2026-03-12 05:15:01.215,2026-03-12 05:15:01.215,UTC-0300,hriiVjEkYE,,com.sec.android.app.shealth,2026-03-12 05:00:00.000,5f9e1d40-6062-4b2a-9cd8-58bad8b8d69a,
63100571,2026-03-12 05:00:00.000,,148b8089-c9eb-4a43-819d-c828adcaa5d0.binning_data.json,63100571,2026-03-12 06:15:00.183,2026-03-12 06:15:00.183,UTC-0300,hriiVjEkYE,,com.sec.android.app.shealth,2026-03-12 06:00:00.000,148b8089-c9eb-4a43-819d-c828adcaa5d0,
63100571,2026-03-12 06:00:00.000,,9de54712-9fbe-4fd4-9533-4cca2813db66.binning_data.json,63100571,2026-03-12 07:15:02.207,2026-03-12 07:15:02.207,UTC-0300,hriiVjEkYE,,com.sec.android.app.shealth,2026-03-12 07:00:00.000,9de54712-9fbe-4fd4-9533-4cca2813db66,
63100571,2026-03-12 07:00:00.000,,2e2db08e-40fd-48d6-a30a-cc3f1d552f7b.binning_data.json,63100571,2026-03-12 08:15:01.206,2026-03-12 08:15:01.206,UTC-0300,hriiVjEkYE,,com.sec.android.app.shealth,2026-03-12 08:00:00.000,2e2db08e-40fd-48d6-a30a-cc3f1d552f7b,
63100571,2026-03-12 08:00:00.000,,257ae8bf-7ee4-4b83-b5b5-d8abf294ba4f.binning_data.json,63100571,2026-03-12 09:15:01.456,2026-03-12 09:15:01.456,UTC-0300,hriiVjEkYE,,com.sec.android.app.shealth,2026-03-12 09:00:00.000,257ae8bf-7ee4-4b83-b5b5-d8abf294ba4f,
63100571,2026-03-12 09:00:00.000,,03fee69c-f6b2-4823-8436-58eaa82206f2.binning_data.json,63100571,2026-03-12 10:14:59.285,2026-03-12 10:14:59.285,UTC-0300,hriiVjEkYE,,com.sec.android.app.shealth,2026-03-12 10:00:00.000,03fee69c-f6b2-4823-8436-58eaa82206f2,
63100571,2026-03-12 10:00:00.000,,2c0efbe5-2105-4a61-ad30-8ba9bb47478f.binning_data.json,63100571,2026-03-12 10:30:37.979,2026-03-12 10:30:37.979,UTC-0300,hriiVjEkYE,,com.sec.android.app.shealth,2026-03-12 10:30:37.926,2c0efbe5-2105-4a61-ad30-8ba9bb47478f,
63100571,2026-03-13 04:00:00.000,,a667de76-350e-4d11-b19d-f298c815b4e6.binning_data.json,63100571,2026-03-13 05:15:00.649,2026-03-13 05:15:00.649,UTC-0300,hriiVjEkYE,,com.sec.android.app.shealth,2026-03-13 05:00:00.000,a667de76-350e-4d11-b19d-f298c815b4e6,
63100571,2026-03-13 05:00:00.000,,df275a54-c65e-4175-b1a1-ded6d4ae33ea.binning_data.json,63100571,2026-03-13 06:15:00.577,2026-03-13 06:15:00.577,UTC-0300,hriiVjEkYE,,com.sec.android.app.shealth,2026-03-13 06:00:00.000,df275a54-c65e-4175-b1a1-ded6d4ae33ea,
63100571,2026-03-13 06:00:00.000,,e235dc40-083a-4a17-9aad-cfd265808edf.binning_data.json,63100571,2026-03-13 07:09:36.107,2026-03-13 07:09:36.107,UTC-0300,hriiVjEkYE,,com.sec.android.app.shealth,2026-03-13 07:00:00.000,e235dc40-083a-4a17-9aad-cfd265808edf,
63100571,2026-03-13 07:00:00.000,,1c2aab88-0eb6-4cae-9e10-61359ea0e901.binning_data.json,63100571,2026-03-13 08:15:00.302,2026-03-13 08:15:00.302,UTC-0300,hriiVjEkYE,,com.sec.android.app.shealth,2026-03-13 08:00:00.000,1c2aab88-0eb6-4cae-9e10-61359ea0e901,
63100571,2026-03-13 08:00:00.000,,b1d9ec6e-b355-4502-a0e0-1011417d459b.binning_data.json,63100571,2026-03-13 09:15:00.584,2026-03-13 09:15:00.584,UTC-0300,hriiVjEkYE,,com.sec.android.app.shealth,2026-03-13 09:00:00.000,b1d9ec6e-b355-4502-a0e0-1011417d459b,
63100571,2026-03-13 09:00:00.000,,22994d6b-7ac5-4946-997f-c964bab855e1.binning_data.json,63100571,2026-03-13 10:05:05.493,2026-03-13 10:05:05.493,UTC-0300,hriiVjEkYE,,com.sec.android.app.shealth,2026-03-13 10:00:00.000,22994d6b-7ac5-4946-997f-c964bab855e1,
63100571,2026-03-13 10:00:00.000,,3d126e0a-df45-4608-8ef7-a51904d8ce15.binning_data.json,63100571,2026-03-13 10:25:50.623,2026-03-13 10:25:50.623,UTC-0300,hriiVjEkYE,,com.sec.android.app.shealth,2026-03-13 10:25:50.557,3d126e0a-df45-4608-8ef7-a51904d8ce15,
63110011,2026-03-21 04:00:00.000,,fedfef19-aef8-40e9-82e4-64afed13d1d5.binning_data.json,63110011,2026-03-21 05:06:37.263,2026-03-21 05:06:37.263,UTC-0300,hriiVjEkYE,,com.sec.android.app.shealth,2026-03-21 05:00:00.000,fedfef19-aef8-40e9-82e4-64afed13d1d5,
63110011,2026-03-21 05:00:00.000,,f4dbe4db-3299-48a7-b3db-b62a3f0cffcf.binning_data.json,63110011,2026-03-21 06:15:01.212,2026-03-21 06:15:01.212,UTC-0300,hriiVjEkYE,,com.sec.android.app.shealth,2026-03-21 06:00:00.000,f4dbe4db-3299-48a7-b3db-b62a3f0cffcf,
63110011,2026-03-21 06:00:00.000,,22bbb694-0bb7-425e-94eb-5cc2ed95bfe7.binning_data.json,63110011,2026-03-21 07:15:01.226,2026-03-21 07:15:01.226,UTC-0300,hriiVjEkYE,,com.sec.android.app.shealth,2026-03-21 07:00:00.000,22bbb694-0bb7-425e-94eb-5cc2ed95bfe7,
63110011,2026-03-21 07:00:00.000,,0c7c9fd6-501a-494c-bead-c779cc1e1bca.binning_data.json,63110011,2026-03-21 08:15:01.193,2026-03-21 08:15:01.193,UTC-0300,hriiVjEkYE,,com.sec.android.app.shealth,2026-03-21 08:00:00.000,0c7c9fd6-501a-494c-bead-c779cc1e1bca,
63110011,2026-03-21 08:00:00.000,,c5abfab0-ffb2-4896-b811-5176279ba0f9.binning_data.json,63110011,2026-03-21 09:15:00.381,2026-03-21 09:15:00.381,UTC-0300,hriiVjEkYE,,com.sec.android.app.shealth,2026-03-21 09:00:00.000,c5abfab0-ffb2-4896-b811-5176279ba0f9,
63110011,2026-03-21 09:00:00.000,,9f262016-7ed5-42f8-9b19-3dc4dd9c3a37.binning_data.json,63110011,2026-03-21 10:15:02.237,2026-03-21 10:15:02.237,UTC-0300,hriiVjEkYE,,com.sec.android.app.shealth,2026-03-21 10:00:00.000,9f262016-7ed5-42f8-9b19-3dc4dd9c3a37,
63110011,2026-03-21 10:00:00.000,,cf6ef1cf-bd62-4eea-b919-d5ba1404a7e9.binning_data.json,63110011,2026-03-21 11:06:34.859,2026-03-21 11:06:34.859,UTC-0300,hriiVjEkYE,,com.sec.android.app.shealth,2026-03-21 11:00:00.000,cf6ef1cf-bd62-4eea-b919-d5ba1404a7e9,
63110011,2026-03-21 11:00:00.000,,ed08348a-49d2-460a-8aa7-71c4c716f409.binning_data.json,63110011,2026-03-21 11:15:33.213,2026-03-21 11:15:33.213,UTC-0300,hriiVjEkYE,,com.sec.android.app.shealth,2026-03-21 11:15:33.179,ed08348a-49d2-460a-8aa7-71c4c716f409,
63110011,2026-03-24 03:00:00.000,,970e4536-2f1c-4a2b-bdb2-1612e9ac332e.binning_data.json,63110011,2026-03-24 04:15:00.228,2026-03-24 04:15:00.228,UTC-0300,hriiVjEkYE,,com.sec.android.app.shealth,2026-03-24 04:00:00.000,970e4536-2f1c-4a2b-bdb2-1612e9ac332e,
63110011,2026-03-24 04:00:00.000,,f176f056-33c8-401e-937e-25cfd0fbdcd4.binning_data.json,63110011,2026-03-24 05:15:00.204,2026-03-24 05:15:00.204,UTC-0300,hriiVjEkYE,,com.sec.android.app.shealth,2026-03-24 05:00:00.000,f176f056-33c8-401e-937e-25cfd0fbdcd4,
63110011,2026-03-24 05:00:00.000,,acf0075e-c88a-4e11-8908-d57c39f5541b.binning_data.json,63110011,2026-03-24 06:15:01.199,2026-03-24 06:15:01.199,UTC-0300,hriiVjEkYE,,com.sec.android.app.shealth,2026-03-24 06:00:00.000,acf0075e-c88a-4e11-8908-d57c39f5541b,
63110011,2026-03-24 06:00:00.000,,d2571722-cc03-4ff3-b3b3-6f8fb0d25ea2.binning_data.json,63110011,2026-03-24 07:15:01.222,2026-03-24 07:15:01.222,UTC-0300,hriiVjEkYE,,com.sec.android.app.shealth,2026-03-24 07:00:00.000,d2571722-cc03-4ff3-b3b3-6f8fb0d25ea2,
63110011,2026-03-24 07:00:00.000,,e0ba64d8-d816-4ae8-90ab-ca9552f4fe21.binning_data.json,63110011,2026-03-24 08:15:00.606,2026-03-24 08:15:00.606,UTC-0300,hriiVjEkYE,,com.sec.android.app.shealth,2026-03-24 08:00:00.000,e0ba64d8-d816-4ae8-90ab-ca9552f4fe21,
63110011,2026-03-24 08:00:00.000,,6885baf5-7d9f-449f-b10c-22fc82357469.binning_data.json,63110011,2026-03-24 09:15:00.614,2026-03-24 09:15:00.614,UTC-0300,hriiVjEkYE,,com.sec.android.app.shealth,2026-03-24 09:00:00.000,6885baf5-7d9f-449f-b10c-22fc82357469,
63110011,2026-03-24 09:00:00.000,,b292ae50-c148-4341-b271-0003bfd138cc.binning_data.json,63110011,2026-03-24 10:15:00.467,2026-03-24 10:15:00.467,UTC-0300,hriiVjEkYE,,com.sec.android.app.shealth,2026-03-24 10:00:00.000,b292ae50-c148-4341-b271-0003bfd138cc,
63110011,2026-03-24 10:00:00.000,,90661d46-4917-4486-ac53-0346f6cb47f4.binning_data.json,63110011,2026-03-24 11:08:43.119,2026-03-24 11:08:43.119,UTC-0300,hriiVjEkYE,,com.sec.android.app.shealth,2026-03-24 11:00:00.000,90661d46-4917-4486-ac53-0346f6cb47f4,
63110011,2026-03-24 11:00:00.000,,f90764f7-b8ea-47e1-97d7-77b1f238bf8e.binning_data.json,63110011,2026-03-24 11:46:17.321,2026-03-24 11:46:17.321,UTC-0300,hriiVjEkYE,,com.sec.android.app.shealth,2026-03-24 11:46:17.256,f90764f7-b8ea-47e1-97d7-77b1f238bf8e,
63110011,2026-03-28 03:00:00.000,,9c7ccab9-1d77-43f6-a2ea-ff447cd4da47.binning_data.json,63110011,2026-03-28 04:06:10.299,2026-03-28 04:06:10.299,UTC-0300,hriiVjEkYE,,com.sec.android.app.shealth,2026-03-28 04:00:00.000,9c7ccab9-1d77-43f6-a2ea-ff447cd4da47,
63110011,2026-03-28 04:00:00.000,,d79f09ee-2ca0-4183-948c-75ab76bf7d52.binning_data.json,63110011,2026-03-28 05:15:01.249,2026-03-28 05:15:01.249,UTC-0300,hriiVjEkYE,,com.sec.android.app.shealth,2026-03-28 05:00:00.000,d79f09ee-2ca0-4183-948c-75ab76bf7d52,
63110011,2026-03-28 05:00:00.000,,f3731e40-ccac-495d-96b6-c533d5932940.binning_data.json,63110011,2026-03-28 06:15:01.271,2026-03-28 06:15:01.271,UTC-0300,hriiVjEkYE,,com.sec.android.app.shealth,2026-03-28 06:00:00.000,f3731e40-ccac-495d-96b6-c533d5932940,
63110011,2026-03-28 06:00:00.000,,e32cc690-115a-4210-a4d0-2204263182ab.binning_data.json,63110011,2026-03-28 07:05:21.501,2026-03-28 07:05:21.501,UTC-0300,hriiVjEkYE,,com.sec.android.app.shealth,2026-03-28 07:00:00.000,e32cc690-115a-4210-a4d0-2204263182ab,
63110011,2026-03-28 07:00:00.000,,ec85354e-fe87-4666-90ac-f464203204e0.binning_data.json,63110011,2026-03-28 08:15:02.224,2026-03-28 08:15:02.224,UTC-0300,hriiVjEkYE,,com.sec.android.app.shealth,2026-03-28 08:00:00.000,ec85354e-fe87-4666-90ac-f464203204e0,
63110011,2026-03-28 08:00:00.000,,4aaf3d16-1705-4183-ac72-942c8fffbc6c.binning_data.json,63110011,2026-03-28 09:15:02.160,2026-03-28 09:15:02.160,UTC-0300,hriiVjEkYE,,com.sec.android.app.shealth,2026-03-28 09:00:00.000,4aaf3d16-1705-4183-ac72-942c8fffbc6c,
63110011,2026-03-28 09:00:00.000,,eb86e7d3-ede8-4929-9955-47edec41d3fd.binning_data.json,63110011,2026-03-28 10:05:04.414,2026-03-28 10:05:04.414,UTC-0300,hriiVjEkYE,,com.sec.android.app.shealth,2026-03-28 10:00:00.000,eb86e7d3-ede8-4929-9955-47edec41d3fd,
63110011,2026-03-28 10:00:00.000,,b8cc8a69-4d95-483f-8b11-20f56e66551f.binning_data.json,63110011,2026-03-28 11:10:43.232,2026-03-28 11:10:43.232,UTC-0300,hriiVjEkYE,,com.sec.android.app.shealth,2026-03-28 11:00:00.000,b8cc8a69-4d95-483f-8b11-20f56e66551f,
63110011,2026-03-28 11:00:00.000,,1e1a90ae-8096-4cb5-8343-d1ccabf5eef0.binning_data.json,63110011,2026-03-28 12:12:12.253,2026-03-28 12:12:12.253,UTC-0300,hriiVjEkYE,,com.sec.android.app.shealth,2026-03-28 12:00:00.000,1e1a90ae-8096-4cb5-8343-d1ccabf5eef0,
63110011,2026-03-28 12:00:00.000,,3e0e9b82-5108-42fa-a55c-1c94a3cdc6d5.binning_data.json,63110011,2026-03-28 12:13:49.445,2026-03-28 12:13:49.445,UTC-0300,hriiVjEkYE,,com.sec.android.app.shealth,2026-03-28 12:13:49.411,3e0e9b82-5108-42fa-a55c-1c94a3cdc6d5,
63110011,2026-03-29 04:00:00.000,,06b7f8f6-b11f-44b2-9512-81defd7ee840.binning_data.json,63110011,2026-03-29 05:06:44.244,2026-03-29 05:06:44.244,UTC-0300,hriiVjEkYE,,com.sec.android.app.shealth,2026-03-29 05:00:00.000,06b7f8f6-b11f-44b2-9512-81defd7ee840,
63110011,2026-03-29 05:00:00.000,,77e5bdc0-cd48-4ae1-8203-faba6429d070.binning_data.json,63110011,2026-03-29 06:15:00.469,2026-03-29 06:15:00.469,UTC-0300,hriiVjEkYE,,com.sec.android.app.shealth,2026-03-29 06:00:00.000,77e5bdc0-cd48-4ae1-8203-faba6429d070,
63110011,2026-03-29 06:00:00.000,,96cf6f0c-d386-4d1f-a4b7-449e3a56fe67.binning_data.json,63110011,2026-03-29 07:15:00.702,2026-03-29 07:15:00.702,UTC-0300,hriiVjEkYE,,com.sec.android.app.shealth,2026-03-29 07:00:00.000,96cf6f0c-d386-4d1f-a4b7-449e3a56fe67,
63110011,2026-03-29 07:00:00.000,,d980d4e5-c5b9-4e32-af4b-cb3f0cefb055.binning_data.json,63110011,2026-03-29 08:07:20.306,2026-03-29 08:07:20.306,UTC-0300,hriiVjEkYE,,com.sec.android.app.shealth,2026-03-29 08:00:00.000,d980d4e5-c5b9-4e32-af4b-cb3f0cefb055,
63110011,2026-03-29 08:00:00.000,,434ae8da-dd49-4fab-8e84-ebbd3b8a4fb6.binning_data.json,63110011,2026-03-29 09:15:00.596,2026-03-29 09:15:00.596,UTC-0300,hriiVjEkYE,,com.sec.android.app.shealth,2026-03-29 09:00:00.000,434ae8da-dd49-4fab-8e84-ebbd3b8a4fb6,
63110011,2026-03-29 09:00:00.000,,69a9fd06-db8d-42a8-8997-10be08fbca2a.binning_data.json,63110011,2026-03-29 10:05:10.189,2026-03-29 10:05:10.189,UTC-0300,hriiVjEkYE,,com.sec.android.app.shealth,2026-03-29 10:00:00.000,69a9fd06-db8d-42a8-8997-10be08fbca2a,
63110011,2026-03-30 04:00:00.000,,0400cb5e-da3c-4d5c-bcee-5eb932f1a1cb.binning_data.json,63110011,2026-03-30 05:15:08.084,2026-03-30 05:15:08.084,UTC-0300,hriiVjEkYE,,com.sec.android.app.shealth,2026-03-30 05:00:00.000,0400cb5e-da3c-4d5c-bcee-5eb932f1a1cb,
63110011,2026-03-30 05:00:00.000,,3bb08ba3-c2a0-4056-b9eb-4f06093a98c3.binning_data.json,63110011,2026-03-30 06:15:00.570,2026-03-30 06:15:00.570,UTC-0300,hriiVjEkYE,,com.sec.android.app.shealth,2026-03-30 06:00:00.000,3bb08ba3-c2a0-4056-b9eb-4f06093a98c3,
63110011,2026-03-30 06:00:00.000,,b1a4d8c0-cf64-4394-ab55-a4eeb87802fe.binning_data.json,63110011,2026-03-30 07:15:00.238,2026-03-30 07:15:00.238,UTC-0300,hriiVjEkYE,,com.sec.android.app.shealth,2026-03-30 07:00:00.000,b1a4d8c0-cf64-4394-ab55-a4eeb87802fe,
63110011,2026-03-30 07:00:00.000,,add4ac4a-9a24-41db-9c37-e3bd8bd6c44e.binning_data.json,63110011,2026-03-30 08:14:59.581,2026-03-30 08:14:59.581,UTC-0300,hriiVjEkYE,,com.sec.android.app.shealth,2026-03-30 08:00:00.000,add4ac4a-9a24-41db-9c37-e3bd8bd6c44e,
63110011,2026-03-30 08:00:00.000,,c4e9ce4a-6c5a-41b8-a6da-f7350f06e9cb.binning_data.json,63110011,2026-03-30 09:15:00.213,2026-03-30 09:15:00.213,UTC-0300,hriiVjEkYE,,com.sec.android.app.shealth,2026-03-30 09:00:00.000,c4e9ce4a-6c5a-41b8-a6da-f7350f06e9cb,
63110011,2026-03-30 09:00:00.000,,9ed8889f-e9f9-43a9-858f-e97eb6aa7c62.binning_data.json,63110011,2026-03-30 10:15:01.597,2026-03-30 10:15:01.597,UTC-0300,hriiVjEkYE,,com.sec.android.app.shealth,2026-03-30 10:00:00.000,9ed8889f-e9f9-43a9-858f-e97eb6aa7c62,
63110011,2026-03-30 10:00:00.000,,0292dae7-e4f1-40ef-81a5-f82313c23e89.binning_data.json,63110011,2026-03-30 10:39:57.081,2026-03-30 10:39:57.081,UTC-0300,hriiVjEkYE,,com.sec.android.app.shealth,2026-03-30 10:39:56.957,0292dae7-e4f1-40ef-81a5-f82313c23e89,
63110011,2026-03-31 04:00:00.000,,1e133de8-e497-4cce-baa2-417dae2cfe08.binning_data.json,63110011,2026-03-31 05:14:59.398,2026-03-31 05:14:59.398,UTC-0300,hriiVjEkYE,,com.sec.android.app.shealth,2026-03-31 05:00:00.000,1e133de8-e497-4cce-baa2-417dae2cfe08,
63110011,2026-03-31 05:00:00.000,,f0826d9c-18bc-4c31-b623-9e1df9be33de.binning_data.json,63110011,2026-03-31 06:05:29.322,2026-03-31 06:05:29.322,UTC-0300,hriiVjEkYE,,com.sec.android.app.shealth,2026-03-31 06:00:00.000,f0826d9c-18bc-4c31-b623-9e1df9be33de,
63110011,2026-03-31 06:00:00.000,,2d6a4696-58d6-46d5-a356-c6ce2279cb38.binning_data.json,63110011,2026-03-31 07:15:00.188,2026-03-31 07:15:00.188,UTC-0300,hriiVjEkYE,,com.sec.android.app.shealth,2026-03-31 07:00:00.000,2d6a4696-58d6-46d5-a356-c6ce2279cb38,
63110011,2026-03-31 07:00:00.000,,8d5234f2-9471-44e0-bd60-6fdc21265bd1.binning_data.json,63110011,2026-03-31 08:15:00.178,2026-03-31 08:15:00.178,UTC-0300,hriiVjEkYE,,com.sec.android.app.shealth,2026-03-31 08:00:00.000,8d5234f2-9471-44e0-bd60-6fdc21265bd1,
63110011,2026-03-31 08:00:00.000,,d1f729ff-7cac-496b-a9d7-3580c8ad7fa7.binning_data.json,63110011,2026-03-31 09:05:28.272,2026-03-31 09:05:28.272,UTC-0300,hriiVjEkYE,,com.sec.android.app.shealth,2026-03-31 09:00:00.000,d1f729ff-7cac-496b-a9d7-3580c8ad7fa7,
63110011,2026-03-31 09:00:00.000,,2ee1776c-fc70-4aed-b212-5451cddfd52e.binning_data.json,63110011,2026-03-31 10:15:01.613,2026-03-31 10:15:01.613,UTC-0300,hriiVjEkYE,,com.sec.android.app.shealth,2026-03-31 10:00:00.000,2ee1776c-fc70-4aed-b212-5451cddfd52e,
63110011,2026-03-31 10:00:00.000,,048a73f7-a9d8-44b5-b849-54664e25017b.binning_data.json,63110011,2026-03-31 10:30:58.322,2026-03-31 10:30:58.322,UTC-0300,hriiVjEkYE,,com.sec.android.app.shealth,2026-03-31 10:30:58.022,048a73f7-a9d8-44b5-b849-54664e25017b,
63110011,2026-04-03 21:00:00.000,,03747333-ce45-4204-ae73-785fc2713fb4.binning_data.json,63110011,2026-04-03 22:10:29.375,2026-04-03 22:10:29.375,UTC-0300,hriiVjEkYE,,com.sec.android.app.shealth,2026-04-03 22:00:00.000,03747333-ce45-4204-ae73-785fc2713fb4,
63110011,2026-04-03 22:00:00.000,,b47d2f56-dae5-453c-8d3f-07e5662d8abc.binning_data.json,63110011,2026-04-03 22:51:58.568,2026-04-03 22:51:58.568,UTC-0300,hriiVjEkYE,,com.sec.android.app.shealth,2026-04-03 22:51:58.405,b47d2f56-dae5-453c-8d3f-07e5662d8abc,
63110011,2026-04-05 04:00:00.000,,7cb83300-2095-46da-ab36-fbea60a56540.binning_data.json,63110011,2026-04-05 05:06:05.386,2026-04-05 05:06:05.386,UTC-0300,hriiVjEkYE,,com.sec.android.app.shealth,2026-04-05 05:00:00.000,7cb83300-2095-46da-ab36-fbea60a56540,
63110011,2026-04-05 05:00:00.000,,d4d51939-ef68-41b4-bde1-63e9a2783251.binning_data.json,63110011,2026-04-05 06:15:00.553,2026-04-05 06:15:00.553,UTC-0300,hriiVjEkYE,,com.sec.android.app.shealth,2026-04-05 06:00:00.000,d4d51939-ef68-41b4-bde1-63e9a2783251,
63110011,2026-04-05 06:00:00.000,,9090d78f-5c78-49ec-916f-89efa080399c.binning_data.json,63110011,2026-04-05 07:15:01.158,2026-04-05 07:15:01.158,UTC-0300,hriiVjEkYE,,com.sec.android.app.shealth,2026-04-05 07:00:00.000,9090d78f-5c78-49ec-916f-89efa080399c,
63110011,2026-04-05 07:00:00.000,,9c7b566c-fe8a-4d14-9ca0-d11c8bf131f4.binning_data.json,63110011,2026-04-05 08:09:19.205,2026-04-05 08:09:19.205,UTC-0300,hriiVjEkYE,,com.sec.android.app.shealth,2026-04-05 08:00:00.000,9c7b566c-fe8a-4d14-9ca0-d11c8bf131f4,
63110011,2026-04-05 08:00:00.000,,bc5ee874-665c-4861-b0e1-90318f1dbbbe.binning_data.json,63110011,2026-04-05 09:15:00.826,2026-04-05 09:15:00.826,UTC-0300,hriiVjEkYE,,com.sec.android.app.shealth,2026-04-05 09:00:00.000,bc5ee874-665c-4861-b0e1-90318f1dbbbe,
63110011,2026-04-05 09:00:00.000,,0aa23a4f-1691-4e31-889d-b95dcb5eaca9.binning_data.json,63110011,2026-04-05 10:15:00.602,2026-04-05 10:15:00.602,UTC-0300,hriiVjEkYE,,com.sec.android.app.shealth,2026-04-05 10:00:00.000,0aa23a4f-1691-4e31-889d-b95dcb5eaca9,
63110011,2026-04-05 10:00:00.000,,b86ddc1a-6352-48fd-a073-3617bb776615.binning_data.json,63110011,2026-04-05 11:08:06.294,2026-04-05 11:08:06.294,UTC-0300,hriiVjEkYE,,com.sec.android.app.shealth,2026-04-05 11:00:00.000,b86ddc1a-6352-48fd-a073-3617bb776615,
63110011,2026-04-05 11:00:00.000,,5a2a3ab8-6ed7-4612-9eb7-ace6ea38c4e9.binning_data.json,63110011,2026-04-05 12:15:00.608,2026-04-05 12:15:00.608,UTC-0300,hriiVjEkYE,,com.sec.android.app.shealth,2026-04-05 12:00:00.000,5a2a3ab8-6ed7-4612-9eb7-ace6ea38c4e9,
63110011,2026-04-05 12:00:00.000,,d8d9f42f-4608-47ae-9c4a-09288a3b88ba.binning_data.json,63110011,2026-04-05 13:15:00.397,2026-04-05 13:15:00.397,UTC-0300,hriiVjEkYE,,com.sec.android.app.shealth,2026-04-05 13:00:00.000,d8d9f42f-4608-47ae-9c4a-09288a3b88ba,
63110011,2026-04-05 13:00:00.000,,99a92466-a655-41d3-9ac0-ff537873106a.binning_data.json,63110011,2026-04-05 14:15:00.268,2026-04-05 14:15:00.268,UTC-0300,hriiVjEkYE,,com.sec.android.app.shealth,2026-04-05 14:00:00.000,99a92466-a655-41d3-9ac0-ff537873106a,
63110011,2026-04-05 14:00:00.000,,2789dff4-9839-4d32-86bb-e6ca885570a5.binning_data.json,63110011,2026-04-05 14:55:22.410,2026-04-05 14:55:22.410,UTC-0300,hriiVjEkYE,,com.sec.android.app.shealth,2026-04-05 14:55:22.352,2789dff4-9839-4d32-86bb-e6ca885570a5,
63110011,2026-04-06 04:00:00.000,,c646f063-3ed5-46b3-a00c-f8709101c476.binning_data.json,63110011,2026-04-06 05:05:04.981,2026-04-06 05:05:04.981,UTC-0300,hriiVjEkYE,,com.sec.android.app.shealth,2026-04-06 05:00:00.000,c646f063-3ed5-46b3-a00c-f8709101c476,
63110011,2026-04-06 05:00:00.000,,099f27f9-3a74-40ba-a616-4199b995f307.binning_data.json,63110011,2026-04-06 06:15:01.234,2026-04-06 06:15:01.234,UTC-0300,hriiVjEkYE,,com.sec.android.app.shealth,2026-04-06 06:00:00.000,099f27f9-3a74-40ba-a616-4199b995f307,
63110011,2026-04-06 06:00:00.000,,e557ca51-eb67-44ff-9d6c-52ef9150628f.binning_data.json,63110011,2026-04-06 07:15:00.248,2026-04-06 07:15:00.248,UTC-0300,hriiVjEkYE,,com.sec.android.app.shealth,2026-04-06 07:00:00.000,e557ca51-eb67-44ff-9d6c-52ef9150628f,
63110011,2026-04-06 07:00:00.000,,bc72caff-0ab6-4c32-9d11-ec188ede57b4.binning_data.json,63110011,2026-04-06 08:06:04.259,2026-04-06 08:06:04.259,UTC-0300,hriiVjEkYE,,com.sec.android.app.shealth,2026-04-06 08:00:00.000,bc72caff-0ab6-4c32-9d11-ec188ede57b4,
63110011,2026-04-06 08:00:00.000,,de6748d1-0a44-4d81-aaae-9c74f04b617d.binning_data.json,63110011,2026-04-06 09:15:01.172,2026-04-06 09:15:01.172,UTC-0300,hriiVjEkYE,,com.sec.android.app.shealth,2026-04-06 09:00:00.000,de6748d1-0a44-4d81-aaae-9c74f04b617d,
63110011,2026-04-06 09:00:00.000,,70b8b623-8727-4660-97b3-11bf903d3290.binning_data.json,63110011,2026-04-06 10:12:55.213,2026-04-06 10:12:55.213,UTC-0300,hriiVjEkYE,,com.sec.android.app.shealth,2026-04-06 10:00:00.000,70b8b623-8727-4660-97b3-11bf903d3290,
63110011,2026-04-06 10:00:00.000,,31111783-2727-422d-bba3-af5c0f1cfa8c.binning_data.json,63110011,2026-04-06 10:24:52.292,2026-04-06 10:24:52.292,UTC-0300,hriiVjEkYE,,com.sec.android.app.shealth,2026-04-06 10:24:51.933,31111783-2727-422d-bba3-af5c0f1cfa8c,
63110011,2026-04-08 04:00:00.000,,c6bf2039-bc5b-47d8-8ed9-85b76d31b5ae.binning_data.json,63110011,2026-04-08 05:15:00.502,2026-04-08 05:15:00.502,UTC-0300,hriiVjEkYE,,com.sec.android.app.shealth,2026-04-08 05:00:00.000,c6bf2039-bc5b-47d8-8ed9-85b76d31b5ae,
63110011,2026-04-08 05:00:00.000,,19d4f15a-9749-4eef-b30e-c42d9e60a660.binning_data.json,63110011,2026-04-08 06:15:00.275,2026-04-08 06:15:00.275,UTC-0300,hriiVjEkYE,,com.sec.android.app.shealth,2026-04-08 06:00:00.000,19d4f15a-9749-4eef-b30e-c42d9e60a660,
63110011,2026-04-08 06:00:00.000,,2675ceaa-35b0-4fc7-9cfd-9c31c6fdc87a.binning_data.json,63110011,2026-04-08 07:08:01.170,2026-04-08 07:08:01.170,UTC-0300,hriiVjEkYE,,com.sec.android.app.shealth,2026-04-08 07:00:00.000,2675ceaa-35b0-4fc7-9cfd-9c31c6fdc87a,
63110011,2026-04-08 07:00:00.000,,27ee9836-d6cf-4bcf-9133-50954b315f39.binning_data.json,63110011,2026-04-08 08:15:00.228,2026-04-08 08:15:00.228,UTC-0300,hriiVjEkYE,,com.sec.android.app.shealth,2026-04-08 08:00:00.000,27ee9836-d6cf-4bcf-9133-50954b315f39,
63110011,2026-04-08 08:00:00.000,,6ea45e7a-490f-4e1a-a3ad-913597600697.binning_data.json,63110011,2026-04-08 09:15:00.266,2026-04-08 09:15:00.266,UTC-0300,hriiVjEkYE,,com.sec.android.app.shealth,2026-04-08 09:00:00.000,6ea45e7a-490f-4e1a-a3ad-913597600697,
63110011,2026-04-08 09:00:00.000,,f2c6514c-6b95-4b9c-8dd4-ca3e074e02e4.binning_data.json,63110011,2026-04-08 10:05:49.586,2026-04-08 10:05:49.586,UTC-0300,hriiVjEkYE,,com.sec.android.app.shealth,2026-04-08 10:00:00.000,f2c6514c-6b95-4b9c-8dd4-ca3e074e02e4,
63110011,2026-04-12 04:00:00.000,,cb3e0272-bbba-4fc4-a5e8-75427967c83d.binning_data.json,63110011,2026-04-12 05:15:00.674,2026-04-12 05:15:00.674,UTC-0300,hriiVjEkYE,,com.sec.android.app.shealth,2026-04-12 05:00:00.000,cb3e0272-bbba-4fc4-a5e8-75427967c83d,
63110011,2026-04-12 05:00:00.000,,f62c3227-14d0-469a-9325-b5d0b48cf8bb.binning_data.json,63110011,2026-04-12 06:15:10.105,2026-04-12 06:15:10.105,UTC-0300,hriiVjEkYE,,com.sec.android.app.shealth,2026-04-12 06:00:00.000,f62c3227-14d0-469a-9325-b5d0b48cf8bb,
63110011,2026-04-12 06:00:00.000,,0de64a9a-9063-4fe9-be78-63a04849c997.binning_data.json,63110011,2026-04-12 07:15:00.224,2026-04-12 07:15:00.224,UTC-0300,hriiVjEkYE,,com.sec.android.app.shealth,2026-04-12 07:00:00.000,0de64a9a-9063-4fe9-be78-63a04849c997,
63110011,2026-04-12 07:00:00.000,,827ed8e0-09f4-434b-86af-ba3bcec5b58e.binning_data.json,63110011,2026-04-12 08:15:00.188,2026-04-12 08:15:00.188,UTC-0300,hriiVjEkYE,,com.sec.android.app.shealth,2026-04-12 08:00:00.000,827ed8e0-09f4-434b-86af-ba3bcec5b58e,
63110011,2026-04-12 08:00:00.000,,5e6e1731-b4f0-4c31-9c5b-9317f3ed3834.binning_data.json,63110011,2026-04-12 09:15:00.200,2026-04-12 09:15:00.200,UTC-0300,hriiVjEkYE,,com.sec.android.app.shealth,2026-04-12 09:00:00.000,5e6e1731-b4f0-4c31-9c5b-9317f3ed3834,
63110011,2026-04-12 09:00:00.000,,1b2caa08-be6d-4aef-8a23-0a495f0407d9.binning_data.json,63110011,2026-04-12 10:15:00.633,2026-04-12 10:15:00.633,UTC-0300,hriiVjEkYE,,com.sec.android.app.shealth,2026-04-12 10:00:00.000,1b2caa08-be6d-4aef-8a23-0a495f0407d9,
63110011,2026-04-12 10:00:00.000,,0de46a39-8483-4652-99c6-aa4c31ccf4f7.binning_data.json,63110011,2026-04-12 11:15:01.236,2026-04-12 11:15:01.236,UTC-0300,hriiVjEkYE,,com.sec.android.app.shealth,2026-04-12 11:00:00.000,0de46a39-8483-4652-99c6-aa4c31ccf4f7,
63110011,2026-04-12 11:00:00.000,,da18241c-4158-459f-8541-4c6184c4fac9.binning_data.json,63110011,2026-04-12 12:14:59.701,2026-04-12 12:14:59.701,UTC-0300,hriiVjEkYE,,com.sec.android.app.shealth,2026-04-12 12:00:00.000,da18241c-4158-459f-8541-4c6184c4fac9,
63110011,2026-04-12 12:00:00.000,,17857fe6-961c-405c-bb0c-906c60ec89ba.binning_data.json,63110011,2026-04-12 13:06:34.565,2026-04-12 13:06:34.565,UTC-0300,hriiVjEkYE,,com.sec.android.app.shealth,2026-04-12 13:00:00.000,17857fe6-961c-405c-bb0c-906c60ec89ba,
63110011,2026-04-12 13:00:00.000,,2c1e2591-04dc-4895-8446-7d210208f2ca.binning_data.json,63110011,2026-04-12 13:48:16.493,2026-04-12 13:48:16.493,UTC-0300,hriiVjEkYE,,com.sec.android.app.shealth,2026-04-12 13:48:16.219,2c1e2591-04dc-4895-8446-7d210208f2ca,
63110011,2026-04-16 04:00:00.000,,1f1532b0-257b-4569-b52e-48060ed0eab1.binning_data.json,63110011,2026-04-16 05:15:00.178,2026-04-16 05:15:00.178,UTC-0300,hriiVjEkYE,,com.sec.android.app.shealth,2026-04-16 05:00:00.000,1f1532b0-257b-4569-b52e-48060ed0eab1,
63110011,2026-04-16 05:00:00.000,,991560ab-830f-4a95-a113-34d67e8bca38.binning_data.json,63110011,2026-04-16 06:15:00.251,2026-04-16 06:15:00.251,UTC-0300,hriiVjEkYE,,com.sec.android.app.shealth,2026-04-16 06:00:00.000,991560ab-830f-4a95-a113-34d67e8bca38,
63110011,2026-04-16 06:00:00.000,,0e3dea96-f219-4f0f-a4dc-cf1cad19c94c.binning_data.json,63110011,2026-04-16 07:14:59.410,2026-04-16 07:14:59.410,UTC-0300,hriiVjEkYE,,com.sec.android.app.shealth,2026-04-16 07:00:00.000,0e3dea96-f219-4f0f-a4dc-cf1cad19c94c,
63110011,2026-04-16 07:00:00.000,,c6a16246-21a1-400a-866a-f43e1d1d6109.binning_data.json,63110011,2026-04-16 08:14:59.299,2026-04-16 08:14:59.299,UTC-0300,hriiVjEkYE,,com.sec.android.app.shealth,2026-04-16 08:00:00.000,c6a16246-21a1-400a-866a-f43e1d1d6109,
63110011,2026-04-16 08:00:00.000,,9c29ae2a-1dff-48eb-a949-f03b9b2b3fde.binning_data.json,63110011,2026-04-16 09:14:59.182,2026-04-16 09:14:59.182,UTC-0300,hriiVjEkYE,,com.sec.android.app.shealth,2026-04-16 09:00:00.000,9c29ae2a-1dff-48eb-a949-f03b9b2b3fde,
63110011,2026-04-16 09:00:00.000,,2d5ae7db-29c7-4e59-a98e-a3ba9ecddafa.binning_data.json,63110011,2026-04-16 10:05:06.241,2026-04-16 10:05:06.241,UTC-0300,hriiVjEkYE,,com.sec.android.app.shealth,2026-04-16 10:00:00.000,2d5ae7db-29c7-4e59-a98e-a3ba9ecddafa,
63110011,2026-04-16 10:00:00.000,,42afb2c1-c6ba-4dc7-80c4-83651ea88bf5.binning_data.json,63110011,2026-04-16 10:43:49.924,2026-04-16 10:43:49.924,UTC-0300,hriiVjEkYE,,com.sec.android.app.shealth,2026-04-16 10:43:49.880,42afb2c1-c6ba-4dc7-80c4-83651ea88bf5,
63110011,2026-04-17 03:00:00.000,,9e42b91e-7840-42e6-b551-9afd2215beee.binning_data.json,63110011,2026-04-17 04:07:26.347,2026-04-17 04:07:26.347,UTC-0300,hriiVjEkYE,,com.sec.android.app.shealth,2026-04-17 04:00:00.000,9e42b91e-7840-42e6-b551-9afd2215beee,
63110011,2026-04-17 04:00:00.000,,32893ac7-e6eb-4863-b40a-ce1a88681bf5.binning_data.json,63110011,2026-04-17 05:15:00.405,2026-04-17 05:15:00.405,UTC-0300,hriiVjEkYE,,com.sec.android.app.shealth,2026-04-17 05:00:00.000,32893ac7-e6eb-4863-b40a-ce1a88681bf5,
63110011,2026-04-17 05:00:00.000,,f776e47e-4650-4e58-9062-b574af3f923c.binning_data.json,63110011,2026-04-17 06:15:12.030,2026-04-17 06:15:12.030,UTC-0300,hriiVjEkYE,,com.sec.android.app.shealth,2026-04-17 06:00:00.000,f776e47e-4650-4e58-9062-b574af3f923c,
63110011,2026-04-17 06:00:00.000,,96b76095-a845-4670-8f56-9f5b880433e1.binning_data.json,63110011,2026-04-17 07:08:16.161,2026-04-17 07:08:16.161,UTC-0300,hriiVjEkYE,,com.sec.android.app.shealth,2026-04-17 07:00:00.000,96b76095-a845-4670-8f56-9f5b880433e1,
63110011,2026-04-17 07:00:00.000,,ec6f819a-09a2-47da-bcb4-db5c4c656e6d.binning_data.json,63110011,2026-04-17 08:15:01.226,2026-04-17 08:15:01.226,UTC-0300,hriiVjEkYE,,com.sec.android.app.shealth,2026-04-17 08:00:00.000,ec6f819a-09a2-47da-bcb4-db5c4c656e6d,
63110011,2026-04-17 08:00:00.000,,13d7a96d-290c-4056-a6f2-817c2635aca2.binning_data.json,63110011,2026-04-17 09:15:01.194,2026-04-17 09:15:01.194,UTC-0300,hriiVjEkYE,,com.sec.android.app.shealth,2026-04-17 09:00:00.000,13d7a96d-290c-4056-a6f2-817c2635aca2,
63110011,2026-04-17 09:00:00.000,,50d3424d-8817-4f65-b39a-12b3d14d578a.binning_data.json,63110011,2026-04-17 10:10:18.951,2026-04-17 10:10:18.951,UTC-0300,hriiVjEkYE,,com.sec.android.app.shealth,2026-04-17 10:00:00.000,50d3424d-8817-4f65-b39a-12b3d14d578a,
63110011,2026-04-17 10:00:00.000,,338bfa27-8b1e-4832-a01a-ae887c919528.binning_data.json,63110011,2026-04-17 10:30:38.290,2026-04-17 10:30:38.290,UTC-0300,hriiVjEkYE,,com.sec.android.app.shealth,2026-04-17 10:30:38.092,338bfa27-8b1e-4832-a01a-ae887c919528,
63110011,2026-04-20 04:00:00.000,,b37a0ed5-0677-4077-8397-000f83de77e0.binning_data.json,63110011,2026-04-20 05:13:47.713,2026-04-20 05:13:47.713,UTC-0300,hriiVjEkYE,,com.sec.android.app.shealth,2026-04-20 05:00:00.000,b37a0ed5-0677-4077-8397-000f83de77e0,
63110011,2026-04-20 05:00:00.000,,c791d3e2-ec2f-41d2-b5e6-6a89d0474102.binning_data.json,63110011,2026-04-20 06:15:01.404,2026-04-20 06:15:01.404,UTC-0300,hriiVjEkYE,,com.sec.android.app.shealth,2026-04-20 06:00:00.000,c791d3e2-ec2f-41d2-b5e6-6a89d0474102,
63110011,2026-04-20 06:00:00.000,,c822605c-04d1-4cff-bbec-9964da126e80.binning_data.json,63110011,2026-04-20 07:15:01.465,2026-04-20 07:15:01.465,UTC-0300,hriiVjEkYE,,com.sec.android.app.shealth,2026-04-20 07:00:00.000,c822605c-04d1-4cff-bbec-9964da126e80,
63110011,2026-04-20 07:00:00.000,,a2bd486d-293b-44d0-b12b-a793fabba2d3.binning_data.json,63110011,2026-04-20 08:15:01.455,2026-04-20 08:15:01.455,UTC-0300,hriiVjEkYE,,com.sec.android.app.shealth,2026-04-20 08:00:00.000,a2bd486d-293b-44d0-b12b-a793fabba2d3,
63110011,2026-04-20 08:00:00.000,,f4752abf-58df-4f33-b7fc-3a00255f7d2c.binning_data.json,63110011,2026-04-20 09:15:00.848,2026-04-20 09:15:00.848,UTC-0300,hriiVjEkYE,,com.sec.android.app.shealth,2026-04-20 09:00:00.000,f4752abf-58df-4f33-b7fc-3a00255f7d2c,
63110011,2026-04-20 09:00:00.000,,de14cb69-226f-45ce-a67a-8fc1c632e78f.binning_data.json,63110011,2026-04-20 10:15:00.789,2026-04-20 10:15:00.789,UTC-0300,hriiVjEkYE,,com.sec.android.app.shealth,2026-04-20 10:00:00.000,de14cb69-226f-45ce-a67a-8fc1c632e78f,
63110011,2026-04-20 10:00:00.000,,abdf6f24-bcb8-48b5-87a0-2de52670c5f8.binning_data.json,63110011,2026-04-20 11:10:26.819,2026-04-20 11:10:26.819,UTC-0300,hriiVjEkYE,,com.sec.android.app.shealth,2026-04-20 11:00:00.000,abdf6f24-bcb8-48b5-87a0-2de52670c5f8,
63110011,2026-04-20 11:00:00.000,,94823173-6b2e-4898-bd72-0c05a14349f6.binning_data.json,63110011,2026-04-20 11:33:23.473,2026-04-20 11:33:23.473,UTC-0300,hriiVjEkYE,,com.sec.android.app.shealth,2026-04-20 11:33:23.362,94823173-6b2e-4898-bd72-0c05a14349f6,
63110011,2026-04-21 04:00:00.000,,8867c1f8-fb58-48ab-8263-cfa9847f16db.binning_data.json,63110011,2026-04-21 05:15:00.479,2026-04-21 05:15:00.479,UTC-0300,hriiVjEkYE,,com.sec.android.app.shealth,2026-04-21 05:00:00.000,8867c1f8-fb58-48ab-8263-cfa9847f16db,
63110011,2026-04-21 05:00:00.000,,c1c142e2-c367-4600-b434-48f2f65ddcc4.binning_data.json,63110011,2026-04-21 06:15:00.815,2026-04-21 06:15:00.815,UTC-0300,hriiVjEkYE,,com.sec.android.app.shealth,2026-04-21 06:00:00.000,c1c142e2-c367-4600-b434-48f2f65ddcc4,
63110011,2026-04-21 06:00:00.000,,7944acd0-a8c5-4d2d-8d06-653198a7a681.binning_data.json,63110011,2026-04-21 07:15:00.470,2026-04-21 07:15:00.470,UTC-0300,hriiVjEkYE,,com.sec.android.app.shealth,2026-04-21 07:00:00.000,7944acd0-a8c5-4d2d-8d06-653198a7a681,
63110011,2026-04-21 07:00:00.000,,514333ed-58e9-4d9a-8b9a-ac56f2a4bcd2.binning_data.json,63110011,2026-04-21 08:15:00.655,2026-04-21 08:15:00.655,UTC-0300,hriiVjEkYE,,com.sec.android.app.shealth,2026-04-21 08:00:00.000,514333ed-58e9-4d9a-8b9a-ac56f2a4bcd2,
63110011,2026-04-21 08:00:00.000,,e0ee2364-21f8-48e3-ad69-e1c12d260060.binning_data.json,63110011,2026-04-21 09:06:02.595,2026-04-21 09:06:02.595,UTC-0300,hriiVjEkYE,,com.sec.android.app.shealth,2026-04-21 09:00:00.000,e0ee2364-21f8-48e3-ad69-e1c12d260060,
63110011,2026-04-21 09:00:00.000,,c3925dee-4dba-4192-822e-61080ccbfbb1.binning_data.json,63110011,2026-04-21 10:14:59.446,2026-04-21 10:14:59.446,UTC-0300,hriiVjEkYE,,com.sec.android.app.shealth,2026-04-21 10:00:00.000,c3925dee-4dba-4192-822e-61080ccbfbb1,
63110011,2026-04-21 10:00:00.000,,7d4b73e3-bac1-469f-9458-94aac78b3b5d.binning_data.json,63110011,2026-04-21 11:15:00.467,2026-04-21 11:15:00.467,UTC-0300,hriiVjEkYE,,com.sec.android.app.shealth,2026-04-21 11:00:00.000,7d4b73e3-bac1-469f-9458-94aac78b3b5d,
63110011,2026-04-21 11:00:00.000,,20dfbe3f-78ff-4151-8024-361af92ae31c.binning_data.json,63110011,2026-04-21 12:10:42.403,2026-04-21 12:10:42.403,UTC-0300,hriiVjEkYE,,com.sec.android.app.shealth,2026-04-21 12:00:00.000,20dfbe3f-78ff-4151-8024-361af92ae31c,
63110011,2026-04-21 12:00:00.000,,66f86c54-79a0-4411-bc62-50cb8cca9c49.binning_data.json,63110011,2026-04-21 13:10:48.422,2026-04-21 13:10:48.422,UTC-0300,hriiVjEkYE,,com.sec.android.app.shealth,2026-04-21 13:00:00.000,66f86c54-79a0-4411-bc62-50cb8cca9c49,
63110011,2026-04-23 04:00:00.000,,b88a94ee-8617-464f-9c37-a963bc666fa9.binning_data.json,63110011,2026-04-23 05:15:44.175,2026-04-23 05:15:44.175,UTC-0300,hriiVjEkYE,,com.sec.android.app.shealth,2026-04-23 05:00:00.000,b88a94ee-8617-464f-9c37-a963bc666fa9,
63110011,2026-04-23 05:00:00.000,,82dcfb15-f51d-468d-b932-14da6d51b03f.binning_data.json,63110011,2026-04-23 06:05:09.372,2026-04-23 06:05:09.372,UTC-0300,hriiVjEkYE,,com.sec.android.app.shealth,2026-04-23 06:00:00.000,82dcfb15-f51d-468d-b932-14da6d51b03f,
63110011,2026-04-23 06:00:00.000,,83d274fa-0c99-4eec-8e52-4161665f225f.binning_data.json,63110011,2026-04-23 07:15:00.224,2026-04-23 07:15:00.224,UTC-0300,hriiVjEkYE,,com.sec.android.app.shealth,2026-04-23 07:00:00.000,83d274fa-0c99-4eec-8e52-4161665f225f,
63110011,2026-04-23 07:00:00.000,,ee85769d-0618-4cb4-bf85-1e47997346e7.binning_data.json,63110011,2026-04-23 08:15:00.636,2026-04-23 08:15:00.636,UTC-0300,hriiVjEkYE,,com.sec.android.app.shealth,2026-04-23 08:00:00.000,ee85769d-0618-4cb4-bf85-1e47997346e7,
63110011,2026-04-23 08:00:00.000,,c25b4b4b-a25e-49a2-9a68-e3bc11d1015d.binning_data.json,63110011,2026-04-23 09:07:01.408,2026-04-23 09:07:01.408,UTC-0300,hriiVjEkYE,,com.sec.android.app.shealth,2026-04-23 09:00:00.000,c25b4b4b-a25e-49a2-9a68-e3bc11d1015d,
63110011,2026-04-23 09:00:00.000,,eafb9654-a247-4a26-b1e9-e2dfe0711c04.binning_data.json,63110011,2026-04-23 10:15:01.262,2026-04-23 10:15:01.262,UTC-0300,hriiVjEkYE,,com.sec.android.app.shealth,2026-04-23 10:00:00.000,eafb9654-a247-4a26-b1e9-e2dfe0711c04,
63110011,2026-04-23 10:00:00.000,,7fdd70ca-20ca-4a73-a318-b74eb571f382.binning_data.json,63110011,2026-04-23 10:38:33.340,2026-04-23 10:38:33.340,UTC-0300,hriiVjEkYE,,com.sec.android.app.shealth,2026-04-23 10:38:33.268,7fdd70ca-20ca-4a73-a318-b74eb571f382,
63110011,2026-04-24 04:00:00.000,,23e01439-d69e-4006-989c-aa4c87bd9a02.binning_data.json,63110011,2026-04-24 05:15:00.229,2026-04-24 05:15:00.229,UTC-0300,hriiVjEkYE,,com.sec.android.app.shealth,2026-04-24 05:00:00.000,23e01439-d69e-4006-989c-aa4c87bd9a02,
63110011,2026-04-24 05:00:00.000,,c5188c22-b93d-4d6d-b297-8649f8e82806.binning_data.json,63110011,2026-04-24 06:15:00.295,2026-04-24 06:15:00.295,UTC-0300,hriiVjEkYE,,com.sec.android.app.shealth,2026-04-24 06:00:00.000,c5188c22-b93d-4d6d-b297-8649f8e82806,
63110011,2026-04-24 06:00:00.000,,23ed5f5d-e5bd-491e-98b5-05d01d6d3d6d.binning_data.json,63110011,2026-04-24 07:15:00.224,2026-04-24 07:15:00.224,UTC-0300,hriiVjEkYE,,com.sec.android.app.shealth,2026-04-24 07:00:00.000,23ed5f5d-e5bd-491e-98b5-05d01d6d3d6d,
63110011,2026-04-24 07:00:00.000,,65f8cea9-bbd2-4837-9fa0-b0bbdbe1bc1b.binning_data.json,63110011,2026-04-24 08:15:00.271,2026-04-24 08:15:00.271,UTC-0300,hriiVjEkYE,,com.sec.android.app.shealth,2026-04-24 08:00:00.000,65f8cea9-bbd2-4837-9fa0-b0bbdbe1bc1b,
63110011,2026-04-24 08:00:00.000,,8d7202dd-defa-4a6a-af1f-689a66705583.binning_data.json,63110011,2026-04-24 09:15:00.314,2026-04-24 09:15:00.314,UTC-0300,hriiVjEkYE,,com.sec.android.app.shealth,2026-04-24 09:00:00.000,8d7202dd-defa-4a6a-af1f-689a66705583,
63110011,2026-04-24 09:00:00.000,,f6974d57-914f-43d0-9e7b-2b43ea94e05e.binning_data.json,63110011,2026-04-24 10:07:22.092,2026-04-24 10:07:22.092,UTC-0300,hriiVjEkYE,,com.sec.android.app.shealth,2026-04-24 10:00:00.000,f6974d57-914f-43d0-9e7b-2b43ea94e05e,
63110011,2026-04-24 10:00:00.000,,e6714309-3d5b-4c7b-a81e-c1684f0ab293.binning_data.json,63110011,2026-04-24 10:33:29.332,2026-04-24 10:33:29.332,UTC-0300,hriiVjEkYE,,com.sec.android.app.shealth,2026-04-24 10:33:29.192,e6714309-3d5b-4c7b-a81e-c1684f0ab293,
63200011,2026-05-08 03:00:00.000,,2e677cbf-7d77-4ce5-896b-533179f8adc5.binning_data.json,63200011,2026-05-08 04:15:02.219,2026-05-08 04:15:02.219,UTC-0300,hriiVjEkYE,,com.sec.android.app.shealth,2026-05-08 04:00:00.000,2e677cbf-7d77-4ce5-896b-533179f8adc5,
63200011,2026-05-08 04:00:00.000,,cb3b5a25-e0dd-48ac-a67e-c462c107645d.binning_data.json,63200011,2026-05-08 05:15:01.595,2026-05-08 05:15:01.595,UTC-0300,hriiVjEkYE,,com.sec.android.app.shealth,2026-05-08 05:00:00.000,cb3b5a25-e0dd-48ac-a67e-c462c107645d,
63200011,2026-05-08 05:00:00.000,,f821b5b5-47d5-464b-a5dd-6b8e355e7a11.binning_data.json,63200011,2026-05-08 06:15:02.193,2026-05-08 06:15:02.193,UTC-0300,hriiVjEkYE,,com.sec.android.app.shealth,2026-05-08 06:00:00.000,f821b5b5-47d5-464b-a5dd-6b8e355e7a11,
63200011,2026-05-08 06:00:00.000,,46ef9a6b-9bd8-4651-a06a-e5f5c64aa540.binning_data.json,63200011,2026-05-08 07:15:01.240,2026-05-08 07:15:01.240,UTC-0300,hriiVjEkYE,,com.sec.android.app.shealth,2026-05-08 07:00:00.000,46ef9a6b-9bd8-4651-a06a-e5f5c64aa540,
63200011,2026-05-08 07:00:00.000,,9dcddbf8-3e32-4425-951e-553db72eaeeb.binning_data.json,63200011,2026-05-08 08:15:01.615,2026-05-08 08:15:01.615,UTC-0300,hriiVjEkYE,,com.sec.android.app.shealth,2026-05-08 08:00:00.000,9dcddbf8-3e32-4425-951e-553db72eaeeb,
63200011,2026-05-08 08:00:00.000,,da993267-ec73-4e0a-819e-c915c11304fe.binning_data.json,63200011,2026-05-08 09:15:00.235,2026-05-08 09:15:00.235,UTC-0300,hriiVjEkYE,,com.sec.android.app.shealth,2026-05-08 09:00:00.000,da993267-ec73-4e0a-819e-c915c11304fe,
63200011,2026-05-08 09:00:00.000,,fc050c81-7b6f-43b9-b3d0-f883df44e267.binning_data.json,63200011,2026-05-08 10:15:01.621,2026-05-08 10:15:01.621,UTC-0300,hriiVjEkYE,,com.sec.android.app.shealth,2026-05-08 10:00:00.000,fc050c81-7b6f-43b9-b3d0-f883df44e267,
63200011,2026-05-08 10:00:00.000,,a07346ca-5b48-4598-87c1-864534981ca4.binning_data.json,63200011,2026-05-08 10:35:02.928,2026-05-08 10:35:02.928,UTC-0300,hriiVjEkYE,,com.sec.android.app.shealth,2026-05-08 10:35:02.860,a07346ca-5b48-4598-87c1-864534981ca4,
63200011,2026-05-14 02:00:00.000,,946adad9-3f45-4949-a118-857015b2f93a.binning_data.json,63200011,2026-05-14 03:15:00.550,2026-05-14 03:15:00.550,UTC-0300,hriiVjEkYE,,com.sec.android.app.shealth,2026-05-14 03:00:00.000,946adad9-3f45-4949-a118-857015b2f93a,
63200011,2026-05-14 03:00:00.000,,da25db35-2708-42a6-bf6e-ec95d649be94.binning_data.json,63200011,2026-05-14 04:15:00.605,2026-05-14 04:15:00.605,UTC-0300,hriiVjEkYE,,com.sec.android.app.shealth,2026-05-14 04:00:00.000,da25db35-2708-42a6-bf6e-ec95d649be94,
63200011,2026-05-14 04:00:00.000,,ffd06f30-5f5c-4ea7-b12d-a646de1bca26.binning_data.json,63200011,2026-05-14 05:14:59.269,2026-05-14 05:14:59.269,UTC-0300,hriiVjEkYE,,com.sec.android.app.shealth,2026-05-14 05:00:00.000,ffd06f30-5f5c-4ea7-b12d-a646de1bca26,
63200011,2026-05-14 05:00:00.000,,4c2b67f1-1194-46f8-919d-affaa7ff446e.binning_data.json,63200011,2026-05-14 06:15:00.487,2026-05-14 06:15:00.487,UTC-0300,hriiVjEkYE,,com.sec.android.app.shealth,2026-05-14 06:00:00.000,4c2b67f1-1194-46f8-919d-affaa7ff446e,
63200011,2026-05-14 06:00:00.000,,b3b7c600-23a5-488c-9ee4-83e272a09aca.binning_data.json,63200011,2026-05-14 07:14:59.331,2026-05-14 07:14:59.331,UTC-0300,hriiVjEkYE,,com.sec.android.app.shealth,2026-05-14 07:00:00.000,b3b7c600-23a5-488c-9ee4-83e272a09aca,
63200011,2026-05-14 07:00:00.000,,6736dae8-bff4-49d1-9314-7731fd4bc582.binning_data.json,63200011,2026-05-14 08:15:00.209,2026-05-14 08:15:00.209,UTC-0300,hriiVjEkYE,,com.sec.android.app.shealth,2026-05-14 08:00:00.000,6736dae8-bff4-49d1-9314-7731fd4bc582,
63200011,2026-05-14 08:00:00.000,,d3e93103-92d5-415a-8660-c8e29386114d.binning_data.json,63200011,2026-05-14 09:15:00.197,2026-05-14 09:15:00.197,UTC-0300,hriiVjEkYE,,com.sec.android.app.shealth,2026-05-14 09:00:00.000,d3e93103-92d5-415a-8660-c8e29386114d,
63200011,2026-05-14 09:00:00.000,,7829f450-ef12-44f6-bb76-5f86f3f5be9a.binning_data.json,63200011,2026-05-14 10:10:02.983,2026-05-14 10:10:02.983,UTC-0300,hriiVjEkYE,,com.sec.android.app.shealth,2026-05-14 10:00:00.000,7829f450-ef12-44f6-bb76-5f86f3f5be9a,
63200011,2026-05-14 10:00:00.000,,87c5d33d-3bc2-4f59-bd8f-6cb2a852fdfd.binning_data.json,63200011,2026-05-14 10:29:54.406,2026-05-14 10:29:54.406,UTC-0300,hriiVjEkYE,,com.sec.android.app.shealth,2026-05-14 10:29:54.356,87c5d33d-3bc2-4f59-bd8f-6cb2a852fdfd,
63200011,2026-05-24 05:00:00.000,,6a66e0e9-30e7-4610-9d32-ea855d11ce72.binning_data.json,63200011,2026-05-24 06:15:00.220,2026-05-24 06:15:00.220,UTC-0300,hriiVjEkYE,,com.sec.android.app.shealth,2026-05-24 06:00:00.000,6a66e0e9-30e7-4610-9d32-ea855d11ce72,
63200011,2026-05-24 06:00:00.000,,337550b0-8c85-4304-8618-457e553cff8b.binning_data.json,63200011,2026-05-24 07:15:00.250,2026-05-24 07:15:00.250,UTC-0300,hriiVjEkYE,,com.sec.android.app.shealth,2026-05-24 07:00:00.000,337550b0-8c85-4304-8618-457e553cff8b,
63200011,2026-05-24 07:00:00.000,,58d77d72-e0ab-47f5-94fa-e957ac33b618.binning_data.json,63200011,2026-05-24 08:15:01.196,2026-05-24 08:15:01.196,UTC-0300,hriiVjEkYE,,com.sec.android.app.shealth,2026-05-24 08:00:00.000,58d77d72-e0ab-47f5-94fa-e957ac33b618,
63200011,2026-05-24 08:00:00.000,,f3bfe527-be7a-459a-973e-d3e273c124c7.binning_data.json,63200011,2026-05-24 09:15:01.208,2026-05-24 09:15:01.208,UTC-0300,hriiVjEkYE,,com.sec.android.app.shealth,2026-05-24 09:00:00.000,f3bfe527-be7a-459a-973e-d3e273c124c7,
63200011,2026-05-24 09:00:00.000,,13c5919d-863c-4da1-b626-b6e8ff133a2d.binning_data.json,63200011,2026-05-24 10:15:00.199,2026-05-24 10:15:00.199,UTC-0300,hriiVjEkYE,,com.sec.android.app.shealth,2026-05-24 10:00:00.000,13c5919d-863c-4da1-b626-b6e8ff133a2d,
63200011,2026-05-24 10:00:00.000,,bc68c3c3-cb54-4dce-ba71-7b297b4cbe96.binning_data.json,63200011,2026-05-24 11:15:01.207,2026-05-24 11:15:01.207,UTC-0300,hriiVjEkYE,,com.sec.android.app.shealth,2026-05-24 11:00:00.000,bc68c3c3-cb54-4dce-ba71-7b297b4cbe96,
63200011,2026-05-24 11:00:00.000,,d517f2f7-619d-4c29-85b6-83cf2167056b.binning_data.json,63200011,2026-05-24 12:15:01.197,2026-05-24 12:15:01.197,UTC-0300,hriiVjEkYE,,com.sec.android.app.shealth,2026-05-24 12:00:00.000,d517f2f7-619d-4c29-85b6-83cf2167056b,
63200011,2026-05-24 12:00:00.000,,64a9f084-e659-47c9-920a-fcd3c8f81538.binning_data.json,63200011,2026-05-24 13:15:00.466,2026-05-24 13:15:00.466,UTC-0300,hriiVjEkYE,,com.sec.android.app.shealth,2026-05-24 13:00:00.000,64a9f084-e659-47c9-920a-fcd3c8f81538,
63200011,2026-05-24 13:00:00.000,,825b6c1f-3d80-4948-a000-776f115b149a.binning_data.json,63200011,2026-05-24 14:15:00.368,2026-05-24 14:15:00.368,UTC-0300,hriiVjEkYE,,com.sec.android.app.shealth,2026-05-24 14:00:00.000,825b6c1f-3d80-4948-a000-776f115b149a,
63200011,2026-05-24 14:00:00.000,,f2314c46-0d00-43f9-bb86-ce101c82ef2d.binning_data.json,63200011,2026-05-24 14:56:25.869,2026-05-24 14:56:25.869,UTC-0300,hriiVjEkYE,,com.sec.android.app.shealth,2026-05-24 14:56:25.752,f2314c46-0d00-43f9-bb86-ce101c82ef2d,
63200011,2026-05-25 04:00:00.000,,9ba64460-9118-4151-8be3-9de6a40ffe8a.binning_data.json,63200011,2026-05-25 05:15:00.249,2026-05-25 05:15:00.249,UTC-0300,hriiVjEkYE,,com.sec.android.app.shealth,2026-05-25 05:00:00.000,9ba64460-9118-4151-8be3-9de6a40ffe8a,
63200011,2026-05-25 05:00:00.000,,6e2649ec-6648-4db2-98f5-5272e5aecd87.binning_data.json,63200011,2026-05-25 06:15:00.199,2026-05-25 06:15:00.199,UTC-0300,hriiVjEkYE,,com.sec.android.app.shealth,2026-05-25 06:00:00.000,6e2649ec-6648-4db2-98f5-5272e5aecd87,
63200011,2026-05-25 06:00:00.000,,90b82aed-cb8e-42ad-84d7-7a78dfc4d009.binning_data.json,63200011,2026-05-25 07:15:02.249,2026-05-25 07:15:02.249,UTC-0300,hriiVjEkYE,,com.sec.android.app.shealth,2026-05-25 07:00:00.000,90b82aed-cb8e-42ad-84d7-7a78dfc4d009,
63200011,2026-06-01 05:00:00.000,,8ef50057-16da-49d8-9e8f-4a23e9bef20f.binning_data.json,63200011,2026-06-01 06:14:59.473,2026-06-01 06:14:59.473,UTC-0300,hriiVjEkYE,,com.sec.android.app.shealth,2026-06-01 06:00:00.000,8ef50057-16da-49d8-9e8f-4a23e9bef20f,
63200011,2026-06-01 06:00:00.000,,77781a83-ef1c-4b6a-ac4d-63d1e05088d9.binning_data.json,63200011,2026-06-01 07:10:01.293,2026-06-01 07:10:01.293,UTC-0300,hriiVjEkYE,,com.sec.android.app.shealth,2026-06-01 07:00:00.000,77781a83-ef1c-4b6a-ac4d-63d1e05088d9,
63200011,2026-06-01 07:00:00.000,,c17707fc-cf39-4470-834b-fffe057ce7bb.binning_data.json,63200011,2026-06-01 08:14:59.248,2026-06-01 08:14:59.248,UTC-0300,hriiVjEkYE,,com.sec.android.app.shealth,2026-06-01 08:00:00.000,c17707fc-cf39-4470-834b-fffe057ce7bb,
63200011,2026-06-01 08:00:00.000,,807591d7-9e8c-4167-bee1-029921342805.binning_data.json,63200011,2026-06-01 09:14:59.572,2026-06-01 09:14:59.572,UTC-0300,hriiVjEkYE,,com.sec.android.app.shealth,2026-06-01 09:00:00.000,807591d7-9e8c-4167-bee1-029921342805,
63200011,2026-06-01 09:00:00.000,,9e89c4cf-7e24-4a69-bdc1-496feb43e4fa.binning_data.json,63200011,2026-06-01 10:10:07.889,2026-06-01 10:10:07.889,UTC-0300,hriiVjEkYE,,com.sec.android.app.shealth,2026-06-01 10:00:00.000,9e89c4cf-7e24-4a69-bdc1-496feb43e4fa,
63200011,2026-06-01 10:00:00.000,,d658a737-1674-4bba-9baf-d4b9244078bc.binning_data.json,63200011,2026-06-01 10:30:09.229,2026-06-01 10:30:09.229,UTC-0300,hriiVjEkYE,,com.sec.android.app.shealth,2026-06-01 10:30:09.054,d658a737-1674-4bba-9baf-d4b9244078bc,
63200011,2026-06-08 02:00:00.000,,19491807-8205-45ce-97bd-9386143cbe1f.binning_data.json,63200011,2026-06-08 03:07:31.472,2026-06-08 03:07:31.472,UTC-0300,hriiVjEkYE,,com.sec.android.app.shealth,2026-06-08 03:00:00.000,19491807-8205-45ce-97bd-9386143cbe1f,
63200011,2026-06-08 03:00:00.000,,7fc843a6-e65f-4eb2-a74d-cab8458889ab.binning_data.json,63200011,2026-06-08 03:15:06.847,2026-06-08 03:15:06.847,UTC-0300,hriiVjEkYE,,com.sec.android.app.shealth,2026-06-08 03:15:06.763,7fc843a6-e65f-4eb2-a74d-cab8458889ab,
63200011,2026-06-08 04:00:00.000,,80e79fbc-2299-46ce-b056-ebd782c17817.binning_data.json,63200011,2026-06-08 05:15:00.628,2026-06-08 05:15:00.628,UTC-0300,hriiVjEkYE,,com.sec.android.app.shealth,2026-06-08 05:00:00.000,80e79fbc-2299-46ce-b056-ebd782c17817,
63200011,2026-06-08 05:00:00.000,,788ba682-3ee9-436d-b59c-6cd20be6b96a.binning_data.json,63200011,2026-06-08 06:05:04.551,2026-06-08 06:05:04.551,UTC-0300,hriiVjEkYE,,com.sec.android.app.shealth,2026-06-08 06:00:00.000,788ba682-3ee9-436d-b59c-6cd20be6b96a,
63200011,2026-06-08 06:00:00.000,,5410756a-2edf-47a9-ae6a-5144045cd686.binning_data.json,63200011,2026-06-08 07:15:28.159,2026-06-08 07:15:28.159,UTC-0300,hriiVjEkYE,,com.sec.android.app.shealth,2026-06-08 07:00:00.000,5410756a-2edf-47a9-ae6a-5144045cd686,
63200011,2026-06-08 07:00:00.000,,a9a8ac7a-6f01-4336-be41-c11d2f0e1c7c.binning_data.json,63200011,2026-06-08 08:15:00.236,2026-06-08 08:15:00.236,UTC-0300,hriiVjEkYE,,com.sec.android.app.shealth,2026-06-08 08:00:00.000,a9a8ac7a-6f01-4336-be41-c11d2f0e1c7c,
63200011,2026-06-08 08:00:00.000,,19b56b29-7c22-4068-b2ba-fd2833547071.binning_data.json,63200011,2026-06-08 09:06:05.411,2026-06-08 09:06:05.411,UTC-0300,hriiVjEkYE,,com.sec.android.app.shealth,2026-06-08 09:00:00.000,19b56b29-7c22-4068-b2ba-fd2833547071,
63200011,2026-06-08 09:00:00.000,,1fc9b6c3-0502-40aa-a1c4-8064296544d4.binning_data.json,63200011,2026-06-08 10:15:01.566,2026-06-08 10:15:01.566,UTC-0300,hriiVjEkYE,,com.sec.android.app.shealth,2026-06-08 10:00:00.000,1fc9b6c3-0502-40aa-a1c4-8064296544d4,
63200011,2026-06-08 10:00:00.000,,12e6f823-6550-4e5b-ab40-7d7afa3e7ffa.binning_data.json,63200011,2026-06-08 10:40:38.500,2026-06-08 10:40:38.500,UTC-0300,hriiVjEkYE,,com.sec.android.app.shealth,2026-06-08 10:40:38.226,12e6f823-6550-4e5b-ab40-7d7afa3e7ffa,
63200011,2026-06-10 04:00:00.000,,2513815e-8c11-4af3-beb9-8cdeac00556a.binning_data.json,63200011,2026-06-10 05:15:01.253,2026-06-10 05:15:01.253,UTC-0300,hriiVjEkYE,,com.sec.android.app.shealth,2026-06-10 05:00:00.000,2513815e-8c11-4af3-beb9-8cdeac00556a,
63200011,2026-06-10 05:00:00.000,,920039c0-6cd8-420b-98f9-00158dbe17e3.binning_data.json,63200011,2026-06-10 06:15:01.740,2026-06-10 06:15:01.740,UTC-0300,hriiVjEkYE,,com.sec.android.app.shealth,2026-06-10 06:00:00.000,920039c0-6cd8-420b-98f9-00158dbe17e3,
63200011,2026-06-10 06:00:00.000,,736daa8c-d7b6-48fc-a62e-4d2d1cca03e2.binning_data.json,63200011,2026-06-10 07:15:01.204,2026-06-10 07:15:01.204,UTC-0300,hriiVjEkYE,,com.sec.android.app.shealth,2026-06-10 07:00:00.000,736daa8c-d7b6-48fc-a62e-4d2d1cca03e2,
63200011,2026-06-10 07:00:00.000,,ed755990-5a41-4123-a7f1-64e1a61b0fd2.binning_data.json,63200011,2026-06-10 08:15:01.487,2026-06-10 08:15:01.487,UTC-0300,hriiVjEkYE,,com.sec.android.app.shealth,2026-06-10 08:00:00.000,ed755990-5a41-4123-a7f1-64e1a61b0fd2,
63200011,2026-06-10 08:00:00.000,,683ed096-c138-442b-818e-6ccc95f082f1.binning_data.json,63200011,2026-06-10 09:15:00.264,2026-06-10 09:15:00.264,UTC-0300,hriiVjEkYE,,com.sec.android.app.shealth,2026-06-10 09:00:00.000,683ed096-c138-442b-818e-6ccc95f082f1,
63200011,2026-06-10 09:00:00.000,,c30e1010-756a-4933-8a4d-3bbe60e60a29.binning_data.json,63200011,2026-06-10 10:15:00.264,2026-06-10 10:15:00.264,UTC-0300,hriiVjEkYE,,com.sec.android.app.shealth,2026-06-10 10:00:00.000,c30e1010-756a-4933-8a4d-3bbe60e60a29,
63200011,2026-06-10 10:00:00.000,,eed49ba0-7884-46d7-b394-b77f97c5a208.binning_data.json,63200011,2026-06-10 10:51:26.628,2026-06-10 10:51:26.628,UTC-0300,hriiVjEkYE,,com.sec.android.app.shealth,2026-06-10 10:51:26.480,eed49ba0-7884-46d7-b394-b77f97c5a208,
63200011,2026-06-11 04:00:00.000,,f9cc3b9d-07e6-4bf5-a34c-00ef4f14fa27.binning_data.json,63200011,2026-06-11 05:15:00.181,2026-06-11 05:15:00.181,UTC-0300,hriiVjEkYE,,com.sec.android.app.shealth,2026-06-11 05:00:00.000,f9cc3b9d-07e6-4bf5-a34c-00ef4f14fa27,
63200011,2026-06-11 05:00:00.000,,87a4c84a-72e7-4473-936f-cde390a2dd3a.binning_data.json,63200011,2026-06-11 06:15:00.247,2026-06-11 06:15:00.247,UTC-0300,hriiVjEkYE,,com.sec.android.app.shealth,2026-06-11 06:00:00.000,87a4c84a-72e7-4473-936f-cde390a2dd3a,
63200011,2026-06-11 06:00:00.000,,8cd312c4-4e44-4bbf-b666-13f8eba7eaf0.binning_data.json,63200011,2026-06-11 07:17:10.160,2026-06-11 07:17:10.160,UTC-0300,hriiVjEkYE,,com.sec.android.app.shealth,2026-06-11 07:00:00.000,8cd312c4-4e44-4bbf-b666-13f8eba7eaf0,
63200011,2026-06-11 07:00:00.000,,363d5723-2508-46be-946e-616eb4065cfa.binning_data.json,63200011,2026-06-11 08:15:00.194,2026-06-11 08:15:00.194,UTC-0300,hriiVjEkYE,,com.sec.android.app.shealth,2026-06-11 08:00:00.000,363d5723-2508-46be-946e-616eb4065cfa,
63200011,2026-06-11 08:00:00.000,,2053a54f-0b50-41c5-89f5-7ea2a7d6f1eb.binning_data.json,63200011,2026-06-11 09:15:00.585,2026-06-11 09:15:00.585,UTC-0300,hriiVjEkYE,,com.sec.android.app.shealth,2026-06-11 09:00:00.000,2053a54f-0b50-41c5-89f5-7ea2a7d6f1eb,
63200011,2026-06-11 09:00:00.000,,a80e4a1e-feac-47d3-a2fe-1ded77361e88.binning_data.json,63200011,2026-06-11 10:10:38.224,2026-06-11 10:10:38.224,UTC-0300,hriiVjEkYE,,com.sec.android.app.shealth,2026-06-11 10:00:00.000,a80e4a1e-feac-47d3-a2fe-1ded77361e88,
63200011,2026-06-11 10:00:00.000,,6394f84a-70eb-443b-a47a-d5f0f9eec076.binning_data.json,63200011,2026-06-11 10:38:19.026,2026-06-11 10:38:19.026,UTC-0300,hriiVjEkYE,,com.sec.android.app.shealth,2026-06-11 10:38:18.947,6394f84a-70eb-443b-a47a-d5f0f9eec076,
63200011,2026-06-23 04:00:00.000,,ba228e2b-d7c8-4216-b08f-85098d5d325c.binning_data.json,63200011,2026-06-23 05:14:59.680,2026-06-23 05:14:59.680,UTC-0300,hriiVjEkYE,,com.sec.android.app.shealth,2026-06-23 05:00:00.000,ba228e2b-d7c8-4216-b08f-85098d5d325c,
63200011,2026-06-23 05:00:00.000,,9c44251d-6159-4f3e-8943-773a7b54d320.binning_data.json,63200011,2026-06-23 06:15:00.520,2026-06-23 06:15:00.520,UTC-0300,hriiVjEkYE,,com.sec.android.app.shealth,2026-06-23 06:00:00.000,9c44251d-6159-4f3e-8943-773a7b54d320,
63200011,2026-06-23 06:00:00.000,,e17ee539-61bd-4e4d-b1a2-d3f07d7a3d70.binning_data.json,63200011,2026-06-23 07:05:53.024,2026-06-23 07:05:53.024,UTC-0300,hriiVjEkYE,,com.sec.android.app.shealth,2026-06-23 07:00:00.000,e17ee539-61bd-4e4d-b1a2-d3f07d7a3d70,
63200011,2026-06-23 07:00:00.000,,d1216252-1c13-4d54-bd3f-992d7ffc6cfc.binning_data.json,63200011,2026-06-23 08:14:59.201,2026-06-23 08:14:59.201,UTC-0300,hriiVjEkYE,,com.sec.android.app.shealth,2026-06-23 08:00:00.000,d1216252-1c13-4d54-bd3f-992d7ffc6cfc,
63200011,2026-06-23 08:00:00.000,,301509b3-2c85-4b23-8bde-95d3f3cbad03.binning_data.json,63200011,2026-06-23 09:14:59.600,2026-06-23 09:14:59.600,UTC-0300,hriiVjEkYE,,com.sec.android.app.shealth,2026-06-23 09:00:00.000,301509b3-2c85-4b23-8bde-95d3f3cbad03,
63200011,2026-06-23 09:00:00.000,,ff7ef7a9-8382-450f-892d-beaf74e5b43d.binning_data.json,63200011,2026-06-23 10:12:17.109,2026-06-23 10:12:17.109,UTC-0300,hriiVjEkYE,,com.sec.android.app.shealth,2026-06-23 10:00:00.000,ff7ef7a9-8382-450f-892d-beaf74e5b43d,
63200011,2026-06-23 10:00:00.000,,ef216c53-578d-41aa-9fa0-d943a8fe5f0a.binning_data.json,63200011,2026-06-23 10:34:38.580,2026-06-23 10:34:38.580,UTC-0300,hriiVjEkYE,,com.sec.android.app.shealth,2026-06-23 10:34:38.432,ef216c53-578d-41aa-9fa0-d943a8fe5f0a,
63200011,2026-07-06 12:00:00.000,,4d4df645-b8c5-4dff-92e3-6a2516f481fa.binning_data.json,63200011,2026-07-06 13:06:12.983,2026-07-06 13:06:12.983,UTC-0300,hriiVjEkYE,,com.sec.android.app.shealth,2026-07-06 13:00:00.000,4d4df645-b8c5-4dff-92e3-6a2516f481fa,
63200011,2026-07-06 13:00:00.000,,b3e2f206-18b6-45de-a04b-b21f23a42746.binning_data.json,63200011,2026-07-06 13:31:23.607,2026-07-06 13:31:23.607,UTC-0300,hriiVjEkYE,,com.sec.android.app.shealth,2026-07-06 13:31:23.490,b3e2f206-18b6-45de-a04b-b21f23a42746,
63200011,2026-07-07 06:00:00.000,,8b90e297-50b3-41b6-b405-3fbe06cd5b0f.binning_data.json,63200011,2026-07-07 07:15:01.150,2026-07-07 07:15:01.150,UTC-0300,hriiVjEkYE,,com.sec.android.app.shealth,2026-07-07 07:00:00.000,8b90e297-50b3-41b6-b405-3fbe06cd5b0f,
63200011,2026-07-07 07:00:00.000,,6d71c285-2b3b-4fd8-bba6-3eab81d64ff9.binning_data.json,63200011,2026-07-07 08:09:32.461,2026-07-07 08:09:32.461,UTC-0300,hriiVjEkYE,,com.sec.android.app.shealth,2026-07-07 08:00:00.000,6d71c285-2b3b-4fd8-bba6-3eab81d64ff9,
63200011,2026-07-07 08:00:00.000,,78f0e71f-e085-43b5-9d36-6ff1313175d1.binning_data.json,63200011,2026-07-07 09:15:00.578,2026-07-07 09:15:00.578,UTC-0300,hriiVjEkYE,,com.sec.android.app.shealth,2026-07-07 09:00:00.000,78f0e71f-e085-43b5-9d36-6ff1313175d1,
63200011,2026-07-07 09:00:00.000,,0855be97-30bf-4e7e-a214-d13254dce1d6.binning_data.json,63200011,2026-07-07 09:57:09.020,2026-07-07 09:57:09.020,UTC-0300,hriiVjEkYE,,com.sec.android.app.shealth,2026-07-07 09:57:08.895,0855be97-30bf-4e7e-a214-d13254dce1d6,
63200011,2026-07-07 10:00:00.000,,1c73ddd8-15b7-4c59-915e-67167bc880ac.binning_data.json,63200011,2026-07-07 11:05:59.338,2026-07-07 11:05:59.338,UTC-0300,hriiVjEkYE,,com.sec.android.app.shealth,2026-07-07 11:00:00.000,1c73ddd8-15b7-4c59-915e-67167bc880ac,
63200011,2026-07-07 11:00:00.000,,3fdb0c72-de5d-4507-96d2-cdb13cfce472.binning_data.json,63200011,2026-07-07 12:11:53.304,2026-07-07 12:11:53.304,UTC-0300,hriiVjEkYE,,com.sec.android.app.shealth,2026-07-07 12:00:00.000,3fdb0c72-de5d-4507-96d2-cdb13cfce472,
63200011,2026-07-07 12:00:00.000,,a3364086-bbaf-45c0-84be-fb1e22a7b528.binning_data.json,63200011,2026-07-07 13:15:01.580,2026-07-07 13:15:01.580,UTC-0300,hriiVjEkYE,,com.sec.android.app.shealth,2026-07-07 13:00:00.000,a3364086-bbaf-45c0-84be-fb1e22a7b528,
63200011,2026-07-07 13:00:00.000,,7cf68d7c-00db-4ecd-8f1c-0ac97e64e358.binning_data.json,63200011,2026-07-07 13:35:21.318,2026-07-07 13:35:21.318,UTC-0300,hriiVjEkYE,,com.sec.android.app.shealth,2026-07-07 13:35:21.213,7cf68d7c-00db-4ecd-8f1c-0ac97e64e358,
63200011,2026-07-08 04:00:00.000,,a43112d3-7f84-4108-948f-4088f92921f1.binning_data.json,63200011,2026-07-08 05:15:01.262,2026-07-08 05:15:01.262,UTC-0300,hriiVjEkYE,,com.sec.android.app.shealth,2026-07-08 05:00:00.000,a43112d3-7f84-4108-948f-4088f92921f1,
63200011,2026-07-08 05:00:00.000,,8a055832-0dd5-4f3e-87cc-d0bcb2d5bb00.binning_data.json,63200011,2026-07-08 06:15:00.204,2026-07-08 06:15:00.204,UTC-0300,hriiVjEkYE,,com.sec.android.app.shealth,2026-07-08 06:00:00.000,8a055832-0dd5-4f3e-87cc-d0bcb2d5bb00,
63200011,2026-07-08 06:00:00.000,,d68b550b-d5ce-417e-9aea-1d5a924d4db2.binning_data.json,63200011,2026-07-08 07:15:00.235,2026-07-08 07:15:00.235,UTC-0300,hriiVjEkYE,,com.sec.android.app.shealth,2026-07-08 07:00:00.000,d68b550b-d5ce-417e-9aea-1d5a924d4db2,
63200011,2026-07-08 07:00:00.000,,f56e7730-5ff5-48ab-a71f-39f515999c8c.binning_data.json,63200011,2026-07-08 08:15:02.230,2026-07-08 08:15:02.230,UTC-0300,hriiVjEkYE,,com.sec.android.app.shealth,2026-07-08 08:00:00.000,f56e7730-5ff5-48ab-a71f-39f515999c8c,
63200011,2026-07-08 08:00:00.000,,998e8802-41fe-4ee8-b911-075b7ff67755.binning_data.json,63200011,2026-07-08 09:15:01.210,2026-07-08 09:15:01.210,UTC-0300,hriiVjEkYE,,com.sec.android.app.shealth,2026-07-08 09:00:00.000,998e8802-41fe-4ee8-b911-075b7ff67755,
63200011,2026-07-08 09:00:00.000,,b3a88d56-518a-48ad-b79a-8a74dac2442b.binning_data.json,63200011,2026-07-08 10:15:01.161,2026-07-08 10:15:01.161,UTC-0300,hriiVjEkYE,,com.sec.android.app.shealth,2026-07-08 10:00:00.000,b3a88d56-518a-48ad-b79a-8a74dac2442b,
63200011,2026-07-08 10:00:00.000,,7bb1e781-e422-4bbd-8f86-850762d149a0.binning_data.json,63200011,2026-07-08 11:15:00.451,2026-07-08 11:15:00.451,UTC-0300,hriiVjEkYE,,com.sec.android.app.shealth,2026-07-08 11:00:00.000,7bb1e781-e422-4bbd-8f86-850762d149a0,
63200011,2026-07-08 11:00:00.000,,46a2e8b5-930a-4630-91a0-e82cddb3d4a0.binning_data.json,63200011,2026-07-08 12:15:00.437,2026-07-08 12:15:00.437,UTC-0300,hriiVjEkYE,,com.sec.android.app.shealth,2026-07-08 12:00:00.000,46a2e8b5-930a-4630-91a0-e82cddb3d4a0,
63200011,2026-07-08 12:00:00.000,,5a788291-89af-4e8e-8844-5acadf0d7f1a.binning_data.json,63200011,2026-07-08 13:15:01.201,2026-07-08 13:15:01.201,UTC-0300,hriiVjEkYE,,com.sec.android.app.shealth,2026-07-08 13:00:00.000,5a788291-89af-4e8e-8844-5acadf0d7f1a,
63200011,2026-07-08 13:00:00.000,,470192a6-a0cc-419a-b662-e4a42861d1a8.binning_data.json,63200011,2026-07-08 13:50:14.434,2026-07-08 13:50:14.434,UTC-0300,hriiVjEkYE,,com.sec.android.app.shealth,2026-07-08 13:50:14.342,470192a6-a0cc-419a-b662-e4a42861d1a8,
63200011,2026-07-10 02:00:00.000,,d1321477-d30d-45cf-8415-ada775875a0f.binning_data.json,63200011,2026-07-10 03:01:36.558,2026-07-10 03:01:36.558,UTC-0300,hriiVjEkYE,,com.sec.android.app.shealth,2026-07-10 03:00:00.000,d1321477-d30d-45cf-8415-ada775875a0f,
63200011,2026-07-10 04:00:00.000,,601ce1ca-6e94-4b76-af57-f1e8b31aa44b.binning_data.json,63200011,2026-07-10 05:15:00.638,2026-07-10 05:15:00.638,UTC-0300,hriiVjEkYE,,com.sec.android.app.shealth,2026-07-10 05:00:00.000,601ce1ca-6e94-4b76-af57-f1e8b31aa44b,
63200011,2026-07-10 05:00:00.000,,0612e00f-3e7f-4198-8934-de67f8363592.binning_data.json,63200011,2026-07-10 06:15:00.193,2026-07-10 06:15:00.193,UTC-0300,hriiVjEkYE,,com.sec.android.app.shealth,2026-07-10 06:00:00.000,0612e00f-3e7f-4198-8934-de67f8363592,
63200011,2026-07-10 06:00:00.000,,3f1c5bae-af49-422a-9ef5-dcd6098ca557.binning_data.json,63200011,2026-07-10 07:15:00.184,2026-07-10 07:15:00.184,UTC-0300,hriiVjEkYE,,com.sec.android.app.shealth,2026-07-10 07:00:00.000,3f1c5bae-af49-422a-9ef5-dcd6098ca557,
63200011,2026-07-10 07:00:00.000,,b36ef131-db29-4d5c-b237-9b9a7759fca9.binning_data.json,63200011,2026-07-10 08:15:01.022,2026-07-10 08:15:01.022,UTC-0300,hriiVjEkYE,,com.sec.android.app.shealth,2026-07-10 08:00:00.000,b36ef131-db29-4d5c-b237-9b9a7759fca9,
63200011,2026-07-10 08:00:00.000,,bb17ae82-6c64-427d-9e9e-ae18fdfaacb6.binning_data.json,63200011,2026-07-10 08:57:35.202,2026-07-10 08:57:35.202,UTC-0300,hriiVjEkYE,,com.sec.android.app.shealth,2026-07-10 08:57:35.055,bb17ae82-6c64-427d-9e9e-ae18fdfaacb6,
63200011,2026-07-10 12:00:00.000,,d960f42e-4a47-426d-b591-7faa71d582ea.binning_data.json,63200011,2026-07-10 12:43:49.510,2026-07-10 12:43:49.510,UTC-0300,hriiVjEkYE,,com.sec.android.app.shealth,2026-07-10 12:43:49.471,d960f42e-4a47-426d-b591-7faa71d582ea,
63200011,2026-07-11 05:00:00.000,,31d4ef63-080c-432b-8177-de5554c551fd.binning_data.json,63200011,2026-07-11 06:09:51.598,2026-07-11 06:09:51.598,UTC-0300,hriiVjEkYE,,com.sec.android.app.shealth,2026-07-11 06:00:00.000,31d4ef63-080c-432b-8177-de5554c551fd,
63200011,2026-07-11 06:00:00.000,,256d6864-55e9-4e9a-a382-01bbbe94baf1.binning_data.json,63200011,2026-07-11 07:14:59.446,2026-07-11 07:14:59.446,UTC-0300,hriiVjEkYE,,com.sec.android.app.shealth,2026-07-11 07:00:00.000,256d6864-55e9-4e9a-a382-01bbbe94baf1,
63200011,2026-07-11 07:00:00.000,,fe6cb652-ca8b-4422-90fd-358bc1326bec.binning_data.json,63200011,2026-07-11 08:05:31.262,2026-07-11 08:05:31.262,UTC-0300,hriiVjEkYE,,com.sec.android.app.shealth,2026-07-11 08:00:00.000,fe6cb652-ca8b-4422-90fd-358bc1326bec,
63200011,2026-07-11 08:00:00.000,,eca872e4-aa00-4802-b0e9-88c95e3cee62.binning_data.json,63200011,2026-07-11 09:15:01.271,2026-07-11 09:15:01.271,UTC-0300,hriiVjEkYE,,com.sec.android.app.shealth,2026-07-11 09:00:00.000,eca872e4-aa00-4802-b0e9-88c95e3cee62,
63200011,2026-07-11 09:00:00.000,,62f37f29-b5d3-4107-9022-9182f82fbad1.binning_data.json,63200011,2026-07-11 10:15:01.172,2026-07-11 10:15:01.172,UTC-0300,hriiVjEkYE,,com.sec.android.app.shealth,2026-07-11 10:00:00.000,62f37f29-b5d3-4107-9022-9182f82fbad1,
63200011,2026-07-11 10:00:00.000,,f935591c-9a61-4994-8ccd-b1f7592f13ae.binning_data.json,63200011,2026-07-11 11:06:37.238,2026-07-11 11:06:37.238,UTC-0300,hriiVjEkYE,,com.sec.android.app.shealth,2026-07-11 11:00:00.000,f935591c-9a61-4994-8ccd-b1f7592f13ae,
63200011,2026-07-11 11:00:00.000,,a2990a5a-f8e0-448e-bb95-25dcdbe1a3aa.binning_data.json,63200011,2026-07-11 12:11:54.169,2026-07-11 12:11:54.169,UTC-0300,hriiVjEkYE,,com.sec.android.app.shealth,2026-07-11 12:00:00.000,a2990a5a-f8e0-448e-bb95-25dcdbe1a3aa,
63200011,2026-07-11 12:00:00.000,,cd395411-387c-4776-b897-2544a6f18eff.binning_data.json,63200011,2026-07-11 13:14:22.189,2026-07-11 13:14:22.189,UTC-0300,hriiVjEkYE,,com.sec.android.app.shealth,2026-07-11 13:00:00.000,cd395411-387c-4776-b897-2544a6f18eff,
63200011,2026-07-11 13:00:00.000,,cd0d3a2b-b5cb-4e09-9919-e4fc7afaf184.binning_data.json,63200011,2026-07-11 13:20:18.252,2026-07-11 13:20:18.252,UTC-0300,hriiVjEkYE,,com.sec.android.app.shealth,2026-07-11 13:20:18.207,cd0d3a2b-b5cb-4e09-9919-e4fc7afaf184,
63200011,2026-07-13 04:00:00.000,,1d93af10-5393-4f95-83f4-7fe955aa0bf4.binning_data.json,63200011,2026-07-13 05:15:01.242,2026-07-13 05:15:01.242,UTC-0300,hriiVjEkYE,,com.sec.android.app.shealth,2026-07-13 05:00:00.000,1d93af10-5393-4f95-83f4-7fe955aa0bf4,
63200011,2026-07-13 05:00:00.000,,b5d53fa2-0fd8-4e43-bba7-78e1f13f8a97.binning_data.json,63200011,2026-07-13 06:12:04.181,2026-07-13 06:12:04.181,UTC-0300,hriiVjEkYE,,com.sec.android.app.shealth,2026-07-13 06:00:00.000,b5d53fa2-0fd8-4e43-bba7-78e1f13f8a97,
63200011,2026-07-13 06:00:00.000,,904bdb54-82d0-46cf-bc63-86de2a90cabc.binning_data.json,63200011,2026-07-13 07:15:00.472,2026-07-13 07:15:00.472,UTC-0300,hriiVjEkYE,,com.sec.android.app.shealth,2026-07-13 07:00:00.000,904bdb54-82d0-46cf-bc63-86de2a90cabc,
63200011,2026-07-13 07:00:00.000,,a8dc4931-2fed-41c7-867c-afb1669d5a87.binning_data.json,63200011,2026-07-13 08:15:00.447,2026-07-13 08:15:00.447,UTC-0300,hriiVjEkYE,,com.sec.android.app.shealth,2026-07-13 08:00:00.000,a8dc4931-2fed-41c7-867c-afb1669d5a87,
63200011,2026-07-13 08:00:00.000,,01557f8d-c3fe-4c6f-a2d7-fb0f641f98ce.binning_data.json,63200011,2026-07-13 09:08:03.250,2026-07-13 09:08:03.250,UTC-0300,hriiVjEkYE,,com.sec.android.app.shealth,2026-07-13 09:00:00.000,01557f8d-c3fe-4c6f-a2d7-fb0f641f98ce,
63200011,2026-07-13 09:00:00.000,,b9f49b40-e1b2-4b74-ac96-815d1feff58a.binning_data.json,63200011,2026-07-13 10:15:00.925,2026-07-13 10:15:00.925,UTC-0300,hriiVjEkYE,,com.sec.android.app.shealth,2026-07-13 10:00:00.000,b9f49b40-e1b2-4b74-ac96-815d1feff58a,
63200011,2026-07-13 10:00:00.000,,1c8e631f-7218-4824-b6d2-1a208fc12433.binning_data.json,63200011,2026-07-13 10:28:31.350,2026-07-13 10:28:31.350,UTC-0300,hriiVjEkYE,,com.sec.android.app.shealth,2026-07-13 10:28:31.182,1c8e631f-7218-4824-b6d2-1a208fc12433,
63200011,2026-07-15 03:00:00.000,,d4e70cdb-d5d9-462e-966c-b77486920b3e.binning_data.json,63200011,2026-07-15 04:14:59.595,2026-07-15 04:14:59.595,UTC-0300,hriiVjEkYE,,com.sec.android.app.shealth,2026-07-15 04:00:00.000,d4e70cdb-d5d9-462e-966c-b77486920b3e,
63200011,2026-07-15 04:00:00.000,,3fa90ae8-9fe2-4791-afe8-874519c92d48.binning_data.json,63200011,2026-07-15 05:08:14.263,2026-07-15 05:08:14.263,UTC-0300,hriiVjEkYE,,com.sec.android.app.shealth,2026-07-15 05:00:00.000,3fa90ae8-9fe2-4791-afe8-874519c92d48,
63200011,2026-07-15 05:00:00.000,,6f605af8-06f8-4d54-8411-b5746d792c54.binning_data.json,63200011,2026-07-15 06:14:59.302,2026-07-15 06:14:59.302,UTC-0300,hriiVjEkYE,,com.sec.android.app.shealth,2026-07-15 06:00:00.000,6f605af8-06f8-4d54-8411-b5746d792c54,
63200011,2026-07-15 06:00:00.000,,5c5b2f60-5a6d-41b5-9baa-9e2b02a7d55f.binning_data.json,63200011,2026-07-15 07:14:59.652,2026-07-15 07:14:59.652,UTC-0300,hriiVjEkYE,,com.sec.android.app.shealth,2026-07-15 07:00:00.000,5c5b2f60-5a6d-41b5-9baa-9e2b02a7d55f,
63200011,2026-07-15 07:00:00.000,,100946af-3597-44c4-a31e-f3a6b5159676.binning_data.json,63200011,2026-07-15 08:10:03.525,2026-07-15 08:10:03.525,UTC-0300,hriiVjEkYE,,com.sec.android.app.shealth,2026-07-15 08:00:00.000,100946af-3597-44c4-a31e-f3a6b5159676,
63200011,2026-07-15 08:00:00.000,,0c77913f-1074-4b37-821a-ddad44c4487f.binning_data.json,63200011,2026-07-15 08:29:12.438,2026-07-15 08:29:12.438,UTC-0300,hriiVjEkYE,,com.sec.android.app.shealth,2026-07-15 08:29:12.340,0c77913f-1074-4b37-821a-ddad44c4487f,
63200011,2026-07-19 04:00:00.000,,0d7f2158-2b41-4b9c-b6c2-f38be339d183.binning_data.json,63200011,2026-07-19 05:15:01.203,2026-07-19 05:15:01.203,UTC-0300,hriiVjEkYE,,com.sec.android.app.shealth,2026-07-19 05:00:00.000,0d7f2158-2b41-4b9c-b6c2-f38be339d183,
63200011,2026-07-19 05:00:00.000,,a88f8877-a852-4763-8e43-4245d4c476c5.binning_data.json,63200011,2026-07-19 06:15:00.361,2026-07-19 06:15:00.361,UTC-0300,hriiVjEkYE,,com.sec.android.app.shealth,2026-07-19 06:00:00.000,a88f8877-a852-4763-8e43-4245d4c476c5,
63200011,2026-07-19 06:00:00.000,,95c17250-e1f2-4b74-9e65-9863516d816e.binning_data.json,63200011,2026-07-19 07:15:00.564,2026-07-19 07:15:00.564,UTC-0300,hriiVjEkYE,,com.sec.android.app.shealth,2026-07-19 07:00:00.000,95c17250-e1f2-4b74-9e65-9863516d816e,
63200011,2026-07-19 07:00:00.000,,b4fa309a-c391-4037-b4f7-9206fdff2270.binning_data.json,63200011,2026-07-19 08:15:00.632,2026-07-19 08:15:00.632,UTC-0300,hriiVjEkYE,,com.sec.android.app.shealth,2026-07-19 08:00:00.000,b4fa309a-c391-4037-b4f7-9206fdff2270,
63200011,2026-07-19 08:00:00.000,,79bd570f-7a84-4ca0-b85b-d5834e107ab7.binning_data.json,63200011,2026-07-19 09:15:00.640,2026-07-19 09:15:00.640,UTC-0300,hriiVjEkYE,,com.sec.android.app.shealth,2026-07-19 09:00:00.000,79bd570f-7a84-4ca0-b85b-d5834e107ab7,
63200011,2026-07-19 09:00:00.000,,e919fc63-e372-4c4f-b281-97d467b836a2.binning_data.json,63200011,2026-07-19 10:15:00.223,2026-07-19 10:15:00.223,UTC-0300,hriiVjEkYE,,com.sec.android.app.shealth,2026-07-19 10:00:00.000,e919fc63-e372-4c4f-b281-97d467b836a2,
63200011,2026-07-19 10:00:00.000,,3b19317c-b085-4d55-aa31-5e35e99333db.binning_data.json,63200011,2026-07-19 11:15:01.220,2026-07-19 11:15:01.220,UTC-0300,hriiVjEkYE,,com.sec.android.app.shealth,2026-07-19 11:00:00.000,3b19317c-b085-4d55-aa31-5e35e99333db,
63200011,2026-07-19 11:00:00.000,,79907480-0e0e-4c39-842d-511f36b107cc.binning_data.json,63200011,2026-07-19 12:08:39.277,2026-07-19 12:08:39.277,UTC-0300,hriiVjEkYE,,com.sec.android.app.shealth,2026-07-19 12:00:00.000,79907480-0e0e-4c39-842d-511f36b107cc,
63200011,2026-07-19 12:00:00.000,,fd1be620-0dcd-414b-972e-579a5ca4593f.binning_data.json,63200011,2026-07-19 12:27:46.379,2026-07-19 12:27:46.379,UTC-0300,hriiVjEkYE,,com.sec.android.app.shealth,2026-07-19 12:27:46.261,fd1be620-0dcd-414b-972e-579a5ca4593f,
63200011,2026-07-21 04:00:00.000,,c184fa58-1647-4c06-acbb-85cae8e8bbbe.binning_data.json,63200011,2026-07-21 05:15:01.256,2026-07-21 05:15:01.256,UTC-0300,hriiVjEkYE,,com.sec.android.app.shealth,2026-07-21 05:00:00.000,c184fa58-1647-4c06-acbb-85cae8e8bbbe,
63200011,2026-07-21 05:00:00.000,,a4f58c83-ca30-4b27-bb61-d10bcc1c8514.binning_data.json,63200011,2026-07-21 06:15:01.197,2026-07-21 06:15:01.197,UTC-0300,hriiVjEkYE,,com.sec.android.app.shealth,2026-07-21 06:00:00.000,a4f58c83-ca30-4b27-bb61-d10bcc1c8514,
63200011,2026-07-21 06:00:00.000,,ed661b0f-1bc5-427e-b6fd-822f7cb32b99.binning_data.json,63200011,2026-07-21 07:15:00.228,2026-07-21 07:15:00.228,UTC-0300,hriiVjEkYE,,com.sec.android.app.shealth,2026-07-21 07:00:00.000,ed661b0f-1bc5-427e-b6fd-822f7cb32b99,
63200011,2026-07-21 07:00:00.000,,3a5ea60f-333e-4fe0-8556-e6a289d6dd09.binning_data.json,63200011,2026-07-21 08:08:38.406,2026-07-21 08:08:38.406,UTC-0300,hriiVjEkYE,,com.sec.android.app.shealth,2026-07-21 08:00:00.000,3a5ea60f-333e-4fe0-8556-e6a289d6dd09,
63200011,2026-07-21 08:00:00.000,,7c7690dd-a050-4125-801a-66614af66f34.binning_data.json,63200011,2026-07-21 09:15:00.203,2026-07-21 09:15:00.203,UTC-0300,hriiVjEkYE,,com.sec.android.app.shealth,2026-07-21 09:00:00.000,7c7690dd-a050-4125-801a-66614af66f34,
63200011,2026-07-21 09:00:00.000,,a37d4ea1-4a93-47bf-a267-4410aa5623a4.binning_data.json,63200011,2026-07-21 10:08:11.086,2026-07-21 10:08:11.086,UTC-0300,hriiVjEkYE,,com.sec.android.app.shealth,2026-07-21 10:00:00.000,a37d4ea1-4a93-47bf-a267-4410aa5623a4,
63200011,2026-07-21 10:00:00.000,,8c0b93bc-8fda-4d86-82bd-b69f8cbfcb28.binning_data.json,63200011,2026-07-21 10:08:41.327,2026-07-21 10:08:41.327,UTC-0300,hriiVjEkYE,,com.sec.android.app.shealth,2026-07-21 10:08:41.204,8c0b93bc-8fda-4d86-82bd-b69f8cbfcb28,
63200011,2026-07-22 03:00:00.000,,60763bde-162c-40d3-8cf7-4909e847b38e.binning_data.json,63200011,2026-07-22 04:15:00.232,2026-07-22 04:15:00.232,UTC-0300,hriiVjEkYE,,com.sec.android.app.shealth,2026-07-22 04:00:00.000,60763bde-162c-40d3-8cf7-4909e847b38e,
63200011,2026-07-22 04:00:00.000,,a2b435bd-4f11-4499-a7fa-a0c433eea281.binning_data.json,63200011,2026-07-22 05:15:00.592,2026-07-22 05:15:00.592,UTC-0300,hriiVjEkYE,,com.sec.android.app.shealth,2026-07-22 05:00:00.000,a2b435bd-4f11-4499-a7fa-a0c433eea281,
63200011,2026-07-22 05:00:00.000,,3166077e-2a92-4361-8f28-5e06d871f391.binning_data.json,63200011,2026-07-22 06:15:00.456,2026-07-22 06:15:00.456,UTC-0300,hriiVjEkYE,,com.sec.android.app.shealth,2026-07-22 06:00:00.000,3166077e-2a92-4361-8f28-5e06d871f391,
63200011,2026-07-22 06:00:00.000,,2045b100-e421-4ed1-9bcb-52ba0ec9358b.binning_data.json,63200011,2026-07-22 07:15:01.274,2026-07-22 07:15:01.274,UTC-0300,hriiVjEkYE,,com.sec.android.app.shealth,2026-07-22 07:00:00.000,2045b100-e421-4ed1-9bcb-52ba0ec9358b,
63200011,2026-07-22 07:00:00.000,,5a1c6fdd-aef3-4249-90e8-9200979766ce.binning_data.json,63200011,2026-07-22 08:15:01.216,2026-07-22 08:15:01.216,UTC-0300,hriiVjEkYE,,com.sec.android.app.shealth,2026-07-22 08:00:00.000,5a1c6fdd-aef3-4249-90e8-9200979766ce,
63200011,2026-07-22 08:00:00.000,,8a8034ae-6757-499d-a644-28b2ceaaa4e3.binning_data.json,63200011,2026-07-22 09:15:00.202,2026-07-22 09:15:00.202,UTC-0300,hriiVjEkYE,,com.sec.android.app.shealth,2026-07-22 09:00:00.000,8a8034ae-6757-499d-a644-28b2ceaaa4e3,
63200011,2026-07-22 09:00:00.000,,b0fd515c-7d75-4433-b4b1-bdea046a6ae4.binning_data.json,63200011,2026-07-22 10:11:21.414,2026-07-22 10:11:21.414,UTC-0300,hriiVjEkYE,,com.sec.android.app.shealth,2026-07-22 10:00:00.000,b0fd515c-7d75-4433-b4b1-bdea046a6ae4,
63200011,2026-07-22 10:00:00.000,,94d6835b-11d7-4574-994c-ea8d47e4333b.binning_data.json,63200011,2026-07-22 11:11:55.080,2026-07-22 11:11:55.080,UTC-0300,hriiVjEkYE,,com.sec.android.app.shealth,2026-07-22 11:00:00.000,94d6835b-11d7-4574-994c-ea8d47e4333b,
63200011,2026-07-22 11:00:00.000,,f61061bf-6c29-4e8e-a8c4-15a8e851b2a1.binning_data.json,63200011,2026-07-22 11:49:08.356,2026-07-22 11:49:08.356,UTC-0300,hriiVjEkYE,,com.sec.android.app.shealth,2026-07-22 11:49:08.265,f61061bf-6c29-4e8e-a8c4-15a8e851b2a1,
63200011,2026-07-25 04:00:00.000,,2f2b5b06-ff85-47e3-be0f-e125d3eeb1bf.binning_data.json,63200011,2026-07-25 05:05:05.547,2026-07-25 05:05:05.547,UTC-0300,hriiVjEkYE,,com.sec.android.app.shealth,2026-07-25 05:00:00.000,2f2b5b06-ff85-47e3-be0f-e125d3eeb1bf,
63200011,2026-07-25 05:00:00.000,,64e053c2-f07c-47cf-b76d-76646a849fe2.binning_data.json,63200011,2026-07-25 06:15:01.602,2026-07-25 06:15:01.602,UTC-0300,hriiVjEkYE,,com.sec.android.app.shealth,2026-07-25 06:00:00.000,64e053c2-f07c-47cf-b76d-76646a849fe2,
63200011,2026-07-25 06:00:00.000,,8dfb9e4f-1f67-4eb6-87c0-7951ae7affa8.binning_data.json,63200011,2026-07-25 07:15:01.552,2026-07-25 07:15:01.552,UTC-0300,hriiVjEkYE,,com.sec.android.app.shealth,2026-07-25 07:00:00.000,8dfb9e4f-1f67-4eb6-87c0-7951ae7affa8,
63200011,2026-07-25 07:00:00.000,,b5a70b25-b013-4404-8f28-17585ea62811.binning_data.json,63200011,2026-07-25 08:08:04.211,2026-07-25 08:08:04.211,UTC-0300,hriiVjEkYE,,com.sec.android.app.shealth,2026-07-25 08:00:00.000,b5a70b25-b013-4404-8f28-17585ea62811,
63200011,2026-07-25 08:00:00.000,,ae3f665d-a006-4f3c-b25b-3bb78fd19484.binning_data.json,63200011,2026-07-25 09:18:54.197,2026-07-25 09:18:54.197,UTC-0300,hriiVjEkYE,,com.sec.android.app.shealth,2026-07-25 09:00:00.000,ae3f665d-a006-4f3c-b25b-3bb78fd19484,
63200011,2026-07-26 02:00:00.000,,43f9daa2-c14b-44d6-bf7a-786a09417689.binning_data.json,63200011,2026-07-26 03:15:00.735,2026-07-26 03:15:00.735,UTC-0300,hriiVjEkYE,,com.sec.android.app.shealth,2026-07-26 03:00:00.000,43f9daa2-c14b-44d6-bf7a-786a09417689,
63200011,2026-07-26 03:00:00.000,,3fa146ae-c274-4a85-be2c-02bd8f2f9283.binning_data.json,63200011,2026-07-26 04:15:00.640,2026-07-26 04:15:00.640,UTC-0300,hriiVjEkYE,,com.sec.android.app.shealth,2026-07-26 04:00:00.000,3fa146ae-c274-4a85-be2c-02bd8f2f9283,
63200011,2026-07-26 04:00:00.000,,792e9ad2-8cd5-4c19-9909-54697fe0e10b.binning_data.json,63200011,2026-07-26 05:08:21.183,2026-07-26 05:08:21.183,UTC-0300,hriiVjEkYE,,com.sec.android.app.shealth,2026-07-26 05:00:00.000,792e9ad2-8cd5-4c19-9909-54697fe0e10b,
63200011,2026-07-26 05:00:00.000,,a668b750-cf16-496e-a755-e48e8542a8d5.binning_data.json,63200011,2026-07-26 06:15:01.200,2026-07-26 06:15:01.200,UTC-0300,hriiVjEkYE,,com.sec.android.app.shealth,2026-07-26 06:00:00.000,a668b750-cf16-496e-a755-e48e8542a8d5,
63200011,2026-07-26 06:00:00.000,,53dc5ddb-0044-46c2-9c61-43915cb35c15.binning_data.json,63200011,2026-07-26 07:15:00.954,2026-07-26 07:15:00.954,UTC-0300,hriiVjEkYE,,com.sec.android.app.shealth,2026-07-26 07:00:00.000,53dc5ddb-0044-46c2-9c61-43915cb35c15,
63200011,2026-07-26 07:00:00.000,,c28a6ee4-3143-42dc-ad97-2c71cc600fa1.binning_data.json,63200011,2026-07-26 08:06:33.283,2026-07-26 08:06:33.283,UTC-0300,hriiVjEkYE,,com.sec.android.app.shealth,2026-07-26 08:00:00.000,c28a6ee4-3143-42dc-ad97-2c71cc600fa1,
63200011,2026-07-26 08:00:00.000,,c4d44858-e686-4477-b815-d3f33e4fc89c.binning_data.json,63200011,2026-07-26 09:15:01.181,2026-07-26 09:15:01.181,UTC-0300,hriiVjEkYE,,com.sec.android.app.shealth,2026-07-26 09:00:00.000,c4d44858-e686-4477-b815-d3f33e4fc89c,
63200011,2026-07-26 09:00:00.000,,70a538dc-55d6-49d9-838e-8f258f5e873f.binning_data.json,63200011,2026-07-26 10:15:00.541,2026-07-26 10:15:00.541,UTC-0300,hriiVjEkYE,,com.sec.android.app.shealth,2026-07-26 10:00:00.000,70a538dc-55d6-49d9-838e-8f258f5e873f,
63200011,2026-07-26 10:00:00.000,,f426b9e7-4c75-47f7-a6a8-7730ff9f8644.binning_data.json,63200011,2026-07-26 11:09:31.160,2026-07-26 11:09:31.160,UTC-0300,hriiVjEkYE,,com.sec.android.app.shealth,2026-07-26 11:00:00.000,f426b9e7-4c75-47f7-a6a8-7730ff9f8644,
63200011,2026-07-26 11:00:00.000,,2fece89e-42ba-4e05-8b33-74051113207f.binning_data.json,63200011,2026-07-26 12:15:00.659,2026-07-26 12:15:00.659,UTC-0300,hriiVjEkYE,,com.sec.android.app.shealth,2026-07-26 12:00:00.000,2fece89e-42ba-4e05-8b33-74051113207f,
63200011,2026-07-26 12:00:00.000,,245a8b62-b739-4d8a-b2c3-0cc48c13fae3.binning_data.json,63200011,2026-07-26 13:05:31.440,2026-07-26 13:05:31.440,UTC-0300,hriiVjEkYE,,com.sec.android.app.shealth,2026-07-26 13:00:00.000,245a8b62-b739-4d8a-b2c3-0cc48c13fae3,
63200011,2026-07-26 13:00:00.000,,5cb06cc1-ade0-4420-9e16-20f662fc8f81.binning_data.json,63200011,2026-07-26 13:58:32.313,2026-07-26 13:58:32.313,UTC-0300,hriiVjEkYE,,com.sec.android.app.shealth,2026-07-26 13:58:32.233,5cb06cc1-ade0-4420-9e16-20f662fc8f81,
63200011,2026-07-28 04:00:00.000,,961f2bb4-97e4-4519-a7e2-215e68a8aff8.binning_data.json,63200011,2026-07-28 05:05:20.528,2026-07-28 05:05:20.528,UTC-0300,hriiVjEkYE,,com.sec.android.app.shealth,2026-07-28 05:00:00.000,961f2bb4-97e4-4519-a7e2-215e68a8aff8,
63200011,2026-07-28 05:00:00.000,,d7f0f02a-dcf4-4de0-b37d-f0289c082ed0.binning_data.json,63200011,2026-07-28 06:15:00.189,2026-07-28 06:15:00.189,UTC-0300,hriiVjEkYE,,com.sec.android.app.shealth,2026-07-28 06:00:00.000,d7f0f02a-dcf4-4de0-b37d-f0289c082ed0,
63200011,2026-07-28 06:00:00.000,,a6bdf895-dd6e-4f5f-ac8f-fbad62737a45.binning_data.json,63200011,2026-07-28 07:15:00.184,2026-07-28 07:15:00.184,UTC-0300,hriiVjEkYE,,com.sec.android.app.shealth,2026-07-28 07:00:00.000,a6bdf895-dd6e-4f5f-ac8f-fbad62737a45,
63200011,2026-07-28 07:00:00.000,,7182cdd3-4eb2-4067-9247-9994a3624dd7.binning_data.json,63200011,2026-07-28 08:06:21.295,2026-07-28 08:06:21.295,UTC-0300,hriiVjEkYE,,com.sec.android.app.shealth,2026-07-28 08:00:00.000,7182cdd3-4eb2-4067-9247-9994a3624dd7,
63200011,2026-07-28 08:00:00.000,,c4cf485b-d1b3-4f53-a2b8-633e0f7c75df.binning_data.json,63200011,2026-07-28 09:15:01.234,2026-07-28 09:15:01.234,UTC-0300,hriiVjEkYE,,com.sec.android.app.shealth,2026-07-28 09:00:00.000,c4cf485b-d1b3-4f53-a2b8-633e0f7c75df,
63200011,2026-07-28 09:00:00.000,,d6a291e4-ffb6-4384-beb2-61af4799b42d.binning_data.json,63200011,2026-07-28 10:03:41.027,2026-07-28 10:03:41.027,UTC-0300,hriiVjEkYE,,com.sec.android.app.shealth,2026-07-28 10:00:00.000,d6a291e4-ffb6-4384-beb2-61af4799b42d,
63200011,2026-07-30 04:00:00.000,,499a1b1b-99f9-460a-b89a-51368c5f5b5a.binning_data.json,63200011,2026-07-30 05:07:07.634,2026-07-30 05:07:07.634,UTC-0300,hriiVjEkYE,,com.sec.android.app.shealth,2026-07-30 05:00:00.000,499a1b1b-99f9-460a-b89a-51368c5f5b5a,
63200011,2026-07-30 05:00:00.000,,4d878c1c-5670-4274-880f-252e3a701ec5.binning_data.json,63200011,2026-07-30 06:15:01.593,2026-07-30 06:15:01.593,UTC-0300,hriiVjEkYE,,com.sec.android.app.shealth,2026-07-30 06:00:00.000,4d878c1c-5670-4274-880f-252e3a701ec5,
63200011,2026-07-30 06:00:00.000,,30e0ef9e-2ef0-416b-b154-3eb8607b6ace.binning_data.json,63200011,2026-07-30 07:15:01.221,2026-07-30 07:15:01.221,UTC-0300,hriiVjEkYE,,com.sec.android.app.shealth,2026-07-30 07:00:00.000,30e0ef9e-2ef0-416b-b154-3eb8607b6ace,
63200011,2026-07-30 07:00:00.000,,a439d384-0349-40e1-8267-ab2f0e8a7326.binning_data.json,63200011,2026-07-30 08:08:03.318,2026-07-30 08:08:03.318,UTC-0300,hriiVjEkYE,,com.sec.android.app.shealth,2026-07-30 08:00:00.000,a439d384-0349-40e1-8267-ab2f0e8a7326,
63200011,2026-07-30 08:00:00.000,,a56f0771-d2ca-41d5-b608-e05f96db0c25.binning_data.json,63200011,2026-07-30 09:15:01.380,2026-07-30 09:15:01.380,UTC-0300,hriiVjEkYE,,com.sec.android.app.shealth,2026-07-30 09:00:00.000,a56f0771-d2ca-41d5-b608-e05f96db0c25,
63200011,2026-07-30 09:00:00.000,,6ef51eb9-55b8-4855-b858-3b0c2b44b849.binning_data.json,63200011,2026-07-30 09:55:40.339,2026-07-30 09:55:40.339,UTC-0300,hriiVjEkYE,,com.sec.android.app.shealth,2026-07-30 09:55:40.235,6ef51eb9-55b8-4855-b858-3b0c2b44b849,
63200011,2026-08-01 20:00:00.000,,086fa453-960c-4b8c-bd1b-aceb59d0d50f.binning_data.json,63200011,2026-08-01 21:15:00.661,2026-08-01 21:15:00.661,UTC-0300,hriiVjEkYE,,com.sec.android.app.shealth,2026-08-01 21:00:00.000,086fa453-960c-4b8c-bd1b-aceb59d0d50f,
63200011,2026-08-01 21:00:00.000,,e6584252-7cd5-4790-9b05-be516cd63aa3.binning_data.json,63200011,2026-08-01 21:42:55.363,2026-08-01 21:42:55.363,UTC-0300,hriiVjEkYE,,com.sec.android.app.shealth,2026-08-01 21:42:55.234,e6584252-7cd5-4790-9b05-be516cd63aa3,
63200011,2026-08-02 08:00:00.000,,8a5f2232-940d-4ae4-82f3-d598fe874692.binning_data.json,63200011,2026-08-02 09:15:01.242,2026-08-02 09:15:01.242,UTC-0300,hriiVjEkYE,,com.sec.android.app.shealth,2026-08-02 09:00:00.000,8a5f2232-940d-4ae4-82f3-d598fe874692,
70001311,2026-08-02 09:00:00.000,,5f386cce-7415-4d8d-a7f5-b228091aa5be.binning_data.json,70001311,2026-08-02 10:15:00.479,2026-08-02 10:15:00.479,UTC-0300,hriiVjEkYE,,com.sec.android.app.shealth,2026-08-02 10:00:00.000,5f386cce-7415-4d8d-a7f5-b228091aa5be,
70001311,2026-08-02 10:00:00.000,,21b7dac8-a8ed-445e-b0b5-3b01665b351a.binning_data.json,70001311,2026-08-02 11:05:24.450,2026-08-02 11:05:24.450,UTC-0300,hriiVjEkYE,,com.sec.android.app.shealth,2026-08-02 11:00:00.000,21b7dac8-a8ed-445e-b0b5-3b01665b351a,
70001311,2026-08-02 11:00:00.000,,08d7d122-fbfa-4d8e-8df0-9276b171699e.binning_data.json,70001311,2026-08-02 12:15:00.294,2026-08-02 12:15:00.294,UTC-0300,hriiVjEkYE,,com.sec.android.app.shealth,2026-08-02 12:00:00.000,08d7d122-fbfa-4d8e-8df0-9276b171699e,
70001311,2026-08-02 12:00:00.000,,c3a17ecc-99b5-4ab0-b201-dbf790a9d699.binning_data.json,70001311,2026-08-02 13:15:01.544,2026-08-02 13:15:01.544,UTC-0300,hriiVjEkYE,,com.sec.android.app.shealth,2026-08-02 13:00:00.000,c3a17ecc-99b5-4ab0-b201-dbf790a9d699,
70001311,2026-08-02 13:00:00.000,,ac06d368-49d1-486e-8a77-2d961ff7ac87.binning_data.json,70001311,2026-08-02 14:06:04.537,2026-08-02 14:06:04.537,UTC-0300,hriiVjEkYE,,com.sec.android.app.shealth,2026-08-02 14:00:00.000,ac06d368-49d1-486e-8a77-2d961ff7ac87,
70001311,2026-08-02 14:00:00.000,,54217900-fd41-4ce5-a71f-fb8ee5c1b394.binning_data.json,70001311,2026-08-02 15:15:01.237,2026-08-02 15:15:01.237,UTC-0300,hriiVjEkYE,,com.sec.android.app.shealth,2026-08-02 15:00:00.000,54217900-fd41-4ce5-a71f-fb8ee5c1b394,
70001311,2026-08-02 15:00:00.000,,7b6ae643-62fe-46d6-8ad3-ebf333ae7719.binning_data.json,70001311,2026-08-02 16:05:18.152,2026-08-02 16:05:18.152,UTC-0300,hriiVjEkYE,,com.sec.android.app.shealth,2026-08-02 16:00:00.000,7b6ae643-62fe-46d6-8ad3-ebf333ae7719,
70001311,2026-08-02 16:00:00.000,,74f32adc-023c-45b3-932c-25ceda2bc50a.binning_data.json,70001311,2026-08-02 16:11:17.149,2026-08-02 16:11:17.149,UTC-0300,hriiVjEkYE,,com.sec.android.app.shealth,2026-08-02 16:11:16.849,74f32adc-023c-45b3-932c-25ceda2bc50a,
70001311,2026-08-06 03:00:00.000,,2cd1fcd1-56f8-4ea0-9e49-75536ee74a99.binning_data.json,70001311,2026-08-06 04:15:02.190,2026-08-06 04:15:02.190,UTC-0300,hriiVjEkYE,,com.sec.android.app.shealth,2026-08-06 04:00:00.000,2cd1fcd1-56f8-4ea0-9e49-75536ee74a99,
70001311,2026-08-06 04:00:00.000,,c8408c6b-7a39-469f-8b8b-785469ce9095.binning_data.json,70001311,2026-08-06 05:15:01.222,2026-08-06 05:15:01.222,UTC-0300,hriiVjEkYE,,com.sec.android.app.shealth,2026-08-06 05:00:00.000,c8408c6b-7a39-469f-8b8b-785469ce9095,
70001311,2026-08-06 05:00:00.000,,4661c06e-177a-42d0-93ce-e64171351659.binning_data.json,70001311,2026-08-06 06:15:01.242,2026-08-06 06:15:01.242,UTC-0300,hriiVjEkYE,,com.sec.android.app.shealth,2026-08-06 06:00:00.000,4661c06e-177a-42d0-93ce-e64171351659,
70001311,2026-08-06 06:00:00.000,,e99da14e-6afb-4dfb-b569-9c4b9c86c335.binning_data.json,70001311,2026-08-06 07:15:01.042,2026-08-06 07:15:01.042,UTC-0300,hriiVjEkYE,,com.sec.android.app.shealth,2026-08-06 07:00:00.000,e99da14e-6afb-4dfb-b569-9c4b9c86c335,
70001311,2026-08-06 07:00:00.000,,e8260f5e-f481-4929-acc1-80893d5c43d7.binning_data.json,70001311,2026-08-06 08:15:01.176,2026-08-06 08:15:01.176,UTC-0300,hriiVjEkYE,,com.sec.android.app.shealth,2026-08-06 08:00:00.000,e8260f5e-f481-4929-acc1-80893d5c43d7,
70001311,2026-08-06 08:00:00.000,,61df2504-1f0b-45d8-b9cf-b6b29255c3e7.binning_data.json,70001311,2026-08-06 09:15:02.239,2026-08-06 09:15:02.239,UTC-0300,hriiVjEkYE,,com.sec.android.app.shealth,2026-08-06 09:00:00.000,61df2504-1f0b-45d8-b9cf-b6b29255c3e7,
70001311,2026-08-06 09:00:00.000,,80bdbdb2-7981-4e74-b253-7d71dcdf8d8c.binning_data.json,70001311,2026-08-06 10:15:00.429,2026-08-06 10:15:00.429,UTC-0300,hriiVjEkYE,,com.sec.android.app.shealth,2026-08-06 10:00:00.000,80bdbdb2-7981-4e74-b253-7d71dcdf8d8c,
70001311,2026-08-06 10:00:00.000,,192ec420-85ec-4c95-98c9-206da95145d3.binning_data.json,70001311,2026-08-06 10:45:45.933,2026-08-06 10:45:45.933,UTC-0300,hriiVjEkYE,,com.sec.android.app.shealth,2026-08-06 10:45:45.897,192ec420-85ec-4c95-98c9-206da95145d3,
70001311,2026-08-07 04:00:00.000,,ae041bbf-a081-4e3f-982d-831a9e9dc011.binning_data.json,70001311,2026-08-07 05:15:01.199,2026-08-07 05:15:01.199,UTC-0300,hriiVjEkYE,,com.sec.android.app.shealth,2026-08-07 05:00:00.000,ae041bbf-a081-4e3f-982d-831a9e9dc011,
70001311,2026-08-07 05:00:00.000,,2d828e6f-3846-4fa0-a2e3-71a6443b40c9.binning_data.json,70001311,2026-08-07 06:19:44.133,2026-08-07 06:19:44.133,UTC-0300,hriiVjEkYE,,com.sec.android.app.shealth,2026-08-07 06:00:00.000,2d828e6f-3846-4fa0-a2e3-71a6443b40c9,
70001311,2026-08-07 06:00:00.000,,361dd7f5-2be6-40cd-a925-c4c78f28cadd.binning_data.json,70001311,2026-08-07 07:05:32.310,2026-08-07 07:05:32.310,UTC-0300,hriiVjEkYE,,com.sec.android.app.shealth,2026-08-07 07:00:00.000,361dd7f5-2be6-40cd-a925-c4c78f28cadd,
70001311,2026-08-07 07:00:00.000,,3129c2ec-19d0-4de9-81d0-2e294266b9d9.binning_data.json,70001311,2026-08-07 08:15:00.383,2026-08-07 08:15:00.383,UTC-0300,hriiVjEkYE,,com.sec.android.app.shealth,2026-08-07 08:00:00.000,3129c2ec-19d0-4de9-81d0-2e294266b9d9,
70001311,2026-08-07 08:00:00.000,,99038045-edce-45cb-92e8-e219f5ecd3df.binning_data.json,70001311,2026-08-07 09:15:01.174,2026-08-07 09:15:01.174,UTC-0300,hriiVjEkYE,,com.sec.android.app.shealth,2026-08-07 09:00:00.000,99038045-edce-45cb-92e8-e219f5ecd3df,
70001311,2026-08-07 09:00:00.000,,3f0f3008-ae1a-4417-9ee2-93c889fc2607.binning_data.json,70001311,2026-08-07 10:09:13.427,2026-08-07 10:09:13.427,UTC-0300,hriiVjEkYE,,com.sec.android.app.shealth,2026-08-07 10:00:00.000,3f0f3008-ae1a-4417-9ee2-93c889fc2607,
70001311,2026-08-07 10:00:00.000,,519c1907-0c32-4e03-8d08-0dde96b52f94.binning_data.json,70001311,2026-08-07 11:15:00.120,2026-08-07 11:15:00.120,UTC-0300,hriiVjEkYE,,com.sec.android.app.shealth,2026-08-07 11:00:00.000,519c1907-0c32-4e03-8d08-0dde96b52f94,
70001311,2026-08-07 11:00:00.000,,2b9a5469-dc17-42b6-960a-72cb5594ec47.binning_data.json,70001311,2026-08-07 11:15:24.637,2026-08-07 11:15:24.637,UTC-0300,hriiVjEkYE,,com.sec.android.app.shealth,2026-08-07 11:15:24.529,2b9a5469-dc17-42b6-960a-72cb5594ec47,
70001311,2026-08-08 03:00:00.000,,98cecf2b-3f3c-4387-b341-712b14828e39.binning_data.json,70001311,2026-08-08 04:15:00.263,2026-08-08 04:15:00.263,UTC-0300,hriiVjEkYE,,com.sec.android.app.shealth,2026-08-08 04:00:00.000,98cecf2b-3f3c-4387-b341-712b14828e39,
70001311,2026-08-08 04:00:00.000,,763d7cf8-b64e-402f-9d13-a2c74bc9ee59.binning_data.json,70001311,2026-08-08 05:15:00.613,2026-08-08 05:15:00.613,UTC-0300,hriiVjEkYE,,com.sec.android.app.shealth,2026-08-08 05:00:00.000,763d7cf8-b64e-402f-9d13-a2c74bc9ee59,
70001311,2026-08-08 05:00:00.000,,9a386748-eccb-46d6-8da4-d10a6859c3bd.binning_data.json,70001311,2026-08-08 06:10:04.395,2026-08-08 06:10:04.395,UTC-0300,hriiVjEkYE,,com.sec.android.app.shealth,2026-08-08 06:00:00.000,9a386748-eccb-46d6-8da4-d10a6859c3bd,
70001311,2026-08-08 06:00:00.000,,7ab3fd46-0801-419b-b82f-92262141e6c1.binning_data.json,70001311,2026-08-08 07:15:00.504,2026-08-08 07:15:00.504,UTC-0300,hriiVjEkYE,,com.sec.android.app.shealth,2026-08-08 07:00:00.000,7ab3fd46-0801-419b-b82f-92262141e6c1,
70001311,2026-08-08 07:00:00.000,,12ac54b2-d1e1-4467-87af-dc04374acbd5.binning_data.json,70001311,2026-08-08 08:15:00.364,2026-08-08 08:15:00.364,UTC-0300,hriiVjEkYE,,com.sec.android.app.shealth,2026-08-08 08:00:00.000,12ac54b2-d1e1-4467-87af-dc04374acbd5,
70001311,2026-08-08 08:00:00.000,,a3d86f30-01b1-42c1-9cf7-353564492dca.binning_data.json,70001311,2026-08-08 09:11:30.288,2026-08-08 09:11:30.288,UTC-0300,hriiVjEkYE,,com.sec.android.app.shealth,2026-08-08 09:00:00.000,a3d86f30-01b1-42c1-9cf7-353564492dca,
70001311,2026-08-08 09:00:00.000,,287ac45e-b3bd-46ab-bc53-fd54cfedb389.binning_data.json,70001311,2026-08-08 10:15:00.578,2026-08-08 10:15:00.578,UTC-0300,hriiVjEkYE,,com.sec.android.app.shealth,2026-08-08 10:00:00.000,287ac45e-b3bd-46ab-bc53-fd54cfedb389,
70001311,2026-08-08 10:00:00.000,,c4cc2f4f-1660-4fc2-ac7e-469bdc007581.binning_data.json,70001311,2026-08-08 11:13:17.228,2026-08-08 11:13:17.228,UTC-0300,hriiVjEkYE,,com.sec.android.app.shealth,2026-08-08 11:00:00.000,c4cc2f4f-1660-4fc2-ac7e-469bdc007581,
70001311,2026-08-08 11:00:00.000,,f6138e1e-de5a-4b1f-bc76-d324bf304e3c.binning_data.json,70001311,2026-08-08 12:06:07.292,2026-08-08 12:06:07.292,UTC-0300,hriiVjEkYE,,com.sec.android.app.shealth,2026-08-08 12:00:00.000,f6138e1e-de5a-4b1f-bc76-d324bf304e3c,
70001311,2026-08-08 12:00:00.000,,942eab22-f4e3-4d15-a300-350d4858c5db.binning_data.json,70001311,2026-08-08 13:13:55.795,2026-08-08 13:13:55.795,UTC-0300,hriiVjEkYE,,com.sec.android.app.shealth,2026-08-08 13:00:00.000,942eab22-f4e3-4d15-a300-350d4858c5db,
70001311,2026-08-08 13:00:00.000,,fd565b92-436b-4127-b548-9431ab5a4ba2.binning_data.json,70001311,2026-08-08 13:30:05.441,2026-08-08 13:30:05.441,UTC-0300,hriiVjEkYE,,com.sec.android.app.shealth,2026-08-08 13:30:05.225,fd565b92-436b-4127-b548-9431ab5a4ba2,
70001311,2026-08-11 04:00:00.000,,45df2ea4-6ff0-4172-b579-ae0153d0f16d.binning_data.json,70001311,2026-08-11 05:15:01.221,2026-08-11 05:15:01.221,UTC-0300,hriiVjEkYE,,com.sec.android.app.shealth,2026-08-11 05:00:00.000,45df2ea4-6ff0-4172-b579-ae0153d0f16d,
70001311,2026-08-11 05:00:00.000,,9200ee50-8048-40c0-ac45-a4c99d29f328.binning_data.json,70001311,2026-08-11 06:07:10.023,2026-08-11 06:07:10.023,UTC-0300,hriiVjEkYE,,com.sec.android.app.shealth,2026-08-11 06:00:00.000,9200ee50-8048-40c0-ac45-a4c99d29f328,
70001311,2026-08-11 06:00:00.000,,4f57b8b5-e483-4b8c-abdf-bebc03890aac.binning_data.json,70001311,2026-08-11 07:15:01.247,2026-08-11 07:15:01.247,UTC-0300,hriiVjEkYE,,com.sec.android.app.shealth,2026-08-11 07:00:00.000,4f57b8b5-e483-4b8c-abdf-bebc03890aac,
70001311,2026-08-11 07:00:00.000,,75559b42-1666-4839-a4be-b41cbca17cdd.binning_data.json,70001311,2026-08-11 08:15:00.226,2026-08-11 08:15:00.226,UTC-0300,hriiVjEkYE,,com.sec.android.app.shealth,2026-08-11 08:00:00.000,75559b42-1666-4839-a4be-b41cbca17cdd,
70001311,2026-08-11 08:00:00.000,,853691d9-495e-4845-9bd2-e292bccd34b9.binning_data.json,70001311,2026-08-11 09:08:01.243,2026-08-11 09:08:01.243,UTC-0300,hriiVjEkYE,,com.sec.android.app.shealth,2026-08-11 09:00:00.000,853691d9-495e-4845-9bd2-e292bccd34b9,
70001311,2026-08-11 09:00:00.000,,833762da-bd18-4539-afbe-5e360f2c4b3b.binning_data.json,70001311,2026-08-11 10:12:57.240,2026-08-11 10:12:57.240,UTC-0300,hriiVjEkYE,,com.sec.android.app.shealth,2026-08-11 10:00:00.000,833762da-bd18-4539-afbe-5e360f2c4b3b,
70001311,2026-08-11 10:00:00.000,,e5aa0003-c826-4cf5-9907-6de4eda5b199.binning_data.json,70001311,2026-08-11 10:21:25.995,2026-08-11 10:21:25.995,UTC-0300,hriiVjEkYE,,com.sec.android.app.shealth,2026-08-11 10:21:25.878,e5aa0003-c826-4cf5-9907-6de4eda5b199,
70001311,2026-08-12 04:00:00.000,,06226a50-365f-4253-9127-260b8323e5fb.binning_data.json,70001311,2026-08-12 05:15:00.638,2026-08-12 05:15:00.638,UTC-0300,hriiVjEkYE,,com.sec.android.app.shealth,2026-08-12 05:00:00.000,06226a50-365f-4253-9127-260b8323e5fb,
70001311,2026-08-12 05:00:00.000,,844118bf-18e6-4116-8bf2-f0f2a4136e4a.binning_data.json,70001311,2026-08-12 06:15:00.197,2026-08-12 06:15:00.197,UTC-0300,hriiVjEkYE,,com.sec.android.app.shealth,2026-08-12 06:00:00.000,844118bf-18e6-4116-8bf2-f0f2a4136e4a,
70001311,2026-08-12 06:00:00.000,,be33c87e-3d68-46c4-a8d6-180b28318d6f.binning_data.json,70001311,2026-08-12 07:15:00.598,2026-08-12 07:15:00.598,UTC-0300,hriiVjEkYE,,com.sec.android.app.shealth,2026-08-12 07:00:00.000,be33c87e-3d68-46c4-a8d6-180b28318d6f,
70001311,2026-08-12 07:00:00.000,,9d13f3a1-26f2-48c9-8bd0-5ce0d2e27259.binning_data.json,70001311,2026-08-12 08:14:59.364,2026-08-12 08:14:59.364,UTC-0300,hriiVjEkYE,,com.sec.android.app.shealth,2026-08-12 08:00:00.000,9d13f3a1-26f2-48c9-8bd0-5ce0d2e27259,
70001311,2026-08-12 08:00:00.000,,73aebb7d-30ed-4bb8-9565-dbdde67dfb2a.binning_data.json,70001311,2026-08-12 09:15:00.214,2026-08-12 09:15:00.214,UTC-0300,hriiVjEkYE,,com.sec.android.app.shealth,2026-08-12 09:00:00.000,73aebb7d-30ed-4bb8-9565-dbdde67dfb2a,
70001311,2026-08-12 09:00:00.000,,6430d5d5-759b-4542-b853-0d07fe5bb4f1.binning_data.json,70001311,2026-08-12 10:07:56.449,2026-08-12 10:07:56.449,UTC-0300,hriiVjEkYE,,com.sec.android.app.shealth,2026-08-12 10:00:00.000,6430d5d5-759b-4542-b853-0d07fe5bb4f1,
70001311,2026-08-12 10:00:00.000,,e512a29c-caa9-468b-9fd8-aa5064356e67.binning_data.json,70001311,2026-08-12 10:25:06.892,2026-08-12 10:25:06.892,UTC-0300,hriiVjEkYE,,com.sec.android.app.shealth,2026-08-12 10:25:06.770,e512a29c-caa9-468b-9fd8-aa5064356e67,
70001311,2026-08-17 04:00:00.000,,56bdf9e5-56ce-4577-a294-008f59c5834d.binning_data.json,70001311,2026-08-17 05:15:01.217,2026-08-17 05:15:01.217,UTC-0300,hriiVjEkYE,,com.sec.android.app.shealth,2026-08-17 05:00:00.000,56bdf9e5-56ce-4577-a294-008f59c5834d,
70001311,2026-08-17 05:00:00.000,,0a827d7c-b5f7-4036-9a3a-9ff5abd59544.binning_data.json,70001311,2026-08-17 06:15:16.177,2026-08-17 06:15:16.177,UTC-0300,hriiVjEkYE,,com.sec.android.app.shealth,2026-08-17 06:00:00.000,0a827d7c-b5f7-4036-9a3a-9ff5abd59544,
70001311,2026-08-17 06:00:00.000,,6dc69307-ea0b-4de0-844c-e28206376edc.binning_data.json,70001311,2026-08-17 07:06:18.143,2026-08-17 07:06:18.143,UTC-0300,hriiVjEkYE,,com.sec.android.app.shealth,2026-08-17 07:00:00.000,6dc69307-ea0b-4de0-844c-e28206376edc,
70001311,2026-08-17 07:00:00.000,,8b23b148-df33-423a-9fe7-1e7d5c8533bf.binning_data.json,70001311,2026-08-17 08:15:01.192,2026-08-17 08:15:01.192,UTC-0300,hriiVjEkYE,,com.sec.android.app.shealth,2026-08-17 08:00:00.000,8b23b148-df33-423a-9fe7-1e7d5c8533bf,
70001311,2026-08-17 08:00:00.000,,c205c1ca-4d61-4307-8673-eec0bfce058f.binning_data.json,70001311,2026-08-17 09:15:00.587,2026-08-17 09:15:00.587,UTC-0300,hriiVjEkYE,,com.sec.android.app.shealth,2026-08-17 09:00:00.000,c205c1ca-4d61-4307-8673-eec0bfce058f,
70001311,2026-08-17 09:00:00.000,,9fe3b2b7-2461-4cf9-a792-5c0b32ec6cc6.binning_data.json,70001311,2026-08-17 10:05:04.282,2026-08-17 10:05:04.282,UTC-0300,hriiVjEkYE,,com.sec.android.app.shealth,2026-08-17 10:00:00.000,9fe3b2b7-2461-4cf9-a792-5c0b32ec6cc6,
70001311,2026-08-17 10:00:00.000,,adfd765e-66cb-4ced-9e12-5a30a5722aa7.binning_data.json,70001311,2026-08-17 10:33:43.926,2026-08-17 10:33:43.926,UTC-0300,hriiVjEkYE,,com.sec.android.app.shealth,2026-08-17 10:33:43.758,adfd765e-66cb-4ced-9e12-5a30a5722aa7,
70001311,2026-08-19 04:00:00.000,,ddbfb6be-1d8d-423d-8159-eda0b0f99d7b.binning_data.json,70001311,2026-08-19 05:14:59.355,2026-08-19 05:14:59.355,UTC-0300,hriiVjEkYE,,com.sec.android.app.shealth,2026-08-19 05:00:00.000,ddbfb6be-1d8d-423d-8159-eda0b0f99d7b,
70001311,2026-08-19 05:00:00.000,,35dbd0e6-9855-4979-9758-3f0d1c368a4a.binning_data.json,70001311,2026-08-19 06:14:59.206,2026-08-19 06:14:59.206,UTC-0300,hriiVjEkYE,,com.sec.android.app.shealth,2026-08-19 06:00:00.000,35dbd0e6-9855-4979-9758-3f0d1c368a4a,
70001311,2026-08-19 06:00:00.000,,f49b5c23-bb3e-4e76-b140-a53a76fed63b.binning_data.json,70001311,2026-08-19 07:15:01.229,2026-08-19 07:15:01.229,UTC-0300,hriiVjEkYE,,com.sec.android.app.shealth,2026-08-19 07:00:00.000,f49b5c23-bb3e-4e76-b140-a53a76fed63b,
70001311,2026-08-19 07:00:00.000,,52a78867-6b69-440b-bb47-3d7cbf940250.binning_data.json,70001311,2026-08-19 08:14:59.803,2026-08-19 08:14:59.803,UTC-0300,hriiVjEkYE,,com.sec.android.app.shealth,2026-08-19 08:00:00.000,52a78867-6b69-440b-bb47-3d7cbf940250,
70001311,2026-08-19 08:00:00.000,,163801ea-be23-40fa-b0ec-860e4ab43080.binning_data.json,70001311,2026-08-19 09:15:00.185,2026-08-19 09:15:00.185,UTC-0300,hriiVjEkYE,,com.sec.android.app.shealth,2026-08-19 09:00:00.000,163801ea-be23-40fa-b0ec-860e4ab43080,
70001311,2026-08-19 09:00:00.000,,6f0c4b73-a5de-4233-8f2b-f9664cc21a4d.binning_data.json,70001311,2026-08-19 10:15:01.665,2026-08-19 10:15:01.665,UTC-0300,hriiVjEkYE,,com.sec.android.app.shealth,2026-08-19 10:00:00.000,6f0c4b73-a5de-4233-8f2b-f9664cc21a4d,
70001311,2026-08-19 10:00:00.000,,272effe8-9d99-4db9-843f-9c59b6a96188.binning_data.json,70001311,2026-08-19 10:35:47.136,2026-08-19 10:35:47.136,UTC-0300,hriiVjEkYE,,com.sec.android.app.shealth,2026-08-19 10:35:46.977,272effe8-9d99-4db9-843f-9c59b6a96188,
70001311,2026-08-20 03:00:00.000,,72f56f65-3897-4e5d-9d37-df104ef463db.binning_data.json,70001311,2026-08-20 04:15:01.259,2026-08-20 04:15:01.259,UTC-0300,hriiVjEkYE,,com.sec.android.app.shealth,2026-08-20 04:00:00.000,72f56f65-3897-4e5d-9d37-df104ef463db,
70001311,2026-08-20 04:00:00.000,,9d933d9f-0863-46d3-a188-4bff33953371.binning_data.json,70001311,2026-08-20 05:15:00.511,2026-08-20 05:15:00.511,UTC-0300,hriiVjEkYE,,com.sec.android.app.shealth,2026-08-20 05:00:00.000,9d933d9f-0863-46d3-a188-4bff33953371,
70001311,2026-08-20 05:00:00.000,,b6420aaf-9194-480a-b774-9520c557ece8.binning_data.json,70001311,2026-08-20 06:08:01.613,2026-08-20 06:08:01.613,UTC-0300,hriiVjEkYE,,com.sec.android.app.shealth,2026-08-20 06:00:00.000,b6420aaf-9194-480a-b774-9520c557ece8,
70001311,2026-08-20 06:00:00.000,,477f7f10-e0bb-4db7-ac38-adc7e6e2c2a6.binning_data.json,70001311,2026-08-20 07:07:31.231,2026-08-20 07:07:31.231,UTC-0300,hriiVjEkYE,,com.sec.android.app.shealth,2026-08-20 07:00:00.000,477f7f10-e0bb-4db7-ac38-adc7e6e2c2a6,
70001311,2026-08-20 07:00:00.000,,55c3eb44-29a9-4136-a853-91cc81504664.binning_data.json,70001311,2026-08-20 08:15:00.417,2026-08-20 08:15:00.417,UTC-0300,hriiVjEkYE,,com.sec.android.app.shealth,2026-08-20 08:00:00.000,55c3eb44-29a9-4136-a853-91cc81504664,
70001311,2026-08-20 08:00:00.000,,afca80ed-eb0c-4a0d-adde-6eb27b08986c.binning_data.json,70001311,2026-08-20 09:15:00.477,2026-08-20 09:15:00.477,UTC-0300,hriiVjEkYE,,com.sec.android.app.shealth,2026-08-20 09:00:00.000,afca80ed-eb0c-4a0d-adde-6eb27b08986c,
70001311,2026-08-20 09:00:00.000,,f9d82a4f-4ef8-4eee-910f-556aab71c0a7.binning_data.json,70001311,2026-08-20 10:05:04.501,2026-08-20 10:05:04.501,UTC-0300,hriiVjEkYE,,com.sec.android.app.shealth,2026-08-20 10:00:00.000,f9d82a4f-4ef8-4eee-910f-556aab71c0a7,
70001311,2026-08-20 10:00:00.000,,293f2557-92a2-47a2-9135-95721996c2b0.binning_data.json,70001311,2026-08-20 10:40:40.981,2026-08-20 10:40:40.981,UTC-0300,hriiVjEkYE,,com.sec.android.app.shealth,2026-08-20 10:40:40.848,293f2557-92a2-47a2-9135-95721996c2b0,
70001311,2026-08-24 02:00:00.000,,7c442755-e762-4de5-b575-70fe2aed243e.binning_data.json,70001311,2026-08-24 03:15:00.278,2026-08-24 03:15:00.278,UTC-0300,hriiVjEkYE,,com.sec.android.app.shealth,2026-08-24 03:00:00.000,7c442755-e762-4de5-b575-70fe2aed243e,
70001311,2026-08-24 03:00:00.000,,83359888-d90d-4a14-bcd7-cf4bc406550b.binning_data.json,70001311,2026-08-24 04:15:00.193,2026-08-24 04:15:00.193,UTC-0300,hriiVjEkYE,,com.sec.android.app.shealth,2026-08-24 04:00:00.000,83359888-d90d-4a14-bcd7-cf4bc406550b,
70001311,2026-08-24 04:00:00.000,,f4cf0887-13a6-45a5-b8ac-8ee9585bbfac.binning_data.json,70001311,2026-08-24 05:15:01.183,2026-08-24 05:15:01.183,UTC-0300,hriiVjEkYE,,com.sec.android.app.shealth,2026-08-24 05:00:00.000,f4cf0887-13a6-45a5-b8ac-8ee9585bbfac,
70001311,2026-08-24 05:00:00.000,,788b07e5-4b4e-4e9c-b1a3-6fae7bd1f339.binning_data.json,70001311,2026-08-24 06:15:01.249,2026-08-24 06:15:01.249,UTC-0300,hriiVjEkYE,,com.sec.android.app.shealth,2026-08-24 06:00:00.000,788b07e5-4b4e-4e9c-b1a3-6fae7bd1f339,
70001311,2026-08-24 06:00:00.000,,0b7a8a3c-a595-4144-ac94-82e9e073a043.binning_data.json,70001311,2026-08-24 07:15:00.660,2026-08-24 07:15:00.660,UTC-0300,hriiVjEkYE,,com.sec.android.app.shealth,2026-08-24 07:00:00.000,0b7a8a3c-a595-4144-ac94-82e9e073a043,
70001311,2026-08-24 07:00:00.000,,0cb2c666-fb07-442c-ba2c-3f97d81891ea.binning_data.json,70001311,2026-08-24 08:15:00.647,2026-08-24 08:15:00.647,UTC-0300,hriiVjEkYE,,com.sec.android.app.shealth,2026-08-24 08:00:00.000,0cb2c666-fb07-442c-ba2c-3f97d81891ea,
70001311,2026-08-24 08:00:00.000,,3b21394b-c4f7-46eb-9dfe-90f1da534a5d.binning_data.json,70001311,2026-08-24 09:05:17.316,2026-08-24 09:05:17.316,UTC-0300,hriiVjEkYE,,com.sec.android.app.shealth,2026-08-24 09:00:00.000,3b21394b-c4f7-46eb-9dfe-90f1da534a5d,
70001311,2026-08-24 09:00:00.000,,f231ce8b-74f7-4322-8281-0ba511c3a098.binning_data.json,70001311,2026-08-24 10:15:00.653,2026-08-24 10:15:00.653,UTC-0300,hriiVjEkYE,,com.sec.android.app.shealth,2026-08-24 10:00:00.000,f231ce8b-74f7-4322-8281-0ba511c3a098,
70001311,2026-08-24 10:00:00.000,,1a7f1f87-8bf1-4620-bc41-cb2aa25afa45.binning_data.json,70001311,2026-08-24 10:32:31.091,2026-08-24 10:32:31.091,UTC-0300,hriiVjEkYE,,com.sec.android.app.shealth,2026-08-24 10:32:30.946,1a7f1f87-8bf1-4620-bc41-cb2aa25afa45,
70001311,2026-08-31 03:00:00.000,,3af855f1-9c89-4cd3-bb5b-73961dbd916d.binning_data.json,70001311,2026-08-31 04:15:00.179,2026-08-31 04:15:00.179,UTC-0300,hriiVjEkYE,,com.sec.android.app.shealth,2026-08-31 04:00:00.000,3af855f1-9c89-4cd3-bb5b-73961dbd916d,
70001311,2026-08-31 04:00:00.000,,da6031f8-7ae8-4ed4-bf92-3aa900ecdf39.binning_data.json,70001311,2026-08-31 05:15:02.462,2026-08-31 05:15:02.462,UTC-0300,hriiVjEkYE,,com.sec.android.app.shealth,2026-08-31 05:00:00.000,da6031f8-7ae8-4ed4-bf92-3aa900ecdf39,
70001311,2026-08-31 05:00:00.000,,32e704b4-33d8-4148-8539-84b1e4eeecaf.binning_data.json,70001311,2026-08-31 06:05:05.333,2026-08-31 06:05:05.333,UTC-0300,hriiVjEkYE,,com.sec.android.app.shealth,2026-08-31 06:00:00.000,32e704b4-33d8-4148-8539-84b1e4eeecaf,
70001311,2026-08-31 06:00:00.000,,16c21508-70d1-4c05-b388-e971a61a4fe5.binning_data.json,70001311,2026-08-31 07:15:01.344,2026-08-31 07:15:01.344,UTC-0300,hriiVjEkYE,,com.sec.android.app.shealth,2026-08-31 07:00:00.000,16c21508-70d1-4c05-b388-e971a61a4fe5,
70001311,2026-08-31 07:00:00.000,,5b770733-f166-40c0-b854-2581c68c9356.binning_data.json,70001311,2026-08-31 08:15:02.304,2026-08-31 08:15:02.304,UTC-0300,hriiVjEkYE,,com.sec.android.app.shealth,2026-08-31 08:00:00.000,5b770733-f166-40c0-b854-2581c68c9356,
70001311,2026-08-31 08:00:00.000,,576efee1-23cf-4f74-830b-9569d3346521.binning_data.json,70001311,2026-08-31 09:15:01.353,2026-08-31 09:15:01.353,UTC-0300,hriiVjEkYE,,com.sec.android.app.shealth,2026-08-31 09:00:00.000,576efee1-23cf-4f74-830b-9569d3346521,
70001311,2026-08-31 09:00:00.000,,0ba7fdab-ac38-42fd-b874-628709f6b419.binning_data.json,70001311,2026-08-31 10:15:01.223,2026-08-31 10:15:01.223,UTC-0300,hriiVjEkYE,,com.sec.android.app.shealth,2026-08-31 10:00:00.000,0ba7fdab-ac38-42fd-b874-628709f6b419,
70001311,2026-08-31 10:00:00.000,,50aafe0e-2d31-4221-839b-36a5cdfcca2f.binning_data.json,70001311,2026-08-31 10:31:16.066,2026-08-31 10:31:16.066,UTC-0300,hriiVjEkYE,,com.sec.android.app.shealth,2026-08-31 10:31:15.973,50aafe0e-2d31-4221-839b-36a5cdfcca2f,
70001311,2026-09-05 07:00:00.000,,199599cb-44b2-4e39-bb3d-4f70226ebe48.binning_data.json,70001311,2026-09-05 08:15:00.220,2026-09-05 08:15:00.220,UTC-0300,hriiVjEkYE,,com.sec.android.app.shealth,2026-09-05 08:00:00.000,199599cb-44b2-4e39-bb3d-4f70226ebe48,
70001311,2026-09-05 08:00:00.000,,02c20baf-7864-4dbd-9fa9-d0219797f4b3.binning_data.json,70001311,2026-09-05 09:15:02.165,2026-09-05 09:15:02.165,UTC-0300,hriiVjEkYE,,com.sec.android.app.shealth,2026-09-05 09:00:00.000,02c20baf-7864-4dbd-9fa9-d0219797f4b3,
70001311,2026-09-05 09:00:00.000,,ba8bb7d9-cbf7-4dc1-ba47-e3dd4fb9b0d6.binning_data.json,70001311,2026-09-05 10:05:58.321,2026-09-05 10:05:58.321,UTC-0300,hriiVjEkYE,,com.sec.android.app.shealth,2026-09-05 10:00:00.000,ba8bb7d9-cbf7-4dc1-ba47-e3dd4fb9b0d6,
70001311,2026-09-05 10:00:00.000,,c8c3ab5d-86c1-4f83-8241-3c29463fc0ec.binning_data.json,70001311,2026-09-05 11:15:01.220,2026-09-05 11:15:01.220,UTC-0300,hriiVjEkYE,,com.sec.android.app.shealth,2026-09-05 11:00:00.000,c8c3ab5d-86c1-4f83-8241-3c29463fc0ec,
70001311,2026-09-05 11:00:00.000,,f17affd1-141c-4ab2-bd06-1c0a3ac5497b.binning_data.json,70001311,2026-09-05 12:14:59.282,2026-09-05 12:14:59.282,UTC-0300,hriiVjEkYE,,com.sec.android.app.shealth,2026-09-05 12:00:00.000,f17affd1-141c-4ab2-bd06-1c0a3ac5497b,
70001311,2026-09-05 12:00:00.000,,272df526-33e3-4640-82ad-e998d778d2dc.binning_data.json,70001311,2026-09-05 13:15:06.363,2026-09-05 13:15:06.363,UTC-0300,hriiVjEkYE,,com.sec.android.app.shealth,2026-09-05 13:00:00.000,272df526-33e3-4640-82ad-e998d778d2dc,
70001311,2026-09-05 13:00:00.000,,15f12674-1970-4544-917d-6eb807b07d8f.binning_data.json,70001311,2026-09-05 14:15:00.296,2026-09-05 14:15:00.296,UTC-0300,hriiVjEkYE,,com.sec.android.app.shealth,2026-09-05 14:00:00.000,15f12674-1970-4544-917d-6eb807b07d8f,
70001311,2026-09-05 14:00:00.000,,ded6efaf-a8dd-4985-b61f-765cb3e543e3.binning_data.json,70001311,2026-09-05 15:05:20.339,2026-09-05 15:05:20.339,UTC-0300,hriiVjEkYE,,com.sec.android.app.shealth,2026-09-05 15:00:00.000,ded6efaf-a8dd-4985-b61f-765cb3e543e3,
70001311,2026-09-05 15:00:00.000,,fa3cced3-23c9-4f7c-b9d9-c0cf0f6fda53.binning_data.json,70001311,2026-09-05 15:08:16.858,2026-09-05 15:08:16.858,UTC-0300,hriiVjEkYE,,com.sec.android.app.shealth,2026-09-05 15:08:16.718,fa3cced3-23c9-4f7c-b9d9-c0cf0f6fda53,
70001311,2026-09-08 04:00:00.000,,166b5835-058e-4e46-abc5-ca16d4e8d7f7.binning_data.json,70001311,2026-09-08 05:15:01.219,2026-09-08 05:15:01.219,UTC-0300,hriiVjEkYE,,com.sec.android.app.shealth,2026-09-08 05:00:00.000,166b5835-058e-4e46-abc5-ca16d4e8d7f7,
70001311,2026-09-08 05:00:00.000,,3db5dde7-20d2-43d7-ab3a-11a2415e1eb6.binning_data.json,70001311,2026-09-08 06:15:00.615,2026-09-08 06:15:00.615,UTC-0300,hriiVjEkYE,,com.sec.android.app.shealth,2026-09-08 06:00:00.000,3db5dde7-20d2-43d7-ab3a-11a2415e1eb6,
70001311,2026-09-08 06:00:00.000,,de658a32-095d-41e5-a07a-e982c98cb6b4.binning_data.json,70001311,2026-09-08 07:07:45.244,2026-09-08 07:07:45.244,UTC-0300,hriiVjEkYE,,com.sec.android.app.shealth,2026-09-08 07:00:00.000,de658a32-095d-41e5-a07a-e982c98cb6b4,
70001311,2026-09-08 07:00:00.000,,b8d6c964-4227-4706-aff6-9f43100ecc72.binning_data.json,70001311,2026-09-08 08:15:01.199,2026-09-08 08:15:01.199,UTC-0300,hriiVjEkYE,,com.sec.android.app.shealth,2026-09-08 08:00:00.000,b8d6c964-4227-4706-aff6-9f43100ecc72,
70001311,2026-09-08 08:00:00.000,,09b30e23-95a5-428a-816b-f20c7512a851.binning_data.json,70001311,2026-09-08 09:15:00.641,2026-09-08 09:15:00.641,UTC-0300,hriiVjEkYE,,com.sec.android.app.shealth,2026-09-08 09:00:00.000,09b30e23-95a5-428a-816b-f20c7512a851,
70001311,2026-09-08 09:00:00.000,,c8cfb924-f30f-458b-845d-d9cb548a13b7.binning_data.json,70001311,2026-09-08 10:06:01.267,2026-09-08 10:06:01.267,UTC-0300,hriiVjEkYE,,com.sec.android.app.shealth,2026-09-08 10:00:00.000,c8cfb924-f30f-458b-845d-d9cb548a13b7,
70001311,2026-09-08 10:00:00.000,,58359492-b4cd-4c7d-b6c0-0570e01a3401.binning_data.json,70001311,2026-09-08 11:15:26.298,2026-09-08 11:15:26.298,UTC-0300,hriiVjEkYE,,com.sec.android.app.shealth,2026-09-08 11:00:00.000,58359492-b4cd-4c7d-b6c0-0570e01a3401,
70001311,2026-09-08 11:00:00.000,,f23b7f67-9060-488f-89a6-8dad864535e2.binning_data.json,70001311,2026-09-08 12:15:01.264,2026-09-08 12:15:01.264,UTC-0300,hriiVjEkYE,,com.sec.android.app.shealth,2026-09-08 12:00:00.000,f23b7f67-9060-488f-89a6-8dad864535e2,
70001311,2026-09-08 12:00:00.000,,0eef4aa9-cd40-49f5-98e7-5ed9694d96df.binning_data.json,70001311,2026-09-08 13:05:04.243,2026-09-08 13:05:04.243,UTC-0300,hriiVjEkYE,,com.sec.android.app.shealth,2026-09-08 13:00:00.000,0eef4aa9-cd40-49f5-98e7-5ed9694d96df,
70001311,2026-09-08 13:00:00.000,,7ccb059c-7d64-4b0e-97d2-4bc7d0cac028.binning_data.json,70001311,2026-09-08 14:15:00.195,2026-09-08 14:15:00.195,UTC-0300,hriiVjEkYE,,com.sec.android.app.shealth,2026-09-08 14:00:00.000,7ccb059c-7d64-4b0e-97d2-4bc7d0cac028,
70001311,2026-09-08 14:00:00.000,,542f768f-8876-45eb-9dcd-ec7c24d8b3e6.binning_data.json,70001311,2026-09-08 15:10:57.740,2026-09-08 15:10:57.740,UTC-0300,hriiVjEkYE,,com.sec.android.app.shealth,2026-09-08 15:00:00.000,542f768f-8876-45eb-9dcd-ec7c24d8b3e6,
70001311,2026-09-08 15:00:00.000,,f523c0ce-4c2d-4305-aafa-0b0abc36f09f.binning_data.json,70001311,2026-09-08 15:43:00.967,2026-09-08 15:43:00.967,UTC-0300,hriiVjEkYE,,com.sec.android.app.shealth,2026-09-08 15:43:00.754,f523c0ce-4c2d-4305-aafa-0b0abc36f09f,
70001311,2026-09-09 05:00:00.000,,b4e02f5f-3f8f-40db-9872-492eda51abb5.binning_data.json,70001311,2026-09-09 06:05:04.470,2026-09-09 06:05:04.470,UTC-0300,hriiVjEkYE,,com.sec.android.app.shealth,2026-09-09 06:00:00.000,b4e02f5f-3f8f-40db-9872-492eda51abb5,
70001311,2026-09-09 06:00:00.000,,c2c94844-b43b-4c8a-b7b0-620f0a555d5c.binning_data.json,70001311,2026-09-09 07:15:00.954,2026-09-09 07:15:00.954,UTC-0300,hriiVjEkYE,,com.sec.android.app.shealth,2026-09-09 07:00:00.000,c2c94844-b43b-4c8a-b7b0-620f0a555d5c,
70001311,2026-09-09 07:00:00.000,,1939766b-65c8-48cb-bb03-8ebb3dcb99f1.binning_data.json,70001311,2026-09-09 08:15:00.463,2026-09-09 08:15:00.463,UTC-0300,hriiVjEkYE,,com.sec.android.app.shealth,2026-09-09 08:00:00.000,1939766b-65c8-48cb-bb03-8ebb3dcb99f1,
70001311,2026-09-09 08:00:00.000,,72d3ba2d-ea16-4b88-b526-06f714b1721c.binning_data.json,70001311,2026-09-09 09:07:20.586,2026-09-09 09:07:20.586,UTC-0300,hriiVjEkYE,,com.sec.android.app.shealth,2026-09-09 09:00:00.000,72d3ba2d-ea16-4b88-b526-06f714b1721c,
70001311,2026-09-09 09:00:00.000,,78b9d7fa-b9a3-4784-9ee9-f4eda5a4f5bb.binning_data.json,70001311,2026-09-09 10:15:00.260,2026-09-09 10:15:00.260,UTC-0300,hriiVjEkYE,,com.sec.android.app.shealth,2026-09-09 10:00:00.000,78b9d7fa-b9a3-4784-9ee9-f4eda5a4f5bb,
70001311,2026-09-09 10:00:00.000,,790189d9-b5e2-42cb-9fca-5489af3fbc03.binning_data.json,70001311,2026-09-09 10:34:04.402,2026-09-09 10:34:04.402,UTC-0300,hriiVjEkYE,,com.sec.android.app.shealth,2026-09-09 10:34:04.348,790189d9-b5e2-42cb-9fca-5489af3fbc03,
70001311,2026-09-10 04:00:00.000,,48cd6236-e908-4879-bb98-bf345622e46e.binning_data.json,70001311,2026-09-10 05:15:00.193,2026-09-10 05:15:00.193,UTC-0300,hriiVjEkYE,,com.sec.android.app.shealth,2026-09-10 05:00:00.000,48cd6236-e908-4879-bb98-bf345622e46e,
70001311,2026-09-10 05:00:00.000,,a0de56d7-9998-43cf-a873-bbf2116b1267.binning_data.json,70001311,2026-09-10 06:15:01.191,2026-09-10 06:15:01.191,UTC-0300,hriiVjEkYE,,com.sec.android.app.shealth,2026-09-10 06:00:00.000,a0de56d7-9998-43cf-a873-bbf2116b1267,
70001311,2026-09-10 06:00:00.000,,1ae0219c-c164-43b7-a972-f5d7710889e3.binning_data.json,70001311,2026-09-10 07:15:01.232,2026-09-10 07:15:01.232,UTC-0300,hriiVjEkYE,,com.sec.android.app.shealth,2026-09-10 07:00:00.000,1ae0219c-c164-43b7-a972-f5d7710889e3,
70001311,2026-09-10 07:00:00.000,,cfbaa909-70b3-47a9-8601-3f1017ef9ec2.binning_data.json,70001311,2026-09-10 08:15:00.693,2026-09-10 08:15:00.693,UTC-0300,hriiVjEkYE,,com.sec.android.app.shealth,2026-09-10 08:00:00.000,cfbaa909-70b3-47a9-8601-3f1017ef9ec2,
70001311,2026-09-10 08:00:00.000,,6e551ce8-13cc-4261-b1b8-d9b3956ec340.binning_data.json,70001311,2026-09-10 09:15:00.318,2026-09-10 09:15:00.318,UTC-0300,hriiVjEkYE,,com.sec.android.app.shealth,2026-09-10 09:00:00.000,6e551ce8-13cc-4261-b1b8-d9b3956ec340,
70001311,2026-09-10 09:00:00.000,,4cc7bed4-f772-4dfd-a0ae-2ff56d28fc8b.binning_data.json,70001311,2026-09-10 10:05:03.140,2026-09-10 10:05:03.140,UTC-0300,hriiVjEkYE,,com.sec.android.app.shealth,2026-09-10 10:00:00.000,4cc7bed4-f772-4dfd-a0ae-2ff56d28fc8b,
70001311,2026-09-10 10:00:00.000,,c7d1cdba-75e1-4d58-b9f7-ad67f89bb5f3.binning_data.json,70001311,2026-09-10 10:48:46.173,2026-09-10 10:48:46.173,UTC-0300,hriiVjEkYE,,com.sec.android.app.shealth,2026-09-10 10:48:46.013,c7d1cdba-75e1-4d58-b9f7-ad67f89bb5f3,
70001311,2026-09-13 03:00:00.000,,54614687-6f80-4038-b1a7-5cfb272529e6.binning_data.json,70001311,2026-09-13 04:15:00.610,2026-09-13 04:15:00.610,UTC-0300,hriiVjEkYE,,com.sec.android.app.shealth,2026-09-13 04:00:00.000,54614687-6f80-4038-b1a7-5cfb272529e6,
70001311,2026-09-13 04:00:00.000,,613edae9-490c-4778-99eb-31b70a7b4b4e.binning_data.json,70001311,2026-09-13 05:15:01.194,2026-09-13 05:15:01.194,UTC-0300,hriiVjEkYE,,com.sec.android.app.shealth,2026-09-13 05:00:00.000,613edae9-490c-4778-99eb-31b70a7b4b4e,
70001311,2026-09-13 05:00:00.000,,37b4f71b-b6bb-4290-8099-c351a63f8b6f.binning_data.json,70001311,2026-09-13 06:15:01.209,2026-09-13 06:15:01.209,UTC-0300,hriiVjEkYE,,com.sec.android.app.shealth,2026-09-13 06:00:00.000,37b4f71b-b6bb-4290-8099-c351a63f8b6f,
70001311,2026-09-13 06:00:00.000,,94b6f288-1282-4b18-a837-ccd11f7558f7.binning_data.json,70001311,2026-09-13 07:08:11.351,2026-09-13 07:08:11.351,UTC-0300,hriiVjEkYE,,com.sec.android.app.shealth,2026-09-13 07:00:00.000,94b6f288-1282-4b18-a837-ccd11f7558f7,
70001311,2026-09-13 07:00:00.000,,57f4e3de-278c-41cd-b3a6-43324214ef12.binning_data.json,70001311,2026-09-13 08:15:01.635,2026-09-13 08:15:01.635,UTC-0300,hriiVjEkYE,,com.sec.android.app.shealth,2026-09-13 08:00:00.000,57f4e3de-278c-41cd-b3a6-43324214ef12,
70001311,2026-09-13 08:00:00.000,,d1319fcb-0257-45af-9908-90f7550fc567.binning_data.json,70001311,2026-09-13 09:15:00.473,2026-09-13 09:15:00.473,UTC-0300,hriiVjEkYE,,com.sec.android.app.shealth,2026-09-13 09:00:00.000,d1319fcb-0257-45af-9908-90f7550fc567,
70001311,2026-09-13 09:00:00.000,,ffdc51bb-979d-46de-8871-65c69de226f2.binning_data.json,70001311,2026-09-13 10:09:51.146,2026-09-13 10:09:51.146,UTC-0300,hriiVjEkYE,,com.sec.android.app.shealth,2026-09-13 10:00:00.000,ffdc51bb-979d-46de-8871-65c69de226f2,
70001311,2026-09-13 10:00:00.000,,e2417757-3b9c-49e2-b9ff-d0a1c8af48e2.binning_data.json,70001311,2026-09-13 11:15:01.247,2026-09-13 11:15:01.247,UTC-0300,hriiVjEkYE,,com.sec.android.app.shealth,2026-09-13 11:00:00.000,e2417757-3b9c-49e2-b9ff-d0a1c8af48e2,
70001311,2026-09-13 11:00:00.000,,404f5d2b-76d8-4dae-b217-99e6c65124c7.binning_data.json,70001311,2026-09-13 12:10:02.742,2026-09-13 12:10:02.742,UTC-0300,hriiVjEkYE,,com.sec.android.app.shealth,2026-09-13 12:00:00.000,404f5d2b-76d8-4dae-b217-99e6c65124c7,
70001311,2026-09-13 12:00:00.000,,03b86e02-82a7-4815-a60e-8dfdd9647e9b.binning_data.json,70001311,2026-09-13 13:05:10.324,2026-09-13 13:05:10.324,UTC-0300,hriiVjEkYE,,com.sec.android.app.shealth,2026-09-13 13:00:00.000,03b86e02-82a7-4815-a60e-8dfdd9647e9b,
70001311,2026-09-14 02:00:00.000,,e682a50c-2f89-4815-9528-30be4fc52c9f.binning_data.json,70001311,2026-09-14 03:08:01.294,2026-09-14 03:08:01.294,UTC-0300,hriiVjEkYE,,com.sec.android.app.shealth,2026-09-14 03:00:00.000,e682a50c-2f89-4815-9528-30be4fc52c9f,
70001311,2026-09-14 03:00:00.000,,fae59ae7-7205-47ae-a69f-9a225c9be248.binning_data.json,70001311,2026-09-14 04:15:02.232,2026-09-14 04:15:02.232,UTC-0300,hriiVjEkYE,,com.sec.android.app.shealth,2026-09-14 04:00:00.000,fae59ae7-7205-47ae-a69f-9a225c9be248,
70001311,2026-09-14 04:00:00.000,,ef02fcbe-eb44-4860-80fc-c29407aaa3ac.binning_data.json,70001311,2026-09-14 05:15:01.263,2026-09-14 05:15:01.263,UTC-0300,hriiVjEkYE,,com.sec.android.app.shealth,2026-09-14 05:00:00.000,ef02fcbe-eb44-4860-80fc-c29407aaa3ac,
70001311,2026-09-14 05:00:00.000,,0f9a5c8e-88d5-458a-afac-b3c1e3426a41.binning_data.json,70001311,2026-09-14 06:09:52.105,2026-09-14 06:09:52.105,UTC-0300,hriiVjEkYE,,com.sec.android.app.shealth,2026-09-14 06:00:00.000,0f9a5c8e-88d5-458a-afac-b3c1e3426a41,
70001311,2026-09-14 06:00:00.000,,54b49b5b-5f2e-4966-97ec-14b64e15f180.binning_data.json,70001311,2026-09-14 07:15:01.196,2026-09-14 07:15:01.196,UTC-0300,hriiVjEkYE,,com.sec.android.app.shealth,2026-09-14 07:00:00.000,54b49b5b-5f2e-4966-97ec-14b64e15f180,
70001311,2026-09-14 07:00:00.000,,40834d5b-224f-49e5-8de0-417ac9143d21.binning_data.json,70001311,2026-09-14 08:15:01.666,2026-09-14 08:15:01.666,UTC-0300,hriiVjEkYE,,com.sec.android.app.shealth,2026-09-14 08:00:00.000,40834d5b-224f-49e5-8de0-417ac9143d21,
70001311,2026-09-14 08:00:00.000,,abe6b723-2b04-436e-b637-3ff1a94117f6.binning_data.json,70001311,2026-09-14 09:15:00.305,2026-09-14 09:15:00.305,UTC-0300,hriiVjEkYE,,com.sec.android.app.shealth,2026-09-14 09:00:00.000,abe6b723-2b04-436e-b637-3ff1a94117f6,
70001311,2026-09-14 09:00:00.000,,b64b86ac-23b9-4523-92bf-f60f7245fde0.binning_data.json,70001311,2026-09-14 10:05:49.062,2026-09-14 10:05:49.062,UTC-0300,hriiVjEkYE,,com.sec.android.app.shealth,2026-09-14 10:00:00.000,b64b86ac-23b9-4523-92bf-f60f7245fde0,
70001311,2026-09-14 10:00:00.000,,60fdaa00-1667-44f6-b38e-44cc84fb5720.binning_data.json,70001311,2026-09-14 10:10:33.646,2026-09-14 10:10:33.646,UTC-0300,hriiVjEkYE,,com.sec.android.app.shealth,2026-09-14 10:10:33.564,60fdaa00-1667-44f6-b38e-44cc84fb5720,
70001311,2026-09-15 04:00:00.000,,5a3200a7-967e-4aef-a0b4-d8f9fa005954.binning_data.json,70001311,2026-09-15 05:12:37.043,2026-09-15 05:12:37.043,UTC-0300,hriiVjEkYE,,com.sec.android.app.shealth,2026-09-15 05:00:00.000,5a3200a7-967e-4aef-a0b4-d8f9fa005954,
70001311,2026-09-15 05:00:00.000,,c5358aac-b44f-4601-ae07-d3287b9827fe.binning_data.json,70001311,2026-09-15 06:15:01.184,2026-09-15 06:15:01.184,UTC-0300,hriiVjEkYE,,com.sec.android.app.shealth,2026-09-15 06:00:00.000,c5358aac-b44f-4601-ae07-d3287b9827fe,
70001311,2026-09-15 06:00:00.000,,75908dfa-8eed-4a98-8aa4-b1b968d927b8.binning_data.json,70001311,2026-09-15 07:15:01.211,2026-09-15 07:15:01.211,UTC-0300,hriiVjEkYE,,com.sec.android.app.shealth,2026-09-15 07:00:00.000,75908dfa-8eed-4a98-8aa4-b1b968d927b8,
70001311,2026-09-15 07:00:00.000,,cb3cba51-74bf-4331-aabf-26109e388925.binning_data.json,70001311,2026-09-15 08:06:53.405,2026-09-15 08:06:53.405,UTC-0300,hriiVjEkYE,,com.sec.android.app.shealth,2026-09-15 08:00:00.000,cb3cba51-74bf-4331-aabf-26109e388925,
70001311,2026-09-15 08:00:00.000,,eb1f62b3-1fdd-483d-890a-b8c6c641b689.binning_data.json,70001311,2026-09-15 09:15:00.188,2026-09-15 09:15:00.188,UTC-0300,hriiVjEkYE,,com.sec.android.app.shealth,2026-09-15 09:00:00.000,eb1f62b3-1fdd-483d-890a-b8c6c641b689,
70001311,2026-09-15 09:00:00.000,,5415cf49-983c-4e4a-af32-10766378d899.binning_data.json,70001311,2026-09-15 10:15:01.272,2026-09-15 10:15:01.272,UTC-0300,hriiVjEkYE,,com.sec.android.app.shealth,2026-09-15 10:00:00.000,5415cf49-983c-4e4a-af32-10766378d899,
70001311,2026-09-15 10:00:00.000,,03955237-d3a2-4224-8d9c-61bbb7999c84.binning_data.json,70001311,2026-09-15 10:41:26.839,2026-09-15 10:41:26.839,UTC-0300,hriiVjEkYE,,com.sec.android.app.shealth,2026-09-15 10:41:26.667,03955237-d3a2-4224-8d9c-61bbb7999c84,
70001311,2026-09-16 04:00:00.000,,96a04dfb-52d7-4639-b3f1-6224066b2c4b.binning_data.json,70001311,2026-09-16 05:15:01.242,2026-09-16 05:15:01.242,UTC-0300,hriiVjEkYE,,com.sec.android.app.shealth,2026-09-16 05:00:00.000,96a04dfb-52d7-4639-b3f1-6224066b2c4b,
70001311,2026-09-16 05:00:00.000,,2e56a768-2d3b-4c91-9122-428a35da1371.binning_data.json,70001311,2026-09-16 06:15:02.339,2026-09-16 06:15:02.339,UTC-0300,hriiVjEkYE,,com.sec.android.app.shealth,2026-09-16 06:00:00.000,2e56a768-2d3b-4c91-9122-428a35da1371,
70001311,2026-09-16 06:00:00.000,,4a35dc8f-c60b-46a6-93bb-29b6b16036d1.binning_data.json,70001311,2026-09-16 07:07:17.410,2026-09-16 07:07:17.410,UTC-0300,hriiVjEkYE,,com.sec.android.app.shealth,2026-09-16 07:00:00.000,4a35dc8f-c60b-46a6-93bb-29b6b16036d1,
70001311,2026-09-16 07:00:00.000,,07c0aa83-6682-449e-a9a2-b505531f0595.binning_data.json,70001311,2026-09-16 08:15:00.203,2026-09-16 08:15:00.203,UTC-0300,hriiVjEkYE,,com.sec.android.app.shealth,2026-09-16 08:00:00.000,07c0aa83-6682-449e-a9a2-b505531f0595,
70001311,2026-09-16 08:00:00.000,,09448325-a9b4-40df-b547-35815de991f4.binning_data.json,70001311,2026-09-16 09:15:02.210,2026-09-16 09:15:02.210,UTC-0300,hriiVjEkYE,,com.sec.android.app.shealth,2026-09-16 09:00:00.000,09448325-a9b4-40df-b547-35815de991f4,
70001311,2026-09-16 09:00:00.000,,e891ba50-299c-4b03-b85f-a4ebb9bd7e63.binning_data.json,70001311,2026-09-16 10:05:02.809,2026-09-16 10:05:02.809,UTC-0300,hriiVjEkYE,,com.sec.android.app.shealth,2026-09-16 10:00:00.000,e891ba50-299c-4b03-b85f-a4ebb9bd7e63,
70001311,2026-09-16 10:00:00.000,,e9c0ce31-088f-4d27-8368-084b790557c1.binning_data.json,70001311,2026-09-16 10:37:48.979,2026-09-16 10:37:48.979,UTC-0300,hriiVjEkYE,,com.sec.android.app.shealth,2026-09-16 10:37:48.844,e9c0ce31-088f-4d27-8368-084b790557c1,
70001311,2026-09-17 03:00:00.000,,093d3b4d-9d88-4b34-b3e2-008e34fb3752.binning_data.json,70001311,2026-09-17 04:06:24.317,2026-09-17 04:06:24.317,UTC-0300,hriiVjEkYE,,com.sec.android.app.shealth,2026-09-17 04:00:00.000,093d3b4d-9d88-4b34-b3e2-008e34fb3752,
70001311,2026-09-17 04:00:00.000,,a1b6cc8c-d385-40b6-974d-915473b23d7c.binning_data.json,70001311,2026-09-17 05:15:01.281,2026-09-17 05:15:01.281,UTC-0300,hriiVjEkYE,,com.sec.android.app.shealth,2026-09-17 05:00:00.000,a1b6cc8c-d385-40b6-974d-915473b23d7c,
70001311,2026-09-17 05:00:00.000,,70835589-52ae-477b-84f1-9cd36fde3d5d.binning_data.json,70001311,2026-09-17 06:15:00.589,2026-09-17 06:15:00.589,UTC-0300,hriiVjEkYE,,com.sec.android.app.shealth,2026-09-17 06:00:00.000,70835589-52ae-477b-84f1-9cd36fde3d5d,
70001311,2026-09-17 06:00:00.000,,6a2190d1-a89f-4c75-a386-2ab83acf3888.binning_data.json,70001311,2026-09-17 07:05:07.250,2026-09-17 07:05:07.250,UTC-0300,hriiVjEkYE,,com.sec.android.app.shealth,2026-09-17 07:00:00.000,6a2190d1-a89f-4c75-a386-2ab83acf3888,
70001311,2026-09-17 07:00:00.000,,71731aee-287b-4796-a9de-18098c27be1b.binning_data.json,70001311,2026-09-17 08:15:00.198,2026-09-17 08:15:00.198,UTC-0300,hriiVjEkYE,,com.sec.android.app.shealth,2026-09-17 08:00:00.000,71731aee-287b-4796-a9de-18098c27be1b,
70001311,2026-09-17 08:00:00.000,,0bab6b8d-50a9-4dd6-9d84-38561a8864c5.binning_data.json,70001311,2026-09-17 09:15:00.240,2026-09-17 09:15:00.240,UTC-0300,hriiVjEkYE,,com.sec.android.app.shealth,2026-09-17 09:00:00.000,0bab6b8d-50a9-4dd6-9d84-38561a8864c5,
70001311,2026-09-17 09:00:00.000,,064fc5c7-0110-43b1-9afb-8710e2709440.binning_data.json,70001311,2026-09-17 10:05:02.014,2026-09-17 10:05:02.014,UTC-0300,hriiVjEkYE,,com.sec.android.app.shealth,2026-09-17 10:00:00.000,064fc5c7-0110-43b1-9afb-8710e2709440,
70001311,2026-09-17 10:00:00.000,,78953533-8880-412e-b078-ff43930ddd3c.binning_data.json,70001311,2026-09-17 10:46:18.432,2026-09-17 10:46:18.432,UTC-0300,hriiVjEkYE,,com.sec.android.app.shealth,2026-09-17 10:46:18.340,78953533-8880-412e-b078-ff43930ddd3c,
70001311,2026-09-18 05:00:00.000,,2f655aa4-f3df-49c9-a48e-89a82085e3b6.binning_data.json,70001311,2026-09-18 06:15:00.251,2026-09-18 06:15:00.251,UTC-0300,hriiVjEkYE,,com.sec.android.app.shealth,2026-09-18 06:00:00.000,2f655aa4-f3df-49c9-a48e-89a82085e3b6,
70001311,2026-09-18 06:00:00.000,,e3f08f54-cc46-40d5-8819-fde7433c9c5a.binning_data.json,70001311,2026-09-18 07:15:00.204,2026-09-18 07:15:00.204,UTC-0300,hriiVjEkYE,,com.sec.android.app.shealth,2026-09-18 07:00:00.000,e3f08f54-cc46-40d5-8819-fde7433c9c5a,
70001311,2026-09-18 07:00:00.000,,5d2d7d4a-f3d0-42e1-9d2c-afc8e523d249.binning_data.json,70001311,2026-09-18 08:10:37.005,2026-09-18 08:10:36.881,UTC-0300,hriiVjEkYE,,com.sec.android.app.shealth,2026-09-18 08:00:00.000,5d2d7d4a-f3d0-42e1-9d2c-afc8e523d249,
70001311,2026-09-18 11:00:00.000,,d0f4e2c8-8513-42b4-ae48-9e97886533db.binning_data.json,70001311,2026-09-18 11:45:48.435,2026-09-18 11:45:48.435,UTC-0300,hriiVjEkYE,,com.sec.android.app.shealth,2026-09-18 11:45:48.378,d0f4e2c8-8513-42b4-ae48-9e97886533db,
70001311,2026-09-19 06:00:00.000,,d71c298e-7201-47fc-9858-10938d0ce0aa.binning_data.json,70001311,2026-09-19 07:15:00.647,2026-09-19 07:15:00.647,UTC-0300,hriiVjEkYE,,com.sec.android.app.shealth,2026-09-19 07:00:00.000,d71c298e-7201-47fc-9858-10938d0ce0aa,
70001311,2026-09-19 07:00:00.000,,6a105050-1877-4798-8b68-31aaea272673.binning_data.json,70001311,2026-09-19 08:15:01.218,2026-09-19 08:15:01.218,UTC-0300,hriiVjEkYE,,com.sec.android.app.shealth,2026-09-19 08:00:00.000,6a105050-1877-4798-8b68-31aaea272673,
70001311,2026-09-19 08:00:00.000,,ef4a9e16-f246-4443-977d-776cded7da59.binning_data.json,70001311,2026-09-19 09:15:00.174,2026-09-19 09:15:00.174,UTC-0300,hriiVjEkYE,,com.sec.android.app.shealth,2026-09-19 09:00:00.000,ef4a9e16-f246-4443-977d-776cded7da59,
70001311,2026-09-19 09:00:00.000,,1d3f7246-183e-46b2-99a0-ab2d8aa7d789.binning_data.json,70001311,2026-09-19 10:15:01.182,2026-09-19 10:15:01.182,UTC-0300,hriiVjEkYE,,com.sec.android.app.shealth,2026-09-19 10:00:00.000,1d3f7246-183e-46b2-99a0-ab2d8aa7d789,
70001311,2026-09-19 10:00:00.000,,51b4a908-e735-4c63-8ff4-3baf1f887795.binning_data.json,70001311,2026-09-19 11:15:00.516,2026-09-19 11:15:00.516,UTC-0300,hriiVjEkYE,,com.sec.android.app.shealth,2026-09-19 11:00:00.000,51b4a908-e735-4c63-8ff4-3baf1f887795,
70001311,2026-09-19 11:00:00.000,,67303456-b0e4-447d-9c6b-3998ba709bef.binning_data.json,70001311,2026-09-19 12:15:00.600,2026-09-19 12:15:00.600,UTC-0300,hriiVjEkYE,,com.sec.android.app.shealth,2026-09-19 12:00:00.000,67303456-b0e4-447d-9c6b-3998ba709bef,
70001311,2026-09-19 12:00:00.000,,010cd6c2-544a-4215-b714-15cfd8dd917f.binning_data.json,70001311,2026-09-19 13:15:00.645,2026-09-19 13:15:00.645,UTC-0300,hriiVjEkYE,,com.sec.android.app.shealth,2026-09-19 13:00:00.000,010cd6c2-544a-4215-b714-15cfd8dd917f,
70001311,2026-09-19 13:00:00.000,,3db03ff0-487b-425c-af04-0ed98331175d.binning_data.json,70001311,2026-09-19 14:15:00.236,2026-09-19 14:15:00.236,UTC-0300,hriiVjEkYE,,com.sec.android.app.shealth,2026-09-19 14:00:00.000,3db03ff0-487b-425c-af04-0ed98331175d,
70001311,2026-09-19 14:00:00.000,,c13e55fe-5180-4130-96cd-cf86ab6b16f8.binning_data.json,70001311,2026-09-19 14:38:13.364,2026-09-19 14:38:13.364,UTC-0300,hriiVjEkYE,,com.sec.android.app.shealth,2026-09-19 14:38:13.300,c13e55fe-5180-4130-96cd-cf86ab6b16f8,
70001311,2026-09-20 05:00:00.000,,0c7d3eb8-6a0a-42f5-97a9-a2b5694540fe.binning_data.json,70001311,2026-09-20 06:15:01.268,2026-09-20 06:15:01.268,UTC-0300,hriiVjEkYE,,com.sec.android.app.shealth,2026-09-20 06:00:00.000,0c7d3eb8-6a0a-42f5-97a9-a2b5694540fe,
70001311,2026-09-20 06:00:00.000,,1cd10880-a45f-4a9a-8401-fa250d91c478.binning_data.json,70001311,2026-09-20 07:15:01.605,2026-09-20 07:15:01.605,UTC-0300,hriiVjEkYE,,com.sec.android.app.shealth,2026-09-20 07:00:00.000,1cd10880-a45f-4a9a-8401-fa250d91c478,
70001311,2026-09-20 07:00:00.000,,d0bbb2ba-9d2d-4349-a399-1981d24b8fe9.binning_data.json,70001311,2026-09-20 08:07:32.546,2026-09-20 08:07:32.546,UTC-0300,hriiVjEkYE,,com.sec.android.app.shealth,2026-09-20 08:00:00.000,d0bbb2ba-9d2d-4349-a399-1981d24b8fe9,
70001311,2026-09-20 08:00:00.000,,1b16c96d-a200-44f9-a577-af4c5d0e3175.binning_data.json,70001311,2026-09-20 09:15:00.632,2026-09-20 09:15:00.632,UTC-0300,hriiVjEkYE,,com.sec.android.app.shealth,2026-09-20 09:00:00.000,1b16c96d-a200-44f9-a577-af4c5d0e3175,
70001311,2026-09-20 09:00:00.000,,58671d89-a846-4b46-8cbc-721b103bf64c.binning_data.json,70001311,2026-09-20 10:15:02.257,2026-09-20 10:15:02.257,UTC-0300,hriiVjEkYE,,com.sec.android.app.shealth,2026-09-20 10:00:00.000,58671d89-a846-4b46-8cbc-721b103bf64c,
70001311,2026-09-20 10:00:00.000,,bb6b9967-8a1e-4012-9188-4298e0886fcf.binning_data.json,70001311,2026-09-20 11:05:04.471,2026-09-20 11:05:04.471,UTC-0300,hriiVjEkYE,,com.sec.android.app.shealth,2026-09-20 11:00:00.000,bb6b9967-8a1e-4012-9188-4298e0886fcf,
70001311,2026-09-20 11:00:00.000,,5f54124a-7b22-4284-9fb3-84a8bb572bb9.binning_data.json,70001311,2026-09-20 12:15:00.647,2026-09-20 12:15:00.647,UTC-0300,hriiVjEkYE,,com.sec.android.app.shealth,2026-09-20 12:00:00.000,5f54124a-7b22-4284-9fb3-84a8bb572bb9,
70001311,2026-09-20 12:00:00.000,,e009189c-a8b3-4316-9252-e4cac30ca730.binning_data.json,70001311,2026-09-20 13:15:01.652,2026-09-20 13:15:01.652,UTC-0300,hriiVjEkYE,,com.sec.android.app.shealth,2026-09-20 13:00:00.000,e009189c-a8b3-4316-9252-e4cac30ca730,
70001311,2026-09-20 13:00:00.000,,35416879-2d37-491e-a222-5b144e36928c.binning_data.json,70001311,2026-09-20 14:09:33.568,2026-09-20 14:09:33.568,UTC-0300,hriiVjEkYE,,com.sec.android.app.shealth,2026-09-20 14:00:00.000,35416879-2d37-491e-a222-5b144e36928c,
70001311,2026-09-20 14:00:00.000,,2767caed-b9dd-4a63-9343-3f249173b254.binning_data.json,70001311,2026-09-20 14:40:46.268,2026-09-20 14:40:46.268,UTC-0300,hriiVjEkYE,,com.sec.android.app.shealth,2026-09-20 14:40:46.183,2767caed-b9dd-4a63-9343-3f249173b254,
