noite,classe,sleep_score,duracao_min,t000,t001,t002,t003,t004,t005,t006,t007,t008,t009,t010,t011,t012,t013,t014,t015,t016,t017,t018,t019,t020,t021,t022,t023,t024,t025,t026,t027,t028,t029,t030,t031,t032,t033,t034,t035,t036,t037,t038,t039,t040,t041,t042,t043,t044,t045,t046,t047,t048,t049,t050,t051,t052,t053,t054,t055,t056,t057,t058,t059,t060,t061,t062,t063,t064,t065,t066,t067,t068,t069,t070,t071,t072,t073,t074,t075,t076,t077,t078,t079,t080,t081,t082,t083,t084,t085,t086,t087,t088,t089,t090,t091,t092,t093,t094,t095
2023-10-21,regular,78.0,420.0,2.0,2.0,2.0,2.0,2.0,2.0,2.6,3.0,3.0,3.0,2.6,2.0,1.2,1.0,0.8,2.0,2.0,2.0,2.2,0.8,2.0,2.0,2.0,3.0,1.6,2.0,2.0,2.0,3.0,3.0,3.0,3.0,3.0,3.0,2.6,2.0,1.6,1.8,1.6,1.6,0.8,1.0,1.0,1.0,1.4,1.8,2.0,2.0,2.0,2.0,2.0,2.0,2.2,1.6,1.0,1.0,1.0,1.0,1.0,1.0,0.8,2.0,2.0,2.0,2.0,2.0,2.0,2.0,2.0,1.2,0.0,1.6,1.6,0.8,0.6,1.0,1.0,1.0,0.6,0.8,1.6,2.0,2.0,1.2,0.0,0.0,0.0,0.0,0.0,0.0,0.0,0.0,0.0,0.0,0.0,0.0
2023-10-22,regular,77.0,357.0,2.0,2.0,2.0,2.0,2.0,0.4,1.2,2.0,2.6,2.4,2.8,2.6,2.0,1.8,1.4,2.0,2.0,2.0,2.0,2.8,2.0,1.6,2.0,2.0,2.0,2.2,2.4,3.0,2.0,0.8,1.0,0.8,1.8,1.4,1.6,2.0,2.0,2.0,2.0,2.0,2.8,3.0,2.0,2.0,1.0,1.0,1.0,1.0,1.0,1.0,1.0,1.0,1.0,1.0,1.0,1.4,2.0,2.0,2.0,2.0,2.0,2.0,2.0,2.0,2.0,2.0,2.0,2.0,2.0,2.0,0.8,0.0,0.0,0.0,0.0,0.0,0.0,0.0,0.0,0.0,0.0,0.0,0.0,0.0,0.0,0.0,0.0,0.0,0.0,0.0,0.0,0.0,0.0,0.0,0.0,0.0
2023-10-23,bom,85.0,389.0,2.0,2.0,2.0,1.6,2.0,2.4,3.0,3.0,3.0,3.0,3.0,2.4,1.6,1.6,1.2,1.6,2.0,1.4,1.8,2.0,1.4,2.0,2.0,2.0,2.2,3.0,3.0,3.0,2.0,2.0,2.0,3.0,2.6,2.8,3.0,3.0,3.0,3.0,2.2,2.0,1.4,1.0,1.0,1.0,1.2,2.0,2.0,2.0,2.0,2.0,2.0,2.0,2.0,1.6,2.0,2.0,1.4,1.0,1.0,1.0,1.0,1.0,1.0,1.4,2.0,2.0,2.0,2.0,2.0,2.0,0.4,0.0,0.0,0.0,0.0,0.0,0.0,0.0,0.0,0.0,0.0,0.0,0.0,0.0,0.0,0.0,0.0,0.0,0.0,0.0,0.0,0.0,0.0,0.0,0.0,0.0
2023-10-24,ruim,62.0,351.0,1.6,2.0,2.2,3.0,3.0,3.0,3.0,3.0,1.8,2.0,2.0,2.0,2.0,2.0,2.8,3.0,3.0,3.0,3.0,3.0,1.6,2.0,2.0,2.0,1.6,2.0,1.8,1.0,1.0,1.0,1.0,1.0,1.0,0.8,2.0,2.0,2.0,2.0,2.0,2.0,2.4,2.8,2.0,2.0,3.0,3.0,2.2,1.8,1.0,1.0,1.0,1.2,1.6,2.0,2.0,2.0,2.0,2.0,2.0,1.6,2.0,1.0,1.0,1.0,1.0,0.2,0.0,0.0,0.0,0.0,0.0,0.0,0.0,0.0,0.0,0.0,0.0,0.0,0.0,0.0,0.0,0.0,0.0,0.0,0.0,0.0,0.0,0.0,0.0,0.0,0.0,0.0,0.0,0.0,0.0,0.0
2023-10-25,ruim,68.0,440.0,2.0,2.0,2.0,2.0,2.0,2.2,3.0,1.2,2.0,2.0,2.4,2.2,2.0,2.0,2.0,1.6,2.0,2.8,3.0,3.0,3.0,3.0,3.0,2.8,2.0,2.4,2.8,1.6,1.0,0.4,2.0,2.0,2.0,2.0,2.6,3.0,3.0,3.0,1.6,2.0,2.0,2.0,2.0,2.0,1.6,1.0,0.8,0.4,1.0,1.0,1.0,1.4,0.4,2.0,2.0,1.6,2.0,2.0,2.0,2.0,2.0,0.8,2.0,2.0,1.4,1.4,0.6,2.0,2.0,1.0,1.2,1.0,0.8,1.0,1.0,1.0,1.0,1.2,2.0,2.0,2.0,0.8,0.0,0.0,0.0,0.8,0.4,0.0,0.0,0.0,0.0,0.0,0.0,0.0,0.0,0.0
2023-10-26,ruim,62.0,326.0,2.0,2.0,2.0,2.0,1.6,1.6,2.0,0.4,2.0,2.0,2.0,2.0,2.0,1.8,2.0,1.6,2.0,2.0,2.4,3.0,1.6,2.0,2.0,2.2,3.0,2.6,1.2,1.0,1.0,1.0,1.0,1.0,1.6,1.4,1.6,2.0,2.0,2.0,2.0,2.4,2.4,0.4,2.0,2.0,2.0,1.0,1.4,1.0,1.0,1.0,1.0,1.2,2.0,2.0,2.0,2.0,2.0,2.0,2.0,2.0,2.0,1.2,1.2,1.4,0.0,0.0,0.0,0.0,0.0,0.0,0.0,0.0,0.0,0.0,0.0,0.0,0.0,0.0,0.0,0.0,0.0,0.0,0.0,0.0,0.0,0.0,0.0,0.0,0.0,0.0,0.0,0.0,0.0,0.0,0.0,0.0
2023-10-27,ruim,68.0,326.0,2.0,2.0,2.0,2.0,2.0,2.0,2.0,2.4,3.0,3.0,3.0,2.6,1.6,2.0,2.0,2.0,1.6,2.0,2.0,2.8,3.0,3.0,3.0,3.0,2.4,1.0,1.0,1.0,1.0,1.0,1.0,1.0,1.0,1.0,1.0,1.0,1.0,1.0,1.0,1.4,1.2,1.6,2.0,2.0,2.0,2.0,2.0,2.4,3.0,3.0,3.0,3.0,0.4,1.6,1.0,0.6,0.8,1.0,1.0,1.0,1.0,1.0,0.8,1.0,1.0,1.0,0.0,0.0,0.0,0.0,0.0,0.0,0.0,0.0,0.0,0.0,0.0,0.0,0.0,0.0,0.0,0.0,0.0,0.0,0.0,0.0,0.0,0.0,0.0,0.0,0.0,0.0,0.0,0.0,0.0,0.0
2023-10-28,bom,86.0,489.0,2.0,3.0,3.0,3.0,2.0,2.0,2.0,2.0,2.0,1.4,2.0,1.0,2.0,2.0,2.0,2.6,3.0,3.0,3.0,3.0,3.0,3.0,3.0,2.8,2.0,2.0,2.2,1.0,1.0,1.0,1.0,1.0,1.6,2.0,2.0,2.0,2.4,3.0,3.0,3.0,1.8,2.0,2.0,2.0,2.0,2.0,1.4,1.0,1.0,1.0,1.0,1.0,1.0,1.0,1.0,1.6,2.0,2.0,2.0,2.0,2.8,3.0,1.8,2.0,2.0,2.0,2.4,1.8,1.4,2.0,1.2,2.0,1.0,1.2,1.6,1.6,1.2,2.0,1.6,1.2,1.2,2.0,1.6,1.0,1.0,1.0,1.0,1.0,1.0,1.0,1.4,0.8,1.6,1.6,0.0,0.0
2023-10-29,ruim,50.0,370.0,2.0,2.0,2.0,2.0,2.0,2.0,2.0,2.8,1.4,2.0,2.0,2.4,2.0,1.6,2.0,2.0,2.0,2.0,3.0,2.8,1.6,2.0,2.0,0.8,1.6,2.0,2.0,2.0,2.0,0.4,1.8,1.0,1.0,1.0,1.0,2.0,2.0,1.6,2.0,2.0,2.0,2.0,2.0,2.0,1.6,2.0,2.0,2.0,2.0,2.0,1.8,1.0,1.0,1.0,1.0,1.0,1.0,1.0,1.0,1.0,1.0,1.2,2.0,2.0,2.0,2.0,2.0,2.0,0.8,1.6,1.0,1.0,1.0,0.4,0.0,0.0,0.0,0.0,0.0,0.0,0.0,0.0,0.0,0.0,0.0,0.0,0.0,0.0,0.0,0.0,0.0,0.0,0.0,0.0,0.0,0.0
2023-10-30,ruim,52.0,302.0,0.0,1.2,1.6,2.0,2.0,2.0,2.0,2.0,2.2,2.0,1.6,2.0,2.0,1.8,1.2,1.6,2.0,2.0,2.0,1.6,2.0,2.0,2.0,1.6,2.0,1.8,1.0,1.0,1.0,1.0,1.0,1.2,2.0,2.0,2.0,2.0,2.0,2.0,1.6,1.4,1.6,2.0,2.0,1.6,2.0,2.0,2.0,2.0,2.0,2.0,2.0,1.6,2.0,2.0,2.0,2.0,1.6,0.4,0.4,2.0,0.0,0.0,0.0,0.0,0.0,0.0,0.0,0.0,0.0,0.0,0.0,0.0,0.0,0.0,0.0,0.0,0.0,0.0,0.0,0.0,0.0,0.0,0.0,0.0,0.0,0.0,0.0,0.0,0.0,0.0,0.0,0.0,0.0,0.0,0.0,0.0
2023-10-31,ruim,65.0,416.0,2.0,2.2,3.0,2.4,2.0,2.0,2.8,3.0,3.0,3.0,3.0,3.0,3.0,3.0,3.0,3.0,3.0,3.0,2.4,1.2,1.2,1.0,1.0,1.2,2.0,2.0,2.0,2.4,3.0,3.0,3.0,1.8,2.0,2.0,2.0,2.2,2.0,1.0,1.0,0.8,1.6,1.2,2.0,2.0,2.0,2.0,2.0,3.0,3.0,3.0,2.6,2.0,1.2,0.4,1.8,1.2,1.0,0.6,1.6,1.4,1.0,1.0,1.0,1.2,1.0,1.0,0.6,2.0,2.0,2.0,2.0,2.0,2.0,2.0,1.6,1.6,1.4,1.0,1.0,0.6,1.4,1.2,1.6,0.0,0.0,0.0,0.0,0.0,0.0,0.0,0.0,0.0,0.0,0.0,0.0,0.0
2023-11-01,ruim,62.0,366.0,2.0,2.0,2.0,2.0,1.6,1.2,2.0,2.0,2.0,2.0,3.0,3.0,3.0,1.4,1.6,1.0,1.0,1.0,2.0,1.6,2.0,2.0,2.0,2.0,2.2,3.0,3.0,1.6,2.0,2.0,2.2,3.0,2.6,1.6,2.0,1.0,1.0,1.0,1.0,0.8,1.4,1.6,2.0,2.0,2.0,2.0,2.0,2.0,2.0,2.0,2.0,2.0,2.2,3.0,1.4,1.4,1.0,1.0,1.0,1.0,1.0,1.0,1.0,1.0,1.0,1.0,2.0,2.0,2.0,1.6,1.6,1.6,1.2,0.0,0.0,0.0,0.0,0.0,0.0,0.0,0.0,0.0,0.0,0.0,0.0,0.0,0.0,0.0,0.0,0.0,0.0,0.0,0.0,0.0,0.0,0.0
2023-11-02,ruim,63.0,268.0,2.0,2.0,2.0,2.0,2.0,2.0,3.0,3.0,3.0,3.0,1.6,1.6,1.2,1.6,2.0,2.0,1.2,2.0,2.0,2.0,1.6,2.0,2.0,3.0,3.0,3.0,3.0,3.0,3.0,2.0,1.2,1.0,1.0,0.8,1.2,1.6,0.8,2.0,2.0,1.2,2.0,2.0,2.0,2.0,1.6,2.0,2.0,2.4,3.0,0.4,1.2,1.0,1.0,0.3333,0.0,0.0,0.0,0.0,0.0,0.0,0.0,0.0,0.0,0.0,0.0,0.0,0.0,0.0,0.0,0.0,0.0,0.0,0.0,0.0,0.0,0.0,0.0,0.0,0.0,0.0,0.0,0.0,0.0,0.0,0.0,0.0,0.0,0.0,0.0,0.0,0.0,0.0,0.0,0.0,0.0,0.0
2023-11-03,bom,93.0,453.0,2.0,2.0,2.0,2.0,2.0,0.8,1.6,2.0,2.4,3.0,3.0,3.0,3.0,3.0,1.8,1.4,1.6,2.0,2.0,2.8,3.0,2.6,2.0,2.0,1.6,2.0,2.2,3.0,3.0,3.0,3.0,1.8,0.6,1.0,1.0,1.0,2.0,2.0,2.0,2.0,2.0,2.0,2.0,2.0,2.4,1.4,1.0,1.0,1.0,1.2,1.4,2.0,1.0,1.6,2.0,2.0,2.0,2.0,2.0,3.0,2.0,2.0,1.0,1.0,1.6,0.8,1.0,1.0,1.0,1.0,1.0,1.0,1.0,2.0,2.0,1.2,2.0,2.0,2.0,1.6,2.0,2.0,2.0,2.0,2.0,1.2,2.0,2.0,1.6,2.0,2.0,0.0,0.0,0.0,0.0,0.0
2023-11-04,ruim,67.0,624.0,2.0,2.0,2.0,2.0,2.0,2.0,2.8,3.0,3.0,3.0,3.0,3.0,3.0,3.0,3.0,3.0,3.0,2.0,2.0,2.8,3.0,3.0,3.0,3.0,2.2,2.0,2.4,3.0,3.0,2.8,1.6,1.0,1.0,1.0,1.0,1.6,2.0,2.0,2.4,3.0,3.0,3.0,3.0,3.0,3.0,3.0,3.0,3.0,1.8,1.6,1.2,1.0,1.0,1.0,1.0,1.0,1.0,1.0,0.8,1.6,2.0,2.0,2.0,2.0,2.0,2.0,1.6,2.0,1.2,1.6,2.0,1.6,1.0,1.0,1.0,1.0,1.0,1.0,0.8,1.4,1.0,2.0,1.6,2.0,2.0,2.0,2.0,2.0,2.0,2.0,2.0,1.2,2.0,2.0,2.0,1.2
2023-11-06,ruim,61.0,301.0,2.0,3.0,3.0,2.0,2.0,2.0,2.8,3.0,2.4,1.6,2.0,2.0,2.2,2.8,3.0,3.0,3.0,2.4,2.0,2.0,2.0,1.4,1.0,1.0,1.0,1.0,1.0,1.0,1.0,1.8,2.0,2.0,2.0,2.0,1.6,2.0,2.0,2.2,3.0,3.0,1.6,2.0,1.6,1.0,0.8,1.0,1.0,1.0,2.0,2.0,2.0,1.2,2.0,2.0,1.4,1.2,1.8,0.0,1.6,1.6,0.0,0.0,0.0,0.0,0.0,0.0,0.0,0.0,0.0,0.0,0.0,0.0,0.0,0.0,0.0,0.0,0.0,0.0,0.0,0.0,0.0,0.0,0.0,0.0,0.0,0.0,0.0,0.0,0.0,0.0,0.0,0.0,0.0,0.0,0.0,0.0
2023-11-07,ruim,64.0,267.0,2.0,2.0,2.0,2.0,2.0,2.6,3.0,3.0,3.0,2.0,2.0,1.0,1.0,1.4,2.0,2.0,2.0,3.0,3.0,3.0,3.0,3.0,3.0,2.0,2.0,2.0,2.0,2.0,2.0,2.0,1.4,1.0,1.0,1.0,1.0,1.0,1.0,1.0,1.0,0.6,1.2,2.0,2.0,2.0,2.0,2.0,2.0,1.6,2.0,2.0,1.2,1.6,1.0,0.0,0.0,0.0,0.0,0.0,0.0,0.0,0.0,0.0,0.0,0.0,0.0,0.0,0.0,0.0,0.0,0.0,0.0,0.0,0.0,0.0,0.0,0.0,0.0,0.0,0.0,0.0,0.0,0.0,0.0,0.0,0.0,0.0,0.0,0.0,0.0,0.0,0.0,0.0,0.0,0.0,0.0,0.0
2023-11-08,ruim,61.0,304.0,1.2,2.0,2.0,2.0,2.4,3.0,3.0,2.0,1.8,1.0,1.4,2.0,2.0,2.0,2.8,3.0,3.0,3.0,3.0,3.0,3.0,1.8,2.0,2.0,2.0,2.6,3.0,1.6,1.4,1.0,0.8,1.0,1.2,1.0,1.0,1.8,2.0,2.0,2.0,2.0,2.0,3.0,3.0,2.6,1.0,1.0,0.8,1.6,2.0,2.0,2.0,1.2,1.4,1.0,1.0,1.0,1.0,0.8,0.4,1.2,1.0,0.0,0.0,0.0,0.0,0.0,0.0,0.0,0.0,0.0,0.0,0.0,0.0,0.0,0.0,0.0,0.0,0.0,0.0,0.0,0.0,0.0,0.0,0.0,0.0,0.0,0.0,0.0,0.0,0.0,0.0,0.0,0.0,0.0,0.0,0.0
2023-11-09,bom,90.0,426.0,2.0,1.6,2.0,2.6,3.0,3.0,3.0,3.0,3.0,3.0,3.0,2.6,3.0,3.0,3.0,1.2,2.0,2.0,1.6,2.0,2.0,2.0,2.4,2.0,2.0,1.8,1.0,1.0,1.0,1.0,1.0,1.0,1.0,1.6,1.6,2.0,2.0,1.6,2.0,2.0,2.2,3.0,2.6,2.0,2.0,2.0,2.0,2.0,2.0,1.6,1.0,1.0,1.0,1.0,1.0,1.0,1.0,1.0,1.0,1.0,1.2,1.2,2.0,2.0,2.0,2.0,2.0,2.4,3.0,2.2,1.6,2.0,2.0,1.0,1.0,1.0,1.0,1.0,0.6,1.2,0.8,0.6,0.8,1.0,0.8,0.0,0.0,0.0,0.0,0.0,0.0,0.0,0.0,0.0,0.0,0.0
2023-11-10,ruim,57.0,256.0,1.2,1.2,2.0,2.4,3.0,3.0,3.0,2.0,2.0,2.2,3.0,3.0,3.0,1.0,1.0,0.6,2.0,2.0,2.0,2.6,3.0,2.4,1.2,2.0,2.0,2.0,2.0,1.6,2.0,2.0,2.0,2.0,2.0,1.6,1.4,1.0,0.4,1.6,2.0,1.2,1.0,1.4,2.0,1.2,2.0,2.0,1.6,1.6,2.0,1.2,1.6,0.0,0.0,0.0,0.0,0.0,0.0,0.0,0.0,0.0,0.0,0.0,0.0,0.0,0.0,0.0,0.0,0.0,0.0,0.0,0.0,0.0,0.0,0.0,0.0,0.0,0.0,0.0,0.0,0.0,0.0,0.0,0.0,0.0,0.0,0.0,0.0,0.0,0.0,0.0,0.0,0.0,0.0,0.0,0.0,0.0
2023-11-12,bom,86.0,509.0,1.6,2.0,2.2,3.0,3.0,3.0,3.0,1.8,2.0,2.0,2.0,2.0,2.0,2.6,3.0,3.0,3.0,3.0,3.0,3.0,1.2,2.0,2.0,2.0,1.6,1.0,0.8,1.0,1.0,1.0,1.0,1.6,2.0,2.0,2.0,2.6,3.0,3.0,3.0,3.0,3.0,3.0,2.0,2.0,2.0,2.0,1.6,2.0,1.6,1.0,1.0,1.0,1.6,2.0,2.0,2.0,2.0,2.0,2.0,2.6,1.8,2.0,1.0,1.0,1.0,1.0,1.0,1.2,1.4,2.0,2.0,0.4,0.0,0.0,2.0,2.0,1.6,2.0,2.0,2.0,1.2,2.0,2.0,2.0,2.0,1.2,1.4,1.0,1.0,0.2,0.0,0.0,0.4,1.6,1.4,1.0
2023-11-13,ruim,56.0,333.0,2.0,2.0,2.0,2.0,3.0,3.0,1.2,2.0,2.0,2.0,2.0,3.0,2.4,2.0,1.8,1.0,0.8,1.6,2.0,2.0,2.0,2.8,2.8,1.6,2.0,2.0,2.0,2.0,2.6,3.0,3.0,3.0,3.0,3.0,2.6,0.8,1.0,1.0,0.6,2.0,2.0,2.0,2.0,2.0,2.0,1.6,1.6,2.0,2.0,1.6,1.0,1.0,1.0,1.0,1.2,2.0,2.0,2.0,2.0,0.8,0.4,0.0,0.8,0.0,0.0,1.2,0.3333,0.0,0.0,0.0,0.0,0.0,0.0,0.0,0.0,0.0,0.0,0.0,0.0,0.0,0.0,0.0,0.0,0.0,0.0,0.0,0.0,0.0,0.0,0.0,0.0,0.0,0.0,0.0,0.0,0.0
2023-11-14,ruim,45.0,359.0,1.2,1.6,2.0,2.0,2.0,1.0,1.0,2.0,2.2,3.0,3.0,2.4,2.0,3.0,3.0,3.0,3.0,1.8,1.6,2.0,1.2,1.6,1.2,0.8,2.0,2.0,2.0,2.8,2.6,1.6,0.6,2.0,2.0,2.0,2.0,2.0,1.2,2.0,1.6,1.6,2.0,0.0,1.4,0.6,2.0,0.8,1.6,2.0,1.6,1.2,0.4,0.0,0.4,0.0,0.0,0.0,0.0,0.8,0.8,1.6,1.6,2.0,2.0,0.8,2.0,1.2,0.8,2.0,2.0,2.0,1.6,1.0,0.0,0.0,0.0,0.0,0.0,0.0,0.0,0.0,0.0,0.0,0.0,0.0,0.0,0.0,0.0,0.0,0.0,0.0,0.0,0.0,0.0,0.0,0.0,0.0
2023-11-15,ruim,33.0,193.0,2.0,2.0,2.0,2.0,2.0,2.0,1.6,1.6,2.0,2.0,2.0,2.0,2.0,2.0,2.0,2.0,2.0,2.0,2.0,2.0,1.6,1.6,2.0,2.0,1.4,1.0,1.0,1.0,0.8,2.0,0.0,1.2,2.0,2.0,2.0,2.0,2.0,1.0,1.0,0.0,0.0,0.0,0.0,0.0,0.0,0.0,0.0,0.0,0.0,0.0,0.0,0.0,0.0,0.0,0.0,0.0,0.0,0.0,0.0,0.0,0.0,0.0,0.0,0.0,0.0,0.0,0.0,0.0,0.0,0.0,0.0,0.0,0.0,0.0,0.0,0.0,0.0,0.0,0.0,0.0,0.0,0.0,0.0,0.0,0.0,0.0,0.0,0.0,0.0,0.0,0.0,0.0,0.0,0.0,0.0,0.0
2023-11-16,ruim,51.0,342.0,0.8,2.0,2.0,2.0,1.2,1.0,1.4,2.0,2.0,2.0,1.2,2.0,2.2,3.0,3.0,2.0,2.0,2.4,3.0,2.6,2.8,2.0,2.0,2.0,1.0,1.0,0.8,2.0,2.0,2.0,2.0,2.4,3.0,3.0,3.0,3.0,3.0,1.2,2.0,1.2,1.0,1.0,1.0,1.0,1.0,1.0,2.0,2.0,2.0,1.8,2.0,0.4,0.0,0.0,1.2,2.0,2.0,2.0,2.0,2.0,2.0,1.6,1.0,0.8,1.0,0.6,1.0,1.0,0.0,0.0,0.0,0.0,0.0,0.0,0.0,0.0,0.0,0.0,0.0,0.0,0.0,0.0,0.0,0.0,0.0,0.0,0.0,0.0,0.0,0.0,0.0,0.0,0.0,0.0,0.0,0.0
2023-11-17,ruim,55.0,417.0,0.0,2.0,0.8,2.0,2.4,3.0,3.0,3.0,3.0,3.0,1.6,2.0,1.2,1.4,1.0,2.0,2.0,2.0,2.4,3.0,3.0,3.0,3.0,3.0,2.4,2.2,2.6,1.2,2.0,1.2,1.8,1.2,1.8,1.6,2.0,1.8,1.4,2.0,2.0,2.4,2.8,2.0,1.6,2.0,2.0,1.0,1.0,1.0,1.0,1.2,2.0,0.6,1.2,2.0,2.0,2.0,2.0,2.0,1.2,1.6,1.2,1.6,1.2,0.8,2.0,2.0,1.4,1.6,1.0,1.0,1.0,1.0,1.0,1.6,2.0,2.0,2.0,2.0,2.0,1.6,1.2,0.0,0.4,0.0,0.0,0.0,0.0,0.0,0.0,0.0,0.0,0.0,0.0,0.0,0.0,0.0
2023-11-19,ruim,61.0,585.0,0.0,2.0,2.0,2.0,2.0,2.6,3.0,3.0,3.0,3.0,2.0,2.0,2.0,2.0,2.0,2.0,2.6,3.0,3.0,2.2,1.6,2.0,2.2,2.2,1.0,1.0,1.0,2.0,1.2,1.6,1.4,2.0,2.0,2.0,2.2,3.0,3.0,3.0,2.4,2.0,2.0,3.0,2.2,1.0,1.0,1.0,0.8,1.0,0.8,1.0,2.0,2.0,2.0,1.6,2.0,2.4,3.0,3.0,2.8,2.0,2.0,2.0,2.8,3.0,2.0,2.2,2.8,1.6,1.0,0.4,1.6,2.0,2.0,1.2,0.4,2.0,1.6,1.6,2.0,1.6,1.2,1.0,1.0,1.6,2.0,1.2,2.0,2.0,2.0,2.0,2.0,1.6,2.0,2.0,2.0,1.6
2023-11-20,ruim,56.0,318.0,2.0,2.4,3.0,2.4,0.4,1.2,2.0,2.0,2.0,1.6,2.0,2.2,3.0,3.0,2.0,2.0,2.0,2.4,2.0,2.0,2.0,1.8,0.6,1.0,1.0,1.0,0.8,2.0,2.0,2.0,2.0,2.0,2.0,2.8,3.0,3.0,3.0,2.0,2.0,2.0,2.0,2.0,2.0,1.4,1.0,1.0,1.0,1.0,1.0,1.0,0.8,1.6,2.0,2.0,2.0,2.0,2.0,2.0,0.8,1.6,2.0,2.0,1.4,0.3333,0.0,0.0,0.0,0.0,0.0,0.0,0.0,0.0,0.0,0.0,0.0,0.0,0.0,0.0,0.0,0.0,0.0,0.0,0.0,0.0,0.0,0.0,0.0,0.0,0.0,0.0,0.0,0.0,0.0,0.0,0.0,0.0
2023-11-21,ruim,65.0,377.0,2.0,2.0,2.0,2.0,2.0,2.0,1.6,2.0,3.0,3.0,3.0,3.0,3.0,1.0,1.6,1.6,1.6,2.0,2.0,2.4,3.0,3.0,2.2,1.6,2.0,2.0,2.4,3.0,2.6,3.0,2.2,1.0,1.0,1.0,0.8,1.0,1.0,1.0,1.0,1.4,2.0,2.2,3.0,2.6,1.2,2.0,2.0,2.0,2.0,2.0,2.0,2.0,2.0,1.2,1.0,1.0,1.0,1.0,1.0,1.0,1.0,1.0,0.8,1.6,1.8,2.0,2.0,2.0,1.2,1.8,1.0,1.0,1.0,1.0,1.4,0.0,0.0,0.0,0.0,0.0,0.0,0.0,0.0,0.0,0.0,0.0,0.0,0.0,0.0,0.0,0.0,0.0,0.0,0.0,0.0,0.0
2023-11-22,bom,90.0,430.0,0.0,2.0,2.0,2.0,2.8,3.0,3.0,3.0,3.0,3.0,1.8,2.0,2.0,2.0,3.0,3.0,1.2,2.0,2.0,2.6,3.0,3.0,3.0,3.0,1.8,1.6,2.0,2.0,1.6,1.0,0.8,1.0,1.6,0.2,1.0,0.4,1.6,1.6,1.6,2.0,2.0,2.0,2.0,1.4,2.0,2.0,2.0,2.6,2.4,2.0,2.0,2.0,2.0,2.0,0.8,1.0,1.0,1.0,1.0,1.0,1.0,1.0,1.0,2.0,2.0,2.0,2.0,2.0,2.0,2.0,2.0,2.0,1.4,1.0,1.0,1.0,1.0,0.8,0.8,1.2,2.0,2.0,0.8,1.6,2.0,1.2,0.0,0.0,0.0,0.0,0.0,0.0,0.0,0.0,0.0,0.0
2023-11-23,ruim,61.0,408.0,1.2,1.2,1.2,2.0,2.8,3.0,3.0,1.6,2.0,2.0,1.6,2.0,2.2,3.0,3.0,3.0,3.0,3.0,3.0,2.0,1.6,1.4,1.0,1.0,1.0,1.2,2.0,2.0,1.2,2.0,2.0,2.0,2.8,3.0,3.0,1.4,1.2,2.0,2.0,2.0,2.0,2.0,2.0,2.0,0.4,1.6,0.6,1.0,0.6,1.0,0.6,2.0,2.0,2.0,1.6,1.6,1.0,2.0,2.0,2.0,2.0,2.0,2.0,1.6,1.6,2.0,2.0,1.2,2.0,1.6,2.0,1.4,0.8,1.6,1.0,1.0,1.0,1.0,1.0,1.0,1.0,0.3333,0.0,0.0,0.0,0.0,0.0,0.0,0.0,0.0,0.0,0.0,0.0,0.0,0.0,0.0
2023-11-24,ruim,63.0,304.0,2.0,2.0,1.6,2.4,3.0,2.0,2.0,1.4,2.0,2.0,2.2,3.0,3.0,3.0,3.0,3.0,3.0,3.0,3.0,2.0,2.2,2.0,1.4,1.8,1.2,1.2,1.6,2.0,1.6,2.0,2.0,2.0,2.0,2.0,1.6,2.0,2.0,1.2,1.8,1.0,1.0,1.0,1.0,1.0,1.0,1.2,1.4,2.0,1.4,1.6,1.6,1.6,2.0,2.0,2.0,2.0,2.0,2.2,3.0,3.0,1.5,0.0,0.0,0.0,0.0,0.0,0.0,0.0,0.0,0.0,0.0,0.0,0.0,0.0,0.0,0.0,0.0,0.0,0.0,0.0,0.0,0.0,0.0,0.0,0.0,0.0,0.0,0.0,0.0,0.0,0.0,0.0,0.0,0.0,0.0,0.0
2023-11-25,bom,89.0,457.0,2.0,2.6,2.8,3.0,3.0,3.0,3.0,3.0,1.4,2.0,2.0,2.0,3.0,3.0,3.0,2.0,2.6,2.2,3.0,3.0,1.0,2.0,2.0,2.0,2.0,2.0,2.0,2.0,2.0,2.0,0.8,1.2,1.0,1.0,1.0,2.0,2.0,2.0,2.0,1.6,1.6,1.6,2.0,2.0,2.0,2.8,3.0,2.6,2.6,3.0,2.0,1.2,2.0,2.0,2.0,0.6,1.0,0.8,1.0,1.0,1.4,1.4,2.0,1.0,0.2,1.8,2.0,2.0,2.0,2.0,2.0,2.0,2.0,2.0,2.0,2.0,1.2,0.8,2.0,2.0,0.4,2.0,2.0,2.0,1.6,1.6,1.0,1.0,1.0,1.0,1.0,0.0,0.0,0.0,0.0,0.0
2023-11-26,ruim,61.0,345.0,2.0,2.4,3.0,2.4,2.0,2.6,1.4,1.0,1.0,2.0,2.0,3.0,3.0,3.0,3.0,1.8,1.6,2.0,2.0,2.0,2.4,3.0,2.2,1.8,0.8,1.2,2.0,2.0,2.0,2.0,2.6,3.0,2.2,2.0,2.0,2.0,2.0,0.8,0.8,1.0,1.0,1.0,1.0,1.0,1.0,1.2,2.0,2.0,2.0,2.0,2.0,2.0,2.0,2.0,2.0,2.0,2.0,2.0,2.0,1.6,1.0,1.0,1.0,1.0,1.0,0.6,1.0,0.8,0.6,0.0,0.0,0.0,0.0,0.0,0.0,0.0,0.0,0.0,0.0,0.0,0.0,0.0,0.0,0.0,0.0,0.0,0.0,0.0,0.0,0.0,0.0,0.0,0.0,0.0,0.0,0.0
2023-11-27,ruim,55.0,347.0,2.0,2.0,2.0,2.0,2.0,2.2,3.0,3.0,3.0,3.0,3.0,3.0,0.4,1.2,1.2,0.4,1.2,2.0,0.2,1.2,0.2,0.8,0.4,2.0,2.0,2.0,2.6,3.0,3.0,3.0,3.0,3.0,1.6,2.0,2.0,2.0,2.0,2.4,2.0,2.0,1.6,1.2,1.4,1.0,1.2,1.0,1.0,1.0,1.0,1.0,1.0,1.8,1.6,1.0,2.0,2.0,1.2,2.0,1.6,1.6,1.6,2.0,2.0,0.4,1.0,0.6,1.0,1.0,1.0,0.0,0.0,0.0,0.0,0.0,0.0,0.0,0.0,0.0,0.0,0.0,0.0,0.0,0.0,0.0,0.0,0.0,0.0,0.0,0.0,0.0,0.0,0.0,0.0,0.0,0.0,0.0
2023-11-28,ruim,62.0,236.0,2.0,2.6,3.0,2.2,3.0,3.0,2.0,2.0,2.0,2.0,2.0,2.0,3.0,3.0,3.0,3.0,3.0,3.0,3.0,3.0,3.0,1.2,2.0,1.6,1.0,1.0,1.0,0.8,0.8,1.8,2.0,2.0,2.0,2.0,2.0,2.0,2.0,2.6,3.0,3.0,1.8,1.6,1.2,1.0,1.0,0.8,0.6,0.0,0.0,0.0,0.0,0.0,0.0,0.0,0.0,0.0,0.0,0.0,0.0,0.0,0.0,0.0,0.0,0.0,0.0,0.0,0.0,0.0,0.0,0.0,0.0,0.0,0.0,0.0,0.0,0.0,0.0,0.0,0.0,0.0,0.0,0.0,0.0,0.0,0.0,0.0,0.0,0.0,0.0,0.0,0.0,0.0,0.0,0.0,0.0,0.0
2023-11-30,ruim,63.0,319.0,2.0,2.0,2.0,3.0,3.0,3.0,3.0,3.0,3.0,3.0,2.0,2.0,1.8,2.0,2.0,1.6,2.0,2.0,2.8,3.0,3.0,3.0,2.4,2.0,2.0,1.2,1.0,1.6,2.0,0.4,2.0,2.0,2.0,2.0,2.4,3.0,2.4,2.0,2.0,2.0,1.8,1.0,1.0,1.2,2.0,2.0,2.0,2.0,1.4,1.0,1.0,1.0,1.0,2.0,1.4,1.6,2.0,2.0,2.0,1.2,2.0,0.8,1.6,1.0,0.0,0.0,0.0,0.0,0.0,0.0,0.0,0.0,0.0,0.0,0.0,0.0,0.0,0.0,0.0,0.0,0.0,0.0,0.0,0.0,0.0,0.0,0.0,0.0,0.0,0.0,0.0,0.0,0.0,0.0,0.0,0.0
2023-12-01,bom,89.0,453.0,2.0,2.0,2.0,2.0,1.6,2.0,2.6,1.4,2.0,2.0,3.0,2.6,2.2,3.0,3.0,3.0,3.0,3.0,3.0,2.2,1.6,1.0,1.0,1.0,1.0,1.0,1.0,0.8,2.0,2.0,2.0,2.6,3.0,2.4,1.6,2.0,2.0,3.0,3.0,3.0,3.0,1.8,2.0,2.0,2.0,1.4,1.0,1.6,1.0,1.0,1.0,1.0,1.0,1.0,0.4,2.0,1.6,1.2,0.8,2.0,2.0,2.0,2.0,2.0,1.6,2.0,2.0,2.0,1.6,1.0,1.0,1.0,1.0,1.0,1.0,1.0,1.0,1.0,1.0,1.0,1.0,1.0,1.0,1.4,1.2,1.2,1.6,0.4,0.2,1.6,0.3333,0.0,0.0,0.0,0.0,0.0
2023-12-02,bom,86.0,525.0,2.0,2.0,2.0,2.0,1.6,1.6,2.0,2.0,1.6,2.0,2.8,3.0,3.0,3.0,2.0,1.6,2.0,2.0,2.8,2.8,2.2,3.0,3.0,3.0,1.2,2.0,1.4,1.0,1.6,1.4,2.0,2.0,2.2,1.6,2.0,2.0,1.4,1.0,1.0,1.0,1.0,1.0,1.0,1.4,1.6,1.2,2.0,1.6,2.0,1.6,2.0,0.4,0.0,0.8,1.0,1.0,1.0,1.0,1.0,1.0,1.0,1.0,1.0,1.4,1.6,2.0,1.6,1.6,2.0,2.0,2.0,2.0,2.0,2.2,3.0,3.0,2.2,1.6,1.0,1.0,1.0,1.0,1.0,0.8,0.6,1.4,1.0,0.4,1.0,1.6,2.0,1.6,2.0,2.0,2.0,2.0
2023-12-04,ruim,52.0,418.0,2.0,2.2,2.2,2.0,2.4,3.0,3.0,3.0,1.8,2.0,2.0,1.6,2.0,2.0,2.6,3.0,3.0,3.0,2.0,2.0,2.0,2.4,3.0,2.0,2.2,3.0,2.6,3.0,0.4,1.6,1.8,0.8,0.8,2.0,1.6,2.0,2.0,2.0,2.8,3.0,2.4,2.0,2.0,1.4,1.0,1.0,1.0,0.8,2.0,1.2,1.0,1.0,0.8,1.0,1.4,2.0,2.0,2.0,2.0,2.0,2.0,2.0,2.0,2.0,2.0,1.8,1.2,0.8,1.0,1.0,1.0,1.0,1.0,1.0,1.4,1.8,0.0,0.4,0.8,0.8,0.0,0.8,2.0,0.6667,0.0,0.0,0.0,0.0,0.0,0.0,0.0,0.0,0.0,0.0,0.0,0.0
2023-12-05,ruim,57.0,380.0,2.0,1.2,2.0,2.0,2.0,2.4,2.8,0.8,2.0,1.2,1.8,2.0,2.0,1.2,2.0,2.0,2.2,3.0,3.0,2.2,1.2,2.0,2.0,1.6,2.0,2.0,1.6,2.0,2.0,1.6,0.8,1.0,1.0,1.0,2.0,2.0,2.0,2.0,2.0,2.0,1.6,2.0,2.0,2.0,2.6,3.0,1.8,2.0,2.0,2.0,1.2,0.8,1.0,1.0,1.0,1.8,2.0,2.0,2.0,2.0,2.0,2.0,2.0,1.2,2.0,2.0,1.4,1.0,1.0,1.0,1.0,1.4,1.6,1.0,1.2,1.2,0.0,0.0,0.0,0.0,0.0,0.0,0.0,0.0,0.0,0.0,0.0,0.0,0.0,0.0,0.0,0.0,0.0,0.0,0.0,0.0
2023-12-06,ruim,61.0,333.0,0.0,1.6,2.0,1.6,2.4,2.4,1.6,2.0,2.0,3.0,2.4,2.4,2.6,1.0,1.0,0.8,1.2,2.0,2.0,2.8,3.0,3.0,3.0,2.6,1.6,2.0,1.6,1.8,1.0,1.0,1.0,1.0,1.0,1.0,2.0,2.0,2.0,2.0,2.0,1.6,2.0,2.0,2.0,2.0,2.0,2.0,2.0,1.4,1.0,1.0,1.0,1.0,1.0,1.0,1.0,1.0,1.0,1.6,2.0,2.0,2.0,2.0,2.0,2.6,3.0,0.8,0.6667,0.0,0.0,0.0,0.0,0.0,0.0,0.0,0.0,0.0,0.0,0.0,0.0,0.0,0.0,0.0,0.0,0.0,0.0,0.0,0.0,0.0,0.0,0.0,0.0,0.0,0.0,0.0,0.0,0.0
2023-12-07,ruim,53.0,344.0,2.0,2.0,2.0,2.0,2.0,2.0,2.0,2.0,1.6,0.8,2.0,2.0,2.2,2.2,1.4,2.0,1.8,2.0,2.0,1.2,2.0,2.0,2.2,3.0,3.0,3.0,3.0,3.0,3.0,3.0,2.0,0.2,1.0,1.0,1.0,1.0,1.0,1.0,0.8,1.8,2.0,2.0,2.0,2.0,2.0,2.0,2.0,2.8,1.6,2.0,1.0,1.0,1.0,1.0,1.0,1.0,1.2,2.0,2.0,1.6,0.8,0.8,0.8,2.0,1.6,0.0,0.2,0.4,0.5,0.0,0.0,0.0,0.0,0.0,0.0,0.0,0.0,0.0,0.0,0.0,0.0,0.0,0.0,0.0,0.0,0.0,0.0,0.0,0.0,0.0,0.0,0.0,0.0,0.0,0.0,0.0
2023-12-08,ruim,52.0,353.0,2.0,2.0,2.0,2.0,2.0,2.0,3.0,2.6,3.0,2.2,1.6,2.0,2.0,2.0,2.0,2.0,2.2,2.0,1.2,1.6,1.6,1.0,1.0,1.0,1.2,1.6,2.0,1.2,2.0,2.0,2.2,3.0,3.0,3.0,0.8,2.0,1.6,1.2,2.0,0.8,1.4,1.0,1.0,1.0,1.0,1.0,1.0,1.0,2.0,2.0,2.0,1.6,2.0,2.0,2.0,2.0,2.0,1.2,2.0,0.4,1.4,1.0,0.6,1.0,1.0,1.0,0.4,2.0,0.0,2.0,0.6667,0.0,0.0,0.0,0.0,0.0,0.0,0.0,0.0,0.0,0.0,0.0,0.0,0.0,0.0,0.0,0.0,0.0,0.0,0.0,0.0,0.0,0.0,0.0,0.0,0.0
2023-12-09,ruim,62.0,560.0,2.0,2.4,3.0,3.0,2.6,1.0,1.0,1.0,2.0,1.2,2.0,2.0,3.0,3.0,3.0,3.0,3.0,3.0,3.0,2.0,2.0,2.4,2.0,1.4,1.0,1.0,1.0,1.0,1.0,1.6,1.4,1.4,3.0,3.0,3.0,2.8,1.6,2.0,2.0,2.0,2.8,3.0,1.4,2.0,2.0,1.2,2.0,1.6,2.0,2.0,2.0,2.0,1.2,1.6,1.0,1.0,1.0,1.0,1.0,1.0,1.0,1.0,1.0,1.0,1.2,1.8,1.2,1.6,2.0,2.0,1.2,2.0,2.0,1.0,1.0,1.2,2.0,1.6,2.0,2.0,1.6,2.0,2.0,1.2,2.0,1.2,1.4,1.0,1.0,1.0,1.0,1.0,2.0,2.0,1.6,2.0
2023-12-10,ruim,65.0,565.0,2.0,2.0,2.8,3.0,3.0,3.0,2.8,2.2,3.0,1.6,2.0,2.0,2.0,2.0,2.0,2.0,1.6,2.0,2.6,3.0,1.4,2.0,1.6,2.0,1.6,2.0,1.2,1.0,0.8,2.0,2.0,2.0,3.0,3.0,3.0,3.0,3.0,2.6,2.0,2.0,2.0,2.0,1.0,1.0,1.0,1.0,1.0,1.0,1.0,1.0,1.0,1.8,2.0,2.0,2.0,2.0,2.0,2.4,3.0,3.0,3.0,3.0,2.4,2.0,1.8,1.0,1.0,1.0,1.0,1.0,1.2,1.6,2.0,2.0,2.0,2.0,2.0,2.0,2.0,1.6,2.0,2.0,1.6,1.0,1.0,1.0,1.0,1.0,1.0,1.0,2.0,1.6,2.0,2.0,2.0,2.0
2023-12-11,bom,87.0,468.0,0.0,1.2,2.0,2.4,3.0,3.0,3.0,2.0,2.8,3.0,2.4,2.0,2.0,2.4,3.0,3.0,3.0,3.0,3.0,3.0,3.0,0.8,2.0,1.0,1.0,1.0,0.8,1.0,1.8,2.0,2.0,2.2,3.0,3.0,3.0,1.2,2.0,2.0,2.0,2.6,3.0,3.0,0.4,2.0,1.2,2.0,0.8,1.6,2.0,2.0,2.0,2.0,2.0,2.0,2.0,2.0,1.0,1.0,1.0,1.0,1.0,1.4,2.0,1.6,2.0,2.0,2.0,1.6,2.0,2.0,1.6,2.0,2.0,2.0,1.2,1.0,0.6,1.6,1.4,1.4,0.8,1.0,0.8,1.0,1.0,0.2,1.2,0.0,0.8,1.0,1.0,1.0,1.0,0.3333,0.0,0.0
2023-12-12,ruim,55.0,352.0,2.0,2.0,2.0,2.0,2.0,2.0,2.0,2.0,2.0,3.0,3.0,3.0,1.8,1.6,2.0,2.0,1.2,1.0,1.8,1.4,1.4,2.0,1.2,2.0,2.0,2.0,2.0,2.0,2.0,2.0,2.0,0.8,1.0,1.0,1.0,0.8,0.8,0.8,2.0,2.0,2.0,2.0,2.0,2.0,2.0,2.8,3.0,3.0,2.0,2.0,2.0,1.6,2.0,2.0,2.0,1.6,1.0,1.0,0.8,0.4,0.8,1.0,1.0,1.0,1.2,2.0,2.0,1.6,0.0,1.2,0.0,0.0,0.0,0.0,0.0,0.0,0.0,0.0,0.0,0.0,0.0,0.0,0.0,0.0,0.0,0.0,0.0,0.0,0.0,0.0,0.0,0.0,0.0,0.0,0.0,0.0
2023-12-13,ruim,59.0,338.0,2.0,2.2,3.0,3.0,3.0,1.2,1.6,2.0,2.0,2.6,3.0,3.0,3.0,3.0,3.0,1.6,2.0,2.0,2.4,3.0,3.0,2.8,1.6,2.0,1.0,1.0,1.0,1.0,1.0,0.8,2.0,2.0,2.0,2.0,2.0,2.4,3.0,3.0,1.8,1.2,1.8,1.0,1.0,1.0,1.0,1.0,1.0,1.2,1.4,2.0,2.0,2.0,2.0,2.0,2.0,1.2,2.0,2.0,1.6,2.0,2.0,1.6,1.8,1.6,0.4,0.2,0.4,0.6667,0.0,0.0,0.0,0.0,0.0,0.0,0.0,0.0,0.0,0.0,0.0,0.0,0.0,0.0,0.0,0.0,0.0,0.0,0.0,0.0,0.0,0.0,0.0,0.0,0.0,0.0,0.0,0.0
2023-12-14,bom,85.0,486.0,2.0,2.0,2.0,2.0,2.0,1.6,1.8,2.2,3.0,3.0,3.0,3.0,3.0,3.0,3.0,2.4,1.6,2.0,2.0,2.0,1.8,1.6,2.0,2.2,0.8,1.6,0.0,0.4,1.2,0.8,0.0,1.2,2.0,2.0,2.0,2.0,2.0,1.8,2.0,1.4,1.0,1.4,2.0,2.0,1.6,2.0,2.0,2.2,1.6,2.0,1.6,1.0,1.0,1.0,1.0,1.2,2.0,2.0,1.6,2.0,2.0,2.0,1.2,2.0,2.0,1.6,2.0,1.6,2.0,2.0,2.0,2.0,2.0,1.4,1.0,1.0,1.0,1.0,1.0,1.0,1.6,2.0,1.6,2.0,2.0,2.0,2.0,2.0,1.2,2.0,1.6,1.4,1.0,1.0,1.0,1.0
2023-12-16,ruim,63.0,360.0,0.8,2.0,0.8,1.6,1.6,2.0,2.6,3.0,2.2,2.2,3.0,3.0,3.0,3.0,3.0,1.2,2.0,2.0,2.0,2.0,1.8,1.0,1.0,1.2,1.2,1.0,1.0,1.0,1.0,2.0,1.2,2.0,2.0,2.0,3.0,3.0,3.0,3.0,3.0,1.6,2.0,2.0,1.0,1.0,1.0,1.0,0.8,1.6,1.6,1.0,1.0,1.8,2.0,2.0,2.0,1.6,1.0,1.2,1.0,2.0,2.0,2.0,2.0,2.0,1.2,1.6,2.0,1.6,2.0,2.0,1.2,1.2,0.0,0.0,0.0,0.0,0.0,0.0,0.0,0.0,0.0,0.0,0.0,0.0,0.0,0.0,0.0,0.0,0.0,0.0,0.0,0.0,0.0,0.0,0.0,0.0
2023-12-18,bom,88.0,456.0,1.2,2.0,2.6,3.0,3.0,3.0,3.0,3.0,2.2,1.6,2.0,2.0,2.4,3.0,2.4,2.0,1.6,2.0,1.6,1.6,1.2,2.0,2.0,3.0,3.0,3.0,3.0,2.2,1.6,2.0,2.0,1.0,1.0,1.4,2.0,2.0,2.0,0.0,1.6,2.0,2.0,2.0,1.6,0.8,2.0,1.2,1.6,2.0,2.0,1.2,2.0,2.0,1.6,0.4,2.0,2.0,2.0,2.0,2.0,2.0,2.0,2.0,2.0,1.2,2.0,2.0,1.2,1.0,1.0,1.0,1.0,0.8,0.4,1.6,1.6,2.0,2.0,2.0,2.0,2.0,2.6,3.0,2.0,1.6,2.0,1.6,1.6,1.6,1.6,1.0,0.8,0.0,0.0,0.0,0.0,0.0
2023-12-20,ruim,57.0,279.0,2.0,2.0,2.0,2.0,1.2,2.0,2.0,2.6,3.0,3.0,3.0,3.0,3.0,2.8,1.8,1.0,1.0,1.0,1.0,1.0,1.8,2.0,2.0,2.0,2.0,0.8,2.0,2.0,2.0,2.0,2.4,3.0,1.2,1.0,1.0,1.0,1.2,2.0,2.0,2.0,2.0,2.0,2.0,2.0,2.0,1.2,2.0,1.0,1.0,1.0,1.0,0.4,1.8,0.8,1.4,0.0,0.0,0.0,0.0,0.0,0.0,0.0,0.0,0.0,0.0,0.0,0.0,0.0,0.0,0.0,0.0,0.0,0.0,0.0,0.0,0.0,0.0,0.0,0.0,0.0,0.0,0.0,0.0,0.0,0.0,0.0,0.0,0.0,0.0,0.0,0.0,0.0,0.0,0.0,0.0,0.0
2023-12-21,ruim,53.0,392.0,2.0,2.0,2.0,2.0,2.0,1.2,2.0,2.4,3.0,2.6,2.4,1.0,1.0,1.6,2.0,2.0,2.6,3.0,3.0,3.0,3.0,1.0,2.0,2.0,2.0,2.8,3.0,3.0,3.0,2.0,1.0,1.6,1.2,0.8,2.0,1.8,0.0,1.0,1.0,1.4,2.0,2.0,2.0,2.0,2.0,2.0,2.0,2.0,1.6,2.0,2.0,1.0,1.0,0.8,1.0,1.0,1.0,1.0,1.0,1.4,2.0,2.0,2.0,2.0,2.0,2.0,2.0,1.8,0.0,0.0,1.6,2.0,1.4,0.8,0.6,1.2,1.0,1.0,0.0,0.0,0.0,0.0,0.0,0.0,0.0,0.0,0.0,0.0,0.0,0.0,0.0,0.0,0.0,0.0,0.0,0.0
2023-12-22,bom,92.0,426.0,2.0,2.0,2.0,2.0,2.0,3.0,3.0,3.0,1.4,1.0,1.8,2.0,2.0,2.0,2.8,3.0,3.0,1.6,2.0,1.2,2.0,2.0,3.0,3.0,3.0,3.0,3.0,3.0,1.8,0.8,0.6,2.0,2.0,2.0,1.2,2.0,2.0,2.0,2.0,2.0,2.0,1.6,2.0,1.0,1.8,1.2,1.0,1.0,1.2,2.0,1.2,2.0,2.0,2.0,1.0,1.2,1.8,2.0,2.0,1.6,1.6,2.0,2.0,1.6,1.6,1.6,1.2,1.0,1.4,1.0,1.0,1.0,1.8,1.6,1.6,2.0,2.0,1.6,2.0,1.0,0.8,1.0,1.2,2.0,1.2,0.0,0.0,0.0,0.0,0.0,0.0,0.0,0.0,0.0,0.0,0.0
2023-12-23,ruim,68.0,366.0,2.0,3.0,3.0,3.0,3.0,3.0,3.0,3.0,1.8,2.0,2.0,2.6,3.0,3.0,3.0,3.0,3.0,1.8,2.0,2.0,1.8,1.0,1.0,1.0,1.0,1.0,1.0,1.0,1.0,1.0,0.8,2.0,2.0,2.0,2.6,3.0,1.6,2.0,2.0,2.2,3.0,2.4,2.0,2.0,2.2,1.6,1.4,1.0,1.0,1.0,0.8,1.2,1.6,1.4,1.0,1.0,1.0,1.0,1.0,1.0,1.0,1.4,1.6,2.0,1.2,2.0,1.8,1.0,1.0,1.0,1.0,0.6,0.8,0.0,0.0,0.0,0.0,0.0,0.0,0.0,0.0,0.0,0.0,0.0,0.0,0.0,0.0,0.0,0.0,0.0,0.0,0.0,0.0,0.0,0.0,0.0
2023-12-24,regular,83.0,474.0,2.0,2.0,2.0,2.0,2.0,0.0,0.0,0.0,0.0,0.0,2.0,2.0,2.0,2.6,3.0,3.0,2.2,2.0,2.0,0.8,2.0,2.0,2.0,1.2,1.0,1.0,1.0,1.2,2.0,2.0,2.4,3.0,3.0,3.0,3.0,3.0,3.0,3.0,3.0,3.0,2.4,0.0,0.0,0.0,0.0,0.8,1.0,1.0,1.0,1.0,1.0,1.0,1.8,1.4,0.8,2.0,2.0,2.0,2.0,2.8,3.0,3.0,1.2,1.6,1.6,0.8,2.0,1.8,1.4,1.0,1.0,1.0,1.0,1.0,1.0,1.0,1.0,1.0,1.0,1.0,1.4,2.0,2.0,2.0,2.0,2.0,2.6,1.6,2.0,1.2,1.8,1.8,1.0,1.0,0.5,0.0
2023-12-25,bom,87.0,468.0,0.0,2.0,1.2,2.0,2.0,2.6,3.0,3.0,3.0,2.8,2.0,2.0,2.0,2.0,2.0,2.0,3.0,3.0,0.4,2.0,2.0,2.4,3.0,3.0,3.0,3.0,3.0,1.2,1.2,1.0,1.0,1.0,1.6,2.0,2.0,2.2,3.0,3.0,3.0,2.2,1.6,2.0,2.0,2.0,1.6,1.6,2.0,1.6,1.0,1.0,0.8,0.8,0.8,1.2,0.8,1.0,1.4,2.0,2.0,2.0,2.0,2.0,2.0,2.0,2.2,3.0,2.6,1.6,2.0,1.8,1.2,1.0,1.0,1.0,1.8,1.8,1.0,2.0,2.0,2.0,2.0,2.0,1.2,1.6,1.2,1.4,1.0,0.2,0.8,0.8,0.8,1.6,1.6,0.6667,0.0,0.0
2023-12-26,ruim,46.0,285.0,2.0,2.0,2.0,2.0,0.8,0.0,1.6,2.0,2.0,2.0,3.0,3.0,2.4,0.8,2.0,0.8,1.4,0.8,0.4,2.0,2.0,2.0,1.6,2.0,2.0,1.6,1.2,2.0,2.0,2.0,2.0,1.2,2.0,1.6,2.0,2.0,2.0,1.2,2.0,1.6,1.0,1.0,1.0,1.0,1.0,1.0,1.0,1.4,2.0,2.0,2.0,2.0,2.0,0.8,1.2,2.0,1.6,0.0,0.0,0.0,0.0,0.0,0.0,0.0,0.0,0.0,0.0,0.0,0.0,0.0,0.0,0.0,0.0,0.0,0.0,0.0,0.0,0.0,0.0,0.0,0.0,0.0,0.0,0.0,0.0,0.0,0.0,0.0,0.0,0.0,0.0,0.0,0.0,0.0,0.0,0.0
2023-12-27,regular,81.0,480.0,2.0,2.0,2.0,2.4,1.6,2.0,2.2,1.6,1.6,2.0,2.0,1.2,2.0,2.0,2.0,3.0,1.6,2.0,2.0,2.0,2.0,1.2,2.0,2.0,2.0,2.4,1.8,0.8,1.6,1.6,1.6,1.6,2.0,2.0,2.0,1.8,1.2,1.2,1.0,0.8,0.0,1.8,1.0,1.2,1.6,1.6,2.0,2.0,1.2,2.0,2.0,2.0,2.6,3.0,3.0,3.0,3.0,3.0,3.0,2.8,2.0,1.2,1.0,1.0,1.0,1.0,1.0,1.0,1.0,1.4,2.0,1.6,1.6,2.0,2.0,2.0,2.0,2.0,1.6,1.6,2.0,1.6,1.6,1.0,1.0,1.0,1.0,1.0,1.0,1.0,0.8,1.0,1.0,0.2,0.2,0.6
2023-12-29,regular,74.0,427.0,2.0,2.0,1.2,2.0,2.0,2.0,1.0,2.0,2.0,1.6,2.0,2.0,1.2,2.0,2.4,3.0,3.0,3.0,1.4,2.0,2.0,2.0,2.0,2.0,2.8,3.0,2.6,1.8,1.6,2.0,0.8,1.2,1.8,1.8,1.2,2.0,2.0,2.0,2.0,2.8,2.2,2.0,1.2,2.0,1.2,1.2,1.0,1.0,1.0,1.0,1.0,1.2,2.0,2.0,2.0,2.0,2.0,2.2,1.6,2.0,2.0,2.0,2.0,1.8,1.4,2.0,1.6,1.6,2.0,2.0,1.2,1.8,0.8,1.0,1.0,1.0,0.4,1.4,2.0,2.0,2.0,1.6,1.6,2.0,0.8,0.0,0.0,0.0,0.0,0.0,0.0,0.0,0.0,0.0,0.0,0.0
2023-12-30,regular,78.0,415.0,1.0,1.0,1.0,1.2,2.0,2.0,3.0,3.0,3.0,3.0,2.2,2.0,0.8,0.0,0.8,2.0,1.6,2.0,2.6,2.0,2.0,2.0,2.4,0.0,2.0,1.2,0.8,1.6,2.0,2.0,2.0,2.0,2.2,3.0,3.0,3.0,2.4,1.2,1.8,1.0,1.0,1.0,1.0,2.0,2.0,2.0,2.0,2.0,2.0,2.0,2.2,3.0,2.4,1.6,2.0,2.0,1.2,0.8,0.6,1.0,1.0,1.0,1.0,1.0,1.6,2.0,2.0,2.0,2.0,2.0,2.0,1.6,2.0,2.0,2.0,1.8,1.0,1.0,1.0,1.0,1.0,1.0,0.6,0.0,0.0,0.0,0.0,0.0,0.0,0.0,0.0,0.0,0.0,0.0,0.0,0.0
2024-01-01,regular,75.0,360.0,1.2,1.2,2.2,3.0,2.6,2.0,3.0,1.8,0.8,1.8,1.0,1.6,2.0,2.0,2.8,3.0,3.0,3.0,3.0,3.0,1.8,1.6,2.0,2.0,2.0,2.0,2.6,3.0,2.4,1.4,1.0,1.0,1.0,1.0,1.0,1.0,1.0,1.6,1.6,2.0,2.0,2.0,2.4,3.0,2.4,2.0,2.0,2.0,1.0,0.4,0.8,1.2,1.4,1.0,1.0,1.0,1.0,1.6,2.0,2.0,2.0,2.0,2.0,2.0,1.6,1.4,1.0,1.0,1.0,1.0,1.0,0.6,0.0,0.0,0.0,0.0,0.0,0.0,0.0,0.0,0.0,0.0,0.0,0.0,0.0,0.0,0.0,0.0,0.0,0.0,0.0,0.0,0.0,0.0,0.0,0.0
2024-01-02,regular,84.0,374.0,2.0,2.0,2.8,3.0,3.0,3.0,3.0,3.0,2.4,2.0,2.0,2.6,1.2,2.0,2.0,2.0,2.4,3.0,3.0,3.0,3.0,3.0,3.0,3.0,2.0,2.0,2.0,2.0,2.4,3.0,1.8,2.0,1.2,1.6,1.6,1.0,1.2,1.4,1.2,1.0,0.8,1.0,1.0,1.0,1.0,1.0,1.2,2.0,2.0,2.0,2.0,2.6,3.0,2.0,2.0,2.0,2.0,1.6,0.8,1.6,2.0,1.6,2.0,1.8,2.0,1.0,1.0,1.0,1.0,1.0,1.0,1.0,1.0,1.0,0.5,0.0,0.0,0.0,0.0,0.0,0.0,0.0,0.0,0.0,0.0,0.0,0.0,0.0,0.0,0.0,0.0,0.0,0.0,0.0,0.0,0.0
2024-01-03,bom,87.0,412.0,2.0,1.6,2.4,3.0,3.0,3.0,3.0,2.0,2.0,2.0,2.0,2.2,1.2,1.6,2.0,2.8,3.0,1.2,2.0,2.0,2.0,1.2,1.0,1.0,1.0,1.0,1.0,1.0,1.0,0.2,2.0,2.0,2.0,2.0,2.4,3.0,3.0,3.0,3.0,2.2,2.0,2.0,1.2,1.0,1.0,1.0,1.0,1.0,0.6,1.0,1.0,1.0,0.8,2.0,1.2,2.0,1.6,2.0,2.0,2.0,2.0,2.0,2.0,2.0,2.0,2.0,1.4,1.0,1.0,1.0,1.0,1.0,1.0,1.0,1.8,2.0,1.6,2.0,2.0,2.0,2.0,1.6,0.0,0.0,0.0,0.0,0.0,0.0,0.0,0.0,0.0,0.0,0.0,0.0,0.0,0.0
2024-01-04,bom,88.0,454.0,2.0,2.0,2.0,2.4,2.8,2.0,2.0,2.8,3.0,2.2,1.0,1.4,2.0,2.0,2.0,2.6,3.0,3.0,3.0,3.0,3.0,3.0,0.8,1.8,1.0,1.0,1.0,1.0,1.0,1.0,1.0,1.0,1.0,1.0,1.2,2.0,2.0,2.2,3.0,3.0,2.4,2.4,2.8,2.0,2.8,2.6,2.0,1.8,1.4,1.0,1.0,1.0,1.0,1.0,1.0,1.4,2.0,2.0,2.0,2.0,2.0,2.8,1.6,0.0,1.2,1.2,0.0,0.0,0.0,0.0,0.0,1.2,2.0,1.6,1.6,1.0,1.0,0.8,1.8,2.0,1.2,1.0,1.0,1.0,1.0,1.0,1.2,2.0,2.0,1.6,1.0,0.0,0.0,0.0,0.0,0.0
2024-01-05,regular,70.0,302.0,2.0,3.0,3.0,3.0,3.0,1.2,2.0,2.0,2.8,3.0,1.4,2.0,2.0,2.6,3.0,2.6,3.0,2.6,2.0,1.8,1.0,1.0,1.0,1.0,1.0,1.0,1.0,1.2,2.0,2.0,2.0,2.0,2.0,2.8,3.0,1.6,2.0,1.2,2.0,1.6,1.8,1.0,1.0,1.0,0.8,2.0,2.0,2.0,2.0,2.0,1.6,1.6,1.8,1.2,1.2,1.0,0.2,0.4,1.0,1.0,0.0,0.0,0.0,0.0,0.0,0.0,0.0,0.0,0.0,0.0,0.0,0.0,0.0,0.0,0.0,0.0,0.0,0.0,0.0,0.0,0.0,0.0,0.0,0.0,0.0,0.0,0.0,0.0,0.0,0.0,0.0,0.0,0.0,0.0,0.0,0.0
2024-01-06,regular,82.0,363.0,2.0,2.0,2.8,2.6,2.0,2.4,3.0,1.8,2.0,2.0,2.0,2.0,2.0,2.0,1.6,2.0,2.0,2.0,3.0,3.0,3.0,2.8,2.0,1.6,1.0,1.0,1.0,1.0,1.0,1.0,1.0,0.8,2.0,2.0,2.0,2.0,2.0,2.6,1.4,2.0,2.0,2.0,2.0,2.0,2.0,1.8,1.2,1.0,1.0,1.0,0.8,2.0,1.4,1.2,2.0,1.6,2.0,2.0,2.0,2.0,2.0,2.0,2.0,2.0,2.0,2.0,2.0,1.2,1.0,1.0,1.0,1.0,0.3333,0.0,0.0,0.0,0.0,0.0,0.0,0.0,0.0,0.0,0.0,0.0,0.0,0.0,0.0,0.0,0.0,0.0,0.0,0.0,0.0,0.0,0.0,0.0
2024-01-08,ruim,66.0,324.0,2.0,2.0,0.0,1.2,2.0,2.0,2.0,3.0,3.0,1.8,2.0,2.0,2.0,2.0,2.8,3.0,3.0,3.0,3.0,2.0,2.0,2.0,1.6,2.0,2.0,2.0,2.4,3.0,2.8,1.2,1.2,1.0,1.0,0.6,1.0,1.0,1.0,1.4,1.6,2.0,1.6,2.0,2.0,2.0,2.0,2.0,2.0,2.0,2.0,2.0,2.6,1.0,1.0,1.0,1.0,0.2,1.2,1.2,0.8,1.0,0.2,0.8,0.0,1.6,1.0,0.0,0.0,0.0,0.0,0.0,0.0,0.0,0.0,0.0,0.0,0.0,0.0,0.0,0.0,0.0,0.0,0.0,0.0,0.0,0.0,0.0,0.0,0.0,0.0,0.0,0.0,0.0,0.0,0.0,0.0,0.0
2024-01-09,ruim,66.0,250.0,2.0,2.0,2.0,1.2,2.0,1.6,2.0,2.0,2.4,3.0,3.0,1.6,1.2,1.0,1.0,0.8,2.0,2.0,2.0,2.0,2.4,3.0,1.8,2.0,2.4,3.0,3.0,2.8,1.8,0.8,1.2,1.0,1.0,1.0,1.0,1.6,2.0,2.0,2.0,2.0,2.0,2.0,2.0,2.0,1.8,1.2,1.4,1.0,1.0,0.6,0.0,0.0,0.0,0.0,0.0,0.0,0.0,0.0,0.0,0.0,0.0,0.0,0.0,0.0,0.0,0.0,0.0,0.0,0.0,0.0,0.0,0.0,0.0,0.0,0.0,0.0,0.0,0.0,0.0,0.0,0.0,0.0,0.0,0.0,0.0,0.0,0.0,0.0,0.0,0.0,0.0,0.0,0.0,0.0,0.0,0.0
2024-01-10,regular,81.0,397.0,2.0,2.0,2.0,2.0,1.6,2.0,2.0,2.0,2.8,2.2,2.4,1.4,1.0,1.0,1.0,2.0,2.0,2.0,3.0,3.0,3.0,3.0,3.0,3.0,3.0,3.0,3.0,2.0,2.0,2.0,2.0,1.6,1.2,1.0,1.0,0.8,1.0,1.0,1.4,2.0,2.0,2.0,2.0,2.0,2.0,2.0,1.6,2.0,2.0,2.0,1.8,1.0,1.0,1.0,1.0,1.0,1.0,1.0,1.0,1.0,0.8,0.6,0.8,1.0,0.0,2.0,1.6,0.8,2.0,2.0,2.0,2.0,2.4,0.0,0.4,0.0,0.0,1.6,1.4,1.0,0.0,0.0,0.0,0.0,0.0,0.0,0.0,0.0,0.0,0.0,0.0,0.0,0.0,0.0,0.0,0.0
2024-01-11,bom,90.0,398.0,2.2,2.4,2.0,2.6,3.0,3.0,3.0,3.0,3.0,1.6,1.2,1.0,1.0,1.0,1.0,2.2,1.2,2.0,0.8,2.0,1.6,2.0,2.0,2.0,2.8,3.0,3.0,3.0,3.0,3.0,2.8,1.2,2.0,1.0,1.4,1.2,2.0,2.0,2.0,1.6,1.0,1.0,0.6,1.6,2.0,2.0,2.0,2.4,3.0,3.0,1.6,2.0,2.0,2.0,1.6,1.6,1.0,0.8,1.2,1.0,2.0,1.4,1.6,2.0,2.0,1.6,2.0,2.0,1.6,1.6,1.8,1.2,1.0,1.0,1.0,1.0,1.0,1.6,2.0,0.3333,0.0,0.0,0.0,0.0,0.0,0.0,0.0,0.0,0.0,0.0,0.0,0.0,0.0,0.0,0.0,0.0
2024-01-12,regular,82.0,361.0,2.0,2.0,1.6,1.6,2.0,2.0,2.0,2.8,3.0,1.8,2.0,1.2,1.0,1.0,1.0,1.0,1.0,1.0,2.0,2.0,1.6,2.0,2.0,2.4,3.0,3.0,3.0,2.8,2.0,1.6,1.0,1.0,1.0,1.0,1.0,1.8,2.0,2.0,2.0,2.0,2.0,2.0,2.0,3.0,3.0,3.0,1.8,1.6,1.4,1.0,1.0,1.0,1.0,1.0,1.0,1.0,1.0,1.0,1.8,2.0,2.0,2.0,2.0,2.0,2.0,2.0,1.6,2.0,1.6,1.6,2.0,1.2,0.0,0.0,0.0,0.0,0.0,0.0,0.0,0.0,0.0,0.0,0.0,0.0,0.0,0.0,0.0,0.0,0.0,0.0,0.0,0.0,0.0,0.0,0.0,0.0
2024-01-13,bom,87.0,448.0,2.0,2.6,1.2,1.6,2.0,2.4,1.6,2.0,2.0,2.0,2.0,2.2,3.0,3.0,3.0,3.0,3.0,1.8,2.0,1.8,1.0,1.0,1.0,1.0,1.0,1.0,1.4,2.2,3.0,2.6,2.4,3.0,3.0,3.0,3.0,3.0,3.0,1.2,2.0,2.0,2.0,2.0,2.2,3.0,3.0,3.0,1.4,1.4,1.0,1.0,1.0,1.0,1.0,1.0,2.0,2.0,2.0,0.4,1.2,2.0,2.0,2.0,2.0,2.0,2.0,2.0,1.6,2.0,2.0,2.0,1.2,1.2,1.0,1.0,1.0,1.0,1.0,0.8,1.0,0.8,1.2,2.0,1.6,0.0,0.4,2.0,2.0,1.0,0.0,0.3333,0.0,0.0,0.0,0.0,0.0,0.0
2024-01-15,bom,93.0,441.0,2.0,2.0,1.6,2.0,3.0,2.8,3.0,3.0,2.2,1.2,2.0,1.4,1.6,2.0,1.6,2.0,2.8,3.0,2.6,2.6,3.0,3.0,1.6,2.0,2.0,1.2,0.8,1.0,1.0,0.8,1.6,2.0,2.0,2.0,2.0,2.0,2.2,3.0,2.2,2.0,2.0,2.0,2.0,2.0,1.0,1.0,1.0,1.4,1.0,1.4,2.0,2.0,2.0,2.0,2.0,2.0,2.8,3.0,2.2,2.0,1.6,2.0,1.2,1.0,1.0,1.0,1.0,1.0,1.0,1.0,2.0,2.0,2.0,1.6,2.0,1.2,2.0,2.0,2.0,2.0,2.0,1.4,1.4,1.0,1.0,1.0,1.0,0.8,0.0,0.0,0.0,0.0,0.0,0.0,0.0,0.0
2024-01-16,regular,77.0,371.0,2.0,2.0,2.0,1.6,0.4,1.2,2.0,2.0,2.0,3.0,2.6,2.0,1.6,2.0,3.0,3.0,3.0,3.0,3.0,3.0,3.0,3.0,3.0,3.0,2.4,1.6,2.0,2.0,2.0,1.2,1.0,2.0,1.2,1.6,1.6,2.0,2.0,2.0,0.6,1.0,1.0,1.0,1.0,2.0,2.0,2.0,1.8,1.4,1.0,1.0,1.4,0.4,1.4,1.0,1.6,1.4,0.4,2.0,2.0,2.0,2.0,2.0,2.0,2.0,2.0,2.0,1.6,1.0,1.0,1.0,1.0,0.8,1.0,0.2,0.0,0.0,0.0,0.0,0.0,0.0,0.0,0.0,0.0,0.0,0.0,0.0,0.0,0.0,0.0,0.0,0.0,0.0,0.0,0.0,0.0,0.0
2024-01-17,regular,76.0,326.0,2.0,2.0,2.0,2.0,2.0,3.0,3.0,3.0,3.0,3.0,3.0,3.0,1.8,1.6,1.0,1.2,2.0,2.0,2.0,3.0,3.0,2.4,2.0,2.0,2.0,2.8,3.0,3.0,2.4,0.8,2.0,2.0,2.0,2.0,1.6,1.0,1.0,0.6,2.0,1.6,2.0,2.0,2.0,2.0,2.0,2.0,1.6,2.0,2.0,2.0,2.0,2.0,1.2,2.0,2.0,1.8,1.0,1.0,1.0,1.0,0.0,0.8,1.0,1.4,0.8,0.0,0.0,0.0,0.0,0.0,0.0,0.0,0.0,0.0,0.0,0.0,0.0,0.0,0.0,0.0,0.0,0.0,0.0,0.0,0.0,0.0,0.0,0.0,0.0,0.0,0.0,0.0,0.0,0.0,0.0,0.0
2024-01-18,bom,92.0,440.0,2.0,2.0,2.0,1.6,2.0,2.2,3.0,3.0,3.0,2.2,2.2,3.0,3.0,1.2,2.0,2.0,2.6,2.6,2.0,2.0,2.0,2.0,2.0,2.2,3.0,3.0,3.0,1.8,1.4,1.0,1.0,1.6,2.0,2.0,2.0,2.0,2.0,2.6,3.0,2.4,1.2,2.0,2.0,2.0,2.0,1.6,0.8,1.0,1.4,1.2,0.4,1.6,1.6,2.0,2.0,2.0,2.0,2.0,2.0,1.2,1.0,1.0,1.0,1.0,1.0,0.6,1.2,1.0,1.0,1.4,2.0,1.6,1.2,2.0,1.6,1.6,2.0,2.0,2.0,2.0,2.0,0.6,1.0,1.0,1.0,1.0,0.8,1.2,0.0,0.0,0.0,0.0,0.0,0.0,0.0,0.0
2024-01-19,regular,75.0,383.0,2.0,2.0,2.0,2.0,2.0,2.0,2.0,2.8,2.2,2.0,1.6,2.0,2.0,2.2,3.0,1.8,2.0,2.0,2.0,2.0,2.0,1.2,2.0,2.0,2.2,3.0,3.0,2.0,2.0,2.0,1.6,1.4,1.0,1.0,1.0,1.0,1.0,1.0,1.0,1.0,1.0,1.2,2.0,2.0,2.0,2.2,2.0,1.6,1.6,2.0,2.0,2.0,2.0,1.4,1.0,0.6,2.0,1.6,1.6,1.2,2.0,2.0,2.0,2.0,2.0,2.0,2.0,1.0,1.4,1.0,1.0,1.0,0.6,1.0,1.0,0.8,0.0,0.0,0.0,0.0,0.0,0.0,0.0,0.0,0.0,0.0,0.0,0.0,0.0,0.0,0.0,0.0,0.0,0.0,0.0,0.0
2024-01-20,bom,87.0,366.0,2.0,2.6,1.6,2.0,2.0,2.4,3.0,3.0,3.0,3.0,3.0,3.0,3.0,1.8,1.2,2.0,2.0,2.0,2.0,2.2,3.0,3.0,2.0,2.0,2.0,2.0,2.0,2.0,2.8,3.0,3.0,3.0,1.6,2.0,1.8,1.0,1.0,1.0,1.0,1.0,1.0,1.0,1.0,1.0,1.0,1.0,1.8,2.0,2.0,2.0,2.0,2.0,2.0,2.0,2.0,2.0,2.0,2.0,2.0,1.8,1.0,1.0,1.0,0.4,2.0,1.8,1.0,1.0,1.0,1.0,1.0,1.0,0.8,0.0,0.0,0.0,0.0,0.0,0.0,0.0,0.0,0.0,0.0,0.0,0.0,0.0,0.0,0.0,0.0,0.0,0.0,0.0,0.0,0.0,0.0,0.0
2024-01-21,bom,95.0,453.0,2.0,2.6,3.0,2.2,2.8,2.8,1.6,2.0,2.0,2.2,3.0,3.0,3.0,3.0,3.0,3.0,3.0,1.6,1.0,1.0,0.8,2.0,2.0,2.0,2.0,2.0,2.0,2.0,2.0,1.6,2.0,2.2,2.0,2.0,2.2,2.0,0.8,1.0,1.0,1.0,0.8,1.8,2.0,2.0,2.0,2.0,2.0,2.0,2.0,2.0,2.0,1.6,2.0,2.0,1.2,2.0,1.2,1.0,1.0,1.0,1.4,2.0,1.4,1.0,1.0,1.8,2.0,2.0,1.6,1.2,2.0,2.0,2.0,2.0,2.0,2.0,1.0,0.8,1.0,1.0,1.0,1.0,1.2,2.0,2.0,2.0,1.6,2.0,1.6,2.0,0.3333,0.0,0.0,0.0,0.0,0.0
2024-01-23,bom,91.0,436.0,2.0,3.0,3.0,3.0,2.4,3.0,3.0,3.0,0.4,2.0,2.0,0.8,2.0,2.2,3.0,3.0,2.4,2.0,2.6,3.0,3.0,3.0,1.8,1.0,0.8,1.0,1.0,1.0,1.2,1.2,2.0,2.0,2.0,2.6,3.0,3.0,3.0,1.2,2.0,2.0,1.6,1.8,1.0,1.0,1.0,1.0,1.0,1.2,2.0,2.0,2.0,1.6,2.0,2.0,2.0,2.0,2.8,3.0,2.4,2.0,0.8,1.2,1.0,1.0,1.0,1.0,1.0,1.0,1.0,1.0,1.0,0.6,0.8,2.0,2.0,2.0,2.4,3.0,1.4,2.0,2.0,2.0,1.2,0.8,0.4,1.8,0.8,0.0,0.0,0.0,0.0,0.0,0.0,0.0,0.0,0.0
2024-01-24,regular,80.0,537.0,2.0,1.2,0.4,1.6,2.0,2.0,1.6,2.0,2.4,3.0,2.2,2.6,3.0,3.0,3.0,3.0,3.0,3.0,3.0,1.2,2.0,1.6,1.2,1.0,1.0,1.0,1.0,1.0,1.2,1.6,1.6,2.0,2.0,1.6,2.0,2.2,2.8,3.0,2.4,2.0,1.6,2.0,1.0,0.8,0.0,1.0,1.0,0.6,0.8,2.0,0.4,1.6,2.0,2.0,1.6,2.0,2.0,2.6,2.2,2.0,2.0,2.0,2.0,1.8,1.0,1.0,1.0,1.0,1.0,0.8,1.8,1.2,1.0,1.0,1.0,1.0,1.2,2.0,2.0,2.0,2.0,1.6,1.6,2.0,2.0,1.6,1.6,2.0,2.0,1.6,1.2,0.8,0.0,0.0,0.0,2.0
2024-01-25,bom,87.0,434.0,2.2,3.0,1.2,0.0,0.0,0.8,2.0,2.0,2.0,2.2,3.0,3.0,2.0,1.6,2.0,2.2,3.0,3.0,3.0,2.4,2.0,1.8,2.0,2.0,2.0,1.2,2.0,2.0,2.0,2.0,2.0,3.0,3.0,3.0,2.2,1.2,1.8,1.0,1.0,1.0,1.0,1.0,1.0,1.0,1.0,1.0,1.0,1.0,1.4,1.6,2.0,2.0,2.2,3.0,3.0,2.0,2.0,2.0,2.0,2.0,1.6,1.8,0.6,0.6,1.0,1.0,1.0,1.0,1.0,1.4,1.2,1.2,0.8,1.0,1.0,1.0,1.0,1.0,0.8,1.6,2.0,2.0,2.0,2.0,2.0,1.2,0.5,0.0,0.0,0.0,0.0,0.0,0.0,0.0,0.0,0.0
2024-01-26,regular,84.0,480.0,1.6,1.6,2.0,3.0,3.0,2.4,1.6,2.0,2.0,1.8,1.2,2.0,2.0,2.0,2.0,2.0,3.0,3.0,3.0,3.0,1.4,2.0,2.0,1.6,0.8,2.0,2.0,2.0,2.0,2.8,3.0,3.0,3.0,3.0,3.0,1.8,0.8,2.0,2.0,2.0,1.6,1.0,1.0,1.0,1.4,1.2,2.0,2.0,2.0,1.2,2.0,2.0,2.0,1.6,2.0,1.8,1.2,1.0,1.0,1.0,1.0,1.0,1.0,1.0,1.0,1.2,2.0,2.0,2.0,1.6,1.6,1.6,2.0,1.6,2.0,2.0,2.0,2.0,2.0,2.0,2.0,1.4,2.0,0.0,0.0,1.0,0.6,0.6,0.4,0.8,0.8,0.8,1.2,2.0,0.4,1.2
2024-01-27,bom,85.0,548.0,1.6,2.0,2.0,2.4,3.0,3.0,3.0,2.0,2.0,1.2,1.0,1.6,2.0,2.2,3.0,3.0,2.6,2.0,2.6,3.0,3.0,3.0,3.0,3.0,3.0,3.0,3.0,1.8,2.0,0.6,0.6,1.2,1.0,1.2,2.0,1.6,2.0,2.0,1.6,2.0,2.0,2.8,3.0,1.6,2.0,2.0,2.0,2.0,2.0,1.2,1.0,1.0,1.0,1.0,0.6,1.4,1.2,2.0,2.0,2.0,2.0,2.0,2.0,2.6,2.0,2.0,2.0,2.0,1.4,1.6,1.0,0.6,1.6,0.8,2.0,1.0,1.0,1.0,1.0,1.0,1.0,1.0,0.6,1.0,1.0,2.0,1.2,2.0,2.0,2.0,2.0,1.6,2.0,2.0,1.6,2.0
2024-01-28,regular,82.0,512.0,0.0,2.0,0.8,2.0,1.6,1.6,2.0,2.0,2.2,3.0,3.0,2.2,2.4,3.0,1.6,2.0,2.0,1.2,2.0,2.0,1.6,0.6,1.0,1.0,1.0,1.0,1.4,1.6,2.0,2.0,2.2,3.0,3.0,3.0,3.0,3.0,3.0,2.0,2.0,2.0,2.0,1.2,2.0,1.8,1.0,1.2,2.0,1.6,2.0,1.6,1.6,2.0,1.4,1.8,2.0,2.0,1.6,2.0,1.6,0.0,0.0,0.4,1.6,2.0,2.0,2.0,1.6,1.6,2.0,2.0,2.0,1.6,2.0,2.0,2.0,2.0,1.6,2.0,1.4,0.8,1.6,1.6,1.0,1.0,1.0,0.8,1.0,1.0,1.0,1.0,1.0,1.6,2.0,2.0,2.0,2.0
2024-01-29,ruim,64.0,223.0,2.0,2.0,1.6,2.0,2.0,2.6,3.0,3.0,3.0,3.0,3.0,1.4,2.0,1.6,2.0,2.0,1.6,2.0,2.0,2.2,3.0,3.0,2.0,2.0,0.8,1.6,1.0,1.0,1.6,1.2,1.0,1.0,1.0,1.0,1.0,1.0,1.0,1.0,1.0,1.0,1.0,0.8,2.0,2.0,0.6667,0.0,0.0,0.0,0.0,0.0,0.0,0.0,0.0,0.0,0.0,0.0,0.0,0.0,0.0,0.0,0.0,0.0,0.0,0.0,0.0,0.0,0.0,0.0,0.0,0.0,0.0,0.0,0.0,0.0,0.0,0.0,0.0,0.0,0.0,0.0,0.0,0.0,0.0,0.0,0.0,0.0,0.0,0.0,0.0,0.0,0.0,0.0,0.0,0.0,0.0,0.0
2024-01-30,regular,75.0,345.0,2.0,2.0,2.0,2.0,2.4,3.0,3.0,3.0,3.0,2.6,1.6,1.4,2.0,2.0,2.0,2.0,3.0,2.4,1.2,2.0,2.0,3.0,3.0,3.0,2.2,2.0,2.0,2.0,1.6,1.6,1.8,1.0,1.0,1.0,1.0,1.0,1.2,1.6,2.0,2.0,2.0,2.0,2.0,2.0,2.0,2.0,1.2,1.0,1.0,1.0,1.0,1.0,1.0,0.8,1.2,2.0,2.0,2.0,2.0,2.0,2.0,2.0,2.2,1.4,2.0,1.8,1.2,0.0,0.2,0.0,0.0,0.0,0.0,0.0,0.0,0.0,0.0,0.0,0.0,0.0,0.0,0.0,0.0,0.0,0.0,0.0,0.0,0.0,0.0,0.0,0.0,0.0,0.0,0.0,0.0,0.0
2024-01-31,regular,75.0,336.0,2.0,2.0,2.0,2.8,3.0,3.0,3.0,2.2,2.0,1.4,1.0,1.0,2.0,1.6,2.0,2.6,3.0,3.0,3.0,1.6,1.2,2.0,2.0,2.0,2.2,3.0,3.0,2.2,2.0,1.0,1.0,0.4,1.6,2.0,1.6,2.0,1.6,2.0,2.0,1.8,0.8,1.0,1.4,2.0,2.0,2.0,2.0,2.0,1.2,2.0,2.0,2.0,2.0,2.0,2.0,1.4,1.0,1.0,0.4,1.0,0.6,1.0,1.0,1.0,1.0,0.4,0.8,0.0,0.0,0.0,0.0,0.0,0.0,0.0,0.0,0.0,0.0,0.0,0.0,0.0,0.0,0.0,0.0,0.0,0.0,0.0,0.0,0.0,0.0,0.0,0.0,0.0,0.0,0.0,0.0,0.0
2024-02-01,regular,79.0,343.0,2.0,2.2,2.8,2.8,3.0,3.0,3.0,1.6,1.4,1.0,1.2,2.0,2.0,2.0,2.0,2.0,2.0,2.0,2.2,3.0,3.0,3.0,3.0,3.0,2.0,1.8,1.0,1.0,1.0,1.0,1.6,1.2,2.0,2.0,2.0,2.4,3.0,1.6,2.0,2.0,2.0,2.0,2.0,2.0,2.0,2.0,1.0,0.4,1.4,1.2,1.6,2.0,2.0,2.0,1.6,1.6,2.0,2.0,2.0,2.0,1.0,1.2,1.2,1.8,1.0,1.0,1.0,1.2,0.6667,0.0,0.0,0.0,0.0,0.0,0.0,0.0,0.0,0.0,0.0,0.0,0.0,0.0,0.0,0.0,0.0,0.0,0.0,0.0,0.0,0.0,0.0,0.0,0.0,0.0,0.0,0.0
2024-02-02,regular,80.0,395.0,2.0,3.0,2.6,2.4,2.4,2.0,2.0,2.2,3.0,3.0,3.0,3.0,3.0,3.0,3.0,3.0,1.4,2.0,2.0,2.2,2.4,2.2,3.0,3.0,1.4,1.0,1.0,1.0,0.4,1.2,1.0,1.0,1.0,1.0,1.0,1.4,2.0,2.0,2.0,2.0,2.2,3.0,3.0,3.0,3.0,3.0,1.4,2.0,2.0,1.6,1.6,1.2,0.8,1.6,1.0,0.4,1.2,1.0,1.0,1.0,1.0,1.0,1.0,1.0,1.0,1.0,0.8,2.0,2.0,1.6,1.2,2.0,0.4,0.0,1.6,0.0,0.0,0.4,1.2,0.0,0.0,0.0,0.0,0.0,0.0,0.0,0.0,0.0,0.0,0.0,0.0,0.0,0.0,0.0,0.0,0.0
2024-02-04,bom,93.0,472.0,2.0,2.0,3.0,3.0,3.0,2.6,2.6,3.0,3.0,3.0,2.4,2.0,2.0,2.2,3.0,3.0,3.0,3.0,3.0,3.0,1.4,2.0,1.2,1.0,1.0,1.0,1.6,2.0,2.0,1.6,2.0,2.4,3.0,3.0,3.0,3.0,2.4,2.0,2.0,1.4,1.4,1.0,1.0,1.0,1.0,1.0,0.8,1.2,1.6,2.0,2.0,2.0,2.0,2.2,3.0,3.0,3.0,3.0,0.8,1.2,2.0,1.2,1.0,1.2,1.0,1.4,1.4,2.0,1.6,2.0,2.0,1.0,1.4,1.0,0.8,0.6,1.0,1.0,1.0,1.0,1.0,1.0,1.0,2.0,2.0,2.0,2.0,2.0,2.2,2.0,1.6,1.2,1.4,1.0,0.0,0.0
2024-02-06,regular,70.0,303.0,2.0,2.6,3.0,3.0,3.0,1.6,2.0,2.6,3.0,3.0,3.0,1.8,2.0,2.0,1.6,1.6,1.0,1.0,1.0,1.0,1.2,1.0,1.0,1.0,1.0,1.6,1.6,2.0,2.2,3.0,3.0,3.0,3.0,1.6,1.6,2.0,2.0,2.0,0.4,1.6,2.0,2.0,2.0,1.6,1.0,1.0,1.0,1.0,1.0,1.2,1.0,1.0,1.0,0.8,1.6,2.0,1.6,2.0,0.4,0.4,0.6667,0.0,0.0,0.0,0.0,0.0,0.0,0.0,0.0,0.0,0.0,0.0,0.0,0.0,0.0,0.0,0.0,0.0,0.0,0.0,0.0,0.0,0.0,0.0,0.0,0.0,0.0,0.0,0.0,0.0,0.0,0.0,0.0,0.0,0.0,0.0
2024-02-07,regular,77.0,327.0,2.0,2.0,2.0,3.0,3.0,3.0,3.0,3.0,1.4,1.0,1.0,1.4,1.0,1.8,1.6,2.0,2.0,2.0,2.0,2.4,3.0,2.6,3.0,3.0,3.0,2.2,2.0,2.0,2.0,2.6,2.0,1.6,1.0,1.0,1.0,1.0,0.6,2.0,2.0,2.0,2.0,2.0,2.0,1.6,2.0,2.0,2.0,2.0,1.6,2.0,2.0,2.0,2.0,1.0,1.0,1.0,1.0,1.0,1.0,1.0,1.0,1.0,0.4,0.8,1.4,0.0,0.0,0.0,0.0,0.0,0.0,0.0,0.0,0.0,0.0,0.0,0.0,0.0,0.0,0.0,0.0,0.0,0.0,0.0,0.0,0.0,0.0,0.0,0.0,0.0,0.0,0.0,0.0,0.0,0.0,0.0
2024-02-08,regular,77.0,287.0,2.0,2.0,2.0,2.0,2.0,2.0,2.0,2.6,3.0,3.0,3.0,3.0,3.0,2.0,1.8,1.0,1.0,1.0,1.6,2.0,2.0,2.0,2.8,3.0,3.0,1.6,2.0,2.0,2.0,2.0,2.0,1.8,1.0,1.0,1.0,1.0,0.6,1.0,1.0,1.0,1.0,1.0,1.0,1.0,1.2,2.0,2.0,1.2,2.0,2.0,2.0,2.0,2.0,1.6,1.0,1.0,1.0,0.5,0.0,0.0,0.0,0.0,0.0,0.0,0.0,0.0,0.0,0.0,0.0,0.0,0.0,0.0,0.0,0.0,0.0,0.0,0.0,0.0,0.0,0.0,0.0,0.0,0.0,0.0,0.0,0.0,0.0,0.0,0.0,0.0,0.0,0.0,0.0,0.0,0.0,0.0
2024-02-09,bom,89.0,439.0,0.8,2.0,2.0,2.8,3.0,1.6,2.2,3.0,3.0,3.0,3.0,3.0,2.2,2.0,3.0,3.0,3.0,3.0,3.0,3.0,3.0,2.0,2.0,2.0,2.0,2.0,2.2,1.6,1.4,0.8,2.0,2.0,2.0,2.0,2.2,3.0,3.0,3.0,3.0,2.2,0.8,2.0,1.2,1.0,1.0,1.0,1.0,1.0,1.0,1.0,1.0,1.0,2.0,2.0,2.0,2.0,2.0,1.6,2.0,0.8,2.0,1.6,2.0,1.6,2.0,1.8,1.4,0.0,0.4,2.0,2.0,2.0,1.6,1.0,1.0,1.0,1.0,1.0,1.0,1.0,1.6,1.6,2.0,0.4,0.0,0.0,2.0,1.0,0.0,0.0,0.0,0.0,0.0,0.0,0.0,0.0
2024-02-13,regular,80.0,356.0,2.0,2.0,1.6,1.6,2.2,3.0,3.0,3.0,2.6,1.6,1.4,1.2,1.2,2.0,1.2,2.0,2.0,2.4,3.0,1.8,2.0,2.4,3.0,3.0,3.0,3.0,3.0,1.6,2.0,1.8,0.8,1.0,1.0,1.0,1.2,1.6,2.0,2.0,1.2,1.2,1.6,2.0,2.0,2.0,1.2,1.8,1.2,2.0,1.4,1.0,1.0,1.0,1.0,1.0,1.4,0.8,0.8,2.0,2.0,2.0,1.6,1.2,2.0,1.2,1.8,1.2,1.4,1.2,1.4,1.0,1.4,0.0,0.0,0.0,0.0,0.0,0.0,0.0,0.0,0.0,0.0,0.0,0.0,0.0,0.0,0.0,0.0,0.0,0.0,0.0,0.0,0.0,0.0,0.0,0.0,0.0
2024-02-14,bom,86.0,440.0,2.2,3.0,3.0,3.0,1.4,2.0,2.0,3.0,3.0,3.0,3.0,3.0,1.6,2.4,3.0,3.0,3.0,1.8,2.0,2.0,2.0,1.8,1.0,1.0,1.0,1.4,1.6,2.0,2.0,2.4,1.2,2.0,2.0,3.0,3.0,3.0,1.8,0.4,1.2,1.0,0.8,1.4,2.0,1.4,1.0,1.0,0.8,0.6,1.8,2.0,2.0,2.0,2.6,3.0,3.0,3.0,3.0,2.4,2.0,0.2,2.0,2.0,2.0,1.2,2.0,1.0,0.0,1.4,1.0,1.0,1.0,0.6,2.0,2.0,2.0,2.0,1.6,2.0,0.6,0.6,0.8,1.0,0.4,1.0,0.8,1.0,1.0,0.6,0.0,0.0,0.0,0.0,0.0,0.0,0.0,0.0
2024-02-15,regular,78.0,356.0,2.0,2.0,2.0,2.0,3.0,3.0,2.4,2.0,2.0,2.0,3.0,2.2,3.0,3.0,2.6,1.6,2.0,2.0,2.0,2.6,3.0,1.8,1.6,2.0,2.0,2.8,2.4,1.6,2.0,1.6,2.0,2.0,2.0,1.8,1.0,2.0,1.2,1.4,1.0,1.2,2.0,1.6,2.0,2.0,2.0,1.2,2.0,1.2,1.4,1.0,1.0,1.0,1.0,1.0,1.0,1.0,1.0,1.0,1.4,2.0,2.0,2.0,2.0,2.8,3.0,3.0,3.0,0.0,1.6,0.8,0.4,0.0,0.0,0.0,0.0,0.0,0.0,0.0,0.0,0.0,0.0,0.0,0.0,0.0,0.0,0.0,0.0,0.0,0.0,0.0,0.0,0.0,0.0,0.0,0.0,0.0
2024-02-16,ruim,64.0,257.0,2.0,2.0,3.0,3.0,3.0,2.4,2.0,2.0,2.6,3.0,3.0,1.2,2.0,1.6,2.0,1.2,2.0,2.0,1.6,2.0,2.0,2.0,2.0,1.6,2.0,1.2,2.0,2.0,1.2,1.2,2.0,1.6,2.0,0.8,2.0,2.0,2.0,2.0,2.4,3.0,3.0,3.0,1.8,2.0,1.0,1.0,1.0,1.0,1.0,1.0,1.0,0.0,0.0,0.0,0.0,0.0,0.0,0.0,0.0,0.0,0.0,0.0,0.0,0.0,0.0,0.0,0.0,0.0,0.0,0.0,0.0,0.0,0.0,0.0,0.0,0.0,0.0,0.0,0.0,0.0,0.0,0.0,0.0,0.0,0.0,0.0,0.0,0.0,0.0,0.0,0.0,0.0,0.0,0.0,0.0,0.0
2024-02-17,bom,89.0,445.0,2.0,2.6,3.0,3.0,3.0,2.0,2.0,2.0,2.0,2.0,2.0,2.8,3.0,2.4,1.6,1.6,2.0,2.0,2.0,2.0,2.0,1.8,1.0,1.0,1.2,2.0,1.6,1.6,0.8,2.0,2.0,2.0,2.2,2.4,2.6,3.0,3.0,3.0,2.4,1.6,2.0,2.0,2.0,2.0,1.8,1.0,1.0,1.0,1.0,1.0,1.0,1.0,1.4,2.0,2.0,2.0,2.0,2.0,2.8,2.2,2.0,2.0,1.6,2.0,1.0,1.0,1.8,1.4,0.4,1.0,1.0,1.0,1.0,1.0,1.0,1.0,0.6,1.2,1.4,2.0,2.0,2.0,2.0,1.6,0.4,2.0,2.0,2.0,1.2,0.0,0.0,0.0,0.0,0.0,0.0,0.0
2024-02-18,regular,76.0,521.0,2.0,1.6,1.6,1.0,1.0,1.0,1.0,1.4,1.2,2.0,2.0,2.6,2.4,2.8,3.0,2.4,1.0,1.0,1.6,1.6,2.0,2.0,3.0,3.0,3.0,3.0,3.0,3.0,1.6,2.0,1.6,1.6,1.6,1.0,2.0,2.0,2.0,2.0,2.0,1.6,2.0,1.0,1.0,1.0,1.0,2.0,2.0,2.0,1.6,2.0,1.6,2.0,1.2,2.0,2.0,2.0,2.0,2.0,1.8,1.0,1.0,1.0,1.0,1.0,1.0,1.0,1.0,1.0,1.2,2.0,2.0,0.8,0.0,1.2,2.0,2.0,2.0,2.0,2.0,3.0,2.4,2.0,2.0,0.0,0.2,1.0,1.0,0.6,0.8,2.0,2.0,1.2,1.6,1.6,2.0,2.0
2024-02-19,ruim,68.0,296.0,2.0,2.0,2.0,2.0,2.8,2.2,3.0,2.8,1.6,2.0,3.0,3.0,2.2,3.0,3.0,3.0,1.2,2.0,2.0,2.0,2.0,1.8,2.0,1.4,2.0,2.0,1.2,2.0,2.0,2.0,1.6,2.0,2.0,2.0,1.4,1.0,1.0,2.0,2.0,2.0,2.0,2.0,2.0,1.2,1.2,1.6,2.0,1.2,2.0,2.0,2.0,2.0,1.8,1.0,1.0,0.4,1.6,0.0,1.2,0.0,0.0,0.0,0.0,0.0,0.0,0.0,0.0,0.0,0.0,0.0,0.0,0.0,0.0,0.0,0.0,0.0,0.0,0.0,0.0,0.0,0.0,0.0,0.0,0.0,0.0,0.0,0.0,0.0,0.0,0.0,0.0,0.0,0.0,0.0,0.0,0.0
2024-02-20,regular,79.0,363.0,2.0,2.0,2.0,2.0,1.6,2.0,2.2,3.0,3.0,3.0,3.0,1.6,2.0,1.8,1.6,2.0,2.0,2.6,3.0,3.0,3.0,3.0,3.0,2.2,2.0,2.0,2.0,1.4,2.0,1.0,1.0,1.0,1.0,1.0,1.0,0.8,2.0,2.0,2.0,2.0,2.2,3.0,3.0,3.0,2.6,1.6,2.0,2.0,2.0,2.0,2.0,2.0,1.6,2.0,2.0,1.6,1.4,1.0,1.0,1.0,1.0,1.0,1.0,0.8,1.4,2.0,2.0,2.0,0.0,0.0,0.2,0.0,0.3333,0.0,0.0,0.0,0.0,0.0,0.0,0.0,0.0,0.0,0.0,0.0,0.0,0.0,0.0,0.0,0.0,0.0,0.0,0.0,0.0,0.0,0.0,0.0
2024-02-21,bom,94.0,466.0,2.0,2.0,2.0,2.0,2.0,3.0,3.0,3.0,3.0,3.0,3.0,3.0,3.0,1.8,2.0,2.6,3.0,3.0,3.0,2.0,2.0,1.6,2.0,2.0,2.0,1.6,1.0,1.0,1.0,1.0,1.0,0.6,1.2,1.8,1.6,2.0,2.0,1.2,2.0,2.0,2.0,2.0,2.8,3.0,3.0,1.8,2.0,2.0,1.6,2.0,2.0,2.0,1.6,1.6,1.6,1.6,1.6,0.8,1.8,0.8,1.0,1.0,1.0,1.0,1.0,1.4,2.0,2.0,2.0,2.0,2.0,2.0,2.0,2.0,2.0,2.0,2.0,1.2,1.0,1.0,0.8,1.0,1.0,1.0,1.0,1.0,1.0,0.8,1.8,1.2,1.6,2.0,1.2,0.0,0.0,0.0
2024-02-22,bom,91.0,427.0,2.0,2.4,3.0,3.0,3.0,1.8,2.0,2.0,2.0,2.0,1.6,2.6,3.0,3.0,3.0,1.2,2.0,1.0,1.0,1.0,1.0,1.0,1.0,1.8,2.0,1.6,2.0,2.0,1.2,2.0,2.0,2.0,1.2,2.0,2.0,3.0,3.0,3.0,2.4,1.0,1.0,1.0,1.0,1.0,1.0,1.0,1.0,1.0,0.8,1.0,1.2,2.0,1.2,2.0,2.0,1.6,1.6,2.0,2.0,2.0,2.0,1.6,2.0,1.6,1.4,2.0,1.0,1.0,1.2,1.0,1.0,1.0,1.0,1.0,1.0,1.0,1.0,1.0,1.0,1.0,1.0,1.6,2.0,2.0,2.0,0.0,0.0,0.0,0.0,0.0,0.0,0.0,0.0,0.0,0.0,0.0
2024-02-23,regular,72.0,325.0,2.0,2.0,2.0,2.0,2.4,3.0,3.0,3.0,2.4,2.0,1.0,1.0,1.2,2.0,2.0,2.0,1.6,2.0,2.0,2.8,3.0,2.0,2.0,2.0,2.0,2.0,1.6,1.8,1.6,2.0,1.2,2.0,1.4,0.6,1.4,2.0,1.4,2.0,2.0,2.0,2.0,2.0,2.0,2.0,2.2,1.8,2.0,2.0,2.0,1.6,1.0,1.0,1.0,1.0,1.0,1.0,1.0,0.8,2.0,1.8,1.2,2.0,1.6,2.0,1.2,0.0,0.0,0.0,0.0,0.0,0.0,0.0,0.0,0.0,0.0,0.0,0.0,0.0,0.0,0.0,0.0,0.0,0.0,0.0,0.0,0.0,0.0,0.0,0.0,0.0,0.0,0.0,0.0,0.0,0.0,0.0
2024-02-24,regular,77.0,428.0,2.0,2.0,0.4,0.4,2.0,2.0,2.0,2.0,2.6,3.0,3.0,3.0,3.0,1.6,2.0,1.6,2.0,2.0,2.0,2.0,2.0,2.0,0.6,2.0,2.0,2.0,1.0,1.0,1.6,1.6,2.0,1.2,1.0,0.6,1.0,1.8,2.0,2.0,3.0,3.0,2.2,2.0,2.0,2.0,2.0,2.0,2.0,2.0,2.2,2.4,1.4,0.8,0.6,1.0,0.8,1.4,2.0,2.0,1.0,1.6,2.0,1.2,2.0,2.0,2.0,2.0,2.0,0.8,1.0,1.0,1.0,0.4,1.2,1.6,1.6,1.6,1.6,2.0,2.0,2.0,0.4,0.8,0.4,1.4,0.8,0.3333,0.0,0.0,0.0,0.0,0.0,0.0,0.0,0.0,0.0,0.0
2024-02-25,bom,90.0,467.0,2.0,2.0,2.4,3.0,1.8,2.6,1.8,1.8,2.0,2.6,3.0,1.6,2.0,2.0,2.6,3.0,3.0,3.0,3.0,2.4,2.0,2.0,2.0,2.0,2.4,3.0,3.0,3.0,2.4,2.0,2.0,2.0,2.0,1.2,2.0,2.0,1.8,1.0,1.0,1.0,1.0,1.0,1.0,0.8,2.0,2.0,2.0,2.0,2.2,2.0,2.0,1.2,2.0,2.0,2.0,1.6,1.8,1.2,1.8,2.0,2.0,2.0,2.0,2.0,1.2,2.0,2.0,1.2,1.0,1.0,1.0,1.0,1.0,1.0,1.0,1.0,1.0,1.0,1.6,1.6,2.0,2.0,2.0,2.0,0.8,2.0,2.0,0.8,1.8,0.6,1.0,1.0,1.0,0.0,0.0,0.0
2024-02-26,ruim,67.0,323.0,2.0,2.0,1.2,2.4,3.0,3.0,3.0,2.4,2.0,2.8,2.6,3.0,3.0,2.4,1.6,2.0,2.0,2.0,2.0,1.6,2.0,2.0,2.0,0.8,2.0,1.6,1.6,1.8,0.8,2.0,2.0,2.0,2.0,1.6,2.0,2.0,1.4,1.0,1.0,1.2,1.4,2.0,2.0,2.0,2.0,2.0,2.0,1.6,2.0,1.6,1.6,1.2,2.0,1.4,1.0,1.0,1.6,2.0,1.6,1.6,2.0,1.2,0.0,0.0,0.6667,0.0,0.0,0.0,0.0,0.0,0.0,0.0,0.0,0.0,0.0,0.0,0.0,0.0,0.0,0.0,0.0,0.0,0.0,0.0,0.0,0.0,0.0,0.0,0.0,0.0,0.0,0.0,0.0,0.0,0.0,0.0
2024-02-27,regular,78.0,339.0,0.4,2.0,2.0,2.0,2.6,3.0,3.0,3.0,3.0,2.6,2.0,2.0,2.0,1.6,2.0,3.0,3.0,2.8,2.4,2.8,2.0,3.0,3.0,3.0,3.0,1.6,2.0,1.0,2.0,0.8,1.4,1.0,1.0,1.0,1.0,1.0,1.6,2.0,2.0,2.0,2.0,2.0,2.0,2.0,1.6,2.0,2.0,1.2,1.0,1.0,1.0,1.0,1.0,1.0,1.0,1.0,1.0,1.0,0.8,1.0,1.0,1.0,1.2,0.8,2.0,1.6,2.0,1.0,0.0,0.0,0.0,0.0,0.0,0.0,0.0,0.0,0.0,0.0,0.0,0.0,0.0,0.0,0.0,0.0,0.0,0.0,0.0,0.0,0.0,0.0,0.0,0.0,0.0,0.0,0.0,0.0
2024-02-28,bom,95.0,435.0,2.0,3.0,3.0,1.4,1.6,2.0,2.2,2.6,1.6,2.0,2.2,2.8,3.0,3.0,3.0,3.0,3.0,3.0,3.0,3.0,3.0,3.0,3.0,1.8,2.0,1.8,1.2,2.0,1.6,2.0,2.0,2.0,1.4,1.0,1.0,1.0,1.4,2.0,2.0,2.6,2.2,2.0,2.0,1.0,2.0,1.2,2.0,1.6,2.0,2.0,2.0,1.2,0.8,2.0,1.6,2.0,1.6,1.0,1.0,1.0,1.0,1.0,1.0,0.8,1.0,1.0,1.2,2.0,1.6,1.6,2.0,1.6,1.2,2.0,2.0,2.0,2.0,1.6,1.6,1.0,1.0,1.0,1.0,1.0,1.0,1.0,0.6,0.0,0.0,0.0,0.0,0.0,0.0,0.0,0.0,0.0
2024-02-29,regular,84.0,455.0,2.0,2.0,2.0,2.0,2.6,3.0,1.2,2.0,2.0,3.0,1.6,1.0,1.4,2.0,2.0,2.0,3.0,3.0,3.0,3.0,3.0,1.8,2.0,1.4,1.0,2.0,1.2,1.6,1.6,2.0,2.0,1.6,2.0,1.6,2.0,2.0,2.8,2.2,1.8,1.0,2.0,2.0,2.0,2.0,2.0,2.0,1.0,0.6,1.0,1.0,1.0,1.0,2.0,2.0,2.0,2.0,1.6,2.0,2.0,2.0,1.6,2.0,2.0,2.0,2.2,1.4,1.0,1.0,1.0,0.8,1.0,1.0,0.8,1.4,2.0,1.8,0.0,1.6,2.0,2.0,2.0,0.8,0.8,2.0,0.6,2.0,1.0,0.6,1.0,1.0,0.4,0.0,0.0,0.0,0.0,0.0
2024-03-01,bom,90.0,457.0,2.0,2.0,2.0,2.2,2.4,3.0,3.0,3.0,1.8,2.0,2.0,2.0,2.0,2.0,2.0,2.0,2.6,1.8,2.0,2.0,3.0,3.0,2.4,2.0,2.0,2.0,1.4,1.0,1.0,1.0,1.2,2.0,2.0,1.6,2.0,1.6,2.0,2.0,2.8,3.0,2.4,1.6,1.6,1.8,1.0,1.0,1.0,1.0,1.0,1.2,2.0,2.0,1.4,2.0,2.0,2.0,1.2,2.0,2.0,2.0,2.0,2.0,2.0,2.0,2.0,2.0,2.0,1.2,1.0,1.0,1.0,1.0,1.0,1.0,0.8,0.8,1.6,1.2,1.2,1.2,2.0,2.0,2.0,2.0,2.0,3.0,1.4,1.8,1.0,0.8,0.6,0.0,0.0,0.0,0.0,0.0
2024-03-02,regular,74.0,416.0,2.0,2.0,1.2,0.4,2.0,1.6,1.2,2.0,2.4,2.4,1.6,1.6,1.6,1.0,1.0,1.0,1.8,0.8,2.0,2.0,1.6,1.6,2.0,1.6,2.0,2.0,2.8,1.8,0.4,2.0,1.2,2.0,2.0,1.6,2.0,2.0,2.0,1.2,1.6,2.0,1.2,1.6,1.6,1.4,1.0,1.0,1.8,1.0,1.0,1.0,2.0,2.0,2.0,2.0,2.0,1.6,2.0,2.0,1.2,1.4,1.0,1.0,1.0,0.4,1.2,1.6,1.6,1.2,1.6,1.2,1.6,1.6,1.6,2.0,2.0,1.6,1.0,1.0,1.0,1.0,0.2,1.0,0.8,0.0,0.0,0.0,0.0,0.0,0.0,0.0,0.0,0.0,0.0,0.0,0.0,0.0
2024-03-03,ruim,66.0,327.0,0.0,0.0,0.0,0.0,0.0,2.0,2.0,2.0,2.8,3.0,3.0,3.0,3.0,1.8,1.4,1.0,1.0,1.0,1.0,2.0,2.0,2.0,2.0,1.6,2.0,2.0,2.0,2.0,2.0,2.6,1.8,1.2,1.0,0.8,1.0,1.0,1.0,0.8,2.0,2.0,2.0,2.0,2.0,3.0,3.0,1.8,1.6,2.0,2.0,2.0,2.0,1.8,1.0,1.0,1.0,1.0,1.0,1.0,1.0,1.0,1.0,1.0,0.2,0.8,0.6,0.0,0.0,0.0,0.0,0.0,0.0,0.0,0.0,0.0,0.0,0.0,0.0,0.0,0.0,0.0,0.0,0.0,0.0,0.0,0.0,0.0,0.0,0.0,0.0,0.0,0.0,0.0,0.0,0.0,0.0,0.0
2024-03-10,bom,91.0,420.0,2.0,2.0,2.0,2.8,3.0,3.0,2.0,2.0,2.0,2.0,2.4,3.0,3.0,3.0,2.4,2.0,2.0,1.6,2.0,2.2,2.4,3.0,2.2,2.0,2.0,2.0,2.0,1.6,1.6,1.0,1.8,2.0,2.0,2.0,2.0,2.0,1.6,1.6,1.0,1.0,1.0,1.2,2.0,2.0,2.0,2.2,3.0,2.4,2.0,1.2,2.0,2.0,1.6,1.8,1.0,1.0,1.0,1.0,1.0,1.0,1.0,2.0,2.0,2.0,2.0,2.0,2.0,2.0,2.0,2.0,2.0,2.0,1.8,1.0,1.0,1.0,1.0,1.0,0.8,2.0,2.0,2.0,2.0,1.2,0.0,0.0,0.0,0.0,0.0,0.0,0.0,0.0,0.0,0.0,0.0,0.0
2024-03-12,regular,75.0,346.0,2.0,2.4,3.0,3.0,1.8,2.0,2.0,2.0,1.6,1.0,1.0,2.0,2.0,2.6,3.0,3.0,3.0,3.0,3.0,3.0,3.0,3.0,3.0,1.4,2.0,2.0,2.0,2.0,1.2,0.2,0.6,2.0,1.4,1.2,2.0,2.0,2.0,2.0,2.0,2.0,1.6,2.0,1.6,1.0,1.0,1.4,1.0,1.0,1.0,1.0,1.0,1.0,2.0,2.0,1.6,2.0,1.6,2.0,1.6,2.0,2.0,1.2,2.0,1.2,2.0,1.0,0.8,0.6,0.6,0.0,0.0,0.0,0.0,0.0,0.0,0.0,0.0,0.0,0.0,0.0,0.0,0.0,0.0,0.0,0.0,0.0,0.0,0.0,0.0,0.0,0.0,0.0,0.0,0.0,0.0,0.0
2024-03-14,bom,86.0,454.0,2.0,2.0,2.0,2.8,1.4,2.0,2.0,2.0,2.2,3.0,3.0,3.0,3.0,2.2,1.2,2.0,2.0,2.0,1.0,2.0,2.0,2.0,2.4,2.0,2.0,1.6,1.0,1.0,1.4,2.0,2.0,2.0,2.0,1.6,2.0,1.2,2.0,2.0,2.6,3.0,3.0,3.0,3.0,3.0,3.0,2.8,1.6,2.0,1.8,1.0,1.0,1.0,1.0,0.8,0.8,1.0,1.2,2.0,2.0,2.0,2.0,2.0,2.0,2.0,1.6,2.0,2.0,1.6,1.4,0.4,1.8,1.0,1.0,1.0,1.0,1.0,1.0,1.0,1.0,0.8,1.0,1.0,1.2,1.2,2.0,1.6,2.0,1.6,0.0,1.6,1.0,0.0,0.0,0.0,0.0,0.0
2024-03-15,ruim,65.0,327.0,1.2,0.0,0.4,2.0,2.0,2.6,3.0,3.0,3.0,3.0,2.8,2.0,2.8,3.0,3.0,2.4,1.6,2.0,2.0,1.8,1.6,1.4,0.8,1.2,2.0,2.0,1.0,1.4,1.6,1.6,2.0,2.0,2.0,1.6,2.0,2.0,2.0,1.2,2.0,2.0,2.0,2.0,2.0,2.0,2.0,1.8,1.6,1.0,1.0,1.0,1.0,1.0,1.0,2.0,1.0,2.0,2.0,2.0,2.0,2.0,1.4,1.0,1.0,0.6,0.4,0.0,0.0,0.0,0.0,0.0,0.0,0.0,0.0,0.0,0.0,0.0,0.0,0.0,0.0,0.0,0.0,0.0,0.0,0.0,0.0,0.0,0.0,0.0,0.0,0.0,0.0,0.0,0.0,0.0,0.0,0.0
2024-03-16,regular,83.0,431.0,2.0,2.0,2.0,0.4,0.0,0.0,0.0,0.0,0.4,1.6,2.6,3.0,1.6,2.0,2.0,2.0,2.6,3.0,3.0,3.0,1.8,2.0,2.0,2.0,2.0,2.4,3.0,1.8,1.6,1.0,1.0,1.0,1.0,0.8,1.0,0.8,1.6,2.0,2.0,2.0,2.0,2.4,3.0,3.0,3.0,2.2,2.6,2.0,2.0,1.4,1.6,1.6,1.8,1.0,1.0,1.0,1.0,1.0,1.0,1.0,1.0,1.2,1.6,2.0,2.0,2.0,2.0,1.6,2.0,2.0,2.0,0.8,1.6,1.0,1.0,1.0,1.0,1.0,1.0,1.0,1.0,1.0,1.0,1.0,0.8,1.0,1.0,0.0,0.0,0.0,0.0,0.0,0.0,0.0,0.0,0.0
2024-03-17,bom,91.0,487.0,0.0,0.0,0.0,0.0,0.0,0.0,0.0,2.0,2.0,2.2,3.0,3.0,3.0,3.0,3.0,3.0,3.0,2.4,2.0,1.8,1.0,1.0,0.6,2.0,2.0,1.6,1.6,2.0,1.6,2.0,2.4,3.0,2.4,1.2,2.0,2.0,1.6,1.6,2.0,2.0,2.0,1.2,2.0,2.0,0.8,1.6,2.0,2.0,2.0,2.0,1.4,1.0,1.0,1.2,1.2,1.2,1.6,2.0,1.6,1.2,2.0,1.6,2.0,2.0,2.0,2.0,2.6,3.0,3.0,2.0,1.6,1.6,1.2,1.0,1.0,1.0,1.6,1.0,1.0,1.0,1.0,1.0,1.0,1.0,1.0,1.0,0.6,2.0,1.8,0.0,0.8,1.6,1.0,1.6,2.0,2.0
2024-03-25,regular,80.0,349.0,2.0,2.0,2.0,2.2,3.0,3.0,3.0,3.0,1.8,2.0,2.0,2.0,1.6,1.6,2.0,1.2,2.0,2.2,3.0,3.0,3.0,3.0,3.0,3.0,1.4,2.0,1.6,1.0,1.0,1.0,1.0,1.0,1.0,2.0,1.6,1.4,1.4,1.6,2.0,2.0,1.6,2.0,1.6,2.0,2.4,1.8,2.0,2.0,2.0,2.0,2.0,2.0,2.0,2.0,1.6,1.2,2.0,2.0,2.0,1.6,2.0,1.6,1.8,1.0,1.0,1.0,1.0,0.8,0.8,1.0,0.0,0.0,0.0,0.0,0.0,0.0,0.0,0.0,0.0,0.0,0.0,0.0,0.0,0.0,0.0,0.0,0.0,0.0,0.0,0.0,0.0,0.0,0.0,0.0,0.0,0.0
2024-03-26,regular,81.0,360.0,2.0,2.0,2.0,2.0,2.0,2.0,2.0,2.8,1.6,2.4,3.0,3.0,3.0,3.0,3.0,3.0,1.8,1.0,1.0,1.6,2.0,2.0,2.0,3.0,3.0,3.0,2.4,2.0,2.0,2.0,1.4,1.6,1.0,0.8,1.2,2.0,1.2,2.0,2.0,2.0,2.0,2.0,3.0,2.4,0.4,2.0,2.0,1.2,0.4,2.0,2.0,0.8,2.0,2.0,2.0,2.0,2.0,1.8,1.0,1.0,1.0,1.6,1.6,0.8,1.6,1.4,1.0,1.0,0.8,1.0,1.0,0.6,0.0,0.0,0.0,0.0,0.0,0.0,0.0,0.0,0.0,0.0,0.0,0.0,0.0,0.0,0.0,0.0,0.0,0.0,0.0,0.0,0.0,0.0,0.0,0.0
2024-03-27,bom,85.0,435.0,2.0,2.6,2.6,2.0,2.0,2.6,2.6,3.0,3.0,2.4,3.0,3.0,3.0,3.0,1.8,2.4,1.6,2.0,2.0,2.0,2.0,1.2,1.0,1.0,1.0,1.2,1.4,2.0,2.0,2.0,2.8,2.8,2.0,1.6,2.0,2.2,1.8,2.0,2.6,2.0,2.0,2.0,1.6,2.0,2.0,1.6,2.0,1.2,1.6,2.0,1.0,2.0,1.2,1.2,1.6,1.0,1.0,1.0,1.0,1.0,1.0,1.0,1.0,1.0,1.0,0.4,1.6,0.8,2.0,2.0,2.0,2.0,2.0,2.0,2.0,2.0,1.8,0.8,1.0,1.0,1.0,1.0,1.0,1.0,0.6,0.0,1.2,0.0,0.0,0.0,0.0,0.0,0.0,0.0,0.0,0.0
2024-03-29,ruim,61.0,260.0,2.0,2.0,2.0,1.2,2.0,2.0,2.0,2.6,2.4,2.0,2.0,2.4,3.0,3.0,2.8,2.0,2.0,2.4,2.2,1.6,1.6,1.2,2.0,1.2,1.0,1.0,0.8,1.4,1.4,2.0,2.0,2.0,1.2,2.0,2.0,2.0,2.0,2.0,1.2,1.4,1.0,1.0,1.0,1.2,2.0,1.6,2.0,2.0,1.6,2.0,2.0,1.2,0.0,0.0,0.0,0.0,0.0,0.0,0.0,0.0,0.0,0.0,0.0,0.0,0.0,0.0,0.0,0.0,0.0,0.0,0.0,0.0,0.0,0.0,0.0,0.0,0.0,0.0,0.0,0.0,0.0,0.0,0.0,0.0,0.0,0.0,0.0,0.0,0.0,0.0,0.0,0.0,0.0,0.0,0.0,0.0
2024-03-30,ruim,67.0,384.0,2.0,1.4,1.0,1.0,1.0,1.8,2.0,2.0,2.4,3.0,2.0,2.0,3.0,3.0,1.6,2.0,2.0,2.0,2.0,2.0,1.2,2.0,2.0,2.2,3.0,3.0,3.0,3.0,2.6,0.8,1.0,1.0,0.8,1.2,1.2,2.0,2.0,2.0,2.0,1.6,2.0,2.0,2.0,2.4,2.4,2.6,2.6,1.8,1.0,1.0,1.0,1.0,0.6,1.0,1.0,1.0,1.0,1.0,1.0,1.2,2.0,1.2,2.0,2.0,2.0,2.0,1.6,1.2,0.6,0.4,0.6,1.0,0.4,0.0,0.0,0.0,0.25,0.0,0.0,0.0,0.0,0.0,0.0,0.0,0.0,0.0,0.0,0.0,0.0,0.0,0.0,0.0,0.0,0.0,0.0,0.0
2024-03-31,regular,81.0,429.0,0.0,0.8,2.0,2.0,0.8,0.4,1.6,2.0,2.0,2.8,2.0,2.0,2.6,2.4,2.0,2.0,2.0,1.6,1.6,0.8,2.0,2.0,2.0,2.6,3.0,3.0,3.0,1.8,1.0,0.6,1.2,2.0,2.0,2.0,2.0,2.0,2.6,3.0,3.0,1.6,1.6,2.0,1.8,0.8,1.2,1.2,2.0,1.6,2.0,2.0,1.4,1.2,1.0,1.0,1.0,1.0,1.0,0.8,1.0,1.0,1.0,2.0,2.0,2.0,2.0,2.0,1.6,2.0,2.0,2.0,2.0,3.0,3.0,2.8,3.0,2.8,1.6,0.0,0.6,1.0,1.0,0.4,2.0,2.0,2.0,0.75,0.0,0.0,0.0,0.0,0.0,0.0,0.0,0.0,0.0,0.0
2024-04-02,regular,75.0,306.0,2.0,2.0,3.0,2.0,2.8,3.0,3.0,3.0,1.8,2.0,1.2,1.0,1.0,1.0,2.0,1.2,1.6,2.0,2.0,2.0,2.0,1.6,2.0,2.0,2.0,2.0,2.0,1.2,2.0,1.4,2.0,1.0,1.0,2.0,2.0,1.6,2.0,2.0,2.0,2.0,2.0,2.0,2.2,2.8,0.8,1.8,1.0,1.0,1.0,1.0,1.0,1.0,1.0,1.0,1.0,1.0,1.0,1.2,2.0,2.0,1.8,0.0,0.0,0.0,0.0,0.0,0.0,0.0,0.0,0.0,0.0,0.0,0.0,0.0,0.0,0.0,0.0,0.0,0.0,0.0,0.0,0.0,0.0,0.0,0.0,0.0,0.0,0.0,0.0,0.0,0.0,0.0,0.0,0.0,0.0,0.0
2024-04-03,bom,88.0,463.0,1.6,2.0,2.0,2.0,2.0,3.0,2.6,2.2,3.0,3.0,2.0,2.0,2.0,2.0,2.6,3.0,3.0,3.0,1.4,2.0,2.0,2.0,1.6,2.0,2.4,3.0,3.0,1.8,1.6,1.0,1.2,2.0,1.6,2.0,1.6,1.0,1.4,2.0,1.6,2.0,2.0,2.0,2.0,1.8,2.0,1.2,2.0,2.0,2.0,1.6,2.0,2.0,2.0,1.6,2.0,2.0,2.0,2.0,2.0,1.0,1.0,1.0,1.0,1.0,1.2,2.0,1.8,2.0,2.0,1.6,2.0,2.0,2.0,1.6,2.0,1.6,2.0,2.0,1.4,1.0,1.0,1.0,1.0,1.0,1.0,1.0,0.8,0.0,0.0,0.0,0.0,1.6,0.6667,0.0,0.0,0.0
2024-04-04,ruim,65.0,225.0,2.0,2.0,2.0,1.2,2.0,2.0,2.6,3.0,3.0,1.6,1.8,1.0,1.0,0.8,1.0,1.0,1.2,2.0,2.0,2.0,2.0,2.0,3.0,3.0,3.0,3.0,1.6,2.0,1.2,1.0,1.0,1.0,1.0,1.0,1.0,1.2,2.0,2.0,2.0,2.0,2.0,2.0,2.0,1.8,1.0,0.0,0.0,0.0,0.0,0.0,0.0,0.0,0.0,0.0,0.0,0.0,0.0,0.0,0.0,0.0,0.0,0.0,0.0,0.0,0.0,0.0,0.0,0.0,0.0,0.0,0.0,0.0,0.0,0.0,0.0,0.0,0.0,0.0,0.0,0.0,0.0,0.0,0.0,0.0,0.0,0.0,0.0,0.0,0.0,0.0,0.0,0.0,0.0,0.0,0.0,0.0
2024-04-05,regular,73.0,345.0,1.8,2.0,2.0,2.0,2.0,1.6,2.0,2.0,2.6,3.0,3.0,2.2,2.0,2.0,2.6,3.0,3.0,2.6,1.6,2.0,1.6,2.0,1.6,2.0,2.0,1.2,2.0,2.0,2.0,1.2,1.6,2.0,2.0,2.0,2.0,1.6,2.0,2.0,1.2,2.0,0.6,1.6,1.4,1.0,1.0,1.0,1.0,1.0,2.0,1.8,2.0,2.0,2.0,2.0,2.2,3.0,3.0,2.2,1.4,2.0,2.0,1.6,1.8,0.6,1.6,0.6,0.0,0.0,0.4,0.0,0.0,0.0,0.0,0.0,0.0,0.0,0.0,0.0,0.0,0.0,0.0,0.0,0.0,0.0,0.0,0.0,0.0,0.0,0.0,0.0,0.0,0.0,0.0,0.0,0.0,0.0
2024-04-06,regular,84.0,463.0,2.0,2.0,2.0,2.0,1.6,2.0,2.4,2.2,1.6,2.0,2.2,3.0,3.0,3.0,3.0,3.0,3.0,2.0,2.0,2.0,3.0,3.0,1.6,2.0,1.6,2.0,2.0,2.0,2.8,2.0,1.0,1.6,1.8,1.2,2.0,1.6,2.0,2.0,2.0,2.0,2.2,3.0,2.4,1.6,2.0,1.4,1.0,1.0,1.0,1.0,1.0,1.0,1.0,1.0,0.8,2.0,0.8,2.0,2.0,2.0,2.0,2.0,2.0,2.0,2.0,1.6,2.0,2.0,2.0,0.6,1.4,1.0,1.0,0.2,0.0,0.0,0.4,1.6,2.0,2.0,0.6,0.6,0.4,0.0,1.6,2.0,2.0,2.0,2.0,1.4,1.0,1.0,0.6667,0.0,0.0,0.0
2024-04-07,regular,77.0,575.0,2.0,1.6,1.6,2.0,2.0,2.0,1.6,2.0,2.6,3.0,3.0,2.6,1.6,2.0,2.2,3.0,3.0,3.0,2.4,1.2,2.0,2.0,2.0,1.6,1.0,1.0,1.0,1.8,2.0,1.2,2.0,2.0,2.0,2.0,2.0,2.0,2.4,3.0,1.2,2.0,2.0,2.6,3.0,3.0,2.4,2.0,1.4,1.0,1.0,1.0,1.0,0.8,0.4,2.0,2.0,2.0,2.0,2.0,2.0,2.2,3.0,2.4,2.0,1.6,1.0,1.0,1.0,1.0,1.0,1.0,1.2,1.4,2.0,2.0,2.0,2.0,2.0,2.0,2.4,3.0,3.0,3.0,1.8,1.2,1.6,1.0,1.0,1.0,1.0,1.0,1.6,2.0,2.0,2.0,2.0,2.0
2024-04-08,regular,77.0,341.0,0.4,2.0,2.0,1.6,2.0,2.0,2.0,2.0,1.6,2.0,2.0,2.4,2.6,2.0,2.8,3.0,3.0,3.0,3.0,3.0,1.2,2.0,1.8,1.6,1.2,1.0,1.0,1.0,1.0,1.0,1.0,1.0,1.0,1.0,1.8,2.0,2.0,2.0,3.0,3.0,1.8,1.6,2.0,2.0,2.0,2.0,1.2,2.0,2.0,1.6,1.2,1.0,1.0,1.0,1.0,1.0,1.0,1.0,1.0,1.0,1.0,1.0,1.0,1.0,1.4,2.0,2.0,1.6,0.0,0.0,0.0,0.0,0.0,0.0,0.0,0.0,0.0,0.0,0.0,0.0,0.0,0.0,0.0,0.0,0.0,0.0,0.0,0.0,0.0,0.0,0.0,0.0,0.0,0.0,0.0,0.0
2024-04-09,ruim,61.0,280.0,2.0,2.0,2.0,2.0,2.0,1.6,2.0,2.0,2.0,2.8,3.0,3.0,2.0,2.0,2.0,2.0,2.0,2.0,2.0,2.0,2.0,2.0,2.0,2.0,1.6,1.6,1.0,1.0,1.0,1.0,1.0,1.0,0.8,1.0,0.0,1.6,1.6,1.6,2.0,2.0,1.6,2.0,2.0,2.0,2.0,2.0,2.6,3.0,3.0,2.4,0.0,1.6,1.0,1.0,1.0,0.8,0.0,0.0,0.0,0.0,0.0,0.0,0.0,0.0,0.0,0.0,0.0,0.0,0.0,0.0,0.0,0.0,0.0,0.0,0.0,0.0,0.0,0.0,0.0,0.0,0.0,0.0,0.0,0.0,0.0,0.0,0.0,0.0,0.0,0.0,0.0,0.0,0.0,0.0,0.0,0.0
2024-04-10,ruim,56.0,254.0,1.2,1.2,2.0,2.0,2.0,0.8,0.4,2.0,2.0,1.6,2.4,3.0,2.8,1.6,2.0,2.0,2.0,2.0,1.8,1.0,1.0,1.0,1.0,1.0,1.0,1.0,1.4,2.0,2.0,2.0,2.0,2.0,2.4,1.6,2.0,2.0,2.0,2.0,2.0,2.4,3.0,2.0,2.0,2.0,1.6,1.6,0.8,1.0,0.8,0.8,0.5,0.0,0.0,0.0,0.0,0.0,0.0,0.0,0.0,0.0,0.0,0.0,0.0,0.0,0.0,0.0,0.0,0.0,0.0,0.0,0.0,0.0,0.0,0.0,0.0,0.0,0.0,0.0,0.0,0.0,0.0,0.0,0.0,0.0,0.0,0.0,0.0,0.0,0.0,0.0,0.0,0.0,0.0,0.0,0.0,0.0
2024-04-11,regular,79.0,361.0,2.0,2.0,2.2,3.0,3.0,2.2,2.8,3.0,3.0,3.0,1.6,2.0,2.0,2.0,3.0,1.8,1.0,0.4,2.0,2.0,2.0,1.2,1.6,2.0,2.0,2.0,2.0,2.0,1.6,2.0,2.0,2.0,2.0,2.0,2.0,1.2,1.0,1.0,1.0,1.0,1.2,1.4,2.0,2.0,2.0,2.4,2.8,2.6,1.2,2.0,2.0,2.0,2.0,1.6,2.0,2.0,2.0,1.6,1.0,1.0,1.0,1.0,1.0,1.4,1.6,2.0,1.2,2.0,1.0,0.8,1.2,1.4,0.0,0.0,0.0,0.0,0.0,0.0,0.0,0.0,0.0,0.0,0.0,0.0,0.0,0.0,0.0,0.0,0.0,0.0,0.0,0.0,0.0,0.0,0.0,0.0
2024-04-12,regular,81.0,405.0,2.0,2.0,2.0,2.0,2.8,3.0,3.0,3.0,1.2,2.0,1.6,1.0,1.0,1.0,1.0,1.4,2.0,2.0,2.0,2.8,2.0,1.6,2.0,2.0,2.8,3.0,3.0,3.0,1.2,2.0,2.0,1.0,1.0,1.0,1.0,1.0,1.0,1.4,1.6,2.0,2.0,2.0,2.0,2.0,2.0,1.6,2.0,2.0,1.6,1.0,1.2,1.0,0.6,0.4,1.2,0.4,2.0,1.6,2.0,2.0,2.0,1.6,2.0,2.0,1.8,1.4,2.0,2.0,2.0,2.0,1.6,1.8,1.0,1.0,0.4,0.4,1.0,0.6,0.8,0.8,0.6,0.0,0.0,0.0,0.0,0.0,0.0,0.0,0.0,0.0,0.0,0.0,0.0,0.0,0.0,0.0
2024-04-13,ruim,55.0,240.0,2.0,2.0,2.0,1.6,0.8,2.0,2.0,1.6,2.0,2.0,2.0,2.6,2.4,2.0,1.6,1.0,1.0,1.0,1.0,1.4,2.0,2.0,2.2,2.2,2.0,1.6,2.0,2.0,2.0,2.0,2.0,2.0,2.0,1.6,2.0,1.2,1.0,1.0,1.0,1.0,1.0,1.0,1.0,1.0,0.8,0.6,1.0,0.8,0.0,0.0,0.0,0.0,0.0,0.0,0.0,0.0,0.0,0.0,0.0,0.0,0.0,0.0,0.0,0.0,0.0,0.0,0.0,0.0,0.0,0.0,0.0,0.0,0.0,0.0,0.0,0.0,0.0,0.0,0.0,0.0,0.0,0.0,0.0,0.0,0.0,0.0,0.0,0.0,0.0,0.0,0.0,0.0,0.0,0.0,0.0,0.0
2024-04-14,regular,75.0,383.0,0.0,0.0,1.2,2.0,2.0,2.0,2.6,3.0,3.0,1.8,2.0,2.0,2.8,1.6,2.0,0.8,2.0,1.4,1.6,1.6,2.0,1.6,1.6,2.0,2.0,3.0,2.4,1.2,2.0,2.0,2.0,3.0,1.4,0.8,1.2,2.0,2.0,2.0,2.0,2.0,1.6,2.0,1.2,1.6,2.0,2.0,2.0,2.0,2.2,2.8,2.2,2.0,2.0,2.0,2.0,2.0,1.6,2.0,1.4,1.0,1.0,0.8,1.6,0.8,2.0,1.0,1.0,2.0,2.0,2.0,2.6,3.0,2.4,0.0,0.0,0.8,0.6667,0.0,0.0,0.0,0.0,0.0,0.0,0.0,0.0,0.0,0.0,0.0,0.0,0.0,0.0,0.0,0.0,0.0,0.0,0.0
2024-04-15,regular,82.0,418.0,0.8,2.0,1.2,1.6,2.0,1.2,1.6,2.0,2.0,1.6,2.0,2.0,3.0,3.0,3.0,3.0,3.0,1.8,2.0,2.2,3.0,1.8,2.0,2.0,2.0,2.0,2.0,2.8,2.0,1.6,2.0,0.8,1.6,1.6,2.0,2.0,2.0,0.8,1.0,1.0,1.0,1.0,1.8,2.0,2.0,2.0,0.8,2.0,2.0,2.0,2.0,1.0,1.4,2.0,2.0,2.0,1.2,2.0,2.0,2.0,2.0,2.0,2.0,1.6,1.0,1.0,1.0,1.0,1.0,0.6,2.0,2.0,2.0,2.0,2.0,2.0,2.0,2.0,2.0,1.8,0.4,1.0,1.0,0.3333,0.0,0.0,0.0,0.0,0.0,0.0,0.0,0.0,0.0,0.0,0.0,0.0
2024-04-16,regular,83.0,365.0,2.0,2.0,2.6,3.0,3.0,2.6,1.6,2.0,2.8,2.0,2.0,2.0,2.6,3.0,3.0,3.0,3.0,2.8,2.6,2.8,3.0,3.0,3.0,3.0,3.0,3.0,2.4,2.0,1.8,1.0,1.0,1.0,1.0,1.0,1.0,0.6,1.4,1.0,1.0,1.4,0.8,2.0,2.0,2.0,2.0,2.0,2.0,2.0,2.0,2.0,2.0,1.6,1.0,1.0,1.0,1.0,1.0,0.4,2.0,1.6,2.0,2.0,2.0,2.0,2.0,2.0,2.0,1.2,1.6,1.0,1.0,1.0,0.6,0.0,0.0,0.0,0.0,0.0,0.0,0.0,0.0,0.0,0.0,0.0,0.0,0.0,0.0,0.0,0.0,0.0,0.0,0.0,0.0,0.0,0.0,0.0
2024-04-17,regular,76.0,376.0,2.0,2.0,2.0,1.6,0.0,1.2,1.6,2.0,2.4,3.0,3.0,3.0,3.0,3.0,3.0,1.2,2.0,2.0,2.0,1.6,2.0,2.0,2.0,2.8,3.0,3.0,3.0,3.0,1.2,2.0,0.8,2.0,1.4,0.6,0.8,1.0,0.8,1.0,1.4,1.2,1.6,2.0,2.0,2.0,2.0,2.0,2.0,2.0,1.2,2.0,1.6,1.0,1.0,1.0,1.0,1.0,1.0,1.0,1.0,1.0,1.0,1.0,1.4,2.0,2.0,2.0,2.0,2.0,2.0,2.2,1.0,0.2,0.2,0.6,0.2,0.0,0.0,0.0,0.0,0.0,0.0,0.0,0.0,0.0,0.0,0.0,0.0,0.0,0.0,0.0,0.0,0.0,0.0,0.0,0.0,0.0
2024-04-22,bom,86.0,424.0,2.0,2.0,0.8,1.6,2.0,2.0,2.4,2.0,2.0,2.6,3.0,3.0,0.8,2.0,2.0,2.6,2.6,3.0,3.0,1.6,1.6,2.0,2.0,2.0,2.6,3.0,3.0,3.0,3.0,3.0,1.8,2.0,1.8,1.0,1.0,1.0,1.4,1.6,0.8,2.0,1.2,0.4,2.0,2.0,2.0,2.0,2.6,3.0,3.0,3.0,1.0,2.0,1.8,1.0,1.0,0.8,1.0,1.0,0.6,2.0,1.2,1.2,2.0,2.0,2.0,2.0,2.0,2.0,2.0,0.4,1.0,0.8,1.0,1.0,1.0,1.0,1.0,1.0,1.0,1.0,1.0,1.0,0.6,0.4,1.0,0.0,0.0,0.0,0.0,0.0,0.0,0.0,0.0,0.0,0.0,0.0
2024-04-23,ruim,64.0,316.0,2.0,2.0,2.0,2.0,2.0,2.2,1.2,2.0,2.4,2.8,2.2,3.0,3.0,1.8,2.0,2.0,2.0,2.0,2.8,2.0,1.6,2.0,2.0,2.0,2.0,1.6,0.2,1.0,1.0,1.0,1.0,1.0,1.0,0.8,2.0,2.0,2.0,2.0,2.0,2.0,2.0,2.0,1.6,2.0,2.0,2.0,2.0,1.2,2.0,1.8,0.8,1.8,1.0,1.0,1.0,1.0,1.0,0.8,1.6,2.0,0.8,1.2,1.2,0.0,0.0,0.0,0.0,0.0,0.0,0.0,0.0,0.0,0.0,0.0,0.0,0.0,0.0,0.0,0.0,0.0,0.0,0.0,0.0,0.0,0.0,0.0,0.0,0.0,0.0,0.0,0.0,0.0,0.0,0.0,0.0,0.0
2024-04-24,ruim,69.0,352.0,2.0,2.0,2.0,0.0,0.0,0.8,2.0,2.0,2.8,3.0,3.0,3.0,1.8,1.0,1.0,1.6,2.0,2.0,2.0,2.0,2.0,2.0,2.0,1.2,1.8,1.0,1.0,0.8,1.0,1.2,2.0,2.0,2.0,2.0,3.0,3.0,1.8,2.0,2.0,2.0,2.0,2.0,2.0,2.0,0.6,1.6,2.0,1.6,1.2,2.0,1.2,1.0,1.0,1.0,1.0,1.0,1.0,1.8,2.0,2.0,2.0,2.0,2.0,2.0,2.0,0.6,1.6,1.0,1.0,1.0,0.5,0.0,0.0,0.0,0.0,0.0,0.0,0.0,0.0,0.0,0.0,0.0,0.0,0.0,0.0,0.0,0.0,0.0,0.0,0.0,0.0,0.0,0.0,0.0,0.0,0.0
2024-04-26,ruim,47.0,225.0,2.0,2.0,2.0,2.0,2.0,1.6,2.0,2.0,2.0,2.0,1.6,2.0,1.2,1.6,1.6,1.2,1.6,1.6,2.0,2.0,1.2,1.6,1.6,1.2,1.0,1.0,1.0,1.0,1.0,2.0,2.0,2.0,2.0,2.0,2.8,3.0,2.6,2.4,2.4,1.2,2.0,2.0,1.6,1.0,0.6,0.0,0.0,0.0,0.0,0.0,0.0,0.0,0.0,0.0,0.0,0.0,0.0,0.0,0.0,0.0,0.0,0.0,0.0,0.0,0.0,0.0,0.0,0.0,0.0,0.0,0.0,0.0,0.0,0.0,0.0,0.0,0.0,0.0,0.0,0.0,0.0,0.0,0.0,0.0,0.0,0.0,0.0,0.0,0.0,0.0,0.0,0.0,0.0,0.0,0.0,0.0
2024-04-27,ruim,63.0,289.0,2.0,2.0,2.0,1.6,2.0,2.0,2.2,3.0,3.0,3.0,3.0,3.0,3.0,2.0,2.0,0.8,1.6,2.0,2.0,2.0,1.2,1.0,1.0,1.2,2.0,2.0,2.0,2.0,2.0,2.4,2.2,2.0,2.0,2.0,0.6,0.8,0.0,0.8,0.4,1.6,1.8,0.6,1.0,1.0,1.0,0.6,2.0,1.0,0.8,1.0,1.0,1.0,1.0,1.0,1.0,1.0,1.0,0.5,0.0,0.0,0.0,0.0,0.0,0.0,0.0,0.0,0.0,0.0,0.0,0.0,0.0,0.0,0.0,0.0,0.0,0.0,0.0,0.0,0.0,0.0,0.0,0.0,0.0,0.0,0.0,0.0,0.0,0.0,0.0,0.0,0.0,0.0,0.0,0.0,0.0,0.0
2024-04-28,bom,86.0,396.0,2.4,3.0,3.0,2.6,2.4,3.0,3.0,3.0,3.0,1.8,2.0,1.2,2.0,2.0,2.6,3.0,3.0,3.0,2.4,2.0,2.4,2.6,1.0,1.2,1.0,1.0,1.4,2.0,1.6,2.0,2.0,2.8,3.0,3.0,3.0,1.4,1.2,2.0,1.2,1.0,1.0,1.0,0.8,0.4,1.6,1.6,1.6,2.0,2.0,2.0,2.0,2.0,2.0,2.0,2.0,2.0,2.0,1.6,1.0,1.0,1.0,1.0,1.0,1.0,1.0,1.0,1.0,0.4,0.4,2.0,2.0,2.0,2.0,2.0,1.6,2.0,2.0,2.0,1.4,0.0,0.0,0.0,0.0,0.0,0.0,0.0,0.0,0.0,0.0,0.0,0.0,0.0,0.0,0.0,0.0,0.0
2024-04-30,ruim,68.0,367.0,2.0,2.0,2.0,2.0,1.2,0.0,0.0,0.0,0.0,0.0,0.4,1.6,2.0,2.0,2.4,2.0,2.0,2.4,3.0,3.0,1.2,2.0,2.0,1.6,1.0,1.0,1.0,1.0,1.0,1.0,1.4,0.4,2.0,2.0,2.0,2.2,3.0,1.8,2.0,1.6,1.6,2.0,2.0,2.0,1.2,1.4,1.0,0.6,1.0,1.0,1.0,1.2,2.0,2.0,2.0,2.0,2.0,2.0,2.0,2.0,2.4,1.2,2.0,1.0,1.0,1.0,1.0,0.6,2.0,1.6,0.8,1.0,1.0,0.5,0.0,0.0,0.0,0.0,0.0,0.0,0.0,0.0,0.0,0.0,0.0,0.0,0.0,0.0,0.0,0.0,0.0,0.0,0.0,0.0,0.0,0.0
2024-05-01,regular,81.0,576.0,2.0,2.0,2.0,2.0,2.0,2.6,3.0,3.0,3.0,3.0,2.0,2.0,3.0,2.6,2.0,2.0,2.0,2.0,2.8,3.0,3.0,2.6,2.4,1.6,2.0,1.6,2.0,1.6,2.0,1.2,2.0,2.0,2.6,2.6,1.6,2.0,2.0,2.0,2.0,2.2,2.0,1.2,1.0,1.0,1.0,1.0,1.0,1.0,1.0,1.0,1.0,0.6,2.0,2.0,2.0,2.0,2.0,2.2,3.0,1.6,2.0,2.0,2.0,2.0,2.0,2.0,2.0,2.0,2.0,2.0,1.8,1.0,1.0,1.0,1.0,1.0,0.4,2.0,2.0,2.0,1.2,2.0,2.0,1.6,2.0,2.0,2.0,1.6,1.6,1.0,1.0,1.6,2.0,2.0,1.6,2.0
2024-05-02,ruim,65.0,283.0,2.0,2.0,2.0,2.0,2.0,2.2,3.0,3.0,3.0,1.2,2.0,2.4,3.0,2.8,2.6,2.0,2.0,1.8,2.0,2.0,2.0,0.8,2.0,2.0,2.0,2.0,2.0,2.0,2.0,1.8,1.0,1.0,1.4,1.0,1.0,1.0,1.0,1.0,1.0,1.0,0.8,2.0,2.0,2.0,2.0,2.0,1.6,2.0,2.0,2.0,2.0,2.0,2.0,0.8,0.6,0.8,1.0,0.0,0.0,0.0,0.0,0.0,0.0,0.0,0.0,0.0,0.0,0.0,0.0,0.0,0.0,0.0,0.0,0.0,0.0,0.0,0.0,0.0,0.0,0.0,0.0,0.0,0.0,0.0,0.0,0.0,0.0,0.0,0.0,0.0,0.0,0.0,0.0,0.0,0.0,0.0
2024-05-03,regular,83.0,427.0,1.2,2.0,2.0,1.6,2.0,2.6,3.0,2.4,2.0,2.4,3.0,3.0,3.0,3.0,3.0,3.0,1.6,2.0,2.8,3.0,3.0,1.6,2.0,2.0,2.0,0.8,0.2,1.0,0.6,0.8,0.0,0.4,1.6,0.8,2.0,1.2,2.0,2.0,2.0,2.0,2.0,2.0,1.6,2.0,1.2,1.0,1.0,1.0,1.0,1.0,2.0,1.6,2.0,1.2,2.0,2.0,1.2,2.0,2.0,1.6,2.0,1.6,1.6,1.6,0.8,1.6,1.6,2.0,2.0,1.6,2.0,2.0,1.2,1.0,1.0,0.6,1.0,1.0,1.0,1.0,0.4,2.0,2.0,2.0,2.0,0.0,0.0,0.0,0.0,0.0,0.0,0.0,0.0,0.0,0.0,0.0
2024-05-04,bom,89.0,453.0,1.6,1.6,2.0,1.6,2.0,2.4,3.0,3.0,3.0,3.0,3.0,2.0,2.0,1.6,1.2,1.0,0.8,1.0,1.0,1.4,2.0,1.6,1.6,2.0,2.0,2.8,3.0,3.0,1.8,2.0,2.0,2.0,2.0,2.0,0.2,0.8,1.6,2.0,1.6,0.6,1.0,1.0,1.0,2.0,2.0,2.0,2.0,2.0,1.2,2.0,1.6,1.6,1.6,1.2,2.0,2.0,1.2,2.0,2.0,1.6,2.0,2.0,2.0,2.0,2.0,2.0,1.4,2.0,1.8,0.8,1.4,1.0,1.4,1.4,1.2,0.6,1.0,1.0,1.0,1.0,1.0,1.0,1.0,1.0,2.0,2.0,2.0,2.0,1.0,1.0,1.0,0.0,0.0,0.0,0.0,0.0
2024-05-05,regular,77.0,366.0,2.0,2.0,2.0,2.0,2.0,2.0,1.6,2.0,2.2,3.0,3.0,3.0,3.0,1.8,2.0,1.6,2.0,2.0,2.0,2.8,3.0,3.0,3.0,2.4,2.0,2.0,2.0,2.0,2.0,2.0,1.2,0.8,1.0,1.0,1.0,1.0,1.0,1.0,1.0,1.0,1.0,1.0,2.0,2.0,2.0,2.0,2.0,2.8,3.0,3.0,2.0,2.0,2.0,1.6,2.0,1.0,1.0,0.8,0.8,0.6,0.4,1.0,0.8,0.2,1.4,1.0,1.2,2.0,2.0,1.6,2.0,2.0,2.0,2.0,0.0,0.0,0.0,0.0,0.0,0.0,0.0,0.0,0.0,0.0,0.0,0.0,0.0,0.0,0.0,0.0,0.0,0.0,0.0,0.0,0.0,0.0
2024-05-06,regular,80.0,360.0,0.0,0.0,0.0,2.0,2.2,3.0,3.0,3.0,3.0,3.0,3.0,2.6,2.0,2.0,1.6,2.0,3.0,2.2,3.0,3.0,3.0,1.8,2.0,2.0,2.0,3.0,3.0,3.0,2.8,2.0,1.2,2.0,1.0,0.8,1.6,1.0,1.0,1.4,1.0,1.0,1.0,1.0,1.6,2.0,2.0,0.8,2.0,1.6,1.6,1.2,1.6,1.6,2.0,2.0,2.0,2.0,2.0,1.4,1.0,1.0,1.0,1.0,1.0,1.0,1.0,1.0,1.0,1.0,1.0,1.0,1.0,0.6,0.0,0.0,0.0,0.0,0.0,0.0,0.0,0.0,0.0,0.0,0.0,0.0,0.0,0.0,0.0,0.0,0.0,0.0,0.0,0.0,0.0,0.0,0.0,0.0
2024-05-07,regular,82.0,443.0,2.0,2.6,2.6,2.4,0.8,2.0,2.0,2.4,1.8,1.2,2.0,2.0,2.0,2.6,3.0,3.0,3.0,3.0,1.8,2.0,2.0,2.6,3.0,2.8,2.0,2.4,3.0,1.8,1.2,1.6,2.0,1.4,1.4,0.4,0.6,1.6,2.0,1.2,2.0,2.0,2.2,3.0,3.0,3.0,3.0,3.0,3.0,1.2,1.6,1.0,1.0,1.0,1.0,1.0,1.0,1.0,1.0,1.0,0.8,2.0,2.0,2.0,2.0,2.0,2.4,2.0,2.2,3.0,2.2,1.2,2.0,1.4,0.8,0.4,2.0,0.8,0.0,0.0,0.0,0.0,1.6,2.0,1.6,1.0,0.8,0.8,0.4,1.0,0.3333,0.0,0.0,0.0,0.0,0.0,0.0,0.0
2024-05-08,ruim,52.0,214.0,2.0,2.0,2.0,1.6,0.4,0.8,2.0,2.0,2.4,1.2,0.4,0.8,2.0,2.0,2.0,1.8,2.0,0.8,0.0,0.8,1.6,2.0,2.0,2.0,2.0,2.0,2.0,2.6,2.8,3.0,3.0,3.0,1.6,1.2,1.0,0.6,1.0,1.0,1.0,1.0,0.8,1.0,0.75,0.0,0.0,0.0,0.0,0.0,0.0,0.0,0.0,0.0,0.0,0.0,0.0,0.0,0.0,0.0,0.0,0.0,0.0,0.0,0.0,0.0,0.0,0.0,0.0,0.0,0.0,0.0,0.0,0.0,0.0,0.0,0.0,0.0,0.0,0.0,0.0,0.0,0.0,0.0,0.0,0.0,0.0,0.0,0.0,0.0,0.0,0.0,0.0,0.0,0.0,0.0,0.0,0.0
2024-05-12,regular,83.0,465.0,2.0,2.0,2.0,0.8,0.0,0.0,0.0,0.4,2.0,2.2,3.0,3.0,3.0,3.0,1.6,2.0,2.0,2.0,2.8,3.0,3.0,3.0,2.4,1.6,2.0,1.6,1.0,1.0,1.0,1.0,1.0,1.0,0.6,2.0,2.0,2.0,1.6,2.0,2.0,2.0,2.0,2.0,2.0,1.6,2.0,2.0,2.0,1.6,2.0,1.2,1.0,1.0,1.0,1.0,1.0,1.0,1.0,2.0,2.0,1.2,2.0,2.0,2.0,2.0,2.0,2.0,2.0,1.6,2.0,2.0,2.0,2.0,1.6,0.6,1.0,1.6,2.0,2.0,2.0,1.0,1.0,1.0,1.0,1.0,1.0,1.0,1.0,1.0,1.0,1.4,2.0,0.8,1.2,0.0,0.0,0.0
2024-05-14,ruim,62.0,363.0,2.0,2.0,1.6,0.0,0.0,1.2,2.0,2.0,2.0,2.0,2.0,1.0,1.0,2.0,2.0,2.0,2.8,3.0,3.0,3.0,3.0,3.0,3.0,3.0,3.0,2.4,2.0,2.0,2.0,2.0,1.0,1.2,1.0,1.0,1.4,1.0,0.4,2.0,1.2,2.0,1.6,1.4,2.0,2.0,2.0,2.0,2.0,2.0,2.8,3.0,3.0,0.4,1.6,1.0,0.8,1.2,2.0,2.0,2.0,2.0,2.0,1.8,0.8,0.4,0.8,0.8,0.0,0.0,0.2,0.4,2.0,1.4,0.0,0.0,0.0,0.0,0.0,0.0,0.0,0.0,0.0,0.0,0.0,0.0,0.0,0.0,0.0,0.0,0.0,0.0,0.0,0.0,0.0,0.0,0.0,0.0
2024-05-15,regular,74.0,322.0,2.0,2.0,0.8,2.0,2.0,2.0,2.8,3.0,2.4,2.4,3.0,3.0,1.8,2.0,2.0,1.6,2.0,2.0,1.8,2.0,2.0,3.0,2.0,1.0,1.0,1.8,2.0,1.6,2.0,2.0,2.0,1.2,1.4,1.0,1.0,1.6,2.0,1.6,2.0,2.0,1.2,2.0,2.0,1.6,2.0,2.0,2.0,2.2,2.6,1.2,2.0,2.0,1.0,2.0,1.6,2.0,2.0,2.0,2.0,1.2,1.0,1.0,1.0,1.0,0.0,0.0,0.0,0.0,0.0,0.0,0.0,0.0,0.0,0.0,0.0,0.0,0.0,0.0,0.0,0.0,0.0,0.0,0.0,0.0,0.0,0.0,0.0,0.0,0.0,0.0,0.0,0.0,0.0,0.0,0.0,0.0
2024-05-19,regular,73.0,457.0,2.0,1.6,0.8,1.0,2.2,0.0,0.0,2.0,1.8,2.0,1.2,1.6,1.2,2.0,2.0,3.0,2.2,2.0,2.6,3.0,3.0,3.0,3.0,3.0,3.0,1.6,2.0,2.8,2.0,2.0,0.8,1.0,1.0,0.8,2.0,1.4,1.0,1.0,1.8,2.0,2.0,2.0,2.4,3.0,1.6,2.0,2.0,2.0,0.8,1.4,1.2,1.2,0.6,1.0,1.8,1.6,2.0,2.0,1.6,1.6,2.0,2.0,2.0,2.0,2.0,2.0,2.0,1.2,1.6,1.0,1.0,0.8,2.0,1.2,1.0,1.0,1.0,0.8,2.0,2.0,1.2,1.6,2.0,2.0,2.0,2.0,2.0,1.6,0.8,0.0,0.2,0.0,0.0,0.0,0.0,0.0
2024-05-20,ruim,64.0,269.0,2.0,2.0,2.0,2.0,2.0,2.0,2.0,2.0,2.8,1.2,1.8,1.0,1.0,1.0,1.0,1.8,2.0,2.0,2.8,3.0,3.0,1.6,2.0,2.8,1.4,2.0,2.0,2.0,2.4,2.6,2.0,1.6,2.0,1.6,1.2,1.4,1.0,1.0,2.0,2.0,2.0,1.6,2.0,1.2,1.0,0.6,1.6,2.0,2.0,2.0,1.2,2.0,1.2,1.0,0.0,0.0,0.0,0.0,0.0,0.0,0.0,0.0,0.0,0.0,0.0,0.0,0.0,0.0,0.0,0.0,0.0,0.0,0.0,0.0,0.0,0.0,0.0,0.0,0.0,0.0,0.0,0.0,0.0,0.0,0.0,0.0,0.0,0.0,0.0,0.0,0.0,0.0,0.0,0.0,0.0,0.0
2024-05-21,ruim,67.0,336.0,2.0,1.2,0.0,0.8,2.0,2.0,2.8,1.4,2.0,2.0,1.4,2.0,2.0,2.6,3.0,3.0,3.0,3.0,1.4,2.0,2.0,2.4,1.6,1.0,1.0,1.0,1.0,1.0,1.0,1.0,2.0,2.0,2.0,2.0,2.0,1.2,2.0,1.6,2.0,2.0,2.4,1.6,2.0,2.0,1.2,2.0,2.0,2.0,2.0,1.6,1.8,1.0,1.0,1.0,0.6,2.0,2.0,2.0,2.0,2.0,2.0,2.0,1.8,0.2,1.6,2.0,0.8,0.0,0.0,0.0,0.0,0.0,0.0,0.0,0.0,0.0,0.0,0.0,0.0,0.0,0.0,0.0,0.0,0.0,0.0,0.0,0.0,0.0,0.0,0.0,0.0,0.0,0.0,0.0,0.0,0.0
2024-05-23,regular,74.0,300.0,0.0,1.2,2.0,2.0,2.4,3.0,3.0,2.8,2.0,2.8,3.0,3.0,3.0,1.8,2.0,2.4,3.0,3.0,1.6,2.0,2.0,2.6,2.6,3.0,3.0,1.4,2.0,2.0,1.2,1.0,1.0,1.0,1.2,2.0,2.0,2.0,2.0,2.0,1.6,2.0,2.0,2.0,1.8,1.0,1.0,1.0,1.0,1.0,1.0,1.0,1.0,1.0,1.0,1.2,2.0,2.0,2.0,2.0,2.0,1.2,0.0,0.0,0.0,0.0,0.0,0.0,0.0,0.0,0.0,0.0,0.0,0.0,0.0,0.0,0.0,0.0,0.0,0.0,0.0,0.0,0.0,0.0,0.0,0.0,0.0,0.0,0.0,0.0,0.0,0.0,0.0,0.0,0.0,0.0,0.0,0.0
2024-05-24,regular,83.0,358.0,2.0,2.0,2.0,1.6,2.0,2.0,3.0,3.0,3.0,0.8,2.0,2.0,2.0,1.6,2.0,2.0,2.6,3.0,3.0,3.0,3.0,3.0,3.0,3.0,3.0,1.4,0.6,2.0,1.6,2.0,2.0,2.0,2.4,3.0,2.6,0.8,2.0,2.0,2.0,2.0,2.0,1.6,1.2,1.0,0.8,1.0,1.0,1.0,1.0,1.0,1.0,1.0,1.0,1.0,1.0,0.8,1.6,2.0,2.0,2.0,2.0,2.0,1.6,2.0,2.0,2.0,1.6,0.8,0.8,1.0,1.0,0.3333,0.0,0.0,0.0,0.0,0.0,0.0,0.0,0.0,0.0,0.0,0.0,0.0,0.0,0.0,0.0,0.0,0.0,0.0,0.0,0.0,0.0,0.0,0.0,0.0
2024-05-26,regular,78.0,405.0,0.8,2.0,2.0,0.4,0.0,0.0,0.0,1.6,2.0,2.0,2.0,2.0,3.0,2.6,2.0,2.0,3.0,3.0,3.0,1.6,2.0,2.0,2.4,2.8,2.8,3.0,3.0,1.8,1.6,1.0,1.0,1.0,1.0,1.0,1.4,2.0,2.0,2.4,3.0,3.0,3.0,3.0,3.0,3.0,2.2,1.6,2.0,2.0,1.0,1.0,1.0,1.0,0.8,2.0,2.0,2.0,2.6,1.8,2.0,2.0,2.0,2.0,2.0,2.0,2.0,2.0,1.2,1.0,0.8,2.0,2.0,0.8,1.4,0.0,0.0,2.0,1.6,1.2,1.0,1.0,0.6,0.0,0.0,0.0,0.0,0.0,0.0,0.0,0.0,0.0,0.0,0.0,0.0,0.0,0.0,0.0
2024-05-27,regular,77.0,336.0,2.0,2.0,2.0,2.0,2.6,3.0,1.8,2.0,2.0,2.0,1.6,2.0,2.8,3.0,3.0,3.0,3.0,3.0,2.6,2.0,1.8,1.4,0.8,1.0,1.0,1.6,1.6,2.0,2.0,2.0,2.0,2.0,2.0,1.6,2.0,2.0,2.0,2.0,2.0,2.0,1.6,2.0,2.0,1.6,1.6,2.0,1.2,2.0,2.0,1.6,2.0,2.0,2.0,1.8,1.2,1.0,1.0,1.0,1.0,1.0,1.0,1.0,0.8,2.0,2.0,2.0,1.6,0.0,0.0,0.0,0.0,0.0,0.0,0.0,0.0,0.0,0.0,0.0,0.0,0.0,0.0,0.0,0.0,0.0,0.0,0.0,0.0,0.0,0.0,0.0,0.0,0.0,0.0,0.0,0.0,0.0
2024-05-28,regular,75.0,312.0,2.0,1.6,2.0,2.2,3.0,3.0,2.0,1.2,1.4,2.0,2.0,2.0,2.0,2.0,2.6,3.0,3.0,3.0,3.0,1.4,1.4,1.0,1.0,1.0,0.8,0.6,1.2,2.0,2.0,2.0,2.0,2.0,2.0,2.8,3.0,3.0,2.6,2.0,2.0,2.0,2.0,1.6,1.2,1.0,1.0,1.0,1.0,1.0,1.0,0.8,1.0,1.0,1.2,2.0,2.0,2.0,2.0,2.0,2.0,2.0,1.6,2.0,0.0,0.0,0.0,0.0,0.0,0.0,0.0,0.0,0.0,0.0,0.0,0.0,0.0,0.0,0.0,0.0,0.0,0.0,0.0,0.0,0.0,0.0,0.0,0.0,0.0,0.0,0.0,0.0,0.0,0.0,0.0,0.0,0.0,0.0
2024-05-31,regular,83.0,402.0,2.0,2.0,2.2,3.0,3.0,3.0,3.0,3.0,1.8,0.0,0.8,0.0,0.8,2.0,1.6,2.0,1.6,2.0,2.0,2.0,3.0,3.0,3.0,2.4,2.0,2.0,1.6,1.0,1.0,1.0,1.0,1.0,1.6,2.0,2.0,2.0,2.0,2.0,2.6,2.6,2.0,2.2,3.0,1.4,1.0,1.0,1.0,1.0,1.0,1.0,1.8,2.0,2.0,2.0,2.0,2.0,2.0,2.0,2.0,2.0,1.2,2.0,2.0,1.2,2.0,2.0,1.6,1.6,0.6,1.0,1.0,1.0,1.0,1.0,1.0,1.0,1.2,2.0,2.0,2.0,0.0,0.0,0.0,0.0,0.0,0.0,0.0,0.0,0.0,0.0,0.0,0.0,0.0,0.0,0.0,0.0
2024-06-02,regular,84.0,561.0,2.2,3.0,3.0,2.4,2.0,2.0,1.6,2.4,3.0,3.0,3.0,3.0,2.6,1.6,2.0,2.0,2.0,2.0,2.6,3.0,1.8,1.8,1.0,1.4,2.0,1.2,2.0,2.0,2.8,2.6,2.8,3.0,3.0,3.0,0.8,2.0,2.0,2.0,2.0,1.6,1.8,1.8,1.6,2.0,1.4,2.0,1.6,2.0,2.0,2.0,2.0,2.0,1.6,2.0,2.0,2.0,2.0,1.6,1.2,1.0,1.0,1.0,1.0,1.2,2.0,1.6,1.2,2.0,2.0,2.0,1.6,2.0,2.0,2.0,2.0,2.0,2.0,1.0,1.0,1.0,1.0,1.2,1.2,1.8,1.0,1.6,2.0,2.0,2.0,1.6,1.2,2.0,2.0,1.2,0.4,0.0
2024-06-03,ruim,58.0,278.0,1.6,0.8,2.0,2.2,3.0,3.0,3.0,3.0,3.0,2.6,2.0,2.6,3.0,3.0,2.0,2.0,1.2,1.2,1.2,1.0,1.0,1.0,1.0,1.0,1.2,1.2,2.0,2.0,2.0,2.0,2.0,2.0,2.0,2.0,2.0,2.0,1.6,1.0,1.0,1.0,1.0,1.0,1.0,1.0,1.4,2.0,2.0,2.0,2.0,2.0,2.0,1.6,0.8,0.0,0.6,0.3333,0.0,0.0,0.0,0.0,0.0,0.0,0.0,0.0,0.0,0.0,0.0,0.0,0.0,0.0,0.0,0.0,0.0,0.0,0.0,0.0,0.0,0.0,0.0,0.0,0.0,0.0,0.0,0.0,0.0,0.0,0.0,0.0,0.0,0.0,0.0,0.0,0.0,0.0,0.0,0.0
2024-06-05,ruim,57.0,305.0,0.8,0.0,0.4,2.0,2.0,2.0,1.6,2.0,2.0,1.2,1.0,1.4,0.4,2.0,2.0,2.0,2.8,3.0,3.0,3.0,3.0,3.0,1.6,2.0,2.0,1.2,1.6,1.4,2.0,2.0,1.6,2.0,2.0,2.0,2.0,2.0,2.0,2.0,1.6,0.8,2.0,2.0,2.0,1.2,1.0,1.0,1.0,1.2,2.0,2.0,2.0,2.0,2.0,2.0,2.0,3.0,3.0,1.2,0.4,0.8,0.6,0.0,0.0,0.0,0.0,0.0,0.0,0.0,0.0,0.0,0.0,0.0,0.0,0.0,0.0,0.0,0.0,0.0,0.0,0.0,0.0,0.0,0.0,0.0,0.0,0.0,0.0,0.0,0.0,0.0,0.0,0.0,0.0,0.0,0.0,0.0
2024-06-07,ruim,69.0,315.0,2.0,2.8,3.0,2.0,2.0,2.0,1.8,1.0,1.0,1.0,1.4,1.6,2.0,2.0,2.2,1.8,1.6,2.0,1.6,2.0,2.0,2.0,1.2,2.0,2.0,1.0,1.0,1.2,1.2,1.6,2.0,2.0,2.0,2.0,2.0,2.0,1.4,1.0,1.4,2.0,2.0,1.2,2.0,2.0,2.0,2.0,2.0,2.2,1.0,1.0,1.0,1.0,1.0,1.0,1.2,2.0,1.6,2.0,2.0,2.0,2.0,2.0,1.2,0.0,0.0,0.0,0.0,0.0,0.0,0.0,0.0,0.0,0.0,0.0,0.0,0.0,0.0,0.0,0.0,0.0,0.0,0.0,0.0,0.0,0.0,0.0,0.0,0.0,0.0,0.0,0.0,0.0,0.0,0.0,0.0,0.0
2024-06-08,ruim,66.0,375.0,2.0,2.0,2.0,2.0,2.0,0.0,0.0,1.2,2.0,2.0,1.6,2.0,2.0,2.0,2.0,2.0,0.4,1.2,2.0,2.0,2.0,2.2,3.0,3.0,2.2,2.0,2.0,2.0,2.6,3.0,3.0,1.4,1.4,1.0,1.0,1.0,1.0,1.0,1.0,1.0,1.0,1.0,1.8,2.0,2.0,2.0,2.0,2.0,2.0,2.2,1.6,2.0,1.6,1.6,2.0,1.6,2.0,1.2,2.0,0.8,1.0,1.4,1.0,1.0,1.0,1.0,1.0,2.0,1.0,1.2,0.4,0.4,0.6,1.0,0.4,0.0,0.0,0.0,0.0,0.0,0.0,0.0,0.0,0.0,0.0,0.0,0.0,0.0,0.0,0.0,0.0,0.0,0.0,0.0,0.0,0.0
2024-06-09,bom,87.0,544.0,2.0,2.0,2.0,2.0,2.0,2.6,3.0,3.0,3.0,3.0,3.0,0.4,2.0,2.0,2.0,2.0,2.2,3.0,3.0,3.0,1.8,2.0,3.0,2.4,1.6,2.0,2.2,2.8,3.0,2.0,1.2,1.0,1.0,1.4,1.0,2.0,2.0,2.4,2.2,2.0,2.0,2.0,2.0,2.0,1.2,1.2,2.0,1.6,1.6,1.2,1.0,1.0,1.0,1.0,1.0,0.8,2.0,2.0,2.0,2.0,2.0,2.0,2.0,1.6,2.0,2.0,2.0,1.0,1.0,1.0,1.0,1.0,1.6,1.6,1.6,2.0,2.0,2.0,2.0,0.4,1.6,1.6,2.0,1.8,1.4,1.0,1.0,1.0,1.0,1.0,1.0,1.0,1.0,1.0,2.0,2.0
2024-06-12,bom,85.0,437.0,1.2,0.4,0.4,2.0,2.0,2.0,1.2,2.0,2.8,3.0,2.0,2.8,3.0,3.0,2.0,2.0,2.0,2.2,3.0,1.6,2.0,2.0,1.2,2.0,1.6,2.0,2.0,2.0,2.0,1.0,1.2,1.0,0.4,0.6,1.0,1.6,1.8,1.6,2.0,2.0,2.0,2.0,2.4,3.0,3.0,3.0,3.0,1.0,2.0,1.6,1.8,0.6,1.0,0.2,1.6,1.0,1.0,1.0,0.6,1.6,1.6,2.0,2.0,2.0,2.0,2.0,2.0,1.2,2.0,2.0,1.6,1.6,2.0,2.0,1.6,1.8,1.0,1.0,1.0,1.0,1.0,0.8,0.8,0.6,0.8,0.0,0.8,0.0,0.0,0.0,0.0,0.0,0.0,0.0,0.0,0.0
2024-06-15,regular,74.0,332.0,1.6,2.0,2.0,2.4,3.0,3.0,3.0,3.0,2.6,0.8,1.2,2.0,2.0,2.0,1.6,2.0,2.0,2.0,1.6,1.6,2.0,2.0,3.0,2.4,1.6,1.0,1.0,1.0,1.0,1.6,2.0,2.0,2.0,2.0,1.6,1.6,2.0,2.0,2.0,2.0,2.0,2.0,1.2,2.0,1.2,1.0,1.0,1.0,1.0,0.8,1.6,2.0,1.6,2.0,2.0,2.0,2.0,2.0,2.0,1.8,1.0,1.2,1.0,1.0,0.6,1.0,0.0,0.0,0.0,0.0,0.0,0.0,0.0,0.0,0.0,0.0,0.0,0.0,0.0,0.0,0.0,0.0,0.0,0.0,0.0,0.0,0.0,0.0,0.0,0.0,0.0,0.0,0.0,0.0,0.0,0.0
2024-06-16,bom,87.0,465.0,2.0,2.0,1.6,1.6,1.6,2.0,1.6,2.0,2.0,2.0,2.8,3.0,3.0,3.0,2.2,2.0,2.0,2.4,2.4,1.6,1.6,2.0,0.8,1.4,1.0,0.8,1.6,1.2,1.4,2.0,2.0,2.0,2.0,2.0,2.0,2.0,1.2,2.0,2.0,2.6,2.4,3.0,3.0,2.2,2.0,1.4,1.0,1.0,1.0,1.0,1.8,2.0,2.0,2.0,2.0,1.4,1.8,1.8,2.0,2.0,2.0,2.0,2.0,2.0,1.8,1.0,1.6,1.2,1.8,1.6,1.6,1.6,1.6,1.6,2.0,1.8,1.0,1.0,1.0,1.0,1.0,1.0,1.0,1.0,1.0,1.0,1.0,0.0,0.8,2.0,2.0,2.0,1.2,0.0,0.0,0.0
2024-06-18,regular,78.0,351.0,2.2,3.0,2.4,2.0,2.0,2.0,2.0,2.0,2.0,2.0,2.0,1.6,2.0,2.0,2.0,1.0,1.0,2.0,2.0,2.0,2.0,1.2,2.0,2.0,2.6,2.4,2.2,1.6,2.0,1.0,0.8,1.0,1.0,1.0,1.2,1.2,2.0,2.0,2.0,2.0,2.0,2.0,2.0,2.0,2.0,2.0,2.0,2.0,2.0,2.0,2.0,1.6,2.0,1.8,1.0,1.0,1.0,1.0,1.0,1.0,1.0,1.0,1.6,2.0,2.0,2.0,2.0,2.0,2.0,1.6,0.0,0.0,0.0,0.0,0.0,0.0,0.0,0.0,0.0,0.0,0.0,0.0,0.0,0.0,0.0,0.0,0.0,0.0,0.0,0.0,0.0,0.0,0.0,0.0,0.0,0.0
2024-06-20,bom,86.0,390.0,2.0,2.0,2.0,1.2,2.0,2.0,3.0,3.0,2.4,1.6,2.0,1.0,1.0,1.0,1.0,0.8,2.0,2.0,2.0,2.0,1.6,2.0,2.0,2.0,2.6,2.6,3.0,3.0,3.0,2.4,1.6,1.0,1.0,1.0,1.0,1.0,1.0,1.0,1.8,1.6,2.0,2.0,2.0,2.4,3.0,2.2,2.0,2.0,1.8,1.2,0.8,1.0,1.0,1.0,1.0,1.0,1.0,1.0,1.8,2.0,1.8,1.6,2.0,2.0,2.0,2.0,2.0,1.6,2.0,2.0,1.6,1.0,1.0,1.0,1.0,0.8,0.6,0.4,0.0,0.0,0.0,0.0,0.0,0.0,0.0,0.0,0.0,0.0,0.0,0.0,0.0,0.0,0.0,0.0,0.0,0.0
2024-06-21,regular,75.0,359.0,2.0,1.6,2.0,2.0,2.8,3.0,3.0,3.0,2.4,1.6,2.0,1.2,1.0,1.0,1.0,1.0,1.0,1.8,2.0,2.0,2.0,2.0,2.0,1.2,2.0,2.0,2.0,2.8,1.8,1.4,1.0,0.2,1.4,1.4,2.0,2.0,2.0,1.6,2.0,2.0,2.0,2.6,2.8,2.0,2.0,2.0,2.0,2.0,2.4,0.6,1.0,1.0,1.0,1.0,0.8,1.0,1.0,1.0,1.0,1.0,1.2,2.0,2.0,2.0,2.0,2.0,2.0,1.2,1.6,1.2,2.0,1.0,0.0,0.0,0.0,0.0,0.0,0.0,0.0,0.0,0.0,0.0,0.0,0.0,0.0,0.0,0.0,0.0,0.0,0.0,0.0,0.0,0.0,0.0,0.0,0.0
2024-06-22,bom,89.0,509.0,2.0,1.6,2.0,2.0,1.2,2.0,2.6,3.0,1.4,2.0,2.0,1.6,1.0,1.0,1.0,1.6,2.0,2.0,2.2,3.0,3.0,3.0,3.0,1.6,2.0,2.2,3.0,3.0,3.0,3.0,3.0,2.0,1.6,2.0,2.0,2.0,2.0,2.0,2.0,1.0,1.0,1.0,1.8,1.6,2.0,2.0,2.0,2.0,1.6,1.2,1.0,1.0,1.0,1.0,1.0,1.4,2.0,2.0,2.0,2.2,3.0,3.0,2.4,2.0,2.0,1.6,1.0,1.0,2.0,2.0,2.0,2.0,1.2,1.6,1.0,1.0,1.0,1.0,1.0,1.0,1.0,1.0,1.0,1.0,1.4,2.0,2.0,2.0,2.0,2.0,1.6,2.0,2.0,2.0,1.2,0.0
2024-06-24,ruim,58.0,297.0,1.6,1.6,0.8,0.6,0.0,1.2,2.0,2.0,2.0,2.0,2.0,2.6,3.0,2.0,1.6,2.0,1.6,2.0,2.0,2.0,2.8,3.0,3.0,2.8,2.0,1.0,1.0,1.0,2.0,2.0,1.8,2.0,2.0,2.0,2.0,2.0,2.0,2.0,2.0,2.2,2.6,1.4,1.0,1.0,1.0,0.8,1.2,1.4,1.0,1.4,2.0,1.8,1.6,1.4,1.2,1.6,0.8,2.0,1.2,0.0,0.0,0.0,0.0,0.0,0.0,0.0,0.0,0.0,0.0,0.0,0.0,0.0,0.0,0.0,0.0,0.0,0.0,0.0,0.0,0.0,0.0,0.0,0.0,0.0,0.0,0.0,0.0,0.0,0.0,0.0,0.0,0.0,0.0,0.0,0.0,0.0
2024-06-25,bom,87.0,382.0,2.0,2.0,2.0,2.0,2.2,3.0,3.0,3.0,3.0,3.0,3.0,2.4,2.0,2.0,2.0,2.0,1.2,1.0,1.0,0.8,0.8,1.6,0.8,1.6,2.0,2.0,2.0,2.6,3.0,3.0,2.6,2.4,3.0,2.4,1.2,1.6,2.0,2.0,2.0,2.0,1.2,1.6,1.0,1.0,1.0,0.8,2.0,2.0,2.0,2.0,2.0,2.0,2.0,2.0,1.6,1.8,1.0,1.0,1.0,1.0,1.0,0.6,1.0,1.0,1.0,1.0,1.0,1.0,1.0,0.8,1.2,2.0,1.2,2.0,2.0,2.0,0.0,0.0,0.0,0.0,0.0,0.0,0.0,0.0,0.0,0.0,0.0,0.0,0.0,0.0,0.0,0.0,0.0,0.0,0.0,0.0
2024-06-26,regular,72.0,286.0,2.0,2.0,2.0,2.0,2.0,2.8,3.0,3.0,3.0,3.0,3.0,1.8,1.6,1.0,1.0,1.0,1.0,1.0,1.0,2.0,2.0,2.0,2.0,2.0,3.0,1.8,2.0,2.0,2.0,2.0,2.6,3.0,3.0,1.8,1.6,1.0,1.0,1.0,1.0,1.0,0.4,2.0,2.0,2.0,2.0,2.0,2.0,1.6,2.0,2.0,2.0,1.0,1.0,1.0,1.0,1.0,0.8,0.0,0.0,0.0,0.0,0.0,0.0,0.0,0.0,0.0,0.0,0.0,0.0,0.0,0.0,0.0,0.0,0.0,0.0,0.0,0.0,0.0,0.0,0.0,0.0,0.0,0.0,0.0,0.0,0.0,0.0,0.0,0.0,0.0,0.0,0.0,0.0,0.0,0.0,0.0
2024-06-28,regular,71.0,369.0,2.0,2.0,0.8,2.0,2.0,2.0,2.0,1.6,1.0,1.0,1.0,1.0,0.8,1.2,2.0,2.0,1.6,2.0,2.0,2.0,2.0,2.0,2.0,2.8,3.0,3.0,3.0,1.6,2.0,1.0,1.0,1.0,1.0,1.0,1.0,1.0,1.0,1.4,2.0,2.0,2.0,2.0,2.4,3.0,3.0,3.0,2.0,2.0,2.0,2.0,1.6,1.6,1.0,1.6,0.8,1.6,2.0,2.0,2.0,2.0,1.6,1.6,2.0,2.0,1.4,1.0,1.0,0.8,1.0,1.0,1.0,1.0,1.0,0.5,0.0,0.0,0.0,0.0,0.0,0.0,0.0,0.0,0.0,0.0,0.0,0.0,0.0,0.0,0.0,0.0,0.0,0.0,0.0,0.0,0.0,0.0
2024-06-30,bom,86.0,541.0,2.0,1.6,2.0,2.0,3.0,3.0,3.0,3.0,3.0,3.0,2.4,1.2,2.0,2.2,3.0,3.0,3.0,3.0,3.0,3.0,2.4,2.0,2.0,1.2,2.0,2.0,2.0,2.0,2.2,3.0,3.0,1.0,1.0,1.0,1.0,1.0,2.0,2.0,2.0,1.6,2.0,2.0,1.2,2.0,1.6,2.0,1.6,2.0,1.2,2.0,2.0,2.0,2.0,2.0,2.0,2.0,1.6,2.0,2.0,2.0,2.0,2.0,2.0,2.0,1.0,1.0,1.0,1.0,1.0,1.0,1.6,2.0,2.0,2.0,2.0,0.8,1.2,2.0,2.0,2.0,2.0,2.0,2.0,2.0,1.6,1.0,1.6,1.2,2.0,2.0,1.4,1.6,0.0,2.0,2.0,1.4
2024-07-01,regular,70.0,295.0,2.0,2.0,2.0,2.0,2.4,3.0,3.0,3.0,3.0,3.0,3.0,3.0,1.0,1.4,1.2,0.8,2.0,1.6,2.0,2.0,2.0,1.2,2.0,2.0,2.0,2.0,2.0,1.8,1.0,1.0,1.0,1.0,1.0,1.0,1.4,2.0,1.6,2.0,2.0,2.0,2.0,2.0,2.0,2.0,2.0,2.0,1.6,2.0,1.2,2.0,2.0,1.8,1.6,0.2,1.6,2.0,1.4,1.0,1.0,0.0,0.0,0.0,0.0,0.0,0.0,0.0,0.0,0.0,0.0,0.0,0.0,0.0,0.0,0.0,0.0,0.0,0.0,0.0,0.0,0.0,0.0,0.0,0.0,0.0,0.0,0.0,0.0,0.0,0.0,0.0,0.0,0.0,0.0,0.0,0.0,0.0
2024-07-02,bom,89.0,427.0,2.0,2.0,2.0,1.6,1.2,2.4,2.4,1.6,2.2,2.8,2.6,1.6,2.0,2.0,2.2,3.0,3.0,3.0,3.0,3.0,2.8,2.0,1.2,1.0,1.0,1.0,1.0,1.0,1.0,1.0,1.4,2.0,2.0,2.6,1.8,2.0,2.0,2.0,2.0,2.0,2.0,2.0,1.4,1.0,1.0,1.0,1.0,0.4,1.2,2.0,2.0,2.0,2.0,2.6,2.0,2.0,2.0,2.0,1.6,2.0,1.6,2.0,1.6,1.0,1.6,1.0,1.0,1.0,1.0,1.4,2.0,2.0,2.0,2.0,2.0,2.0,2.0,1.6,2.0,2.0,1.8,1.6,1.0,0.8,1.0,0.0,0.0,0.0,0.0,0.0,0.0,0.0,0.0,0.0,0.0,0.0
2024-07-04,regular,80.0,556.0,2.0,1.6,0.8,2.0,2.6,3.0,3.0,3.0,3.0,1.6,2.0,2.0,2.0,2.0,2.6,2.6,3.0,2.2,1.6,2.0,2.0,1.6,2.0,2.0,1.0,1.0,1.0,1.2,1.6,1.6,2.0,1.0,1.0,1.2,2.0,2.0,2.0,3.0,3.0,3.0,3.0,3.0,3.0,3.0,3.0,1.8,1.6,1.0,0.4,1.6,2.0,2.0,2.0,2.0,2.0,1.2,2.0,2.0,2.0,2.0,0.6,1.2,0.8,0.6,1.0,1.0,1.0,1.0,0.6,1.6,2.0,1.8,2.0,2.0,2.0,2.0,2.0,2.0,2.6,3.0,2.0,2.0,1.6,1.0,1.0,1.0,1.0,1.0,1.0,0.6,1.6,2.0,2.0,2.0,2.0,2.0
2024-07-07,ruim,51.0,234.0,2.0,2.0,2.0,0.4,0.0,0.0,0.4,0.0,1.2,2.0,2.0,1.6,2.0,2.2,2.2,1.0,0.8,2.0,1.0,1.4,2.0,2.0,2.0,2.4,3.0,3.0,3.0,3.0,3.0,2.4,2.0,2.0,2.0,1.6,1.4,0.6,1.0,0.4,1.0,1.0,1.0,1.0,1.0,1.0,1.0,1.0,0.75,0.0,0.0,0.0,0.0,0.0,0.0,0.0,0.0,0.0,0.0,0.0,0.0,0.0,0.0,0.0,0.0,0.0,0.0,0.0,0.0,0.0,0.0,0.0,0.0,0.0,0.0,0.0,0.0,0.0,0.0,0.0,0.0,0.0,0.0,0.0,0.0,0.0,0.0,0.0,0.0,0.0,0.0,0.0,0.0,0.0,0.0,0.0,0.0,0.0
2024-07-09,regular,76.0,422.0,2.0,2.0,2.0,0.8,0.0,0.0,0.0,0.0,0.0,0.0,0.4,0.0,1.2,2.0,2.0,1.2,2.0,2.2,2.0,2.0,2.0,2.0,1.6,2.0,2.0,2.0,1.2,2.0,2.0,2.4,3.0,3.0,1.8,1.0,1.0,0.8,1.0,1.0,1.0,1.8,2.0,2.0,2.0,2.0,2.0,3.0,2.6,2.0,2.0,2.0,2.0,2.0,1.6,1.0,1.0,1.0,1.0,1.0,1.0,0.8,1.0,1.0,1.2,2.0,2.0,2.0,2.0,2.0,2.0,1.6,2.0,1.8,1.0,0.6,0.4,0.8,1.0,1.2,2.0,2.0,2.0,2.0,1.6,2.0,2.0,0.0,0.0,0.0,0.0,0.0,0.0,0.0,0.0,0.0,0.0,0.0
2024-07-10,ruim,65.0,397.0,2.0,2.0,0.8,2.0,2.0,1.0,0.8,1.2,2.0,2.0,1.4,2.0,1.6,1.6,2.0,2.0,2.0,1.6,2.0,2.0,1.4,1.2,0.0,1.2,1.0,1.0,1.0,0.2,1.2,1.6,2.0,2.0,2.0,2.2,3.0,3.0,3.0,3.0,3.0,1.8,2.0,2.0,2.0,1.2,2.0,2.0,2.0,2.0,3.0,2.0,1.6,2.0,1.2,1.0,1.0,1.0,1.0,1.0,1.0,1.0,1.0,1.0,1.0,0.6,0.6,1.6,2.0,2.0,2.0,2.0,2.0,2.0,2.0,2.0,2.0,1.8,0.6,1.0,1.0,0.0,0.0,0.0,0.0,0.0,0.0,0.0,0.0,0.0,0.0,0.0,0.0,0.0,0.0,0.0,0.0,0.0
2024-07-11,regular,77.0,493.0,2.0,2.0,2.6,3.0,2.4,2.0,1.6,1.2,2.0,1.6,2.0,2.0,2.0,2.0,3.0,3.0,1.6,2.0,2.0,2.0,1.6,2.0,2.0,2.0,1.8,1.6,2.0,1.6,2.0,2.0,0.8,0.0,0.4,2.0,2.0,2.0,2.0,2.0,2.0,2.0,0.4,2.0,2.0,1.8,1.0,1.0,1.0,1.6,1.0,2.0,1.6,1.2,2.0,2.0,2.0,2.0,1.2,1.6,1.8,1.6,2.0,1.4,2.0,2.0,2.0,2.0,2.0,2.0,2.0,1.6,2.0,2.0,2.0,2.0,1.4,1.0,1.0,0.4,0.8,1.0,1.0,1.0,1.6,2.0,2.0,2.0,2.0,2.0,1.6,1.6,0.4,1.4,1.0,1.0,1.0,1.0
2024-07-12,ruim,67.0,624.0,2.0,2.0,2.4,1.6,2.0,1.6,2.0,2.0,2.0,1.6,2.0,2.0,2.0,2.0,2.0,2.0,1.2,1.6,2.0,2.0,2.2,3.0,3.0,3.0,3.0,0.8,2.0,2.0,2.0,2.0,2.0,0.4,2.0,2.0,2.0,2.0,2.0,2.2,2.0,2.8,2.6,2.6,2.8,2.8,2.2,2.0,2.0,2.0,1.6,1.2,1.2,1.0,1.0,1.0,1.4,2.0,2.0,2.0,3.0,2.0,0.0,2.0,2.0,2.0,1.8,0.0,0.0,0.0,0.0,0.4,1.2,1.6,1.4,1.6,2.0,2.0,2.0,2.2,3.0,3.0,2.8,1.6,2.0,2.0,2.0,1.6,2.0,1.4,1.2,1.0,1.0,1.0,1.0,1.0,1.0,1.0
2024-07-13,ruim,55.0,302.0,1.6,2.0,2.0,2.0,3.0,3.0,3.0,3.0,2.2,1.2,1.2,2.0,2.0,2.0,2.6,3.0,1.4,2.0,0.8,2.0,1.6,2.0,1.6,2.0,2.0,2.6,1.8,2.0,2.0,2.0,1.2,2.0,2.0,1.2,2.0,2.0,1.6,1.2,1.0,1.0,1.0,1.0,1.4,1.6,1.6,2.0,2.0,1.6,2.0,1.6,1.6,1.6,1.2,1.0,1.0,1.0,1.2,2.0,2.0,2.0,0.0,0.0,0.0,0.0,0.0,0.0,0.0,0.0,0.0,0.0,0.0,0.0,0.0,0.0,0.0,0.0,0.0,0.0,0.0,0.0,0.0,0.0,0.0,0.0,0.0,0.0,0.0,0.0,0.0,0.0,0.0,0.0,0.0,0.0,0.0,0.0
2024-07-17,regular,84.0,513.0,1.6,2.6,2.4,1.2,2.0,1.2,2.0,2.0,1.4,0.8,2.0,2.4,3.0,3.0,3.0,3.0,3.0,3.0,2.8,2.0,2.0,2.0,1.0,2.0,2.0,2.2,1.4,2.0,2.0,2.0,2.0,2.0,2.0,2.8,3.0,2.2,2.0,1.8,1.0,1.0,1.0,1.0,1.0,1.0,1.0,0.8,1.2,2.0,2.0,2.0,2.0,3.0,3.0,2.8,2.0,1.6,2.0,2.0,2.0,2.6,1.2,1.2,2.0,1.4,0.6,0.8,2.0,1.2,1.0,1.0,1.0,1.0,1.0,1.0,1.0,1.8,0.8,2.0,2.0,1.2,2.0,2.0,2.0,1.6,1.6,1.6,1.6,2.0,2.0,2.0,2.0,2.0,2.0,1.4,1.0,1.0
2024-07-20,bom,85.0,528.0,2.0,2.0,2.0,1.2,1.6,2.0,2.0,2.0,2.4,3.0,3.0,3.0,3.0,3.0,3.0,1.6,2.0,2.0,2.8,3.0,2.6,1.2,1.0,1.0,1.0,1.6,2.0,1.6,2.0,1.6,1.6,1.6,2.0,2.0,2.0,1.2,2.0,2.0,2.0,2.0,1.0,1.0,1.0,1.0,0.6,1.0,1.4,2.0,2.0,2.0,2.0,2.0,2.0,3.0,1.2,2.0,1.4,1.0,1.0,1.0,0.8,1.6,1.0,1.0,1.0,0.8,1.0,1.0,1.0,1.0,1.0,2.0,2.0,2.0,1.6,2.0,2.0,2.4,3.0,2.8,2.0,2.0,2.0,0.8,0.0,2.0,1.8,1.0,1.0,1.0,1.0,1.0,1.0,1.0,1.6,1.2
2024-07-21,regular,70.0,377.0,2.0,2.0,2.0,2.0,1.6,0.8,1.6,1.6,2.0,2.0,2.0,2.0,3.0,3.0,1.8,2.0,2.0,2.0,2.0,1.6,1.0,1.0,2.0,1.6,2.0,2.0,2.0,2.0,1.6,1.2,2.0,1.2,1.6,2.0,2.0,1.8,1.2,0.8,1.0,1.0,1.0,1.0,1.0,1.0,1.0,1.0,2.0,0.4,2.0,2.0,2.0,1.2,2.0,1.2,2.0,2.0,2.0,2.0,2.0,2.0,2.0,2.0,2.0,2.0,2.0,1.6,2.0,1.8,1.0,1.0,2.0,1.6,0.6,1.0,1.0,1.0,0.0,0.0,0.0,0.0,0.0,0.0,0.0,0.0,0.0,0.0,0.0,0.0,0.0,0.0,0.0,0.0,0.0,0.0,0.0,0.0
2024-07-22,bom,90.0,365.0,2.0,2.0,2.0,2.0,2.6,3.0,3.0,3.0,3.0,2.4,1.4,1.0,1.2,2.0,2.0,2.2,2.8,1.6,2.0,2.0,1.6,2.0,2.0,2.4,3.0,3.0,2.0,2.0,1.0,1.2,1.0,1.0,1.0,1.0,1.0,1.4,2.0,2.0,1.6,2.0,2.0,2.0,2.0,2.0,2.0,2.4,3.0,3.0,2.2,1.6,1.4,1.4,1.2,1.0,1.0,2.0,0.8,2.0,2.0,2.0,2.0,2.0,2.0,0.6,1.0,1.0,1.0,1.0,1.0,1.0,1.0,1.8,0.6,0.0,0.0,0.0,0.0,0.0,0.0,0.0,0.0,0.0,0.0,0.0,0.0,0.0,0.0,0.0,0.0,0.0,0.0,0.0,0.0,0.0,0.0,0.0
2024-07-23,ruim,47.0,217.0,2.0,2.0,2.0,1.6,0.0,0.0,0.4,2.0,2.0,2.0,2.0,1.6,2.0,2.0,3.0,1.4,2.0,2.0,2.0,2.0,3.0,2.6,2.0,2.0,2.0,2.0,1.0,1.0,1.6,2.0,1.4,0.8,1.2,1.2,1.0,0.6,1.6,2.0,2.0,1.6,2.0,2.0,1.4,0.5,0.0,0.0,0.0,0.0,0.0,0.0,0.0,0.0,0.0,0.0,0.0,0.0,0.0,0.0,0.0,0.0,0.0,0.0,0.0,0.0,0.0,0.0,0.0,0.0,0.0,0.0,0.0,0.0,0.0,0.0,0.0,0.0,0.0,0.0,0.0,0.0,0.0,0.0,0.0,0.0,0.0,0.0,0.0,0.0,0.0,0.0,0.0,0.0,0.0,0.0,0.0,0.0
2024-07-24,regular,79.0,328.0,2.0,2.0,2.0,2.0,2.0,2.0,2.2,3.0,3.0,3.0,2.4,2.0,2.0,2.0,3.0,3.0,3.0,3.0,2.2,2.0,2.0,2.0,0.4,2.0,2.0,2.0,2.0,1.4,1.0,1.0,2.0,2.0,2.0,1.2,2.0,2.0,2.0,2.0,3.0,3.0,3.0,3.0,2.8,1.2,2.0,1.6,1.2,2.0,1.2,1.0,1.2,2.0,2.0,1.6,2.0,1.4,1.0,1.0,1.0,1.0,1.0,1.0,0.8,1.8,2.0,0.6667,0.0,0.0,0.0,0.0,0.0,0.0,0.0,0.0,0.0,0.0,0.0,0.0,0.0,0.0,0.0,0.0,0.0,0.0,0.0,0.0,0.0,0.0,0.0,0.0,0.0,0.0,0.0,0.0,0.0,0.0
2024-07-25,ruim,60.0,315.0,2.0,2.0,2.0,2.0,2.0,2.8,1.6,2.0,2.0,2.2,3.0,3.0,2.8,1.8,1.0,1.0,1.0,1.4,2.0,2.0,2.0,2.0,2.8,3.0,2.2,2.0,2.0,1.6,2.0,1.6,1.6,1.0,1.0,2.0,1.4,1.6,2.0,2.0,2.0,2.0,2.0,1.6,2.0,2.0,2.0,2.0,2.0,2.0,2.0,2.0,1.2,1.6,2.0,1.8,1.0,1.0,1.0,1.0,1.0,0.0,1.2,0.0,0.4,0.0,0.0,0.0,0.0,0.0,0.0,0.0,0.0,0.0,0.0,0.0,0.0,0.0,0.0,0.0,0.0,0.0,0.0,0.0,0.0,0.0,0.0,0.0,0.0,0.0,0.0,0.0,0.0,0.0,0.0,0.0,0.0,0.0
2024-07-26,ruim,66.0,292.0,2.0,2.0,2.0,2.0,2.8,3.0,3.0,2.2,1.6,2.0,2.8,3.0,3.0,3.0,2.8,3.0,3.0,1.2,1.6,1.0,1.0,1.2,2.0,2.0,1.6,2.0,2.0,2.0,2.0,2.6,2.4,0.8,1.0,1.0,1.0,1.0,1.0,1.0,1.0,2.0,2.0,2.0,2.0,1.6,1.2,0.8,2.0,0.8,0.0,0.2,1.4,0.0,0.0,0.0,1.2,1.6,2.0,2.0,0.0,0.0,0.0,0.0,0.0,0.0,0.0,0.0,0.0,0.0,0.0,0.0,0.0,0.0,0.0,0.0,0.0,0.0,0.0,0.0,0.0,0.0,0.0,0.0,0.0,0.0,0.0,0.0,0.0,0.0,0.0,0.0,0.0,0.0,0.0,0.0,0.0,0.0
2024-07-28,regular,83.0,535.0,2.0,2.0,2.0,2.0,2.0,2.0,1.2,2.0,2.0,2.0,2.4,3.0,3.0,3.0,3.0,2.2,1.0,1.0,1.0,1.2,1.6,2.0,1.6,2.0,2.0,0.8,2.0,2.0,1.8,2.0,1.2,1.2,1.4,2.0,2.0,2.0,2.2,3.0,3.0,1.8,2.0,2.0,2.0,2.0,2.0,1.2,1.0,1.0,1.0,1.0,1.0,1.6,0.0,1.2,2.0,2.0,2.0,2.0,2.0,2.0,2.0,2.0,1.4,0.8,1.0,1.0,1.0,1.0,1.0,1.0,1.0,1.0,0.6,0.4,1.6,2.0,2.0,2.0,2.0,2.0,2.0,2.6,2.4,2.0,2.0,2.0,1.6,2.0,2.0,2.0,1.0,1.4,0.4,0.8,1.0,1.0
2024-07-29,ruim,62.0,290.0,2.0,2.0,2.0,1.4,1.6,1.6,2.0,3.0,1.8,2.0,2.0,3.0,3.0,3.0,3.0,3.0,1.0,1.6,2.0,2.0,2.0,2.0,2.0,1.2,2.0,2.0,1.6,1.0,1.0,1.0,1.0,1.0,1.0,1.0,1.2,2.0,2.0,2.0,2.0,0.8,2.0,2.0,2.0,1.4,1.0,1.0,1.0,1.0,1.0,1.0,1.0,1.2,1.6,0.0,1.6,2.0,2.0,0.4,0.0,0.0,0.0,0.0,0.0,0.0,0.0,0.0,0.0,0.0,0.0,0.0,0.0,0.0,0.0,0.0,0.0,0.0,0.0,0.0,0.0,0.0,0.0,0.0,0.0,0.0,0.0,0.0,0.0,0.0,0.0,0.0,0.0,0.0,0.0,0.0,0.0,0.0
2024-07-30,regular,83.0,404.0,2.0,2.0,2.0,2.0,2.0,2.0,3.0,3.0,3.0,1.2,2.0,2.0,3.0,3.0,3.0,2.6,2.0,1.0,0.8,1.2,1.4,1.2,1.6,1.6,1.2,1.2,2.0,2.0,2.0,2.0,1.6,2.0,2.0,2.4,3.0,3.0,3.0,2.4,2.0,1.8,0.8,1.6,1.0,1.0,1.0,1.0,1.0,1.2,2.0,1.2,2.0,2.0,2.0,2.4,2.4,0.4,2.0,1.6,2.0,1.6,1.0,1.0,0.8,1.0,0.6,1.2,2.0,1.0,2.0,2.0,2.0,1.6,1.6,2.0,1.0,1.0,1.0,1.0,0.4,2.0,1.0,0.0,0.0,0.0,0.0,0.0,0.0,0.0,0.0,0.0,0.0,0.0,0.0,0.0,0.0,0.0
2024-07-31,regular,72.0,333.0,2.0,2.0,2.0,2.0,2.0,2.4,3.0,3.0,3.0,3.0,2.8,1.8,1.0,1.0,1.0,1.0,1.8,2.0,2.0,2.0,2.4,2.0,1.2,2.0,2.0,2.0,2.0,2.6,2.0,1.2,1.0,1.0,1.0,1.0,0.6,1.0,1.0,1.0,1.6,2.0,2.0,2.0,2.0,2.0,2.6,3.0,2.0,2.0,2.0,1.6,2.0,2.0,2.0,1.4,1.0,1.0,1.0,1.0,0.8,1.0,1.0,1.0,1.0,1.2,2.0,2.0,0.6667,0.0,0.0,0.0,0.0,0.0,0.0,0.0,0.0,0.0,0.0,0.0,0.0,0.0,0.0,0.0,0.0,0.0,0.0,0.0,0.0,0.0,0.0,0.0,0.0,0.0,0.0,0.0,0.0,0.0
2024-08-01,regular,80.0,389.0,2.0,2.0,2.0,2.0,2.0,2.8,2.0,2.0,2.8,3.0,3.0,3.0,1.8,1.4,1.0,0.6,2.0,2.0,2.0,2.4,3.0,3.0,1.8,2.0,2.0,2.0,2.0,1.2,2.0,2.0,1.4,1.0,1.2,1.2,1.4,2.0,2.0,2.0,2.0,2.0,2.0,1.2,2.0,2.0,1.6,1.0,1.8,2.0,2.0,2.0,2.0,2.0,2.0,2.0,2.0,2.0,2.0,2.0,1.4,1.0,1.0,1.0,1.0,0.8,1.2,2.0,2.0,1.6,2.0,1.6,1.6,1.6,1.6,1.2,0.8,1.0,1.0,1.0,0.0,0.0,0.0,0.0,0.0,0.0,0.0,0.0,0.0,0.0,0.0,0.0,0.0,0.0,0.0,0.0,0.0,0.0
2024-08-02,bom,91.0,388.0,2.0,2.0,2.0,2.0,2.0,2.0,3.0,3.0,3.0,3.0,3.0,1.4,1.6,2.0,2.0,2.0,2.0,2.8,3.0,3.0,3.0,3.0,3.0,3.0,3.0,3.0,3.0,1.8,1.2,1.0,1.0,1.0,1.0,1.0,1.2,2.0,2.0,2.0,2.0,2.0,2.0,2.8,3.0,1.8,2.0,2.0,2.0,2.0,2.0,1.4,1.4,1.0,0.6,0.8,1.6,1.2,0.8,1.0,1.0,1.0,0.8,1.0,1.0,1.0,0.8,2.0,2.0,1.8,1.2,1.2,2.0,2.0,2.0,1.2,2.0,2.0,1.2,0.0,0.0,0.0,0.0,0.0,0.0,0.0,0.0,0.0,0.0,0.0,0.0,0.0,0.0,0.0,0.0,0.0,0.0,0.0
2024-08-04,regular,76.0,595.0,2.0,2.0,2.0,2.0,0.0,0.0,0.0,0.0,0.0,0.0,2.0,2.0,1.6,1.6,2.0,2.0,2.6,3.0,3.0,2.8,2.0,2.0,2.6,2.4,2.4,2.4,1.0,1.6,1.2,2.0,2.0,2.0,2.6,1.8,2.0,2.0,2.0,1.2,2.0,2.0,1.2,1.0,1.0,1.0,1.0,1.0,1.0,1.6,2.0,2.0,1.6,2.0,2.0,2.6,3.0,3.0,2.4,2.4,2.0,2.0,2.0,2.8,1.4,1.0,1.0,1.0,1.0,1.0,0.8,2.0,2.0,2.0,2.0,2.0,1.6,2.0,2.0,2.0,1.6,2.0,1.8,1.0,1.0,1.0,1.0,1.0,1.0,1.4,2.0,1.6,1.6,2.0,2.0,2.0,2.0,2.0
2024-08-05,ruim,53.0,242.0,2.0,2.0,2.0,1.2,1.2,2.0,2.0,2.0,2.8,3.0,2.2,2.0,1.2,1.0,1.0,1.0,1.0,2.0,2.0,2.0,2.0,2.0,2.0,2.0,2.0,1.6,2.0,1.4,0.6,1.0,0.8,1.0,0.8,1.4,2.0,2.0,2.0,2.0,2.0,2.0,2.0,1.2,2.0,2.0,2.0,2.0,1.2,2.0,2.0,0.0,0.0,0.0,0.0,0.0,0.0,0.0,0.0,0.0,0.0,0.0,0.0,0.0,0.0,0.0,0.0,0.0,0.0,0.0,0.0,0.0,0.0,0.0,0.0,0.0,0.0,0.0,0.0,0.0,0.0,0.0,0.0,0.0,0.0,0.0,0.0,0.0,0.0,0.0,0.0,0.0,0.0,0.0,0.0,0.0,0.0,0.0
2024-08-06,regular,76.0,335.0,2.0,2.0,2.0,2.0,2.0,2.8,3.0,3.0,2.4,2.0,2.0,1.8,1.0,2.0,3.0,3.0,3.0,1.4,2.0,2.0,2.0,2.4,3.0,3.0,1.6,2.0,2.0,1.6,2.0,2.0,1.4,1.4,1.2,1.6,1.6,2.0,2.0,1.6,2.0,2.0,2.0,2.0,2.2,2.6,2.4,2.0,2.0,1.2,1.0,1.0,1.0,1.0,1.0,0.8,1.0,1.4,2.0,1.6,2.0,1.6,1.2,2.0,2.0,2.0,2.0,1.6,2.0,0.0,0.0,0.0,0.0,0.0,0.0,0.0,0.0,0.0,0.0,0.0,0.0,0.0,0.0,0.0,0.0,0.0,0.0,0.0,0.0,0.0,0.0,0.0,0.0,0.0,0.0,0.0,0.0,0.0
2024-08-07,regular,74.0,335.0,2.0,2.0,2.0,2.0,2.6,3.0,3.0,3.0,3.0,1.8,2.0,2.0,2.0,1.6,2.0,2.0,2.4,2.2,3.0,3.0,2.6,1.6,2.0,2.0,2.0,2.0,2.0,1.6,2.0,1.0,1.0,1.0,0.8,1.4,1.0,1.6,1.8,1.2,2.0,2.0,2.0,2.0,2.0,2.0,2.8,2.2,2.0,2.0,1.2,2.0,1.6,1.0,1.0,1.0,1.0,1.0,1.0,1.2,1.4,1.6,2.0,2.0,1.6,1.2,1.0,0.8,1.0,0.0,0.0,0.0,0.0,0.0,0.0,0.0,0.0,0.0,0.0,0.0,0.0,0.0,0.0,0.0,0.0,0.0,0.0,0.0,0.0,0.0,0.0,0.0,0.0,0.0,0.0,0.0,0.0,0.0
2024-08-08,regular,80.0,395.0,2.0,2.0,2.0,2.0,2.0,1.6,2.0,2.0,2.8,2.4,2.0,2.0,1.0,1.0,0.6,2.0,2.0,2.4,3.0,3.0,3.0,3.0,3.0,2.0,2.0,2.0,3.0,3.0,2.8,3.0,1.6,2.0,1.8,1.0,1.0,1.0,1.0,2.0,2.0,2.0,2.0,2.0,2.0,2.8,2.8,2.0,1.6,2.0,1.6,1.6,1.0,1.0,1.0,1.0,1.0,2.0,2.0,2.0,2.0,2.0,2.0,2.0,2.0,1.2,1.4,1.2,2.0,1.6,1.6,2.0,2.0,1.2,2.0,2.0,1.6,0.0,0.4,0.8,1.0,0.0,0.0,0.0,0.0,0.0,0.0,0.0,0.0,0.0,0.0,0.0,0.0,0.0,0.0,0.0,0.0,0.0
2024-08-09,regular,70.0,287.0,2.0,2.0,2.0,2.0,2.0,2.0,2.0,2.8,3.0,3.0,3.0,1.6,1.4,1.0,1.0,1.2,1.6,2.0,2.0,2.0,2.4,2.0,2.4,3.0,3.0,3.0,2.6,1.6,1.2,0.8,1.6,1.8,1.4,1.6,2.0,2.0,2.0,2.0,2.0,2.0,2.0,2.0,2.0,2.2,3.0,1.6,1.4,1.0,1.0,1.0,0.6,0.6,0.6,1.0,0.6,0.8,0.4,0.0,0.0,0.0,0.0,0.0,0.0,0.0,0.0,0.0,0.0,0.0,0.0,0.0,0.0,0.0,0.0,0.0,0.0,0.0,0.0,0.0,0.0,0.0,0.0,0.0,0.0,0.0,0.0,0.0,0.0,0.0,0.0,0.0,0.0,0.0,0.0,0.0,0.0,0.0
2024-08-11,ruim,54.0,261.0,2.0,2.0,2.0,1.6,1.0,1.0,1.2,2.0,2.0,1.2,1.2,1.2,2.0,2.0,2.0,1.6,2.0,2.0,2.0,2.0,1.2,2.0,2.0,2.0,2.4,2.0,2.0,1.2,1.0,1.0,1.0,1.0,1.0,1.0,1.4,2.0,2.0,2.0,2.0,2.0,2.0,3.0,3.0,3.0,1.2,2.0,1.6,1.2,1.0,1.0,1.0,0.8,0.0,0.0,0.0,0.0,0.0,0.0,0.0,0.0,0.0,0.0,0.0,0.0,0.0,0.0,0.0,0.0,0.0,0.0,0.0,0.0,0.0,0.0,0.0,0.0,0.0,0.0,0.0,0.0,0.0,0.0,0.0,0.0,0.0,0.0,0.0,0.0,0.0,0.0,0.0,0.0,0.0,0.0,0.0,0.0
2024-08-12,ruim,66.0,363.0,2.0,2.0,2.0,2.0,0.4,1.2,2.0,2.0,2.0,2.0,2.0,2.8,1.6,2.0,2.0,1.2,2.0,1.6,1.6,1.2,2.0,2.0,2.0,2.4,3.0,3.0,1.8,2.0,2.0,2.0,2.8,2.4,1.2,1.0,1.0,1.0,1.0,1.0,1.0,1.8,2.0,2.0,2.0,2.0,2.0,2.0,2.0,2.0,2.0,1.6,1.2,2.0,2.0,2.0,2.0,2.0,1.6,0.4,1.2,1.0,1.0,1.0,1.0,1.0,1.0,1.0,1.0,1.0,0.8,0.4,0.0,0.0,1.3333,0.0,0.0,0.0,0.0,0.0,0.0,0.0,0.0,0.0,0.0,0.0,0.0,0.0,0.0,0.0,0.0,0.0,0.0,0.0,0.0,0.0,0.0,0.0
2024-08-13,ruim,69.0,369.0,2.0,2.0,1.6,0.4,2.0,1.2,2.0,2.0,2.0,1.6,2.0,1.6,1.4,1.0,1.0,1.0,1.0,2.0,1.6,2.0,2.0,2.0,2.0,3.0,3.0,3.0,2.6,1.2,2.0,2.0,1.2,2.0,2.0,2.4,3.0,1.8,0.8,1.6,1.2,2.0,2.0,2.0,2.0,2.0,2.0,1.6,2.0,2.0,2.0,1.6,2.0,1.6,1.6,1.6,2.0,2.0,2.0,2.0,1.6,1.6,1.2,1.0,1.0,1.0,1.0,1.0,1.0,1.0,1.2,1.6,2.0,1.6,2.0,0.0,0.0,0.0,0.0,0.0,0.0,0.0,0.0,0.0,0.0,0.0,0.0,0.0,0.0,0.0,0.0,0.0,0.0,0.0,0.0,0.0,0.0,0.0
2024-08-14,bom,92.0,485.0,2.0,2.0,2.0,2.0,2.0,2.0,2.8,3.0,3.0,3.0,3.0,3.0,2.0,2.0,1.6,2.0,2.0,2.0,2.4,3.0,3.0,3.0,3.0,2.2,2.0,1.8,1.0,1.0,1.0,1.0,1.0,1.0,1.0,1.0,1.0,1.0,1.8,2.0,2.0,2.6,2.2,3.0,3.0,3.0,3.0,3.0,2.4,1.6,1.6,1.0,1.0,0.8,2.0,2.0,1.4,2.0,2.0,2.0,2.0,2.0,2.0,2.0,2.0,2.0,1.6,1.8,1.2,1.0,2.0,1.4,1.6,0.6,1.2,2.0,2.0,0.4,0.0,0.8,2.0,1.2,2.0,2.0,1.6,2.0,1.6,2.0,1.4,0.8,1.0,0.8,0.8,1.0,0.6,0.0,1.2,0.8
2024-08-15,regular,75.0,364.0,2.0,2.0,2.0,2.0,2.6,3.0,2.6,2.8,3.0,2.0,1.6,2.0,1.4,1.0,1.4,0.8,0.0,2.0,2.0,2.0,2.0,2.0,2.0,2.0,2.0,2.8,3.0,1.8,2.0,1.4,1.2,2.0,1.6,2.0,2.0,1.6,2.0,2.0,2.0,2.0,2.0,2.0,2.0,2.0,2.0,2.0,2.0,1.2,1.0,1.0,1.0,1.0,1.0,1.0,0.8,1.0,1.0,1.0,1.0,1.0,2.0,2.0,2.0,2.0,2.0,2.0,2.0,2.0,1.6,1.6,2.0,1.0,1.0,0.0,0.0,0.0,0.0,0.0,0.0,0.0,0.0,0.0,0.0,0.0,0.0,0.0,0.0,0.0,0.0,0.0,0.0,0.0,0.0,0.0,0.0,0.0
2024-08-17,regular,73.0,368.0,2.0,2.0,2.0,2.0,2.0,2.0,2.0,1.6,2.0,2.4,0.6,1.6,2.0,2.0,2.4,3.0,3.0,1.0,2.0,2.0,2.0,2.0,2.0,1.4,1.0,1.0,0.8,2.0,1.2,2.0,2.0,2.0,1.6,2.0,2.2,3.0,3.0,3.0,3.0,0.8,2.0,2.0,1.8,1.0,1.0,1.0,1.0,1.0,1.0,1.0,1.0,2.0,1.4,2.0,2.0,2.0,1.6,2.0,2.0,2.0,2.0,2.0,2.0,2.6,1.6,1.6,1.6,1.0,0.6,1.0,1.0,1.0,0.8,0.0,0.0,0.0,0.0,0.0,0.0,0.0,0.0,0.0,0.0,0.0,0.0,0.0,0.0,0.0,0.0,0.0,0.0,0.0,0.0,0.0,0.0,0.0
2024-08-19,regular,84.0,485.0,2.0,2.0,2.0,2.0,0.0,0.0,0.0,0.0,0.0,0.4,2.0,2.0,2.0,2.2,3.0,3.0,3.0,3.0,2.0,2.0,2.0,2.0,2.0,2.0,1.0,0.8,1.4,1.8,2.0,2.0,3.0,2.2,2.2,3.0,3.0,3.0,3.0,3.0,3.0,3.0,1.6,2.0,1.0,1.0,1.0,1.0,1.0,1.0,1.0,1.6,2.0,2.0,2.0,2.0,2.0,2.0,2.0,2.0,2.0,2.0,2.0,2.0,0.8,1.0,1.0,1.0,1.0,1.0,1.0,1.0,1.8,2.0,2.0,2.0,2.0,1.6,2.0,2.0,1.2,2.0,2.0,2.0,2.0,2.0,1.4,1.0,1.0,1.0,1.0,1.0,1.4,1.8,2.0,1.4,2.0,1.8
2024-08-21,ruim,64.0,340.0,2.0,2.0,2.0,2.0,2.0,2.8,3.0,0.8,2.0,2.0,2.4,3.0,1.2,0.8,0.8,0.8,2.0,2.0,2.0,3.0,3.0,3.0,3.0,2.4,2.0,2.0,2.0,2.6,2.0,1.2,1.6,2.0,1.6,2.0,2.0,1.6,2.0,1.0,1.0,1.0,1.0,1.0,1.0,1.0,1.0,1.2,2.0,2.0,1.6,1.0,1.6,0.8,2.0,1.6,1.6,2.0,2.0,2.0,2.0,2.0,2.0,2.6,2.8,1.6,2.0,1.6,1.0,0.8,0.0,0.0,0.0,0.0,0.0,0.0,0.0,0.0,0.0,0.0,0.0,0.0,0.0,0.0,0.0,0.0,0.0,0.0,0.0,0.0,0.0,0.0,0.0,0.0,0.0,0.0,0.0,0.0
2024-08-22,ruim,64.0,300.0,2.0,2.0,2.0,2.0,2.0,2.0,2.8,3.0,2.0,2.4,3.0,3.0,1.4,1.0,1.0,0.8,1.0,1.0,1.2,2.0,2.0,2.0,2.4,3.0,3.0,2.2,1.8,2.0,2.0,2.0,2.0,2.0,2.0,1.4,0.8,1.0,0.6,1.0,0.6,1.0,1.0,1.0,1.0,1.0,1.4,2.0,2.0,2.0,2.0,2.0,2.0,2.0,2.0,2.0,1.2,1.0,1.0,1.0,1.0,0.8,0.0,0.0,0.0,0.0,0.0,0.0,0.0,0.0,0.0,0.0,0.0,0.0,0.0,0.0,0.0,0.0,0.0,0.0,0.0,0.0,0.0,0.0,0.0,0.0,0.0,0.0,0.0,0.0,0.0,0.0,0.0,0.0,0.0,0.0,0.0,0.0
2024-08-23,ruim,61.0,262.0,2.0,2.0,2.0,2.0,2.0,2.6,3.0,1.6,2.0,2.0,1.0,1.0,1.0,1.0,1.8,2.0,2.0,2.0,1.6,2.0,2.0,2.8,3.0,2.4,1.6,2.0,2.0,2.0,2.4,1.0,1.0,1.0,1.0,1.0,1.0,1.0,1.0,1.6,2.0,1.6,2.0,2.0,2.0,2.0,2.0,2.0,2.0,2.0,1.4,1.0,1.0,1.0,0.0,0.0,0.0,0.0,0.0,0.0,0.0,0.0,0.0,0.0,0.0,0.0,0.0,0.0,0.0,0.0,0.0,0.0,0.0,0.0,0.0,0.0,0.0,0.0,0.0,0.0,0.0,0.0,0.0,0.0,0.0,0.0,0.0,0.0,0.0,0.0,0.0,0.0,0.0,0.0,0.0,0.0,0.0,0.0
2024-08-24,regular,71.0,399.0,2.0,2.0,2.0,2.0,2.0,2.0,1.2,2.0,2.0,1.6,1.0,2.0,2.0,2.0,2.0,2.0,2.8,3.0,2.8,2.0,2.6,3.0,2.4,2.0,2.0,1.0,1.0,1.0,1.0,1.0,1.0,1.0,1.0,1.0,1.0,1.2,2.0,2.0,2.0,2.0,2.0,2.0,2.2,2.4,2.2,2.0,3.0,2.4,2.0,1.6,1.0,1.0,1.0,1.0,1.0,1.0,1.0,1.2,2.0,1.6,2.0,2.0,2.0,1.6,2.0,1.6,1.2,1.0,1.0,1.0,1.0,1.0,1.0,1.0,1.0,1.0,1.8,2.0,2.0,0.0,0.0,0.0,0.0,0.0,0.0,0.0,0.0,0.0,0.0,0.0,0.0,0.0,0.0,0.0,0.0,0.0
2024-08-26,bom,89.0,378.0,2.0,2.0,2.0,2.0,2.0,2.0,1.6,2.0,3.0,3.0,3.0,3.0,3.0,2.0,1.0,0.8,1.6,2.0,2.0,1.6,2.0,2.0,2.8,3.0,3.0,3.0,3.0,2.4,1.6,2.0,1.0,2.0,2.0,1.6,2.0,2.0,2.0,1.8,1.2,1.0,1.0,1.0,0.8,1.0,1.0,1.2,2.0,2.0,2.0,2.0,2.0,2.8,3.0,2.6,2.0,2.0,2.0,2.0,1.2,1.0,1.0,1.0,1.0,1.0,0.8,1.0,1.0,1.0,1.0,1.0,1.0,0.6,2.0,2.0,1.2,0.0,0.0,0.0,0.0,0.0,0.0,0.0,0.0,0.0,0.0,0.0,0.0,0.0,0.0,0.0,0.0,0.0,0.0,0.0,0.0,0.0
2024-08-28,regular,74.0,395.0,2.0,2.0,2.0,2.0,0.8,2.0,2.2,3.0,2.6,2.4,2.2,2.0,2.0,1.6,1.0,1.0,1.0,1.6,2.0,1.6,2.0,2.0,2.0,2.2,1.6,2.0,2.0,2.6,2.2,1.8,1.0,1.0,1.0,1.0,1.0,1.0,2.0,2.0,2.0,2.0,2.0,2.0,2.0,2.0,2.8,2.0,2.0,2.0,2.0,1.6,1.0,1.0,1.0,0.8,1.0,1.2,1.2,1.2,1.8,2.0,2.0,2.0,2.0,1.6,2.0,2.0,1.4,1.0,1.0,0.8,0.8,1.0,1.0,0.6,1.8,0.4,0.0,0.0,0.4,0.0,0.0,0.0,0.0,0.0,0.0,0.0,0.0,0.0,0.0,0.0,0.0,0.0,0.0,0.0,0.0,0.0
2024-08-30,bom,88.0,388.0,2.0,2.0,2.0,2.0,2.6,3.0,3.0,3.0,3.0,3.0,3.0,3.0,3.0,2.4,2.0,1.6,2.0,2.4,3.0,3.0,3.0,3.0,2.4,2.0,2.0,2.0,1.0,2.0,1.2,1.6,2.0,1.0,1.8,1.0,1.0,1.0,1.0,1.0,1.0,2.0,2.0,2.0,1.6,2.0,2.0,2.0,2.6,2.4,2.0,2.0,1.8,0.8,1.0,1.0,1.0,1.0,1.0,1.0,1.6,2.0,2.0,2.0,2.0,2.0,2.0,2.0,2.0,1.6,1.0,1.0,1.0,1.0,1.0,1.4,1.6,2.0,1.6,0.0,0.0,0.0,0.0,0.0,0.0,0.0,0.0,0.0,0.0,0.0,0.0,0.0,0.0,0.0,0.0,0.0,0.0,0.0
2024-08-31,bom,86.0,524.0,2.0,2.0,2.0,2.0,2.6,2.0,2.8,3.0,3.0,1.2,2.0,2.0,1.8,1.0,1.0,1.6,2.0,2.0,2.0,2.0,2.4,1.6,2.0,2.0,1.8,2.0,2.4,2.2,1.4,1.0,1.0,1.0,1.2,2.0,1.8,1.4,2.0,2.0,2.0,2.0,2.0,2.0,2.2,3.0,3.0,2.4,2.0,2.0,2.0,2.0,1.4,1.0,0.6,1.0,1.0,1.0,1.0,1.0,1.0,1.2,1.4,2.0,2.0,2.0,2.0,2.0,1.2,2.0,2.0,1.6,1.6,2.0,2.0,1.6,2.0,1.6,2.0,1.6,1.6,2.0,1.0,1.0,1.0,1.0,1.0,1.0,1.0,1.0,1.2,2.0,2.0,1.6,2.0,2.0,2.0,2.0
2024-09-03,bom,89.0,422.0,2.0,2.0,2.0,2.0,2.0,2.8,3.0,3.0,1.8,2.0,2.0,1.2,2.0,2.4,3.0,3.0,1.2,1.8,1.0,1.0,1.0,1.0,1.0,1.0,1.4,2.0,2.0,2.0,2.8,3.0,2.8,2.6,1.6,2.0,2.0,2.8,3.0,2.2,1.6,1.0,1.0,1.2,1.8,1.0,1.4,2.0,0.8,2.0,2.0,2.0,2.0,2.0,1.8,1.8,2.0,2.0,2.0,1.8,1.0,1.0,0.8,1.0,1.0,1.0,1.8,2.0,2.0,2.0,2.0,2.0,2.0,2.0,2.0,2.0,2.0,1.2,1.0,1.0,1.0,1.0,1.0,1.0,1.0,0.8,0.0,0.0,0.0,0.0,0.0,0.0,0.0,0.0,0.0,0.0,0.0,0.0
2024-09-04,regular,72.0,334.0,2.0,2.0,2.0,2.0,2.4,3.0,2.6,1.6,2.0,2.0,0.8,1.8,1.0,1.0,1.0,1.2,2.0,1.6,2.0,2.4,3.0,3.0,3.0,2.2,2.0,2.0,2.0,2.2,3.0,2.4,1.0,1.0,1.0,1.4,2.0,1.6,2.0,2.0,2.0,2.0,1.6,1.6,1.6,1.0,1.0,1.0,1.0,1.0,1.0,1.0,0.8,1.6,1.2,0.0,0.4,1.6,1.0,1.0,1.0,1.0,1.0,1.6,2.0,2.0,2.0,2.0,1.25,0.0,0.0,0.0,0.0,0.0,0.0,0.0,0.0,0.0,0.0,0.0,0.0,0.0,0.0,0.0,0.0,0.0,0.0,0.0,0.0,0.0,0.0,0.0,0.0,0.0,0.0,0.0,0.0,0.0
2024-09-05,ruim,57.0,271.0,2.0,2.0,2.0,0.4,1.6,2.0,2.0,2.4,3.0,3.0,3.0,3.0,3.0,3.0,2.4,1.2,1.4,2.0,2.0,2.0,0.8,1.6,2.0,2.0,2.0,2.0,2.0,2.0,2.0,2.0,2.0,1.6,1.6,1.0,1.0,1.0,1.0,1.0,1.0,1.0,1.0,0.4,1.0,1.0,1.0,1.0,1.6,2.0,2.0,2.0,2.0,2.0,2.0,2.4,0.0,0.0,0.0,0.0,0.0,0.0,0.0,0.0,0.0,0.0,0.0,0.0,0.0,0.0,0.0,0.0,0.0,0.0,0.0,0.0,0.0,0.0,0.0,0.0,0.0,0.0,0.0,0.0,0.0,0.0,0.0,0.0,0.0,0.0,0.0,0.0,0.0,0.0,0.0,0.0,0.0,0.0
2024-09-06,regular,71.0,335.0,2.0,2.0,2.0,2.0,2.8,3.0,3.0,1.8,2.2,2.6,1.0,2.0,2.0,1.6,2.0,2.0,2.6,3.0,1.4,2.0,2.0,2.0,2.0,1.6,1.6,2.0,1.4,1.0,1.6,0.8,2.0,2.0,1.6,1.6,1.6,1.0,1.0,1.0,1.0,1.0,1.0,1.0,1.0,1.0,1.0,1.0,0.8,1.0,1.4,2.0,1.4,2.0,2.0,2.0,2.0,2.0,1.6,2.0,2.0,2.0,2.0,2.0,0.8,1.8,0.6,0.2,0.4,0.0,0.0,0.0,0.0,0.0,0.0,0.0,0.0,0.0,0.0,0.0,0.0,0.0,0.0,0.0,0.0,0.0,0.0,0.0,0.0,0.0,0.0,0.0,0.0,0.0,0.0,0.0,0.0,0.0
2024-09-07,regular,74.0,402.0,2.0,2.0,2.0,2.0,2.0,1.6,1.6,2.0,2.0,2.8,3.0,3.0,2.8,2.0,2.0,2.0,2.0,1.2,2.0,2.0,2.0,1.4,1.8,1.0,1.0,1.0,2.0,1.4,2.0,2.0,2.0,2.0,2.0,2.0,2.6,3.0,3.0,3.0,2.0,2.0,2.0,1.6,2.0,2.0,1.0,1.0,1.2,0.8,2.0,2.0,1.2,2.0,1.6,2.0,2.0,2.0,1.6,2.0,2.0,2.0,2.0,2.0,0.8,0.8,1.0,1.0,1.0,1.0,1.0,1.0,1.0,1.2,2.0,2.0,2.0,2.0,2.0,2.0,2.0,0.8,0.0,0.0,0.0,0.0,0.0,0.0,0.0,0.0,0.0,0.0,0.0,0.0,0.0,0.0,0.0,0.0
2024-09-09,bom,87.0,350.0,2.0,2.0,1.8,1.2,2.0,2.0,2.0,2.0,2.2,2.2,2.0,2.2,3.0,1.6,2.0,2.0,3.0,2.6,2.8,3.0,3.0,3.0,2.6,2.0,1.4,1.0,1.0,1.0,1.0,1.0,1.0,0.8,1.8,2.0,2.0,3.0,3.0,2.6,1.6,2.0,2.0,2.0,2.0,2.6,3.0,2.8,2.0,1.4,1.0,1.4,1.6,1.2,1.0,1.0,0.8,1.0,1.0,1.0,1.0,1.4,1.8,2.0,1.4,1.2,2.0,1.6,2.0,2.0,2.0,1.2,0.0,0.0,0.0,0.0,0.0,0.0,0.0,0.0,0.0,0.0,0.0,0.0,0.0,0.0,0.0,0.0,0.0,0.0,0.0,0.0,0.0,0.0,0.0,0.0,0.0,0.0
2024-09-10,regular,82.0,330.0,2.0,2.0,2.0,2.0,2.0,2.4,3.0,3.0,3.0,3.0,3.0,2.8,2.0,1.6,2.0,1.8,2.0,2.0,2.0,2.6,3.0,3.0,3.0,3.0,2.4,1.4,1.0,1.0,1.0,1.0,1.0,1.0,1.0,0.8,1.0,1.8,2.0,2.0,2.0,2.0,2.0,2.0,2.6,2.8,3.0,2.0,2.0,2.0,2.0,1.0,2.0,2.0,1.0,1.4,1.0,1.0,1.0,1.0,1.0,1.0,1.0,1.0,2.0,2.0,1.2,0.4,0.0,0.0,0.0,0.0,0.0,0.0,0.0,0.0,0.0,0.0,0.0,0.0,0.0,0.0,0.0,0.0,0.0,0.0,0.0,0.0,0.0,0.0,0.0,0.0,0.0,0.0,0.0,0.0,0.0,0.0
2024-09-11,regular,74.0,331.0,2.0,2.0,2.0,2.0,2.0,2.4,3.0,3.0,3.0,3.0,3.0,2.8,1.6,1.6,2.0,2.2,2.6,3.0,2.6,2.0,1.6,2.0,2.0,2.0,2.0,2.0,2.0,2.0,1.6,2.0,2.0,2.0,1.6,2.0,2.0,0.4,1.6,1.0,0.8,1.0,0.6,1.0,0.8,2.0,2.0,2.0,2.0,2.0,2.0,3.0,3.0,3.0,3.0,1.2,2.0,1.2,0.8,2.0,1.4,1.2,2.0,1.2,0.6,1.0,0.6,1.0,0.0,0.0,0.0,0.0,0.0,0.0,0.0,0.0,0.0,0.0,0.0,0.0,0.0,0.0,0.0,0.0,0.0,0.0,0.0,0.0,0.0,0.0,0.0,0.0,0.0,0.0,0.0,0.0,0.0,0.0
2024-09-12,regular,71.0,386.0,2.0,2.0,1.6,0.4,2.0,2.0,2.0,2.4,3.0,2.6,1.6,1.6,1.0,1.0,1.0,1.6,2.0,1.8,1.6,2.0,2.2,3.0,3.0,3.0,3.0,3.0,1.6,2.0,2.0,2.0,2.0,2.0,1.6,2.0,1.6,2.0,2.0,2.0,1.6,2.0,2.0,2.0,1.0,1.0,1.0,1.0,1.0,0.8,0.4,2.0,2.0,2.0,2.0,2.0,2.0,2.0,2.0,2.0,2.0,2.0,1.6,2.0,1.0,1.0,1.0,1.0,1.0,0.8,1.0,1.0,0.4,0.0,0.0,0.0,0.0,0.0,0.8,0.0,0.0,0.0,0.0,0.0,0.0,0.0,0.0,0.0,0.0,0.0,0.0,0.0,0.0,0.0,0.0,0.0,0.0,0.0
2024-09-13,regular,81.0,340.0,2.0,2.0,2.0,2.0,2.6,3.0,3.0,3.0,3.0,3.0,3.0,3.0,3.0,3.0,3.0,3.0,2.0,2.0,2.0,1.2,1.0,1.0,1.0,1.0,1.0,1.0,1.8,1.0,1.4,1.2,1.6,2.0,1.6,2.0,2.0,2.0,2.0,2.0,2.0,2.2,1.6,2.0,2.0,1.0,1.0,1.0,1.0,1.0,1.0,1.2,2.0,1.2,2.0,2.0,2.0,2.0,2.0,2.0,2.0,2.0,1.6,1.2,1.0,1.0,1.0,1.0,1.0,0.4,0.0,0.0,0.0,0.0,0.0,0.0,0.0,0.0,0.0,0.0,0.0,0.0,0.0,0.0,0.0,0.0,0.0,0.0,0.0,0.0,0.0,0.0,0.0,0.0,0.0,0.0,0.0,0.0
2024-09-14,ruim,58.0,246.0,2.0,2.0,2.0,0.8,1.2,2.0,2.0,2.0,2.2,3.0,3.0,3.0,0.8,1.0,1.0,1.2,2.0,2.0,2.0,2.0,2.4,2.0,2.0,2.0,2.0,2.0,2.0,2.0,1.8,1.0,1.0,1.0,1.0,0.8,1.0,1.0,1.0,1.0,1.0,1.2,2.0,2.0,2.0,1.2,2.0,2.0,1.6,2.0,2.0,2.0,0.0,0.0,0.0,0.0,0.0,0.0,0.0,0.0,0.0,0.0,0.0,0.0,0.0,0.0,0.0,0.0,0.0,0.0,0.0,0.0,0.0,0.0,0.0,0.0,0.0,0.0,0.0,0.0,0.0,0.0,0.0,0.0,0.0,0.0,0.0,0.0,0.0,0.0,0.0,0.0,0.0,0.0,0.0,0.0,0.0,0.0
2024-09-15,ruim,57.0,301.0,2.0,2.0,2.0,1.6,2.0,2.0,3.0,1.8,2.0,2.8,1.4,2.0,1.6,1.6,2.0,2.0,2.2,2.8,1.6,2.0,2.2,3.0,2.8,1.4,0.0,0.0,0.4,1.6,1.6,2.0,1.6,2.0,2.0,0.8,2.0,1.6,2.0,2.0,2.0,2.0,2.0,2.8,3.0,3.0,3.0,2.0,2.0,1.6,1.2,1.6,0.4,1.2,1.0,1.0,1.0,1.0,1.0,1.0,1.0,0.8,0.0,0.0,0.0,0.0,0.0,0.0,0.0,0.0,0.0,0.0,0.0,0.0,0.0,0.0,0.0,0.0,0.0,0.0,0.0,0.0,0.0,0.0,0.0,0.0,0.0,0.0,0.0,0.0,0.0,0.0,0.0,0.0,0.0,0.0,0.0,0.0
2024-09-16,ruim,60.0,336.0,2.0,2.0,2.0,2.0,2.0,3.0,1.6,2.0,2.0,1.6,1.6,2.0,2.0,2.0,1.6,2.0,2.4,2.0,2.0,2.4,3.0,3.0,1.8,2.0,2.0,2.8,1.6,1.0,1.0,0.8,1.0,1.0,1.0,0.8,1.0,2.0,2.0,2.0,2.0,2.0,2.0,2.0,2.0,2.0,2.0,2.0,2.0,2.0,2.0,1.8,1.4,1.0,1.0,1.0,1.0,1.0,1.0,1.0,1.0,1.0,0.8,0.0,0.6,0.4,1.6,1.6,0.8,0.0,0.0,0.0,0.0,0.0,0.0,0.0,0.0,0.0,0.0,0.0,0.0,0.0,0.0,0.0,0.0,0.0,0.0,0.0,0.0,0.0,0.0,0.0,0.0,0.0,0.0,0.0,0.0,0.0
2024-09-17,regular,70.0,306.0,2.0,2.0,2.0,2.0,2.0,2.0,2.2,2.0,2.2,3.0,2.2,2.0,2.0,2.0,1.2,2.0,1.2,2.0,2.0,2.0,2.0,2.8,2.6,2.8,2.0,2.0,2.0,2.0,2.0,1.0,1.0,1.0,1.0,1.0,1.0,1.0,1.0,1.0,1.0,1.6,2.0,2.0,2.0,2.0,2.0,2.4,3.0,3.0,2.0,1.6,2.0,2.0,2.0,1.8,1.0,1.0,0.8,1.0,1.2,2.0,0.8,0.0,0.0,0.0,0.0,0.0,0.0,0.0,0.0,0.0,0.0,0.0,0.0,0.0,0.0,0.0,0.0,0.0,0.0,0.0,0.0,0.0,0.0,0.0,0.0,0.0,0.0,0.0,0.0,0.0,0.0,0.0,0.0,0.0,0.0,0.0
2024-09-18,ruim,66.0,321.0,2.0,2.0,2.0,2.0,1.2,2.0,2.6,3.0,3.0,3.0,3.0,2.0,1.0,1.0,1.0,1.0,1.0,2.0,2.0,2.0,2.2,1.2,2.0,2.0,2.8,1.2,2.0,2.0,2.6,2.4,2.0,2.0,1.0,2.0,1.2,2.0,2.0,1.6,1.2,1.2,2.0,1.2,1.0,1.0,1.0,1.0,1.0,1.0,1.0,1.6,2.0,2.0,2.0,2.0,2.0,1.6,2.0,1.2,1.2,1.2,2.0,1.6,1.2,1.6,0.0,0.0,0.0,0.0,0.0,0.0,0.0,0.0,0.0,0.0,0.0,0.0,0.0,0.0,0.0,0.0,0.0,0.0,0.0,0.0,0.0,0.0,0.0,0.0,0.0,0.0,0.0,0.0,0.0,0.0,0.0,0.0
2024-09-19,regular,81.0,399.0,2.0,2.0,2.0,1.6,2.0,2.0,2.0,2.4,2.6,1.8,1.0,1.0,2.0,2.0,2.0,1.6,2.0,2.0,2.0,2.0,2.2,3.0,3.0,3.0,3.0,3.0,3.0,2.2,1.2,1.0,0.6,1.2,1.2,1.6,1.6,2.0,2.0,2.0,2.0,2.0,2.0,2.6,2.2,2.0,1.0,1.0,0.8,0.8,0.6,1.4,2.0,2.0,2.0,2.0,2.2,2.0,2.0,2.4,3.0,1.4,2.0,2.0,2.0,1.4,1.2,1.4,1.0,0.8,1.0,1.0,0.8,1.0,2.0,2.0,1.8,2.0,2.0,0.8,0.4,0.75,0.0,0.0,0.0,0.0,0.0,0.0,0.0,0.0,0.0,0.0,0.0,0.0,0.0,0.0,0.0,0.0
2024-09-20,ruim,64.0,300.0,2.0,2.0,2.0,2.0,2.0,2.0,2.0,2.0,2.0,2.0,2.0,2.0,2.6,3.0,3.0,2.2,1.6,2.0,2.0,2.4,3.0,3.0,3.0,2.8,1.8,2.0,1.6,1.4,1.0,1.0,1.0,1.0,1.0,1.0,1.8,2.0,1.6,2.0,2.0,2.0,2.0,2.0,2.0,1.6,2.0,1.8,1.0,1.0,1.0,1.0,1.4,1.6,2.0,2.0,2.0,2.0,0.4,2.0,1.6,0.8,0.0,0.0,0.0,0.0,0.0,0.0,0.0,0.0,0.0,0.0,0.0,0.0,0.0,0.0,0.0,0.0,0.0,0.0,0.0,0.0,0.0,0.0,0.0,0.0,0.0,0.0,0.0,0.0,0.0,0.0,0.0,0.0,0.0,0.0,0.0,0.0
2024-09-22,ruim,69.0,611.0,2.0,2.0,1.8,0.8,2.0,2.0,2.2,3.0,3.0,3.0,3.0,3.0,3.0,1.8,1.6,2.0,2.0,2.0,2.8,3.0,3.0,3.0,3.0,3.0,3.0,2.2,2.0,2.0,2.0,2.0,2.8,3.0,3.0,3.0,1.6,1.6,2.0,1.4,1.0,1.0,1.0,1.0,1.0,1.6,2.0,2.0,2.0,2.0,2.0,2.0,1.6,2.0,1.6,2.0,2.0,2.0,2.0,1.0,1.0,1.0,0.8,2.0,2.0,2.0,1.2,0.8,2.0,2.0,1.2,1.6,2.0,2.0,2.0,2.0,0.8,1.6,0.8,1.0,1.0,1.0,1.0,0.4,2.0,1.6,1.6,1.6,2.0,2.0,2.0,2.0,2.0,2.0,3.0,1.2,1.0,1.0
2024-09-23,ruim,56.0,267.0,2.0,2.0,2.0,2.0,1.2,2.0,2.0,1.2,1.6,2.0,1.8,1.0,2.0,2.0,1.4,2.0,2.0,2.0,2.0,2.0,2.4,2.2,2.2,1.6,2.0,2.0,2.0,2.0,1.2,1.8,1.0,1.0,1.0,1.0,0.8,1.0,1.0,1.0,1.0,2.0,1.8,0.8,2.0,1.6,2.0,2.0,1.6,2.0,1.4,1.0,1.0,1.0,1.0,0.5,0.0,0.0,0.0,0.0,0.0,0.0,0.0,0.0,0.0,0.0,0.0,0.0,0.0,0.0,0.0,0.0,0.0,0.0,0.0,0.0,0.0,0.0,0.0,0.0,0.0,0.0,0.0,0.0,0.0,0.0,0.0,0.0,0.0,0.0,0.0,0.0,0.0,0.0,0.0,0.0,0.0,0.0
2024-09-24,regular,80.0,412.0,2.0,2.0,2.0,2.0,1.2,2.0,2.0,1.2,2.0,2.0,2.8,3.0,3.0,2.8,1.6,2.0,2.2,2.2,2.8,3.0,3.0,3.0,3.0,3.0,1.4,2.0,2.0,2.0,1.2,2.0,2.0,2.0,2.0,1.4,1.2,1.0,1.0,0.6,2.0,2.0,2.0,2.0,1.6,2.0,1.6,1.4,1.4,0.6,2.0,2.0,2.0,2.0,2.0,2.0,2.0,2.4,3.0,1.4,1.6,1.6,1.6,1.0,0.4,2.0,2.0,2.0,2.0,1.6,2.0,2.0,1.8,0.8,1.0,1.0,1.0,1.0,1.0,1.0,1.0,0.4,1.2,2.0,0.0,0.0,0.0,0.0,0.0,0.0,0.0,0.0,0.0,0.0,0.0,0.0,0.0,0.0
2024-09-28,bom,87.0,459.0,2.0,2.0,2.0,2.0,2.0,2.4,3.0,3.0,1.6,1.6,2.0,2.0,1.6,1.0,1.2,2.0,1.6,2.0,0.8,2.0,2.4,3.0,3.0,3.0,2.4,2.0,1.2,2.0,2.0,1.6,2.0,2.0,2.0,2.0,2.0,1.6,1.0,1.0,1.0,1.0,1.0,1.0,1.0,1.6,2.0,2.0,2.0,2.0,2.0,2.0,2.0,3.0,2.2,1.2,1.0,1.0,1.0,1.2,2.0,2.0,2.0,2.0,2.0,2.0,2.0,2.4,2.0,2.0,2.0,2.0,2.0,2.0,1.6,2.0,1.6,2.0,2.0,1.6,1.0,1.4,1.4,1.0,1.0,1.0,1.0,1.0,1.0,0.8,1.0,1.0,1.4,0.0,0.0,0.0,0.0,0.0
2024-09-30,regular,74.0,298.0,2.0,2.0,2.0,2.0,2.0,2.0,2.6,3.0,3.0,3.0,3.0,2.0,2.0,2.0,2.0,1.8,1.2,1.0,1.0,1.0,1.0,0.8,1.0,1.6,2.0,2.0,2.0,2.8,3.0,3.0,3.0,3.0,3.0,3.0,1.4,2.0,2.0,2.0,2.0,2.0,1.4,1.0,1.0,1.2,2.0,2.0,2.0,2.0,2.0,2.0,2.0,2.0,1.6,1.2,1.0,1.0,1.0,1.0,1.2,0.3333,0.0,0.0,0.0,0.0,0.0,0.0,0.0,0.0,0.0,0.0,0.0,0.0,0.0,0.0,0.0,0.0,0.0,0.0,0.0,0.0,0.0,0.0,0.0,0.0,0.0,0.0,0.0,0.0,0.0,0.0,0.0,0.0,0.0,0.0,0.0,0.0
2024-10-01,regular,82.0,358.0,2.0,2.0,2.0,2.0,2.4,0.8,2.0,2.2,3.0,3.0,3.0,3.0,3.0,1.0,1.0,1.2,1.4,2.0,2.0,2.2,2.6,3.0,3.0,3.0,1.4,2.0,1.2,1.0,1.0,1.0,1.0,1.0,1.0,1.0,1.4,2.0,2.0,2.0,2.0,2.0,2.6,3.0,3.0,3.0,3.0,2.2,2.0,2.0,0.0,1.8,1.0,1.0,1.0,1.0,1.0,1.0,1.0,1.2,1.0,2.0,2.0,2.0,2.0,2.0,1.6,2.0,1.2,0.2,1.0,0.4,1.6,0.3333,0.0,0.0,0.0,0.0,0.0,0.0,0.0,0.0,0.0,0.0,0.0,0.0,0.0,0.0,0.0,0.0,0.0,0.0,0.0,0.0,0.0,0.0,0.0,0.0
2024-10-02,bom,86.0,373.0,2.0,2.0,2.0,2.0,2.8,3.0,3.0,3.0,3.0,1.8,2.0,2.0,2.0,1.6,2.0,2.0,2.8,3.0,3.0,3.0,3.0,2.2,2.0,2.0,2.0,2.0,2.0,2.6,2.8,1.4,1.0,1.0,1.0,1.4,2.0,2.0,2.0,2.0,2.0,2.6,2.4,2.0,2.0,2.0,2.0,2.0,1.4,0.8,1.0,1.0,1.0,1.0,0.8,1.2,1.0,2.0,2.0,2.0,2.0,1.6,1.6,1.6,2.0,0.8,1.8,1.0,2.0,1.6,2.0,1.0,0.8,1.0,1.8,1.2,0.0,0.0,0.0,0.0,0.0,0.0,0.0,0.0,0.0,0.0,0.0,0.0,0.0,0.0,0.0,0.0,0.0,0.0,0.0,0.0,0.0,0.0
2024-10-03,bom,88.0,410.0,2.0,2.0,1.2,0.4,2.0,2.0,2.6,3.0,3.0,3.0,1.8,1.4,1.0,1.6,2.0,2.0,2.8,3.0,2.6,2.0,2.0,2.0,2.2,3.0,3.0,2.2,2.0,2.8,3.0,3.0,2.2,1.2,1.0,0.8,1.0,0.8,1.6,2.0,2.0,2.0,2.0,2.8,3.0,3.0,3.0,3.0,3.0,0.0,0.8,1.0,1.0,1.2,2.0,1.6,2.0,1.6,2.0,2.0,2.0,2.0,2.0,2.0,2.0,1.0,0.6,1.0,1.0,1.0,1.0,1.0,1.0,1.0,0.6,1.0,1.0,0.8,1.6,2.0,0.4,0.0,1.6,0.4,0.0,0.0,0.0,0.0,0.0,0.0,0.0,0.0,0.0,0.0,0.0,0.0,0.0,0.0
2024-10-06,bom,97.0,536.0,2.0,2.0,2.0,2.0,2.0,2.4,2.6,3.0,2.8,2.0,2.2,3.0,1.8,2.0,2.8,3.0,3.0,3.0,3.0,1.8,2.0,2.0,2.0,2.2,3.0,3.0,3.0,1.6,2.0,1.2,1.6,1.4,2.0,1.6,1.6,2.0,2.0,2.0,2.0,2.2,3.0,2.4,2.0,2.0,2.0,1.4,1.0,1.0,0.8,1.4,0.6,2.0,2.0,2.0,2.0,2.0,2.0,2.0,2.6,1.6,2.0,1.8,1.0,1.0,1.0,1.0,1.0,1.0,1.0,0.8,1.0,1.0,1.0,1.4,2.0,2.0,2.0,2.0,2.0,2.0,2.2,3.0,2.4,1.6,1.0,1.4,1.0,1.0,1.0,1.0,1.2,1.8,1.6,1.4,0.8,2.0
2024-10-07,regular,70.0,361.0,2.0,2.0,2.0,2.0,2.2,3.0,2.4,2.0,2.8,2.6,2.0,2.0,2.0,2.0,2.0,1.2,1.0,1.8,2.0,2.0,2.6,2.4,1.6,2.0,2.0,2.0,2.0,2.0,1.6,1.6,2.0,1.0,1.0,1.0,1.0,1.0,1.0,1.8,2.0,2.0,2.0,2.6,3.0,2.2,2.0,2.0,2.0,2.0,2.2,2.0,1.2,1.6,1.4,1.0,2.0,1.6,1.2,2.0,1.6,1.6,2.0,1.0,1.0,1.0,1.0,1.0,1.0,1.0,1.0,0.2,0.0,0.4,0.0,0.0,0.0,0.0,0.0,0.0,0.0,0.0,0.0,0.0,0.0,0.0,0.0,0.0,0.0,0.0,0.0,0.0,0.0,0.0,0.0,0.0,0.0,0.0
2024-10-08,ruim,51.0,312.0,2.0,2.0,2.0,2.0,2.2,1.2,2.0,0.0,0.4,1.6,1.6,2.0,2.0,1.6,1.6,2.0,2.0,3.0,3.0,3.0,3.0,3.0,1.8,2.0,2.0,0.8,2.0,1.2,2.0,1.6,1.6,2.0,1.2,1.6,1.6,2.0,1.2,0.8,0.8,1.2,2.0,2.0,1.2,0.4,0.4,2.0,2.0,2.0,1.6,2.0,2.0,2.0,1.6,1.0,1.0,1.0,1.0,1.0,1.0,1.0,0.8,0.4,0.0,0.0,0.0,0.0,0.0,0.0,0.0,0.0,0.0,0.0,0.0,0.0,0.0,0.0,0.0,0.0,0.0,0.0,0.0,0.0,0.0,0.0,0.0,0.0,0.0,0.0,0.0,0.0,0.0,0.0,0.0,0.0,0.0,0.0
2024-10-14,bom,91.0,384.0,2.0,2.0,2.0,2.0,2.0,2.0,2.2,2.4,3.0,3.0,2.4,3.0,3.0,3.0,2.6,1.2,1.0,1.0,2.0,2.0,2.0,2.8,3.0,3.0,3.0,3.0,3.0,3.0,3.0,3.0,1.6,1.6,1.0,1.0,1.0,1.0,1.0,1.0,1.0,1.0,2.0,2.0,2.0,2.0,2.0,2.8,2.6,1.6,2.0,2.0,2.0,2.0,2.0,2.0,1.6,1.2,2.0,2.0,1.6,1.2,1.0,1.0,1.0,1.0,1.0,1.0,1.0,0.8,0.8,1.6,2.0,2.0,1.2,1.2,1.2,2.0,1.0,0.0,0.0,0.0,0.0,0.0,0.0,0.0,0.0,0.0,0.0,0.0,0.0,0.0,0.0,0.0,0.0,0.0,0.0,0.0
2024-10-17,regular,84.0,489.0,2.0,2.0,1.8,0.0,2.0,2.0,2.4,3.0,3.0,3.0,3.0,3.0,3.0,3.0,1.8,2.0,2.4,2.0,2.0,2.0,1.2,1.6,2.0,1.6,2.0,1.6,1.2,2.0,1.4,1.6,2.0,1.0,1.2,1.0,1.0,1.0,1.6,2.0,2.0,1.8,2.0,1.6,2.0,2.2,3.0,3.0,3.0,3.0,1.6,2.0,1.6,1.0,1.0,0.6,1.8,1.6,2.0,1.2,1.0,1.0,1.0,1.0,1.6,2.0,2.0,2.0,2.4,3.0,2.4,0.8,1.2,2.0,2.0,1.6,1.2,0.4,1.2,1.0,1.0,0.8,1.0,1.0,1.0,1.0,1.0,1.0,1.0,1.0,1.0,1.0,0.8,1.8,1.6,2.0,2.0,2.0
2024-10-20,ruim,59.0,328.0,2.0,2.0,2.0,1.0,0.0,2.0,2.0,2.0,2.4,3.0,3.0,3.0,3.0,1.6,2.0,1.6,1.6,1.0,1.2,1.6,1.6,1.6,2.0,2.0,2.0,2.0,2.0,1.6,2.0,1.8,1.0,1.0,1.0,1.0,1.0,1.0,2.0,1.6,2.0,2.0,2.0,2.0,2.0,2.0,2.0,2.0,2.0,2.0,1.2,1.8,0.8,1.0,1.0,1.0,1.0,1.0,1.0,0.6,2.0,2.0,2.0,2.0,2.0,2.0,2.0,0.6667,0.0,0.0,0.0,0.0,0.0,0.0,0.0,0.0,0.0,0.0,0.0,0.0,0.0,0.0,0.0,0.0,0.0,0.0,0.0,0.0,0.0,0.0,0.0,0.0,0.0,0.0,0.0,0.0,0.0,0.0
2024-10-21,regular,83.0,349.0,2.0,2.0,2.0,2.0,2.2,3.0,3.0,3.0,3.0,3.0,3.0,3.0,3.0,1.4,1.0,1.0,1.0,1.0,1.0,1.8,2.0,2.0,1.8,2.0,2.0,2.4,3.0,2.6,2.0,1.2,1.0,1.0,1.0,1.0,1.6,1.6,2.0,2.0,2.0,2.2,1.6,2.0,2.0,2.0,2.6,3.0,2.0,2.0,2.0,2.0,2.0,2.0,1.2,1.0,1.0,1.0,0.8,1.0,1.0,1.0,1.0,1.0,1.0,1.0,1.0,1.8,2.0,2.0,2.0,0.5,0.0,0.0,0.0,0.0,0.0,0.0,0.0,0.0,0.0,0.0,0.0,0.0,0.0,0.0,0.0,0.0,0.0,0.0,0.0,0.0,0.0,0.0,0.0,0.0,0.0,0.0
2024-10-22,regular,81.0,428.0,2.0,2.0,2.0,2.0,2.2,3.0,0.8,2.0,2.0,1.6,1.6,2.0,2.6,3.0,3.0,3.0,3.0,3.0,3.0,2.4,2.0,1.4,1.0,1.6,1.0,2.0,2.0,2.0,2.0,2.0,2.0,2.2,2.0,2.0,2.0,1.0,1.0,1.0,1.2,1.0,2.0,1.8,1.6,2.0,0.8,2.0,2.0,2.0,2.0,1.6,2.0,1.6,1.0,1.2,1.2,2.0,0.8,1.6,1.2,1.6,0.8,0.0,1.6,1.6,1.0,1.0,1.0,1.0,1.8,2.0,2.0,0.8,2.0,1.6,2.0,2.0,2.0,2.2,1.8,1.8,1.6,2.0,2.0,1.6,2.0,0.6667,0.0,0.0,0.0,0.0,0.0,0.0,0.0,0.0,0.0,0.0
2024-10-23,bom,85.0,356.0,2.0,2.0,2.0,2.0,2.0,2.0,2.8,3.0,3.0,3.0,3.0,3.0,3.0,1.4,1.6,2.0,2.0,3.0,3.0,3.0,2.0,2.0,2.0,2.8,3.0,2.6,2.0,2.0,2.0,2.0,1.0,1.0,1.0,1.0,1.0,1.0,1.0,2.0,2.0,1.6,2.0,2.0,2.0,1.2,2.0,2.0,2.0,1.0,2.0,1.6,1.6,2.0,2.0,2.0,2.0,2.0,2.0,1.0,1.0,1.6,1.0,0.8,1.2,1.0,1.0,1.0,1.0,1.0,1.0,1.0,0.8,0.0,0.0,0.0,0.0,0.0,0.0,0.0,0.0,0.0,0.0,0.0,0.0,0.0,0.0,0.0,0.0,0.0,0.0,0.0,0.0,0.0,0.0,0.0,0.0,0.0
2024-10-24,regular,79.0,407.0,2.0,2.0,2.0,2.0,2.0,2.0,3.0,3.0,3.0,3.0,3.0,3.0,2.2,1.6,2.0,1.6,1.6,1.6,2.0,2.0,2.2,3.0,3.0,2.8,1.6,2.0,2.0,2.0,2.4,2.8,1.0,1.0,1.0,1.0,1.0,1.0,0.6,2.0,2.0,2.0,2.0,2.0,2.0,1.6,2.0,2.0,2.0,1.6,1.6,2.0,2.0,1.6,1.6,1.6,2.0,1.6,1.2,1.0,1.0,1.0,0.8,1.6,2.0,2.0,2.0,1.2,0.8,0.4,0.4,2.0,2.0,2.0,2.0,0.8,2.0,1.6,2.0,1.6,2.0,2.0,2.0,1.0,0.0,0.0,0.0,0.0,0.0,0.0,0.0,0.0,0.0,0.0,0.0,0.0,0.0,0.0
2024-10-26,bom,86.0,478.0,2.0,2.0,2.0,2.0,2.0,2.6,3.0,3.0,2.8,2.0,2.8,2.2,2.8,3.0,0.4,2.0,2.0,2.0,2.2,3.0,3.0,1.4,2.0,2.0,2.0,3.0,2.4,1.6,2.0,0.8,1.0,1.0,1.0,1.4,2.0,2.0,2.4,2.0,2.2,3.0,3.0,2.4,2.6,1.2,2.0,2.0,2.0,1.2,2.0,2.0,2.0,2.2,1.4,1.0,1.0,1.0,1.0,1.2,1.0,1.0,1.0,1.0,1.0,1.6,2.0,2.0,2.0,1.6,2.0,2.0,0.4,1.2,1.6,2.0,1.6,1.2,1.6,1.8,1.0,1.0,1.0,0.8,1.8,1.0,1.0,1.0,1.0,1.0,1.0,1.8,1.6,1.6,2.0,1.6,2.0,0.6667
2024-10-30,regular,79.0,366.0,2.0,2.0,2.0,2.0,2.0,2.4,3.0,3.0,3.0,3.0,3.0,3.0,3.0,1.4,2.0,2.0,2.0,1.4,2.0,2.0,2.0,2.0,2.4,3.0,1.2,2.0,2.0,2.0,2.0,1.2,1.0,1.0,1.0,1.0,0.6,1.0,0.8,0.8,2.0,2.0,2.0,2.0,2.0,2.0,2.0,2.2,3.0,1.8,1.6,2.0,2.0,2.0,2.0,2.0,1.4,1.0,2.0,2.0,2.0,2.0,1.6,1.8,0.0,0.8,1.0,1.0,1.0,1.0,1.0,0.8,2.0,2.0,1.2,0.0,0.0,0.0,0.0,0.0,0.0,0.0,0.0,0.0,0.0,0.0,0.0,0.0,0.0,0.0,0.0,0.0,0.0,0.0,0.0,0.0,0.0,0.0
2024-11-01,regular,80.0,307.0,2.0,2.0,2.0,2.0,2.0,1.6,2.0,2.0,2.0,2.6,2.6,2.8,3.0,3.0,2.6,1.2,1.4,2.0,2.0,2.0,2.0,2.0,2.6,3.0,3.0,3.0,2.2,2.0,1.4,0.8,1.0,0.8,1.6,2.0,2.0,1.8,2.0,2.0,2.0,2.0,2.0,2.0,2.0,2.0,2.2,3.0,3.0,1.6,1.6,1.0,1.0,1.0,0.6,1.2,1.0,1.0,1.0,1.0,1.0,1.0,0.6,0.0,0.0,0.0,0.0,0.0,0.0,0.0,0.0,0.0,0.0,0.0,0.0,0.0,0.0,0.0,0.0,0.0,0.0,0.0,0.0,0.0,0.0,0.0,0.0,0.0,0.0,0.0,0.0,0.0,0.0,0.0,0.0,0.0,0.0,0.0
2024-11-04,regular,77.0,334.0,2.0,2.0,2.0,2.0,2.0,2.6,3.0,2.2,2.0,2.6,3.0,2.6,2.2,2.4,3.0,3.0,3.0,3.0,3.0,2.0,2.0,2.0,1.6,2.0,2.0,1.2,2.0,1.6,1.8,1.4,1.2,1.2,1.0,1.0,0.8,2.0,2.0,2.0,2.0,2.0,3.0,3.0,3.0,1.6,2.0,2.0,2.0,1.8,1.0,1.2,2.0,1.6,1.6,2.0,1.6,1.8,1.0,1.0,1.0,1.0,1.0,1.0,1.0,1.0,1.2,0.0,0.5,0.0,0.0,0.0,0.0,0.0,0.0,0.0,0.0,0.0,0.0,0.0,0.0,0.0,0.0,0.0,0.0,0.0,0.0,0.0,0.0,0.0,0.0,0.0,0.0,0.0,0.0,0.0,0.0,0.0
2024-11-05,bom,88.0,535.0,2.0,2.0,2.0,0.0,0.8,2.0,2.0,2.0,2.4,3.0,3.0,3.0,3.0,3.0,2.0,2.0,1.4,1.0,2.0,1.2,0.0,2.0,2.0,2.0,2.6,3.0,3.0,3.0,3.0,2.2,1.4,1.6,1.4,1.0,1.0,1.0,1.0,1.0,1.0,1.2,2.0,2.2,2.0,2.6,3.0,3.0,3.0,3.0,3.0,2.6,2.0,1.6,2.0,1.8,1.0,2.0,1.8,1.0,0.8,1.0,1.0,1.0,1.0,1.0,1.0,1.0,1.8,2.0,2.0,2.0,2.0,2.4,2.8,1.6,2.0,2.0,2.0,2.0,1.6,1.4,1.0,0.4,0.0,0.8,0.0,0.8,2.0,2.0,2.0,2.0,1.2,2.0,2.0,1.4,1.0,1.0
2024-11-06,regular,71.0,404.0,2.0,2.0,2.0,2.0,0.4,2.0,2.0,2.0,2.6,1.2,2.0,2.0,2.0,3.0,1.2,2.0,1.4,2.0,2.0,2.0,2.2,3.0,2.4,2.0,2.0,2.0,2.0,2.8,2.6,0.8,1.8,1.6,0.6,2.0,1.2,1.2,2.0,2.0,1.6,2.0,2.0,2.0,2.0,0.8,2.0,2.0,2.0,2.0,2.0,2.0,2.0,2.0,2.0,0.8,1.6,1.2,1.4,1.0,1.0,1.0,1.0,1.0,1.0,1.0,1.0,1.2,2.0,2.0,2.0,2.0,1.6,2.0,2.0,2.0,2.0,2.0,1.6,1.6,1.8,0.4,1.0,0.0,0.0,0.0,0.0,0.0,0.0,0.0,0.0,0.0,0.0,0.0,0.0,0.0,0.0,0.0
2024-11-07,bom,86.0,354.0,2.0,2.0,2.0,2.0,2.2,3.0,2.6,2.0,2.6,1.8,1.0,2.0,2.0,2.0,2.8,2.8,2.2,2.2,2.0,2.0,2.0,1.6,2.0,1.8,1.0,1.2,1.8,1.6,2.0,2.0,2.0,2.2,3.0,3.0,3.0,3.0,3.0,3.0,1.8,1.8,1.0,1.0,1.0,1.0,1.0,0.8,0.6,1.0,1.0,1.2,1.6,2.0,2.0,2.0,2.0,2.0,2.0,2.0,1.6,2.0,0.8,1.0,1.0,1.0,1.0,1.0,0.8,2.0,1.6,2.0,1.0,0.0,0.0,0.0,0.0,0.0,0.0,0.0,0.0,0.0,0.0,0.0,0.0,0.0,0.0,0.0,0.0,0.0,0.0,0.0,0.0,0.0,0.0,0.0,0.0,0.0
2024-11-08,bom,87.0,362.0,2.0,2.0,2.0,2.0,3.0,2.8,2.0,2.6,3.0,2.0,1.8,1.0,1.0,1.0,1.4,2.0,2.0,2.0,2.6,3.0,3.0,3.0,2.2,2.6,3.0,2.4,2.0,1.2,1.0,1.0,0.6,1.6,2.0,2.0,2.0,2.0,2.0,2.8,3.0,3.0,2.6,2.0,2.0,1.2,1.4,1.0,1.0,1.0,1.0,1.0,1.0,1.0,2.0,2.0,2.0,2.0,2.0,2.0,2.0,2.0,2.4,3.0,3.0,2.0,1.6,1.0,1.0,1.0,1.0,1.8,1.4,1.8,0.0,0.0,0.0,0.0,0.0,0.0,0.0,0.0,0.0,0.0,0.0,0.0,0.0,0.0,0.0,0.0,0.0,0.0,0.0,0.0,0.0,0.0,0.0,0.0
2024-11-11,bom,95.0,413.0,2.0,2.0,2.0,2.0,2.0,2.6,3.0,3.0,2.4,2.0,2.0,2.4,3.0,3.0,3.0,3.0,3.0,3.0,2.0,2.0,2.8,3.0,3.0,1.4,2.0,2.0,1.8,0.6,2.0,2.0,2.0,2.6,2.0,1.0,1.0,1.0,1.0,1.6,2.0,2.0,2.0,2.0,1.6,2.0,2.0,2.0,1.6,0.8,2.0,1.6,1.4,1.0,1.0,1.0,0.8,1.0,1.4,1.6,2.0,2.0,2.2,3.0,3.0,3.0,1.8,2.0,2.0,2.0,2.0,1.8,1.0,1.0,1.8,1.0,0.8,1.0,1.0,1.0,1.0,1.0,1.0,0.8,0.0,0.0,0.0,0.0,0.0,0.0,0.0,0.0,0.0,0.0,0.0,0.0,0.0,0.0
2024-11-12,regular,72.0,353.0,2.0,2.0,2.0,2.0,2.0,0.6,1.0,1.0,1.8,2.0,2.0,2.0,2.2,3.0,3.0,2.4,1.8,1.0,1.4,2.0,2.0,1.6,1.6,2.0,2.8,3.0,2.6,3.0,3.0,2.4,2.0,0.4,2.0,2.0,1.0,1.0,1.0,1.0,1.0,1.4,1.0,1.6,2.0,2.0,2.0,2.0,2.0,3.0,3.0,3.0,2.2,1.6,2.0,2.0,2.0,2.0,1.2,2.0,2.0,1.2,1.0,1.0,1.0,0.8,1.2,1.8,1.0,1.0,1.0,1.0,0.3333,0.0,0.0,0.0,0.0,0.0,0.0,0.0,0.0,0.0,0.0,0.0,0.0,0.0,0.0,0.0,0.0,0.0,0.0,0.0,0.0,0.0,0.0,0.0,0.0,0.0
2024-11-14,bom,85.0,400.0,2.0,2.0,2.0,1.6,2.4,3.0,3.0,3.0,3.0,3.0,1.6,2.0,2.0,2.0,2.2,3.0,3.0,2.6,2.0,2.0,2.0,2.4,3.0,2.4,1.6,1.8,1.0,1.0,0.6,1.0,1.0,1.0,1.0,1.2,1.6,1.6,1.6,1.6,2.0,2.0,2.0,2.0,2.8,2.2,2.0,1.4,1.0,1.0,1.0,1.2,0.8,2.0,2.0,1.6,2.0,2.0,1.6,1.2,2.0,2.0,1.4,1.8,1.6,2.0,2.0,2.0,1.6,1.6,1.0,1.0,1.0,1.0,1.0,1.0,1.2,1.0,1.8,0.0,0.4,0.0,0.0,0.0,0.0,0.0,0.0,0.0,0.0,0.0,0.0,0.0,0.0,0.0,0.0,0.0,0.0,0.0
2024-11-16,ruim,69.0,365.0,2.0,2.0,2.0,2.0,2.8,0.8,1.6,2.0,2.0,2.0,2.0,2.0,1.6,2.0,2.0,2.8,3.0,3.0,2.4,1.6,2.0,2.0,2.0,2.0,1.2,1.0,1.0,1.0,1.0,1.0,1.8,2.0,1.6,2.0,2.0,2.0,2.0,2.0,2.0,2.0,2.0,2.0,3.0,3.0,2.0,1.6,1.4,1.0,0.6,1.0,0.8,0.8,2.0,1.6,1.0,1.2,1.0,1.4,2.0,1.2,1.4,2.0,2.0,2.0,2.0,2.0,2.0,1.6,0.0,0.2,1.0,0.8,1.0,0.0,0.0,0.0,0.0,0.0,0.0,0.0,0.0,0.0,0.0,0.0,0.0,0.0,0.0,0.0,0.0,0.0,0.0,0.0,0.0,0.0,0.0,0.0
2024-11-18,regular,71.0,368.0,2.0,2.0,2.0,2.0,1.6,2.0,2.0,2.0,2.0,2.4,3.0,3.0,3.0,3.0,1.4,2.0,2.0,2.0,1.6,2.0,2.0,2.2,2.0,2.8,3.0,3.0,2.4,1.0,1.4,1.6,2.0,2.0,2.0,2.0,2.0,2.0,1.0,1.0,0.6,1.0,1.0,1.0,1.0,1.6,2.0,2.0,2.0,2.0,2.0,2.0,3.0,3.0,3.0,1.2,2.0,2.0,2.0,2.0,1.2,1.0,1.0,1.0,1.0,1.0,1.2,1.6,2.0,1.6,2.0,1.2,0.4,1.6,2.0,0.3333,0.0,0.0,0.0,0.0,0.0,0.0,0.0,0.0,0.0,0.0,0.0,0.0,0.0,0.0,0.0,0.0,0.0,0.0,0.0,0.0,0.0,0.0
2024-11-19,bom,90.0,434.0,2.0,2.0,2.0,2.0,2.0,2.0,2.8,3.0,3.0,3.0,3.0,3.0,1.8,2.0,2.0,2.0,3.0,3.0,3.0,3.0,2.8,1.6,2.0,2.0,1.6,2.0,2.0,2.0,3.0,3.0,2.0,2.0,2.0,2.8,3.0,1.8,0.4,1.0,0.6,0.6,1.0,0.6,1.0,1.6,2.0,2.0,2.0,2.0,2.0,2.6,3.0,2.4,3.0,3.0,3.0,2.4,2.0,2.0,1.4,1.0,1.0,1.0,1.0,1.0,1.0,1.0,0.6,2.0,2.0,1.2,1.6,2.0,2.0,1.6,0.4,0.0,1.4,0.0,1.4,1.0,1.0,1.0,0.8,2.0,2.0,2.0,1.0,0.0,0.0,0.0,0.0,0.0,0.0,0.0,0.0,0.0
2024-11-20,regular,80.0,547.0,2.0,2.0,1.6,0.0,0.0,0.8,1.6,2.0,2.0,1.6,1.8,1.8,1.6,2.0,2.6,2.0,2.0,2.0,2.0,2.0,2.0,2.4,3.0,3.0,3.0,1.6,2.0,2.0,2.0,2.0,1.6,1.0,1.0,1.0,1.0,1.0,1.0,1.0,1.8,2.0,2.0,2.0,2.4,3.0,3.0,3.0,1.6,1.6,2.0,2.0,2.0,2.2,3.0,3.0,1.6,1.4,2.0,0.8,0.8,2.0,2.0,2.0,2.0,1.6,1.6,2.0,2.0,2.0,1.2,1.0,1.0,1.0,1.0,1.0,1.0,1.6,2.0,1.6,2.0,2.0,2.0,2.0,2.0,2.0,2.0,1.2,1.6,1.4,1.0,0.6,0.8,1.0,1.0,0.8,1.0,1.2
2024-11-22,bom,99.0,422.0,2.0,2.0,2.0,2.0,2.6,3.0,3.0,3.0,3.0,3.0,3.0,2.8,2.0,1.6,1.0,1.0,1.4,2.0,2.0,2.0,2.4,3.0,3.0,3.0,1.6,2.0,2.0,2.8,3.0,3.0,3.0,3.0,2.4,1.6,1.6,0.8,1.0,1.0,1.0,1.0,1.2,2.0,2.0,2.0,2.0,2.0,2.0,2.0,2.0,3.0,3.0,3.0,2.0,1.0,1.0,1.0,1.0,1.0,1.0,1.0,1.8,2.0,2.0,1.6,2.0,2.0,2.0,2.0,1.2,1.4,1.0,1.0,1.0,1.0,1.0,1.2,1.4,0.8,1.0,1.0,1.0,1.4,2.0,2.0,0.0,0.0,0.0,0.0,0.0,0.0,0.0,0.0,0.0,0.0,0.0,0.0
2024-11-23,bom,92.0,544.0,2.0,2.0,2.0,1.6,1.2,2.0,2.0,2.2,3.0,3.0,3.0,3.0,3.0,3.0,3.0,3.0,1.8,2.0,2.0,2.0,2.4,3.0,1.8,1.6,2.0,1.6,2.0,1.2,1.0,0.8,1.6,1.2,2.0,1.6,2.0,2.0,2.4,2.8,3.0,3.0,3.0,3.0,3.0,3.0,2.0,2.0,2.0,1.4,1.0,1.0,1.0,1.0,1.0,1.0,1.0,1.0,1.0,1.2,2.0,2.0,2.0,2.0,2.0,2.0,2.0,1.6,1.6,2.0,1.6,2.0,1.8,1.0,1.0,1.0,1.0,1.0,1.0,1.6,1.0,1.8,2.0,2.0,2.0,2.0,1.6,2.0,2.0,1.8,0.8,1.0,1.0,0.8,1.0,0.8,1.6,2.0
2024-11-25,regular,82.0,379.0,2.0,2.0,2.0,2.0,2.0,2.0,2.4,3.0,3.0,1.8,2.0,2.0,2.0,2.0,2.0,1.8,1.0,1.0,1.0,1.0,1.0,2.0,2.0,2.2,1.6,2.0,2.0,2.4,2.4,3.0,3.0,3.0,3.0,2.0,1.6,2.0,1.2,1.0,1.0,1.0,1.0,1.0,1.0,1.2,2.0,2.0,2.0,2.0,2.0,2.0,2.0,2.0,2.0,2.0,2.0,2.0,2.0,2.0,2.0,1.0,1.6,2.0,2.0,1.8,1.4,1.0,1.0,1.0,1.0,1.0,1.0,1.0,1.0,0.6,1.0,0.5,0.0,0.0,0.0,0.0,0.0,0.0,0.0,0.0,0.0,0.0,0.0,0.0,0.0,0.0,0.0,0.0,0.0,0.0,0.0,0.0
2024-11-26,regular,79.0,399.0,2.0,2.0,2.0,1.2,0.0,0.0,0.8,1.2,2.0,1.6,2.0,1.8,1.0,1.0,1.0,1.0,1.0,1.0,1.0,2.0,2.0,2.0,2.0,2.0,2.6,2.6,2.2,3.0,3.0,3.0,3.0,3.0,1.8,1.6,1.8,1.0,1.0,1.0,1.0,1.0,1.0,2.0,2.0,2.0,2.0,2.0,3.0,3.0,3.0,3.0,0.8,2.0,1.0,1.0,1.0,1.0,1.0,1.0,1.0,0.6,1.2,1.0,1.0,1.2,2.0,2.0,2.0,2.0,1.6,1.2,2.0,2.0,2.0,0.8,1.0,1.4,1.8,2.0,2.0,0.0,0.0,0.0,0.0,0.0,0.0,0.0,0.0,0.0,0.0,0.0,0.0,0.0,0.0,0.0,0.0,0.0
2024-11-27,regular,82.0,367.0,2.0,2.0,2.0,2.0,2.6,3.0,2.8,2.0,1.2,2.0,1.8,1.0,1.0,1.8,2.0,2.0,2.2,3.0,3.0,3.0,1.8,2.0,2.0,2.8,2.2,0.4,1.4,1.0,1.0,1.0,1.0,1.0,1.4,2.0,2.0,1.6,1.6,2.0,2.0,2.8,3.0,3.0,3.0,1.2,2.0,2.0,2.0,1.6,1.2,2.0,2.0,1.8,1.6,2.0,2.0,2.0,2.0,2.0,2.0,2.0,2.0,2.0,1.6,1.4,1.0,1.0,1.0,1.0,1.0,1.0,0.8,0.4,2.0,0.0,0.0,0.0,0.0,0.0,0.0,0.0,0.0,0.0,0.0,0.0,0.0,0.0,0.0,0.0,0.0,0.0,0.0,0.0,0.0,0.0,0.0,0.0
2024-11-28,regular,80.0,336.0,2.0,2.0,2.0,2.0,2.0,2.8,3.0,3.0,2.6,2.2,2.6,1.0,1.4,2.0,2.0,2.2,3.0,3.0,3.0,3.0,3.0,2.0,3.0,3.0,1.6,2.0,2.0,1.4,1.0,1.0,1.0,1.0,1.0,1.0,1.6,1.2,2.0,2.0,2.0,2.0,2.0,2.0,2.0,2.6,3.0,2.2,1.6,1.6,2.0,2.0,2.0,1.0,1.0,0.4,2.0,2.0,2.0,0.8,1.6,1.0,1.0,1.0,1.0,0.8,0.4,2.0,1.6,0.0,0.0,0.0,0.0,0.0,0.0,0.0,0.0,0.0,0.0,0.0,0.0,0.0,0.0,0.0,0.0,0.0,0.0,0.0,0.0,0.0,0.0,0.0,0.0,0.0,0.0,0.0,0.0,0.0
2024-11-29,ruim,59.0,328.0,2.0,2.0,2.0,1.2,0.0,0.0,0.8,0.0,0.0,0.0,0.0,0.8,2.0,1.2,2.0,2.0,2.2,3.0,2.4,2.4,3.0,3.0,1.2,2.0,2.0,2.0,2.0,2.4,3.0,3.0,1.4,2.0,1.2,1.0,0.8,1.6,2.0,2.0,1.2,2.0,2.0,2.0,2.0,1.2,1.0,1.0,1.0,1.0,1.0,0.6,1.0,1.0,1.0,1.0,1.2,2.0,2.0,2.0,2.0,1.6,2.0,2.0,2.0,2.0,1.6,2.0,0.0,0.0,0.0,0.0,0.0,0.0,0.0,0.0,0.0,0.0,0.0,0.0,0.0,0.0,0.0,0.0,0.0,0.0,0.0,0.0,0.0,0.0,0.0,0.0,0.0,0.0,0.0,0.0,0.0,0.0
2024-12-02,regular,84.0,355.0,2.0,2.0,2.0,2.0,2.4,3.0,3.0,2.2,2.6,1.6,1.2,1.0,1.0,1.0,1.8,2.4,3.0,3.0,1.2,2.0,2.0,3.0,2.2,2.2,3.0,3.0,2.8,1.6,2.0,2.0,2.0,2.0,1.2,1.6,1.0,1.0,1.0,1.0,1.0,1.0,1.6,2.0,2.0,2.0,2.0,2.0,2.0,2.0,2.0,2.0,2.0,2.6,3.0,2.4,2.0,1.0,1.0,1.0,1.0,1.0,1.0,1.0,1.0,1.0,1.0,2.0,1.6,0.0,0.0,0.8,1.2,0.0,0.0,0.0,0.0,0.0,0.0,0.0,0.0,0.0,0.0,0.0,0.0,0.0,0.0,0.0,0.0,0.0,0.0,0.0,0.0,0.0,0.0,0.0,0.0,0.0
2024-12-03,regular,80.0,362.0,2.0,2.0,2.0,2.0,1.6,2.4,3.0,2.2,3.0,3.0,3.0,2.0,2.0,1.2,1.2,1.6,1.0,1.0,1.4,1.6,2.0,1.2,2.0,1.6,1.6,2.0,2.0,2.0,3.0,2.4,1.2,1.0,1.0,0.8,2.0,2.0,2.0,2.0,2.0,2.6,2.8,3.0,2.6,2.0,2.0,0.8,1.0,1.0,1.0,1.0,1.0,1.0,2.0,2.0,2.0,0.2,2.0,2.0,2.0,1.6,2.0,2.0,2.0,2.0,2.2,3.0,2.4,1.6,2.0,2.0,1.0,1.0,1.0,0.0,0.0,0.0,0.0,0.0,0.0,0.0,0.0,0.0,0.0,0.0,0.0,0.0,0.0,0.0,0.0,0.0,0.0,0.0,0.0,0.0,0.0,0.0
2024-12-04,bom,86.0,396.0,2.0,2.0,1.6,0.0,0.0,0.0,0.8,2.0,2.0,2.0,2.0,1.6,2.0,2.0,3.0,1.8,2.0,2.0,2.4,3.0,3.0,3.0,3.0,3.0,3.0,3.0,3.0,1.0,1.0,1.0,1.0,1.0,1.0,1.2,2.0,2.0,2.0,2.0,2.2,3.0,3.0,3.0,1.6,2.0,2.0,2.0,2.0,1.2,1.0,1.0,1.0,0.6,0.8,2.0,1.2,2.0,2.0,2.0,2.0,2.0,2.0,2.0,2.0,1.2,1.6,2.0,1.6,1.6,1.2,1.0,1.0,1.0,1.0,1.0,2.0,2.0,2.0,1.2,1.2,0.0,0.0,0.0,0.0,0.0,0.0,0.0,0.0,0.0,0.0,0.0,0.0,0.0,0.0,0.0,0.0,0.0
2024-12-05,bom,90.0,470.0,2.0,2.0,2.0,1.2,1.6,2.0,3.0,3.0,3.0,3.0,3.0,2.4,2.0,2.0,2.0,2.0,2.2,3.0,3.0,1.6,2.0,2.0,2.0,2.0,1.6,1.0,1.0,0.8,1.4,2.0,2.0,1.6,2.0,2.0,2.4,3.0,3.0,3.0,3.0,3.0,3.0,2.4,1.6,2.0,0.8,1.4,1.0,1.0,1.0,1.0,1.0,1.0,1.2,2.0,2.0,2.0,2.0,2.0,2.0,2.0,2.0,2.0,2.0,1.2,2.0,1.4,1.0,1.0,1.0,1.0,1.0,0.8,2.0,1.6,1.6,2.0,2.0,2.0,2.0,1.2,0.4,0.0,0.0,0.0,0.0,0.0,0.0,1.8,0.8,1.0,1.0,1.0,1.0,0.6,0.0,0.0
2024-12-06,regular,75.0,358.0,2.0,2.0,2.0,2.0,1.6,2.0,2.0,3.0,3.0,3.0,2.6,1.0,1.0,2.0,2.0,3.0,3.0,3.0,1.4,2.0,1.6,2.0,1.6,2.0,2.0,2.0,2.0,2.0,2.0,1.4,0.8,0.8,0.8,1.6,2.0,2.0,2.0,2.0,2.6,2.8,2.0,2.0,1.6,2.0,2.0,2.0,2.0,2.0,1.4,1.0,1.0,1.0,1.0,1.0,1.0,1.0,0.8,2.0,2.0,1.4,1.8,2.0,2.0,2.0,2.0,1.2,1.6,2.0,1.6,2.0,2.0,0.3333,0.0,0.0,0.0,0.0,0.0,0.0,0.0,0.0,0.0,0.0,0.0,0.0,0.0,0.0,0.0,0.0,0.0,0.0,0.0,0.0,0.0,0.0,0.0,0.0
2024-12-09,bom,87.0,406.0,2.0,2.0,2.0,2.0,2.0,2.4,3.0,3.0,3.0,3.0,2.2,1.8,1.0,1.0,2.0,2.0,1.0,1.0,1.0,0.4,2.0,2.0,2.0,3.0,2.6,2.0,2.8,3.0,3.0,1.8,2.0,2.0,1.2,2.0,1.6,1.6,1.2,1.2,2.0,2.0,2.0,2.0,2.0,2.0,1.6,2.0,2.0,1.8,1.0,1.6,1.0,1.4,1.0,0.8,1.0,1.0,1.0,1.4,2.0,1.6,2.0,2.0,2.0,2.0,2.0,2.0,3.0,2.4,1.6,2.0,1.0,0.6,1.0,1.0,1.0,1.0,1.0,1.0,1.0,1.0,0.4,0.0,0.0,0.0,0.0,0.0,0.0,0.0,0.0,0.0,0.0,0.0,0.0,0.0,0.0,0.0
2024-12-11,ruim,59.0,257.0,2.0,2.0,2.0,0.8,2.0,2.0,2.0,2.0,2.0,1.2,1.8,2.0,2.0,2.4,3.0,3.0,3.0,3.0,2.2,3.0,3.0,1.4,2.0,1.6,2.0,1.0,2.0,2.0,1.2,1.4,0.8,1.0,1.0,0.8,1.0,1.0,1.2,2.0,2.0,2.0,2.0,2.0,1.6,2.0,1.0,1.0,1.0,1.0,1.0,1.2,2.0,0.0,0.0,0.0,0.0,0.0,0.0,0.0,0.0,0.0,0.0,0.0,0.0,0.0,0.0,0.0,0.0,0.0,0.0,0.0,0.0,0.0,0.0,0.0,0.0,0.0,0.0,0.0,0.0,0.0,0.0,0.0,0.0,0.0,0.0,0.0,0.0,0.0,0.0,0.0,0.0,0.0,0.0,0.0,0.0,0.0
2024-12-14,regular,81.0,414.0,2.0,2.0,2.0,1.2,2.0,2.0,0.0,2.0,2.0,2.0,2.0,2.0,1.2,2.0,2.0,2.0,2.4,3.0,3.0,2.8,2.4,2.4,2.8,1.8,2.0,2.0,2.0,1.6,1.8,1.0,1.2,1.6,2.0,2.0,2.0,2.0,2.6,3.0,2.2,1.6,2.0,2.0,2.0,2.0,2.0,1.6,2.0,2.0,2.0,2.0,2.0,1.0,1.0,1.0,1.0,0.8,0.6,0.6,0.8,0.4,1.0,1.0,2.0,1.6,1.6,2.0,2.0,2.0,2.0,2.0,2.0,2.8,3.0,1.8,2.0,1.2,0.6,1.0,1.0,1.0,1.0,1.0,0.0,0.0,0.0,0.0,0.0,0.0,0.0,0.0,0.0,0.0,0.0,0.0,0.0,0.0
2024-12-17,bom,98.0,427.0,2.0,2.0,2.0,1.6,1.2,2.0,2.0,2.0,3.0,3.0,3.0,3.0,3.0,3.0,1.2,1.0,1.0,2.0,2.0,2.4,3.0,3.0,3.0,3.0,3.0,2.2,2.0,2.0,2.0,1.0,1.0,1.0,1.0,1.0,0.8,2.0,2.0,1.6,1.2,2.0,2.0,2.8,2.4,2.0,2.0,2.8,1.6,1.0,1.0,1.0,1.0,1.0,1.2,2.0,1.4,1.6,2.0,2.0,1.6,1.6,2.0,1.4,1.2,1.6,2.0,2.0,2.0,2.0,1.6,1.6,1.0,1.0,1.0,1.0,1.0,1.6,2.0,2.0,1.6,0.8,1.0,1.0,0.6,1.6,1.8,0.0,0.0,0.0,0.0,0.0,0.0,0.0,0.0,0.0,0.0,0.0
2024-12-21,regular,71.0,618.0,2.0,2.0,2.0,2.0,2.0,2.0,2.0,2.2,3.0,3.0,3.0,3.0,2.2,1.8,1.0,1.0,1.4,2.0,2.0,2.0,3.0,3.0,3.0,3.0,3.0,3.0,2.4,2.0,2.2,2.6,3.0,2.2,1.6,1.6,1.6,2.0,1.6,2.0,1.6,1.6,2.0,1.2,1.0,1.0,1.4,2.0,2.0,2.0,2.0,2.0,2.6,3.0,2.8,2.0,1.2,2.0,2.0,1.0,0.8,1.4,0.8,2.0,1.2,2.0,2.0,2.0,2.0,1.2,2.0,1.6,2.0,2.0,2.0,2.0,1.8,1.2,1.2,1.0,1.2,2.0,1.2,0.8,1.6,1.6,1.6,2.0,2.0,2.0,2.0,2.0,1.4,1.0,1.0,1.0,1.0,1.0
2024-12-22,bom,94.0,541.0,2.0,2.0,2.0,2.0,2.6,3.0,3.0,2.0,2.0,2.0,2.2,2.6,3.0,3.0,1.8,2.0,3.0,3.0,3.0,3.0,3.0,2.4,2.6,3.0,1.6,2.0,1.2,2.0,0.6,1.6,1.0,1.2,1.6,1.6,2.0,2.0,2.4,3.0,3.0,2.6,1.6,2.0,2.0,2.0,2.0,2.0,1.4,1.2,1.0,1.0,1.0,1.0,1.0,1.0,0.6,1.6,2.0,2.0,2.0,2.0,2.0,2.0,2.0,2.2,2.4,1.8,2.0,1.6,1.0,1.0,1.0,1.0,1.0,0.8,2.0,1.6,2.0,1.6,2.0,2.0,2.0,2.0,2.0,1.4,1.0,1.0,1.0,1.0,1.0,1.0,0.4,1.2,0.6,1.0,0.8,1.6
2024-12-23,ruim,65.0,327.0,2.0,2.0,1.2,0.0,2.0,2.0,2.0,2.0,2.0,2.0,1.6,2.0,2.0,2.6,3.0,3.0,3.0,1.6,1.0,1.0,1.0,0.8,1.6,2.0,2.0,2.0,1.2,2.0,2.0,2.0,2.0,2.0,2.8,2.2,2.0,1.6,1.6,1.6,2.0,1.6,1.0,1.0,1.0,1.0,1.0,1.0,1.0,1.6,2.0,2.0,2.0,2.0,2.0,1.6,2.0,2.0,1.6,2.0,2.0,2.0,1.6,1.0,1.0,1.0,0.8,0.0,0.0,0.0,0.0,0.0,0.0,0.0,0.0,0.0,0.0,0.0,0.0,0.0,0.0,0.0,0.0,0.0,0.0,0.0,0.0,0.0,0.0,0.0,0.0,0.0,0.0,0.0,0.0,0.0,0.0,0.0
2024-12-25,regular,80.0,390.0,2.0,2.0,1.6,0.0,0.0,0.0,0.8,2.0,2.0,1.2,1.2,2.0,1.6,2.0,2.0,3.0,3.0,3.0,3.0,3.0,3.0,1.2,2.0,2.0,2.0,2.8,1.0,1.0,1.2,0.8,2.0,2.0,2.0,2.0,2.4,3.0,3.0,3.0,2.6,1.6,1.0,0.8,1.0,1.0,1.0,0.4,2.0,1.2,1.6,2.0,2.0,2.0,2.0,1.6,2.0,2.0,2.0,1.6,1.6,1.2,0.4,0.8,1.0,1.0,1.0,0.8,2.0,2.0,2.0,2.0,2.0,2.4,3.0,0.0,0.4,0.4,1.0,1.0,0.0,0.0,0.0,0.0,0.0,0.0,0.0,0.0,0.0,0.0,0.0,0.0,0.0,0.0,0.0,0.0,0.0,0.0
2024-12-27,ruim,60.0,326.0,2.0,2.0,2.0,2.0,2.0,1.6,2.6,3.0,3.0,3.0,3.0,2.0,2.0,1.2,1.0,1.0,1.0,1.6,1.6,2.2,1.2,1.2,2.0,2.0,1.2,2.0,2.0,1.6,2.0,2.0,2.0,2.0,1.8,1.2,2.0,1.4,1.4,1.0,1.0,1.0,2.0,2.0,2.0,2.0,2.2,2.4,1.6,2.0,0.6,0.4,2.0,1.6,2.0,0.8,0.4,2.0,2.0,2.0,2.0,2.0,2.0,2.0,2.0,1.4,0.8,0.0,0.0,0.0,0.0,0.0,0.0,0.0,0.0,0.0,0.0,0.0,0.0,0.0,0.0,0.0,0.0,0.0,0.0,0.0,0.0,0.0,0.0,0.0,0.0,0.0,0.0,0.0,0.0,0.0,0.0,0.0
2024-12-30,bom,90.0,453.5,2.0,2.0,2.0,2.0,2.0,2.0,3.0,2.2,2.0,1.4,1.0,1.0,1.0,1.4,2.0,2.4,1.6,2.0,2.4,3.0,3.0,3.0,3.0,3.0,2.4,2.0,2.0,2.0,2.0,2.6,3.0,2.0,0.8,1.8,1.4,1.2,1.6,1.6,2.0,2.0,2.0,2.0,2.0,2.0,2.0,2.0,1.6,1.2,1.0,1.0,1.0,1.0,1.0,1.0,1.0,0.6,2.0,2.0,2.0,2.0,2.0,2.0,2.0,2.0,2.0,1.6,2.0,2.0,1.4,1.0,1.0,0.8,1.0,0.8,1.6,1.6,1.2,1.6,2.0,1.6,2.0,1.6,0.8,1.6,2.0,2.0,2.0,2.0,2.0,2.0,1.5,0.0,0.0,0.0,0.0,0.0
2025-01-01,bom,96.0,536.0,2.0,2.0,1.6,2.0,2.4,2.0,3.0,3.0,3.0,3.0,2.8,2.0,2.0,1.4,1.0,1.0,1.0,2.0,2.0,2.8,2.6,2.0,2.6,3.0,2.4,2.0,2.0,2.4,3.0,3.0,2.2,1.4,1.4,2.0,1.4,1.0,1.0,1.0,1.8,2.0,2.0,2.0,2.0,2.2,2.8,2.6,2.0,2.0,2.0,2.0,2.0,2.0,2.0,1.8,1.0,1.6,1.6,2.0,2.0,2.0,2.0,2.4,3.0,3.0,2.6,2.0,2.0,2.0,2.0,1.6,1.2,1.2,1.0,1.4,1.0,1.0,1.0,1.0,1.0,1.0,1.8,2.0,2.0,2.0,2.0,2.2,2.0,2.0,2.0,1.8,1.0,1.0,1.0,1.0,1.2,2.0
2025-01-04,regular,82.0,537.0,2.0,2.0,2.0,1.2,2.0,2.2,2.4,2.2,3.0,3.0,3.0,3.0,2.0,2.0,2.0,2.0,2.0,2.8,3.0,3.0,3.0,2.2,2.0,2.0,2.0,2.0,2.0,2.2,2.0,2.0,1.6,2.0,2.0,2.0,2.0,2.0,2.0,2.8,2.4,2.0,2.0,2.0,2.0,1.6,2.0,2.0,2.0,2.0,2.0,1.6,2.0,1.4,1.0,1.0,1.0,1.0,1.0,1.0,1.0,2.0,2.0,2.0,2.0,2.0,2.0,1.2,2.0,2.0,2.0,2.0,2.0,1.8,1.0,1.0,0.8,2.0,2.0,2.0,1.6,2.0,2.0,2.0,1.6,2.0,2.0,2.0,2.0,1.6,0.0,0.0,0.8,1.6,2.0,2.0,2.0,2.0
2025-01-05,ruim,68.0,614.0,2.0,2.0,2.0,2.0,2.0,2.0,3.0,3.0,3.0,3.0,1.6,1.6,1.4,1.0,1.0,1.4,2.0,2.0,2.4,3.0,2.2,3.0,3.0,1.6,2.0,2.0,2.0,2.0,2.6,2.4,1.4,1.0,0.8,2.0,1.6,1.6,2.0,2.0,2.0,2.0,2.0,2.0,2.4,3.0,2.2,2.0,1.2,1.6,2.0,2.0,1.0,1.0,1.0,1.0,1.4,2.0,2.0,2.0,2.0,1.6,2.0,2.0,2.8,3.0,2.8,2.0,1.6,2.0,2.0,1.6,1.0,1.0,1.0,1.0,1.0,1.0,0.6,2.0,2.0,2.0,2.0,2.0,2.0,2.0,2.0,0.4,1.2,2.0,2.0,2.0,2.0,2.0,2.0,2.0,1.4,1.0
2025-01-07,bom,92.0,427.0,2.0,2.0,2.0,1.6,2.0,2.0,3.0,3.0,3.0,3.0,3.0,1.8,2.0,1.2,1.0,2.0,2.0,2.0,2.0,3.0,3.0,3.0,3.0,3.0,3.0,3.0,2.8,2.0,2.0,1.6,1.8,1.0,1.0,1.0,1.0,1.0,1.0,1.2,2.0,1.6,2.0,2.0,2.0,2.8,3.0,3.0,3.0,3.0,2.2,2.0,2.0,2.0,1.8,1.4,1.0,1.0,0.8,0.8,1.6,1.6,2.0,2.0,2.0,2.0,2.0,2.0,2.0,2.0,2.0,2.0,2.0,1.2,2.0,2.0,1.4,1.0,1.0,2.0,2.0,2.0,2.0,2.0,1.2,1.2,1.2,0.0,0.0,0.0,0.0,0.0,0.0,0.0,0.0,0.0,0.0,0.0
2025-01-09,regular,78.0,350.5,2.0,2.0,2.0,2.0,1.6,2.0,2.2,3.0,3.0,2.6,1.0,1.8,2.0,1.2,2.4,2.6,2.4,3.0,3.0,3.0,3.0,2.6,2.0,2.4,3.0,3.0,2.6,1.2,1.0,0.8,2.0,2.0,2.0,2.0,2.6,3.0,3.0,2.4,2.0,2.0,2.0,2.0,2.0,2.0,1.6,1.0,1.0,1.0,0.6,1.6,1.0,1.0,1.0,1.2,2.0,1.6,2.0,2.0,2.0,2.0,2.0,2.0,1.6,1.6,2.0,2.0,0.0,0.4,2.0,2.0,0.0,0.0,0.0,0.0,0.0,0.0,0.0,0.0,0.0,0.0,0.0,0.0,0.0,0.0,0.0,0.0,0.0,0.0,0.0,0.0,0.0,0.0,0.0,0.0,0.0,0.0
2025-01-10,regular,82.0,378.0,2.0,2.0,2.0,1.6,1.6,2.0,2.8,3.0,3.0,1.6,1.6,1.0,0.8,2.0,2.0,2.0,2.6,3.0,3.0,3.0,3.0,1.6,2.0,2.0,2.6,3.0,3.0,3.0,2.0,2.0,1.0,1.0,1.0,0.8,1.0,1.6,2.0,2.0,1.6,2.0,1.6,1.6,2.0,2.0,2.6,2.8,2.0,2.0,2.2,2.8,3.0,2.8,2.0,1.6,1.0,1.0,1.0,1.0,1.0,1.8,2.0,2.0,2.0,2.0,2.0,1.6,2.0,2.0,2.0,2.0,2.0,2.0,1.2,1.6,1.6,0.0,0.0,0.0,0.0,0.0,0.0,0.0,0.0,0.0,0.0,0.0,0.0,0.0,0.0,0.0,0.0,0.0,0.0,0.0,0.0,0.0
2025-01-12,bom,85.0,508.0,2.0,2.0,2.0,1.6,2.0,2.0,2.0,3.0,3.0,3.0,2.4,1.0,0.2,1.6,2.0,1.6,2.2,3.0,3.0,3.0,1.8,2.0,2.0,1.2,2.0,2.0,2.0,2.0,2.2,3.0,3.0,2.2,2.0,2.0,2.0,1.6,1.6,2.0,1.0,1.0,1.0,1.0,1.0,1.0,1.0,1.0,0.8,0.4,1.6,1.6,1.2,1.8,1.0,1.0,1.4,2.0,2.0,2.4,3.0,3.0,2.4,2.0,2.0,2.0,1.6,1.6,2.0,1.6,1.0,0.8,1.6,2.0,2.0,1.6,1.0,1.0,1.0,1.0,1.0,1.0,1.0,1.4,2.0,2.0,2.0,2.0,2.0,2.0,1.6,2.0,2.0,2.0,2.0,2.0,2.0,2.0
2025-01-13,regular,75.0,289.0,2.0,2.0,1.6,1.6,2.0,2.2,3.0,3.0,2.0,2.6,2.4,1.0,1.0,1.0,1.4,2.0,2.0,2.8,3.0,1.6,2.0,2.0,2.4,3.0,3.0,3.0,3.0,1.8,2.0,2.0,1.6,1.0,1.0,1.0,1.0,1.0,1.2,2.0,2.0,2.0,2.0,2.0,2.0,2.0,3.0,2.4,2.0,2.0,2.0,2.0,2.0,1.8,0.8,1.0,1.0,0.8,1.4,1.0,0.0,0.0,0.0,0.0,0.0,0.0,0.0,0.0,0.0,0.0,0.0,0.0,0.0,0.0,0.0,0.0,0.0,0.0,0.0,0.0,0.0,0.0,0.0,0.0,0.0,0.0,0.0,0.0,0.0,0.0,0.0,0.0,0.0,0.0,0.0,0.0,0.0,0.0
2025-01-14,regular,72.0,332.0,2.0,2.0,2.0,2.0,2.0,2.4,3.0,3.0,3.0,3.0,2.8,1.8,1.0,1.0,1.6,2.0,2.2,3.0,2.4,3.0,3.0,2.2,2.0,2.0,2.0,1.2,1.0,1.0,0.4,1.6,2.0,2.0,2.0,2.0,2.2,3.0,3.0,2.0,2.0,2.0,2.0,2.0,2.0,2.0,1.6,2.0,2.0,1.4,1.0,1.0,1.0,0.6,2.0,1.6,2.0,2.0,2.0,2.0,2.0,2.0,1.6,2.0,2.0,0.8,0.4,1.2,2.0,0.0,0.0,0.0,0.0,0.0,0.0,0.0,0.0,0.0,0.0,0.0,0.0,0.0,0.0,0.0,0.0,0.0,0.0,0.0,0.0,0.0,0.0,0.0,0.0,0.0,0.0,0.0,0.0,0.0
2025-01-15,bom,87.0,381.0,2.0,2.0,2.0,1.6,1.6,2.0,2.0,3.0,3.0,3.0,3.0,2.2,1.0,1.0,1.6,2.0,2.0,2.0,3.0,3.0,3.0,3.0,3.0,3.0,3.0,3.0,3.0,3.0,1.4,1.4,1.0,1.0,0.8,1.2,2.0,2.0,2.0,2.0,2.0,2.0,2.0,2.0,2.0,2.0,2.0,2.0,0.4,1.0,1.0,0.4,0.0,2.0,1.0,0.8,1.2,1.6,2.0,1.6,0.8,1.0,1.0,2.0,2.0,1.6,1.6,2.0,1.2,2.0,2.0,1.0,1.0,1.0,1.0,1.0,1.0,1.0,0.0,0.0,0.0,0.0,0.0,0.0,0.0,0.0,0.0,0.0,0.0,0.0,0.0,0.0,0.0,0.0,0.0,0.0,0.0,0.0
2025-01-16,bom,89.0,379.5,2.0,2.0,2.0,1.2,2.0,2.4,3.0,3.0,3.0,3.0,2.8,1.8,1.0,1.0,1.8,2.0,2.0,2.6,3.0,1.8,2.0,2.8,2.8,2.4,3.0,2.2,2.6,2.0,1.8,1.0,1.0,1.0,1.0,0.8,2.0,2.0,2.0,1.6,2.0,2.0,2.0,2.0,2.0,2.2,2.0,2.0,2.0,2.0,2.0,2.0,2.8,2.4,2.0,1.4,1.0,1.0,1.0,1.0,1.0,1.4,1.0,1.6,2.0,2.0,2.0,2.0,2.0,2.0,1.2,1.6,1.6,1.6,2.0,2.0,1.2,1.2,0.0,0.0,0.0,0.0,0.0,0.0,0.0,0.0,0.0,0.0,0.0,0.0,0.0,0.0,0.0,0.0,0.0,0.0,0.0,0.0
2025-01-17,bom,85.0,390.5,2.0,2.0,2.0,1.6,2.0,2.6,3.0,2.0,1.8,1.2,2.0,1.8,2.0,2.0,2.0,2.0,2.8,3.0,3.0,3.0,3.0,3.0,3.0,1.8,2.0,2.0,2.4,3.0,3.0,2.8,1.4,1.0,1.0,1.0,1.0,2.0,2.0,2.0,2.0,2.0,2.0,2.2,2.6,3.0,2.2,2.0,1.6,1.6,2.0,1.0,0.8,1.4,1.6,2.0,1.6,1.2,0.4,2.0,2.0,2.0,1.0,1.0,0.8,1.2,2.0,1.6,2.0,1.4,1.0,1.0,1.2,1.0,1.2,1.2,2.0,1.6,2.0,1.6,0.0,0.0,0.0,0.0,0.0,0.0,0.0,0.0,0.0,0.0,0.0,0.0,0.0,0.0,0.0,0.0,0.0,0.0
2025-01-20,regular,84.0,385.0,2.0,2.0,2.0,2.0,2.8,3.0,2.0,2.0,2.6,3.0,3.0,3.0,3.0,3.0,2.2,1.0,1.0,1.0,1.8,2.0,1.2,2.0,2.0,2.0,2.4,2.8,3.0,3.0,3.0,2.6,2.0,2.6,3.0,2.0,1.4,1.0,1.0,1.0,1.4,2.0,2.0,2.0,2.0,2.0,2.0,2.0,2.6,2.4,2.0,2.0,2.0,1.6,2.0,2.0,1.6,1.6,2.0,2.0,2.0,1.2,1.0,0.2,1.6,2.0,2.0,1.6,1.2,2.0,2.0,2.0,2.0,2.0,2.0,2.0,1.6,0.8,1.6,0.0,0.0,0.0,0.0,0.0,0.0,0.0,0.0,0.0,0.0,0.0,0.0,0.0,0.0,0.0,0.0,0.0,0.0,0.0
2025-01-21,regular,84.0,451.0,2.0,2.0,2.0,1.6,2.0,2.2,3.0,3.0,3.0,3.0,2.6,1.8,1.0,1.0,1.2,2.0,1.6,2.0,2.0,2.6,3.0,3.0,2.0,2.6,3.0,2.0,2.0,2.0,2.0,3.0,2.0,1.2,1.0,0.8,1.0,1.8,1.2,2.0,2.0,2.0,2.0,2.2,2.8,2.0,2.0,2.0,2.0,2.0,2.0,1.4,0.8,1.2,0.8,1.0,1.0,0.6,1.6,1.6,2.0,2.0,2.0,2.0,2.0,2.0,1.6,2.0,1.2,1.6,1.6,1.6,2.0,2.0,2.0,2.0,1.0,0.8,1.0,1.6,2.0,1.6,2.0,1.6,2.0,1.2,1.6,1.6,1.6,1.6,2.0,2.0,0.0,0.0,0.0,0.0,0.0,0.0
2025-01-23,regular,78.0,461.5,2.0,2.0,2.0,2.0,2.0,3.0,1.6,2.0,2.0,2.0,2.0,1.4,1.0,1.0,1.0,1.8,2.0,2.0,2.4,3.0,3.0,2.2,2.0,2.0,2.0,2.0,2.0,2.0,2.8,1.8,1.6,1.0,1.0,1.0,1.4,2.0,2.0,2.0,2.0,2.2,2.4,2.0,2.0,2.0,2.0,1.6,2.0,2.0,2.0,2.0,2.0,2.0,1.6,1.4,1.0,0.8,0.8,2.0,2.0,0.8,1.6,2.0,2.0,2.0,2.0,2.0,2.0,2.0,2.0,2.0,2.0,2.0,1.0,1.0,1.0,1.0,1.0,1.0,1.0,1.4,2.0,2.0,2.0,0.8,2.0,2.0,2.0,1.6,2.0,2.0,1.6,1.6,1.0,0.0,0.0,0.0
2025-01-24,bom,90.0,449.5,2.0,2.0,1.6,2.0,2.4,3.0,3.0,3.0,2.8,2.0,2.0,2.0,2.0,2.0,2.0,2.0,3.0,3.0,3.0,3.0,3.0,1.6,2.0,2.0,2.0,2.0,2.0,1.6,1.6,1.0,1.0,1.0,1.8,1.6,2.0,2.0,2.4,3.0,3.0,3.0,3.0,2.2,2.0,2.0,2.0,1.8,0.8,1.0,1.0,1.0,1.2,2.0,2.0,2.0,2.0,2.0,2.0,2.0,2.0,2.0,2.0,2.0,1.8,1.0,1.0,1.0,1.0,1.0,0.6,1.6,2.0,2.0,1.6,2.0,1.4,0.8,2.0,2.0,2.0,2.0,2.0,1.6,2.0,2.0,1.6,0.8,0.0,1.2,2.0,1.2,0.0,0.0,0.0,0.0,0.0,0.0
2025-01-25,regular,82.0,362.0,2.0,2.0,2.0,0.8,1.2,2.0,2.4,3.0,3.0,3.0,3.0,3.0,1.6,2.0,2.0,2.0,2.0,2.0,2.8,3.0,3.0,3.0,3.0,2.8,2.0,2.0,2.0,2.0,1.6,1.6,1.0,1.0,0.8,1.0,1.8,2.0,2.0,2.0,2.0,2.4,1.6,2.0,2.0,2.0,2.0,2.0,2.0,2.0,1.6,1.4,1.2,0.8,1.0,1.0,1.0,1.0,1.0,1.6,2.0,1.6,2.0,2.0,1.6,2.0,2.0,2.0,1.6,1.2,2.0,1.6,1.6,1.0,0.5,0.0,0.0,0.0,0.0,0.0,0.0,0.0,0.0,0.0,0.0,0.0,0.0,0.0,0.0,0.0,0.0,0.0,0.0,0.0,0.0,0.0,0.0,0.0
2025-01-26,bom,88.0,491.5,2.0,2.0,2.0,1.6,2.0,3.0,3.0,3.0,1.6,2.0,2.0,2.0,1.4,1.8,2.0,2.0,2.0,3.0,3.0,2.4,2.0,2.0,2.0,2.6,3.0,2.2,2.0,2.0,1.6,1.0,1.4,2.0,2.0,2.0,1.6,2.0,2.0,2.0,2.4,3.0,3.0,3.0,3.0,3.0,2.2,1.0,1.0,1.0,0.8,2.0,2.0,1.6,2.0,1.6,2.0,2.0,1.6,1.0,1.8,2.0,2.0,2.0,2.4,1.6,2.0,2.0,2.0,2.0,1.4,1.0,1.0,0.8,1.0,1.0,1.0,1.0,1.0,1.0,1.0,0.8,1.6,2.0,2.0,2.0,2.0,2.0,2.0,2.0,2.8,0.8,2.0,2.0,0.8,0.0,1.2,2.0
2025-01-28,bom,87.0,416.0,2.0,2.0,1.6,1.2,2.0,2.0,2.6,3.0,3.0,3.0,3.0,2.0,1.8,1.0,1.8,2.0,2.0,2.0,2.0,2.8,3.0,3.0,3.0,3.0,2.0,3.0,3.0,3.0,1.4,1.6,2.0,1.2,2.0,1.6,1.0,1.0,1.0,1.0,1.0,0.6,2.0,2.0,2.0,2.0,2.2,3.0,2.0,2.0,2.0,2.0,2.0,2.8,3.0,2.4,1.2,1.0,1.0,1.0,1.0,1.0,1.0,1.6,2.0,2.0,2.0,2.0,2.0,2.0,2.0,1.6,1.6,2.0,2.0,2.0,1.6,2.0,2.0,1.6,1.6,2.0,2.0,2.0,1.2,0.0,0.0,0.0,0.0,0.0,0.0,0.0,0.0,0.0,0.0,0.0,0.0,0.0
2025-01-30,regular,84.0,372.0,2.0,2.0,2.0,1.6,2.0,2.0,2.0,2.0,2.6,2.6,2.2,3.0,3.0,3.0,3.0,3.0,3.0,3.0,3.0,3.0,3.0,1.6,1.0,1.0,0.8,2.0,2.0,1.2,2.0,2.0,2.0,2.0,2.8,3.0,1.8,2.0,2.0,2.0,2.0,2.0,2.0,1.4,0.8,1.0,1.0,2.0,2.0,2.0,1.6,2.0,1.4,0.6,2.0,2.0,2.0,2.0,2.0,2.0,1.6,2.0,2.0,1.2,1.0,1.0,1.0,1.0,0.8,1.6,2.0,2.0,1.6,2.0,2.0,0.4,0.0,0.0,0.0,0.0,0.0,0.0,0.0,0.0,0.0,0.0,0.0,0.0,0.0,0.0,0.0,0.0,0.0,0.0,0.0,0.0,0.0,0.0
2025-01-31,ruim,59.0,285.0,2.0,2.0,2.0,0.8,2.0,2.0,1.2,2.0,2.0,2.0,2.8,3.0,3.0,3.0,3.0,3.0,3.0,3.0,3.0,2.2,2.0,2.0,2.0,2.2,2.6,2.0,1.6,1.2,2.0,2.0,2.0,2.0,2.0,1.6,1.0,1.0,1.0,1.4,2.0,2.0,1.6,2.0,2.0,2.0,2.0,2.0,2.0,2.0,2.0,2.0,1.6,1.0,1.8,1.6,1.6,0.4,1.6,0.0,0.0,0.0,0.0,0.0,0.0,0.0,0.0,0.0,0.0,0.0,0.0,0.0,0.0,0.0,0.0,0.0,0.0,0.0,0.0,0.0,0.0,0.0,0.0,0.0,0.0,0.0,0.0,0.0,0.0,0.0,0.0,0.0,0.0,0.0,0.0,0.0,0.0,0.0
2025-02-03,ruim,64.0,281.0,2.0,2.0,1.6,2.0,2.6,3.0,3.0,2.0,2.0,2.4,2.4,2.0,2.0,2.0,2.0,2.0,2.0,2.0,2.6,2.0,2.0,3.0,3.0,3.0,3.0,3.0,1.6,2.0,2.0,2.0,2.0,1.4,1.0,1.0,1.0,1.0,1.2,2.0,2.0,2.0,2.0,2.2,2.0,2.0,2.0,2.0,0.8,2.0,2.0,2.0,2.0,2.0,1.6,1.4,1.0,1.0,0.0,0.0,0.0,0.0,0.0,0.0,0.0,0.0,0.0,0.0,0.0,0.0,0.0,0.0,0.0,0.0,0.0,0.0,0.0,0.0,0.0,0.0,0.0,0.0,0.0,0.0,0.0,0.0,0.0,0.0,0.0,0.0,0.0,0.0,0.0,0.0,0.0,0.0,0.0,0.0
2025-02-04,bom,90.0,501.0,2.0,2.0,2.0,2.0,2.0,2.4,2.6,3.0,3.0,3.0,3.0,3.0,3.0,2.0,1.0,1.0,1.0,1.0,1.0,2.0,2.0,2.0,3.0,3.0,3.0,2.0,2.0,2.0,1.6,2.0,2.2,1.6,2.0,1.6,1.0,1.4,2.0,1.2,2.0,2.0,2.0,2.0,2.0,2.0,2.0,1.8,1.0,1.0,1.0,1.2,2.0,2.0,2.0,2.0,2.0,2.0,2.0,2.6,3.0,3.0,2.0,2.0,2.0,2.0,2.0,2.0,2.0,2.0,1.2,0.8,1.0,1.0,1.0,1.0,1.2,2.0,2.0,2.0,2.0,1.6,0.8,2.0,1.4,2.0,2.0,2.0,2.0,2.0,1.6,2.0,1.2,2.0,1.6,2.0,1.2,2.0
2025-02-05,regular,84.0,361.0,2.0,2.0,2.0,2.0,1.2,1.6,2.0,2.0,2.4,3.0,3.0,2.4,1.6,1.0,1.0,1.0,1.0,1.0,1.4,2.0,2.0,2.4,3.0,3.0,3.0,3.0,3.0,3.0,3.0,2.2,2.2,3.0,3.0,3.0,1.8,1.6,1.6,2.0,2.0,1.2,1.0,1.6,2.0,1.8,1.2,2.0,1.4,1.0,1.0,1.4,2.0,2.0,2.0,2.0,2.0,2.0,2.0,2.0,2.0,1.6,1.2,1.0,1.0,1.0,2.0,1.6,2.0,1.6,2.0,2.0,0.4,1.6,0.0,0.0,0.0,0.0,0.0,0.0,0.0,0.0,0.0,0.0,0.0,0.0,0.0,0.0,0.0,0.0,0.0,0.0,0.0,0.0,0.0,0.0,0.0,0.0
2025-02-07,bom,85.0,385.0,2.0,2.0,2.0,1.6,1.6,2.0,2.0,2.0,3.0,3.0,3.0,3.0,2.6,1.4,1.0,1.0,1.2,2.0,2.0,2.0,2.8,3.0,2.4,2.0,2.4,2.0,2.0,2.4,3.0,2.2,1.4,1.0,1.0,1.0,1.0,1.0,1.0,1.4,2.0,2.0,2.0,2.0,2.0,1.6,2.0,1.6,2.0,2.0,2.0,2.0,1.6,1.0,1.0,1.0,1.0,1.0,0.8,1.6,2.0,2.0,2.0,2.0,2.0,2.0,2.0,2.0,1.8,1.0,1.0,1.0,0.8,0.8,1.6,2.0,2.0,2.0,0.4,0.0,0.0,0.0,0.0,0.0,0.0,0.0,0.0,0.0,0.0,0.0,0.0,0.0,0.0,0.0,0.0,0.0,0.0,0.0
2025-02-08,bom,93.0,397.0,2.0,2.0,1.6,2.0,2.0,2.0,1.6,1.0,1.6,2.0,2.0,2.0,2.4,2.6,2.6,2.4,1.6,2.0,2.6,3.0,3.0,3.0,3.0,2.8,1.4,1.0,1.0,1.0,1.0,1.2,2.0,2.0,2.0,2.0,1.6,2.0,2.0,2.6,2.4,2.6,2.0,2.4,3.0,1.6,2.0,1.2,0.8,1.0,0.6,0.8,1.0,1.0,1.0,0.8,1.6,2.0,2.0,2.0,2.0,2.4,3.0,2.0,2.0,2.0,1.6,1.0,1.0,1.0,0.6,1.0,1.0,1.0,1.4,2.0,2.0,2.0,2.0,2.0,2.0,1.0,0.0,0.0,0.0,0.0,0.0,0.0,0.0,0.0,0.0,0.0,0.0,0.0,0.0,0.0,0.0,0.0
2025-02-09,ruim,65.0,626.5,2.0,2.0,2.0,2.0,1.6,2.0,2.0,3.0,3.0,3.0,3.0,2.8,2.0,2.0,2.0,2.0,1.6,2.0,2.4,2.4,2.0,2.0,2.2,3.0,3.0,3.0,2.6,2.0,1.4,1.0,1.0,1.0,1.0,2.0,2.0,2.0,2.0,2.0,2.4,3.0,3.0,3.0,2.6,2.0,2.0,2.0,2.0,2.0,1.0,1.0,1.0,1.0,1.0,1.2,1.6,2.0,2.0,2.0,2.0,2.6,3.0,2.2,2.0,2.0,1.2,2.0,2.0,2.0,2.0,2.0,1.6,1.0,1.0,1.0,1.0,1.0,1.0,1.0,0.8,2.0,2.0,2.0,2.0,2.0,2.0,2.0,2.0,1.0,1.0,1.0,1.2,2.0,0.8,2.0,2.0,2.0
2025-02-10,bom,88.0,440.0,2.0,2.0,2.0,1.6,2.0,2.2,2.2,3.0,3.0,3.0,2.0,2.0,2.6,3.0,3.0,3.0,3.0,3.0,2.0,2.0,1.6,2.0,2.0,2.0,2.0,2.0,2.0,2.0,2.0,2.0,1.6,1.2,1.6,1.4,1.0,1.0,1.0,1.0,1.0,1.0,2.0,2.0,2.0,2.4,3.0,3.0,2.8,2.0,2.0,2.0,2.8,2.2,2.0,2.0,1.4,1.0,1.0,1.4,2.0,1.2,2.0,2.0,2.0,2.0,2.0,2.0,2.0,2.0,2.0,2.0,2.0,2.0,1.6,1.0,0.8,1.0,2.0,0.8,2.0,1.6,2.0,2.0,2.0,2.0,1.6,1.6,0.8,0.8,0.0,0.0,0.0,0.0,0.0,0.0,0.0,0.0
2025-02-11,regular,84.0,345.0,2.0,2.0,2.0,2.0,1.6,2.4,3.0,2.2,2.0,2.6,3.0,3.0,3.0,3.0,3.0,2.8,1.0,1.0,1.0,1.0,2.0,2.0,2.0,2.4,3.0,2.2,2.0,2.0,2.0,2.0,2.0,2.0,1.6,1.6,1.0,1.0,1.0,1.0,1.0,0.8,0.6,1.4,2.0,2.0,2.0,2.0,2.0,2.6,2.6,2.0,2.0,2.6,2.6,2.0,2.0,1.4,1.0,1.0,1.0,1.0,1.0,1.0,1.0,1.0,2.0,2.0,2.0,2.0,1.2,0.0,0.0,0.0,0.0,0.0,0.0,0.0,0.0,0.0,0.0,0.0,0.0,0.0,0.0,0.0,0.0,0.0,0.0,0.0,0.0,0.0,0.0,0.0,0.0,0.0,0.0,0.0
2025-02-13,regular,73.0,368.0,2.0,2.0,2.0,2.0,2.2,3.0,3.0,3.0,3.0,3.0,2.2,1.8,1.0,1.0,1.2,2.0,2.0,2.0,2.0,2.0,2.0,2.0,2.6,3.0,3.0,3.0,3.0,1.8,2.0,2.0,2.0,2.0,1.4,0.8,1.0,0.8,1.6,1.2,1.0,1.2,2.0,2.0,2.0,2.0,2.0,2.0,1.6,2.0,1.6,2.0,2.0,2.0,2.0,1.6,2.0,2.0,0.8,2.0,0.8,2.0,1.6,2.0,2.0,2.0,2.0,1.2,1.2,1.4,0.0,2.0,1.6,1.6,1.6,0.0,0.0,0.0,0.0,0.0,0.0,0.0,0.0,0.0,0.0,0.0,0.0,0.0,0.0,0.0,0.0,0.0,0.0,0.0,0.0,0.0,0.0,0.0
2025-02-16,bom,89.0,513.0,2.0,2.0,2.0,1.6,2.0,2.2,3.0,3.0,3.0,2.2,1.8,1.0,1.0,1.0,1.2,2.0,2.2,3.0,3.0,3.0,2.4,2.0,2.0,2.0,2.2,2.2,2.0,2.2,2.4,1.6,1.8,0.4,1.0,2.0,2.0,2.0,2.0,2.0,2.0,2.0,2.2,3.0,2.0,2.4,3.0,2.4,2.0,1.2,1.0,1.2,1.6,1.0,1.0,1.0,1.0,1.0,1.0,1.0,1.0,1.0,1.8,2.0,2.0,2.0,2.0,2.0,2.0,1.6,1.0,1.0,1.0,1.0,0.6,2.0,1.6,1.6,2.0,1.6,2.0,2.0,2.0,2.0,2.0,2.0,2.0,2.0,1.6,1.2,1.0,1.0,1.0,0.6,2.0,2.0,2.0,2.0
2025-02-18,regular,82.0,391.0,2.0,2.0,2.0,2.0,2.0,2.6,3.0,3.0,1.6,2.0,2.0,1.2,1.0,1.0,2.0,2.0,1.6,2.0,2.0,2.4,3.0,3.0,3.0,3.0,3.0,3.0,3.0,1.8,2.0,2.0,2.0,2.0,0.8,2.0,2.0,1.6,1.8,0.4,1.6,1.0,1.0,0.6,1.0,1.0,1.0,1.0,1.4,2.0,2.0,2.0,2.0,2.0,2.0,1.6,2.0,2.0,2.0,1.6,2.0,0.8,2.0,1.2,1.0,1.0,0.8,0.8,1.2,2.0,1.6,2.0,0.8,2.0,1.6,1.2,1.6,2.0,1.6,1.2,1.0,0.0,0.0,0.0,0.0,0.0,0.0,0.0,0.0,0.0,0.0,0.0,0.0,0.0,0.0,0.0,0.0,0.0
2025-02-19,regular,75.0,371.0,2.0,2.0,2.0,2.0,2.0,1.6,2.0,3.0,2.2,3.0,3.0,1.8,1.4,1.0,1.0,1.2,2.0,2.0,2.0,2.0,2.0,2.0,2.0,2.0,2.8,1.8,2.0,2.0,2.0,2.0,1.8,1.0,1.0,1.0,1.0,1.0,1.2,2.0,2.0,2.0,2.0,2.0,2.0,2.0,2.0,2.0,2.0,2.0,2.0,2.0,2.0,1.8,1.0,1.0,1.0,0.8,1.0,1.0,0.8,2.0,2.0,2.0,2.0,2.0,1.6,2.0,2.0,1.2,0.4,2.0,2.0,0.8,1.6,0.4,0.0,0.0,0.0,0.0,0.0,0.0,0.0,0.0,0.0,0.0,0.0,0.0,0.0,0.0,0.0,0.0,0.0,0.0,0.0,0.0,0.0,0.0
2025-02-20,bom,90.0,388.0,2.0,2.0,2.2,2.6,3.0,2.0,3.0,3.0,3.0,3.0,3.0,3.0,2.2,0.8,1.0,1.4,2.0,2.0,2.0,2.0,3.0,3.0,3.0,3.0,3.0,2.4,2.0,2.0,2.4,2.4,2.0,2.0,2.0,1.2,1.0,0.8,1.0,1.0,1.0,1.0,2.0,0.6,2.0,2.0,2.0,2.0,2.0,2.0,1.2,1.6,2.0,2.0,2.0,2.0,2.0,2.0,1.2,1.0,1.0,1.0,1.0,1.0,1.0,1.2,1.0,2.0,2.0,2.0,2.0,2.0,2.0,2.0,1.6,2.0,1.2,2.0,2.0,1.3333,0.0,0.0,0.0,0.0,0.0,0.0,0.0,0.0,0.0,0.0,0.0,0.0,0.0,0.0,0.0,0.0,0.0,0.0
2025-02-21,bom,88.0,354.5,2.0,2.0,2.0,1.6,2.0,2.4,3.0,3.0,3.0,3.0,1.6,2.0,1.2,1.0,1.6,2.0,2.0,2.0,2.2,2.4,3.0,3.0,3.0,2.6,2.2,3.0,3.0,3.0,1.8,1.0,1.0,1.0,1.0,1.2,2.0,2.0,2.0,2.0,2.0,2.0,2.0,2.0,2.0,2.4,1.8,1.0,1.0,1.0,1.0,1.0,1.0,1.0,2.0,2.0,2.0,2.0,2.0,2.0,2.0,2.0,2.0,2.0,2.0,1.6,1.0,0.8,1.0,1.0,1.0,1.0,0.8,0.0,0.0,0.0,0.0,0.0,0.0,0.0,0.0,0.0,0.0,0.0,0.0,0.0,0.0,0.0,0.0,0.0,0.0,0.0,0.0,0.0,0.0,0.0,0.0,0.0
2025-02-24,bom,93.0,406.5,2.0,2.0,2.0,2.0,2.8,3.0,3.0,1.8,2.0,1.8,1.0,1.2,2.0,2.0,2.2,2.4,2.0,2.0,2.8,3.0,3.0,3.0,2.4,2.0,2.2,3.0,3.0,1.8,2.0,2.0,2.0,1.4,2.0,1.6,2.0,2.0,2.0,2.0,2.0,2.0,2.2,3.0,3.0,1.8,1.6,1.8,1.0,1.0,1.0,1.0,1.0,1.0,1.2,2.0,2.0,2.0,1.6,2.0,2.0,2.0,2.0,2.0,2.0,1.6,2.0,2.0,1.2,2.0,1.6,1.0,1.0,1.0,1.0,1.0,1.0,0.6,2.0,1.2,0.0,1.2,2.0,1.0,0.0,0.0,0.0,0.0,0.0,0.0,0.0,0.0,0.0,0.0,0.0,0.0,0.0,0.0
2025-02-26,regular,71.0,357.0,2.0,2.0,1.6,0.0,1.2,1.6,2.0,2.2,3.0,3.0,3.0,3.0,3.0,3.0,3.0,1.0,1.0,1.0,1.0,2.0,2.0,2.0,2.0,2.0,2.0,2.0,2.0,2.0,1.6,2.0,2.0,2.0,2.0,2.0,1.8,1.0,1.0,0.6,2.0,2.0,2.0,2.0,2.0,2.0,2.0,1.6,2.0,2.0,2.0,2.0,2.0,1.6,1.0,1.0,1.0,1.0,0.8,1.0,1.0,1.4,2.0,2.0,2.0,2.0,2.0,1.6,0.8,1.6,0.8,0.4,2.0,0.0,0.0,0.0,0.0,0.0,0.0,0.0,0.0,0.0,0.0,0.0,0.0,0.0,0.0,0.0,0.0,0.0,0.0,0.0,0.0,0.0,0.0,0.0,0.0,0.0
2025-02-27,regular,80.0,349.0,2.0,2.0,1.2,2.0,2.0,2.0,2.8,3.0,3.0,3.0,3.0,3.0,1.4,1.0,1.0,1.0,1.8,2.0,2.0,3.0,3.0,3.0,2.4,1.8,1.0,1.0,2.0,2.0,1.6,2.0,2.2,3.0,2.0,2.0,1.0,1.0,1.0,1.0,1.0,1.0,1.4,2.0,2.0,2.0,2.0,2.2,2.0,2.0,2.0,2.0,2.8,3.0,2.2,2.0,2.0,1.8,1.0,1.0,0.8,2.0,0.8,0.8,1.6,2.0,1.6,1.6,2.0,2.0,2.0,0.5,0.0,0.0,0.0,0.0,0.0,0.0,0.0,0.0,0.0,0.0,0.0,0.0,0.0,0.0,0.0,0.0,0.0,0.0,0.0,0.0,0.0,0.0,0.0,0.0,0.0,0.0
2025-03-01,regular,77.0,569.5,2.0,2.0,2.0,1.2,2.0,2.0,2.0,2.0,2.4,3.0,3.0,3.0,2.2,3.0,3.0,3.0,3.0,2.4,2.0,2.0,2.0,1.6,2.0,1.6,1.6,2.0,2.4,3.0,2.8,2.4,1.2,1.0,1.0,1.0,1.0,2.0,2.0,2.0,2.0,2.0,2.0,2.4,2.0,1.6,1.6,2.0,2.0,2.0,2.0,2.0,2.4,2.0,1.6,1.0,1.0,2.0,2.0,2.0,2.0,2.0,2.0,2.0,2.0,2.0,2.0,2.0,2.0,1.6,1.8,1.0,1.4,1.6,1.6,2.0,1.6,2.0,2.0,1.8,1.0,1.0,1.0,1.0,1.0,0.8,2.0,0.8,2.0,2.0,2.0,2.0,0.8,1.2,2.0,1.6,1.2,2.0
2025-03-04,regular,82.0,405.0,2.0,2.0,2.0,2.0,2.8,2.8,2.2,3.0,3.0,3.0,3.0,2.6,2.0,2.0,1.6,2.0,1.6,2.0,2.0,2.0,2.0,2.0,3.0,3.0,2.0,2.0,2.0,2.0,2.8,1.4,2.0,2.0,2.0,2.0,2.0,1.2,2.0,2.0,2.0,3.0,3.0,3.0,3.0,2.4,2.0,1.6,1.0,1.0,1.0,2.0,0.4,2.0,1.6,1.6,2.0,2.0,2.0,2.0,1.6,1.0,2.0,1.6,2.0,2.0,2.0,2.0,2.0,2.2,2.4,0.8,2.0,1.8,1.0,1.6,1.2,2.0,2.0,1.6,1.6,2.0,1.6,0.0,0.0,0.0,0.0,0.0,0.0,0.0,0.0,0.0,0.0,0.0,0.0,0.0,0.0,0.0
2025-03-05,regular,76.0,354.0,2.0,2.0,1.6,2.0,2.0,1.6,2.0,2.0,1.6,1.2,1.0,1.0,1.2,2.0,2.0,2.2,3.0,3.0,2.4,3.0,3.0,2.2,2.6,3.0,2.4,2.0,1.4,1.0,1.0,1.6,2.0,2.0,1.6,2.0,2.0,2.0,1.6,1.6,2.0,2.0,2.4,3.0,3.0,3.0,2.0,2.0,2.0,2.0,2.0,1.6,1.0,1.0,1.0,1.0,0.8,1.2,1.0,0.8,1.0,1.0,1.0,1.2,2.0,2.0,2.0,2.0,2.0,2.0,2.0,2.0,2.0,0.0,0.0,0.0,0.0,0.0,0.0,0.0,0.0,0.0,0.0,0.0,0.0,0.0,0.0,0.0,0.0,0.0,0.0,0.0,0.0,0.0,0.0,0.0,0.0,0.0
2025-03-06,regular,71.0,343.0,2.0,2.0,1.6,2.0,2.0,2.0,2.8,3.0,1.0,2.0,1.2,2.0,2.0,2.0,2.0,3.0,3.0,3.0,3.0,2.8,2.0,2.0,2.0,2.0,2.0,2.0,2.6,2.2,2.0,1.2,1.0,1.0,1.0,1.0,1.0,2.0,2.0,2.0,2.0,2.0,2.0,2.0,2.0,2.0,2.0,2.0,2.0,2.0,2.0,1.6,1.6,2.0,1.2,2.0,2.0,2.0,2.0,2.0,1.6,1.0,0.8,1.0,1.0,1.2,1.6,2.0,1.6,2.0,0.6667,0.0,0.0,0.0,0.0,0.0,0.0,0.0,0.0,0.0,0.0,0.0,0.0,0.0,0.0,0.0,0.0,0.0,0.0,0.0,0.0,0.0,0.0,0.0,0.0,0.0,0.0,0.0
2025-03-07,regular,76.0,351.0,2.0,2.0,2.0,1.6,2.2,3.0,3.0,3.0,2.2,2.0,1.0,1.6,2.0,2.0,2.8,3.0,3.0,3.0,3.0,1.6,2.0,2.0,2.0,2.4,3.0,3.0,2.0,2.0,1.2,1.0,1.0,1.4,1.2,1.4,1.2,2.0,2.0,2.4,2.6,2.0,3.0,3.0,3.0,3.0,3.0,3.0,3.0,2.4,1.2,2.0,2.0,2.0,1.0,1.0,1.0,1.0,1.0,1.6,2.0,2.0,2.0,2.0,2.0,2.0,0.0,1.6,2.0,1.6,2.0,2.0,0.0,0.0,0.0,0.0,0.0,0.0,0.0,0.0,0.0,0.0,0.0,0.0,0.0,0.0,0.0,0.0,0.0,0.0,0.0,0.0,0.0,0.0,0.0,0.0,0.0,0.0
2025-03-09,bom,90.0,446.0,2.0,2.0,2.0,2.0,2.0,3.0,2.0,2.8,3.0,3.0,3.0,3.0,2.0,2.0,1.6,2.0,2.0,2.0,1.8,2.0,2.0,1.6,1.6,2.0,2.8,3.0,2.0,1.6,1.8,1.0,1.2,1.0,2.0,2.0,2.0,1.6,2.0,2.2,3.0,3.0,2.4,2.0,2.2,3.0,3.0,3.0,3.0,1.6,1.2,1.0,1.0,1.0,1.0,1.8,2.0,2.0,2.0,2.0,2.0,2.0,2.0,2.0,2.0,0.8,1.0,1.0,1.0,1.0,1.0,1.0,1.0,1.8,2.0,2.0,2.0,2.0,2.0,2.0,2.0,2.0,2.0,2.0,2.0,2.0,2.0,2.0,1.2,1.4,1.0,0.0,0.0,0.0,0.0,0.0,0.0,0.0
2025-03-11,bom,94.0,413.0,2.0,2.0,2.0,2.6,3.0,2.2,2.6,2.4,2.0,2.4,1.0,1.0,1.4,1.2,2.0,2.0,2.6,3.0,3.0,3.0,3.0,3.0,3.0,3.0,2.8,2.0,1.6,1.0,1.0,1.0,1.0,1.6,1.0,1.0,1.0,1.2,2.0,2.0,2.0,2.0,2.0,2.6,3.0,2.4,1.6,2.0,2.0,1.8,2.0,2.0,1.2,1.0,1.0,1.0,0.8,0.8,1.0,1.6,1.0,2.0,2.0,2.0,2.0,2.0,2.0,2.0,1.6,2.0,2.0,2.0,2.0,2.0,1.6,1.2,1.6,2.0,1.8,1.0,1.0,1.4,2.0,0.8,0.0,0.0,0.0,0.0,0.0,0.0,0.0,0.0,0.0,0.0,0.0,0.0,0.0,0.0
2025-03-14,regular,73.0,356.0,2.0,2.0,2.0,2.0,2.0,2.2,3.0,3.0,3.0,3.0,3.0,1.6,1.0,1.0,1.0,2.0,2.0,2.0,2.0,2.0,2.6,3.0,3.0,3.0,2.2,2.0,2.0,2.0,2.0,2.0,2.0,1.8,1.2,1.0,1.0,2.0,2.0,2.0,2.0,2.0,2.2,2.0,2.0,2.8,1.8,2.0,2.0,2.0,2.0,1.2,2.0,1.2,1.0,1.0,1.0,0.6,2.0,1.0,1.4,1.0,1.2,2.0,2.0,2.0,2.0,1.6,1.6,2.0,2.0,1.6,1.2,2.0,0.0,0.0,0.0,0.0,0.0,0.0,0.0,0.0,0.0,0.0,0.0,0.0,0.0,0.0,0.0,0.0,0.0,0.0,0.0,0.0,0.0,0.0,0.0,0.0
2025-03-17,bom,93.0,404.0,2.0,2.0,2.0,2.0,2.0,2.8,3.0,3.0,3.0,3.0,2.6,1.6,1.0,1.0,1.2,2.0,2.0,2.4,3.0,3.0,3.0,2.4,2.0,2.0,2.6,2.8,3.0,3.0,2.4,2.0,1.2,1.0,1.0,1.2,2.0,1.2,2.0,2.0,2.0,2.0,2.4,3.0,2.6,2.0,2.0,1.6,2.0,1.6,1.0,1.0,1.0,1.0,1.0,1.0,0.8,1.2,2.0,2.0,2.0,2.0,2.0,2.0,2.0,2.0,2.0,1.6,1.6,2.0,1.6,0.0,1.6,2.0,2.0,2.0,1.2,1.2,0.8,0.8,0.8,2.0,1.5,0.0,0.0,0.0,0.0,0.0,0.0,0.0,0.0,0.0,0.0,0.0,0.0,0.0,0.0,0.0
2025-03-18,bom,86.0,537.0,2.0,2.0,2.0,2.0,2.0,2.0,2.0,2.0,2.0,2.0,2.0,2.0,2.0,2.0,2.0,2.0,2.0,2.0,2.0,2.0,2.0,2.0,2.0,2.0,2.0,2.0,2.0,2.0,2.0,2.0,2.0,2.0,2.0,2.0,2.0,2.0,2.0,2.0,2.0,2.0,2.0,2.0,1.6,2.0,1.6,1.6,2.4,3.0,3.0,3.0,3.0,2.4,1.4,1.0,1.0,1.0,1.6,2.0,3.0,3.0,2.6,1.6,2.0,2.0,2.8,3.0,2.8,2.0,1.6,1.6,1.0,1.0,0.8,1.0,1.0,1.2,2.0,2.0,2.0,2.0,2.4,2.2,2.4,2.0,2.0,2.0,2.8,3.0,2.0,1.6,1.4,1.0,1.0,0.8,1.0,0.8
2025-03-19,regular,84.0,396.0,2.0,2.0,1.6,1.6,2.0,1.8,2.0,2.0,2.0,2.6,3.0,1.6,2.0,2.2,3.0,1.8,2.0,2.0,2.4,3.0,2.6,2.6,3.0,3.0,1.6,2.0,2.0,3.0,2.6,2.0,1.8,1.2,2.0,2.0,1.0,0.8,1.0,1.0,1.0,1.2,1.8,2.0,2.0,2.0,2.0,2.0,2.0,2.0,2.0,2.0,3.0,3.0,3.0,2.0,1.4,1.0,1.0,1.0,1.0,1.6,1.6,2.0,2.0,2.0,2.0,2.0,1.2,2.0,1.6,2.0,2.0,2.0,1.2,2.0,2.0,0.8,2.0,2.0,1.2,0.0,0.0,0.0,0.0,0.0,0.0,0.0,0.0,0.0,0.0,0.0,0.0,0.0,0.0,0.0,0.0,0.0
2025-03-21,bom,95.0,403.0,2.0,2.0,2.0,2.0,2.4,3.0,3.0,3.0,3.0,2.6,2.0,1.4,1.0,1.0,1.0,1.2,2.0,2.0,2.0,2.0,2.8,3.0,3.0,2.6,2.0,2.0,2.0,3.0,3.0,2.6,1.2,1.0,1.0,1.0,1.0,1.0,1.0,1.4,2.0,2.0,2.0,2.0,2.0,2.0,2.0,2.8,3.0,3.0,3.0,2.0,2.0,2.0,2.0,1.0,1.0,1.0,1.0,1.0,1.0,2.0,2.0,2.0,2.0,2.0,2.0,2.0,2.0,2.0,0.8,2.0,2.0,1.4,1.0,1.0,1.0,1.0,1.2,0.6,2.0,2.0,0.6667,0.0,0.0,0.0,0.0,0.0,0.0,0.0,0.0,0.0,0.0,0.0,0.0,0.0,0.0,0.0
2025-03-22,ruim,49.0,824.0,2.0,2.0,2.0,2.0,2.0,2.0,2.0,2.0,2.0,2.0,2.0,2.0,2.0,2.0,2.0,2.0,2.0,2.0,2.0,2.0,2.0,2.0,2.0,2.0,2.0,2.0,2.0,2.0,2.0,2.0,2.0,2.0,2.0,2.0,2.0,2.0,2.0,2.0,2.0,2.0,2.0,2.0,2.0,2.0,2.0,2.0,2.0,2.0,2.0,2.0,2.0,2.0,2.0,2.0,2.0,2.0,2.0,2.0,2.0,2.0,2.0,2.0,2.0,2.0,2.0,2.0,2.0,2.0,2.0,2.0,2.0,2.0,2.0,2.0,2.0,2.0,2.0,2.0,2.0,2.0,2.0,2.0,2.0,2.0,2.0,2.0,2.0,2.0,2.0,2.0,2.0,2.0,2.0,2.0,2.0,2.0
2025-03-23,bom,85.0,553.0,2.0,2.0,2.0,0.8,1.6,2.0,2.0,2.0,2.0,2.0,2.8,3.0,3.0,3.0,3.0,2.6,3.0,1.6,2.0,2.0,2.4,3.0,2.4,2.0,2.8,1.8,2.0,2.0,2.0,1.6,1.6,1.2,1.2,1.8,2.0,2.0,2.0,2.0,2.0,2.0,2.0,3.0,2.2,2.0,2.0,2.0,2.0,2.0,2.0,1.2,1.0,1.0,1.0,1.0,1.0,1.0,1.0,1.0,1.0,1.0,1.6,2.0,2.0,2.0,2.0,2.2,3.0,3.0,2.4,2.0,2.0,1.6,2.0,1.6,1.0,1.0,1.0,1.0,1.0,1.0,1.0,1.0,1.6,1.6,2.0,2.0,2.0,2.0,2.0,2.0,2.0,1.6,2.0,2.0,2.0,2.0
2025-03-25,regular,81.0,405.0,2.0,2.0,2.0,2.0,2.2,3.0,3.0,3.0,2.4,1.8,1.0,2.0,2.0,2.0,2.0,2.2,3.0,3.0,3.0,3.0,2.0,2.0,2.0,3.0,3.0,1.8,2.0,2.0,2.0,2.0,1.0,1.0,1.0,1.0,1.2,2.0,2.0,2.0,2.0,2.0,2.0,2.0,2.0,2.0,2.0,2.0,2.0,1.6,2.0,1.6,1.6,1.6,2.0,1.2,1.2,2.0,2.0,2.0,2.0,2.0,2.0,1.6,1.4,0.6,2.0,2.0,2.0,2.0,1.6,1.6,2.0,2.0,2.0,1.8,1.0,0.8,1.0,0.4,1.6,1.2,0.4,0.0,0.0,0.0,0.0,0.0,0.0,0.0,0.0,0.0,0.0,0.0,0.0,0.0,0.0,0.0
2025-03-27,regular,84.0,398.0,2.0,2.0,2.0,2.0,2.0,3.0,3.0,2.0,2.8,2.2,1.2,2.0,2.0,2.0,2.0,3.0,3.0,2.4,2.0,2.6,3.0,3.0,3.0,3.0,3.0,3.0,3.0,3.0,2.4,1.4,1.0,1.0,1.0,1.4,2.0,1.6,2.0,2.0,2.0,2.4,2.0,1.6,2.0,2.0,2.0,2.0,2.0,2.0,1.6,1.4,2.0,2.0,1.2,2.0,1.6,2.0,2.0,1.4,1.0,0.8,1.0,1.0,1.2,2.0,2.0,2.0,2.0,2.0,2.0,2.0,1.6,2.0,1.6,1.2,2.0,1.6,2.0,1.6,1.2,1.3333,0.0,0.0,0.0,0.0,0.0,0.0,0.0,0.0,0.0,0.0,0.0,0.0,0.0,0.0,0.0,0.0
2025-03-28,regular,80.0,348.5,2.0,2.0,1.6,2.0,2.8,1.6,2.0,2.0,2.8,3.0,2.8,2.2,3.0,3.0,3.0,3.0,3.0,3.0,2.0,2.0,2.6,2.0,2.0,3.0,3.0,3.0,3.0,1.6,1.0,1.0,1.0,1.0,1.0,0.8,1.0,1.0,2.0,2.0,2.0,2.0,2.0,2.0,2.2,1.8,2.0,2.0,2.0,2.0,2.0,2.0,1.6,2.0,1.6,1.6,2.0,1.2,0.8,0.4,2.0,2.0,1.6,1.0,1.0,1.4,2.0,2.0,2.0,2.0,2.0,1.5,0.0,0.0,0.0,0.0,0.0,0.0,0.0,0.0,0.0,0.0,0.0,0.0,0.0,0.0,0.0,0.0,0.0,0.0,0.0,0.0,0.0,0.0,0.0,0.0,0.0,0.0
2025-03-30,bom,86.0,540.0,2.0,2.0,2.0,2.0,1.2,1.4,1.0,1.0,1.4,2.0,2.0,2.4,3.0,3.0,3.0,3.0,3.0,3.0,2.2,2.0,2.0,2.0,1.6,0.8,1.0,1.0,1.0,1.0,2.0,2.0,2.0,2.2,2.0,2.0,2.6,2.0,2.0,2.4,3.0,3.0,3.0,3.0,1.6,2.0,2.0,1.0,1.0,1.0,0.8,1.4,2.0,2.0,2.0,2.0,2.0,2.0,1.6,1.0,1.0,1.0,1.0,0.8,1.0,0.8,1.2,1.6,1.6,2.0,2.0,2.0,0.0,1.6,2.0,2.0,2.0,2.0,2.0,2.0,2.0,1.4,1.0,1.0,1.0,1.0,0.8,1.2,2.0,2.0,1.6,0.8,2.0,2.0,2.0,2.0,2.0,2.0
2025-03-31,regular,84.0,398.5,2.0,2.0,2.0,2.0,2.0,2.0,2.0,1.8,1.0,1.0,1.0,1.0,2.0,2.6,3.0,3.0,3.0,1.6,2.0,3.0,1.8,2.0,2.0,2.0,2.2,3.0,3.0,3.0,1.8,1.0,1.0,1.0,1.0,1.4,2.0,2.0,2.0,2.0,2.0,2.0,3.0,3.0,3.0,2.8,2.0,2.0,1.8,1.0,1.0,1.0,0.8,1.0,1.0,2.0,2.0,2.0,2.0,2.0,2.0,2.0,2.0,2.0,2.0,2.0,2.0,2.0,2.0,1.2,1.0,2.0,1.6,2.0,1.6,2.0,2.0,2.0,1.6,1.6,1.2,0.5,0.0,0.0,0.0,0.0,0.0,0.0,0.0,0.0,0.0,0.0,0.0,0.0,0.0,0.0,0.0,0.0
