com.samsung.shealth.sleep,7006011,11
total_sleep_time_weight,original_efficiency,mental_recovery,wake_score,factor_01,factor_02,factor_03,factor_04,factor_05,factor_06,factor_07,factor_08,factor_09,factor_10,deep_score,integrated_id,latency_weight,has_sleep_data,bedtime_detection_delay,sleep_efficiency_with_latency,wakeup_time_detection_delay,total_rem_duration,combined_id,nap_score,sleep_type,sleep_latency,data_version,latency_score,deep_weight,rem_weight,physical_recovery,original_wake_up_time,movement_awakening,is_integrated,original_bed_time,goal_bed_time,quality,extra_data,wake_weight,rem_score,goal_wake_up_time,sleep_cycle,total_light_duration,efficiency,sleep_score,sleep_duration,stage_analyzed_type,total_sleep_time_score,com.samsung.health.sleep.create_sh_ver,com.samsung.health.sleep.start_time,com.samsung.health.sleep.custom,com.samsung.health.sleep.modify_sh_ver,com.samsung.health.sleep.update_time,com.samsung.health.sleep.create_time,com.samsung.health.sleep.client_data_id,com.samsung.health.sleep.client_data_ver,com.samsung.health.sleep.time_offset,com.samsung.health.sleep.deviceuuid,com.samsung.health.sleep.comment,com.samsung.health.sleep.pkg_name,com.samsung.health.sleep.end_time,com.samsung.health.sleep.datauuid
,,61.0,,21,61,0,14,28,420,70,2,15,0,,,,0,,,,,,,-1,,4,,,,69.0,,10.0,,,,,dd8b69e8-4014-4c96-b0fc-186a24007827.extra_data.json,,,,5,,93.0,78,420,,,,2023-10-21 04:51:00.000,,,2023-10-21 11:51:13.601,2023-10-21 11:51:08.803,,,UTC-0300,hriiVjEkYE,,com.sec.android.app.shealth,2023-10-21 11:51:00.000,dd8b69e8-4014-4c96-b0fc-186a24007827,
,,82.0,,12,39,6,3,19,357,75,0,11,0,,,,0,,,,,,,-1,,4,,,,53.0,,16.0,,,,,8d2e848f-945f-40c2-a223-7206fd42bae2.extra_data.json,,,,3,,94.0,77,357,,,,2023-10-22 03:47:00.000,,,2023-10-22 13:58:45.065,2023-10-22 13:58:12.596,,,UTC-0300,hriiVjEkYE,,com.sec.android.app.shealth,2023-10-22 09:44:00.000,8d2e848f-945f-40c2-a223-7206fd42bae2,
,,82.0,,29,80,2,3,46,389,75,0,38,0,,,,0,,,,,,,-1,,4,,,,75.0,,24.0,,,,,5b742530-edda-4fec-a98e-1bd4b755f6d2.extra_data.json,,,,3,,88.0,85,389,,,,2023-10-23 04:07:00.000,,,2023-10-23 11:01:20.162,2023-10-23 11:01:13.747,,,UTC-0300,hriiVjEkYE,,com.sec.android.app.shealth,2023-10-23 10:36:00.000,5b742530-edda-4fec-a98e-1bd4b755f6d2,
,,49.0,,60,79,5,26,34,348,167,1,25,3,,,,0,,,,,,,-1,,4,,,,72.0,,20.0,,,,,2a468288-33dd-4dca-a4b3-9c4e77b34267.extra_data.json,,,,3,,90.0,62,351,,,,2023-10-24 03:49:00.000,,,2023-10-24 10:06:00.660,2023-10-24 10:04:47.845,,,UTC-0300,hriiVjEkYE,,com.sec.android.app.shealth,2023-10-24 09:40:00.000,2a468288-33dd-4dca-a4b3-9c4e77b34267,
,,41.0,,52,72,5,19,61,440,145,3,49,0,,,,0,,,,,,,-1,,4,,,,75.0,,28.0,,,,,69610a42-ecaf-4324-a455-71f51d26100d.extra_data.json,,,,4,,86.0,68,440,,,,2023-10-25 03:58:00.000,,,2023-10-25 11:18:15.542,2023-10-25 11:18:09.565,,,UTC-0300,hriiVjEkYE,,com.sec.android.app.shealth,2023-10-25 11:18:00.000,69610a42-ecaf-4324-a455-71f51d26100d,
,,66.0,,16,20,7,9,28,326,166,1,14,0,,,,0,,,,,,,-1,,4,,,,43.0,,17.0,,,,,832e66cd-dca3-4ceb-ba15-08b4e6db0a2a.extra_data.json,,,,3,,91.0,62,326,,,,2023-10-26 04:10:00.000,,,2023-10-26 09:36:59.829,2023-10-26 09:36:19.686,,,UTC-0300,hriiVjEkYE,,com.sec.android.app.shealth,2023-10-26 09:36:00.000,832e66cd-dca3-4ceb-ba15-08b4e6db0a2a,
,,66.0,,48,70,5,4,17,326,196,1,10,0,,,,0,,,,,,,-1,,4,,,,64.0,,11.0,,,,,c8ad2226-b933-4648-8858-31abb781b914.extra_data.json,,,,2,,94.0,68,326,,,,2023-10-27 03:41:00.000,,,2023-10-27 14:14:55.588,2023-10-27 14:14:23.195,,,UTC-0300,hriiVjEkYE,,com.sec.android.app.shealth,2023-10-27 09:07:00.000,c8ad2226-b933-4648-8858-31abb781b914,
,,67.0,,15,89,0,8,44,489,59,2,27,0,,,,0,,,,,,,-1,,6,,,,77.0,2023-10-28 12:35:00.000,15.0,,2023-10-28 03:52:00.000,,,b0de2645-205e-4112-9b69-b89f292aa647.extra_data.json,,,,5,,91.0,86,489,,,,2023-10-28 03:52:00.000,,,2023-10-28 13:02:07.562,2023-10-28 13:02:01.100,,,UTC-0300,hriiVjEkYE,,com.sec.android.app.shealth,2023-10-28 12:01:00.000,b0de2645-205e-4112-9b69-b89f292aa647,
,,72.0,,16,16,12,3,21,370,175,1,14,0,,,,0,,,,,,,3,,6,,,,45.0,,16.0,,,,,ae57b2d3-b860-46a8-aaa1-075781c71480.extra_data.json,,,,3,,94.0,50,370,,,,2023-10-29 05:06:00.000,,,2023-10-29 11:16:05.107,2023-10-29 11:16:01.867,,,UTC-0300,hriiVjEkYE,,com.sec.android.app.shealth,2023-10-29 11:16:00.000,ae57b2d3-b860-46a8-aaa1-075781c71480,
,,72.0,,5,5,3,8,18,294,70,1,7,8,,,,0,,,,,,,3,,6,,,,34.0,2023-10-30 09:40:00.000,13.0,,2023-10-30 04:07:00.000,,,ff383e07-9be1-4dae-97fd-1794e7e5943b.extra_data.json,,,,4,,91.0,52,302,,,,2023-10-30 04:07:00.000,,,2023-10-30 10:04:45.666,2023-10-30 10:04:42.354,,,UTC-0300,hriiVjEkYE,,com.sec.android.app.shealth,2023-10-30 09:09:00.000,ff383e07-9be1-4dae-97fd-1794e7e5943b,
,,62.0,,71,108,1,18,27,416,117,1,4,0,,,,0,,,,,,,3,,6,,,,92.0,2023-10-31 11:29:00.000,8.0,,2023-10-31 03:57:00.000,,,b3a7ebfc-9a2a-4ef3-ad9c-ac0ad5bef6c8.extra_data.json,,,,4,,93.0,65,416,,,,2023-10-31 03:57:00.000,,,2023-10-31 11:54:11.157,2023-10-31 11:54:06.760,,,UTC-0300,hriiVjEkYE,,com.sec.android.app.shealth,2023-10-31 10:53:00.000,b3a7ebfc-9a2a-4ef3-ad9c-ac0ad5bef6c8,
,,84.0,,16,43,5,1,18,366,90,0,6,0,,,,0,,,,,,,3,,6,,,,55.0,,12.0,,,,,8cc40a76-497b-4228-8b1b-9473eb364a3a.extra_data.json,,,,3,,95.0,62,366,,,,2023-11-01 03:32:00.000,,,2023-11-01 09:38:12.455,2023-11-01 09:38:07.676,,,UTC-0300,hriiVjEkYE,,com.sec.android.app.shealth,2023-11-01 09:38:00.000,8cc40a76-497b-4228-8b1b-9473eb364a3a,
,,73.0,,0,0,0,2,9,72,25,0,0,1,,,,0,,,,,,,3,,6,,,,7.0,,13.0,,,,,4309d406-500a-42d8-803e-29316606559f.extra_data.json,,,,1,,87.0,39,73,,,,2023-11-01 22:19:00.000,,,2023-11-02 00:03:35.461,2023-11-02 00:03:32.963,,,UTC-0300,hriiVjEkYE,,com.sec.android.app.shealth,2023-11-01 23:32:00.000,4309d406-500a-42d8-803e-29316606559f,
,,72.0,,13,13,5,3,9,162,162,0,3,0,,,,0,,,,,c8f24fb3-62d3-4ade-bd82-f16a4b69be2b,,3,,6,,,,27.0,,10.0,,,,,c9d7b398-809c-4add-904c-b69558544064.extra_data.json,,,,1,,94.0,55,162,,,,2023-11-02 06:29:00.000,,,2023-11-02 14:20:43.379,2023-11-02 09:11:58.009,,,UTC-0300,hriiVjEkYE,,com.sec.android.app.shealth,2023-11-02 09:11:00.000,c9d7b398-809c-4add-904c-b69558544064,
,,76.0,,52,59,6,4,21,268,174,0,3,0,,,,0,,,,,c8f24fb3-62d3-4ade-bd82-f16a4b69be2b,,3,,6,,,,61.0,2023-11-02 14:20:00.000,12.0,,2023-11-02 09:39:00.000,,,6ad60fa0-77c8-44b4-bf22-1a06d181f86f.extra_data.json,,,,2,,92.0,63,268,,,,2023-11-02 09:39:00.000,,,2023-11-02 14:20:43.430,2023-11-02 14:20:39.609,,,UTC-0300,hriiVjEkYE,,com.sec.android.app.shealth,2023-11-02 14:07:00.000,6ad60fa0-77c8-44b4-bf22-1a06d181f86f,
,,84.0,,29,72,4,6,20,453,78,0,3,0,,,,0,,,,,,,3,,6,,,,76.0,,10.0,,,,,ee12f2ca-3bab-4a99-923b-c4067ce5149a.extra_data.json,,,,4,,95.0,93,453,,,,2023-11-03 05:46:00.000,,,2023-11-03 20:52:58.572,2023-11-03 15:25:00.913,,,UTC-0300,hriiVjEkYE,,com.sec.android.app.shealth,2023-11-03 13:19:00.000,ee12f2ca-3bab-4a99-923b-c4067ce5149a,
,,78.0,,97,148,1,12,27,624,175,1,4,0,,,,0,,,,,,,3,,6,,,,100.0,2023-11-04 15:52:00.000,6.0,,2023-11-04 05:01:00.000,,,5fee1e51-4c19-43e7-a0b0-78c21d50a404.extra_data.json,,,,6,,95.0,67,624,,,,2023-11-04 05:01:00.000,,,2023-11-04 15:56:11.619,2023-11-04 15:52:29.375,,,UTC-0300,hriiVjEkYE,,com.sec.android.app.shealth,2023-11-04 15:25:00.000,5fee1e51-4c19-43e7-a0b0-78c21d50a404,
,,70.0,,0,12,0,0,0,19,0,0,0,0,,,,0,,,,,,,3,,6,,,,65.0,,0.0,,,,,3382d658-516e-4a0c-959f-b7575494ae34.extra_data.json,,,,0,,100.0,47,19,,,,2023-11-05 02:38:00.000,,,2023-11-05 03:21:09.290,2023-11-05 03:21:07.453,,,UTC-0300,hriiVjEkYE,,com.sec.android.app.shealth,2023-11-05 02:57:00.000,3382d658-516e-4a0c-959f-b7575494ae34,
,,78.0,,47,58,3,2,19,301,146,0,6,0,,,,0,,,,,,,3,,6,,,,62.0,2023-11-06 09:25:00.000,10.0,,2023-11-06 04:02:00.000,,,2546c26a-082f-40e8-bd17-1c9a52798ce7.extra_data.json,,,,2,,93.0,61,301,,,,2023-11-06 04:02:00.000,,,2023-11-06 09:50:07.334,2023-11-06 09:50:02.909,,,UTC-0300,hriiVjEkYE,,com.sec.android.app.shealth,2023-11-06 09:03:00.000,2546c26a-082f-40e8-bd17-1c9a52798ce7,
,,68.0,,20,50,1,7,11,267,66,1,4,0,,,,0,,,,,2fa1b86c-386a-4b34-8997-1e8a5446f0f5,,3,,6,,,,58.0,,7.0,,,,,b52df472-02d3-454b-abf6-47039575d1b7.extra_data.json,,,,3,,95.0,64,267,,,,2023-11-07 04:17:00.000,,,2023-11-07 09:50:05.075,2023-11-07 08:44:49.285,,,UTC-0300,hriiVjEkYE,,com.sec.android.app.shealth,2023-11-07 08:44:00.000,b52df472-02d3-454b-abf6-47039575d1b7,
,,70.0,,0,17,0,0,0,33,0,0,0,0,,,,0,,,,,2fa1b86c-386a-4b34-8997-1e8a5446f0f5,,3,,6,,,,55.0,,0.0,,,,,9b4a5305-979e-4706-aadb-812548ca62e1.extra_data.json,,,,0,,100.0,47,33,,,,2023-11-07 08:53:00.000,,,2023-11-07 09:50:05.154,2023-11-07 09:50:03.793,,,UTC-0300,hriiVjEkYE,,com.sec.android.app.shealth,2023-11-07 09:26:00.000,9b4a5305-979e-4706-aadb-812548ca62e1,
,,69.0,,14,70,1,11,18,301,50,1,5,3,,,,0,,,,,,,3,,6,,,,65.0,2023-11-08 09:25:00.000,10.0,,2023-11-08 03:56:00.000,,,759483d8-d4b1-414d-a923-a51d36da6c30.extra_data.json,,,,4,,93.0,61,304,,,,2023-11-08 03:56:00.000,,,2023-11-08 09:50:31.848,2023-11-08 09:50:29.568,,,UTC-0300,hriiVjEkYE,,com.sec.android.app.shealth,2023-11-08 09:00:00.000,759483d8-d4b1-414d-a923-a51d36da6c30,
,,55.0,,60,80,5,10,22,426,167,2,10,0,,,,0,,,,,,,3,,6,,,,76.0,2023-11-09 11:47:00.000,11.0,,2023-11-09 04:18:00.000,,,5daf169b-237c-4f68-bf47-f12d4afc317f.extra_data.json,,,,3,,94.0,90,426,,,,2023-11-09 04:18:00.000,,,2023-11-09 12:13:29.723,2023-11-09 12:13:27.155,,,UTC-0300,hriiVjEkYE,,com.sec.android.app.shealth,2023-11-09 11:24:00.000,5daf169b-237c-4f68-bf47-f12d4afc317f,
,,58.0,,33,45,4,7,24,255,75,2,14,1,,,,0,,,,,,,3,,6,,,,61.0,2023-11-10 09:31:00.000,20.0,,2023-11-10 04:53:00.000,,,1e85a9ef-2ab4-41b2-8769-cf56cb67e4ba.extra_data.json,,,,3,,90.0,57,256,,,,2023-11-10 04:53:00.000,,,2023-11-10 09:54:53.876,2023-11-10 09:54:50.923,,,UTC-0300,hriiVjEkYE,,com.sec.android.app.shealth,2023-11-10 09:09:00.000,1e85a9ef-2ab4-41b2-8769-cf56cb67e4ba,
,,40.0,,55,94,3,35,61,507,152,2,42,2,,,,0,,,,,,,3,,6,,,,84.0,2023-11-12 15:22:00.000,22.0,,2023-11-12 06:28:00.000,,,01c54d0b-6533-4cb2-9c1d-4511b6929526.extra_data.json,,,,5,,87.0,86,509,,,,2023-11-12 06:28:00.000,,,2023-11-12 15:52:35.286,2023-11-12 15:52:26.614,,,UTC-0300,hriiVjEkYE,,com.sec.android.app.shealth,2023-11-12 14:57:00.000,01c54d0b-6533-4cb2-9c1d-4511b6929526,
,,78.0,,21,61,4,7,43,333,84,0,30,0,,,,0,,,,,,,3,,6,,,,62.0,2023-11-13 11:28:00.000,27.0,,2023-11-13 05:16:00.000,,,c8302060-680f-4a71-8e22-8651b202008b.extra_data.json,,,,3,,87.0,56,333,,,,2023-11-13 05:16:00.000,,,2023-11-13 11:51:18.443,2023-11-13 11:51:14.282,,,UTC-0300,hriiVjEkYE,,com.sec.android.app.shealth,2023-11-13 10:49:00.000,c8302060-680f-4a71-8e22-8651b202008b,
,,68.0,,0,44,1,7,86,357,31,1,70,2,,,,0,,,,,,,3,,6,,,,48.0,2023-11-14 10:47:00.000,47.0,,2023-11-14 04:26:00.000,,,5a60f503-84e5-4f2d-a474-07982e8543bc.extra_data.json,,,,3,,75.0,45,359,,,,2023-11-14 04:26:00.000,,,2023-11-14 11:16:19.938,2023-11-14 11:16:15.226,,,UTC-0300,hriiVjEkYE,,com.sec.android.app.shealth,2023-11-14 10:25:00.000,5a60f503-84e5-4f2d-a474-07982e8543bc,
,,67.0,,0,0,4,3,14,193,140,1,10,0,,,,0,,,,,,,3,,6,,,,19.0,,15.0,,,,,092fe81f-3965-486e-a4a6-576260fa18e6.extra_data.json,,,,2,,92.0,33,193,,,,2023-11-15 04:58:00.000,,,2023-11-15 08:11:10.520,2023-11-15 08:11:06.407,,,UTC-0300,hriiVjEkYE,,com.sec.android.app.shealth,2023-11-15 08:11:00.000,092fe81f-3965-486e-a4a6-576260fa18e6,
,,81.0,,0,54,0,9,30,339,29,0,16,3,,,,0,,,,,,,3,,6,,,,50.0,2023-11-16 11:00:00.000,14.0,,2023-11-16 04:43:00.000,,,fdeb0d2e-6b60-4908-9996-053ac5c4ec57.extra_data.json,,,,4,,90.0,51,342,,,,2023-11-16 04:43:00.000,,,2023-11-16 11:26:47.074,2023-11-16 11:26:41.764,,,UTC-0300,hriiVjEkYE,,com.sec.android.app.shealth,2023-11-16 10:25:00.000,fdeb0d2e-6b60-4908-9996-053ac5c4ec57,
,,70.0,,27,66,4,10,46,412,66,1,30,5,,,,0,,,,,,,3,,6,,,,74.0,2023-11-17 11:21:00.000,25.0,,2023-11-17 03:55:00.000,,,cd891103-2214-43e3-94f7-34135aa83ae8.extra_data.json,,,,4,,87.0,55,417,,,,2023-11-17 03:55:00.000,,,2023-11-17 11:47:14.452,2023-11-17 11:47:10.360,,,UTC-0300,hriiVjEkYE,,com.sec.android.app.shealth,2023-11-17 10:52:00.000,cd891103-2214-43e3-94f7-34135aa83ae8,
,,81.0,,39,95,1,14,32,580,126,1,4,5,,,,0,,,,,,,-1,,6,,,,87.0,2023-11-19 15:37:00.000,7.0,,2023-11-19 04:43:00.000,,,1a320316-c279-492f-8cfe-592145ed84fd.extra_data.json,,,,7,,93.0,61,585,,,,2023-11-19 04:43:00.000,,,2023-11-19 16:19:06.909,2023-11-19 16:06:40.860,,,UTC-0300,hriiVjEkYE,,com.sec.android.app.shealth,2023-11-19 14:28:00.000,1a320316-c279-492f-8cfe-592145ed84fd,
,,79.0,,28,49,10,6,22,318,134,0,7,0,,,,0,,,,,,,-1,,6,,,,56.0,2023-11-20 09:35:00.000,17.0,,2023-11-20 03:29:00.000,,,854c132a-8ef1-4baa-b378-94436a9454d6.extra_data.json,,,,3,,93.0,56,318,,,,2023-11-20 03:29:00.000,,,2023-11-20 09:59:35.145,2023-11-20 09:59:32.062,,,UTC-0300,hriiVjEkYE,,com.sec.android.app.shealth,2023-11-20 08:47:00.000,854c132a-8ef1-4baa-b378-94436a9454d6,
,,82.0,,58,67,9,3,18,377,198,0,3,0,,,,0,,,,,,,-1,,6,,,,67.0,2023-11-21 09:26:00.000,10.0,,2023-11-21 03:04:00.000,,,ecc66f1b-14c9-4315-bd78-d8ddb752dc4a.extra_data.json,,,,3,,95.0,65,377,,,,2023-11-21 03:04:00.000,,,2023-11-21 09:27:01.997,2023-11-21 09:26:57.047,,,UTC-0300,hriiVjEkYE,,com.sec.android.app.shealth,2023-11-21 09:21:00.000,ecc66f1b-14c9-4315-bd78-d8ddb752dc4a,
,,52.0,,66,74,6,13,29,425,182,2,14,5,,,,0,,,,,,,-1,,6,,,,74.0,2023-11-22 11:12:00.000,13.0,,2023-11-22 03:23:00.000,,,3dd6a832-11fb-41f8-b23f-3042dcf89ed7.extra_data.json,,,,3,,92.0,90,430,,,,2023-11-22 03:23:00.000,,,2023-11-22 11:38:56.203,2023-11-22 11:38:52.586,,,UTC-0300,hriiVjEkYE,,com.sec.android.app.shealth,2023-11-22 10:33:00.000,3dd6a832-11fb-41f8-b23f-3042dcf89ed7,
,,83.0,,50,65,7,12,42,405,122,0,12,3,,,,0,,,,,,,-1,,6,,,,73.0,2023-11-23 11:17:00.000,19.0,,2023-11-23 04:07:00.000,,,f5133b67-59e0-4c9d-b68e-d54bf505f4b1.extra_data.json,,,,5,,89.0,61,408,,,,2023-11-23 04:07:00.000,,,2023-11-23 11:41:48.959,2023-11-23 11:41:46.105,,,UTC-0300,hriiVjEkYE,,com.sec.android.app.shealth,2023-11-23 10:55:00.000,f5133b67-59e0-4c9d-b68e-d54bf505f4b1,
,,81.0,,9,64,2,4,14,304,40,0,0,0,,,,0,,,,,,,-1,,6,,,,60.0,2023-11-24 09:22:00.000,10.0,,2023-11-24 03:45:00.000,,,e5eb2842-2335-46ee-932b-a970427f9824.extra_data.json,,,,3,,95.0,63,304,,,,2023-11-24 03:45:00.000,,,2023-11-24 09:47:56.191,2023-11-24 09:47:52.967,,,UTC-0300,hriiVjEkYE,,com.sec.android.app.shealth,2023-11-24 08:49:00.000,e5eb2842-2335-46ee-932b-a970427f9824,
,,68.0,,63,83,8,12,32,457,171,1,19,0,,,,0,,,,,,,-1,,6,,,,79.0,2023-11-25 12:53:00.000,16.0,,2023-11-25 04:37:00.000,,,5825ba1e-1d11-4f03-99d6-a1d9dd34d232.extra_data.json,,,,4,,92.0,89,457,,,,2023-11-25 04:37:00.000,,,2023-11-25 13:26:02.505,2023-11-25 13:24:56.313,,,UTC-0300,hriiVjEkYE,,com.sec.android.app.shealth,2023-11-25 12:14:00.000,5825ba1e-1d11-4f03-99d6-a1d9dd34d232,
,,70.0,,0,20,0,0,0,65,0,0,0,0,,,,0,,,,,,,-1,,6,,,,37.0,,0.0,,,,,08a0357b-7a3f-4734-92b5-1bce72965c5a.extra_data.json,,,,0,,100.0,47,65,,,,2023-11-25 20:44:00.000,,,2023-11-25 21:50:02.844,2023-11-25 21:49:58.740,,,UTC-0300,hriiVjEkYE,,com.sec.android.app.shealth,2023-11-25 21:49:00.000,08a0357b-7a3f-4734-92b5-1bce72965c5a,
,,68.0,,13,55,0,12,20,345,41,1,6,0,,,,0,,,,,,,-1,,6,,,,63.0,2023-11-26 12:55:00.000,8.0,,2023-11-26 06:50:00.000,,,cf982a16-88be-41ba-bfdf-5fb778eef114.extra_data.json,,,,4,,94.0,61,345,,,,2023-11-26 06:50:00.000,,,2023-11-26 13:20:40.446,2023-11-26 13:20:36.892,,,UTC-0300,hriiVjEkYE,,com.sec.android.app.shealth,2023-11-26 12:35:00.000,cf982a16-88be-41ba-bfdf-5fb778eef114,
,,74.0,,14,22,1,1,4,113,80,0,0,0,,,,0,,,,,,,-1,,6,,,,38.0,2023-11-27 01:36:00.000,5.0,,2023-11-26 22:57:00.000,,,04b9e20e-186c-4040-b53e-9885bc10448e.extra_data.json,,,,1,,96.0,64,113,,,,2023-11-26 22:57:00.000,,,2023-11-27 01:36:53.913,2023-11-27 01:36:49.532,,,UTC-0300,hriiVjEkYE,,com.sec.android.app.shealth,2023-11-27 00:50:00.000,04b9e20e-186c-4040-b53e-9885bc10448e,
,,71.0,,63,63,23,9,53,347,266,0,32,0,,,,0,,,,,,,-1,,6,,,,62.0,,33.0,,,,,4969a591-b62e-4858-bafb-69ebfadd9bc5.extra_data.json,,,,2,,84.0,55,347,,,,2023-11-27 04:33:00.000,,,2023-11-27 10:20:43.374,2023-11-27 10:20:38.233,,,UTC-0300,hriiVjEkYE,,com.sec.android.app.shealth,2023-11-27 10:20:00.000,4969a591-b62e-4858-bafb-69ebfadd9bc5,
,,74.0,,65,81,2,6,13,236,146,0,3,0,,,,0,,,,,,,-1,,6,,,,76.0,2023-11-28 09:38:00.000,8.0,,2023-11-28 05:20:00.000,,,e1f1bd3a-546c-42b1-b4c2-f27a6d241dbc.extra_data.json,,,,2,,94.0,62,236,,,,2023-11-28 05:20:00.000,,,2023-11-28 10:02:16.802,2023-11-28 10:02:11.817,,,UTC-0300,hriiVjEkYE,,com.sec.android.app.shealth,2023-11-28 09:16:00.000,e1f1bd3a-546c-42b1-b4c2-f27a6d241dbc,
,,,,,,,,,,,,,,,,,0,,,,,,,,,,,,,,,,,,,0,,,,,,,0.0,,,,,,2023-11-29 02:50:00.000,,,2023-11-29 13:49:16.187,2023-11-29 13:49:16.187,,,UTC-0300,487mnSNu6t,,com.sec.android.app.shealth,2023-11-29 10:20:00.000,2406a1ad-fb26-4515-8846-d35c5408a1d3,
,,81.0,,60,71,3,4,20,319,137,0,7,0,,,,0,,,,,,,-1,,6,,,,72.0,2023-11-30 09:31:00.000,11.0,,2023-11-30 03:40:00.000,,,10cfbc55-6b13-4657-a033-3c64f6a8b673.extra_data.json,,,,3,,93.0,63,319,,,,2023-11-30 03:40:00.000,,,2023-11-30 09:55:58.997,2023-11-30 09:55:54.777,,,UTC-0300,hriiVjEkYE,,com.sec.android.app.shealth,2023-11-30 08:59:00.000,10cfbc55-6b13-4657-a033-3c64f6a8b673,
,,68.0,,46,79,4,7,35,453,137,1,15,0,,,,0,,,,,,,-1,,6,,,,76.0,2023-12-01 11:37:00.000,14.0,,2023-12-01 03:39:00.000,,,a2d9b2d8-02d3-4296-bfc2-98a244e26e0b.extra_data.json,,,,3,,92.0,89,453,,,,2023-12-01 03:39:00.000,,,2023-12-01 11:37:10.500,2023-12-01 11:37:07.465,,,UTC-0300,hriiVjEkYE,,com.sec.android.app.shealth,2023-12-01 11:12:00.000,a2d9b2d8-02d3-4296-bfc2-98a244e26e0b,
,,61.0,,13,13,0,4,6,67,56,1,4,0,,,,0,,,,,,,-1,,6,,,,35.0,2023-12-01 22:17:00.000,15.0,,2023-12-01 20:48:00.000,,,c4174e7a-3213-4140-b317-9d117f327ce0.extra_data.json,,,,1,,91.0,56,67,,,,2023-12-01 20:48:00.000,,,2023-12-01 22:41:42.272,2023-12-01 22:41:39.791,,,UTC-0300,hriiVjEkYE,,com.sec.android.app.shealth,2023-12-01 21:55:00.000,c4174e7a-3213-4140-b317-9d117f327ce0,
,,67.0,,45,62,7,18,50,525,147,1,18,0,,,,0,,,,,,,-1,,6,,,,77.0,,18.0,,,,,588bea07-6629-4625-bed2-40a15cebfdf8.extra_data.json,,,,5,,90.0,86,525,,,,2023-12-02 03:46:00.000,,,2023-12-02 12:31:17.732,2023-12-02 12:31:12.577,,,UTC-0300,hriiVjEkYE,,com.sec.android.app.shealth,2023-12-02 12:31:00.000,588bea07-6629-4625-bed2-40a15cebfdf8,
,,38.0,,78,78,11,22,43,418,271,2,30,0,,,,0,,,,,,,-1,,6,,,,72.0,2023-12-04 12:02:00.000,22.0,,2023-12-04 04:29:00.000,,,28483187-c848-46ed-87e1-fe71a2244a88.extra_data.json,,,,2,,89.0,52,418,,,,2023-12-04 04:29:00.000,,,2023-12-04 12:27:06.682,2023-12-04 12:27:03.083,,,UTC-0300,hriiVjEkYE,,com.sec.android.app.shealth,2023-12-04 11:27:00.000,28483187-c848-46ed-87e1-fe71a2244a88,
,,86.0,,6,27,5,4,21,380,51,0,0,0,,,,0,,,,,,,-1,,6,,,,50.0,2023-12-05 10:09:00.000,15.0,,2023-12-05 03:24:00.000,,,f6aa064d-c61c-4376-8c35-658606fdc463.extra_data.json,,,,4,,94.0,57,380,,,,2023-12-05 03:24:00.000,,,2023-12-05 10:34:28.913,2023-12-05 10:34:26.288,,,UTC-0300,hriiVjEkYE,,com.sec.android.app.shealth,2023-12-05 09:44:00.000,f6aa064d-c61c-4376-8c35-658606fdc463,
,,71.0,,18,48,3,4,15,327,73,1,6,6,,,,0,,,,,,,-1,,6,,,,57.0,2023-12-06 09:34:00.000,11.0,,2023-12-06 03:18:00.000,,,1b986b93-63d4-437a-9fe8-c46a97327071.extra_data.json,,,,3,,93.0,61,333,,,,2023-12-06 03:18:00.000,,,2023-12-06 10:00:15.858,2023-12-06 10:00:12.365,,,UTC-0300,hriiVjEkYE,,com.sec.android.app.shealth,2023-12-06 08:51:00.000,1b986b93-63d4-437a-9fe8-c46a97327071,
,,79.0,,42,46,8,6,40,344,196,0,25,0,,,,0,,,,,,,-1,,6,,,,56.0,,23.0,,,,,8ba15fe8-1290-476b-a06d-d7368058ce15.extra_data.json,,,,3,,88.0,53,344,,,,2023-12-07 03:48:00.000,,,2023-12-07 09:32:53.620,2023-12-07 09:32:49.827,,,UTC-0300,hriiVjEkYE,,com.sec.android.app.shealth,2023-12-07 09:32:00.000,8ba15fe8-1290-476b-a06d-d7368058ce15,
,,70.0,,17,33,5,5,35,353,129,1,20,0,,,,0,,,,,,,-1,,6,,,,50.0,2023-12-08 09:34:00.000,19.0,,2023-12-08 03:29:00.000,,,221cdbbb-c436-47b1-9d34-f17e49d144a1.extra_data.json,,,,3,,90.0,52,353,,,,2023-12-08 03:29:00.000,,,2023-12-08 09:34:50.017,2023-12-08 09:34:45.537,,,UTC-0300,hriiVjEkYE,,com.sec.android.app.shealth,2023-12-08 09:22:00.000,221cdbbb-c436-47b1-9d34-f17e49d144a1,
,,94.0,,16,85,0,6,32,560,40,0,0,0,,,,0,,,,,,,-1,,6,,,,87.0,2023-12-09 14:12:00.000,6.0,,2023-12-09 04:26:00.000,,,36518d70-2a35-44f3-874a-52cec11e3b44.extra_data.json,,,,6,,94.0,62,560,,,,2023-12-09 04:26:00.000,,,2023-12-09 14:36:54.327,2023-12-09 14:36:49.557,,,UTC-0300,hriiVjEkYE,,com.sec.android.app.shealth,2023-12-09 13:46:00.000,36518d70-2a35-44f3-874a-52cec11e3b44,
,,91.0,,38,99,6,4,16,565,142,0,0,0,,,,0,,,,,,,-1,,6,,,,85.0,2023-12-10 14:31:00.000,7.0,,2023-12-10 04:40:00.000,,,fab40fca-efb0-4caf-8608-ec2331a3c684.extra_data.json,,,,5,,97.0,65,565,,,,2023-12-10 04:40:00.000,,,2023-12-10 14:56:20.799,2023-12-10 14:56:15.666,,,UTC-0300,hriiVjEkYE,,com.sec.android.app.shealth,2023-12-10 14:05:00.000,fab40fca-efb0-4caf-8608-ec2331a3c684,
,,57.0,,67,98,4,18,41,461,134,2,24,7,,,,0,,,,,,,-1,,6,,,,87.0,2023-12-11 11:59:00.000,17.0,,2023-12-11 03:47:00.000,,,0e819dcd-c92a-4fca-a10a-05b2e6415ef5.extra_data.json,,,,5,,89.0,87,468,,,,2023-12-11 03:47:00.000,,,2023-12-11 12:30:23.209,2023-12-11 12:30:18.373,,,UTC-0300,hriiVjEkYE,,com.sec.android.app.shealth,2023-12-11 11:35:00.000,0e819dcd-c92a-4fca-a10a-05b2e6415ef5,
,,77.0,,18,32,3,8,25,352,103,0,10,0,,,,0,,,,,,,-1,,6,,,,51.0,2023-12-12 09:27:00.000,13.0,,2023-12-12 03:30:00.000,,,c3771b0c-63b2-4218-af50-d2cab6125176.extra_data.json,,,,3,,92.0,55,352,,,,2023-12-12 03:30:00.000,,,2023-12-12 09:27:23.590,2023-12-12 09:27:18.966,,,UTC-0300,hriiVjEkYE,,com.sec.android.app.shealth,2023-12-12 09:22:00.000,c3771b0c-63b2-4218-af50-d2cab6125176,
,,65.0,,62,77,6,10,29,338,149,1,18,0,,,,0,,,,,,,-1,,6,,,,73.0,2023-12-13 09:32:00.000,18.0,,2023-12-13 03:27:00.000,,,948a5def-75e8-4d70-b3e8-dd4987acd49e.extra_data.json,,,,3,,91.0,59,338,,,,2023-12-13 03:27:00.000,,,2023-12-13 10:02:17.944,2023-12-13 10:02:14.592,,,UTC-0300,hriiVjEkYE,,com.sec.android.app.shealth,2023-12-13 09:05:00.000,948a5def-75e8-4d70-b3e8-dd4987acd49e,
,,86.0,,41,44,28,4,45,486,208,0,22,0,,,,0,,,,,,,-1,,6,,,,66.0,2023-12-14 10:53:00.000,27.0,,2023-12-14 02:18:00.000,,,d8a50ac4-1acf-4025-9e84-d8a67ebfc9fa.extra_data.json,,,,4,,90.0,85,486,,,,2023-12-14 02:18:00.000,,,2023-12-14 11:19:38.475,2023-12-14 11:19:32.748,,,UTC-0300,hriiVjEkYE,,com.sec.android.app.shealth,2023-12-14 10:24:00.000,d8a50ac4-1acf-4025-9e84-d8a67ebfc9fa,
,,73.0,,8,8,2,2,8,106,106,0,4,0,,,,0,,,,,,,-1,,6,,,,21.0,2023-12-15 08:48:00.000,13.0,,2023-12-15 06:58:00.000,,,141140ec-398b-4727-9228-7a8d5253f39f.extra_data.json,,,,1,,92.0,54,106,,,,2023-12-15 06:58:00.000,,,2023-12-15 19:31:21.519,2023-12-15 15:43:21.636,,,UTC-0300,hriiVjEkYE,,com.sec.android.app.shealth,2023-12-15 08:44:00.000,141140ec-398b-4727-9228-7a8d5253f39f,
,,73.0,,44,44,3,2,5,132,132,0,0,0,,,,0,,,,,a83dc9c6-c0dd-4791-bcbb-00fc6f0ec444,,-1,,6,,,,60.0,2023-12-16 04:07:00.000,6.0,,2023-12-16 01:14:00.000,,,ccec45d4-47e2-4dd8-a42e-3ca804f3627c.extra_data.json,,,,1,,96.0,63,132,,,,2023-12-16 01:14:00.000,,,2023-12-16 12:08:20.270,2023-12-16 04:36:42.948,,,UTC-0300,hriiVjEkYE,,com.sec.android.app.shealth,2023-12-16 03:26:00.000,ccec45d4-47e2-4dd8-a42e-3ca804f3627c,
,,80.0,,35,60,7,5,25,357,142,0,3,3,,,,0,,,,,a83dc9c6-c0dd-4791-bcbb-00fc6f0ec444,,-1,,6,,,,62.0,2023-12-16 11:43:00.000,13.0,,2023-12-16 04:40:00.000,,,3780167f-dee5-4b6a-a67a-915c0bbc16c6.extra_data.json,,,,3,,92.0,63,360,,,,2023-12-16 04:40:00.000,,,2023-12-16 12:08:20.323,2023-12-16 12:08:15.038,,,UTC-0300,hriiVjEkYE,,com.sec.android.app.shealth,2023-12-16 10:40:00.000,3780167f-dee5-4b6a-a67a-915c0bbc16c6,
,,61.0,,64,72,8,9,42,453,164,2,21,3,,,,0,,,,,,,-1,,6,,,,77.0,2023-12-18 11:09:00.000,19.0,,2023-12-18 03:10:00.000,,,01538abb-8be0-4dab-b346-687a17bbb5e8.extra_data.json,,,,4,,90.0,88,456,,,,2023-12-18 03:10:00.000,,,2023-12-18 11:33:05.908,2023-12-18 11:33:01.241,,,UTC-0300,hriiVjEkYE,,com.sec.android.app.shealth,2023-12-18 10:46:00.000,01538abb-8be0-4dab-b346-687a17bbb5e8,
,,54.0,,32,39,2,11,20,279,101,2,11,0,,,,0,,,,,,,-1,,6,,,,55.0,,13.0,,,,,c6395a2e-96a8-40e7-8da4-52c29b7471a0.extra_data.json,,,,3,,92.0,57,279,,,,2023-12-20 04:53:00.000,,,2023-12-20 09:32:16.557,2023-12-20 09:32:12.011,,,UTC-0300,hriiVjEkYE,,com.sec.android.app.shealth,2023-12-20 09:32:00.000,c6395a2e-96a8-40e7-8da4-52c29b7471a0,
,,70.0,,12,58,2,10,42,392,67,1,32,0,,,,0,,,,,,,-1,,6,,,,61.0,2023-12-21 09:37:00.000,22.0,,2023-12-21 03:01:00.000,,,18921ad4-2746-4976-9bcd-e5f41192a94a.extra_data.json,,,,4,,89.0,53,392,,,,2023-12-21 03:01:00.000,,,2023-12-21 09:37:48.310,2023-12-21 09:37:44.532,,,UTC-0300,hriiVjEkYE,,com.sec.android.app.shealth,2023-12-21 09:33:00.000,18921ad4-2746-4976-9bcd-e5f41192a94a,
,,91.0,,16,64,0,9,31,426,52,0,0,0,,,,0,,,,,,,-1,,6,,,,70.0,2023-12-22 11:00:00.000,7.0,,2023-12-22 03:28:00.000,,,d67ca261-88cd-405a-a432-a553b90940e0.extra_data.json,,,,6,,92.0,92,426,,,,2023-12-22 03:28:00.000,,,2023-12-22 11:31:28.458,2023-12-22 11:31:25.493,,,UTC-0300,hriiVjEkYE,,com.sec.android.app.shealth,2023-12-22 10:34:00.000,d67ca261-88cd-405a-a432-a553b90940e0,
,,76.0,,64,81,1,9,15,366,154,0,0,0,,,,0,,,,,,,-1,,6,,,,75.0,2023-12-23 11:27:00.000,5.0,,2023-12-23 04:56:00.000,,,76c55b37-d8a1-4d0c-a733-ce021b8631e1.extra_data.json,,,,3,,95.0,68,366,,,,2023-12-23 04:56:00.000,,,2023-12-23 11:52:36.123,2023-12-23 11:52:31.461,,,UTC-0300,hriiVjEkYE,,com.sec.android.app.shealth,2023-12-23 11:02:00.000,76c55b37-d8a1-4d0c-a733-ce021b8631e1,
,,76.0,,16,84,29,4,65,474,139,1,54,0,,,,0,,,,,,,-1,,6,,,,70.0,2023-12-24 14:45:00.000,46.0,,2023-12-24 06:17:00.000,,,7e85dcc4-35c4-4b8d-bf85-498197234ab5.extra_data.json,,,,4,,86.0,83,474,,,,2023-12-24 06:17:00.000,,,2023-12-24 22:08:05.930,2023-12-24 22:07:28.000,,,UTC-0300,hriiVjEkYE,,com.sec.android.app.shealth,2023-12-24 14:11:00.000,7e85dcc4-35c4-4b8d-bf85-498197234ab5,
,,55.0,,59,87,8,20,39,463,157,2,13,5,,,,0,,,,,,,-1,,6,,,,80.0,2023-12-25 14:05:00.000,16.0,,2023-12-25 05:04:00.000,,,d509064d-89c5-4154-a015-5a037032f59f.extra_data.json,,,,5,,90.0,87,468,,,,2023-12-25 05:04:00.000,,,2023-12-25 14:29:03.327,2023-12-25 14:29:00.179,,,UTC-0300,hriiVjEkYE,,com.sec.android.app.shealth,2023-12-25 12:52:00.000,d509064d-89c5-4154-a015-5a037032f59f,
,,74.0,,0,0,4,1,5,79,79,0,0,0,,,,0,,,,,,,-1,,6,,,,8.0,,11.0,,,,,d958de48-4ce8-48bb-b9d9-cc99c49701a5.extra_data.json,,,,1,,93.0,39,79,,,,2023-12-26 04:18:00.000,,,2023-12-26 05:37:51.272,2023-12-26 05:37:48.737,,,UTC-0300,hriiVjEkYE,,com.sec.android.app.shealth,2023-12-26 05:37:00.000,d958de48-4ce8-48bb-b9d9-cc99c49701a5,
,,68.0,,14,14,17,2,39,285,87,1,28,0,,,,0,,,,,,,-1,,6,,,,40.0,,43.0,,,,,11dc1fa4-f74f-4757-87e4-1bcc462b7434.extra_data.json,,,,2,,86.0,46,285,,,,2023-12-26 06:01:00.000,,,2023-12-26 10:46:41.633,2023-12-26 10:46:39.039,,,UTC-0300,hriiVjEkYE,,com.sec.android.app.shealth,2023-12-26 10:46:00.000,11dc1fa4-f74f-4757-87e4-1bcc462b7434,
,,52.0,,11,48,16,18,41,480,199,2,17,0,,,,0,,,,,,,-1,,6,,,,60.0,2023-12-27 11:14:00.000,20.0,,2023-12-27 03:03:00.000,,,4b97000c-70e1-4dca-9e4a-b8c156118748.extra_data.json,,,,4,,91.0,81,480,,,,2023-12-27 03:03:00.000,,,2023-12-27 11:39:07.884,2023-12-27 11:39:03.352,,,UTC-0300,hriiVjEkYE,,com.sec.android.app.shealth,2023-12-27 11:03:00.000,4b97000c-70e1-4dca-9e4a-b8c156118748,
,,69.0,,0,41,2,6,36,427,35,1,11,0,,,,0,,,,,,,-1,,7,,,,52.0,,17.0,,,,,96c5d9c8-b3aa-46c5-bf62-76f1547efcd6.extra_data.json,,,,3,,91.0,74,427,,,62600630,2023-12-29 03:54:00.000,,62600630,2023-12-29 11:26:55.785,2023-12-29 11:26:46.063,,,UTC-0300,hriiVjEkYE,,com.sec.android.app.shealth,2023-12-29 11:01:00.000,96c5d9c8-b3aa-46c5-bf62-76f1547efcd6,
,,72.0,,28,58,18,8,32,396,115,1,23,19,,,,0,,,,,,,-1,,7,,,,64.0,2023-12-30 12:10:00.000,30.0,,2023-12-30 05:01:00.000,,,16f4d1a6-eaeb-4fbf-904d-6fd9f4100072.extra_data.json,,,,4,,92.0,78,415,,,62600630,2023-12-30 05:01:00.000,,62600630,2023-12-30 12:36:55.236,2023-12-30 12:36:49.743,,,UTC-0300,hriiVjEkYE,,com.sec.android.app.shealth,2023-12-30 11:56:00.000,16f4d1a6-eaeb-4fbf-904d-6fd9f4100072,
,,60.0,,16,67,4,10,20,359,54,2,13,1,,,,0,,,,,,,-1,,7,,,,66.0,2024-01-01 14:14:00.000,17.0,,2024-01-01 08:02:00.000,,,65c8050d-a2c2-47a7-a7ab-2a6a4fbe9337.extra_data.json,,,,4,,94.0,75,360,,,62600630,2024-01-01 08:02:00.000,,62600630,2024-01-01 14:39:41.507,2024-01-01 14:39:34.662,,,UTC-0300,hriiVjEkYE,,com.sec.android.app.shealth,2024-01-01 14:02:00.000,65c8050d-a2c2-47a7-a7ab-2a6a4fbe9337,
,,73.0,,83,91,5,7,19,374,234,0,4,0,,,,0,,,,,,,-1,,7,,,,76.0,2024-01-02 11:05:00.000,8.0,,2024-01-02 04:10:00.000,,,f8887008-b9f3-4f4d-a38e-4628e01bfbe6.extra_data.json,,,,2,,94.0,84,374,,,62600630,2024-01-02 04:10:00.000,,62600630,2024-01-02 11:35:23.885,2024-01-02 11:35:18.904,,,UTC-0300,hriiVjEkYE,,com.sec.android.app.shealth,2024-01-02 10:24:00.000,f8887008-b9f3-4f4d-a38e-4628e01bfbe6,
,,68.0,,34,59,7,7,22,412,146,1,4,0,,,,0,,,,,,,-1,,7,,,,65.0,2024-01-03 11:17:00.000,11.0,,2024-01-03 03:52:00.000,,,dc648223-21ac-4a5a-b7be-10160c08306b.extra_data.json,,,,3,,94.0,87,412,,,62600630,2024-01-03 03:52:00.000,,62600630,2024-01-03 11:42:05.600,2024-01-03 11:42:00.743,,,UTC-0300,hriiVjEkYE,,com.sec.android.app.shealth,2024-01-03 10:44:00.000,dc648223-21ac-4a5a-b7be-10160c08306b,
,,92.0,,17,80,0,3,47,454,58,0,37,0,,,,0,,,,,,,-1,,7,,,,75.0,2024-01-04 11:37:00.000,19.0,,2024-01-04 03:45:00.000,,,a933f09c-bc0d-4aef-8c6a-e2ab11cdbfe3.extra_data.json,,,,5,,89.0,88,454,,,62600630,2024-01-04 03:45:00.000,,62600630,2024-01-04 12:04:56.113,2024-01-04 12:04:50.332,,,UTC-0300,hriiVjEkYE,,com.sec.android.app.shealth,2024-01-04 11:19:00.000,a933f09c-bc0d-4aef-8c6a-e2ab11cdbfe3,
,,75.0,,0,0,7,0,9,91,64,0,7,7,,,,0,,,,,606a9ed7-a794-4f29-a89e-ff1a8156cec8,,-1,,7,,,,9.0,,29.0,,,,,46d5bce3-c599-411f-8a89-729334a7470e.extra_data.json,,,,1,,84.0,35,98,,,62600630,2024-01-05 03:55:00.000,,62600630,2024-01-05 11:46:24.729,2024-01-05 05:57:29.823,,,UTC-0300,hriiVjEkYE,,com.sec.android.app.shealth,2024-01-05 05:33:00.000,46d5bce3-c599-411f-8a89-729334a7470e,
,,62.0,,49,58,4,13,23,302,137,1,7,0,,,,0,,,,,606a9ed7-a794-4f29-a89e-ff1a8156cec8,,-1,,7,,,,64.0,2024-01-05 11:21:00.000,13.0,,2024-01-05 05:55:00.000,,,de387cfd-5c91-4897-9663-b23a88274792.extra_data.json,,,,3,,92.0,70,302,,,62600630,2024-01-05 05:55:00.000,,62600630,2024-01-05 11:46:24.794,2024-01-05 11:46:20.762,,,UTC-0300,hriiVjEkYE,,com.sec.android.app.shealth,2024-01-05 10:57:00.000,de387cfd-5c91-4897-9663-b23a88274792,
,,79.0,,36,40,4,6,15,363,159,0,0,0,,,,0,,,,,,,-1,,7,,,,56.0,2024-01-06 11:04:00.000,7.0,,2024-01-06 04:38:00.000,,,3405175a-e67c-4e90-971d-5fcbe072d37e.extra_data.json,,,,3,,95.0,82,363,,,62600630,2024-01-06 04:38:00.000,,62600630,2024-01-06 11:38:44.909,2024-01-06 11:30:58.902,,,UTC-0300,hriiVjEkYE,,com.sec.android.app.shealth,2024-01-06 10:41:00.000,3405175a-e67c-4e90-971d-5fcbe072d37e,
,,70.0,,0,18,0,0,6,76,0,0,3,2,,,,0,,,,,,,-1,,7,,,,31.0,2024-01-08 00:19:00.000,12.0,,2024-01-07 22:18:00.000,,,efab8763-9ee3-430d-9283-b6e558007c5a.extra_data.json,,,,0,,89.0,43,78,,,62600630,2024-01-07 22:18:00.000,,62600630,2024-01-08 00:49:54.775,2024-01-08 00:49:51.565,,,UTC-0300,hriiVjEkYE,,com.sec.android.app.shealth,2024-01-07 23:36:00.000,efab8763-9ee3-430d-9283-b6e558007c5a,
,,30.0,,48,51,10,25,38,324,189,3,22,0,,,,0,,,,,,,-1,,7,,,,58.0,2024-01-08 09:44:00.000,24.0,,2024-01-08 04:14:00.000,,,7c11ae9c-46d1-48e7-9edb-0626ad9a00c9.extra_data.json,,,,3,,88.0,66,324,,,62600630,2024-01-08 04:14:00.000,,62600630,2024-01-08 09:49:51.373,2024-01-08 09:49:46.142,,,UTC-0300,hriiVjEkYE,,com.sec.android.app.shealth,2024-01-08 09:38:00.000,7c11ae9c-46d1-48e7-9edb-0626ad9a00c9,
,,78.0,,12,36,4,7,12,250,79,0,0,0,,,,0,,,,,05ba0fa9-b7ef-4c02-ab86-b547366c1816,,-1,,7,,,,45.0,,10.0,,,,,400fda9a-15e8-4587-a9cb-b36fbdeb1cb1.extra_data.json,,,,3,,95.0,66,250,,,62600630,2024-01-09 03:44:00.000,,62600630,2024-01-09 09:28:16.729,2024-01-09 07:54:29.398,,,UTC-0300,hriiVjEkYE,,com.sec.android.app.shealth,2024-01-09 07:54:00.000,400fda9a-15e8-4587-a9cb-b36fbdeb1cb1,
,,70.0,,0,16,0,0,0,43,0,0,0,0,,,,0,,,,,05ba0fa9-b7ef-4c02-ab86-b547366c1816,,-1,,7,,,,42.0,,0.0,,,,,eb1bb946-49df-4418-8a07-79d5b747c4a4.extra_data.json,,,,0,,100.0,47,43,,,62600630,2024-01-09 08:45:00.000,,62600630,2024-01-09 09:28:16.778,2024-01-09 09:28:13.486,,,UTC-0300,hriiVjEkYE,,com.sec.android.app.shealth,2024-01-09 09:28:00.000,eb1bb946-49df-4418-8a07-79d5b747c4a4,
,,67.0,,8,57,1,13,41,397,73,1,29,0,,,,0,,,,,,,-1,,7,,,,58.0,,19.0,,,,,856d7384-459d-415a-a4a6-c7eaa8b1e3df.extra_data.json,,,,4,,89.0,81,397,,,62600630,2024-01-10 03:06:00.000,,62600630,2024-01-10 09:43:28.978,2024-01-10 09:43:23.417,,,UTC-0300,hriiVjEkYE,,com.sec.android.app.shealth,2024-01-10 09:43:00.000,856d7384-459d-415a-a4a6-c7eaa8b1e3df,
,,77.0,,31,77,1,8,29,398,75,1,6,0,,,,0,,,,,,,-1,,7,,,,76.0,2024-01-11 11:10:00.000,10.0,,2024-01-11 03:59:00.000,,,2826c1e6-3182-4001-8278-9e3545165186.extra_data.json,,,,5,,92.0,90,398,,,62600630,2024-01-11 03:59:00.000,,62600630,2024-01-11 11:35:33.513,2024-01-11 11:35:28.078,,,UTC-0300,hriiVjEkYE,,com.sec.android.app.shealth,2024-01-11 10:37:00.000,2826c1e6-3182-4001-8278-9e3545165186,
,,85.0,,10,47,3,0,11,361,90,0,0,0,,,,0,,,,,,,-1,,7,,,,54.0,2024-01-12 09:30:00.000,6.0,,2024-01-12 03:11:00.000,,,649ee0f1-75f2-4fd9-93a4-7db5b23c01cc.extra_data.json,,,,3,,96.0,82,361,,,62600630,2024-01-12 03:11:00.000,,62600630,2024-01-12 09:40:45.082,2024-01-12 09:40:39.084,,,UTC-0300,hriiVjEkYE,,com.sec.android.app.shealth,2024-01-12 09:12:00.000,649ee0f1-75f2-4fd9-93a4-7db5b23c01cc,
,,69.0,,34,91,6,6,41,448,133,1,29,0,,,,0,,,,,,,-1,,7,,,,75.0,2024-01-13 11:48:00.000,20.0,,2024-01-13 03:42:00.000,,,d0bdf3a2-e418-4d60-a178-7ef709cc23d0.extra_data.json,,,,3,,90.0,87,448,,,62600630,2024-01-13 03:42:00.000,,62600630,2024-01-13 12:18:17.038,2024-01-13 12:18:10.586,,,UTC-0300,hriiVjEkYE,,com.sec.android.app.shealth,2024-01-13 11:10:00.000,d0bdf3a2-e418-4d60-a178-7ef709cc23d0,
,,87.0,,22,68,4,8,21,441,63,0,0,0,,,,0,,,,,,,-1,,7,,,,73.0,2024-01-15 11:04:00.000,11.0,,2024-01-15 03:24:00.000,,,bfdde7a1-92f5-4724-bcc1-49f84636bc87.extra_data.json,,,,5,,95.0,93,441,,,62600630,2024-01-15 03:24:00.000,,62600630,2024-01-15 11:29:18.779,2024-01-15 11:29:13.733,,,UTC-0300,hriiVjEkYE,,com.sec.android.app.shealth,2024-01-15 10:45:00.000,bfdde7a1-92f5-4724-bcc1-49f84636bc87,
,,41.0,,62,62,12,19,37,371,154,3,19,0,,,,0,,,,,,,-1,,7,,,,70.0,,23.0,,,,,6df86cdd-f294-4930-b446-729d76fd248c.extra_data.json,,,,4,,90.0,77,371,,,62600630,2024-01-16 03:24:00.000,,62600630,2024-01-16 09:35:45.224,2024-01-16 09:35:40.693,,,UTC-0300,hriiVjEkYE,,com.sec.android.app.shealth,2024-01-16 09:35:00.000,6df86cdd-f294-4930-b446-729d76fd248c,
,,63.0,,36,68,1,12,22,326,75,1,9,0,,,,0,,,,,,,-1,,7,,,,73.0,2024-01-17 09:39:00.000,11.0,,2024-01-17 04:04:00.000,,,c01023d1-0c19-49f3-a9ca-881a7eaae8a6.extra_data.json,,,,3,,93.0,76,326,,,62600630,2024-01-17 04:04:00.000,,62600630,2024-01-17 09:40:01.884,2024-01-17 09:39:58.066,,,UTC-0300,hriiVjEkYE,,com.sec.android.app.shealth,2024-01-17 09:30:00.000,c01023d1-0c19-49f3-a9ca-881a7eaae8a6,
,,80.0,,53,65,5,10,31,440,157,0,6,0,,,,0,,,,,,,-1,,7,,,,72.0,2024-01-18 11:06:00.000,12.0,,2024-01-18 03:20:00.000,,,859c206b-8dd6-4363-b157-32bd7f6ffd33.extra_data.json,,,,4,,92.0,92,440,,,62600630,2024-01-18 03:20:00.000,,62600630,2024-01-18 11:33:05.667,2024-01-18 11:32:59.429,,,UTC-0300,hriiVjEkYE,,com.sec.android.app.shealth,2024-01-18 10:40:00.000,859c206b-8dd6-4363-b157-32bd7f6ffd33,
,,56.0,,25,28,7,9,23,383,209,2,10,0,,,,0,,,,,,,-1,,7,,,,50.0,,12.0,,,,,cba01346-1694-4690-810b-880d52892ff3.extra_data.json,,,,3,,93.0,75,383,,,62600630,2024-01-19 03:11:00.000,,62600630,2024-01-19 09:34:23.952,2024-01-19 09:34:18.626,,,UTC-0300,hriiVjEkYE,,com.sec.android.app.shealth,2024-01-19 09:34:00.000,cba01346-1694-4690-810b-880d52892ff3,
,,74.0,,42,72,0,6,7,366,74,1,4,0,,,,0,,,,,,,-1,,7,,,,79.0,2024-01-20 10:13:00.000,3.0,,2024-01-20 04:00:00.000,,,f3fd2f4b-7a86-496c-a13b-504e39ca11ce.extra_data.json,,,,4,,98.0,87,366,,,62600630,2024-01-20 04:00:00.000,,62600630,2024-01-20 10:30:56.871,2024-01-20 10:30:51.882,,,UTC-0300,hriiVjEkYE,,com.sec.android.app.shealth,2024-01-20 10:06:00.000,f3fd2f4b-7a86-496c-a13b-504e39ca11ce,
,,84.0,,55,59,3,6,21,453,102,0,3,0,,,,0,,,,,,,-1,,7,,,,80.0,2024-01-21 12:09:00.000,8.0,,2024-01-21 04:20:00.000,,,bc5695d2-b4c4-4574-8edb-04e9c57924f1.extra_data.json,,,,4,,95.0,95,453,,,62610110,2024-01-21 04:20:00.000,,62610110,2024-01-21 12:33:26.829,2024-01-21 12:33:19.343,,,UTC-0300,hriiVjEkYE,,com.sec.android.app.shealth,2024-01-21 11:53:00.000,bc5695d2-b4c4-4574-8edb-04e9c57924f1,
,,70.0,,0,22,0,0,3,55,0,0,0,0,,,,0,,,,,,,-1,,7,,,,46.0,2024-01-21 23:55:00.000,5.0,,2024-01-21 22:42:00.000,,,cade7695-38af-4c76-8842-8817f6aae870.extra_data.json,,,,0,,94.0,45,55,,,62610110,2024-01-21 22:42:00.000,,62610110,2024-01-22 00:20:29.627,2024-01-22 00:20:13.213,,,UTC-0300,hriiVjEkYE,,com.sec.android.app.shealth,2024-01-21 23:37:00.000,cade7695-38af-4c76-8842-8817f6aae870,
,,68.0,,63,100,7,12,35,436,140,1,18,0,,,,0,,,,,,,-1,,7,,,,85.0,2024-01-23 13:34:00.000,17.0,,2024-01-23 06:00:00.000,,,a9799c3a-3360-4d49-a115-1466b7ac829e.extra_data.json,,,,4,,91.0,91,436,,,62610110,2024-01-23 06:00:00.000,,62610110,2024-01-23 13:59:40.199,2024-01-23 13:59:35.455,,,UTC-0300,hriiVjEkYE,,com.sec.android.app.shealth,2024-01-23 13:16:00.000,a9799c3a-3360-4d49-a115-1466b7ac829e,
,,17.0,,46,64,11,38,64,537,144,4,41,0,,,,0,,,,,,,-1,,7,,,,78.0,2024-01-24 13:56:00.000,27.0,,2024-01-24 04:36:00.000,,,b7299964-7bbd-4b0e-a583-e784ba75d19b.extra_data.json,,,,5,,88.0,80,537,,,62610110,2024-01-24 04:36:00.000,,62610110,2024-01-24 14:25:38.152,2024-01-24 14:25:32.223,,,UTC-0300,hriiVjEkYE,,com.sec.android.app.shealth,2024-01-24 13:33:00.000,b7299964-7bbd-4b0e-a583-e784ba75d19b,
,,71.0,,57,70,23,9,42,434,241,1,23,0,,,,0,,,,,,,-1,,7,,,,69.0,2024-01-25 14:20:00.000,25.0,,2024-01-25 06:43:00.000,,,7aa37f34-d93e-4926-9113-91c45d498a05.extra_data.json,,,,4,,90.0,87,434,,,62610110,2024-01-25 06:43:00.000,,62610110,2024-01-25 14:44:14.874,2024-01-25 14:44:07.791,,,UTC-0300,hriiVjEkYE,,com.sec.android.app.shealth,2024-01-25 13:57:00.000,7aa37f34-d93e-4926-9113-91c45d498a05,
,,62.0,,66,66,14,13,54,480,227,1,26,0,,,,0,,,,,,,-1,,7,,,,73.0,2024-01-26 13:13:00.000,23.0,,2024-01-26 04:42:00.000,,,4ff0365d-200c-4e77-b970-ab242a2f4e0a.extra_data.json,,,,3,,88.0,84,480,,,62610110,2024-01-26 04:42:00.000,,62610110,2024-01-26 13:37:31.544,2024-01-26 13:37:26.650,,,UTC-0300,hriiVjEkYE,,com.sec.android.app.shealth,2024-01-26 12:42:00.000,4ff0365d-200c-4e77-b970-ab242a2f4e0a,
,,60.0,,17,87,0,20,41,546,53,2,13,2,,,,0,,,,,,,-1,,7,,,,83.0,2024-01-27 14:08:00.000,10.0,,2024-01-27 04:36:00.000,,,4d0c6679-9e56-4640-b531-626ccabb4923.extra_data.json,,,,6,,92.0,85,548,,,62610110,2024-01-27 04:36:00.000,,62610110,2024-01-27 14:30:00.512,2024-01-27 14:29:55.265,,,UTC-0300,hriiVjEkYE,,com.sec.android.app.shealth,2024-01-27 13:44:00.000,4d0c6679-9e56-4640-b531-626ccabb4923,
,,88.0,,19,55,12,2,54,507,128,0,27,5,,,,0,,,,,,,-1,,7,,,,67.0,2024-01-28 15:09:00.000,25.0,,2024-01-28 06:08:00.000,,,252e22c3-d642-4a8e-bbda-e397e18efa4b.extra_data.json,,,,4,,88.0,82,512,,,62610110,2024-01-28 06:08:00.000,,62610110,2024-01-28 15:34:06.501,2024-01-28 15:34:01.847,,,UTC-0300,hriiVjEkYE,,com.sec.android.app.shealth,2024-01-28 14:40:00.000,252e22c3-d642-4a8e-bbda-e397e18efa4b,
,,71.0,,42,42,6,4,14,223,205,0,0,0,,,,0,,,,,,,-1,,7,,,,49.0,2024-01-29 09:32:00.000,9.0,,2024-01-29 05:22:00.000,,,1455b5a8-e5d1-4022-ae93-2f37ee53933c.extra_data.json,,,,1,,93.0,64,223,,,62610110,2024-01-29 05:22:00.000,,62610110,2024-01-29 09:39:56.762,2024-01-29 09:39:53.172,,,UTC-0300,hriiVjEkYE,,com.sec.android.app.shealth,2024-01-29 09:05:00.000,1455b5a8-e5d1-4022-ae93-2f37ee53933c,
,,57.0,,25,52,0,13,21,345,56,2,13,0,,,,0,,,,,,,-1,,7,,,,67.0,2024-01-30 09:32:00.000,10.0,,2024-01-30 03:33:00.000,,,6dc4b702-c530-4536-b5c0-ffdfbf4b5eeb.extra_data.json,,,,4,,93.0,75,345,,,62610110,2024-01-30 03:33:00.000,,62610110,2024-01-30 09:44:56.175,2024-01-30 09:44:45.797,,,UTC-0300,hriiVjEkYE,,com.sec.android.app.shealth,2024-01-30 09:18:00.000,6dc4b702-c530-4536-b5c0-ffdfbf4b5eeb,
,,45.0,,20,52,0,15,27,336,60,3,12,0,,,,0,,,,,,,-1,,7,,,,62.0,2024-01-31 09:42:00.000,12.0,,2024-01-31 03:51:00.000,,,a05d842c-0a2b-4ccd-b60f-b471d05dd9f9.extra_data.json,,,,4,,91.0,75,336,,,62610110,2024-01-31 03:51:00.000,,62610110,2024-01-31 09:54:30.570,2024-01-31 09:54:26.361,,,UTC-0300,hriiVjEkYE,,com.sec.android.app.shealth,2024-01-31 09:27:00.000,a05d842c-0a2b-4ccd-b60f-b471d05dd9f9,
,,76.0,,26,65,2,4,16,343,54,1,3,0,,,,0,,,,,,,-1,,7,,,,73.0,2024-02-01 11:08:00.000,9.0,,2024-02-01 05:04:00.000,,,aa3dc6db-0c12-4e49-a78a-88370eb82157.extra_data.json,,,,4,,95.0,79,343,,,62610110,2024-02-01 05:04:00.000,,62610110,2024-02-01 11:35:48.475,2024-02-01 11:35:41.470,,,UTC-0300,hriiVjEkYE,,com.sec.android.app.shealth,2024-02-01 10:47:00.000,aa3dc6db-0c12-4e49-a78a-88370eb82157,
,,35.0,,69,96,2,15,50,395,177,3,36,0,,,,0,,,,,,,-1,,7,,,,79.0,2024-02-02 11:35:00.000,23.0,,2024-02-02 04:42:00.000,,,608c4d94-ee87-4ad7-abea-e8c7c751756f.extra_data.json,,,,2,,87.0,80,395,,,62610110,2024-02-02 04:42:00.000,,62610110,2024-02-02 12:02:40.657,2024-02-02 11:59:19.851,,,UTC-0300,hriiVjEkYE,,com.sec.android.app.shealth,2024-02-02 11:17:00.000,608c4d94-ee87-4ad7-abea-e8c7c751756f,
,,78.0,,72,120,3,17,33,472,130,0,6,0,,,,0,,,,,,,-1,,7,,,,95.0,2024-02-04 13:42:00.000,11.0,,2024-02-04 05:09:00.000,,,7ad1476d-5024-4eff-890e-bc235a563d46.extra_data.json,,,,5,,93.0,93,472,,,62620030,2024-02-04 05:09:00.000,,62620030,2024-02-04 14:12:52.773,2024-02-04 14:12:47.531,,,UTC-0300,hriiVjEkYE,,com.sec.android.app.shealth,2024-02-04 13:01:00.000,7ad1476d-5024-4eff-890e-bc235a563d46,
,,75.0,,37,58,4,5,28,303,127,0,11,0,,,,0,,,,,,,-1,,7,,,,61.0,2024-02-06 09:35:00.000,16.0,,2024-02-06 04:08:00.000,,,ba635592-a102-40b5-9c9a-41785e0bf782.extra_data.json,,,,2,,90.0,70,303,,,62620030,2024-02-06 04:08:00.000,,62620030,2024-02-06 09:59:11.512,2024-02-06 09:59:05.176,,,UTC-0300,hriiVjEkYE,,com.sec.android.app.shealth,2024-02-06 09:11:00.000,ba635592-a102-40b5-9c9a-41785e0bf782,
,,56.0,,26,58,0,9,14,327,66,2,6,0,,,,0,,,,,,,-1,,7,,,,66.0,2024-02-07 09:36:00.000,6.0,,2024-02-07 03:56:00.000,,,29095cc2-3dac-44a0-8f44-43e5da8ccce0.extra_data.json,,,,3,,95.0,77,327,,,62620030,2024-02-07 03:56:00.000,,62620030,2024-02-07 09:50:31.156,2024-02-07 09:50:27.454,,,UTC-0300,hriiVjEkYE,,com.sec.android.app.shealth,2024-02-07 09:23:00.000,29095cc2-3dac-44a0-8f44-43e5da8ccce0,
,,82.0,,30,48,1,3,11,287,92,0,0,0,,,,0,,,,,8969125f-7405-478f-b951-851e160cef56,,-1,,7,,,,58.0,,5.0,,,,,1beb6c78-d36d-4df6-a318-07033892ebee.extra_data.json,,,,3,,96.0,77,287,,,62620030,2024-02-08 04:13:00.000,,62620030,2024-02-08 11:43:55.300,2024-02-08 09:00:52.264,,,UTC-0300,hriiVjEkYE,,com.sec.android.app.shealth,2024-02-08 09:00:00.000,1beb6c78-d36d-4df6-a318-07033892ebee,
,,74.0,,33,33,0,1,7,121,97,0,5,5,,,,0,,,,,8969125f-7405-478f-b951-851e160cef56,,-1,,7,,,,53.0,,10.0,,,,,1feb0d0a-cddd-4f9f-8f05-94ff9727f216.extra_data.json,,,,1,,90.0,62,126,,,62620030,2024-02-08 09:11:00.000,,62620030,2024-02-08 11:43:55.346,2024-02-08 11:43:51.174,,,UTC-0300,hriiVjEkYE,,com.sec.android.app.shealth,2024-02-08 11:17:00.000,1feb0d0a-cddd-4f9f-8f05-94ff9727f216,
,,79.0,,94,94,5,1,43,436,255,0,33,3,,,,0,,,,,,,-1,,7,,,,80.0,2024-02-09 11:36:00.000,19.0,,2024-02-09 03:59:00.000,,,f710ca13-78e3-4385-a520-b32fe0f7fc44.extra_data.json,,,,2,,89.0,89,439,,,62620030,2024-02-09 03:59:00.000,,62620030,2024-02-09 12:00:06.365,2024-02-09 12:00:02.441,,,UTC-0300,hriiVjEkYE,,com.sec.android.app.shealth,2024-02-09 11:18:00.000,f710ca13-78e3-4385-a520-b32fe0f7fc44,
,,73.0,,14,14,4,2,6,104,104,0,0,0,,,,0,,,,,b5e79f43-efe5-4dc8-96e3-4348f742e620,,-1,,7,,,,29.0,,10.0,,,,,2c9887c8-2fd0-4189-a51b-5edafd291308.extra_data.json,,,,1,,94.0,58,104,,,62620030,2024-02-13 03:31:00.000,,62620030,2024-02-13 12:24:52.111,2024-02-13 05:15:33.993,,,UTC-0300,hriiVjEkYE,,com.sec.android.app.shealth,2024-02-13 05:15:00.000,2c9887c8-2fd0-4189-a51b-5edafd291308,
,,80.0,,19,54,3,5,30,356,62,1,6,0,,,,0,,,,,b5e79f43-efe5-4dc8-96e3-4348f742e620,,-1,,7,,,,63.0,2024-02-13 12:00:00.000,15.0,,2024-02-13 05:33:00.000,,,3f163d83-47bc-4dd0-bcfa-189924986927.extra_data.json,,,,5,,91.0,80,356,,,62620030,2024-02-13 05:33:00.000,,62620030,2024-02-13 12:24:52.162,2024-02-13 12:24:47.674,,,UTC-0300,hriiVjEkYE,,com.sec.android.app.shealth,2024-02-13 11:29:00.000,3f163d83-47bc-4dd0-bcfa-189924986927,
,,45.0,,60,103,4,20,46,440,126,3,26,0,,,,0,,,,,,,-1,,7,,,,86.0,2024-02-14 11:23:00.000,20.0,,2024-02-14 03:36:00.000,,,2e52c285-7e23-46b3-9c9d-73f0c899366b.extra_data.json,,,,5,,89.0,86,440,,,62620030,2024-02-14 03:36:00.000,,62620030,2024-02-14 11:40:14.623,2024-02-14 11:40:06.655,,,UTC-0300,hriiVjEkYE,,com.sec.android.app.shealth,2024-02-14 10:56:00.000,2e52c285-7e23-46b3-9c9d-73f0c899366b,
,,79.0,,49,68,5,1,26,356,199,0,12,0,,,,0,,,,,,,-1,,7,,,,65.0,2024-02-15 09:35:00.000,13.0,,2024-02-15 03:18:00.000,,,cbc0587c-d34b-4809-bf2d-353ad77a6221.extra_data.json,,,,2,,92.0,78,356,,,62620030,2024-02-15 03:18:00.000,,62620030,2024-02-15 09:51:38.250,2024-02-15 09:51:31.990,,,UTC-0300,hriiVjEkYE,,com.sec.android.app.shealth,2024-02-15 09:14:00.000,cbc0587c-d34b-4809-bf2d-353ad77a6221,
,,61.0,,0,11,0,4,12,87,21,1,11,0,,,,0,,,,,20e7112b-60ae-4113-a7e3-3168f7446410,,-1,,7,,,,21.0,,26.0,,,,,6e4b8eb4-9b1b-4d8b-94a8-b0d1e95c4cd8.extra_data.json,,,,1,,86.0,44,87,,,62620030,2024-02-16 03:15:00.000,,62620030,2024-02-16 09:55:51.814,2024-02-16 04:42:54.505,,,UTC-0300,hriiVjEkYE,,com.sec.android.app.shealth,2024-02-16 04:42:00.000,6e4b8eb4-9b1b-4d8b-94a8-b0d1e95c4cd8,
,,77.0,,32,50,9,3,17,257,150,0,3,0,,,,0,,,,,20e7112b-60ae-4113-a7e3-3168f7446410,,-1,,7,,,,54.0,2024-02-16 09:43:00.000,14.0,,2024-02-16 05:09:00.000,,,92e7af19-3991-4d1b-b3e8-1c164ecf478d.extra_data.json,,,,2,,93.0,64,257,,,62620030,2024-02-16 05:09:00.000,,62620030,2024-02-16 09:55:51.867,2024-02-16 09:55:47.365,,,UTC-0300,hriiVjEkYE,,com.sec.android.app.shealth,2024-02-16 09:26:00.000,92e7af19-3991-4d1b-b3e8-1c164ecf478d,
,,64.0,,33,65,4,11,31,445,122,1,7,0,,,,0,,,,,,,-1,,7,,,,70.0,2024-02-17 11:27:00.000,12.0,,2024-02-17 03:41:00.000,,,3b5af7b7-0602-4886-930f-17e6505d9788.extra_data.json,,,,3,,93.0,89,445,,,62620030,2024-02-17 03:41:00.000,,62620030,2024-02-17 11:53:25.327,2024-02-17 11:53:19.898,,,UTC-0300,hriiVjEkYE,,com.sec.android.app.shealth,2024-02-17 11:06:00.000,3b5af7b7-0602-4886-930f-17e6505d9788,
,,75.0,,0,0,3,0,12,132,86,0,4,0,,,,0,,,,,fa295606-cc55-43f4-8c16-8f2e885e9503,,-1,,7,,,,13.0,2024-02-18 05:56:00.000,16.0,,2024-02-18 03:38:00.000,,,ceab9aea-63f4-403f-a84a-2ed180a0a442.extra_data.json,,,,1,,90.0,37,132,,,62620030,2024-02-18 03:38:00.000,,62620030,2024-02-18 15:45:48.327,2024-02-18 05:56:40.211,,,UTC-0300,hriiVjEkYE,,com.sec.android.app.shealth,2024-02-18 05:50:00.000,ceab9aea-63f4-403f-a84a-2ed180a0a442,
,,83.0,,0,55,1,7,45,521,39,1,27,0,,,,0,,,,,fa295606-cc55-43f4-8c16-8f2e885e9503,,-1,,7,,,,63.0,2024-02-18 15:21:00.000,16.0,,2024-02-18 06:13:00.000,,,9fcf609a-1555-4571-8529-561c001addab.extra_data.json,,,,6,,91.0,76,521,,,62620030,2024-02-18 06:13:00.000,,62620030,2024-02-18 15:45:48.397,2024-02-18 15:45:43.322,,,UTC-0300,hriiVjEkYE,,com.sec.android.app.shealth,2024-02-18 14:54:00.000,9fcf609a-1555-4571-8529-561c001addab,
,,79.0,,40,40,6,6,25,296,181,0,7,0,,,,0,,,,,,,-1,,7,,,,52.0,2024-02-19 09:37:00.000,14.0,,2024-02-19 04:19:00.000,,,8561f771-f11f-43e9-9389-04c904a0aeb7.extra_data.json,,,,3,,91.0,68,296,,,62620030,2024-02-19 04:19:00.000,,62620030,2024-02-19 09:43:39.642,2024-02-19 09:43:36.079,,,UTC-0300,hriiVjEkYE,,com.sec.android.app.shealth,2024-02-19 09:15:00.000,8561f771-f11f-43e9-9389-04c904a0aeb7,
,,75.0,,52,71,3,5,32,363,177,0,19,0,,,,0,,,,,,,-1,,7,,,,68.0,2024-02-20 09:52:00.000,16.0,,2024-02-20 03:30:00.000,,,1932e1ad-6e7d-4545-a6e7-80e07de01217.extra_data.json,,,,2,,91.0,79,363,,,62620030,2024-02-20 03:30:00.000,,62620030,2024-02-20 11:15:05.068,2024-02-20 09:52:44.922,,,UTC-0300,hriiVjEkYE,,com.sec.android.app.shealth,2024-02-20 09:33:00.000,1932e1ad-6e7d-4545-a6e7-80e07de01217,
,,78.0,,61,78,3,7,30,466,170,0,3,0,,,,0,,,,,,,-1,,7,,,,78.0,2024-02-21 11:08:00.000,9.0,,2024-02-21 03:07:00.000,,,93e5793a-7284-42f1-9a84-c3e46f964ad7.extra_data.json,,,,3,,93.0,94,466,,,62620030,2024-02-21 03:07:00.000,,62620030,2024-02-21 12:52:12.687,2024-02-21 11:13:41.893,,,UTC-0300,hriiVjEkYE,,com.sec.android.app.shealth,2024-02-21 10:53:00.000,93e5793a-7284-42f1-9a84-c3e46f964ad7,
,,84.0,,38,56,5,6,25,427,116,0,0,0,,,,0,,,,,,,-1,,7,,,,69.0,2024-02-22 10:59:00.000,10.0,,2024-02-22 03:33:00.000,,,ab6fdff5-d9c7-4859-b00b-5cc94834a648.extra_data.json,,,,4,,94.0,91,427,,,62620030,2024-02-22 03:33:00.000,,62620030,2024-02-22 11:23:53.105,2024-02-22 11:23:47.961,,,UTC-0300,hriiVjEkYE,,com.sec.android.app.shealth,2024-02-22 10:40:00.000,ab6fdff5-d9c7-4859-b00b-5cc94834a648,
,,76.0,,21,32,1,4,19,325,64,0,3,0,,,,0,,,,,,,-1,,7,,,,55.0,2024-02-23 09:41:00.000,8.0,,2024-02-23 03:48:00.000,,,2ca993cf-7c6b-4129-be5e-fd4d768765dd.extra_data.json,,,,2,,94.0,72,325,,,62620030,2024-02-23 03:48:00.000,,62620030,2024-02-23 09:50:14.794,2024-02-23 09:50:10.317,,,UTC-0300,hriiVjEkYE,,com.sec.android.app.shealth,2024-02-23 09:13:00.000,2ca993cf-7c6b-4129-be5e-fd4d768765dd,
,,69.0,,25,41,11,16,53,428,140,1,24,0,,,,0,,,,,,,-1,,7,,,,60.0,2024-02-24 11:24:00.000,26.0,,2024-02-24 04:09:00.000,,,7e391f06-b885-4fc7-a138-d114140aeb4a.extra_data.json,,,,5,,87.0,77,428,,,62620030,2024-02-24 04:09:00.000,,62620030,2024-02-24 11:31:08.295,2024-02-24 11:29:42.790,,,UTC-0300,hriiVjEkYE,,com.sec.android.app.shealth,2024-02-24 11:17:00.000,7e391f06-b885-4fc7-a138-d114140aeb4a,
,,89.0,,12,69,1,6,24,467,36,0,6,0,,,,0,,,,,,,-1,,7,,,,75.0,2024-02-25 12:03:00.000,9.0,,2024-02-25 03:56:00.000,,,7e636cb9-eac2-4504-afe6-2d6fa931a7c3.extra_data.json,,,,5,,94.0,90,467,,,62620030,2024-02-25 03:56:00.000,,62620030,2024-02-25 12:28:07.372,2024-02-25 12:28:00.728,,,UTC-0300,hriiVjEkYE,,com.sec.android.app.shealth,2024-02-25 11:43:00.000,7e636cb9-eac2-4504-afe6-2d6fa931a7c3,
,,70.0,,40,40,8,5,35,323,140,1,18,0,,,,0,,,,,,,-1,,7,,,,56.0,2024-02-26 09:37:00.000,22.0,,2024-02-26 03:59:00.000,,,97521b42-b795-449b-ab2e-4ec48f586bf8.extra_data.json,,,,3,,89.0,67,323,,,62620030,2024-02-26 03:59:00.000,,62620030,2024-02-26 09:56:45.756,2024-02-26 09:54:59.155,,,UTC-0300,hriiVjEkYE,,com.sec.android.app.shealth,2024-02-26 09:22:00.000,97521b42-b795-449b-ab2e-4ec48f586bf8,
,,65.0,,68,68,3,5,18,335,176,1,3,4,,,,0,,,,,,,-1,,7,,,,69.0,2024-02-27 09:34:00.000,8.0,,2024-02-27 03:35:00.000,,,0e688c86-25da-4d87-b023-b8501d52d136.extra_data.json,,,,2,,93.0,78,339,,,62620030,2024-02-27 03:35:00.000,,62620030,2024-02-27 09:53:02.216,2024-02-27 09:52:57.728,,,UTC-0300,hriiVjEkYE,,com.sec.android.app.shealth,2024-02-27 09:14:00.000,0e688c86-25da-4d87-b023-b8501d52d136,
,,81.0,,77,83,5,4,33,435,183,0,5,0,,,,0,,,,,,,-1,,7,,,,79.0,2024-02-28 11:07:00.000,11.0,,2024-02-28 03:08:00.000,,,32c364ad-381e-493e-bed7-d2f82e217ce8.extra_data.json,,,,3,,92.0,95,435,,,62620030,2024-02-28 03:08:00.000,,62620030,2024-02-28 11:34:40.539,2024-02-28 11:34:30.300,,,UTC-0300,hriiVjEkYE,,com.sec.android.app.shealth,2024-02-28 10:23:00.000,32c364ad-381e-493e-bed7-d2f82e217ce8,
,,58.0,,13,46,3,17,38,455,65,2,12,0,,,,0,,,,,,,-1,,7,,,,64.0,2024-02-29 11:17:00.000,16.0,,2024-02-29 03:34:00.000,,,00e4c287-2ede-4e42-8368-e369297f4b6e.extra_data.json,,,,5,,91.0,84,455,,,62620030,2024-02-29 03:34:00.000,,62620030,2024-02-29 11:25:32.765,2024-02-29 11:25:28.202,,,UTC-0300,hriiVjEkYE,,com.sec.android.app.shealth,2024-02-29 11:09:00.000,00e4c287-2ede-4e42-8368-e369297f4b6e,
,,79.0,,41,58,5,11,31,457,152,0,4,0,,,,0,,,,,,,-1,,7,,,,69.0,2024-03-01 13:15:00.000,11.0,,2024-03-01 05:19:00.000,,,c07ef025-7d53-498c-a1d1-40785a044008.extra_data.json,,,,4,,93.0,90,457,,,62620030,2024-03-01 05:19:00.000,,62620030,2024-03-01 13:40:57.435,2024-03-01 13:40:51.461,,,UTC-0300,hriiVjEkYE,,com.sec.android.app.shealth,2024-03-01 12:56:00.000,c07ef025-7d53-498c-a1d1-40785a044008,
,,48.0,,6,13,12,12,64,416,81,3,29,0,,,,0,,,,,,,-1,,7,,,,48.0,2024-03-02 12:07:00.000,37.0,,2024-03-02 05:01:00.000,,,5c82418a-c13b-438e-87e1-e18df6b038e7.extra_data.json,,,,4,,84.0,74,416,,,62620030,2024-03-02 05:01:00.000,,62620030,2024-03-02 12:12:32.693,2024-03-02 12:12:28.548,,,UTC-0300,hriiVjEkYE,,com.sec.android.app.shealth,2024-03-02 11:57:00.000,5c82418a-c13b-438e-87e1-e18df6b038e7,
,,52.0,,27,44,3,13,21,302,66,2,15,25,,,,0,,,,,,,-1,,7,,,,61.0,,16.0,,,,,f4ae7ad4-24dd-4d7d-a253-dc60a4f05cb4.extra_data.json,,,,3,,85.0,66,327,,,62620030,2024-03-03 05:07:00.000,,62620030,2024-03-03 11:03:02.153,2024-03-03 11:02:41.983,,,UTC-0300,hriiVjEkYE,,com.sec.android.app.shealth,2024-03-03 10:34:00.000,f4ae7ad4-24dd-4d7d-a253-dc60a4f05cb4,
,,,,,,,,,,,,,,,,,0,,,,,,,,,,,,,,,,,,82800000,0,,,,25200000,,,0.0,,,,,62620030,2024-03-04 04:30:00.000,,62620030,2024-03-04 18:08:29.534,2024-03-04 18:08:29.534,,,UTC-0300,487mnSNu6t,,com.sec.android.app.shealth,2024-03-04 11:30:00.000,9541bfa8-2686-46c1-874d-bbd73205aeee,
,,73.0,,44,54,3,7,17,420,151,1,3,0,,,,0,,,,,,,-1,,7,,,,67.0,2024-03-10 12:18:00.000,7.0,,2024-03-10 04:56:00.000,,,864bd96b-6f50-4c71-83f8-3b470e804d46.extra_data.json,,,,4,,95.0,91,420,,,62620030,2024-03-10 04:56:00.000,,62620030,2024-03-10 12:43:17.393,2024-03-10 12:43:10.258,,,UTC-0300,hriiVjEkYE,,com.sec.android.app.shealth,2024-03-10 11:56:00.000,864bd96b-6f50-4c71-83f8-3b470e804d46,
,,64.0,,13,62,1,16,29,346,53,1,7,0,,,,0,,,,,,,-1,,7,,,,62.0,2024-03-12 09:34:00.000,12.0,,2024-03-12 03:42:00.000,,,357f382a-7056-4252-924d-99448fb47060.extra_data.json,,,,4,,91.0,75,346,,,62650170,2024-03-12 03:42:00.000,,62650170,2024-03-12 09:45:25.029,2024-03-12 09:45:20.571,,,UTC-0300,hriiVjEkYE,,com.sec.android.app.shealth,2024-03-12 09:28:00.000,357f382a-7056-4252-924d-99448fb47060,
,,58.0,,31,68,5,7,33,454,143,2,12,0,,,,0,,,,,,,-1,,7,,,,69.0,2024-03-14 11:09:00.000,13.0,,2024-03-14 03:19:00.000,,,587dd891-e7eb-456f-8358-20f8eab2d7c8.extra_data.json,,,,3,,92.0,86,454,,,62650131,2024-03-14 03:19:00.000,,62650170,2024-03-14 11:34:18.269,2024-03-14 11:34:12.083,,,UTC-0300,hriiVjEkYE,,com.sec.android.app.shealth,2024-03-14 10:53:00.000,587dd891-e7eb-456f-8358-20f8eab2d7c8,
,,54.0,,45,45,13,16,37,326,113,2,18,1,,,,0,,,,,,,-1,,7,,,,62.0,2024-03-15 09:42:00.000,28.0,,2024-03-15 03:51:00.000,,,3059ee3a-b6a1-452b-a8be-8fdf07883bce.extra_data.json,,,,4,,88.0,65,327,,,62650131,2024-03-15 03:51:00.000,,62650170,2024-03-15 09:56:24.617,2024-03-15 09:55:31.659,,,UTC-0300,hriiVjEkYE,,com.sec.android.app.shealth,2024-03-15 09:18:00.000,3059ee3a-b6a1-452b-a8be-8fdf07883bce,
,,84.0,,39,62,35,6,50,431,179,0,32,0,,,,0,,,,,,,-1,,7,,,,66.0,,39.0,,,,,be3b9328-b903-45a0-97a4-2c51f976ebca.extra_data.json,,,,4,,88.0,83,431,,,62650131,2024-03-16 03:30:00.000,,62650170,2024-03-16 17:55:25.879,2024-03-16 16:53:35.943,,,UTC-0300,hriiVjEkYE,,com.sec.android.app.shealth,2024-03-16 10:41:00.000,be3b9328-b903-45a0-97a4-2c51f976ebca,
,,78.0,,40,66,1,12,45,452,78,0,15,35,,,,0,,,,,,,-1,,7,,,,80.0,2024-03-17 13:06:00.000,15.0,,2024-03-17 04:14:00.000,,,75f5fea6-ea75-48a6-b529-8205cdabcaf3.extra_data.json,,,,4,,83.0,91,487,,,62650131,2024-03-17 04:14:00.000,,62650170,2024-03-17 13:31:36.862,2024-03-17 13:31:32.001,,,UTC-0300,hriiVjEkYE,,com.sec.android.app.shealth,2024-03-17 12:21:00.000,75f5fea6-ea75-48a6-b529-8205cdabcaf3,
,,70.0,,56,60,8,5,26,349,163,1,4,0,,,,0,,,,,,,-1,,7,,,,66.0,2024-03-25 09:42:00.000,14.0,,2024-03-25 03:30:00.000,,,4e016984-d6a4-4b63-920f-a2462652bf9f.extra_data.json,,,,3,,92.0,80,349,,,62650131,2024-03-25 03:30:00.000,,62650170,2024-03-25 09:53:56.046,2024-03-25 09:53:50.433,,,UTC-0300,hriiVjEkYE,,com.sec.android.app.shealth,2024-03-25 09:19:00.000,4e016984-d6a4-4b63-920f-a2462652bf9f,
,,59.0,,38,67,1,11,25,360,95,2,14,0,,,,0,,,,,,,-1,,7,,,,71.0,2024-03-26 09:39:00.000,12.0,,2024-03-26 03:23:00.000,,,0d42ea89-9689-45ee-a1ec-39973557dc4e.extra_data.json,,,,4,,93.0,81,360,,,62650131,2024-03-26 03:23:00.000,,62650170,2024-03-26 09:39:15.255,2024-03-26 09:39:09.282,,,UTC-0300,hriiVjEkYE,,com.sec.android.app.shealth,2024-03-26 09:23:00.000,0d42ea89-9689-45ee-a1ec-39973557dc4e,
,,48.0,,49,62,3,17,32,435,131,2,12,0,,,,0,,,,,,,-1,,7,,,,73.0,2024-03-27 11:18:00.000,12.0,,2024-03-27 03:34:00.000,,,3715f6d8-1b05-49b3-a7d9-d6369a998211.extra_data.json,,,,3,,92.0,85,435,,,62650131,2024-03-27 03:34:00.000,,62650170,2024-03-27 11:48:21.570,2024-03-27 11:48:16.906,,,UTC-0300,hriiVjEkYE,,com.sec.android.app.shealth,2024-03-27 10:49:00.000,3715f6d8-1b05-49b3-a7d9-d6369a998211,
,,78.0,,13,13,3,2,8,155,86,0,3,0,,,,0,,,,,fb90e751-21d5-4e12-823f-08845aea308c,,-1,,7,,,,30.0,,11.0,,,,,7d5cfb98-8344-42de-91a6-dc987de951c1.extra_data.json,,,,2,,94.0,56,155,,,62650131,2024-03-29 03:34:00.000,,62650170,2024-03-29 11:17:33.196,2024-03-29 06:09:35.032,,,UTC-0300,hriiVjEkYE,,com.sec.android.app.shealth,2024-03-29 06:09:00.000,7d5cfb98-8344-42de-91a6-dc987de951c1,
,,76.0,,24,24,6,4,18,260,142,0,0,0,,,,0,,,,,fb90e751-21d5-4e12-823f-08845aea308c,,-1,,7,,,,42.0,2024-03-29 11:12:00.000,11.0,,2024-03-29 06:46:00.000,,,184306bf-21a4-46c9-ad6a-77145cec76bf.extra_data.json,,,,2,,93.0,61,260,,,62650131,2024-03-29 06:46:00.000,,62650170,2024-03-29 11:17:33.243,2024-03-29 11:17:29.358,,,UTC-0300,hriiVjEkYE,,com.sec.android.app.shealth,2024-03-29 11:06:00.000,184306bf-21a4-46c9-ad6a-77145cec76bf,
,,6.0,,0,55,0,44,43,384,26,4,28,0,,,,0,,,,,,,-1,,7,,,,53.0,2024-03-30 11:41:00.000,18.0,,2024-03-30 04:58:00.000,,,2a71745c-ebf7-4545-adb3-fceb9a0206e0.extra_data.json,,,,4,,88.0,67,384,,,62650131,2024-03-30 04:58:00.000,,62650170,2024-03-30 11:53:33.948,2024-03-30 11:53:28.660,,,UTC-0300,hriiVjEkYE,,com.sec.android.app.shealth,2024-03-30 11:22:00.000,2a71745c-ebf7-4545-adb3-fceb9a0206e0,
,,67.0,,29,65,13,13,42,419,138,1,24,10,,,,0,,,,,,,-1,,7,,,,66.0,2024-03-31 11:36:00.000,25.0,,2024-03-31 04:03:00.000,,,6a45bc2a-8815-4892-aed0-a6f941835210.extra_data.json,,,,4,,88.0,81,429,,,62650131,2024-03-31 04:03:00.000,,62650170,2024-03-31 12:00:54.405,2024-03-31 12:00:49.694,,,UTC-0300,hriiVjEkYE,,com.sec.android.app.shealth,2024-03-31 11:12:00.000,6a45bc2a-8815-4892-aed0-a6f941835210,
,,62.0,,0,0,4,3,11,80,46,1,7,0,,,,0,,,,,,,-1,,7,,,,8.0,2024-04-01 22:34:00.000,31.0,,2024-04-01 20:57:00.000,,,84634097-f7a7-4f0f-921b-542aaea23e7f.extra_data.json,,,,1,,86.0,32,80,,,62650131,2024-04-01 20:57:00.000,,62660010,2024-04-01 22:58:29.489,2024-04-01 22:58:26.865,,,UTC-0300,hriiVjEkYE,,com.sec.android.app.shealth,2024-04-01 22:17:00.000,84634097-f7a7-4f0f-921b-542aaea23e7f,
,,84.0,,25,31,1,1,14,306,70,0,3,0,,,,0,,,,,,,-1,,7,,,,55.0,2024-04-02 09:26:00.000,7.0,,2024-04-02 03:54:00.000,,,ded0b40e-10ba-4caa-be12-10a8db0596fe.extra_data.json,,,,3,,95.0,75,306,,,62650131,2024-04-02 03:54:00.000,,62660010,2024-04-02 09:51:07.746,2024-04-02 09:51:01.674,,,UTC-0300,hriiVjEkYE,,com.sec.android.app.shealth,2024-04-02 09:00:00.000,ded0b40e-10ba-4caa-be12-10a8db0596fe,
,,54.0,,54,55,6,26,43,462,151,1,22,1,,,,0,,,,,,,-1,,7,,,,72.0,2024-04-03 11:29:00.000,18.0,,2024-04-03 03:30:00.000,,,091e62e0-dc30-4c3a-a280-e9994893a009.extra_data.json,,,,4,,90.0,88,463,,,62650131,2024-04-03 03:30:00.000,,62660010,2024-04-03 11:59:40.032,2024-04-03 11:59:36.053,,,UTC-0300,hriiVjEkYE,,com.sec.android.app.shealth,2024-04-03 11:13:00.000,091e62e0-dc30-4c3a-a280-e9994893a009,
,,81.0,,13,33,3,4,11,225,80,0,0,0,,,,0,,,,,3d7cec36-3028-4d7e-80a5-a45532010de7,,-1,,7,,,,44.0,,9.0,,,,,e1e65929-8ab4-4597-af62-e925177f65be.extra_data.json,,,,3,,95.0,65,225,,,62650131,2024-04-04 03:59:00.000,,62660010,2024-04-04 11:41:21.872,2024-04-04 07:44:51.285,,,UTC-0300,hriiVjEkYE,,com.sec.android.app.shealth,2024-04-04 07:44:00.000,e1e65929-8ab4-4597-af62-e925177f65be,
,,74.0,,19,19,19,1,23,176,159,0,13,22,,,,0,,,,,3d7cec36-3028-4d7e-80a5-a45532010de7,,-1,,7,,,,33.0,,32.0,,,,,ffc9b3de-418c-4a1d-a4ce-3b84b0b93b7c.extra_data.json,,,,1,,77.0,51,198,,,62650131,2024-04-04 07:55:00.000,,62660010,2024-04-04 11:41:21.921,2024-04-04 11:41:17.607,,,UTC-0300,hriiVjEkYE,,com.sec.android.app.shealth,2024-04-04 11:13:00.000,ffc9b3de-418c-4a1d-a4ce-3b84b0b93b7c,
,,52.0,,32,45,5,28,34,342,126,1,16,3,,,,0,,,,,,,-1,,7,,,,58.0,2024-04-05 09:33:00.000,19.0,,2024-04-05 03:28:00.000,,,01f12927-cae4-4418-bebd-082ce3ff476c.extra_data.json,,,,4,,90.0,73,345,,,62650131,2024-04-05 03:28:00.000,,62660010,2024-04-05 09:52:38.647,2024-04-05 09:52:33.332,,,UTC-0300,hriiVjEkYE,,com.sec.android.app.shealth,2024-04-05 09:13:00.000,01f12927-cae4-4418-bebd-082ce3ff476c,
,,20.0,,54,64,6,35,55,463,167,4,40,0,,,,0,,,,,,,-1,,7,,,,73.0,,24.0,,,,,dd086bab-13ec-499f-a6fc-a674fd614066.extra_data.json,,,,5,,88.0,84,463,,,62650131,2024-04-06 04:21:00.000,,62660010,2024-04-06 12:04:41.739,2024-04-06 12:04:36.588,,,UTC-0300,hriiVjEkYE,,com.sec.android.app.shealth,2024-04-06 12:04:00.000,dd086bab-13ec-499f-a6fc-a674fd614066,
,,63.0,,34,86,4,12,74,575,136,2,55,0,,,,0,,,,,,,-1,,7,,,,82.0,2024-04-07 13:30:00.000,25.0,,2024-04-07 03:45:00.000,,,e31a9d85-e95d-4f7e-8fda-ec0f02081fc3.extra_data.json,,,,5,,87.0,77,575,,,62650131,2024-04-07 03:45:00.000,,62660010,2024-04-07 13:45:19.105,2024-04-07 13:42:47.813,,,UTC-0300,hriiVjEkYE,,com.sec.android.app.shealth,2024-04-07 13:20:00.000,e31a9d85-e95d-4f7e-8fda-ec0f02081fc3,
,,78.0,,34,47,4,2,14,337,167,0,3,4,,,,0,,,,,,,-1,,7,,,,56.0,2024-04-08 10:27:00.000,7.0,,2024-04-08 04:22:00.000,,,5ccdadf2-e1ff-4474-a837-bbeea55ed4ae.extra_data.json,,,,2,,94.0,77,341,,,62650131,2024-04-08 04:22:00.000,,62660010,2024-04-08 10:52:49.819,2024-04-08 10:52:44.305,,,UTC-0300,hriiVjEkYE,,com.sec.android.app.shealth,2024-04-08 10:03:00.000,5ccdadf2-e1ff-4474-a837-bbeea55ed4ae,
,,62.0,,16,33,3,8,21,280,170,1,13,0,,,,0,,,,,8d60b6bb-9a6b-4c8a-b5a4-cfec7b65be0b,,-1,,7,,,,44.0,,14.0,,,,,9f05d0f5-81e1-41a7-a700-8d3aa1eae7d9.extra_data.json,,,,2,,92.0,61,280,,,62650131,2024-04-09 03:30:00.000,,62660010,2024-04-09 11:22:45.343,2024-04-09 08:10:20.258,,,UTC-0300,hriiVjEkYE,,com.sec.android.app.shealth,2024-04-09 08:10:00.000,9f05d0f5-81e1-41a7-a700-8d3aa1eae7d9,
,,78.0,,29,29,1,2,5,143,78,0,0,0,,,,0,,,,,8d60b6bb-9a6b-4c8a-b5a4-cfec7b65be0b,,-1,,7,,,,49.0,2024-04-09 11:09:00.000,5.0,,2024-04-09 08:30:00.000,,,2b5076a4-dd4f-4f4b-8683-ef874091e2ed.extra_data.json,,,,2,,96.0,64,143,,,62650131,2024-04-09 08:30:00.000,,62660010,2024-04-09 11:22:45.396,2024-04-09 11:22:41.024,,,UTC-0300,hriiVjEkYE,,com.sec.android.app.shealth,2024-04-09 10:53:00.000,2b5076a4-dd4f-4f4b-8683-ef874091e2ed,
,,75.0,,11,22,13,5,21,253,132,0,10,1,,,,0,,,,,,,-1,,7,,,,37.0,2024-04-10 09:31:00.000,22.0,,2024-04-10 05:03:00.000,,,e5e31b96-e7a9-41f1-a223-d18a2bf0fce5.extra_data.json,,,,2,,91.0,56,254,,,62650131,2024-04-10 05:03:00.000,,62660010,2024-04-10 09:47:59.273,2024-04-10 09:45:51.230,,,UTC-0300,hriiVjEkYE,,com.sec.android.app.shealth,2024-04-10 09:17:00.000,e5e31b96-e7a9-41f1-a223-d18a2bf0fce5,
,,60.0,,40,49,2,10,23,361,85,2,7,0,,,,0,,,,,,,-1,,7,,,,68.0,2024-04-11 09:34:00.000,11.0,,2024-04-11 03:12:00.000,,,69edd38c-2c10-4041-8886-0719f2cb3226.extra_data.json,,,,4,,93.0,79,361,,,62650131,2024-04-11 03:12:00.000,,62660010,2024-04-11 09:53:52.131,2024-04-11 09:53:46.936,,,UTC-0300,hriiVjEkYE,,com.sec.android.app.shealth,2024-04-11 09:13:00.000,69edd38c-2c10-4041-8886-0719f2cb3226,
,,50.0,,19,44,2,20,38,405,76,2,19,0,,,,0,,,,,,,-1,,7,,,,61.0,2024-04-12 09:53:00.000,17.0,,2024-04-12 02:59:00.000,,,9d7f5430-ccd4-48f2-b70c-c3ce539c2698.extra_data.json,,,,4,,90.0,81,405,,,62650131,2024-04-12 02:59:00.000,,62660010,2024-04-12 09:58:36.504,2024-04-12 09:58:31.037,,,UTC-0300,hriiVjEkYE,,com.sec.android.app.shealth,2024-04-12 09:44:00.000,9d7f5430-ccd4-48f2-b70c-c3ce539c2698,
,,65.0,,7,9,6,5,13,240,98,1,7,0,,,,0,,,,,9c2f7fd3-733c-43ba-962e-f5cbed9592b4,,-1,,7,,,,31.0,,14.0,,,,,8682da9c-e992-418d-9d26-ca079ee83b55.extra_data.json,,,,2,,94.0,55,240,,,62650131,2024-04-13 03:11:00.000,,62660010,2024-04-13 11:19:45.752,2024-04-13 07:11:23.499,,,UTC-0300,hriiVjEkYE,,com.sec.android.app.shealth,2024-04-13 07:11:00.000,8682da9c-e992-418d-9d26-ca079ee83b55,
,,75.0,,32,32,11,0,15,197,184,0,0,0,,,,0,,,,,9c2f7fd3-733c-43ba-962e-f5cbed9592b4,,-1,,7,,,,43.0,2024-04-13 10:54:00.000,14.0,,2024-04-13 07:19:00.000,,,2f0e363b-7803-4c08-b721-a41c93d09b05.extra_data.json,,,,1,,92.0,61,197,,,62650131,2024-04-13 07:19:00.000,,62660010,2024-04-13 11:19:45.805,2024-04-13 11:19:42.438,,,UTC-0300,hriiVjEkYE,,com.sec.android.app.shealth,2024-04-13 10:36:00.000,2f0e363b-7803-4c08-b721-a41c93d09b05,
,,81.0,,33,33,2,4,60,197,92,0,54,0,,,,0,,,,,,,-1,,7,,,,51.0,2024-04-13 22:12:00.000,60.0,,2024-04-13 18:47:00.000,,,b1e938a1-6f15-43b3-8805-b5ac3279b7f4.extra_data.json,,,,3,,69.0,59,197,,,62650131,2024-04-13 18:47:00.000,,62660010,2024-04-13 22:39:15.841,2024-04-13 22:38:20.081,,,UTC-0300,hriiVjEkYE,,com.sec.android.app.shealth,2024-04-13 22:04:00.000,b1e938a1-6f15-43b3-8805-b5ac3279b7f4,
,,62.0,,31,51,6,8,38,371,157,2,20,12,,,,0,,,,,,,-1,,7,,,,59.0,2024-04-14 12:46:00.000,19.0,,2024-04-14 05:45:00.000,,,9766436c-1126-452c-8e1b-90ab2901769b.extra_data.json,,,,4,,86.0,75,383,,,62650131,2024-04-14 05:45:00.000,,62660010,2024-04-14 13:13:29.978,2024-04-14 13:13:23.749,,,UTC-0300,hriiVjEkYE,,com.sec.android.app.shealth,2024-04-14 12:08:00.000,9766436c-1126-452c-8e1b-90ab2901769b,
,,82.0,,37,37,15,8,32,415,208,0,16,3,,,,0,,,,,,,-1,,7,,,,58.0,2024-04-15 11:10:00.000,19.0,,2024-04-15 03:53:00.000,,,47840f19-b00d-49fc-ba02-fb49ac384fe9.extra_data.json,,,,4,,91.0,82,418,,,62650131,2024-04-15 03:53:00.000,,62660010,2024-04-15 11:37:17.627,2024-04-15 11:36:40.371,,,UTC-0300,hriiVjEkYE,,com.sec.android.app.shealth,2024-04-15 10:51:00.000,47840f19-b00d-49fc-ba02-fb49ac384fe9,
,,57.0,,90,90,3,8,18,365,197,2,9,0,,,,0,,,,,,,-1,,7,,,,79.0,2024-04-16 09:44:00.000,9.0,,2024-04-16 03:08:00.000,,,5db6a5fe-5c42-4896-af72-1575f530e60c.extra_data.json,,,,3,,95.0,83,365,,,62650131,2024-04-16 03:08:00.000,,62660010,2024-04-16 09:54:00.083,2024-04-16 09:53:54.349,,,UTC-0300,hriiVjEkYE,,com.sec.android.app.shealth,2024-04-16 09:13:00.000,5db6a5fe-5c42-4896-af72-1575f530e60c,
,,33.0,,56,57,17,22,43,376,197,3,26,0,,,,0,,,,,,,-1,,7,,,,64.0,,27.0,,,,,7c900255-ad46-4894-adee-3c5e01543fef.extra_data.json,,,,3,,88.0,76,376,,,62650131,2024-04-17 03:18:00.000,,62660010,2024-04-17 09:35:49.325,2024-04-17 09:35:44.997,,,UTC-0300,hriiVjEkYE,,com.sec.android.app.shealth,2024-04-17 09:34:00.000,7c900255-ad46-4894-adee-3c5e01543fef,
,,63.0,,62,81,9,12,43,424,192,1,26,0,,,,0,,,,,,,-1,,7,,,,74.0,2024-04-22 11:09:00.000,21.0,,2024-04-22 03:56:00.000,,,7a598073-6ecd-49c4-8dd1-0faa57ab6bc0.extra_data.json,,,,3,,89.0,86,424,,,62650131,2024-04-22 03:56:00.000,,62660010,2024-04-22 11:15:59.475,2024-04-22 11:15:52.123,,,UTC-0300,hriiVjEkYE,,com.sec.android.app.shealth,2024-04-22 11:00:00.000,7a598073-6ecd-49c4-8dd1-0faa57ab6bc0,
,,63.0,,25,25,5,7,23,316,170,1,9,0,,,,0,,,,,,,-1,,7,,,,45.0,2024-04-23 09:42:00.000,13.0,,2024-04-23 04:20:00.000,,,0e97f7c5-b3fc-4f02-9a2c-0c26bb1b2d30.extra_data.json,,,,2,,92.0,64,316,,,62650131,2024-04-23 04:20:00.000,,62660010,2024-04-23 09:50:23.345,2024-04-23 09:50:18.567,,,UTC-0300,hriiVjEkYE,,com.sec.android.app.shealth,2024-04-23 09:36:00.000,0e97f7c5-b3fc-4f02-9a2c-0c26bb1b2d30,
,,83.0,,19,32,13,7,34,352,75,0,21,0,,,,0,,,,,,,-1,,7,,,,54.0,,33.0,,,,,a84ce3fd-2299-4288-a47e-b60d09ce26a8.extra_data.json,,,,4,,90.0,69,352,,,62650131,2024-04-24 03:54:00.000,,62660010,2024-04-24 09:46:47.475,2024-04-24 09:46:43.051,,,UTC-0300,hriiVjEkYE,,com.sec.android.app.shealth,2024-04-24 09:46:00.000,a84ce3fd-2299-4288-a47e-b60d09ce26a8,
,,73.0,,25,25,2,2,4,111,111,0,0,0,,,,0,,,,,,,-1,,7,,,,43.0,2024-04-25 23:20:00.000,5.0,,2024-04-25 21:09:00.000,,,bedb8e74-c17d-4dd7-8ed5-115ebd4bb58f.extra_data.json,,,,1,,96.0,62,111,,,62650131,2024-04-25 21:09:00.000,,62660010,2024-04-25 23:50:08.695,2024-04-25 23:50:04.081,,,UTC-0300,hriiVjEkYE,,com.sec.android.app.shealth,2024-04-25 23:00:00.000,bedb8e74-c17d-4dd7-8ed5-115ebd4bb58f,
,,70.0,,0,20,0,0,0,64,0,0,0,0,,,,0,,,,,28a4bdb0-eab1-464a-8529-4a6d778d71c0,,-1,,7,,,,38.0,,0.0,,,,,9e530cca-e975-47fe-a88b-8c6182feaa60.extra_data.json,,,,0,,100.0,47,64,,,62660011,2024-04-26 04:12:00.000,,62660010,2024-04-26 05:52:13.785,2024-04-26 05:16:26.397,,,UTC-0300,hriiVjEkYE,,com.sec.android.app.shealth,2024-04-26 05:16:00.000,9e530cca-e975-47fe-a88b-8c6182feaa60,
,,70.0,,0,11,0,0,0,35,0,0,0,0,,,,0,,,,,28a4bdb0-eab1-464a-8529-4a6d778d71c0,,-1,,7,,,,35.0,,0.0,,,,,47c21da0-3c35-4a03-b4f5-a9a997210b5a.extra_data.json,,,,0,,100.0,47,35,,,62660011,2024-04-26 05:17:00.000,,62660010,2024-04-26 05:52:13.846,2024-04-26 05:52:10.981,,,UTC-0300,hriiVjEkYE,,com.sec.android.app.shealth,2024-04-26 05:52:00.000,47c21da0-3c35-4a03-b4f5-a9a997210b5a,
,,77.0,,0,16,14,3,19,225,145,0,3,0,,,,0,,,,,28a4bdb0-eab1-464a-8529-4a6d778d71c0,,-1,,7,,,,30.0,,19.0,,,,,14080942-8af9-4f7d-a5bc-bf7fe0c80ee2.extra_data.json,,,,2,,91.0,47,225,,,62660011,2024-04-26 06:05:00.000,,62660010,2024-04-26 09:50:28.949,2024-04-26 09:50:25.801,,,UTC-0300,hriiVjEkYE,,com.sec.android.app.shealth,2024-04-26 09:50:00.000,14080942-8af9-4f7d-a5bc-bf7fe0c80ee2,
,,69.0,,31,34,5,11,35,289,115,0,22,0,,,,0,,,,,,,-1,,7,,,,51.0,,24.0,,,,,65a10150-4d46-4749-bfa9-e7a10a21709c.extra_data.json,,,,2,,87.0,63,289,,,62660011,2024-04-27 04:53:00.000,,62660010,2024-04-27 23:36:14.100,2024-04-27 18:00:36.962,,,UTC-0300,hriiVjEkYE,,com.sec.android.app.shealth,2024-04-27 09:42:00.000,65a10150-4d46-4749-bfa9-e7a10a21709c,
,,52.0,,63,84,3,13,27,396,133,2,14,0,,,,0,,,,,,,-1,,7,,,,80.0,2024-04-28 11:17:00.000,13.0,,2024-04-28 04:22:00.000,,,1ab59f98-7404-42df-949c-5812ffd1a775.extra_data.json,,,,3,,93.0,86,396,,,62660011,2024-04-28 04:22:00.000,,62660010,2024-04-28 11:41:38.669,2024-04-28 11:41:32.317,,,UTC-0300,hriiVjEkYE,,com.sec.android.app.shealth,2024-04-28 10:58:00.000,1ab59f98-7404-42df-949c-5812ffd1a775,
,,61.0,,16,26,35,9,55,367,153,2,41,0,,,,0,,,,,36173383-2a3b-40f0-9d62-1c79876355fc,,-1,,7,,,,48.0,,49.0,,,,,9b83e711-ec16-4727-9c9e-b0d0dc7ed065.extra_data.json,,,,4,,85.0,68,367,,,62660011,2024-04-30 03:32:00.000,,62660010,2024-04-30 11:46:00.161,2024-04-30 09:39:14.082,,,UTC-0300,hriiVjEkYE,,com.sec.android.app.shealth,2024-04-30 09:39:00.000,9b83e711-ec16-4727-9c9e-b0d0dc7ed065,
,,70.0,,0,2,0,0,8,69,0,0,0,0,,,,0,,,,,36173383-2a3b-40f0-9d62-1c79876355fc,,-1,,7,,,,10.0,2024-04-30 11:21:00.000,12.0,,2024-04-30 09:53:00.000,,,dfdf2b95-cd5e-418f-bea8-b94a7d05d696.extra_data.json,,,,0,,88.0,38,69,,,62660011,2024-04-30 09:53:00.000,,62660010,2024-04-30 11:46:00.211,2024-04-30 11:45:56.697,,,UTC-0300,hriiVjEkYE,,com.sec.android.app.shealth,2024-04-30 11:02:00.000,dfdf2b95-cd5e-418f-bea8-b94a7d05d696,
,,54.0,,59,74,7,21,40,576,258,2,20,0,,,,0,,,,,,,-1,,7,,,,80.0,,13.0,,,,,c958ba8a-6c52-4943-983b-bc184e14c2ba.extra_data.json,,,,5,,93.0,81,576,,,62660011,2024-05-01 04:37:00.000,,62660010,2024-05-01 19:28:36.439,2024-05-01 17:31:24.967,,,UTC-0300,hriiVjEkYE,,com.sec.android.app.shealth,2024-05-01 14:13:00.000,c958ba8a-6c52-4943-983b-bc184e14c2ba,
,,64.0,,30,30,5,6,12,283,204,1,6,0,,,,0,,,,,,,-1,,7,,,,45.0,,9.0,,,,,75621be3-657d-4a71-9df9-94931e62458a.extra_data.json,,,,2,,95.0,65,283,,,62660011,2024-05-02 05:03:00.000,,62660010,2024-05-02 09:46:48.710,2024-05-02 09:46:44.446,,,UTC-0300,hriiVjEkYE,,com.sec.android.app.shealth,2024-05-02 09:46:00.000,75621be3-657d-4a71-9df9-94931e62458a,
,,49.0,,6,6,11,21,34,107,73,1,28,0,,,,0,,,,,,,-1,,7,,,,20.0,2024-05-02 21:57:00.000,73.0,,2024-05-02 20:03:00.000,,,9fa95c13-658a-4c61-a92f-65afb6ea15ca.extra_data.json,,,,2,,68.0,44,107,,,62660011,2024-05-02 20:03:00.000,,62660010,2024-05-02 22:06:08.511,2024-05-02 22:06:05.386,,,UTC-0300,hriiVjEkYE,,com.sec.android.app.shealth,2024-05-02 21:50:00.000,9fa95c13-658a-4c61-a92f-65afb6ea15ca,
,,55.0,,60,60,12,10,57,424,140,2,28,3,,,,0,,,,,,,-1,,7,,,,74.0,2024-05-03 11:21:00.000,29.0,,2024-05-03 03:56:00.000,,,d6c62d82-34b8-48de-b421-4f02c16704f6.extra_data.json,,,,3,,86.0,83,427,,,62660011,2024-05-03 03:56:00.000,,62660010,2024-05-03 11:46:22.523,2024-05-03 11:46:16.917,,,UTC-0300,hriiVjEkYE,,com.sec.android.app.shealth,2024-05-03 11:03:00.000,d6c62d82-34b8-48de-b421-4f02c16704f6,
,,79.0,,30,45,3,11,38,453,98,0,7,0,,,,0,,,,,,,-1,,7,,,,67.0,,13.0,,,,,1de7b81a-fefb-4706-9b9b-0e0febab5a76.extra_data.json,,,,4,,91.0,89,453,,,62660011,2024-05-04 04:24:00.000,,62660010,2024-05-04 12:26:29.700,2024-05-04 12:26:22.686,,,UTC-0300,hriiVjEkYE,,com.sec.android.app.shealth,2024-05-04 11:57:00.000,1de7b81a-fefb-4706-9b9b-0e0febab5a76,
,,46.0,,43,59,3,14,20,366,210,2,9,0,,,,0,,,,,,,-1,,7,,,,61.0,,9.0,,,,,9e27ef00-d248-4d04-b2e5-ed8026f85d7a.extra_data.json,,,,2,,94.0,77,366,,,62660011,2024-05-05 05:07:00.000,,62660010,2024-05-05 11:13:40.969,2024-05-05 11:13:36.373,,,UTC-0300,hriiVjEkYE,,com.sec.android.app.shealth,2024-05-05 11:13:00.000,9e27ef00-d248-4d04-b2e5-ed8026f85d7a,
,,70.0,,0,36,0,0,2,61,0,0,0,4,,,,0,,,,,,,-1,,7,,,,65.0,2024-05-05 13:13:00.000,3.0,,2024-05-05 11:43:00.000,,,21b488ec-80ad-4c28-8159-9095354c023c.extra_data.json,,,,0,,90.0,47,65,,,62660011,2024-05-05 11:43:00.000,,62660010,2024-05-05 13:38:49.724,2024-05-05 13:38:45.985,,,UTC-0300,hriiVjEkYE,,com.sec.android.app.shealth,2024-05-05 12:48:00.000,21b488ec-80ad-4c28-8159-9095354c023c,
,,77.0,,77,77,7,3,19,345,197,0,3,15,,,,0,,,,,,,-1,,7,,,,72.0,2024-05-06 10:24:00.000,10.0,,2024-05-06 03:57:00.000,,,46198c8f-7909-48e8-8721-3af243f4b96c.extra_data.json,,,,2,,90.0,80,360,,,62660011,2024-05-06 03:57:00.000,,62660010,2024-05-06 10:50:02.106,2024-05-06 10:49:57.259,,,UTC-0300,hriiVjEkYE,,com.sec.android.app.shealth,2024-05-06 09:57:00.000,46198c8f-7909-48e8-8721-3af243f4b96c,
,,44.0,,14,102,4,21,64,443,45,3,47,0,,,,0,,,,,,,-1,,7,,,,80.0,2024-05-07 12:56:00.000,34.0,,2024-05-07 05:10:00.000,,,e278ca15-141d-4da7-80cb-3ce9d67fd591.extra_data.json,,,,5,,85.0,82,443,,,62660011,2024-05-07 05:10:00.000,,62660010,2024-05-07 13:26:15.497,2024-05-07 13:26:09.701,,,UTC-0300,hriiVjEkYE,,com.sec.android.app.shealth,2024-05-07 12:33:00.000,e278ca15-141d-4da7-80cb-3ce9d67fd591,
,,71.0,,26,26,30,4,35,214,214,0,28,0,,,,0,,,,,599a6589-140b-489d-bba7-c7a430fed5f0,,-1,,7,,,,38.0,,43.0,,,,,2e8fc0f8-fe9a-4670-bcd8-e07f23ad551a.extra_data.json,,,,1,,83.0,52,214,,,62660011,2024-05-08 03:37:00.000,,62660010,2024-05-08 10:45:58.332,2024-05-08 07:11:28.696,,,UTC-0300,hriiVjEkYE,,com.sec.android.app.shealth,2024-05-08 07:11:00.000,2e8fc0f8-fe9a-4670-bcd8-e07f23ad551a,
,,75.0,,12,12,10,0,18,152,113,0,5,2,,,,0,,,,,599a6589-140b-489d-bba7-c7a430fed5f0,,-1,,7,,,,27.0,2024-05-08 10:15:00.000,24.0,,2024-05-08 07:17:00.000,,,eac73af6-c85c-4fc5-86ed-81709ee26848.extra_data.json,,,,1,,87.0,51,154,,,62660011,2024-05-08 07:17:00.000,,62660010,2024-05-08 10:45:58.362,2024-05-08 10:45:54.312,,,UTC-0300,hriiVjEkYE,,com.sec.android.app.shealth,2024-05-08 09:51:00.000,eac73af6-c85c-4fc5-86ed-81709ee26848,
,,82.0,,46,46,26,3,46,465,163,0,31,0,,,,0,,,,,,,-1,,7,,,,68.0,2024-05-12 12:52:00.000,33.0,,2024-05-12 04:54:00.000,,,e1726124-48a7-420b-937a-7c57e9f14427.extra_data.json,,,,3,,90.0,83,465,,,62660011,2024-05-12 04:54:00.000,,62660010,2024-05-12 12:57:47.500,2024-05-12 12:57:40.584,,,UTC-0300,hriiVjEkYE,,com.sec.android.app.shealth,2024-05-12 12:39:00.000,e1726124-48a7-420b-937a-7c57e9f14427,
,,27.0,,0,62,13,33,63,363,61,3,41,0,,,,0,,,,,,,-1,,7,,,,53.0,,50.0,,,,,95683e40-4529-4232-8a4c-194b80924c6f.extra_data.json,,,,4,,82.0,62,363,,,62660011,2024-05-14 04:59:00.000,,62660010,2024-05-14 11:02:43.647,2024-05-14 11:02:37.159,,,UTC-0300,hriiVjEkYE,,com.sec.android.app.shealth,2024-05-14 11:02:00.000,95683e40-4529-4232-8a4c-194b80924c6f,
,,73.0,,18,18,5,2,7,114,114,0,0,0,,,,0,,,,,,,-1,,7,,,,34.0,2024-05-14 13:21:00.000,11.0,,2024-05-14 11:13:00.000,,,4c7c80a6-00ca-459f-898a-b5c70b4c90e3.extra_data.json,,,,1,,93.0,60,114,,,62660011,2024-05-14 11:13:00.000,,62660010,2024-05-14 13:29:36.998,2024-05-14 13:29:32.636,,,UTC-0300,hriiVjEkYE,,com.sec.android.app.shealth,2024-05-14 13:07:00.000,4c7c80a6-00ca-459f-898a-b5c70b4c90e3,
,,83.0,,30,34,6,2,20,322,126,0,0,0,,,,0,,,,,,,-1,,7,,,,52.0,2024-05-15 09:47:00.000,11.0,,2024-05-15 04:13:00.000,,,654cf132-8262-4671-8494-e02c89597051.extra_data.json,,,,3,,93.0,74,322,,,62660011,2024-05-15 04:13:00.000,,62660010,2024-05-15 09:59:31.638,2024-05-15 09:59:26.097,,,UTC-0300,hriiVjEkYE,,com.sec.android.app.shealth,2024-05-15 09:35:00.000,654cf132-8262-4671-8494-e02c89597051,
,,62.0,,0,26,0,8,8,112,15,1,4,0,,,,0,,,,,,,-1,,7,,,,34.0,2024-05-18 23:55:00.000,11.0,,2024-05-18 21:48:00.000,,,1a4c7e40-4716-43fe-abc6-3cee0c968cc2.extra_data.json,,,,2,,92.0,48,112,,,62660011,2024-05-18 21:48:00.000,,62660010,2024-05-19 00:19:51.010,2024-05-19 00:19:47.722,,,UTC-0300,hriiVjEkYE,,com.sec.android.app.shealth,2024-05-18 23:40:00.000,1a4c7e40-4716-43fe-abc6-3cee0c968cc2,
,,79.0,,0,54,9,11,53,457,64,0,25,0,,,,0,,,,,,,-1,,7,,,,58.0,2024-05-19 13:22:00.000,31.0,,2024-05-19 05:29:00.000,,,0e4f2ea2-d81b-417c-a1ed-d06ce14d5e18.extra_data.json,,,,4,,88.0,73,457,,,62660011,2024-05-19 05:29:00.000,,62660010,2024-05-19 13:47:18.785,2024-05-19 13:47:13.319,,,UTC-0300,hriiVjEkYE,,com.sec.android.app.shealth,2024-05-19 13:06:00.000,0e4f2ea2-d81b-417c-a1ed-d06ce14d5e18,
,,76.0,,4,28,2,4,14,269,76,1,3,0,,,,0,,,,,,,-1,,7,,,,39.0,,9.0,,,,,de1b2564-2054-4eec-81cb-3dff2c4232a2.extra_data.json,,,,4,,94.0,64,269,,,62660011,2024-05-20 04:40:00.000,,62660010,2024-05-20 09:09:40.698,2024-05-20 09:09:36.704,,,UTC-0300,hriiVjEkYE,,com.sec.android.app.shealth,2024-05-20 09:09:00.000,de1b2564-2054-4eec-81cb-3dff2c4232a2,
,,59.0,,31,36,15,11,35,336,148,2,18,0,,,,0,,,,,,,-1,,7,,,,53.0,2024-05-21 09:41:00.000,26.0,,2024-05-21 03:34:00.000,,,af129af3-725f-48e7-98eb-5b63878182ce.extra_data.json,,,,4,,89.0,67,336,,,62660011,2024-05-21 03:34:00.000,,62660010,2024-05-21 09:54:08.180,2024-05-21 09:54:03.492,,,UTC-0300,hriiVjEkYE,,com.sec.android.app.shealth,2024-05-21 09:10:00.000,af129af3-725f-48e7-98eb-5b63878182ce,
,,70.0,,0,15,0,0,2,43,0,0,0,0,,,,0,,,,,,,-1,,7,,,,39.0,2024-05-22 21:44:00.000,5.0,,2024-05-22 20:39:00.000,,,0c4c4548-f13d-4450-9210-5d5ba477b541.extra_data.json,,,,0,,95.0,47,43,,,62660011,2024-05-22 20:39:00.000,,62660010,2024-05-22 22:10:44.716,2024-05-22 22:10:42.422,,,UTC-0300,hriiVjEkYE,,com.sec.android.app.shealth,2024-05-22 21:22:00.000,0c4c4548-f13d-4450-9210-5d5ba477b541,
,,80.0,,65,65,4,0,7,293,157,0,0,7,,,,0,,,,,,,-1,,7,,,,68.0,2024-05-23 09:28:00.000,5.0,,2024-05-23 04:08:00.000,,,abe4e9c6-1a98-4fce-a4a2-68c3ad5b2ab6.extra_data.json,,,,2,,95.0,74,300,,,62660011,2024-05-23 04:08:00.000,,62660010,2024-05-23 09:49:32.394,2024-05-23 09:49:28.150,,,UTC-0300,hriiVjEkYE,,com.sec.android.app.shealth,2024-05-23 09:08:00.000,abe4e9c6-1a98-4fce-a4a2-68c3ad5b2ab6,
,,74.0,,59,69,5,11,21,358,133,0,6,0,,,,0,,,,,,,-1,,7,,,,73.0,2024-05-24 09:39:00.000,11.0,,2024-05-24 03:37:00.000,,,8790174a-084f-4fa1-84db-2b462382db68.extra_data.json,,,,3,,94.0,83,358,,,62660011,2024-05-24 03:37:00.000,,62660010,2024-05-24 09:40:20.454,2024-05-24 09:40:14.885,,,UTC-0300,hriiVjEkYE,,com.sec.android.app.shealth,2024-05-24 09:35:00.000,8790174a-084f-4fa1-84db-2b462382db68,
,,58.0,,46,83,22,17,46,401,169,2,36,4,,,,0,,,,,,,-1,,7,,,,72.0,2024-05-26 11:43:00.000,33.0,,2024-05-26 04:51:00.000,,,fc2f08db-eba0-4243-bf29-46b4a9688497.extra_data.json,,,,5,,87.0,78,405,,,62660011,2024-05-26 04:51:00.000,,62660010,2024-05-26 12:13:30.292,2024-05-26 12:13:25.013,,,UTC-0300,hriiVjEkYE,,com.sec.android.app.shealth,2024-05-26 11:36:00.000,fc2f08db-eba0-4243-bf29-46b4a9688497,
,,78.0,,43,43,3,2,15,336,127,0,0,0,,,,0,,,,,,,-1,,7,,,,60.0,2024-05-27 10:24:00.000,7.0,,2024-05-27 04:38:00.000,,,fb460bc1-5f8c-4cf4-bba8-1188175defe3.extra_data.json,,,,2,,95.0,77,336,,,62660011,2024-05-27 04:38:00.000,,62660010,2024-05-27 10:31:42.498,2024-05-27 10:31:37.837,,,UTC-0300,hriiVjEkYE,,com.sec.android.app.shealth,2024-05-27 10:14:00.000,fb460bc1-5f8c-4cf4-bba8-1188175defe3,
,,68.0,,11,52,1,7,14,312,43,1,3,0,,,,0,,,,,,,-1,,7,,,,58.0,2024-05-28 09:33:00.000,8.0,,2024-05-28 03:59:00.000,,,bea51705-9bc9-43b3-82b2-833af506da82.extra_data.json,,,,3,,95.0,75,312,,,62660011,2024-05-28 03:59:00.000,,62660010,2024-05-28 09:48:16.608,2024-05-28 09:48:11.731,,,UTC-0300,hriiVjEkYE,,com.sec.android.app.shealth,2024-05-28 09:11:00.000,bea51705-9bc9-43b3-82b2-833af506da82,
,,81.0,,46,59,20,4,34,402,160,0,18,0,,,,0,,,,,,,-1,,7,,,,66.0,2024-05-31 11:44:00.000,25.0,,2024-05-31 04:43:00.000,,,fc8428b7-3287-49e3-9057-691d74b2f9bb.extra_data.json,,,,3,,91.0,83,402,,,62660011,2024-05-31 04:43:00.000,,62660010,2024-05-31 12:14:19.002,2024-05-31 12:09:56.589,,,UTC-0300,hriiVjEkYE,,com.sec.android.app.shealth,2024-05-31 11:25:00.000,fc8428b7-3287-49e3-9057-691d74b2f9bb,
,,74.0,,47,73,3,6,51,561,118,1,27,0,,,,0,,,,,,,-1,,7,,,,85.0,2024-06-02 14:19:00.000,16.0,,2024-06-02 04:40:00.000,,,f16037cd-7cd1-433a-a5f8-1818c5f2b45a.extra_data.json,,,,4,,90.0,84,561,,,62670031,2024-06-02 04:40:00.000,,62670070,2024-06-02 14:42:56.580,2024-06-02 14:42:51.391,,,UTC-0300,hriiVjEkYE,,com.sec.android.app.shealth,2024-06-02 14:01:00.000,f16037cd-7cd1-433a-a5f8-1818c5f2b45a,
,,79.0,,0,42,0,6,25,277,8,0,12,1,,,,0,,,,,,,-1,,7,,,,43.0,2024-06-03 10:16:00.000,13.0,,2024-06-03 05:27:00.000,,,4d430283-4f5c-4c41-8e67-9a406ba37c13.extra_data.json,,,,3,,91.0,58,278,,,62670031,2024-06-03 05:27:00.000,,62670070,2024-06-03 10:31:48.247,2024-06-03 10:31:43.321,,,UTC-0300,hriiVjEkYE,,com.sec.android.app.shealth,2024-06-03 10:05:00.000,4d430283-4f5c-4c41-8e67-9a406ba37c13,
,,73.0,,0,0,14,2,19,156,98,0,10,0,,,,0,,,,,3cb661b1-cc7b-495b-8a5a-3f7079b8bd9d,,-1,,7,,,,16.0,,33.0,,,,,e746a38d-abce-45de-841c-3e64182d1a3e.extra_data.json,,,,1,,87.0,32,156,,,62670031,2024-06-04 04:37:00.000,,62670070,2024-06-04 10:10:16.543,2024-06-04 07:13:29.384,,,UTC-0300,hriiVjEkYE,,com.sec.android.app.shealth,2024-06-04 07:13:00.000,e746a38d-abce-45de-841c-3e64182d1a3e,
,,77.0,,13,13,5,3,8,163,114,0,3,0,,,,0,,,,,3cb661b1-cc7b-495b-8a5a-3f7079b8bd9d,,-1,,7,,,,29.0,,11.0,,,,,1d2e31e2-66e9-4b2c-bbff-38d0e76111b8.extra_data.json,,,,2,,95.0,59,163,,,62670031,2024-06-04 07:27:00.000,,62670070,2024-06-04 10:10:16.604,2024-06-04 10:10:13.523,,,UTC-0300,hriiVjEkYE,,com.sec.android.app.shealth,2024-06-04 10:10:00.000,1d2e31e2-66e9-4b2c-bbff-38d0e76111b8,
,,75.0,,38,38,6,0,8,151,151,0,3,3,,,,0,,,,,,,-1,,7,,,,50.0,2024-06-04 13:36:00.000,11.0,,2024-06-04 10:42:00.000,,,09bb5368-253b-4646-b4e3-7c9c18150030.extra_data.json,,,,1,,92.0,61,154,,,62670031,2024-06-04 10:42:00.000,,62670070,2024-06-04 14:01:39.990,2024-06-04 14:01:31.940,,,UTC-0300,hriiVjEkYE,,com.sec.android.app.shealth,2024-06-04 13:16:00.000,09bb5368-253b-4646-b4e3-7c9c18150030,
,,72.0,,0,41,1,8,23,291,46,1,12,14,,,,0,,,,,,,-1,,7,,,,43.0,2024-06-05 09:36:00.000,14.0,,2024-06-05 04:20:00.000,,,07eb9e62-da49-439b-b10b-1268802919d0.extra_data.json,,,,4,,88.0,57,305,,,62670031,2024-06-05 04:20:00.000,,62670070,2024-06-05 09:51:07.559,2024-06-05 09:51:02.888,,,UTC-0300,hriiVjEkYE,,com.sec.android.app.shealth,2024-06-05 09:25:00.000,07eb9e62-da49-439b-b10b-1268802919d0,
,,87.0,,11,15,1,3,16,315,51,0,0,0,,,,0,,,,,,,-1,,7,,,,45.0,2024-06-07 09:32:00.000,7.0,,2024-06-07 03:58:00.000,,,c7fb5e9e-fa54-459d-9532-6c5f8bc0d4dc.extra_data.json,,,,4,,94.0,69,315,,,62670031,2024-06-07 03:58:00.000,,62670070,2024-06-07 09:59:12.250,2024-06-07 09:59:07.471,,,UTC-0300,hriiVjEkYE,,com.sec.android.app.shealth,2024-06-07 09:13:00.000,c7fb5e9e-fa54-459d-9532-6c5f8bc0d4dc,
,,44.0,,28,29,22,16,46,375,211,2,26,0,,,,0,,,,,624660c0-2f74-494f-8318-7cda38d778a3,,-1,,7,,,,51.0,,30.0,,,,,6cd0ec5b-e9ac-4b8d-b2c5-7d5f35a02266.extra_data.json,,,,2,,87.0,66,375,,,62670031,2024-06-08 03:37:00.000,,62670070,2024-06-08 10:53:53.398,2024-06-08 09:52:25.033,,,UTC-0300,hriiVjEkYE,,com.sec.android.app.shealth,2024-06-08 09:52:00.000,6cd0ec5b-e9ac-4b8d-b2c5-7d5f35a02266,
,,70.0,,0,21,0,0,0,60,0,0,0,0,,,,0,,,,,624660c0-2f74-494f-8318-7cda38d778a3,,-1,,7,,,,41.0,,0.0,,,,,f30828e6-5ebf-4f1c-962f-3c7328b831c0.extra_data.json,,,,0,,100.0,47,60,,,62670031,2024-06-08 09:53:00.000,,62670070,2024-06-08 10:53:53.453,2024-06-08 10:53:50.301,,,UTC-0300,hriiVjEkYE,,com.sec.android.app.shealth,2024-06-08 10:53:00.000,f30828e6-5ebf-4f1c-962f-3c7328b831c0,
,,72.0,,12,12,38,3,43,181,181,0,33,0,,,,0,,,,,,,-1,,7,,,,27.0,,63.0,,,,,499f108a-1649-4db2-9373-c7183e7619f9.extra_data.json,,,,1,,76.0,49,181,,,62670031,2024-06-08 11:04:00.000,,62670070,2024-06-08 14:06:05.756,2024-06-08 14:05:53.901,,,UTC-0300,hriiVjEkYE,,com.sec.android.app.shealth,2024-06-08 14:05:00.000,499f108a-1649-4db2-9373-c7183e7619f9,
,,74.0,,64,71,7,11,38,544,175,1,19,0,,,,0,,,,,,,-1,,7,,,,82.0,,14.0,,,,,93f730e9-07c6-4288-be93-f5c5b78bcb05.extra_data.json,,,,5,,93.0,87,544,,,62670031,2024-06-09 04:19:00.000,,62670070,2024-06-11 11:07:19.933,2024-06-10 22:30:23.623,,,UTC-0300,hriiVjEkYE,,com.sec.android.app.shealth,2024-06-09 13:23:00.000,93f730e9-07c6-4288-be93-f5c5b78bcb05,
,,55.0,,31,54,7,20,48,423,170,1,15,14,,,,0,,,,,,,-1,,7,,,,62.0,2024-06-12 10:48:00.000,19.0,,2024-06-12 03:27:00.000,,,39e6723f-4f25-43a0-8dcf-92493da71f91.extra_data.json,,,,3,,86.0,85,437,,,62670031,2024-06-12 03:27:00.000,,62670070,2024-06-12 11:18:37.369,2024-06-12 11:18:31.865,,,UTC-0300,hriiVjEkYE,,com.sec.android.app.shealth,2024-06-12 10:44:00.000,39e6723f-4f25-43a0-8dcf-92493da71f91,
,,70.0,,26,35,1,10,22,332,49,1,3,0,,,,0,,,,,,,-1,,7,,,,65.0,2024-06-15 10:58:00.000,10.0,,2024-06-15 05:16:00.000,,,e3d187d0-6d22-4122-83fc-5c10aa031336.extra_data.json,,,,4,,93.0,74,332,,,62670031,2024-06-15 05:16:00.000,,62670070,2024-06-15 11:11:56.206,2024-06-15 11:11:50.808,,,UTC-0300,hriiVjEkYE,,com.sec.android.app.shealth,2024-06-15 10:48:00.000,e3d187d0-6d22-4122-83fc-5c10aa031336,
,,71.0,,26,49,7,14,33,465,143,1,8,0,,,,0,,,,,,,-1,,7,,,,64.0,2024-06-16 12:34:00.000,14.0,,2024-06-16 04:24:00.000,,,db23e2af-0112-4dea-b3fa-ac88021deb15.extra_data.json,,,,5,,92.0,87,465,,,62670031,2024-06-16 04:24:00.000,,62670070,2024-06-16 12:59:13.125,2024-06-16 12:59:06.708,,,UTC-0300,hriiVjEkYE,,com.sec.android.app.shealth,2024-06-16 12:09:00.000,db23e2af-0112-4dea-b3fa-ac88021deb15,
,,82.0,,12,20,2,3,14,351,85,0,0,0,,,,0,,,,,,,-1,,7,,,,46.0,2024-06-18 09:33:00.000,6.0,,2024-06-18 03:18:00.000,,,271eafe4-caa4-442d-8bf9-35840156c061.extra_data.json,,,,3,,96.0,78,351,,,62670031,2024-06-18 03:18:00.000,,62670070,2024-06-18 09:54:57.032,2024-06-18 09:54:49.777,,,UTC-0300,hriiVjEkYE,,com.sec.android.app.shealth,2024-06-18 09:09:00.000,271eafe4-caa4-442d-8bf9-35840156c061,
,,67.0,,23,23,10,3,16,165,116,1,15,0,,,,0,,,,,ab1c0ece-a3a1-488b-b390-52929d8a7121,,-1,,7,,,,38.0,,27.0,,,,,4ac599ec-6956-42f8-afbe-35ae14bfc804.extra_data.json,,,,2,,90.0,52,165,,,62670031,2024-06-19 02:59:00.000,,62670070,2024-06-20 10:29:53.280,2024-06-19 05:44:48.086,,,UTC-0300,hriiVjEkYE,,com.sec.android.app.shealth,2024-06-19 05:44:00.000,4ac599ec-6956-42f8-afbe-35ae14bfc804,
,,79.0,,12,12,4,1,8,138,78,0,0,0,,,,0,,,,,ab1c0ece-a3a1-488b-b390-52929d8a7121,,-1,,7,,,,29.0,,11.0,,,,,542388c9-4100-4e81-b686-7b65510beb4e.extra_data.json,,,,2,,94.0,56,138,,,62670031,2024-06-19 06:14:00.000,,62670070,2024-06-20 10:29:53.327,2024-06-20 02:23:18.963,,,UTC-0300,hriiVjEkYE,,com.sec.android.app.shealth,2024-06-19 08:32:00.000,542388c9-4100-4e81-b686-7b65510beb4e,
,,82.0,,14,45,4,8,15,390,79,0,0,0,,,,0,,,,,,,-1,,7,,,,58.0,2024-06-20 10:23:00.000,9.0,,2024-06-20 03:47:00.000,,,01c091e1-dd2c-4290-a442-64cb820c0824.extra_data.json,,,,4,,96.0,86,390,,,62670031,2024-06-20 03:47:00.000,,62670070,2024-06-20 10:29:53.412,2024-06-20 10:29:48.283,,,UTC-0300,hriiVjEkYE,,com.sec.android.app.shealth,2024-06-20 10:17:00.000,01c091e1-dd2c-4290-a442-64cb820c0824,
,,68.0,,21,35,2,7,21,359,86,1,7,0,,,,0,,,,,,,-1,,7,,,,55.0,2024-06-21 09:46:00.000,10.0,,2024-06-21 03:38:00.000,,,a55a10ff-4a4a-40f0-a175-ebf69549f049.extra_data.json,,,,3,,94.0,75,359,,,62670031,2024-06-21 03:38:00.000,,62670070,2024-06-21 09:54:51.487,2024-06-21 09:54:46.464,,,UTC-0300,hriiVjEkYE,,com.sec.android.app.shealth,2024-06-21 09:37:00.000,a55a10ff-4a4a-40f0-a175-ebf69549f049,
,,93.0,,9,69,5,7,29,509,75,0,9,0,,,,0,,,,,,,-1,,7,,,,69.0,2024-06-22 12:19:00.000,14.0,,2024-06-22 03:37:00.000,,,b92bfd7f-666a-4611-a09d-74e834b12e2b.extra_data.json,,,,6,,94.0,89,509,,,62670031,2024-06-22 03:37:00.000,,62670070,2024-06-22 12:35:41.176,2024-06-22 12:35:36.229,,,UTC-0300,hriiVjEkYE,,com.sec.android.app.shealth,2024-06-22 12:06:00.000,b92bfd7f-666a-4611-a09d-74e834b12e2b,
,,61.0,,0,31,1,14,28,296,17,1,9,1,,,,0,,,,,,,-1,,7,,,,40.0,2024-06-24 10:25:00.000,18.0,,2024-06-24 05:13:00.000,,,53513337-9954-49c0-b96a-3648f784d9f1.extra_data.json,,,,3,,90.0,58,297,,,62670031,2024-06-24 05:13:00.000,,62670070,2024-06-24 10:50:57.785,2024-06-24 10:50:54.833,,,UTC-0300,hriiVjEkYE,,com.sec.android.app.shealth,2024-06-24 10:10:00.000,53513337-9954-49c0-b96a-3648f784d9f1,
,,67.0,,35,60,1,8,24,382,104,1,7,0,,,,0,,,,,,,-1,,7,,,,67.0,2024-06-25 11:20:00.000,9.0,,2024-06-25 04:48:00.000,,,cd709ee6-7529-47ad-a074-808ff588dac5.extra_data.json,,,,3,,93.0,87,382,,,62670031,2024-06-25 04:48:00.000,,62670070,2024-06-25 11:26:06.674,2024-06-25 11:26:02.447,,,UTC-0300,hriiVjEkYE,,com.sec.android.app.shealth,2024-06-25 11:10:00.000,cd709ee6-7529-47ad-a074-808ff588dac5,
,,69.0,,32,52,2,6,11,286,95,1,4,0,,,,0,,,,,dc77ceb5-e43a-475a-ae2c-9988144c9598,,-1,,7,,,,60.0,,7.0,,,,,c5750f24-ccdb-44f1-9003-a8148d97aae9.extra_data.json,,,,3,,96.0,72,286,,,62670031,2024-06-26 03:55:00.000,,62670070,2024-06-26 10:00:12.750,2024-06-26 08:41:35.839,,,UTC-0300,hriiVjEkYE,,com.sec.android.app.shealth,2024-06-26 08:41:00.000,c5750f24-ccdb-44f1-9003-a8148d97aae9,
,,74.0,,0,0,2,1,3,55,55,0,0,0,,,,0,,,,,dc77ceb5-e43a-475a-ae2c-9988144c9598,,-1,,7,,,,6.0,,9.0,,,,,aa44cc2c-4182-4889-b968-afa3fed5f755.extra_data.json,,,,1,,94.0,38,55,,,62670031,2024-06-26 08:58:00.000,,62670070,2024-06-26 10:00:12.799,2024-06-26 10:00:09.413,,,UTC-0300,hriiVjEkYE,,com.sec.android.app.shealth,2024-06-26 09:53:00.000,aa44cc2c-4182-4889-b968-afa3fed5f755,
,,83.0,,0,36,3,7,15,369,69,0,3,0,,,,0,,,,,,,-1,,7,,,,47.0,2024-06-28 09:43:00.000,9.0,,2024-06-28 03:21:00.000,,,cddb3f50-6851-4817-af7a-2405d9cc4dd5.extra_data.json,,,,4,,95.0,71,369,,,62670031,2024-06-28 03:21:00.000,,62670070,2024-06-28 09:56:45.163,2024-06-28 09:56:40.123,,,UTC-0300,hriiVjEkYE,,com.sec.android.app.shealth,2024-06-28 09:30:00.000,cddb3f50-6851-4817-af7a-2405d9cc4dd5,
,,70.0,,78,78,8,10,41,541,178,1,17,0,,,,0,,,,,,,-1,,7,,,,86.0,2024-06-30 15:55:00.000,15.0,,2024-06-30 06:35:00.000,,,c258cc7e-3bb3-4264-9350-b8056ce22277.extra_data.json,,,,4,,92.0,86,541,,,62670031,2024-06-30 06:35:00.000,,62670070,2024-06-30 16:15:31.514,2024-06-30 16:15:26.067,,,UTC-0300,hriiVjEkYE,,com.sec.android.app.shealth,2024-06-30 15:36:00.000,c258cc7e-3bb3-4264-9350-b8056ce22277,
,,67.0,,37,39,0,8,20,295,74,1,9,0,,,,0,,,,,,,-1,,7,,,,63.0,,10.0,,,,,94a8475c-9372-4ff5-8b3a-6fe141e12bfa.extra_data.json,,,,3,,93.0,70,295,,,62670031,2024-07-01 04:07:00.000,,62670070,2024-07-01 20:54:58.890,2024-07-01 20:54:27.735,,,UTC-0300,hriiVjEkYE,,com.sec.android.app.shealth,2024-07-01 09:02:00.000,94a8475c-9372-4ff5-8b3a-6fe141e12bfa,
,,69.0,,44,51,6,11,23,427,154,1,7,0,,,,0,,,,,,,-1,,7,,,,66.0,2024-07-02 11:35:00.000,11.0,,2024-07-02 03:40:00.000,,,0d9524d9-93eb-46e6-9b5d-a5ff22a3f023.extra_data.json,,,,4,,94.0,89,427,,,62670031,2024-07-02 03:40:00.000,,62670070,2024-07-02 11:42:45.024,2024-07-02 11:41:26.392,,,UTC-0300,hriiVjEkYE,,com.sec.android.app.shealth,2024-07-02 10:47:00.000,0d9524d9-93eb-46e6-9b5d-a5ff22a3f023,
,,46.0,,20,20,7,9,18,163,163,2,9,0,,,,0,,,,,,,-1,,7,,,,33.0,,21.0,,,,,a2375c78-14ce-495f-b70d-e0b0bd61ff7f.extra_data.json,,,,1,,88.0,50,163,,,62670031,2024-07-03 07:55:00.000,,62670070,2024-07-03 19:58:08.831,2024-07-03 16:40:50.958,,,UTC-0300,hriiVjEkYE,,com.sec.android.app.shealth,2024-07-03 10:38:00.000,a2375c78-14ce-495f-b70d-e0b0bd61ff7f,
,,36.0,,37,90,8,29,53,556,135,4,26,0,,,,0,,,,,,,-1,,7,,,,83.0,,20.0,,,,,14eec562-9412-48a8-b68d-8526657cf967.extra_data.json,,,,7,,90.0,80,556,,,62670031,2024-07-04 04:17:00.000,,62670070,2024-07-04 13:59:00.070,2024-07-04 13:58:54.998,,,UTC-0300,hriiVjEkYE,,com.sec.android.app.shealth,2024-07-04 13:33:00.000,14eec562-9412-48a8-b68d-8526657cf967,
,,80.0,,0,8,0,0,5,173,64,0,0,0,,,,0,,,,,,,-1,,7,,,,22.0,2024-07-06 22:53:00.000,3.0,,2024-07-06 19:54:00.000,,,02b7a711-d637-4332-9ae0-75d0227edd35.extra_data.json,,,,2,,97.0,50,173,,,62670031,2024-07-06 19:54:00.000,,62670070,2024-07-06 23:18:49.501,2024-07-06 23:18:45.777,,,UTC-0300,hriiVjEkYE,,com.sec.android.app.shealth,2024-07-06 22:47:00.000,02b7a711-d637-4332-9ae0-75d0227edd35,
,,61.0,,4,33,26,9,36,234,97,1,28,0,,,,0,,,,,a16501f4-eef1-44e7-9cb9-045c0a2e9a92,,-1,,7,,,,39.0,,54.0,,,,,b46c2f77-9870-491e-91a3-3b0182c3d291.extra_data.json,,,,2,,84.0,51,234,,,62670031,2024-07-07 04:13:00.000,,62670070,2024-07-07 21:45:01.318,2024-07-07 08:08:00.118,,,UTC-0300,hriiVjEkYE,,com.sec.android.app.shealth,2024-07-07 08:07:00.000,b46c2f77-9870-491e-91a3-3b0182c3d291,
,,52.0,,9,16,13,8,25,226,142,2,19,0,,,,0,,,,,a16501f4-eef1-44e7-9cb9-045c0a2e9a92,,-1,,7,,,,32.0,,29.0,,,,,ca8e1be2-db68-430e-89d7-7a76a9111763.extra_data.json,,,,2,,88.0,48,226,,,62670031,2024-07-07 08:11:00.000,,62670070,2024-07-07 21:45:01.368,2024-07-07 16:49:33.119,,,UTC-0300,hriiVjEkYE,,com.sec.android.app.shealth,2024-07-07 11:57:00.000,ca8e1be2-db68-430e-89d7-7a76a9111763,
,,64.0,,17,25,50,11,63,422,196,1,47,0,,,,0,,,,,,,-1,,7,,,,52.0,,52.0,,,,,5f977b7c-d6c7-439d-a542-352271ac73d0.extra_data.json,,,,3,,85.0,76,422,,,62670031,2024-07-09 05:20:00.000,,62670070,2024-07-09 21:39:36.884,2024-07-09 21:38:58.407,,,UTC-0300,hriiVjEkYE,,com.sec.android.app.shealth,2024-07-09 12:22:00.000,5f977b7c-d6c7-439d-a542-352271ac73d0,
,,43.0,,0,35,3,17,40,397,39,3,20,0,,,,0,,,,,,,-1,,7,,,,49.0,2024-07-10 11:12:00.000,23.0,,2024-07-10 04:24:00.000,,,5b66ef59-3e65-4017-b480-1da88ea4d0a6.extra_data.json,,,,4,,89.0,65,397,,,62670031,2024-07-10 04:24:00.000,,62670070,2024-07-10 11:25:41.961,2024-07-10 11:25:33.868,,,UTC-0300,hriiVjEkYE,,com.sec.android.app.shealth,2024-07-10 11:01:00.000,5b66ef59-3e65-4017-b480-1da88ea4d0a6,
,,70.0,,0,0,0,0,2,48,0,0,0,42,,,,0,,,,,,,-1,,7,,,,5.0,,4.0,,,,,9545bb3c-df6a-4b61-9c1a-9f587ab9800f.extra_data.json,,,,0,,66.0,35,90,,,62670031,2024-07-10 11:35:00.000,,62670070,2024-07-10 13:30:19.562,2024-07-10 13:30:14.898,,,UTC-0300,hriiVjEkYE,,com.sec.android.app.shealth,2024-07-10 13:05:00.000,9545bb3c-df6a-4b61-9c1a-9f587ab9800f,
,,73.0,,7,7,2,2,4,71,71,0,0,0,,,,0,,,,,,,-1,,7,,,,21.0,2024-07-10 14:51:00.000,8.0,,2024-07-10 13:22:00.000,,,b918f6c8-e07c-4a70-a648-737e49a89190.extra_data.json,,,,1,,94.0,56,71,,,62670031,2024-07-10 13:22:00.000,,62670070,2024-07-10 15:11:38.784,2024-07-10 15:10:48.154,,,UTC-0300,hriiVjEkYE,,com.sec.android.app.shealth,2024-07-10 14:33:00.000,b918f6c8-e07c-4a70-a648-737e49a89190,
,,71.0,,22,22,24,9,47,493,243,1,30,0,,,,0,,,,,,,-1,,7,,,,57.0,2024-07-11 12:34:00.000,25.0,,2024-07-11 04:11:00.000,,,42046997-15cf-4848-a884-c247798d97cb.extra_data.json,,,,4,,90.0,77,493,,,62670031,2024-07-11 04:11:00.000,,62670070,2024-07-11 13:03:51.873,2024-07-11 12:59:50.055,,,UTC-0300,hriiVjEkYE,,com.sec.android.app.shealth,2024-07-11 12:24:00.000,42046997-15cf-4848-a884-c247798d97cb,
,,50.0,,45,77,17,25,84,624,271,1,66,0,,,,0,,,,,,,-1,,7,,,,81.0,2024-07-12 15:19:00.000,30.0,,2024-07-12 04:06:00.000,,,3c1f328f-69f3-4563-9f63-bb1ba578e6f3.extra_data.json,,,,3,,86.0,67,624,,,62670031,2024-07-12 04:06:00.000,,62670070,2024-07-12 15:48:39.921,2024-07-12 15:48:34.478,,,UTC-0300,hriiVjEkYE,,com.sec.android.app.shealth,2024-07-12 14:30:00.000,3c1f328f-69f3-4563-9f63-bb1ba578e6f3,
,,77.0,,2,15,0,3,12,137,20,0,0,0,,,,0,,,,,,,-1,,7,,,,29.0,2024-07-12 21:14:00.000,9.0,,2024-07-12 18:36:00.000,,,94fafde8-b078-4ba8-beec-fc546cc150c4.extra_data.json,,,,2,,91.0,57,137,,,62670031,2024-07-12 18:36:00.000,,62670070,2024-07-12 21:45:53.889,2024-07-12 21:41:29.548,,,UTC-0300,hriiVjEkYE,,com.sec.android.app.shealth,2024-07-12 20:53:00.000,94fafde8-b078-4ba8-beec-fc546cc150c4,
,,58.0,,13,13,24,12,82,256,144,1,62,1,,,,0,,,,,,,-1,,7,,,,34.0,2024-07-13 09:09:00.000,73.0,,2024-07-13 04:38:00.000,,,c6078936-fae6-4cb7-9d54-ef06c106d0a3.extra_data.json,,,,2,,67.0,49,257,,,62670031,2024-07-13 04:38:00.000,,62670070,2024-07-13 09:39:34.377,2024-07-13 09:39:30.697,,,UTC-0300,hriiVjEkYE,,com.sec.android.app.shealth,2024-07-13 08:55:00.000,c6078936-fae6-4cb7-9d54-ef06c106d0a3,
,,67.0,,36,36,27,1,27,299,299,0,0,,,,,0,,,,48,,,-1,,9,,,,57.0,2024-07-13 15:52:00.000,18.0,,2024-07-13 10:17:00.000,,,,,,,0,188,90.0,55,302,1,,62670031,2024-07-13 10:17:00.000,,62701610,2024-07-15 18:38:02.316,2024-07-13 16:16:43.703,,,UTC-0300,hriiVjEkYE,,com.sec.android.app.shealth,2024-07-13 15:19:00.000,c0088b4c-7f49-4c7b-86ef-067d749003a8,
,,94.0,,7,72,6,1,39,511,48,0,14,,,,,0,,,,120,,,-1,,9,,,,93.0,2024-07-17 14:31:00.000,23.0,,2024-07-17 05:31:00.000,,,,,,,6,280,92.0,84,513,1,,62670031,2024-07-17 05:31:00.000,,62701610,2024-07-17 14:55:36.094,2024-07-17 14:55:04.475,,,UTC-0300,hriiVjEkYE,,com.sec.android.app.shealth,2024-07-17 14:04:00.000,ccc2efc1-8f94-4bd3-a963-d7105da06860,
,,97.0,,44,64,7,3,36,528,125,0,17,,,,,0,1080000,,1440000,173,,,-1,-1,9,,,,92.0,2024-07-20 14:12:00.000,16.0,,2024-07-20 05:20:00.000,,,,,,,6,255,93.0,85,528,1,,62701251,2024-07-20 05:20:00.000,,62701610,2024-07-20 14:37:17.479,2024-07-20 14:37:07.992,,,UTC-0300,hriiVjEkYE,,com.sec.android.app.shealth,2024-07-20 14:08:00.000,8dcbec06-e55b-482a-9da9-7ba219279d34,
,,7.0,,20,20,7,0,7,70,69,0,5,,,,,0,900000,,1800000,0,,,-1,-1,9,,,,14.0,2024-07-20 16:10:00.000,27.0,,2024-07-20 14:56:00.000,,,,,,,0,43,90.0,41,70,1,,62701251,2024-07-20 14:56:00.000,,62701610,2024-07-20 16:40:34.332,2024-07-20 16:40:29.467,,,UTC-0300,hriiVjEkYE,,com.sec.android.app.shealth,2024-07-20 16:06:00.000,0dbb795b-0cfc-4a09-b60e-9bb60324b5a5,
,,86.0,,11,11,16,3,29,377,228,0,10,,,,,0,1200000,,-1,83,,,-1,-1,9,,,,39.0,,17.0,,,,,,,,,4,254,92.0,70,377,1,,62701251,2024-07-21 04:50:00.000,,62701610,2024-07-21 20:24:16.518,2024-07-21 20:22:03.201,,,UTC-0300,hriiVjEkYE,,com.sec.android.app.shealth,2024-07-21 11:07:00.000,c1a5a0e6-bf2c-4634-8658-48ad8dda4384,
,,93.0,,58,58,6,5,15,365,251,3,3,,,,,0,960000,,1500000,106,,,-1,-1,9,,,,81.0,2024-07-22 11:29:00.000,7.0,,2024-07-22 05:10:00.000,,,,,,,4,186,95.0,90,365,1,,62701251,2024-07-22 05:10:00.000,,62701610,2024-07-22 11:55:05.751,2024-07-22 11:55:00.120,,,UTC-0300,hriiVjEkYE,,com.sec.android.app.shealth,2024-07-22 11:15:00.000,c99b4d6a-1f5d-4dea-b832-3b475bfe3f89,
,,61.0,,13,13,18,1,24,217,140,0,18,,,,,0,960000,,-1,38,,,-1,-1,9,,,,19.0,,32.0,,,,,,,,,3,142,88.0,47,217,1,,62701251,2024-07-23 04:15:00.000,,62701610,2024-07-23 20:26:07.383,2024-07-23 20:16:00.979,,,UTC-0300,hriiVjEkYE,,com.sec.android.app.shealth,2024-07-23 07:52:00.000,dc331234-695e-4264-bd5c-7400b0330def,
,,80.0,,43,67,3,1,17,328,112,0,3,,,,,0,1080000,,360000,64,,,-1,-1,9,,,,83.0,2024-07-24 09:55:00.000,9.0,,2024-07-24 03:57:00.000,,,,,,,4,180,94.0,79,328,1,,62701251,2024-07-24 03:57:00.000,,62701610,2024-07-24 10:01:27.440,2024-07-24 10:01:20.628,,,UTC-0300,hriiVjEkYE,,com.sec.android.app.shealth,2024-07-24 09:25:00.000,e9ee54fb-72c9-4545-b6ef-986fccd768ca,
,,73.0,,31,31,6,0,27,315,161,0,12,,,,,0,960000,,1440000,56,,,-1,-1,9,,,,50.0,,16.0,,,,,,,,,4,201,91.0,60,315,1,,62701251,2024-07-25 04:17:00.000,,62701610,2024-07-25 09:56:10.847,2024-07-25 09:56:05.156,,,UTC-0300,hriiVjEkYE,,com.sec.android.app.shealth,2024-07-25 09:32:00.000,f7fb1c83-6630-46a3-a7de-6be4c16e7c44,
,,72.0,,53,53,6,1,44,292,193,0,32,,,,,0,900000,,0,57,,,-1,-1,9,,,,62.0,,29.0,,,,,,,,,2,138,84.0,66,292,1,,62701251,2024-07-26 05:10:00.000,,62701610,2024-07-26 10:02:45.920,2024-07-26 10:02:40.417,,,UTC-0300,hriiVjEkYE,,com.sec.android.app.shealth,2024-07-26 10:02:00.000,df3d008d-bff9-4247-8371-66bed52d9b70,
,,96.0,,40,47,12,5,41,535,259,0,23,,,,,0,1020000,,0,143,,,-1,-1,9,,,,86.0,,17.0,,,,,,,,,6,304,92.0,83,535,1,,62701251,2024-07-28 04:45:00.000,,62701610,2024-07-28 13:40:11.321,2024-07-28 13:40:03.952,,,UTC-0300,hriiVjEkYE,,com.sec.android.app.shealth,2024-07-28 13:40:00.000,e86a80ec-9bc4-485a-8271-f71d9d4a1146,
,,89.0,,31,31,9,0,24,290,170,0,9,,,,,0,900000,,540000,83,,,-1,-1,9,,,,47.0,,17.0,,,,,,,,,2,152,91.0,62,290,1,,62701251,2024-07-29 04:57:00.000,,62701610,2024-07-29 09:56:25.503,2024-07-29 09:56:10.614,,,UTC-0300,hriiVjEkYE,,com.sec.android.app.shealth,2024-07-29 09:47:00.000,27bc79d5-42c1-442d-9b70-275612636ac3,
,,81.0,,16,22,6,0,10,128,102,0,6,,,,,0,780000,,1500000,39,,,-1,-1,9,,,,20.0,2024-07-30 01:49:00.000,18.0,,2024-07-29 23:36:00.000,,,,,,,1,57,92.0,58,128,1,,62701251,2024-07-29 23:36:00.000,,62701610,2024-07-30 02:14:31.653,2024-07-30 02:14:26.897,,,UTC-0300,hriiVjEkYE,,com.sec.android.app.shealth,2024-07-30 01:44:00.000,5fe3a320-29cc-4251-b20e-d74b3bdfeff8,
,,87.0,,54,58,16,3,41,404,204,0,10,,,,,0,1200000,,420000,87,,,-1,-1,9,,,,83.0,2024-07-30 11:45:00.000,20.0,,2024-07-30 04:41:00.000,,,,,,,4,218,89.0,83,404,1,,62701251,2024-07-30 04:41:00.000,,62701610,2024-07-30 11:52:37.610,2024-07-30 11:52:31.175,,,UTC-0300,hriiVjEkYE,,com.sec.android.app.shealth,2024-07-30 11:25:00.000,08490bb4-54c2-4426-8356-28fe3cbf0989,
,,94.0,,41,41,11,3,13,333,317,0,0,,,,,0,1080000,,300000,109,,,-1,-1,9,,,,66.0,2024-07-31 09:52:00.000,7.0,,2024-07-31 04:12:00.000,,,,,,,3,170,96.0,72,333,1,,62701251,2024-07-31 04:12:00.000,,62701610,2024-07-31 09:58:37.165,2024-07-31 09:58:29.972,,,UTC-0300,hriiVjEkYE,,com.sec.android.app.shealth,2024-07-31 09:45:00.000,31d96c66-5ff7-43cd-bcf9-099d91318340,
,,85.0,,38,38,7,2,22,389,162,0,0,,,,,0,1020000,,1200000,78,,,-1,-1,9,,,,71.0,,10.0,,,,,,,,,5,251,94.0,80,389,1,,62701251,2024-08-01 04:07:00.000,,62701610,2024-08-01 10:56:32.121,2024-08-01 10:56:27.060,,,UTC-0300,hriiVjEkYE,,com.sec.android.app.shealth,2024-08-01 10:36:00.000,586fe5dc-5f00-465c-a0aa-57f9d8beea0b,
,,92.0,,88,88,5,2,21,388,263,0,5,,,,,0,1200000,,360000,104,,,-1,-1,9,,,,93.0,,9.0,,,,,,,,,5,175,94.0,91,388,1,,62701251,2024-08-02 05:05:00.000,,62701610,2024-08-02 11:41:18.729,2024-08-02 11:39:31.710,,,UTC-0300,hriiVjEkYE,,com.sec.android.app.shealth,2024-08-02 11:33:00.000,95e82b71-b0c1-4f8d-a527-900d81c79d18,
,,6.0,,24,24,7,0,7,66,65,0,5,,,,,0,840000,,1560000,0,,,-1,-1,9,,,,15.0,2024-08-03 23:13:00.000,29.0,,2024-08-03 22:02:00.000,,,,,,,0,35,89.0,41,66,1,,62701251,2024-08-03 22:02:00.000,,62701610,2024-08-03 23:39:11.370,2024-08-03 23:39:07.398,,,UTC-0300,hriiVjEkYE,,com.sec.android.app.shealth,2024-08-03 23:08:00.000,ae519468-b871-4478-9dea-509834155921,
,,96.0,,54,56,44,4,56,595,342,3,36,,,,,0,1200000,,1800000,153,,,-1,-1,9,,,,91.0,,28.0,,,,,,,,,5,330,90.0,76,595,1,,62701251,2024-08-04 03:42:00.000,,62701610,2024-08-04 14:07:59.389,2024-08-04 14:07:51.008,,,UTC-0300,hriiVjEkYE,,com.sec.android.app.shealth,2024-08-04 13:37:00.000,bdb0b6f6-26c9-46aa-bf5f-903e122e010e,
,,73.0,,12,12,6,4,15,242,83,0,4,,,,,0,960000,,-1,49,,,-1,-1,9,,,,25.0,,15.0,,,,,,,,,2,166,93.0,53,242,1,,62701251,2024-08-05 04:00:00.000,,62701610,2024-08-05 13:25:31.653,2024-08-05 13:24:56.786,,,UTC-0300,hriiVjEkYE,,com.sec.android.app.shealth,2024-08-05 08:02:00.000,3d39fb67-3b9b-42ef-bf9d-1f0465c8956e,
,,71.0,,47,53,6,1,18,335,156,0,0,,,,,0,1020000,,1260000,50,,,-1,-1,9,,,,76.0,,9.0,,,,,,,,,4,214,94.0,76,335,1,,62701251,2024-08-06 03:47:00.000,,62701610,2024-08-06 09:43:31.315,2024-08-06 09:43:24.541,,,UTC-0300,hriiVjEkYE,,com.sec.android.app.shealth,2024-08-06 09:22:00.000,12b361f1-a423-4d17-988f-06189c377ae7,
,,87.0,,40,45,6,3,16,335,173,0,0,,,,,0,780000,,960000,79,,,-1,-1,9,,,,70.0,,8.0,,,,,,,,,3,195,95.0,74,335,1,,62710251,2024-08-07 03:58:00.000,,62710150,2024-08-07 09:50:06.428,2024-08-07 09:50:00.034,,,UTC-0300,hriiVjEkYE,,com.sec.android.app.shealth,2024-08-07 09:33:00.000,c77fbca8-78bb-4ce4-bcfd-1f3dc2525e54,
,,83.0,,8,64,3,1,27,395,71,0,12,,,,,0,1080000,,1680000,73,,,-1,-1,9,,,,85.0,,14.0,,,,,,,,,4,231,93.0,80,395,1,,62710251,2024-08-08 03:34:00.000,,62710150,2024-08-08 10:37:29.423,2024-08-08 10:37:22.791,,,UTC-0300,hriiVjEkYE,,com.sec.android.app.shealth,2024-08-08 10:09:00.000,f54600d8-6a23-4b62-b8f1-d1b3b6048098,
,,89.0,,22,22,6,1,7,186,184,0,0,,,,,0,960000,,0,63,311d3068-dac0-48b4-8b0e-e83a8c54ea14,,-1,-1,9,,,,27.0,,7.0,,,,,,,,,2,94,96.0,56,186,1,,62710251,2024-08-09 03:18:00.000,,62710150,2024-08-09 11:32:09.489,2024-08-09 06:24:37.164,,,UTC-0300,hriiVjEkYE,,com.sec.android.app.shealth,2024-08-09 06:24:00.000,74aad354-4c29-4c89-98c5-267e1998c3f8,
,,82.0,,19,47,2,5,23,287,77,3,7,,,,,0,1200000,,720000,66,311d3068-dac0-48b4-8b0e-e83a8c54ea14,,-1,-1,9,,,,63.0,,13.0,,,,,,,,,3,151,91.0,70,287,1,,62710251,2024-08-09 06:31:00.000,,62710150,2024-08-09 11:32:09.501,2024-08-09 11:30:09.076,,,UTC-0300,hriiVjEkYE,,com.sec.android.app.shealth,2024-08-09 11:18:00.000,49ec3772-11f4-418b-a50d-0df4493a0e99,
,,84.0,,0,4,1,3,11,252,56,0,5,,,,,0,1200000,,0,63,3f7848b2-e73c-4797-bdf0-36e90a719c1b,,-1,-1,9,,,,19.0,,8.0,,,,,,,,,2,174,95.0,48,252,1,,62710251,2024-08-11 04:28:00.000,,62710150,2024-08-11 14:00:02.588,2024-08-11 08:40:41.170,,,UTC-0300,hriiVjEkYE,,com.sec.android.app.shealth,2024-08-11 08:40:00.000,9ee574e9-a217-4d3c-acda-1d05a568294f,
,,87.0,,0,21,1,0,17,261,32,0,3,,,,,0,1080000,,1260000,74,3f7848b2-e73c-4797-bdf0-36e90a719c1b,,-1,-1,9,,,,35.0,2024-08-11 13:38:00.000,11.0,,2024-08-11 09:13:00.000,,,,,,,3,149,93.0,54,261,1,,62710251,2024-08-11 09:13:00.000,,62710150,2024-08-11 14:00:02.594,2024-08-11 13:59:57.812,,,UTC-0300,hriiVjEkYE,,com.sec.android.app.shealth,2024-08-11 13:34:00.000,2b499571-2a08-49fb-99b8-457d908edeb7,
,,87.0,,25,25,16,1,39,363,196,0,28,,,,,0,1200000,,960000,88,,,-1,-1,9,,,,46.0,,27.0,,,,,,,,,2,211,89.0,66,363,1,,62710251,2024-08-12 04:17:00.000,,62710150,2024-08-12 10:36:44.938,2024-08-12 10:36:38.839,,,UTC-0300,hriiVjEkYE,,com.sec.android.app.shealth,2024-08-12 10:20:00.000,e36d3478-ab3b-403a-b990-7702066ee82f,
,,47.0,,7,34,3,0,12,142,73,0,11,,,,,0,960000,,1440000,22,,,-1,-1,9,,,,29.0,,20.0,,,,,,,,,2,74,91.0,53,142,1,,62710251,2024-08-12 22:56:00.000,,62710150,2024-08-13 01:42:47.396,2024-08-13 01:42:42.964,,,UTC-0300,hriiVjEkYE,,com.sec.android.app.shealth,2024-08-13 01:18:00.000,4e40825a-20d9-4c29-adb8-73ad09374a60,
,,83.0,,27,27,16,2,30,369,190,0,5,,,,,0,840000,,300000,75,,,-1,-1,9,,,,57.0,,18.0,,,,,,,,,2,237,91.0,69,369,1,,62710251,2024-08-13 03:37:00.000,,62710150,2024-08-13 09:51:30.553,2024-08-13 09:51:23.780,,,UTC-0300,hriiVjEkYE,,com.sec.android.app.shealth,2024-08-13 09:46:00.000,3d9167ac-2b41-4fd4-8b09-c77b13910058,
,,91.0,,87,87,5,3,49,485,259,0,27,,,,,0,960000,,-1,105,,,-1,-1,9,,,,94.0,2024-08-14 12:13:00.000,18.0,,2024-08-14 03:30:00.000,,,,,,,4,244,89.0,92,485,1,,62710251,2024-08-14 03:30:00.000,,62710150,2024-08-14 15:14:40.967,2024-08-14 15:12:44.336,,,UTC-0300,hriiVjEkYE,,com.sec.android.app.shealth,2024-08-14 11:35:00.000,7ae461a6-dba2-420b-8450-117d9487b5ff,
,,89.0,,20,30,1,1,17,364,74,0,8,,,,,0,900000,,780000,86,,,-1,-1,9,,,,58.0,,8.0,,,,,,,,,3,231,95.0,75,364,1,,62710251,2024-08-15 03:39:00.000,,62710150,2024-08-15 09:57:12.252,2024-08-15 09:57:05.608,,,UTC-0300,hriiVjEkYE,,com.sec.android.app.shealth,2024-08-15 09:43:00.000,db23dc87-7873-43be-8af8-fe4f489d26f9,
,,87.0,,17,41,11,3,29,368,132,0,11,,,,,0,1200000,,1620000,83,,,-1,-1,9,,,,68.0,,19.0,,,,,,,,,3,215,92.0,73,368,1,,62710251,2024-08-17 04:01:00.000,,62710150,2024-08-17 10:36:14.957,2024-08-17 10:36:07.811,,,UTC-0300,hriiVjEkYE,,com.sec.android.app.shealth,2024-08-17 10:09:00.000,d3dd3fc0-692b-49ec-8882-40df039c8953,
,,93.0,,67,67,34,3,44,485,245,0,29,,,,,0,1200000,,1500000,120,,,-1,-1,9,,,,90.0,,29.0,,,,,,,,,4,254,90.0,84,485,1,,62710251,2024-08-19 02:27:00.000,,62710150,2024-08-19 10:57:56.784,2024-08-19 10:57:50.051,,,UTC-0300,hriiVjEkYE,,com.sec.android.app.shealth,2024-08-19 10:32:00.000,d1810962-8c0f-43d3-a180-ef0c1b7a0237,
,,78.0,,43,50,18,1,27,340,225,0,14,,,,,0,1140000,,0,64,,,-1,-1,9,,,,70.0,,20.0,,,,,,,,,3,199,92.0,64,340,1,,62710251,2024-08-21 03:44:00.000,,62710150,2024-08-21 09:24:54.015,2024-08-21 09:24:48.621,,,UTC-0300,hriiVjEkYE,,com.sec.android.app.shealth,2024-08-21 09:24:00.000,50ef9198-b0dd-470c-a05a-62504e3d5cdd,
,,94.0,,36,36,9,7,12,300,221,0,0,,,,,0,780000,,0,103,,,-1,-1,9,,,,57.0,,8.0,,,,,,,,,2,149,96.0,64,300,1,,62710251,2024-08-22 04:06:00.000,,62710150,2024-08-22 09:06:11.084,2024-08-22 09:06:06.744,,,UTC-0300,hriiVjEkYE,,com.sec.android.app.shealth,2024-08-22 09:06:00.000,4885bf5c-4035-4d26-bfda-9f38fb09a169,
,,89.0,,23,23,8,0,9,262,260,0,0,,,,,0,900000,,-1,77,,,-1,-1,9,,,,38.0,2024-08-23 08:12:00.000,7.0,,2024-08-23 03:45:00.000,,,,,,,3,153,96.0,61,262,1,,62710251,2024-08-23 03:45:00.000,,62710150,2024-08-23 19:39:58.858,2024-08-23 19:28:54.160,,,UTC-0300,hriiVjEkYE,,com.sec.android.app.shealth,2024-08-23 08:07:00.000,bcede1c2-9d2c-4db1-bdb9-4278a546a29b,
,,97.0,,0,36,3,0,11,399,51,0,0,,,,,0,1200000,,1500000,150,,,-1,-1,9,,,,71.0,,9.0,,,,,,,,,4,202,97.0,71,399,1,,62710251,2024-08-24 05:08:00.000,,62710150,2024-08-24 12:12:19.473,2024-08-24 12:12:12.319,,,UTC-0300,hriiVjEkYE,,com.sec.android.app.shealth,2024-08-24 11:47:00.000,37cc0248-0fb6-437e-89b7-76c56f980255,
,,94.0,,26,66,2,2,19,378,79,0,3,,,,,0,1200000,,840000,113,,,-1,-1,9,,,,86.0,,8.0,,,,,,,,,3,180,94.0,89,378,1,,62710251,2024-08-26 04:02:00.000,,62710150,2024-08-26 10:34:10.471,2024-08-26 10:34:03.453,,,UTC-0300,hriiVjEkYE,,com.sec.android.app.shealth,2024-08-26 10:20:00.000,a4045d2d-fc32-47f8-bff3-409450f183d9,
,,94.0,,23,23,12,5,30,395,371,0,18,,,,,0,900000,,300000,124,,,-1,-1,9,,,,52.0,,15.0,,,,,,,,,4,218,92.0,74,395,1,,62710251,2024-08-28 03:22:00.000,,62710150,2024-08-28 10:02:40.310,2024-08-28 10:02:33.109,,,UTC-0300,hriiVjEkYE,,com.sec.android.app.shealth,2024-08-28 09:57:00.000,3ce79783-fe5d-4a66-b034-bc7963fd9b21,
,,91.0,,76,76,13,2,18,388,368,0,0,,,,,0,780000,,720000,96,,,-1,-1,9,,,,90.0,,8.0,,,,,,,,,3,198,95.0,88,388,1,,62710251,2024-08-30 03:30:00.000,,62710150,2024-08-30 10:11:08.156,2024-08-30 10:11:00.924,,,UTC-0300,hriiVjEkYE,,com.sec.android.app.shealth,2024-08-30 09:58:00.000,206f5798-f6a5-4816-a575-65cf5283bb53,
,,96.0,,39,39,26,6,27,524,522,0,0,,,,,0,960000,,1020000,145,,,-1,-1,9,,,,85.0,2024-08-31 12:23:00.000,10.0,,2024-08-31 03:35:00.000,,,,,,,5,313,94.0,86,524,1,,62710251,2024-08-31 03:35:00.000,,62720090,2024-08-31 12:40:27.644,2024-08-31 12:40:21.261,,,UTC-0300,hriiVjEkYE,,com.sec.android.app.shealth,2024-08-31 12:19:00.000,27ab5c2d-2ad1-4393-9a9b-e9dd4c551dc3,
,,69.0,,0,0,11,0,12,141,139,0,8,,,,,0,1020000,,1680000,33,,,-1,-1,9,,,,10.0,2024-08-31 20:58:00.000,22.0,,2024-08-31 18:17:00.000,,,,,,,1,96,91.0,34,141,1,,62710251,2024-08-31 18:17:00.000,,62720090,2024-08-31 21:26:20.108,2024-08-31 21:26:15.231,,,UTC-0300,hriiVjEkYE,,com.sec.android.app.shealth,2024-08-31 20:38:00.000,c3b96abd-d27d-4f93-9679-ac6f406c7440,
,,95.0,,57,57,10,4,18,422,223,0,3,,,,,0,900000,,1440000,129,,,-1,-1,9,,,,85.0,2024-09-03 10:09:00.000,9.0,,2024-09-03 03:02:00.000,,,,,,,4,218,95.0,89,422,1,,62710251,2024-09-03 03:02:00.000,,62720090,2024-09-03 10:33:54.557,2024-09-03 10:33:20.054,,,UTC-0300,hriiVjEkYE,,com.sec.android.app.shealth,2024-09-03 10:04:00.000,f06c5b66-84dc-4eaa-aaa7-35f22048f3ee,
,,92.0,,38,39,7,0,28,334,166,0,14,,,,,0,840000,,0,100,,,-1,-1,9,,,,60.0,2024-09-04 09:44:00.000,17.0,,2024-09-04 03:54:00.000,,,,,,,4,167,91.0,72,334,1,,62710251,2024-09-04 03:54:00.000,,62720090,2024-09-04 09:44:56.439,2024-09-04 09:44:50.592,,,UTC-0300,hriiVjEkYE,,com.sec.android.app.shealth,2024-09-04 09:28:00.000,381ab54b-d00a-40fe-973f-9079300a655d,
,,81.0,,36,40,19,3,21,271,230,3,15,,,,,0,900000,,0,63,,,-1,-1,9,,,,52.0,2024-09-05 09:37:00.000,22.0,,2024-09-05 04:56:00.000,,,,,,,1,147,92.0,57,271,1,,62720071,2024-09-05 04:56:00.000,,62720090,2024-09-05 09:37:52.548,2024-09-05 09:37:47.519,,,UTC-0300,hriiVjEkYE,,com.sec.android.app.shealth,2024-09-05 09:27:00.000,6ed01789-d233-4deb-9f2f-7115535b8fd0,
,,90.0,,20,29,2,2,27,335,53,0,8,,,,,0,900000,,0,91,,,-1,-1,9,,,,52.0,,14.0,,,,,,,,,5,188,91.0,71,335,1,,62720071,2024-09-06 03:57:00.000,,62720090,2024-09-06 09:32:41.639,2024-09-06 09:32:35.839,,,UTC-0300,hriiVjEkYE,,com.sec.android.app.shealth,2024-09-06 09:32:00.000,701df756-39cf-443c-93bd-767fd5df4eae,
,,6.0,,0,0,2,0,2,64,63,0,0,,,,,0,780000,,480000,0,,,-1,-1,9,,,,6.0,,6.0,,,,,,,,,0,62,96.0,27,64,1,,62720071,2024-09-06 10:28:00.000,,62720090,2024-09-06 11:40:09.590,2024-09-06 11:40:06.668,,,UTC-0300,hriiVjEkYE,,com.sec.android.app.shealth,2024-09-06 11:32:00.000,a6bc2b8b-5878-42e3-861d-fcfd82682089,
,,82.0,,18,38,6,1,26,402,126,0,3,,,,,0,1200000,,360000,71,,,-1,-1,9,,,,72.0,,12.0,,,,,,,,,2,267,93.0,74,402,1,,62720071,2024-09-07 06:04:00.000,,62720090,2024-09-07 12:52:30.547,2024-09-07 12:52:21.641,,,UTC-0300,hriiVjEkYE,,com.sec.android.app.shealth,2024-09-07 12:46:00.000,ddb90f98-0f44-4351-827e-456346207665,
,,92.0,,65,65,6,2,12,350,301,0,3,,,,,0,840000,,1680000,97,,,-1,-1,9,,,,83.0,2024-09-09 10:25:00.000,6.0,,2024-09-09 04:29:00.000,,,,,,,3,176,96.0,87,350,1,,62720071,2024-09-09 04:29:00.000,,62720090,2024-09-09 10:53:49.884,2024-09-09 10:53:44.297,,,UTC-0300,hriiVjEkYE,,com.sec.android.app.shealth,2024-09-09 10:19:00.000,89a1e1b2-bfbe-47ae-af55-b78bea14c15f,
,,91.0,,70,70,7,1,14,330,306,0,0,,,,,0,780000,,-1,92,,,-1,-1,9,,,,85.0,,7.0,,,,,,,,,2,154,95.0,82,330,1,,62720071,2024-09-10 04:19:00.000,,62720090,2024-09-10 23:04:48.186,2024-09-10 23:04:00.939,,,UTC-0300,hriiVjEkYE,,com.sec.android.app.shealth,2024-09-10 09:49:00.000,8e9bb618-e74d-4ef9-bd0d-d3e8fb242b62,
,,79.0,,43,63,13,8,21,331,214,0,4,,,,,0,1080000,,420000,63,,,-1,-1,9,,,,81.0,,14.0,,,,,,,,,4,184,93.0,74,331,1,,62720071,2024-09-11 04:11:00.000,,62720090,2024-09-11 09:50:06.671,2024-09-11 09:49:59.787,,,UTC-0300,hriiVjEkYE,,com.sec.android.app.shealth,2024-09-11 09:42:00.000,ca7b50ea-cbdd-4666-b815-35813c33dc3c,
,,86.0,,37,37,14,1,52,386,239,0,40,,,,,0,840000,,1440000,87,,,-1,-1,9,,,,60.0,2024-09-12 12:01:00.000,30.0,,2024-09-12 05:21:00.000,,,,,,,3,210,86.0,71,386,1,,62720071,2024-09-12 05:21:00.000,,62720090,2024-09-12 12:25:58.690,2024-09-12 12:25:50.902,,,UTC-0300,hriiVjEkYE,,com.sec.android.app.shealth,2024-09-12 11:47:00.000,384e1dc3-aef3-4f49-afbe-aa598e6e9066,
,,93.0,,60,63,2,0,15,340,147,0,4,,,,,0,780000,,1500000,104,,,-1,-1,9,,,,81.0,,7.0,,,,,,,,,4,158,95.0,81,340,1,,62720071,2024-09-13 03:46:00.000,,62720090,2024-09-13 09:52:36.193,2024-09-13 09:52:29.464,,,UTC-0300,hriiVjEkYE,,com.sec.android.app.shealth,2024-09-13 09:26:00.000,9fed9932-a771-4601-ac5f-591469dad01e,
,,87.0,,16,18,7,2,11,246,77,0,5,,,,,0,900000,,-1,70,,,-1,-1,9,,,,30.0,,16.0,,,,,,,,,2,147,95.0,58,246,1,,62720071,2024-09-14 04:34:00.000,,62720090,2024-09-14 21:03:23.336,2024-09-14 18:38:08.688,,,UTC-0300,hriiVjEkYE,,com.sec.android.app.shealth,2024-09-14 08:40:00.000,223da6c3-dd54-4597-9cf4-ea22cc9ddfe5,
,,85.0,,0,27,1,0,27,291,18,0,17,,,,,0,1020000,,1500000,75,,,-1,-1,9,,,,41.0,,21.0,,,,,,,,,3,162,90.0,55,291,1,,62720071,2024-09-15 05:03:00.000,,62720090,2024-09-15 10:19:24.596,2024-09-15 10:19:19.015,,,UTC-0300,hriiVjEkYE,,com.sec.android.app.shealth,2024-09-15 09:54:00.000,24fdd5bd-737f-4eb5-9776-4665c2476b31,
,,63.0,,26,45,8,0,38,301,119,0,19,,,,,0,840000,,1680000,46,,,-1,-1,9,,,,59.0,2024-09-15 15:22:00.000,26.0,,2024-09-15 10:14:00.000,,,,,,,3,172,87.0,57,301,1,,62720071,2024-09-15 10:14:00.000,,62720090,2024-09-15 15:50:13.438,2024-09-15 15:50:08.494,,,UTC-0300,hriiVjEkYE,,com.sec.android.app.shealth,2024-09-15 15:15:00.000,65bdf53c-98a7-46f1-94ad-8c363e5ffe16,
,,91.0,,25,25,26,3,26,336,335,0,12,,,,,0,1200000,,1020000,95,,,-1,-1,9,,,,47.0,,19.0,,,,,,,,,0,190,92.0,60,336,1,,62720071,2024-09-16 04:44:00.000,,62720090,2024-09-16 10:37:31.184,2024-09-16 10:37:25.608,,,UTC-0300,hriiVjEkYE,,com.sec.android.app.shealth,2024-09-16 10:20:00.000,c643c751-b9c6-4fdd-bb4f-1c1832043148,
,,89.0,,37,37,10,1,11,306,304,0,0,,,,,0,1200000,,0,80,,,-1,-1,9,,,,59.0,2024-09-17 09:32:00.000,7.0,,2024-09-17 04:14:00.000,,,,,,,3,178,96.0,70,306,1,,62720071,2024-09-17 04:14:00.000,,62720090,2024-09-17 09:32:58.735,2024-09-17 09:32:53.034,,,UTC-0300,hriiVjEkYE,,com.sec.android.app.shealth,2024-09-17 09:20:00.000,4028d841-75e8-4028-b48b-de610cafdcf0,
,,79.0,,23,33,3,0,28,321,83,0,7,,,,,0,780000,,780000,65,,,-1,-1,9,,,,55.0,2024-09-18 09:45:00.000,15.0,,2024-09-18 04:19:00.000,,,,,,,2,195,91.0,66,321,1,,62720071,2024-09-18 04:19:00.000,,62720090,2024-09-18 09:58:12.378,2024-09-18 09:58:04.676,,,UTC-0300,hriiVjEkYE,,com.sec.android.app.shealth,2024-09-18 09:40:00.000,c8c6d962-c111-4834-862d-2cabae851353,
,,87.0,,39,54,7,9,30,399,162,0,4,,,,,0,1080000,,540000,85,,,-1,-1,9,,,,82.0,,13.0,,,,,,,,,4,230,92.0,81,399,1,,62720071,2024-09-19 04:45:00.000,,62720090,2024-09-19 11:35:27.131,2024-09-19 11:33:19.048,,,UTC-0300,hriiVjEkYE,,com.sec.android.app.shealth,2024-09-19 11:24:00.000,4868ce75-da07-42a2-b69d-9713883f9276,
,,78.0,,36,36,5,0,14,300,255,0,3,,,,,0,1140000,,600000,58,,,-1,-1,9,,,,56.0,,8.0,,,,,,,,,2,192,95.0,64,300,1,,62720071,2024-09-20 04:49:00.000,,62720090,2024-09-20 10:00:06.778,2024-09-20 09:59:46.220,,,UTC-0300,hriiVjEkYE,,com.sec.android.app.shealth,2024-09-20 09:49:00.000,226b9c80-e026-4b7a-a2dd-296081e77297,
,,95.0,,0,95,1,4,45,611,15,0,18,,,,,0,840000,,1500000,127,,,-1,-1,9,,,,98.0,2024-09-22 14:26:00.000,17.0,,2024-09-22 03:58:00.000,,,,,,,7,344,92.0,69,611,1,,62720071,2024-09-22 03:58:00.000,,62720090,2024-09-22 14:51:34.619,2024-09-22 14:51:21.387,,,UTC-0300,hriiVjEkYE,,com.sec.android.app.shealth,2024-09-22 14:09:00.000,0b993ed7-958a-4f07-abf9-d6aa1042f71e,
,,88.0,,6,6,12,1,17,267,205,0,3,,,,,0,1020000,,0,77,c378e480-def8-4dd5-a606-a3bdc6edcb9a,,-1,-1,9,,,,23.0,,13.0,,,,,,,,,4,167,93.0,56,267,1,,62720071,2024-09-23 04:24:00.000,,62720090,2024-09-23 10:41:03.708,2024-09-23 08:51:47.576,,,UTC-0300,hriiVjEkYE,,com.sec.android.app.shealth,2024-09-23 08:51:00.000,63578bce-44c0-4a4a-be02-61c424ee2b6a,
,,78.0,,19,19,4,0,6,98,95,0,3,,,,,0,1200000,,420000,29,c378e480-def8-4dd5-a606-a3bdc6edcb9a,,-1,-1,9,,,,16.0,,13.0,,,,,,,,,1,44,93.0,60,98,1,,62720071,2024-09-23 08:55:00.000,,62720090,2024-09-23 10:41:03.716,2024-09-23 10:40:58.302,,,UTC-0300,hriiVjEkYE,,com.sec.android.app.shealth,2024-09-23 10:33:00.000,0d410ff6-b6b8-4be9-b324-8d6988b92fe8,
,,82.0,,50,58,8,2,34,412,169,0,9,,,,,0,1200000,,1800000,74,,,-1,-1,9,,,,84.0,2024-09-24 11:44:00.000,15.0,,2024-09-24 04:29:00.000,,,,,,,6,246,91.0,80,412,1,,62720071,2024-09-24 04:29:00.000,,62720090,2024-09-24 12:15:06.478,2024-09-24 12:14:25.625,,,UTC-0300,hriiVjEkYE,,com.sec.android.app.shealth,2024-09-24 11:21:00.000,8e558686-2486-4fa5-b28d-f368eb526a34,
,,95.0,,31,41,10,1,22,459,213,0,3,,,,,0,1200000,,960000,123,,,-1,-1,9,,,,80.0,,10.0,,,,,,,,,5,273,95.0,87,459,1,,62720071,2024-09-28 03:26:00.000,,62720090,2024-09-28 11:22:01.667,2024-09-28 11:21:55.434,,,UTC-0300,hriiVjEkYE,,com.sec.android.app.shealth,2024-09-28 11:05:00.000,f61ececa-d60a-479c-8ce3-f72ff0035700,
,,32.0,,30,30,8,0,8,122,121,0,4,,,,,0,1200000,,1440000,14,,,-1,-1,9,,,,25.0,,16.0,,,,,,,,,1,70,93.0,52,122,1,,62720071,2024-09-29 21:37:00.000,,62720090,2024-09-30 00:03:54.125,2024-09-30 00:03:49.819,,,UTC-0300,hriiVjEkYE,,com.sec.android.app.shealth,2024-09-29 23:39:00.000,d448dcb3-6fb4-4348-a461-dcbfb6d9a987,
,,89.0,,25,60,2,1,8,298,117,0,0,,,,,0,1140000,,660000,80,,,-1,-1,9,,,,77.0,2024-09-30 09:46:00.000,4.0,,2024-09-30 04:43:00.000,,,,,,,2,150,97.0,74,298,1,,62720071,2024-09-30 04:43:00.000,,62720090,2024-09-30 09:57:13.512,2024-09-30 09:57:07.897,,,UTC-0300,hriiVjEkYE,,com.sec.android.app.shealth,2024-09-30 09:41:00.000,c3c5eafb-cfb1-4094-bea3-e5d18f359331,
,,92.0,,48,72,6,0,27,358,173,0,18,,,,,0,840000,,360000,105,,,-1,-1,9,,,,84.0,2024-10-01 09:55:00.000,16.0,,2024-10-01 03:53:00.000,,,,,,,6,154,92.0,82,358,1,,62720071,2024-10-01 03:53:00.000,,62720090,2024-10-01 10:02:03.511,2024-10-01 10:01:56.638,,,UTC-0300,hriiVjEkYE,,com.sec.android.app.shealth,2024-10-01 09:51:00.000,39039bdf-b3a5-495b-a915-5e6a97d3dd72,
,,83.0,,68,68,9,4,25,373,265,0,3,,,,,0,840000,,840000,72,,,-1,-1,9,,,,86.0,,11.0,,,,,,,,,5,208,93.0,86,373,1,,62720071,2024-10-02 03:49:00.000,,62720090,2024-10-02 10:16:15.080,2024-10-02 10:16:08.967,,,UTC-0300,hriiVjEkYE,,com.sec.android.app.shealth,2024-10-02 10:02:00.000,e759920c-9eee-4a25-a5f3-46cdcbb22d2f,
,,89.0,,58,87,11,5,45,410,179,0,26,,,,,0,780000,,1500000,96,,,-1,-1,9,,,,91.0,,23.0,,,,,,,,,3,182,89.0,88,410,1,,62720071,2024-10-03 04:12:00.000,,62720090,2024-10-03 11:27:40.145,2024-10-03 11:27:27.216,,,UTC-0300,hriiVjEkYE,,com.sec.android.app.shealth,2024-10-03 11:02:00.000,6e4be39e-6041-4661-afb4-f593ad63d2fb,
,,95.0,,62,83,4,2,30,536,150,0,9,,,,,0,1020000,,660000,134,,,-1,-1,9,,,,96.0,2024-10-06 14:28:00.000,10.0,,2024-10-06 05:23:00.000,,,,,,,6,289,94.0,97,536,1,,62720071,2024-10-06 05:23:00.000,,62720090,2024-10-06 14:48:17.298,2024-10-06 14:39:30.425,,,UTC-0300,hriiVjEkYE,,com.sec.android.app.shealth,2024-10-06 14:19:00.000,8799b867-b48a-48a8-a3b3-f7cbff373139,
,,88.0,,34,34,12,1,29,361,280,0,13,,,,,0,840000,,1440000,86,,,-1,-1,9,,,,60.0,,16.0,,,,,,,,,5,212,91.0,70,361,1,,62720071,2024-10-07 04:45:00.000,,62720090,2024-10-07 11:10:45.141,2024-10-07 11:10:39.519,,,UTC-0300,hriiVjEkYE,,com.sec.android.app.shealth,2024-10-07 10:46:00.000,16b39d74-053a-467e-a8cd-fc2bb11eece2,
,,58.0,,29,29,29,0,55,312,184,0,34,,,,,0,1020000,,660000,43,,,-1,-1,9,,,,42.0,2024-10-08 09:45:00.000,44.0,,2024-10-08 04:15:00.000,,,,,,,2,185,82.0,51,312,1,,62720071,2024-10-08 04:15:00.000,,62720090,2024-10-08 09:56:11.300,2024-10-08 09:56:06.878,,,UTC-0300,hriiVjEkYE,,com.sec.android.app.shealth,2024-10-08 09:27:00.000,facbcba2-2820-4981-82b5-9b724b08bae5,
,,93.0,,80,87,3,2,17,384,198,0,3,,,,,0,960000,,1500000,106,,,-1,-1,9,,,,92.0,2024-10-14 11:07:00.000,7.0,,2024-10-14 04:35:00.000,,,,,,,2,174,95.0,91,384,1,,62720071,2024-10-14 04:35:00.000,,62720090,2024-10-14 11:32:45.519,2024-10-14 11:32:39.845,,,UTC-0300,hriiVjEkYE,,com.sec.android.app.shealth,2024-10-14 10:59:00.000,2349fe5f-0513-4a84-b462-e00a7015a333,
,,95.0,,0,76,1,3,48,489,15,0,16,,,,,0,840000,,1500000,134,,,-1,-1,9,,,,93.0,,20.0,,,,,,,,,6,231,90.0,84,489,1,,62720071,2024-10-17 03:14:00.000,,62720090,2024-10-17 11:48:59.756,2024-10-17 11:48:51.283,,,UTC-0300,hriiVjEkYE,,com.sec.android.app.shealth,2024-10-17 11:23:00.000,947ae799-4076-4b53-8e20-51ab1a9e640f,
,,85.0,,0,24,1,2,24,328,18,0,7,,,,,0,900000,,0,77,,,-1,-1,9,,,,47.0,,15.0,,,,,,,,,4,203,92.0,59,328,1,,62720071,2024-10-20 05:31:00.000,,62720090,2024-10-20 10:59:39.047,2024-10-20 10:59:33.549,,,UTC-0300,hriiVjEkYE,,com.sec.android.app.shealth,2024-10-20 10:59:00.000,d4c76774-3a04-42aa-af57-0e2d8add1db9,
,,95.0,,66,66,8,1,11,349,326,0,0,,,,,0,900000,,1260000,116,,,-1,-1,9,,,,84.0,,6.0,,,,,,,,,3,156,96.0,83,349,1,,62720071,2024-10-21 03:59:00.000,,62720090,2024-10-21 10:09:26.294,2024-10-21 10:09:20.075,,,UTC-0300,hriiVjEkYE,,com.sec.android.app.shealth,2024-10-21 09:48:00.000,fdec7493-f8be-4a3d-8327-620312ff85ff,
,,76.0,,43,48,7,0,45,428,115,0,24,,,,,0,1020000,,1500000,63,,,-1,-1,9,,,,77.0,2024-10-22 12:04:00.000,22.0,,2024-10-22 04:41:00.000,,,,,,,5,272,89.0,81,428,1,,62720071,2024-10-22 04:41:00.000,,62720090,2024-10-22 12:29:27.641,2024-10-22 12:29:21.608,,,UTC-0300,hriiVjEkYE,,com.sec.android.app.shealth,2024-10-22 11:49:00.000,0a424cd8-66b2-471c-a1fc-dc7a40898aeb,
,,90.0,,63,63,16,7,19,356,293,0,0,,,,,0,960000,,1140000,89,,,-1,-1,9,,,,84.0,2024-10-23 09:52:00.000,11.0,,2024-10-23 03:48:00.000,,,,,,,3,185,94.0,85,356,1,,62720071,2024-10-23 03:48:00.000,,62720090,2024-10-23 10:12:08.544,2024-10-23 10:12:02.170,,,UTC-0300,hriiVjEkYE,,com.sec.android.app.shealth,2024-10-23 09:44:00.000,cc5c2200-9e7c-4a9d-9646-d84542e71294,
,,74.0,,54,54,8,1,35,407,184,0,12,,,,,0,840000,,1560000,58,,,-1,-1,9,,,,81.0,,16.0,,,,,,,,,3,260,91.0,79,407,1,,62720071,2024-10-24 03:52:00.000,,62720090,2024-10-24 11:05:26.241,2024-10-24 11:05:19.357,,,UTC-0300,hriiVjEkYE,,com.sec.android.app.shealth,2024-10-24 10:39:00.000,03a4ba90-05e5-4847-a5a8-7d7635e416a9,
,,93.0,,71,71,15,3,37,478,266,0,10,,,,,0,1200000,,1620000,116,,,-1,-1,9,,,,92.0,2024-10-26 12:24:00.000,15.0,,2024-10-26 03:59:00.000,,,,,,,5,254,92.0,86,478,1,,62720071,2024-10-26 03:59:00.000,,62810050,2024-10-26 12:51:50.468,2024-10-26 12:51:45.180,,,UTC-0300,hriiVjEkYE,,com.sec.android.app.shealth,2024-10-26 11:57:00.000,68e67aa9-d843-43c0-9bee-6a2e753d1216,
,,,,,,,,,,,,,,,,,0,,,,,,,,,,,,,,,,,,82800000,0,,,,25200000,,,0.0,,,,,62810050,2024-10-27 03:50:00.000,,62810050,2024-10-27 13:07:29.531,2024-10-27 13:07:29.531,,,UTC-0300,487mnSNu6t,,com.sec.android.app.shealth,2024-10-27 12:50:00.000,47e74f4d-0a02-4e00-a52c-fbf9c625f5b3,
,,85.0,,47,56,10,3,26,366,189,0,12,,,,,0,840000,,300000,79,,,-1,-1,9,,,,78.0,,16.0,,,,,,,,,3,205,92.0,79,366,1,,62720071,2024-10-30 03:55:00.000,,62810050,2024-10-30 10:08:17.630,2024-10-30 10:06:51.202,,,UTC-0300,hriiVjEkYE,,com.sec.android.app.shealth,2024-10-30 10:01:00.000,21e49631-c60d-4da3-87e3-049bf195ebc7,
,,89.0,,53,53,5,2,11,307,261,0,3,,,,,0,840000,,1620000,81,,,-1,-1,9,,,,72.0,,6.0,,,,,,,,,4,162,96.0,80,307,1,,62800471,2024-11-01 04:39:00.000,,62810050,2024-11-01 10:13:38.846,2024-11-01 10:13:33.697,,,UTC-0300,hriiVjEkYE,,com.sec.android.app.shealth,2024-11-01 09:46:00.000,63cb454a-64ef-44fc-970c-e1cbe8a1adb0,
,,84.0,,48,63,6,0,21,334,174,0,8,,,,,0,1200000,,1560000,73,,,-1,-1,9,,,,80.0,,12.0,,,,,,,,,3,177,93.0,77,334,1,,62800471,2024-11-04 04:29:00.000,,62810050,2024-11-04 10:29:19.723,2024-11-04 10:29:14.667,,,UTC-0300,hriiVjEkYE,,com.sec.android.app.shealth,2024-11-04 10:03:00.000,9fb7e73d-5d8d-4fa3-82b7-b95745d35c5b,
,,97.0,,27,90,8,2,49,535,90,0,37,,,,,0,900000,,1800000,168,,,-1,-1,9,,,,95.0,,25.0,,,,,,,,,5,228,90.0,88,535,1,,62800471,2024-11-05 02:56:00.000,,62810050,2024-11-05 12:21:50.279,2024-11-05 12:21:42.457,,,UTC-0300,hriiVjEkYE,,com.sec.android.app.shealth,2024-11-05 11:51:00.000,22836f8a-4463-41f7-87f3-eccf6d07e9ac,
,,72.0,,26,26,10,0,38,404,147,0,16,,,,,0,1200000,,840000,56,,,-1,-1,9,,,,57.0,2024-11-06 10:08:00.000,20.0,,2024-11-06 03:20:00.000,,,,,,,4,284,90.0,71,404,1,,62800471,2024-11-06 03:20:00.000,,62810050,2024-11-06 10:23:30.424,2024-11-06 10:23:24.203,,,UTC-0300,hriiVjEkYE,,com.sec.android.app.shealth,2024-11-06 10:04:00.000,cd057a41-6f33-4a1e-b1b1-45732d0d0585,
,,91.0,,14,60,1,5,18,354,53,0,0,,,,,0,900000,,-1,93,,,-1,-1,9,,,,82.0,2024-11-07 10:05:00.000,7.0,,2024-11-07 03:48:00.000,,,,,,,4,183,94.0,86,354,1,,62800471,2024-11-07 03:48:00.000,,62810050,2024-11-07 18:08:20.571,2024-11-07 18:07:46.278,,,UTC-0300,hriiVjEkYE,,com.sec.android.app.shealth,2024-11-07 09:42:00.000,eef147b8-69da-463a-b04f-6afeaf11ed89,
,,92.0,,48,80,2,0,11,362,153,0,3,,,,,0,780000,,1440000,98,,,-1,-1,9,,,,90.0,2024-11-08 10:05:00.000,5.0,,2024-11-08 03:58:00.000,,,,,,,5,173,96.0,87,362,1,,62800471,2024-11-08 03:58:00.000,,62820030,2024-11-08 10:30:10.011,2024-11-08 10:29:59.370,,,UTC-0300,hriiVjEkYE,,com.sec.android.app.shealth,2024-11-08 10:00:00.000,001bc4a1-c054-4f88-b617-7689eac2e2a8,
,,93.0,,66,89,5,2,23,413,136,0,7,,,,,0,1200000,,1560000,108,,,-1,-1,9,,,,93.0,,11.0,,,,,,,,,5,193,94.0,95,413,1,,62800471,2024-11-11 03:36:00.000,,62820030,2024-11-11 10:55:39.014,2024-11-11 10:55:32.043,,,UTC-0300,hriiVjEkYE,,com.sec.android.app.shealth,2024-11-11 10:29:00.000,bd38574a-7811-44ed-acbb-13b1bef3dac1,
,,91.0,,0,55,2,1,20,353,26,0,7,,,,,0,900000,,1500000,97,,,-1,-1,9,,,,77.0,2024-11-12 09:54:00.000,15.0,,2024-11-12 03:53:00.000,,,,,,,5,181,94.0,72,353,1,,62800471,2024-11-12 03:53:00.000,,62820030,2024-11-12 10:19:09.144,2024-11-12 10:19:04.486,,,UTC-0300,hriiVjEkYE,,com.sec.android.app.shealth,2024-11-12 09:46:00.000,95d6c1a1-a7a0-46c0-b81c-420d974fed67,
,,91.0,,52,59,7,2,35,400,165,0,14,,,,,0,840000,,300000,104,,,-1,-1,9,,,,83.0,,16.0,,,,,,,,,4,202,91.0,85,400,1,,62800471,2024-11-14 04:54:00.000,,62820030,2024-11-14 11:47:35.629,2024-11-14 11:39:57.173,,,UTC-0300,hriiVjEkYE,,com.sec.android.app.shealth,2024-11-14 11:34:00.000,47102ca6-c5f6-4965-a433-ba5efb2daa62,
,,86.0,,22,32,9,5,31,365,146,0,17,,,,,0,960000,,300000,81,,,-1,-1,9,,,,57.0,,19.0,,,,,,,,,4,221,91.0,69,365,1,,62800471,2024-11-16 05:15:00.000,,62820030,2024-11-16 11:25:51.411,2024-11-16 11:25:46.775,,,UTC-0300,hriiVjEkYE,,com.sec.android.app.shealth,2024-11-16 11:20:00.000,04014f05-6e00-4164-99bb-835d21d8a6b1,
,,81.0,,40,55,10,4,24,368,215,0,5,,,,,0,1080000,,1500000,69,,,-1,-1,9,,,,79.0,,13.0,,,,,,,,,4,220,93.0,71,368,1,,62800471,2024-11-18 03:37:00.000,,62820030,2024-11-18 10:10:34.672,2024-11-18 10:10:29.789,,,UTC-0300,hriiVjEkYE,,com.sec.android.app.shealth,2024-11-18 09:45:00.000,95df56b5-be5e-4633-8103-f4be3424f7cb,
,,88.0,,79,108,9,5,40,434,193,3,22,,,,,0,1080000,,1440000,93,,,-1,-1,9,,,,96.0,2024-11-19 11:40:00.000,19.0,,2024-11-19 04:19:00.000,,,,,,,4,193,90.0,90,434,1,,62800471,2024-11-19 04:19:00.000,,62820030,2024-11-19 12:05:22.962,2024-11-19 12:05:17.203,,,UTC-0300,hriiVjEkYE,,com.sec.android.app.shealth,2024-11-19 11:33:00.000,f2f9a6c2-1a62-40f1-b628-a718698b55be,
,,95.0,,52,52,26,4,43,547,289,3,24,,,,,0,840000,,1500000,134,,,-1,-1,9,,,,89.0,,21.0,,,,,,,,,5,318,92.0,80,547,1,,62800471,2024-11-20 03:44:00.000,,62820030,2024-11-20 13:16:29.937,2024-11-20 13:16:24.315,,,UTC-0300,hriiVjEkYE,,com.sec.android.app.shealth,2024-11-20 12:51:00.000,86c5315b-39a9-4a14-a426-6ae737c0af8d,
,,95.0,,37,99,1,2,17,422,81,0,0,,,,,0,780000,,1500000,126,,,-1,-1,9,,,,96.0,2024-11-22 11:20:00.000,5.0,,2024-11-22 04:11:00.000,,,,,,,5,180,95.0,99,422,1,,62800471,2024-11-22 04:11:00.000,,62820030,2024-11-22 11:45:09.881,2024-11-22 11:45:02.972,,,UTC-0300,hriiVjEkYE,,com.sec.android.app.shealth,2024-11-22 11:13:00.000,7f2b9ffb-c4c3-46f1-aec5-cca1372293f6,
,,95.0,,90,100,17,7,38,544,285,0,10,,,,,0,900000,,1560000,137,,,-1,-1,9,,,,97.0,,15.0,,,,,,,,,5,269,93.0,92,544,1,,62800471,2024-11-23 04:18:00.000,,62820030,2024-11-23 13:48:41.371,2024-11-23 13:48:35.015,,,UTC-0300,hriiVjEkYE,,com.sec.android.app.shealth,2024-11-23 13:22:00.000,a3fe8626-8032-4d02-bdd8-7d39e750834e,
,,95.0,,40,40,5,2,10,379,300,0,0,,,,,0,1080000,,1440000,121,,,-1,-1,9,,,,71.0,2024-11-25 10:03:00.000,4.0,,2024-11-25 03:40:00.000,,,,,,,4,208,97.0,82,379,1,,62800471,2024-11-25 03:40:00.000,,62820030,2024-11-25 10:27:34.809,2024-11-25 10:27:29.680,,,UTC-0300,hriiVjEkYE,,com.sec.android.app.shealth,2024-11-25 09:59:00.000,d84a3202-6efe-4106-b1b5-59010f3b5c84,
,,95.0,,33,53,21,3,35,399,203,0,20,,,,,0,960000,,0,132,,,-1,-1,9,,,,78.0,,24.0,,,,,,,,,4,179,91.0,79,399,1,,62800471,2024-11-26 03:10:00.000,,62820030,2024-11-26 09:49:18.623,2024-11-26 09:49:14.485,,,UTC-0300,hriiVjEkYE,,com.sec.android.app.shealth,2024-11-26 09:49:00.000,728f4058-63bf-491d-bfd4-5d63b3fc64db,
,,88.0,,12,56,2,2,23,367,66,0,4,,,,,0,960000,,600000,84,,,-1,-1,9,,,,80.0,2024-11-27 10:06:00.000,10.0,,2024-11-27 03:30:00.000,,,,,,,3,204,93.0,82,367,1,,62800471,2024-11-27 03:30:00.000,,62820030,2024-11-27 10:16:27.939,2024-11-27 10:16:21.064,,,UTC-0300,hriiVjEkYE,,com.sec.android.app.shealth,2024-11-27 09:37:00.000,bd8a39c7-274d-45af-ab52-89efe0c5c73e,
,,85.0,,58,67,3,2,21,336,170,0,8,,,,,0,1020000,,540000,76,,,-1,-1,9,,,,82.0,2024-11-28 10:07:00.000,10.0,,2024-11-28 04:09:00.000,,,,,,,5,172,93.0,80,336,1,,62800471,2024-11-28 04:09:00.000,,62820030,2024-11-28 10:16:16.722,2024-11-28 10:16:12.703,,,UTC-0300,hriiVjEkYE,,com.sec.android.app.shealth,2024-11-28 09:45:00.000,d40bce87-1b2c-4ed0-9bca-741cb04dedeb,
,,79.0,,33,33,45,2,52,328,174,0,38,,,,,0,1080000,,240000,69,,,-1,-1,9,,,,47.0,,53.0,,,,,,,,,2,174,84.0,59,328,1,,62800471,2024-11-29 04:33:00.000,,62820030,2024-11-29 10:05:20.268,2024-11-29 10:05:16.905,,,UTC-0300,hriiVjEkYE,,com.sec.android.app.shealth,2024-11-29 10:01:00.000,ec24125c-6dfc-480b-b963-58b6010a9372,
,,92.0,,59,59,7,0,23,355,324,0,14,,,,,0,1200000,,840000,102,,,-1,-1,9,,,,78.0,,13.0,,,,,,,,,3,171,93.0,84,355,1,,62800471,2024-12-02 04:34:00.000,,62820030,2024-12-02 10:43:37.415,2024-12-02 10:43:33.199,,,UTC-0300,hriiVjEkYE,,com.sec.android.app.shealth,2024-12-02 10:29:00.000,12af2961-19f6-4da4-9296-46a4f4f5e982,
,,87.0,,32,57,11,1,20,362,169,0,8,,,,,0,960000,,1620000,80,,,-1,-1,9,,,,79.0,,14.0,,,,,,,,,5,205,94.0,80,362,1,,62800471,2024-12-03 03:21:00.000,,62820030,2024-12-03 09:50:14.275,2024-12-03 09:50:10.502,,,UTC-0300,hriiVjEkYE,,com.sec.android.app.shealth,2024-12-03 09:23:00.000,e4435525-5a16-4a86-98fd-9c8bfd7268ed,
,,86.0,,66,68,28,2,41,396,264,0,22,,,,,0,840000,,1440000,85,,,-1,-1,9,,,,85.0,2024-12-04 09:55:00.000,27.0,,2024-12-04 03:15:00.000,,,,,,,3,202,89.0,86,396,1,,62800471,2024-12-04 03:15:00.000,,62820030,2024-12-04 10:19:13.866,2024-12-04 10:19:09.893,,,UTC-0300,hriiVjEkYE,,com.sec.android.app.shealth,2024-12-04 09:51:00.000,8712cf73-ef72-4185-89a0-610e30393c97,
,,92.0,,76,76,15,2,57,470,357,0,40,,,,,0,840000,,-1,114,,,-1,-1,9,,,,91.0,2024-12-05 11:16:00.000,25.0,,2024-12-05 03:19:00.000,,,,,,,4,223,87.0,90,470,1,,62800471,2024-12-05 03:19:00.000,,62850050,2024-12-06 16:28:27.264,2024-12-05 23:10:15.918,,,UTC-0300,hriiVjEkYE,,com.sec.android.app.shealth,2024-12-05 11:09:00.000,97152aea-2ae3-4053-83be-e9417a45e7fc,
,,83.0,,42,42,10,3,18,358,280,0,3,,,,,0,840000,,600000,71,,,-1,-1,9,,,,70.0,2024-12-06 10:11:00.000,9.0,,2024-12-06 03:55:00.000,,,,,,,5,227,94.0,75,358,1,,62800471,2024-12-06 03:55:00.000,,62850050,2024-12-06 16:28:26.368,2024-12-06 10:21:52.509,,,UTC-0300,hriiVjEkYE,,com.sec.android.app.shealth,2024-12-06 09:53:00.000,b4b3ff6a-974a-4e80-9cb2-aed4fb78c64c,
,,94.0,,23,55,0,5,25,406,95,0,7,,,,,0,1020000,,660000,117,,,-1,-1,9,,,,82.0,,8.0,,,,,,,,,5,209,93.0,87,406,1,,62800471,2024-12-09 03:48:00.000,,62850050,2024-12-09 10:45:19.552,2024-12-09 10:45:15.021,,,UTC-0300,hriiVjEkYE,,com.sec.android.app.shealth,2024-12-09 10:34:00.000,674a7b63-98ec-4582-859b-b82a62f3d336,
,,82.0,,35,35,16,3,19,257,245,0,3,,,,,0,780000,,0,63,838a1e3e-b1fb-4c78-812d-5b17d236c719,,-1,-1,9,,,,49.0,,15.0,,,,,,,,,3,140,92.0,59,257,1,,62800471,2024-12-11 04:22:00.000,,62850050,2024-12-11 11:55:19.909,2024-12-11 08:39:23.945,,,UTC-0300,hriiVjEkYE,,com.sec.android.app.shealth,2024-12-11 08:39:00.000,4ed24c81-40a9-4be5-bd0e-498e23eb6ae4,
,,44.0,,8,8,9,1,16,152,80,0,3,,,,,0,60000,,1560000,22,838a1e3e-b1fb-4c78-812d-5b17d236c719,,-1,-1,9,,,,14.0,,24.0,,,,,,,,,1,106,86.0,45,159,1,,62800471,2024-12-11 08:50:00.000,,62850050,2024-12-11 11:55:19.917,2024-12-11 11:55:16.845,,,UTC-0300,hriiVjEkYE,,com.sec.android.app.shealth,2024-12-11 11:29:00.000,56b2f326-dbd6-4670-9f8f-1dd056427175,
,,88.0,,44,44,28,11,31,414,410,0,5,,,,,0,900000,,660000,90,,,-1,-1,9,,,,77.0,,16.0,,,,,,,,,3,249,92.0,81,414,1,,62800471,2024-12-14 03:38:00.000,,62850050,2024-12-14 10:44:02.966,2024-12-14 10:43:57.821,,,UTC-0300,hriiVjEkYE,,com.sec.android.app.shealth,2024-12-14 10:32:00.000,9d1afa9a-9492-4586-a2f6-85ecf54e7a32,
,,93.0,,30,71,4,3,28,427,83,0,3,,,,,0,1080000,,1800000,116,,,-1,-1,9,,,,91.0,2024-12-17 11:17:00.000,12.0,,2024-12-17 03:53:00.000,,,,,,,6,212,93.0,98,427,1,,62800471,2024-12-17 03:53:00.000,,62850050,2024-12-17 11:47:15.711,2024-12-17 11:47:08.650,,,UTC-0300,hriiVjEkYE,,com.sec.android.app.shealth,2024-12-17 11:00:00.000,86144ad0-9b60-45c5-a996-5ff2e7442f31,
,,94.0,,66,79,8,1,45,618,221,0,16,,,,,0,1200000,,960000,119,,,-1,-1,9,,,,97.0,2024-12-21 14:34:00.000,13.0,,2024-12-21 04:09:00.000,,,,,,,7,375,92.0,71,618,1,,62800471,2024-12-21 04:09:00.000,,62850050,2024-12-21 14:50:41.022,2024-12-21 14:50:34.035,,,UTC-0300,hriiVjEkYE,,com.sec.android.app.shealth,2024-12-21 14:27:00.000,bcafcfb1-27f4-43de-b4bb-279ef2aa3c1f,
,,95.0,,65,88,6,3,46,541,142,0,27,,,,,0,960000,,1680000,136,,,-1,-1,9,,,,96.0,,18.0,,,,,,,,,4,271,91.0,94,541,1,,62800471,2024-12-22 04:33:00.000,,62850050,2024-12-22 14:03:01.069,2024-12-22 14:02:56.194,,,UTC-0300,hriiVjEkYE,,com.sec.android.app.shealth,2024-12-22 13:34:00.000,cb0d369f-f68b-4c34-872b-99de7d639824,
,,85.0,,18,23,9,1,23,327,109,0,7,,,,,0,780000,,1500000,75,,,-1,-1,9,,,,45.0,,17.0,,,,,,,,,3,206,92.0,65,327,1,,62800471,2024-12-23 05:15:00.000,,62850050,2024-12-23 11:08:02.071,2024-12-23 11:07:57.578,,,UTC-0300,hriiVjEkYE,,com.sec.android.app.shealth,2024-12-23 10:42:00.000,bb6cb0ed-6f21-4e26-9faf-aa3a23e36c62,
,,7.0,,1,1,7,0,7,74,73,0,4,,,,,0,1020000,,0,0,9f60796b-7bf9-426c-bfd7-da4956691d12,,-1,-1,9,,,,7.0,,24.0,,,,,,,,,0,66,90.0,30,74,1,,62800471,2024-12-25 06:01:00.000,,62850050,2024-12-25 14:53:33.125,2024-12-25 07:15:38.055,,,UTC-0300,hriiVjEkYE,,com.sec.android.app.shealth,2024-12-25 07:15:00.000,354d331b-2fb6-4ec0-94d1-9e327c18c712,
,,83.0,,34,62,27,2,58,390,147,0,40,,,,,0,840000,,1500000,80,9f60796b-7bf9-426c-bfd7-da4956691d12,,-1,-1,9,,,,79.0,,43.0,,,,,,,,,3,190,85.0,80,390,1,,62800471,2024-12-25 07:58:00.000,,62850050,2024-12-25 14:53:33.130,2024-12-25 14:53:27.411,,,UTC-0300,hriiVjEkYE,,com.sec.android.app.shealth,2024-12-25 14:28:00.000,19f62a74-627f-4ad6-aed9-fac3978c74aa,
,,72.0,,28,33,11,0,30,326,196,0,13,,,,,0,840000,,1440000,55,,,-1,-1,9,,,,53.0,2024-12-27 12:11:00.000,19.0,,2024-12-27 06:41:00.000,,,,,,,6,208,90.0,60,326,1,,62800471,2024-12-27 06:41:00.000,,62850050,2024-12-27 12:35:24.218,2024-12-27 12:35:17.719,,,UTC-0300,hriiVjEkYE,,com.sec.android.app.shealth,2024-12-27 12:07:00.000,7d98e956-5b79-4a84-b8c4-dd76f076e95a,
,,90.0,,50,50,3,0,24,453,162,0,0,,,,,0,1200000,,1560000,94,,,-1,2340000,9,,,,85.0,2024-12-30 11:59:00.000,7.0,,2024-12-30 04:20:00.000,,,,,,,5,285,94.0,90,453,2,,62800471,2024-12-30 04:20:00.000,,62850050,2024-12-30 12:25:23.572,2024-12-30 12:25:16.089,,,UTC-0300,hriiVjEkYE,,com.sec.android.app.shealth,2024-12-30 11:53:30.000,9f7f7253-025b-4e85-b421-20011edab01e,
,,93.0,,65,81,5,0,18,536,275,0,0,,,,,0,780000,,1500000,103,,,-1,2700000,9,,,,96.0,2025-01-01 15:16:00.000,5.0,,2025-01-01 06:13:00.000,,,,,,,5,334,96.0,96,536,2,,62800471,2025-01-01 06:13:00.000,,62850050,2025-01-01 15:42:05.855,2025-01-01 15:41:54.695,,,UTC-0300,hriiVjEkYE,,com.sec.android.app.shealth,2025-01-01 15:09:00.000,b0ec57b2-62cf-47e2-952b-a046b4244875,
,,86.0,,57,57,13,1,33,537,374,0,14,,,,,0,900000,,660000,75,,,-1,360000,9,,,,91.0,2025-01-04 14:25:00.000,12.0,,2025-01-04 05:21:00.000,,,,,,,3,372,93.0,82,537,2,,62800471,2025-01-04 05:21:00.000,,62850050,2025-01-04 14:36:47.966,2025-01-04 14:36:40.294,,,UTC-0300,hriiVjEkYE,,com.sec.android.app.shealth,2025-01-04 14:18:00.000,043df658-7413-472c-9f99-cace576dd753,
,,93.0,,20,68,1,2,42,614,76,0,22,,,,,0,1200000,,720000,110,,,-1,120000,9,,,,95.0,2025-01-05 15:08:00.000,12.0,,2025-01-05 04:42:00.000,,,,,,,5,394,93.0,68,614,2,,62800471,2025-01-05 04:42:00.000,,62850050,2025-01-05 15:20:09.624,2025-01-05 15:20:00.516,,,UTC-0300,hriiVjEkYE,,com.sec.android.app.shealth,2025-01-05 14:56:00.000,a42a9bdf-ca7d-4587-bd33-5089798ce140,
,,86.0,,67,93,4,2,20,427,187,0,3,,,,,0,900000,,1560000,78,,,-1,300000,9,,,,95.0,,8.0,,,,,,,,,4,236,95.0,92,427,2,,62800471,2025-01-07 03:33:00.000,,62850050,2025-01-07 11:06:56.455,2025-01-07 11:06:49.197,,,UTC-0300,hriiVjEkYE,,com.sec.android.app.shealth,2025-01-07 10:40:00.000,a0b236e6-3a17-4c81-98d6-ce71baca5ade,
,,77.0,,58,75,3,0,19,350,147,0,9,,,,,0,1200000,,1020000,59,,,-1,2520000,9,,,,87.0,2025-01-09 09:51:00.000,10.0,,2025-01-09 03:53:00.000,,,,,,,4,197,94.0,78,350,2,,62800471,2025-01-09 03:53:00.000,,62850050,2025-01-09 10:08:34.728,2025-01-09 10:08:27.499,,,UTC-0300,hriiVjEkYE,,com.sec.android.app.shealth,2025-01-09 09:43:30.000,068332d0-eaf2-4bda-a8a6-913b7f6dce83,
,,77.0,,14,75,3,1,21,378,64,0,0,,,,,0,1140000,,1620000,59,,,-1,60000,9,,,,90.0,,11.0,,,,,,,,,3,223,94.0,82,378,2,,62800471,2025-01-10 03:55:00.000,,62850050,2025-01-10 10:40:51.390,2025-01-10 10:40:44.748,,,UTC-0300,hriiVjEkYE,,com.sec.android.app.shealth,2025-01-10 10:13:00.000,12d15bec-ead9-4e39-8324-eab4b375c942,
,,7.0,,0,0,24,0,24,86,85,0,22,,,,,0,1200000,,1800000,0,4bb4ca25-6fe9-4f8d-8648-07b961dacac7,,-1,3120000,9,,,,7.0,,82.0,,,,,,,,,0,62,72.0,17,86,2,,62800471,2025-01-12 00:36:00.000,,62850050,2025-01-12 15:01:18.304,2025-01-12 02:32:17.216,,,UTC-0300,hriiVjEkYE,,com.sec.android.app.shealth,2025-01-12 02:02:00.000,7074eac1-66eb-44d7-9aae-d41a7d3c4ea1,
,,95.0,,17,63,1,2,29,508,60,0,8,,,,,0,900000,,1560000,126,4bb4ca25-6fe9-4f8d-8648-07b961dacac7,,-1,7800000,9,,,,92.0,2025-01-12 14:35:00.000,10.0,,2025-01-12 06:01:00.000,,,,,,,7,290,94.0,85,508,2,,62800471,2025-01-12 06:01:00.000,,62850050,2025-01-12 15:01:18.309,2025-01-12 15:01:08.093,,,UTC-0300,hriiVjEkYE,,com.sec.android.app.shealth,2025-01-12 14:29:00.000,2dbcec78-4705-4ebb-8ef8-2855f7cf674e,
,,86.0,,55,55,7,2,8,289,278,0,0,,,,,0,780000,,-1,69,,,-1,2220000,9,,,,73.0,,6.0,,,,,,,,,4,157,97.0,75,289,2,,62800471,2025-01-13 04:32:00.000,,62850050,2025-01-13 16:10:26.746,2025-01-13 15:13:19.517,,,UTC-0300,hriiVjEkYE,,com.sec.android.app.shealth,2025-01-13 09:21:00.000,f0f25a07-e5be-467b-9bf2-7cd61a786a9c,
,,67.0,,26,61,0,0,23,332,71,0,11,,,,,0,1140000,,660000,47,,,-1,5940000,9,,,,78.0,,11.0,,,,,,,,,3,201,92.0,72,332,2,,62800471,2025-01-14 04:21:00.000,,62850050,2025-01-14 10:04:39.670,2025-01-14 10:04:33.041,,,UTC-0300,hriiVjEkYE,,com.sec.android.app.shealth,2025-01-14 09:53:00.000,f7210fff-8476-4f93-9709-b501b30f8c63,
,,92.0,,23,74,1,2,29,381,69,0,12,,,,,0,900000,,1800000,103,,,-1,1320000,9,,,,88.0,,13.0,,,,,,,,,5,175,92.0,87,381,2,,62800471,2025-01-15 04:27:00.000,,62850050,2025-01-15 11:18:09.116,2025-01-15 11:18:02.024,,,UTC-0300,hriiVjEkYE,,com.sec.android.app.shealth,2025-01-15 10:48:00.000,1cb33a30-0d91-479d-81c9-f4426eee4734,
,,85.0,,54,64,4,1,17,379,169,0,0,,,,,0,960000,,900000,74,,,-1,1740000,9,,,,86.0,2025-01-16 10:09:00.000,7.0,,2025-01-16 03:44:00.000,82800000,,,,,25200000,3,224,95.0,89,379,2,,62900571,2025-01-16 03:44:00.000,,62900750,2025-01-16 10:24:37.238,2025-01-16 10:24:30.090,,,UTC-0300,hriiVjEkYE,,com.sec.android.app.shealth,2025-01-16 10:03:30.000,21a13b1d-c1cb-4ece-830c-eb3bc7366b9b,
,,82.0,,71,71,5,2,26,390,255,0,6,,,,,0,840000,,840000,71,,,-1,4800000,9,,,,88.0,2025-01-17 11:20:00.000,10.0,,2025-01-17 04:38:00.000,82800000,,,,,25200000,5,222,93.0,85,390,2,,62900571,2025-01-17 04:38:00.000,,62900750,2025-01-17 11:35:06.425,2025-01-17 11:35:00.130,,,UTC-0300,hriiVjEkYE,,com.sec.android.app.shealth,2025-01-17 11:08:30.000,19e38600-a94d-4463-883d-e934b7287dde,
,,71.0,,81,81,8,0,19,385,306,0,3,,,,,0,840000,,1500000,49,,,-1,1620000,9,,,,91.0,,8.0,,,82800000,,,,,25200000,3,236,95.0,84,385,2,,62900571,2025-01-20 04:27:00.000,,62900750,2025-01-20 11:18:00.833,2025-01-20 11:17:52.032,,,UTC-0300,hriiVjEkYE,,com.sec.android.app.shealth,2025-01-20 10:52:00.000,af5b8175-7a5b-49c0-a09a-3b14512cdabb,
,,85.0,,59,59,10,4,28,451,278,0,0,,,,,0,900000,,1440000,78,,,-1,1920000,9,,,,89.0,2025-01-21 11:19:00.000,10.0,,2025-01-21 03:42:00.000,82800000,,,,,25200000,4,286,93.0,84,451,2,,62900571,2025-01-21 03:42:00.000,,62900750,2025-01-21 11:43:10.289,2025-01-21 11:43:03.112,,,UTC-0300,hriiVjEkYE,,com.sec.android.app.shealth,2025-01-21 11:13:00.000,0d3b194a-5ece-4fc0-9f83-ae702459a359,
,,88.0,,25,28,3,0,22,461,171,0,10,,,,,0,900000,,1500000,83,,,-1,3360000,9,,,,69.0,2025-01-23 10:00:00.000,9.0,,2025-01-23 02:12:00.000,82800000,,,,,25200000,4,328,95.0,78,461,2,,62900571,2025-01-23 02:12:00.000,,62900750,2025-01-23 10:25:34.301,2025-01-23 10:25:26.438,,,UTC-0300,hriiVjEkYE,,com.sec.android.app.shealth,2025-01-23 09:53:30.000,dd98a8e3-c848-4103-9604-ec5059fd3922,
,,85.0,,70,70,7,1,26,449,252,0,8,,,,,0,840000,,1440000,76,,,-1,780000,9,,,,91.0,2025-01-24 11:13:00.000,10.0,,2025-01-24 03:39:00.000,82800000,,,,,25200000,4,277,94.0,90,449,2,,62900571,2025-01-24 03:39:00.000,,62900750,2025-01-24 11:37:54.476,2025-01-24 11:37:47.061,,,UTC-0300,hriiVjEkYE,,com.sec.android.app.shealth,2025-01-24 11:08:30.000,7daa4c38-201e-4056-ab8c-2b7862fea5e6,
,,79.0,,57,59,7,3,19,362,170,0,3,,,,,0,1020000,,420000,62,,,-1,1680000,9,,,,81.0,2025-01-25 09:25:00.000,11.0,,2025-01-25 03:18:00.000,82800000,,,,,25200000,3,222,94.0,82,362,2,,62900571,2025-01-25 03:18:00.000,,62900750,2025-01-25 09:33:06.330,2025-01-25 09:32:59.175,,,UTC-0300,hriiVjEkYE,,com.sec.android.app.shealth,2025-01-25 09:20:00.000,0564ca23-aee9-4a31-b317-599f5a070bf3,
,,22.0,,8,8,9,0,9,165,164,0,0,,,,,0,1200000,,1500000,10,,,-1,1740000,9,,,,16.0,,11.0,,,82800000,,,,,25200000,1,138,94.0,42,165,2,,62900571,2025-01-25 10:07:00.000,,62900750,2025-01-25 14:04:34.404,2025-01-25 13:17:37.959,,,UTC-0300,hriiVjEkYE,,com.sec.android.app.shealth,2025-01-25 12:52:00.000,a584413b-0560-452b-97f9-8dfcca7b8ef0,
,,92.0,,64,72,5,2,25,491,244,0,13,,,,,0,900000,,1500000,106,,,-1,420000,9,,,,93.0,2025-01-26 13:33:00.000,10.0,,2025-01-26 05:16:00.000,82800000,,,,,25200000,5,288,94.0,88,491,2,,62900571,2025-01-26 05:16:00.000,,62900750,2025-01-26 13:58:51.463,2025-01-26 13:58:43.160,,,UTC-0300,hriiVjEkYE,,com.sec.android.app.shealth,2025-01-26 13:27:30.000,0f4aceff-32dc-4cb1-9d9c-b082bf9b10c1,
,,81.0,,25,82,4,0,22,416,70,0,0,,,,,0,840000,,1620000,66,,,-1,6060000,9,,,,93.0,2025-01-28 10:19:00.000,12.0,,2025-01-28 03:11:00.000,82800000,,,,,25200000,4,246,94.0,87,416,2,,62900571,2025-01-28 03:11:00.000,,62900750,2025-01-28 10:47:06.653,2025-01-28 10:46:55.756,,,UTC-0300,hriiVjEkYE,,com.sec.android.app.shealth,2025-01-28 10:07:00.000,a479e0d0-d82d-48e4-8142-652ede9ac424,
,,77.0,,56,66,2,2,22,372,123,0,0,,,,,0,900000,,1800000,60,,,-1,1260000,9,,,,86.0,,8.0,,,82800000,,,,,25200000,4,224,94.0,84,372,2,,62900571,2025-01-30 03:53:00.000,,62900750,2025-01-30 10:35:59.569,2025-01-30 10:35:48.272,,,UTC-0300,hriiVjEkYE,,com.sec.android.app.shealth,2025-01-30 10:05:00.000,a81abf9d-8e08-4516-9874-41c0ab701d22,
,,7.0,,2,2,3,0,3,71,70,0,0,,,,,0,1020000,,1560000,0,9c3f4140-14e3-456f-b1bd-aaf41e4d186b,,-1,900000,9,,,,7.0,,8.0,,,82800000,,,,,25200000,0,66,95.0,34,71,2,,62900571,2025-01-31 03:34:00.000,,62900750,2025-01-31 09:58:42.203,2025-01-31 05:11:05.200,,,UTC-0300,hriiVjEkYE,,com.sec.android.app.shealth,2025-01-31 04:45:00.000,3b1b91d8-4d51-48ae-a4b7-95a8f23f026a,
,,47.0,,51,51,10,0,18,285,260,0,4,,,,,0,900000,,300000,28,9c3f4140-14e3-456f-b1bd-aaf41e4d186b,,-1,1380000,9,,,,68.0,,12.0,,,82800000,,,,,25200000,2,188,93.0,59,285,2,,62900571,2025-01-31 05:08:00.000,,62900750,2025-01-31 09:58:42.211,2025-01-31 09:58:35.860,,,UTC-0300,hriiVjEkYE,,com.sec.android.app.shealth,2025-01-31 09:53:00.000,8b6c2c41-9757-4e91-aa34-de1d1791d6ec,
,,64.0,,52,52,10,0,10,281,280,0,3,,,,,0,780000,,1440000,40,,,-1,420000,9,,,,68.0,2025-02-03 09:51:00.000,8.0,,2025-02-03 05:02:00.000,82800000,,,,,25200000,2,179,96.0,64,281,2,,62900571,2025-02-03 05:02:00.000,,62900750,2025-02-03 10:15:47.219,2025-02-03 10:15:39.499,,,UTC-0300,hriiVjEkYE,,com.sec.android.app.shealth,2025-02-03 09:43:00.000,1d15394d-5461-4600-bbb6-49d287f04891,
,,92.0,,54,69,4,0,23,501,176,0,4,,,,,0,1200000,,1500000,103,,,-1,3240000,9,,,,93.0,,8.0,,,82800000,,,,,25200000,6,306,95.0,90,501,2,,62900571,2025-02-04 02:46:00.000,,62900750,2025-02-04 11:32:09.816,2025-02-04 11:32:02.254,,,UTC-0300,hriiVjEkYE,,com.sec.android.app.shealth,2025-02-04 11:07:00.000,2cd1b1ee-dcd4-4aa0-9701-bf68ff8576f1,
,,85.0,,69,69,4,0,18,361,201,0,5,,,,,0,1200000,,1740000,76,,,-1,4560000,9,,,,86.0,,9.0,,,82800000,,,,,25200000,5,198,95.0,84,361,2,,62900571,2025-02-05 03:52:00.000,,62900750,2025-02-05 10:22:44.220,2025-02-05 10:22:36.486,,,UTC-0300,hriiVjEkYE,,com.sec.android.app.shealth,2025-02-05 09:53:00.000,880380da-f1ae-46b4-9a3f-07d919269676,
,,93.0,,49,49,6,1,12,385,281,0,0,,,,,0,960000,,480000,105,,,-1,2400000,9,,,,79.0,,5.0,,,82800000,,,,,25200000,4,219,96.0,85,385,2,,62900571,2025-02-07 03:58:00.000,,62900750,2025-02-07 10:32:56.189,2025-02-07 10:32:00.193,,,UTC-0300,hriiVjEkYE,,com.sec.android.app.shealth,2025-02-07 10:23:00.000,11e6f7e7-ca3a-40b2-a3c2-b1b6047b9d79,
,,94.0,,37,63,2,5,11,397,148,0,0,,,,,0,840000,,1620000,115,,,-1,3660000,9,,,,87.0,,4.0,,,82800000,,,,,25200000,4,208,97.0,93,397,2,,62900571,2025-02-08 04:42:00.000,,62900750,2025-02-08 11:46:27.247,2025-02-08 11:46:20.317,,,UTC-0300,hriiVjEkYE,,com.sec.android.app.shealth,2025-02-08 11:19:00.000,548cb7ee-0353-4b1f-8e55-1c23b064392c,
,,93.0,,77,77,9,1,52,626,393,0,23,,,,,0,960000,,1080000,109,,,-1,2040000,9,,,,96.0,2025-02-09 14:05:00.000,14.0,,2025-02-09 03:31:00.000,82800000,,,,,25200000,4,388,91.0,65,626,2,,62900571,2025-02-09 03:31:00.000,,62900750,2025-02-09 15:32:05.761,2025-02-09 14:23:31.217,,,UTC-0300,hriiVjEkYE,,com.sec.android.app.shealth,2025-02-09 13:57:30.000,d38ec1fb-e685-4be0-86bd-a24941a8a3ac,
,,79.0,,47,71,4,1,26,440,160,0,6,,,,,0,900000,,1560000,63,,,-1,300000,9,,,,91.0,,10.0,,,82800000,,,,,25200000,4,280,93.0,88,440,2,,62900571,2025-02-10 03:39:00.000,,62920010,2025-02-10 11:25:44.216,2025-02-10 11:25:36.416,,,UTC-0300,hriiVjEkYE,,com.sec.android.app.shealth,2025-02-10 10:59:00.000,4634a024-7b29-4f92-949a-ed77ef49add8,
,,90.0,,50,61,6,0,15,345,198,0,3,,,,,0,1200000,,1560000,87,,,-1,1920000,9,,,,81.0,,9.0,,,82800000,,,,,25200000,3,182,95.0,84,345,2,,62900571,2025-02-11 04:05:00.000,,62920010,2025-02-11 10:16:49.055,2025-02-11 10:16:40.892,,,UTC-0300,hriiVjEkYE,,com.sec.android.app.shealth,2025-02-11 09:50:00.000,966c33f9-1c4e-48c4-8585-6b2a4ea12ea3,
,,71.0,,53,53,3,0,28,368,179,0,12,,,,,0,900000,,1440000,52,,,-1,1620000,9,,,,76.0,,13.0,,,82800000,,,,,25200000,5,235,92.0,73,368,2,,62900571,2025-02-13 04:03:00.000,,62920010,2025-02-13 10:36:43.172,2025-02-13 10:35:56.210,,,UTC-0300,hriiVjEkYE,,com.sec.android.app.shealth,2025-02-13 10:11:00.000,07800d07-b30f-45ae-a37e-ba400624d786,
,,96.0,,61,61,8,3,22,513,246,0,0,,,,,0,960000,,1500000,138,,,-1,6300000,9,,,,92.0,,8.0,,,82800000,,,,,25200000,7,292,95.0,89,513,2,,62900571,2025-02-16 04:59:00.000,,62920010,2025-02-16 13:57:11.848,2025-02-16 13:57:02.234,,,UTC-0300,hriiVjEkYE,,com.sec.android.app.shealth,2025-02-16 13:32:00.000,d03fcc74-cb18-4704-85ac-44152043fe7d,
,,84.0,,13,53,1,3,32,391,67,0,9,,,,,0,900000,,1680000,77,,,-1,4140000,9,,,,79.0,,13.0,,,82800000,,,,,25200000,5,229,91.0,82,391,2,,62910031,2025-02-18 04:14:00.000,,62920010,2025-02-18 11:13:17.290,2025-02-18 11:13:10.426,,,UTC-0300,hriiVjEkYE,,com.sec.android.app.shealth,2025-02-18 10:45:00.000,19ab5c96-a0b5-43f4-902a-a91468d1c571,
,,83.0,,16,22,2,1,25,371,76,0,7,,,,,0,900000,,1320000,73,,,-1,480000,9,,,,51.0,,11.0,,,82800000,,,,,25200000,3,251,93.0,75,371,2,,62910031,2025-02-19 04:00:00.000,,62920010,2025-02-19 10:33:33.880,2025-02-19 10:33:24.282,,,UTC-0300,hriiVjEkYE,,com.sec.android.app.shealth,2025-02-19 10:11:00.000,571a1866-e795-4c40-9917-fcd0196cfba0,
,,88.0,,73,73,3,3,16,388,194,0,3,,,,,0,780000,,1500000,83,,,-1,2760000,9,,,,89.0,,7.0,,,82800000,,,,,25200000,4,216,95.0,90,388,2,,62910031,2025-02-20 03:32:00.000,,62920010,2025-02-20 10:25:48.734,2025-02-20 10:25:39.406,,,UTC-0300,hriiVjEkYE,,com.sec.android.app.shealth,2025-02-20 10:00:00.000,6ae2949d-8999-4fdd-8783-08892510530e,
,,94.0,,64,64,5,0,6,354,353,0,0,,,,,0,1140000,,300000,104,,,-1,360000,9,,,,84.0,2025-02-21 09:37:00.000,3.0,,2025-02-21 03:29:00.000,82800000,,,,,25200000,4,180,98.0,88,354,2,,62910031,2025-02-21 03:29:00.000,,62930070,2025-02-21 09:42:33.917,2025-02-21 09:42:26.680,,,UTC-0300,hriiVjEkYE,,com.sec.android.app.shealth,2025-02-21 09:23:30.000,c497af98-e65b-4ce3-b82d-1e991321f14a,
,,86.0,,70,70,6,0,23,406,263,0,3,,,,,0,840000,,1440000,80,,,-1,7080000,9,,,,89.0,2025-02-24 11:19:00.000,9.0,,2025-02-24 04:26:00.000,82800000,,,,,25200000,3,233,94.0,93,406,2,,62910031,2025-02-24 04:26:00.000,,62930070,2025-02-24 11:43:58.218,2025-02-24 11:43:48.695,,,UTC-0300,hriiVjEkYE,,com.sec.android.app.shealth,2025-02-24 11:12:30.000,5f2b7d65-1920-491d-9852-8b4bb7addcd4,
,,82.0,,38,38,10,0,29,357,187,0,16,,,,,0,840000,,1500000,71,,,-1,2880000,9,,,,62.0,,18.0,,,82800000,,,,,25200000,3,219,91.0,71,357,2,,62910031,2025-02-26 04:13:00.000,,62930070,2025-02-26 10:36:03.699,2025-02-26 10:35:55.749,,,UTC-0300,hriiVjEkYE,,com.sec.android.app.shealth,2025-02-26 10:10:00.000,93a9acef-6ed3-48a7-8b3b-d15070f164b5,
,,87.0,,49,65,3,0,18,349,129,0,4,,,,,0,780000,,1440000,79,,,-1,3060000,9,,,,83.0,,9.0,,,82800000,,,,,25200000,4,187,94.0,80,349,2,,62910031,2025-02-27 04:34:00.000,,62930070,2025-02-27 10:47:11.979,2025-02-27 10:47:04.246,,,UTC-0300,hriiVjEkYE,,com.sec.android.app.shealth,2025-02-27 10:23:00.000,9c7b4a79-f081-4d77-a557-874cf71a0b68,
,,83.0,,61,61,9,0,42,569,271,0,13,,,,,0,1020000,,1440000,65,,,-1,2520000,9,,,,93.0,2025-03-01 13:45:00.000,13.0,,2025-03-01 03:44:00.000,82800000,,,,,25200000,4,401,92.0,77,569,2,,62910031,2025-03-01 03:44:00.000,,62930070,2025-03-01 14:09:41.405,2025-03-01 14:09:31.626,,,UTC-0300,hriiVjEkYE,,com.sec.android.app.shealth,2025-03-01 13:13:30.000,5792e8c6-0862-4bb9-9ac2-68b08db28c4c,
,,55.0,,70,75,7,0,24,405,242,0,7,,,,,0,780000,,1440000,30,,,-1,2880000,9,,,,90.0,2025-03-04 12:44:00.000,11.0,,2025-03-04 05:43:00.000,82800000,,,,,25200000,3,276,93.0,82,405,2,,62910031,2025-03-04 05:43:00.000,,62930070,2025-03-04 13:08:26.098,2025-03-04 13:08:11.896,,,UTC-0300,hriiVjEkYE,,com.sec.android.app.shealth,2025-03-04 12:28:00.000,010f8c97-22b7-460e-8c25-9be7fcdfefa7,
,,90.0,,0,53,3,2,12,354,63,0,0,,,,,0,840000,,1500000,88,,,-1,2160000,9,,,,78.0,,8.0,,,82800000,,,,,25200000,3,201,96.0,76,354,2,,62910031,2025-03-05 05:00:00.000,,62930070,2025-03-05 11:19:48.754,2025-03-05 11:19:41.563,,,UTC-0300,hriiVjEkYE,,com.sec.android.app.shealth,2025-03-05 10:54:00.000,fbc2f901-9f20-49db-ba4a-cefc5b954445,
,,75.0,,38,38,4,1,15,343,174,0,0,,,,,0,780000,,1500000,55,,,-1,720000,9,,,,66.0,,7.0,,,82800000,,,,,25200000,3,235,95.0,71,343,2,,62910031,2025-03-06 05:36:00.000,,62930070,2025-03-06 11:44:35.781,2025-03-06 11:44:26.521,,,UTC-0300,hriiVjEkYE,,com.sec.android.app.shealth,2025-03-06 11:19:00.000,408c05a6-412a-4832-9c33-c028c5e0cb3a,
,,76.0,,56,99,4,0,16,351,155,0,6,,,,,0,900000,,1500000,57,,,-1,3180000,9,,,,93.0,2025-03-07 10:05:00.000,9.0,,2025-03-07 04:08:00.000,82800000,,,,,25200000,4,179,95.0,76,351,2,,62910031,2025-03-07 04:08:00.000,,62930070,2025-03-07 10:30:35.535,2025-03-07 10:30:28.229,,,UTC-0300,hriiVjEkYE,,com.sec.android.app.shealth,2025-03-07 09:59:00.000,3f1f6b3e-b5a4-4511-a963-6a9ad280acdd,
,,88.0,,38,73,5,1,14,446,150,0,0,,,,,0,1140000,,1620000,81,,,-1,1440000,9,,,,92.0,2025-03-09 11:54:00.000,7.0,,2025-03-09 04:16:00.000,82800000,,,,,25200000,5,278,96.0,90,446,2,,62910031,2025-03-09 04:16:00.000,,62930070,2025-03-09 12:21:32.426,2025-03-09 12:21:25.211,,,UTC-0300,hriiVjEkYE,,com.sec.android.app.shealth,2025-03-09 11:42:00.000,f83568ff-4163-4f01-8370-3f454606228f,
,,91.0,,59,72,2,2,22,413,154,0,0,,,,,0,900000,,720000,98,,,-1,1260000,9,,,,91.0,,7.0,,,82800000,,,,,25200000,5,221,94.0,94,413,2,,62910031,2025-03-11 04:21:00.000,,62930070,2025-03-11 11:27:08.193,2025-03-11 11:26:48.970,,,UTC-0300,hriiVjEkYE,,com.sec.android.app.shealth,2025-03-11 11:14:00.000,ade1f47a-3193-47d3-9e24-67d85ad16583,
,,78.0,,46,52,3,1,15,356,172,0,0,,,,,0,1080000,,1500000,59,,,-1,420000,9,,,,78.0,,6.0,,,82800000,,,,,25200000,3,230,95.0,73,356,2,,62910031,2025-03-14 04:04:00.000,,62930070,2025-03-14 10:25:37.504,2025-03-14 10:25:30.318,,,UTC-0300,hriiVjEkYE,,com.sec.android.app.shealth,2025-03-14 10:00:00.000,7bb654d1-a655-400a-baef-35938e8c89dd,
,,87.0,,69,79,3,4,25,404,166,0,3,,,,,0,900000,,1440000,82,,,-1,5160000,9,,,,92.0,2025-03-17 11:04:00.000,9.0,,2025-03-17 04:13:00.000,82800000,,,,,25200000,4,218,93.0,93,404,2,,62910031,2025-03-17 04:13:00.000,,62930070,2025-03-17 11:28:21.596,2025-03-17 11:28:12.870,,,UTC-0300,hriiVjEkYE,,com.sec.android.app.shealth,2025-03-17 10:57:00.000,e1b8178a-0ad6-4d3e-b651-c5bc7152cf98,
,,91.0,,52,67,7,2,12,537,376,0,0,,,,,0,960000,,0,90,,,-1,3720000,9,,,,94.0,,4.0,,,82800000,,,,,25200000,4,368,97.0,86,537,2,,62910031,2025-03-18 04:20:00.000,,62930070,2025-03-18 14:50:50.144,2025-03-18 13:17:45.625,,,UTC-0300,hriiVjEkYE,,com.sec.android.app.shealth,2025-03-18 13:17:00.000,cc90030e-c002-4e84-b980-0342984e6d69,
,,73.0,,66,66,12,1,23,396,300,0,3,,,,,0,840000,,1500000,53,,,-1,4320000,9,,,,87.0,,11.0,,,82800000,,,,,25200000,2,254,94.0,84,396,2,,62910031,2025-03-19 03:25:00.000,,62930070,2025-03-19 10:27:36.367,2025-03-19 10:26:36.747,,,UTC-0300,hriiVjEkYE,,com.sec.android.app.shealth,2025-03-19 10:01:00.000,d4d8024b-94cf-4548-abd9-c607055505c9,
,,94.0,,25,73,0,0,10,403,77,0,0,,,,,0,840000,,300000,112,,,-1,3120000,9,,,,90.0,,3.0,,,82800000,,,,,25200000,4,208,97.0,95,403,2,,62910031,2025-03-21 03:45:00.000,,62930070,2025-03-21 10:34:07.157,2025-03-21 10:33:59.782,,,UTC-0300,hriiVjEkYE,,com.sec.android.app.shealth,2025-03-21 10:28:00.000,eac58af0-866f-4d55-9427-2f886af12cae,
,,87.0,,67,87,2,0,3,824,768,0,0,,,,,0,900000,,0,4,,,-1,360000,9,,,,99.0,,1.0,,,82800000,,,,,25200000,1,730,99.0,49,824,2,,62910031,2025-03-22 04:08:00.000,,62930070,2025-03-22 17:54:24.361,2025-03-22 17:53:02.970,,,UTC-0300,hriiVjEkYE,,com.sec.android.app.shealth,2025-03-22 17:52:00.000,028cb114-770e-4d47-9c22-3fd99b9ad358,
,,94.0,,70,70,12,0,24,553,410,0,4,,,,,0,1020000,,1500000,112,,,-1,3600000,9,,,,95.0,2025-03-23 14:10:00.000,8.0,,2025-03-23 04:50:00.000,82800000,,,,,25200000,4,347,95.0,85,553,2,,62910031,2025-03-23 04:50:00.000,,62930070,2025-03-23 14:36:29.563,2025-03-23 14:36:21.722,,,UTC-0300,hriiVjEkYE,,com.sec.android.app.shealth,2025-03-23 14:03:00.000,051126c5-5b0b-4891-9bb1-69edc4943015,
,,69.0,,18,49,0,2,27,405,53,0,0,,,,,0,840000,,1560000,48,,,-1,4200000,9,,,,81.0,,8.0,,,82800000,,,,,25200000,4,281,93.0,81,405,2,,62910031,2025-03-25 04:40:00.000,,62930070,2025-03-25 11:53:15.635,2025-03-25 11:52:59.306,,,UTC-0300,hriiVjEkYE,,com.sec.android.app.shealth,2025-03-25 11:25:00.000,8a7e38fd-6063-4614-a3d0-43d9d6b29dce,
,,69.0,,76,76,14,1,23,398,312,0,3,,,,,0,960000,,900000,47,,,-1,780000,9,,,,91.0,2025-03-27 10:11:00.000,11.0,,2025-03-27 03:27:00.000,82800000,,,,,25200000,2,252,94.0,84,398,2,,62910031,2025-03-27 03:27:00.000,,62930070,2025-03-27 10:26:16.061,2025-03-27 10:26:08.771,,,UTC-0300,hriiVjEkYE,,com.sec.android.app.shealth,2025-03-27 10:05:00.000,5ee44084-90d1-47d7-aa17-b2f0dbbba818,
,,77.0,,70,71,4,3,16,348,176,0,3,,,,,0,780000,,1260000,58,,,-1,540000,9,,,,86.0,2025-03-28 10:28:00.000,8.0,,2025-03-28 04:33:00.000,82800000,,,,,25200000,3,203,95.0,80,348,2,,62910031,2025-03-28 04:33:00.000,,62930070,2025-03-28 10:50:01.787,2025-03-28 10:49:52.948,,,UTC-0300,hriiVjEkYE,,com.sec.android.app.shealth,2025-03-28 10:21:30.000,8b29e7a7-d042-4b5d-964e-4e1802252ab8,
,,94.0,,34,61,4,2,36,540,135,0,16,,,,,0,900000,,1440000,122,,,-1,3540000,9,,,,92.0,,13.0,,,82800000,,,,,25200000,5,321,93.0,86,540,2,,62910031,2025-03-30 04:11:00.000,,62930070,2025-03-30 13:42:24.998,2025-03-30 13:35:52.738,,,UTC-0300,hriiVjEkYE,,com.sec.android.app.shealth,2025-03-30 13:11:00.000,085e0999-eb21-43b3-9306-2c8354b5785a,
,,86.0,,41,59,2,1,15,398,166,0,3,,,,,0,1200000,,1440000,77,,,-1,2700000,9,,,,85.0,2025-03-31 10:58:00.000,6.0,,2025-03-31 03:58:00.000,82800000,,,,,25200000,3,247,96.0,84,398,2,,62910031,2025-03-31 03:58:00.000,,62930070,2025-03-31 11:22:27.899,2025-03-31 11:22:19.130,,,UTC-0300,hriiVjEkYE,,com.sec.android.app.shealth,2025-03-31 10:36:30.000,30a2222e-e986-42b1-82ce-a56054cdd498,
,,64.0,,21,60,2,0,21,395,79,0,0,,,,,0,1080000,,660000,40,,,-1,4440000,9,,,,85.0,,8.0,,,82800000,,,,,25200000,4,274,94.0,84,395,2,,62910031,2025-04-01 03:35:00.000,,62930070,2025-04-01 10:21:48.088,2025-04-01 10:21:33.905,,,UTC-0300,hriiVjEkYE,,com.sec.android.app.shealth,2025-04-01 10:10:00.000,1d8e2026-5727-4344-bc90-a87918ae0979,
,,92.0,,17,36,0,0,15,351,72,0,3,,,,,0,900000,,1740000,101,,,-1,11880000,9,,,,63.0,,6.0,,,82800000,,,,,25200000,3,199,95.0,80,351,2,,62910031,2025-04-02 04:15:00.000,,62950170,2025-04-02 10:36:06.917,2025-04-02 10:35:59.217,,,UTC-0300,hriiVjEkYE,,com.sec.android.app.shealth,2025-04-02 10:06:00.000,4a3b1a97-ac8e-4116-8269-695e5ae6bc3e,
,,89.0,,34,42,5,3,21,434,174,0,0,,,,,0,900000,,480000,90,,,-1,3180000,9,,,,79.0,2025-04-04 11:40:00.000,8.0,,2025-04-04 03:59:00.000,82800000,,,,,25200000,4,281,95.0,86,434,2,,62950051,2025-04-04 03:59:00.000,,62950170,2025-04-04 11:48:33.258,2025-04-04 11:48:25.939,,,UTC-0300,hriiVjEkYE,,com.sec.android.app.shealth,2025-04-04 11:13:30.000,ad6416fd-4ca9-48a9-b6e1-08c73a357562,
,,92.0,,23,36,13,4,34,521,318,0,11,,,,,0,900000,,1560000,106,,,-1,540000,9,,,,81.0,2025-04-05 13:10:00.000,13.0,,2025-04-05 03:55:00.000,82800000,,,,,25200000,5,345,93.0,80,521,2,,62950051,2025-04-05 03:55:00.000,,62950170,2025-04-05 13:36:26.354,2025-04-05 13:36:14.018,,,UTC-0300,hriiVjEkYE,,com.sec.android.app.shealth,2025-04-05 12:36:30.000,a820ca9c-c2d6-4295-a53e-6e725ccf6447,
,,95.0,,79,79,10,0,16,550,520,0,5,,,,,0,1200000,,1080000,122,,,-1,2340000,9,,,,96.0,2025-04-06 13:15:00.000,6.0,,2025-04-06 03:58:00.000,82800000,,,,,25200000,5,333,97.0,85,550,2,,62950051,2025-04-06 03:58:00.000,,62950170,2025-04-06 13:33:22.474,2025-04-06 13:33:11.586,,,UTC-0300,hriiVjEkYE,,com.sec.android.app.shealth,2025-04-06 13:08:30.000,ffbb9f1a-1aed-4b85-90fd-4e90415317bb,
,,71.0,,52,55,4,2,23,438,165,0,6,,,,,0,1200000,,600000,48,,,-1,5460000,9,,,,85.0,,9.0,,,82800000,,,,,25200000,2,312,94.0,82,438,2,,62950051,2025-04-07 03:41:00.000,,62950170,2025-04-07 11:09:32.987,2025-04-07 11:09:25.326,,,UTC-0300,hriiVjEkYE,,com.sec.android.app.shealth,2025-04-07 10:59:00.000,8fc156ef-473e-4df7-949e-5095d498b8c0,
,,89.0,,37,94,1,2,26,429,92,0,9,,,,,0,840000,,300000,90,,,-1,900000,9,,,,95.0,2025-04-08 11:25:00.000,10.0,,2025-04-08 04:11:00.000,82800000,,,,,25200000,4,219,93.0,95,429,2,,62950051,2025-04-08 04:11:00.000,,62950170,2025-04-08 11:30:24.892,2025-04-08 11:30:17.818,,,UTC-0300,hriiVjEkYE,,com.sec.android.app.shealth,2025-04-08 11:20:30.000,4af9206a-665d-4131-9dd2-b95cd7314621,
,,81.0,,34,84,2,0,17,389,84,0,3,,,,,0,900000,,900000,65,,,-1,480000,9,,,,92.0,,8.0,,,82800000,,,,,25200000,3,223,95.0,85,389,2,,62950051,2025-04-09 03:43:00.000,,62950170,2025-04-09 10:28:02.911,2025-04-09 10:27:54.822,,,UTC-0300,hriiVjEkYE,,com.sec.android.app.shealth,2025-04-09 10:12:00.000,73b81e6a-e085-44ee-b2af-cf2531f8b4c3,
,,93.0,,69,84,7,0,40,582,246,0,19,,,,,0,1080000,,480000,110,,,-1,3780000,9,,,,96.0,2025-04-12 14:35:00.000,13.0,,2025-04-12 04:35:00.000,82800000,,,,,25200000,6,348,93.0,75,582,2,,62950051,2025-04-12 04:35:00.000,,62950170,2025-04-12 14:43:33.933,2025-04-12 14:43:22.265,,,UTC-0300,hriiVjEkYE,,com.sec.android.app.shealth,2025-04-12 14:17:00.000,a42e5398-84e3-4642-b9b0-73c09d0e9af0,
,,96.0,,101,101,13,2,13,495,482,0,0,,,,,0,1020000,,-1,127,,,-1,2340000,9,,,,97.0,,6.0,,,82800000,,,,,25200000,4,254,97.0,97,495,2,,62950051,2025-04-13 03:27:00.000,,62950170,2025-04-14 03:16:44.711,2025-04-14 03:07:07.668,,,UTC-0300,hriiVjEkYE,,com.sec.android.app.shealth,2025-04-13 11:42:00.000,9ef62323-c868-4332-b103-ab4d34c0e3a0,
,,75.0,,64,95,7,0,25,354,144,0,3,,,,,0,840000,,1500000,58,,,-1,2880000,9,,,,93.0,,13.0,,,82800000,,,,,25200000,2,176,92.0,77,354,2,,62950051,2025-04-14 05:04:00.000,,62950170,2025-04-14 11:23:51.361,2025-04-14 11:23:46.050,,,UTC-0300,hriiVjEkYE,,com.sec.android.app.shealth,2025-04-14 10:58:00.000,9d3a1538-2657-4f1f-96b4-e57ee07c7100,
,,72.0,,42,74,7,4,27,425,172,0,8,,,,,0,960000,,1500000,52,,,-1,3780000,9,,,,91.0,2025-04-15 11:20:00.000,12.0,,2025-04-15 04:08:00.000,82800000,,,,,25200000,4,272,93.0,88,425,2,,62950051,2025-04-15 04:08:00.000,,62950170,2025-04-15 11:45:56.335,2025-04-15 11:45:46.941,,,UTC-0300,hriiVjEkYE,,com.sec.android.app.shealth,2025-04-15 11:13:30.000,89f1a520-a3ec-4e73-826f-ad2920348cad,
,,77.0,,29,42,9,2,20,317,159,0,0,,,,,0,780000,,1560000,59,,,-1,5280000,9,,,,65.0,,12.0,,,82800000,,,,,25200000,2,196,93.0,61,317,2,,62950051,2025-04-16 04:43:00.000,,62950170,2025-04-16 10:26:26.191,2025-04-16 10:26:18.782,,,UTC-0300,hriiVjEkYE,,com.sec.android.app.shealth,2025-04-16 10:00:00.000,60a01ba2-976d-49d5-9684-494fb04e7d11,
,,78.0,,42,49,9,3,23,430,242,0,0,,,,,0,900000,,300000,60,,,-1,1440000,9,,,,83.0,2025-04-17 10:21:00.000,9.0,,2025-04-17 03:05:00.000,82800000,,,,,25200000,3,298,94.0,82,430,2,,62950051,2025-04-17 03:05:00.000,,62950170,2025-04-17 10:26:34.634,2025-04-17 10:26:26.143,,,UTC-0300,hriiVjEkYE,,com.sec.android.app.shealth,2025-04-17 10:15:30.000,a969f048-9c89-483b-9f7b-9fda27209ee2,
,,95.0,,58,58,8,4,18,560,297,0,0,,,,,0,840000,,1440000,120,,,-1,1620000,9,,,,93.0,2025-04-18 14:02:00.000,6.0,,2025-04-18 04:34:00.000,82800000,,,,,25200000,5,364,96.0,84,560,2,,62950051,2025-04-18 04:34:00.000,,62950170,2025-04-18 14:28:07.900,2025-04-18 14:27:59.870,,,UTC-0300,hriiVjEkYE,,com.sec.android.app.shealth,2025-04-18 13:54:30.000,95187766-da9d-4427-8205-32a6acbaedfe,
,,97.0,,28,120,3,1,27,581,78,0,9,,,,,0,1200000,,1440000,147,,,-1,2400000,9,,,,98.0,,11.0,,,82800000,,,,,25200000,6,287,95.0,87,581,2,,62950051,2025-04-21 04:18:00.000,,62950170,2025-04-21 14:23:33.402,2025-04-21 14:23:22.623,,,UTC-0300,hriiVjEkYE,,com.sec.android.app.shealth,2025-04-21 13:59:00.000,b9388adb-ec72-4c42-ba67-cc029c44b8b8,
,,89.0,,27,27,1,0,11,332,75,0,0,,,,,0,960000,,1440000,81,,,-1,480000,9,,,,53.0,,5.0,,,82800000,,,,,25200000,3,213,96.0,72,332,2,,62950051,2025-04-22 05:06:00.000,,62950170,2025-04-22 11:02:29.054,2025-04-22 11:02:18.180,,,UTC-0300,hriiVjEkYE,,com.sec.android.app.shealth,2025-04-22 10:38:00.000,0fe9085c-707f-4f2b-9db1-7ed71aef376c,
,,89.0,,26,53,1,1,12,386,84,0,0,,,,,0,900000,,1440000,84,,,-1,1140000,9,,,,81.0,2025-04-23 11:19:00.000,4.0,,2025-04-23 04:47:00.000,82800000,,,,,25200000,5,237,96.0,83,386,2,,62950051,2025-04-23 04:47:00.000,,62950170,2025-04-23 11:43:28.315,2025-04-23 11:43:20.315,,,UTC-0300,hriiVjEkYE,,com.sec.android.app.shealth,2025-04-23 11:13:30.000,ffa4868e-9ef8-4b04-baf6-fc304fd5ed5a,
,,74.0,,34,69,1,1,53,443,81,0,34,,,,,0,1020000,,300000,59,,,-1,3420000,9,,,,87.0,,21.0,,,82800000,,,,,25200000,4,262,88.0,89,443,2,,62950051,2025-04-24 03:26:00.000,,62950170,2025-04-24 10:54:11.296,2025-04-24 10:54:03.026,,,UTC-0300,hriiVjEkYE,,com.sec.android.app.shealth,2025-04-24 10:49:00.000,8c7e4b86-1a1d-4318-a2f1-cf3e7331fdb5,
,,97.0,,101,101,9,0,18,636,557,0,5,,,,,0,1020000,,1560000,154,,,-1,720000,9,,,,98.0,2025-04-26 14:23:00.000,5.0,,2025-04-26 03:39:00.000,82800000,,,,,25200000,6,363,97.0,78,636,2,,62950051,2025-04-26 03:39:00.000,,62950170,2025-04-26 14:51:12.813,2025-04-26 14:51:02.347,,,UTC-0300,hriiVjEkYE,,com.sec.android.app.shealth,2025-04-26 14:15:00.000,2ddd2db0-53a0-4b48-bd3d-0da799edf364,
,,76.0,,22,52,1,0,4,356,72,0,0,,,,,0,840000,,-1,53,,,-1,2340000,9,,,,78.0,,3.0,,,82800000,,,,,25200000,2,247,98.0,72,356,2,,62950051,2025-04-28 04:17:00.000,,62950170,2025-04-29 01:39:54.162,2025-04-29 01:38:23.765,,,UTC-0300,hriiVjEkYE,,com.sec.android.app.shealth,2025-04-28 10:13:00.000,889f8018-d3d5-4536-b05f-e06bb6c339e7,
,,90.0,,10,64,0,3,21,399,70,0,3,,,,,0,1020000,,360000,92,,,-1,540000,9,,,,87.0,2025-04-29 10:32:00.000,7.0,,2025-04-29 03:48:00.000,82800000,,,,,25200000,5,222,94.0,91,399,2,,62950051,2025-04-29 03:48:00.000,,62950170,2025-04-29 10:40:26.490,2025-04-29 10:38:19.513,,,UTC-0300,hriiVjEkYE,,com.sec.android.app.shealth,2025-04-29 10:27:00.000,9d21efc6-2225-47e8-8d44-7e066c8d3799,
,,92.0,,48,74,3,1,9,371,171,0,0,,,,,0,1080000,,1560000,98,,,-1,600000,9,,,,89.0,,4.0,,,82800000,,,,,25200000,4,190,97.0,89,371,2,,62950051,2025-04-30 04:24:00.000,,62950170,2025-04-30 11:01:39.446,2025-04-30 11:01:31.629,,,UTC-0300,hriiVjEkYE,,com.sec.android.app.shealth,2025-04-30 10:35:00.000,fef1a9d7-9595-4094-ad44-e631c74ac287,
,,95.0,,58,58,1,4,32,536,164,0,7,,,,,0,1080000,,1440000,128,,,-1,6120000,9,,,,92.0,2025-05-02 14:01:00.000,8.0,,2025-05-02 04:59:00.000,82800000,,,,,25200000,7,318,93.0,88,536,2,,62970091,2025-05-02 04:59:00.000,,62950170,2025-05-02 14:26:04.428,2025-05-02 14:25:54.529,,,UTC-0300,hriiVjEkYE,,com.sec.android.app.shealth,2025-05-02 13:55:30.000,6f6ef3e7-c744-4cf3-abc3-e1b4816d93b2,
,,87.0,,36,36,11,2,11,299,298,0,0,,,,,0,780000,,-1,75,,,-1,420000,9,,,,58.0,,8.0,,,82800000,,,,,25200000,3,177,96.0,69,299,2,,62970091,2025-05-03 04:59:00.000,,62950170,2025-05-03 21:47:55.837,2025-05-03 21:47:13.486,,,UTC-0300,hriiVjEkYE,,com.sec.android.app.shealth,2025-05-03 09:58:00.000,904db012-326d-4add-9ea6-f4007132bba2,
,,82.0,,42,42,8,1,28,391,194,0,5,,,,,0,840000,,540000,71,,,-1,5100000,9,,,,73.0,,13.0,,,82800000,,,,,25200000,5,250,92.0,75,391,2,,62970091,2025-05-04 05:42:00.000,,62950170,2025-05-04 12:23:23.674,2025-05-04 12:23:00.016,,,UTC-0300,hriiVjEkYE,,com.sec.android.app.shealth,2025-05-04 12:13:00.000,8613cc74-f84b-4821-bd90-2d986797bc7a,
,,91.0,,19,63,1,2,27,534,70,0,0,,,,,0,960000,,960000,94,,,-1,4860000,9,,,,94.0,2025-05-07 13:52:00.000,6.0,,2025-05-07 04:52:00.000,82800000,,,,,25200000,6,350,94.0,85,534,2,,62970091,2025-05-07 04:52:00.000,,62950170,2025-05-07 14:09:05.750,2025-05-07 14:08:57.508,,,UTC-0300,hriiVjEkYE,,com.sec.android.app.shealth,2025-05-07 13:46:30.000,a1ad83b2-05a9-40a9-9d05-76089fe2ee67,
,,70.0,,32,62,2,2,29,367,91,0,11,,,,,0,1080000,,1560000,51,,,-1,4500000,9,,,,82.0,,13.0,,,82800000,,,,,25200000,4,225,92.0,80,367,2,,62970091,2025-05-08 05:05:00.000,,62950170,2025-05-08 11:38:13.293,2025-05-08 11:38:04.200,,,UTC-0300,hriiVjEkYE,,com.sec.android.app.shealth,2025-05-08 11:12:00.000,b8c1f019-6afc-4fde-9941-5e1ebb479a62,
,,9.0,,3,3,13,0,13,123,122,0,4,,,,,0,900000,,300000,0,,,-1,1980000,9,,,,10.0,,25.0,,,82800000,,,,,25200000,0,107,89.0,27,123,2,,62970091,2025-05-08 11:45:00.000,,62950170,2025-05-08 13:54:17.460,2025-05-08 13:53:49.927,,,UTC-0300,hriiVjEkYE,,com.sec.android.app.shealth,2025-05-08 13:48:00.000,2919e88c-7946-402d-80a7-b66af6131da8,
,,83.0,,48,74,2,0,12,360,148,0,3,,,,,0,840000,,420000,67,,,-1,1200000,9,,,,88.0,,6.0,,,82800000,,,,,25200000,4,207,96.0,80,360,2,,62970091,2025-05-12 03:57:00.000,,62950170,2025-05-12 10:04:15.433,2025-05-12 10:04:07.905,,,UTC-0300,hriiVjEkYE,,com.sec.android.app.shealth,2025-05-12 09:57:00.000,455e5ac2-3fb2-47dd-92d2-36f2cb6c2113,
,,56.0,,56,72,3,0,12,334,141,0,0,,,,,0,1080000,,1500000,33,,,-1,1560000,9,,,,86.0,2025-05-14 10:55:00.000,6.0,,2025-05-14 05:10:00.000,82800000,,,,,25200000,2,217,96.0,70,334,2,,62970091,2025-05-14 05:10:00.000,,62950170,2025-05-14 11:25:00.447,2025-05-14 11:24:52.881,,,UTC-0300,hriiVjEkYE,,com.sec.android.app.shealth,2025-05-14 10:44:00.000,525e3ae9-2e30-4230-ab0e-e05c409e4be5,
,,91.0,,34,53,6,1,24,447,264,0,11,,,,,0,900000,,360000,97,,,-1,3000000,9,,,,84.0,2025-05-17 12:02:00.000,10.0,,2025-05-17 04:27:00.000,82800000,,,,,25200000,5,273,94.0,86,447,2,,62970091,2025-05-17 04:27:00.000,,62950170,2025-05-17 13:12:35.951,2025-05-17 12:08:34.862,,,UTC-0300,hriiVjEkYE,,com.sec.android.app.shealth,2025-05-17 11:54:30.000,93bff9ee-7e31-4c55-9e65-e0a6111aba65,
,,95.0,,105,115,4,1,31,526,311,0,15,,,,,0,960000,,1560000,127,,,-1,2160000,9,,,,98.0,2025-05-18 13:43:00.000,10.0,,2025-05-18 04:15:00.000,82800000,,,,,25200000,7,253,94.0,92,526,2,,62970091,2025-05-18 04:15:00.000,,62950170,2025-05-18 14:15:12.599,2025-05-18 14:15:00.169,,,UTC-0300,hriiVjEkYE,,com.sec.android.app.shealth,2025-05-18 13:01:00.000,bf6bf61a-7491-43ad-a20e-8db0b1b4acb7,
,,87.0,,74,90,4,0,19,424,273,0,10,,,,,0,1200000,,1500000,82,,,-1,3840000,9,,,,94.0,2025-05-20 13:04:00.000,9.0,,2025-05-20 05:53:00.000,82800000,,,,,25200000,5,233,95.0,94,424,2,,62970091,2025-05-20 05:53:00.000,,62950170,2025-05-20 13:30:07.099,2025-05-20 13:29:56.294,,,UTC-0300,hriiVjEkYE,,com.sec.android.app.shealth,2025-05-20 12:57:00.000,f6d97274-56e7-4590-a8bf-f16601d7683b,
,,64.0,,51,51,12,1,20,342,251,0,7,,,,,0,720000,,1800000,43,,,-1,9660000,9,,,,73.0,,13.0,,,82800000,,,,,25200000,2,228,94.0,67,342,2,,62980011,2025-05-27 05:05:00.000,,62950170,2025-05-27 11:17:13.420,2025-05-27 11:17:06.020,,,UTC-0300,hriiVjEkYE,,com.sec.android.app.shealth,2025-05-27 10:47:00.000,8a31b0ef-9272-4b77-8eec-de75db5c7122,
,,90.0,,38,89,3,0,18,389,90,0,3,,,,,0,960000,,1320000,92,,,-1,2460000,9,,,,93.0,,9.0,,,82800000,,,,,25200000,3,190,95.0,89,389,2,,62980011,2025-05-29 03:22:00.000,,62950170,2025-05-29 10:13:39.691,2025-05-29 10:13:30.289,,,UTC-0300,hriiVjEkYE,,com.sec.android.app.shealth,2025-05-29 09:51:00.000,9383a502-ccc8-4afb-9fb6-6d4c6c72ab20,
,,77.0,,35,99,4,1,43,377,79,0,27,,,,,0,840000,,1500000,65,,,-1,1260000,9,,,,92.0,,24.0,,,82800000,,,,,25200000,4,170,88.0,78,377,2,,62980011,2025-05-30 03:28:00.000,,62950170,2025-05-30 10:10:22.002,2025-05-30 10:10:12.785,,,UTC-0300,hriiVjEkYE,,com.sec.android.app.shealth,2025-05-30 09:45:00.000,e30db2a9-38d4-4b6f-8c9d-37f34b4ea4e4,
34,,90.0,9,21,67,4,8,46,482,73,3,6,,12,,16,0,780000,83,840000,101,,,-1,2400000,10,13,15,23,92.0,2025-06-03 11:35:00.000,17.0,,2025-06-03 03:26:00.000,82800000,,,12,19,25200000,6,268,91.0,86,482,2,33,62980011,2025-06-03 03:26:00.000,,63010030,2025-06-03 11:49:35.365,2025-06-03 11:49:16.926,,,UTC-0300,hriiVjEkYE,,com.sec.android.app.shealth,2025-06-03 11:28:00.000,eb6fd195-010a-4bbc-aa3d-442de9a7daa7,
34,,11.0,10,14,14,7,0,7,105,105,0,0,,7,,16,0,900000,48,1560000,3,8401df1b-a45d-4084-bc53-df3a5b975dcf,,-1,5700000,10,3,15,23,14.0,,14.0,,,82800000,,,12,1,25200000,0,81,96.0,23,105,2,2,62980011,2025-06-04 03:54:00.000,,63010030,2025-06-04 10:28:31.725,2025-06-04 06:05:56.079,,,UTC-0300,hriiVjEkYE,,com.sec.android.app.shealth,2025-06-04 05:39:00.000,d2d9e4df-a915-45f4-a71c-2424e8e5ea8b,
34,,85.0,9,0,41,2,3,23,264,38,0,7,,12,,16,0,900000,84,300000,71,8401df1b-a45d-4084-bc53-df3a5b975dcf,,-1,1200000,10,16,15,23,55.0,,18.0,,,82800000,,,12,19,25200000,4,129,91.0,61,264,2,5,62980011,2025-06-04 05:59:00.000,,63010030,2025-06-04 10:28:31.731,2025-06-04 10:28:23.964,,,UTC-0300,hriiVjEkYE,,com.sec.android.app.shealth,2025-06-04 10:23:00.000,f0406f10-382b-4a0a-a450-35540cbec99c,
34,,89.0,10,11,74,1,2,15,291,61,0,0,,12,,16,0,1080000,86,1380000,80,,,-1,1740000,10,16,15,23,83.0,,8.0,,,82800000,,,12,19,25200000,3,122,95.0,66,291,2,9,62980011,2025-06-05 05:01:00.000,,63010030,2025-06-05 10:15:29.347,2025-06-05 10:15:22.656,,,UTC-0300,hriiVjEkYE,,com.sec.android.app.shealth,2025-06-05 09:52:00.000,571cbaee-769b-4617-8a1d-a3a1db4f2bfd,
34,,95.0,10,6,79,1,4,25,430,57,0,0,,11,,16,0,780000,79,1740000,131,,,-1,4740000,10,5,15,23,93.0,,8.0,,,82800000,,,12,18,25200000,4,195,95.0,76,430,2,32,62980011,2025-06-12 04:05:00.000,,63010030,2025-06-12 11:44:53.120,2025-06-12 11:44:40.918,,,UTC-0300,hriiVjEkYE,,com.sec.android.app.shealth,2025-06-12 11:15:00.000,2d1f248a-278a-4463-aa8b-10a8c159aebc,
34,,89.0,10,21,64,1,4,16,313,76,0,3,,10,,16,0,1200000,70,300000,84,,,-1,6540000,10,2,15,23,80.0,,8.0,,,82800000,,,12,16,25200000,3,149,96.0,50,313,2,12,62980011,2025-06-14 04:48:00.000,,63010030,2025-06-14 10:06:31.134,2025-06-14 10:06:19.982,,,UTC-0300,hriiVjEkYE,,com.sec.android.app.shealth,2025-06-14 10:01:00.000,2201a1d6-96f6-42b5-9e7d-44202173acbc,
34,,31.0,9,20,20,11,1,11,122,122,0,3,,12,,16,0,840000,85,780000,14,,,-1,480000,10,16,15,23,18.0,,22.0,,,82800000,,,12,12,25200000,0,77,91.0,51,122,2,2,62980011,2025-06-14 10:24:00.000,,63010030,2025-06-14 12:39:15.211,2025-06-14 12:39:11.565,,,UTC-0300,hriiVjEkYE,,com.sec.android.app.shealth,2025-06-14 12:26:00.000,fb0c24fc-1ba1-471d-926a-57d6e001343b,
34,,80.0,10,38,83,2,5,31,413,86,0,4,,13,,16,0,900000,90,420000,68,,,-1,600000,10,16,15,23,93.0,,12.0,,,82800000,,,12,19,25200000,3,231,92.0,86,413,2,28,62980011,2025-06-17 03:35:00.000,,63010030,2025-06-17 10:36:01.268,2025-06-17 10:35:54.385,,,UTC-0300,hriiVjEkYE,,com.sec.android.app.shealth,2025-06-17 10:28:00.000,a6d834ff-4990-4b21-9872-20f2220eb9bc,
34,,96.0,11,47,129,1,6,18,469,99,0,0,,12,,16,0,900000,91,1440000,142,,,-1,1380000,10,16,15,23,98.0,2025-06-19 13:25:00.000,5.0,,2025-06-19 05:05:00.000,82800000,,,12,20,25200000,5,180,96.0,93,469,2,34,62980011,2025-06-19 05:05:00.000,,63010030,2025-06-19 13:51:38.079,2025-06-19 13:51:28.999,,,UTC-0300,hriiVjEkYE,,com.sec.android.app.shealth,2025-06-19 12:54:00.000,004cc2b2-cffb-4040-80d8-612149565c78,
34,,95.0,9,14,77,2,1,31,405,85,0,14,,13,,16,0,840000,89,360000,126,,,-1,660000,10,16,15,23,90.0,,14.0,,,82800000,,,12,20,25200000,4,171,92.0,84,405,2,26,62980011,2025-06-20 04:01:00.000,,63010030,2025-06-20 10:52:39.817,2025-06-20 10:52:04.401,,,UTC-0300,hriiVjEkYE,,com.sec.android.app.shealth,2025-06-20 10:46:00.000,a5c7f3c8-2034-46e2-a057-c85f80ab05cd,
34,,98.0,10,27,143,4,15,30,589,81,0,0,,12,,16,0,960000,89,960000,195,,,-1,2160000,10,14,15,23,99.0,2025-06-22 14:07:00.000,10.0,,2025-06-22 03:39:00.000,82800000,,,12,19,25200000,7,221,95.0,87,589,2,32,62980011,2025-06-22 03:39:00.000,,63010030,2025-06-22 14:23:22.721,2025-06-22 14:23:10.731,,,UTC-0300,hriiVjEkYE,,com.sec.android.app.shealth,2025-06-22 13:28:00.000,fbc9b914-b861-4b69-bdfc-db32578cb030,
34,,8.0,2,0,0,34,0,34,94,94,0,27,,0,,16,0,960000,47,1800000,0,,,-1,1800000,10,16,15,23,8.0,,100.0,,,82800000,,,12,0,25200000,0,60,72.0,19,94,2,1,62980011,2025-06-22 20:20:00.000,,63010030,2025-06-22 22:24:18.708,2025-06-22 22:24:05.593,,,UTC-0300,hriiVjEkYE,,com.sec.android.app.shealth,2025-06-22 21:54:00.000,55cb8f1f-a87e-4dc5-8795-93014a59a695,
34,,95.0,11,15,75,2,4,15,411,75,0,0,,13,,16,0,1200000,91,1440000,119,,,-1,1200000,10,16,15,23,91.0,2025-06-23 10:44:00.000,6.0,,2025-06-23 03:46:00.000,82800000,,,12,21,25200000,4,202,96.0,92,411,2,31,62980011,2025-06-23 03:46:00.000,,63010030,2025-06-23 11:08:32.264,2025-06-23 11:08:19.684,,,UTC-0300,hriiVjEkYE,,com.sec.android.app.shealth,2025-06-23 10:37:30.000,0b0313bc-0e95-4376-b9a8-d3772667b503,
34,,93.0,10,14,94,3,11,31,431,79,0,5,,12,,16,0,1200000,88,1740000,116,,,-1,1320000,10,16,15,23,95.0,,13.0,,,82800000,,,12,20,25200000,4,190,93.0,89,431,2,31,62980011,2025-06-24 04:01:00.000,,63010030,2025-06-24 11:41:54.876,2025-06-24 11:41:40.561,,,UTC-0300,hriiVjEkYE,,com.sec.android.app.shealth,2025-06-24 11:12:00.000,2f1f4aba-a2a8-48cb-b7c5-6b19056d92e2,
34,,94.0,10,27,44,5,4,21,376,127,0,0,,12,,16,0,780000,84,360000,116,,,-1,2520000,10,12,15,23,75.0,,10.0,,,82800000,,,12,19,25200000,3,195,94.0,76,376,2,23,62980011,2025-06-25 04:10:00.000,,63010030,2025-06-25 10:32:26.314,2025-06-25 10:32:13.425,,,UTC-0300,hriiVjEkYE,,com.sec.android.app.shealth,2025-06-25 10:26:00.000,5601413f-747a-46fb-ad3d-0cea0ddc68c1,
34,,94.0,10,0,77,3,8,18,363,54,3,3,,13,,16,0,1020000,88,1800000,110,,,-1,1620000,10,16,15,23,89.0,,11.0,,,82800000,,,12,20,25200000,4,158,95.0,80,363,2,21,62980011,2025-06-26 04:06:00.000,,63020270,2025-06-26 10:40:03.287,2025-06-26 10:39:55.935,,,UTC-0300,hriiVjEkYE,,com.sec.android.app.shealth,2025-06-26 10:09:00.000,4de127ef-05e6-4698-9929-e59feccf777e,
34,,93.0,9,40,94,2,5,35,452,89,0,11,,12,,16,0,1020000,85,1560000,116,,,-1,2280000,10,13,15,23,95.0,2025-06-27 11:37:00.000,13.0,,2025-06-27 03:50:00.000,82800000,,,12,19,25200000,5,207,92.0,85,452,2,32,62980011,2025-06-27 03:50:00.000,,63020270,2025-06-27 12:03:34.832,2025-06-27 12:03:25.013,,,UTC-0300,hriiVjEkYE,,com.sec.android.app.shealth,2025-06-27 11:22:30.000,03d1fad9-c737-4dd6-8704-2e8cba0a38b1,
34,,96.0,10,18,120,4,5,39,551,76,0,9,,13,,16,0,840000,91,300000,139,,,-1,600000,10,16,15,23,98.0,2025-06-28 13:34:00.000,14.0,,2025-06-28 04:18:00.000,82800000,,,12,20,25200000,6,253,92.0,92,551,2,33,62980011,2025-06-28 04:18:00.000,,63020270,2025-06-28 13:39:23.795,2025-06-28 13:39:13.743,,,UTC-0300,hriiVjEkYE,,com.sec.android.app.shealth,2025-06-28 13:29:30.000,c9e0e898-3bd8-4ac8-adf2-c6c7e8f75b82,
34,,97.0,10,22,114,3,8,26,523,72,0,4,,12,,16,0,1200000,82,-1,161,,,-1,4560000,10,5,15,23,98.0,,11.0,,,82800000,,,12,18,25200000,6,222,95.0,78,523,2,33,62980011,2025-06-29 04:58:00.000,,63020270,2025-06-29 19:04:48.347,2025-06-29 17:08:41.366,,,UTC-0300,hriiVjEkYE,,com.sec.android.app.shealth,2025-06-29 13:41:00.000,b28a25fa-5a2d-4c4e-a446-b00f260e9fe8,
34,,94.0,10,18,71,3,6,28,408,62,0,4,,11,,16,0,1020000,79,1320000,119,,,-1,4080000,10,7,15,23,90.0,,14.0,,,82800000,,,12,18,25200000,5,190,94.0,74,408,2,28,62980011,2025-07-01 04:43:00.000,,63020270,2025-07-01 11:54:01.630,2025-07-01 11:53:52.963,,,UTC-0300,hriiVjEkYE,,com.sec.android.app.shealth,2025-07-01 11:31:00.000,b520f598-c95e-4a21-b562-15c6316bc127,
34,,94.0,10,0,68,3,2,20,375,46,0,0,,11,,16,0,900000,76,600000,111,,,-1,5460000,10,3,15,23,87.0,,12.0,,,82800000,,,12,17,25200000,4,176,95.0,64,375,2,23,62981051,2025-07-03 03:51:00.000,,63020270,2025-07-03 10:16:46.899,2025-07-03 10:16:39.379,,,UTC-0300,hriiVjEkYE,,com.sec.android.app.shealth,2025-07-03 10:06:00.000,a9cd50f2-c444-4770-99c5-26d6b299b792,
34,,92.0,8,40,83,24,6,37,370,124,0,20,,12,,16,0,1020000,85,480000,109,,,-1,1140000,10,16,15,23,89.0,,35.0,,,82800000,,,12,19,25200000,3,141,90.0,73,370,2,18,62981051,2025-07-04 04:32:00.000,,63020270,2025-07-04 10:50:35.747,2025-07-04 10:50:18.969,,,UTC-0300,hriiVjEkYE,,com.sec.android.app.shealth,2025-07-04 10:42:00.000,2ba3362c-709e-4c05-a440-a0a65047376c,
34,,90.0,8,13,95,3,6,49,455,77,0,26,,11,,16,0,1200000,78,300000,101,,,-1,3600000,10,8,15,23,94.0,2025-07-07 11:34:00.000,20.0,,2025-07-07 03:52:00.000,82800000,,,12,18,25200000,6,210,90.0,75,455,2,30,62981051,2025-07-07 03:52:00.000,,63020270,2025-07-07 11:39:23.252,2025-07-07 11:39:11.470,,,UTC-0300,hriiVjEkYE,,com.sec.android.app.shealth,2025-07-07 11:27:00.000,aa4c22fd-76a3-4c2f-94fb-16f92180a1ea,
34,,90.0,10,49,108,4,2,27,423,88,0,7,,12,,16,0,1200000,84,900000,93,,,-1,2700000,10,12,15,23,96.0,,13.0,,,82800000,,,12,19,25200000,5,195,94.0,83,423,2,30,62981051,2025-07-09 03:01:00.000,,63020310,2025-07-09 10:19:45.749,2025-07-09 10:19:32.744,,,UTC-0300,hriiVjEkYE,,com.sec.android.app.shealth,2025-07-09 10:04:00.000,fa273fd0-b988-40ba-a814-8819f6f5b8ac,
34,,6.0,4,0,0,14,0,14,61,61,0,12,,0,,16,0,1080000,62,1800000,0,9477c700-597d-4124-9c75-85041b18d489,,-1,780000,10,16,15,23,6.0,,68.0,,,82800000,,,12,0,25200000,0,47,80.0,21,61,2,1,62981051,2025-07-13 02:51:00.000,,63020310,2025-07-13 14:33:02.534,2025-07-13 04:22:25.435,,,UTC-0300,hriiVjEkYE,,com.sec.android.app.shealth,2025-07-13 03:52:00.000,f60c01c5-c5aa-4766-ae85-a2d5cfb25eb0,
34,,96.0,8,41,75,6,13,60,552,145,3,33,,12,,16,0,960000,80,1440000,153,9477c700-597d-4124-9c75-85041b18d489,,-1,3420000,10,9,15,23,94.0,2025-07-13 14:08:00.000,21.0,,2025-07-13 04:49:00.000,82800000,,,12,18,25200000,4,264,90.0,78,552,2,31,62981051,2025-07-13 04:49:00.000,,63020310,2025-07-13 14:33:02.539,2025-07-13 14:32:50.422,,,UTC-0300,hriiVjEkYE,,com.sec.android.app.shealth,2025-07-13 14:01:00.000,bca442f9-6399-4b46-8991-0b90b95ab504,
34,,94.0,10,8,29,5,6,25,418,77,0,0,,10,,16,0,780000,85,540000,115,,,-1,2400000,10,13,15,23,67.0,2025-07-14 11:19:00.000,13.0,,2025-07-14 04:14:00.000,82800000,,,12,19,25200000,4,249,94.0,82,418,2,30,62981051,2025-07-14 04:14:00.000,,63020310,2025-07-14 11:28:53.842,2025-07-14 11:28:46.676,,,UTC-0300,hriiVjEkYE,,com.sec.android.app.shealth,2025-07-14 11:12:00.000,bef89ec9-1a05-4ee3-8244-192a68dc32a8,
34,,87.0,7,15,64,6,3,66,449,82,0,39,,12,,16,0,960000,83,420000,90,,,-1,480000,10,16,15,23,85.0,2025-07-16 11:33:00.000,31.0,,2025-07-16 03:59:00.000,82800000,,,12,19,25200000,5,229,85.0,80,449,2,26,62981051,2025-07-16 03:59:00.000,,63020310,2025-07-16 11:46:10.785,2025-07-16 11:40:49.667,,,UTC-0300,hriiVjEkYE,,com.sec.android.app.shealth,2025-07-16 11:28:00.000,26bac2ea-ff18-407b-8d97-c590b3284dc5,
34,,86.0,10,26,87,2,1,27,387,73,0,8,,13,,16,0,1140000,90,300000,81,,,-1,780000,10,16,15,23,92.0,2025-07-17 10:26:00.000,12.0,,2025-07-17 03:49:00.000,82800000,,,12,20,25200000,5,192,93.0,83,387,2,24,62981051,2025-07-17 03:49:00.000,,63020310,2025-07-17 10:31:28.760,2025-07-17 10:31:22.133,,,UTC-0300,hriiVjEkYE,,com.sec.android.app.shealth,2025-07-17 10:16:00.000,875a5cff-f275-40ed-8805-7d3f495a4ff2,
34,,88.0,10,31,78,1,1,20,384,74,0,7,,13,,16,0,840000,93,960000,85,,,-1,300000,10,15,15,23,90.0,,8.0,,,82800000,,,12,21,25200000,4,201,94.0,84,384,2,25,62981551,2025-07-18 03:43:00.000,,63020310,2025-07-18 10:26:15.430,2025-07-18 10:23:12.411,,,UTC-0300,hriiVjEkYE,,com.sec.android.app.shealth,2025-07-18 10:07:00.000,afebb1de-da6d-4d54-ae64-d9ed77bb0260,
34,,96.0,9,30,91,5,6,43,552,81,0,18,,12,,16,0,1080000,86,780000,149,,,-1,2160000,10,14,15,23,97.0,2025-07-19 13:05:00.000,17.0,,2025-07-19 03:45:00.000,82800000,,,12,19,25200000,6,269,92.0,86,552,2,32,62981551,2025-07-19 03:45:00.000,,63030110,2025-07-19 13:18:26.425,2025-07-19 13:18:09.620,,,UTC-0300,hriiVjEkYE,,com.sec.android.app.shealth,2025-07-19 12:57:30.000,f83a2770-142d-4696-9bd2-e193e5e79ae5,
34,,73.0,10,61,61,7,2,29,397,196,0,0,,13,,16,0,840000,91,840000,56,,,-1,240000,10,14,15,23,86.0,2025-07-21 10:34:00.000,11.0,,2025-07-21 03:50:00.000,82800000,,,12,17,25200000,2,251,92.0,80,397,2,26,62981551,2025-07-21 03:50:00.000,,63030110,2025-07-21 10:49:21.022,2025-07-21 10:48:56.619,,,UTC-0300,hriiVjEkYE,,com.sec.android.app.shealth,2025-07-21 10:27:00.000,4b7bed94-10ec-40e5-9775-228eb0945d32,
34,,96.0,9,22,110,2,7,41,447,74,0,3,,12,,16,0,780000,84,1320000,142,,,-1,2100000,10,14,15,23,97.0,,13.0,,,82800000,,,12,18,25200000,6,154,91.0,85,447,2,32,62981551,2025-07-22 04:11:00.000,,63030110,2025-07-22 12:00:31.560,2025-07-22 12:00:15.164,,,UTC-0300,hriiVjEkYE,,com.sec.android.app.shealth,2025-07-22 11:38:00.000,26bbd78c-7a15-41d5-998c-36fc90ce4d3d,
34,,92.0,10,30,100,3,9,25,385,81,0,0,,12,,16,0,960000,85,720000,102,,,-1,2040000,10,14,15,23,95.0,,10.0,,,82800000,,,12,19,25200000,3,158,94.0,79,385,2,24,62981551,2025-07-23 03:44:00.000,,63030110,2025-07-23 10:21:38.780,2025-07-23 10:21:06.512,,,UTC-0300,hriiVjEkYE,,com.sec.android.app.shealth,2025-07-23 10:09:00.000,5be6b462-7f89-4467-be05-e221740e54a5,
34,,91.0,9,21,67,2,5,38,428,96,0,7,,13,,16,0,1140000,88,300000,104,,,-1,840000,10,16,15,23,89.0,,13.0,,,82800000,,,12,20,25200000,4,219,91.0,87,428,2,29,62981551,2025-07-24 03:22:00.000,,63030110,2025-07-24 10:35:22.232,2025-07-24 10:35:06.798,,,UTC-0300,hriiVjEkYE,,com.sec.android.app.shealth,2025-07-24 10:30:00.000,fc9eeed6-7c07-4dd0-a440-91683a308415,
34,,91.0,10,4,44,5,10,27,380,55,0,3,,13,,16,0,900000,91,900000,101,,,-1,360000,10,16,15,23,74.0,,18.0,,,82800000,,,12,21,25200000,4,208,93.0,83,380,2,23,62981551,2025-07-25 04:02:00.000,,63030110,2025-07-25 10:37:52.100,2025-07-25 10:37:42.943,,,UTC-0300,hriiVjEkYE,,com.sec.android.app.shealth,2025-07-25 10:22:00.000,86f1fe1a-2efa-4835-8033-aed2705a98d6,
34,,97.0,7,0,110,6,10,85,598,44,0,53,,11,,16,0,1020000,74,1500000,179,,,-1,5280000,10,4,15,23,98.0,2025-07-27 15:01:00.000,37.0,,2025-07-27 04:54:00.000,82800000,,,12,16,25200000,6,224,87.0,68,598,2,30,62981551,2025-07-27 04:54:00.000,,63030110,2025-07-27 15:26:28.528,2025-07-27 15:26:17.290,,,UTC-0300,hriiVjEkYE,,com.sec.android.app.shealth,2025-07-27 14:52:30.000,da621546-9fcf-40a4-aa2e-4180f7b842b1,
34,,86.0,10,14,49,3,3,19,325,73,0,0,,12,,16,0,1200000,82,420000,75,,,-1,2880000,10,11,15,23,72.0,2025-07-29 11:07:00.000,10.0,,2025-07-29 05:37:00.000,82800000,,,12,18,25200000,4,182,94.0,65,325,2,14,62981551,2025-07-29 05:37:00.000,,63030110,2025-07-29 11:14:52.295,2025-07-29 11:14:45.606,,,UTC-0300,hriiVjEkYE,,com.sec.android.app.shealth,2025-07-29 11:02:30.000,aba6a2ae-c180-40c7-b5fa-27a411efed5d,
34,,92.0,10,23,79,5,3,22,387,76,0,4,,13,,16,0,900000,89,780000,103,,,-1,1140000,10,16,15,23,91.0,2025-07-30 10:13:00.000,13.0,,2025-07-30 03:40:00.000,82800000,,,12,20,25200000,5,183,94.0,84,387,2,25,62981551,2025-07-30 03:40:00.000,,63030110,2025-07-30 10:26:55.892,2025-07-30 10:26:48.893,,,UTC-0300,hriiVjEkYE,,com.sec.android.app.shealth,2025-07-30 10:07:30.000,63bb2408-d552-43f1-916e-e7810e8e3f22,
34,,90.0,10,31,57,4,5,22,383,101,0,0,,12,,16,0,1020000,80,780000,93,,,-1,3780000,10,7,15,23,83.0,2025-08-06 10:23:00.000,10.0,,2025-08-06 03:55:00.000,82800000,,,12,18,25200000,3,211,94.0,72,383,2,25,62981551,2025-08-06 03:55:00.000,,63030110,2025-08-06 10:36:58.981,2025-08-06 10:36:42.171,,,UTC-0300,hriiVjEkYE,,com.sec.android.app.shealth,2025-08-06 10:18:00.000,ac6068aa-a201-46c7-ac4a-9a53b0d5db51,
34,,94.0,8,40,119,4,11,60,512,89,3,35,,12,,16,0,960000,86,480000,131,,,-1,720000,10,16,15,23,97.0,2025-08-09 13:15:00.000,23.0,,2025-08-09 04:37:00.000,82800000,,,12,19,25200000,6,202,88.0,86,512,2,31,62981551,2025-08-09 04:37:00.000,,63030110,2025-08-09 13:23:28.429,2025-08-09 13:23:17.132,,,UTC-0300,hriiVjEkYE,,com.sec.android.app.shealth,2025-08-09 13:09:30.000,be9630f6-72c3-44f8-b610-a5ba80f3aaa3,
34,,85.0,10,13,45,4,5,25,338,94,0,0,,13,,16,0,1200000,89,540000,76,,,-1,600000,10,16,15,23,70.0,,12.0,,,82800000,,,12,20,25200000,3,192,92.0,74,338,2,15,62981551,2025-08-13 04:36:00.000,,63030110,2025-08-13 10:24:21.587,2025-08-13 10:24:13.151,,,UTC-0300,hriiVjEkYE,,com.sec.android.app.shealth,2025-08-13 10:14:00.000,4a594790-8f63-4ed8-b365-ef333548fcd4,
34,,97.0,10,31,93,4,9,39,547,97,0,3,,12,,16,0,1200000,86,360000,167,,,-1,2340000,10,13,15,23,97.0,2025-08-16 13:04:00.000,12.0,,2025-08-16 03:35:00.000,82800000,,,12,19,25200000,7,248,93.0,87,547,2,33,62981551,2025-08-16 03:35:00.000,,63030110,2025-08-16 13:10:59.398,2025-08-16 13:10:48.134,,,UTC-0300,hriiVjEkYE,,com.sec.android.app.shealth,2025-08-16 12:42:30.000,a4935241-97f8-443c-b112-662be33987d3,
34,,91.0,9,3,43,3,3,35,390,76,0,11,,12,,16,0,1020000,81,300000,100,,,-1,2760000,10,11,15,23,72.0,,16.0,,,82800000,,,12,18,25200000,4,212,91.0,73,390,2,23,62981551,2025-08-19 03:25:00.000,,63030110,2025-08-19 10:01:03.140,2025-08-19 10:00:55.039,,,UTC-0300,hriiVjEkYE,,com.sec.android.app.shealth,2025-08-19 09:55:00.000,66b466cf-e944-4b78-9fff-63d17c9529ab,
34,,91.0,10,33,58,4,4,31,444,76,0,6,,13,,16,0,900000,89,1260000,101,,,-1,960000,10,16,15,23,87.0,,14.0,,,82800000,,,12,20,25200000,5,254,93.0,91,444,2,32,62981551,2025-08-20 02:53:00.000,,63030110,2025-08-20 10:38:15.440,2025-08-20 10:38:07.110,,,UTC-0300,hriiVjEkYE,,com.sec.android.app.shealth,2025-08-20 10:17:00.000,fade20ad-c559-4b44-8291-df44239128a7,
34,,94.0,10,25,86,1,6,27,447,64,0,3,,13,,16,0,840000,90,1560000,120,,,-1,900000,10,16,15,23,94.0,2025-08-22 11:56:00.000,9.0,,2025-08-22 04:01:00.000,82800000,,,12,20,25200000,6,214,94.0,92,447,2,33,62981551,2025-08-22 04:01:00.000,,63030110,2025-08-22 12:22:12.447,2025-08-22 12:22:04.479,,,UTC-0300,hriiVjEkYE,,com.sec.android.app.shealth,2025-08-22 11:28:00.000,9e2a3618-d423-4a2e-9c31-f8fb3f4c538f,
34,,93.0,10,17,68,2,3,37,446,65,0,3,,12,,16,0,1080000,83,300000,113,,,-1,2460000,10,13,15,23,91.0,2025-08-25 11:45:00.000,13.0,,2025-08-25 04:12:00.000,82800000,,,12,19,25200000,5,228,92.0,86,446,2,32,62981551,2025-08-25 04:12:00.000,,63030110,2025-08-25 11:51:11.591,2025-08-25 11:50:59.153,,,UTC-0300,hriiVjEkYE,,com.sec.android.app.shealth,2025-08-25 11:38:30.000,83a3f99d-b598-4f4d-9d24-8a6bf53932c7,
34,,79.0,9,23,63,3,0,26,308,88,0,4,,11,,16,0,840000,80,300000,64,,,-1,2460000,10,13,15,23,79.0,2025-08-26 09:49:00.000,14.0,,2025-08-26 04:20:00.000,82800000,,,12,18,25200000,2,155,92.0,61,308,2,10,62981551,2025-08-26 04:20:00.000,,63030110,2025-08-26 09:54:32.654,2025-08-26 09:54:25.665,,,UTC-0300,hriiVjEkYE,,com.sec.android.app.shealth,2025-08-26 09:28:30.000,591a71ed-a1da-4d67-ade6-9db81fe18757,
34,,87.0,10,36,83,3,2,29,392,100,0,6,,12,,16,0,1200000,87,1260000,83,,,-1,1440000,10,16,15,23,92.0,,12.0,,,82800000,,,12,20,25200000,4,197,93.0,83,392,2,25,62981551,2025-08-27 03:53:00.000,,63030110,2025-08-27 10:46:42.425,2025-08-27 10:46:35.427,,,UTC-0300,hriiVjEkYE,,com.sec.android.app.shealth,2025-08-27 10:25:00.000,24f848d8-1434-4a77-8426-230c21661fb3,
34,,94.0,10,25,84,3,1,21,385,80,0,0,,12,,16,0,1080000,86,960000,114,,,-1,2040000,10,14,15,23,92.0,2025-08-29 10:18:00.000,9.0,,2025-08-29 03:48:00.000,82800000,,,12,19,25200000,4,166,94.0,80,385,2,25,62981551,2025-08-29 03:48:00.000,,63030110,2025-08-29 10:34:57.797,2025-08-29 10:34:46.720,,,UTC-0300,hriiVjEkYE,,com.sec.android.app.shealth,2025-08-29 10:13:30.000,b100debf-1b2b-41e7-9106-b7ce5a4ffa11,
34,,94.0,10,22,64,4,5,23,424,84,0,0,,11,,16,0,840000,76,780000,116,,,-1,6000000,10,2,15,23,89.0,2025-09-01 10:49:00.000,10.0,,2025-09-01 03:34:00.000,82800000,,,12,17,25200000,4,221,95.0,71,424,2,31,62981551,2025-09-01 03:34:00.000,,63030110,2025-09-01 11:02:42.972,2025-09-01 11:02:04.797,,,UTC-0300,hriiVjEkYE,,com.sec.android.app.shealth,2025-09-01 10:38:00.000,0ad55bd8-eaab-41f3-a5c7-f423b98ecb0a,
34,,80.0,9,46,46,8,3,29,306,222,0,11,,11,,16,0,1020000,74,300000,66,,,-1,3960000,10,7,15,23,63.0,2025-09-02 09:57:00.000,17.0,,2025-09-02 04:37:00.000,82800000,,,12,17,25200000,1,165,92.0,53,306,2,9,62981551,2025-09-02 04:37:00.000,,63030110,2025-09-02 10:02:09.848,2025-09-02 10:02:04.787,,,UTC-0300,hriiVjEkYE,,com.sec.android.app.shealth,2025-09-02 09:43:30.000,c418a5c6-2fca-47db-a00f-7ebdb74eafff,
34,,96.0,10,25,88,3,3,23,391,68,0,0,,12,,16,0,840000,83,1080000,133,,,-1,2880000,10,11,15,23,93.0,,11.0,,,82800000,,,12,18,25200000,4,147,94.0,77,391,2,26,62981551,2025-09-03 03:41:00.000,,63030110,2025-09-03 10:30:27.029,2025-09-03 10:30:19.129,,,UTC-0300,hriiVjEkYE,,com.sec.android.app.shealth,2025-09-03 10:12:00.000,3694ac0d-bcd6-4062-b5da-4ece097e1bfa,
34,,95.0,9,25,85,11,7,36,490,113,0,11,,12,,16,0,960000,85,900000,137,,,-1,2400000,10,13,15,23,95.0,2025-09-07 13:01:00.000,19.0,,2025-09-07 04:25:00.000,82800000,,,12,19,25200000,5,232,93.0,86,490,2,33,62981551,2025-09-07 04:25:00.000,,63030110,2025-09-07 13:16:17.323,2025-09-07 13:16:07.990,,,UTC-0300,hriiVjEkYE,,com.sec.android.app.shealth,2025-09-07 12:35:00.000,4673a0d3-f22c-4096-bf6d-7e10ad4656ce,
34,,94.0,10,14,52,3,3,28,439,83,0,0,,12,,16,0,840000,81,1500000,121,,,-1,3960000,10,7,15,23,85.0,,10.0,,,82800000,,,12,18,25200000,4,238,94.0,80,439,2,33,62981551,2025-09-10 04:01:00.000,,63030110,2025-09-10 11:45:34.327,2025-09-10 11:45:26.379,,,UTC-0300,hriiVjEkYE,,com.sec.android.app.shealth,2025-09-10 11:20:00.000,19733dbf-7866-4b8e-b5f2-d97eb9b15bf1,
34,,97.0,10,27,113,1,6,27,554,72,0,0,,13,,16,0,900000,93,720000,159,,,-1,600000,10,16,15,23,98.0,,7.0,,,82800000,,,12,21,25200000,6,255,95.0,94,554,2,34,62981551,2025-09-13 04:05:00.000,,63030110,2025-09-13 13:31:26.531,2025-09-13 13:31:17.359,,,UTC-0300,hriiVjEkYE,,com.sec.android.app.shealth,2025-09-13 13:19:00.000,565dee7b-b395-4e79-8e2b-99c0e4c7c27e,
34,,98.0,11,28,122,3,5,21,554,79,0,0,,14,,16,0,960000,95,1560000,176,,,-1,420000,10,16,15,23,98.0,2025-09-14 13:41:00.000,8.0,,2025-09-14 04:21:00.000,82800000,,,12,21,25200000,5,235,96.0,96,554,2,34,62981551,2025-09-14 04:21:00.000,,63030110,2025-09-14 14:09:05.334,2025-09-14 14:08:53.292,,,UTC-0300,hriiVjEkYE,,com.sec.android.app.shealth,2025-09-14 13:35:30.000,941bcf0a-a2e9-4364-89a1-98f83b0c35a9,
34,,94.0,9,19,69,5,4,36,428,65,0,6,,12,,16,0,840000,85,1380000,125,,,-1,1860000,10,15,15,23,90.0,2025-09-15 11:11:00.000,18.0,,2025-09-15 03:58:00.000,82800000,,,12,19,25200000,5,198,92.0,85,428,2,30,62981551,2025-09-15 03:58:00.000,,63030110,2025-09-15 11:35:06.239,2025-09-15 11:35:00.016,,,UTC-0300,hriiVjEkYE,,com.sec.android.app.shealth,2025-09-15 11:06:00.000,969f4315-3d0b-4cb1-a4af-038e357ecceb,
34,,85.0,10,28,79,2,3,27,404,87,0,0,,12,,16,0,960000,86,480000,77,,,-1,2040000,10,14,15,23,92.0,2025-09-16 09:55:00.000,10.0,,2025-09-16 03:01:00.000,82800000,,,12,19,25200000,4,221,93.0,83,404,2,28,62981551,2025-09-16 03:01:00.000,,63030110,2025-09-16 10:03:44.759,2025-09-16 10:03:37.434,,,UTC-0300,hriiVjEkYE,,com.sec.android.app.shealth,2025-09-16 09:45:00.000,940faef8-49f7-4988-a700-e478cbc0e96f,
34,,90.0,9,21,86,17,2,27,391,94,0,15,,13,,16,0,960000,91,1500000,96,,,-1,480000,10,16,15,23,91.0,,29.0,,,82800000,,,12,20,25200000,4,182,93.0,82,391,2,24,62981551,2025-09-17 03:15:00.000,,63030110,2025-09-17 10:11:38.880,2025-09-17 10:11:30.530,,,UTC-0300,hriiVjEkYE,,com.sec.android.app.shealth,2025-09-17 09:46:00.000,fe7775b4-548a-44fb-9f64-4977b9bb379e,
34,,94.0,10,38,99,2,3,23,444,94,0,3,,13,,16,0,1080000,91,1440000,117,,,-1,960000,10,16,15,23,96.0,,8.0,,,82800000,,,12,21,25200000,4,205,95.0,93,444,2,33,62981551,2025-09-18 02:42:00.000,,63030110,2025-09-18 10:31:39.054,2025-09-18 10:30:47.097,,,UTC-0300,hriiVjEkYE,,com.sec.android.app.shealth,2025-09-18 10:06:00.000,29c8dbf1-d8c7-4439-ab4e-fb3af6c8cc58,
34,,97.0,11,20,65,2,5,15,400,74,0,0,,13,,16,0,900000,86,480000,146,,,-1,2580000,10,12,15,23,88.0,2025-09-19 10:33:00.000,7.0,,2025-09-19 03:21:00.000,82800000,,,12,18,25200000,4,174,96.0,83,400,2,29,62981551,2025-09-19 03:21:00.000,,63030110,2025-09-19 10:42:02.886,2025-09-19 10:41:54.148,,,UTC-0300,hriiVjEkYE,,com.sec.android.app.shealth,2025-09-19 10:01:30.000,b4d04e79-4a82-48b3-9cdc-8c0a44a0b8b0,
34,,96.0,10,21,57,4,2,25,439,107,0,0,,13,,16,0,780000,92,300000,138,,,-1,600000,10,16,15,23,87.0,,10.0,,,82800000,,,12,20,25200000,4,219,94.0,92,439,2,33,62981551,2025-09-23 02:41:00.000,,63030110,2025-09-23 10:06:08.410,2025-09-23 10:05:59.191,,,UTC-0300,hriiVjEkYE,,com.sec.android.app.shealth,2025-09-23 10:00:00.000,71ffdb4d-2907-4705-b9f9-e173a217fac9,
34,,94.0,12,12,72,4,6,30,429,76,0,8,,14,,16,0,1020000,87,600000,122,,0,-1,1740000,10,16,15,23,90.0,2025-09-25 10:32:00.000,15.0,,2025-09-25 03:02:00.000,82800000,,,12,22,25200000,6,205,93.0,95,429,2,31,62981551,2025-09-25 03:02:00.000,,63051050,2025-09-25 10:44:17.939,2025-09-25 10:44:09.048,,,UTC-0300,hriiVjEkYE,,com.sec.android.app.shealth,2025-09-25 10:11:00.000,115a1694-04d8-4ac1-8ddd-043edafafba4,
34,,91.0,12,25,52,4,7,25,381,78,0,3,,14,,16,0,1080000,88,540000,100,,0,-1,1200000,10,16,15,23,80.0,,13.0,,,82800000,,,12,22,25200000,3,204,93.0,87,381,2,23,62981551,2025-09-26 03:51:00.000,,63051050,2025-09-26 10:22:06.149,2025-09-26 10:21:55.502,,,UTC-0300,hriiVjEkYE,,com.sec.android.app.shealth,2025-09-26 10:12:00.000,331cdb3e-f2aa-4f0f-948a-938fa981ecb7,
34,,88.0,12,25,53,1,4,21,368,74,0,5,,13,,16,0,780000,76,300000,84,,0,-1,5100000,10,4,15,23,78.0,2025-09-29 10:09:00.000,9.0,,2025-09-29 03:35:00.000,82800000,,,12,21,25200000,3,210,95.0,70,368,2,20,62981551,2025-09-29 03:35:00.000,,63051050,2025-09-29 10:14:46.040,2025-09-29 10:14:37.657,,,UTC-0300,hriiVjEkYE,,com.sec.android.app.shealth,2025-09-29 09:43:30.000,eb4e6c81-42a8-4584-ab4a-5dcd0b2cc88f,
34,,87.0,11,17,55,4,4,45,397,72,0,26,,14,,16,0,900000,77,300000,88,70842b98-93ad-4532-ba45-7b98160ae22a,0,-1,3360000,10,9,15,23,78.0,,24.0,,,82800000,,,12,21,25200000,4,209,89.0,76,397,2,21,62981551,2025-09-30 03:03:00.000,,63051050,2025-09-30 11:45:21.284,2025-09-30 09:46:53.310,,,UTC-0300,hriiVjEkYE,,com.sec.android.app.shealth,2025-09-30 09:40:00.000,c6e250d8-73e0-4da7-83cd-a063a1425cf1,
34,,70.0,12,0,0,4,1,8,98,51,0,0,,0,,16,0,60000,82,960000,25,70842b98-93ad-4532-ba45-7b98160ae22a,1,-1,660000,10,16,15,23,8.0,,17.0,,,82800000,,,12,22,25200000,1,65,92.0,52,98,2,2,62981551,2025-09-30 09:51:00.000,,63051050,2025-09-30 11:45:21.291,2025-09-30 11:45:15.626,,,UTC-0300,hriiVjEkYE,,com.sec.android.app.shealth,2025-09-30 11:29:00.000,8b6d2d47-807b-4cd1-96f5-e4fb8e776909,
34,,85.0,12,56,69,5,6,40,431,177,0,13,,14,,16,0,1080000,88,300000,81,,0,-1,540000,10,16,15,23,89.0,,16.0,,,82800000,,,12,22,25200000,4,241,90.0,94,431,2,30,62981551,2025-10-01 03:24:00.000,,63051050,2025-10-01 10:40:56.628,2025-10-01 10:40:48.347,,,UTC-0300,hriiVjEkYE,,com.sec.android.app.shealth,2025-10-01 10:35:00.000,42c92794-1c1c-44bf-9eeb-e5432c0afde0,
34,,87.0,12,3,67,3,3,24,359,54,0,7,,14,,16,0,900000,80,1800000,83,,0,-1,3300000,10,9,15,23,84.0,2025-10-03 10:17:00.000,15.0,,2025-10-03 04:03:00.000,82800000,,,12,22,25200000,5,185,94.0,76,359,2,19,62981551,2025-10-03 04:03:00.000,,63051050,2025-10-03 10:47:53.586,2025-10-03 10:47:44.981,,,UTC-0300,hriiVjEkYE,,com.sec.android.app.shealth,2025-10-03 10:02:00.000,c57833b8-b51e-438f-a9b4-2b6db98f9f1d,
34,,94.0,12,33,60,7,6,32,493,132,0,3,,14,,16,0,1080000,83,1740000,122,,0,-1,3600000,10,8,15,23,91.0,2025-10-05 13:29:00.000,12.0,,2025-10-05 04:59:00.000,82800000,,,12,22,25200000,5,279,94.0,89,493,2,33,62981551,2025-10-05 04:59:00.000,,63051050,2025-10-05 13:58:22.416,2025-10-05 13:58:06.112,,,UTC-0300,hriiVjEkYE,,com.sec.android.app.shealth,2025-10-05 13:12:30.000,fe4507a7-5e8a-4ef3-9ad5-c3337a78bc05,
34,,89.0,12,37,66,3,9,30,421,81,0,6,,14,,16,0,1200000,85,1500000,92,,0,-1,2040000,10,14,15,23,88.0,,12.0,,,82800000,,,12,22,25200000,4,233,93.0,91,421,2,29,62981551,2025-10-06 04:03:00.000,,63051050,2025-10-06 11:29:32.677,2025-10-06 11:29:20.057,,,UTC-0300,hriiVjEkYE,,com.sec.android.app.shealth,2025-10-06 11:04:00.000,889e67fc-3375-47ab-a0f7-a1ae3a4e0753,
34,,93.0,12,24,79,2,3,19,402,87,0,0,,14,,16,0,1140000,91,600000,111,,0,-1,840000,10,16,15,23,92.0,2025-10-07 09:54:00.000,7.0,,2025-10-07 03:01:00.000,82800000,,,12,23,25200000,4,193,95.0,94,402,2,29,62981551,2025-10-07 03:01:00.000,,63051050,2025-10-07 10:05:02.358,2025-10-07 10:04:49.756,,,UTC-0300,hriiVjEkYE,,com.sec.android.app.shealth,2025-10-07 09:43:00.000,4607a7a1-0f93-4225-9a0f-98f24cebbfd9,
34,,93.0,12,31,80,5,2,26,422,89,0,8,,14,,16,0,900000,80,-1,112,,0,-1,4200000,10,6,15,23,92.0,,14.0,,,82800000,,,12,21,25200000,5,204,94.0,82,422,2,29,62981551,2025-10-08 03:27:00.000,,63051050,2025-10-08 22:24:37.085,2025-10-08 22:24:03.639,,,UTC-0300,hriiVjEkYE,,com.sec.android.app.shealth,2025-10-08 10:29:00.000,0679cd03-353c-4a3d-b702-4aa71f419104,
34,,89.0,12,28,54,4,4,33,411,91,0,3,,13,,16,0,1080000,74,300000,94,,0,-1,5640000,10,3,15,23,83.0,,13.0,,,82800000,,,12,21,25200000,4,230,93.0,75,411,2,26,62981551,2025-10-09 03:38:00.000,,63051050,2025-10-09 10:34:28.402,2025-10-09 10:34:19.847,,,UTC-0300,hriiVjEkYE,,com.sec.android.app.shealth,2025-10-09 10:29:00.000,2b1dbf8c-1873-4d4d-80f1-8d0cdc2e2721,
34,,93.0,12,22,64,7,11,39,418,84,0,9,,14,,16,0,840000,81,360000,116,,0,-1,2700000,10,12,15,23,87.0,,21.0,,,82800000,,,12,22,25200000,3,199,91.0,87,418,2,27,62981551,2025-10-10 03:44:00.000,,63051050,2025-10-10 10:48:14.685,2025-10-10 10:48:06.889,,,UTC-0300,hriiVjEkYE,,com.sec.android.app.shealth,2025-10-10 10:42:00.000,81094d39-0373-449a-acb7-ae7f5dd7fda0,
34,,8.0,10,0,0,25,0,25,109,109,0,15,,0,,16,0,960000,50,1500000,1,,0,-1,3360000,10,9,15,23,8.0,,60.0,,,82800000,,,12,1,25200000,0,83,84.0,21,109,2,1,62981551,2025-10-12 07:56:00.000,,63051050,2025-10-12 10:11:02.916,2025-10-12 10:10:57.278,,,UTC-0300,hriiVjEkYE,,com.sec.android.app.shealth,2025-10-12 09:45:00.000,a9e93ddc-e4f9-4b2c-ba82-3ed0c8709cbe,
34,,8.0,12,12,12,7,0,7,94,94,0,3,,12,,16,0,1200000,61,1500000,1,,0,-1,2760000,10,11,15,23,12.0,2025-10-12 16:00:00.000,19.0,,2025-10-12 14:20:00.000,82800000,,,12,1,25200000,0,74,94.0,37,94,2,1,62981551,2025-10-12 14:20:00.000,,63051050,2025-10-12 16:25:04.852,2025-10-12 16:25:00.823,,,UTC-0300,hriiVjEkYE,,com.sec.android.app.shealth,2025-10-12 15:54:30.000,a95f8434-eebd-4b4a-a0e0-2dad4c25278c,
34,,95.0,12,21,73,4,8,32,466,117,0,4,,15,,16,0,900000,91,-1,134,,0,-1,360000,10,16,15,23,93.0,2025-10-13 11:38:00.000,12.0,,2025-10-13 03:45:00.000,82800000,,,12,22,25200000,5,227,93.0,99,466,2,34,62981551,2025-10-13 03:45:00.000,,63051050,2025-10-14 11:21:09.782,2025-10-14 11:03:51.348,,,UTC-0300,hriiVjEkYE,,com.sec.android.app.shealth,2025-10-13 11:31:00.000,4b843cae-30f6-4aa6-b3f2-c1257a57b670,
34,,92.0,12,26,91,2,2,19,380,102,0,3,,14,,16,0,900000,93,480000,102,,0,-1,240000,10,14,15,23,93.0,2025-10-16 10:11:00.000,8.0,,2025-10-16 03:46:00.000,82800000,,,12,23,25200000,5,168,94.0,88,380,2,25,62981551,2025-10-16 03:46:00.000,,63051050,2025-10-16 10:19:44.518,2025-10-16 10:19:37.118,,,UTC-0300,hriiVjEkYE,,com.sec.android.app.shealth,2025-10-16 10:06:30.000,2b83905e-3e2a-4bd2-a267-a388e06f1dc4,
34,,97.0,12,39,137,1,8,34,570,87,0,9,,14,,16,0,1200000,92,1140000,170,,0,-1,720000,10,16,15,23,99.0,2025-10-19 13:23:00.000,9.0,,2025-10-19 03:21:00.000,82800000,,,12,22,25200000,7,229,94.0,98,570,2,34,62981551,2025-10-19 03:21:00.000,,63051050,2025-10-19 13:42:57.061,2025-10-19 13:42:47.557,,,UTC-0300,hriiVjEkYE,,com.sec.android.app.shealth,2025-10-19 12:51:30.000,096550b8-e2c9-4056-9fe0-2fb8b3b44b9a,
34,,95.0,11,45,128,4,12,79,564,96,0,46,,14,,16,0,960000,85,300000,135,,0,-1,120000,10,9,15,23,98.0,,27.0,,,82800000,,,12,22,25200000,4,222,85.0,89,564,2,33,62981551,2025-10-22 04:29:00.000,,63051050,2025-10-22 13:59:19.237,2025-10-22 13:59:10.524,,,UTC-0300,hriiVjEkYE,,com.sec.android.app.shealth,2025-10-22 13:53:00.000,45a79e42-7231-47c1-ad96-584d7ccdb4bd,
34,,95.0,11,21,96,0,6,80,587,70,0,45,,14,,16,0,1200000,79,420000,140,,0,-1,2940000,10,11,15,23,97.0,2025-10-23 13:45:00.000,22.0,,2025-10-23 03:45:00.000,82800000,,,12,21,25200000,6,271,87.0,89,587,2,32,62981551,2025-10-23 03:45:00.000,,63051050,2025-10-23 13:52:17.610,2025-10-23 13:52:05.260,,,UTC-0300,hriiVjEkYE,,com.sec.android.app.shealth,2025-10-23 13:32:00.000,702bb24b-8fc3-40ad-a91a-26daf352584b,
34,,65.0,10,36,40,47,2,72,384,178,0,47,,14,,16,0,1020000,79,420000,50,,0,-1,660000,10,16,15,23,61.0,2025-10-24 09:35:00.000,57.0,,2025-10-24 03:04:00.000,82800000,,,12,18,25200000,2,222,81.0,72,384,2,14,62981551,2025-10-24 03:04:00.000,,63051050,2025-10-24 09:42:41.336,2025-10-24 09:42:31.357,,,UTC-0300,hriiVjEkYE,,com.sec.android.app.shealth,2025-10-24 09:28:30.000,f0e1da12-b85e-49ce-b17e-ed9fe25f6fdb,
34,,98.0,12,13,96,2,19,46,626,64,0,0,,15,,16,0,1200000,91,1140000,193,,0,-1,540000,10,16,15,23,98.0,2025-10-25 13:26:00.000,11.0,,2025-10-25 02:45:00.000,82800000,,,12,22,25200000,9,291,92.0,95,626,2,30,62981551,2025-10-25 02:45:00.000,,63051050,2025-10-25 13:45:33.926,2025-10-25 13:45:24.027,,,UTC-0300,hriiVjEkYE,,com.sec.android.app.shealth,2025-10-25 13:11:00.000,f435e6fe-6c25-4ca5-a0e9-091d0c2d9a54,
34,,92.0,12,27,76,2,5,18,401,92,0,0,,14,,16,0,1020000,89,840000,104,,0,-1,1500000,10,16,15,23,91.0,,7.0,,,82800000,,,12,22,25200000,5,203,95.0,93,401,2,29,62981551,2025-10-29 03:01:00.000,,63051050,2025-10-29 09:56:58.341,2025-10-29 09:56:49.834,,,UTC-0300,hriiVjEkYE,,com.sec.android.app.shealth,2025-10-29 09:42:00.000,e8d2cfa1-2467-437d-8345-4903efbd8a52,
34,,94.0,12,28,108,4,9,45,509,81,3,21,,14,,16,0,1200000,80,1560000,126,,0,-1,3840000,10,7,15,23,97.0,,19.0,,,82800000,,,12,22,25200000,5,230,92.0,87,509,2,32,62981551,2025-11-01 04:07:00.000,,63051050,2025-11-01 13:02:22.364,2025-11-01 13:02:13.725,,,UTC-0300,hriiVjEkYE,,com.sec.android.app.shealth,2025-11-01 12:36:00.000,04e11071-a2ed-40f2-a837-ab904e7e284c,
34,,67.0,12,21,46,4,2,18,338,101,0,0,,15,,16,0,960000,93,420000,46,,0,-1,120000,10,9,15,23,72.0,2025-11-03 10:02:00.000,10.0,,2025-11-03 04:00:00.000,82800000,,,12,17,25200000,5,228,94.0,69,338,2,16,62981551,2025-11-03 04:00:00.000,,63051050,2025-11-03 10:09:30.743,2025-11-03 10:09:23.268,,,UTC-0300,hriiVjEkYE,,com.sec.android.app.shealth,2025-11-03 09:38:30.000,19fa8b37-b483-45bb-b578-ffbb53eb0fd1,
34,,70.0,11,17,32,6,2,33,328,67,0,14,,13,,16,0,840000,68,1500000,53,,0,-1,6000000,10,2,15,23,53.0,,24.0,,,82800000,,,12,18,25200000,3,210,92.0,54,328,2,10,62981551,2025-11-04 04:09:00.000,,63051050,2025-11-04 10:02:35.296,2025-11-04 10:02:25.325,,,UTC-0300,hriiVjEkYE,,com.sec.android.app.shealth,2025-11-04 09:37:00.000,5c3cdfe5-5079-4c65-8ea7-970598abbaa1,
34,,88.0,12,21,69,5,3,36,384,85,0,10,,14,,16,0,1080000,87,300000,90,,0,-1,660000,10,16,15,23,87.0,,19.0,,,82800000,,,12,22,25200000,6,189,90.0,86,384,2,22,62981551,2025-11-06 04:02:00.000,,63051050,2025-11-06 10:31:31.378,2025-11-06 10:31:23.324,,,UTC-0300,hriiVjEkYE,,com.sec.android.app.shealth,2025-11-06 10:26:00.000,d77675a2-2a8e-4725-846c-90e0d442b3bb,
34,,84.0,12,5,59,6,5,33,335,75,0,5,,14,,16,0,1140000,84,420000,76,,0,-1,1320000,10,16,15,23,78.0,2025-11-11 09:57:00.000,19.0,,2025-11-11 04:06:00.000,82800000,,,12,22,25200000,3,167,90.0,77,335,2,13,62981551,2025-11-11 04:06:00.000,,63051050,2025-11-11 10:04:23.709,2025-11-11 10:04:16.969,,,UTC-0300,hriiVjEkYE,,com.sec.android.app.shealth,2025-11-11 09:41:30.000,9cf972db-8be8-4704-8049-4aa893d1caca,
34,,92.0,12,8,52,4,7,29,465,68,0,9,,14,,16,0,900000,86,1800000,106,,0,-1,2220000,10,14,15,23,85.0,,14.0,,,82800000,,,12,22,25200000,5,278,94.0,95,465,2,33,62981551,2025-11-12 03:42:00.000,,63051050,2025-11-12 11:58:05.088,2025-11-12 11:57:54.732,,,UTC-0300,hriiVjEkYE,,com.sec.android.app.shealth,2025-11-12 11:27:00.000,c34770e8-d97b-4c83-9a41-34cc5ca86e46,
34,,93.0,12,13,49,2,9,29,392,73,0,0,,13,,16,0,900000,74,1140000,110,,0,-1,5820000,10,3,15,23,79.0,,11.0,,,82800000,,,12,20,25200000,4,204,93.0,71,392,2,23,62981551,2025-11-14 03:57:00.000,,63051050,2025-11-14 10:48:43.425,2025-11-14 10:48:34.095,,,UTC-0300,hriiVjEkYE,,com.sec.android.app.shealth,2025-11-14 10:29:00.000,bdbb685e-0267-4fc6-98d7-a24c08e76416,
34,,90.0,6,30,42,2,3,36,408,81,0,9,,15,,16,0,900000,84,600000,96,,0,-1,1980000,10,15,18,26,74.0,,13.0,,,82800000,,,6,21,25200000,5,234,91.0,79,408,2,22,62981551,2025-11-19 03:44:00.000,,63060070,2025-11-19 10:42:58.692,2025-11-19 10:42:49.487,,,UTC-0300,hriiVjEkYE,,com.sec.android.app.shealth,2025-11-19 10:32:00.000,e5a48ac9-e66c-4e65-bf0f-5109e4498297,
34,,94.0,6,5,45,2,4,27,362,62,0,4,,15,,16,0,1200000,83,1680000,118,,0,-1,2220000,10,14,18,26,73.0,,13.0,,,82800000,,,6,20,25200000,5,172,93.0,71,362,2,16,62981551,2025-11-21 04:13:00.000,,63060070,2025-11-21 10:43:47.574,2025-11-21 10:43:36.363,,,UTC-0300,hriiVjEkYE,,com.sec.android.app.shealth,2025-11-21 10:15:00.000,d31b674c-1632-4fa7-91f7-e5f04992b5a9,
34,,92.0,6,25,53,8,4,34,427,149,0,4,,14,,16,0,900000,81,300000,106,,0,-1,3240000,10,9,18,26,84.0,,14.0,,,82800000,,,6,21,25200000,2,234,92.0,75,427,2,25,62981551,2025-11-22 04:59:00.000,,63060070,2025-11-22 12:11:20.762,2025-11-22 12:11:12.638,,,UTC-0300,hriiVjEkYE,,com.sec.android.app.shealth,2025-11-22 12:06:00.000,04ae41a6-58db-4f19-9cf4-0ec92042e155,
34,,97.0,6,34,129,2,11,28,630,77,0,3,,16,,16,0,1080000,94,1380000,161,,0,-1,300000,10,15,18,26,99.0,2025-11-23 14:09:00.000,8.0,,2025-11-23 03:03:00.000,82800000,,,6,24,25200000,6,312,95.0,88,630,2,27,62981551,2025-11-23 03:03:00.000,,63060070,2025-11-23 14:33:02.678,2025-11-23 14:32:50.649,,,UTC-0300,hriiVjEkYE,,com.sec.android.app.shealth,2025-11-23 13:33:30.000,8646b1bf-29cf-4e6a-b2d0-2f276857fab0,
34,,76.0,5,20,70,3,0,42,374,89,0,20,,13,,16,0,900000,75,300000,64,,0,-1,4020000,10,7,18,26,85.0,2025-11-24 10:23:00.000,20.0,,2025-11-24 04:04:00.000,82800000,,,6,19,25200000,3,198,90.0,58,374,2,14,62981551,2025-11-24 04:04:00.000,,63060070,2025-11-24 10:28:39.802,2025-11-24 10:28:31.452,,,UTC-0300,hriiVjEkYE,,com.sec.android.app.shealth,2025-11-24 10:18:30.000,9e89e455-99f3-49b2-bed4-336b3f38aff7,
34,,89.0,6,17,45,5,7,40,418,71,0,6,,15,,16,0,840000,88,1560000,95,,0,-1,540000,10,16,18,26,78.0,2025-11-25 09:55:00.000,19.0,,2025-11-25 02:48:00.000,82800000,,,6,23,25200000,4,238,90.0,85,418,2,25,62981551,2025-11-25 02:48:00.000,,63060070,2025-11-25 10:21:53.927,2025-11-25 10:21:45.004,,,UTC-0300,hriiVjEkYE,,com.sec.android.app.shealth,2025-11-25 09:46:00.000,de9e5734-766f-4aa6-9489-77d0b80f73f5,
34,,90.0,6,22,79,5,4,31,441,79,0,0,,16,,16,0,840000,92,480000,99,,0,-1,240000,10,14,18,26,93.0,2025-11-26 11:35:00.000,14.0,,2025-11-26 03:50:00.000,82800000,,,6,23,25200000,4,232,93.0,89,441,2,30,62981551,2025-11-26 03:50:00.000,,63060070,2025-11-26 11:43:21.539,2025-11-26 11:43:11.753,,,UTC-0300,hriiVjEkYE,,com.sec.android.app.shealth,2025-11-26 11:11:30.000,400907fb-f052-492e-80c9-6729ace1a20a,
34,,84.0,6,8,19,4,4,32,378,72,0,8,,10,,16,0,840000,90,420000,76,,0,-1,300000,10,15,18,26,49.0,,16.0,,,82800000,,,6,23,25200000,2,251,91.0,73,378,2,19,62981551,2025-11-28 03:49:00.000,,63060070,2025-11-28 10:14:26.540,2025-11-28 10:14:18.030,,,UTC-0300,hriiVjEkYE,,com.sec.android.app.shealth,2025-11-28 10:07:00.000,65e26bb1-87ea-4e83-ac81-51cd3586a1eb,
34,,87.0,5,31,61,28,3,42,406,119,0,26,,15,,16,0,840000,87,1080000,88,,0,-1,540000,10,16,18,26,82.0,,41.0,,,82800000,,,6,22,25200000,4,215,89.0,80,406,2,22,62981551,2025-12-01 03:03:00.000,,63060070,2025-12-01 10:07:38.922,2025-12-01 10:07:29.908,,,UTC-0300,hriiVjEkYE,,com.sec.android.app.shealth,2025-12-01 09:49:00.000,dd505ef3-d69d-4c06-ab79-5952dd46494d,
34,,82.0,5,15,45,4,4,41,391,69,0,20,,14,,16,0,900000,78,1500000,74,,0,-1,3180000,10,10,18,26,71.0,2025-12-02 10:03:00.000,21.0,,2025-12-02 03:26:00.000,82800000,,,6,20,25200000,4,231,90.0,67,391,2,18,62981551,2025-12-02 03:26:00.000,,63060070,2025-12-02 10:29:02.128,2025-12-02 10:28:54.220,,,UTC-0300,hriiVjEkYE,,com.sec.android.app.shealth,2025-12-02 09:57:30.000,197bec73-31e3-479e-a7b2-3a5d534f1370,
34,,91.0,6,7,81,8,4,29,420,76,0,10,,16,,16,0,900000,90,0,102,,0,-1,720000,10,16,18,26,92.0,2025-12-04 10:44:00.000,21.0,,2025-12-04 03:19:00.000,82800000,,,6,23,25200000,5,208,93.0,88,420,2,27,62981551,2025-12-04 03:19:00.000,,63060070,2025-12-04 10:45:08.115,2025-12-04 10:44:49.636,,,UTC-0300,hriiVjEkYE,,com.sec.android.app.shealth,2025-12-04 10:19:30.000,f7aaf3ad-f920-489d-af04-493eecbbb61d,
34,,92.0,6,7,80,4,4,19,385,61,0,0,,16,,16,0,960000,90,1440000,103,,0,-1,1080000,10,16,18,26,91.0,2025-12-05 10:19:00.000,11.0,,2025-12-05 03:43:00.000,82800000,,,6,23,25200000,5,183,95.0,84,385,2,23,62981551,2025-12-05 03:43:00.000,,63060070,2025-12-05 10:43:59.241,2025-12-05 10:43:50.800,,,UTC-0300,hriiVjEkYE,,com.sec.android.app.shealth,2025-12-05 10:08:00.000,49dbb77c-150a-4cb5-b569-8a85734eac80,
34,,97.0,6,37,108,2,7,41,539,87,0,18,,15,,16,0,840000,88,1500000,163,,0,-1,1320000,10,16,18,26,97.0,2025-12-06 12:50:00.000,14.0,,2025-12-06 03:45:00.000,82800000,,,6,22,25200000,6,227,92.0,89,539,2,30,62981551,2025-12-06 03:45:00.000,,63060070,2025-12-06 13:16:22.882,2025-12-06 13:16:13.249,,,UTC-0300,hriiVjEkYE,,com.sec.android.app.shealth,2025-12-06 12:44:00.000,f0d0eeda-ba84-4279-825c-c7b048d64ff6,
34,,88.0,6,8,44,4,5,31,365,77,0,8,,15,,16,0,1020000,84,1740000,89,,0,-1,1860000,10,15,18,26,70.0,2025-12-07 10:37:00.000,16.0,,2025-12-07 04:26:00.000,82800000,,,6,21,25200000,5,201,92.0,73,365,2,16,62981551,2025-12-07 04:26:00.000,,63060070,2025-12-07 11:06:39.196,2025-12-07 11:06:29.363,,,UTC-0300,hriiVjEkYE,,com.sec.android.app.shealth,2025-12-07 10:31:00.000,cc86e4d3-0c7f-45eb-8db2-d54dc7661be8,
34,,81.0,6,18,42,3,5,19,256,62,0,0,,14,,16,0,1080000,79,1500000,61,,0,-1,2580000,10,12,18,26,57.0,,12.0,,,82800000,,,6,20,25200000,3,134,93.0,56,256,2,4,62981551,2025-12-08 05:28:00.000,,63060070,2025-12-08 10:09:18.840,2025-12-08 10:09:12.954,,,UTC-0300,hriiVjEkYE,,com.sec.android.app.shealth,2025-12-08 09:44:00.000,205bd644-e40d-4f01-a77a-8733e1775147,
34,,94.0,6,37,79,4,2,22,408,98,0,4,,16,,16,0,960000,94,-1,120,,0,-1,120000,10,9,18,26,92.0,2025-12-09 10:03:00.000,11.0,,2025-12-09 03:00:00.000,82800000,,,6,24,25200000,4,187,94.0,82,408,2,27,62981551,2025-12-09 03:00:00.000,,63060070,2025-12-09 21:48:58.848,2025-12-09 21:35:46.887,,,UTC-0300,hriiVjEkYE,,com.sec.android.app.shealth,2025-12-09 09:48:30.000,cd5b6c02-3aa5-4b77-bd50-a25585add666,
34,,86.0,5,20,86,3,3,52,499,63,0,21,,15,,16,0,1020000,84,1680000,84,,0,-1,1860000,10,15,18,26,95.0,,20.0,,,82800000,,,6,21,25200000,6,277,90.0,84,499,2,28,62981551,2025-12-11 03:05:00.000,,63060070,2025-12-11 11:52:51.715,2025-12-11 11:52:42.686,,,UTC-0300,hriiVjEkYE,,com.sec.android.app.shealth,2025-12-11 11:24:00.000,807e0407-24d3-47ee-9ad4-bbfc731cedc6,
34,,92.0,6,42,86,12,7,49,525,191,0,23,,16,,16,0,1020000,89,-1,109,,0,-1,420000,10,16,18,26,95.0,,20.0,,,82800000,,,6,23,25200000,5,281,90.0,91,525,2,30,62981551,2025-12-14 06:29:00.000,,63070030,2025-12-19 10:50:09.567,2025-12-16 12:58:28.850,,,UTC-0300,hriiVjEkYE,,com.sec.android.app.shealth,2025-12-14 15:14:00.000,0989f142-9360-4ed0-84ec-05f83271b177,
34,,88.0,6,18,50,3,6,24,393,73,0,0,,14,,16,0,840000,83,1500000,87,,0,-1,3060000,10,10,18,26,80.0,2025-12-19 10:24:00.000,11.0,,2025-12-19 03:46:00.000,82800000,,,6,21,25200000,4,232,94.0,73,393,2,22,62981551,2025-12-19 03:46:00.000,,63070030,2025-12-19 10:50:05.758,2025-12-19 10:49:56.654,,,UTC-0300,hriiVjEkYE,,com.sec.android.app.shealth,2025-12-19 10:19:30.000,1e9ce845-0a4b-40ee-bac4-d886e436fb49,
34,,85.0,6,29,57,8,2,31,421,96,0,6,,15,,16,0,1200000,87,1500000,80,,0,-1,1380000,10,16,18,26,85.0,2025-12-22 11:04:00.000,17.0,,2025-12-22 03:57:00.000,82800000,,,6,22,25200000,4,253,93.0,85,421,2,26,62981551,2025-12-22 03:57:00.000,,63070030,2025-12-22 11:30:36.229,2025-12-22 11:30:26.427,,,UTC-0300,hriiVjEkYE,,com.sec.android.app.shealth,2025-12-22 10:58:30.000,e0437fc5-b73b-4e11-9eee-be988f52fd5f,
34,,89.0,6,11,33,5,8,43,444,71,0,7,,13,,16,0,840000,82,0,97,,0,-1,2700000,10,12,18,26,72.0,2025-12-23 11:21:00.000,19.0,,2025-12-23 03:52:00.000,82800000,,,6,21,25200000,6,271,91.0,78,444,2,26,62981551,2025-12-23 03:52:00.000,,63070030,2025-12-23 11:21:24.530,2025-12-23 11:21:15.343,,,UTC-0300,hriiVjEkYE,,com.sec.android.app.shealth,2025-12-23 11:16:00.000,29a25327-10b3-4297-9581-cee59693af12,
34,,95.0,5,8,78,3,9,56,564,69,0,16,,15,,16,0,840000,88,1380000,136,,0,-1,480000,10,16,18,26,96.0,,18.0,,,82800000,,,6,23,25200000,6,294,90.0,89,564,2,30,62981551,2025-12-28 05:05:00.000,,63070030,2025-12-28 14:55:10.900,2025-12-28 14:55:00.912,,,UTC-0300,hriiVjEkYE,,com.sec.android.app.shealth,2025-12-28 14:29:00.000,fee803b8-dea2-45dc-96e6-386ffbbb01eb,
34,,50.0,6,0,60,1,3,15,209,17,0,0,,12,,16,0,900000,76,0,28,0b148b4c-b9f4-4c74-be1c-a34747564fc0,0,-1,2580000,10,12,18,26,66.0,,13.0,,,82800000,,,6,15,25200000,3,106,94.0,47,209,2,2,62981551,2025-12-29 04:49:00.000,,63070030,2025-12-29 11:55:25.820,2025-12-29 08:18:19.887,,,UTC-0300,hriiVjEkYE,,com.sec.android.app.shealth,2025-12-29 08:18:00.000,2d1ec5b0-b61a-4a22-a3b9-65bb7564b7b8,
34,,25.0,5,17,17,14,1,20,188,171,0,0,,15,,16,0,1200000,87,1440000,13,0b148b4c-b9f4-4c74-be1c-a34747564fc0,0,-1,180000,10,12,18,26,24.0,,19.0,,,82800000,,,6,7,25200000,1,138,89.0,41,188,2,2,62981551,2025-12-29 08:23:00.000,,63070030,2025-12-29 11:55:25.825,2025-12-29 11:55:20.616,,,UTC-0300,hriiVjEkYE,,com.sec.android.app.shealth,2025-12-29 11:31:00.000,c9e71152-1bc6-4eb7-ab3e-b6989a08f34a,
34,,88.0,6,22,48,3,4,32,392,90,0,10,,15,,16,0,1200000,85,600000,89,,0,-1,1620000,10,16,18,26,76.0,2026-01-01 14:40:00.000,14.0,,2026-01-01 08:01:00.000,82800000,,,6,22,25200000,4,223,92.0,80,392,2,21,62981551,2026-01-01 08:01:00.000,,63070030,2026-01-01 14:50:19.500,2026-01-01 14:50:12.148,,,UTC-0300,hriiVjEkYE,,com.sec.android.app.shealth,2026-01-01 14:33:30.000,bdf13f98-21ee-4678-9683-c476a8d982df,
34,,6.0,5,18,18,11,0,11,68,68,0,6,,10,,16,0,1200000,61,300000,0,fefcb465-614f-4cc7-8e87-fcad5d2651d5,2,-1,1440000,10,16,18,26,12.0,,41.0,,,82800000,,,6,1,25200000,0,39,88.0,33,68,2,1,62981551,2026-01-06 03:26:00.000,,63070030,2026-01-06 11:45:02.873,2026-01-06 04:39:51.354,,,UTC-0300,hriiVjEkYE,,com.sec.android.app.shealth,2026-01-06 04:34:00.000,53b25091-1ad7-4bdb-8ccd-353ee8a9121e,
34,,89.0,6,0,53,2,2,26,393,45,0,0,,16,,16,0,960000,92,600000,90,fefcb465-614f-4cc7-8e87-fcad5d2651d5,0,-1,240000,10,14,18,26,82.0,,12.0,,,82800000,,,6,24,25200000,5,224,93.0,84,393,2,24,62981551,2026-01-06 05:01:00.000,,63070030,2026-01-06 11:45:02.887,2026-01-06 11:44:53.485,,,UTC-0300,hriiVjEkYE,,com.sec.android.app.shealth,2026-01-06 11:34:00.000,2cb391a9-afd2-4bf8-a727-b87897be6751,
34,,92.0,6,17,68,4,4,27,449,75,0,0,,16,,16,0,960000,92,1500000,104,,0,-1,540000,10,16,18,26,91.0,2026-01-07 11:32:00.000,12.0,,2026-01-07 03:52:00.000,82800000,,,6,23,25200000,5,250,93.0,92,449,2,31,62981551,2026-01-07 03:52:00.000,,63070030,2026-01-07 11:57:59.915,2026-01-07 11:57:51.445,,,UTC-0300,hriiVjEkYE,,com.sec.android.app.shealth,2026-01-07 11:21:00.000,a411c0c1-5bbe-4204-b692-ced0b486eedd,
34,,83.0,6,37,54,4,7,25,388,125,0,0,,16,,16,0,1080000,93,1440000,73,,0,-1,60000,10,6,18,26,82.0,2026-01-09 11:18:00.000,10.0,,2026-01-09 04:44:00.000,82800000,,,6,24,25200000,3,236,93.0,75,388,2,23,63001751,2026-01-09 04:44:00.000,,63070030,2026-01-09 11:42:09.504,2026-01-09 11:42:00.295,,,UTC-0300,hriiVjEkYE,,com.sec.android.app.shealth,2026-01-09 11:12:30.000,fc08e1d0-9d15-4293-9c5d-f81adc10d780,
34,,94.0,6,18,104,4,2,20,448,68,0,0,,14,,16,0,840000,84,1440000,118,,0,-1,3600000,10,8,18,26,96.0,,10.0,,,82800000,,,6,21,25200000,5,206,96.0,77,448,2,28,63070031,2026-01-11 02:49:00.000,,63070030,2026-01-11 10:41:24.497,2026-01-11 10:41:15.674,,,UTC-0300,hriiVjEkYE,,com.sec.android.app.shealth,2026-01-11 10:17:00.000,bd77f86f-160a-4b00-9ba5-a49ef13bcf79,
34,,87.0,6,12,43,4,4,22,359,74,0,3,,16,,16,0,900000,89,1740000,83,,0,-1,1080000,10,16,18,26,70.0,,13.0,,,82800000,,,6,23,25200000,4,211,94.0,79,359,2,18,63070031,2026-01-14 04:03:00.000,,63070030,2026-01-14 10:31:58.171,2026-01-14 10:31:49.220,,,UTC-0300,hriiVjEkYE,,com.sec.android.app.shealth,2026-01-14 10:02:00.000,bf33c0d4-faa4-4b16-b1ec-f7fbef10d344,
34,,92.0,6,19,61,3,2,24,413,63,0,3,,16,,16,0,840000,91,660000,106,,0,-1,660000,10,16,18,26,86.0,2026-01-16 10:22:00.000,12.0,,2026-01-16 03:23:00.000,82800000,,,6,23,25200000,4,222,94.0,88,413,2,27,63070031,2026-01-16 03:23:00.000,,63070030,2026-01-16 10:33:58.675,2026-01-16 10:33:50.232,,,UTC-0300,hriiVjEkYE,,com.sec.android.app.shealth,2026-01-16 10:16:30.000,bb20fe15-f8ed-4f6c-aefe-99ace3d029b1,
34,,92.0,6,0,55,1,2,10,302,59,0,0,,15,,16,0,1020000,88,1560000,93,,0,-1,1740000,10,16,18,26,74.0,,6.0,,,82800000,,,6,22,25200000,3,144,96.0,69,302,2,10,63070031,2026-01-17 04:45:00.000,,63070030,2026-01-17 10:20:05.190,2026-01-17 10:19:56.568,,,UTC-0300,hriiVjEkYE,,com.sec.android.app.shealth,2026-01-17 09:47:00.000,bb0d14ce-8f2e-4b02-a558-eb1a7fc9fcc5,
34,,87.0,5,11,56,4,6,45,425,68,0,8,,13,,16,0,1080000,75,1260000,89,,0,-1,4680000,10,5,18,26,84.0,,19.0,,,82800000,,,6,19,25200000,6,235,90.0,63,425,2,21,63070031,2026-01-19 04:17:00.000,,63070030,2026-01-19 11:43:50.121,2026-01-19 11:43:41.213,,,UTC-0300,hriiVjEkYE,,com.sec.android.app.shealth,2026-01-19 11:22:00.000,5e73e0bf-3603-443b-a2ff-b48913733737,
34,,88.0,6,18,65,4,3,29,363,73,0,6,,13,,16,0,900000,77,1800000,87,,0,-1,4020000,10,7,18,26,84.0,2026-01-22 10:16:00.000,15.0,,2026-01-22 04:05:00.000,82800000,,,6,20,25200000,4,182,93.0,61,363,2,15,63070031,2026-01-22 04:05:00.000,,63070030,2026-01-22 10:46:37.374,2026-01-22 10:46:29.249,,,UTC-0300,hriiVjEkYE,,com.sec.android.app.shealth,2026-01-22 10:08:30.000,bcb57d53-0d30-4104-924f-686352f14601,
34,,92.0,6,0,42,4,7,19,296,67,0,0,,14,,16,0,1200000,82,1440000,95,,0,-1,2280000,10,13,18,26,62.0,,12.0,,,82800000,,,6,20,25200000,3,140,94.0,60,296,2,7,63070031,2026-01-24 05:55:00.000,,63070030,2026-01-24 11:15:41.085,2026-01-24 11:15:33.297,,,UTC-0300,hriiVjEkYE,,com.sec.android.app.shealth,2026-01-24 10:51:00.000,8e41c366-02ac-4764-adf7-6b8b6329ec88,
34,,10.0,5,18,18,27,0,27,141,141,0,10,,12,,16,0,840000,70,1800000,2,,0,-1,1260000,10,16,18,26,18.0,,45.0,,,82800000,,,6,1,25200000,0,94,83.0,35,141,2,1,63070031,2026-01-24 11:12:00.000,,63070030,2026-01-24 14:03:34.041,2026-01-24 14:03:28.256,,,UTC-0300,hriiVjEkYE,,com.sec.android.app.shealth,2026-01-24 13:33:00.000,7ab24041-618c-4aeb-9176-10a4bbc26725,
34,,35.0,6,3,19,3,0,8,149,73,0,0,,12,,16,0,1080000,67,-1,16,,0,-1,3480000,10,9,18,26,21.0,,10.0,,,82800000,,,6,10,25200000,2,106,95.0,38,149,2,1,63070031,2026-01-25 02:30:00.000,,63070030,2026-01-27 03:36:46.851,2026-01-27 03:36:39.835,,,UTC-0300,hriiVjEkYE,,com.sec.android.app.shealth,2026-01-25 04:59:00.000,c9ddbbe2-0e42-48bc-a4f5-a908fdc86399,
34,,88.0,6,39,62,4,2,21,378,101,0,5,,16,,16,0,960000,91,1800000,84,,0,-1,720000,10,16,18,26,84.0,,11.0,,,82800000,,,6,23,25200000,3,211,94.0,83,378,2,22,63070031,2026-01-27 03:48:00.000,,63070030,2026-01-27 10:36:07.840,2026-01-27 10:36:00.236,,,UTC-0300,hriiVjEkYE,,com.sec.android.app.shealth,2026-01-27 10:06:00.000,3412a6ca-9104-4c86-9fa7-7c495512d435,
34,,92.0,6,30,86,3,5,26,391,81,0,0,,15,,16,0,900000,85,1380000,104,,0,-1,2040000,10,14,18,26,93.0,,11.0,,,82800000,,,6,22,25200000,4,175,93.0,79,391,2,22,63070031,2026-01-28 03:58:00.000,,63070030,2026-01-28 10:52:25.017,2026-01-28 10:52:12.293,,,UTC-0300,hriiVjEkYE,,com.sec.android.app.shealth,2026-01-28 10:29:00.000,cf266827-c607-428e-a445-50e8ee447519,
34,,90.0,6,19,86,2,4,26,396,64,0,6,,15,,16,0,1020000,86,480000,94,,0,-1,1980000,10,15,18,26,93.0,2026-01-30 10:55:00.000,11.0,,2026-01-30 03:58:00.000,82800000,,,6,22,25200000,4,190,93.0,81,396,2,23,63070031,2026-01-30 03:58:00.000,,63070030,2026-01-30 11:04:04.974,2026-01-30 11:03:50.215,,,UTC-0300,hriiVjEkYE,,com.sec.android.app.shealth,2026-01-30 10:34:30.000,a31e0470-5332-4e69-8496-9ab982fa5d3d,
34,,97.0,6,10,45,9,11,40,572,77,0,7,,15,,16,0,840000,91,1500000,153,,0,-1,600000,10,16,18,26,90.0,2026-01-31 13:07:00.000,21.0,,2026-01-31 03:24:00.000,82800000,,,6,23,25200000,5,334,93.0,91,572,2,31,63070031,2026-01-31 03:24:00.000,,63070030,2026-01-31 13:32:29.152,2026-01-31 13:32:19.266,,,UTC-0300,hriiVjEkYE,,com.sec.android.app.shealth,2026-01-31 12:56:00.000,40fd12d5-90d2-4fea-87b1-4d05b387ed35,
34,,86.0,6,41,60,10,2,32,438,113,0,10,,15,,16,0,900000,84,1560000,83,,0,-1,2640000,10,12,18,26,87.0,,19.0,,,82800000,,,6,21,25200000,4,263,93.0,81,438,2,27,63070031,2026-02-02 04:08:00.000,,63070030,2026-02-02 11:53:00.298,2026-02-02 11:52:50.262,,,UTC-0300,hriiVjEkYE,,com.sec.android.app.shealth,2026-02-02 11:26:00.000,39d4bbba-67cb-4154-971e-c5514498b977,
34,,87.0,6,15,78,5,8,34,443,69,0,3,,15,,16,0,840000,85,600000,85,,0,-1,1980000,10,15,18,26,93.0,2026-02-03 11:36:00.000,16.0,,2026-02-03 03:56:00.000,82800000,,,6,22,25200000,4,246,92.0,86,443,2,28,63070031,2026-02-03 03:56:00.000,,63070030,2026-02-03 11:47:00.012,2026-02-03 11:46:49.255,,,UTC-0300,hriiVjEkYE,,com.sec.android.app.shealth,2026-02-03 11:19:30.000,0b238eac-7b0d-4140-a100-7bdeb8ff8933,
34,,89.0,6,35,67,4,6,28,387,82,0,5,,14,,16,0,960000,82,1740000,93,,0,-1,3000000,10,10,18,26,87.0,,13.0,,,82800000,,,6,21,25200000,5,199,93.0,71,387,2,20,63070031,2026-02-05 03:41:00.000,,63070030,2026-02-05 10:37:34.288,2026-02-05 10:37:24.399,,,UTC-0300,hriiVjEkYE,,com.sec.android.app.shealth,2026-02-05 10:08:00.000,9685268f-1e80-4442-b49a-2f185f0fb1bc,
34,,93.0,6,15,71,7,1,33,446,69,0,12,,13,,16,0,780000,76,1500000,113,,0,-1,5580000,10,3,18,26,90.0,,20.0,,,82800000,,,6,19,25200000,5,229,93.0,66,446,2,25,63070031,2026-02-08 04:16:00.000,,63070030,2026-02-08 12:07:46.119,2026-02-08 12:07:34.924,,,UTC-0300,hriiVjEkYE,,com.sec.android.app.shealth,2026-02-08 11:42:00.000,0195ac7c-7dbb-430f-b0c1-333f598a5f2f,
34,,89.0,6,48,81,5,2,19,387,130,0,0,,14,,16,0,1200000,82,1500000,89,,0,-1,3540000,10,8,18,26,92.0,,9.0,,,82800000,,,6,21,25200000,3,198,95.0,70,387,2,21,63070031,2026-02-09 04:44:00.000,,63070030,2026-02-09 11:36:39.196,2026-02-09 11:36:29.645,,,UTC-0300,hriiVjEkYE,,com.sec.android.app.shealth,2026-02-09 11:11:00.000,1f61ee1c-611d-4fcd-87e7-50764ab9c39e,
34,,88.0,6,11,64,1,2,10,355,68,0,0,,15,,16,0,1020000,88,900000,79,,0,-1,2100000,10,14,18,26,84.0,2026-02-11 10:16:00.000,4.0,,2026-02-11 04:16:00.000,82800000,,,6,22,25200000,5,202,97.0,76,355,2,19,63070031,2026-02-11 04:16:00.000,,63070030,2026-02-11 10:31:38.539,2026-02-11 10:31:29.241,,,UTC-0300,hriiVjEkYE,,com.sec.android.app.shealth,2026-02-11 10:11:30.000,b9729d98-6f61-4d65-aaa7-114d2d9acdfe,
34,,95.0,6,44,104,2,5,19,446,85,0,0,,16,,16,0,840000,93,1800000,125,,0,-1,660000,10,16,18,26,97.0,2026-02-18 11:27:00.000,7.0,,2026-02-18 03:52:00.000,82800000,,,6,24,25200000,4,198,95.0,93,446,2,31,63070031,2026-02-18 03:52:00.000,,63070030,2026-02-18 11:57:44.446,2026-02-18 11:57:34.315,,,UTC-0300,hriiVjEkYE,,com.sec.android.app.shealth,2026-02-18 11:18:30.000,441e8b6f-18c1-4ec7-a605-9a71750f6764,
34,,83.0,6,19,61,2,7,28,385,74,0,6,,14,,16,0,1080000,83,780000,75,,0,-1,2580000,10,12,18,26,84.0,,12.0,,,82800000,,,6,21,25200000,3,221,93.0,73,385,2,20,63070031,2026-02-19 03:58:00.000,,63070030,2026-02-19 10:36:49.992,2026-02-19 10:36:40.649,,,UTC-0300,hriiVjEkYE,,com.sec.android.app.shealth,2026-02-19 10:23:00.000,8cfe3f4a-981a-4d37-a11d-eeb95d629ddd,
34,,96.0,6,23,96,8,6,36,537,68,0,4,,15,,16,0,840000,88,1680000,151,,0,-1,1740000,10,16,18,26,97.0,2026-02-21 13:13:00.000,19.0,,2026-02-21 04:06:00.000,82800000,,,6,22,25200000,7,254,93.0,89,537,2,30,63070031,2026-02-21 04:06:00.000,,63070030,2026-02-21 13:41:50.706,2026-02-21 13:41:39.238,,,UTC-0300,hriiVjEkYE,,com.sec.android.app.shealth,2026-02-21 13:03:30.000,1eaaa6ae-f6e9-46ed-a4be-bd9b5e2da70e,
34,,91.0,6,4,40,2,3,13,362,56,0,0,,15,,16,0,1200000,85,-1,95,,0,-1,2820000,10,11,18,26,70.0,,7.0,,,82800000,,,6,22,25200000,4,214,96.0,73,362,2,19,63070031,2026-02-22 03:33:00.000,,63070030,2026-02-23 15:58:48.509,2026-02-23 15:58:39.002,,,UTC-0300,hriiVjEkYE,,com.sec.android.app.shealth,2026-02-22 09:35:00.000,a3527ca2-8456-467c-8ed5-6d672dbd3c96,
34,,93.0,6,0,22,4,5,26,399,68,0,4,,8,,16,0,840000,69,0,110,,0,-1,8040000,10,0,18,26,57.0,2026-02-24 11:07:00.000,14.0,,2026-02-24 04:21:00.000,82800000,,,6,18,25200000,6,241,95.0,51,399,2,19,63070031,2026-02-24 04:21:00.000,,63070030,2026-02-24 11:08:16.236,2026-02-24 11:07:59.695,,,UTC-0300,hriiVjEkYE,,com.sec.android.app.shealth,2026-02-24 11:00:00.000,cea219be-55d4-4ffc-b49b-11fea37020d4,
34,,92.0,6,27,55,4,2,27,437,69,0,0,,16,,16,0,60000,91,1500000,104,,0,-1,600000,10,16,18,26,86.0,,12.0,,,82800000,,,6,23,25200000,4,251,93.0,91,437,2,30,63070031,2026-02-27 03:22:00.000,,63070030,2026-02-27 11:04:30.605,2026-02-27 11:04:21.301,,,UTC-0300,hriiVjEkYE,,com.sec.android.app.shealth,2026-02-27 10:39:00.000,05a4dc33-121d-4762-b58a-6df9b6167aec,
34,,92.0,6,28,93,3,3,18,405,91,0,0,,15,,16,0,900000,85,1200000,104,,0,-1,2880000,10,11,18,26,94.0,2026-03-02 10:05:00.000,8.0,,2026-03-02 03:13:00.000,82800000,,,6,22,25200000,3,190,95.0,79,405,2,25,63070031,2026-03-02 03:13:00.000,,63070030,2026-03-02 10:26:06.803,2026-03-02 10:25:58.672,,,UTC-0300,hriiVjEkYE,,com.sec.android.app.shealth,2026-03-02 09:58:00.000,8f5a08eb-627c-4a9e-abe8-5daff6fe856d,
34,,93.0,6,26,64,3,5,14,395,72,0,0,,16,,16,0,1020000,89,960000,107,,0,-1,1920000,10,15,18,26,87.0,2026-03-04 10:19:00.000,8.0,,2026-03-04 03:38:00.000,82800000,,,6,23,25200000,4,210,96.0,85,395,2,25,63070031,2026-03-04 03:38:00.000,,63070030,2026-03-04 10:35:19.685,2026-03-04 10:35:09.293,,,UTC-0300,hriiVjEkYE,,com.sec.android.app.shealth,2026-03-04 10:13:00.000,b6dec3cf-b8ae-499c-94cf-2bcf2990ebc4,
34,,97.0,6,40,114,5,16,40,570,105,0,0,,16,,16,0,1140000,92,1500000,155,,0,-1,120000,10,9,18,26,98.0,2026-03-07 12:36:00.000,12.0,,2026-03-07 02:57:00.000,82800000,,,6,24,25200000,3,261,92.0,86,570,2,31,63070031,2026-03-07 02:57:00.000,,63110130,2026-03-07 13:02:05.352,2026-03-07 13:01:53.382,,,UTC-0300,hriiVjEkYE,,com.sec.android.app.shealth,2026-03-07 12:27:00.000,9b53cd29-937e-49a0-bdda-4bac53c0fceb,
34,,84.0,6,17,48,2,5,17,367,68,0,0,,14,,16,0,1200000,81,1560000,72,,0,-1,3840000,10,7,18,26,76.0,,8.0,,,82800000,,,6,21,25200000,4,230,95.0,66,367,2,18,63070031,2026-03-10 04:00:00.000,,63110130,2026-03-10 10:34:01.994,2026-03-10 10:33:50.467,,,UTC-0300,hriiVjEkYE,,com.sec.android.app.shealth,2026-03-10 10:07:00.000,6756c06f-4d80-488d-8b21-2bbc8f44efd0,
34,,66.0,6,30,50,3,1,9,178,85,0,0,,13,,16,0,1020000,82,-1,35,,0,-1,1680000,10,16,18,26,53.0,,9.0,,,82800000,,,6,21,25200000,3,84,95.0,58,178,2,2,63100571,2026-03-11 04:02:00.000,,63110130,2026-03-11 23:22:05.438,2026-03-11 23:21:51.988,,,UTC-0300,hriiVjEkYE,,com.sec.android.app.shealth,2026-03-11 07:00:00.000,2040be5b-273c-461c-8058-b9c9fbccdea1,
34,,89.0,6,20,42,6,6,21,413,87,0,0,,15,,16,0,960000,86,1500000,89,,0,-1,2520000,10,12,18,26,77.0,,12.0,,,82800000,,,6,22,25200000,4,261,95.0,81,413,2,26,63100571,2026-03-12 03:12:00.000,,63110130,2026-03-12 10:30:49.201,2026-03-12 10:30:37.578,,,UTC-0300,hriiVjEkYE,,com.sec.android.app.shealth,2026-03-12 10:05:00.000,ee93b2a7-4aff-4cb7-a9ba-6019cf78c31f,
34,,90.0,6,31,40,4,5,33,388,92,0,9,,14,,16,0,960000,80,0,99,,0,-1,3060000,10,10,18,26,70.0,,15.0,,,82800000,,,6,21,25200000,5,216,92.0,70,388,2,19,63100571,2026-03-13 03:57:00.000,,63110130,2026-03-13 10:25:59.469,2026-03-13 10:25:50.724,,,UTC-0300,hriiVjEkYE,,com.sec.android.app.shealth,2026-03-13 10:25:00.000,edacfb5c-ae73-420e-89bb-496f28064178,
34,,93.0,6,2,48,4,3,24,382,59,0,0,,16,,16,0,1200000,90,1080000,107,,0,-1,720000,10,16,18,26,78.0,,13.0,,,82800000,,,6,23,25200000,3,203,93.0,83,382,2,22,63110011,2026-03-21 04:35:00.000,,63110130,2026-03-21 11:15:46.905,2026-03-21 11:15:32.235,,,UTC-0300,hriiVjEkYE,,com.sec.android.app.shealth,2026-03-21 10:57:00.000,32c5ef61-b2c7-4784-ada6-b2581a437581,
34,,93.0,6,18,68,6,5,33,459,91,0,3,,16,,16,0,900000,91,1500000,113,,0,-1,300000,10,15,18,26,91.0,2026-03-24 11:21:00.000,15.0,,2026-03-24 03:34:00.000,82800000,,,6,23,25200000,4,245,92.0,91,459,2,31,63110011,2026-03-24 03:34:00.000,,63110130,2026-03-24 11:46:25.846,2026-03-24 11:46:15.222,,,UTC-0300,hriiVjEkYE,,com.sec.android.app.shealth,2026-03-24 11:13:30.000,9995f766-e453-44f9-ba57-bc89eb8dee02,
34,,95.0,6,4,56,6,6,43,477,55,0,14,,15,,16,0,780000,84,1440000,130,,0,-1,2100000,10,14,18,26,87.0,2026-03-28 11:49:00.000,23.0,,2026-03-28 03:33:00.000,82800000,,,6,22,25200000,6,248,91.0,85,477,2,28,63110011,2026-03-28 03:33:00.000,,63130130,2026-03-28 12:14:00.440,2026-03-28 12:13:48.320,,,UTC-0300,hriiVjEkYE,,com.sec.android.app.shealth,2026-03-28 11:30:30.000,92d28263-0a4d-4a5e-8617-20ede66fe7cf,
34,,87.0,6,19,50,3,9,33,379,77,0,4,,14,,16,0,1020000,82,-1,87,,0,-1,2400000,10,13,18,26,78.0,,14.0,,,82800000,,,6,21,25200000,5,209,92.0,72,379,2,18,63110011,2026-03-29 04:25:00.000,,63130130,2026-03-30 03:39:51.490,2026-03-30 03:39:36.419,,,UTC-0300,hriiVjEkYE,,com.sec.android.app.shealth,2026-03-29 10:44:00.000,9d5762d6-9067-4e8a-995b-ca7beeeec569,
34,,80.0,6,26,52,5,5,30,380,107,0,5,,15,,16,0,1200000,88,1500000,67,,0,-1,900000,10,16,18,26,79.0,,14.0,,,82800000,,,6,22,25200000,3,231,92.0,79,380,2,20,63110011,2026-03-30 03:54:00.000,,63130130,2026-03-30 10:40:07.469,2026-03-30 10:39:56.224,,,UTC-0300,hriiVjEkYE,,com.sec.android.app.shealth,2026-03-30 10:14:00.000,b28193f9-7adf-431a-8a73-65ed65e7624f,
34,,86.0,6,10,41,4,4,23,371,76,0,0,,15,,16,0,840000,86,1200000,80,,0,-1,1800000,10,16,18,26,71.0,,11.0,,,82800000,,,6,22,25200000,3,227,94.0,78,371,2,19,63110011,2026-03-31 03:59:00.000,,63130130,2026-03-31 10:31:08.524,2026-03-31 10:30:57.630,,,UTC-0300,hriiVjEkYE,,com.sec.android.app.shealth,2026-03-31 10:10:00.000,c626f51a-c61d-4a3d-8fb1-f8e097999838,
34,,32.0,6,1,1,1,0,7,91,58,0,0,,0,,16,0,1020000,47,1800000,11,,0,-1,4980000,10,4,18,26,7.0,,11.0,,,82800000,,,6,9,25200000,1,72,95.0,20,91,2,1,63110011,2026-04-03 20:50:00.000,,63130130,2026-04-03 22:52:01.353,2026-04-03 22:51:57.229,,,UTC-0300,hriiVjEkYE,,com.sec.android.app.shealth,2026-04-03 22:21:00.000,7baa7580-e239-4c86-b422-0024f0c6fc08,
34,,97.0,6,23,122,3,13,56,637,87,0,21,,15,,16,0,960000,87,1680000,168,,0,-1,1560000,10,16,18,26,99.0,2026-04-05 14:27:00.000,16.0,,2026-04-05 03:44:00.000,82800000,,,6,22,25200000,5,291,91.0,85,637,2,26,63110011,2026-04-05 03:44:00.000,,63130130,2026-04-05 14:55:31.532,2026-04-05 14:55:21.261,,,UTC-0300,hriiVjEkYE,,com.sec.android.app.shealth,2026-04-05 14:21:30.000,92ee80dd-89ab-434f-b4f5-3614348830f9,
34,,80.0,6,37,58,3,4,18,326,87,0,0,,15,,16,0,960000,87,1500000,64,,0,-1,1560000,10,16,18,26,79.0,,10.0,,,82800000,,,6,22,25200000,4,186,94.0,71,326,2,12,63110011,2026-04-06 04:33:00.000,,63130130,2026-04-06 10:24:58.086,2026-04-06 10:24:50.304,,,UTC-0300,hriiVjEkYE,,com.sec.android.app.shealth,2026-04-06 09:59:00.000,2f43c20f-af9b-4ff2-ab98-dde069fd47a0,
34,,92.0,6,14,56,5,3,16,346,88,0,0,,15,,16,0,780000,84,1560000,96,,0,-1,2580000,10,12,18,26,79.0,,10.0,,,82800000,,,6,22,25200000,3,178,95.0,70,346,2,15,63110011,2026-04-08 03:59:00.000,,63130130,2026-04-08 10:11:11.210,2026-04-08 10:11:00.282,,,UTC-0300,hriiVjEkYE,,com.sec.android.app.shealth,2026-04-08 09:45:00.000,e5ce4d11-36dc-4b46-a0f5-106e2ec07852,
34,,97.0,6,24,125,3,4,28,538,69,0,6,,16,,16,0,900000,93,1500000,150,,0,-1,480000,10,16,18,26,98.0,,11.0,,,82800000,,,6,24,25200000,8,235,94.0,93,538,2,31,63110011,2026-04-12 04:24:00.000,,63130130,2026-04-12 13:48:26.806,2026-04-12 13:48:15.692,,,UTC-0300,hriiVjEkYE,,com.sec.android.app.shealth,2026-04-12 13:22:00.000,f91faf15-a13f-4b2b-a235-a53148f4f6a1,
34,,91.0,6,20,84,2,2,20,362,67,0,0,,15,,16,0,1020000,91,1680000,94,,0,-1,780000,10,16,18,26,91.0,,9.0,,,82800000,,,6,23,25200000,4,164,94.0,79,362,2,19,63110011,2026-04-16 04:13:00.000,,63130130,2026-04-16 10:43:57.179,2026-04-16 10:43:48.199,,,UTC-0300,hriiVjEkYE,,com.sec.android.app.shealth,2026-04-16 10:15:00.000,c4f569a0-6373-49ca-9789-65a7c1d02d83,
34,,93.0,6,16,84,1,4,22,404,49,0,0,,16,,16,0,1020000,92,1140000,109,,0,-1,480000,10,16,18,26,93.0,2026-04-17 10:11:00.000,9.0,,2026-04-17 03:22:00.000,82800000,,,6,24,25200000,5,189,94.0,88,404,2,26,63110011,2026-04-17 03:22:00.000,,63130130,2026-04-17 10:30:47.639,2026-04-17 10:30:37.230,,,UTC-0300,hriiVjEkYE,,com.sec.android.app.shealth,2026-04-17 10:06:30.000,c709bd13-6097-4cd5-91ee-33bde96ae540,
34,,88.0,6,17,58,4,1,30,407,75,0,12,,15,,16,0,900000,86,1560000,87,,0,-1,1680000,10,16,18,26,83.0,,17.0,,,82800000,,,6,22,25200000,4,232,92.0,83,407,2,24,63110011,2026-04-20 04:20:00.000,,63130130,2026-04-20 11:33:30.288,2026-04-20 11:33:21.577,,,UTC-0300,hriiVjEkYE,,com.sec.android.app.shealth,2026-04-20 11:07:00.000,25cd1a20-997a-4c7f-85fd-10e3a6f07a4c,
34,,95.0,6,48,116,4,5,28,540,97,0,7,,15,,16,0,1020000,86,-1,130,,0,-1,3180000,10,10,18,26,98.0,,11.0,,,82800000,,,6,22,25200000,5,266,95.0,82,540,2,29,63110011,2026-04-21 04:07:00.000,,63200010,2026-04-23 03:26:29.769,2026-04-23 03:26:07.039,,,UTC-0300,hriiVjEkYE,,com.sec.android.app.shealth,2026-04-21 13:07:00.000,62739753-414c-4926-a13c-b7259daa072c,
34,,88.0,6,31,64,3,4,24,373,86,0,6,,15,,16,0,840000,85,540000,86,,0,-1,2100000,10,14,18,26,84.0,2026-04-23 10:29:00.000,12.0,,2026-04-23 04:01:00.000,82800000,,,6,22,25200000,4,199,94.0,76,373,2,19,63110011,2026-04-23 04:01:00.000,,63200010,2026-04-23 10:38:43.062,2026-04-23 10:38:32.238,,,UTC-0300,hriiVjEkYE,,com.sec.android.app.shealth,2026-04-23 10:14:30.000,7d70d9c3-4595-4910-a84f-febdbfe6b6b6,
34,,89.0,6,16,42,3,0,24,360,69,0,3,,16,,16,0,900000,91,1740000,88,,0,-1,420000,10,16,18,26,70.0,,12.0,,,82800000,,,6,23,25200000,3,206,93.0,79,360,2,18,63110011,2026-04-24 04:04:00.000,,63200010,2026-04-24 10:33:37.359,2026-04-24 10:33:27.186,,,UTC-0300,hriiVjEkYE,,com.sec.android.app.shealth,2026-04-24 10:04:00.000,317d3f1a-fbef-4af8-b8f4-867fbf883646,
34,,93.0,6,35,61,2,5,24,424,95,0,0,,15,,16,0,960000,86,840000,110,,0,-1,2460000,10,13,18,26,88.0,,8.0,,,82800000,,,6,22,25200000,3,229,94.0,83,424,2,27,63200011,2026-05-08 03:15:00.000,,63200010,2026-05-08 10:35:10.704,2026-05-08 10:35:01.323,,,UTC-0300,hriiVjEkYE,,com.sec.android.app.shealth,2026-05-08 10:19:00.000,35679911-961c-40c3-981c-8363cd2edb10,
34,,95.0,6,31,81,3,6,36,455,81,0,14,,15,,16,0,960000,85,1080000,134,,0,-1,1920000,10,15,18,26,93.0,,15.0,,,82800000,,,6,22,25200000,5,204,92.0,87,455,2,29,63200011,2026-05-14 02:36:00.000,,63200010,2026-05-14 10:30:04.759,2026-05-14 10:29:53.714,,,UTC-0300,hriiVjEkYE,,com.sec.android.app.shealth,2026-05-14 10:11:00.000,1afb088b-6e17-406c-ab2b-0b152a80842b,
34,,97.0,6,34,150,4,11,28,548,74,0,0,,15,,16,0,840000,90,900000,173,,0,-1,1380000,10,16,18,26,99.0,,11.0,,,82800000,,,6,23,25200000,5,197,95.0,90,548,2,30,63200011,2026-05-24 05:33:00.000,,63200010,2026-05-24 15:12:17.264,2026-05-24 14:56:21.767,,,UTC-0300,hriiVjEkYE,,com.sec.android.app.shealth,2026-05-24 14:41:00.000,ace432b4-20e9-460f-99ea-01479425000b,
34,,58.0,6,39,45,5,2,11,212,103,0,0,,14,,16,0,960000,81,-1,33,,0,-1,1980000,10,15,18,26,53.0,,10.0,,,82800000,,,6,18,25200000,3,123,95.0,56,212,2,3,63200011,2026-05-25 03:48:00.000,,63200010,2026-05-31 23:17:34.582,2026-05-31 23:17:22.790,,,UTC-0300,hriiVjEkYE,,com.sec.android.app.shealth,2026-05-25 07:20:00.000,9335c66d-2bae-42f7-be02-e8db3d5efd23,
34,,84.0,6,29,79,0,0,17,308,87,0,0,,15,,16,0,840000,90,720000,71,,0,-1,780000,10,16,18,26,87.0,,6.0,,,82800000,,,6,23,25200000,2,141,94.0,70,308,2,10,63200011,2026-06-01 05:10:00.000,,63200010,2026-06-01 10:30:26.078,2026-06-01 10:30:08.280,,,UTC-0300,hriiVjEkYE,,com.sec.android.app.shealth,2026-06-01 10:18:00.000,a2c6cccd-6d09-4bbd-9748-3db6d3ccc4da,
34,,88.0,6,30,89,1,4,28,393,77,0,3,,15,,16,0,1200000,88,1380000,87,,0,-1,1140000,10,16,18,26,93.0,,10.0,,,82800000,,,6,23,25200000,4,189,93.0,82,393,2,22,63200011,2026-06-08 03:44:00.000,,63200010,2026-06-08 10:40:44.702,2026-06-08 10:40:36.239,,,UTC-0300,hriiVjEkYE,,com.sec.android.app.shealth,2026-06-08 10:17:00.000,78f5b82c-4925-4c06-8956-9aa1f6195f33,
34,,89.0,6,29,68,3,2,23,372,92,0,7,,16,,16,0,1080000,90,360000,88,,0,-1,720000,10,16,18,26,86.0,2026-06-10 10:45:00.000,12.0,,2026-06-10 04:14:00.000,82800000,,,6,23,25200000,4,193,93.0,81,372,2,20,63200011,2026-06-10 04:14:00.000,,63200010,2026-06-10 10:51:34.933,2026-06-10 10:51:24.302,,,UTC-0300,hriiVjEkYE,,com.sec.android.app.shealth,2026-06-10 10:26:00.000,ad5a19d8-39cc-47ce-a0fa-a38514649777,
34,,92.0,6,32,62,6,6,22,337,105,0,4,,15,,16,0,960000,84,1800000,99,,0,-1,2160000,10,14,18,26,81.0,2026-06-11 10:08:00.000,14.0,,2026-06-11 04:20:00.000,82800000,,,6,21,25200000,3,154,93.0,69,337,2,13,63200011,2026-06-11 04:20:00.000,,63200010,2026-06-11 10:38:27.320,2026-06-11 10:38:17.611,,,UTC-0300,hriiVjEkYE,,com.sec.android.app.shealth,2026-06-11 09:57:30.000,ec949b8d-d768-45a0-98df-64553420e904,
34,,88.0,6,15,73,2,1,23,355,87,0,0,,15,,16,0,1200000,85,1200000,84,,0,-1,2100000,10,14,18,26,88.0,,9.0,,,82800000,,,6,22,25200000,3,175,94.0,73,355,2,16,63200011,2026-06-23 04:19:00.000,,63200010,2026-06-23 10:34:47.105,2026-06-23 10:34:38.274,,,UTC-0300,hriiVjEkYE,,com.sec.android.app.shealth,2026-06-23 10:14:00.000,32fed418-eaba-4fd0-8d61-f5eef9e30a7c,
34,,66.0,6,0,26,1,1,11,242,21,0,0,,12,,16,0,1200000,67,420000,41,,0,-1,5880000,10,3,18,26,39.0,,9.0,,,82800000,,,6,16,25200000,2,164,96.0,40,242,2,3,63200011,2026-07-07 05:48:00.000,,70001070,2026-07-07 09:57:18.483,2026-07-07 09:57:08.259,,,UTC-0300,hriiVjEkYE,,com.sec.android.app.shealth,2026-07-07 09:50:00.000,b14b8bbb-d6fd-431b-a080-b5e72fc378d4,
34,,32.0,4,0,1,5,1,38,190,56,0,20,,1,,16,0,1200000,73,540000,20,,0,-1,960000,10,16,18,26,13.0,2026-07-07 13:26:00.000,39.0,,2026-07-07 10:06:00.000,82800000,,,6,13,25200000,2,131,81.0,36,190,2,2,63200011,2026-07-07 10:06:00.000,,70001070,2026-07-07 13:35:28.986,2026-07-07 13:35:19.429,,,UTC-0300,hriiVjEkYE,,com.sec.android.app.shealth,2026-07-07 13:16:00.000,255b3fa4-6da3-4b73-a6e4-aeec3283643c,
34,,95.0,6,24,108,6,7,36,522,65,0,10,,15,,16,0,780000,86,1560000,127,,0,-1,2520000,10,12,18,26,97.0,2026-07-08 13:24:00.000,19.0,,2026-07-08 04:19:00.000,82800000,,,6,22,25200000,7,251,93.0,84,522,2,29,63200011,2026-07-08 04:19:00.000,,70001070,2026-07-08 13:50:22.428,2026-07-08 13:50:12.474,,,UTC-0300,hriiVjEkYE,,com.sec.android.app.shealth,2026-07-08 13:01:30.000,b8036622-196d-4fc9-9ae3-cbc80f81880b,
34,,64.0,6,36,87,2,1,18,304,89,0,3,,13,,16,0,840000,83,360000,42,,0,-1,2400000,10,13,18,26,89.0,,10.0,,,82800000,,,6,17,25200000,3,157,94.0,58,304,2,9,63200011,2026-07-10 03:47:00.000,,70001070,2026-07-10 08:57:42.408,2026-07-10 08:57:34.274,,,UTC-0300,hriiVjEkYE,,com.sec.android.app.shealth,2026-07-10 08:51:00.000,760ee22e-af6b-450d-9ea2-a701e74ae68d,
34,,95.0,6,22,112,1,7,18,418,87,0,0,,15,,16,0,1020000,91,1080000,124,,0,-1,1080000,10,16,18,26,97.0,2026-07-11 13:02:00.000,5.0,,2026-07-11 05:42:00.000,82800000,,,6,23,25200000,4,164,95.0,89,418,2,29,63200011,2026-07-11 05:42:00.000,,70001070,2026-07-11 13:20:25.785,2026-07-11 13:20:16.275,,,UTC-0300,hriiVjEkYE,,com.sec.android.app.shealth,2026-07-11 12:40:30.000,72a1733b-3128-4ef4-8b28-57fd48d5fb25,
34,,87.0,6,39,84,2,2,27,389,91,0,8,,15,,16,0,1020000,88,300000,83,,0,-1,1320000,10,16,18,26,92.0,,11.0,,,82800000,,,6,22,25200000,3,195,93.0,81,389,2,22,63200011,2026-07-13 03:54:00.000,,70050090,2026-07-13 10:28:41.897,2026-07-13 10:28:30.651,,,UTC-0300,hriiVjEkYE,,com.sec.android.app.shealth,2026-07-13 10:23:00.000,948f35cd-b8a2-4242-adad-678b5e6fc884,
34,,83.0,6,17,62,1,2,13,276,68,0,6,,14,,16,0,960000,84,1200000,64,,0,-1,2040000,10,14,18,26,74.0,,9.0,,,82800000,,,6,22,25200000,3,137,95.0,62,276,2,6,63200011,2026-07-15 03:33:00.000,,70050090,2026-07-15 08:29:20.792,2026-07-15 08:29:10.345,,,UTC-0300,hriiVjEkYE,,com.sec.android.app.shealth,2026-07-15 08:09:00.000,94694b2d-62d7-4279-84ba-3a6f7c35a1a2,
34,,91.0,6,25,87,7,4,42,478,62,0,13,,15,,16,0,900000,87,480000,103,,0,-1,1080000,10,16,18,26,95.0,,24.0,,,82800000,,,6,22,25200000,5,246,91.0,88,478,2,29,63200011,2026-07-19 04:21:00.000,,70050090,2026-07-19 12:27:53.860,2026-07-19 12:27:45.228,,,UTC-0300,hriiVjEkYE,,com.sec.android.app.shealth,2026-07-19 12:19:00.000,b773eba0-6c4d-4979-8f93-97423cb02796,
34,,80.0,6,29,82,4,0,21,325,81,0,6,,15,,16,0,1140000,87,1440000,64,,0,-1,1380000,10,16,18,26,88.0,,13.0,,,82800000,,,6,22,25200000,3,158,93.0,71,325,2,12,63200011,2026-07-21 04:19:00.000,,70050090,2026-07-21 10:08:49.505,2026-07-21 10:08:40.229,,,UTC-0300,hriiVjEkYE,,com.sec.android.app.shealth,2026-07-21 09:44:00.000,f78a4c07-9e51-457f-947f-fb2fffedfa62,
34,,96.0,6,21,90,1,8,27,479,70,0,0,,16,,16,0,1080000,90,1740000,138,,0,-1,1080000,10,16,18,26,96.0,,7.0,,,82800000,,,6,23,25200000,4,224,94.0,91,479,2,30,63200011,2026-07-22 03:21:00.000,,70050090,2026-07-22 11:49:16.452,2026-07-22 11:49:06.226,,,UTC-0300,hriiVjEkYE,,com.sec.android.app.shealth,2026-07-22 11:20:00.000,d8a006c9-49ba-4e3c-b859-8697aa1a211a,
34,,85.0,6,16,40,3,1,12,337,61,0,0,,15,,16,0,960000,85,-1,71,,0,-1,2580000,10,12,18,26,67.0,,9.0,,,82800000,,,6,22,25200000,4,214,96.0,70,337,2,15,63200011,2026-07-25 03:46:00.000,,70050090,2026-07-25 20:47:09.233,2026-07-25 20:46:49.421,,,UTC-0300,hriiVjEkYE,,com.sec.android.app.shealth,2026-07-25 09:23:00.000,04dc8454-daf1-43fa-b8d4-b1cfe3983193,
34,,99.0,6,68,141,6,2,14,634,212,0,0,,16,,16,0,1080000,95,1500000,244,,0,-1,960000,10,16,18,26,99.0,2026-07-26 13:33:00.000,5.0,,2026-07-26 02:31:00.000,82800000,,,6,22,25200000,5,235,97.0,85,634,2,25,63200011,2026-07-26 02:31:00.000,,70050090,2026-07-26 13:58:57.661,2026-07-26 13:58:31.302,,,UTC-0300,hriiVjEkYE,,com.sec.android.app.shealth,2026-07-26 13:05:30.000,d6650265-536e-4c72-b5f1-5acd3527b2cd,
34,,88.0,6,21,73,4,1,12,349,70,0,0,,15,,16,0,780000,84,360000,81,,0,-1,2940000,10,11,18,26,87.0,2026-07-28 09:57:00.000,9.0,,2026-07-28 04:01:00.000,82800000,,,6,21,25200000,3,183,96.0,70,349,2,17,63200011,2026-07-28 04:01:00.000,,70050090,2026-07-28 10:03:48.614,2026-07-28 10:03:39.321,,,UTC-0300,hriiVjEkYE,,com.sec.android.app.shealth,2026-07-28 09:50:30.000,9a47b12c-f7a3-4abf-a3a3-a44b21383c78,
34,,90.0,6,1,35,2,3,15,340,55,0,0,,14,,16,0,780000,82,420000,89,,0,-1,3120000,10,10,18,26,62.0,2026-07-30 09:48:00.000,9.0,,2026-07-30 04:03:00.000,82800000,,,6,21,25200000,3,201,96.0,65,340,2,14,63200011,2026-07-30 04:03:00.000,,70050090,2026-07-30 09:55:49.438,2026-07-30 09:55:39.242,,,UTC-0300,hriiVjEkYE,,com.sec.android.app.shealth,2026-07-30 09:43:00.000,aafe1786-b76a-45f8-812e-fc57412cdc00,
34,,55.0,5,8,8,5,1,14,115,89,0,10,,12,,16,0,840000,76,0,22,,0,-1,1020000,10,16,18,26,10.0,,27.0,,,82800000,,,6,19,25200000,1,71,89.0,53,115,2,1,63200011,2026-08-01 19:47:00.000,,70050090,2026-08-01 21:43:03.073,2026-08-01 21:42:55.413,,,UTC-0300,hriiVjEkYE,,com.sec.android.app.shealth,2026-08-01 21:42:00.000,437c08cd-9d95-4f80-92e6-32feab970f25,
34,,95.0,6,52,121,0,6,23,442,97,0,9,,15,,16,0,840000,93,1500000,128,,0,-1,240000,10,14,18,26,97.0,2026-08-02 15:46:00.000,8.0,,2026-08-02 08:09:00.000,82800000,,,6,24,25200000,3,170,94.0,90,442,2,31,70001311,2026-08-02 08:09:00.000,,70060030,2026-08-02 17:42:01.715,2026-08-02 16:11:16.304,,,UTC-0300,hriiVjEkYE,,com.sec.android.app.shealth,2026-08-02 15:31:00.000,23491b0b-46fe-472c-b55b-fd0f1f6f9a63,
34,,90.0,6,27,67,1,5,42,425,75,0,19,,15,,16,0,1140000,83,300000,98,,0,-1,1980000,10,15,18,26,87.0,2026-08-06 10:40:00.000,16.0,,2026-08-06 03:30:00.000,82800000,,,6,21,25200000,4,218,90.0,81,425,2,24,70001311,2026-08-06 03:30:00.000,,70060030,2026-08-06 10:45:56.275,2026-08-06 10:45:44.283,,,UTC-0300,hriiVjEkYE,,com.sec.android.app.shealth,2026-08-06 10:35:00.000,dbb2da23-e3ac-450b-adcd-c15ae069c6b9,
34,,90.0,6,15,64,1,5,25,393,67,0,0,,16,,16,0,1200000,90,1680000,93,,0,-1,720000,10,16,18,26,87.0,,8.0,,,82800000,,,6,23,25200000,5,211,93.0,85,393,2,24,70001311,2026-08-07 04:14:00.000,,70060030,2026-08-07 11:15:36.450,2026-08-07 11:15:23.310,,,UTC-0300,hriiVjEkYE,,com.sec.android.app.shealth,2026-08-07 10:47:00.000,fa9721e4-0130-4e12-90c2-32fb3596cf2d,
34,,98.0,6,41,142,15,5,46,633,114,0,21,,15,,16,0,1200000,90,720000,177,,0,-1,1140000,10,16,18,26,99.0,2026-08-08 13:18:00.000,24.0,,2026-08-08 02:40:00.000,82800000,,,6,23,25200000,6,268,92.0,87,633,2,27,70001311,2026-08-08 02:40:00.000,,70060030,2026-08-08 13:30:19.428,2026-08-08 13:30:04.517,,,UTC-0300,hriiVjEkYE,,com.sec.android.app.shealth,2026-08-08 13:13:00.000,794d6fbc-ba92-4f4a-8310-58b95b4476c6,
34,,90.0,6,32,73,3,2,12,357,81,0,0,,15,,16,0,840000,85,1620000,87,,0,-1,2880000,10,11,18,26,88.0,,7.0,,,82800000,,,6,22,25200000,4,185,97.0,72,357,2,18,70001311,2026-08-11 03:57:00.000,,70060030,2026-08-11 10:21:36.495,2026-08-11 10:21:25.318,,,UTC-0300,hriiVjEkYE,,com.sec.android.app.shealth,2026-08-11 09:54:00.000,c551a95b-954f-4ec6-9d0e-4fd937c455ad,
34,,92.0,6,30,80,1,4,14,333,81,0,0,,15,,16,0,780000,90,1800000,94,,0,-1,1140000,10,16,18,26,89.0,,6.0,,,82800000,,,6,23,25200000,4,145,96.0,75,333,2,15,70001311,2026-08-12 04:22:00.000,,70060030,2026-08-12 10:25:18.312,2026-08-12 10:25:06.281,,,UTC-0300,hriiVjEkYE,,com.sec.android.app.shealth,2026-08-12 09:55:00.000,4958ba96-7be5-4668-aa84-17ed5f863a92,
34,,89.0,6,25,71,2,4,20,365,90,0,0,,14,,16,0,1200000,82,540000,89,,0,-1,3240000,10,9,18,26,88.0,,8.0,,,82800000,,,6,21,25200000,3,185,95.0,67,365,2,17,70001311,2026-08-17 04:19:00.000,,70060030,2026-08-17 10:33:52.909,2026-08-17 10:33:42.491,,,UTC-0300,hriiVjEkYE,,com.sec.android.app.shealth,2026-08-17 10:24:00.000,d7da4475-0a16-4b4d-837d-1a7f1b8e91b5,
34,,87.0,6,10,51,1,1,22,358,55,0,3,,12,,16,0,960000,70,1020000,82,,0,-1,7140000,10,1,18,26,76.0,,9.0,,,82800000,,,6,18,25200000,3,203,95.0,51,358,2,14,70001311,2026-08-19 04:20:00.000,,70060030,2026-08-19 10:35:56.246,2026-08-19 10:35:46.511,,,UTC-0300,hriiVjEkYE,,com.sec.android.app.shealth,2026-08-19 10:18:00.000,7ef2da4a-e77e-4061-bf7e-1c1d2749bae2,
34,,92.0,6,16,74,5,4,24,412,88,0,0,,16,,16,0,1020000,89,600000,104,,0,-1,1260000,10,16,18,26,91.0,2026-08-20 10:30:00.000,12.0,,2026-08-20 03:32:00.000,82800000,,,6,23,25200000,3,210,94.0,87,412,2,26,70001311,2026-08-20 03:32:00.000,,70060030,2026-08-20 10:40:53.367,2026-08-20 10:40:40.294,,,UTC-0300,hriiVjEkYE,,com.sec.android.app.shealth,2026-08-20 10:24:30.000,b997c377-6a36-490d-aa4f-e39d3d44907b,
34,,95.0,6,33,78,5,4,19,461,104,0,0,,16,,16,0,1020000,93,660000,122,,0,-1,840000,10,16,18,26,94.0,2026-08-24 10:21:00.000,9.0,,2026-08-24 02:34:00.000,82800000,,,6,24,25200000,4,242,96.0,93,461,2,31,70001311,2026-08-24 02:34:00.000,,70060030,2026-08-24 10:32:42.190,2026-08-24 10:32:30.336,,,UTC-0300,hriiVjEkYE,,com.sec.android.app.shealth,2026-08-24 10:15:30.000,1ef3f83b-252a-4220-8066-ef6ce34c8c16,
34,,91.0,6,18,77,5,5,25,426,91,0,0,,14,,16,0,960000,80,600000,102,,0,-1,4260000,10,6,18,26,92.0,,12.0,,,82800000,,,6,20,25200000,4,222,94.0,71,426,2,25,70001311,2026-08-31 03:15:00.000,,70060030,2026-08-31 10:31:26.873,2026-08-31 10:31:15.612,,,UTC-0300,hriiVjEkYE,,com.sec.android.app.shealth,2026-08-31 10:21:00.000,85b417ab-8077-4434-a9d9-a66a6075a1e8,
34,,94.0,6,37,106,1,2,20,428,82,0,3,,16,,16,0,960000,94,1500000,120,,0,-1,240000,10,14,18,26,96.0,2026-09-05 14:43:00.000,7.0,,2026-09-05 07:17:00.000,82800000,,,6,24,25200000,5,182,95.0,90,428,2,30,70001311,2026-09-05 07:17:00.000,,70060030,2026-09-05 15:08:26.784,2026-09-05 15:08:16.254,,,UTC-0300,hriiVjEkYE,,com.sec.android.app.shealth,2026-09-05 14:25:30.000,0f6d337b-88d2-4454-aa40-36b9faac1cd8,
34,,97.0,6,17,161,4,6,57,656,68,0,26,,15,,16,0,900000,90,1620000,173,,0,-1,240000,10,14,18,26,99.0,,19.0,,,82800000,,,6,23,25200000,7,265,91.0,84,656,2,26,70001311,2026-09-08 04:18:00.000,,70060030,2026-09-08 15:43:13.062,2026-09-08 15:43:00.443,,,UTC-0300,hriiVjEkYE,,com.sec.android.app.shealth,2026-09-08 15:14:00.000,3c7d244a-dbac-4bff-9d3f-01de6cc581f5,
34,,84.0,6,31,86,2,1,19,336,82,0,0,,15,,16,0,780000,91,300000,71,,0,-1,660000,10,16,18,26,91.0,2026-09-09 10:29:00.000,8.0,,2026-09-09 04:48:00.000,82800000,,,6,23,25200000,4,160,94.0,74,336,2,14,70001311,2026-09-09 04:48:00.000,,70060110,2026-09-09 10:34:26.046,2026-09-09 10:34:03.775,,,UTC-0300,hriiVjEkYE,,com.sec.android.app.shealth,2026-09-09 10:24:30.000,74990629-2215-4ea6-b1f8-b53711fe86ca,
34,,90.0,6,21,76,1,5,18,360,72,0,0,,15,,16,0,1140000,87,900000,91,,0,-1,1920000,10,15,18,26,89.0,2026-09-10 10:33:00.000,7.0,,2026-09-10 04:24:00.000,82800000,,,6,22,25200000,3,175,95.0,76,360,2,18,70001311,2026-09-10 04:24:00.000,,70060110,2026-09-10 10:48:55.512,2026-09-10 10:48:45.454,,,UTC-0300,hriiVjEkYE,,com.sec.android.app.shealth,2026-09-10 10:24:30.000,b4ea5cd1-e70e-422f-95ef-f6af89197d03,
34,,98.0,6,31,118,5,3,26,551,90,0,3,,16,,16,0,1020000,94,1140000,176,,0,-1,420000,10,16,18,26,98.0,2026-09-13 12:50:00.000,11.0,,2026-09-13 03:30:00.000,82800000,,,6,23,25200000,7,231,95.0,92,551,2,31,70001311,2026-09-13 03:30:00.000,,70060110,2026-09-13 13:09:44.475,2026-09-13 13:09:34.313,,,UTC-0300,hriiVjEkYE,,com.sec.android.app.shealth,2026-09-13 12:41:30.000,3790afaa-833d-4a85-9766-d15ae4a5d86d,
34,,95.0,6,31,84,0,3,12,409,75,0,0,,15,,16,0,1200000,86,1260000,119,,0,-1,3060000,10,10,18,26,93.0,2026-09-14 09:49:00.000,4.0,,2026-09-14 02:32:00.000,82800000,,,6,22,25200000,4,194,97.0,79,409,2,26,70001311,2026-09-14 02:32:00.000,,70060110,2026-09-14 10:10:50.278,2026-09-14 10:10:32.708,,,UTC-0300,hriiVjEkYE,,com.sec.android.app.shealth,2026-09-14 09:21:00.000,e7e634ba-0bb4-411f-bfcc-8e0937b33a42,
34,,92.0,6,28,96,2,1,18,374,75,0,0,,15,,16,0,1020000,92,1320000,103,,0,-1,720000,10,16,18,26,94.0,,8.0,,,82800000,,,6,23,25200000,4,157,95.0,82,374,2,22,70001311,2026-09-15 04:05:00.000,,70060110,2026-09-15 10:41:38.151,2026-09-15 10:41:26.217,,,UTC-0300,hriiVjEkYE,,com.sec.android.app.shealth,2026-09-15 10:19:00.000,d1b1d4bd-2f72-415d-a2c2-392730282c8e,
34,,93.0,6,21,69,2,4,19,386,64,0,0,,15,,16,0,960000,86,0,105,,0,-1,2340000,10,13,18,26,88.0,2026-09-16 10:37:00.000,8.0,,2026-09-16 03:55:00.000,82800000,,,6,22,25200000,4,193,95.0,78,386,2,22,70001311,2026-09-16 03:55:00.000,,70060110,2026-09-16 10:38:11.065,2026-09-16 10:37:48.529,,,UTC-0300,hriiVjEkYE,,com.sec.android.app.shealth,2026-09-16 10:21:00.000,74cfa258-1c3c-4880-be96-4074a3a66ddc,
34,,94.0,6,29,75,11,6,41,448,111,0,17,,16,,16,0,1200000,89,300000,125,,0,-1,480000,10,16,18,26,91.0,2026-09-17 10:41:00.000,23.0,,2026-09-17 03:08:00.000,82800000,,,6,23,25200000,5,207,90.0,90,448,2,29,70001311,2026-09-17 03:08:00.000,,70060110,2026-09-17 10:46:36.828,2026-09-17 10:46:17.885,,,UTC-0300,hriiVjEkYE,,com.sec.android.app.shealth,2026-09-17 10:36:00.000,60e13159-c6df-49ae-a330-87877d864106,
34,,43.0,5,4,31,3,1,23,188,63,0,10,,13,,16,0,900000,75,300000,25,,0,-1,1800000,10,16,18,26,33.0,,23.0,,,82800000,,,6,15,25200000,2,109,89.0,51,188,2,2,70001311,2026-09-18 04:57:00.000,,70060110,2026-09-18 08:10:43.715,2026-09-18 08:10:36.221,,,UTC-0300,hriiVjEkYE,,com.sec.android.app.shealth,2026-09-18 08:05:00.000,196b3609-62f2-4c47-b18f-d04bddf34fd5,
34,,98.0,6,45,135,2,4,11,500,107,0,0,,15,,16,0,900000,91,0,169,,0,-1,2040000,10,14,18,26,98.0,2026-09-19 14:38:00.000,4.0,,2026-09-19 05:55:00.000,82800000,,,6,22,25200000,5,185,97.0,88,500,2,31,70001311,2026-09-19 05:55:00.000,,70060110,2026-09-19 14:38:43.175,2026-09-19 14:38:13.462,,,UTC-0300,hriiVjEkYE,,com.sec.android.app.shealth,2026-09-19 14:15:30.000,8b24c2dd-b516-45a3-bdcf-3830407238ca,
34,,96.0,6,38,123,2,2,48,515,82,0,29,,15,,16,0,960000,87,1440000,146,,0,-1,1140000,10,16,18,26,98.0,2026-09-20 14:16:00.000,18.0,,2026-09-20 05:30:00.000,82800000,,,6,22,25200000,6,198,90.0,88,515,2,29,70001311,2026-09-20 05:30:00.000,,70060110,2026-09-20 14:40:55.939,2026-09-20 14:40:43.586,,,UTC-0300,hriiVjEkYE,,com.sec.android.app.shealth,2026-09-20 14:05:30.000,7708e027-ac99-4b66-b11e-9ba462442640,
